ISO-10303-21;
HEADER;
/****************************************************************
 * Generated by software with PDElib inside                    *
 * PDElib Version v51a, created Fri 09/10/2010                  *
 * ITI Transcendata (http://www.transcendata.com/)              *
 ****************************************************************/
FILE_DESCRIPTION((' '),'2;1');
FILE_NAME('P:\\E-Switch Secure\\3D_MODELS_STP_FORMAT\\LP6OA1ASxx.stp','2017-07-31T09:28:12',(' '),(' '),' ','ACIS',' ');
FILE_SCHEMA(('CONFIG_CONTROL_DESIGN'));
ENDSEC;
DATA;
#5=APPLICATION_CONTEXT('configuration controlled 3D designs of mechanical parts and assemblies');
#6=APPLICATION_PROTOCOL_DEFINITION('International Standard','config_control_design',1995,#5);
#7=MECHANICAL_CONTEXT('None',#5,'mechanical');
#8=PRODUCT('P:\\E-Switch Secure\\3D_MODELS_STP_FORMAT\\LP6OA1ASxx.stp','P:\\E-Switch Secure\\3D_MODELS_STP_FORMAT\\LP6OA1ASxx.stp','None',(#7));
#9=PRODUCT_RELATED_PRODUCT_CATEGORY('detail',$,(#8));
#10=PRODUCT_CATEGORY('part',$);
#11=PRODUCT_CATEGORY_RELATIONSHIP('None','None',#10,#9);
#12=PERSON('PERSON1','None','None',$,$,$);
#13=ORGANIZATION('','None','None');
#14=PERSON_AND_ORGANIZATION(#12,#13);
#15=PERSON_AND_ORGANIZATION_ROLE('design_owner');
#16=CC_DESIGN_PERSON_AND_ORGANIZATION_ASSIGNMENT(#14,#15,(#8));
#17=PRODUCT_DEFINITION_FORMATION_WITH_SPECIFIED_SOURCE('None','None',#8,.NOT_KNOWN.);
#18=PERSON('PERSON2','None','None',$,$,$);
#19=ORGANIZATION('','None','None');
#20=PERSON_AND_ORGANIZATION(#18,#19);
#21=PERSON_AND_ORGANIZATION_ROLE('creator');
#22=CC_DESIGN_PERSON_AND_ORGANIZATION_ASSIGNMENT(#20,#21,(#17));
#23=PERSON('PERSON3','None','None',$,$,$);
#24=ORGANIZATION('','None','None');
#25=PERSON_AND_ORGANIZATION(#23,#24);
#26=PERSON_AND_ORGANIZATION_ROLE('part_supplier');
#27=CC_DESIGN_PERSON_AND_ORGANIZATION_ASSIGNMENT(#25,#26,(#17));
#28=APPROVAL_STATUS('approved');
#29=APPROVAL(#28,'None');
#30=PERSON('PERSON4','None','None',$,$,$);
#31=ORGANIZATION('','None','None');
#32=PERSON_AND_ORGANIZATION(#30,#31);
#33=APPROVAL_ROLE('None');
#34=APPROVAL_PERSON_ORGANIZATION(#32,#29,#33);
#35=CALENDAR_DATE(2017,31,7);
#36=COORDINATED_UNIVERSAL_TIME_OFFSET(0,0,.AHEAD.);
#37=LOCAL_TIME(9,28,12.0,#36);
#38=DATE_AND_TIME(#35,#37);
#39=APPROVAL_DATE_TIME(#38,#29);
#40=CC_DESIGN_APPROVAL(#29,(#17));
#41=SECURITY_CLASSIFICATION_LEVEL('unclassified');
#42=SECURITY_CLASSIFICATION('None','None',#41);
#43=CC_DESIGN_SECURITY_CLASSIFICATION(#42,(#17));
#44=APPROVAL_STATUS('approved');
#45=APPROVAL(#44,'None');
#46=PERSON('PERSON5','None','None',$,$,$);
#47=ORGANIZATION('','None','None');
#48=PERSON_AND_ORGANIZATION(#46,#47);
#49=APPROVAL_ROLE('None');
#50=APPROVAL_PERSON_ORGANIZATION(#48,#45,#49);
#51=CALENDAR_DATE(2017,31,7);
#52=COORDINATED_UNIVERSAL_TIME_OFFSET(0,0,.AHEAD.);
#53=LOCAL_TIME(9,28,12.0,#52);
#54=DATE_AND_TIME(#51,#53);
#55=APPROVAL_DATE_TIME(#54,#45);
#56=CC_DESIGN_APPROVAL(#45,(#42));
#57=PERSON('PERSON6','None','None',$,$,$);
#58=ORGANIZATION('','None','None');
#59=PERSON_AND_ORGANIZATION(#57,#58);
#60=PERSON_AND_ORGANIZATION_ROLE('classification_officer');
#61=CC_DESIGN_PERSON_AND_ORGANIZATION_ASSIGNMENT(#59,#60,(#42));
#62=DATE_TIME_ROLE('classification_date');
#63=CALENDAR_DATE(2017,31,7);
#64=COORDINATED_UNIVERSAL_TIME_OFFSET(0,0,.AHEAD.);
#65=LOCAL_TIME(9,28,12.0,#64);
#66=DATE_AND_TIME(#63,#65);
#67=CC_DESIGN_DATE_AND_TIME_ASSIGNMENT(#66,#62,(#42));
#68=DESIGN_CONTEXT('part definition',#5,'design');
#69=PRODUCT_DEFINITION('None','None',#17,#68);
#70=PERSON('PERSON7','None','None',$,$,$);
#71=ORGANIZATION('','None','None');
#72=PERSON_AND_ORGANIZATION(#70,#71);
#73=PERSON_AND_ORGANIZATION_ROLE('creator');
#74=CC_DESIGN_PERSON_AND_ORGANIZATION_ASSIGNMENT(#72,#73,(#69));
#75=DATE_TIME_ROLE('creation_date');
#76=CALENDAR_DATE(2017,31,7);
#77=COORDINATED_UNIVERSAL_TIME_OFFSET(0,0,.AHEAD.);
#78=LOCAL_TIME(9,28,12.0,#77);
#79=DATE_AND_TIME(#76,#78);
#80=CC_DESIGN_DATE_AND_TIME_ASSIGNMENT(#79,#75,(#69));
#81=APPROVAL_STATUS('approved');
#82=APPROVAL(#81,'None');
#83=PERSON('PERSON8','None','None',$,$,$);
#84=ORGANIZATION('','None','None');
#85=PERSON_AND_ORGANIZATION(#83,#84);
#86=APPROVAL_ROLE('None');
#87=APPROVAL_PERSON_ORGANIZATION(#85,#82,#86);
#88=CALENDAR_DATE(2017,31,7);
#89=COORDINATED_UNIVERSAL_TIME_OFFSET(0,0,.AHEAD.);
#90=LOCAL_TIME(9,28,12.0,#89);
#91=DATE_AND_TIME(#88,#90);
#92=APPROVAL_DATE_TIME(#91,#82);
#93=CC_DESIGN_APPROVAL(#82,(#69));
#99=(NAMED_UNIT(*)PLANE_ANGLE_UNIT()SI_UNIT($,.RADIAN.));
#100=DIMENSIONAL_EXPONENTS(0.0,0.0,0.0,0.0,0.0,0.0,0.0);
#101=PLANE_ANGLE_MEASURE_WITH_UNIT(PLANE_ANGLE_MEASURE(0.0174532925),#99);
#105=(CONVERSION_BASED_UNIT('DEGREE',#101)NAMED_UNIT(#100)PLANE_ANGLE_UNIT());
#109=(NAMED_UNIT(*)SI_UNIT($,.STERADIAN.)SOLID_ANGLE_UNIT());
#113=(LENGTH_UNIT()NAMED_UNIT(*)SI_UNIT(.CENTI.,.METRE.));
#114=DIMENSIONAL_EXPONENTS(1.0,0.0,0.0,0.0,0.0,0.0,0.0);
#115=LENGTH_MEASURE_WITH_UNIT(LENGTH_MEASURE(2.54),#113);
#119=(CONVERSION_BASED_UNIT('INCH',#115)LENGTH_UNIT()NAMED_UNIT(#114));
#121=UNCERTAINTY_MEASURE_WITH_UNIT(LENGTH_MEASURE(0.001),#119,'DISTANCE_ACCURACY_VALUE','');
#123=(GEOMETRIC_REPRESENTATION_CONTEXT(3)GLOBAL_UNCERTAINTY_ASSIGNED_CONTEXT((#121))GLOBAL_UNIT_ASSIGNED_CONTEXT((#105,#109,#119))REPRESENTATION_CONTEXT('None','None'));
#124=AXIS2_PLACEMENT_3D('',#125,#126,#127);
#125=CARTESIAN_POINT('',(0.0,0.0,0.0));
#126=DIRECTION('',(0.0,0.0,1.0));
#127=DIRECTION('',(1.0,0.0,0.0));
#128=SHAPE_REPRESENTATION('',(#124),#123);
#129=PRODUCT_DEFINITION_SHAPE('','',#69);
#130=SHAPE_DEFINITION_REPRESENTATION(#129,#128);
#136=(NAMED_UNIT(*)PLANE_ANGLE_UNIT()SI_UNIT($,.RADIAN.));
#137=DIMENSIONAL_EXPONENTS(0.0,0.0,0.0,0.0,0.0,0.0,0.0);
#138=PLANE_ANGLE_MEASURE_WITH_UNIT(PLANE_ANGLE_MEASURE(0.0174532925),#136);
#142=(CONVERSION_BASED_UNIT('DEGREE',#138)NAMED_UNIT(#137)PLANE_ANGLE_UNIT());
#146=(NAMED_UNIT(*)SI_UNIT($,.STERADIAN.)SOLID_ANGLE_UNIT());
#150=(LENGTH_UNIT()NAMED_UNIT(*)SI_UNIT(.CENTI.,.METRE.));
#152=UNCERTAINTY_MEASURE_WITH_UNIT(LENGTH_MEASURE(0.000001),#150,'DISTANCE_ACCURACY_VALUE','');
#154=(GEOMETRIC_REPRESENTATION_CONTEXT(3)GLOBAL_UNCERTAINTY_ASSIGNED_CONTEXT((#152))GLOBAL_UNIT_ASSIGNED_CONTEXT((#142,#146,#150))REPRESENTATION_CONTEXT('','3D'));
#155=CARTESIAN_POINT('',(-0.058464566929134,0.268405511811024,0.555131889374975));
#156=DIRECTION('',(0.0,0.0,-1.0));
#157=DIRECTION('',(-1.0,0.0,0.0));
#158=AXIS2_PLACEMENT_3D('',#155,#156,#157);
#159=PLANE('',#158);
#160=CARTESIAN_POINT('',(0.053149606299213,0.295275590551181,0.555131889374975));
#161=VERTEX_POINT('',#160);
#162=CARTESIAN_POINT('',(0.053149606299213,0.269685039370079,0.555131889374975));
#163=VERTEX_POINT('',#162);
#164=CARTESIAN_POINT('',(0.053149606299213,0.295275590551181,0.555131889374975));
#165=DIRECTION('',(0.0,-1.0,0.0));
#166=VECTOR('',#165,0.025590551181102);
#167=LINE('',#164,#166);
#168=EDGE_CURVE('',#161,#163,#167,.T.);
#169=ORIENTED_EDGE('',*,*,#168,.T.);
#170=CARTESIAN_POINT('',(-0.053149606299213,0.269685039370079,0.555131889374975));
#171=VERTEX_POINT('',#170);
#172=CARTESIAN_POINT('',(0.053149606299213,0.269685039370079,0.555131889374975));
#173=DIRECTION('',(-1.0,0.0,0.0));
#174=VECTOR('',#173,0.106299212598426);
#175=LINE('',#172,#174);
#176=EDGE_CURVE('',#163,#171,#175,.T.);
#177=ORIENTED_EDGE('',*,*,#176,.T.);
#178=CARTESIAN_POINT('',(-0.053149606299213,0.295275590551181,0.555131889374975));
#179=VERTEX_POINT('',#178);
#180=CARTESIAN_POINT('',(-0.053149606299213,0.269685039370079,0.555131889374975));
#181=DIRECTION('',(0.0,1.0,0.0));
#182=VECTOR('',#181,0.025590551181102);
#183=LINE('',#180,#182);
#184=EDGE_CURVE('',#171,#179,#183,.T.);
#185=ORIENTED_EDGE('',*,*,#184,.T.);
#186=CARTESIAN_POINT('',(0.053149606299213,0.295275590551181,0.555131889374975));
#187=DIRECTION('',(-1.0,0.0,0.0));
#188=VECTOR('',#187,0.106299212598426);
#189=LINE('',#186,#188);
#190=EDGE_CURVE('',#161,#179,#189,.T.);
#191=ORIENTED_EDGE('',*,*,#190,.F.);
#192=EDGE_LOOP('',(#169,#177,#185,#191));
#193=FACE_OUTER_BOUND('',#192,.T.);
#194=ADVANCED_FACE('',(#193),#159,.T.);
#195=CARTESIAN_POINT('',(-0.253937007874016,0.196850393700788,0.541844487800172));
#196=DIRECTION('',(-1.0,0.0,0.0));
#197=DIRECTION('',(0.0,0.0,-1.0));
#198=AXIS2_PLACEMENT_3D('',#195,#196,#197);
#199=CYLINDRICAL_SURFACE('',#198,0.060531496062992);
#200=CARTESIAN_POINT('',(-0.295275590551181,0.255905511811024,0.555131889374975));
#201=VERTEX_POINT('',#200);
#202=CARTESIAN_POINT('',(-0.295275590551181,0.137795275590551,0.555131889374975));
#203=VERTEX_POINT('',#202);
#204=CARTESIAN_POINT('',(-0.295275590551181,0.196850393700788,0.541844487800172));
#205=DIRECTION('',(1.0,0.0,0.0));
#206=DIRECTION('',(0.0,0.975609756097561,0.219512195121951));
#207=AXIS2_PLACEMENT_3D('',#204,#205,#206);
#208=CIRCLE('',#207,0.060531496062992);
#209=EDGE_CURVE('',#201,#203,#208,.T.);
#210=ORIENTED_EDGE('',*,*,#209,.F.);
#211=CARTESIAN_POINT('',(-0.255905511811024,0.255905511811024,0.555131889374975));
#212=VERTEX_POINT('',#211);
#213=CARTESIAN_POINT('',(-0.255905511811024,0.255905511811024,0.555131889374975));
#214=DIRECTION('',(-1.0,0.0,0.0));
#215=VECTOR('',#214,0.039370078740157);
#216=LINE('',#213,#215);
#217=EDGE_CURVE('',#212,#201,#216,.T.);
#218=ORIENTED_EDGE('',*,*,#217,.F.);
#219=CARTESIAN_POINT('',(-0.255905511811024,0.137795275590551,0.555131889374975));
#220=VERTEX_POINT('',#219);
#221=CARTESIAN_POINT('',(-0.255905511811024,0.196850393700788,0.541844487800172));
#222=DIRECTION('',(-1.0,0.0,0.0));
#223=DIRECTION('',(0.0,0.975609756097561,0.219512195121951));
#224=AXIS2_PLACEMENT_3D('',#221,#222,#223);
#225=CIRCLE('',#224,0.060531496062992);
#226=EDGE_CURVE('',#220,#212,#225,.T.);
#227=ORIENTED_EDGE('',*,*,#226,.F.);
#228=CARTESIAN_POINT('',(-0.295275590551181,0.137795275590551,0.555131889374975));
#229=DIRECTION('',(1.0,0.0,0.0));
#230=VECTOR('',#229,0.039370078740157);
#231=LINE('',#228,#230);
#232=EDGE_CURVE('',#203,#220,#231,.T.);
#233=ORIENTED_EDGE('',*,*,#232,.F.);
#234=EDGE_LOOP('',(#210,#218,#227,#233));
#235=FACE_OUTER_BOUND('',#234,.T.);
#236=ADVANCED_FACE('',(#235),#199,.F.);
#237=CARTESIAN_POINT('',(-0.295275590551181,-0.324803149606299,0.544154478056729));
#238=DIRECTION('',(-1.0,0.0,0.0));
#239=DIRECTION('',(0.0,0.0,1.0));
#240=AXIS2_PLACEMENT_3D('',#237,#238,#239);
#241=PLANE('',#240);
#242=ORIENTED_EDGE('',*,*,#209,.T.);
#243=CARTESIAN_POINT('',(-0.295275590551181,-0.295275590551181,0.555131889374975));
#244=VERTEX_POINT('',#243);
#245=CARTESIAN_POINT('',(-0.295275590551181,-0.295275590551181,0.555131889374975));
#246=DIRECTION('',(0.0,1.0,0.0));
#247=VECTOR('',#246,0.433070866141732);
#248=LINE('',#245,#247);
#249=EDGE_CURVE('',#244,#203,#248,.T.);
#250=ORIENTED_EDGE('',*,*,#249,.F.);
#251=CARTESIAN_POINT('',(-0.295275590551181,-0.295275590551181,0.760810285114112));
#252=VERTEX_POINT('',#251);
#253=CARTESIAN_POINT('',(-0.295275590551181,-0.295275590551181,0.555131889374975));
#254=DIRECTION('',(0.0,0.0,1.0));
#255=VECTOR('',#254,0.205678395739137);
#256=LINE('',#253,#255);
#257=EDGE_CURVE('',#244,#252,#256,.T.);
#258=ORIENTED_EDGE('',*,*,#257,.T.);
#259=CARTESIAN_POINT('',(-0.295275590551181,0.295275590551181,0.760810285114112));
#260=VERTEX_POINT('',#259);
#261=CARTESIAN_POINT('',(-0.295275590551181,-0.295275590551183,0.760810285114117));
#262=CARTESIAN_POINT('',(-0.295275590551181,-0.194566065853426,0.770341414628779));
#263=CARTESIAN_POINT('',(-0.295275590551181,-0.095400563890995,0.774680115739846));
#264=CARTESIAN_POINT('',(-0.295275590551181,-2.345724E-012,0.774680115739917));
#265=CARTESIAN_POINT('',(-0.295275590551181,0.095400563887778,0.774680115739988));
#266=CARTESIAN_POINT('',(-0.295275590551181,0.194566065851807,0.770341414628933));
#267=CARTESIAN_POINT('',(-0.295275590551181,0.295275590551181,0.760810285114115));
#268=B_SPLINE_CURVE_WITH_KNOTS('',3,(#261,#262,#263,#264,#265,#266,#267),.UNSPECIFIED.,.F.,.U.,(4,3,4),(17.789634257036727,18.075835948702675,18.362037640373046),.UNSPECIFIED.);
#269=EDGE_CURVE('',#252,#260,#268,.T.);
#270=ORIENTED_EDGE('',*,*,#269,.T.);
#271=CARTESIAN_POINT('',(-0.295275590551181,0.295275590551181,0.555131889374975));
#272=VERTEX_POINT('',#271);
#273=CARTESIAN_POINT('',(-0.295275590551181,0.295275590551181,0.555131889374975));
#274=DIRECTION('',(0.0,0.0,1.0));
#275=VECTOR('',#274,0.205678395739137);
#276=LINE('',#273,#275);
#277=EDGE_CURVE('',#272,#260,#276,.T.);
#278=ORIENTED_EDGE('',*,*,#277,.F.);
#279=CARTESIAN_POINT('',(-0.295275590551181,0.255905511811024,0.555131889374975));
#280=DIRECTION('',(0.0,1.0,0.0));
#281=VECTOR('',#280,0.039370078740157);
#282=LINE('',#279,#281);
#283=EDGE_CURVE('',#201,#272,#282,.T.);
#284=ORIENTED_EDGE('',*,*,#283,.F.);
#285=EDGE_LOOP('',(#242,#250,#258,#270,#278,#284));
#286=FACE_OUTER_BOUND('',#285,.T.);
#287=ADVANCED_FACE('',(#286),#241,.T.);
#288=CARTESIAN_POINT('',(0.06496062992126,0.253937007874016,0.59154921220962));
#289=DIRECTION('',(-1.0,0.0,0.0));
#290=DIRECTION('',(0.0,0.0,1.0));
#291=AXIS2_PLACEMENT_3D('',#288,#289,#290);
#292=PLANE('',#291);
#293=CARTESIAN_POINT('',(0.06496062992126,0.295275590551181,0.594501968115132));
#294=VERTEX_POINT('',#293);
#295=CARTESIAN_POINT('',(0.06496062992126,0.295275590551181,0.653557086225369));
#296=VERTEX_POINT('',#295);
#297=CARTESIAN_POINT('',(0.06496062992126,0.295275590551181,0.594501968115132));
#298=DIRECTION('',(0.0,0.0,1.0));
#299=VECTOR('',#298,0.059055118110237);
#300=LINE('',#297,#299);
#301=EDGE_CURVE('',#294,#296,#300,.T.);
#302=ORIENTED_EDGE('',*,*,#301,.F.);
#303=CARTESIAN_POINT('',(0.06496062992126,0.255905511811024,0.594501968115132));
#304=VERTEX_POINT('',#303);
#305=CARTESIAN_POINT('',(0.06496062992126,0.255905511811024,0.594501968115132));
#306=DIRECTION('',(0.0,1.0,0.0));
#307=VECTOR('',#306,0.039370078740157);
#308=LINE('',#305,#307);
#309=EDGE_CURVE('',#304,#294,#308,.T.);
#310=ORIENTED_EDGE('',*,*,#309,.F.);
#311=CARTESIAN_POINT('',(0.06496062992126,0.255905511811024,0.653557086225369));
#312=VERTEX_POINT('',#311);
#313=CARTESIAN_POINT('',(0.06496062992126,0.255905511811024,0.653557086225369));
#314=DIRECTION('',(0.0,0.0,-1.0));
#315=VECTOR('',#314,0.059055118110237);
#316=LINE('',#313,#315);
#317=EDGE_CURVE('',#312,#304,#316,.T.);
#318=ORIENTED_EDGE('',*,*,#317,.F.);
#319=CARTESIAN_POINT('',(0.06496062992126,0.255905511811024,0.653557086225369));
#320=DIRECTION('',(0.0,1.0,0.0));
#321=VECTOR('',#320,0.039370078740157);
#322=LINE('',#319,#321);
#323=EDGE_CURVE('',#312,#296,#322,.T.);
#324=ORIENTED_EDGE('',*,*,#323,.T.);
#325=EDGE_LOOP('',(#302,#310,#318,#324));
#326=FACE_OUTER_BOUND('',#325,.T.);
#327=ADVANCED_FACE('',(#326),#292,.T.);
#328=CARTESIAN_POINT('',(-0.079724409448819,0.297244094488189,0.594501968115132));
#329=DIRECTION('',(0.0,0.0,1.0));
#330=DIRECTION('',(1.0,0.0,0.0));
#331=AXIS2_PLACEMENT_3D('',#328,#329,#330);
#332=PLANE('',#331);
#333=CARTESIAN_POINT('',(-0.072834645669291,0.295275590551181,0.594501968115132));
#334=VERTEX_POINT('',#333);
#335=CARTESIAN_POINT('',(-0.072834645669291,0.295275590551181,0.594501968115132));
#336=DIRECTION('',(1.0,0.0,0.0));
#337=VECTOR('',#336,0.137795275590551);
#338=LINE('',#335,#337);
#339=EDGE_CURVE('',#334,#294,#338,.T.);
#340=ORIENTED_EDGE('',*,*,#339,.F.);
#341=CARTESIAN_POINT('',(-0.072834645669291,0.255905511811024,0.594501968115132));
#342=VERTEX_POINT('',#341);
#343=CARTESIAN_POINT('',(-0.072834645669291,0.255905511811024,0.594501968115132));
#344=DIRECTION('',(0.0,1.0,0.0));
#345=VECTOR('',#344,0.039370078740157);
#346=LINE('',#343,#345);
#347=EDGE_CURVE('',#342,#334,#346,.T.);
#348=ORIENTED_EDGE('',*,*,#347,.F.);
#349=CARTESIAN_POINT('',(0.06496062992126,0.255905511811024,0.594501968115132));
#350=DIRECTION('',(-1.0,0.0,0.0));
#351=VECTOR('',#350,0.137795275590551);
#352=LINE('',#349,#351);
#353=EDGE_CURVE('',#304,#342,#352,.T.);
#354=ORIENTED_EDGE('',*,*,#353,.F.);
#355=ORIENTED_EDGE('',*,*,#309,.T.);
#356=EDGE_LOOP('',(#340,#348,#354,#355));
#357=FACE_OUTER_BOUND('',#356,.T.);
#358=ADVANCED_FACE('',(#357),#332,.T.);
#359=CARTESIAN_POINT('',(-0.072834645669291,0.253937007874016,0.656509842130881));
#360=DIRECTION('',(1.0,0.0,0.0));
#361=DIRECTION('',(0.0,0.0,-1.0));
#362=AXIS2_PLACEMENT_3D('',#359,#360,#361);
#363=PLANE('',#362);
#364=CARTESIAN_POINT('',(-0.072834645669291,0.295275590551181,0.653557086225369));
#365=VERTEX_POINT('',#364);
#366=CARTESIAN_POINT('',(-0.072834645669291,0.295275590551181,0.653557086225369));
#367=DIRECTION('',(0.0,0.0,-1.0));
#368=VECTOR('',#367,0.059055118110237);
#369=LINE('',#366,#368);
#370=EDGE_CURVE('',#365,#334,#369,.T.);
#371=ORIENTED_EDGE('',*,*,#370,.F.);
#372=CARTESIAN_POINT('',(-0.072834645669291,0.255905511811024,0.653557086225369));
#373=VERTEX_POINT('',#372);
#374=CARTESIAN_POINT('',(-0.072834645669291,0.255905511811024,0.653557086225369));
#375=DIRECTION('',(0.0,1.0,0.0));
#376=VECTOR('',#375,0.039370078740157);
#377=LINE('',#374,#376);
#378=EDGE_CURVE('',#373,#365,#377,.T.);
#379=ORIENTED_EDGE('',*,*,#378,.F.);
#380=CARTESIAN_POINT('',(-0.072834645669291,0.255905511811024,0.594501968115132));
#381=DIRECTION('',(0.0,0.0,1.0));
#382=VECTOR('',#381,0.059055118110237);
#383=LINE('',#380,#382);
#384=EDGE_CURVE('',#342,#373,#383,.T.);
#385=ORIENTED_EDGE('',*,*,#384,.F.);
#386=ORIENTED_EDGE('',*,*,#347,.T.);
#387=EDGE_LOOP('',(#371,#379,#385,#386));
#388=FACE_OUTER_BOUND('',#387,.T.);
#389=ADVANCED_FACE('',(#388),#363,.T.);
#390=CARTESIAN_POINT('',(-0.079724409448819,0.253937007874016,0.653557086225369));
#391=DIRECTION('',(0.0,0.0,-1.0));
#392=DIRECTION('',(-1.0,0.0,0.0));
#393=AXIS2_PLACEMENT_3D('',#390,#391,#392);
#394=PLANE('',#393);
#395=CARTESIAN_POINT('',(0.06496062992126,0.295275590551181,0.653557086225369));
#396=DIRECTION('',(-1.0,0.0,0.0));
#397=VECTOR('',#396,0.137795275590551);
#398=LINE('',#395,#397);
#399=EDGE_CURVE('',#296,#365,#398,.T.);
#400=ORIENTED_EDGE('',*,*,#399,.F.);
#401=ORIENTED_EDGE('',*,*,#323,.F.);
#402=CARTESIAN_POINT('',(-0.072834645669291,0.255905511811024,0.653557086225369));
#403=DIRECTION('',(1.0,0.0,0.0));
#404=VECTOR('',#403,0.137795275590551);
#405=LINE('',#402,#404);
#406=EDGE_CURVE('',#373,#312,#405,.T.);
#407=ORIENTED_EDGE('',*,*,#406,.F.);
#408=ORIENTED_EDGE('',*,*,#378,.T.);
#409=EDGE_LOOP('',(#400,#401,#407,#408));
#410=FACE_OUTER_BOUND('',#409,.T.);
#411=ADVANCED_FACE('',(#410),#394,.T.);
#412=CARTESIAN_POINT('',(0.06496062992126,-0.297244094488189,0.656509842130881));
#413=DIRECTION('',(1.0,0.0,0.0));
#414=DIRECTION('',(0.0,0.0,-1.0));
#415=AXIS2_PLACEMENT_3D('',#412,#413,#414);
#416=PLANE('',#415);
#417=CARTESIAN_POINT('',(0.06496062992126,-0.295275590551181,0.653557086225369));
#418=VERTEX_POINT('',#417);
#419=CARTESIAN_POINT('',(0.06496062992126,-0.295275590551181,0.594501968115132));
#420=VERTEX_POINT('',#419);
#421=CARTESIAN_POINT('',(0.06496062992126,-0.295275590551181,0.653557086225369));
#422=DIRECTION('',(0.0,0.0,-1.0));
#423=VECTOR('',#422,0.059055118110237);
#424=LINE('',#421,#423);
#425=EDGE_CURVE('',#418,#420,#424,.T.);
#426=ORIENTED_EDGE('',*,*,#425,.F.);
#427=CARTESIAN_POINT('',(0.06496062992126,-0.255905511811024,0.653557086225369));
#428=VERTEX_POINT('',#427);
#429=CARTESIAN_POINT('',(0.06496062992126,-0.255905511811024,0.653557086225369));
#430=DIRECTION('',(0.0,-1.0,0.0));
#431=VECTOR('',#430,0.039370078740157);
#432=LINE('',#429,#431);
#433=EDGE_CURVE('',#428,#418,#432,.T.);
#434=ORIENTED_EDGE('',*,*,#433,.F.);
#435=CARTESIAN_POINT('',(0.06496062992126,-0.255905511811024,0.594501968115132));
#436=VERTEX_POINT('',#435);
#437=CARTESIAN_POINT('',(0.06496062992126,-0.255905511811024,0.594501968115132));
#438=DIRECTION('',(0.0,0.0,1.0));
#439=VECTOR('',#438,0.059055118110237);
#440=LINE('',#437,#439);
#441=EDGE_CURVE('',#436,#428,#440,.T.);
#442=ORIENTED_EDGE('',*,*,#441,.F.);
#443=CARTESIAN_POINT('',(0.06496062992126,-0.255905511811024,0.594501968115132));
#444=DIRECTION('',(0.0,-1.0,0.0));
#445=VECTOR('',#444,0.039370078740157);
#446=LINE('',#443,#445);
#447=EDGE_CURVE('',#436,#420,#446,.T.);
#448=ORIENTED_EDGE('',*,*,#447,.T.);
#449=EDGE_LOOP('',(#426,#434,#442,#448));
#450=FACE_OUTER_BOUND('',#449,.T.);
#451=ADVANCED_FACE('',(#450),#416,.F.);
#452=CARTESIAN_POINT('',(-0.079724409448819,-0.297244094488189,0.594501968115132));
#453=DIRECTION('',(0.0,0.0,-1.0));
#454=DIRECTION('',(-1.0,0.0,0.0));
#455=AXIS2_PLACEMENT_3D('',#452,#453,#454);
#456=PLANE('',#455);
#457=CARTESIAN_POINT('',(-0.072834645669291,-0.295275590551181,0.594501968115132));
#458=VERTEX_POINT('',#457);
#459=CARTESIAN_POINT('',(0.06496062992126,-0.295275590551181,0.594501968115132));
#460=DIRECTION('',(-1.0,0.0,0.0));
#461=VECTOR('',#460,0.137795275590551);
#462=LINE('',#459,#461);
#463=EDGE_CURVE('',#420,#458,#462,.T.);
#464=ORIENTED_EDGE('',*,*,#463,.F.);
#465=ORIENTED_EDGE('',*,*,#447,.F.);
#466=CARTESIAN_POINT('',(-0.072834645669291,-0.255905511811024,0.594501968115132));
#467=VERTEX_POINT('',#466);
#468=CARTESIAN_POINT('',(-0.072834645669291,-0.255905511811024,0.594501968115132));
#469=DIRECTION('',(1.0,0.0,0.0));
#470=VECTOR('',#469,0.137795275590551);
#471=LINE('',#468,#470);
#472=EDGE_CURVE('',#467,#436,#471,.T.);
#473=ORIENTED_EDGE('',*,*,#472,.F.);
#474=CARTESIAN_POINT('',(-0.072834645669291,-0.255905511811024,0.594501968115132));
#475=DIRECTION('',(0.0,-1.0,0.0));
#476=VECTOR('',#475,0.039370078740157);
#477=LINE('',#474,#476);
#478=EDGE_CURVE('',#467,#458,#477,.T.);
#479=ORIENTED_EDGE('',*,*,#478,.T.);
#480=EDGE_LOOP('',(#464,#465,#473,#479));
#481=FACE_OUTER_BOUND('',#480,.T.);
#482=ADVANCED_FACE('',(#481),#456,.F.);
#483=CARTESIAN_POINT('',(-0.072834645669291,-0.297244094488189,0.59154921220962));
#484=DIRECTION('',(-1.0,0.0,0.0));
#485=DIRECTION('',(0.0,0.0,1.0));
#486=AXIS2_PLACEMENT_3D('',#483,#484,#485);
#487=PLANE('',#486);
#488=CARTESIAN_POINT('',(-0.072834645669291,-0.295275590551181,0.653557086225369));
#489=VERTEX_POINT('',#488);
#490=CARTESIAN_POINT('',(-0.072834645669291,-0.295275590551181,0.594501968115132));
#491=DIRECTION('',(0.0,0.0,1.0));
#492=VECTOR('',#491,0.059055118110237);
#493=LINE('',#490,#492);
#494=EDGE_CURVE('',#458,#489,#493,.T.);
#495=ORIENTED_EDGE('',*,*,#494,.F.);
#496=ORIENTED_EDGE('',*,*,#478,.F.);
#497=CARTESIAN_POINT('',(-0.072834645669291,-0.255905511811024,0.653557086225369));
#498=VERTEX_POINT('',#497);
#499=CARTESIAN_POINT('',(-0.072834645669291,-0.255905511811024,0.653557086225369));
#500=DIRECTION('',(0.0,0.0,-1.0));
#501=VECTOR('',#500,0.059055118110237);
#502=LINE('',#499,#501);
#503=EDGE_CURVE('',#498,#467,#502,.T.);
#504=ORIENTED_EDGE('',*,*,#503,.F.);
#505=CARTESIAN_POINT('',(-0.072834645669291,-0.255905511811024,0.653557086225369));
#506=DIRECTION('',(0.0,-1.0,0.0));
#507=VECTOR('',#506,0.039370078740157);
#508=LINE('',#505,#507);
#509=EDGE_CURVE('',#498,#489,#508,.T.);
#510=ORIENTED_EDGE('',*,*,#509,.T.);
#511=EDGE_LOOP('',(#495,#496,#504,#510));
#512=FACE_OUTER_BOUND('',#511,.T.);
#513=ADVANCED_FACE('',(#512),#487,.F.);
#514=CARTESIAN_POINT('',(-0.079724409448819,-0.253937007874016,0.653557086225369));
#515=DIRECTION('',(0.0,0.0,1.0));
#516=DIRECTION('',(1.0,0.0,0.0));
#517=AXIS2_PLACEMENT_3D('',#514,#515,#516);
#518=PLANE('',#517);
#519=CARTESIAN_POINT('',(-0.072834645669291,-0.295275590551181,0.653557086225369));
#520=DIRECTION('',(1.0,0.0,0.0));
#521=VECTOR('',#520,0.137795275590551);
#522=LINE('',#519,#521);
#523=EDGE_CURVE('',#489,#418,#522,.T.);
#524=ORIENTED_EDGE('',*,*,#523,.F.);
#525=ORIENTED_EDGE('',*,*,#509,.F.);
#526=CARTESIAN_POINT('',(0.06496062992126,-0.255905511811024,0.653557086225369));
#527=DIRECTION('',(-1.0,0.0,0.0));
#528=VECTOR('',#527,0.137795275590551);
#529=LINE('',#526,#528);
#530=EDGE_CURVE('',#428,#498,#529,.T.);
#531=ORIENTED_EDGE('',*,*,#530,.F.);
#532=ORIENTED_EDGE('',*,*,#433,.T.);
#533=EDGE_LOOP('',(#524,#525,#531,#532));
#534=FACE_OUTER_BOUND('',#533,.T.);
#535=ADVANCED_FACE('',(#534),#518,.F.);
#536=CARTESIAN_POINT('',(0.255905511811024,-0.281496062992126,0.699816928745054));
#537=DIRECTION('',(1.0,0.0,0.0));
#538=DIRECTION('',(0.0,0.0,-1.0));
#539=AXIS2_PLACEMENT_3D('',#536,#537,#538);
#540=PLANE('',#539);
#541=CARTESIAN_POINT('',(0.255905511811024,0.255905511811024,0.692927164965526));
#542=VERTEX_POINT('',#541);
#543=CARTESIAN_POINT('',(0.255905511811024,-0.255905511811024,0.692927164965526));
#544=VERTEX_POINT('',#543);
#545=CARTESIAN_POINT('',(0.255905511811024,0.255905511811024,0.692927164965526));
#546=DIRECTION('',(0.0,-1.0,0.0));
#547=VECTOR('',#546,0.511811023622048);
#548=LINE('',#545,#547);
#549=EDGE_CURVE('',#542,#544,#548,.T.);
#550=ORIENTED_EDGE('',*,*,#549,.F.);
#551=CARTESIAN_POINT('',(0.255905511811024,0.255905511811024,0.555131889374975));
#552=VERTEX_POINT('',#551);
#553=CARTESIAN_POINT('',(0.255905511811024,0.255905511811024,0.555131889374975));
#554=DIRECTION('',(0.0,0.0,1.0));
#555=VECTOR('',#554,0.137795275590551);
#556=LINE('',#553,#555);
#557=EDGE_CURVE('',#552,#542,#556,.T.);
#558=ORIENTED_EDGE('',*,*,#557,.F.);
#559=CARTESIAN_POINT('',(0.255905511811024,-0.255905511811024,0.555131889374975));
#560=VERTEX_POINT('',#559);
#561=CARTESIAN_POINT('',(0.255905511811024,-0.255905511811024,0.555131889374975));
#562=DIRECTION('',(0.0,1.0,0.0));
#563=VECTOR('',#562,0.511811023622048);
#564=LINE('',#561,#563);
#565=EDGE_CURVE('',#560,#552,#564,.T.);
#566=ORIENTED_EDGE('',*,*,#565,.F.);
#567=CARTESIAN_POINT('',(0.255905511811024,-0.255905511811024,0.555131889374975));
#568=DIRECTION('',(0.0,0.0,1.0));
#569=VECTOR('',#568,0.137795275590551);
#570=LINE('',#567,#569);
#571=EDGE_CURVE('',#560,#544,#570,.T.);
#572=ORIENTED_EDGE('',*,*,#571,.T.);
#573=EDGE_LOOP('',(#550,#558,#566,#572));
#574=FACE_OUTER_BOUND('',#573,.T.);
#575=ADVANCED_FACE('',(#574),#540,.F.);
#576=CARTESIAN_POINT('',(-0.281496062992126,-0.255905511811024,0.699816928745054));
#577=DIRECTION('',(0.0,-1.0,0.0));
#578=DIRECTION('',(0.0,0.0,-1.0));
#579=AXIS2_PLACEMENT_3D('',#576,#577,#578);
#580=PLANE('',#579);
#581=CARTESIAN_POINT('',(-0.255905511811024,-0.255905511811024,0.692927164965526));
#582=VERTEX_POINT('',#581);
#583=CARTESIAN_POINT('',(0.255905511811024,-0.255905511811024,0.692927164965526));
#584=DIRECTION('',(-1.0,0.0,0.0));
#585=VECTOR('',#584,0.511811023622048);
#586=LINE('',#583,#585);
#587=EDGE_CURVE('',#544,#582,#586,.T.);
#588=ORIENTED_EDGE('',*,*,#587,.F.);
#589=ORIENTED_EDGE('',*,*,#571,.F.);
#590=CARTESIAN_POINT('',(-0.255905511811024,-0.255905511811024,0.555131889374975));
#591=VERTEX_POINT('',#590);
#592=CARTESIAN_POINT('',(-0.255905511811024,-0.255905511811024,0.555131889374975));
#593=DIRECTION('',(1.0,0.0,0.0));
#594=VECTOR('',#593,0.511811023622048);
#595=LINE('',#592,#594);
#596=EDGE_CURVE('',#591,#560,#595,.T.);
#597=ORIENTED_EDGE('',*,*,#596,.F.);
#598=CARTESIAN_POINT('',(-0.255905511811024,-0.255905511811024,0.555131889374975));
#599=DIRECTION('',(0.0,0.0,1.0));
#600=VECTOR('',#599,0.137795275590551);
#601=LINE('',#598,#600);
#602=EDGE_CURVE('',#591,#582,#601,.T.);
#603=ORIENTED_EDGE('',*,*,#602,.T.);
#604=EDGE_LOOP('',(#588,#589,#597,#603));
#605=FACE_OUTER_BOUND('',#604,.T.);
#606=ORIENTED_EDGE('',*,*,#503,.T.);
#607=ORIENTED_EDGE('',*,*,#472,.T.);
#608=ORIENTED_EDGE('',*,*,#441,.T.);
#609=ORIENTED_EDGE('',*,*,#530,.T.);
#610=EDGE_LOOP('',(#606,#607,#608,#609));
#611=FACE_BOUND('',#610,.T.);
#612=ADVANCED_FACE('',(#605,#611),#580,.F.);
#613=CARTESIAN_POINT('',(-0.255905511811024,-0.281496062992126,0.548242125595447));
#614=DIRECTION('',(-1.0,0.0,0.0));
#615=DIRECTION('',(0.0,0.0,1.0));
#616=AXIS2_PLACEMENT_3D('',#613,#614,#615);
#617=PLANE('',#616);
#618=ORIENTED_EDGE('',*,*,#226,.T.);
#619=CARTESIAN_POINT('',(-0.255905511811024,0.255905511811024,0.692927164965526));
#620=VERTEX_POINT('',#619);
#621=CARTESIAN_POINT('',(-0.255905511811024,0.255905511811024,0.555131889374975));
#622=DIRECTION('',(0.0,0.0,1.0));
#623=VECTOR('',#622,0.137795275590551);
#624=LINE('',#621,#623);
#625=EDGE_CURVE('',#212,#620,#624,.T.);
#626=ORIENTED_EDGE('',*,*,#625,.T.);
#627=CARTESIAN_POINT('',(-0.255905511811024,-0.255905511811024,0.692927164965526));
#628=DIRECTION('',(0.0,1.0,0.0));
#629=VECTOR('',#628,0.511811023622048);
#630=LINE('',#627,#629);
#631=EDGE_CURVE('',#582,#620,#630,.T.);
#632=ORIENTED_EDGE('',*,*,#631,.F.);
#633=ORIENTED_EDGE('',*,*,#602,.F.);
#634=CARTESIAN_POINT('',(-0.255905511811024,0.137795275590551,0.555131889374975));
#635=DIRECTION('',(0.0,-1.0,0.0));
#636=VECTOR('',#635,0.393700787401575);
#637=LINE('',#634,#636);
#638=EDGE_CURVE('',#220,#591,#637,.T.);
#639=ORIENTED_EDGE('',*,*,#638,.F.);
#640=EDGE_LOOP('',(#618,#626,#632,#633,#639));
#641=FACE_OUTER_BOUND('',#640,.T.);
#642=ADVANCED_FACE('',(#641),#617,.F.);
#643=CARTESIAN_POINT('',(-0.281496062992126,0.255905511811024,0.548242125595447));
#644=DIRECTION('',(0.0,1.0,0.0));
#645=DIRECTION('',(0.0,0.0,1.0));
#646=AXIS2_PLACEMENT_3D('',#643,#644,#645);
#647=PLANE('',#646);
#648=CARTESIAN_POINT('',(-0.255905511811024,0.255905511811024,0.692927164965526));
#649=DIRECTION('',(1.0,0.0,0.0));
#650=VECTOR('',#649,0.511811023622048);
#651=LINE('',#648,#650);
#652=EDGE_CURVE('',#620,#542,#651,.T.);
#653=ORIENTED_EDGE('',*,*,#652,.F.);
#654=ORIENTED_EDGE('',*,*,#625,.F.);
#655=CARTESIAN_POINT('',(0.255905511811024,0.255905511811024,0.555131889374975));
#656=DIRECTION('',(-1.0,0.0,0.0));
#657=VECTOR('',#656,0.511811023622048);
#658=LINE('',#655,#657);
#659=EDGE_CURVE('',#552,#212,#658,.T.);
#660=ORIENTED_EDGE('',*,*,#659,.F.);
#661=ORIENTED_EDGE('',*,*,#557,.T.);
#662=EDGE_LOOP('',(#653,#654,#660,#661));
#663=FACE_OUTER_BOUND('',#662,.T.);
#664=ORIENTED_EDGE('',*,*,#317,.T.);
#665=ORIENTED_EDGE('',*,*,#353,.T.);
#666=ORIENTED_EDGE('',*,*,#384,.T.);
#667=ORIENTED_EDGE('',*,*,#406,.T.);
#668=EDGE_LOOP('',(#664,#665,#666,#667));
#669=FACE_BOUND('',#668,.T.);
#670=ADVANCED_FACE('',(#663,#669),#647,.F.);
#671=CARTESIAN_POINT('',(-0.281496062992126,-0.281496062992126,0.692927164965526));
#672=DIRECTION('',(0.0,0.0,-1.0));
#673=DIRECTION('',(-1.0,0.0,0.0));
#674=AXIS2_PLACEMENT_3D('',#671,#672,#673);
#675=PLANE('',#674);
#676=ORIENTED_EDGE('',*,*,#549,.T.);
#677=ORIENTED_EDGE('',*,*,#587,.T.);
#678=ORIENTED_EDGE('',*,*,#631,.T.);
#679=ORIENTED_EDGE('',*,*,#652,.T.);
#680=EDGE_LOOP('',(#676,#677,#678,#679));
#681=FACE_OUTER_BOUND('',#680,.T.);
#682=ADVANCED_FACE('',(#681),#675,.T.);
#683=CARTESIAN_POINT('',(3.492913E-032,-7.267035E-029,3.159856298823795));
#684=DIRECTION('',(0.0,0.0,1.0));
#685=DIRECTION('',(1.0,0.0,0.0));
#686=AXIS2_PLACEMENT_3D('',#683,#684,#685);
#687=SPHERICAL_SURFACE('',#686,2.401574803149607);
#688=CARTESIAN_POINT('',(-1.398074E-013,0.286747095647006,0.775461692585354));
#689=VERTEX_POINT('',#688);
#690=CARTESIAN_POINT('',(3.492913E-032,1.301064E-018,0.775461692585164));
#691=DIRECTION('',(0.0,0.0,-1.0));
#692=DIRECTION('',(0.0,1.0,0.0));
#693=AXIS2_PLACEMENT_3D('',#690,#691,#692);
#694=CIRCLE('',#693,0.286747095649103);
#695=EDGE_CURVE('',#689,#689,#694,.T.);
#696=ORIENTED_EDGE('',*,*,#695,.F.);
#697=EDGE_LOOP('',(#696));
#698=FACE_OUTER_BOUND('',#697,.T.);
#699=ADVANCED_FACE('',(#698),#687,.F.);
#700=CARTESIAN_POINT('',(0.286747095644551,-2.346272E-012,0.775461692585575));
#701=CARTESIAN_POINT('',(0.353967770721749,-2.341742E-012,0.769396312519923));
#702=CARTESIAN_POINT('',(0.420855306229646,-2.335006E-012,0.760370483646358));
#703=CARTESIAN_POINT('',(0.286747095644551,0.286747095642039,0.775461692585789));
#704=CARTESIAN_POINT('',(0.353967770721749,0.353967770719242,0.769396312520187));
#705=CARTESIAN_POINT('',(0.420855306229646,0.420855306227146,0.760370483646671));
#706=CARTESIAN_POINT('',(1.652817E-013,0.286747095642039,0.775461692585804));
#707=CARTESIAN_POINT('',(1.649510E-013,0.353967770719242,0.769396312520205));
#708=CARTESIAN_POINT('',(1.644629E-013,0.420855306227146,0.760370483646694));
#709=CARTESIAN_POINT('',(-0.28674709564422,0.286747095642039,0.775461692585819));
#710=CARTESIAN_POINT('',(-0.353967770721419,0.353967770719242,0.769396312520224));
#711=CARTESIAN_POINT('',(-0.420855306229317,0.420855306227146,0.760370483646716));
#712=CARTESIAN_POINT('',(-0.28674709564422,-2.346342E-012,0.775461692585605));
#713=CARTESIAN_POINT('',(-0.353967770721419,-2.341829E-012,0.76939631251996));
#714=CARTESIAN_POINT('',(-0.420855306229317,-2.335109E-012,0.760370483646402));
#715=CARTESIAN_POINT('',(-0.28674709564422,-0.286747095646732,0.775461692585392));
#716=CARTESIAN_POINT('',(-0.353967770721419,-0.353967770723926,0.769396312519696));
#717=CARTESIAN_POINT('',(-0.420855306229317,-0.420855306231816,0.760370483646088));
#718=CARTESIAN_POINT('',(1.653520E-013,-0.286747095646732,0.775461692585376));
#719=CARTESIAN_POINT('',(1.650377E-013,-0.353967770723926,0.769396312519678));
#720=CARTESIAN_POINT('',(1.645660E-013,-0.420855306231816,0.760370483646066));
#721=CARTESIAN_POINT('',(0.286747095644551,-0.286747095646732,0.775461692585361));
#722=CARTESIAN_POINT('',(0.353967770721749,-0.353967770723926,0.769396312519659));
#723=CARTESIAN_POINT('',(0.420855306229646,-0.420855306231816,0.760370483646044));
#724=CARTESIAN_POINT('',(0.286747095644551,-2.346272E-012,0.775461692585575));
#725=CARTESIAN_POINT('',(0.353967770721749,-2.341742E-012,0.769396312519923));
#726=CARTESIAN_POINT('',(0.420855306229646,-2.335006E-012,0.760370483646358));
#734=(BOUNDED_SURFACE()B_SPLINE_SURFACE(2,2,((#700,#703,#706,#709,#712,#715,#718,#721,#724),(#701,#704,#707,#710,#713,#716,#719,#722,#725),(#702,#705,#708,#711,#714,#717,#720,#723,#726)),.UNSPECIFIED.,.F.,.T.,.U.)B_SPLINE_SURFACE_WITH_KNOTS((3,3),(3,2,2,2,3),(-1.480809141296215,-1.436666160770762),(0.0,1.570796326794897,3.141592653589793,4.71238898038469,6.283185307179586),.UNSPECIFIED.)GEOMETRIC_REPRESENTATION_ITEM()RATIONAL_B_SPLINE_SURFACE(((1.0,0.707106781186548,1.0,0.707106781186548,1.0,0.707106781186548,1.0,0.707106781186548,1.0),(0.999756434546788,0.706934554402919,0.999756434546788,0.706934554402919,0.999756434546788,0.706934554402919,0.999756434546788,0.706934554402919,0.999756434546788),(1.0,0.707106781186548,1.0,0.707106781186548,1.0,0.707106781186548,1.0,0.707106781186548,1.0)))REPRESENTATION_ITEM('')SURFACE());
#735=ORIENTED_EDGE('',*,*,#695,.T.);
#736=EDGE_LOOP('',(#735));
#737=FACE_OUTER_BOUND('',#736,.T.);
#738=CARTESIAN_POINT('',(-1.400150E-013,0.295275590551181,0.774680115739903));
#739=VERTEX_POINT('',#738);
#740=CARTESIAN_POINT('',(-0.295275590551181,0.295275590551181,0.760810285114115));
#741=CARTESIAN_POINT('',(-0.194566065852556,0.295275590551181,0.770341414628862));
#742=CARTESIAN_POINT('',(-0.095400563889286,0.295275590551181,0.77468011574012));
#743=CARTESIAN_POINT('',(1.652753E-013,0.295275590551181,0.774680115740115));
#744=B_SPLINE_CURVE_WITH_KNOTS('',3,(#740,#741,#742,#743),.UNSPECIFIED.,.F.,.U.,(4,4),(-0.286201691668353,-3.053113E-013),.UNSPECIFIED.);
#745=EDGE_CURVE('',#260,#739,#744,.T.);
#746=ORIENTED_EDGE('',*,*,#745,.F.);
#747=ORIENTED_EDGE('',*,*,#269,.F.);
#748=CARTESIAN_POINT('',(0.295275590551181,-0.295275590551181,0.760810285114112));
#749=VERTEX_POINT('',#748);
#750=CARTESIAN_POINT('',(0.29527559055118,-0.295275590551181,0.760810285114116));
#751=CARTESIAN_POINT('',(0.194566065852675,-0.295275590551181,0.77034141462885));
#752=CARTESIAN_POINT('',(0.095400563889484,-0.295275590551181,0.774680115739683));
#753=CARTESIAN_POINT('',(1.652753E-013,-0.295275590551181,0.774680115739689));
#754=CARTESIAN_POINT('',(-0.095400563889258,-0.295275590551181,0.774680115739694));
#755=CARTESIAN_POINT('',(-0.194566065852563,-0.295275590551181,0.77034141462886));
#756=CARTESIAN_POINT('',(-0.295275590551183,-0.295275590551181,0.760810285114116));
#757=B_SPLINE_CURVE_WITH_KNOTS('',3,(#750,#751,#752,#753,#754,#755,#756),.UNSPECIFIED.,.F.,.U.,(4,3,4),(-0.286201691667957,0.0,0.28620169166827),.UNSPECIFIED.);
#758=EDGE_CURVE('',#749,#252,#757,.T.);
#759=ORIENTED_EDGE('',*,*,#758,.F.);
#760=CARTESIAN_POINT('',(0.295275590551181,0.295275590551181,0.760810285114112));
#761=VERTEX_POINT('',#760);
#762=CARTESIAN_POINT('',(0.295275590551181,0.295275590551181,0.760810285114115));
#763=CARTESIAN_POINT('',(0.295275590551181,0.194566065851806,0.770341414628933));
#764=CARTESIAN_POINT('',(0.295275590551181,0.095400563887776,0.774680115739957));
#765=CARTESIAN_POINT('',(0.295275590551181,-2.345724E-012,0.774680115739886));
#766=CARTESIAN_POINT('',(0.295275590551181,-0.095400563890993,0.774680115739815));
#767=CARTESIAN_POINT('',(0.295275590551181,-0.194566065853426,0.770341414628778));
#768=CARTESIAN_POINT('',(0.295275590551181,-0.295275590551181,0.760810285114116));
#769=B_SPLINE_CURVE_WITH_KNOTS('',3,(#762,#763,#764,#765,#766,#767,#768),.UNSPECIFIED.,.F.,.U.,(4,3,4),(-0.286201691670364,0.0,0.286201691665941),.UNSPECIFIED.);
#770=EDGE_CURVE('',#761,#749,#769,.T.);
#771=ORIENTED_EDGE('',*,*,#770,.F.);
#772=CARTESIAN_POINT('',(1.685596E-013,0.295275590551181,0.7746801157399));
#773=CARTESIAN_POINT('',(0.095400563889515,0.295275590551181,0.774680115739878));
#774=CARTESIAN_POINT('',(0.194566065852677,0.295275590551181,0.77034141462885));
#775=CARTESIAN_POINT('',(0.295275590551181,0.295275590551181,0.760810285114114));
#776=B_SPLINE_CURVE_WITH_KNOTS('',3,(#772,#773,#774,#775),.UNSPECIFIED.,.F.,.U.,(4,4),(-18.075835948702945,-17.789634257034599),.UNSPECIFIED.);
#777=EDGE_CURVE('',#739,#761,#776,.T.);
#778=ORIENTED_EDGE('',*,*,#777,.F.);
#779=EDGE_LOOP('',(#746,#747,#759,#771,#778));
#780=FACE_BOUND('',#779,.T.);
#781=ADVANCED_FACE('',(#737,#780),#734,.T.);
#782=CARTESIAN_POINT('',(-0.324803149606299,-0.295275590551181,0.785657527058056));
#783=DIRECTION('',(0.0,-1.0,0.0));
#784=DIRECTION('',(0.0,0.0,-1.0));
#785=AXIS2_PLACEMENT_3D('',#782,#783,#784);
#786=PLANE('',#785);
#787=ORIENTED_EDGE('',*,*,#758,.T.);
#788=ORIENTED_EDGE('',*,*,#257,.F.);
#789=CARTESIAN_POINT('',(0.295275590551181,-0.295275590551181,0.555131889374975));
#790=VERTEX_POINT('',#789);
#791=CARTESIAN_POINT('',(0.295275590551181,-0.295275590551181,0.555131889374975));
#792=DIRECTION('',(-1.0,0.0,0.0));
#793=VECTOR('',#792,0.590551181102362);
#794=LINE('',#791,#793);
#795=EDGE_CURVE('',#790,#244,#794,.T.);
#796=ORIENTED_EDGE('',*,*,#795,.F.);
#797=CARTESIAN_POINT('',(0.295275590551181,-0.295275590551181,0.760810285114112));
#798=DIRECTION('',(0.0,0.0,-1.0));
#799=VECTOR('',#798,0.205678395739137);
#800=LINE('',#797,#799);
#801=EDGE_CURVE('',#749,#790,#800,.T.);
#802=ORIENTED_EDGE('',*,*,#801,.F.);
#803=EDGE_LOOP('',(#787,#788,#796,#802));
#804=FACE_OUTER_BOUND('',#803,.T.);
#805=ORIENTED_EDGE('',*,*,#494,.T.);
#806=ORIENTED_EDGE('',*,*,#523,.T.);
#807=ORIENTED_EDGE('',*,*,#425,.T.);
#808=ORIENTED_EDGE('',*,*,#463,.T.);
#809=EDGE_LOOP('',(#805,#806,#807,#808));
#810=FACE_BOUND('',#809,.T.);
#811=ADVANCED_FACE('',(#804,#810),#786,.T.);
#812=CARTESIAN_POINT('',(-0.324803149606299,0.295275590551181,0.544154478056724));
#813=DIRECTION('',(0.0,1.0,0.0));
#814=DIRECTION('',(0.0,0.0,1.0));
#815=AXIS2_PLACEMENT_3D('',#812,#813,#814);
#816=PLANE('',#815);
#817=ORIENTED_EDGE('',*,*,#745,.T.);
#818=ORIENTED_EDGE('',*,*,#777,.T.);
#819=CARTESIAN_POINT('',(0.295275590551181,0.295275590551181,0.555131889374975));
#820=VERTEX_POINT('',#819);
#821=CARTESIAN_POINT('',(0.295275590551181,0.295275590551181,0.555131889374975));
#822=DIRECTION('',(0.0,0.0,1.0));
#823=VECTOR('',#822,0.205678395739137);
#824=LINE('',#821,#823);
#825=EDGE_CURVE('',#820,#761,#824,.T.);
#826=ORIENTED_EDGE('',*,*,#825,.F.);
#827=CARTESIAN_POINT('',(0.053149606299213,0.295275590551181,0.555131889374975));
#828=DIRECTION('',(1.0,0.0,0.0));
#829=VECTOR('',#828,0.242125984251968);
#830=LINE('',#827,#829);
#831=EDGE_CURVE('',#161,#820,#830,.T.);
#832=ORIENTED_EDGE('',*,*,#831,.F.);
#833=ORIENTED_EDGE('',*,*,#190,.T.);
#834=CARTESIAN_POINT('',(-0.295275590551181,0.295275590551181,0.555131889374975));
#835=DIRECTION('',(1.0,0.0,0.0));
#836=VECTOR('',#835,0.242125984251968);
#837=LINE('',#834,#836);
#838=EDGE_CURVE('',#272,#179,#837,.T.);
#839=ORIENTED_EDGE('',*,*,#838,.F.);
#840=ORIENTED_EDGE('',*,*,#277,.T.);
#841=EDGE_LOOP('',(#817,#818,#826,#832,#833,#839,#840));
#842=FACE_OUTER_BOUND('',#841,.T.);
#843=ORIENTED_EDGE('',*,*,#301,.T.);
#844=ORIENTED_EDGE('',*,*,#399,.T.);
#845=ORIENTED_EDGE('',*,*,#370,.T.);
#846=ORIENTED_EDGE('',*,*,#339,.T.);
#847=EDGE_LOOP('',(#843,#844,#845,#846));
#848=FACE_BOUND('',#847,.T.);
#849=ADVANCED_FACE('',(#842,#848),#816,.T.);
#850=CARTESIAN_POINT('',(0.295275590551181,-0.3248031496063,0.785657527058161));
#851=DIRECTION('',(1.0,0.0,0.0));
#852=DIRECTION('',(0.0,0.0,-1.0));
#853=AXIS2_PLACEMENT_3D('',#850,#851,#852);
#854=PLANE('',#853);
#855=ORIENTED_EDGE('',*,*,#770,.T.);
#856=ORIENTED_EDGE('',*,*,#801,.T.);
#857=CARTESIAN_POINT('',(0.295275590551181,0.295275590551181,0.555131889374975));
#858=DIRECTION('',(0.0,-1.0,0.0));
#859=VECTOR('',#858,0.590551181102362);
#860=LINE('',#857,#859);
#861=EDGE_CURVE('',#820,#790,#860,.T.);
#862=ORIENTED_EDGE('',*,*,#861,.F.);
#863=ORIENTED_EDGE('',*,*,#825,.T.);
#864=EDGE_LOOP('',(#855,#856,#862,#863));
#865=FACE_OUTER_BOUND('',#864,.T.);
#866=ADVANCED_FACE('',(#865),#854,.T.);
#867=CARTESIAN_POINT('',(0.326968503937008,0.326968503937008,0.555131889374975));
#868=DIRECTION('',(0.0,0.0,1.0));
#869=DIRECTION('',(1.0,0.0,0.0));
#870=AXIS2_PLACEMENT_3D('',#867,#868,#869);
#871=PLANE('',#870);
#872=ORIENTED_EDGE('',*,*,#831,.T.);
#873=ORIENTED_EDGE('',*,*,#861,.T.);
#874=ORIENTED_EDGE('',*,*,#795,.T.);
#875=ORIENTED_EDGE('',*,*,#249,.T.);
#876=ORIENTED_EDGE('',*,*,#232,.T.);
#877=ORIENTED_EDGE('',*,*,#638,.T.);
#878=ORIENTED_EDGE('',*,*,#596,.T.);
#879=ORIENTED_EDGE('',*,*,#565,.T.);
#880=ORIENTED_EDGE('',*,*,#659,.T.);
#881=ORIENTED_EDGE('',*,*,#217,.T.);
#882=ORIENTED_EDGE('',*,*,#283,.T.);
#883=ORIENTED_EDGE('',*,*,#838,.T.);
#884=CARTESIAN_POINT('',(-0.053149606299213,0.297244094488189,0.555131889374975));
#885=VERTEX_POINT('',#884);
#886=CARTESIAN_POINT('',(-0.053149606299213,0.295275590551181,0.555131889374975));
#887=DIRECTION('',(0.0,1.0,0.0));
#888=VECTOR('',#887,0.001968503937008);
#889=LINE('',#886,#888);
#890=EDGE_CURVE('',#179,#885,#889,.T.);
#891=ORIENTED_EDGE('',*,*,#890,.T.);
#892=CARTESIAN_POINT('',(-0.297244094488189,0.297244094488189,0.555131889374975));
#893=VERTEX_POINT('',#892);
#894=CARTESIAN_POINT('',(-0.297244094488189,0.297244094488189,0.555131889374975));
#895=DIRECTION('',(1.0,0.0,0.0));
#896=VECTOR('',#895,0.244094488188976);
#897=LINE('',#894,#896);
#898=EDGE_CURVE('',#893,#885,#897,.T.);
#899=ORIENTED_EDGE('',*,*,#898,.F.);
#900=CARTESIAN_POINT('',(-0.297244094488189,-0.297244094488189,0.555131889374975));
#901=VERTEX_POINT('',#900);
#902=CARTESIAN_POINT('',(-0.297244094488189,-0.297244094488189,0.555131889374975));
#903=DIRECTION('',(0.0,1.0,0.0));
#904=VECTOR('',#903,0.594488188976378);
#905=LINE('',#902,#904);
#906=EDGE_CURVE('',#901,#893,#905,.T.);
#907=ORIENTED_EDGE('',*,*,#906,.F.);
#908=CARTESIAN_POINT('',(0.297244094488189,-0.297244094488189,0.555131889374975));
#909=VERTEX_POINT('',#908);
#910=CARTESIAN_POINT('',(0.297244094488189,-0.297244094488189,0.555131889374975));
#911=DIRECTION('',(-1.0,0.0,0.0));
#912=VECTOR('',#911,0.594488188976378);
#913=LINE('',#910,#912);
#914=EDGE_CURVE('',#909,#901,#913,.T.);
#915=ORIENTED_EDGE('',*,*,#914,.F.);
#916=CARTESIAN_POINT('',(0.297244094488189,0.297244094488189,0.555131889374975));
#917=VERTEX_POINT('',#916);
#918=CARTESIAN_POINT('',(0.297244094488189,0.297244094488189,0.555131889374975));
#919=DIRECTION('',(0.0,-1.0,0.0));
#920=VECTOR('',#919,0.594488188976378);
#921=LINE('',#918,#920);
#922=EDGE_CURVE('',#917,#909,#921,.T.);
#923=ORIENTED_EDGE('',*,*,#922,.F.);
#924=CARTESIAN_POINT('',(0.053149606299213,0.297244094488189,0.555131889374975));
#925=VERTEX_POINT('',#924);
#926=CARTESIAN_POINT('',(0.053149606299213,0.297244094488189,0.555131889374975));
#927=DIRECTION('',(1.0,0.0,0.0));
#928=VECTOR('',#927,0.244094488188976);
#929=LINE('',#926,#928);
#930=EDGE_CURVE('',#925,#917,#929,.T.);
#931=ORIENTED_EDGE('',*,*,#930,.F.);
#932=CARTESIAN_POINT('',(0.053149606299213,0.297244094488189,0.555131889374975));
#933=DIRECTION('',(0.0,-1.0,0.0));
#934=VECTOR('',#933,0.001968503937008);
#935=LINE('',#932,#934);
#936=EDGE_CURVE('',#925,#161,#935,.T.);
#937=ORIENTED_EDGE('',*,*,#936,.T.);
#938=EDGE_LOOP('',(#872,#873,#874,#875,#876,#877,#878,#879,#880,#881,#882,#883,#891,#899,#907,#915,#923,#931,#937));
#939=FACE_OUTER_BOUND('',#938,.T.);
#940=CARTESIAN_POINT('',(0.248031496062992,-0.248031496062992,0.555131889374975));
#941=VERTEX_POINT('',#940);
#942=CARTESIAN_POINT('',(0.248031496062992,-0.068897637795276,0.555131889374975));
#943=VERTEX_POINT('',#942);
#944=CARTESIAN_POINT('',(0.248031496062992,-0.248031496062992,0.555131889374975));
#945=DIRECTION('',(0.0,1.0,0.0));
#946=VECTOR('',#945,0.179133858267716);
#947=LINE('',#944,#946);
#948=EDGE_CURVE('',#941,#943,#947,.T.);
#949=ORIENTED_EDGE('',*,*,#948,.F.);
#950=CARTESIAN_POINT('',(-0.248031496062992,-0.248031496062992,0.555131889374975));
#951=VERTEX_POINT('',#950);
#952=CARTESIAN_POINT('',(-0.248031496062992,-0.248031496062992,0.555131889374975));
#953=DIRECTION('',(1.0,0.0,0.0));
#954=VECTOR('',#953,0.496062992125984);
#955=LINE('',#952,#954);
#956=EDGE_CURVE('',#951,#941,#955,.T.);
#957=ORIENTED_EDGE('',*,*,#956,.F.);
#958=CARTESIAN_POINT('',(-0.248031496062992,-0.068897637795276,0.555131889374975));
#959=VERTEX_POINT('',#958);
#960=CARTESIAN_POINT('',(-0.248031496062992,-0.068897637795276,0.555131889374975));
#961=DIRECTION('',(0.0,-1.0,0.0));
#962=VECTOR('',#961,0.179133858267716);
#963=LINE('',#960,#962);
#964=EDGE_CURVE('',#959,#951,#963,.T.);
#965=ORIENTED_EDGE('',*,*,#964,.F.);
#966=CARTESIAN_POINT('',(-0.202755905511811,-0.068897637795276,0.555131889374975));
#967=VERTEX_POINT('',#966);
#968=CARTESIAN_POINT('',(-0.202755905511811,-0.068897637795276,0.555131889374975));
#969=DIRECTION('',(-1.0,0.0,0.0));
#970=VECTOR('',#969,0.045275590551181);
#971=LINE('',#968,#970);
#972=EDGE_CURVE('',#967,#959,#971,.T.);
#973=ORIENTED_EDGE('',*,*,#972,.F.);
#974=CARTESIAN_POINT('',(-0.202755905511811,0.068897637795276,0.555131889374975));
#975=VERTEX_POINT('',#974);
#976=CARTESIAN_POINT('',(-0.202755905511811,0.068897637795276,0.555131889374975));
#977=DIRECTION('',(0.0,-1.0,0.0));
#978=VECTOR('',#977,0.137795275590552);
#979=LINE('',#976,#978);
#980=EDGE_CURVE('',#975,#967,#979,.T.);
#981=ORIENTED_EDGE('',*,*,#980,.F.);
#982=CARTESIAN_POINT('',(-0.248031496062992,0.068897637795276,0.555131889374975));
#983=VERTEX_POINT('',#982);
#984=CARTESIAN_POINT('',(-0.248031496062992,0.068897637795276,0.555131889374975));
#985=DIRECTION('',(1.0,0.0,0.0));
#986=VECTOR('',#985,0.045275590551181);
#987=LINE('',#984,#986);
#988=EDGE_CURVE('',#983,#975,#987,.T.);
#989=ORIENTED_EDGE('',*,*,#988,.F.);
#990=CARTESIAN_POINT('',(-0.248031496062992,0.248031496062992,0.555131889374975));
#991=VERTEX_POINT('',#990);
#992=CARTESIAN_POINT('',(-0.248031496062992,0.248031496062992,0.555131889374975));
#993=DIRECTION('',(0.0,-1.0,0.0));
#994=VECTOR('',#993,0.179133858267716);
#995=LINE('',#992,#994);
#996=EDGE_CURVE('',#991,#983,#995,.T.);
#997=ORIENTED_EDGE('',*,*,#996,.F.);
#998=CARTESIAN_POINT('',(0.248031496062992,0.248031496062992,0.555131889374975));
#999=VERTEX_POINT('',#998);
#1000=CARTESIAN_POINT('',(0.248031496062992,0.248031496062992,0.555131889374975));
#1001=DIRECTION('',(-1.0,0.0,0.0));
#1002=VECTOR('',#1001,0.496062992125984);
#1003=LINE('',#1000,#1002);
#1004=EDGE_CURVE('',#999,#991,#1003,.T.);
#1005=ORIENTED_EDGE('',*,*,#1004,.F.);
#1006=CARTESIAN_POINT('',(0.248031496062992,0.068897637795276,0.555131889374975));
#1007=VERTEX_POINT('',#1006);
#1008=CARTESIAN_POINT('',(0.248031496062992,0.068897637795276,0.555131889374975));
#1009=DIRECTION('',(0.0,1.0,0.0));
#1010=VECTOR('',#1009,0.179133858267716);
#1011=LINE('',#1008,#1010);
#1012=EDGE_CURVE('',#1007,#999,#1011,.T.);
#1013=ORIENTED_EDGE('',*,*,#1012,.F.);
#1014=CARTESIAN_POINT('',(0.202755905511811,0.068897637795276,0.555131889374975));
#1015=VERTEX_POINT('',#1014);
#1016=CARTESIAN_POINT('',(0.202755905511811,0.068897637795276,0.555131889374975));
#1017=DIRECTION('',(1.0,0.0,0.0));
#1018=VECTOR('',#1017,0.045275590551181);
#1019=LINE('',#1016,#1018);
#1020=EDGE_CURVE('',#1015,#1007,#1019,.T.);
#1021=ORIENTED_EDGE('',*,*,#1020,.F.);
#1022=CARTESIAN_POINT('',(0.202755905511811,-0.068897637795276,0.555131889374975));
#1023=VERTEX_POINT('',#1022);
#1024=CARTESIAN_POINT('',(0.202755905511811,-0.068897637795276,0.555131889374975));
#1025=DIRECTION('',(0.0,1.0,0.0));
#1026=VECTOR('',#1025,0.137795275590552);
#1027=LINE('',#1024,#1026);
#1028=EDGE_CURVE('',#1023,#1015,#1027,.T.);
#1029=ORIENTED_EDGE('',*,*,#1028,.F.);
#1030=CARTESIAN_POINT('',(0.248031496062992,-0.068897637795276,0.555131889374975));
#1031=DIRECTION('',(-1.0,0.0,0.0));
#1032=VECTOR('',#1031,0.045275590551181);
#1033=LINE('',#1030,#1032);
#1034=EDGE_CURVE('',#943,#1023,#1033,.T.);
#1035=ORIENTED_EDGE('',*,*,#1034,.F.);
#1036=EDGE_LOOP('',(#949,#957,#965,#973,#981,#989,#997,#1005,#1013,#1021,#1029,#1035));
#1037=FACE_BOUND('',#1036,.T.);
#1038=ADVANCED_FACE('',(#939,#1037),#871,.T.);
#1039=CARTESIAN_POINT('',(-0.200492125984252,0.075787401574804,0.594501968115132));
#1040=DIRECTION('',(0.0,0.0,1.0));
#1041=DIRECTION('',(1.0,0.0,0.0));
#1042=AXIS2_PLACEMENT_3D('',#1039,#1040,#1041);
#1043=PLANE('',#1042);
#1044=CARTESIAN_POINT('',(-0.206692913385827,0.049212598425197,0.594501968115132));
#1045=VERTEX_POINT('',#1044);
#1046=CARTESIAN_POINT('',(-0.202755905511811,0.049212598425197,0.594501968115132));
#1047=VERTEX_POINT('',#1046);
#1048=CARTESIAN_POINT('',(-0.206692913385827,0.049212598425197,0.594501968115132));
#1049=DIRECTION('',(1.0,0.0,0.0));
#1050=VECTOR('',#1049,0.003937007874016);
#1051=LINE('',#1048,#1050);
#1052=EDGE_CURVE('',#1045,#1047,#1051,.T.);
#1053=ORIENTED_EDGE('',*,*,#1052,.F.);
#1054=CARTESIAN_POINT('',(-0.206692913385827,-0.049212598425197,0.594501968115132));
#1055=VERTEX_POINT('',#1054);
#1056=CARTESIAN_POINT('',(-0.206692913385827,-0.049212598425197,0.594501968115133));
#1057=DIRECTION('',(0.0,1.0,0.0));
#1058=VECTOR('',#1057,0.098425196850394);
#1059=LINE('',#1056,#1058);
#1060=EDGE_CURVE('',#1055,#1045,#1059,.T.);
#1061=ORIENTED_EDGE('',*,*,#1060,.F.);
#1062=CARTESIAN_POINT('',(-0.202755905511811,-0.049212598425197,0.594501968115132));
#1063=VERTEX_POINT('',#1062);
#1064=CARTESIAN_POINT('',(-0.202755905511811,-0.049212598425197,0.594501968115132));
#1065=DIRECTION('',(-1.0,0.0,0.0));
#1066=VECTOR('',#1065,0.003937007874016);
#1067=LINE('',#1064,#1066);
#1068=EDGE_CURVE('',#1063,#1055,#1067,.T.);
#1069=ORIENTED_EDGE('',*,*,#1068,.F.);
#1070=CARTESIAN_POINT('',(-0.202755905511811,-0.068897637795276,0.594501968115132));
#1071=VERTEX_POINT('',#1070);
#1072=CARTESIAN_POINT('',(-0.202755905511811,-0.068897637795276,0.594501968115132));
#1073=DIRECTION('',(0.0,1.0,0.0));
#1074=VECTOR('',#1073,0.019685039370079);
#1075=LINE('',#1072,#1074);
#1076=EDGE_CURVE('',#1071,#1063,#1075,.T.);
#1077=ORIENTED_EDGE('',*,*,#1076,.F.);
#1078=CARTESIAN_POINT('',(-0.248031496062992,-0.068897637795276,0.594501968115132));
#1079=VERTEX_POINT('',#1078);
#1080=CARTESIAN_POINT('',(-0.248031496062992,-0.068897637795276,0.594501968115132));
#1081=DIRECTION('',(1.0,0.0,0.0));
#1082=VECTOR('',#1081,0.045275590551181);
#1083=LINE('',#1080,#1082);
#1084=EDGE_CURVE('',#1079,#1071,#1083,.T.);
#1085=ORIENTED_EDGE('',*,*,#1084,.F.);
#1086=CARTESIAN_POINT('',(-0.248031496062992,0.068897637795276,0.594501968115132));
#1087=VERTEX_POINT('',#1086);
#1088=CARTESIAN_POINT('',(-0.248031496062992,0.068897637795276,0.594501968115132));
#1089=DIRECTION('',(0.0,-1.0,0.0));
#1090=VECTOR('',#1089,0.137795275590552);
#1091=LINE('',#1088,#1090);
#1092=EDGE_CURVE('',#1087,#1079,#1091,.T.);
#1093=ORIENTED_EDGE('',*,*,#1092,.F.);
#1094=CARTESIAN_POINT('',(-0.202755905511811,0.068897637795276,0.594501968115132));
#1095=VERTEX_POINT('',#1094);
#1096=CARTESIAN_POINT('',(-0.248031496062992,0.068897637795276,0.594501968115132));
#1097=DIRECTION('',(1.0,0.0,0.0));
#1098=VECTOR('',#1097,0.045275590551181);
#1099=LINE('',#1096,#1098);
#1100=EDGE_CURVE('',#1087,#1095,#1099,.T.);
#1101=ORIENTED_EDGE('',*,*,#1100,.T.);
#1102=CARTESIAN_POINT('',(-0.202755905511811,0.049212598425197,0.594501968115132));
#1103=DIRECTION('',(0.0,1.0,0.0));
#1104=VECTOR('',#1103,0.019685039370079);
#1105=LINE('',#1102,#1104);
#1106=EDGE_CURVE('',#1047,#1095,#1105,.T.);
#1107=ORIENTED_EDGE('',*,*,#1106,.F.);
#1108=EDGE_LOOP('',(#1053,#1061,#1069,#1077,#1085,#1093,#1101,#1107));
#1109=FACE_OUTER_BOUND('',#1108,.T.);
#1110=ADVANCED_FACE('',(#1109),#1043,.F.);
#1111=CARTESIAN_POINT('',(-0.186220472440945,0.202755905511811,0.655722440556077));
#1112=DIRECTION('',(0.0,1.0,0.0));
#1113=DIRECTION('',(0.0,0.0,1.0));
#1114=AXIS2_PLACEMENT_3D('',#1111,#1112,#1113);
#1115=PLANE('',#1114);
#1116=CARTESIAN_POINT('',(-0.187007874015748,0.202755905511811,0.649620078351353));
#1117=VERTEX_POINT('',#1116);
#1118=CARTESIAN_POINT('',(-0.187007874015748,0.202755905511811,0.527572834256865));
#1119=VERTEX_POINT('',#1118);
#1120=CARTESIAN_POINT('',(-0.187007874015748,0.202755905511811,0.649620078351353));
#1121=DIRECTION('',(0.0,0.0,-1.0));
#1122=VECTOR('',#1121,0.122047244094488);
#1123=LINE('',#1120,#1122);
#1124=EDGE_CURVE('',#1117,#1119,#1123,.T.);
#1125=ORIENTED_EDGE('',*,*,#1124,.F.);
#1126=CARTESIAN_POINT('',(-0.202755905511811,0.202755905511811,0.649620078351353));
#1127=VERTEX_POINT('',#1126);
#1128=CARTESIAN_POINT('',(-0.202755905511811,0.202755905511811,0.649620078351353));
#1129=DIRECTION('',(1.0,0.0,0.0));
#1130=VECTOR('',#1129,0.015748031496063);
#1131=LINE('',#1128,#1130);
#1132=EDGE_CURVE('',#1127,#1117,#1131,.T.);
#1133=ORIENTED_EDGE('',*,*,#1132,.F.);
#1134=CARTESIAN_POINT('',(-0.202755905511811,0.202755905511811,0.527572834256865));
#1135=VERTEX_POINT('',#1134);
#1136=CARTESIAN_POINT('',(-0.202755905511811,0.202755905511811,0.527572834256865));
#1137=DIRECTION('',(0.0,0.0,1.0));
#1138=VECTOR('',#1137,0.122047244094488);
#1139=LINE('',#1136,#1138);
#1140=EDGE_CURVE('',#1135,#1127,#1139,.T.);
#1141=ORIENTED_EDGE('',*,*,#1140,.F.);
#1142=CARTESIAN_POINT('',(-0.187007874015748,0.202755905511811,0.527572834256865));
#1143=DIRECTION('',(-1.0,0.0,0.0));
#1144=VECTOR('',#1143,0.015748031496063);
#1145=LINE('',#1142,#1144);
#1146=EDGE_CURVE('',#1119,#1135,#1145,.T.);
#1147=ORIENTED_EDGE('',*,*,#1146,.F.);
#1148=EDGE_LOOP('',(#1125,#1133,#1141,#1147));
#1149=FACE_OUTER_BOUND('',#1148,.T.);
#1150=ADVANCED_FACE('',(#1149),#1115,.F.);
#1151=CARTESIAN_POINT('',(0.202755905511811,-0.186220472440945,0.521470472052141));
#1152=DIRECTION('',(1.0,0.0,0.0));
#1153=DIRECTION('',(0.0,0.0,-1.0));
#1154=AXIS2_PLACEMENT_3D('',#1151,#1152,#1153);
#1155=PLANE('',#1154);
#1156=CARTESIAN_POINT('',(0.202755905511811,-0.187007874015748,0.527572834256865));
#1157=VERTEX_POINT('',#1156);
#1158=CARTESIAN_POINT('',(0.202755905511811,-0.187007874015748,0.649620078351353));
#1159=VERTEX_POINT('',#1158);
#1160=CARTESIAN_POINT('',(0.202755905511811,-0.187007874015748,0.527572834256865));
#1161=DIRECTION('',(0.0,0.0,1.0));
#1162=VECTOR('',#1161,0.122047244094488);
#1163=LINE('',#1160,#1162);
#1164=EDGE_CURVE('',#1157,#1159,#1163,.T.);
#1165=ORIENTED_EDGE('',*,*,#1164,.F.);
#1166=CARTESIAN_POINT('',(0.202755905511811,-0.202755905511811,0.527572834256865));
#1167=VERTEX_POINT('',#1166);
#1168=CARTESIAN_POINT('',(0.202755905511811,-0.202755905511811,0.527572834256865));
#1169=DIRECTION('',(0.0,1.0,0.0));
#1170=VECTOR('',#1169,0.015748031496063);
#1171=LINE('',#1168,#1170);
#1172=EDGE_CURVE('',#1167,#1157,#1171,.T.);
#1173=ORIENTED_EDGE('',*,*,#1172,.F.);
#1174=CARTESIAN_POINT('',(0.202755905511811,-0.202755905511811,0.649620078351353));
#1175=VERTEX_POINT('',#1174);
#1176=CARTESIAN_POINT('',(0.202755905511811,-0.202755905511811,0.527572834256865));
#1177=DIRECTION('',(0.0,0.0,1.0));
#1178=VECTOR('',#1177,0.122047244094488);
#1179=LINE('',#1176,#1178);
#1180=EDGE_CURVE('',#1167,#1175,#1179,.T.);
#1181=ORIENTED_EDGE('',*,*,#1180,.T.);
#1182=CARTESIAN_POINT('',(0.202755905511811,-0.187007874015748,0.649620078351353));
#1183=DIRECTION('',(0.0,-1.0,0.0));
#1184=VECTOR('',#1183,0.015748031496063);
#1185=LINE('',#1182,#1184);
#1186=EDGE_CURVE('',#1159,#1175,#1185,.T.);
#1187=ORIENTED_EDGE('',*,*,#1186,.F.);
#1188=EDGE_LOOP('',(#1165,#1173,#1181,#1187));
#1189=FACE_OUTER_BOUND('',#1188,.T.);
#1190=ADVANCED_FACE('',(#1189),#1155,.F.);
#1191=CARTESIAN_POINT('',(0.202755905511811,0.203543307086614,0.521470472052141));
#1192=DIRECTION('',(1.0,0.0,0.0));
#1193=DIRECTION('',(0.0,0.0,-1.0));
#1194=AXIS2_PLACEMENT_3D('',#1191,#1192,#1193);
#1195=PLANE('',#1194);
#1196=CARTESIAN_POINT('',(0.202755905511811,0.187007874015748,0.649620078351353));
#1197=VERTEX_POINT('',#1196);
#1198=CARTESIAN_POINT('',(0.202755905511811,0.187007874015748,0.527572834256865));
#1199=VERTEX_POINT('',#1198);
#1200=CARTESIAN_POINT('',(0.202755905511811,0.187007874015748,0.649620078351353));
#1201=DIRECTION('',(0.0,0.0,-1.0));
#1202=VECTOR('',#1201,0.122047244094488);
#1203=LINE('',#1200,#1202);
#1204=EDGE_CURVE('',#1197,#1199,#1203,.T.);
#1205=ORIENTED_EDGE('',*,*,#1204,.F.);
#1206=CARTESIAN_POINT('',(0.202755905511811,0.202755905511811,0.649620078351353));
#1207=VERTEX_POINT('',#1206);
#1208=CARTESIAN_POINT('',(0.202755905511811,0.202755905511811,0.649620078351353));
#1209=DIRECTION('',(0.0,-1.0,0.0));
#1210=VECTOR('',#1209,0.015748031496063);
#1211=LINE('',#1208,#1210);
#1212=EDGE_CURVE('',#1207,#1197,#1211,.T.);
#1213=ORIENTED_EDGE('',*,*,#1212,.F.);
#1214=CARTESIAN_POINT('',(0.202755905511811,0.202755905511811,0.527572834256865));
#1215=VERTEX_POINT('',#1214);
#1216=CARTESIAN_POINT('',(0.202755905511811,0.202755905511811,0.527572834256865));
#1217=DIRECTION('',(0.0,0.0,1.0));
#1218=VECTOR('',#1217,0.122047244094488);
#1219=LINE('',#1216,#1218);
#1220=EDGE_CURVE('',#1215,#1207,#1219,.T.);
#1221=ORIENTED_EDGE('',*,*,#1220,.F.);
#1222=CARTESIAN_POINT('',(0.202755905511811,0.187007874015748,0.527572834256865));
#1223=DIRECTION('',(0.0,1.0,0.0));
#1224=VECTOR('',#1223,0.015748031496063);
#1225=LINE('',#1222,#1224);
#1226=EDGE_CURVE('',#1199,#1215,#1225,.T.);
#1227=ORIENTED_EDGE('',*,*,#1226,.F.);
#1228=EDGE_LOOP('',(#1205,#1213,#1221,#1227));
#1229=FACE_OUTER_BOUND('',#1228,.T.);
#1230=ADVANCED_FACE('',(#1229),#1195,.F.);
#1231=CARTESIAN_POINT('',(-0.202755905511811,-0.186220472440945,0.655722440556077));
#1232=DIRECTION('',(-1.0,0.0,0.0));
#1233=DIRECTION('',(0.0,0.0,1.0));
#1234=AXIS2_PLACEMENT_3D('',#1231,#1232,#1233);
#1235=PLANE('',#1234);
#1236=CARTESIAN_POINT('',(-0.202755905511811,-0.187007874015748,0.649620078351353));
#1237=VERTEX_POINT('',#1236);
#1238=CARTESIAN_POINT('',(-0.202755905511811,-0.187007874015748,0.527572834256865));
#1239=VERTEX_POINT('',#1238);
#1240=CARTESIAN_POINT('',(-0.202755905511811,-0.187007874015748,0.649620078351353));
#1241=DIRECTION('',(0.0,0.0,-1.0));
#1242=VECTOR('',#1241,0.122047244094488);
#1243=LINE('',#1240,#1242);
#1244=EDGE_CURVE('',#1237,#1239,#1243,.T.);
#1245=ORIENTED_EDGE('',*,*,#1244,.F.);
#1246=CARTESIAN_POINT('',(-0.202755905511811,-0.202755905511811,0.649620078351353));
#1247=VERTEX_POINT('',#1246);
#1248=CARTESIAN_POINT('',(-0.202755905511811,-0.202755905511811,0.649620078351353));
#1249=DIRECTION('',(0.0,1.0,0.0));
#1250=VECTOR('',#1249,0.015748031496063);
#1251=LINE('',#1248,#1250);
#1252=EDGE_CURVE('',#1247,#1237,#1251,.T.);
#1253=ORIENTED_EDGE('',*,*,#1252,.F.);
#1254=CARTESIAN_POINT('',(-0.202755905511811,-0.202755905511811,0.527572834256865));
#1255=VERTEX_POINT('',#1254);
#1256=CARTESIAN_POINT('',(-0.202755905511811,-0.202755905511811,0.527572834256865));
#1257=DIRECTION('',(0.0,0.0,1.0));
#1258=VECTOR('',#1257,0.122047244094488);
#1259=LINE('',#1256,#1258);
#1260=EDGE_CURVE('',#1255,#1247,#1259,.T.);
#1261=ORIENTED_EDGE('',*,*,#1260,.F.);
#1262=CARTESIAN_POINT('',(-0.202755905511811,-0.187007874015748,0.527572834256865));
#1263=DIRECTION('',(0.0,-1.0,0.0));
#1264=VECTOR('',#1263,0.015748031496063);
#1265=LINE('',#1262,#1264);
#1266=EDGE_CURVE('',#1239,#1255,#1265,.T.);
#1267=ORIENTED_EDGE('',*,*,#1266,.F.);
#1268=EDGE_LOOP('',(#1245,#1253,#1261,#1267));
#1269=FACE_OUTER_BOUND('',#1268,.T.);
#1270=ADVANCED_FACE('',(#1269),#1235,.F.);
#1271=CARTESIAN_POINT('',(-0.186220472440945,-0.202755905511811,0.521470472052141));
#1272=DIRECTION('',(0.0,-1.0,0.0));
#1273=DIRECTION('',(0.0,0.0,-1.0));
#1274=AXIS2_PLACEMENT_3D('',#1271,#1272,#1273);
#1275=PLANE('',#1274);
#1276=CARTESIAN_POINT('',(-0.187007874015748,-0.202755905511811,0.527572834256865));
#1277=VERTEX_POINT('',#1276);
#1278=CARTESIAN_POINT('',(-0.187007874015748,-0.202755905511811,0.649620078351353));
#1279=VERTEX_POINT('',#1278);
#1280=CARTESIAN_POINT('',(-0.187007874015748,-0.202755905511811,0.527572834256865));
#1281=DIRECTION('',(0.0,0.0,1.0));
#1282=VECTOR('',#1281,0.122047244094488);
#1283=LINE('',#1280,#1282);
#1284=EDGE_CURVE('',#1277,#1279,#1283,.T.);
#1285=ORIENTED_EDGE('',*,*,#1284,.F.);
#1286=CARTESIAN_POINT('',(-0.202755905511811,-0.202755905511811,0.527572834256865));
#1287=DIRECTION('',(1.0,0.0,0.0));
#1288=VECTOR('',#1287,0.015748031496063);
#1289=LINE('',#1286,#1288);
#1290=EDGE_CURVE('',#1255,#1277,#1289,.T.);
#1291=ORIENTED_EDGE('',*,*,#1290,.F.);
#1292=ORIENTED_EDGE('',*,*,#1260,.T.);
#1293=CARTESIAN_POINT('',(-0.187007874015748,-0.202755905511811,0.649620078351353));
#1294=DIRECTION('',(-1.0,0.0,0.0));
#1295=VECTOR('',#1294,0.015748031496063);
#1296=LINE('',#1293,#1295);
#1297=EDGE_CURVE('',#1279,#1247,#1296,.T.);
#1298=ORIENTED_EDGE('',*,*,#1297,.F.);
#1299=EDGE_LOOP('',(#1285,#1291,#1292,#1298));
#1300=FACE_OUTER_BOUND('',#1299,.T.);
#1301=ADVANCED_FACE('',(#1300),#1275,.F.);
#1302=CARTESIAN_POINT('',(0.201377952755905,0.201377952755905,0.649620078351353));
#1303=DIRECTION('',(0.0,0.0,1.0));
#1304=DIRECTION('',(1.0,0.0,0.0));
#1305=AXIS2_PLACEMENT_3D('',#1302,#1303,#1304);
#1306=PLANE('',#1305);
#1307=CARTESIAN_POINT('',(-0.171278731875252,0.183070866141732,0.649620078351353));
#1308=VERTEX_POINT('',#1307);
#1309=CARTESIAN_POINT('',(-0.183070866141732,0.17162377062038,0.649620078351353));
#1310=VERTEX_POINT('',#1309);
#1311=CARTESIAN_POINT('',(-0.170767716535433,0.171127707628254,0.649620078351353));
#1312=DIRECTION('',(0.0,0.0,1.0));
#1313=DIRECTION('',(-0.889287802318146,0.457348012620763,0.0));
#1314=AXIS2_PLACEMENT_3D('',#1311,#1312,#1313);
#1315=ELLIPSE('',#1314,0.012430054163699,0.011811023622047);
#1316=EDGE_CURVE('',#1308,#1310,#1315,.T.);
#1317=ORIENTED_EDGE('',*,*,#1316,.F.);
#1318=CARTESIAN_POINT('',(0.171278731875252,0.183070866141732,0.649620078351353));
#1319=VERTEX_POINT('',#1318);
#1320=CARTESIAN_POINT('',(-0.171278731875252,0.183070866141732,0.649620078351353));
#1321=DIRECTION('',(1.0,0.0,0.0));
#1322=VECTOR('',#1321,0.342557463750504);
#1323=LINE('',#1320,#1322);
#1324=EDGE_CURVE('',#1308,#1319,#1323,.T.);
#1325=ORIENTED_EDGE('',*,*,#1324,.T.);
#1326=CARTESIAN_POINT('',(0.183070866141732,0.17162377062038,0.649620078351353));
#1327=VERTEX_POINT('',#1326);
#1328=CARTESIAN_POINT('',(0.170767716535433,0.171127707628254,0.649620078351353));
#1329=DIRECTION('',(0.0,0.0,1.0));
#1330=DIRECTION('',(0.889287802318147,0.457348012620762,0.0));
#1331=AXIS2_PLACEMENT_3D('',#1328,#1329,#1330);
#1332=ELLIPSE('',#1331,0.012430054163699,0.011811023622047);
#1333=EDGE_CURVE('',#1327,#1319,#1332,.T.);
#1334=ORIENTED_EDGE('',*,*,#1333,.F.);
#1335=CARTESIAN_POINT('',(0.183070866141732,-0.17162377062038,0.649620078351353));
#1336=VERTEX_POINT('',#1335);
#1337=CARTESIAN_POINT('',(0.183070866141732,0.17162377062038,0.649620078351353));
#1338=DIRECTION('',(0.0,-1.0,0.0));
#1339=VECTOR('',#1338,0.34324754124076);
#1340=LINE('',#1337,#1339);
#1341=EDGE_CURVE('',#1327,#1336,#1340,.T.);
#1342=ORIENTED_EDGE('',*,*,#1341,.T.);
#1343=CARTESIAN_POINT('',(0.171278731875252,-0.183070866141732,0.649620078351353));
#1344=VERTEX_POINT('',#1343);
#1345=CARTESIAN_POINT('',(0.170767716535433,-0.171127707628254,0.649620078351353));
#1346=DIRECTION('',(0.0,0.0,1.0));
#1347=DIRECTION('',(0.889287802318147,-0.457348012620761,0.0));
#1348=AXIS2_PLACEMENT_3D('',#1345,#1346,#1347);
#1349=ELLIPSE('',#1348,0.012430054163699,0.011811023622047);
#1350=EDGE_CURVE('',#1344,#1336,#1349,.T.);
#1351=ORIENTED_EDGE('',*,*,#1350,.F.);
#1352=CARTESIAN_POINT('',(-0.171278731875252,-0.183070866141732,0.649620078351353));
#1353=VERTEX_POINT('',#1352);
#1354=CARTESIAN_POINT('',(0.171278731875252,-0.183070866141732,0.649620078351353));
#1355=DIRECTION('',(-1.0,0.0,0.0));
#1356=VECTOR('',#1355,0.342557463750504);
#1357=LINE('',#1354,#1356);
#1358=EDGE_CURVE('',#1344,#1353,#1357,.T.);
#1359=ORIENTED_EDGE('',*,*,#1358,.T.);
#1360=CARTESIAN_POINT('',(-0.183070866141732,-0.17162377062038,0.649620078351353));
#1361=VERTEX_POINT('',#1360);
#1362=CARTESIAN_POINT('',(-0.170767716535433,-0.171127707628254,0.649620078351353));
#1363=DIRECTION('',(0.0,0.0,1.0));
#1364=DIRECTION('',(-0.889287802318147,-0.457348012620761,0.0));
#1365=AXIS2_PLACEMENT_3D('',#1362,#1363,#1364);
#1366=ELLIPSE('',#1365,0.012430054163699,0.011811023622047);
#1367=EDGE_CURVE('',#1361,#1353,#1366,.T.);
#1368=ORIENTED_EDGE('',*,*,#1367,.F.);
#1369=CARTESIAN_POINT('',(-0.183070866141732,-0.17162377062038,0.649620078351353));
#1370=DIRECTION('',(0.0,1.0,0.0));
#1371=VECTOR('',#1370,0.34324754124076);
#1372=LINE('',#1369,#1371);
#1373=EDGE_CURVE('',#1361,#1310,#1372,.T.);
#1374=ORIENTED_EDGE('',*,*,#1373,.T.);
#1375=EDGE_LOOP('',(#1317,#1325,#1334,#1342,#1351,#1359,#1368,#1374));
#1376=FACE_OUTER_BOUND('',#1375,.T.);
#1377=ADVANCED_FACE('',(#1376),#1306,.F.);
#1378=CARTESIAN_POINT('',(2.116636E-032,2.980198E-018,0.649620078351353));
#1379=DIRECTION('',(0.0,0.0,1.0));
#1380=DIRECTION('',(1.0,0.0,0.0));
#1381=AXIS2_PLACEMENT_3D('',#1378,#1379,#1380);
#1382=PLANE('',#1381);
#1383=CARTESIAN_POINT('',(-0.187007874015748,-0.187007874015748,0.649620078351353));
#1384=DIRECTION('',(0.0,0.0,-1.0));
#1385=DIRECTION('',(-0.707106781186548,-0.707106781186548,0.0));
#1386=AXIS2_PLACEMENT_3D('',#1383,#1384,#1385);
#1387=CIRCLE('',#1386,0.015748031496063);
#1388=EDGE_CURVE('',#1279,#1237,#1387,.T.);
#1389=ORIENTED_EDGE('',*,*,#1388,.F.);
#1390=ORIENTED_EDGE('',*,*,#1297,.T.);
#1391=ORIENTED_EDGE('',*,*,#1252,.T.);
#1392=EDGE_LOOP('',(#1389,#1390,#1391));
#1393=FACE_OUTER_BOUND('',#1392,.T.);
#1394=ADVANCED_FACE('',(#1393),#1382,.F.);
#1395=CARTESIAN_POINT('',(-0.186220472440945,0.203543307086614,0.649620078351353));
#1396=DIRECTION('',(0.0,0.0,1.0));
#1397=DIRECTION('',(1.0,0.0,0.0));
#1398=AXIS2_PLACEMENT_3D('',#1395,#1396,#1397);
#1399=PLANE('',#1398);
#1400=CARTESIAN_POINT('',(-0.202755905511811,0.187007874015748,0.649620078351353));
#1401=VERTEX_POINT('',#1400);
#1402=CARTESIAN_POINT('',(-0.187007874015748,0.187007874015748,0.649620078351353));
#1403=DIRECTION('',(0.0,0.0,-1.0));
#1404=DIRECTION('',(-0.707106781186548,0.707106781186548,0.0));
#1405=AXIS2_PLACEMENT_3D('',#1402,#1403,#1404);
#1406=CIRCLE('',#1405,0.015748031496063);
#1407=EDGE_CURVE('',#1401,#1117,#1406,.T.);
#1408=ORIENTED_EDGE('',*,*,#1407,.F.);
#1409=CARTESIAN_POINT('',(-0.202755905511811,0.187007874015748,0.649620078351353));
#1410=DIRECTION('',(0.0,1.0,0.0));
#1411=VECTOR('',#1410,0.015748031496063);
#1412=LINE('',#1409,#1411);
#1413=EDGE_CURVE('',#1401,#1127,#1412,.T.);
#1414=ORIENTED_EDGE('',*,*,#1413,.T.);
#1415=ORIENTED_EDGE('',*,*,#1132,.T.);
#1416=EDGE_LOOP('',(#1408,#1414,#1415));
#1417=FACE_OUTER_BOUND('',#1416,.T.);
#1418=ADVANCED_FACE('',(#1417),#1399,.F.);
#1419=CARTESIAN_POINT('',(0.203543307086614,-0.186220472440945,0.649620078351353));
#1420=DIRECTION('',(0.0,0.0,1.0));
#1421=DIRECTION('',(1.0,0.0,0.0));
#1422=AXIS2_PLACEMENT_3D('',#1419,#1420,#1421);
#1423=PLANE('',#1422);
#1424=CARTESIAN_POINT('',(0.187007874015748,-0.202755905511811,0.649620078351353));
#1425=VERTEX_POINT('',#1424);
#1426=CARTESIAN_POINT('',(0.187007874015748,-0.187007874015748,0.649620078351353));
#1427=DIRECTION('',(0.0,0.0,-1.0));
#1428=DIRECTION('',(0.707106781186548,-0.707106781186548,0.0));
#1429=AXIS2_PLACEMENT_3D('',#1426,#1427,#1428);
#1430=CIRCLE('',#1429,0.015748031496063);
#1431=EDGE_CURVE('',#1159,#1425,#1430,.T.);
#1432=ORIENTED_EDGE('',*,*,#1431,.F.);
#1433=ORIENTED_EDGE('',*,*,#1186,.T.);
#1434=CARTESIAN_POINT('',(0.202755905511811,-0.202755905511811,0.649620078351353));
#1435=DIRECTION('',(-1.0,0.0,0.0));
#1436=VECTOR('',#1435,0.015748031496063);
#1437=LINE('',#1434,#1436);
#1438=EDGE_CURVE('',#1175,#1425,#1437,.T.);
#1439=ORIENTED_EDGE('',*,*,#1438,.T.);
#1440=EDGE_LOOP('',(#1432,#1433,#1439));
#1441=FACE_OUTER_BOUND('',#1440,.T.);
#1442=ADVANCED_FACE('',(#1441),#1423,.F.);
#1443=CARTESIAN_POINT('',(0.059055118110236,-0.247391732283464,0.645155316450242));
#1444=DIRECTION('',(-1.0,0.0,0.0));
#1445=DIRECTION('',(0.0,0.0,1.0));
#1446=AXIS2_PLACEMENT_3D('',#1443,#1444,#1445);
#1447=PLANE('',#1446);
#1448=CARTESIAN_POINT('',(0.059055118110236,-0.248031496062992,0.601066211217788));
#1449=VERTEX_POINT('',#1448);
#1450=CARTESIAN_POINT('',(0.059055118110236,-0.248031496062992,0.643055835248697));
#1451=VERTEX_POINT('',#1450);
#1452=CARTESIAN_POINT('',(0.059055118110236,-0.237204724409449,0.622061023233243));
#1453=DIRECTION('',(-1.0,0.0,0.0));
#1454=DIRECTION('',(0.0,-0.458333333333336,-0.888780375320896));
#1455=AXIS2_PLACEMENT_3D('',#1452,#1453,#1454);
#1456=CIRCLE('',#1455,0.023622047244094);
#1457=EDGE_CURVE('',#1449,#1451,#1456,.T.);
#1458=ORIENTED_EDGE('',*,*,#1457,.F.);
#1459=CARTESIAN_POINT('',(0.059055118110236,-0.248031496062992,0.643055835248697));
#1460=DIRECTION('',(0.0,0.0,-1.0));
#1461=VECTOR('',#1460,0.041989624030909);
#1462=LINE('',#1459,#1461);
#1463=EDGE_CURVE('',#1451,#1449,#1462,.T.);
#1464=ORIENTED_EDGE('',*,*,#1463,.F.);
#1465=EDGE_LOOP('',(#1458,#1464));
#1466=FACE_OUTER_BOUND('',#1465,.T.);
#1467=ADVANCED_FACE('',(#1466),#1447,.F.);
#1468=CARTESIAN_POINT('',(0.06496062992126,-0.237204724409449,0.622061023233243));
#1469=DIRECTION('',(-1.0,0.0,0.0));
#1470=DIRECTION('',(0.0,1.0,0.0));
#1471=AXIS2_PLACEMENT_3D('',#1468,#1469,#1470);
#1472=CYLINDRICAL_SURFACE('',#1471,0.023622047244094);
#1473=CARTESIAN_POINT('',(-0.059055118110236,-0.248031496062992,0.643055835248697));
#1474=VERTEX_POINT('',#1473);
#1475=CARTESIAN_POINT('',(-0.059055118110236,-0.248031496062992,0.601066211217788));
#1476=VERTEX_POINT('',#1475);
#1477=CARTESIAN_POINT('',(-0.059055118110236,-0.237204724409449,0.622061023233243));
#1478=DIRECTION('',(1.0,0.0,0.0));
#1479=DIRECTION('',(0.0,-0.458333333333336,-0.888780375320896));
#1480=AXIS2_PLACEMENT_3D('',#1477,#1478,#1479);
#1481=CIRCLE('',#1480,0.023622047244094);
#1482=EDGE_CURVE('',#1474,#1476,#1481,.T.);
#1483=ORIENTED_EDGE('',*,*,#1482,.T.);
#1484=CARTESIAN_POINT('',(0.059055118110236,-0.248031496062992,0.601066211217788));
#1485=DIRECTION('',(-1.0,0.0,0.0));
#1486=VECTOR('',#1485,0.118110236220472);
#1487=LINE('',#1484,#1486);
#1488=EDGE_CURVE('',#1449,#1476,#1487,.T.);
#1489=ORIENTED_EDGE('',*,*,#1488,.F.);
#1490=ORIENTED_EDGE('',*,*,#1457,.T.);
#1491=CARTESIAN_POINT('',(-0.059055118110236,-0.248031496062992,0.643055835248697));
#1492=DIRECTION('',(1.0,0.0,0.0));
#1493=VECTOR('',#1492,0.118110236220472);
#1494=LINE('',#1491,#1493);
#1495=EDGE_CURVE('',#1474,#1451,#1494,.T.);
#1496=ORIENTED_EDGE('',*,*,#1495,.F.);
#1497=EDGE_LOOP('',(#1483,#1489,#1490,#1496));
#1498=FACE_OUTER_BOUND('',#1497,.T.);
#1499=ADVANCED_FACE('',(#1498),#1472,.T.);
#1500=CARTESIAN_POINT('',(-0.059055118110236,-0.247391732283464,0.645155316450242));
#1501=DIRECTION('',(-1.0,0.0,0.0));
#1502=DIRECTION('',(0.0,0.0,1.0));
#1503=AXIS2_PLACEMENT_3D('',#1500,#1501,#1502);
#1504=PLANE('',#1503);
#1505=ORIENTED_EDGE('',*,*,#1482,.F.);
#1506=CARTESIAN_POINT('',(-0.059055118110236,-0.248031496062992,0.601066211217788));
#1507=DIRECTION('',(0.0,0.0,1.0));
#1508=VECTOR('',#1507,0.041989624030909);
#1509=LINE('',#1506,#1508);
#1510=EDGE_CURVE('',#1476,#1474,#1509,.T.);
#1511=ORIENTED_EDGE('',*,*,#1510,.F.);
#1512=EDGE_LOOP('',(#1505,#1511));
#1513=FACE_OUTER_BOUND('',#1512,.T.);
#1514=ADVANCED_FACE('',(#1513),#1504,.T.);
#1515=CARTESIAN_POINT('',(0.059055118110236,0.261466535433071,0.645155316450242));
#1516=DIRECTION('',(-1.0,0.0,0.0));
#1517=DIRECTION('',(0.0,0.0,1.0));
#1518=AXIS2_PLACEMENT_3D('',#1515,#1516,#1517);
#1519=PLANE('',#1518);
#1520=CARTESIAN_POINT('',(0.059055118110236,0.248031496062992,0.643055835248697));
#1521=VERTEX_POINT('',#1520);
#1522=CARTESIAN_POINT('',(0.059055118110236,0.248031496062992,0.601066211217788));
#1523=VERTEX_POINT('',#1522);
#1524=CARTESIAN_POINT('',(0.059055118110236,0.237204724409449,0.622061023233243));
#1525=DIRECTION('',(-1.0,0.0,0.0));
#1526=DIRECTION('',(0.0,0.458333333333336,0.888780375320896));
#1527=AXIS2_PLACEMENT_3D('',#1524,#1525,#1526);
#1528=CIRCLE('',#1527,0.023622047244094);
#1529=EDGE_CURVE('',#1521,#1523,#1528,.T.);
#1530=ORIENTED_EDGE('',*,*,#1529,.F.);
#1531=CARTESIAN_POINT('',(0.059055118110236,0.248031496062992,0.601066211217788));
#1532=DIRECTION('',(0.0,0.0,1.0));
#1533=VECTOR('',#1532,0.041989624030909);
#1534=LINE('',#1531,#1533);
#1535=EDGE_CURVE('',#1523,#1521,#1534,.T.);
#1536=ORIENTED_EDGE('',*,*,#1535,.F.);
#1537=EDGE_LOOP('',(#1530,#1536));
#1538=FACE_OUTER_BOUND('',#1537,.T.);
#1539=ADVANCED_FACE('',(#1538),#1519,.F.);
#1540=CARTESIAN_POINT('',(0.06496062992126,0.237204724409449,0.622061023233243));
#1541=DIRECTION('',(-1.0,0.0,0.0));
#1542=DIRECTION('',(0.0,-1.0,0.0));
#1543=AXIS2_PLACEMENT_3D('',#1540,#1541,#1542);
#1544=CYLINDRICAL_SURFACE('',#1543,0.023622047244094);
#1545=CARTESIAN_POINT('',(-0.059055118110236,0.248031496062992,0.601066211217788));
#1546=VERTEX_POINT('',#1545);
#1547=CARTESIAN_POINT('',(-0.059055118110236,0.248031496062992,0.643055835248697));
#1548=VERTEX_POINT('',#1547);
#1549=CARTESIAN_POINT('',(-0.059055118110236,0.237204724409449,0.622061023233243));
#1550=DIRECTION('',(1.0,0.0,0.0));
#1551=DIRECTION('',(0.0,0.458333333333336,0.888780375320896));
#1552=AXIS2_PLACEMENT_3D('',#1549,#1550,#1551);
#1553=CIRCLE('',#1552,0.023622047244094);
#1554=EDGE_CURVE('',#1546,#1548,#1553,.T.);
#1555=ORIENTED_EDGE('',*,*,#1554,.T.);
#1556=CARTESIAN_POINT('',(0.059055118110236,0.248031496062992,0.643055835248697));
#1557=DIRECTION('',(-1.0,0.0,0.0));
#1558=VECTOR('',#1557,0.118110236220472);
#1559=LINE('',#1556,#1558);
#1560=EDGE_CURVE('',#1521,#1548,#1559,.T.);
#1561=ORIENTED_EDGE('',*,*,#1560,.F.);
#1562=ORIENTED_EDGE('',*,*,#1529,.T.);
#1563=CARTESIAN_POINT('',(-0.059055118110236,0.248031496062992,0.601066211217788));
#1564=DIRECTION('',(1.0,0.0,0.0));
#1565=VECTOR('',#1564,0.118110236220472);
#1566=LINE('',#1563,#1565);
#1567=EDGE_CURVE('',#1546,#1523,#1566,.T.);
#1568=ORIENTED_EDGE('',*,*,#1567,.F.);
#1569=EDGE_LOOP('',(#1555,#1561,#1562,#1568));
#1570=FACE_OUTER_BOUND('',#1569,.T.);
#1571=ADVANCED_FACE('',(#1570),#1544,.T.);
#1572=CARTESIAN_POINT('',(-0.059055118110236,0.261466535433071,0.645155316450242));
#1573=DIRECTION('',(-1.0,0.0,0.0));
#1574=DIRECTION('',(0.0,0.0,1.0));
#1575=AXIS2_PLACEMENT_3D('',#1572,#1573,#1574);
#1576=PLANE('',#1575);
#1577=ORIENTED_EDGE('',*,*,#1554,.F.);
#1578=CARTESIAN_POINT('',(-0.059055118110236,0.248031496062992,0.643055835248697));
#1579=DIRECTION('',(0.0,0.0,-1.0));
#1580=VECTOR('',#1579,0.041989624030909);
#1581=LINE('',#1578,#1580);
#1582=EDGE_CURVE('',#1548,#1546,#1581,.T.);
#1583=ORIENTED_EDGE('',*,*,#1582,.F.);
#1584=EDGE_LOOP('',(#1577,#1583));
#1585=FACE_OUTER_BOUND('',#1584,.T.);
#1586=ADVANCED_FACE('',(#1585),#1576,.T.);
#1587=CARTESIAN_POINT('',(-0.053149606299213,0.298622047244094,0.55650984213088));
#1588=DIRECTION('',(-1.0,0.0,0.0));
#1589=DIRECTION('',(0.0,0.0,1.0));
#1590=AXIS2_PLACEMENT_3D('',#1587,#1588,#1589);
#1591=PLANE('',#1590);
#1592=CARTESIAN_POINT('',(-0.053149606299213,0.297244094488189,0.527572834256865));
#1593=VERTEX_POINT('',#1592);
#1594=CARTESIAN_POINT('',(-0.053149606299213,0.269685039370079,0.527572834256865));
#1595=VERTEX_POINT('',#1594);
#1596=CARTESIAN_POINT('',(-0.053149606299213,0.297244094488189,0.527572834256865));
#1597=DIRECTION('',(0.0,-1.0,0.0));
#1598=VECTOR('',#1597,0.02755905511811);
#1599=LINE('',#1596,#1598);
#1600=EDGE_CURVE('',#1593,#1595,#1599,.T.);
#1601=ORIENTED_EDGE('',*,*,#1600,.F.);
#1602=CARTESIAN_POINT('',(-0.053149606299213,0.297244094488189,0.555131889374975));
#1603=DIRECTION('',(0.0,0.0,-1.0));
#1604=VECTOR('',#1603,0.02755905511811);
#1605=LINE('',#1602,#1604);
#1606=EDGE_CURVE('',#885,#1593,#1605,.T.);
#1607=ORIENTED_EDGE('',*,*,#1606,.F.);
#1608=ORIENTED_EDGE('',*,*,#890,.F.);
#1609=ORIENTED_EDGE('',*,*,#184,.F.);
#1610=CARTESIAN_POINT('',(-0.053149606299213,0.269685039370079,0.555131889374975));
#1611=DIRECTION('',(0.0,0.0,-1.0));
#1612=VECTOR('',#1611,0.02755905511811);
#1613=LINE('',#1610,#1612);
#1614=EDGE_CURVE('',#171,#1595,#1613,.T.);
#1615=ORIENTED_EDGE('',*,*,#1614,.T.);
#1616=EDGE_LOOP('',(#1601,#1607,#1608,#1609,#1615));
#1617=FACE_OUTER_BOUND('',#1616,.T.);
#1618=ADVANCED_FACE('',(#1617),#1591,.F.);
#1619=CARTESIAN_POINT('',(0.058464566929134,0.269685039370079,0.52619488150096));
#1620=DIRECTION('',(0.0,-1.0,0.0));
#1621=DIRECTION('',(0.0,0.0,-1.0));
#1622=AXIS2_PLACEMENT_3D('',#1619,#1620,#1621);
#1623=PLANE('',#1622);
#1624=CARTESIAN_POINT('',(0.053149606299213,0.269685039370079,0.527572834256865));
#1625=VERTEX_POINT('',#1624);
#1626=CARTESIAN_POINT('',(-0.053149606299213,0.269685039370079,0.527572834256865));
#1627=DIRECTION('',(1.0,0.0,0.0));
#1628=VECTOR('',#1627,0.106299212598426);
#1629=LINE('',#1626,#1628);
#1630=EDGE_CURVE('',#1595,#1625,#1629,.T.);
#1631=ORIENTED_EDGE('',*,*,#1630,.F.);
#1632=ORIENTED_EDGE('',*,*,#1614,.F.);
#1633=ORIENTED_EDGE('',*,*,#176,.F.);
#1634=CARTESIAN_POINT('',(0.053149606299213,0.269685039370079,0.555131889374975));
#1635=DIRECTION('',(0.0,0.0,-1.0));
#1636=VECTOR('',#1635,0.02755905511811);
#1637=LINE('',#1634,#1636);
#1638=EDGE_CURVE('',#163,#1625,#1637,.T.);
#1639=ORIENTED_EDGE('',*,*,#1638,.T.);
#1640=EDGE_LOOP('',(#1631,#1632,#1633,#1639));
#1641=FACE_OUTER_BOUND('',#1640,.T.);
#1642=ADVANCED_FACE('',(#1641),#1623,.F.);
#1643=CARTESIAN_POINT('',(0.053149606299213,0.298622047244094,0.52619488150096));
#1644=DIRECTION('',(1.0,0.0,0.0));
#1645=DIRECTION('',(0.0,0.0,-1.0));
#1646=AXIS2_PLACEMENT_3D('',#1643,#1644,#1645);
#1647=PLANE('',#1646);
#1648=CARTESIAN_POINT('',(0.053149606299213,0.297244094488189,0.527572834256865));
#1649=VERTEX_POINT('',#1648);
#1650=CARTESIAN_POINT('',(0.053149606299213,0.269685039370079,0.527572834256865));
#1651=DIRECTION('',(0.0,1.0,0.0));
#1652=VECTOR('',#1651,0.02755905511811);
#1653=LINE('',#1650,#1652);
#1654=EDGE_CURVE('',#1625,#1649,#1653,.T.);
#1655=ORIENTED_EDGE('',*,*,#1654,.F.);
#1656=ORIENTED_EDGE('',*,*,#1638,.F.);
#1657=ORIENTED_EDGE('',*,*,#168,.F.);
#1658=ORIENTED_EDGE('',*,*,#936,.F.);
#1659=CARTESIAN_POINT('',(0.053149606299213,0.297244094488189,0.527572834256865));
#1660=DIRECTION('',(0.0,0.0,1.0));
#1661=VECTOR('',#1660,0.02755905511811);
#1662=LINE('',#1659,#1661);
#1663=EDGE_CURVE('',#1649,#925,#1662,.T.);
#1664=ORIENTED_EDGE('',*,*,#1663,.F.);
#1665=EDGE_LOOP('',(#1655,#1656,#1657,#1658,#1664));
#1666=FACE_OUTER_BOUND('',#1665,.T.);
#1667=ADVANCED_FACE('',(#1666),#1647,.F.);
#1668=CARTESIAN_POINT('',(-0.040944881889764,0.297244094488189,0.55650984213088));
#1669=DIRECTION('',(0.0,1.0,0.0));
#1670=DIRECTION('',(0.0,0.0,1.0));
#1671=AXIS2_PLACEMENT_3D('',#1668,#1669,#1670);
#1672=PLANE('',#1671);
#1673=ORIENTED_EDGE('',*,*,#1606,.T.);
#1674=CARTESIAN_POINT('',(-0.297244094488189,0.297244094488189,0.527572834256865));
#1675=VERTEX_POINT('',#1674);
#1676=CARTESIAN_POINT('',(-0.297244094488189,0.297244094488189,0.527572834256865));
#1677=DIRECTION('',(1.0,0.0,0.0));
#1678=VECTOR('',#1677,0.244094488188976);
#1679=LINE('',#1676,#1678);
#1680=EDGE_CURVE('',#1675,#1593,#1679,.T.);
#1681=ORIENTED_EDGE('',*,*,#1680,.F.);
#1682=CARTESIAN_POINT('',(-0.297244094488189,0.297244094488189,0.527572834256865));
#1683=DIRECTION('',(0.0,0.0,1.0));
#1684=VECTOR('',#1683,0.02755905511811);
#1685=LINE('',#1682,#1684);
#1686=EDGE_CURVE('',#1675,#893,#1685,.T.);
#1687=ORIENTED_EDGE('',*,*,#1686,.T.);
#1688=ORIENTED_EDGE('',*,*,#898,.T.);
#1689=EDGE_LOOP('',(#1673,#1681,#1687,#1688));
#1690=FACE_OUTER_BOUND('',#1689,.T.);
#1691=ADVANCED_FACE('',(#1690),#1672,.T.);
#1692=CARTESIAN_POINT('',(0.250295275590551,-0.068897637795276,0.553163385437967));
#1693=DIRECTION('',(0.0,-1.0,0.0));
#1694=DIRECTION('',(0.0,0.0,-1.0));
#1695=AXIS2_PLACEMENT_3D('',#1692,#1693,#1694);
#1696=PLANE('',#1695);
#1697=CARTESIAN_POINT('',(0.202755905511811,-0.068897637795276,0.594501968115132));
#1698=VERTEX_POINT('',#1697);
#1699=CARTESIAN_POINT('',(0.202755905511811,-0.068897637795276,0.594501968115132));
#1700=DIRECTION('',(0.0,0.0,-1.0));
#1701=VECTOR('',#1700,0.039370078740157);
#1702=LINE('',#1699,#1701);
#1703=EDGE_CURVE('',#1698,#1023,#1702,.T.);
#1704=ORIENTED_EDGE('',*,*,#1703,.F.);
#1705=CARTESIAN_POINT('',(0.248031496062992,-0.068897637795276,0.594501968115132));
#1706=VERTEX_POINT('',#1705);
#1707=CARTESIAN_POINT('',(0.202755905511811,-0.068897637795276,0.594501968115132));
#1708=DIRECTION('',(1.0,0.0,0.0));
#1709=VECTOR('',#1708,0.045275590551181);
#1710=LINE('',#1707,#1709);
#1711=EDGE_CURVE('',#1698,#1706,#1710,.T.);
#1712=ORIENTED_EDGE('',*,*,#1711,.T.);
#1713=CARTESIAN_POINT('',(0.248031496062992,-0.068897637795276,0.555131889374975));
#1714=DIRECTION('',(0.0,0.0,1.0));
#1715=VECTOR('',#1714,0.039370078740157);
#1716=LINE('',#1713,#1715);
#1717=EDGE_CURVE('',#943,#1706,#1716,.T.);
#1718=ORIENTED_EDGE('',*,*,#1717,.F.);
#1719=ORIENTED_EDGE('',*,*,#1034,.T.);
#1720=EDGE_LOOP('',(#1704,#1712,#1718,#1719));
#1721=FACE_OUTER_BOUND('',#1720,.T.);
#1722=ADVANCED_FACE('',(#1721),#1696,.F.);
#1723=CARTESIAN_POINT('',(-0.200492125984252,-0.068897637795276,0.553163385437967));
#1724=DIRECTION('',(0.0,-1.0,0.0));
#1725=DIRECTION('',(0.0,0.0,-1.0));
#1726=AXIS2_PLACEMENT_3D('',#1723,#1724,#1725);
#1727=PLANE('',#1726);
#1728=CARTESIAN_POINT('',(-0.202755905511811,-0.068897637795276,0.555131889374975));
#1729=DIRECTION('',(0.0,0.0,1.0));
#1730=VECTOR('',#1729,0.039370078740157);
#1731=LINE('',#1728,#1730);
#1732=EDGE_CURVE('',#967,#1071,#1731,.T.);
#1733=ORIENTED_EDGE('',*,*,#1732,.F.);
#1734=ORIENTED_EDGE('',*,*,#972,.T.);
#1735=CARTESIAN_POINT('',(-0.248031496062992,-0.068897637795276,0.594501968115132));
#1736=DIRECTION('',(0.0,0.0,-1.0));
#1737=VECTOR('',#1736,0.039370078740157);
#1738=LINE('',#1735,#1737);
#1739=EDGE_CURVE('',#1079,#959,#1738,.T.);
#1740=ORIENTED_EDGE('',*,*,#1739,.F.);
#1741=ORIENTED_EDGE('',*,*,#1084,.T.);
#1742=EDGE_LOOP('',(#1733,#1734,#1740,#1741));
#1743=FACE_OUTER_BOUND('',#1742,.T.);
#1744=ADVANCED_FACE('',(#1743),#1727,.F.);
#1745=CARTESIAN_POINT('',(0.250295275590551,0.075787401574804,0.594501968115132));
#1746=DIRECTION('',(0.0,0.0,1.0));
#1747=DIRECTION('',(1.0,0.0,0.0));
#1748=AXIS2_PLACEMENT_3D('',#1745,#1746,#1747);
#1749=PLANE('',#1748);
#1750=CARTESIAN_POINT('',(0.202755905511811,0.049212598425197,0.594501968115132));
#1751=VERTEX_POINT('',#1750);
#1752=CARTESIAN_POINT('',(0.206692913385827,0.049212598425197,0.594501968115132));
#1753=VERTEX_POINT('',#1752);
#1754=CARTESIAN_POINT('',(0.202755905511811,0.049212598425197,0.594501968115132));
#1755=DIRECTION('',(1.0,0.0,0.0));
#1756=VECTOR('',#1755,0.003937007874016);
#1757=LINE('',#1754,#1756);
#1758=EDGE_CURVE('',#1751,#1753,#1757,.T.);
#1759=ORIENTED_EDGE('',*,*,#1758,.F.);
#1760=CARTESIAN_POINT('',(0.202755905511811,0.068897637795276,0.594501968115132));
#1761=VERTEX_POINT('',#1760);
#1762=CARTESIAN_POINT('',(0.202755905511811,0.068897637795276,0.594501968115132));
#1763=DIRECTION('',(0.0,-1.0,0.0));
#1764=VECTOR('',#1763,0.019685039370079);
#1765=LINE('',#1762,#1764);
#1766=EDGE_CURVE('',#1761,#1751,#1765,.T.);
#1767=ORIENTED_EDGE('',*,*,#1766,.F.);
#1768=CARTESIAN_POINT('',(0.248031496062992,0.068897637795276,0.594501968115132));
#1769=VERTEX_POINT('',#1768);
#1770=CARTESIAN_POINT('',(0.202755905511811,0.068897637795276,0.594501968115132));
#1771=DIRECTION('',(1.0,0.0,0.0));
#1772=VECTOR('',#1771,0.045275590551181);
#1773=LINE('',#1770,#1772);
#1774=EDGE_CURVE('',#1761,#1769,#1773,.T.);
#1775=ORIENTED_EDGE('',*,*,#1774,.T.);
#1776=CARTESIAN_POINT('',(0.248031496062992,-0.068897637795276,0.594501968115132));
#1777=DIRECTION('',(0.0,1.0,0.0));
#1778=VECTOR('',#1777,0.137795275590552);
#1779=LINE('',#1776,#1778);
#1780=EDGE_CURVE('',#1706,#1769,#1779,.T.);
#1781=ORIENTED_EDGE('',*,*,#1780,.F.);
#1782=ORIENTED_EDGE('',*,*,#1711,.F.);
#1783=CARTESIAN_POINT('',(0.202755905511811,-0.049212598425197,0.594501968115132));
#1784=VERTEX_POINT('',#1783);
#1785=CARTESIAN_POINT('',(0.202755905511811,-0.049212598425197,0.594501968115132));
#1786=DIRECTION('',(0.0,-1.0,0.0));
#1787=VECTOR('',#1786,0.019685039370079);
#1788=LINE('',#1785,#1787);
#1789=EDGE_CURVE('',#1784,#1698,#1788,.T.);
#1790=ORIENTED_EDGE('',*,*,#1789,.F.);
#1791=CARTESIAN_POINT('',(0.206692913385827,-0.049212598425197,0.594501968115132));
#1792=VERTEX_POINT('',#1791);
#1793=CARTESIAN_POINT('',(0.206692913385827,-0.049212598425197,0.594501968115132));
#1794=DIRECTION('',(-1.0,0.0,0.0));
#1795=VECTOR('',#1794,0.003937007874016);
#1796=LINE('',#1793,#1795);
#1797=EDGE_CURVE('',#1792,#1784,#1796,.T.);
#1798=ORIENTED_EDGE('',*,*,#1797,.F.);
#1799=CARTESIAN_POINT('',(0.206692913385827,0.049212598425197,0.594501968115133));
#1800=DIRECTION('',(0.0,-1.0,0.0));
#1801=VECTOR('',#1800,0.098425196850394);
#1802=LINE('',#1799,#1801);
#1803=EDGE_CURVE('',#1753,#1792,#1802,.T.);
#1804=ORIENTED_EDGE('',*,*,#1803,.F.);
#1805=EDGE_LOOP('',(#1759,#1767,#1775,#1781,#1782,#1790,#1798,#1804));
#1806=FACE_OUTER_BOUND('',#1805,.T.);
#1807=ADVANCED_FACE('',(#1806),#1749,.F.);
#1808=CARTESIAN_POINT('',(0.250295275590551,0.068897637795276,0.59647047205214));
#1809=DIRECTION('',(0.0,1.0,0.0));
#1810=DIRECTION('',(0.0,0.0,1.0));
#1811=AXIS2_PLACEMENT_3D('',#1808,#1809,#1810);
#1812=PLANE('',#1811);
#1813=CARTESIAN_POINT('',(0.202755905511811,0.068897637795276,0.555131889374975));
#1814=DIRECTION('',(0.0,0.0,1.0));
#1815=VECTOR('',#1814,0.039370078740157);
#1816=LINE('',#1813,#1815);
#1817=EDGE_CURVE('',#1015,#1761,#1816,.T.);
#1818=ORIENTED_EDGE('',*,*,#1817,.F.);
#1819=ORIENTED_EDGE('',*,*,#1020,.T.);
#1820=CARTESIAN_POINT('',(0.248031496062992,0.068897637795276,0.594501968115132));
#1821=DIRECTION('',(0.0,0.0,-1.0));
#1822=VECTOR('',#1821,0.039370078740157);
#1823=LINE('',#1820,#1822);
#1824=EDGE_CURVE('',#1769,#1007,#1823,.T.);
#1825=ORIENTED_EDGE('',*,*,#1824,.F.);
#1826=ORIENTED_EDGE('',*,*,#1774,.F.);
#1827=EDGE_LOOP('',(#1818,#1819,#1825,#1826));
#1828=FACE_OUTER_BOUND('',#1827,.T.);
#1829=ADVANCED_FACE('',(#1828),#1812,.F.);
#1830=CARTESIAN_POINT('',(-0.200492125984252,0.068897637795276,0.59647047205214));
#1831=DIRECTION('',(0.0,1.0,0.0));
#1832=DIRECTION('',(0.0,0.0,1.0));
#1833=AXIS2_PLACEMENT_3D('',#1830,#1831,#1832);
#1834=PLANE('',#1833);
#1835=CARTESIAN_POINT('',(-0.202755905511811,0.068897637795276,0.594501968115132));
#1836=DIRECTION('',(0.0,0.0,-1.0));
#1837=VECTOR('',#1836,0.039370078740157);
#1838=LINE('',#1835,#1837);
#1839=EDGE_CURVE('',#1095,#975,#1838,.T.);
#1840=ORIENTED_EDGE('',*,*,#1839,.F.);
#1841=ORIENTED_EDGE('',*,*,#1100,.F.);
#1842=CARTESIAN_POINT('',(-0.248031496062992,0.068897637795276,0.555131889374975));
#1843=DIRECTION('',(0.0,0.0,1.0));
#1844=VECTOR('',#1843,0.039370078740157);
#1845=LINE('',#1842,#1844);
#1846=EDGE_CURVE('',#983,#1087,#1845,.T.);
#1847=ORIENTED_EDGE('',*,*,#1846,.F.);
#1848=ORIENTED_EDGE('',*,*,#988,.T.);
#1849=EDGE_LOOP('',(#1840,#1841,#1847,#1848));
#1850=FACE_OUTER_BOUND('',#1849,.T.);
#1851=ADVANCED_FACE('',(#1850),#1834,.F.);
#1852=CARTESIAN_POINT('',(0.248031496062992,0.272834645669291,0.548635826382849));
#1853=DIRECTION('',(1.0,0.0,0.0));
#1854=DIRECTION('',(0.0,0.0,-1.0));
#1855=AXIS2_PLACEMENT_3D('',#1852,#1853,#1854);
#1856=PLANE('',#1855);
#1857=ORIENTED_EDGE('',*,*,#1717,.T.);
#1858=ORIENTED_EDGE('',*,*,#1780,.T.);
#1859=ORIENTED_EDGE('',*,*,#1824,.T.);
#1860=ORIENTED_EDGE('',*,*,#1012,.T.);
#1861=CARTESIAN_POINT('',(0.248031496062992,0.248031496062992,0.685053149217495));
#1862=VERTEX_POINT('',#1861);
#1863=CARTESIAN_POINT('',(0.248031496062992,0.248031496062992,0.685053149217495));
#1864=DIRECTION('',(0.0,0.0,-1.0));
#1865=VECTOR('',#1864,0.12992125984252);
#1866=LINE('',#1863,#1865);
#1867=EDGE_CURVE('',#1862,#999,#1866,.T.);
#1868=ORIENTED_EDGE('',*,*,#1867,.F.);
#1869=CARTESIAN_POINT('',(0.248031496062992,-0.248031496062992,0.685053149217495));
#1870=VERTEX_POINT('',#1869);
#1871=CARTESIAN_POINT('',(0.248031496062992,-0.248031496062992,0.685053149217495));
#1872=DIRECTION('',(0.0,1.0,0.0));
#1873=VECTOR('',#1872,0.496062992125984);
#1874=LINE('',#1871,#1873);
#1875=EDGE_CURVE('',#1870,#1862,#1874,.T.);
#1876=ORIENTED_EDGE('',*,*,#1875,.F.);
#1877=CARTESIAN_POINT('',(0.248031496062992,-0.248031496062992,0.685053149217495));
#1878=DIRECTION('',(0.0,0.0,-1.0));
#1879=VECTOR('',#1878,0.12992125984252);
#1880=LINE('',#1877,#1879);
#1881=EDGE_CURVE('',#1870,#941,#1880,.T.);
#1882=ORIENTED_EDGE('',*,*,#1881,.T.);
#1883=ORIENTED_EDGE('',*,*,#948,.T.);
#1884=EDGE_LOOP('',(#1857,#1858,#1859,#1860,#1868,#1876,#1882,#1883));
#1885=FACE_OUTER_BOUND('',#1884,.T.);
#1886=ADVANCED_FACE('',(#1885),#1856,.T.);
#1887=CARTESIAN_POINT('',(-0.202755905511811,0.203543307086614,0.655722440556077));
#1888=DIRECTION('',(-1.0,0.0,0.0));
#1889=DIRECTION('',(0.0,0.0,1.0));
#1890=AXIS2_PLACEMENT_3D('',#1887,#1888,#1889);
#1891=PLANE('',#1890);
#1892=CARTESIAN_POINT('',(-0.202755905511811,0.187007874015748,0.527572834256865));
#1893=VERTEX_POINT('',#1892);
#1894=CARTESIAN_POINT('',(-0.202755905511811,0.187007874015748,0.527572834256865));
#1895=DIRECTION('',(0.0,0.0,1.0));
#1896=VECTOR('',#1895,0.122047244094488);
#1897=LINE('',#1894,#1896);
#1898=EDGE_CURVE('',#1893,#1401,#1897,.T.);
#1899=ORIENTED_EDGE('',*,*,#1898,.F.);
#1900=CARTESIAN_POINT('',(-0.202755905511811,0.202755905511811,0.527572834256865));
#1901=DIRECTION('',(0.0,-1.0,0.0));
#1902=VECTOR('',#1901,0.015748031496063);
#1903=LINE('',#1900,#1902);
#1904=EDGE_CURVE('',#1135,#1893,#1903,.T.);
#1905=ORIENTED_EDGE('',*,*,#1904,.F.);
#1906=ORIENTED_EDGE('',*,*,#1140,.T.);
#1907=ORIENTED_EDGE('',*,*,#1413,.F.);
#1908=EDGE_LOOP('',(#1899,#1905,#1906,#1907));
#1909=FACE_OUTER_BOUND('',#1908,.T.);
#1910=ADVANCED_FACE('',(#1909),#1891,.F.);
#1911=CARTESIAN_POINT('',(0.203543307086614,0.202755905511811,0.655722440556077));
#1912=DIRECTION('',(0.0,1.0,0.0));
#1913=DIRECTION('',(0.0,0.0,1.0));
#1914=AXIS2_PLACEMENT_3D('',#1911,#1912,#1913);
#1915=PLANE('',#1914);
#1916=CARTESIAN_POINT('',(0.187007874015748,0.202755905511811,0.527572834256865));
#1917=VERTEX_POINT('',#1916);
#1918=CARTESIAN_POINT('',(0.187007874015748,0.202755905511811,0.649620078351353));
#1919=VERTEX_POINT('',#1918);
#1920=CARTESIAN_POINT('',(0.187007874015748,0.202755905511811,0.527572834256865));
#1921=DIRECTION('',(0.0,0.0,1.0));
#1922=VECTOR('',#1921,0.122047244094488);
#1923=LINE('',#1920,#1922);
#1924=EDGE_CURVE('',#1917,#1919,#1923,.T.);
#1925=ORIENTED_EDGE('',*,*,#1924,.F.);
#1926=CARTESIAN_POINT('',(0.202755905511811,0.202755905511811,0.527572834256865));
#1927=DIRECTION('',(-1.0,0.0,0.0));
#1928=VECTOR('',#1927,0.015748031496063);
#1929=LINE('',#1926,#1928);
#1930=EDGE_CURVE('',#1215,#1917,#1929,.T.);
#1931=ORIENTED_EDGE('',*,*,#1930,.F.);
#1932=ORIENTED_EDGE('',*,*,#1220,.T.);
#1933=CARTESIAN_POINT('',(0.187007874015748,0.202755905511811,0.649620078351353));
#1934=DIRECTION('',(1.0,0.0,0.0));
#1935=VECTOR('',#1934,0.015748031496063);
#1936=LINE('',#1933,#1935);
#1937=EDGE_CURVE('',#1919,#1207,#1936,.T.);
#1938=ORIENTED_EDGE('',*,*,#1937,.F.);
#1939=EDGE_LOOP('',(#1925,#1931,#1932,#1938));
#1940=FACE_OUTER_BOUND('',#1939,.T.);
#1941=ADVANCED_FACE('',(#1940),#1915,.F.);
#1942=CARTESIAN_POINT('',(0.203543307086614,-0.202755905511811,0.521470472052141));
#1943=DIRECTION('',(0.0,-1.0,0.0));
#1944=DIRECTION('',(0.0,0.0,-1.0));
#1945=AXIS2_PLACEMENT_3D('',#1942,#1943,#1944);
#1946=PLANE('',#1945);
#1947=CARTESIAN_POINT('',(0.187007874015748,-0.202755905511811,0.527572834256865));
#1948=VERTEX_POINT('',#1947);
#1949=CARTESIAN_POINT('',(0.187007874015748,-0.202755905511811,0.649620078351353));
#1950=DIRECTION('',(0.0,0.0,-1.0));
#1951=VECTOR('',#1950,0.122047244094488);
#1952=LINE('',#1949,#1951);
#1953=EDGE_CURVE('',#1425,#1948,#1952,.T.);
#1954=ORIENTED_EDGE('',*,*,#1953,.F.);
#1955=ORIENTED_EDGE('',*,*,#1438,.F.);
#1956=ORIENTED_EDGE('',*,*,#1180,.F.);
#1957=CARTESIAN_POINT('',(0.187007874015748,-0.202755905511811,0.527572834256865));
#1958=DIRECTION('',(1.0,0.0,0.0));
#1959=VECTOR('',#1958,0.015748031496063);
#1960=LINE('',#1957,#1959);
#1961=EDGE_CURVE('',#1948,#1167,#1960,.T.);
#1962=ORIENTED_EDGE('',*,*,#1961,.F.);
#1963=EDGE_LOOP('',(#1954,#1955,#1956,#1962));
#1964=FACE_OUTER_BOUND('',#1963,.T.);
#1965=ADVANCED_FACE('',(#1964),#1946,.F.);
#1966=CARTESIAN_POINT('',(0.203543307086614,0.203543307086614,0.649620078351353));
#1967=DIRECTION('',(0.0,0.0,1.0));
#1968=DIRECTION('',(1.0,0.0,0.0));
#1969=AXIS2_PLACEMENT_3D('',#1966,#1967,#1968);
#1970=PLANE('',#1969);
#1971=CARTESIAN_POINT('',(0.187007874015748,0.187007874015748,0.649620078351353));
#1972=DIRECTION('',(0.0,0.0,-1.0));
#1973=DIRECTION('',(0.707106781186548,0.707106781186548,0.0));
#1974=AXIS2_PLACEMENT_3D('',#1971,#1972,#1973);
#1975=CIRCLE('',#1974,0.015748031496063);
#1976=EDGE_CURVE('',#1919,#1197,#1975,.T.);
#1977=ORIENTED_EDGE('',*,*,#1976,.F.);
#1978=ORIENTED_EDGE('',*,*,#1937,.T.);
#1979=ORIENTED_EDGE('',*,*,#1212,.T.);
#1980=EDGE_LOOP('',(#1977,#1978,#1979));
#1981=FACE_OUTER_BOUND('',#1980,.T.);
#1982=ADVANCED_FACE('',(#1981),#1970,.F.);
#1983=CARTESIAN_POINT('',(0.272834645669291,0.248031496062992,0.691549212209621));
#1984=DIRECTION('',(0.0,1.0,0.0));
#1985=DIRECTION('',(0.0,0.0,1.0));
#1986=AXIS2_PLACEMENT_3D('',#1983,#1984,#1985);
#1987=PLANE('',#1986);
#1988=ORIENTED_EDGE('',*,*,#1004,.T.);
#1989=CARTESIAN_POINT('',(-0.248031496062992,0.248031496062992,0.685053149217495));
#1990=VERTEX_POINT('',#1989);
#1991=CARTESIAN_POINT('',(-0.248031496062992,0.248031496062992,0.685053149217495));
#1992=DIRECTION('',(0.0,0.0,-1.0));
#1993=VECTOR('',#1992,0.12992125984252);
#1994=LINE('',#1991,#1993);
#1995=EDGE_CURVE('',#1990,#991,#1994,.T.);
#1996=ORIENTED_EDGE('',*,*,#1995,.F.);
#1997=CARTESIAN_POINT('',(0.248031496062992,0.248031496062992,0.685053149217495));
#1998=DIRECTION('',(-1.0,0.0,0.0));
#1999=VECTOR('',#1998,0.496062992125984);
#2000=LINE('',#1997,#1999);
#2001=EDGE_CURVE('',#1862,#1990,#2000,.T.);
#2002=ORIENTED_EDGE('',*,*,#2001,.F.);
#2003=ORIENTED_EDGE('',*,*,#1867,.T.);
#2004=EDGE_LOOP('',(#1988,#1996,#2002,#2003));
#2005=FACE_OUTER_BOUND('',#2004,.T.);
#2006=ORIENTED_EDGE('',*,*,#1535,.T.);
#2007=ORIENTED_EDGE('',*,*,#1560,.T.);
#2008=ORIENTED_EDGE('',*,*,#1582,.T.);
#2009=ORIENTED_EDGE('',*,*,#1567,.T.);
#2010=EDGE_LOOP('',(#2006,#2007,#2008,#2009));
#2011=FACE_BOUND('',#2010,.T.);
#2012=ADVANCED_FACE('',(#2005,#2011),#1987,.T.);
#2013=CARTESIAN_POINT('',(-0.248031496062992,0.272834645669291,0.691549212209621));
#2014=DIRECTION('',(-1.0,0.0,0.0));
#2015=DIRECTION('',(0.0,0.0,1.0));
#2016=AXIS2_PLACEMENT_3D('',#2013,#2014,#2015);
#2017=PLANE('',#2016);
#2018=ORIENTED_EDGE('',*,*,#1739,.T.);
#2019=ORIENTED_EDGE('',*,*,#964,.T.);
#2020=CARTESIAN_POINT('',(-0.248031496062992,-0.248031496062992,0.685053149217495));
#2021=VERTEX_POINT('',#2020);
#2022=CARTESIAN_POINT('',(-0.248031496062992,-0.248031496062992,0.685053149217495));
#2023=DIRECTION('',(0.0,0.0,-1.0));
#2024=VECTOR('',#2023,0.12992125984252);
#2025=LINE('',#2022,#2024);
#2026=EDGE_CURVE('',#2021,#951,#2025,.T.);
#2027=ORIENTED_EDGE('',*,*,#2026,.F.);
#2028=CARTESIAN_POINT('',(-0.248031496062992,0.248031496062992,0.685053149217495));
#2029=DIRECTION('',(0.0,-1.0,0.0));
#2030=VECTOR('',#2029,0.496062992125984);
#2031=LINE('',#2028,#2030);
#2032=EDGE_CURVE('',#1990,#2021,#2031,.T.);
#2033=ORIENTED_EDGE('',*,*,#2032,.F.);
#2034=ORIENTED_EDGE('',*,*,#1995,.T.);
#2035=ORIENTED_EDGE('',*,*,#996,.T.);
#2036=ORIENTED_EDGE('',*,*,#1846,.T.);
#2037=ORIENTED_EDGE('',*,*,#1092,.T.);
#2038=EDGE_LOOP('',(#2018,#2019,#2027,#2033,#2034,#2035,#2036,#2037));
#2039=FACE_OUTER_BOUND('',#2038,.T.);
#2040=ADVANCED_FACE('',(#2039),#2017,.T.);
#2041=CARTESIAN_POINT('',(0.272834645669291,-0.248031496062992,0.548635826382849));
#2042=DIRECTION('',(0.0,-1.0,0.0));
#2043=DIRECTION('',(0.0,0.0,-1.0));
#2044=AXIS2_PLACEMENT_3D('',#2041,#2042,#2043);
#2045=PLANE('',#2044);
#2046=ORIENTED_EDGE('',*,*,#956,.T.);
#2047=ORIENTED_EDGE('',*,*,#1881,.F.);
#2048=CARTESIAN_POINT('',(-0.248031496062992,-0.248031496062992,0.685053149217495));
#2049=DIRECTION('',(1.0,0.0,0.0));
#2050=VECTOR('',#2049,0.496062992125984);
#2051=LINE('',#2048,#2050);
#2052=EDGE_CURVE('',#2021,#1870,#2051,.T.);
#2053=ORIENTED_EDGE('',*,*,#2052,.F.);
#2054=ORIENTED_EDGE('',*,*,#2026,.T.);
#2055=EDGE_LOOP('',(#2046,#2047,#2053,#2054));
#2056=FACE_OUTER_BOUND('',#2055,.T.);
#2057=ORIENTED_EDGE('',*,*,#1463,.T.);
#2058=ORIENTED_EDGE('',*,*,#1488,.T.);
#2059=ORIENTED_EDGE('',*,*,#1510,.T.);
#2060=ORIENTED_EDGE('',*,*,#1495,.T.);
#2061=EDGE_LOOP('',(#2057,#2058,#2059,#2060));
#2062=FACE_BOUND('',#2061,.T.);
#2063=ADVANCED_FACE('',(#2056,#2062),#2045,.T.);
#2064=CARTESIAN_POINT('',(0.326968503937008,-0.297244094488189,0.52619488150096));
#2065=DIRECTION('',(0.0,-1.0,0.0));
#2066=DIRECTION('',(0.0,0.0,-1.0));
#2067=AXIS2_PLACEMENT_3D('',#2064,#2065,#2066);
#2068=PLANE('',#2067);
#2069=ORIENTED_EDGE('',*,*,#914,.T.);
#2070=CARTESIAN_POINT('',(-0.297244094488189,-0.297244094488189,0.527572834256865));
#2071=VERTEX_POINT('',#2070);
#2072=CARTESIAN_POINT('',(-0.297244094488189,-0.297244094488189,0.527572834256865));
#2073=DIRECTION('',(0.0,0.0,1.0));
#2074=VECTOR('',#2073,0.02755905511811);
#2075=LINE('',#2072,#2074);
#2076=EDGE_CURVE('',#2071,#901,#2075,.T.);
#2077=ORIENTED_EDGE('',*,*,#2076,.F.);
#2078=CARTESIAN_POINT('',(0.297244094488189,-0.297244094488189,0.527572834256865));
#2079=VERTEX_POINT('',#2078);
#2080=CARTESIAN_POINT('',(0.297244094488189,-0.297244094488189,0.527572834256865));
#2081=DIRECTION('',(-1.0,0.0,0.0));
#2082=VECTOR('',#2081,0.594488188976378);
#2083=LINE('',#2080,#2082);
#2084=EDGE_CURVE('',#2079,#2071,#2083,.T.);
#2085=ORIENTED_EDGE('',*,*,#2084,.F.);
#2086=CARTESIAN_POINT('',(0.297244094488189,-0.297244094488189,0.527572834256865));
#2087=DIRECTION('',(0.0,0.0,1.0));
#2088=VECTOR('',#2087,0.02755905511811);
#2089=LINE('',#2086,#2088);
#2090=EDGE_CURVE('',#2079,#909,#2089,.T.);
#2091=ORIENTED_EDGE('',*,*,#2090,.T.);
#2092=EDGE_LOOP('',(#2069,#2077,#2085,#2091));
#2093=FACE_OUTER_BOUND('',#2092,.T.);
#2094=ADVANCED_FACE('',(#2093),#2068,.T.);
#2095=CARTESIAN_POINT('',(-0.297244094488189,0.326968503937008,0.55650984213088));
#2096=DIRECTION('',(-1.0,0.0,0.0));
#2097=DIRECTION('',(0.0,0.0,1.0));
#2098=AXIS2_PLACEMENT_3D('',#2095,#2096,#2097);
#2099=PLANE('',#2098);
#2100=ORIENTED_EDGE('',*,*,#906,.T.);
#2101=ORIENTED_EDGE('',*,*,#1686,.F.);
#2102=CARTESIAN_POINT('',(-0.297244094488189,-0.297244094488189,0.527572834256865));
#2103=DIRECTION('',(0.0,1.0,0.0));
#2104=VECTOR('',#2103,0.594488188976378);
#2105=LINE('',#2102,#2104);
#2106=EDGE_CURVE('',#2071,#1675,#2105,.T.);
#2107=ORIENTED_EDGE('',*,*,#2106,.F.);
#2108=ORIENTED_EDGE('',*,*,#2076,.T.);
#2109=EDGE_LOOP('',(#2100,#2101,#2107,#2108));
#2110=FACE_OUTER_BOUND('',#2109,.T.);
#2111=ADVANCED_FACE('',(#2110),#2099,.T.);
#2112=CARTESIAN_POINT('',(0.309448818897638,0.297244094488189,0.55650984213088));
#2113=DIRECTION('',(0.0,1.0,0.0));
#2114=DIRECTION('',(0.0,0.0,1.0));
#2115=AXIS2_PLACEMENT_3D('',#2112,#2113,#2114);
#2116=PLANE('',#2115);
#2117=ORIENTED_EDGE('',*,*,#1663,.T.);
#2118=ORIENTED_EDGE('',*,*,#930,.T.);
#2119=CARTESIAN_POINT('',(0.297244094488189,0.297244094488189,0.527572834256865));
#2120=VERTEX_POINT('',#2119);
#2121=CARTESIAN_POINT('',(0.297244094488189,0.297244094488189,0.527572834256865));
#2122=DIRECTION('',(0.0,0.0,1.0));
#2123=VECTOR('',#2122,0.02755905511811);
#2124=LINE('',#2121,#2123);
#2125=EDGE_CURVE('',#2120,#917,#2124,.T.);
#2126=ORIENTED_EDGE('',*,*,#2125,.F.);
#2127=CARTESIAN_POINT('',(0.053149606299213,0.297244094488189,0.527572834256865));
#2128=DIRECTION('',(1.0,0.0,0.0));
#2129=VECTOR('',#2128,0.244094488188976);
#2130=LINE('',#2127,#2129);
#2131=EDGE_CURVE('',#1649,#2120,#2130,.T.);
#2132=ORIENTED_EDGE('',*,*,#2131,.F.);
#2133=EDGE_LOOP('',(#2117,#2118,#2126,#2132));
#2134=FACE_OUTER_BOUND('',#2133,.T.);
#2135=ADVANCED_FACE('',(#2134),#2116,.T.);
#2136=CARTESIAN_POINT('',(0.297244094488189,0.326968503937008,0.52619488150096));
#2137=DIRECTION('',(1.0,0.0,0.0));
#2138=DIRECTION('',(0.0,0.0,-1.0));
#2139=AXIS2_PLACEMENT_3D('',#2136,#2137,#2138);
#2140=PLANE('',#2139);
#2141=ORIENTED_EDGE('',*,*,#922,.T.);
#2142=ORIENTED_EDGE('',*,*,#2090,.F.);
#2143=CARTESIAN_POINT('',(0.297244094488189,0.297244094488189,0.527572834256865));
#2144=DIRECTION('',(0.0,-1.0,0.0));
#2145=VECTOR('',#2144,0.594488188976378);
#2146=LINE('',#2143,#2145);
#2147=EDGE_CURVE('',#2120,#2079,#2146,.T.);
#2148=ORIENTED_EDGE('',*,*,#2147,.F.);
#2149=ORIENTED_EDGE('',*,*,#2125,.T.);
#2150=EDGE_LOOP('',(#2141,#2142,#2148,#2149));
#2151=FACE_OUTER_BOUND('',#2150,.T.);
#2152=ADVANCED_FACE('',(#2151),#2140,.T.);
#2153=CARTESIAN_POINT('',(0.272834645669291,0.272834645669291,0.685053149217495));
#2154=DIRECTION('',(0.0,0.0,1.0));
#2155=DIRECTION('',(1.0,0.0,0.0));
#2156=AXIS2_PLACEMENT_3D('',#2153,#2154,#2155);
#2157=PLANE('',#2156);
#2158=ORIENTED_EDGE('',*,*,#1875,.T.);
#2159=ORIENTED_EDGE('',*,*,#2001,.T.);
#2160=ORIENTED_EDGE('',*,*,#2032,.T.);
#2161=ORIENTED_EDGE('',*,*,#2052,.T.);
#2162=EDGE_LOOP('',(#2158,#2159,#2160,#2161));
#2163=FACE_OUTER_BOUND('',#2162,.T.);
#2164=ADVANCED_FACE('',(#2163),#2157,.T.);
#2165=CARTESIAN_POINT('',(0.326968503937008,0.326968503937008,0.527572834256865));
#2166=DIRECTION('',(0.0,0.0,1.0));
#2167=DIRECTION('',(1.0,0.0,0.0));
#2168=AXIS2_PLACEMENT_3D('',#2165,#2166,#2167);
#2169=PLANE('',#2168);
#2170=ORIENTED_EDGE('',*,*,#1654,.T.);
#2171=ORIENTED_EDGE('',*,*,#2131,.T.);
#2172=ORIENTED_EDGE('',*,*,#2147,.T.);
#2173=ORIENTED_EDGE('',*,*,#2084,.T.);
#2174=ORIENTED_EDGE('',*,*,#2106,.T.);
#2175=ORIENTED_EDGE('',*,*,#1680,.T.);
#2176=ORIENTED_EDGE('',*,*,#1600,.T.);
#2177=ORIENTED_EDGE('',*,*,#1630,.T.);
#2178=EDGE_LOOP('',(#2170,#2171,#2172,#2173,#2174,#2175,#2176,#2177));
#2179=FACE_OUTER_BOUND('',#2178,.T.);
#2180=ORIENTED_EDGE('',*,*,#1904,.T.);
#2181=CARTESIAN_POINT('',(-0.202755905511811,-0.187007874015748,0.527572834256865));
#2182=DIRECTION('',(0.0,1.0,0.0));
#2183=VECTOR('',#2182,0.374015748031496);
#2184=LINE('',#2181,#2183);
#2185=EDGE_CURVE('',#1239,#1893,#2184,.T.);
#2186=ORIENTED_EDGE('',*,*,#2185,.F.);
#2187=ORIENTED_EDGE('',*,*,#1266,.T.);
#2188=ORIENTED_EDGE('',*,*,#1290,.T.);
#2189=CARTESIAN_POINT('',(0.187007874015748,-0.202755905511811,0.527572834256865));
#2190=DIRECTION('',(-1.0,0.0,0.0));
#2191=VECTOR('',#2190,0.374015748031496);
#2192=LINE('',#2189,#2191);
#2193=EDGE_CURVE('',#1948,#1277,#2192,.T.);
#2194=ORIENTED_EDGE('',*,*,#2193,.F.);
#2195=ORIENTED_EDGE('',*,*,#1961,.T.);
#2196=ORIENTED_EDGE('',*,*,#1172,.T.);
#2197=CARTESIAN_POINT('',(0.202755905511811,0.187007874015748,0.527572834256865));
#2198=DIRECTION('',(0.0,-1.0,0.0));
#2199=VECTOR('',#2198,0.374015748031496);
#2200=LINE('',#2197,#2199);
#2201=EDGE_CURVE('',#1199,#1157,#2200,.T.);
#2202=ORIENTED_EDGE('',*,*,#2201,.F.);
#2203=ORIENTED_EDGE('',*,*,#1226,.T.);
#2204=ORIENTED_EDGE('',*,*,#1930,.T.);
#2205=CARTESIAN_POINT('',(-0.187007874015748,0.202755905511811,0.527572834256865));
#2206=DIRECTION('',(1.0,0.0,0.0));
#2207=VECTOR('',#2206,0.374015748031496);
#2208=LINE('',#2205,#2207);
#2209=EDGE_CURVE('',#1119,#1917,#2208,.T.);
#2210=ORIENTED_EDGE('',*,*,#2209,.F.);
#2211=ORIENTED_EDGE('',*,*,#1146,.T.);
#2212=EDGE_LOOP('',(#2180,#2186,#2187,#2188,#2194,#2195,#2196,#2202,#2203,#2204,#2210,#2211));
#2213=FACE_BOUND('',#2212,.T.);
#2214=ADVANCED_FACE('',(#2179,#2213),#2169,.F.);
#2215=CARTESIAN_POINT('',(0.206889763779528,0.049212598425197,0.595289369689936));
#2216=DIRECTION('',(0.0,1.0,0.0));
#2217=DIRECTION('',(0.0,0.0,1.0));
#2218=AXIS2_PLACEMENT_3D('',#2215,#2216,#2217);
#2219=PLANE('',#2218);
#2220=ORIENTED_EDGE('',*,*,#1758,.T.);
#2221=CARTESIAN_POINT('',(0.206692913385827,0.049212598425197,0.57875393661907));
#2222=VERTEX_POINT('',#2221);
#2223=CARTESIAN_POINT('',(0.206692913385827,0.049212598425197,0.57875393661907));
#2224=DIRECTION('',(0.0,0.0,1.0));
#2225=VECTOR('',#2224,0.015748031496063);
#2226=LINE('',#2223,#2225);
#2227=EDGE_CURVE('',#2222,#1753,#2226,.T.);
#2228=ORIENTED_EDGE('',*,*,#2227,.F.);
#2229=CARTESIAN_POINT('',(0.202755905511811,0.049212598425197,0.57875393661907));
#2230=VERTEX_POINT('',#2229);
#2231=CARTESIAN_POINT('',(0.202755905511811,0.049212598425197,0.57875393661907));
#2232=DIRECTION('',(1.0,0.0,0.0));
#2233=VECTOR('',#2232,0.003937007874016);
#2234=LINE('',#2231,#2233);
#2235=EDGE_CURVE('',#2230,#2222,#2234,.T.);
#2236=ORIENTED_EDGE('',*,*,#2235,.F.);
#2237=CARTESIAN_POINT('',(0.202755905511811,0.049212598425197,0.594501968115132));
#2238=DIRECTION('',(0.0,0.0,-1.0));
#2239=VECTOR('',#2238,0.015748031496062);
#2240=LINE('',#2237,#2239);
#2241=EDGE_CURVE('',#1751,#2230,#2240,.T.);
#2242=ORIENTED_EDGE('',*,*,#2241,.F.);
#2243=EDGE_LOOP('',(#2220,#2228,#2236,#2242));
#2244=FACE_OUTER_BOUND('',#2243,.T.);
#2245=ADVANCED_FACE('',(#2244),#2219,.T.);
#2246=CARTESIAN_POINT('',(0.202755905511811,-0.202755905511811,0.649620078351353));
#2247=DIRECTION('',(1.0,0.0,0.0));
#2248=DIRECTION('',(0.0,0.0,-1.0));
#2249=AXIS2_PLACEMENT_3D('',#2246,#2247,#2248);
#2250=PLANE('',#2249);
#2251=ORIENTED_EDGE('',*,*,#2201,.T.);
#2252=CARTESIAN_POINT('',(0.202755905511811,-0.187007874015748,0.507887794886786));
#2253=VERTEX_POINT('',#2252);
#2254=CARTESIAN_POINT('',(0.202755905511811,-0.187007874015748,0.507887794886786));
#2255=DIRECTION('',(0.0,0.0,1.0));
#2256=VECTOR('',#2255,0.019685039370079);
#2257=LINE('',#2254,#2256);
#2258=EDGE_CURVE('',#2253,#1157,#2257,.T.);
#2259=ORIENTED_EDGE('',*,*,#2258,.F.);
#2260=CARTESIAN_POINT('',(0.202755905511811,0.187007874015748,0.507887794886786));
#2261=VERTEX_POINT('',#2260);
#2262=CARTESIAN_POINT('',(0.202755905511811,-0.187007874015748,0.507887794886786));
#2263=DIRECTION('',(0.0,1.0,0.0));
#2264=VECTOR('',#2263,0.374015748031496);
#2265=LINE('',#2262,#2264);
#2266=EDGE_CURVE('',#2253,#2261,#2265,.T.);
#2267=ORIENTED_EDGE('',*,*,#2266,.T.);
#2268=CARTESIAN_POINT('',(0.202755905511811,0.187007874015748,0.527572834256865));
#2269=DIRECTION('',(0.0,0.0,-1.0));
#2270=VECTOR('',#2269,0.019685039370079);
#2271=LINE('',#2268,#2270);
#2272=EDGE_CURVE('',#1199,#2261,#2271,.T.);
#2273=ORIENTED_EDGE('',*,*,#2272,.F.);
#2274=EDGE_LOOP('',(#2251,#2259,#2267,#2273));
#2275=FACE_OUTER_BOUND('',#2274,.T.);
#2276=ADVANCED_FACE('',(#2275),#2250,.T.);
#2277=CARTESIAN_POINT('',(-0.202755905511811,-0.075787401574804,0.553163385437967));
#2278=DIRECTION('',(-1.0,0.0,0.0));
#2279=DIRECTION('',(0.0,0.0,1.0));
#2280=AXIS2_PLACEMENT_3D('',#2277,#2278,#2279);
#2281=PLANE('',#2280);
#2282=ORIENTED_EDGE('',*,*,#1106,.T.);
#2283=ORIENTED_EDGE('',*,*,#1839,.T.);
#2284=ORIENTED_EDGE('',*,*,#980,.T.);
#2285=ORIENTED_EDGE('',*,*,#1732,.T.);
#2286=ORIENTED_EDGE('',*,*,#1076,.T.);
#2287=CARTESIAN_POINT('',(-0.202755905511811,-0.049212598425197,0.57875393661907));
#2288=VERTEX_POINT('',#2287);
#2289=CARTESIAN_POINT('',(-0.202755905511811,-0.049212598425197,0.594501968115132));
#2290=DIRECTION('',(0.0,0.0,-1.0));
#2291=VECTOR('',#2290,0.015748031496062);
#2292=LINE('',#2289,#2291);
#2293=EDGE_CURVE('',#1063,#2288,#2292,.T.);
#2294=ORIENTED_EDGE('',*,*,#2293,.T.);
#2295=CARTESIAN_POINT('',(-0.202755905511811,0.049212598425197,0.57875393661907));
#2296=VERTEX_POINT('',#2295);
#2297=CARTESIAN_POINT('',(-0.202755905511811,-0.049212598425197,0.57875393661907));
#2298=DIRECTION('',(0.0,1.0,0.0));
#2299=VECTOR('',#2298,0.098425196850394);
#2300=LINE('',#2297,#2299);
#2301=EDGE_CURVE('',#2288,#2296,#2300,.T.);
#2302=ORIENTED_EDGE('',*,*,#2301,.T.);
#2303=CARTESIAN_POINT('',(-0.202755905511811,0.049212598425197,0.57875393661907));
#2304=DIRECTION('',(0.0,0.0,1.0));
#2305=VECTOR('',#2304,0.015748031496062);
#2306=LINE('',#2303,#2305);
#2307=EDGE_CURVE('',#2296,#1047,#2306,.T.);
#2308=ORIENTED_EDGE('',*,*,#2307,.T.);
#2309=EDGE_LOOP('',(#2282,#2283,#2284,#2285,#2286,#2294,#2302,#2308));
#2310=FACE_OUTER_BOUND('',#2309,.T.);
#2311=ADVANCED_FACE('',(#2310),#2281,.T.);
#2312=CARTESIAN_POINT('',(0.205708661417323,-0.202755905511811,0.411824802760802));
#2313=DIRECTION('',(0.0,-1.0,0.0));
#2314=DIRECTION('',(0.0,0.0,-1.0));
#2315=AXIS2_PLACEMENT_3D('',#2312,#2313,#2314);
#2316=PLANE('',#2315);
#2317=ORIENTED_EDGE('',*,*,#2193,.T.);
#2318=CARTESIAN_POINT('',(-0.187007874015748,-0.202755905511811,0.507887794886786));
#2319=VERTEX_POINT('',#2318);
#2320=CARTESIAN_POINT('',(-0.187007874015748,-0.202755905511811,0.507887794886786));
#2321=DIRECTION('',(0.0,0.0,1.0));
#2322=VECTOR('',#2321,0.019685039370079);
#2323=LINE('',#2320,#2322);
#2324=EDGE_CURVE('',#2319,#1277,#2323,.T.);
#2325=ORIENTED_EDGE('',*,*,#2324,.F.);
#2326=CARTESIAN_POINT('',(-0.125984251968504,-0.202755905511811,0.507887794886786));
#2327=VERTEX_POINT('',#2326);
#2328=CARTESIAN_POINT('',(-0.187007874015748,-0.202755905511811,0.507887794886786));
#2329=DIRECTION('',(1.0,0.0,0.0));
#2330=VECTOR('',#2329,0.061023622047244);
#2331=LINE('',#2328,#2330);
#2332=EDGE_CURVE('',#2319,#2327,#2331,.T.);
#2333=ORIENTED_EDGE('',*,*,#2332,.T.);
#2334=CARTESIAN_POINT('',(-0.125984251968504,-0.202755905511811,0.421259842519685));
#2335=VERTEX_POINT('',#2334);
#2336=CARTESIAN_POINT('',(-0.125984251968504,-0.202755905511811,0.507887794886786));
#2337=DIRECTION('',(0.0,0.0,-1.0));
#2338=VECTOR('',#2337,0.086627952367101);
#2339=LINE('',#2336,#2338);
#2340=EDGE_CURVE('',#2327,#2335,#2339,.T.);
#2341=ORIENTED_EDGE('',*,*,#2340,.T.);
#2342=CARTESIAN_POINT('',(-0.125984251968504,-0.202755905511811,0.417336613784424));
#2343=VERTEX_POINT('',#2342);
#2344=CARTESIAN_POINT('',(-0.125984251968504,-0.202755905511811,0.417336613784424));
#2345=DIRECTION('',(0.0,0.0,1.0));
#2346=VECTOR('',#2345,0.003923228735261);
#2347=LINE('',#2344,#2346);
#2348=EDGE_CURVE('',#2343,#2335,#2347,.T.);
#2349=ORIENTED_EDGE('',*,*,#2348,.F.);
#2350=CARTESIAN_POINT('',(0.125984251968504,-0.202755905511811,0.417336613784424));
#2351=VERTEX_POINT('',#2350);
#2352=CARTESIAN_POINT('',(-0.125984251968504,-0.202755905511811,0.417336613784424));
#2353=DIRECTION('',(1.0,0.0,0.0));
#2354=VECTOR('',#2353,0.251968503937008);
#2355=LINE('',#2352,#2354);
#2356=EDGE_CURVE('',#2343,#2351,#2355,.T.);
#2357=ORIENTED_EDGE('',*,*,#2356,.T.);
#2358=CARTESIAN_POINT('',(0.125984251968504,-0.202755905511811,0.421259842519685));
#2359=VERTEX_POINT('',#2358);
#2360=CARTESIAN_POINT('',(0.125984251968504,-0.202755905511811,0.421259842519685));
#2361=DIRECTION('',(0.0,0.0,-1.0));
#2362=VECTOR('',#2361,0.003923228735261);
#2363=LINE('',#2360,#2362);
#2364=EDGE_CURVE('',#2359,#2351,#2363,.T.);
#2365=ORIENTED_EDGE('',*,*,#2364,.F.);
#2366=CARTESIAN_POINT('',(0.125984251968504,-0.202755905511811,0.507887794886786));
#2367=VERTEX_POINT('',#2366);
#2368=CARTESIAN_POINT('',(0.125984251968504,-0.202755905511811,0.421259842519685));
#2369=DIRECTION('',(0.0,0.0,1.0));
#2370=VECTOR('',#2369,0.086627952367101);
#2371=LINE('',#2368,#2370);
#2372=EDGE_CURVE('',#2359,#2367,#2371,.T.);
#2373=ORIENTED_EDGE('',*,*,#2372,.T.);
#2374=CARTESIAN_POINT('',(0.187007874015748,-0.202755905511811,0.507887794886786));
#2375=VERTEX_POINT('',#2374);
#2376=CARTESIAN_POINT('',(0.125984251968504,-0.202755905511811,0.507887794886786));
#2377=DIRECTION('',(1.0,0.0,0.0));
#2378=VECTOR('',#2377,0.061023622047244);
#2379=LINE('',#2376,#2378);
#2380=EDGE_CURVE('',#2367,#2375,#2379,.T.);
#2381=ORIENTED_EDGE('',*,*,#2380,.T.);
#2382=CARTESIAN_POINT('',(0.187007874015748,-0.202755905511811,0.527572834256865));
#2383=DIRECTION('',(0.0,0.0,-1.0));
#2384=VECTOR('',#2383,0.019685039370079);
#2385=LINE('',#2382,#2384);
#2386=EDGE_CURVE('',#1948,#2375,#2385,.T.);
#2387=ORIENTED_EDGE('',*,*,#2386,.F.);
#2388=EDGE_LOOP('',(#2317,#2325,#2333,#2341,#2349,#2357,#2365,#2373,#2381,#2387));
#2389=FACE_OUTER_BOUND('',#2388,.T.);
#2390=ADVANCED_FACE('',(#2389),#2316,.T.);
#2391=CARTESIAN_POINT('',(-0.335629921259843,0.281496062992126,0.086627952367101));
#2392=DIRECTION('',(0.0,1.0,0.0));
#2393=DIRECTION('',(0.0,0.0,1.0));
#2394=AXIS2_PLACEMENT_3D('',#2391,#2392,#2393);
#2395=PLANE('',#2394);
#2396=CARTESIAN_POINT('',(0.210629921259843,0.281496062992126,0.192913385826772));
#2397=VERTEX_POINT('',#2396);
#2398=CARTESIAN_POINT('',(0.305118110236221,0.281496062992126,0.192913385826772));
#2399=VERTEX_POINT('',#2398);
#2400=CARTESIAN_POINT('',(0.210629921259843,0.281496062992126,0.192913385826772));
#2401=DIRECTION('',(1.0,0.0,0.0));
#2402=VECTOR('',#2401,0.094488188976378);
#2403=LINE('',#2400,#2402);
#2404=EDGE_CURVE('',#2397,#2399,#2403,.T.);
#2405=ORIENTED_EDGE('',*,*,#2404,.F.);
#2406=CARTESIAN_POINT('',(0.210629921259843,0.281496062992126,0.297525309336333));
#2407=VERTEX_POINT('',#2406);
#2408=CARTESIAN_POINT('',(0.210629921259843,0.281496062992126,0.297525309336333));
#2409=DIRECTION('',(0.0,0.0,-1.0));
#2410=VECTOR('',#2409,0.104611923509561);
#2411=LINE('',#2408,#2410);
#2412=EDGE_CURVE('',#2407,#2397,#2411,.T.);
#2413=ORIENTED_EDGE('',*,*,#2412,.F.);
#2414=CARTESIAN_POINT('',(0.212598425196851,0.281496062992126,0.297525309336333));
#2415=VERTEX_POINT('',#2414);
#2416=CARTESIAN_POINT('',(0.212598425196851,0.281496062992126,0.297525309336333));
#2417=DIRECTION('',(-1.0,0.0,0.0));
#2418=VECTOR('',#2417,0.001968503937008);
#2419=LINE('',#2416,#2418);
#2420=EDGE_CURVE('',#2415,#2407,#2419,.T.);
#2421=ORIENTED_EDGE('',*,*,#2420,.F.);
#2422=CARTESIAN_POINT('',(0.21259842519685,0.281496062992126,0.303149606299212));
#2423=VERTEX_POINT('',#2422);
#2424=CARTESIAN_POINT('',(0.212598425196851,0.281496062992126,0.297525309336333));
#2425=DIRECTION('',(0.0,0.0,1.0));
#2426=VECTOR('',#2425,0.005624296962879);
#2427=LINE('',#2424,#2426);
#2428=EDGE_CURVE('',#2415,#2423,#2427,.T.);
#2429=ORIENTED_EDGE('',*,*,#2428,.T.);
#2430=CARTESIAN_POINT('',(0.305118110236221,0.281496062992126,0.303149606299212));
#2431=VERTEX_POINT('',#2430);
#2432=CARTESIAN_POINT('',(0.21259842519685,0.281496062992126,0.303149606299212));
#2433=DIRECTION('',(1.0,0.0,0.0));
#2434=VECTOR('',#2433,0.09251968503937);
#2435=LINE('',#2432,#2434);
#2436=EDGE_CURVE('',#2423,#2431,#2435,.T.);
#2437=ORIENTED_EDGE('',*,*,#2436,.T.);
#2438=CARTESIAN_POINT('',(0.305118110236221,0.281496062992126,0.303163385437967));
#2439=VERTEX_POINT('',#2438);
#2440=CARTESIAN_POINT('',(0.305118110236221,0.281496062992126,0.303163385437967));
#2441=DIRECTION('',(0.0,0.0,-1.0));
#2442=VECTOR('',#2441,0.000013779138755);
#2443=LINE('',#2440,#2442);
#2444=EDGE_CURVE('',#2439,#2431,#2443,.T.);
#2445=ORIENTED_EDGE('',*,*,#2444,.F.);
#2446=CARTESIAN_POINT('',(0.273622047244094,0.281496062992126,0.303163385437967));
#2447=VERTEX_POINT('',#2446);
#2448=CARTESIAN_POINT('',(0.273622047244094,0.281496062992126,0.303163385437967));
#2449=DIRECTION('',(1.0,0.0,0.0));
#2450=VECTOR('',#2449,0.031496062992127);
#2451=LINE('',#2448,#2450);
#2452=EDGE_CURVE('',#2447,#2439,#2451,.T.);
#2453=ORIENTED_EDGE('',*,*,#2452,.F.);
#2454=CARTESIAN_POINT('',(0.273622047244094,0.281496062992126,0.417336613784424));
#2455=VERTEX_POINT('',#2454);
#2456=CARTESIAN_POINT('',(0.273622047244094,0.281496062992126,0.417336613784424));
#2457=DIRECTION('',(0.0,0.0,-1.0));
#2458=VECTOR('',#2457,0.114173228346457);
#2459=LINE('',#2456,#2458);
#2460=EDGE_CURVE('',#2455,#2447,#2459,.T.);
#2461=ORIENTED_EDGE('',*,*,#2460,.F.);
#2462=CARTESIAN_POINT('',(-0.273622047244094,0.281496062992126,0.417336613784424));
#2463=VERTEX_POINT('',#2462);
#2464=CARTESIAN_POINT('',(-0.273622047244094,0.281496062992126,0.417336613784424));
#2465=DIRECTION('',(1.0,0.0,0.0));
#2466=VECTOR('',#2465,0.547244094488188);
#2467=LINE('',#2464,#2466);
#2468=EDGE_CURVE('',#2463,#2455,#2467,.T.);
#2469=ORIENTED_EDGE('',*,*,#2468,.F.);
#2470=CARTESIAN_POINT('',(-0.273622047244094,0.281496062992126,0.303163385437967));
#2471=VERTEX_POINT('',#2470);
#2472=CARTESIAN_POINT('',(-0.273622047244094,0.281496062992126,0.303163385437967));
#2473=DIRECTION('',(0.0,0.0,1.0));
#2474=VECTOR('',#2473,0.114173228346457);
#2475=LINE('',#2472,#2474);
#2476=EDGE_CURVE('',#2471,#2463,#2475,.T.);
#2477=ORIENTED_EDGE('',*,*,#2476,.F.);
#2478=CARTESIAN_POINT('',(-0.305118110236221,0.281496062992126,0.303163385437967));
#2479=VERTEX_POINT('',#2478);
#2480=CARTESIAN_POINT('',(-0.273622047244094,0.281496062992126,0.303163385437967));
#2481=DIRECTION('',(-1.0,0.0,0.0));
#2482=VECTOR('',#2481,0.031496062992127);
#2483=LINE('',#2480,#2482);
#2484=EDGE_CURVE('',#2471,#2479,#2483,.T.);
#2485=ORIENTED_EDGE('',*,*,#2484,.T.);
#2486=CARTESIAN_POINT('',(-0.305118110236221,0.281496062992126,0.303149606299212));
#2487=VERTEX_POINT('',#2486);
#2488=CARTESIAN_POINT('',(-0.305118110236221,0.281496062992126,0.303163385437967));
#2489=DIRECTION('',(0.0,0.0,-1.0));
#2490=VECTOR('',#2489,0.000013779138755);
#2491=LINE('',#2488,#2490);
#2492=EDGE_CURVE('',#2479,#2487,#2491,.T.);
#2493=ORIENTED_EDGE('',*,*,#2492,.T.);
#2494=CARTESIAN_POINT('',(-0.208661417322835,0.281496062992126,0.303149606299212));
#2495=VERTEX_POINT('',#2494);
#2496=CARTESIAN_POINT('',(-0.305118110236221,0.281496062992126,0.303149606299212));
#2497=DIRECTION('',(1.0,0.0,0.0));
#2498=VECTOR('',#2497,0.096456692913386);
#2499=LINE('',#2496,#2498);
#2500=EDGE_CURVE('',#2487,#2495,#2499,.T.);
#2501=ORIENTED_EDGE('',*,*,#2500,.T.);
#2502=CARTESIAN_POINT('',(-0.208661417322835,0.281496062992126,0.192913385826771));
#2503=VERTEX_POINT('',#2502);
#2504=CARTESIAN_POINT('',(-0.208661417322835,0.281496062992126,0.303149606299212));
#2505=DIRECTION('',(0.0,0.0,-1.0));
#2506=VECTOR('',#2505,0.110236220472441);
#2507=LINE('',#2504,#2506);
#2508=EDGE_CURVE('',#2495,#2503,#2507,.T.);
#2509=ORIENTED_EDGE('',*,*,#2508,.T.);
#2510=CARTESIAN_POINT('',(-0.210629921259843,0.281496062992126,0.192913385826772));
#2511=VERTEX_POINT('',#2510);
#2512=CARTESIAN_POINT('',(-0.208661417322835,0.281496062992126,0.192913385826771));
#2513=DIRECTION('',(-1.0,0.0,0.0));
#2514=VECTOR('',#2513,0.001968503937008);
#2515=LINE('',#2512,#2514);
#2516=EDGE_CURVE('',#2503,#2511,#2515,.T.);
#2517=ORIENTED_EDGE('',*,*,#2516,.T.);
#2518=CARTESIAN_POINT('',(-0.305118110236221,0.281496062992126,0.192913385826772));
#2519=VERTEX_POINT('',#2518);
#2520=CARTESIAN_POINT('',(-0.305118110236221,0.281496062992126,0.192913385826772));
#2521=DIRECTION('',(1.0,0.0,0.0));
#2522=VECTOR('',#2521,0.094488188976378);
#2523=LINE('',#2520,#2522);
#2524=EDGE_CURVE('',#2519,#2511,#2523,.T.);
#2525=ORIENTED_EDGE('',*,*,#2524,.F.);
#2526=CARTESIAN_POINT('',(-0.305118110236221,0.281496062992126,0.102375983863164));
#2527=VERTEX_POINT('',#2526);
#2528=CARTESIAN_POINT('',(-0.305118110236221,0.281496062992126,0.192913385826772));
#2529=DIRECTION('',(0.0,0.0,-1.0));
#2530=VECTOR('',#2529,0.090537401963608);
#2531=LINE('',#2528,#2530);
#2532=EDGE_CURVE('',#2519,#2527,#2531,.T.);
#2533=ORIENTED_EDGE('',*,*,#2532,.T.);
#2534=CARTESIAN_POINT('',(0.305118110236221,0.281496062992126,0.102375983863164));
#2535=VERTEX_POINT('',#2534);
#2536=CARTESIAN_POINT('',(-0.305118110236221,0.281496062992126,0.102375983863164));
#2537=DIRECTION('',(1.0,0.0,0.0));
#2538=VECTOR('',#2537,0.610236220472442);
#2539=LINE('',#2536,#2538);
#2540=EDGE_CURVE('',#2527,#2535,#2539,.T.);
#2541=ORIENTED_EDGE('',*,*,#2540,.T.);
#2542=CARTESIAN_POINT('',(0.305118110236221,0.281496062992126,0.192913385826772));
#2543=DIRECTION('',(0.0,0.0,-1.0));
#2544=VECTOR('',#2543,0.090537401963608);
#2545=LINE('',#2542,#2544);
#2546=EDGE_CURVE('',#2399,#2535,#2545,.T.);
#2547=ORIENTED_EDGE('',*,*,#2546,.F.);
#2548=EDGE_LOOP('',(#2405,#2413,#2421,#2429,#2437,#2445,#2453,#2461,#2469,#2477,#2485,#2493,#2501,#2509,#2517,#2525,#2533,#2541,#2547));
#2549=FACE_OUTER_BOUND('',#2548,.T.);
#2550=ADVANCED_FACE('',(#2549),#2395,.F.);
#2551=CARTESIAN_POINT('',(0.212598425196851,-0.280314960629921,0.30511811023622));
#2552=DIRECTION('',(-1.0,0.0,0.0));
#2553=DIRECTION('',(0.0,0.0,1.0));
#2554=AXIS2_PLACEMENT_3D('',#2551,#2552,#2553);
#2555=PLANE('',#2554);
#2556=CARTESIAN_POINT('',(0.21259842519685,-0.281496062992126,0.297525309336333));
#2557=VERTEX_POINT('',#2556);
#2558=CARTESIAN_POINT('',(0.212598425196851,-0.30511811023622,0.263779527559055));
#2559=VERTEX_POINT('',#2558);
#2560=CARTESIAN_POINT('',(0.212598425196851,-0.281496062992126,0.297525309336333));
#2561=DIRECTION('',(0.0,-0.573462344363328,-0.819231920519041));
#2562=VECTOR('',#2561,0.041191976206076);
#2563=LINE('',#2560,#2562);
#2564=EDGE_CURVE('',#2557,#2559,#2563,.T.);
#2565=ORIENTED_EDGE('',*,*,#2564,.F.);
#2566=CARTESIAN_POINT('',(0.21259842519685,-0.281496062992126,0.303149606299212));
#2567=VERTEX_POINT('',#2566);
#2568=CARTESIAN_POINT('',(0.21259842519685,-0.281496062992126,0.303149606299212));
#2569=DIRECTION('',(0.0,0.0,-1.0));
#2570=VECTOR('',#2569,0.005624296962879);
#2571=LINE('',#2568,#2570);
#2572=EDGE_CURVE('',#2567,#2557,#2571,.T.);
#2573=ORIENTED_EDGE('',*,*,#2572,.F.);
#2574=CARTESIAN_POINT('',(0.21259842519685,-0.305118110236221,0.303149606299212));
#2575=VERTEX_POINT('',#2574);
#2576=CARTESIAN_POINT('',(0.21259842519685,-0.305118110236221,0.303149606299212));
#2577=DIRECTION('',(0.0,1.0,0.0));
#2578=VECTOR('',#2577,0.023622047244095);
#2579=LINE('',#2576,#2578);
#2580=EDGE_CURVE('',#2575,#2567,#2579,.T.);
#2581=ORIENTED_EDGE('',*,*,#2580,.F.);
#2582=CARTESIAN_POINT('',(0.212598425196851,-0.305118110236221,0.263779527559055));
#2583=DIRECTION('',(0.0,0.0,1.0));
#2584=VECTOR('',#2583,0.039370078740157);
#2585=LINE('',#2582,#2584);
#2586=EDGE_CURVE('',#2559,#2575,#2585,.T.);
#2587=ORIENTED_EDGE('',*,*,#2586,.F.);
#2588=EDGE_LOOP('',(#2565,#2573,#2581,#2587));
#2589=FACE_OUTER_BOUND('',#2588,.T.);
#2590=ADVANCED_FACE('',(#2589),#2555,.F.);
#2591=CARTESIAN_POINT('',(-0.210728346456693,-0.306299212598426,0.192913385826771));
#2592=DIRECTION('',(0.0,0.0,-1.0));
#2593=DIRECTION('',(-1.0,0.0,0.0));
#2594=AXIS2_PLACEMENT_3D('',#2591,#2592,#2593);
#2595=PLANE('',#2594);
#2596=CARTESIAN_POINT('',(-0.210629921259843,-0.30511811023622,0.192913385826772));
#2597=VERTEX_POINT('',#2596);
#2598=CARTESIAN_POINT('',(-0.210629921259843,-0.281496062992126,0.192913385826772));
#2599=VERTEX_POINT('',#2598);
#2600=CARTESIAN_POINT('',(-0.210629921259843,-0.30511811023622,0.192913385826772));
#2601=DIRECTION('',(0.0,1.0,0.0));
#2602=VECTOR('',#2601,0.023622047244094);
#2603=LINE('',#2600,#2602);
#2604=EDGE_CURVE('',#2597,#2599,#2603,.T.);
#2605=ORIENTED_EDGE('',*,*,#2604,.F.);
#2606=CARTESIAN_POINT('',(-0.208661417322835,-0.305118110236221,0.192913385826771));
#2607=VERTEX_POINT('',#2606);
#2608=CARTESIAN_POINT('',(-0.208661417322835,-0.305118110236221,0.192913385826771));
#2609=DIRECTION('',(-1.0,0.0,0.0));
#2610=VECTOR('',#2609,0.001968503937008);
#2611=LINE('',#2608,#2610);
#2612=EDGE_CURVE('',#2607,#2597,#2611,.T.);
#2613=ORIENTED_EDGE('',*,*,#2612,.F.);
#2614=CARTESIAN_POINT('',(-0.208661417322835,-0.281496062992126,0.192913385826771));
#2615=VERTEX_POINT('',#2614);
#2616=CARTESIAN_POINT('',(-0.208661417322835,-0.281496062992126,0.192913385826771));
#2617=DIRECTION('',(0.0,-1.0,0.0));
#2618=VECTOR('',#2617,0.023622047244095);
#2619=LINE('',#2616,#2618);
#2620=EDGE_CURVE('',#2615,#2607,#2619,.T.);
#2621=ORIENTED_EDGE('',*,*,#2620,.F.);
#2622=CARTESIAN_POINT('',(-0.210629921259843,-0.281496062992126,0.192913385826771));
#2623=DIRECTION('',(1.0,0.0,0.0));
#2624=VECTOR('',#2623,0.001968503937008);
#2625=LINE('',#2622,#2624);
#2626=EDGE_CURVE('',#2599,#2615,#2625,.T.);
#2627=ORIENTED_EDGE('',*,*,#2626,.F.);
#2628=EDGE_LOOP('',(#2605,#2613,#2621,#2627));
#2629=FACE_OUTER_BOUND('',#2628,.T.);
#2630=ADVANCED_FACE('',(#2629),#2595,.F.);
#2631=CARTESIAN_POINT('',(-0.230314960629921,-0.135925196850394,0.309856298823794));
#2632=DIRECTION('',(1.0,0.0,0.0));
#2633=DIRECTION('',(0.0,0.0,-1.0));
#2634=AXIS2_PLACEMENT_3D('',#2631,#2632,#2633);
#2635=PLANE('',#2634);
#2636=CARTESIAN_POINT('',(-0.230314960629921,-0.216535433070866,0.314974409060014));
#2637=VERTEX_POINT('',#2636);
#2638=CARTESIAN_POINT('',(-0.230314960629921,-0.216535433070866,0.417336613784424));
#2639=VERTEX_POINT('',#2638);
#2640=CARTESIAN_POINT('',(-0.230314960629921,-0.216535433070866,0.314974409060014));
#2641=DIRECTION('',(0.0,0.0,1.0));
#2642=VECTOR('',#2641,0.10236220472441);
#2643=LINE('',#2640,#2642);
#2644=EDGE_CURVE('',#2637,#2639,#2643,.T.);
#2645=ORIENTED_EDGE('',*,*,#2644,.F.);
#2646=CARTESIAN_POINT('',(-0.230314960629921,-0.139763779527559,0.314974409060014));
#2647=VERTEX_POINT('',#2646);
#2648=CARTESIAN_POINT('',(-0.230314960629921,-0.216535433070866,0.314974409060014));
#2649=DIRECTION('',(0.0,1.0,0.0));
#2650=VECTOR('',#2649,0.076771653543307);
#2651=LINE('',#2648,#2650);
#2652=EDGE_CURVE('',#2637,#2647,#2651,.T.);
#2653=ORIENTED_EDGE('',*,*,#2652,.T.);
#2654=CARTESIAN_POINT('',(-0.230314960629921,-0.139763779527559,0.417336613784424));
#2655=VERTEX_POINT('',#2654);
#2656=CARTESIAN_POINT('',(-0.230314960629921,-0.139763779527559,0.417336613784424));
#2657=DIRECTION('',(0.0,0.0,-1.0));
#2658=VECTOR('',#2657,0.10236220472441);
#2659=LINE('',#2656,#2658);
#2660=EDGE_CURVE('',#2655,#2647,#2659,.T.);
#2661=ORIENTED_EDGE('',*,*,#2660,.F.);
#2662=CARTESIAN_POINT('',(-0.230314960629921,-0.216535433070866,0.417336613784424));
#2663=DIRECTION('',(0.0,1.0,0.0));
#2664=VECTOR('',#2663,0.076771653543307);
#2665=LINE('',#2662,#2664);
#2666=EDGE_CURVE('',#2639,#2655,#2665,.T.);
#2667=ORIENTED_EDGE('',*,*,#2666,.F.);
#2668=EDGE_LOOP('',(#2645,#2653,#2661,#2667));
#2669=FACE_OUTER_BOUND('',#2668,.T.);
#2670=ADVANCED_FACE('',(#2669),#2635,.T.);
#2671=CARTESIAN_POINT('',(-0.255118110236221,-0.135925196850394,0.314974409060014));
#2672=DIRECTION('',(0.0,0.0,1.0));
#2673=DIRECTION('',(1.0,0.0,0.0));
#2674=AXIS2_PLACEMENT_3D('',#2671,#2672,#2673);
#2675=PLANE('',#2674);
#2676=CARTESIAN_POINT('',(-0.253937007874016,-0.216535433070866,0.314974409060014));
#2677=VERTEX_POINT('',#2676);
#2678=CARTESIAN_POINT('',(-0.253937007874016,-0.216535433070866,0.314974409060014));
#2679=DIRECTION('',(1.0,0.0,0.0));
#2680=VECTOR('',#2679,0.023622047244095);
#2681=LINE('',#2678,#2680);
#2682=EDGE_CURVE('',#2677,#2637,#2681,.T.);
#2683=ORIENTED_EDGE('',*,*,#2682,.F.);
#2684=CARTESIAN_POINT('',(-0.253937007874016,-0.139763779527559,0.314974409060014));
#2685=VERTEX_POINT('',#2684);
#2686=CARTESIAN_POINT('',(-0.253937007874016,-0.139763779527559,0.314974409060014));
#2687=DIRECTION('',(0.0,-1.0,0.0));
#2688=VECTOR('',#2687,0.076771653543307);
#2689=LINE('',#2686,#2688);
#2690=EDGE_CURVE('',#2685,#2677,#2689,.T.);
#2691=ORIENTED_EDGE('',*,*,#2690,.F.);
#2692=CARTESIAN_POINT('',(-0.230314960629921,-0.139763779527559,0.314974409060014));
#2693=DIRECTION('',(-1.0,0.0,0.0));
#2694=VECTOR('',#2693,0.023622047244095);
#2695=LINE('',#2692,#2694);
#2696=EDGE_CURVE('',#2647,#2685,#2695,.T.);
#2697=ORIENTED_EDGE('',*,*,#2696,.F.);
#2698=ORIENTED_EDGE('',*,*,#2652,.F.);
#2699=EDGE_LOOP('',(#2683,#2691,#2697,#2698));
#2700=FACE_OUTER_BOUND('',#2699,.T.);
#2701=ADVANCED_FACE('',(#2700),#2675,.F.);
#2702=CARTESIAN_POINT('',(-0.253937007874016,-0.135925196850394,0.422454724020644));
#2703=DIRECTION('',(-1.0,0.0,0.0));
#2704=DIRECTION('',(0.0,0.0,1.0));
#2705=AXIS2_PLACEMENT_3D('',#2702,#2703,#2704);
#2706=PLANE('',#2705);
#2707=CARTESIAN_POINT('',(-0.253937007874016,-0.216535433070866,0.417336613784424));
#2708=VERTEX_POINT('',#2707);
#2709=CARTESIAN_POINT('',(-0.253937007874016,-0.216535433070866,0.417336613784424));
#2710=DIRECTION('',(0.0,0.0,-1.0));
#2711=VECTOR('',#2710,0.10236220472441);
#2712=LINE('',#2709,#2711);
#2713=EDGE_CURVE('',#2708,#2677,#2712,.T.);
#2714=ORIENTED_EDGE('',*,*,#2713,.F.);
#2715=CARTESIAN_POINT('',(-0.253937007874016,-0.139763779527559,0.417336613784424));
#2716=VERTEX_POINT('',#2715);
#2717=CARTESIAN_POINT('',(-0.253937007874016,-0.139763779527559,0.417336613784424));
#2718=DIRECTION('',(0.0,-1.0,0.0));
#2719=VECTOR('',#2718,0.076771653543307);
#2720=LINE('',#2717,#2719);
#2721=EDGE_CURVE('',#2716,#2708,#2720,.T.);
#2722=ORIENTED_EDGE('',*,*,#2721,.F.);
#2723=CARTESIAN_POINT('',(-0.253937007874016,-0.139763779527559,0.417336613784424));
#2724=DIRECTION('',(0.0,0.0,-1.0));
#2725=VECTOR('',#2724,0.10236220472441);
#2726=LINE('',#2723,#2725);
#2727=EDGE_CURVE('',#2716,#2685,#2726,.T.);
#2728=ORIENTED_EDGE('',*,*,#2727,.T.);
#2729=ORIENTED_EDGE('',*,*,#2690,.T.);
#2730=EDGE_LOOP('',(#2714,#2722,#2728,#2729));
#2731=FACE_OUTER_BOUND('',#2730,.T.);
#2732=ADVANCED_FACE('',(#2731),#2706,.T.);
#2733=CARTESIAN_POINT('',(-0.253937007874016,0.220374015748031,0.422454724020644));
#2734=DIRECTION('',(-1.0,0.0,0.0));
#2735=DIRECTION('',(0.0,0.0,1.0));
#2736=AXIS2_PLACEMENT_3D('',#2733,#2734,#2735);
#2737=PLANE('',#2736);
#2738=CARTESIAN_POINT('',(-0.253937007874016,0.216535433070866,0.314974409060014));
#2739=VERTEX_POINT('',#2738);
#2740=CARTESIAN_POINT('',(-0.253937007874016,0.216535433070866,0.417336613784424));
#2741=VERTEX_POINT('',#2740);
#2742=CARTESIAN_POINT('',(-0.253937007874016,0.216535433070866,0.314974409060014));
#2743=DIRECTION('',(0.0,0.0,1.0));
#2744=VECTOR('',#2743,0.10236220472441);
#2745=LINE('',#2742,#2744);
#2746=EDGE_CURVE('',#2739,#2741,#2745,.T.);
#2747=ORIENTED_EDGE('',*,*,#2746,.F.);
#2748=CARTESIAN_POINT('',(-0.253937007874016,0.139763779527559,0.314974409060014));
#2749=VERTEX_POINT('',#2748);
#2750=CARTESIAN_POINT('',(-0.253937007874016,0.216535433070866,0.314974409060014));
#2751=DIRECTION('',(0.0,-1.0,0.0));
#2752=VECTOR('',#2751,0.076771653543307);
#2753=LINE('',#2750,#2752);
#2754=EDGE_CURVE('',#2739,#2749,#2753,.T.);
#2755=ORIENTED_EDGE('',*,*,#2754,.T.);
#2756=CARTESIAN_POINT('',(-0.253937007874016,0.139763779527559,0.417336613784424));
#2757=VERTEX_POINT('',#2756);
#2758=CARTESIAN_POINT('',(-0.253937007874016,0.139763779527559,0.417336613784424));
#2759=DIRECTION('',(0.0,0.0,-1.0));
#2760=VECTOR('',#2759,0.10236220472441);
#2761=LINE('',#2758,#2760);
#2762=EDGE_CURVE('',#2757,#2749,#2761,.T.);
#2763=ORIENTED_EDGE('',*,*,#2762,.F.);
#2764=CARTESIAN_POINT('',(-0.253937007874016,0.216535433070866,0.417336613784424));
#2765=DIRECTION('',(0.0,-1.0,0.0));
#2766=VECTOR('',#2765,0.076771653543307);
#2767=LINE('',#2764,#2766);
#2768=EDGE_CURVE('',#2741,#2757,#2767,.T.);
#2769=ORIENTED_EDGE('',*,*,#2768,.F.);
#2770=EDGE_LOOP('',(#2747,#2755,#2763,#2769));
#2771=FACE_OUTER_BOUND('',#2770,.T.);
#2772=ADVANCED_FACE('',(#2771),#2737,.T.);
#2773=CARTESIAN_POINT('',(-0.255118110236221,0.220374015748031,0.314974409060014));
#2774=DIRECTION('',(0.0,0.0,1.0));
#2775=DIRECTION('',(1.0,0.0,0.0));
#2776=AXIS2_PLACEMENT_3D('',#2773,#2774,#2775);
#2777=PLANE('',#2776);
#2778=CARTESIAN_POINT('',(-0.230314960629921,0.216535433070866,0.314974409060014));
#2779=VERTEX_POINT('',#2778);
#2780=CARTESIAN_POINT('',(-0.230314960629921,0.216535433070866,0.314974409060014));
#2781=DIRECTION('',(-1.0,0.0,0.0));
#2782=VECTOR('',#2781,0.023622047244095);
#2783=LINE('',#2780,#2782);
#2784=EDGE_CURVE('',#2779,#2739,#2783,.T.);
#2785=ORIENTED_EDGE('',*,*,#2784,.F.);
#2786=CARTESIAN_POINT('',(-0.230314960629921,0.139763779527559,0.314974409060014));
#2787=VERTEX_POINT('',#2786);
#2788=CARTESIAN_POINT('',(-0.230314960629921,0.139763779527559,0.314974409060014));
#2789=DIRECTION('',(0.0,1.0,0.0));
#2790=VECTOR('',#2789,0.076771653543307);
#2791=LINE('',#2788,#2790);
#2792=EDGE_CURVE('',#2787,#2779,#2791,.T.);
#2793=ORIENTED_EDGE('',*,*,#2792,.F.);
#2794=CARTESIAN_POINT('',(-0.253937007874016,0.139763779527559,0.314974409060014));
#2795=DIRECTION('',(1.0,0.0,0.0));
#2796=VECTOR('',#2795,0.023622047244095);
#2797=LINE('',#2794,#2796);
#2798=EDGE_CURVE('',#2749,#2787,#2797,.T.);
#2799=ORIENTED_EDGE('',*,*,#2798,.F.);
#2800=ORIENTED_EDGE('',*,*,#2754,.F.);
#2801=EDGE_LOOP('',(#2785,#2793,#2799,#2800));
#2802=FACE_OUTER_BOUND('',#2801,.T.);
#2803=ADVANCED_FACE('',(#2802),#2777,.F.);
#2804=CARTESIAN_POINT('',(-0.230314960629921,0.220374015748031,0.309856298823794));
#2805=DIRECTION('',(1.0,0.0,0.0));
#2806=DIRECTION('',(0.0,0.0,-1.0));
#2807=AXIS2_PLACEMENT_3D('',#2804,#2805,#2806);
#2808=PLANE('',#2807);
#2809=CARTESIAN_POINT('',(-0.230314960629921,0.216535433070866,0.417336613784424));
#2810=VERTEX_POINT('',#2809);
#2811=CARTESIAN_POINT('',(-0.230314960629921,0.216535433070866,0.417336613784424));
#2812=DIRECTION('',(0.0,0.0,-1.0));
#2813=VECTOR('',#2812,0.10236220472441);
#2814=LINE('',#2811,#2813);
#2815=EDGE_CURVE('',#2810,#2779,#2814,.T.);
#2816=ORIENTED_EDGE('',*,*,#2815,.F.);
#2817=CARTESIAN_POINT('',(-0.230314960629921,0.139763779527559,0.417336613784424));
#2818=VERTEX_POINT('',#2817);
#2819=CARTESIAN_POINT('',(-0.230314960629921,0.139763779527559,0.417336613784424));
#2820=DIRECTION('',(0.0,1.0,0.0));
#2821=VECTOR('',#2820,0.076771653543307);
#2822=LINE('',#2819,#2821);
#2823=EDGE_CURVE('',#2818,#2810,#2822,.T.);
#2824=ORIENTED_EDGE('',*,*,#2823,.F.);
#2825=CARTESIAN_POINT('',(-0.230314960629921,0.139763779527559,0.417336613784424));
#2826=DIRECTION('',(0.0,0.0,-1.0));
#2827=VECTOR('',#2826,0.10236220472441);
#2828=LINE('',#2825,#2827);
#2829=EDGE_CURVE('',#2818,#2787,#2828,.T.);
#2830=ORIENTED_EDGE('',*,*,#2829,.T.);
#2831=ORIENTED_EDGE('',*,*,#2792,.T.);
#2832=EDGE_LOOP('',(#2816,#2824,#2830,#2831));
#2833=FACE_OUTER_BOUND('',#2832,.T.);
#2834=ADVANCED_FACE('',(#2833),#2808,.T.);
#2835=CARTESIAN_POINT('',(-0.309645669291339,0.309645669291339,0.417336613784424));
#2836=DIRECTION('',(0.0,0.0,1.0));
#2837=DIRECTION('',(1.0,0.0,0.0));
#2838=AXIS2_PLACEMENT_3D('',#2835,#2836,#2837);
#2839=PLANE('',#2838);
#2840=CARTESIAN_POINT('',(-0.281496062992126,0.273622047244094,0.417336613784424));
#2841=VERTEX_POINT('',#2840);
#2842=CARTESIAN_POINT('',(-0.273622047244094,0.273622047244094,0.417336613784424));
#2843=DIRECTION('',(0.0,0.0,-1.0));
#2844=DIRECTION('',(-0.707106781186547,0.707106781186547,0.0));
#2845=AXIS2_PLACEMENT_3D('',#2842,#2843,#2844);
#2846=CIRCLE('',#2845,0.007874015748031);
#2847=EDGE_CURVE('',#2841,#2463,#2846,.T.);
#2848=ORIENTED_EDGE('',*,*,#2847,.T.);
#2849=ORIENTED_EDGE('',*,*,#2468,.T.);
#2850=CARTESIAN_POINT('',(0.281496062992126,0.273622047244095,0.417336613784424));
#2851=VERTEX_POINT('',#2850);
#2852=CARTESIAN_POINT('',(0.273622047244094,0.273622047244095,0.417336613784424));
#2853=DIRECTION('',(0.0,0.0,-1.0));
#2854=DIRECTION('',(0.707106781186547,0.707106781186547,0.0));
#2855=AXIS2_PLACEMENT_3D('',#2852,#2853,#2854);
#2856=CIRCLE('',#2855,0.007874015748031);
#2857=EDGE_CURVE('',#2455,#2851,#2856,.T.);
#2858=ORIENTED_EDGE('',*,*,#2857,.T.);
#2859=CARTESIAN_POINT('',(0.281496062992126,-0.273622047244095,0.417336613784424));
#2860=VERTEX_POINT('',#2859);
#2861=CARTESIAN_POINT('',(0.281496062992126,0.273622047244095,0.417336613784424));
#2862=DIRECTION('',(0.0,-1.0,0.0));
#2863=VECTOR('',#2862,0.54724409448819);
#2864=LINE('',#2861,#2863);
#2865=EDGE_CURVE('',#2851,#2860,#2864,.T.);
#2866=ORIENTED_EDGE('',*,*,#2865,.T.);
#2867=CARTESIAN_POINT('',(0.273622047244094,-0.281496062992126,0.417336613784424));
#2868=VERTEX_POINT('',#2867);
#2869=CARTESIAN_POINT('',(0.273622047244094,-0.273622047244095,0.417336613784424));
#2870=DIRECTION('',(0.0,0.0,-1.0));
#2871=DIRECTION('',(0.707106781186547,-0.707106781186547,0.0));
#2872=AXIS2_PLACEMENT_3D('',#2869,#2870,#2871);
#2873=CIRCLE('',#2872,0.007874015748031);
#2874=EDGE_CURVE('',#2860,#2868,#2873,.T.);
#2875=ORIENTED_EDGE('',*,*,#2874,.T.);
#2876=CARTESIAN_POINT('',(-0.273622047244094,-0.281496062992126,0.417336613784424));
#2877=VERTEX_POINT('',#2876);
#2878=CARTESIAN_POINT('',(0.273622047244094,-0.281496062992126,0.417336613784424));
#2879=DIRECTION('',(-1.0,0.0,0.0));
#2880=VECTOR('',#2879,0.547244094488188);
#2881=LINE('',#2878,#2880);
#2882=EDGE_CURVE('',#2868,#2877,#2881,.T.);
#2883=ORIENTED_EDGE('',*,*,#2882,.T.);
#2884=CARTESIAN_POINT('',(-0.281496062992126,-0.273622047244095,0.417336613784424));
#2885=VERTEX_POINT('',#2884);
#2886=CARTESIAN_POINT('',(-0.273622047244094,-0.273622047244095,0.417336613784424));
#2887=DIRECTION('',(0.0,0.0,-1.0));
#2888=DIRECTION('',(-0.707106781186547,-0.707106781186547,0.0));
#2889=AXIS2_PLACEMENT_3D('',#2886,#2887,#2888);
#2890=CIRCLE('',#2889,0.007874015748031);
#2891=EDGE_CURVE('',#2877,#2885,#2890,.T.);
#2892=ORIENTED_EDGE('',*,*,#2891,.T.);
#2893=CARTESIAN_POINT('',(-0.281496062992126,-0.273622047244095,0.417336613784424));
#2894=DIRECTION('',(0.0,1.0,0.0));
#2895=VECTOR('',#2894,0.547244094488189);
#2896=LINE('',#2893,#2895);
#2897=EDGE_CURVE('',#2885,#2841,#2896,.T.);
#2898=ORIENTED_EDGE('',*,*,#2897,.T.);
#2899=EDGE_LOOP('',(#2848,#2849,#2858,#2866,#2875,#2883,#2892,#2898));
#2900=FACE_OUTER_BOUND('',#2899,.T.);
#2901=CARTESIAN_POINT('',(0.279527559055118,-0.27755905511811,0.417336613784424));
#2902=VERTEX_POINT('',#2901);
#2903=CARTESIAN_POINT('',(-0.279527559055118,-0.27755905511811,0.417336613784424));
#2904=VERTEX_POINT('',#2903);
#2905=CARTESIAN_POINT('',(0.279527559055118,-0.27755905511811,0.417336613784424));
#2906=DIRECTION('',(-1.0,0.0,0.0));
#2907=VECTOR('',#2906,0.559055118110236);
#2908=LINE('',#2905,#2907);
#2909=EDGE_CURVE('',#2902,#2904,#2908,.T.);
#2910=ORIENTED_EDGE('',*,*,#2909,.F.);
#2911=CARTESIAN_POINT('',(0.279527559055118,0.27755905511811,0.417336613784424));
#2912=VERTEX_POINT('',#2911);
#2913=CARTESIAN_POINT('',(0.279527559055118,0.27755905511811,0.417336613784424));
#2914=DIRECTION('',(0.0,-1.0,0.0));
#2915=VECTOR('',#2914,0.55511811023622);
#2916=LINE('',#2913,#2915);
#2917=EDGE_CURVE('',#2912,#2902,#2916,.T.);
#2918=ORIENTED_EDGE('',*,*,#2917,.F.);
#2919=CARTESIAN_POINT('',(-0.279527559055118,0.27755905511811,0.417336613784424));
#2920=VERTEX_POINT('',#2919);
#2921=CARTESIAN_POINT('',(-0.279527559055118,0.27755905511811,0.417336613784424));
#2922=DIRECTION('',(1.0,0.0,0.0));
#2923=VECTOR('',#2922,0.559055118110236);
#2924=LINE('',#2921,#2923);
#2925=EDGE_CURVE('',#2920,#2912,#2924,.T.);
#2926=ORIENTED_EDGE('',*,*,#2925,.F.);
#2927=CARTESIAN_POINT('',(-0.279527559055118,-0.27755905511811,0.417336613784424));
#2928=DIRECTION('',(0.0,1.0,0.0));
#2929=VECTOR('',#2928,0.55511811023622);
#2930=LINE('',#2927,#2929);
#2931=EDGE_CURVE('',#2904,#2920,#2930,.T.);
#2932=ORIENTED_EDGE('',*,*,#2931,.F.);
#2933=EDGE_LOOP('',(#2910,#2918,#2926,#2932));
#2934=FACE_BOUND('',#2933,.T.);
#2935=ADVANCED_FACE('',(#2900,#2934),#2839,.F.);
#2936=CARTESIAN_POINT('',(-0.260728346456693,0.238188976377953,0.417336613784424));
#2937=DIRECTION('',(0.0,0.0,1.0));
#2938=DIRECTION('',(1.0,0.0,0.0));
#2939=AXIS2_PLACEMENT_3D('',#2936,#2937,#2938);
#2940=PLANE('',#2939);
#2941=CARTESIAN_POINT('',(-0.200787401574803,-0.216535433070866,0.417336613784424));
#2942=VERTEX_POINT('',#2941);
#2943=CARTESIAN_POINT('',(-0.200787401574803,-0.206692913385827,0.417336613784424));
#2944=VERTEX_POINT('',#2943);
#2945=CARTESIAN_POINT('',(-0.200787401574803,-0.216535433070866,0.417336613784424));
#2946=DIRECTION('',(0.0,1.0,0.0));
#2947=VECTOR('',#2946,0.009842519685039);
#2948=LINE('',#2945,#2947);
#2949=EDGE_CURVE('',#2942,#2944,#2948,.T.);
#2950=ORIENTED_EDGE('',*,*,#2949,.F.);
#2951=CARTESIAN_POINT('',(-0.230314960629921,-0.216535433070866,0.417336613784424));
#2952=DIRECTION('',(1.0,0.0,0.0));
#2953=VECTOR('',#2952,0.029527559055118);
#2954=LINE('',#2951,#2953);
#2955=EDGE_CURVE('',#2639,#2942,#2954,.T.);
#2956=ORIENTED_EDGE('',*,*,#2955,.F.);
#2957=ORIENTED_EDGE('',*,*,#2666,.T.);
#2958=CARTESIAN_POINT('',(-0.230314960629921,-0.139763779527559,0.417336613784424));
#2959=DIRECTION('',(-1.0,0.0,0.0));
#2960=VECTOR('',#2959,0.023622047244095);
#2961=LINE('',#2958,#2960);
#2962=EDGE_CURVE('',#2655,#2716,#2961,.T.);
#2963=ORIENTED_EDGE('',*,*,#2962,.T.);
#2964=ORIENTED_EDGE('',*,*,#2721,.T.);
#2965=CARTESIAN_POINT('',(-0.257874015748032,-0.216535433070866,0.417336613784424));
#2966=VERTEX_POINT('',#2965);
#2967=CARTESIAN_POINT('',(-0.257874015748032,-0.216535433070866,0.417336613784424));
#2968=DIRECTION('',(1.0,0.0,0.0));
#2969=VECTOR('',#2968,0.003937007874016);
#2970=LINE('',#2967,#2969);
#2971=EDGE_CURVE('',#2966,#2708,#2970,.T.);
#2972=ORIENTED_EDGE('',*,*,#2971,.F.);
#2973=CARTESIAN_POINT('',(-0.257874015748032,0.216535433070866,0.417336613784424));
#2974=VERTEX_POINT('',#2973);
#2975=CARTESIAN_POINT('',(-0.257874015748032,0.216535433070866,0.417336613784424));
#2976=DIRECTION('',(0.0,-1.0,0.0));
#2977=VECTOR('',#2976,0.433070866141732);
#2978=LINE('',#2975,#2977);
#2979=EDGE_CURVE('',#2974,#2966,#2978,.T.);
#2980=ORIENTED_EDGE('',*,*,#2979,.F.);
#2981=CARTESIAN_POINT('',(-0.253937007874016,0.216535433070866,0.417336613784424));
#2982=DIRECTION('',(-1.0,0.0,0.0));
#2983=VECTOR('',#2982,0.003937007874016);
#2984=LINE('',#2981,#2983);
#2985=EDGE_CURVE('',#2741,#2974,#2984,.T.);
#2986=ORIENTED_EDGE('',*,*,#2985,.F.);
#2987=ORIENTED_EDGE('',*,*,#2768,.T.);
#2988=CARTESIAN_POINT('',(-0.253937007874016,0.139763779527559,0.417336613784424));
#2989=DIRECTION('',(1.0,0.0,0.0));
#2990=VECTOR('',#2989,0.023622047244095);
#2991=LINE('',#2988,#2990);
#2992=EDGE_CURVE('',#2757,#2818,#2991,.T.);
#2993=ORIENTED_EDGE('',*,*,#2992,.T.);
#2994=ORIENTED_EDGE('',*,*,#2823,.T.);
#2995=CARTESIAN_POINT('',(-0.200787401574803,0.216535433070866,0.417336613784424));
#2996=VERTEX_POINT('',#2995);
#2997=CARTESIAN_POINT('',(-0.200787401574803,0.216535433070866,0.417336613784424));
#2998=DIRECTION('',(-1.0,0.0,0.0));
#2999=VECTOR('',#2998,0.029527559055118);
#3000=LINE('',#2997,#2999);
#3001=EDGE_CURVE('',#2996,#2810,#3000,.T.);
#3002=ORIENTED_EDGE('',*,*,#3001,.F.);
#3003=CARTESIAN_POINT('',(-0.200787401574803,0.206692913385827,0.417336613784424));
#3004=VERTEX_POINT('',#3003);
#3005=CARTESIAN_POINT('',(-0.200787401574803,0.206692913385827,0.417336613784424));
#3006=DIRECTION('',(0.0,1.0,0.0));
#3007=VECTOR('',#3006,0.009842519685039);
#3008=LINE('',#3005,#3007);
#3009=EDGE_CURVE('',#3004,#2996,#3008,.T.);
#3010=ORIENTED_EDGE('',*,*,#3009,.F.);
#3011=CARTESIAN_POINT('',(-0.206692913385827,0.206692913385827,0.417336613784424));
#3012=VERTEX_POINT('',#3011);
#3013=CARTESIAN_POINT('',(-0.200787401574803,0.206692913385827,0.417336613784424));
#3014=DIRECTION('',(-1.0,0.0,0.0));
#3015=VECTOR('',#3014,0.005905511811024);
#3016=LINE('',#3013,#3015);
#3017=EDGE_CURVE('',#3004,#3012,#3016,.T.);
#3018=ORIENTED_EDGE('',*,*,#3017,.T.);
#3019=CARTESIAN_POINT('',(-0.206692913385827,-0.206692913385827,0.417336613784424));
#3020=VERTEX_POINT('',#3019);
#3021=CARTESIAN_POINT('',(-0.206692913385827,0.206692913385827,0.417336613784424));
#3022=DIRECTION('',(0.0,-1.0,0.0));
#3023=VECTOR('',#3022,0.413385826771654);
#3024=LINE('',#3021,#3023);
#3025=EDGE_CURVE('',#3012,#3020,#3024,.T.);
#3026=ORIENTED_EDGE('',*,*,#3025,.T.);
#3027=CARTESIAN_POINT('',(-0.206692913385827,-0.206692913385827,0.417336613784424));
#3028=DIRECTION('',(1.0,0.0,0.0));
#3029=VECTOR('',#3028,0.005905511811024);
#3030=LINE('',#3027,#3029);
#3031=EDGE_CURVE('',#3020,#2944,#3030,.T.);
#3032=ORIENTED_EDGE('',*,*,#3031,.T.);
#3033=EDGE_LOOP('',(#2950,#2956,#2957,#2963,#2964,#2972,#2980,#2986,#2987,#2993,#2994,#3002,#3010,#3018,#3026,#3032));
#3034=FACE_OUTER_BOUND('',#3033,.T.);
#3035=ADVANCED_FACE('',(#3034),#2940,.F.);
#3036=CARTESIAN_POINT('',(0.197933070866142,0.238188976377953,0.417336613784424));
#3037=DIRECTION('',(0.0,0.0,1.0));
#3038=DIRECTION('',(1.0,0.0,0.0));
#3039=AXIS2_PLACEMENT_3D('',#3036,#3037,#3038);
#3040=PLANE('',#3039);
#3041=CARTESIAN_POINT('',(0.200787401574803,-0.206692913385827,0.417336613784424));
#3042=VERTEX_POINT('',#3041);
#3043=CARTESIAN_POINT('',(0.200787401574803,-0.216535433070866,0.417336613784424));
#3044=VERTEX_POINT('',#3043);
#3045=CARTESIAN_POINT('',(0.200787401574803,-0.206692913385827,0.417336613784424));
#3046=DIRECTION('',(0.0,-1.0,0.0));
#3047=VECTOR('',#3046,0.009842519685039);
#3048=LINE('',#3045,#3047);
#3049=EDGE_CURVE('',#3042,#3044,#3048,.T.);
#3050=ORIENTED_EDGE('',*,*,#3049,.F.);
#3051=CARTESIAN_POINT('',(0.206692913385827,-0.206692913385827,0.417336613784424));
#3052=VERTEX_POINT('',#3051);
#3053=CARTESIAN_POINT('',(0.200787401574803,-0.206692913385827,0.417336613784424));
#3054=DIRECTION('',(1.0,0.0,0.0));
#3055=VECTOR('',#3054,0.005905511811024);
#3056=LINE('',#3053,#3055);
#3057=EDGE_CURVE('',#3042,#3052,#3056,.T.);
#3058=ORIENTED_EDGE('',*,*,#3057,.T.);
#3059=CARTESIAN_POINT('',(0.206692913385827,0.206692913385827,0.417336613784424));
#3060=VERTEX_POINT('',#3059);
#3061=CARTESIAN_POINT('',(0.206692913385827,-0.206692913385827,0.417336613784424));
#3062=DIRECTION('',(0.0,1.0,0.0));
#3063=VECTOR('',#3062,0.413385826771654);
#3064=LINE('',#3061,#3063);
#3065=EDGE_CURVE('',#3052,#3060,#3064,.T.);
#3066=ORIENTED_EDGE('',*,*,#3065,.T.);
#3067=CARTESIAN_POINT('',(0.200787401574803,0.206692913385827,0.417336613784424));
#3068=VERTEX_POINT('',#3067);
#3069=CARTESIAN_POINT('',(0.206692913385827,0.206692913385827,0.417336613784424));
#3070=DIRECTION('',(-1.0,0.0,0.0));
#3071=VECTOR('',#3070,0.005905511811024);
#3072=LINE('',#3069,#3071);
#3073=EDGE_CURVE('',#3060,#3068,#3072,.T.);
#3074=ORIENTED_EDGE('',*,*,#3073,.T.);
#3075=CARTESIAN_POINT('',(0.200787401574803,0.216535433070866,0.417336613784424));
#3076=VERTEX_POINT('',#3075);
#3077=CARTESIAN_POINT('',(0.200787401574803,0.216535433070866,0.417336613784424));
#3078=DIRECTION('',(0.0,-1.0,0.0));
#3079=VECTOR('',#3078,0.009842519685039);
#3080=LINE('',#3077,#3079);
#3081=EDGE_CURVE('',#3076,#3068,#3080,.T.);
#3082=ORIENTED_EDGE('',*,*,#3081,.F.);
#3083=CARTESIAN_POINT('',(0.230314960629921,0.216535433070866,0.417336613784424));
#3084=VERTEX_POINT('',#3083);
#3085=CARTESIAN_POINT('',(0.230314960629921,0.216535433070866,0.417336613784424));
#3086=DIRECTION('',(-1.0,0.0,0.0));
#3087=VECTOR('',#3086,0.029527559055118);
#3088=LINE('',#3085,#3087);
#3089=EDGE_CURVE('',#3084,#3076,#3088,.T.);
#3090=ORIENTED_EDGE('',*,*,#3089,.F.);
#3091=CARTESIAN_POINT('',(0.230314960629921,0.139763779527559,0.417336613784424));
#3092=VERTEX_POINT('',#3091);
#3093=CARTESIAN_POINT('',(0.230314960629921,0.216535433070866,0.417336613784424));
#3094=DIRECTION('',(0.0,-1.0,0.0));
#3095=VECTOR('',#3094,0.076771653543307);
#3096=LINE('',#3093,#3095);
#3097=EDGE_CURVE('',#3084,#3092,#3096,.T.);
#3098=ORIENTED_EDGE('',*,*,#3097,.T.);
#3099=CARTESIAN_POINT('',(0.253937007874016,0.139763779527559,0.417336613784424));
#3100=VERTEX_POINT('',#3099);
#3101=CARTESIAN_POINT('',(0.230314960629921,0.139763779527559,0.417336613784424));
#3102=DIRECTION('',(1.0,0.0,0.0));
#3103=VECTOR('',#3102,0.023622047244095);
#3104=LINE('',#3101,#3103);
#3105=EDGE_CURVE('',#3092,#3100,#3104,.T.);
#3106=ORIENTED_EDGE('',*,*,#3105,.T.);
#3107=CARTESIAN_POINT('',(0.253937007874016,0.216535433070866,0.417336613784424));
#3108=VERTEX_POINT('',#3107);
#3109=CARTESIAN_POINT('',(0.253937007874016,0.139763779527559,0.417336613784424));
#3110=DIRECTION('',(0.0,1.0,0.0));
#3111=VECTOR('',#3110,0.076771653543307);
#3112=LINE('',#3109,#3111);
#3113=EDGE_CURVE('',#3100,#3108,#3112,.T.);
#3114=ORIENTED_EDGE('',*,*,#3113,.T.);
#3115=CARTESIAN_POINT('',(0.257874015748032,0.216535433070866,0.417336613784424));
#3116=VERTEX_POINT('',#3115);
#3117=CARTESIAN_POINT('',(0.257874015748032,0.216535433070866,0.417336613784424));
#3118=DIRECTION('',(-1.0,0.0,0.0));
#3119=VECTOR('',#3118,0.003937007874016);
#3120=LINE('',#3117,#3119);
#3121=EDGE_CURVE('',#3116,#3108,#3120,.T.);
#3122=ORIENTED_EDGE('',*,*,#3121,.F.);
#3123=CARTESIAN_POINT('',(0.257874015748032,-0.216535433070866,0.417336613784424));
#3124=VERTEX_POINT('',#3123);
#3125=CARTESIAN_POINT('',(0.257874015748032,-0.216535433070866,0.417336613784424));
#3126=DIRECTION('',(0.0,1.0,0.0));
#3127=VECTOR('',#3126,0.433070866141732);
#3128=LINE('',#3125,#3127);
#3129=EDGE_CURVE('',#3124,#3116,#3128,.T.);
#3130=ORIENTED_EDGE('',*,*,#3129,.F.);
#3131=CARTESIAN_POINT('',(0.253937007874016,-0.216535433070866,0.417336613784424));
#3132=VERTEX_POINT('',#3131);
#3133=CARTESIAN_POINT('',(0.253937007874016,-0.216535433070866,0.417336613784424));
#3134=DIRECTION('',(1.0,0.0,0.0));
#3135=VECTOR('',#3134,0.003937007874016);
#3136=LINE('',#3133,#3135);
#3137=EDGE_CURVE('',#3132,#3124,#3136,.T.);
#3138=ORIENTED_EDGE('',*,*,#3137,.F.);
#3139=CARTESIAN_POINT('',(0.253937007874016,-0.139763779527559,0.417336613784424));
#3140=VERTEX_POINT('',#3139);
#3141=CARTESIAN_POINT('',(0.253937007874016,-0.216535433070866,0.417336613784424));
#3142=DIRECTION('',(0.0,1.0,0.0));
#3143=VECTOR('',#3142,0.076771653543307);
#3144=LINE('',#3141,#3143);
#3145=EDGE_CURVE('',#3132,#3140,#3144,.T.);
#3146=ORIENTED_EDGE('',*,*,#3145,.T.);
#3147=CARTESIAN_POINT('',(0.230314960629921,-0.139763779527559,0.417336613784424));
#3148=VERTEX_POINT('',#3147);
#3149=CARTESIAN_POINT('',(0.253937007874016,-0.139763779527559,0.417336613784424));
#3150=DIRECTION('',(-1.0,0.0,0.0));
#3151=VECTOR('',#3150,0.023622047244095);
#3152=LINE('',#3149,#3151);
#3153=EDGE_CURVE('',#3140,#3148,#3152,.T.);
#3154=ORIENTED_EDGE('',*,*,#3153,.T.);
#3155=CARTESIAN_POINT('',(0.230314960629921,-0.216535433070866,0.417336613784424));
#3156=VERTEX_POINT('',#3155);
#3157=CARTESIAN_POINT('',(0.230314960629921,-0.139763779527559,0.417336613784424));
#3158=DIRECTION('',(0.0,-1.0,0.0));
#3159=VECTOR('',#3158,0.076771653543307);
#3160=LINE('',#3157,#3159);
#3161=EDGE_CURVE('',#3148,#3156,#3160,.T.);
#3162=ORIENTED_EDGE('',*,*,#3161,.T.);
#3163=CARTESIAN_POINT('',(0.200787401574803,-0.216535433070866,0.417336613784424));
#3164=DIRECTION('',(1.0,0.0,0.0));
#3165=VECTOR('',#3164,0.029527559055118);
#3166=LINE('',#3163,#3165);
#3167=EDGE_CURVE('',#3044,#3156,#3166,.T.);
#3168=ORIENTED_EDGE('',*,*,#3167,.F.);
#3169=EDGE_LOOP('',(#3050,#3058,#3066,#3074,#3082,#3090,#3098,#3106,#3114,#3122,#3130,#3138,#3146,#3154,#3162,#3168));
#3170=FACE_OUTER_BOUND('',#3169,.T.);
#3171=ADVANCED_FACE('',(#3170),#3040,.F.);
#3172=CARTESIAN_POINT('',(-0.138582677165354,0.247096456692913,0.417336613784424));
#3173=DIRECTION('',(0.0,0.0,1.0));
#3174=DIRECTION('',(1.0,0.0,0.0));
#3175=AXIS2_PLACEMENT_3D('',#3172,#3173,#3174);
#3176=PLANE('',#3175);
#3177=CARTESIAN_POINT('',(-0.125984251968504,0.246062992125984,0.417336613784424));
#3178=VERTEX_POINT('',#3177);
#3179=CARTESIAN_POINT('',(-0.125984251968504,0.225393700787402,0.417336613784424));
#3180=VERTEX_POINT('',#3179);
#3181=CARTESIAN_POINT('',(-0.125984251968504,0.246062992125984,0.417336613784424));
#3182=DIRECTION('',(0.0,-1.0,0.0));
#3183=VECTOR('',#3182,0.020669291338582);
#3184=LINE('',#3181,#3183);
#3185=EDGE_CURVE('',#3178,#3180,#3184,.T.);
#3186=ORIENTED_EDGE('',*,*,#3185,.F.);
#3187=CARTESIAN_POINT('',(0.125984251968504,0.246062992125984,0.417336613784424));
#3188=VERTEX_POINT('',#3187);
#3189=CARTESIAN_POINT('',(0.125984251968504,0.246062992125984,0.417336613784424));
#3190=DIRECTION('',(-1.0,0.0,0.0));
#3191=VECTOR('',#3190,0.251968503937008);
#3192=LINE('',#3189,#3191);
#3193=EDGE_CURVE('',#3188,#3178,#3192,.T.);
#3194=ORIENTED_EDGE('',*,*,#3193,.F.);
#3195=CARTESIAN_POINT('',(0.125984251968504,0.225393700787402,0.417336613784424));
#3196=VERTEX_POINT('',#3195);
#3197=CARTESIAN_POINT('',(0.125984251968504,0.225393700787402,0.417336613784424));
#3198=DIRECTION('',(0.0,1.0,0.0));
#3199=VECTOR('',#3198,0.020669291338582);
#3200=LINE('',#3197,#3199);
#3201=EDGE_CURVE('',#3196,#3188,#3200,.T.);
#3202=ORIENTED_EDGE('',*,*,#3201,.F.);
#3203=CARTESIAN_POINT('',(0.110236220472441,0.241141732283465,0.417336613784424));
#3204=VERTEX_POINT('',#3203);
#3205=CARTESIAN_POINT('',(0.110236220472441,0.225393700787402,0.417336613784424));
#3206=DIRECTION('',(0.0,0.0,-1.0));
#3207=DIRECTION('',(0.707106781186548,0.707106781186548,0.0));
#3208=AXIS2_PLACEMENT_3D('',#3205,#3206,#3207);
#3209=CIRCLE('',#3208,0.015748031496063);
#3210=EDGE_CURVE('',#3204,#3196,#3209,.T.);
#3211=ORIENTED_EDGE('',*,*,#3210,.F.);
#3212=CARTESIAN_POINT('',(-0.110236220472441,0.241141732283465,0.417336613784424));
#3213=VERTEX_POINT('',#3212);
#3214=CARTESIAN_POINT('',(-0.110236220472441,0.241141732283465,0.417336613784424));
#3215=DIRECTION('',(1.0,0.0,0.0));
#3216=VECTOR('',#3215,0.220472440944882);
#3217=LINE('',#3214,#3216);
#3218=EDGE_CURVE('',#3213,#3204,#3217,.T.);
#3219=ORIENTED_EDGE('',*,*,#3218,.F.);
#3220=CARTESIAN_POINT('',(-0.110236220472441,0.225393700787402,0.417336613784424));
#3221=DIRECTION('',(0.0,0.0,-1.0));
#3222=DIRECTION('',(-0.707106781186548,0.707106781186548,0.0));
#3223=AXIS2_PLACEMENT_3D('',#3220,#3221,#3222);
#3224=CIRCLE('',#3223,0.015748031496063);
#3225=EDGE_CURVE('',#3180,#3213,#3224,.T.);
#3226=ORIENTED_EDGE('',*,*,#3225,.F.);
#3227=EDGE_LOOP('',(#3186,#3194,#3202,#3211,#3219,#3226));
#3228=FACE_OUTER_BOUND('',#3227,.T.);
#3229=ADVANCED_FACE('',(#3228),#3176,.F.);
#3230=CARTESIAN_POINT('',(-0.273622047244094,0.273622047244094,0.297454724020644));
#3231=DIRECTION('',(0.0,0.0,1.0));
#3232=DIRECTION('',(0.707106781186546,-0.707106781186548,0.0));
#3233=AXIS2_PLACEMENT_3D('',#3230,#3231,#3232);
#3234=CYLINDRICAL_SURFACE('',#3233,0.007874015748031);
#3235=ORIENTED_EDGE('',*,*,#2847,.F.);
#3236=CARTESIAN_POINT('',(-0.281496062992126,0.273622047244094,0.303163385437967));
#3237=VERTEX_POINT('',#3236);
#3238=CARTESIAN_POINT('',(-0.281496062992126,0.273622047244094,0.417336613784424));
#3239=DIRECTION('',(0.0,0.0,-1.0));
#3240=VECTOR('',#3239,0.114173228346457);
#3241=LINE('',#3238,#3240);
#3242=EDGE_CURVE('',#2841,#3237,#3241,.T.);
#3243=ORIENTED_EDGE('',*,*,#3242,.T.);
#3244=CARTESIAN_POINT('',(-0.273622047244094,0.273622047244094,0.303163385437967));
#3245=DIRECTION('',(0.0,0.0,-1.0));
#3246=DIRECTION('',(-0.707106781186547,0.707106781186547,0.0));
#3247=AXIS2_PLACEMENT_3D('',#3244,#3245,#3246);
#3248=CIRCLE('',#3247,0.007874015748031);
#3249=EDGE_CURVE('',#3237,#2471,#3248,.T.);
#3250=ORIENTED_EDGE('',*,*,#3249,.T.);
#3251=ORIENTED_EDGE('',*,*,#2476,.T.);
#3252=EDGE_LOOP('',(#3235,#3243,#3250,#3251));
#3253=FACE_OUTER_BOUND('',#3252,.T.);
#3254=ADVANCED_FACE('',(#3253),#3234,.F.);
#3255=CARTESIAN_POINT('',(-0.273622047244094,-0.273622047244095,0.297454724020644));
#3256=DIRECTION('',(0.0,0.0,1.0));
#3257=DIRECTION('',(0.707106781186549,0.707106781186546,0.0));
#3258=AXIS2_PLACEMENT_3D('',#3255,#3256,#3257);
#3259=CYLINDRICAL_SURFACE('',#3258,0.007874015748031);
#3260=ORIENTED_EDGE('',*,*,#2891,.F.);
#3261=CARTESIAN_POINT('',(-0.273622047244094,-0.281496062992126,0.303163385437967));
#3262=VERTEX_POINT('',#3261);
#3263=CARTESIAN_POINT('',(-0.273622047244094,-0.281496062992126,0.417336613784424));
#3264=DIRECTION('',(0.0,0.0,-1.0));
#3265=VECTOR('',#3264,0.114173228346457);
#3266=LINE('',#3263,#3265);
#3267=EDGE_CURVE('',#2877,#3262,#3266,.T.);
#3268=ORIENTED_EDGE('',*,*,#3267,.T.);
#3269=CARTESIAN_POINT('',(-0.281496062992126,-0.273622047244095,0.303163385437967));
#3270=VERTEX_POINT('',#3269);
#3271=CARTESIAN_POINT('',(-0.273622047244094,-0.273622047244095,0.303163385437967));
#3272=DIRECTION('',(0.0,0.0,-1.0));
#3273=DIRECTION('',(-0.707106781186547,-0.707106781186547,0.0));
#3274=AXIS2_PLACEMENT_3D('',#3271,#3272,#3273);
#3275=CIRCLE('',#3274,0.007874015748031);
#3276=EDGE_CURVE('',#3262,#3270,#3275,.T.);
#3277=ORIENTED_EDGE('',*,*,#3276,.T.);
#3278=CARTESIAN_POINT('',(-0.281496062992126,-0.273622047244095,0.303163385437967));
#3279=DIRECTION('',(0.0,0.0,1.0));
#3280=VECTOR('',#3279,0.114173228346457);
#3281=LINE('',#3278,#3280);
#3282=EDGE_CURVE('',#3270,#2885,#3281,.T.);
#3283=ORIENTED_EDGE('',*,*,#3282,.T.);
#3284=EDGE_LOOP('',(#3260,#3268,#3277,#3283));
#3285=FACE_OUTER_BOUND('',#3284,.T.);
#3286=ADVANCED_FACE('',(#3285),#3259,.F.);
#3287=CARTESIAN_POINT('',(-0.281496062992126,0.300984251968503,0.423045275201747));
#3288=DIRECTION('',(-1.0,0.0,0.0));
#3289=DIRECTION('',(0.0,0.0,1.0));
#3290=AXIS2_PLACEMENT_3D('',#3287,#3288,#3289);
#3291=PLANE('',#3290);
#3292=ORIENTED_EDGE('',*,*,#3242,.F.);
#3293=ORIENTED_EDGE('',*,*,#2897,.F.);
#3294=ORIENTED_EDGE('',*,*,#3282,.F.);
#3295=CARTESIAN_POINT('',(-0.281496062992126,0.273622047244094,0.303163385437967));
#3296=DIRECTION('',(0.0,-1.0,0.0));
#3297=VECTOR('',#3296,0.547244094488189);
#3298=LINE('',#3295,#3297);
#3299=EDGE_CURVE('',#3237,#3270,#3298,.T.);
#3300=ORIENTED_EDGE('',*,*,#3299,.F.);
#3301=EDGE_LOOP('',(#3292,#3293,#3294,#3300));
#3302=FACE_OUTER_BOUND('',#3301,.T.);
#3303=ADVANCED_FACE('',(#3302),#3291,.F.);
#3304=CARTESIAN_POINT('',(0.273622047244094,-0.273622047244095,0.297454724020644));
#3305=DIRECTION('',(0.0,0.0,1.0));
#3306=DIRECTION('',(-0.707106781186546,0.707106781186548,0.0));
#3307=AXIS2_PLACEMENT_3D('',#3304,#3305,#3306);
#3308=CYLINDRICAL_SURFACE('',#3307,0.007874015748031);
#3309=ORIENTED_EDGE('',*,*,#2874,.F.);
#3310=CARTESIAN_POINT('',(0.281496062992126,-0.273622047244095,0.303163385437967));
#3311=VERTEX_POINT('',#3310);
#3312=CARTESIAN_POINT('',(0.281496062992126,-0.273622047244095,0.417336613784424));
#3313=DIRECTION('',(0.0,0.0,-1.0));
#3314=VECTOR('',#3313,0.114173228346457);
#3315=LINE('',#3312,#3314);
#3316=EDGE_CURVE('',#2860,#3311,#3315,.T.);
#3317=ORIENTED_EDGE('',*,*,#3316,.T.);
#3318=CARTESIAN_POINT('',(0.273622047244094,-0.281496062992126,0.303163385437967));
#3319=VERTEX_POINT('',#3318);
#3320=CARTESIAN_POINT('',(0.273622047244094,-0.273622047244095,0.303163385437967));
#3321=DIRECTION('',(0.0,0.0,-1.0));
#3322=DIRECTION('',(0.707106781186547,-0.707106781186547,0.0));
#3323=AXIS2_PLACEMENT_3D('',#3320,#3321,#3322);
#3324=CIRCLE('',#3323,0.007874015748031);
#3325=EDGE_CURVE('',#3311,#3319,#3324,.T.);
#3326=ORIENTED_EDGE('',*,*,#3325,.T.);
#3327=CARTESIAN_POINT('',(0.273622047244094,-0.281496062992126,0.303163385437967));
#3328=DIRECTION('',(0.0,0.0,1.0));
#3329=VECTOR('',#3328,0.114173228346457);
#3330=LINE('',#3327,#3329);
#3331=EDGE_CURVE('',#3319,#2868,#3330,.T.);
#3332=ORIENTED_EDGE('',*,*,#3331,.T.);
#3333=EDGE_LOOP('',(#3309,#3317,#3326,#3332));
#3334=FACE_OUTER_BOUND('',#3333,.T.);
#3335=ADVANCED_FACE('',(#3334),#3308,.F.);
#3336=CARTESIAN_POINT('',(-0.335629921259843,-0.281496062992126,0.433084645280487));
#3337=DIRECTION('',(0.0,-1.0,0.0));
#3338=DIRECTION('',(0.0,0.0,-1.0));
#3339=AXIS2_PLACEMENT_3D('',#3336,#3337,#3338);
#3340=PLANE('',#3339);
#3341=CARTESIAN_POINT('',(0.30511811023622,-0.281496062992126,0.192913385826772));
#3342=VERTEX_POINT('',#3341);
#3343=CARTESIAN_POINT('',(0.210629921259843,-0.281496062992126,0.192913385826772));
#3344=VERTEX_POINT('',#3343);
#3345=CARTESIAN_POINT('',(0.30511811023622,-0.281496062992126,0.192913385826772));
#3346=DIRECTION('',(-1.0,0.0,0.0));
#3347=VECTOR('',#3346,0.094488188976377);
#3348=LINE('',#3345,#3347);
#3349=EDGE_CURVE('',#3342,#3344,#3348,.T.);
#3350=ORIENTED_EDGE('',*,*,#3349,.F.);
#3351=CARTESIAN_POINT('',(0.30511811023622,-0.281496062992126,0.102375983863164));
#3352=VERTEX_POINT('',#3351);
#3353=CARTESIAN_POINT('',(0.30511811023622,-0.281496062992126,0.192913385826772));
#3354=DIRECTION('',(0.0,0.0,-1.0));
#3355=VECTOR('',#3354,0.090537401963608);
#3356=LINE('',#3353,#3355);
#3357=EDGE_CURVE('',#3342,#3352,#3356,.T.);
#3358=ORIENTED_EDGE('',*,*,#3357,.T.);
#3359=CARTESIAN_POINT('',(-0.30511811023622,-0.281496062992126,0.102375983863164));
#3360=VERTEX_POINT('',#3359);
#3361=CARTESIAN_POINT('',(0.30511811023622,-0.281496062992126,0.102375983863164));
#3362=DIRECTION('',(-1.0,0.0,0.0));
#3363=VECTOR('',#3362,0.61023622047244);
#3364=LINE('',#3361,#3363);
#3365=EDGE_CURVE('',#3352,#3360,#3364,.T.);
#3366=ORIENTED_EDGE('',*,*,#3365,.T.);
#3367=CARTESIAN_POINT('',(-0.30511811023622,-0.281496062992126,0.192913385826772));
#3368=VERTEX_POINT('',#3367);
#3369=CARTESIAN_POINT('',(-0.30511811023622,-0.281496062992126,0.192913385826772));
#3370=DIRECTION('',(0.0,0.0,-1.0));
#3371=VECTOR('',#3370,0.090537401963608);
#3372=LINE('',#3369,#3371);
#3373=EDGE_CURVE('',#3368,#3360,#3372,.T.);
#3374=ORIENTED_EDGE('',*,*,#3373,.F.);
#3375=CARTESIAN_POINT('',(-0.210629921259843,-0.281496062992126,0.192913385826772));
#3376=DIRECTION('',(-1.0,0.0,0.0));
#3377=VECTOR('',#3376,0.094488188976377);
#3378=LINE('',#3375,#3377);
#3379=EDGE_CURVE('',#2599,#3368,#3378,.T.);
#3380=ORIENTED_EDGE('',*,*,#3379,.F.);
#3381=ORIENTED_EDGE('',*,*,#2626,.T.);
#3382=CARTESIAN_POINT('',(-0.208661417322835,-0.281496062992126,0.303149606299212));
#3383=VERTEX_POINT('',#3382);
#3384=CARTESIAN_POINT('',(-0.208661417322835,-0.281496062992126,0.192913385826771));
#3385=DIRECTION('',(0.0,0.0,1.0));
#3386=VECTOR('',#3385,0.110236220472441);
#3387=LINE('',#3384,#3386);
#3388=EDGE_CURVE('',#2615,#3383,#3387,.T.);
#3389=ORIENTED_EDGE('',*,*,#3388,.T.);
#3390=CARTESIAN_POINT('',(-0.30511811023622,-0.281496062992126,0.303149606299212));
#3391=VERTEX_POINT('',#3390);
#3392=CARTESIAN_POINT('',(-0.208661417322835,-0.281496062992126,0.303149606299212));
#3393=DIRECTION('',(-1.0,0.0,0.0));
#3394=VECTOR('',#3393,0.096456692913385);
#3395=LINE('',#3392,#3394);
#3396=EDGE_CURVE('',#3383,#3391,#3395,.T.);
#3397=ORIENTED_EDGE('',*,*,#3396,.T.);
#3398=CARTESIAN_POINT('',(-0.30511811023622,-0.281496062992126,0.303163385437967));
#3399=VERTEX_POINT('',#3398);
#3400=CARTESIAN_POINT('',(-0.30511811023622,-0.281496062992126,0.303163385437967));
#3401=DIRECTION('',(0.0,0.0,-1.0));
#3402=VECTOR('',#3401,0.000013779138755);
#3403=LINE('',#3400,#3402);
#3404=EDGE_CURVE('',#3399,#3391,#3403,.T.);
#3405=ORIENTED_EDGE('',*,*,#3404,.F.);
#3406=CARTESIAN_POINT('',(-0.30511811023622,-0.281496062992126,0.303163385437967));
#3407=DIRECTION('',(1.0,0.0,0.0));
#3408=VECTOR('',#3407,0.031496062992126);
#3409=LINE('',#3406,#3408);
#3410=EDGE_CURVE('',#3399,#3262,#3409,.T.);
#3411=ORIENTED_EDGE('',*,*,#3410,.T.);
#3412=ORIENTED_EDGE('',*,*,#3267,.F.);
#3413=ORIENTED_EDGE('',*,*,#2882,.F.);
#3414=ORIENTED_EDGE('',*,*,#3331,.F.);
#3415=CARTESIAN_POINT('',(0.30511811023622,-0.281496062992126,0.303163385437967));
#3416=VERTEX_POINT('',#3415);
#3417=CARTESIAN_POINT('',(0.273622047244094,-0.281496062992126,0.303163385437967));
#3418=DIRECTION('',(1.0,0.0,0.0));
#3419=VECTOR('',#3418,0.031496062992126);
#3420=LINE('',#3417,#3419);
#3421=EDGE_CURVE('',#3319,#3416,#3420,.T.);
#3422=ORIENTED_EDGE('',*,*,#3421,.T.);
#3423=CARTESIAN_POINT('',(0.30511811023622,-0.281496062992126,0.303149606299212));
#3424=VERTEX_POINT('',#3423);
#3425=CARTESIAN_POINT('',(0.30511811023622,-0.281496062992126,0.303163385437967));
#3426=DIRECTION('',(0.0,0.0,-1.0));
#3427=VECTOR('',#3426,0.000013779138755);
#3428=LINE('',#3425,#3427);
#3429=EDGE_CURVE('',#3416,#3424,#3428,.T.);
#3430=ORIENTED_EDGE('',*,*,#3429,.T.);
#3431=CARTESIAN_POINT('',(0.30511811023622,-0.281496062992126,0.303149606299212));
#3432=DIRECTION('',(-1.0,0.0,0.0));
#3433=VECTOR('',#3432,0.09251968503937);
#3434=LINE('',#3431,#3433);
#3435=EDGE_CURVE('',#3424,#2567,#3434,.T.);
#3436=ORIENTED_EDGE('',*,*,#3435,.T.);
#3437=ORIENTED_EDGE('',*,*,#2572,.T.);
#3438=CARTESIAN_POINT('',(0.210629921259843,-0.281496062992126,0.297525309336333));
#3439=VERTEX_POINT('',#3438);
#3440=CARTESIAN_POINT('',(0.210629921259843,-0.281496062992126,0.297525309336333));
#3441=DIRECTION('',(1.0,0.0,0.0));
#3442=VECTOR('',#3441,0.001968503937007);
#3443=LINE('',#3440,#3442);
#3444=EDGE_CURVE('',#3439,#2557,#3443,.T.);
#3445=ORIENTED_EDGE('',*,*,#3444,.F.);
#3446=CARTESIAN_POINT('',(0.210629921259843,-0.281496062992126,0.192913385826772));
#3447=DIRECTION('',(0.0,0.0,1.0));
#3448=VECTOR('',#3447,0.104611923509561);
#3449=LINE('',#3446,#3448);
#3450=EDGE_CURVE('',#3344,#3439,#3449,.T.);
#3451=ORIENTED_EDGE('',*,*,#3450,.F.);
#3452=EDGE_LOOP('',(#3350,#3358,#3366,#3374,#3380,#3381,#3389,#3397,#3405,#3411,#3412,#3413,#3414,#3422,#3430,#3436,#3437,#3445,#3451));
#3453=FACE_OUTER_BOUND('',#3452,.T.);
#3454=ADVANCED_FACE('',(#3453),#3340,.F.);
#3455=CARTESIAN_POINT('',(0.273622047244094,0.273622047244095,0.297454724020644));
#3456=DIRECTION('',(0.0,0.0,1.0));
#3457=DIRECTION('',(-0.707106781186549,-0.707106781186546,0.0));
#3458=AXIS2_PLACEMENT_3D('',#3455,#3456,#3457);
#3459=CYLINDRICAL_SURFACE('',#3458,0.007874015748031);
#3460=ORIENTED_EDGE('',*,*,#2857,.F.);
#3461=ORIENTED_EDGE('',*,*,#2460,.T.);
#3462=CARTESIAN_POINT('',(0.281496062992126,0.273622047244095,0.303163385437967));
#3463=VERTEX_POINT('',#3462);
#3464=CARTESIAN_POINT('',(0.273622047244094,0.273622047244095,0.303163385437967));
#3465=DIRECTION('',(0.0,0.0,-1.0));
#3466=DIRECTION('',(0.707106781186547,0.707106781186547,0.0));
#3467=AXIS2_PLACEMENT_3D('',#3464,#3465,#3466);
#3468=CIRCLE('',#3467,0.007874015748031);
#3469=EDGE_CURVE('',#2447,#3463,#3468,.T.);
#3470=ORIENTED_EDGE('',*,*,#3469,.T.);
#3471=CARTESIAN_POINT('',(0.281496062992126,0.273622047244095,0.303163385437967));
#3472=DIRECTION('',(0.0,0.0,1.0));
#3473=VECTOR('',#3472,0.114173228346457);
#3474=LINE('',#3471,#3473);
#3475=EDGE_CURVE('',#3463,#2851,#3474,.T.);
#3476=ORIENTED_EDGE('',*,*,#3475,.T.);
#3477=EDGE_LOOP('',(#3460,#3461,#3470,#3476));
#3478=FACE_OUTER_BOUND('',#3477,.T.);
#3479=ADVANCED_FACE('',(#3478),#3459,.F.);
#3480=CARTESIAN_POINT('',(0.281496062992126,0.300984251968504,0.297454724020644));
#3481=DIRECTION('',(1.0,0.0,0.0));
#3482=DIRECTION('',(0.0,0.0,-1.0));
#3483=AXIS2_PLACEMENT_3D('',#3480,#3481,#3482);
#3484=PLANE('',#3483);
#3485=ORIENTED_EDGE('',*,*,#3316,.F.);
#3486=ORIENTED_EDGE('',*,*,#2865,.F.);
#3487=ORIENTED_EDGE('',*,*,#3475,.F.);
#3488=CARTESIAN_POINT('',(0.281496062992126,-0.273622047244095,0.303163385437967));
#3489=DIRECTION('',(0.0,1.0,0.0));
#3490=VECTOR('',#3489,0.54724409448819);
#3491=LINE('',#3488,#3490);
#3492=EDGE_CURVE('',#3311,#3463,#3491,.T.);
#3493=ORIENTED_EDGE('',*,*,#3492,.F.);
#3494=EDGE_LOOP('',(#3485,#3486,#3487,#3493));
#3495=FACE_OUTER_BOUND('',#3494,.T.);
#3496=ADVANCED_FACE('',(#3495),#3484,.F.);
#3497=CARTESIAN_POINT('',(-0.255118110236221,-0.139763779527559,0.309856298823794));
#3498=DIRECTION('',(0.0,1.0,0.0));
#3499=DIRECTION('',(0.0,0.0,1.0));
#3500=AXIS2_PLACEMENT_3D('',#3497,#3498,#3499);
#3501=PLANE('',#3500);
#3502=ORIENTED_EDGE('',*,*,#2696,.T.);
#3503=ORIENTED_EDGE('',*,*,#2727,.F.);
#3504=ORIENTED_EDGE('',*,*,#2962,.F.);
#3505=ORIENTED_EDGE('',*,*,#2660,.T.);
#3506=EDGE_LOOP('',(#3502,#3503,#3504,#3505));
#3507=FACE_OUTER_BOUND('',#3506,.T.);
#3508=ADVANCED_FACE('',(#3507),#3501,.T.);
#3509=CARTESIAN_POINT('',(0.253937007874016,-0.135925196850394,0.309856298823794));
#3510=DIRECTION('',(1.0,0.0,0.0));
#3511=DIRECTION('',(0.0,0.0,-1.0));
#3512=AXIS2_PLACEMENT_3D('',#3509,#3510,#3511);
#3513=PLANE('',#3512);
#3514=CARTESIAN_POINT('',(0.253937007874016,-0.216535433070866,0.314974409060014));
#3515=VERTEX_POINT('',#3514);
#3516=CARTESIAN_POINT('',(0.253937007874016,-0.216535433070866,0.314974409060014));
#3517=DIRECTION('',(0.0,0.0,1.0));
#3518=VECTOR('',#3517,0.10236220472441);
#3519=LINE('',#3516,#3518);
#3520=EDGE_CURVE('',#3515,#3132,#3519,.T.);
#3521=ORIENTED_EDGE('',*,*,#3520,.F.);
#3522=CARTESIAN_POINT('',(0.253937007874016,-0.139763779527559,0.314974409060014));
#3523=VERTEX_POINT('',#3522);
#3524=CARTESIAN_POINT('',(0.253937007874016,-0.216535433070866,0.314974409060014));
#3525=DIRECTION('',(0.0,1.0,0.0));
#3526=VECTOR('',#3525,0.076771653543307);
#3527=LINE('',#3524,#3526);
#3528=EDGE_CURVE('',#3515,#3523,#3527,.T.);
#3529=ORIENTED_EDGE('',*,*,#3528,.T.);
#3530=CARTESIAN_POINT('',(0.253937007874016,-0.139763779527559,0.417336613784424));
#3531=DIRECTION('',(0.0,0.0,-1.0));
#3532=VECTOR('',#3531,0.10236220472441);
#3533=LINE('',#3530,#3532);
#3534=EDGE_CURVE('',#3140,#3523,#3533,.T.);
#3535=ORIENTED_EDGE('',*,*,#3534,.F.);
#3536=ORIENTED_EDGE('',*,*,#3145,.F.);
#3537=EDGE_LOOP('',(#3521,#3529,#3535,#3536));
#3538=FACE_OUTER_BOUND('',#3537,.T.);
#3539=ADVANCED_FACE('',(#3538),#3513,.T.);
#3540=CARTESIAN_POINT('',(0.229133858267716,-0.139763779527559,0.309856298823794));
#3541=DIRECTION('',(0.0,1.0,0.0));
#3542=DIRECTION('',(0.0,0.0,1.0));
#3543=AXIS2_PLACEMENT_3D('',#3540,#3541,#3542);
#3544=PLANE('',#3543);
#3545=CARTESIAN_POINT('',(0.230314960629921,-0.139763779527559,0.314974409060014));
#3546=VERTEX_POINT('',#3545);
#3547=CARTESIAN_POINT('',(0.253937007874016,-0.139763779527559,0.314974409060014));
#3548=DIRECTION('',(-1.0,0.0,0.0));
#3549=VECTOR('',#3548,0.023622047244095);
#3550=LINE('',#3547,#3549);
#3551=EDGE_CURVE('',#3523,#3546,#3550,.T.);
#3552=ORIENTED_EDGE('',*,*,#3551,.T.);
#3553=CARTESIAN_POINT('',(0.230314960629921,-0.139763779527559,0.417336613784424));
#3554=DIRECTION('',(0.0,0.0,-1.0));
#3555=VECTOR('',#3554,0.10236220472441);
#3556=LINE('',#3553,#3555);
#3557=EDGE_CURVE('',#3148,#3546,#3556,.T.);
#3558=ORIENTED_EDGE('',*,*,#3557,.F.);
#3559=ORIENTED_EDGE('',*,*,#3153,.F.);
#3560=ORIENTED_EDGE('',*,*,#3534,.T.);
#3561=EDGE_LOOP('',(#3552,#3558,#3559,#3560));
#3562=FACE_OUTER_BOUND('',#3561,.T.);
#3563=ADVANCED_FACE('',(#3562),#3544,.T.);
#3564=CARTESIAN_POINT('',(0.230314960629921,-0.135925196850394,0.422454724020644));
#3565=DIRECTION('',(-1.0,0.0,0.0));
#3566=DIRECTION('',(0.0,0.0,1.0));
#3567=AXIS2_PLACEMENT_3D('',#3564,#3565,#3566);
#3568=PLANE('',#3567);
#3569=CARTESIAN_POINT('',(0.230314960629921,-0.216535433070866,0.314974409060014));
#3570=VERTEX_POINT('',#3569);
#3571=CARTESIAN_POINT('',(0.230314960629921,-0.216535433070866,0.417336613784424));
#3572=DIRECTION('',(0.0,0.0,-1.0));
#3573=VECTOR('',#3572,0.10236220472441);
#3574=LINE('',#3571,#3573);
#3575=EDGE_CURVE('',#3156,#3570,#3574,.T.);
#3576=ORIENTED_EDGE('',*,*,#3575,.F.);
#3577=ORIENTED_EDGE('',*,*,#3161,.F.);
#3578=ORIENTED_EDGE('',*,*,#3557,.T.);
#3579=CARTESIAN_POINT('',(0.230314960629921,-0.139763779527559,0.314974409060014));
#3580=DIRECTION('',(0.0,-1.0,0.0));
#3581=VECTOR('',#3580,0.076771653543307);
#3582=LINE('',#3579,#3581);
#3583=EDGE_CURVE('',#3546,#3570,#3582,.T.);
#3584=ORIENTED_EDGE('',*,*,#3583,.T.);
#3585=EDGE_LOOP('',(#3576,#3577,#3578,#3584));
#3586=FACE_OUTER_BOUND('',#3585,.T.);
#3587=ADVANCED_FACE('',(#3586),#3568,.T.);
#3588=CARTESIAN_POINT('',(0.229133858267716,-0.135925196850394,0.314974409060014));
#3589=DIRECTION('',(0.0,0.0,1.0));
#3590=DIRECTION('',(1.0,0.0,0.0));
#3591=AXIS2_PLACEMENT_3D('',#3588,#3589,#3590);
#3592=PLANE('',#3591);
#3593=CARTESIAN_POINT('',(0.230314960629921,-0.216535433070866,0.314974409060014));
#3594=DIRECTION('',(1.0,0.0,0.0));
#3595=VECTOR('',#3594,0.023622047244095);
#3596=LINE('',#3593,#3595);
#3597=EDGE_CURVE('',#3570,#3515,#3596,.T.);
#3598=ORIENTED_EDGE('',*,*,#3597,.F.);
#3599=ORIENTED_EDGE('',*,*,#3583,.F.);
#3600=ORIENTED_EDGE('',*,*,#3551,.F.);
#3601=ORIENTED_EDGE('',*,*,#3528,.F.);
#3602=EDGE_LOOP('',(#3598,#3599,#3600,#3601));
#3603=FACE_OUTER_BOUND('',#3602,.T.);
#3604=ADVANCED_FACE('',(#3603),#3592,.F.);
#3605=CARTESIAN_POINT('',(-0.255118110236221,0.139763779527559,0.422454724020644));
#3606=DIRECTION('',(0.0,-1.0,0.0));
#3607=DIRECTION('',(0.0,0.0,-1.0));
#3608=AXIS2_PLACEMENT_3D('',#3605,#3606,#3607);
#3609=PLANE('',#3608);
#3610=ORIENTED_EDGE('',*,*,#2798,.T.);
#3611=ORIENTED_EDGE('',*,*,#2829,.F.);
#3612=ORIENTED_EDGE('',*,*,#2992,.F.);
#3613=ORIENTED_EDGE('',*,*,#2762,.T.);
#3614=EDGE_LOOP('',(#3610,#3611,#3612,#3613));
#3615=FACE_OUTER_BOUND('',#3614,.T.);
#3616=ADVANCED_FACE('',(#3615),#3609,.T.);
#3617=CARTESIAN_POINT('',(0.229133858267716,0.139763779527559,0.422454724020644));
#3618=DIRECTION('',(0.0,-1.0,0.0));
#3619=DIRECTION('',(0.0,0.0,-1.0));
#3620=AXIS2_PLACEMENT_3D('',#3617,#3618,#3619);
#3621=PLANE('',#3620);
#3622=CARTESIAN_POINT('',(0.230314960629921,0.139763779527559,0.314974409060014));
#3623=VERTEX_POINT('',#3622);
#3624=CARTESIAN_POINT('',(0.253937007874016,0.139763779527559,0.314974409060014));
#3625=VERTEX_POINT('',#3624);
#3626=CARTESIAN_POINT('',(0.230314960629921,0.139763779527559,0.314974409060014));
#3627=DIRECTION('',(1.0,0.0,0.0));
#3628=VECTOR('',#3627,0.023622047244095);
#3629=LINE('',#3626,#3628);
#3630=EDGE_CURVE('',#3623,#3625,#3629,.T.);
#3631=ORIENTED_EDGE('',*,*,#3630,.T.);
#3632=CARTESIAN_POINT('',(0.253937007874016,0.139763779527559,0.417336613784424));
#3633=DIRECTION('',(0.0,0.0,-1.0));
#3634=VECTOR('',#3633,0.10236220472441);
#3635=LINE('',#3632,#3634);
#3636=EDGE_CURVE('',#3100,#3625,#3635,.T.);
#3637=ORIENTED_EDGE('',*,*,#3636,.F.);
#3638=ORIENTED_EDGE('',*,*,#3105,.F.);
#3639=CARTESIAN_POINT('',(0.230314960629921,0.139763779527559,0.417336613784424));
#3640=DIRECTION('',(0.0,0.0,-1.0));
#3641=VECTOR('',#3640,0.10236220472441);
#3642=LINE('',#3639,#3641);
#3643=EDGE_CURVE('',#3092,#3623,#3642,.T.);
#3644=ORIENTED_EDGE('',*,*,#3643,.T.);
#3645=EDGE_LOOP('',(#3631,#3637,#3638,#3644));
#3646=FACE_OUTER_BOUND('',#3645,.T.);
#3647=ADVANCED_FACE('',(#3646),#3621,.T.);
#3648=CARTESIAN_POINT('',(0.253937007874016,0.220374015748031,0.309856298823794));
#3649=DIRECTION('',(1.0,0.0,0.0));
#3650=DIRECTION('',(0.0,0.0,-1.0));
#3651=AXIS2_PLACEMENT_3D('',#3648,#3649,#3650);
#3652=PLANE('',#3651);
#3653=CARTESIAN_POINT('',(0.253937007874016,0.216535433070866,0.314974409060014));
#3654=VERTEX_POINT('',#3653);
#3655=CARTESIAN_POINT('',(0.253937007874016,0.216535433070866,0.417336613784424));
#3656=DIRECTION('',(0.0,0.0,-1.0));
#3657=VECTOR('',#3656,0.10236220472441);
#3658=LINE('',#3655,#3657);
#3659=EDGE_CURVE('',#3108,#3654,#3658,.T.);
#3660=ORIENTED_EDGE('',*,*,#3659,.F.);
#3661=ORIENTED_EDGE('',*,*,#3113,.F.);
#3662=ORIENTED_EDGE('',*,*,#3636,.T.);
#3663=CARTESIAN_POINT('',(0.253937007874016,0.139763779527559,0.314974409060014));
#3664=DIRECTION('',(0.0,1.0,0.0));
#3665=VECTOR('',#3664,0.076771653543307);
#3666=LINE('',#3663,#3665);
#3667=EDGE_CURVE('',#3625,#3654,#3666,.T.);
#3668=ORIENTED_EDGE('',*,*,#3667,.T.);
#3669=EDGE_LOOP('',(#3660,#3661,#3662,#3668));
#3670=FACE_OUTER_BOUND('',#3669,.T.);
#3671=ADVANCED_FACE('',(#3670),#3652,.T.);
#3672=CARTESIAN_POINT('',(0.230314960629921,0.220374015748031,0.422454724020644));
#3673=DIRECTION('',(-1.0,0.0,0.0));
#3674=DIRECTION('',(0.0,0.0,1.0));
#3675=AXIS2_PLACEMENT_3D('',#3672,#3673,#3674);
#3676=PLANE('',#3675);
#3677=CARTESIAN_POINT('',(0.230314960629921,0.216535433070866,0.314974409060014));
#3678=VERTEX_POINT('',#3677);
#3679=CARTESIAN_POINT('',(0.230314960629921,0.216535433070866,0.314974409060014));
#3680=DIRECTION('',(0.0,0.0,1.0));
#3681=VECTOR('',#3680,0.10236220472441);
#3682=LINE('',#3679,#3681);
#3683=EDGE_CURVE('',#3678,#3084,#3682,.T.);
#3684=ORIENTED_EDGE('',*,*,#3683,.F.);
#3685=CARTESIAN_POINT('',(0.230314960629921,0.216535433070866,0.314974409060014));
#3686=DIRECTION('',(0.0,-1.0,0.0));
#3687=VECTOR('',#3686,0.076771653543307);
#3688=LINE('',#3685,#3687);
#3689=EDGE_CURVE('',#3678,#3623,#3688,.T.);
#3690=ORIENTED_EDGE('',*,*,#3689,.T.);
#3691=ORIENTED_EDGE('',*,*,#3643,.F.);
#3692=ORIENTED_EDGE('',*,*,#3097,.F.);
#3693=EDGE_LOOP('',(#3684,#3690,#3691,#3692));
#3694=FACE_OUTER_BOUND('',#3693,.T.);
#3695=ADVANCED_FACE('',(#3694),#3676,.T.);
#3696=CARTESIAN_POINT('',(0.229133858267716,0.220374015748031,0.314974409060014));
#3697=DIRECTION('',(0.0,0.0,1.0));
#3698=DIRECTION('',(1.0,0.0,0.0));
#3699=AXIS2_PLACEMENT_3D('',#3696,#3697,#3698);
#3700=PLANE('',#3699);
#3701=CARTESIAN_POINT('',(0.253937007874016,0.216535433070866,0.314974409060014));
#3702=DIRECTION('',(-1.0,0.0,0.0));
#3703=VECTOR('',#3702,0.023622047244095);
#3704=LINE('',#3701,#3703);
#3705=EDGE_CURVE('',#3654,#3678,#3704,.T.);
#3706=ORIENTED_EDGE('',*,*,#3705,.F.);
#3707=ORIENTED_EDGE('',*,*,#3667,.F.);
#3708=ORIENTED_EDGE('',*,*,#3630,.F.);
#3709=ORIENTED_EDGE('',*,*,#3689,.F.);
#3710=EDGE_LOOP('',(#3706,#3707,#3708,#3709));
#3711=FACE_OUTER_BOUND('',#3710,.T.);
#3712=ADVANCED_FACE('',(#3711),#3700,.F.);
#3713=CARTESIAN_POINT('',(-0.208661417322835,-0.280314960629921,0.187401574803149));
#3714=DIRECTION('',(1.0,0.0,0.0));
#3715=DIRECTION('',(0.0,0.0,-1.0));
#3716=AXIS2_PLACEMENT_3D('',#3713,#3714,#3715);
#3717=PLANE('',#3716);
#3718=ORIENTED_EDGE('',*,*,#3388,.F.);
#3719=ORIENTED_EDGE('',*,*,#2620,.T.);
#3720=CARTESIAN_POINT('',(-0.208661417322835,-0.305118110236221,0.303149606299212));
#3721=VERTEX_POINT('',#3720);
#3722=CARTESIAN_POINT('',(-0.208661417322835,-0.305118110236221,0.303149606299212));
#3723=DIRECTION('',(0.0,0.0,-1.0));
#3724=VECTOR('',#3723,0.110236220472441);
#3725=LINE('',#3722,#3724);
#3726=EDGE_CURVE('',#3721,#2607,#3725,.T.);
#3727=ORIENTED_EDGE('',*,*,#3726,.F.);
#3728=CARTESIAN_POINT('',(-0.208661417322835,-0.281496062992126,0.303149606299212));
#3729=DIRECTION('',(0.0,-1.0,0.0));
#3730=VECTOR('',#3729,0.023622047244095);
#3731=LINE('',#3728,#3730);
#3732=EDGE_CURVE('',#3383,#3721,#3731,.T.);
#3733=ORIENTED_EDGE('',*,*,#3732,.F.);
#3734=EDGE_LOOP('',(#3718,#3719,#3727,#3733));
#3735=FACE_OUTER_BOUND('',#3734,.T.);
#3736=ADVANCED_FACE('',(#3735),#3717,.F.);
#3737=CARTESIAN_POINT('',(-0.208661417322835,0.306299212598425,0.187401574803149));
#3738=DIRECTION('',(1.0,0.0,0.0));
#3739=DIRECTION('',(0.0,0.0,-1.0));
#3740=AXIS2_PLACEMENT_3D('',#3737,#3738,#3739);
#3741=PLANE('',#3740);
#3742=CARTESIAN_POINT('',(-0.208661417322835,0.30511811023622,0.192913385826771));
#3743=VERTEX_POINT('',#3742);
#3744=CARTESIAN_POINT('',(-0.208661417322835,0.30511811023622,0.303149606299212));
#3745=VERTEX_POINT('',#3744);
#3746=CARTESIAN_POINT('',(-0.208661417322835,0.30511811023622,0.192913385826771));
#3747=DIRECTION('',(0.0,0.0,1.0));
#3748=VECTOR('',#3747,0.110236220472441);
#3749=LINE('',#3746,#3748);
#3750=EDGE_CURVE('',#3743,#3745,#3749,.T.);
#3751=ORIENTED_EDGE('',*,*,#3750,.F.);
#3752=CARTESIAN_POINT('',(-0.208661417322835,0.30511811023622,0.192913385826771));
#3753=DIRECTION('',(0.0,-1.0,0.0));
#3754=VECTOR('',#3753,0.023622047244094);
#3755=LINE('',#3752,#3754);
#3756=EDGE_CURVE('',#3743,#2503,#3755,.T.);
#3757=ORIENTED_EDGE('',*,*,#3756,.T.);
#3758=ORIENTED_EDGE('',*,*,#2508,.F.);
#3759=CARTESIAN_POINT('',(-0.208661417322835,0.30511811023622,0.303149606299212));
#3760=DIRECTION('',(0.0,-1.0,0.0));
#3761=VECTOR('',#3760,0.023622047244094);
#3762=LINE('',#3759,#3761);
#3763=EDGE_CURVE('',#3745,#2495,#3762,.T.);
#3764=ORIENTED_EDGE('',*,*,#3763,.F.);
#3765=EDGE_LOOP('',(#3751,#3757,#3758,#3764));
#3766=FACE_OUTER_BOUND('',#3765,.T.);
#3767=ADVANCED_FACE('',(#3766),#3741,.F.);
#3768=CARTESIAN_POINT('',(-0.30994094488189,-0.280314960629921,0.303149606299212));
#3769=DIRECTION('',(0.0,0.0,1.0));
#3770=DIRECTION('',(1.0,0.0,0.0));
#3771=AXIS2_PLACEMENT_3D('',#3768,#3769,#3770);
#3772=PLANE('',#3771);
#3773=ORIENTED_EDGE('',*,*,#3396,.F.);
#3774=ORIENTED_EDGE('',*,*,#3732,.T.);
#3775=CARTESIAN_POINT('',(-0.30511811023622,-0.305118110236221,0.303149606299212));
#3776=VERTEX_POINT('',#3775);
#3777=CARTESIAN_POINT('',(-0.30511811023622,-0.305118110236221,0.303149606299212));
#3778=DIRECTION('',(1.0,0.0,0.0));
#3779=VECTOR('',#3778,0.096456692913385);
#3780=LINE('',#3777,#3779);
#3781=EDGE_CURVE('',#3776,#3721,#3780,.T.);
#3782=ORIENTED_EDGE('',*,*,#3781,.F.);
#3783=CARTESIAN_POINT('',(-0.30511811023622,-0.281496062992126,0.303149606299212));
#3784=DIRECTION('',(0.0,-1.0,0.0));
#3785=VECTOR('',#3784,0.023622047244095);
#3786=LINE('',#3783,#3785);
#3787=EDGE_CURVE('',#3391,#3776,#3786,.T.);
#3788=ORIENTED_EDGE('',*,*,#3787,.F.);
#3789=EDGE_LOOP('',(#3773,#3774,#3782,#3788));
#3790=FACE_OUTER_BOUND('',#3789,.T.);
#3791=ADVANCED_FACE('',(#3790),#3772,.F.);
#3792=CARTESIAN_POINT('',(-0.30994094488189,0.306299212598426,0.303149606299212));
#3793=DIRECTION('',(0.0,0.0,1.0));
#3794=DIRECTION('',(1.0,0.0,0.0));
#3795=AXIS2_PLACEMENT_3D('',#3792,#3793,#3794);
#3796=PLANE('',#3795);
#3797=CARTESIAN_POINT('',(-0.305118110236221,0.305118110236221,0.303149606299212));
#3798=VERTEX_POINT('',#3797);
#3799=CARTESIAN_POINT('',(-0.208661417322835,0.30511811023622,0.303149606299212));
#3800=DIRECTION('',(-1.0,0.0,0.0));
#3801=VECTOR('',#3800,0.096456692913386);
#3802=LINE('',#3799,#3801);
#3803=EDGE_CURVE('',#3745,#3798,#3802,.T.);
#3804=ORIENTED_EDGE('',*,*,#3803,.F.);
#3805=ORIENTED_EDGE('',*,*,#3763,.T.);
#3806=ORIENTED_EDGE('',*,*,#2500,.F.);
#3807=CARTESIAN_POINT('',(-0.30511811023622,0.305118110236221,0.303149606299212));
#3808=DIRECTION('',(0.0,-1.0,0.0));
#3809=VECTOR('',#3808,0.023622047244095);
#3810=LINE('',#3807,#3809);
#3811=EDGE_CURVE('',#3798,#2487,#3810,.T.);
#3812=ORIENTED_EDGE('',*,*,#3811,.F.);
#3813=EDGE_LOOP('',(#3804,#3805,#3806,#3812));
#3814=FACE_OUTER_BOUND('',#3813,.T.);
#3815=ADVANCED_FACE('',(#3814),#3796,.F.);
#3816=CARTESIAN_POINT('',(-0.210728346456693,0.280314960629921,0.192913385826771));
#3817=DIRECTION('',(0.0,0.0,-1.0));
#3818=DIRECTION('',(-1.0,0.0,0.0));
#3819=AXIS2_PLACEMENT_3D('',#3816,#3817,#3818);
#3820=PLANE('',#3819);
#3821=CARTESIAN_POINT('',(-0.210629921259843,0.30511811023622,0.192913385826772));
#3822=VERTEX_POINT('',#3821);
#3823=CARTESIAN_POINT('',(-0.210629921259843,0.281496062992126,0.192913385826772));
#3824=DIRECTION('',(0.0,1.0,0.0));
#3825=VECTOR('',#3824,0.023622047244094);
#3826=LINE('',#3823,#3825);
#3827=EDGE_CURVE('',#2511,#3822,#3826,.T.);
#3828=ORIENTED_EDGE('',*,*,#3827,.F.);
#3829=ORIENTED_EDGE('',*,*,#2516,.F.);
#3830=ORIENTED_EDGE('',*,*,#3756,.F.);
#3831=CARTESIAN_POINT('',(-0.210629921259843,0.30511811023622,0.192913385826771));
#3832=DIRECTION('',(1.0,0.0,0.0));
#3833=VECTOR('',#3832,0.001968503937008);
#3834=LINE('',#3831,#3833);
#3835=EDGE_CURVE('',#3822,#3743,#3834,.T.);
#3836=ORIENTED_EDGE('',*,*,#3835,.F.);
#3837=EDGE_LOOP('',(#3828,#3829,#3830,#3836));
#3838=FACE_OUTER_BOUND('',#3837,.T.);
#3839=ADVANCED_FACE('',(#3838),#3820,.F.);
#3840=CARTESIAN_POINT('',(0.212598425196851,0.306299212598426,0.30511811023622));
#3841=DIRECTION('',(-1.0,0.0,0.0));
#3842=DIRECTION('',(0.0,0.0,1.0));
#3843=AXIS2_PLACEMENT_3D('',#3840,#3841,#3842);
#3844=PLANE('',#3843);
#3845=CARTESIAN_POINT('',(0.212598425196851,0.30511811023622,0.263779527559055));
#3846=VERTEX_POINT('',#3845);
#3847=CARTESIAN_POINT('',(0.212598425196851,0.30511811023622,0.263779527559055));
#3848=DIRECTION('',(0.0,-0.573462344363328,0.819231920519041));
#3849=VECTOR('',#3848,0.041191976206076);
#3850=LINE('',#3847,#3849);
#3851=EDGE_CURVE('',#3846,#2415,#3850,.T.);
#3852=ORIENTED_EDGE('',*,*,#3851,.F.);
#3853=CARTESIAN_POINT('',(0.21259842519685,0.305118110236221,0.303149606299212));
#3854=VERTEX_POINT('',#3853);
#3855=CARTESIAN_POINT('',(0.21259842519685,0.305118110236221,0.303149606299212));
#3856=DIRECTION('',(0.0,0.0,-1.0));
#3857=VECTOR('',#3856,0.039370078740157);
#3858=LINE('',#3855,#3857);
#3859=EDGE_CURVE('',#3854,#3846,#3858,.T.);
#3860=ORIENTED_EDGE('',*,*,#3859,.F.);
#3861=CARTESIAN_POINT('',(0.21259842519685,0.281496062992126,0.303149606299212));
#3862=DIRECTION('',(0.0,1.0,0.0));
#3863=VECTOR('',#3862,0.023622047244095);
#3864=LINE('',#3861,#3863);
#3865=EDGE_CURVE('',#2423,#3854,#3864,.T.);
#3866=ORIENTED_EDGE('',*,*,#3865,.F.);
#3867=ORIENTED_EDGE('',*,*,#2428,.F.);
#3868=EDGE_LOOP('',(#3852,#3860,#3866,#3867));
#3869=FACE_OUTER_BOUND('',#3868,.T.);
#3870=ADVANCED_FACE('',(#3869),#3844,.F.);
#3871=CARTESIAN_POINT('',(0.207972440944881,0.306299212598426,0.303149606299212));
#3872=DIRECTION('',(0.0,0.0,1.0));
#3873=DIRECTION('',(1.0,0.0,0.0));
#3874=AXIS2_PLACEMENT_3D('',#3871,#3872,#3873);
#3875=PLANE('',#3874);
#3876=ORIENTED_EDGE('',*,*,#2436,.F.);
#3877=ORIENTED_EDGE('',*,*,#3865,.T.);
#3878=CARTESIAN_POINT('',(0.30511811023622,0.305118110236221,0.303149606299212));
#3879=VERTEX_POINT('',#3878);
#3880=CARTESIAN_POINT('',(0.30511811023622,0.305118110236221,0.303149606299212));
#3881=DIRECTION('',(-1.0,0.0,0.0));
#3882=VECTOR('',#3881,0.09251968503937);
#3883=LINE('',#3880,#3882);
#3884=EDGE_CURVE('',#3879,#3854,#3883,.T.);
#3885=ORIENTED_EDGE('',*,*,#3884,.F.);
#3886=CARTESIAN_POINT('',(0.30511811023622,0.281496062992126,0.303149606299212));
#3887=DIRECTION('',(0.0,1.0,0.0));
#3888=VECTOR('',#3887,0.023622047244095);
#3889=LINE('',#3886,#3888);
#3890=EDGE_CURVE('',#2431,#3879,#3889,.T.);
#3891=ORIENTED_EDGE('',*,*,#3890,.F.);
#3892=EDGE_LOOP('',(#3876,#3877,#3885,#3891));
#3893=FACE_OUTER_BOUND('',#3892,.T.);
#3894=ADVANCED_FACE('',(#3893),#3875,.F.);
#3895=CARTESIAN_POINT('',(0.207972440944881,-0.280314960629921,0.303149606299212));
#3896=DIRECTION('',(0.0,0.0,1.0));
#3897=DIRECTION('',(1.0,0.0,0.0));
#3898=AXIS2_PLACEMENT_3D('',#3895,#3896,#3897);
#3899=PLANE('',#3898);
#3900=ORIENTED_EDGE('',*,*,#3435,.F.);
#3901=CARTESIAN_POINT('',(0.30511811023622,-0.305118110236221,0.303149606299212));
#3902=VERTEX_POINT('',#3901);
#3903=CARTESIAN_POINT('',(0.30511811023622,-0.305118110236221,0.303149606299212));
#3904=DIRECTION('',(0.0,1.0,0.0));
#3905=VECTOR('',#3904,0.023622047244095);
#3906=LINE('',#3903,#3905);
#3907=EDGE_CURVE('',#3902,#3424,#3906,.T.);
#3908=ORIENTED_EDGE('',*,*,#3907,.F.);
#3909=CARTESIAN_POINT('',(0.21259842519685,-0.305118110236221,0.303149606299212));
#3910=DIRECTION('',(1.0,0.0,0.0));
#3911=VECTOR('',#3910,0.09251968503937);
#3912=LINE('',#3909,#3911);
#3913=EDGE_CURVE('',#2575,#3902,#3912,.T.);
#3914=ORIENTED_EDGE('',*,*,#3913,.F.);
#3915=ORIENTED_EDGE('',*,*,#2580,.T.);
#3916=EDGE_LOOP('',(#3900,#3908,#3914,#3915));
#3917=FACE_OUTER_BOUND('',#3916,.T.);
#3918=ADVANCED_FACE('',(#3917),#3899,.F.);
#3919=CARTESIAN_POINT('',(-0.30511811023622,0.335629921259843,0.447849113764983));
#3920=DIRECTION('',(-1.0,0.0,0.0));
#3921=DIRECTION('',(0.0,0.0,1.0));
#3922=AXIS2_PLACEMENT_3D('',#3919,#3920,#3921);
#3923=PLANE('',#3922);
#3924=ORIENTED_EDGE('',*,*,#3811,.T.);
#3925=ORIENTED_EDGE('',*,*,#2492,.F.);
#3926=CARTESIAN_POINT('',(-0.30511811023622,-0.281496062992126,0.303163385437967));
#3927=DIRECTION('',(0.0,1.0,0.0));
#3928=VECTOR('',#3927,0.562992125984252);
#3929=LINE('',#3926,#3928);
#3930=EDGE_CURVE('',#3399,#2479,#3929,.T.);
#3931=ORIENTED_EDGE('',*,*,#3930,.F.);
#3932=ORIENTED_EDGE('',*,*,#3404,.T.);
#3933=ORIENTED_EDGE('',*,*,#3787,.T.);
#3934=CARTESIAN_POINT('',(-0.30511811023622,-0.305118110236221,0.440958661028518));
#3935=VERTEX_POINT('',#3934);
#3936=CARTESIAN_POINT('',(-0.30511811023622,-0.305118110236221,0.440958661028518));
#3937=DIRECTION('',(0.0,0.0,-1.0));
#3938=VECTOR('',#3937,0.137809054729306);
#3939=LINE('',#3936,#3938);
#3940=EDGE_CURVE('',#3935,#3776,#3939,.T.);
#3941=ORIENTED_EDGE('',*,*,#3940,.F.);
#3942=CARTESIAN_POINT('',(-0.30511811023622,0.30511811023622,0.440958661028518));
#3943=VERTEX_POINT('',#3942);
#3944=CARTESIAN_POINT('',(-0.30511811023622,-0.305118110236221,0.440958661028518));
#3945=DIRECTION('',(0.0,1.0,0.0));
#3946=VECTOR('',#3945,0.610236220472441);
#3947=LINE('',#3944,#3946);
#3948=EDGE_CURVE('',#3935,#3943,#3947,.T.);
#3949=ORIENTED_EDGE('',*,*,#3948,.T.);
#3950=CARTESIAN_POINT('',(-0.305118110236221,0.305118110236221,0.440958661028518));
#3951=DIRECTION('',(0.0,0.0,-1.0));
#3952=VECTOR('',#3951,0.137809054729306);
#3953=LINE('',#3950,#3952);
#3954=EDGE_CURVE('',#3943,#3798,#3953,.T.);
#3955=ORIENTED_EDGE('',*,*,#3954,.T.);
#3956=EDGE_LOOP('',(#3924,#3925,#3931,#3932,#3933,#3941,#3949,#3955));
#3957=FACE_OUTER_BOUND('',#3956,.T.);
#3958=ADVANCED_FACE('',(#3957),#3923,.T.);
#3959=CARTESIAN_POINT('',(0.30511811023622,0.335629921259843,0.296259153562747));
#3960=DIRECTION('',(1.0,0.0,0.0));
#3961=DIRECTION('',(0.0,0.0,-1.0));
#3962=AXIS2_PLACEMENT_3D('',#3959,#3960,#3961);
#3963=PLANE('',#3962);
#3964=ORIENTED_EDGE('',*,*,#3907,.T.);
#3965=ORIENTED_EDGE('',*,*,#3429,.F.);
#3966=CARTESIAN_POINT('',(0.30511811023622,0.281496062992126,0.303163385437967));
#3967=DIRECTION('',(0.0,-1.0,0.0));
#3968=VECTOR('',#3967,0.562992125984252);
#3969=LINE('',#3966,#3968);
#3970=EDGE_CURVE('',#2439,#3416,#3969,.T.);
#3971=ORIENTED_EDGE('',*,*,#3970,.F.);
#3972=ORIENTED_EDGE('',*,*,#2444,.T.);
#3973=ORIENTED_EDGE('',*,*,#3890,.T.);
#3974=CARTESIAN_POINT('',(0.30511811023622,0.305118110236221,0.440958661028518));
#3975=VERTEX_POINT('',#3974);
#3976=CARTESIAN_POINT('',(0.30511811023622,0.305118110236221,0.303149606299212));
#3977=DIRECTION('',(0.0,0.0,1.0));
#3978=VECTOR('',#3977,0.137809054729306);
#3979=LINE('',#3976,#3978);
#3980=EDGE_CURVE('',#3879,#3975,#3979,.T.);
#3981=ORIENTED_EDGE('',*,*,#3980,.T.);
#3982=CARTESIAN_POINT('',(0.30511811023622,-0.305118110236221,0.440958661028518));
#3983=VERTEX_POINT('',#3982);
#3984=CARTESIAN_POINT('',(0.30511811023622,0.305118110236221,0.440958661028518));
#3985=DIRECTION('',(0.0,-1.0,0.0));
#3986=VECTOR('',#3985,0.610236220472442);
#3987=LINE('',#3984,#3986);
#3988=EDGE_CURVE('',#3975,#3983,#3987,.T.);
#3989=ORIENTED_EDGE('',*,*,#3988,.T.);
#3990=CARTESIAN_POINT('',(0.30511811023622,-0.305118110236221,0.440958661028518));
#3991=DIRECTION('',(0.0,0.0,-1.0));
#3992=VECTOR('',#3991,0.137809054729306);
#3993=LINE('',#3990,#3992);
#3994=EDGE_CURVE('',#3983,#3902,#3993,.T.);
#3995=ORIENTED_EDGE('',*,*,#3994,.T.);
#3996=EDGE_LOOP('',(#3964,#3965,#3971,#3972,#3973,#3981,#3989,#3995));
#3997=FACE_OUTER_BOUND('',#3996,.T.);
#3998=ADVANCED_FACE('',(#3997),#3963,.T.);
#3999=CARTESIAN_POINT('',(-0.335629921259843,0.306299212598426,0.102375983863164));
#4000=DIRECTION('',(0.0,0.0,1.0));
#4001=DIRECTION('',(1.0,0.0,0.0));
#4002=AXIS2_PLACEMENT_3D('',#3999,#4000,#4001);
#4003=PLANE('',#4002);
#4004=ORIENTED_EDGE('',*,*,#2540,.F.);
#4005=CARTESIAN_POINT('',(-0.305118110236221,0.305118110236221,0.102375983863164));
#4006=VERTEX_POINT('',#4005);
#4007=CARTESIAN_POINT('',(-0.305118110236221,0.305118110236221,0.102375983863164));
#4008=DIRECTION('',(0.0,-1.0,0.0));
#4009=VECTOR('',#4008,0.023622047244095);
#4010=LINE('',#4007,#4009);
#4011=EDGE_CURVE('',#4006,#2527,#4010,.T.);
#4012=ORIENTED_EDGE('',*,*,#4011,.F.);
#4013=CARTESIAN_POINT('',(0.305118110236221,0.305118110236221,0.102375983863164));
#4014=VERTEX_POINT('',#4013);
#4015=CARTESIAN_POINT('',(0.305118110236221,0.305118110236221,0.102375983863164));
#4016=DIRECTION('',(-1.0,0.0,0.0));
#4017=VECTOR('',#4016,0.610236220472442);
#4018=LINE('',#4015,#4017);
#4019=EDGE_CURVE('',#4014,#4006,#4018,.T.);
#4020=ORIENTED_EDGE('',*,*,#4019,.F.);
#4021=CARTESIAN_POINT('',(0.305118110236221,0.281496062992126,0.102375983863164));
#4022=DIRECTION('',(0.0,1.0,0.0));
#4023=VECTOR('',#4022,0.023622047244095);
#4024=LINE('',#4021,#4023);
#4025=EDGE_CURVE('',#2535,#4014,#4024,.T.);
#4026=ORIENTED_EDGE('',*,*,#4025,.F.);
#4027=EDGE_LOOP('',(#4004,#4012,#4020,#4026));
#4028=FACE_OUTER_BOUND('',#4027,.T.);
#4029=ADVANCED_FACE('',(#4028),#4003,.F.);
#4030=CARTESIAN_POINT('',(-0.335629921259842,-0.280314960629921,0.102375983863164));
#4031=DIRECTION('',(0.0,0.0,1.0));
#4032=DIRECTION('',(1.0,0.0,0.0));
#4033=AXIS2_PLACEMENT_3D('',#4030,#4031,#4032);
#4034=PLANE('',#4033);
#4035=ORIENTED_EDGE('',*,*,#3365,.F.);
#4036=CARTESIAN_POINT('',(0.30511811023622,-0.305118110236221,0.102375983863164));
#4037=VERTEX_POINT('',#4036);
#4038=CARTESIAN_POINT('',(0.30511811023622,-0.305118110236221,0.102375983863164));
#4039=DIRECTION('',(0.0,1.0,0.0));
#4040=VECTOR('',#4039,0.023622047244095);
#4041=LINE('',#4038,#4040);
#4042=EDGE_CURVE('',#4037,#3352,#4041,.T.);
#4043=ORIENTED_EDGE('',*,*,#4042,.F.);
#4044=CARTESIAN_POINT('',(-0.30511811023622,-0.305118110236221,0.102375983863164));
#4045=VERTEX_POINT('',#4044);
#4046=CARTESIAN_POINT('',(-0.30511811023622,-0.305118110236221,0.102375983863164));
#4047=DIRECTION('',(1.0,0.0,0.0));
#4048=VECTOR('',#4047,0.61023622047244);
#4049=LINE('',#4046,#4048);
#4050=EDGE_CURVE('',#4045,#4037,#4049,.T.);
#4051=ORIENTED_EDGE('',*,*,#4050,.F.);
#4052=CARTESIAN_POINT('',(-0.30511811023622,-0.281496062992126,0.102375983863164));
#4053=DIRECTION('',(0.0,-1.0,0.0));
#4054=VECTOR('',#4053,0.023622047244095);
#4055=LINE('',#4052,#4054);
#4056=EDGE_CURVE('',#3360,#4045,#4055,.T.);
#4057=ORIENTED_EDGE('',*,*,#4056,.F.);
#4058=EDGE_LOOP('',(#4035,#4043,#4051,#4057));
#4059=FACE_OUTER_BOUND('',#4058,.T.);
#4060=ADVANCED_FACE('',(#4059),#4034,.F.);
#4061=CARTESIAN_POINT('',(-0.306692913385827,0.309645669291339,0.303163385437967));
#4062=DIRECTION('',(0.0,0.0,1.0));
#4063=DIRECTION('',(1.0,0.0,0.0));
#4064=AXIS2_PLACEMENT_3D('',#4061,#4062,#4063);
#4065=PLANE('',#4064);
#4066=ORIENTED_EDGE('',*,*,#2484,.F.);
#4067=ORIENTED_EDGE('',*,*,#3249,.F.);
#4068=ORIENTED_EDGE('',*,*,#3299,.T.);
#4069=ORIENTED_EDGE('',*,*,#3276,.F.);
#4070=ORIENTED_EDGE('',*,*,#3410,.F.);
#4071=ORIENTED_EDGE('',*,*,#3930,.T.);
#4072=EDGE_LOOP('',(#4066,#4067,#4068,#4069,#4070,#4071));
#4073=FACE_OUTER_BOUND('',#4072,.T.);
#4074=ADVANCED_FACE('',(#4073),#4065,.F.);
#4075=CARTESIAN_POINT('',(-0.22736220472441,-0.206692913385827,0.442139763390723));
#4076=DIRECTION('',(0.0,-1.0,0.0));
#4077=DIRECTION('',(0.0,0.0,-1.0));
#4078=AXIS2_PLACEMENT_3D('',#4075,#4076,#4077);
#4079=PLANE('',#4078);
#4080=CARTESIAN_POINT('',(0.125984251968504,-0.206692913385827,0.417336613784424));
#4081=VERTEX_POINT('',#4080);
#4082=CARTESIAN_POINT('',(0.125984251968504,-0.206692913385827,0.421259842519685));
#4083=VERTEX_POINT('',#4082);
#4084=CARTESIAN_POINT('',(0.125984251968504,-0.206692913385827,0.417336613784424));
#4085=DIRECTION('',(0.0,0.0,1.0));
#4086=VECTOR('',#4085,0.003923228735261);
#4087=LINE('',#4084,#4086);
#4088=EDGE_CURVE('',#4081,#4083,#4087,.T.);
#4089=ORIENTED_EDGE('',*,*,#4088,.F.);
#4090=CARTESIAN_POINT('',(-0.125984251968504,-0.206692913385827,0.417336613784424));
#4091=VERTEX_POINT('',#4090);
#4092=CARTESIAN_POINT('',(-0.125984251968504,-0.206692913385827,0.417336613784424));
#4093=DIRECTION('',(1.0,0.0,0.0));
#4094=VECTOR('',#4093,0.251968503937008);
#4095=LINE('',#4092,#4094);
#4096=EDGE_CURVE('',#4091,#4081,#4095,.T.);
#4097=ORIENTED_EDGE('',*,*,#4096,.F.);
#4098=CARTESIAN_POINT('',(-0.125984251968504,-0.206692913385827,0.421259842519685));
#4099=VERTEX_POINT('',#4098);
#4100=CARTESIAN_POINT('',(-0.125984251968504,-0.206692913385827,0.421259842519685));
#4101=DIRECTION('',(0.0,0.0,-1.0));
#4102=VECTOR('',#4101,0.003923228735261);
#4103=LINE('',#4100,#4102);
#4104=EDGE_CURVE('',#4099,#4091,#4103,.T.);
#4105=ORIENTED_EDGE('',*,*,#4104,.F.);
#4106=CARTESIAN_POINT('',(-0.200787401574803,-0.206692913385827,0.421259842519685));
#4107=VERTEX_POINT('',#4106);
#4108=CARTESIAN_POINT('',(-0.200787401574803,-0.206692913385827,0.421259842519685));
#4109=DIRECTION('',(1.0,0.0,0.0));
#4110=VECTOR('',#4109,0.074803149606299);
#4111=LINE('',#4108,#4110);
#4112=EDGE_CURVE('',#4107,#4099,#4111,.T.);
#4113=ORIENTED_EDGE('',*,*,#4112,.F.);
#4114=CARTESIAN_POINT('',(-0.200787401574803,-0.206692913385827,0.417336613784424));
#4115=DIRECTION('',(0.0,0.0,1.0));
#4116=VECTOR('',#4115,0.003923228735261);
#4117=LINE('',#4114,#4116);
#4118=EDGE_CURVE('',#2944,#4107,#4117,.T.);
#4119=ORIENTED_EDGE('',*,*,#4118,.F.);
#4120=ORIENTED_EDGE('',*,*,#3031,.F.);
#4121=CARTESIAN_POINT('',(-0.206692913385827,-0.206692913385827,0.440958661028518));
#4122=VERTEX_POINT('',#4121);
#4123=CARTESIAN_POINT('',(-0.206692913385827,-0.206692913385827,0.440958661028518));
#4124=DIRECTION('',(0.0,0.0,-1.0));
#4125=VECTOR('',#4124,0.023622047244094);
#4126=LINE('',#4123,#4125);
#4127=EDGE_CURVE('',#4122,#3020,#4126,.T.);
#4128=ORIENTED_EDGE('',*,*,#4127,.F.);
#4129=CARTESIAN_POINT('',(0.206692913385827,-0.206692913385827,0.440958661028518));
#4130=VERTEX_POINT('',#4129);
#4131=CARTESIAN_POINT('',(0.206692913385827,-0.206692913385827,0.440958661028518));
#4132=DIRECTION('',(-1.0,0.0,0.0));
#4133=VECTOR('',#4132,0.413385826771654);
#4134=LINE('',#4131,#4133);
#4135=EDGE_CURVE('',#4130,#4122,#4134,.T.);
#4136=ORIENTED_EDGE('',*,*,#4135,.F.);
#4137=CARTESIAN_POINT('',(0.206692913385827,-0.206692913385827,0.440958661028518));
#4138=DIRECTION('',(0.0,0.0,-1.0));
#4139=VECTOR('',#4138,0.023622047244094);
#4140=LINE('',#4137,#4139);
#4141=EDGE_CURVE('',#4130,#3052,#4140,.T.);
#4142=ORIENTED_EDGE('',*,*,#4141,.T.);
#4143=ORIENTED_EDGE('',*,*,#3057,.F.);
#4144=CARTESIAN_POINT('',(0.200787401574803,-0.206692913385827,0.421259842519685));
#4145=VERTEX_POINT('',#4144);
#4146=CARTESIAN_POINT('',(0.200787401574803,-0.206692913385827,0.421259842519685));
#4147=DIRECTION('',(0.0,0.0,-1.0));
#4148=VECTOR('',#4147,0.003923228735261);
#4149=LINE('',#4146,#4148);
#4150=EDGE_CURVE('',#4145,#3042,#4149,.T.);
#4151=ORIENTED_EDGE('',*,*,#4150,.F.);
#4152=CARTESIAN_POINT('',(0.125984251968504,-0.206692913385827,0.421259842519685));
#4153=DIRECTION('',(1.0,0.0,0.0));
#4154=VECTOR('',#4153,0.074803149606299);
#4155=LINE('',#4152,#4154);
#4156=EDGE_CURVE('',#4083,#4145,#4155,.T.);
#4157=ORIENTED_EDGE('',*,*,#4156,.F.);
#4158=EDGE_LOOP('',(#4089,#4097,#4105,#4113,#4119,#4120,#4128,#4136,#4142,#4143,#4151,#4157));
#4159=FACE_OUTER_BOUND('',#4158,.T.);
#4160=ADVANCED_FACE('',(#4159),#4079,.F.);
#4161=CARTESIAN_POINT('',(0.206692913385827,0.22736220472441,0.416155511422219));
#4162=DIRECTION('',(1.0,0.0,0.0));
#4163=DIRECTION('',(0.0,0.0,-1.0));
#4164=AXIS2_PLACEMENT_3D('',#4161,#4162,#4163);
#4165=PLANE('',#4164);
#4166=ORIENTED_EDGE('',*,*,#3065,.F.);
#4167=ORIENTED_EDGE('',*,*,#4141,.F.);
#4168=CARTESIAN_POINT('',(0.206692913385827,0.206692913385827,0.440958661028518));
#4169=VERTEX_POINT('',#4168);
#4170=CARTESIAN_POINT('',(0.206692913385827,0.206692913385827,0.440958661028518));
#4171=DIRECTION('',(0.0,-1.0,0.0));
#4172=VECTOR('',#4171,0.413385826771654);
#4173=LINE('',#4170,#4172);
#4174=EDGE_CURVE('',#4169,#4130,#4173,.T.);
#4175=ORIENTED_EDGE('',*,*,#4174,.F.);
#4176=CARTESIAN_POINT('',(0.206692913385827,0.206692913385827,0.440958661028518));
#4177=DIRECTION('',(0.0,0.0,-1.0));
#4178=VECTOR('',#4177,0.023622047244094);
#4179=LINE('',#4176,#4178);
#4180=EDGE_CURVE('',#4169,#3060,#4179,.T.);
#4181=ORIENTED_EDGE('',*,*,#4180,.T.);
#4182=EDGE_LOOP('',(#4166,#4167,#4175,#4181));
#4183=FACE_OUTER_BOUND('',#4182,.T.);
#4184=ADVANCED_FACE('',(#4183),#4165,.F.);
#4185=CARTESIAN_POINT('',(-0.22736220472441,0.206692913385827,0.416155511422219));
#4186=DIRECTION('',(0.0,1.0,0.0));
#4187=DIRECTION('',(0.0,0.0,1.0));
#4188=AXIS2_PLACEMENT_3D('',#4185,#4186,#4187);
#4189=PLANE('',#4188);
#4190=CARTESIAN_POINT('',(0.200787401574803,0.206692913385827,0.421259842519685));
#4191=VERTEX_POINT('',#4190);
#4192=CARTESIAN_POINT('',(0.200787401574803,0.206692913385827,0.417336613784424));
#4193=DIRECTION('',(0.0,0.0,1.0));
#4194=VECTOR('',#4193,0.003923228735261);
#4195=LINE('',#4192,#4194);
#4196=EDGE_CURVE('',#3068,#4191,#4195,.T.);
#4197=ORIENTED_EDGE('',*,*,#4196,.F.);
#4198=ORIENTED_EDGE('',*,*,#3073,.F.);
#4199=ORIENTED_EDGE('',*,*,#4180,.F.);
#4200=CARTESIAN_POINT('',(-0.206692913385827,0.206692913385827,0.440958661028518));
#4201=VERTEX_POINT('',#4200);
#4202=CARTESIAN_POINT('',(-0.206692913385827,0.206692913385827,0.440958661028518));
#4203=DIRECTION('',(1.0,0.0,0.0));
#4204=VECTOR('',#4203,0.413385826771654);
#4205=LINE('',#4202,#4204);
#4206=EDGE_CURVE('',#4201,#4169,#4205,.T.);
#4207=ORIENTED_EDGE('',*,*,#4206,.F.);
#4208=CARTESIAN_POINT('',(-0.206692913385827,0.206692913385827,0.440958661028518));
#4209=DIRECTION('',(0.0,0.0,-1.0));
#4210=VECTOR('',#4209,0.023622047244094);
#4211=LINE('',#4208,#4210);
#4212=EDGE_CURVE('',#4201,#3012,#4211,.T.);
#4213=ORIENTED_EDGE('',*,*,#4212,.T.);
#4214=ORIENTED_EDGE('',*,*,#3017,.F.);
#4215=CARTESIAN_POINT('',(-0.200787401574803,0.206692913385827,0.421259842519685));
#4216=VERTEX_POINT('',#4215);
#4217=CARTESIAN_POINT('',(-0.200787401574803,0.206692913385827,0.421259842519685));
#4218=DIRECTION('',(0.0,0.0,-1.0));
#4219=VECTOR('',#4218,0.003923228735261);
#4220=LINE('',#4217,#4219);
#4221=EDGE_CURVE('',#4216,#3004,#4220,.T.);
#4222=ORIENTED_EDGE('',*,*,#4221,.F.);
#4223=CARTESIAN_POINT('',(-0.125984251968504,0.206692913385827,0.421259842519685));
#4224=VERTEX_POINT('',#4223);
#4225=CARTESIAN_POINT('',(-0.125984251968504,0.206692913385827,0.421259842519685));
#4226=DIRECTION('',(-1.0,0.0,0.0));
#4227=VECTOR('',#4226,0.074803149606299);
#4228=LINE('',#4225,#4227);
#4229=EDGE_CURVE('',#4224,#4216,#4228,.T.);
#4230=ORIENTED_EDGE('',*,*,#4229,.F.);
#4231=CARTESIAN_POINT('',(-0.125984251968504,0.206692913385827,0.417336613784424));
#4232=VERTEX_POINT('',#4231);
#4233=CARTESIAN_POINT('',(-0.125984251968504,0.206692913385827,0.417336613784424));
#4234=DIRECTION('',(0.0,0.0,1.0));
#4235=VECTOR('',#4234,0.003923228735261);
#4236=LINE('',#4233,#4235);
#4237=EDGE_CURVE('',#4232,#4224,#4236,.T.);
#4238=ORIENTED_EDGE('',*,*,#4237,.F.);
#4239=CARTESIAN_POINT('',(0.125984251968504,0.206692913385827,0.417336613784424));
#4240=VERTEX_POINT('',#4239);
#4241=CARTESIAN_POINT('',(0.125984251968504,0.206692913385827,0.417336613784424));
#4242=DIRECTION('',(-1.0,0.0,0.0));
#4243=VECTOR('',#4242,0.251968503937008);
#4244=LINE('',#4241,#4243);
#4245=EDGE_CURVE('',#4240,#4232,#4244,.T.);
#4246=ORIENTED_EDGE('',*,*,#4245,.F.);
#4247=CARTESIAN_POINT('',(0.125984251968504,0.206692913385827,0.421259842519685));
#4248=VERTEX_POINT('',#4247);
#4249=CARTESIAN_POINT('',(0.125984251968504,0.206692913385827,0.421259842519685));
#4250=DIRECTION('',(0.0,0.0,-1.0));
#4251=VECTOR('',#4250,0.003923228735261);
#4252=LINE('',#4249,#4251);
#4253=EDGE_CURVE('',#4248,#4240,#4252,.T.);
#4254=ORIENTED_EDGE('',*,*,#4253,.F.);
#4255=CARTESIAN_POINT('',(0.200787401574803,0.206692913385827,0.421259842519685));
#4256=DIRECTION('',(-1.0,0.0,0.0));
#4257=VECTOR('',#4256,0.074803149606299);
#4258=LINE('',#4255,#4257);
#4259=EDGE_CURVE('',#4191,#4248,#4258,.T.);
#4260=ORIENTED_EDGE('',*,*,#4259,.F.);
#4261=EDGE_LOOP('',(#4197,#4198,#4199,#4207,#4213,#4214,#4222,#4230,#4238,#4246,#4254,#4260));
#4262=FACE_OUTER_BOUND('',#4261,.T.);
#4263=ADVANCED_FACE('',(#4262),#4189,.F.);
#4264=CARTESIAN_POINT('',(-0.206692913385827,0.22736220472441,0.442139763390723));
#4265=DIRECTION('',(-1.0,0.0,0.0));
#4266=DIRECTION('',(0.0,0.0,1.0));
#4267=AXIS2_PLACEMENT_3D('',#4264,#4265,#4266);
#4268=PLANE('',#4267);
#4269=ORIENTED_EDGE('',*,*,#3025,.F.);
#4270=ORIENTED_EDGE('',*,*,#4212,.F.);
#4271=CARTESIAN_POINT('',(-0.206692913385827,-0.206692913385827,0.440958661028518));
#4272=DIRECTION('',(0.0,1.0,0.0));
#4273=VECTOR('',#4272,0.413385826771654);
#4274=LINE('',#4271,#4273);
#4275=EDGE_CURVE('',#4122,#4201,#4274,.T.);
#4276=ORIENTED_EDGE('',*,*,#4275,.F.);
#4277=ORIENTED_EDGE('',*,*,#4127,.T.);
#4278=EDGE_LOOP('',(#4269,#4270,#4276,#4277));
#4279=FACE_OUTER_BOUND('',#4278,.T.);
#4280=ADVANCED_FACE('',(#4279),#4268,.F.);
#4281=CARTESIAN_POINT('',(-0.138582677165354,-0.224360236220473,0.417336613784424));
#4282=DIRECTION('',(0.0,0.0,1.0));
#4283=DIRECTION('',(1.0,0.0,0.0));
#4284=AXIS2_PLACEMENT_3D('',#4281,#4282,#4283);
#4285=PLANE('',#4284);
#4286=CARTESIAN_POINT('',(-0.110236220472441,-0.241141732283465,0.417336613784424));
#4287=VERTEX_POINT('',#4286);
#4288=CARTESIAN_POINT('',(-0.125984251968504,-0.225393700787402,0.417336613784424));
#4289=VERTEX_POINT('',#4288);
#4290=CARTESIAN_POINT('',(-0.110236220472441,-0.225393700787402,0.417336613784424));
#4291=DIRECTION('',(0.0,0.0,-1.0));
#4292=DIRECTION('',(-0.707106781186548,-0.707106781186548,0.0));
#4293=AXIS2_PLACEMENT_3D('',#4290,#4291,#4292);
#4294=CIRCLE('',#4293,0.015748031496063);
#4295=EDGE_CURVE('',#4287,#4289,#4294,.T.);
#4296=ORIENTED_EDGE('',*,*,#4295,.F.);
#4297=CARTESIAN_POINT('',(0.110236220472441,-0.241141732283465,0.417336613784424));
#4298=VERTEX_POINT('',#4297);
#4299=CARTESIAN_POINT('',(0.110236220472441,-0.241141732283465,0.417336613784424));
#4300=DIRECTION('',(-1.0,0.0,0.0));
#4301=VECTOR('',#4300,0.220472440944882);
#4302=LINE('',#4299,#4301);
#4303=EDGE_CURVE('',#4298,#4287,#4302,.T.);
#4304=ORIENTED_EDGE('',*,*,#4303,.F.);
#4305=CARTESIAN_POINT('',(0.125984251968504,-0.225393700787402,0.417336613784424));
#4306=VERTEX_POINT('',#4305);
#4307=CARTESIAN_POINT('',(0.110236220472441,-0.225393700787402,0.417336613784424));
#4308=DIRECTION('',(0.0,0.0,-1.0));
#4309=DIRECTION('',(0.707106781186548,-0.707106781186548,0.0));
#4310=AXIS2_PLACEMENT_3D('',#4307,#4308,#4309);
#4311=CIRCLE('',#4310,0.015748031496063);
#4312=EDGE_CURVE('',#4306,#4298,#4311,.T.);
#4313=ORIENTED_EDGE('',*,*,#4312,.F.);
#4314=CARTESIAN_POINT('',(0.125984251968504,-0.246062992125984,0.417336613784424));
#4315=VERTEX_POINT('',#4314);
#4316=CARTESIAN_POINT('',(0.125984251968504,-0.246062992125984,0.417336613784424));
#4317=DIRECTION('',(0.0,1.0,0.0));
#4318=VECTOR('',#4317,0.020669291338582);
#4319=LINE('',#4316,#4318);
#4320=EDGE_CURVE('',#4315,#4306,#4319,.T.);
#4321=ORIENTED_EDGE('',*,*,#4320,.F.);
#4322=CARTESIAN_POINT('',(-0.125984251968504,-0.246062992125984,0.417336613784424));
#4323=VERTEX_POINT('',#4322);
#4324=CARTESIAN_POINT('',(-0.125984251968504,-0.246062992125984,0.417336613784424));
#4325=DIRECTION('',(1.0,0.0,0.0));
#4326=VECTOR('',#4325,0.251968503937008);
#4327=LINE('',#4324,#4326);
#4328=EDGE_CURVE('',#4323,#4315,#4327,.T.);
#4329=ORIENTED_EDGE('',*,*,#4328,.F.);
#4330=CARTESIAN_POINT('',(-0.125984251968504,-0.225393700787402,0.417336613784424));
#4331=DIRECTION('',(0.0,-1.0,0.0));
#4332=VECTOR('',#4331,0.020669291338582);
#4333=LINE('',#4330,#4332);
#4334=EDGE_CURVE('',#4289,#4323,#4333,.T.);
#4335=ORIENTED_EDGE('',*,*,#4334,.F.);
#4336=EDGE_LOOP('',(#4296,#4304,#4313,#4321,#4329,#4335));
#4337=FACE_OUTER_BOUND('',#4336,.T.);
#4338=ADVANCED_FACE('',(#4337),#4285,.F.);
#4339=CARTESIAN_POINT('',(-0.335629921259842,0.335629921259843,0.440958661028518));
#4340=DIRECTION('',(0.0,0.0,1.0));
#4341=DIRECTION('',(1.0,0.0,0.0));
#4342=AXIS2_PLACEMENT_3D('',#4339,#4340,#4341);
#4343=PLANE('',#4342);
#4344=CARTESIAN_POINT('',(0.30511811023622,-0.305118110236221,0.440958661028518));
#4345=DIRECTION('',(-1.0,0.0,0.0));
#4346=VECTOR('',#4345,0.61023622047244);
#4347=LINE('',#4344,#4346);
#4348=EDGE_CURVE('',#3983,#3935,#4347,.T.);
#4349=ORIENTED_EDGE('',*,*,#4348,.F.);
#4350=ORIENTED_EDGE('',*,*,#3988,.F.);
#4351=CARTESIAN_POINT('',(-0.30511811023622,0.30511811023622,0.440958661028518));
#4352=DIRECTION('',(1.0,0.0,0.0));
#4353=VECTOR('',#4352,0.61023622047244);
#4354=LINE('',#4351,#4353);
#4355=EDGE_CURVE('',#3943,#3975,#4354,.T.);
#4356=ORIENTED_EDGE('',*,*,#4355,.F.);
#4357=ORIENTED_EDGE('',*,*,#3948,.F.);
#4358=EDGE_LOOP('',(#4349,#4350,#4356,#4357));
#4359=FACE_OUTER_BOUND('',#4358,.T.);
#4360=ORIENTED_EDGE('',*,*,#4206,.T.);
#4361=ORIENTED_EDGE('',*,*,#4174,.T.);
#4362=ORIENTED_EDGE('',*,*,#4135,.T.);
#4363=ORIENTED_EDGE('',*,*,#4275,.T.);
#4364=EDGE_LOOP('',(#4360,#4361,#4362,#4363));
#4365=FACE_BOUND('',#4364,.T.);
#4366=ADVANCED_FACE('',(#4359,#4365),#4343,.T.);
#4367=CARTESIAN_POINT('',(0.272047244094488,0.309645669291339,0.303163385437967));
#4368=DIRECTION('',(0.0,0.0,1.0));
#4369=DIRECTION('',(1.0,0.0,0.0));
#4370=AXIS2_PLACEMENT_3D('',#4367,#4368,#4369);
#4371=PLANE('',#4370);
#4372=ORIENTED_EDGE('',*,*,#2452,.T.);
#4373=ORIENTED_EDGE('',*,*,#3970,.T.);
#4374=ORIENTED_EDGE('',*,*,#3421,.F.);
#4375=ORIENTED_EDGE('',*,*,#3325,.F.);
#4376=ORIENTED_EDGE('',*,*,#3492,.T.);
#4377=ORIENTED_EDGE('',*,*,#3469,.F.);
#4378=EDGE_LOOP('',(#4372,#4373,#4374,#4375,#4376,#4377));
#4379=FACE_OUTER_BOUND('',#4378,.T.);
#4380=ADVANCED_FACE('',(#4379),#4371,.F.);
#4381=CARTESIAN_POINT('',(-0.335629921259843,0.30511811023622,0.085446850004896));
#4382=DIRECTION('',(0.0,1.0,0.0));
#4383=DIRECTION('',(0.0,0.0,1.0));
#4384=AXIS2_PLACEMENT_3D('',#4381,#4382,#4383);
#4385=PLANE('',#4384);
#4386=CARTESIAN_POINT('',(0.30511811023622,0.30511811023622,0.263779527559055));
#4387=VERTEX_POINT('',#4386);
#4388=CARTESIAN_POINT('',(0.30511811023622,0.30511811023622,0.102375983863164));
#4389=DIRECTION('',(0.0,0.0,1.0));
#4390=VECTOR('',#4389,0.161403543695891);
#4391=LINE('',#4388,#4390);
#4392=EDGE_CURVE('',#4014,#4387,#4391,.T.);
#4393=ORIENTED_EDGE('',*,*,#4392,.F.);
#4394=ORIENTED_EDGE('',*,*,#4019,.T.);
#4395=CARTESIAN_POINT('',(-0.30511811023622,0.30511811023622,0.263779527559055));
#4396=VERTEX_POINT('',#4395);
#4397=CARTESIAN_POINT('',(-0.305118110236221,0.305118110236221,0.263779527559055));
#4398=DIRECTION('',(0.0,0.0,-1.0));
#4399=VECTOR('',#4398,0.161403543695891);
#4400=LINE('',#4397,#4399);
#4401=EDGE_CURVE('',#4396,#4006,#4400,.T.);
#4402=ORIENTED_EDGE('',*,*,#4401,.F.);
#4403=CARTESIAN_POINT('',(-0.210629921259843,0.30511811023622,0.263779527559055));
#4404=VERTEX_POINT('',#4403);
#4405=CARTESIAN_POINT('',(-0.30511811023622,0.30511811023622,0.263779527559055));
#4406=DIRECTION('',(1.0,0.0,0.0));
#4407=VECTOR('',#4406,0.094488188976377);
#4408=LINE('',#4405,#4407);
#4409=EDGE_CURVE('',#4396,#4404,#4408,.T.);
#4410=ORIENTED_EDGE('',*,*,#4409,.T.);
#4411=CARTESIAN_POINT('',(-0.210629921259843,0.30511811023622,0.192913385826772));
#4412=DIRECTION('',(0.0,0.0,1.0));
#4413=VECTOR('',#4412,0.070866141732283);
#4414=LINE('',#4411,#4413);
#4415=EDGE_CURVE('',#3822,#4404,#4414,.T.);
#4416=ORIENTED_EDGE('',*,*,#4415,.F.);
#4417=ORIENTED_EDGE('',*,*,#3835,.T.);
#4418=ORIENTED_EDGE('',*,*,#3750,.T.);
#4419=ORIENTED_EDGE('',*,*,#3803,.T.);
#4420=ORIENTED_EDGE('',*,*,#3954,.F.);
#4421=ORIENTED_EDGE('',*,*,#4355,.T.);
#4422=ORIENTED_EDGE('',*,*,#3980,.F.);
#4423=ORIENTED_EDGE('',*,*,#3884,.T.);
#4424=ORIENTED_EDGE('',*,*,#3859,.T.);
#4425=CARTESIAN_POINT('',(0.30511811023622,0.30511811023622,0.263779527559055));
#4426=DIRECTION('',(-1.0,0.0,0.0));
#4427=VECTOR('',#4426,0.092519685039369);
#4428=LINE('',#4425,#4427);
#4429=EDGE_CURVE('',#4387,#3846,#4428,.T.);
#4430=ORIENTED_EDGE('',*,*,#4429,.F.);
#4431=EDGE_LOOP('',(#4393,#4394,#4402,#4410,#4416,#4417,#4418,#4419,#4420,#4421,#4422,#4423,#4424,#4430));
#4432=FACE_OUTER_BOUND('',#4431,.T.);
#4433=ADVANCED_FACE('',(#4432),#4385,.T.);
#4434=CARTESIAN_POINT('',(0.205905511811024,0.276181102362204,0.305118110236221));
#4435=DIRECTION('',(0.0,0.819231920519041,0.573462344363328));
#4436=DIRECTION('',(1.0,0.0,0.0));
#4437=AXIS2_PLACEMENT_3D('',#4434,#4435,#4436);
#4438=PLANE('',#4437);
#4439=ORIENTED_EDGE('',*,*,#3851,.T.);
#4440=ORIENTED_EDGE('',*,*,#2420,.T.);
#4441=CARTESIAN_POINT('',(0.210629921259843,0.27755905511811,0.303149606299213));
#4442=VERTEX_POINT('',#4441);
#4443=CARTESIAN_POINT('',(0.210629921259843,0.281496062992126,0.297525309336333));
#4444=DIRECTION('',(0.0,-0.573462344363328,0.81923192051904));
#4445=VECTOR('',#4444,0.00686532936768);
#4446=LINE('',#4443,#4445);
#4447=EDGE_CURVE('',#2407,#4442,#4446,.T.);
#4448=ORIENTED_EDGE('',*,*,#4447,.T.);
#4449=CARTESIAN_POINT('',(0.279527559055118,0.27755905511811,0.303149606299213));
#4450=VERTEX_POINT('',#4449);
#4451=CARTESIAN_POINT('',(0.279527559055118,0.27755905511811,0.303149606299213));
#4452=DIRECTION('',(-1.0,0.0,0.0));
#4453=VECTOR('',#4452,0.068897637795275);
#4454=LINE('',#4451,#4453);
#4455=EDGE_CURVE('',#4450,#4442,#4454,.T.);
#4456=ORIENTED_EDGE('',*,*,#4455,.F.);
#4457=CARTESIAN_POINT('',(0.30511811023622,0.27755905511811,0.303149606299213));
#4458=VERTEX_POINT('',#4457);
#4459=CARTESIAN_POINT('',(0.279527559055118,0.27755905511811,0.303149606299213));
#4460=DIRECTION('',(1.0,0.0,0.0));
#4461=VECTOR('',#4460,0.025590551181102);
#4462=LINE('',#4459,#4461);
#4463=EDGE_CURVE('',#4450,#4458,#4462,.T.);
#4464=ORIENTED_EDGE('',*,*,#4463,.T.);
#4465=CARTESIAN_POINT('',(0.30511811023622,0.30511811023622,0.263779527559055));
#4466=DIRECTION('',(0.0,-0.573462344363328,0.819231920519041));
#4467=VECTOR('',#4466,0.048057305573755);
#4468=LINE('',#4465,#4467);
#4469=EDGE_CURVE('',#4387,#4458,#4468,.T.);
#4470=ORIENTED_EDGE('',*,*,#4469,.F.);
#4471=ORIENTED_EDGE('',*,*,#4429,.T.);
#4472=EDGE_LOOP('',(#4439,#4440,#4448,#4456,#4464,#4470,#4471));
#4473=FACE_OUTER_BOUND('',#4472,.T.);
#4474=ADVANCED_FACE('',(#4473),#4438,.T.);
#4475=CARTESIAN_POINT('',(0.30984251968504,-0.281692913385827,0.192913385826772));
#4476=DIRECTION('',(0.0,0.0,-1.0));
#4477=DIRECTION('',(-1.0,0.0,0.0));
#4478=AXIS2_PLACEMENT_3D('',#4475,#4476,#4477);
#4479=PLANE('',#4478);
#4480=ORIENTED_EDGE('',*,*,#3349,.T.);
#4481=CARTESIAN_POINT('',(0.210629921259843,-0.27755905511811,0.192913385826772));
#4482=VERTEX_POINT('',#4481);
#4483=CARTESIAN_POINT('',(0.210629921259843,-0.281496062992126,0.192913385826772));
#4484=DIRECTION('',(0.0,1.0,0.0));
#4485=VECTOR('',#4484,0.003937007874016);
#4486=LINE('',#4483,#4485);
#4487=EDGE_CURVE('',#3344,#4482,#4486,.T.);
#4488=ORIENTED_EDGE('',*,*,#4487,.T.);
#4489=CARTESIAN_POINT('',(0.30511811023622,-0.27755905511811,0.192913385826772));
#4490=VERTEX_POINT('',#4489);
#4491=CARTESIAN_POINT('',(0.30511811023622,-0.27755905511811,0.192913385826772));
#4492=DIRECTION('',(-1.0,0.0,0.0));
#4493=VECTOR('',#4492,0.094488188976377);
#4494=LINE('',#4491,#4493);
#4495=EDGE_CURVE('',#4490,#4482,#4494,.T.);
#4496=ORIENTED_EDGE('',*,*,#4495,.F.);
#4497=CARTESIAN_POINT('',(0.30511811023622,-0.281496062992126,0.192913385826772));
#4498=DIRECTION('',(0.0,1.0,0.0));
#4499=VECTOR('',#4498,0.003937007874016);
#4500=LINE('',#4497,#4499);
#4501=EDGE_CURVE('',#3342,#4490,#4500,.T.);
#4502=ORIENTED_EDGE('',*,*,#4501,.F.);
#4503=EDGE_LOOP('',(#4480,#4488,#4496,#4502));
#4504=FACE_OUTER_BOUND('',#4503,.T.);
#4505=ADVANCED_FACE('',(#4504),#4479,.T.);
#4506=CARTESIAN_POINT('',(0.210629921259843,-0.281692913385827,0.308661417322835));
#4507=DIRECTION('',(1.0,0.0,0.0));
#4508=DIRECTION('',(0.0,0.0,-1.0));
#4509=AXIS2_PLACEMENT_3D('',#4506,#4507,#4508);
#4510=PLANE('',#4509);
#4511=ORIENTED_EDGE('',*,*,#3450,.T.);
#4512=CARTESIAN_POINT('',(0.210629921259843,-0.27755905511811,0.303149606299213));
#4513=VERTEX_POINT('',#4512);
#4514=CARTESIAN_POINT('',(0.210629921259843,-0.27755905511811,0.303149606299213));
#4515=DIRECTION('',(0.0,-0.573462344363328,-0.81923192051904));
#4516=VECTOR('',#4515,0.00686532936768);
#4517=LINE('',#4514,#4516);
#4518=EDGE_CURVE('',#4513,#3439,#4517,.T.);
#4519=ORIENTED_EDGE('',*,*,#4518,.F.);
#4520=CARTESIAN_POINT('',(0.210629921259843,-0.27755905511811,0.192913385826772));
#4521=DIRECTION('',(0.0,0.0,1.0));
#4522=VECTOR('',#4521,0.110236220472441);
#4523=LINE('',#4520,#4522);
#4524=EDGE_CURVE('',#4482,#4513,#4523,.T.);
#4525=ORIENTED_EDGE('',*,*,#4524,.F.);
#4526=ORIENTED_EDGE('',*,*,#4487,.F.);
#4527=EDGE_LOOP('',(#4511,#4519,#4525,#4526));
#4528=FACE_OUTER_BOUND('',#4527,.T.);
#4529=ADVANCED_FACE('',(#4528),#4510,.F.);
#4530=CARTESIAN_POINT('',(-0.30984251968504,-0.281692913385827,0.192913385826772));
#4531=DIRECTION('',(0.0,0.0,1.0));
#4532=DIRECTION('',(1.0,0.0,0.0));
#4533=AXIS2_PLACEMENT_3D('',#4530,#4531,#4532);
#4534=PLANE('',#4533);
#4535=ORIENTED_EDGE('',*,*,#3379,.T.);
#4536=CARTESIAN_POINT('',(-0.30511811023622,-0.27755905511811,0.192913385826772));
#4537=VERTEX_POINT('',#4536);
#4538=CARTESIAN_POINT('',(-0.30511811023622,-0.281496062992126,0.192913385826772));
#4539=DIRECTION('',(0.0,1.0,0.0));
#4540=VECTOR('',#4539,0.003937007874016);
#4541=LINE('',#4538,#4540);
#4542=EDGE_CURVE('',#3368,#4537,#4541,.T.);
#4543=ORIENTED_EDGE('',*,*,#4542,.T.);
#4544=CARTESIAN_POINT('',(-0.210629921259843,-0.27755905511811,0.192913385826772));
#4545=VERTEX_POINT('',#4544);
#4546=CARTESIAN_POINT('',(-0.210629921259843,-0.27755905511811,0.192913385826772));
#4547=DIRECTION('',(-1.0,0.0,0.0));
#4548=VECTOR('',#4547,0.094488188976377);
#4549=LINE('',#4546,#4548);
#4550=EDGE_CURVE('',#4545,#4537,#4549,.T.);
#4551=ORIENTED_EDGE('',*,*,#4550,.F.);
#4552=CARTESIAN_POINT('',(-0.210629921259843,-0.281496062992126,0.192913385826772));
#4553=DIRECTION('',(0.0,1.0,0.0));
#4554=VECTOR('',#4553,0.003937007874016);
#4555=LINE('',#4552,#4554);
#4556=EDGE_CURVE('',#2599,#4545,#4555,.T.);
#4557=ORIENTED_EDGE('',*,*,#4556,.F.);
#4558=EDGE_LOOP('',(#4535,#4543,#4551,#4557));
#4559=FACE_OUTER_BOUND('',#4558,.T.);
#4560=ADVANCED_FACE('',(#4559),#4534,.F.);
#4561=CARTESIAN_POINT('',(0.125984251968504,-0.206889763779528,0.421456003956448));
#4562=DIRECTION('',(1.0,0.0,0.0));
#4563=DIRECTION('',(0.0,0.0,-1.0));
#4564=AXIS2_PLACEMENT_3D('',#4561,#4562,#4563);
#4565=PLANE('',#4564);
#4566=ORIENTED_EDGE('',*,*,#4088,.T.);
#4567=CARTESIAN_POINT('',(0.125984251968504,-0.202755905511811,0.421259842519685));
#4568=DIRECTION('',(0.0,-1.0,0.0));
#4569=VECTOR('',#4568,0.003937007874016);
#4570=LINE('',#4567,#4569);
#4571=EDGE_CURVE('',#2359,#4083,#4570,.T.);
#4572=ORIENTED_EDGE('',*,*,#4571,.F.);
#4573=ORIENTED_EDGE('',*,*,#2364,.T.);
#4574=CARTESIAN_POINT('',(0.125984251968504,-0.202755905511811,0.417336613784424));
#4575=DIRECTION('',(0.0,-1.0,0.0));
#4576=VECTOR('',#4575,0.003937007874016);
#4577=LINE('',#4574,#4576);
#4578=EDGE_CURVE('',#2351,#4081,#4577,.T.);
#4579=ORIENTED_EDGE('',*,*,#4578,.T.);
#4580=EDGE_LOOP('',(#4566,#4572,#4573,#4579));
#4581=FACE_OUTER_BOUND('',#4580,.T.);
#4582=ADVANCED_FACE('',(#4581),#4565,.F.);
#4583=CARTESIAN_POINT('',(0.125984251968504,-0.249114173228346,0.43682549171774));
#4584=DIRECTION('',(1.0,0.0,0.0));
#4585=DIRECTION('',(0.0,0.0,-1.0));
#4586=AXIS2_PLACEMENT_3D('',#4583,#4584,#4585);
#4587=PLANE('',#4586);
#4588=ORIENTED_EDGE('',*,*,#4320,.T.);
#4589=CARTESIAN_POINT('',(0.125984251968504,-0.225393700787402,0.192927164965526));
#4590=VERTEX_POINT('',#4589);
#4591=CARTESIAN_POINT('',(0.125984251968504,-0.225393700787402,0.192927164965526));
#4592=DIRECTION('',(0.0,0.0,1.0));
#4593=VECTOR('',#4592,0.224409448818898);
#4594=LINE('',#4591,#4593);
#4595=EDGE_CURVE('',#4590,#4306,#4594,.T.);
#4596=ORIENTED_EDGE('',*,*,#4595,.F.);
#4597=CARTESIAN_POINT('',(0.125984251968504,-0.18503937007874,0.192927164965526));
#4598=VERTEX_POINT('',#4597);
#4599=CARTESIAN_POINT('',(0.125984251968504,-0.225393700787402,0.192927164965526));
#4600=DIRECTION('',(0.0,1.0,0.0));
#4601=VECTOR('',#4600,0.040354330708662);
#4602=LINE('',#4599,#4601);
#4603=EDGE_CURVE('',#4590,#4598,#4602,.T.);
#4604=ORIENTED_EDGE('',*,*,#4603,.T.);
#4605=CARTESIAN_POINT('',(0.125984251968504,-0.18503937007874,0.02755905511811));
#4606=VERTEX_POINT('',#4605);
#4607=CARTESIAN_POINT('',(0.125984251968504,-0.18503937007874,0.192927164965526));
#4608=DIRECTION('',(0.0,0.0,-1.0));
#4609=VECTOR('',#4608,0.165368109847416);
#4610=LINE('',#4607,#4609);
#4611=EDGE_CURVE('',#4598,#4606,#4610,.T.);
#4612=ORIENTED_EDGE('',*,*,#4611,.T.);
#4613=CARTESIAN_POINT('',(0.125984251968504,-0.246062992125984,0.02755905511811));
#4614=VERTEX_POINT('',#4613);
#4615=CARTESIAN_POINT('',(0.125984251968504,-0.246062992125984,0.02755905511811));
#4616=DIRECTION('',(0.0,1.0,0.0));
#4617=VECTOR('',#4616,0.061023622047244);
#4618=LINE('',#4615,#4617);
#4619=EDGE_CURVE('',#4614,#4606,#4618,.T.);
#4620=ORIENTED_EDGE('',*,*,#4619,.F.);
#4621=CARTESIAN_POINT('',(0.125984251968504,-0.246062992125984,0.417336613784424));
#4622=DIRECTION('',(0.0,0.0,-1.0));
#4623=VECTOR('',#4622,0.389777558666314);
#4624=LINE('',#4621,#4623);
#4625=EDGE_CURVE('',#4315,#4614,#4624,.T.);
#4626=ORIENTED_EDGE('',*,*,#4625,.F.);
#4627=EDGE_LOOP('',(#4588,#4596,#4604,#4612,#4620,#4626));
#4628=FACE_OUTER_BOUND('',#4627,.T.);
#4629=ADVANCED_FACE('',(#4628),#4587,.F.);
#4630=CARTESIAN_POINT('',(-0.125984251968504,-0.206889763779528,0.417140452347661));
#4631=DIRECTION('',(-1.0,0.0,0.0));
#4632=DIRECTION('',(0.0,0.0,1.0));
#4633=AXIS2_PLACEMENT_3D('',#4630,#4631,#4632);
#4634=PLANE('',#4633);
#4635=ORIENTED_EDGE('',*,*,#4104,.T.);
#4636=CARTESIAN_POINT('',(-0.125984251968504,-0.206692913385827,0.417336613784424));
#4637=DIRECTION('',(0.0,1.0,0.0));
#4638=VECTOR('',#4637,0.003937007874016);
#4639=LINE('',#4636,#4638);
#4640=EDGE_CURVE('',#4091,#2343,#4639,.T.);
#4641=ORIENTED_EDGE('',*,*,#4640,.T.);
#4642=ORIENTED_EDGE('',*,*,#2348,.T.);
#4643=CARTESIAN_POINT('',(-0.125984251968504,-0.206692913385827,0.421259842519685));
#4644=DIRECTION('',(0.0,1.0,0.0));
#4645=VECTOR('',#4644,0.003937007874016);
#4646=LINE('',#4643,#4645);
#4647=EDGE_CURVE('',#4099,#2335,#4646,.T.);
#4648=ORIENTED_EDGE('',*,*,#4647,.F.);
#4649=EDGE_LOOP('',(#4635,#4641,#4642,#4648));
#4650=FACE_OUTER_BOUND('',#4649,.T.);
#4651=ADVANCED_FACE('',(#4650),#4634,.F.);
#4652=CARTESIAN_POINT('',(0.200787401574803,-0.220472440944882,0.007874015748031));
#4653=DIRECTION('',(-1.0,0.0,0.0));
#4654=DIRECTION('',(0.0,0.0,1.0));
#4655=AXIS2_PLACEMENT_3D('',#4652,#4653,#4654);
#4656=PLANE('',#4655);
#4657=ORIENTED_EDGE('',*,*,#4150,.T.);
#4658=ORIENTED_EDGE('',*,*,#3049,.T.);
#4659=CARTESIAN_POINT('',(0.200787401574803,-0.216535433070866,0.02755905511811));
#4660=VERTEX_POINT('',#4659);
#4661=CARTESIAN_POINT('',(0.200787401574803,-0.216535433070866,0.417336613784424));
#4662=DIRECTION('',(0.0,0.0,-1.0));
#4663=VECTOR('',#4662,0.389777558666314);
#4664=LINE('',#4661,#4663);
#4665=EDGE_CURVE('',#3044,#4660,#4664,.T.);
#4666=ORIENTED_EDGE('',*,*,#4665,.T.);
#4667=CARTESIAN_POINT('',(0.200787401574803,-0.137795275590551,0.02755905511811));
#4668=VERTEX_POINT('',#4667);
#4669=CARTESIAN_POINT('',(0.200787401574803,-0.137795275590551,0.02755905511811));
#4670=DIRECTION('',(0.0,-1.0,0.0));
#4671=VECTOR('',#4670,0.078740157480315);
#4672=LINE('',#4669,#4671);
#4673=EDGE_CURVE('',#4668,#4660,#4672,.T.);
#4674=ORIENTED_EDGE('',*,*,#4673,.F.);
#4675=CARTESIAN_POINT('',(0.200787401574803,-0.137795275590551,0.421259842519685));
#4676=VERTEX_POINT('',#4675);
#4677=CARTESIAN_POINT('',(0.200787401574803,-0.137795275590551,0.421259842519685));
#4678=DIRECTION('',(0.0,0.0,-1.0));
#4679=VECTOR('',#4678,0.393700787401575);
#4680=LINE('',#4677,#4679);
#4681=EDGE_CURVE('',#4676,#4668,#4680,.T.);
#4682=ORIENTED_EDGE('',*,*,#4681,.F.);
#4683=CARTESIAN_POINT('',(0.200787401574803,-0.206692913385827,0.421259842519685));
#4684=DIRECTION('',(0.0,1.0,0.0));
#4685=VECTOR('',#4684,0.068897637795276);
#4686=LINE('',#4683,#4685);
#4687=EDGE_CURVE('',#4145,#4676,#4686,.T.);
#4688=ORIENTED_EDGE('',*,*,#4687,.F.);
#4689=EDGE_LOOP('',(#4657,#4658,#4666,#4674,#4682,#4688));
#4690=FACE_OUTER_BOUND('',#4689,.T.);
#4691=ADVANCED_FACE('',(#4690),#4656,.F.);
#4692=CARTESIAN_POINT('',(0.197933070866142,-0.216535433070866,0.43682549171774));
#4693=DIRECTION('',(0.0,-1.0,0.0));
#4694=DIRECTION('',(0.0,0.0,-1.0));
#4695=AXIS2_PLACEMENT_3D('',#4692,#4693,#4694);
#4696=PLANE('',#4695);
#4697=ORIENTED_EDGE('',*,*,#3167,.T.);
#4698=ORIENTED_EDGE('',*,*,#3575,.T.);
#4699=ORIENTED_EDGE('',*,*,#3597,.T.);
#4700=ORIENTED_EDGE('',*,*,#3520,.T.);
#4701=ORIENTED_EDGE('',*,*,#3137,.T.);
#4702=CARTESIAN_POINT('',(0.257874015748032,-0.216535433070866,0.02755905511811));
#4703=VERTEX_POINT('',#4702);
#4704=CARTESIAN_POINT('',(0.257874015748032,-0.216535433070866,0.417336613784424));
#4705=DIRECTION('',(0.0,0.0,-1.0));
#4706=VECTOR('',#4705,0.389777558666314);
#4707=LINE('',#4704,#4706);
#4708=EDGE_CURVE('',#3124,#4703,#4707,.T.);
#4709=ORIENTED_EDGE('',*,*,#4708,.T.);
#4710=CARTESIAN_POINT('',(0.200787401574803,-0.216535433070866,0.02755905511811));
#4711=DIRECTION('',(1.0,0.0,0.0));
#4712=VECTOR('',#4711,0.057086614173229);
#4713=LINE('',#4710,#4712);
#4714=EDGE_CURVE('',#4660,#4703,#4713,.T.);
#4715=ORIENTED_EDGE('',*,*,#4714,.F.);
#4716=ORIENTED_EDGE('',*,*,#4665,.F.);
#4717=EDGE_LOOP('',(#4697,#4698,#4699,#4700,#4701,#4709,#4715,#4716));
#4718=FACE_OUTER_BOUND('',#4717,.T.);
#4719=ADVANCED_FACE('',(#4718),#4696,.F.);
#4720=CARTESIAN_POINT('',(0.257874015748032,-0.238188976377953,0.43682549171774));
#4721=DIRECTION('',(1.0,0.0,0.0));
#4722=DIRECTION('',(0.0,0.0,-1.0));
#4723=AXIS2_PLACEMENT_3D('',#4720,#4721,#4722);
#4724=PLANE('',#4723);
#4725=ORIENTED_EDGE('',*,*,#3129,.T.);
#4726=CARTESIAN_POINT('',(0.257874015748032,0.216535433070866,0.02755905511811));
#4727=VERTEX_POINT('',#4726);
#4728=CARTESIAN_POINT('',(0.257874015748032,0.216535433070866,0.417336613784424));
#4729=DIRECTION('',(0.0,0.0,-1.0));
#4730=VECTOR('',#4729,0.389777558666314);
#4731=LINE('',#4728,#4730);
#4732=EDGE_CURVE('',#3116,#4727,#4731,.T.);
#4733=ORIENTED_EDGE('',*,*,#4732,.T.);
#4734=CARTESIAN_POINT('',(0.257874015748032,-0.216535433070866,0.02755905511811));
#4735=DIRECTION('',(0.0,1.0,0.0));
#4736=VECTOR('',#4735,0.433070866141732);
#4737=LINE('',#4734,#4736);
#4738=EDGE_CURVE('',#4703,#4727,#4737,.T.);
#4739=ORIENTED_EDGE('',*,*,#4738,.F.);
#4740=ORIENTED_EDGE('',*,*,#4708,.F.);
#4741=EDGE_LOOP('',(#4725,#4733,#4739,#4740));
#4742=FACE_OUTER_BOUND('',#4741,.T.);
#4743=ADVANCED_FACE('',(#4742),#4724,.F.);
#4744=CARTESIAN_POINT('',(0.197933070866142,0.216535433070866,0.008070177184794));
#4745=DIRECTION('',(0.0,1.0,0.0));
#4746=DIRECTION('',(0.0,0.0,1.0));
#4747=AXIS2_PLACEMENT_3D('',#4744,#4745,#4746);
#4748=PLANE('',#4747);
#4749=ORIENTED_EDGE('',*,*,#3121,.T.);
#4750=ORIENTED_EDGE('',*,*,#3659,.T.);
#4751=ORIENTED_EDGE('',*,*,#3705,.T.);
#4752=ORIENTED_EDGE('',*,*,#3683,.T.);
#4753=ORIENTED_EDGE('',*,*,#3089,.T.);
#4754=CARTESIAN_POINT('',(0.200787401574803,0.216535433070866,0.02755905511811));
#4755=VERTEX_POINT('',#4754);
#4756=CARTESIAN_POINT('',(0.200787401574803,0.216535433070866,0.417336613784424));
#4757=DIRECTION('',(0.0,0.0,-1.0));
#4758=VECTOR('',#4757,0.389777558666314);
#4759=LINE('',#4756,#4758);
#4760=EDGE_CURVE('',#3076,#4755,#4759,.T.);
#4761=ORIENTED_EDGE('',*,*,#4760,.T.);
#4762=CARTESIAN_POINT('',(0.257874015748032,0.216535433070866,0.02755905511811));
#4763=DIRECTION('',(-1.0,0.0,0.0));
#4764=VECTOR('',#4763,0.057086614173229);
#4765=LINE('',#4762,#4764);
#4766=EDGE_CURVE('',#4727,#4755,#4765,.T.);
#4767=ORIENTED_EDGE('',*,*,#4766,.F.);
#4768=ORIENTED_EDGE('',*,*,#4732,.F.);
#4769=EDGE_LOOP('',(#4749,#4750,#4751,#4752,#4753,#4761,#4767,#4768));
#4770=FACE_OUTER_BOUND('',#4769,.T.);
#4771=ADVANCED_FACE('',(#4770),#4748,.F.);
#4772=CARTESIAN_POINT('',(0.200787401574803,0.133858267716535,0.007874015748031));
#4773=DIRECTION('',(-1.0,0.0,0.0));
#4774=DIRECTION('',(0.0,0.0,1.0));
#4775=AXIS2_PLACEMENT_3D('',#4772,#4773,#4774);
#4776=PLANE('',#4775);
#4777=ORIENTED_EDGE('',*,*,#3081,.T.);
#4778=ORIENTED_EDGE('',*,*,#4196,.T.);
#4779=CARTESIAN_POINT('',(0.200787401574803,0.137795275590551,0.421259842519685));
#4780=VERTEX_POINT('',#4779);
#4781=CARTESIAN_POINT('',(0.200787401574803,0.137795275590551,0.421259842519685));
#4782=DIRECTION('',(0.0,1.0,0.0));
#4783=VECTOR('',#4782,0.068897637795276);
#4784=LINE('',#4781,#4783);
#4785=EDGE_CURVE('',#4780,#4191,#4784,.T.);
#4786=ORIENTED_EDGE('',*,*,#4785,.F.);
#4787=CARTESIAN_POINT('',(0.200787401574803,0.137795275590551,0.02755905511811));
#4788=VERTEX_POINT('',#4787);
#4789=CARTESIAN_POINT('',(0.200787401574803,0.137795275590551,0.421259842519685));
#4790=DIRECTION('',(0.0,0.0,-1.0));
#4791=VECTOR('',#4790,0.393700787401575);
#4792=LINE('',#4789,#4791);
#4793=EDGE_CURVE('',#4780,#4788,#4792,.T.);
#4794=ORIENTED_EDGE('',*,*,#4793,.T.);
#4795=CARTESIAN_POINT('',(0.200787401574803,0.216535433070866,0.02755905511811));
#4796=DIRECTION('',(0.0,-1.0,0.0));
#4797=VECTOR('',#4796,0.078740157480315);
#4798=LINE('',#4795,#4797);
#4799=EDGE_CURVE('',#4755,#4788,#4798,.T.);
#4800=ORIENTED_EDGE('',*,*,#4799,.F.);
#4801=ORIENTED_EDGE('',*,*,#4760,.F.);
#4802=EDGE_LOOP('',(#4777,#4778,#4786,#4794,#4800,#4801));
#4803=FACE_OUTER_BOUND('',#4802,.T.);
#4804=ADVANCED_FACE('',(#4803),#4776,.F.);
#4805=CARTESIAN_POINT('',(0.0,0.0,0.421259842519685));
#4806=DIRECTION('',(0.0,0.0,1.0));
#4807=DIRECTION('',(1.0,0.0,0.0));
#4808=AXIS2_PLACEMENT_3D('',#4805,#4806,#4807);
#4809=PLANE('',#4808);
#4810=ORIENTED_EDGE('',*,*,#4259,.T.);
#4811=CARTESIAN_POINT('',(0.125984251968504,0.202755905511811,0.421259842519685));
#4812=VERTEX_POINT('',#4811);
#4813=CARTESIAN_POINT('',(0.125984251968504,0.206692913385827,0.421259842519685));
#4814=DIRECTION('',(0.0,-1.0,0.0));
#4815=VECTOR('',#4814,0.003937007874016);
#4816=LINE('',#4813,#4815);
#4817=EDGE_CURVE('',#4248,#4812,#4816,.T.);
#4818=ORIENTED_EDGE('',*,*,#4817,.T.);
#4819=CARTESIAN_POINT('',(0.125984251968504,0.18503937007874,0.421259842519685));
#4820=VERTEX_POINT('',#4819);
#4821=CARTESIAN_POINT('',(0.125984251968504,0.202755905511811,0.421259842519685));
#4822=DIRECTION('',(0.0,-1.0,0.0));
#4823=VECTOR('',#4822,0.017716535433071);
#4824=LINE('',#4821,#4823);
#4825=EDGE_CURVE('',#4812,#4820,#4824,.T.);
#4826=ORIENTED_EDGE('',*,*,#4825,.T.);
#4827=CARTESIAN_POINT('',(0.145669291338583,0.18503937007874,0.421259842519685));
#4828=VERTEX_POINT('',#4827);
#4829=CARTESIAN_POINT('',(0.125984251968504,0.18503937007874,0.421259842519685));
#4830=DIRECTION('',(1.0,0.0,0.0));
#4831=VECTOR('',#4830,0.019685039370079);
#4832=LINE('',#4829,#4831);
#4833=EDGE_CURVE('',#4820,#4828,#4832,.T.);
#4834=ORIENTED_EDGE('',*,*,#4833,.T.);
#4835=CARTESIAN_POINT('',(0.145669291338583,0.200787401574803,0.421259842519685));
#4836=VERTEX_POINT('',#4835);
#4837=CARTESIAN_POINT('',(0.145669291338583,0.18503937007874,0.421259842519685));
#4838=DIRECTION('',(0.0,1.0,0.0));
#4839=VECTOR('',#4838,0.015748031496063);
#4840=LINE('',#4837,#4839);
#4841=EDGE_CURVE('',#4828,#4836,#4840,.T.);
#4842=ORIENTED_EDGE('',*,*,#4841,.T.);
#4843=CARTESIAN_POINT('',(0.177165354330709,0.200787401574803,0.421259842519685));
#4844=VERTEX_POINT('',#4843);
#4845=CARTESIAN_POINT('',(0.145669291338583,0.200787401574803,0.421259842519685));
#4846=DIRECTION('',(1.0,0.0,0.0));
#4847=VECTOR('',#4846,0.031496062992126);
#4848=LINE('',#4845,#4847);
#4849=EDGE_CURVE('',#4836,#4844,#4848,.T.);
#4850=ORIENTED_EDGE('',*,*,#4849,.T.);
#4851=CARTESIAN_POINT('',(0.177165354330709,0.137795275590551,0.421259842519685));
#4852=VERTEX_POINT('',#4851);
#4853=CARTESIAN_POINT('',(0.177165354330709,0.200787401574803,0.421259842519685));
#4854=DIRECTION('',(0.0,-1.0,0.0));
#4855=VECTOR('',#4854,0.062992125984252);
#4856=LINE('',#4853,#4855);
#4857=EDGE_CURVE('',#4844,#4852,#4856,.T.);
#4858=ORIENTED_EDGE('',*,*,#4857,.T.);
#4859=CARTESIAN_POINT('',(0.177165354330709,0.137795275590551,0.421259842519685));
#4860=DIRECTION('',(1.0,0.0,0.0));
#4861=VECTOR('',#4860,0.023622047244094);
#4862=LINE('',#4859,#4861);
#4863=EDGE_CURVE('',#4852,#4780,#4862,.T.);
#4864=ORIENTED_EDGE('',*,*,#4863,.T.);
#4865=ORIENTED_EDGE('',*,*,#4785,.T.);
#4866=EDGE_LOOP('',(#4810,#4818,#4826,#4834,#4842,#4850,#4858,#4864,#4865));
#4867=FACE_OUTER_BOUND('',#4866,.T.);
#4868=ADVANCED_FACE('',(#4867),#4809,.T.);
#4869=CARTESIAN_POINT('',(-0.204527559055118,0.134350393700787,0.421259842519685));
#4870=DIRECTION('',(0.0,0.0,1.0));
#4871=DIRECTION('',(1.0,0.0,0.0));
#4872=AXIS2_PLACEMENT_3D('',#4869,#4870,#4871);
#4873=PLANE('',#4872);
#4874=ORIENTED_EDGE('',*,*,#4229,.T.);
#4875=CARTESIAN_POINT('',(-0.200787401574803,0.137795275590551,0.421259842519685));
#4876=VERTEX_POINT('',#4875);
#4877=CARTESIAN_POINT('',(-0.200787401574803,0.206692913385827,0.421259842519685));
#4878=DIRECTION('',(0.0,-1.0,0.0));
#4879=VECTOR('',#4878,0.068897637795276);
#4880=LINE('',#4877,#4879);
#4881=EDGE_CURVE('',#4216,#4876,#4880,.T.);
#4882=ORIENTED_EDGE('',*,*,#4881,.T.);
#4883=CARTESIAN_POINT('',(-0.177165354330709,0.137795275590551,0.421259842519685));
#4884=VERTEX_POINT('',#4883);
#4885=CARTESIAN_POINT('',(-0.200787401574803,0.137795275590551,0.421259842519685));
#4886=DIRECTION('',(1.0,0.0,0.0));
#4887=VECTOR('',#4886,0.023622047244094);
#4888=LINE('',#4885,#4887);
#4889=EDGE_CURVE('',#4876,#4884,#4888,.T.);
#4890=ORIENTED_EDGE('',*,*,#4889,.T.);
#4891=CARTESIAN_POINT('',(-0.177165354330709,0.200787401574803,0.421259842519685));
#4892=VERTEX_POINT('',#4891);
#4893=CARTESIAN_POINT('',(-0.177165354330709,0.137795275590551,0.421259842519685));
#4894=DIRECTION('',(0.0,1.0,0.0));
#4895=VECTOR('',#4894,0.062992125984252);
#4896=LINE('',#4893,#4895);
#4897=EDGE_CURVE('',#4884,#4892,#4896,.T.);
#4898=ORIENTED_EDGE('',*,*,#4897,.T.);
#4899=CARTESIAN_POINT('',(-0.145669291338583,0.200787401574803,0.421259842519685));
#4900=VERTEX_POINT('',#4899);
#4901=CARTESIAN_POINT('',(-0.177165354330709,0.200787401574803,0.421259842519685));
#4902=DIRECTION('',(1.0,0.0,0.0));
#4903=VECTOR('',#4902,0.031496062992126);
#4904=LINE('',#4901,#4903);
#4905=EDGE_CURVE('',#4892,#4900,#4904,.T.);
#4906=ORIENTED_EDGE('',*,*,#4905,.T.);
#4907=CARTESIAN_POINT('',(-0.145669291338583,0.18503937007874,0.421259842519685));
#4908=VERTEX_POINT('',#4907);
#4909=CARTESIAN_POINT('',(-0.145669291338583,0.200787401574803,0.421259842519685));
#4910=DIRECTION('',(0.0,-1.0,0.0));
#4911=VECTOR('',#4910,0.015748031496063);
#4912=LINE('',#4909,#4911);
#4913=EDGE_CURVE('',#4900,#4908,#4912,.T.);
#4914=ORIENTED_EDGE('',*,*,#4913,.T.);
#4915=CARTESIAN_POINT('',(-0.125984251968504,0.18503937007874,0.421259842519685));
#4916=VERTEX_POINT('',#4915);
#4917=CARTESIAN_POINT('',(-0.145669291338583,0.18503937007874,0.421259842519685));
#4918=DIRECTION('',(1.0,0.0,0.0));
#4919=VECTOR('',#4918,0.019685039370079);
#4920=LINE('',#4917,#4919);
#4921=EDGE_CURVE('',#4908,#4916,#4920,.T.);
#4922=ORIENTED_EDGE('',*,*,#4921,.T.);
#4923=CARTESIAN_POINT('',(-0.125984251968504,0.202755905511811,0.421259842519685));
#4924=VERTEX_POINT('',#4923);
#4925=CARTESIAN_POINT('',(-0.125984251968504,0.18503937007874,0.421259842519685));
#4926=DIRECTION('',(0.0,1.0,0.0));
#4927=VECTOR('',#4926,0.017716535433071);
#4928=LINE('',#4925,#4927);
#4929=EDGE_CURVE('',#4916,#4924,#4928,.T.);
#4930=ORIENTED_EDGE('',*,*,#4929,.T.);
#4931=CARTESIAN_POINT('',(-0.125984251968504,0.202755905511811,0.421259842519685));
#4932=DIRECTION('',(0.0,1.0,0.0));
#4933=VECTOR('',#4932,0.003937007874016);
#4934=LINE('',#4931,#4933);
#4935=EDGE_CURVE('',#4924,#4224,#4934,.T.);
#4936=ORIENTED_EDGE('',*,*,#4935,.T.);
#4937=EDGE_LOOP('',(#4874,#4882,#4890,#4898,#4906,#4914,#4922,#4930,#4936));
#4938=FACE_OUTER_BOUND('',#4937,.T.);
#4939=ADVANCED_FACE('',(#4938),#4873,.T.);
#4940=CARTESIAN_POINT('',(-0.204527559055118,-0.210137795275591,0.421259842519685));
#4941=DIRECTION('',(0.0,0.0,1.0));
#4942=DIRECTION('',(1.0,0.0,0.0));
#4943=AXIS2_PLACEMENT_3D('',#4940,#4941,#4942);
#4944=PLANE('',#4943);
#4945=ORIENTED_EDGE('',*,*,#4112,.T.);
#4946=ORIENTED_EDGE('',*,*,#4647,.T.);
#4947=CARTESIAN_POINT('',(-0.125984251968504,-0.18503937007874,0.421259842519685));
#4948=VERTEX_POINT('',#4947);
#4949=CARTESIAN_POINT('',(-0.125984251968504,-0.202755905511811,0.421259842519685));
#4950=DIRECTION('',(0.0,1.0,0.0));
#4951=VECTOR('',#4950,0.017716535433071);
#4952=LINE('',#4949,#4951);
#4953=EDGE_CURVE('',#2335,#4948,#4952,.T.);
#4954=ORIENTED_EDGE('',*,*,#4953,.T.);
#4955=CARTESIAN_POINT('',(-0.145669291338583,-0.18503937007874,0.421259842519685));
#4956=VERTEX_POINT('',#4955);
#4957=CARTESIAN_POINT('',(-0.125984251968504,-0.18503937007874,0.421259842519685));
#4958=DIRECTION('',(-1.0,0.0,0.0));
#4959=VECTOR('',#4958,0.019685039370079);
#4960=LINE('',#4957,#4959);
#4961=EDGE_CURVE('',#4948,#4956,#4960,.T.);
#4962=ORIENTED_EDGE('',*,*,#4961,.T.);
#4963=CARTESIAN_POINT('',(-0.145669291338583,-0.200787401574803,0.421259842519685));
#4964=VERTEX_POINT('',#4963);
#4965=CARTESIAN_POINT('',(-0.145669291338583,-0.18503937007874,0.421259842519685));
#4966=DIRECTION('',(0.0,-1.0,0.0));
#4967=VECTOR('',#4966,0.015748031496063);
#4968=LINE('',#4965,#4967);
#4969=EDGE_CURVE('',#4956,#4964,#4968,.T.);
#4970=ORIENTED_EDGE('',*,*,#4969,.T.);
#4971=CARTESIAN_POINT('',(-0.177165354330709,-0.200787401574803,0.421259842519685));
#4972=VERTEX_POINT('',#4971);
#4973=CARTESIAN_POINT('',(-0.145669291338583,-0.200787401574803,0.421259842519685));
#4974=DIRECTION('',(-1.0,0.0,0.0));
#4975=VECTOR('',#4974,0.031496062992126);
#4976=LINE('',#4973,#4975);
#4977=EDGE_CURVE('',#4964,#4972,#4976,.T.);
#4978=ORIENTED_EDGE('',*,*,#4977,.T.);
#4979=CARTESIAN_POINT('',(-0.177165354330709,-0.137795275590551,0.421259842519685));
#4980=VERTEX_POINT('',#4979);
#4981=CARTESIAN_POINT('',(-0.177165354330709,-0.200787401574803,0.421259842519685));
#4982=DIRECTION('',(0.0,1.0,0.0));
#4983=VECTOR('',#4982,0.062992125984252);
#4984=LINE('',#4981,#4983);
#4985=EDGE_CURVE('',#4972,#4980,#4984,.T.);
#4986=ORIENTED_EDGE('',*,*,#4985,.T.);
#4987=CARTESIAN_POINT('',(-0.200787401574803,-0.137795275590551,0.421259842519685));
#4988=VERTEX_POINT('',#4987);
#4989=CARTESIAN_POINT('',(-0.177165354330709,-0.137795275590551,0.421259842519685));
#4990=DIRECTION('',(-1.0,0.0,0.0));
#4991=VECTOR('',#4990,0.023622047244094);
#4992=LINE('',#4989,#4991);
#4993=EDGE_CURVE('',#4980,#4988,#4992,.T.);
#4994=ORIENTED_EDGE('',*,*,#4993,.T.);
#4995=CARTESIAN_POINT('',(-0.200787401574803,-0.137795275590551,0.421259842519685));
#4996=DIRECTION('',(0.0,-1.0,0.0));
#4997=VECTOR('',#4996,0.068897637795276);
#4998=LINE('',#4995,#4997);
#4999=EDGE_CURVE('',#4988,#4107,#4998,.T.);
#5000=ORIENTED_EDGE('',*,*,#4999,.T.);
#5001=EDGE_LOOP('',(#4945,#4946,#4954,#4962,#4970,#4978,#4986,#4994,#5000));
#5002=FACE_OUTER_BOUND('',#5001,.T.);
#5003=ADVANCED_FACE('',(#5002),#4944,.T.);
#5004=CARTESIAN_POINT('',(0.122244094488189,-0.210137795275591,0.421259842519685));
#5005=DIRECTION('',(0.0,0.0,1.0));
#5006=DIRECTION('',(1.0,0.0,0.0));
#5007=AXIS2_PLACEMENT_3D('',#5004,#5005,#5006);
#5008=PLANE('',#5007);
#5009=ORIENTED_EDGE('',*,*,#4156,.T.);
#5010=ORIENTED_EDGE('',*,*,#4687,.T.);
#5011=CARTESIAN_POINT('',(0.177165354330709,-0.137795275590551,0.421259842519685));
#5012=VERTEX_POINT('',#5011);
#5013=CARTESIAN_POINT('',(0.200787401574803,-0.137795275590551,0.421259842519685));
#5014=DIRECTION('',(-1.0,0.0,0.0));
#5015=VECTOR('',#5014,0.023622047244094);
#5016=LINE('',#5013,#5015);
#5017=EDGE_CURVE('',#4676,#5012,#5016,.T.);
#5018=ORIENTED_EDGE('',*,*,#5017,.T.);
#5019=CARTESIAN_POINT('',(0.177165354330709,-0.200787401574803,0.421259842519685));
#5020=VERTEX_POINT('',#5019);
#5021=CARTESIAN_POINT('',(0.177165354330709,-0.137795275590551,0.421259842519685));
#5022=DIRECTION('',(0.0,-1.0,0.0));
#5023=VECTOR('',#5022,0.062992125984252);
#5024=LINE('',#5021,#5023);
#5025=EDGE_CURVE('',#5012,#5020,#5024,.T.);
#5026=ORIENTED_EDGE('',*,*,#5025,.T.);
#5027=CARTESIAN_POINT('',(0.145669291338583,-0.200787401574803,0.421259842519685));
#5028=VERTEX_POINT('',#5027);
#5029=CARTESIAN_POINT('',(0.177165354330709,-0.200787401574803,0.421259842519685));
#5030=DIRECTION('',(-1.0,0.0,0.0));
#5031=VECTOR('',#5030,0.031496062992126);
#5032=LINE('',#5029,#5031);
#5033=EDGE_CURVE('',#5020,#5028,#5032,.T.);
#5034=ORIENTED_EDGE('',*,*,#5033,.T.);
#5035=CARTESIAN_POINT('',(0.145669291338583,-0.18503937007874,0.421259842519685));
#5036=VERTEX_POINT('',#5035);
#5037=CARTESIAN_POINT('',(0.145669291338583,-0.200787401574803,0.421259842519685));
#5038=DIRECTION('',(0.0,1.0,0.0));
#5039=VECTOR('',#5038,0.015748031496063);
#5040=LINE('',#5037,#5039);
#5041=EDGE_CURVE('',#5028,#5036,#5040,.T.);
#5042=ORIENTED_EDGE('',*,*,#5041,.T.);
#5043=CARTESIAN_POINT('',(0.125984251968504,-0.18503937007874,0.421259842519685));
#5044=VERTEX_POINT('',#5043);
#5045=CARTESIAN_POINT('',(0.145669291338583,-0.18503937007874,0.421259842519685));
#5046=DIRECTION('',(-1.0,0.0,0.0));
#5047=VECTOR('',#5046,0.019685039370079);
#5048=LINE('',#5045,#5047);
#5049=EDGE_CURVE('',#5036,#5044,#5048,.T.);
#5050=ORIENTED_EDGE('',*,*,#5049,.T.);
#5051=CARTESIAN_POINT('',(0.125984251968504,-0.18503937007874,0.421259842519685));
#5052=DIRECTION('',(0.0,-1.0,0.0));
#5053=VECTOR('',#5052,0.017716535433071);
#5054=LINE('',#5051,#5053);
#5055=EDGE_CURVE('',#5044,#2359,#5054,.T.);
#5056=ORIENTED_EDGE('',*,*,#5055,.T.);
#5057=ORIENTED_EDGE('',*,*,#4571,.T.);
#5058=EDGE_LOOP('',(#5009,#5010,#5018,#5026,#5034,#5042,#5050,#5056,#5057));
#5059=FACE_OUTER_BOUND('',#5058,.T.);
#5060=ADVANCED_FACE('',(#5059),#5008,.T.);
#5061=CARTESIAN_POINT('',(0.138582677165354,0.20255905511811,0.417336613784424));
#5062=DIRECTION('',(0.0,0.0,-1.0));
#5063=DIRECTION('',(-1.0,0.0,0.0));
#5064=AXIS2_PLACEMENT_3D('',#5061,#5062,#5063);
#5065=PLANE('',#5064);
#5066=ORIENTED_EDGE('',*,*,#4245,.T.);
#5067=CARTESIAN_POINT('',(-0.125984251968504,0.202755905511811,0.417336613784424));
#5068=VERTEX_POINT('',#5067);
#5069=CARTESIAN_POINT('',(-0.125984251968504,0.202755905511811,0.417336613784424));
#5070=DIRECTION('',(0.0,1.0,0.0));
#5071=VECTOR('',#5070,0.003937007874016);
#5072=LINE('',#5069,#5071);
#5073=EDGE_CURVE('',#5068,#4232,#5072,.T.);
#5074=ORIENTED_EDGE('',*,*,#5073,.F.);
#5075=CARTESIAN_POINT('',(0.125984251968504,0.202755905511811,0.417336613784424));
#5076=VERTEX_POINT('',#5075);
#5077=CARTESIAN_POINT('',(0.125984251968504,0.202755905511811,0.417336613784424));
#5078=DIRECTION('',(-1.0,0.0,0.0));
#5079=VECTOR('',#5078,0.251968503937008);
#5080=LINE('',#5077,#5079);
#5081=EDGE_CURVE('',#5076,#5068,#5080,.T.);
#5082=ORIENTED_EDGE('',*,*,#5081,.F.);
#5083=CARTESIAN_POINT('',(0.125984251968504,0.206692913385827,0.417336613784424));
#5084=DIRECTION('',(0.0,-1.0,0.0));
#5085=VECTOR('',#5084,0.003937007874016);
#5086=LINE('',#5083,#5085);
#5087=EDGE_CURVE('',#4240,#5076,#5086,.T.);
#5088=ORIENTED_EDGE('',*,*,#5087,.F.);
#5089=EDGE_LOOP('',(#5066,#5074,#5082,#5088));
#5090=FACE_OUTER_BOUND('',#5089,.T.);
#5091=ADVANCED_FACE('',(#5090),#5065,.F.);
#5092=CARTESIAN_POINT('',(0.125984251968504,0.181988188976378,0.43682549171774));
#5093=DIRECTION('',(1.0,0.0,0.0));
#5094=DIRECTION('',(0.0,0.0,-1.0));
#5095=AXIS2_PLACEMENT_3D('',#5092,#5093,#5094);
#5096=PLANE('',#5095);
#5097=ORIENTED_EDGE('',*,*,#3201,.T.);
#5098=CARTESIAN_POINT('',(0.125984251968504,0.246062992125984,0.02755905511811));
#5099=VERTEX_POINT('',#5098);
#5100=CARTESIAN_POINT('',(0.125984251968504,0.246062992125984,0.417336613784424));
#5101=DIRECTION('',(0.0,0.0,-1.0));
#5102=VECTOR('',#5101,0.389777558666314);
#5103=LINE('',#5100,#5102);
#5104=EDGE_CURVE('',#3188,#5099,#5103,.T.);
#5105=ORIENTED_EDGE('',*,*,#5104,.T.);
#5106=CARTESIAN_POINT('',(0.125984251968504,0.18503937007874,0.02755905511811));
#5107=VERTEX_POINT('',#5106);
#5108=CARTESIAN_POINT('',(0.125984251968504,0.18503937007874,0.02755905511811));
#5109=DIRECTION('',(0.0,1.0,0.0));
#5110=VECTOR('',#5109,0.061023622047244);
#5111=LINE('',#5108,#5110);
#5112=EDGE_CURVE('',#5107,#5099,#5111,.T.);
#5113=ORIENTED_EDGE('',*,*,#5112,.F.);
#5114=CARTESIAN_POINT('',(0.125984251968504,0.18503937007874,0.192927164965526));
#5115=VERTEX_POINT('',#5114);
#5116=CARTESIAN_POINT('',(0.125984251968504,0.18503937007874,0.192927164965526));
#5117=DIRECTION('',(0.0,0.0,-1.0));
#5118=VECTOR('',#5117,0.165368109847416);
#5119=LINE('',#5116,#5118);
#5120=EDGE_CURVE('',#5115,#5107,#5119,.T.);
#5121=ORIENTED_EDGE('',*,*,#5120,.F.);
#5122=CARTESIAN_POINT('',(0.125984251968504,0.225393700787402,0.192927164965526));
#5123=VERTEX_POINT('',#5122);
#5124=CARTESIAN_POINT('',(0.125984251968504,0.18503937007874,0.192927164965526));
#5125=DIRECTION('',(0.0,1.0,0.0));
#5126=VECTOR('',#5125,0.040354330708662);
#5127=LINE('',#5124,#5126);
#5128=EDGE_CURVE('',#5115,#5123,#5127,.T.);
#5129=ORIENTED_EDGE('',*,*,#5128,.T.);
#5130=CARTESIAN_POINT('',(0.125984251968504,0.225393700787402,0.192927164965526));
#5131=DIRECTION('',(0.0,0.0,1.0));
#5132=VECTOR('',#5131,0.224409448818898);
#5133=LINE('',#5130,#5132);
#5134=EDGE_CURVE('',#5123,#3196,#5133,.T.);
#5135=ORIENTED_EDGE('',*,*,#5134,.T.);
#5136=EDGE_LOOP('',(#5097,#5105,#5113,#5121,#5129,#5135));
#5137=FACE_OUTER_BOUND('',#5136,.T.);
#5138=ADVANCED_FACE('',(#5137),#5096,.F.);
#5139=CARTESIAN_POINT('',(0.125984251968504,0.20255905511811,0.421456003956448));
#5140=DIRECTION('',(1.0,0.0,0.0));
#5141=DIRECTION('',(0.0,0.0,-1.0));
#5142=AXIS2_PLACEMENT_3D('',#5139,#5140,#5141);
#5143=PLANE('',#5142);
#5144=ORIENTED_EDGE('',*,*,#4253,.T.);
#5145=ORIENTED_EDGE('',*,*,#5087,.T.);
#5146=CARTESIAN_POINT('',(0.125984251968504,0.202755905511811,0.417336613784424));
#5147=DIRECTION('',(0.0,0.0,1.0));
#5148=VECTOR('',#5147,0.003923228735261);
#5149=LINE('',#5146,#5148);
#5150=EDGE_CURVE('',#5076,#4812,#5149,.T.);
#5151=ORIENTED_EDGE('',*,*,#5150,.T.);
#5152=ORIENTED_EDGE('',*,*,#4817,.F.);
#5153=EDGE_LOOP('',(#5144,#5145,#5151,#5152));
#5154=FACE_OUTER_BOUND('',#5153,.T.);
#5155=ADVANCED_FACE('',(#5154),#5143,.F.);
#5156=CARTESIAN_POINT('',(-0.138582677165354,0.246062992125984,0.008070177184794));
#5157=DIRECTION('',(0.0,1.0,0.0));
#5158=DIRECTION('',(0.0,0.0,1.0));
#5159=AXIS2_PLACEMENT_3D('',#5156,#5157,#5158);
#5160=PLANE('',#5159);
#5161=ORIENTED_EDGE('',*,*,#3193,.T.);
#5162=CARTESIAN_POINT('',(-0.125984251968504,0.246062992125984,0.02755905511811));
#5163=VERTEX_POINT('',#5162);
#5164=CARTESIAN_POINT('',(-0.125984251968504,0.246062992125984,0.417336613784424));
#5165=DIRECTION('',(0.0,0.0,-1.0));
#5166=VECTOR('',#5165,0.389777558666314);
#5167=LINE('',#5164,#5166);
#5168=EDGE_CURVE('',#3178,#5163,#5167,.T.);
#5169=ORIENTED_EDGE('',*,*,#5168,.T.);
#5170=CARTESIAN_POINT('',(0.125984251968504,0.246062992125984,0.02755905511811));
#5171=DIRECTION('',(-1.0,0.0,0.0));
#5172=VECTOR('',#5171,0.251968503937008);
#5173=LINE('',#5170,#5172);
#5174=EDGE_CURVE('',#5099,#5163,#5173,.T.);
#5175=ORIENTED_EDGE('',*,*,#5174,.F.);
#5176=ORIENTED_EDGE('',*,*,#5104,.F.);
#5177=EDGE_LOOP('',(#5161,#5169,#5175,#5176));
#5178=FACE_OUTER_BOUND('',#5177,.T.);
#5179=ADVANCED_FACE('',(#5178),#5160,.F.);
#5180=CARTESIAN_POINT('',(-0.125984251968504,0.181988188976378,0.008070177184794));
#5181=DIRECTION('',(-1.0,0.0,0.0));
#5182=DIRECTION('',(0.0,0.0,1.0));
#5183=AXIS2_PLACEMENT_3D('',#5180,#5181,#5182);
#5184=PLANE('',#5183);
#5185=ORIENTED_EDGE('',*,*,#3185,.T.);
#5186=CARTESIAN_POINT('',(-0.125984251968504,0.225393700787402,0.192927164965526));
#5187=VERTEX_POINT('',#5186);
#5188=CARTESIAN_POINT('',(-0.125984251968504,0.225393700787402,0.192927164965526));
#5189=DIRECTION('',(0.0,0.0,1.0));
#5190=VECTOR('',#5189,0.224409448818898);
#5191=LINE('',#5188,#5190);
#5192=EDGE_CURVE('',#5187,#3180,#5191,.T.);
#5193=ORIENTED_EDGE('',*,*,#5192,.F.);
#5194=CARTESIAN_POINT('',(-0.125984251968504,0.18503937007874,0.192927164965526));
#5195=VERTEX_POINT('',#5194);
#5196=CARTESIAN_POINT('',(-0.125984251968504,0.225393700787402,0.192927164965526));
#5197=DIRECTION('',(0.0,-1.0,0.0));
#5198=VECTOR('',#5197,0.040354330708662);
#5199=LINE('',#5196,#5198);
#5200=EDGE_CURVE('',#5187,#5195,#5199,.T.);
#5201=ORIENTED_EDGE('',*,*,#5200,.T.);
#5202=CARTESIAN_POINT('',(-0.125984251968504,0.18503937007874,0.02755905511811));
#5203=VERTEX_POINT('',#5202);
#5204=CARTESIAN_POINT('',(-0.125984251968504,0.18503937007874,0.192927164965526));
#5205=DIRECTION('',(0.0,0.0,-1.0));
#5206=VECTOR('',#5205,0.165368109847416);
#5207=LINE('',#5204,#5206);
#5208=EDGE_CURVE('',#5195,#5203,#5207,.T.);
#5209=ORIENTED_EDGE('',*,*,#5208,.T.);
#5210=CARTESIAN_POINT('',(-0.125984251968504,0.246062992125984,0.02755905511811));
#5211=DIRECTION('',(0.0,-1.0,0.0));
#5212=VECTOR('',#5211,0.061023622047244);
#5213=LINE('',#5210,#5212);
#5214=EDGE_CURVE('',#5163,#5203,#5213,.T.);
#5215=ORIENTED_EDGE('',*,*,#5214,.F.);
#5216=ORIENTED_EDGE('',*,*,#5168,.F.);
#5217=EDGE_LOOP('',(#5185,#5193,#5201,#5209,#5215,#5216));
#5218=FACE_OUTER_BOUND('',#5217,.T.);
#5219=ADVANCED_FACE('',(#5218),#5184,.F.);
#5220=CARTESIAN_POINT('',(-0.335629921259842,0.27755905511811,-0.006398326752213));
#5221=DIRECTION('',(0.0,1.0,0.0));
#5222=DIRECTION('',(0.0,0.0,1.0));
#5223=AXIS2_PLACEMENT_3D('',#5220,#5221,#5222);
#5224=PLANE('',#5223);
#5225=ORIENTED_EDGE('',*,*,#2925,.T.);
#5226=CARTESIAN_POINT('',(0.279527559055118,0.27755905511811,0.417336613784424));
#5227=DIRECTION('',(0.0,0.0,-1.0));
#5228=VECTOR('',#5227,0.114187007485211);
#5229=LINE('',#5226,#5228);
#5230=EDGE_CURVE('',#2912,#4450,#5229,.T.);
#5231=ORIENTED_EDGE('',*,*,#5230,.T.);
#5232=ORIENTED_EDGE('',*,*,#4455,.T.);
#5233=CARTESIAN_POINT('',(0.210629921259843,0.27755905511811,0.192913385826772));
#5234=VERTEX_POINT('',#5233);
#5235=CARTESIAN_POINT('',(0.210629921259843,0.27755905511811,0.303149606299213));
#5236=DIRECTION('',(0.0,0.0,-1.0));
#5237=VECTOR('',#5236,0.110236220472441);
#5238=LINE('',#5235,#5237);
#5239=EDGE_CURVE('',#4442,#5234,#5238,.T.);
#5240=ORIENTED_EDGE('',*,*,#5239,.T.);
#5241=CARTESIAN_POINT('',(0.30511811023622,0.27755905511811,0.192913385826772));
#5242=VERTEX_POINT('',#5241);
#5243=CARTESIAN_POINT('',(0.210629921259843,0.27755905511811,0.192913385826772));
#5244=DIRECTION('',(1.0,0.0,0.0));
#5245=VECTOR('',#5244,0.094488188976377);
#5246=LINE('',#5243,#5245);
#5247=EDGE_CURVE('',#5234,#5242,#5246,.T.);
#5248=ORIENTED_EDGE('',*,*,#5247,.T.);
#5249=CARTESIAN_POINT('',(0.30511811023622,0.27755905511811,0.013779527559055));
#5250=VERTEX_POINT('',#5249);
#5251=CARTESIAN_POINT('',(0.30511811023622,0.27755905511811,0.013779527559055));
#5252=DIRECTION('',(0.0,0.0,1.0));
#5253=VECTOR('',#5252,0.179133858267717);
#5254=LINE('',#5251,#5253);
#5255=EDGE_CURVE('',#5250,#5242,#5254,.T.);
#5256=ORIENTED_EDGE('',*,*,#5255,.F.);
#5257=CARTESIAN_POINT('',(-0.30511811023622,0.27755905511811,0.013779527559055));
#5258=VERTEX_POINT('',#5257);
#5259=CARTESIAN_POINT('',(-0.30511811023622,0.27755905511811,0.013779527559055));
#5260=DIRECTION('',(1.0,0.0,0.0));
#5261=VECTOR('',#5260,0.61023622047244);
#5262=LINE('',#5259,#5261);
#5263=EDGE_CURVE('',#5258,#5250,#5262,.T.);
#5264=ORIENTED_EDGE('',*,*,#5263,.F.);
#5265=CARTESIAN_POINT('',(-0.30511811023622,0.27755905511811,0.192913385826772));
#5266=VERTEX_POINT('',#5265);
#5267=CARTESIAN_POINT('',(-0.30511811023622,0.27755905511811,0.013779527559055));
#5268=DIRECTION('',(0.0,0.0,1.0));
#5269=VECTOR('',#5268,0.179133858267717);
#5270=LINE('',#5267,#5269);
#5271=EDGE_CURVE('',#5258,#5266,#5270,.T.);
#5272=ORIENTED_EDGE('',*,*,#5271,.T.);
#5273=CARTESIAN_POINT('',(-0.210629921259843,0.27755905511811,0.192913385826772));
#5274=VERTEX_POINT('',#5273);
#5275=CARTESIAN_POINT('',(-0.30511811023622,0.27755905511811,0.192913385826772));
#5276=DIRECTION('',(1.0,0.0,0.0));
#5277=VECTOR('',#5276,0.094488188976377);
#5278=LINE('',#5275,#5277);
#5279=EDGE_CURVE('',#5266,#5274,#5278,.T.);
#5280=ORIENTED_EDGE('',*,*,#5279,.T.);
#5281=CARTESIAN_POINT('',(-0.210629921259843,0.27755905511811,0.303149606299213));
#5282=VERTEX_POINT('',#5281);
#5283=CARTESIAN_POINT('',(-0.210629921259843,0.27755905511811,0.192913385826772));
#5284=DIRECTION('',(0.0,0.0,1.0));
#5285=VECTOR('',#5284,0.110236220472441);
#5286=LINE('',#5283,#5285);
#5287=EDGE_CURVE('',#5274,#5282,#5286,.T.);
#5288=ORIENTED_EDGE('',*,*,#5287,.T.);
#5289=CARTESIAN_POINT('',(-0.279527559055118,0.27755905511811,0.303149606299213));
#5290=VERTEX_POINT('',#5289);
#5291=CARTESIAN_POINT('',(-0.210629921259843,0.27755905511811,0.303149606299213));
#5292=DIRECTION('',(-1.0,0.0,0.0));
#5293=VECTOR('',#5292,0.068897637795275);
#5294=LINE('',#5291,#5293);
#5295=EDGE_CURVE('',#5282,#5290,#5294,.T.);
#5296=ORIENTED_EDGE('',*,*,#5295,.T.);
#5297=CARTESIAN_POINT('',(-0.279527559055118,0.27755905511811,0.303149606299213));
#5298=DIRECTION('',(0.0,0.0,1.0));
#5299=VECTOR('',#5298,0.114187007485211);
#5300=LINE('',#5297,#5299);
#5301=EDGE_CURVE('',#5290,#2920,#5300,.T.);
#5302=ORIENTED_EDGE('',*,*,#5301,.T.);
#5303=EDGE_LOOP('',(#5225,#5231,#5232,#5240,#5248,#5256,#5264,#5272,#5280,#5288,#5296,#5302));
#5304=FACE_OUTER_BOUND('',#5303,.T.);
#5305=ADVANCED_FACE('',(#5304),#5224,.T.);
#5306=CARTESIAN_POINT('',(0.279527559055118,-0.305314960629921,0.297440255924952));
#5307=DIRECTION('',(-1.0,0.0,0.0));
#5308=DIRECTION('',(0.0,0.0,1.0));
#5309=AXIS2_PLACEMENT_3D('',#5306,#5307,#5308);
#5310=PLANE('',#5309);
#5311=ORIENTED_EDGE('',*,*,#2917,.T.);
#5312=CARTESIAN_POINT('',(0.279527559055118,-0.27755905511811,0.303149606299213));
#5313=VERTEX_POINT('',#5312);
#5314=CARTESIAN_POINT('',(0.279527559055118,-0.27755905511811,0.303149606299213));
#5315=DIRECTION('',(0.0,0.0,1.0));
#5316=VECTOR('',#5315,0.114187007485211);
#5317=LINE('',#5314,#5316);
#5318=EDGE_CURVE('',#5313,#2902,#5317,.T.);
#5319=ORIENTED_EDGE('',*,*,#5318,.F.);
#5320=CARTESIAN_POINT('',(0.279527559055118,0.27755905511811,0.303149606299213));
#5321=DIRECTION('',(0.0,-1.0,0.0));
#5322=VECTOR('',#5321,0.55511811023622);
#5323=LINE('',#5320,#5322);
#5324=EDGE_CURVE('',#4450,#5313,#5323,.T.);
#5325=ORIENTED_EDGE('',*,*,#5324,.F.);
#5326=ORIENTED_EDGE('',*,*,#5230,.F.);
#5327=EDGE_LOOP('',(#5311,#5319,#5325,#5326));
#5328=FACE_OUTER_BOUND('',#5327,.T.);
#5329=ADVANCED_FACE('',(#5328),#5310,.F.);
#5330=CARTESIAN_POINT('',(-0.125984251968504,0.177952755905512,0.523635826382849));
#5331=DIRECTION('',(1.0,0.0,0.0));
#5332=DIRECTION('',(0.0,0.0,-1.0));
#5333=AXIS2_PLACEMENT_3D('',#5330,#5331,#5332);
#5334=PLANE('',#5333);
#5335=ORIENTED_EDGE('',*,*,#4929,.F.);
#5336=CARTESIAN_POINT('',(-0.125984251968504,0.18503937007874,0.421259842519685));
#5337=DIRECTION('',(0.0,0.0,-1.0));
#5338=VECTOR('',#5337,0.228332677554159);
#5339=LINE('',#5336,#5338);
#5340=EDGE_CURVE('',#4916,#5195,#5339,.T.);
#5341=ORIENTED_EDGE('',*,*,#5340,.T.);
#5342=CARTESIAN_POINT('',(-0.125984251968504,0.179133858267717,0.192927164965526));
#5343=VERTEX_POINT('',#5342);
#5344=CARTESIAN_POINT('',(-0.125984251968504,0.179133858267717,0.192927164965526));
#5345=DIRECTION('',(0.0,1.0,0.0));
#5346=VECTOR('',#5345,0.005905511811023);
#5347=LINE('',#5344,#5346);
#5348=EDGE_CURVE('',#5343,#5195,#5347,.T.);
#5349=ORIENTED_EDGE('',*,*,#5348,.F.);
#5350=CARTESIAN_POINT('',(-0.125984251968504,0.179133858267717,0.507887794886786));
#5351=VERTEX_POINT('',#5350);
#5352=CARTESIAN_POINT('',(-0.125984251968504,0.179133858267717,0.192927164965526));
#5353=DIRECTION('',(0.0,0.0,1.0));
#5354=VECTOR('',#5353,0.31496062992126);
#5355=LINE('',#5352,#5354);
#5356=EDGE_CURVE('',#5343,#5351,#5355,.T.);
#5357=ORIENTED_EDGE('',*,*,#5356,.T.);
#5358=CARTESIAN_POINT('',(-0.125984251968504,0.202755905511811,0.507887794886786));
#5359=VERTEX_POINT('',#5358);
#5360=CARTESIAN_POINT('',(-0.125984251968504,0.202755905511811,0.507887794886786));
#5361=DIRECTION('',(0.0,-1.0,0.0));
#5362=VECTOR('',#5361,0.023622047244094);
#5363=LINE('',#5360,#5362);
#5364=EDGE_CURVE('',#5359,#5351,#5363,.T.);
#5365=ORIENTED_EDGE('',*,*,#5364,.F.);
#5366=CARTESIAN_POINT('',(-0.125984251968504,0.202755905511811,0.421259842519685));
#5367=DIRECTION('',(0.0,0.0,1.0));
#5368=VECTOR('',#5367,0.086627952367101);
#5369=LINE('',#5366,#5368);
#5370=EDGE_CURVE('',#4924,#5359,#5369,.T.);
#5371=ORIENTED_EDGE('',*,*,#5370,.F.);
#5372=EDGE_LOOP('',(#5335,#5341,#5349,#5357,#5365,#5371));
#5373=FACE_OUTER_BOUND('',#5372,.T.);
#5374=ADVANCED_FACE('',(#5373),#5334,.F.);
#5375=CARTESIAN_POINT('',(0.125984251968504,-0.203937007874016,0.177179133469463));
#5376=DIRECTION('',(-1.0,0.0,0.0));
#5377=DIRECTION('',(0.0,0.0,1.0));
#5378=AXIS2_PLACEMENT_3D('',#5375,#5376,#5377);
#5379=PLANE('',#5378);
#5380=ORIENTED_EDGE('',*,*,#5055,.F.);
#5381=CARTESIAN_POINT('',(0.125984251968504,-0.18503937007874,0.421259842519685));
#5382=DIRECTION('',(0.0,0.0,-1.0));
#5383=VECTOR('',#5382,0.228332677554159);
#5384=LINE('',#5381,#5383);
#5385=EDGE_CURVE('',#5044,#4598,#5384,.T.);
#5386=ORIENTED_EDGE('',*,*,#5385,.T.);
#5387=CARTESIAN_POINT('',(0.125984251968504,-0.179133858267717,0.192927164965526));
#5388=VERTEX_POINT('',#5387);
#5389=CARTESIAN_POINT('',(0.125984251968504,-0.179133858267717,0.192927164965526));
#5390=DIRECTION('',(0.0,-1.0,0.0));
#5391=VECTOR('',#5390,0.005905511811023);
#5392=LINE('',#5389,#5391);
#5393=EDGE_CURVE('',#5388,#4598,#5392,.T.);
#5394=ORIENTED_EDGE('',*,*,#5393,.F.);
#5395=CARTESIAN_POINT('',(0.125984251968504,-0.179133858267717,0.507887794886786));
#5396=VERTEX_POINT('',#5395);
#5397=CARTESIAN_POINT('',(0.125984251968504,-0.179133858267717,0.192927164965526));
#5398=DIRECTION('',(0.0,0.0,1.0));
#5399=VECTOR('',#5398,0.31496062992126);
#5400=LINE('',#5397,#5399);
#5401=EDGE_CURVE('',#5388,#5396,#5400,.T.);
#5402=ORIENTED_EDGE('',*,*,#5401,.T.);
#5403=CARTESIAN_POINT('',(0.125984251968504,-0.202755905511811,0.507887794886786));
#5404=DIRECTION('',(0.0,1.0,0.0));
#5405=VECTOR('',#5404,0.023622047244094);
#5406=LINE('',#5403,#5405);
#5407=EDGE_CURVE('',#2367,#5396,#5406,.T.);
#5408=ORIENTED_EDGE('',*,*,#5407,.F.);
#5409=ORIENTED_EDGE('',*,*,#2372,.F.);
#5410=EDGE_LOOP('',(#5380,#5386,#5394,#5402,#5408,#5409));
#5411=FACE_OUTER_BOUND('',#5410,.T.);
#5412=ADVANCED_FACE('',(#5411),#5379,.F.);
#5413=CARTESIAN_POINT('',(0.206889763779528,-0.049212598425197,0.595289369689936));
#5414=DIRECTION('',(0.0,1.0,0.0));
#5415=DIRECTION('',(0.0,0.0,1.0));
#5416=AXIS2_PLACEMENT_3D('',#5413,#5414,#5415);
#5417=PLANE('',#5416);
#5418=ORIENTED_EDGE('',*,*,#1797,.T.);
#5419=CARTESIAN_POINT('',(0.202755905511811,-0.049212598425197,0.57875393661907));
#5420=VERTEX_POINT('',#5419);
#5421=CARTESIAN_POINT('',(0.202755905511811,-0.049212598425197,0.57875393661907));
#5422=DIRECTION('',(0.0,0.0,1.0));
#5423=VECTOR('',#5422,0.015748031496062);
#5424=LINE('',#5421,#5423);
#5425=EDGE_CURVE('',#5420,#1784,#5424,.T.);
#5426=ORIENTED_EDGE('',*,*,#5425,.F.);
#5427=CARTESIAN_POINT('',(0.206692913385827,-0.049212598425197,0.57875393661907));
#5428=VERTEX_POINT('',#5427);
#5429=CARTESIAN_POINT('',(0.206692913385827,-0.049212598425197,0.57875393661907));
#5430=DIRECTION('',(-1.0,0.0,0.0));
#5431=VECTOR('',#5430,0.003937007874016);
#5432=LINE('',#5429,#5431);
#5433=EDGE_CURVE('',#5428,#5420,#5432,.T.);
#5434=ORIENTED_EDGE('',*,*,#5433,.F.);
#5435=CARTESIAN_POINT('',(0.206692913385827,-0.049212598425197,0.594501968115133));
#5436=DIRECTION('',(0.0,0.0,-1.0));
#5437=VECTOR('',#5436,0.015748031496063);
#5438=LINE('',#5435,#5437);
#5439=EDGE_CURVE('',#1792,#5428,#5438,.T.);
#5440=ORIENTED_EDGE('',*,*,#5439,.F.);
#5441=EDGE_LOOP('',(#5418,#5426,#5434,#5440));
#5442=FACE_OUTER_BOUND('',#5441,.T.);
#5443=ADVANCED_FACE('',(#5442),#5417,.F.);
#5444=CARTESIAN_POINT('',(0.206889763779528,-0.054133858267717,0.57875393661907));
#5445=DIRECTION('',(0.0,0.0,-1.0));
#5446=DIRECTION('',(-1.0,0.0,0.0));
#5447=AXIS2_PLACEMENT_3D('',#5444,#5445,#5446);
#5448=PLANE('',#5447);
#5449=ORIENTED_EDGE('',*,*,#2235,.T.);
#5450=CARTESIAN_POINT('',(0.206692913385827,-0.049212598425197,0.57875393661907));
#5451=DIRECTION('',(0.0,1.0,0.0));
#5452=VECTOR('',#5451,0.098425196850394);
#5453=LINE('',#5450,#5452);
#5454=EDGE_CURVE('',#5428,#2222,#5453,.T.);
#5455=ORIENTED_EDGE('',*,*,#5454,.F.);
#5456=ORIENTED_EDGE('',*,*,#5433,.T.);
#5457=CARTESIAN_POINT('',(0.202755905511811,0.049212598425197,0.57875393661907));
#5458=DIRECTION('',(0.0,-1.0,0.0));
#5459=VECTOR('',#5458,0.098425196850394);
#5460=LINE('',#5457,#5459);
#5461=EDGE_CURVE('',#2230,#5420,#5460,.T.);
#5462=ORIENTED_EDGE('',*,*,#5461,.F.);
#5463=EDGE_LOOP('',(#5449,#5455,#5456,#5462));
#5464=FACE_OUTER_BOUND('',#5463,.T.);
#5465=ADVANCED_FACE('',(#5464),#5448,.T.);
#5466=CARTESIAN_POINT('',(0.206692913385827,-0.054133858267717,0.595289369689936));
#5467=DIRECTION('',(1.0,0.0,0.0));
#5468=DIRECTION('',(0.0,0.0,-1.0));
#5469=AXIS2_PLACEMENT_3D('',#5466,#5467,#5468);
#5470=PLANE('',#5469);
#5471=ORIENTED_EDGE('',*,*,#2227,.T.);
#5472=ORIENTED_EDGE('',*,*,#1803,.T.);
#5473=ORIENTED_EDGE('',*,*,#5439,.T.);
#5474=ORIENTED_EDGE('',*,*,#5454,.T.);
#5475=EDGE_LOOP('',(#5471,#5472,#5473,#5474));
#5476=FACE_OUTER_BOUND('',#5475,.T.);
#5477=ADVANCED_FACE('',(#5476),#5470,.T.);
#5478=CARTESIAN_POINT('',(-0.20255905511811,-0.049212598425197,0.595289369689936));
#5479=DIRECTION('',(0.0,1.0,0.0));
#5480=DIRECTION('',(0.0,0.0,1.0));
#5481=AXIS2_PLACEMENT_3D('',#5478,#5479,#5480);
#5482=PLANE('',#5481);
#5483=ORIENTED_EDGE('',*,*,#1068,.T.);
#5484=CARTESIAN_POINT('',(-0.206692913385827,-0.049212598425197,0.57875393661907));
#5485=VERTEX_POINT('',#5484);
#5486=CARTESIAN_POINT('',(-0.206692913385827,-0.049212598425197,0.57875393661907));
#5487=DIRECTION('',(0.0,0.0,1.0));
#5488=VECTOR('',#5487,0.015748031496063);
#5489=LINE('',#5486,#5488);
#5490=EDGE_CURVE('',#5485,#1055,#5489,.T.);
#5491=ORIENTED_EDGE('',*,*,#5490,.F.);
#5492=CARTESIAN_POINT('',(-0.202755905511811,-0.049212598425197,0.57875393661907));
#5493=DIRECTION('',(-1.0,0.0,0.0));
#5494=VECTOR('',#5493,0.003937007874016);
#5495=LINE('',#5492,#5494);
#5496=EDGE_CURVE('',#2288,#5485,#5495,.T.);
#5497=ORIENTED_EDGE('',*,*,#5496,.F.);
#5498=ORIENTED_EDGE('',*,*,#2293,.F.);
#5499=EDGE_LOOP('',(#5483,#5491,#5497,#5498));
#5500=FACE_OUTER_BOUND('',#5499,.T.);
#5501=ADVANCED_FACE('',(#5500),#5482,.F.);
#5502=CARTESIAN_POINT('',(-0.206692913385827,-0.054133858267717,0.577966535044267));
#5503=DIRECTION('',(-1.0,0.0,0.0));
#5504=DIRECTION('',(0.0,0.0,1.0));
#5505=AXIS2_PLACEMENT_3D('',#5502,#5503,#5504);
#5506=PLANE('',#5505);
#5507=CARTESIAN_POINT('',(-0.206692913385827,0.049212598425197,0.57875393661907));
#5508=VERTEX_POINT('',#5507);
#5509=CARTESIAN_POINT('',(-0.206692913385827,0.049212598425197,0.594501968115133));
#5510=DIRECTION('',(0.0,0.0,-1.0));
#5511=VECTOR('',#5510,0.015748031496063);
#5512=LINE('',#5509,#5511);
#5513=EDGE_CURVE('',#1045,#5508,#5512,.T.);
#5514=ORIENTED_EDGE('',*,*,#5513,.T.);
#5515=CARTESIAN_POINT('',(-0.206692913385827,-0.049212598425197,0.57875393661907));
#5516=DIRECTION('',(0.0,1.0,0.0));
#5517=VECTOR('',#5516,0.098425196850394);
#5518=LINE('',#5515,#5517);
#5519=EDGE_CURVE('',#5485,#5508,#5518,.T.);
#5520=ORIENTED_EDGE('',*,*,#5519,.F.);
#5521=ORIENTED_EDGE('',*,*,#5490,.T.);
#5522=ORIENTED_EDGE('',*,*,#1060,.T.);
#5523=EDGE_LOOP('',(#5514,#5520,#5521,#5522));
#5524=FACE_OUTER_BOUND('',#5523,.T.);
#5525=ADVANCED_FACE('',(#5524),#5506,.T.);
#5526=CARTESIAN_POINT('',(-0.20255905511811,-0.054133858267717,0.57875393661907));
#5527=DIRECTION('',(0.0,0.0,-1.0));
#5528=DIRECTION('',(-1.0,0.0,0.0));
#5529=AXIS2_PLACEMENT_3D('',#5526,#5527,#5528);
#5530=PLANE('',#5529);
#5531=CARTESIAN_POINT('',(-0.206692913385827,0.049212598425197,0.57875393661907));
#5532=DIRECTION('',(1.0,0.0,0.0));
#5533=VECTOR('',#5532,0.003937007874016);
#5534=LINE('',#5531,#5533);
#5535=EDGE_CURVE('',#5508,#2296,#5534,.T.);
#5536=ORIENTED_EDGE('',*,*,#5535,.T.);
#5537=ORIENTED_EDGE('',*,*,#2301,.F.);
#5538=ORIENTED_EDGE('',*,*,#5496,.T.);
#5539=ORIENTED_EDGE('',*,*,#5519,.T.);
#5540=EDGE_LOOP('',(#5536,#5537,#5538,#5539));
#5541=FACE_OUTER_BOUND('',#5540,.T.);
#5542=ADVANCED_FACE('',(#5541),#5530,.T.);
#5543=CARTESIAN_POINT('',(-0.20255905511811,0.049212598425197,0.595289369689936));
#5544=DIRECTION('',(0.0,1.0,0.0));
#5545=DIRECTION('',(0.0,0.0,1.0));
#5546=AXIS2_PLACEMENT_3D('',#5543,#5544,#5545);
#5547=PLANE('',#5546);
#5548=ORIENTED_EDGE('',*,*,#1052,.T.);
#5549=ORIENTED_EDGE('',*,*,#2307,.F.);
#5550=ORIENTED_EDGE('',*,*,#5535,.F.);
#5551=ORIENTED_EDGE('',*,*,#5513,.F.);
#5552=EDGE_LOOP('',(#5548,#5549,#5550,#5551));
#5553=FACE_OUTER_BOUND('',#5552,.T.);
#5554=ADVANCED_FACE('',(#5553),#5547,.T.);
#5555=CARTESIAN_POINT('',(0.187007874015748,0.187007874015748,0.656706692524581));
#5556=DIRECTION('',(0.0,0.0,-1.0));
#5557=DIRECTION('',(-0.707106781186547,-0.707106781186548,0.0));
#5558=AXIS2_PLACEMENT_3D('',#5555,#5556,#5557);
#5559=CYLINDRICAL_SURFACE('',#5558,0.015748031496063);
#5560=CARTESIAN_POINT('',(0.187007874015748,0.202755905511811,0.507887794886786));
#5561=VERTEX_POINT('',#5560);
#5562=CARTESIAN_POINT('',(0.187007874015748,0.187007874015748,0.507887794886786));
#5563=DIRECTION('',(0.0,0.0,1.0));
#5564=DIRECTION('',(0.707106781186548,0.707106781186548,0.0));
#5565=AXIS2_PLACEMENT_3D('',#5562,#5563,#5564);
#5566=CIRCLE('',#5565,0.015748031496063);
#5567=EDGE_CURVE('',#2261,#5561,#5566,.T.);
#5568=ORIENTED_EDGE('',*,*,#5567,.T.);
#5569=CARTESIAN_POINT('',(0.187007874015748,0.202755905511811,0.507887794886786));
#5570=DIRECTION('',(0.0,0.0,1.0));
#5571=VECTOR('',#5570,0.019685039370079);
#5572=LINE('',#5569,#5571);
#5573=EDGE_CURVE('',#5561,#1917,#5572,.T.);
#5574=ORIENTED_EDGE('',*,*,#5573,.T.);
#5575=ORIENTED_EDGE('',*,*,#1924,.T.);
#5576=ORIENTED_EDGE('',*,*,#1976,.T.);
#5577=ORIENTED_EDGE('',*,*,#1204,.T.);
#5578=ORIENTED_EDGE('',*,*,#2272,.T.);
#5579=EDGE_LOOP('',(#5568,#5574,#5575,#5576,#5577,#5578));
#5580=FACE_OUTER_BOUND('',#5579,.T.);
#5581=ADVANCED_FACE('',(#5580),#5559,.T.);
#5582=CARTESIAN_POINT('',(0.202755905511811,0.202755905511811,0.649620078351353));
#5583=DIRECTION('',(0.0,1.0,0.0));
#5584=DIRECTION('',(0.0,0.0,1.0));
#5585=AXIS2_PLACEMENT_3D('',#5582,#5583,#5584);
#5586=PLANE('',#5585);
#5587=ORIENTED_EDGE('',*,*,#2209,.T.);
#5588=ORIENTED_EDGE('',*,*,#5573,.F.);
#5589=CARTESIAN_POINT('',(0.125984251968504,0.202755905511811,0.507887794886786));
#5590=VERTEX_POINT('',#5589);
#5591=CARTESIAN_POINT('',(0.187007874015748,0.202755905511811,0.507887794886786));
#5592=DIRECTION('',(-1.0,0.0,0.0));
#5593=VECTOR('',#5592,0.061023622047244);
#5594=LINE('',#5591,#5593);
#5595=EDGE_CURVE('',#5561,#5590,#5594,.T.);
#5596=ORIENTED_EDGE('',*,*,#5595,.T.);
#5597=CARTESIAN_POINT('',(0.125984251968504,0.202755905511811,0.507887794886786));
#5598=DIRECTION('',(0.0,0.0,-1.0));
#5599=VECTOR('',#5598,0.086627952367101);
#5600=LINE('',#5597,#5599);
#5601=EDGE_CURVE('',#5590,#4812,#5600,.T.);
#5602=ORIENTED_EDGE('',*,*,#5601,.T.);
#5603=ORIENTED_EDGE('',*,*,#5150,.F.);
#5604=ORIENTED_EDGE('',*,*,#5081,.T.);
#5605=CARTESIAN_POINT('',(-0.125984251968504,0.202755905511811,0.421259842519685));
#5606=DIRECTION('',(0.0,0.0,-1.0));
#5607=VECTOR('',#5606,0.003923228735261);
#5608=LINE('',#5605,#5607);
#5609=EDGE_CURVE('',#4924,#5068,#5608,.T.);
#5610=ORIENTED_EDGE('',*,*,#5609,.F.);
#5611=ORIENTED_EDGE('',*,*,#5370,.T.);
#5612=CARTESIAN_POINT('',(-0.187007874015748,0.202755905511811,0.507887794886786));
#5613=VERTEX_POINT('',#5612);
#5614=CARTESIAN_POINT('',(-0.125984251968504,0.202755905511811,0.507887794886786));
#5615=DIRECTION('',(-1.0,0.0,0.0));
#5616=VECTOR('',#5615,0.061023622047244);
#5617=LINE('',#5614,#5616);
#5618=EDGE_CURVE('',#5359,#5613,#5617,.T.);
#5619=ORIENTED_EDGE('',*,*,#5618,.T.);
#5620=CARTESIAN_POINT('',(-0.187007874015748,0.202755905511811,0.527572834256865));
#5621=DIRECTION('',(0.0,0.0,-1.0));
#5622=VECTOR('',#5621,0.019685039370079);
#5623=LINE('',#5620,#5622);
#5624=EDGE_CURVE('',#1119,#5613,#5623,.T.);
#5625=ORIENTED_EDGE('',*,*,#5624,.F.);
#5626=EDGE_LOOP('',(#5587,#5588,#5596,#5602,#5603,#5604,#5610,#5611,#5619,#5625));
#5627=FACE_OUTER_BOUND('',#5626,.T.);
#5628=ADVANCED_FACE('',(#5627),#5586,.T.);
#5629=CARTESIAN_POINT('',(0.206594488188976,-0.223031496062992,0.507887794886786));
#5630=DIRECTION('',(0.0,0.0,-1.0));
#5631=DIRECTION('',(-1.0,0.0,0.0));
#5632=AXIS2_PLACEMENT_3D('',#5629,#5630,#5631);
#5633=PLANE('',#5632);
#5634=ORIENTED_EDGE('',*,*,#5567,.F.);
#5635=ORIENTED_EDGE('',*,*,#2266,.F.);
#5636=CARTESIAN_POINT('',(0.187007874015748,-0.187007874015748,0.507887794886786));
#5637=DIRECTION('',(0.0,0.0,1.0));
#5638=DIRECTION('',(0.707106781186548,-0.707106781186548,0.0));
#5639=AXIS2_PLACEMENT_3D('',#5636,#5637,#5638);
#5640=CIRCLE('',#5639,0.015748031496063);
#5641=EDGE_CURVE('',#2375,#2253,#5640,.T.);
#5642=ORIENTED_EDGE('',*,*,#5641,.F.);
#5643=ORIENTED_EDGE('',*,*,#2380,.F.);
#5644=ORIENTED_EDGE('',*,*,#5407,.T.);
#5645=CARTESIAN_POINT('',(0.140662643304572,-0.179133858267717,0.507887794886786));
#5646=VERTEX_POINT('',#5645);
#5647=CARTESIAN_POINT('',(0.125984251968504,-0.179133858267717,0.507887794886786));
#5648=DIRECTION('',(1.0,0.0,0.0));
#5649=VECTOR('',#5648,0.014678391336068);
#5650=LINE('',#5647,#5649);
#5651=EDGE_CURVE('',#5396,#5646,#5650,.T.);
#5652=ORIENTED_EDGE('',*,*,#5651,.T.);
#5653=CARTESIAN_POINT('',(0.156410674800635,-0.163385826771654,0.507887794886786));
#5654=VERTEX_POINT('',#5653);
#5655=CARTESIAN_POINT('',(0.140662643304572,-0.163385826771654,0.507887794886786));
#5656=DIRECTION('',(0.0,0.0,-1.0));
#5657=DIRECTION('',(0.707106781186548,-0.707106781186548,0.0));
#5658=AXIS2_PLACEMENT_3D('',#5655,#5656,#5657);
#5659=CIRCLE('',#5658,0.015748031496063);
#5660=EDGE_CURVE('',#5654,#5646,#5659,.T.);
#5661=ORIENTED_EDGE('',*,*,#5660,.F.);
#5662=CARTESIAN_POINT('',(0.156410674800635,-0.047244094488189,0.507887794886786));
#5663=VERTEX_POINT('',#5662);
#5664=CARTESIAN_POINT('',(0.156410674800635,-0.163385826771654,0.507887794886786));
#5665=DIRECTION('',(0.0,1.0,0.0));
#5666=VECTOR('',#5665,0.116141732283465);
#5667=LINE('',#5664,#5666);
#5668=EDGE_CURVE('',#5654,#5663,#5667,.T.);
#5669=ORIENTED_EDGE('',*,*,#5668,.T.);
#5670=CARTESIAN_POINT('',(0.156410674800635,0.047244094488189,0.507887794886786));
#5671=VERTEX_POINT('',#5670);
#5672=CARTESIAN_POINT('',(-0.063990072813392,-6.086398E-018,0.507887794886786));
#5673=DIRECTION('',(0.0,0.0,1.0));
#5674=DIRECTION('',(-0.977788448246711,-0.209594252009185,0.0));
#5675=AXIS2_PLACEMENT_3D('',#5672,#5673,#5674);
#5676=CIRCLE('',#5675,0.225407395648038);
#5677=EDGE_CURVE('',#5663,#5671,#5676,.T.);
#5678=ORIENTED_EDGE('',*,*,#5677,.T.);
#5679=CARTESIAN_POINT('',(0.156410674800635,0.163385826771654,0.507887794886786));
#5680=VERTEX_POINT('',#5679);
#5681=CARTESIAN_POINT('',(0.156410674800635,0.047244094488189,0.507887794886786));
#5682=DIRECTION('',(0.0,1.0,0.0));
#5683=VECTOR('',#5682,0.116141732283465);
#5684=LINE('',#5681,#5683);
#5685=EDGE_CURVE('',#5671,#5680,#5684,.T.);
#5686=ORIENTED_EDGE('',*,*,#5685,.T.);
#5687=CARTESIAN_POINT('',(0.140662643304572,0.179133858267717,0.507887794886786));
#5688=VERTEX_POINT('',#5687);
#5689=CARTESIAN_POINT('',(0.140662643304572,0.163385826771654,0.507887794886786));
#5690=DIRECTION('',(0.0,0.0,-1.0));
#5691=DIRECTION('',(0.707106781186548,0.707106781186548,0.0));
#5692=AXIS2_PLACEMENT_3D('',#5689,#5690,#5691);
#5693=CIRCLE('',#5692,0.015748031496063);
#5694=EDGE_CURVE('',#5688,#5680,#5693,.T.);
#5695=ORIENTED_EDGE('',*,*,#5694,.F.);
#5696=CARTESIAN_POINT('',(0.125984251968504,0.179133858267717,0.507887794886786));
#5697=VERTEX_POINT('',#5696);
#5698=CARTESIAN_POINT('',(0.140662643304572,0.179133858267717,0.507887794886786));
#5699=DIRECTION('',(-1.0,0.0,0.0));
#5700=VECTOR('',#5699,0.014678391336068);
#5701=LINE('',#5698,#5700);
#5702=EDGE_CURVE('',#5688,#5697,#5701,.T.);
#5703=ORIENTED_EDGE('',*,*,#5702,.T.);
#5704=CARTESIAN_POINT('',(0.125984251968504,0.179133858267717,0.507887794886786));
#5705=DIRECTION('',(0.0,1.0,0.0));
#5706=VECTOR('',#5705,0.023622047244094);
#5707=LINE('',#5704,#5706);
#5708=EDGE_CURVE('',#5697,#5590,#5707,.T.);
#5709=ORIENTED_EDGE('',*,*,#5708,.T.);
#5710=ORIENTED_EDGE('',*,*,#5595,.F.);
#5711=EDGE_LOOP('',(#5634,#5635,#5642,#5643,#5644,#5652,#5661,#5669,#5678,#5686,#5695,#5703,#5709,#5710));
#5712=FACE_OUTER_BOUND('',#5711,.T.);
#5713=ADVANCED_FACE('',(#5712),#5633,.T.);
#5714=CARTESIAN_POINT('',(-0.187007874015748,0.187007874015748,0.656706692524581));
#5715=DIRECTION('',(0.0,0.0,-1.0));
#5716=DIRECTION('',(0.707106781186548,-0.707106781186547,0.0));
#5717=AXIS2_PLACEMENT_3D('',#5714,#5715,#5716);
#5718=CYLINDRICAL_SURFACE('',#5717,0.015748031496063);
#5719=CARTESIAN_POINT('',(-0.202755905511811,0.187007874015748,0.507887794886786));
#5720=VERTEX_POINT('',#5719);
#5721=CARTESIAN_POINT('',(-0.187007874015748,0.187007874015748,0.507887794886786));
#5722=DIRECTION('',(0.0,0.0,1.0));
#5723=DIRECTION('',(-0.707106781186548,0.707106781186548,0.0));
#5724=AXIS2_PLACEMENT_3D('',#5721,#5722,#5723);
#5725=CIRCLE('',#5724,0.015748031496063);
#5726=EDGE_CURVE('',#5613,#5720,#5725,.T.);
#5727=ORIENTED_EDGE('',*,*,#5726,.T.);
#5728=CARTESIAN_POINT('',(-0.202755905511811,0.187007874015748,0.507887794886786));
#5729=DIRECTION('',(0.0,0.0,1.0));
#5730=VECTOR('',#5729,0.019685039370079);
#5731=LINE('',#5728,#5730);
#5732=EDGE_CURVE('',#5720,#1893,#5731,.T.);
#5733=ORIENTED_EDGE('',*,*,#5732,.T.);
#5734=ORIENTED_EDGE('',*,*,#1898,.T.);
#5735=ORIENTED_EDGE('',*,*,#1407,.T.);
#5736=ORIENTED_EDGE('',*,*,#1124,.T.);
#5737=ORIENTED_EDGE('',*,*,#5624,.T.);
#5738=EDGE_LOOP('',(#5727,#5733,#5734,#5735,#5736,#5737));
#5739=FACE_OUTER_BOUND('',#5738,.T.);
#5740=ADVANCED_FACE('',(#5739),#5718,.T.);
#5741=CARTESIAN_POINT('',(-0.202755905511811,-0.205708661417323,0.506903542918282));
#5742=DIRECTION('',(-1.0,0.0,0.0));
#5743=DIRECTION('',(0.0,0.0,1.0));
#5744=AXIS2_PLACEMENT_3D('',#5741,#5742,#5743);
#5745=PLANE('',#5744);
#5746=ORIENTED_EDGE('',*,*,#2185,.T.);
#5747=ORIENTED_EDGE('',*,*,#5732,.F.);
#5748=CARTESIAN_POINT('',(-0.202755905511811,-0.187007874015748,0.507887794886786));
#5749=VERTEX_POINT('',#5748);
#5750=CARTESIAN_POINT('',(-0.202755905511811,0.187007874015748,0.507887794886786));
#5751=DIRECTION('',(0.0,-1.0,0.0));
#5752=VECTOR('',#5751,0.374015748031496);
#5753=LINE('',#5750,#5752);
#5754=EDGE_CURVE('',#5720,#5749,#5753,.T.);
#5755=ORIENTED_EDGE('',*,*,#5754,.T.);
#5756=CARTESIAN_POINT('',(-0.202755905511811,-0.187007874015748,0.527572834256865));
#5757=DIRECTION('',(0.0,0.0,-1.0));
#5758=VECTOR('',#5757,0.019685039370079);
#5759=LINE('',#5756,#5758);
#5760=EDGE_CURVE('',#1239,#5749,#5759,.T.);
#5761=ORIENTED_EDGE('',*,*,#5760,.F.);
#5762=EDGE_LOOP('',(#5746,#5747,#5755,#5761));
#5763=FACE_OUTER_BOUND('',#5762,.T.);
#5764=ADVANCED_FACE('',(#5763),#5745,.T.);
#5765=CARTESIAN_POINT('',(-0.122145669291339,-0.223031496062992,0.507887794886786));
#5766=DIRECTION('',(0.0,0.0,-1.0));
#5767=DIRECTION('',(-1.0,0.0,0.0));
#5768=AXIS2_PLACEMENT_3D('',#5765,#5766,#5767);
#5769=PLANE('',#5768);
#5770=ORIENTED_EDGE('',*,*,#5726,.F.);
#5771=ORIENTED_EDGE('',*,*,#5618,.F.);
#5772=ORIENTED_EDGE('',*,*,#5364,.T.);
#5773=CARTESIAN_POINT('',(-0.140662643304572,0.179133858267717,0.507887794886786));
#5774=VERTEX_POINT('',#5773);
#5775=CARTESIAN_POINT('',(-0.125984251968504,0.179133858267717,0.507887794886786));
#5776=DIRECTION('',(-1.0,0.0,0.0));
#5777=VECTOR('',#5776,0.014678391336068);
#5778=LINE('',#5775,#5777);
#5779=EDGE_CURVE('',#5351,#5774,#5778,.T.);
#5780=ORIENTED_EDGE('',*,*,#5779,.T.);
#5781=CARTESIAN_POINT('',(-0.156410674800635,0.163385826771654,0.507887794886786));
#5782=VERTEX_POINT('',#5781);
#5783=CARTESIAN_POINT('',(-0.140662643304572,0.163385826771654,0.507887794886786));
#5784=DIRECTION('',(0.0,0.0,-1.0));
#5785=DIRECTION('',(-0.707106781186548,0.707106781186548,0.0));
#5786=AXIS2_PLACEMENT_3D('',#5783,#5784,#5785);
#5787=CIRCLE('',#5786,0.015748031496063);
#5788=EDGE_CURVE('',#5782,#5774,#5787,.T.);
#5789=ORIENTED_EDGE('',*,*,#5788,.F.);
#5790=CARTESIAN_POINT('',(-0.156410674800635,0.047244094488189,0.507887794886786));
#5791=VERTEX_POINT('',#5790);
#5792=CARTESIAN_POINT('',(-0.156410674800635,0.163385826771654,0.507887794886786));
#5793=DIRECTION('',(0.0,-1.0,0.0));
#5794=VECTOR('',#5793,0.116141732283465);
#5795=LINE('',#5792,#5794);
#5796=EDGE_CURVE('',#5782,#5791,#5795,.T.);
#5797=ORIENTED_EDGE('',*,*,#5796,.T.);
#5798=CARTESIAN_POINT('',(-0.156410674800635,-0.047244094488189,0.507887794886786));
#5799=VERTEX_POINT('',#5798);
#5800=CARTESIAN_POINT('',(0.063990072813392,-6.086398E-018,0.507887794886786));
#5801=DIRECTION('',(0.0,0.0,1.0));
#5802=DIRECTION('',(0.977788448246711,0.209594252009185,0.0));
#5803=AXIS2_PLACEMENT_3D('',#5800,#5801,#5802);
#5804=CIRCLE('',#5803,0.225407395648038);
#5805=EDGE_CURVE('',#5791,#5799,#5804,.T.);
#5806=ORIENTED_EDGE('',*,*,#5805,.T.);
#5807=CARTESIAN_POINT('',(-0.156410674800635,-0.163385826771654,0.507887794886786));
#5808=VERTEX_POINT('',#5807);
#5809=CARTESIAN_POINT('',(-0.156410674800635,-0.047244094488189,0.507887794886786));
#5810=DIRECTION('',(0.0,-1.0,0.0));
#5811=VECTOR('',#5810,0.116141732283465);
#5812=LINE('',#5809,#5811);
#5813=EDGE_CURVE('',#5799,#5808,#5812,.T.);
#5814=ORIENTED_EDGE('',*,*,#5813,.T.);
#5815=CARTESIAN_POINT('',(-0.140662643304572,-0.179133858267717,0.507887794886786));
#5816=VERTEX_POINT('',#5815);
#5817=CARTESIAN_POINT('',(-0.140662643304572,-0.163385826771654,0.507887794886786));
#5818=DIRECTION('',(0.0,0.0,-1.0));
#5819=DIRECTION('',(-0.707106781186547,-0.707106781186548,0.0));
#5820=AXIS2_PLACEMENT_3D('',#5817,#5818,#5819);
#5821=CIRCLE('',#5820,0.015748031496063);
#5822=EDGE_CURVE('',#5816,#5808,#5821,.T.);
#5823=ORIENTED_EDGE('',*,*,#5822,.F.);
#5824=CARTESIAN_POINT('',(-0.125984251968504,-0.179133858267717,0.507887794886786));
#5825=VERTEX_POINT('',#5824);
#5826=CARTESIAN_POINT('',(-0.140662643304572,-0.179133858267717,0.507887794886786));
#5827=DIRECTION('',(1.0,0.0,0.0));
#5828=VECTOR('',#5827,0.014678391336068);
#5829=LINE('',#5826,#5828);
#5830=EDGE_CURVE('',#5816,#5825,#5829,.T.);
#5831=ORIENTED_EDGE('',*,*,#5830,.T.);
#5832=CARTESIAN_POINT('',(-0.125984251968504,-0.179133858267717,0.507887794886786));
#5833=DIRECTION('',(0.0,-1.0,0.0));
#5834=VECTOR('',#5833,0.023622047244094);
#5835=LINE('',#5832,#5834);
#5836=EDGE_CURVE('',#5825,#2327,#5835,.T.);
#5837=ORIENTED_EDGE('',*,*,#5836,.T.);
#5838=ORIENTED_EDGE('',*,*,#2332,.F.);
#5839=CARTESIAN_POINT('',(-0.187007874015748,-0.187007874015748,0.507887794886786));
#5840=DIRECTION('',(0.0,0.0,1.0));
#5841=DIRECTION('',(-0.707106781186548,-0.707106781186548,0.0));
#5842=AXIS2_PLACEMENT_3D('',#5839,#5840,#5841);
#5843=CIRCLE('',#5842,0.015748031496063);
#5844=EDGE_CURVE('',#5749,#2319,#5843,.T.);
#5845=ORIENTED_EDGE('',*,*,#5844,.F.);
#5846=ORIENTED_EDGE('',*,*,#5754,.F.);
#5847=EDGE_LOOP('',(#5770,#5771,#5772,#5780,#5789,#5797,#5806,#5814,#5823,#5831,#5837,#5838,#5845,#5846));
#5848=FACE_OUTER_BOUND('',#5847,.T.);
#5849=ADVANCED_FACE('',(#5848),#5769,.T.);
#5850=CARTESIAN_POINT('',(-0.187007874015748,-0.187007874015748,0.656706692524581));
#5851=DIRECTION('',(0.0,0.0,-1.0));
#5852=DIRECTION('',(0.707106781186547,0.707106781186548,0.0));
#5853=AXIS2_PLACEMENT_3D('',#5850,#5851,#5852);
#5854=CYLINDRICAL_SURFACE('',#5853,0.015748031496063);
#5855=ORIENTED_EDGE('',*,*,#5844,.T.);
#5856=ORIENTED_EDGE('',*,*,#2324,.T.);
#5857=ORIENTED_EDGE('',*,*,#1284,.T.);
#5858=ORIENTED_EDGE('',*,*,#1388,.T.);
#5859=ORIENTED_EDGE('',*,*,#1244,.T.);
#5860=ORIENTED_EDGE('',*,*,#5760,.T.);
#5861=EDGE_LOOP('',(#5855,#5856,#5857,#5858,#5859,#5860));
#5862=FACE_OUTER_BOUND('',#5861,.T.);
#5863=ADVANCED_FACE('',(#5862),#5854,.T.);
#5864=CARTESIAN_POINT('',(0.187007874015748,-0.187007874015748,0.656706692524581));
#5865=DIRECTION('',(0.0,0.0,-1.0));
#5866=DIRECTION('',(-0.707106781186548,0.707106781186547,0.0));
#5867=AXIS2_PLACEMENT_3D('',#5864,#5865,#5866);
#5868=CYLINDRICAL_SURFACE('',#5867,0.015748031496063);
#5869=ORIENTED_EDGE('',*,*,#5641,.T.);
#5870=ORIENTED_EDGE('',*,*,#2258,.T.);
#5871=ORIENTED_EDGE('',*,*,#1164,.T.);
#5872=ORIENTED_EDGE('',*,*,#1431,.T.);
#5873=ORIENTED_EDGE('',*,*,#1953,.T.);
#5874=ORIENTED_EDGE('',*,*,#2386,.T.);
#5875=EDGE_LOOP('',(#5869,#5870,#5871,#5872,#5873,#5874));
#5876=FACE_OUTER_BOUND('',#5875,.T.);
#5877=ADVANCED_FACE('',(#5876),#5868,.T.);
#5878=CARTESIAN_POINT('',(-0.17531258659764,0.173465069374531,0.665202489993205));
#5879=DIRECTION('',(0.277141341815248,-0.142529832933556,-0.950198886223709));
#5880=DIRECTION('',(0.665149444528677,-0.685198401858939,0.296781681599705));
#5881=AXIS2_PLACEMENT_3D('',#5878,#5879,#5880);
#5882=CYLINDRICAL_SURFACE('',#5881,0.011811023622047);
#5883=CARTESIAN_POINT('',(-0.102381094079976,0.147637795275591,0.413399605910408));
#5884=VERTEX_POINT('',#5883);
#5885=CARTESIAN_POINT('',(-0.114173228346457,0.147637795275591,0.429068372377333));
#5886=VERTEX_POINT('',#5885);
#5887=CARTESIAN_POINT('',(-0.12509288696081,0.147637795275591,0.493020662666931));
#5888=DIRECTION('',(0.0,1.0,0.0));
#5889=DIRECTION('',(0.28,0.0,-0.96));
#5890=AXIS2_PLACEMENT_3D('',#5887,#5888,#5889);
#5891=ELLIPSE('',#5890,0.082867027757994,0.011811023622047);
#5892=EDGE_CURVE('',#5884,#5886,#5891,.T.);
#5893=ORIENTED_EDGE('',*,*,#5892,.F.);
#5894=CARTESIAN_POINT('',(-0.102381094079976,0.147637795275591,0.413399605910408));
#5895=DIRECTION('',(-0.277141341815248,0.142529832933556,0.950198886223709));
#5896=VECTOR('',#5895,0.248601083273982);
#5897=LINE('',#5894,#5896);
#5898=EDGE_CURVE('',#5884,#1308,#5897,.T.);
#5899=ORIENTED_EDGE('',*,*,#5898,.T.);
#5900=ORIENTED_EDGE('',*,*,#1316,.T.);
#5901=CARTESIAN_POINT('',(-0.114173228346457,0.136190699754238,0.413399605910408));
#5902=VERTEX_POINT('',#5901);
#5903=CARTESIAN_POINT('',(-0.183070866141732,0.17162377062038,0.649620078351353));
#5904=DIRECTION('',(0.277141341815248,-0.142529832933557,-0.950198886223709));
#5905=VECTOR('',#5904,0.248601083273982);
#5906=LINE('',#5903,#5905);
#5907=EDGE_CURVE('',#1310,#5902,#5906,.T.);
#5908=ORIENTED_EDGE('',*,*,#5907,.T.);
#5909=CARTESIAN_POINT('',(-0.114173228346457,0.142021970845352,0.455581833132005));
#5910=DIRECTION('',(-1.0,0.0,0.0));
#5911=DIRECTION('',(0.0,-0.148340452930245,-0.988936352868297));
#5912=AXIS2_PLACEMENT_3D('',#5909,#5910,#5911);
#5913=ELLIPSE('',#5912,0.042617328561254,0.011811023622047);
#5914=EDGE_CURVE('',#5886,#5902,#5913,.T.);
#5915=ORIENTED_EDGE('',*,*,#5914,.F.);
#5916=EDGE_LOOP('',(#5893,#5899,#5900,#5908,#5915));
#5917=FACE_OUTER_BOUND('',#5916,.T.);
#5918=ADVANCED_FACE('',(#5917),#5882,.F.);
#5919=CARTESIAN_POINT('',(-0.110728346456693,-0.188786147682418,0.401588582288361));
#5920=DIRECTION('',(-0.96,0.0,-0.28));
#5921=DIRECTION('',(-0.28,0.0,0.96));
#5922=AXIS2_PLACEMENT_3D('',#5919,#5920,#5921);
#5923=PLANE('',#5922);
#5924=ORIENTED_EDGE('',*,*,#5907,.F.);
#5925=ORIENTED_EDGE('',*,*,#1373,.F.);
#5926=CARTESIAN_POINT('',(-0.114173228346457,-0.136190699754238,0.413399605910408));
#5927=VERTEX_POINT('',#5926);
#5928=CARTESIAN_POINT('',(-0.114173228346457,-0.136190699754238,0.413399605910408));
#5929=DIRECTION('',(-0.277141341815248,-0.142529832933556,0.950198886223709));
#5930=VECTOR('',#5929,0.248601083273982);
#5931=LINE('',#5928,#5930);
#5932=EDGE_CURVE('',#5927,#1361,#5931,.T.);
#5933=ORIENTED_EDGE('',*,*,#5932,.F.);
#5934=CARTESIAN_POINT('',(-0.114173228346457,0.136190699754238,0.413399605910408));
#5935=DIRECTION('',(0.0,-1.0,0.0));
#5936=VECTOR('',#5935,0.272381399508476);
#5937=LINE('',#5934,#5936);
#5938=EDGE_CURVE('',#5902,#5927,#5937,.T.);
#5939=ORIENTED_EDGE('',*,*,#5938,.F.);
#5940=EDGE_LOOP('',(#5924,#5925,#5933,#5939));
#5941=FACE_OUTER_BOUND('',#5940,.T.);
#5942=ADVANCED_FACE('',(#5941),#5923,.F.);
#5943=CARTESIAN_POINT('',(-0.17531258659764,-0.173465069374531,0.665202489993205));
#5944=DIRECTION('',(0.277141341815248,0.142529832933556,-0.950198886223709));
#5945=DIRECTION('',(0.665149444528601,0.685198401859017,0.296781681599694));
#5946=AXIS2_PLACEMENT_3D('',#5943,#5944,#5945);
#5947=CYLINDRICAL_SURFACE('',#5946,0.011811023622047);
#5948=CARTESIAN_POINT('',(-0.114173228346457,-0.147637795275591,0.429068372377333));
#5949=VERTEX_POINT('',#5948);
#5950=CARTESIAN_POINT('',(-0.114173228346457,-0.142021970845352,0.455581833132006));
#5951=DIRECTION('',(1.0,0.0,0.0));
#5952=DIRECTION('',(0.0,0.148340452930244,-0.988936352868298));
#5953=AXIS2_PLACEMENT_3D('',#5950,#5951,#5952);
#5954=ELLIPSE('',#5953,0.042617328561254,0.011811023622047);
#5955=EDGE_CURVE('',#5949,#5927,#5954,.T.);
#5956=ORIENTED_EDGE('',*,*,#5955,.T.);
#5957=ORIENTED_EDGE('',*,*,#5932,.T.);
#5958=ORIENTED_EDGE('',*,*,#1367,.T.);
#5959=CARTESIAN_POINT('',(-0.102381094079975,-0.147637795275591,0.413399605910408));
#5960=VERTEX_POINT('',#5959);
#5961=CARTESIAN_POINT('',(-0.171278731875252,-0.183070866141732,0.649620078351353));
#5962=DIRECTION('',(0.277141341815248,0.142529832933556,-0.950198886223709));
#5963=VECTOR('',#5962,0.248601083273982);
#5964=LINE('',#5961,#5963);
#5965=EDGE_CURVE('',#1353,#5960,#5964,.T.);
#5966=ORIENTED_EDGE('',*,*,#5965,.T.);
#5967=CARTESIAN_POINT('',(-0.12509288696081,-0.147637795275591,0.493020662666931));
#5968=DIRECTION('',(0.0,1.0,0.0));
#5969=DIRECTION('',(0.28,0.0,-0.96));
#5970=AXIS2_PLACEMENT_3D('',#5967,#5968,#5969);
#5971=ELLIPSE('',#5970,0.082867027757994,0.011811023622047);
#5972=EDGE_CURVE('',#5960,#5949,#5971,.T.);
#5973=ORIENTED_EDGE('',*,*,#5972,.T.);
#5974=EDGE_LOOP('',(#5956,#5957,#5958,#5966,#5973));
#5975=FACE_OUTER_BOUND('',#5974,.T.);
#5976=ADVANCED_FACE('',(#5975),#5947,.F.);
#5977=CARTESIAN_POINT('',(0.188406605062777,-0.145866141732283,0.401588582288361));
#5978=DIRECTION('',(1.180581E-016,-0.988936352868298,-0.148340452930245));
#5979=DIRECTION('',(0.0,0.148340452930245,-0.988936352868298));
#5980=AXIS2_PLACEMENT_3D('',#5977,#5978,#5979);
#5981=PLANE('',#5980);
#5982=ORIENTED_EDGE('',*,*,#5965,.F.);
#5983=ORIENTED_EDGE('',*,*,#1358,.F.);
#5984=CARTESIAN_POINT('',(0.102381094079976,-0.147637795275591,0.413399605910408));
#5985=VERTEX_POINT('',#5984);
#5986=CARTESIAN_POINT('',(0.102381094079976,-0.147637795275591,0.413399605910408));
#5987=DIRECTION('',(0.277141341815248,-0.142529832933556,0.950198886223709));
#5988=VECTOR('',#5987,0.248601083273982);
#5989=LINE('',#5986,#5988);
#5990=EDGE_CURVE('',#5985,#1344,#5989,.T.);
#5991=ORIENTED_EDGE('',*,*,#5990,.F.);
#5992=CARTESIAN_POINT('',(-0.102381094079975,-0.147637795275591,0.413399605910408));
#5993=DIRECTION('',(1.0,0.0,0.0));
#5994=VECTOR('',#5993,0.204762188159952);
#5995=LINE('',#5992,#5994);
#5996=EDGE_CURVE('',#5960,#5985,#5995,.T.);
#5997=ORIENTED_EDGE('',*,*,#5996,.F.);
#5998=EDGE_LOOP('',(#5982,#5983,#5991,#5997));
#5999=FACE_OUTER_BOUND('',#5998,.T.);
#6000=ADVANCED_FACE('',(#5999),#5981,.F.);
#6001=CARTESIAN_POINT('',(0.17531258659764,-0.173465069374531,0.665202489993205));
#6002=DIRECTION('',(-0.277141341815248,0.142529832933556,-0.950198886223709));
#6003=DIRECTION('',(-0.665149444528813,0.685198401858799,0.296781681599723));
#6004=AXIS2_PLACEMENT_3D('',#6001,#6002,#6003);
#6005=CYLINDRICAL_SURFACE('',#6004,0.011811023622047);
#6006=CARTESIAN_POINT('',(0.114173228346457,-0.147637795275591,0.429068372377333));
#6007=VERTEX_POINT('',#6006);
#6008=CARTESIAN_POINT('',(0.12509288696081,-0.147637795275591,0.493020662666931));
#6009=DIRECTION('',(0.0,-1.0,0.0));
#6010=DIRECTION('',(-0.28,0.0,-0.96));
#6011=AXIS2_PLACEMENT_3D('',#6008,#6009,#6010);
#6012=ELLIPSE('',#6011,0.082867027757994,0.011811023622047);
#6013=EDGE_CURVE('',#5985,#6007,#6012,.T.);
#6014=ORIENTED_EDGE('',*,*,#6013,.F.);
#6015=ORIENTED_EDGE('',*,*,#5990,.T.);
#6016=ORIENTED_EDGE('',*,*,#1350,.T.);
#6017=CARTESIAN_POINT('',(0.114173228346457,-0.136190699754237,0.413399605910408));
#6018=VERTEX_POINT('',#6017);
#6019=CARTESIAN_POINT('',(0.183070866141732,-0.17162377062038,0.649620078351353));
#6020=DIRECTION('',(-0.277141341815248,0.142529832933556,-0.950198886223709));
#6021=VECTOR('',#6020,0.248601083273982);
#6022=LINE('',#6019,#6021);
#6023=EDGE_CURVE('',#1336,#6018,#6022,.T.);
#6024=ORIENTED_EDGE('',*,*,#6023,.T.);
#6025=CARTESIAN_POINT('',(0.114173228346457,-0.142021970845352,0.455581833132006));
#6026=DIRECTION('',(1.0,0.0,0.0));
#6027=DIRECTION('',(0.0,0.148340452930244,-0.988936352868298));
#6028=AXIS2_PLACEMENT_3D('',#6025,#6026,#6027);
#6029=ELLIPSE('',#6028,0.042617328561254,0.011811023622047);
#6030=EDGE_CURVE('',#6007,#6018,#6029,.T.);
#6031=ORIENTED_EDGE('',*,*,#6030,.F.);
#6032=EDGE_LOOP('',(#6014,#6015,#6016,#6024,#6031));
#6033=FACE_OUTER_BOUND('',#6032,.T.);
#6034=ADVANCED_FACE('',(#6033),#6005,.F.);
#6035=CARTESIAN_POINT('',(0.186515748031496,-0.188786147682418,0.6614311019734));
#6036=DIRECTION('',(0.96,3.438110E-016,-0.28));
#6037=DIRECTION('',(-0.28,-1.908534E-032,-0.96));
#6038=AXIS2_PLACEMENT_3D('',#6035,#6036,#6037);
#6039=PLANE('',#6038);
#6040=ORIENTED_EDGE('',*,*,#6023,.F.);
#6041=ORIENTED_EDGE('',*,*,#1341,.F.);
#6042=CARTESIAN_POINT('',(0.114173228346457,0.136190699754238,0.413399605910408));
#6043=VERTEX_POINT('',#6042);
#6044=CARTESIAN_POINT('',(0.114173228346457,0.136190699754238,0.413399605910408));
#6045=DIRECTION('',(0.277141341815248,0.142529832933556,0.950198886223709));
#6046=VECTOR('',#6045,0.248601083273982);
#6047=LINE('',#6044,#6046);
#6048=EDGE_CURVE('',#6043,#1327,#6047,.T.);
#6049=ORIENTED_EDGE('',*,*,#6048,.F.);
#6050=CARTESIAN_POINT('',(0.114173228346457,-0.136190699754237,0.413399605910408));
#6051=DIRECTION('',(0.0,1.0,0.0));
#6052=VECTOR('',#6051,0.272381399508475);
#6053=LINE('',#6050,#6052);
#6054=EDGE_CURVE('',#6018,#6043,#6053,.T.);
#6055=ORIENTED_EDGE('',*,*,#6054,.F.);
#6056=EDGE_LOOP('',(#6040,#6041,#6049,#6055));
#6057=FACE_OUTER_BOUND('',#6056,.T.);
#6058=ADVANCED_FACE('',(#6057),#6039,.F.);
#6059=CARTESIAN_POINT('',(0.175312586597639,0.173465069374532,0.665202489993205));
#6060=DIRECTION('',(-0.277141341815248,-0.142529832933557,-0.950198886223709));
#6061=DIRECTION('',(-0.665149444528693,-0.685198401858922,0.296781681599707));
#6062=AXIS2_PLACEMENT_3D('',#6059,#6060,#6061);
#6063=CYLINDRICAL_SURFACE('',#6062,0.011811023622047);
#6064=CARTESIAN_POINT('',(0.114173228346457,0.147637795275591,0.429068372377333));
#6065=VERTEX_POINT('',#6064);
#6066=CARTESIAN_POINT('',(0.114173228346457,0.142021970845352,0.455581833132006));
#6067=DIRECTION('',(-1.0,0.0,0.0));
#6068=DIRECTION('',(0.0,-0.148340452930245,-0.988936352868297));
#6069=AXIS2_PLACEMENT_3D('',#6066,#6067,#6068);
#6070=ELLIPSE('',#6069,0.042617328561254,0.011811023622047);
#6071=EDGE_CURVE('',#6065,#6043,#6070,.T.);
#6072=ORIENTED_EDGE('',*,*,#6071,.T.);
#6073=ORIENTED_EDGE('',*,*,#6048,.T.);
#6074=ORIENTED_EDGE('',*,*,#1333,.T.);
#6075=CARTESIAN_POINT('',(0.102381094079976,0.147637795275591,0.413399605910408));
#6076=VERTEX_POINT('',#6075);
#6077=CARTESIAN_POINT('',(0.171278731875252,0.183070866141732,0.649620078351353));
#6078=DIRECTION('',(-0.277141341815248,-0.142529832933557,-0.950198886223709));
#6079=VECTOR('',#6078,0.248601083273982);
#6080=LINE('',#6077,#6079);
#6081=EDGE_CURVE('',#1319,#6076,#6080,.T.);
#6082=ORIENTED_EDGE('',*,*,#6081,.T.);
#6083=CARTESIAN_POINT('',(0.12509288696081,0.147637795275591,0.49302066266693));
#6084=DIRECTION('',(0.0,-1.0,0.0));
#6085=DIRECTION('',(-0.28,0.0,-0.96));
#6086=AXIS2_PLACEMENT_3D('',#6083,#6084,#6085);
#6087=ELLIPSE('',#6086,0.082867027757994,0.011811023622047);
#6088=EDGE_CURVE('',#6076,#6065,#6087,.T.);
#6089=ORIENTED_EDGE('',*,*,#6088,.T.);
#6090=EDGE_LOOP('',(#6072,#6073,#6074,#6082,#6089));
#6091=FACE_OUTER_BOUND('',#6090,.T.);
#6092=ADVANCED_FACE('',(#6091),#6063,.F.);
#6093=CARTESIAN_POINT('',(0.188406605062777,0.184842519685039,0.6614311019734));
#6094=DIRECTION('',(-2.361161E-016,0.988936352868298,-0.148340452930245));
#6095=DIRECTION('',(0.0,0.148340452930245,0.988936352868298));
#6096=AXIS2_PLACEMENT_3D('',#6093,#6094,#6095);
#6097=PLANE('',#6096);
#6098=ORIENTED_EDGE('',*,*,#5898,.F.);
#6099=CARTESIAN_POINT('',(0.102381094079976,0.147637795275591,0.413399605910408));
#6100=DIRECTION('',(-1.0,0.0,0.0));
#6101=VECTOR('',#6100,0.204762188159952);
#6102=LINE('',#6099,#6101);
#6103=EDGE_CURVE('',#6076,#5884,#6102,.T.);
#6104=ORIENTED_EDGE('',*,*,#6103,.F.);
#6105=ORIENTED_EDGE('',*,*,#6081,.F.);
#6106=ORIENTED_EDGE('',*,*,#1324,.F.);
#6107=EDGE_LOOP('',(#6098,#6104,#6105,#6106));
#6108=FACE_OUTER_BOUND('',#6107,.T.);
#6109=ADVANCED_FACE('',(#6108),#6097,.F.);
#6110=CARTESIAN_POINT('',(0.140662643304572,0.163385826771654,0.177179133469463));
#6111=DIRECTION('',(0.0,0.0,1.0));
#6112=DIRECTION('',(-0.707106781186547,-0.707106781186548,0.0));
#6113=AXIS2_PLACEMENT_3D('',#6110,#6111,#6112);
#6114=CYLINDRICAL_SURFACE('',#6113,0.015748031496063);
#6115=CARTESIAN_POINT('',(0.156410674800635,0.163385826771654,0.192927164965526));
#6116=VERTEX_POINT('',#6115);
#6117=CARTESIAN_POINT('',(0.140662643304572,0.179133858267717,0.192927164965526));
#6118=VERTEX_POINT('',#6117);
#6119=CARTESIAN_POINT('',(0.140662643304572,0.163385826771654,0.192927164965526));
#6120=DIRECTION('',(0.0,0.0,1.0));
#6121=DIRECTION('',(0.707106781186548,0.707106781186548,0.0));
#6122=AXIS2_PLACEMENT_3D('',#6119,#6120,#6121);
#6123=CIRCLE('',#6122,0.015748031496063);
#6124=EDGE_CURVE('',#6116,#6118,#6123,.T.);
#6125=ORIENTED_EDGE('',*,*,#6124,.T.);
#6126=CARTESIAN_POINT('',(0.140662643304572,0.179133858267717,0.192927164965526));
#6127=DIRECTION('',(0.0,0.0,1.0));
#6128=VECTOR('',#6127,0.31496062992126);
#6129=LINE('',#6126,#6128);
#6130=EDGE_CURVE('',#6118,#5688,#6129,.T.);
#6131=ORIENTED_EDGE('',*,*,#6130,.T.);
#6132=ORIENTED_EDGE('',*,*,#5694,.T.);
#6133=CARTESIAN_POINT('',(0.156410674800635,0.163385826771654,0.507887794886786));
#6134=DIRECTION('',(0.0,0.0,-1.0));
#6135=VECTOR('',#6134,0.31496062992126);
#6136=LINE('',#6133,#6135);
#6137=EDGE_CURVE('',#5680,#6116,#6136,.T.);
#6138=ORIENTED_EDGE('',*,*,#6137,.T.);
#6139=EDGE_LOOP('',(#6125,#6131,#6132,#6138));
#6140=FACE_OUTER_BOUND('',#6139,.T.);
#6141=ADVANCED_FACE('',(#6140),#6114,.T.);
#6142=CARTESIAN_POINT('',(0.141396562871375,0.179133858267717,0.177179133469463));
#6143=DIRECTION('',(0.0,-1.0,0.0));
#6144=DIRECTION('',(0.0,0.0,-1.0));
#6145=AXIS2_PLACEMENT_3D('',#6142,#6143,#6144);
#6146=PLANE('',#6145);
#6147=ORIENTED_EDGE('',*,*,#6130,.F.);
#6148=CARTESIAN_POINT('',(0.125984251968504,0.179133858267717,0.192927164965526));
#6149=VERTEX_POINT('',#6148);
#6150=CARTESIAN_POINT('',(0.125984251968504,0.179133858267717,0.192927164965526));
#6151=DIRECTION('',(1.0,0.0,0.0));
#6152=VECTOR('',#6151,0.014678391336068);
#6153=LINE('',#6150,#6152);
#6154=EDGE_CURVE('',#6149,#6118,#6153,.T.);
#6155=ORIENTED_EDGE('',*,*,#6154,.F.);
#6156=CARTESIAN_POINT('',(0.125984251968504,0.179133858267717,0.192927164965526));
#6157=DIRECTION('',(0.0,0.0,1.0));
#6158=VECTOR('',#6157,0.31496062992126);
#6159=LINE('',#6156,#6158);
#6160=EDGE_CURVE('',#6149,#5697,#6159,.T.);
#6161=ORIENTED_EDGE('',*,*,#6160,.T.);
#6162=ORIENTED_EDGE('',*,*,#5702,.F.);
#6163=EDGE_LOOP('',(#6147,#6155,#6161,#6162));
#6164=FACE_OUTER_BOUND('',#6163,.T.);
#6165=ADVANCED_FACE('',(#6164),#6146,.F.);
#6166=CARTESIAN_POINT('',(0.177490813531051,-0.265255905511811,0.192927164965526));
#6167=DIRECTION('',(0.0,0.0,-1.0));
#6168=DIRECTION('',(-1.0,0.0,0.0));
#6169=AXIS2_PLACEMENT_3D('',#6166,#6167,#6168);
#6170=PLANE('',#6169);
#6171=ORIENTED_EDGE('',*,*,#6124,.F.);
#6172=CARTESIAN_POINT('',(0.156410674800635,0.047244094488189,0.192927164965526));
#6173=VERTEX_POINT('',#6172);
#6174=CARTESIAN_POINT('',(0.156410674800635,0.163385826771654,0.192927164965526));
#6175=DIRECTION('',(0.0,-1.0,0.0));
#6176=VECTOR('',#6175,0.116141732283465);
#6177=LINE('',#6174,#6176);
#6178=EDGE_CURVE('',#6116,#6173,#6177,.T.);
#6179=ORIENTED_EDGE('',*,*,#6178,.T.);
#6180=CARTESIAN_POINT('',(0.156410674800635,-0.047244094488189,0.192927164965526));
#6181=VERTEX_POINT('',#6180);
#6182=CARTESIAN_POINT('',(-0.063990072813392,-6.086398E-018,0.192927164965526));
#6183=DIRECTION('',(0.0,0.0,-1.0));
#6184=DIRECTION('',(-0.977788448246711,-0.209594252009185,0.0));
#6185=AXIS2_PLACEMENT_3D('',#6182,#6183,#6184);
#6186=CIRCLE('',#6185,0.225407395648038);
#6187=EDGE_CURVE('',#6173,#6181,#6186,.T.);
#6188=ORIENTED_EDGE('',*,*,#6187,.T.);
#6189=CARTESIAN_POINT('',(0.156410674800635,-0.163385826771654,0.192927164965526));
#6190=VERTEX_POINT('',#6189);
#6191=CARTESIAN_POINT('',(0.156410674800635,-0.047244094488189,0.192927164965526));
#6192=DIRECTION('',(0.0,-1.0,0.0));
#6193=VECTOR('',#6192,0.116141732283465);
#6194=LINE('',#6191,#6193);
#6195=EDGE_CURVE('',#6181,#6190,#6194,.T.);
#6196=ORIENTED_EDGE('',*,*,#6195,.T.);
#6197=CARTESIAN_POINT('',(0.140662643304572,-0.179133858267717,0.192927164965526));
#6198=VERTEX_POINT('',#6197);
#6199=CARTESIAN_POINT('',(0.140662643304572,-0.163385826771654,0.192927164965526));
#6200=DIRECTION('',(0.0,0.0,1.0));
#6201=DIRECTION('',(0.707106781186548,-0.707106781186548,0.0));
#6202=AXIS2_PLACEMENT_3D('',#6199,#6200,#6201);
#6203=CIRCLE('',#6202,0.015748031496063);
#6204=EDGE_CURVE('',#6198,#6190,#6203,.T.);
#6205=ORIENTED_EDGE('',*,*,#6204,.F.);
#6206=CARTESIAN_POINT('',(0.140662643304572,-0.179133858267717,0.192927164965526));
#6207=DIRECTION('',(-1.0,0.0,0.0));
#6208=VECTOR('',#6207,0.014678391336068);
#6209=LINE('',#6206,#6208);
#6210=EDGE_CURVE('',#6198,#5388,#6209,.T.);
#6211=ORIENTED_EDGE('',*,*,#6210,.T.);
#6212=ORIENTED_EDGE('',*,*,#5393,.T.);
#6213=ORIENTED_EDGE('',*,*,#4603,.F.);
#6214=CARTESIAN_POINT('',(0.110236220472441,-0.241141732283465,0.192927164965526));
#6215=VERTEX_POINT('',#6214);
#6216=CARTESIAN_POINT('',(0.110236220472441,-0.225393700787402,0.192927164965526));
#6217=DIRECTION('',(0.0,0.0,1.0));
#6218=DIRECTION('',(0.707106781186548,-0.707106781186548,0.0));
#6219=AXIS2_PLACEMENT_3D('',#6216,#6217,#6218);
#6220=CIRCLE('',#6219,0.015748031496063);
#6221=EDGE_CURVE('',#6215,#4590,#6220,.T.);
#6222=ORIENTED_EDGE('',*,*,#6221,.F.);
#6223=CARTESIAN_POINT('',(-0.110236220472441,-0.241141732283465,0.192927164965526));
#6224=VERTEX_POINT('',#6223);
#6225=CARTESIAN_POINT('',(0.110236220472441,-0.241141732283465,0.192927164965526));
#6226=DIRECTION('',(-1.0,0.0,0.0));
#6227=VECTOR('',#6226,0.220472440944882);
#6228=LINE('',#6225,#6227);
#6229=EDGE_CURVE('',#6215,#6224,#6228,.T.);
#6230=ORIENTED_EDGE('',*,*,#6229,.T.);
#6231=CARTESIAN_POINT('',(-0.125984251968504,-0.225393700787402,0.192927164965526));
#6232=VERTEX_POINT('',#6231);
#6233=CARTESIAN_POINT('',(-0.110236220472441,-0.225393700787402,0.192927164965526));
#6234=DIRECTION('',(0.0,0.0,1.0));
#6235=DIRECTION('',(-0.707106781186548,-0.707106781186548,0.0));
#6236=AXIS2_PLACEMENT_3D('',#6233,#6234,#6235);
#6237=CIRCLE('',#6236,0.015748031496063);
#6238=EDGE_CURVE('',#6232,#6224,#6237,.T.);
#6239=ORIENTED_EDGE('',*,*,#6238,.F.);
#6240=CARTESIAN_POINT('',(-0.125984251968504,-0.18503937007874,0.192927164965526));
#6241=VERTEX_POINT('',#6240);
#6242=CARTESIAN_POINT('',(-0.125984251968504,-0.18503937007874,0.192927164965526));
#6243=DIRECTION('',(0.0,-1.0,0.0));
#6244=VECTOR('',#6243,0.040354330708662);
#6245=LINE('',#6242,#6244);
#6246=EDGE_CURVE('',#6241,#6232,#6245,.T.);
#6247=ORIENTED_EDGE('',*,*,#6246,.F.);
#6248=CARTESIAN_POINT('',(-0.125984251968504,-0.179133858267717,0.192927164965526));
#6249=VERTEX_POINT('',#6248);
#6250=CARTESIAN_POINT('',(-0.125984251968504,-0.18503937007874,0.192927164965526));
#6251=DIRECTION('',(0.0,1.0,0.0));
#6252=VECTOR('',#6251,0.005905511811023);
#6253=LINE('',#6250,#6252);
#6254=EDGE_CURVE('',#6241,#6249,#6253,.T.);
#6255=ORIENTED_EDGE('',*,*,#6254,.T.);
#6256=CARTESIAN_POINT('',(-0.140662643304572,-0.179133858267717,0.192927164965526));
#6257=VERTEX_POINT('',#6256);
#6258=CARTESIAN_POINT('',(-0.125984251968504,-0.179133858267717,0.192927164965526));
#6259=DIRECTION('',(-1.0,0.0,0.0));
#6260=VECTOR('',#6259,0.014678391336068);
#6261=LINE('',#6258,#6260);
#6262=EDGE_CURVE('',#6249,#6257,#6261,.T.);
#6263=ORIENTED_EDGE('',*,*,#6262,.T.);
#6264=CARTESIAN_POINT('',(-0.156410674800635,-0.163385826771654,0.192927164965526));
#6265=VERTEX_POINT('',#6264);
#6266=CARTESIAN_POINT('',(-0.140662643304572,-0.163385826771654,0.192927164965526));
#6267=DIRECTION('',(0.0,0.0,1.0));
#6268=DIRECTION('',(-0.707106781186547,-0.707106781186548,0.0));
#6269=AXIS2_PLACEMENT_3D('',#6266,#6267,#6268);
#6270=CIRCLE('',#6269,0.015748031496063);
#6271=EDGE_CURVE('',#6265,#6257,#6270,.T.);
#6272=ORIENTED_EDGE('',*,*,#6271,.F.);
#6273=CARTESIAN_POINT('',(-0.156410674800635,-0.047244094488189,0.192927164965526));
#6274=VERTEX_POINT('',#6273);
#6275=CARTESIAN_POINT('',(-0.156410674800635,-0.163385826771654,0.192927164965526));
#6276=DIRECTION('',(0.0,1.0,0.0));
#6277=VECTOR('',#6276,0.116141732283465);
#6278=LINE('',#6275,#6277);
#6279=EDGE_CURVE('',#6265,#6274,#6278,.T.);
#6280=ORIENTED_EDGE('',*,*,#6279,.T.);
#6281=CARTESIAN_POINT('',(-0.156410674800635,0.047244094488189,0.192927164965526));
#6282=VERTEX_POINT('',#6281);
#6283=CARTESIAN_POINT('',(0.063990072813392,-6.086398E-018,0.192927164965526));
#6284=DIRECTION('',(0.0,0.0,-1.0));
#6285=DIRECTION('',(0.977788448246711,0.209594252009185,0.0));
#6286=AXIS2_PLACEMENT_3D('',#6283,#6284,#6285);
#6287=CIRCLE('',#6286,0.225407395648038);
#6288=EDGE_CURVE('',#6274,#6282,#6287,.T.);
#6289=ORIENTED_EDGE('',*,*,#6288,.T.);
#6290=CARTESIAN_POINT('',(-0.156410674800635,0.163385826771654,0.192927164965526));
#6291=VERTEX_POINT('',#6290);
#6292=CARTESIAN_POINT('',(-0.156410674800635,0.047244094488189,0.192927164965526));
#6293=DIRECTION('',(0.0,1.0,0.0));
#6294=VECTOR('',#6293,0.116141732283465);
#6295=LINE('',#6292,#6294);
#6296=EDGE_CURVE('',#6282,#6291,#6295,.T.);
#6297=ORIENTED_EDGE('',*,*,#6296,.T.);
#6298=CARTESIAN_POINT('',(-0.140662643304572,0.179133858267717,0.192927164965526));
#6299=VERTEX_POINT('',#6298);
#6300=CARTESIAN_POINT('',(-0.140662643304572,0.163385826771654,0.192927164965526));
#6301=DIRECTION('',(0.0,0.0,1.0));
#6302=DIRECTION('',(-0.707106781186548,0.707106781186548,0.0));
#6303=AXIS2_PLACEMENT_3D('',#6300,#6301,#6302);
#6304=CIRCLE('',#6303,0.015748031496063);
#6305=EDGE_CURVE('',#6299,#6291,#6304,.T.);
#6306=ORIENTED_EDGE('',*,*,#6305,.F.);
#6307=CARTESIAN_POINT('',(-0.140662643304572,0.179133858267717,0.192927164965526));
#6308=DIRECTION('',(1.0,0.0,0.0));
#6309=VECTOR('',#6308,0.014678391336068);
#6310=LINE('',#6307,#6309);
#6311=EDGE_CURVE('',#6299,#5343,#6310,.T.);
#6312=ORIENTED_EDGE('',*,*,#6311,.T.);
#6313=ORIENTED_EDGE('',*,*,#5348,.T.);
#6314=ORIENTED_EDGE('',*,*,#5200,.F.);
#6315=CARTESIAN_POINT('',(-0.110236220472441,0.241141732283465,0.192927164965526));
#6316=VERTEX_POINT('',#6315);
#6317=CARTESIAN_POINT('',(-0.110236220472441,0.225393700787402,0.192927164965526));
#6318=DIRECTION('',(0.0,0.0,1.0));
#6319=DIRECTION('',(-0.707106781186548,0.707106781186548,0.0));
#6320=AXIS2_PLACEMENT_3D('',#6317,#6318,#6319);
#6321=CIRCLE('',#6320,0.015748031496063);
#6322=EDGE_CURVE('',#6316,#5187,#6321,.T.);
#6323=ORIENTED_EDGE('',*,*,#6322,.F.);
#6324=CARTESIAN_POINT('',(0.110236220472441,0.241141732283465,0.192927164965526));
#6325=VERTEX_POINT('',#6324);
#6326=CARTESIAN_POINT('',(-0.110236220472441,0.241141732283465,0.192927164965526));
#6327=DIRECTION('',(1.0,0.0,0.0));
#6328=VECTOR('',#6327,0.220472440944882);
#6329=LINE('',#6326,#6328);
#6330=EDGE_CURVE('',#6316,#6325,#6329,.T.);
#6331=ORIENTED_EDGE('',*,*,#6330,.T.);
#6332=CARTESIAN_POINT('',(0.110236220472441,0.225393700787402,0.192927164965526));
#6333=DIRECTION('',(0.0,0.0,1.0));
#6334=DIRECTION('',(0.707106781186548,0.707106781186548,0.0));
#6335=AXIS2_PLACEMENT_3D('',#6332,#6333,#6334);
#6336=CIRCLE('',#6335,0.015748031496063);
#6337=EDGE_CURVE('',#5123,#6325,#6336,.T.);
#6338=ORIENTED_EDGE('',*,*,#6337,.F.);
#6339=ORIENTED_EDGE('',*,*,#5128,.F.);
#6340=CARTESIAN_POINT('',(0.125984251968504,0.18503937007874,0.192927164965526));
#6341=DIRECTION('',(0.0,-1.0,0.0));
#6342=VECTOR('',#6341,0.005905511811023);
#6343=LINE('',#6340,#6342);
#6344=EDGE_CURVE('',#5115,#6149,#6343,.T.);
#6345=ORIENTED_EDGE('',*,*,#6344,.T.);
#6346=ORIENTED_EDGE('',*,*,#6154,.T.);
#6347=EDGE_LOOP('',(#6171,#6179,#6188,#6196,#6205,#6211,#6212,#6213,#6222,#6230,#6239,#6247,#6255,#6263,#6272,#6280,#6289,#6297,#6306,#6312,#6313,#6314,#6323,#6331,#6338,#6339,#6345,#6346));
#6348=FACE_OUTER_BOUND('',#6347,.T.);
#6349=CARTESIAN_POINT('',(-0.121990318633494,0.151509406545743,0.192927164965526));
#6350=VERTEX_POINT('',#6349);
#6351=CARTESIAN_POINT('',(-0.108267716535433,0.16712664483408,0.192927164965526));
#6352=VERTEX_POINT('',#6351);
#6353=CARTESIAN_POINT('',(-0.124015748031496,0.16712664483408,0.192927164965526));
#6354=DIRECTION('',(0.0,0.0,1.0));
#6355=DIRECTION('',(-1.0,0.0,0.0));
#6356=AXIS2_PLACEMENT_3D('',#6353,#6354,#6355);
#6357=CIRCLE('',#6356,0.015748031496063);
#6358=EDGE_CURVE('',#6350,#6352,#6357,.T.);
#6359=ORIENTED_EDGE('',*,*,#6358,.F.);
#6360=CARTESIAN_POINT('',(-0.128851619682525,0.143700787401575,0.192927164965526));
#6361=VERTEX_POINT('',#6360);
#6362=CARTESIAN_POINT('',(-0.120977603934493,0.143700787401575,0.192927164965526));
#6363=DIRECTION('',(0.0,0.0,-1.0));
#6364=DIRECTION('',(-0.707106781186547,0.707106781186547,0.0));
#6365=AXIS2_PLACEMENT_3D('',#6362,#6363,#6364);
#6366=CIRCLE('',#6365,0.007874015748031);
#6367=EDGE_CURVE('',#6361,#6350,#6366,.T.);
#6368=ORIENTED_EDGE('',*,*,#6367,.F.);
#6369=CARTESIAN_POINT('',(-0.128851619682525,0.044227225616767,0.192927164965526));
#6370=VERTEX_POINT('',#6369);
#6371=CARTESIAN_POINT('',(-0.128851619682525,0.143700787401575,0.192927164965526));
#6372=DIRECTION('',(0.0,-1.0,0.0));
#6373=VECTOR('',#6372,0.099473561784808);
#6374=LINE('',#6371,#6373);
#6375=EDGE_CURVE('',#6361,#6370,#6374,.T.);
#6376=ORIENTED_EDGE('',*,*,#6375,.T.);
#6377=CARTESIAN_POINT('',(-0.128851619682525,-0.044227225616766,0.192927164965526));
#6378=VERTEX_POINT('',#6377);
#6379=CARTESIAN_POINT('',(0.063990072813392,-6.086398E-018,0.192927164965526));
#6380=DIRECTION('',(0.0,0.0,1.0));
#6381=DIRECTION('',(0.974694515907486,0.223541049160711,0.0));
#6382=AXIS2_PLACEMENT_3D('',#6379,#6380,#6381);
#6383=CIRCLE('',#6382,0.197848340529928);
#6384=EDGE_CURVE('',#6370,#6378,#6383,.T.);
#6385=ORIENTED_EDGE('',*,*,#6384,.T.);
#6386=CARTESIAN_POINT('',(-0.128851619682525,-0.143700787401575,0.192927164965526));
#6387=VERTEX_POINT('',#6386);
#6388=CARTESIAN_POINT('',(-0.128851619682525,-0.044227225616766,0.192927164965526));
#6389=DIRECTION('',(0.0,-1.0,0.0));
#6390=VECTOR('',#6389,0.099473561784809);
#6391=LINE('',#6388,#6390);
#6392=EDGE_CURVE('',#6378,#6387,#6391,.T.);
#6393=ORIENTED_EDGE('',*,*,#6392,.T.);
#6394=CARTESIAN_POINT('',(-0.121990318633494,-0.151509406545743,0.192927164965526));
#6395=VERTEX_POINT('',#6394);
#6396=CARTESIAN_POINT('',(-0.120977603934494,-0.143700787401575,0.192927164965526));
#6397=DIRECTION('',(0.0,0.0,-1.0));
#6398=DIRECTION('',(-0.707106781186547,-0.707106781186547,0.0));
#6399=AXIS2_PLACEMENT_3D('',#6396,#6397,#6398);
#6400=CIRCLE('',#6399,0.007874015748031);
#6401=EDGE_CURVE('',#6395,#6387,#6400,.T.);
#6402=ORIENTED_EDGE('',*,*,#6401,.F.);
#6403=CARTESIAN_POINT('',(-0.108267716535433,-0.167126644834081,0.192927164965526));
#6404=VERTEX_POINT('',#6403);
#6405=CARTESIAN_POINT('',(-0.124015748031496,-0.167126644834081,0.192927164965526));
#6406=DIRECTION('',(0.0,0.0,1.0));
#6407=DIRECTION('',(-1.0,0.0,0.0));
#6408=AXIS2_PLACEMENT_3D('',#6405,#6406,#6407);
#6409=CIRCLE('',#6408,0.015748031496063);
#6410=EDGE_CURVE('',#6404,#6395,#6409,.T.);
#6411=ORIENTED_EDGE('',*,*,#6410,.F.);
#6412=CARTESIAN_POINT('',(-0.108267716535433,-0.215551181102362,0.192927164965526));
#6413=VERTEX_POINT('',#6412);
#6414=CARTESIAN_POINT('',(-0.108267716535433,-0.167126644834081,0.192927164965526));
#6415=DIRECTION('',(0.0,-1.0,0.0));
#6416=VECTOR('',#6415,0.048424536268281);
#6417=LINE('',#6414,#6416);
#6418=EDGE_CURVE('',#6404,#6413,#6417,.T.);
#6419=ORIENTED_EDGE('',*,*,#6418,.T.);
#6420=CARTESIAN_POINT('',(-0.100393700787401,-0.223425196850394,0.192927164965526));
#6421=VERTEX_POINT('',#6420);
#6422=CARTESIAN_POINT('',(-0.100393700787401,-0.215551181102362,0.192927164965526));
#6423=DIRECTION('',(0.0,0.0,-1.0));
#6424=DIRECTION('',(-0.707106781186547,-0.707106781186547,0.0));
#6425=AXIS2_PLACEMENT_3D('',#6422,#6423,#6424);
#6426=CIRCLE('',#6425,0.007874015748031);
#6427=EDGE_CURVE('',#6421,#6413,#6426,.T.);
#6428=ORIENTED_EDGE('',*,*,#6427,.F.);
#6429=CARTESIAN_POINT('',(0.100393700787401,-0.223425196850394,0.192927164965526));
#6430=VERTEX_POINT('',#6429);
#6431=CARTESIAN_POINT('',(-0.100393700787401,-0.223425196850394,0.192927164965526));
#6432=DIRECTION('',(1.0,0.0,0.0));
#6433=VECTOR('',#6432,0.200787401574802);
#6434=LINE('',#6431,#6433);
#6435=EDGE_CURVE('',#6421,#6430,#6434,.T.);
#6436=ORIENTED_EDGE('',*,*,#6435,.T.);
#6437=CARTESIAN_POINT('',(0.108267716535433,-0.215551181102362,0.192927164965526));
#6438=VERTEX_POINT('',#6437);
#6439=CARTESIAN_POINT('',(0.100393700787401,-0.215551181102362,0.192927164965526));
#6440=DIRECTION('',(0.0,0.0,-1.0));
#6441=DIRECTION('',(0.707106781186547,-0.707106781186547,0.0));
#6442=AXIS2_PLACEMENT_3D('',#6439,#6440,#6441);
#6443=CIRCLE('',#6442,0.007874015748031);
#6444=EDGE_CURVE('',#6438,#6430,#6443,.T.);
#6445=ORIENTED_EDGE('',*,*,#6444,.F.);
#6446=CARTESIAN_POINT('',(0.108267716535433,-0.16712664483408,0.192927164965526));
#6447=VERTEX_POINT('',#6446);
#6448=CARTESIAN_POINT('',(0.108267716535433,-0.215551181102362,0.192927164965526));
#6449=DIRECTION('',(0.0,1.0,0.0));
#6450=VECTOR('',#6449,0.048424536268282);
#6451=LINE('',#6448,#6450);
#6452=EDGE_CURVE('',#6438,#6447,#6451,.T.);
#6453=ORIENTED_EDGE('',*,*,#6452,.T.);
#6454=CARTESIAN_POINT('',(0.121990318633494,-0.151509406545743,0.192927164965526));
#6455=VERTEX_POINT('',#6454);
#6456=CARTESIAN_POINT('',(0.124015748031496,-0.16712664483408,0.192927164965526));
#6457=DIRECTION('',(0.0,0.0,1.0));
#6458=DIRECTION('',(1.0,0.0,0.0));
#6459=AXIS2_PLACEMENT_3D('',#6456,#6457,#6458);
#6460=CIRCLE('',#6459,0.015748031496063);
#6461=EDGE_CURVE('',#6455,#6447,#6460,.T.);
#6462=ORIENTED_EDGE('',*,*,#6461,.F.);
#6463=CARTESIAN_POINT('',(0.128851619682525,-0.143700787401575,0.192927164965526));
#6464=VERTEX_POINT('',#6463);
#6465=CARTESIAN_POINT('',(0.120977603934493,-0.143700787401575,0.192927164965526));
#6466=DIRECTION('',(0.0,0.0,-1.0));
#6467=DIRECTION('',(0.707106781186547,-0.707106781186547,0.0));
#6468=AXIS2_PLACEMENT_3D('',#6465,#6466,#6467);
#6469=CIRCLE('',#6468,0.007874015748031);
#6470=EDGE_CURVE('',#6464,#6455,#6469,.T.);
#6471=ORIENTED_EDGE('',*,*,#6470,.F.);
#6472=CARTESIAN_POINT('',(0.128851619682525,-0.044227225616767,0.192927164965526));
#6473=VERTEX_POINT('',#6472);
#6474=CARTESIAN_POINT('',(0.128851619682525,-0.143700787401575,0.192927164965526));
#6475=DIRECTION('',(0.0,1.0,0.0));
#6476=VECTOR('',#6475,0.099473561784808);
#6477=LINE('',#6474,#6476);
#6478=EDGE_CURVE('',#6464,#6473,#6477,.T.);
#6479=ORIENTED_EDGE('',*,*,#6478,.T.);
#6480=CARTESIAN_POINT('',(0.128851619682525,0.044227225616767,0.192927164965526));
#6481=VERTEX_POINT('',#6480);
#6482=CARTESIAN_POINT('',(-0.063990072813392,-6.086398E-018,0.192927164965526));
#6483=DIRECTION('',(0.0,0.0,1.0));
#6484=DIRECTION('',(-0.974694515907485,-0.223541049160716,0.0));
#6485=AXIS2_PLACEMENT_3D('',#6482,#6483,#6484);
#6486=CIRCLE('',#6485,0.197848340529928);
#6487=EDGE_CURVE('',#6473,#6481,#6486,.T.);
#6488=ORIENTED_EDGE('',*,*,#6487,.T.);
#6489=CARTESIAN_POINT('',(0.128851619682525,0.143700787401575,0.192927164965526));
#6490=VERTEX_POINT('',#6489);
#6491=CARTESIAN_POINT('',(0.128851619682525,0.044227225616767,0.192927164965526));
#6492=DIRECTION('',(0.0,1.0,0.0));
#6493=VECTOR('',#6492,0.099473561784808);
#6494=LINE('',#6491,#6493);
#6495=EDGE_CURVE('',#6481,#6490,#6494,.T.);
#6496=ORIENTED_EDGE('',*,*,#6495,.T.);
#6497=CARTESIAN_POINT('',(0.121990318633494,0.151509406545743,0.192927164965526));
#6498=VERTEX_POINT('',#6497);
#6499=CARTESIAN_POINT('',(0.120977603934493,0.143700787401575,0.192927164965526));
#6500=DIRECTION('',(0.0,0.0,-1.0));
#6501=DIRECTION('',(0.707106781186547,0.707106781186547,0.0));
#6502=AXIS2_PLACEMENT_3D('',#6499,#6500,#6501);
#6503=CIRCLE('',#6502,0.007874015748031);
#6504=EDGE_CURVE('',#6498,#6490,#6503,.T.);
#6505=ORIENTED_EDGE('',*,*,#6504,.F.);
#6506=CARTESIAN_POINT('',(0.108267716535433,0.16712664483408,0.192927164965526));
#6507=VERTEX_POINT('',#6506);
#6508=CARTESIAN_POINT('',(0.124015748031496,0.16712664483408,0.192927164965526));
#6509=DIRECTION('',(0.0,0.0,1.0));
#6510=DIRECTION('',(1.0,0.0,0.0));
#6511=AXIS2_PLACEMENT_3D('',#6508,#6509,#6510);
#6512=CIRCLE('',#6511,0.015748031496063);
#6513=EDGE_CURVE('',#6507,#6498,#6512,.T.);
#6514=ORIENTED_EDGE('',*,*,#6513,.F.);
#6515=CARTESIAN_POINT('',(0.108267716535433,0.215551181102362,0.192927164965526));
#6516=VERTEX_POINT('',#6515);
#6517=CARTESIAN_POINT('',(0.108267716535433,0.16712664483408,0.192927164965526));
#6518=DIRECTION('',(0.0,1.0,0.0));
#6519=VECTOR('',#6518,0.048424536268282);
#6520=LINE('',#6517,#6519);
#6521=EDGE_CURVE('',#6507,#6516,#6520,.T.);
#6522=ORIENTED_EDGE('',*,*,#6521,.T.);
#6523=CARTESIAN_POINT('',(0.100393700787401,0.223425196850394,0.192927164965526));
#6524=VERTEX_POINT('',#6523);
#6525=CARTESIAN_POINT('',(0.100393700787401,0.215551181102362,0.192927164965526));
#6526=DIRECTION('',(0.0,0.0,-1.0));
#6527=DIRECTION('',(0.707106781186547,0.707106781186547,0.0));
#6528=AXIS2_PLACEMENT_3D('',#6525,#6526,#6527);
#6529=CIRCLE('',#6528,0.007874015748031);
#6530=EDGE_CURVE('',#6524,#6516,#6529,.T.);
#6531=ORIENTED_EDGE('',*,*,#6530,.F.);
#6532=CARTESIAN_POINT('',(-0.100393700787401,0.223425196850394,0.192927164965526));
#6533=VERTEX_POINT('',#6532);
#6534=CARTESIAN_POINT('',(0.100393700787401,0.223425196850394,0.192927164965526));
#6535=DIRECTION('',(-1.0,0.0,0.0));
#6536=VECTOR('',#6535,0.200787401574802);
#6537=LINE('',#6534,#6536);
#6538=EDGE_CURVE('',#6524,#6533,#6537,.T.);
#6539=ORIENTED_EDGE('',*,*,#6538,.T.);
#6540=CARTESIAN_POINT('',(-0.108267716535433,0.215551181102362,0.192927164965526));
#6541=VERTEX_POINT('',#6540);
#6542=CARTESIAN_POINT('',(-0.100393700787401,0.215551181102362,0.192927164965526));
#6543=DIRECTION('',(0.0,0.0,-1.0));
#6544=DIRECTION('',(-0.707106781186547,0.707106781186547,0.0));
#6545=AXIS2_PLACEMENT_3D('',#6542,#6543,#6544);
#6546=CIRCLE('',#6545,0.007874015748031);
#6547=EDGE_CURVE('',#6541,#6533,#6546,.T.);
#6548=ORIENTED_EDGE('',*,*,#6547,.F.);
#6549=CARTESIAN_POINT('',(-0.108267716535433,0.215551181102362,0.192927164965526));
#6550=DIRECTION('',(0.0,-1.0,0.0));
#6551=VECTOR('',#6550,0.048424536268282);
#6552=LINE('',#6549,#6551);
#6553=EDGE_CURVE('',#6541,#6352,#6552,.T.);
#6554=ORIENTED_EDGE('',*,*,#6553,.T.);
#6555=EDGE_LOOP('',(#6359,#6368,#6376,#6385,#6393,#6402,#6411,#6419,#6428,#6436,#6445,#6453,#6462,#6471,#6479,#6488,#6496,#6505,#6514,#6522,#6531,#6539,#6548,#6554));
#6556=FACE_BOUND('',#6555,.T.);
#6557=ADVANCED_FACE('',(#6348,#6556),#6170,.T.);
#6558=CARTESIAN_POINT('',(0.140662643304572,-0.163385826771654,0.177179133469463));
#6559=DIRECTION('',(0.0,0.0,1.0));
#6560=DIRECTION('',(-0.707106781186547,0.707106781186548,0.0));
#6561=AXIS2_PLACEMENT_3D('',#6558,#6559,#6560);
#6562=CYLINDRICAL_SURFACE('',#6561,0.015748031496063);
#6563=ORIENTED_EDGE('',*,*,#6204,.T.);
#6564=CARTESIAN_POINT('',(0.156410674800635,-0.163385826771654,0.192927164965526));
#6565=DIRECTION('',(0.0,0.0,1.0));
#6566=VECTOR('',#6565,0.31496062992126);
#6567=LINE('',#6564,#6566);
#6568=EDGE_CURVE('',#6190,#5654,#6567,.T.);
#6569=ORIENTED_EDGE('',*,*,#6568,.T.);
#6570=ORIENTED_EDGE('',*,*,#5660,.T.);
#6571=CARTESIAN_POINT('',(0.140662643304572,-0.179133858267717,0.507887794886786));
#6572=DIRECTION('',(0.0,0.0,-1.0));
#6573=VECTOR('',#6572,0.31496062992126);
#6574=LINE('',#6571,#6573);
#6575=EDGE_CURVE('',#5646,#6198,#6574,.T.);
#6576=ORIENTED_EDGE('',*,*,#6575,.T.);
#6577=EDGE_LOOP('',(#6563,#6569,#6570,#6576));
#6578=FACE_OUTER_BOUND('',#6577,.T.);
#6579=ADVANCED_FACE('',(#6578),#6562,.T.);
#6580=CARTESIAN_POINT('',(0.156410674800635,-0.169192913385827,0.177179133469463));
#6581=DIRECTION('',(-1.0,0.0,0.0));
#6582=DIRECTION('',(0.0,0.0,1.0));
#6583=AXIS2_PLACEMENT_3D('',#6580,#6581,#6582);
#6584=PLANE('',#6583);
#6585=ORIENTED_EDGE('',*,*,#6568,.F.);
#6586=ORIENTED_EDGE('',*,*,#6195,.F.);
#6587=CARTESIAN_POINT('',(0.156410674800635,-0.047244094488189,0.192927164965526));
#6588=DIRECTION('',(0.0,0.0,1.0));
#6589=VECTOR('',#6588,0.31496062992126);
#6590=LINE('',#6587,#6589);
#6591=EDGE_CURVE('',#6181,#5663,#6590,.T.);
#6592=ORIENTED_EDGE('',*,*,#6591,.T.);
#6593=ORIENTED_EDGE('',*,*,#5668,.F.);
#6594=EDGE_LOOP('',(#6585,#6586,#6592,#6593));
#6595=FACE_OUTER_BOUND('',#6594,.T.);
#6596=ADVANCED_FACE('',(#6595),#6584,.F.);
#6597=CARTESIAN_POINT('',(-0.110236220472441,-0.225393700787402,0.181706692524581));
#6598=DIRECTION('',(0.0,0.0,1.0));
#6599=DIRECTION('',(0.707106781186547,0.707106781186548,0.0));
#6600=AXIS2_PLACEMENT_3D('',#6597,#6598,#6599);
#6601=CYLINDRICAL_SURFACE('',#6600,0.015748031496063);
#6602=ORIENTED_EDGE('',*,*,#4295,.T.);
#6603=CARTESIAN_POINT('',(-0.125984251968504,-0.225393700787402,0.192927164965526));
#6604=DIRECTION('',(0.0,0.0,1.0));
#6605=VECTOR('',#6604,0.224409448818898);
#6606=LINE('',#6603,#6605);
#6607=EDGE_CURVE('',#6232,#4289,#6606,.T.);
#6608=ORIENTED_EDGE('',*,*,#6607,.F.);
#6609=ORIENTED_EDGE('',*,*,#6238,.T.);
#6610=CARTESIAN_POINT('',(-0.110236220472441,-0.241141732283465,0.192927164965526));
#6611=DIRECTION('',(0.0,0.0,1.0));
#6612=VECTOR('',#6611,0.224409448818898);
#6613=LINE('',#6610,#6612);
#6614=EDGE_CURVE('',#6224,#4287,#6613,.T.);
#6615=ORIENTED_EDGE('',*,*,#6614,.T.);
#6616=EDGE_LOOP('',(#6602,#6608,#6609,#6615));
#6617=FACE_OUTER_BOUND('',#6616,.T.);
#6618=ADVANCED_FACE('',(#6617),#6601,.T.);
#6619=CARTESIAN_POINT('',(0.121259842519685,-0.241141732283465,0.181706692524581));
#6620=DIRECTION('',(0.0,-1.0,0.0));
#6621=DIRECTION('',(0.0,0.0,-1.0));
#6622=AXIS2_PLACEMENT_3D('',#6619,#6620,#6621);
#6623=PLANE('',#6622);
#6624=ORIENTED_EDGE('',*,*,#6614,.F.);
#6625=ORIENTED_EDGE('',*,*,#6229,.F.);
#6626=CARTESIAN_POINT('',(0.110236220472441,-0.241141732283465,0.417336613784424));
#6627=DIRECTION('',(0.0,0.0,-1.0));
#6628=VECTOR('',#6627,0.224409448818898);
#6629=LINE('',#6626,#6628);
#6630=EDGE_CURVE('',#4298,#6215,#6629,.T.);
#6631=ORIENTED_EDGE('',*,*,#6630,.F.);
#6632=ORIENTED_EDGE('',*,*,#4303,.T.);
#6633=EDGE_LOOP('',(#6624,#6625,#6631,#6632));
#6634=FACE_OUTER_BOUND('',#6633,.T.);
#6635=ADVANCED_FACE('',(#6634),#6623,.T.);
#6636=CARTESIAN_POINT('',(-0.140662643304572,-0.163385826771654,0.177179133469463));
#6637=DIRECTION('',(0.0,0.0,1.0));
#6638=DIRECTION('',(0.707106781186548,0.707106781186547,0.0));
#6639=AXIS2_PLACEMENT_3D('',#6636,#6637,#6638);
#6640=CYLINDRICAL_SURFACE('',#6639,0.015748031496063);
#6641=ORIENTED_EDGE('',*,*,#6271,.T.);
#6642=CARTESIAN_POINT('',(-0.140662643304572,-0.179133858267717,0.192927164965526));
#6643=DIRECTION('',(0.0,0.0,1.0));
#6644=VECTOR('',#6643,0.31496062992126);
#6645=LINE('',#6642,#6644);
#6646=EDGE_CURVE('',#6257,#5816,#6645,.T.);
#6647=ORIENTED_EDGE('',*,*,#6646,.T.);
#6648=ORIENTED_EDGE('',*,*,#5822,.T.);
#6649=CARTESIAN_POINT('',(-0.156410674800635,-0.163385826771654,0.507887794886786));
#6650=DIRECTION('',(0.0,0.0,-1.0));
#6651=VECTOR('',#6650,0.31496062992126);
#6652=LINE('',#6649,#6651);
#6653=EDGE_CURVE('',#5808,#6265,#6652,.T.);
#6654=ORIENTED_EDGE('',*,*,#6653,.T.);
#6655=EDGE_LOOP('',(#6641,#6647,#6648,#6654));
#6656=FACE_OUTER_BOUND('',#6655,.T.);
#6657=ADVANCED_FACE('',(#6656),#6640,.T.);
#6658=CARTESIAN_POINT('',(-0.125250332401701,-0.179133858267717,0.523635826382849));
#6659=DIRECTION('',(0.0,1.0,0.0));
#6660=DIRECTION('',(0.0,0.0,1.0));
#6661=AXIS2_PLACEMENT_3D('',#6658,#6659,#6660);
#6662=PLANE('',#6661);
#6663=ORIENTED_EDGE('',*,*,#6646,.F.);
#6664=ORIENTED_EDGE('',*,*,#6262,.F.);
#6665=CARTESIAN_POINT('',(-0.125984251968504,-0.179133858267717,0.192927164965526));
#6666=DIRECTION('',(0.0,0.0,1.0));
#6667=VECTOR('',#6666,0.31496062992126);
#6668=LINE('',#6665,#6667);
#6669=EDGE_CURVE('',#6249,#5825,#6668,.T.);
#6670=ORIENTED_EDGE('',*,*,#6669,.T.);
#6671=ORIENTED_EDGE('',*,*,#5830,.F.);
#6672=EDGE_LOOP('',(#6663,#6664,#6670,#6671));
#6673=FACE_OUTER_BOUND('',#6672,.T.);
#6674=ADVANCED_FACE('',(#6673),#6662,.F.);
#6675=CARTESIAN_POINT('',(-0.140662643304572,0.163385826771654,0.177179133469463));
#6676=DIRECTION('',(0.0,0.0,1.0));
#6677=DIRECTION('',(0.707106781186547,-0.707106781186548,0.0));
#6678=AXIS2_PLACEMENT_3D('',#6675,#6676,#6677);
#6679=CYLINDRICAL_SURFACE('',#6678,0.015748031496063);
#6680=ORIENTED_EDGE('',*,*,#6305,.T.);
#6681=CARTESIAN_POINT('',(-0.156410674800635,0.163385826771654,0.192927164965526));
#6682=DIRECTION('',(0.0,0.0,1.0));
#6683=VECTOR('',#6682,0.31496062992126);
#6684=LINE('',#6681,#6683);
#6685=EDGE_CURVE('',#6291,#5782,#6684,.T.);
#6686=ORIENTED_EDGE('',*,*,#6685,.T.);
#6687=ORIENTED_EDGE('',*,*,#5788,.T.);
#6688=CARTESIAN_POINT('',(-0.140662643304572,0.179133858267717,0.507887794886786));
#6689=DIRECTION('',(0.0,0.0,-1.0));
#6690=VECTOR('',#6689,0.31496062992126);
#6691=LINE('',#6688,#6690);
#6692=EDGE_CURVE('',#5774,#6299,#6691,.T.);
#6693=ORIENTED_EDGE('',*,*,#6692,.T.);
#6694=EDGE_LOOP('',(#6680,#6686,#6687,#6693));
#6695=FACE_OUTER_BOUND('',#6694,.T.);
#6696=ADVANCED_FACE('',(#6695),#6679,.T.);
#6697=CARTESIAN_POINT('',(-0.156410674800635,0.041437007874016,0.523635826382849));
#6698=DIRECTION('',(1.0,0.0,0.0));
#6699=DIRECTION('',(0.0,0.0,-1.0));
#6700=AXIS2_PLACEMENT_3D('',#6697,#6698,#6699);
#6701=PLANE('',#6700);
#6702=ORIENTED_EDGE('',*,*,#6685,.F.);
#6703=ORIENTED_EDGE('',*,*,#6296,.F.);
#6704=CARTESIAN_POINT('',(-0.156410674800635,0.047244094488189,0.192927164965526));
#6705=DIRECTION('',(0.0,0.0,1.0));
#6706=VECTOR('',#6705,0.31496062992126);
#6707=LINE('',#6704,#6706);
#6708=EDGE_CURVE('',#6282,#5791,#6707,.T.);
#6709=ORIENTED_EDGE('',*,*,#6708,.T.);
#6710=ORIENTED_EDGE('',*,*,#5796,.F.);
#6711=EDGE_LOOP('',(#6702,#6703,#6709,#6710));
#6712=FACE_OUTER_BOUND('',#6711,.T.);
#6713=ADVANCED_FACE('',(#6712),#6701,.F.);
#6714=CARTESIAN_POINT('',(0.110236220472441,-0.225393700787402,0.181706692524581));
#6715=DIRECTION('',(0.0,0.0,1.0));
#6716=DIRECTION('',(-0.707106781186547,0.707106781186548,0.0));
#6717=AXIS2_PLACEMENT_3D('',#6714,#6715,#6716);
#6718=CYLINDRICAL_SURFACE('',#6717,0.015748031496063);
#6719=ORIENTED_EDGE('',*,*,#4312,.T.);
#6720=ORIENTED_EDGE('',*,*,#6630,.T.);
#6721=ORIENTED_EDGE('',*,*,#6221,.T.);
#6722=ORIENTED_EDGE('',*,*,#4595,.T.);
#6723=EDGE_LOOP('',(#6719,#6720,#6721,#6722));
#6724=FACE_OUTER_BOUND('',#6723,.T.);
#6725=ADVANCED_FACE('',(#6724),#6718,.T.);
#6726=CARTESIAN_POINT('',(-0.124015748031496,0.16712664483408,0.399620078351353));
#6727=DIRECTION('',(0.0,0.0,-1.0));
#6728=DIRECTION('',(-1.0,0.0,0.0));
#6729=AXIS2_PLACEMENT_3D('',#6726,#6727,#6728);
#6730=CYLINDRICAL_SURFACE('',#6729,0.015748031496063);
#6731=CARTESIAN_POINT('',(-0.108267716535433,0.16712664483408,0.389777558666314));
#6732=VERTEX_POINT('',#6731);
#6733=CARTESIAN_POINT('',(-0.121990318633494,0.151509406545743,0.389777558666314));
#6734=VERTEX_POINT('',#6733);
#6735=CARTESIAN_POINT('',(-0.124015748031496,0.16712664483408,0.389777558666314));
#6736=DIRECTION('',(0.0,0.0,-1.0));
#6737=DIRECTION('',(-1.0,0.0,0.0));
#6738=AXIS2_PLACEMENT_3D('',#6735,#6736,#6737);
#6739=CIRCLE('',#6738,0.015748031496063);
#6740=EDGE_CURVE('',#6732,#6734,#6739,.T.);
#6741=ORIENTED_EDGE('',*,*,#6740,.T.);
#6742=CARTESIAN_POINT('',(-0.121990318633494,0.151509406545743,0.389777558666314));
#6743=DIRECTION('',(0.0,0.0,-1.0));
#6744=VECTOR('',#6743,0.196850393700788);
#6745=LINE('',#6742,#6744);
#6746=EDGE_CURVE('',#6734,#6350,#6745,.T.);
#6747=ORIENTED_EDGE('',*,*,#6746,.T.);
#6748=ORIENTED_EDGE('',*,*,#6358,.T.);
#6749=CARTESIAN_POINT('',(-0.108267716535433,0.16712664483408,0.192927164965526));
#6750=DIRECTION('',(0.0,0.0,1.0));
#6751=VECTOR('',#6750,0.196850393700788);
#6752=LINE('',#6749,#6751);
#6753=EDGE_CURVE('',#6352,#6732,#6752,.T.);
#6754=ORIENTED_EDGE('',*,*,#6753,.T.);
#6755=EDGE_LOOP('',(#6741,#6747,#6748,#6754));
#6756=FACE_OUTER_BOUND('',#6755,.T.);
#6757=ADVANCED_FACE('',(#6756),#6730,.T.);
#6758=CARTESIAN_POINT('',(-0.108267716535433,0.164705418020666,0.183084645280487));
#6759=DIRECTION('',(-1.0,0.0,0.0));
#6760=DIRECTION('',(0.0,0.0,1.0));
#6761=AXIS2_PLACEMENT_3D('',#6758,#6759,#6760);
#6762=PLANE('',#6761);
#6763=ORIENTED_EDGE('',*,*,#6753,.F.);
#6764=ORIENTED_EDGE('',*,*,#6553,.F.);
#6765=CARTESIAN_POINT('',(-0.108267716535433,0.215551181102362,0.389777558666314));
#6766=VERTEX_POINT('',#6765);
#6767=CARTESIAN_POINT('',(-0.108267716535433,0.215551181102362,0.389777558666314));
#6768=DIRECTION('',(0.0,0.0,-1.0));
#6769=VECTOR('',#6768,0.196850393700788);
#6770=LINE('',#6767,#6769);
#6771=EDGE_CURVE('',#6766,#6541,#6770,.T.);
#6772=ORIENTED_EDGE('',*,*,#6771,.F.);
#6773=CARTESIAN_POINT('',(-0.108267716535433,0.16712664483408,0.389777558666314));
#6774=DIRECTION('',(0.0,1.0,0.0));
#6775=VECTOR('',#6774,0.048424536268282);
#6776=LINE('',#6773,#6775);
#6777=EDGE_CURVE('',#6732,#6766,#6776,.T.);
#6778=ORIENTED_EDGE('',*,*,#6777,.F.);
#6779=EDGE_LOOP('',(#6763,#6764,#6772,#6778));
#6780=FACE_OUTER_BOUND('',#6779,.T.);
#6781=ADVANCED_FACE('',(#6780),#6762,.F.);
#6782=CARTESIAN_POINT('',(0.124015748031496,0.16712664483408,0.183084645280487));
#6783=DIRECTION('',(0.0,0.0,1.0));
#6784=DIRECTION('',(1.0,0.0,0.0));
#6785=AXIS2_PLACEMENT_3D('',#6782,#6783,#6784);
#6786=CYLINDRICAL_SURFACE('',#6785,0.015748031496063);
#6787=ORIENTED_EDGE('',*,*,#6513,.T.);
#6788=CARTESIAN_POINT('',(0.121990318633494,0.151509406545743,0.389777558666314));
#6789=VERTEX_POINT('',#6788);
#6790=CARTESIAN_POINT('',(0.121990318633494,0.151509406545743,0.192927164965526));
#6791=DIRECTION('',(0.0,0.0,1.0));
#6792=VECTOR('',#6791,0.196850393700788);
#6793=LINE('',#6790,#6792);
#6794=EDGE_CURVE('',#6498,#6789,#6793,.T.);
#6795=ORIENTED_EDGE('',*,*,#6794,.T.);
#6796=CARTESIAN_POINT('',(0.108267716535433,0.16712664483408,0.389777558666314));
#6797=VERTEX_POINT('',#6796);
#6798=CARTESIAN_POINT('',(0.124015748031496,0.16712664483408,0.389777558666314));
#6799=DIRECTION('',(0.0,0.0,-1.0));
#6800=DIRECTION('',(1.0,0.0,0.0));
#6801=AXIS2_PLACEMENT_3D('',#6798,#6799,#6800);
#6802=CIRCLE('',#6801,0.015748031496063);
#6803=EDGE_CURVE('',#6789,#6797,#6802,.T.);
#6804=ORIENTED_EDGE('',*,*,#6803,.T.);
#6805=CARTESIAN_POINT('',(0.108267716535433,0.16712664483408,0.389777558666314));
#6806=DIRECTION('',(0.0,0.0,-1.0));
#6807=VECTOR('',#6806,0.196850393700788);
#6808=LINE('',#6805,#6807);
#6809=EDGE_CURVE('',#6797,#6507,#6808,.T.);
#6810=ORIENTED_EDGE('',*,*,#6809,.T.);
#6811=EDGE_LOOP('',(#6787,#6795,#6804,#6810));
#6812=FACE_OUTER_BOUND('',#6811,.T.);
#6813=ADVANCED_FACE('',(#6812),#6786,.T.);
#6814=CARTESIAN_POINT('',(0.120977603934493,0.143700787401575,0.183084645280487));
#6815=DIRECTION('',(0.0,0.0,1.0));
#6816=DIRECTION('',(-0.75120395591781,-0.660070160371935,0.0));
#6817=AXIS2_PLACEMENT_3D('',#6814,#6815,#6816);
#6818=CYLINDRICAL_SURFACE('',#6817,0.007874015748031);
#6819=ORIENTED_EDGE('',*,*,#6794,.F.);
#6820=ORIENTED_EDGE('',*,*,#6504,.T.);
#6821=CARTESIAN_POINT('',(0.128851619682525,0.143700787401575,0.389777558666314));
#6822=VERTEX_POINT('',#6821);
#6823=CARTESIAN_POINT('',(0.128851619682525,0.143700787401575,0.192927164965526));
#6824=DIRECTION('',(0.0,0.0,1.0));
#6825=VECTOR('',#6824,0.196850393700788);
#6826=LINE('',#6823,#6825);
#6827=EDGE_CURVE('',#6490,#6822,#6826,.T.);
#6828=ORIENTED_EDGE('',*,*,#6827,.T.);
#6829=CARTESIAN_POINT('',(0.120977603934493,0.143700787401575,0.389777558666314));
#6830=DIRECTION('',(0.0,0.0,-1.0));
#6831=DIRECTION('',(0.707106781186547,0.707106781186547,0.0));
#6832=AXIS2_PLACEMENT_3D('',#6829,#6830,#6831);
#6833=CIRCLE('',#6832,0.007874015748031);
#6834=EDGE_CURVE('',#6789,#6822,#6833,.T.);
#6835=ORIENTED_EDGE('',*,*,#6834,.F.);
#6836=EDGE_LOOP('',(#6819,#6820,#6828,#6835));
#6837=FACE_OUTER_BOUND('',#6836,.T.);
#6838=ADVANCED_FACE('',(#6837),#6818,.F.);
#6839=CARTESIAN_POINT('',(0.124015748031496,-0.16712664483408,0.399620078351353));
#6840=DIRECTION('',(0.0,0.0,-1.0));
#6841=DIRECTION('',(1.0,0.0,0.0));
#6842=AXIS2_PLACEMENT_3D('',#6839,#6840,#6841);
#6843=CYLINDRICAL_SURFACE('',#6842,0.015748031496063);
#6844=CARTESIAN_POINT('',(0.108267716535433,-0.16712664483408,0.389777558666314));
#6845=VERTEX_POINT('',#6844);
#6846=CARTESIAN_POINT('',(0.121990318633494,-0.151509406545743,0.389777558666314));
#6847=VERTEX_POINT('',#6846);
#6848=CARTESIAN_POINT('',(0.124015748031496,-0.16712664483408,0.389777558666314));
#6849=DIRECTION('',(0.0,0.0,-1.0));
#6850=DIRECTION('',(1.0,0.0,0.0));
#6851=AXIS2_PLACEMENT_3D('',#6848,#6849,#6850);
#6852=CIRCLE('',#6851,0.015748031496063);
#6853=EDGE_CURVE('',#6845,#6847,#6852,.T.);
#6854=ORIENTED_EDGE('',*,*,#6853,.T.);
#6855=CARTESIAN_POINT('',(0.121990318633494,-0.151509406545743,0.389777558666314));
#6856=DIRECTION('',(0.0,0.0,-1.0));
#6857=VECTOR('',#6856,0.196850393700788);
#6858=LINE('',#6855,#6857);
#6859=EDGE_CURVE('',#6847,#6455,#6858,.T.);
#6860=ORIENTED_EDGE('',*,*,#6859,.T.);
#6861=ORIENTED_EDGE('',*,*,#6461,.T.);
#6862=CARTESIAN_POINT('',(0.108267716535433,-0.16712664483408,0.192927164965526));
#6863=DIRECTION('',(0.0,0.0,1.0));
#6864=VECTOR('',#6863,0.196850393700788);
#6865=LINE('',#6862,#6864);
#6866=EDGE_CURVE('',#6447,#6845,#6865,.T.);
#6867=ORIENTED_EDGE('',*,*,#6866,.T.);
#6868=EDGE_LOOP('',(#6854,#6860,#6861,#6867));
#6869=FACE_OUTER_BOUND('',#6868,.T.);
#6870=ADVANCED_FACE('',(#6869),#6843,.T.);
#6871=CARTESIAN_POINT('',(0.108267716535433,-0.217972407915776,0.399620078351353));
#6872=DIRECTION('',(1.0,0.0,0.0));
#6873=DIRECTION('',(0.0,0.0,-1.0));
#6874=AXIS2_PLACEMENT_3D('',#6871,#6872,#6873);
#6875=PLANE('',#6874);
#6876=ORIENTED_EDGE('',*,*,#6866,.F.);
#6877=ORIENTED_EDGE('',*,*,#6452,.F.);
#6878=CARTESIAN_POINT('',(0.108267716535433,-0.215551181102362,0.389777558666314));
#6879=VERTEX_POINT('',#6878);
#6880=CARTESIAN_POINT('',(0.108267716535433,-0.215551181102362,0.389777558666314));
#6881=DIRECTION('',(0.0,0.0,-1.0));
#6882=VECTOR('',#6881,0.196850393700788);
#6883=LINE('',#6880,#6882);
#6884=EDGE_CURVE('',#6879,#6438,#6883,.T.);
#6885=ORIENTED_EDGE('',*,*,#6884,.F.);
#6886=CARTESIAN_POINT('',(0.108267716535433,-0.16712664483408,0.389777558666314));
#6887=DIRECTION('',(0.0,-1.0,0.0));
#6888=VECTOR('',#6887,0.048424536268282);
#6889=LINE('',#6886,#6888);
#6890=EDGE_CURVE('',#6845,#6879,#6889,.T.);
#6891=ORIENTED_EDGE('',*,*,#6890,.F.);
#6892=EDGE_LOOP('',(#6876,#6877,#6885,#6891));
#6893=FACE_OUTER_BOUND('',#6892,.T.);
#6894=ADVANCED_FACE('',(#6893),#6875,.F.);
#6895=CARTESIAN_POINT('',(0.120977603934493,-0.143700787401575,0.183084645280487));
#6896=DIRECTION('',(0.0,0.0,1.0));
#6897=DIRECTION('',(-0.75120395591781,0.660070160371936,0.0));
#6898=AXIS2_PLACEMENT_3D('',#6895,#6896,#6897);
#6899=CYLINDRICAL_SURFACE('',#6898,0.007874015748031);
#6900=ORIENTED_EDGE('',*,*,#6859,.F.);
#6901=CARTESIAN_POINT('',(0.128851619682525,-0.143700787401575,0.389777558666314));
#6902=VERTEX_POINT('',#6901);
#6903=CARTESIAN_POINT('',(0.120977603934493,-0.143700787401575,0.389777558666314));
#6904=DIRECTION('',(0.0,0.0,-1.0));
#6905=DIRECTION('',(0.707106781186547,-0.707106781186547,0.0));
#6906=AXIS2_PLACEMENT_3D('',#6903,#6904,#6905);
#6907=CIRCLE('',#6906,0.007874015748031);
#6908=EDGE_CURVE('',#6902,#6847,#6907,.T.);
#6909=ORIENTED_EDGE('',*,*,#6908,.F.);
#6910=CARTESIAN_POINT('',(0.128851619682525,-0.143700787401575,0.389777558666314));
#6911=DIRECTION('',(0.0,0.0,-1.0));
#6912=VECTOR('',#6911,0.196850393700788);
#6913=LINE('',#6910,#6912);
#6914=EDGE_CURVE('',#6902,#6464,#6913,.T.);
#6915=ORIENTED_EDGE('',*,*,#6914,.T.);
#6916=ORIENTED_EDGE('',*,*,#6470,.T.);
#6917=EDGE_LOOP('',(#6900,#6909,#6915,#6916));
#6918=FACE_OUTER_BOUND('',#6917,.T.);
#6919=ADVANCED_FACE('',(#6918),#6899,.F.);
#6920=CARTESIAN_POINT('',(-0.124015748031496,-0.167126644834081,0.183084645280487));
#6921=DIRECTION('',(0.0,0.0,1.0));
#6922=DIRECTION('',(-1.0,0.0,0.0));
#6923=AXIS2_PLACEMENT_3D('',#6920,#6921,#6922);
#6924=CYLINDRICAL_SURFACE('',#6923,0.015748031496063);
#6925=ORIENTED_EDGE('',*,*,#6410,.T.);
#6926=CARTESIAN_POINT('',(-0.121990318633494,-0.151509406545743,0.389777558666314));
#6927=VERTEX_POINT('',#6926);
#6928=CARTESIAN_POINT('',(-0.121990318633494,-0.151509406545743,0.192927164965526));
#6929=DIRECTION('',(0.0,0.0,1.0));
#6930=VECTOR('',#6929,0.196850393700788);
#6931=LINE('',#6928,#6930);
#6932=EDGE_CURVE('',#6395,#6927,#6931,.T.);
#6933=ORIENTED_EDGE('',*,*,#6932,.T.);
#6934=CARTESIAN_POINT('',(-0.108267716535433,-0.167126644834081,0.389777558666314));
#6935=VERTEX_POINT('',#6934);
#6936=CARTESIAN_POINT('',(-0.124015748031496,-0.167126644834081,0.389777558666314));
#6937=DIRECTION('',(0.0,0.0,-1.0));
#6938=DIRECTION('',(-1.0,0.0,0.0));
#6939=AXIS2_PLACEMENT_3D('',#6936,#6937,#6938);
#6940=CIRCLE('',#6939,0.015748031496063);
#6941=EDGE_CURVE('',#6927,#6935,#6940,.T.);
#6942=ORIENTED_EDGE('',*,*,#6941,.T.);
#6943=CARTESIAN_POINT('',(-0.108267716535433,-0.167126644834081,0.389777558666314));
#6944=DIRECTION('',(0.0,0.0,-1.0));
#6945=VECTOR('',#6944,0.196850393700788);
#6946=LINE('',#6943,#6945);
#6947=EDGE_CURVE('',#6935,#6404,#6946,.T.);
#6948=ORIENTED_EDGE('',*,*,#6947,.T.);
#6949=EDGE_LOOP('',(#6925,#6933,#6942,#6948));
#6950=FACE_OUTER_BOUND('',#6949,.T.);
#6951=ADVANCED_FACE('',(#6950),#6924,.T.);
#6952=CARTESIAN_POINT('',(-0.108267716535433,-0.217972407915776,0.183084645280487));
#6953=DIRECTION('',(-1.0,0.0,0.0));
#6954=DIRECTION('',(0.0,0.0,1.0));
#6955=AXIS2_PLACEMENT_3D('',#6952,#6953,#6954);
#6956=PLANE('',#6955);
#6957=ORIENTED_EDGE('',*,*,#6947,.F.);
#6958=CARTESIAN_POINT('',(-0.108267716535433,-0.215551181102362,0.389777558666314));
#6959=VERTEX_POINT('',#6958);
#6960=CARTESIAN_POINT('',(-0.108267716535433,-0.215551181102362,0.389777558666314));
#6961=DIRECTION('',(0.0,1.0,0.0));
#6962=VECTOR('',#6961,0.048424536268281);
#6963=LINE('',#6960,#6962);
#6964=EDGE_CURVE('',#6959,#6935,#6963,.T.);
#6965=ORIENTED_EDGE('',*,*,#6964,.F.);
#6966=CARTESIAN_POINT('',(-0.108267716535433,-0.215551181102362,0.192927164965526));
#6967=DIRECTION('',(0.0,0.0,1.0));
#6968=VECTOR('',#6967,0.196850393700788);
#6969=LINE('',#6966,#6968);
#6970=EDGE_CURVE('',#6413,#6959,#6969,.T.);
#6971=ORIENTED_EDGE('',*,*,#6970,.F.);
#6972=ORIENTED_EDGE('',*,*,#6418,.F.);
#6973=EDGE_LOOP('',(#6957,#6965,#6971,#6972));
#6974=FACE_OUTER_BOUND('',#6973,.T.);
#6975=ADVANCED_FACE('',(#6974),#6956,.F.);
#6976=CARTESIAN_POINT('',(-0.110236220472441,0.225393700787402,0.181706692524581));
#6977=DIRECTION('',(0.0,0.0,1.0));
#6978=DIRECTION('',(0.707106781186547,-0.707106781186548,0.0));
#6979=AXIS2_PLACEMENT_3D('',#6976,#6977,#6978);
#6980=CYLINDRICAL_SURFACE('',#6979,0.015748031496063);
#6981=ORIENTED_EDGE('',*,*,#3225,.T.);
#6982=CARTESIAN_POINT('',(-0.110236220472441,0.241141732283465,0.417336613784424));
#6983=DIRECTION('',(0.0,0.0,-1.0));
#6984=VECTOR('',#6983,0.224409448818898);
#6985=LINE('',#6982,#6984);
#6986=EDGE_CURVE('',#3213,#6316,#6985,.T.);
#6987=ORIENTED_EDGE('',*,*,#6986,.T.);
#6988=ORIENTED_EDGE('',*,*,#6322,.T.);
#6989=ORIENTED_EDGE('',*,*,#5192,.T.);
#6990=EDGE_LOOP('',(#6981,#6987,#6988,#6989));
#6991=FACE_OUTER_BOUND('',#6990,.T.);
#6992=ADVANCED_FACE('',(#6991),#6980,.T.);
#6993=CARTESIAN_POINT('',(0.121259842519685,0.241141732283465,0.428557086225369));
#6994=DIRECTION('',(0.0,1.0,0.0));
#6995=DIRECTION('',(0.0,0.0,1.0));
#6996=AXIS2_PLACEMENT_3D('',#6993,#6994,#6995);
#6997=PLANE('',#6996);
#6998=ORIENTED_EDGE('',*,*,#6986,.F.);
#6999=ORIENTED_EDGE('',*,*,#3218,.T.);
#7000=CARTESIAN_POINT('',(0.110236220472441,0.241141732283465,0.192927164965526));
#7001=DIRECTION('',(0.0,0.0,1.0));
#7002=VECTOR('',#7001,0.224409448818898);
#7003=LINE('',#7000,#7002);
#7004=EDGE_CURVE('',#6325,#3204,#7003,.T.);
#7005=ORIENTED_EDGE('',*,*,#7004,.F.);
#7006=ORIENTED_EDGE('',*,*,#6330,.F.);
#7007=EDGE_LOOP('',(#6998,#6999,#7005,#7006));
#7008=FACE_OUTER_BOUND('',#7007,.T.);
#7009=ADVANCED_FACE('',(#7008),#6997,.T.);
#7010=CARTESIAN_POINT('',(0.110236220472441,0.225393700787402,0.181706692524581));
#7011=DIRECTION('',(0.0,0.0,1.0));
#7012=DIRECTION('',(-0.707106781186547,-0.707106781186548,0.0));
#7013=AXIS2_PLACEMENT_3D('',#7010,#7011,#7012);
#7014=CYLINDRICAL_SURFACE('',#7013,0.015748031496063);
#7015=ORIENTED_EDGE('',*,*,#3210,.T.);
#7016=ORIENTED_EDGE('',*,*,#5134,.F.);
#7017=ORIENTED_EDGE('',*,*,#6337,.T.);
#7018=ORIENTED_EDGE('',*,*,#7004,.T.);
#7019=EDGE_LOOP('',(#7015,#7016,#7017,#7018));
#7020=FACE_OUTER_BOUND('',#7019,.T.);
#7021=ADVANCED_FACE('',(#7020),#7014,.T.);
#7022=CARTESIAN_POINT('',(-0.120977603934493,0.143700787401575,0.183084645280487));
#7023=DIRECTION('',(0.0,0.0,1.0));
#7024=DIRECTION('',(0.75120395591781,-0.660070160371936,0.0));
#7025=AXIS2_PLACEMENT_3D('',#7022,#7023,#7024);
#7026=CYLINDRICAL_SURFACE('',#7025,0.007874015748031);
#7027=ORIENTED_EDGE('',*,*,#6746,.F.);
#7028=CARTESIAN_POINT('',(-0.128851619682525,0.143700787401575,0.389777558666314));
#7029=VERTEX_POINT('',#7028);
#7030=CARTESIAN_POINT('',(-0.120977603934493,0.143700787401575,0.389777558666314));
#7031=DIRECTION('',(0.0,0.0,-1.0));
#7032=DIRECTION('',(-0.707106781186547,0.707106781186547,0.0));
#7033=AXIS2_PLACEMENT_3D('',#7030,#7031,#7032);
#7034=CIRCLE('',#7033,0.007874015748031);
#7035=EDGE_CURVE('',#7029,#6734,#7034,.T.);
#7036=ORIENTED_EDGE('',*,*,#7035,.F.);
#7037=CARTESIAN_POINT('',(-0.128851619682525,0.143700787401575,0.389777558666314));
#7038=DIRECTION('',(0.0,0.0,-1.0));
#7039=VECTOR('',#7038,0.196850393700788);
#7040=LINE('',#7037,#7039);
#7041=EDGE_CURVE('',#7029,#6361,#7040,.T.);
#7042=ORIENTED_EDGE('',*,*,#7041,.T.);
#7043=ORIENTED_EDGE('',*,*,#6367,.T.);
#7044=EDGE_LOOP('',(#7027,#7036,#7042,#7043));
#7045=FACE_OUTER_BOUND('',#7044,.T.);
#7046=ADVANCED_FACE('',(#7045),#7026,.F.);
#7047=CARTESIAN_POINT('',(-0.128851619682525,0.039253547527527,0.183084645280487));
#7048=DIRECTION('',(-1.0,0.0,0.0));
#7049=DIRECTION('',(0.0,0.0,1.0));
#7050=AXIS2_PLACEMENT_3D('',#7047,#7048,#7049);
#7051=PLANE('',#7050);
#7052=ORIENTED_EDGE('',*,*,#7041,.F.);
#7053=CARTESIAN_POINT('',(-0.128851619682525,0.044227225616767,0.389777558666314));
#7054=VERTEX_POINT('',#7053);
#7055=CARTESIAN_POINT('',(-0.128851619682525,0.044227225616767,0.389777558666314));
#7056=DIRECTION('',(0.0,1.0,0.0));
#7057=VECTOR('',#7056,0.099473561784808);
#7058=LINE('',#7055,#7057);
#7059=EDGE_CURVE('',#7054,#7029,#7058,.T.);
#7060=ORIENTED_EDGE('',*,*,#7059,.F.);
#7061=CARTESIAN_POINT('',(-0.128851619682525,0.044227225616767,0.192927164965526));
#7062=DIRECTION('',(0.0,0.0,1.0));
#7063=VECTOR('',#7062,0.196850393700788);
#7064=LINE('',#7061,#7063);
#7065=EDGE_CURVE('',#6370,#7054,#7064,.T.);
#7066=ORIENTED_EDGE('',*,*,#7065,.F.);
#7067=ORIENTED_EDGE('',*,*,#6375,.F.);
#7068=EDGE_LOOP('',(#7052,#7060,#7066,#7067));
#7069=FACE_OUTER_BOUND('',#7068,.T.);
#7070=ADVANCED_FACE('',(#7069),#7051,.F.);
#7071=CARTESIAN_POINT('',(-0.120977603934494,-0.143700787401575,0.183084645280487));
#7072=DIRECTION('',(0.0,0.0,1.0));
#7073=DIRECTION('',(0.75120395591777,0.660070160371981,0.0));
#7074=AXIS2_PLACEMENT_3D('',#7071,#7072,#7073);
#7075=CYLINDRICAL_SURFACE('',#7074,0.007874015748031);
#7076=ORIENTED_EDGE('',*,*,#6932,.F.);
#7077=ORIENTED_EDGE('',*,*,#6401,.T.);
#7078=CARTESIAN_POINT('',(-0.128851619682525,-0.143700787401575,0.389777558666314));
#7079=VERTEX_POINT('',#7078);
#7080=CARTESIAN_POINT('',(-0.128851619682525,-0.143700787401575,0.192927164965526));
#7081=DIRECTION('',(0.0,0.0,1.0));
#7082=VECTOR('',#7081,0.196850393700788);
#7083=LINE('',#7080,#7082);
#7084=EDGE_CURVE('',#6387,#7079,#7083,.T.);
#7085=ORIENTED_EDGE('',*,*,#7084,.T.);
#7086=CARTESIAN_POINT('',(-0.120977603934494,-0.143700787401575,0.389777558666314));
#7087=DIRECTION('',(0.0,0.0,-1.0));
#7088=DIRECTION('',(-0.707106781186547,-0.707106781186547,0.0));
#7089=AXIS2_PLACEMENT_3D('',#7086,#7087,#7088);
#7090=CIRCLE('',#7089,0.007874015748031);
#7091=EDGE_CURVE('',#6927,#7079,#7090,.T.);
#7092=ORIENTED_EDGE('',*,*,#7091,.F.);
#7093=EDGE_LOOP('',(#7076,#7077,#7085,#7092));
#7094=FACE_OUTER_BOUND('',#7093,.T.);
#7095=ADVANCED_FACE('',(#7094),#7075,.F.);
#7096=CARTESIAN_POINT('',(-0.100393700787401,-0.215551181102362,0.183084645280487));
#7097=DIRECTION('',(0.0,0.0,1.0));
#7098=DIRECTION('',(0.707106781186547,0.707106781186548,0.0));
#7099=AXIS2_PLACEMENT_3D('',#7096,#7097,#7098);
#7100=CYLINDRICAL_SURFACE('',#7099,0.007874015748031);
#7101=CARTESIAN_POINT('',(-0.100393700787401,-0.223425196850394,0.389777558666314));
#7102=VERTEX_POINT('',#7101);
#7103=CARTESIAN_POINT('',(-0.100393700787401,-0.215551181102362,0.389777558666314));
#7104=DIRECTION('',(0.0,0.0,-1.0));
#7105=DIRECTION('',(-0.707106781186547,-0.707106781186547,0.0));
#7106=AXIS2_PLACEMENT_3D('',#7103,#7104,#7105);
#7107=CIRCLE('',#7106,0.007874015748031);
#7108=EDGE_CURVE('',#7102,#6959,#7107,.T.);
#7109=ORIENTED_EDGE('',*,*,#7108,.F.);
#7110=CARTESIAN_POINT('',(-0.100393700787401,-0.223425196850394,0.389777558666314));
#7111=DIRECTION('',(0.0,0.0,-1.0));
#7112=VECTOR('',#7111,0.196850393700788);
#7113=LINE('',#7110,#7112);
#7114=EDGE_CURVE('',#7102,#6421,#7113,.T.);
#7115=ORIENTED_EDGE('',*,*,#7114,.T.);
#7116=ORIENTED_EDGE('',*,*,#6427,.T.);
#7117=ORIENTED_EDGE('',*,*,#6970,.T.);
#7118=EDGE_LOOP('',(#7109,#7115,#7116,#7117));
#7119=FACE_OUTER_BOUND('',#7118,.T.);
#7120=ADVANCED_FACE('',(#7119),#7100,.F.);
#7121=CARTESIAN_POINT('',(0.110433070866141,-0.223425196850394,0.183084645280487));
#7122=DIRECTION('',(0.0,-1.0,0.0));
#7123=DIRECTION('',(0.0,0.0,-1.0));
#7124=AXIS2_PLACEMENT_3D('',#7121,#7122,#7123);
#7125=PLANE('',#7124);
#7126=ORIENTED_EDGE('',*,*,#7114,.F.);
#7127=CARTESIAN_POINT('',(0.100393700787401,-0.223425196850394,0.389777558666314));
#7128=VERTEX_POINT('',#7127);
#7129=CARTESIAN_POINT('',(0.100393700787401,-0.223425196850394,0.389777558666314));
#7130=DIRECTION('',(-1.0,0.0,0.0));
#7131=VECTOR('',#7130,0.200787401574802);
#7132=LINE('',#7129,#7131);
#7133=EDGE_CURVE('',#7128,#7102,#7132,.T.);
#7134=ORIENTED_EDGE('',*,*,#7133,.F.);
#7135=CARTESIAN_POINT('',(0.100393700787401,-0.223425196850394,0.192927164965526));
#7136=DIRECTION('',(0.0,0.0,1.0));
#7137=VECTOR('',#7136,0.196850393700788);
#7138=LINE('',#7135,#7137);
#7139=EDGE_CURVE('',#6430,#7128,#7138,.T.);
#7140=ORIENTED_EDGE('',*,*,#7139,.F.);
#7141=ORIENTED_EDGE('',*,*,#6435,.F.);
#7142=EDGE_LOOP('',(#7126,#7134,#7140,#7141));
#7143=FACE_OUTER_BOUND('',#7142,.T.);
#7144=ADVANCED_FACE('',(#7143),#7125,.F.);
#7145=CARTESIAN_POINT('',(0.100393700787401,-0.215551181102362,0.183084645280487));
#7146=DIRECTION('',(0.0,0.0,1.0));
#7147=DIRECTION('',(-0.707106781186547,0.707106781186548,0.0));
#7148=AXIS2_PLACEMENT_3D('',#7145,#7146,#7147);
#7149=CYLINDRICAL_SURFACE('',#7148,0.007874015748031);
#7150=CARTESIAN_POINT('',(0.100393700787401,-0.215551181102362,0.389777558666314));
#7151=DIRECTION('',(0.0,0.0,-1.0));
#7152=DIRECTION('',(0.707106781186547,-0.707106781186547,0.0));
#7153=AXIS2_PLACEMENT_3D('',#7150,#7151,#7152);
#7154=CIRCLE('',#7153,0.007874015748031);
#7155=EDGE_CURVE('',#6879,#7128,#7154,.T.);
#7156=ORIENTED_EDGE('',*,*,#7155,.F.);
#7157=ORIENTED_EDGE('',*,*,#6884,.T.);
#7158=ORIENTED_EDGE('',*,*,#6444,.T.);
#7159=ORIENTED_EDGE('',*,*,#7139,.T.);
#7160=EDGE_LOOP('',(#7156,#7157,#7158,#7159));
#7161=FACE_OUTER_BOUND('',#7160,.T.);
#7162=ADVANCED_FACE('',(#7161),#7149,.F.);
#7163=CARTESIAN_POINT('',(0.128851619682525,-0.148674465490815,0.399620078351353));
#7164=DIRECTION('',(1.0,0.0,0.0));
#7165=DIRECTION('',(0.0,0.0,-1.0));
#7166=AXIS2_PLACEMENT_3D('',#7163,#7164,#7165);
#7167=PLANE('',#7166);
#7168=ORIENTED_EDGE('',*,*,#6914,.F.);
#7169=CARTESIAN_POINT('',(0.128851619682525,-0.044227225616767,0.389777558666314));
#7170=VERTEX_POINT('',#7169);
#7171=CARTESIAN_POINT('',(0.128851619682525,-0.044227225616767,0.389777558666314));
#7172=DIRECTION('',(0.0,-1.0,0.0));
#7173=VECTOR('',#7172,0.099473561784808);
#7174=LINE('',#7171,#7173);
#7175=EDGE_CURVE('',#7170,#6902,#7174,.T.);
#7176=ORIENTED_EDGE('',*,*,#7175,.F.);
#7177=CARTESIAN_POINT('',(0.128851619682525,-0.044227225616767,0.192927164965526));
#7178=DIRECTION('',(0.0,0.0,1.0));
#7179=VECTOR('',#7178,0.196850393700788);
#7180=LINE('',#7177,#7179);
#7181=EDGE_CURVE('',#6473,#7170,#7180,.T.);
#7182=ORIENTED_EDGE('',*,*,#7181,.F.);
#7183=ORIENTED_EDGE('',*,*,#6478,.F.);
#7184=EDGE_LOOP('',(#7168,#7176,#7182,#7183));
#7185=FACE_OUTER_BOUND('',#7184,.T.);
#7186=ADVANCED_FACE('',(#7185),#7167,.F.);
#7187=CARTESIAN_POINT('',(0.100393700787401,0.215551181102362,0.183084645280487));
#7188=DIRECTION('',(0.0,0.0,1.0));
#7189=DIRECTION('',(-0.707106781186547,-0.707106781186548,0.0));
#7190=AXIS2_PLACEMENT_3D('',#7187,#7188,#7189);
#7191=CYLINDRICAL_SURFACE('',#7190,0.007874015748031);
#7192=CARTESIAN_POINT('',(0.100393700787401,0.223425196850394,0.389777558666314));
#7193=VERTEX_POINT('',#7192);
#7194=CARTESIAN_POINT('',(0.108267716535433,0.215551181102362,0.389777558666314));
#7195=VERTEX_POINT('',#7194);
#7196=CARTESIAN_POINT('',(0.100393700787401,0.215551181102362,0.389777558666314));
#7197=DIRECTION('',(0.0,0.0,-1.0));
#7198=DIRECTION('',(0.707106781186547,0.707106781186547,0.0));
#7199=AXIS2_PLACEMENT_3D('',#7196,#7197,#7198);
#7200=CIRCLE('',#7199,0.007874015748031);
#7201=EDGE_CURVE('',#7193,#7195,#7200,.T.);
#7202=ORIENTED_EDGE('',*,*,#7201,.F.);
#7203=CARTESIAN_POINT('',(0.100393700787401,0.223425196850394,0.389777558666314));
#7204=DIRECTION('',(0.0,0.0,-1.0));
#7205=VECTOR('',#7204,0.196850393700788);
#7206=LINE('',#7203,#7205);
#7207=EDGE_CURVE('',#7193,#6524,#7206,.T.);
#7208=ORIENTED_EDGE('',*,*,#7207,.T.);
#7209=ORIENTED_EDGE('',*,*,#6530,.T.);
#7210=CARTESIAN_POINT('',(0.108267716535433,0.215551181102362,0.192927164965526));
#7211=DIRECTION('',(0.0,0.0,1.0));
#7212=VECTOR('',#7211,0.196850393700788);
#7213=LINE('',#7210,#7212);
#7214=EDGE_CURVE('',#6516,#7195,#7213,.T.);
#7215=ORIENTED_EDGE('',*,*,#7214,.T.);
#7216=EDGE_LOOP('',(#7202,#7208,#7209,#7215));
#7217=FACE_OUTER_BOUND('',#7216,.T.);
#7218=ADVANCED_FACE('',(#7217),#7191,.F.);
#7219=CARTESIAN_POINT('',(0.110433070866141,0.223425196850394,0.399620078351353));
#7220=DIRECTION('',(0.0,1.0,0.0));
#7221=DIRECTION('',(0.0,0.0,1.0));
#7222=AXIS2_PLACEMENT_3D('',#7219,#7220,#7221);
#7223=PLANE('',#7222);
#7224=ORIENTED_EDGE('',*,*,#7207,.F.);
#7225=CARTESIAN_POINT('',(-0.100393700787401,0.223425196850394,0.389777558666314));
#7226=VERTEX_POINT('',#7225);
#7227=CARTESIAN_POINT('',(-0.100393700787401,0.223425196850394,0.389777558666314));
#7228=DIRECTION('',(1.0,0.0,0.0));
#7229=VECTOR('',#7228,0.200787401574802);
#7230=LINE('',#7227,#7229);
#7231=EDGE_CURVE('',#7226,#7193,#7230,.T.);
#7232=ORIENTED_EDGE('',*,*,#7231,.F.);
#7233=CARTESIAN_POINT('',(-0.100393700787401,0.223425196850394,0.192927164965526));
#7234=DIRECTION('',(0.0,0.0,1.0));
#7235=VECTOR('',#7234,0.196850393700788);
#7236=LINE('',#7233,#7235);
#7237=EDGE_CURVE('',#6533,#7226,#7236,.T.);
#7238=ORIENTED_EDGE('',*,*,#7237,.F.);
#7239=ORIENTED_EDGE('',*,*,#6538,.F.);
#7240=EDGE_LOOP('',(#7224,#7232,#7238,#7239));
#7241=FACE_OUTER_BOUND('',#7240,.T.);
#7242=ADVANCED_FACE('',(#7241),#7223,.F.);
#7243=CARTESIAN_POINT('',(-0.100393700787401,0.215551181102362,0.183084645280487));
#7244=DIRECTION('',(0.0,0.0,1.0));
#7245=DIRECTION('',(0.707106781186547,-0.707106781186548,0.0));
#7246=AXIS2_PLACEMENT_3D('',#7243,#7244,#7245);
#7247=CYLINDRICAL_SURFACE('',#7246,0.007874015748031);
#7248=CARTESIAN_POINT('',(-0.100393700787401,0.215551181102362,0.389777558666314));
#7249=DIRECTION('',(0.0,0.0,-1.0));
#7250=DIRECTION('',(-0.707106781186547,0.707106781186547,0.0));
#7251=AXIS2_PLACEMENT_3D('',#7248,#7249,#7250);
#7252=CIRCLE('',#7251,0.007874015748031);
#7253=EDGE_CURVE('',#6766,#7226,#7252,.T.);
#7254=ORIENTED_EDGE('',*,*,#7253,.F.);
#7255=ORIENTED_EDGE('',*,*,#6771,.T.);
#7256=ORIENTED_EDGE('',*,*,#6547,.T.);
#7257=ORIENTED_EDGE('',*,*,#7237,.T.);
#7258=EDGE_LOOP('',(#7254,#7255,#7256,#7257));
#7259=FACE_OUTER_BOUND('',#7258,.T.);
#7260=ADVANCED_FACE('',(#7259),#7247,.F.);
#7261=CARTESIAN_POINT('',(0.147175817831296,-0.245767716535433,0.389777558666314));
#7262=DIRECTION('',(0.0,0.0,-1.0));
#7263=DIRECTION('',(-1.0,0.0,0.0));
#7264=AXIS2_PLACEMENT_3D('',#7261,#7262,#7263);
#7265=PLANE('',#7264);
#7266=ORIENTED_EDGE('',*,*,#6777,.T.);
#7267=ORIENTED_EDGE('',*,*,#7253,.T.);
#7268=ORIENTED_EDGE('',*,*,#7231,.T.);
#7269=ORIENTED_EDGE('',*,*,#7201,.T.);
#7270=CARTESIAN_POINT('',(0.108267716535433,0.215551181102362,0.389777558666314));
#7271=DIRECTION('',(0.0,-1.0,0.0));
#7272=VECTOR('',#7271,0.048424536268282);
#7273=LINE('',#7270,#7272);
#7274=EDGE_CURVE('',#7195,#6797,#7273,.T.);
#7275=ORIENTED_EDGE('',*,*,#7274,.T.);
#7276=ORIENTED_EDGE('',*,*,#6803,.F.);
#7277=ORIENTED_EDGE('',*,*,#6834,.T.);
#7278=CARTESIAN_POINT('',(0.128851619682525,0.044227225616767,0.389777558666314));
#7279=VERTEX_POINT('',#7278);
#7280=CARTESIAN_POINT('',(0.128851619682525,0.143700787401575,0.389777558666314));
#7281=DIRECTION('',(0.0,-1.0,0.0));
#7282=VECTOR('',#7281,0.099473561784808);
#7283=LINE('',#7280,#7282);
#7284=EDGE_CURVE('',#6822,#7279,#7283,.T.);
#7285=ORIENTED_EDGE('',*,*,#7284,.T.);
#7286=CARTESIAN_POINT('',(-0.063990072813392,-6.086398E-018,0.389777558666314));
#7287=DIRECTION('',(0.0,0.0,-1.0));
#7288=DIRECTION('',(-0.974694515907485,-0.223541049160716,0.0));
#7289=AXIS2_PLACEMENT_3D('',#7286,#7287,#7288);
#7290=CIRCLE('',#7289,0.197848340529928);
#7291=EDGE_CURVE('',#7279,#7170,#7290,.T.);
#7292=ORIENTED_EDGE('',*,*,#7291,.T.);
#7293=ORIENTED_EDGE('',*,*,#7175,.T.);
#7294=ORIENTED_EDGE('',*,*,#6908,.T.);
#7295=ORIENTED_EDGE('',*,*,#6853,.F.);
#7296=ORIENTED_EDGE('',*,*,#6890,.T.);
#7297=ORIENTED_EDGE('',*,*,#7155,.T.);
#7298=ORIENTED_EDGE('',*,*,#7133,.T.);
#7299=ORIENTED_EDGE('',*,*,#7108,.T.);
#7300=ORIENTED_EDGE('',*,*,#6964,.T.);
#7301=ORIENTED_EDGE('',*,*,#6941,.F.);
#7302=ORIENTED_EDGE('',*,*,#7091,.T.);
#7303=CARTESIAN_POINT('',(-0.128851619682525,-0.044227225616766,0.389777558666314));
#7304=VERTEX_POINT('',#7303);
#7305=CARTESIAN_POINT('',(-0.128851619682525,-0.143700787401575,0.389777558666314));
#7306=DIRECTION('',(0.0,1.0,0.0));
#7307=VECTOR('',#7306,0.099473561784809);
#7308=LINE('',#7305,#7307);
#7309=EDGE_CURVE('',#7079,#7304,#7308,.T.);
#7310=ORIENTED_EDGE('',*,*,#7309,.T.);
#7311=CARTESIAN_POINT('',(0.063990072813392,-6.086398E-018,0.389777558666314));
#7312=DIRECTION('',(0.0,0.0,-1.0));
#7313=DIRECTION('',(0.974694515907486,0.223541049160711,0.0));
#7314=AXIS2_PLACEMENT_3D('',#7311,#7312,#7313);
#7315=CIRCLE('',#7314,0.197848340529928);
#7316=EDGE_CURVE('',#7304,#7054,#7315,.T.);
#7317=ORIENTED_EDGE('',*,*,#7316,.T.);
#7318=ORIENTED_EDGE('',*,*,#7059,.T.);
#7319=ORIENTED_EDGE('',*,*,#7035,.T.);
#7320=ORIENTED_EDGE('',*,*,#6740,.F.);
#7321=EDGE_LOOP('',(#7266,#7267,#7268,#7269,#7275,#7276,#7277,#7285,#7292,#7293,#7294,#7295,#7296,#7297,#7298,#7299,#7300,#7301,#7302,#7310,#7317,#7318,#7319,#7320));
#7322=FACE_OUTER_BOUND('',#7321,.T.);
#7323=CARTESIAN_POINT('',(-0.114173228346457,0.147637795275591,0.389777558666314));
#7324=VERTEX_POINT('',#7323);
#7325=CARTESIAN_POINT('',(-0.114173228346457,-0.147637795275591,0.389777558666314));
#7326=VERTEX_POINT('',#7325);
#7327=CARTESIAN_POINT('',(-0.114173228346457,0.147637795275591,0.389777558666314));
#7328=DIRECTION('',(0.0,-1.0,0.0));
#7329=VECTOR('',#7328,0.295275590551182);
#7330=LINE('',#7327,#7329);
#7331=EDGE_CURVE('',#7324,#7326,#7330,.T.);
#7332=ORIENTED_EDGE('',*,*,#7331,.T.);
#7333=CARTESIAN_POINT('',(0.114173228346457,-0.147637795275591,0.389777558666314));
#7334=VERTEX_POINT('',#7333);
#7335=CARTESIAN_POINT('',(-0.114173228346457,-0.147637795275591,0.389777558666314));
#7336=DIRECTION('',(1.0,0.0,0.0));
#7337=VECTOR('',#7336,0.228346456692914);
#7338=LINE('',#7335,#7337);
#7339=EDGE_CURVE('',#7326,#7334,#7338,.T.);
#7340=ORIENTED_EDGE('',*,*,#7339,.T.);
#7341=CARTESIAN_POINT('',(0.114173228346457,0.147637795275591,0.389777558666314));
#7342=VERTEX_POINT('',#7341);
#7343=CARTESIAN_POINT('',(0.114173228346457,-0.147637795275591,0.389777558666314));
#7344=DIRECTION('',(0.0,1.0,0.0));
#7345=VECTOR('',#7344,0.295275590551182);
#7346=LINE('',#7343,#7345);
#7347=EDGE_CURVE('',#7334,#7342,#7346,.T.);
#7348=ORIENTED_EDGE('',*,*,#7347,.T.);
#7349=CARTESIAN_POINT('',(0.114173228346457,0.147637795275591,0.389777558666314));
#7350=DIRECTION('',(-1.0,0.0,0.0));
#7351=VECTOR('',#7350,0.228346456692914);
#7352=LINE('',#7349,#7351);
#7353=EDGE_CURVE('',#7342,#7324,#7352,.T.);
#7354=ORIENTED_EDGE('',*,*,#7353,.T.);
#7355=EDGE_LOOP('',(#7332,#7340,#7348,#7354));
#7356=FACE_BOUND('',#7355,.T.);
#7357=CARTESIAN_POINT('',(-0.015748031496063,0.18503937007874,0.389777558666314));
#7358=VERTEX_POINT('',#7357);
#7359=CARTESIAN_POINT('',(1.842941E-030,0.18503937007874,0.389777558666314));
#7360=DIRECTION('',(0.0,0.0,1.0));
#7361=DIRECTION('',(1.0,0.0,0.0));
#7362=AXIS2_PLACEMENT_3D('',#7359,#7360,#7361);
#7363=CIRCLE('',#7362,0.015748031496063);
#7364=EDGE_CURVE('',#7358,#7358,#7363,.T.);
#7365=ORIENTED_EDGE('',*,*,#7364,.T.);
#7366=EDGE_LOOP('',(#7365));
#7367=FACE_BOUND('',#7366,.T.);
#7368=CARTESIAN_POINT('',(-0.015748031496063,-0.18503937007874,0.389777558666314));
#7369=VERTEX_POINT('',#7368);
#7370=CARTESIAN_POINT('',(1.842941E-030,-0.18503937007874,0.389777558666314));
#7371=DIRECTION('',(0.0,0.0,1.0));
#7372=DIRECTION('',(1.0,0.0,0.0));
#7373=AXIS2_PLACEMENT_3D('',#7370,#7371,#7372);
#7374=CIRCLE('',#7373,0.015748031496063);
#7375=EDGE_CURVE('',#7369,#7369,#7374,.T.);
#7376=ORIENTED_EDGE('',*,*,#7375,.T.);
#7377=EDGE_LOOP('',(#7376));
#7378=FACE_BOUND('',#7377,.T.);
#7379=ADVANCED_FACE('',(#7322,#7356,#7367,#7378),#7265,.T.);
#7380=CARTESIAN_POINT('',(-0.114173228346457,-0.162401574803151,0.387813017980763));
#7381=DIRECTION('',(-1.0,0.0,0.0));
#7382=DIRECTION('',(0.0,0.0,1.0));
#7383=AXIS2_PLACEMENT_3D('',#7380,#7381,#7382);
#7384=PLANE('',#7383);
#7385=ORIENTED_EDGE('',*,*,#5938,.T.);
#7386=ORIENTED_EDGE('',*,*,#5955,.F.);
#7387=CARTESIAN_POINT('',(-0.114173228346457,-0.147637795275591,0.429068372377333));
#7388=DIRECTION('',(0.0,0.0,-1.0));
#7389=VECTOR('',#7388,0.039290813711019);
#7390=LINE('',#7387,#7389);
#7391=EDGE_CURVE('',#5949,#7326,#7390,.T.);
#7392=ORIENTED_EDGE('',*,*,#7391,.T.);
#7393=ORIENTED_EDGE('',*,*,#7331,.F.);
#7394=CARTESIAN_POINT('',(-0.114173228346457,0.147637795275591,0.429068372377333));
#7395=DIRECTION('',(0.0,0.0,-1.0));
#7396=VECTOR('',#7395,0.039290813711019);
#7397=LINE('',#7394,#7396);
#7398=EDGE_CURVE('',#5886,#7324,#7397,.T.);
#7399=ORIENTED_EDGE('',*,*,#7398,.F.);
#7400=ORIENTED_EDGE('',*,*,#5914,.T.);
#7401=EDGE_LOOP('',(#7385,#7386,#7392,#7393,#7399,#7400));
#7402=FACE_OUTER_BOUND('',#7401,.T.);
#7403=ADVANCED_FACE('',(#7402),#7384,.F.);
#7404=CARTESIAN_POINT('',(0.125590551181104,-0.147637795275591,0.387813017980763));
#7405=DIRECTION('',(0.0,-1.0,0.0));
#7406=DIRECTION('',(0.0,0.0,-1.0));
#7407=AXIS2_PLACEMENT_3D('',#7404,#7405,#7406);
#7408=PLANE('',#7407);
#7409=ORIENTED_EDGE('',*,*,#5996,.T.);
#7410=ORIENTED_EDGE('',*,*,#6013,.T.);
#7411=CARTESIAN_POINT('',(0.114173228346457,-0.147637795275591,0.429068372377333));
#7412=DIRECTION('',(0.0,0.0,-1.0));
#7413=VECTOR('',#7412,0.039290813711019);
#7414=LINE('',#7411,#7413);
#7415=EDGE_CURVE('',#6007,#7334,#7414,.T.);
#7416=ORIENTED_EDGE('',*,*,#7415,.T.);
#7417=ORIENTED_EDGE('',*,*,#7339,.F.);
#7418=ORIENTED_EDGE('',*,*,#7391,.F.);
#7419=ORIENTED_EDGE('',*,*,#5972,.F.);
#7420=EDGE_LOOP('',(#7409,#7410,#7416,#7417,#7418,#7419));
#7421=FACE_OUTER_BOUND('',#7420,.T.);
#7422=ADVANCED_FACE('',(#7421),#7408,.F.);
#7423=CARTESIAN_POINT('',(6.956241E-016,-0.185039370078739,0.297933357387786));
#7424=CARTESIAN_POINT('',(-0.005764179587156,-0.185039370078739,0.295895412150758));
#7425=CARTESIAN_POINT('',(-0.01075610554161,-0.185039370078739,0.299425236844333));
#7426=CARTESIAN_POINT('',(-0.015748031496064,-0.18503937007874,0.302955061537908));
#7427=CARTESIAN_POINT('',(-0.015748031496063,-0.18503937007874,0.309068897248992));
#7428=CARTESIAN_POINT('',(6.956241E-016,-0.185039370078739,0.297933357387786));
#7429=CARTESIAN_POINT('',(-0.005764179587156,-0.179275190491582,0.295895412150758));
#7430=CARTESIAN_POINT('',(-0.01075610554161,-0.174283264537129,0.299425236844334));
#7431=CARTESIAN_POINT('',(-0.015748031496063,-0.169291338582676,0.302955061537909));
#7432=CARTESIAN_POINT('',(-0.015748031496063,-0.169291338582677,0.309068897248993));
#7433=CARTESIAN_POINT('',(6.787559E-016,-0.185039370078739,0.297933357387786));
#7434=CARTESIAN_POINT('',(7.616653E-016,-0.179275190491582,0.295895412150758));
#7435=CARTESIAN_POINT('',(6.180621E-016,-0.174283264537129,0.299425236844334));
#7436=CARTESIAN_POINT('',(5.022145E-016,-0.169291338582676,0.30295506153791));
#7437=CARTESIAN_POINT('',(2.257309E-016,-0.169291338582677,0.309068897248993));
#7438=CARTESIAN_POINT('',(6.618877E-016,-0.185039370078739,0.297933357387786));
#7439=CARTESIAN_POINT('',(0.005764179587158,-0.179275190491582,0.295895412150758));
#7440=CARTESIAN_POINT('',(0.010756105541611,-0.174283264537129,0.299425236844334));
#7441=CARTESIAN_POINT('',(0.015748031496064,-0.169291338582676,0.30295506153791));
#7442=CARTESIAN_POINT('',(0.015748031496063,-0.169291338582677,0.309068897248994));
#7443=CARTESIAN_POINT('',(6.618877E-016,-0.185039370078739,0.297933357387786));
#7444=CARTESIAN_POINT('',(0.005764179587158,-0.185039370078739,0.295895412150758));
#7445=CARTESIAN_POINT('',(0.010756105541611,-0.185039370078739,0.299425236844334));
#7446=CARTESIAN_POINT('',(0.015748031496064,-0.18503937007874,0.302955061537909));
#7447=CARTESIAN_POINT('',(0.015748031496063,-0.18503937007874,0.309068897248993));
#7448=CARTESIAN_POINT('',(6.618877E-016,-0.185039370078739,0.297933357387786));
#7449=CARTESIAN_POINT('',(0.005764179587158,-0.190803549665896,0.295895412150758));
#7450=CARTESIAN_POINT('',(0.010756105541611,-0.19579547562035,0.299425236844333));
#7451=CARTESIAN_POINT('',(0.015748031496064,-0.200787401574804,0.302955061537909));
#7452=CARTESIAN_POINT('',(0.015748031496063,-0.200787401574803,0.309068897248992));
#7453=CARTESIAN_POINT('',(6.787559E-016,-0.185039370078739,0.297933357387786));
#7454=CARTESIAN_POINT('',(7.616653E-016,-0.190803549665896,0.295895412150758));
#7455=CARTESIAN_POINT('',(6.180621E-016,-0.19579547562035,0.299425236844333));
#7456=CARTESIAN_POINT('',(4.467033E-016,-0.200787401574804,0.302955061537908));
#7457=CARTESIAN_POINT('',(2.257309E-016,-0.200787401574803,0.309068897248992));
#7458=CARTESIAN_POINT('',(6.956241E-016,-0.185039370078739,0.297933357387786));
#7459=CARTESIAN_POINT('',(-0.005764179587156,-0.190803549665896,0.295895412150757));
#7460=CARTESIAN_POINT('',(-0.01075610554161,-0.19579547562035,0.299425236844332));
#7461=CARTESIAN_POINT('',(-0.015748031496064,-0.200787401574804,0.302955061537907));
#7462=CARTESIAN_POINT('',(-0.015748031496063,-0.200787401574803,0.309068897248991));
#7463=CARTESIAN_POINT('',(6.956241E-016,-0.185039370078739,0.297933357387786));
#7464=CARTESIAN_POINT('',(-0.005764179587156,-0.185039370078739,0.295895412150758));
#7465=CARTESIAN_POINT('',(-0.01075610554161,-0.185039370078739,0.299425236844333));
#7466=CARTESIAN_POINT('',(-0.015748031496064,-0.18503937007874,0.302955061537908));
#7467=CARTESIAN_POINT('',(-0.015748031496063,-0.18503937007874,0.309068897248992));
#7475=(BOUNDED_SURFACE()B_SPLINE_SURFACE(2,2,((#7423,#7428,#7433,#7438,#7443,#7448,#7453,#7458,#7463),(#7424,#7429,#7434,#7439,#7444,#7449,#7454,#7459,#7464),(#7425,#7430,#7435,#7440,#7445,#7450,#7455,#7460,#7465),(#7426,#7431,#7436,#7441,#7446,#7451,#7456,#7461,#7466),(#7427,#7432,#7437,#7442,#7447,#7452,#7457,#7462,#7467)),.UNSPECIFIED.,.F.,.T.,.U.)B_SPLINE_SURFACE_WITH_KNOTS((3,2,3),(3,2,2,2,3),(-1.910633236249115,-0.955316618124488,1.389129E-013),(0.0,1.570796326794897,3.141592653589793,4.71238898038469,6.283185307179586),.UNSPECIFIED.)GEOMETRIC_REPRESENTATION_ITEM()RATIONAL_B_SPLINE_SURFACE(((1.0,0.707106781186548,1.0,0.707106781186548,1.0,0.707106781186548,1.0,0.707106781186548,1.0),(0.888073833977123,0.62796303019956,0.888073833977123,0.62796303019956,0.888073833977123,0.62796303019956,0.888073833977123,0.62796303019956,0.888073833977123),(1.0,0.707106781186548,1.0,0.707106781186548,1.0,0.707106781186548,1.0,0.707106781186548,1.0),(0.888073833977091,0.627963030199537,0.888073833977091,0.627963030199537,0.888073833977091,0.627963030199537,0.888073833977091,0.627963030199537,0.888073833977091),(1.0,0.707106781186548,1.0,0.707106781186548,1.0,0.707106781186548,1.0,0.707106781186548,1.0)))REPRESENTATION_ITEM('')SURFACE());
#7476=CARTESIAN_POINT('',(-0.003937007874016,-0.18503937007874,0.297257873626944));
#7477=VERTEX_POINT('',#7476);
#7478=CARTESIAN_POINT('',(1.730674E-030,-0.18503937007874,0.297257873626944));
#7479=DIRECTION('',(0.0,0.0,1.0));
#7480=DIRECTION('',(1.0,0.0,0.0));
#7481=AXIS2_PLACEMENT_3D('',#7478,#7479,#7480);
#7482=CIRCLE('',#7481,0.003937007874016);
#7483=EDGE_CURVE('',#7477,#7477,#7482,.T.);
#7484=ORIENTED_EDGE('',*,*,#7483,.T.);
#7485=EDGE_LOOP('',(#7484));
#7486=FACE_OUTER_BOUND('',#7485,.T.);
#7487=CARTESIAN_POINT('',(-0.015748031496063,-0.18503937007874,0.309068897248991));
#7488=VERTEX_POINT('',#7487);
#7489=CARTESIAN_POINT('',(1.842941E-030,-0.18503937007874,0.309068897248991));
#7490=DIRECTION('',(0.0,0.0,-1.0));
#7491=DIRECTION('',(1.0,0.0,0.0));
#7492=AXIS2_PLACEMENT_3D('',#7489,#7490,#7491);
#7493=CIRCLE('',#7492,0.015748031496063);
#7494=EDGE_CURVE('',#7488,#7488,#7493,.T.);
#7495=ORIENTED_EDGE('',*,*,#7494,.T.);
#7496=EDGE_LOOP('',(#7495));
#7497=FACE_BOUND('',#7496,.T.);
#7498=ADVANCED_FACE('',(#7486,#7497),#7475,.T.);
#7499=CARTESIAN_POINT('',(1.842730E-030,-0.18503937007874,0.39381299173718));
#7500=DIRECTION('',(0.0,0.0,-1.0));
#7501=DIRECTION('',(-1.0,0.0,0.0));
#7502=AXIS2_PLACEMENT_3D('',#7499,#7500,#7501);
#7503=CYLINDRICAL_SURFACE('',#7502,0.015748031496063);
#7504=ORIENTED_EDGE('',*,*,#7494,.F.);
#7505=EDGE_LOOP('',(#7504));
#7506=FACE_OUTER_BOUND('',#7505,.T.);
#7507=ORIENTED_EDGE('',*,*,#7375,.F.);
#7508=EDGE_LOOP('',(#7507));
#7509=FACE_BOUND('',#7508,.T.);
#7510=ADVANCED_FACE('',(#7506,#7509),#7503,.T.);
#7511=CARTESIAN_POINT('',(-0.004330708661418,-0.189370078740158,0.297257873626944));
#7512=DIRECTION('',(0.0,0.0,1.0));
#7513=DIRECTION('',(1.0,0.0,0.0));
#7514=AXIS2_PLACEMENT_3D('',#7511,#7512,#7513);
#7515=PLANE('',#7514);
#7516=ORIENTED_EDGE('',*,*,#7483,.F.);
#7517=EDGE_LOOP('',(#7516));
#7518=FACE_OUTER_BOUND('',#7517,.T.);
#7519=ADVANCED_FACE('',(#7518),#7515,.F.);
#7520=CARTESIAN_POINT('',(-6.192963E-016,0.185039370078739,0.297933357387786));
#7521=CARTESIAN_POINT('',(-0.005764179587158,0.185039370078739,0.295895412150758));
#7522=CARTESIAN_POINT('',(-0.010756105541611,0.18503937007874,0.299425236844334));
#7523=CARTESIAN_POINT('',(-0.015748031496064,0.18503937007874,0.30295506153791));
#7524=CARTESIAN_POINT('',(-0.015748031496063,0.18503937007874,0.309068897248994));
#7525=CARTESIAN_POINT('',(-6.192963E-016,0.185039370078739,0.297933357387786));
#7526=CARTESIAN_POINT('',(-0.005764179587158,0.190803549665896,0.295895412150758));
#7527=CARTESIAN_POINT('',(-0.010756105541611,0.19579547562035,0.299425236844334));
#7528=CARTESIAN_POINT('',(-0.015748031496064,0.200787401574804,0.30295506153791));
#7529=CARTESIAN_POINT('',(-0.015748031496063,0.200787401574803,0.309068897248994));
#7530=CARTESIAN_POINT('',(-6.170637E-016,0.185039370078739,0.297933357387786));
#7531=CARTESIAN_POINT('',(-8.086490E-016,0.190803549665896,0.295895412150757));
#7532=CARTESIAN_POINT('',(-4.768135E-016,0.19579547562035,0.299425236844333));
#7533=CARTESIAN_POINT('',(-1.449781E-016,0.200787401574804,0.302955061537909));
#7534=CARTESIAN_POINT('',(4.297777E-016,0.200787401574803,0.309068897248992));
#7535=CARTESIAN_POINT('',(-6.148311E-016,0.185039370078739,0.297933357387786));
#7536=CARTESIAN_POINT('',(0.005764179587156,0.190803549665896,0.295895412150757));
#7537=CARTESIAN_POINT('',(0.01075610554161,0.19579547562035,0.299425236844332));
#7538=CARTESIAN_POINT('',(0.015748031496064,0.200787401574804,0.302955061537907));
#7539=CARTESIAN_POINT('',(0.015748031496064,0.200787401574803,0.309068897248991));
#7540=CARTESIAN_POINT('',(-6.148311E-016,0.185039370078739,0.297933357387786));
#7541=CARTESIAN_POINT('',(0.005764179587156,0.185039370078739,0.295895412150757));
#7542=CARTESIAN_POINT('',(0.01075610554161,0.18503937007874,0.299425236844332));
#7543=CARTESIAN_POINT('',(0.015748031496064,0.18503937007874,0.302955061537907));
#7544=CARTESIAN_POINT('',(0.015748031496064,0.18503937007874,0.309068897248991));
#7545=CARTESIAN_POINT('',(-6.148311E-016,0.185039370078739,0.297933357387786));
#7546=CARTESIAN_POINT('',(0.005764179587156,0.179275190491582,0.295895412150757));
#7547=CARTESIAN_POINT('',(0.01075610554161,0.174283264537129,0.299425236844332));
#7548=CARTESIAN_POINT('',(0.015748031496064,0.169291338582675,0.302955061537908));
#7549=CARTESIAN_POINT('',(0.015748031496064,0.169291338582676,0.309068897248992));
#7550=CARTESIAN_POINT('',(-6.170637E-016,0.185039370078739,0.297933357387786));
#7551=CARTESIAN_POINT('',(-8.086490E-016,0.179275190491582,0.295895412150758));
#7552=CARTESIAN_POINT('',(-4.768135E-016,0.174283264537129,0.299425236844333));
#7553=CARTESIAN_POINT('',(-1.449781E-016,0.169291338582675,0.302955061537909));
#7554=CARTESIAN_POINT('',(4.297777E-016,0.169291338582676,0.309068897248993));
#7555=CARTESIAN_POINT('',(-6.192963E-016,0.185039370078739,0.297933357387786));
#7556=CARTESIAN_POINT('',(-0.005764179587158,0.179275190491582,0.295895412150758));
#7557=CARTESIAN_POINT('',(-0.010756105541611,0.174283264537129,0.299425236844334));
#7558=CARTESIAN_POINT('',(-0.015748031496064,0.169291338582675,0.302955061537911));
#7559=CARTESIAN_POINT('',(-0.015748031496063,0.169291338582676,0.309068897248995));
#7560=CARTESIAN_POINT('',(-6.192963E-016,0.185039370078739,0.297933357387786));
#7561=CARTESIAN_POINT('',(-0.005764179587158,0.185039370078739,0.295895412150758));
#7562=CARTESIAN_POINT('',(-0.010756105541611,0.18503937007874,0.299425236844334));
#7563=CARTESIAN_POINT('',(-0.015748031496064,0.18503937007874,0.30295506153791));
#7564=CARTESIAN_POINT('',(-0.015748031496063,0.18503937007874,0.309068897248994));
#7572=(BOUNDED_SURFACE()B_SPLINE_SURFACE(2,2,((#7520,#7525,#7530,#7535,#7540,#7545,#7550,#7555,#7560),(#7521,#7526,#7531,#7536,#7541,#7546,#7551,#7556,#7561),(#7522,#7527,#7532,#7537,#7542,#7547,#7552,#7557,#7562),(#7523,#7528,#7533,#7538,#7543,#7548,#7553,#7558,#7563),(#7524,#7529,#7534,#7539,#7544,#7549,#7554,#7559,#7564)),.UNSPECIFIED.,.F.,.T.,.U.)B_SPLINE_SURFACE_WITH_KNOTS((3,2,3),(3,2,2,2,3),(-1.910633236249087,-0.955316618124458,1.722792E-013),(0.0,1.570796326794897,3.141592653589793,4.71238898038469,6.283185307179586),.UNSPECIFIED.)GEOMETRIC_REPRESENTATION_ITEM()RATIONAL_B_SPLINE_SURFACE(((1.0,0.707106781186548,1.0,0.707106781186548,1.0,0.707106781186548,1.0,0.707106781186548,1.0),(0.888073833977073,0.627963030199524,0.888073833977073,0.627963030199524,0.888073833977073,0.627963030199524,0.888073833977073,0.627963030199524,0.888073833977073),(1.0,0.707106781186548,1.0,0.707106781186548,1.0,0.707106781186548,1.0,0.707106781186548,1.0),(0.888073833977098,0.627963030199542,0.888073833977098,0.627963030199542,0.888073833977098,0.627963030199542,0.888073833977098,0.627963030199542,0.888073833977098),(1.0,0.707106781186548,1.0,0.707106781186548,1.0,0.707106781186548,1.0,0.707106781186548,1.0)))REPRESENTATION_ITEM('')SURFACE());
#7573=CARTESIAN_POINT('',(-0.003937007874016,0.18503937007874,0.297257873626944));
#7574=VERTEX_POINT('',#7573);
#7575=CARTESIAN_POINT('',(1.730674E-030,0.18503937007874,0.297257873626944));
#7576=DIRECTION('',(0.0,0.0,1.0));
#7577=DIRECTION('',(1.0,0.0,0.0));
#7578=AXIS2_PLACEMENT_3D('',#7575,#7576,#7577);
#7579=CIRCLE('',#7578,0.003937007874016);
#7580=EDGE_CURVE('',#7574,#7574,#7579,.T.);
#7581=ORIENTED_EDGE('',*,*,#7580,.T.);
#7582=EDGE_LOOP('',(#7581));
#7583=FACE_OUTER_BOUND('',#7582,.T.);
#7584=CARTESIAN_POINT('',(-0.015748031496063,0.18503937007874,0.309068897248991));
#7585=VERTEX_POINT('',#7584);
#7586=CARTESIAN_POINT('',(1.842941E-030,0.18503937007874,0.309068897248991));
#7587=DIRECTION('',(0.0,0.0,-1.0));
#7588=DIRECTION('',(1.0,0.0,0.0));
#7589=AXIS2_PLACEMENT_3D('',#7586,#7587,#7588);
#7590=CIRCLE('',#7589,0.015748031496063);
#7591=EDGE_CURVE('',#7585,#7585,#7590,.T.);
#7592=ORIENTED_EDGE('',*,*,#7591,.T.);
#7593=EDGE_LOOP('',(#7592));
#7594=FACE_BOUND('',#7593,.T.);
#7595=ADVANCED_FACE('',(#7583,#7594),#7572,.T.);
#7596=CARTESIAN_POINT('',(1.842730E-030,0.18503937007874,0.39381299173718));
#7597=DIRECTION('',(0.0,0.0,-1.0));
#7598=DIRECTION('',(-1.0,0.0,0.0));
#7599=AXIS2_PLACEMENT_3D('',#7596,#7597,#7598);
#7600=CYLINDRICAL_SURFACE('',#7599,0.015748031496063);
#7601=ORIENTED_EDGE('',*,*,#7591,.F.);
#7602=EDGE_LOOP('',(#7601));
#7603=FACE_OUTER_BOUND('',#7602,.T.);
#7604=ORIENTED_EDGE('',*,*,#7364,.F.);
#7605=EDGE_LOOP('',(#7604));
#7606=FACE_BOUND('',#7605,.T.);
#7607=ADVANCED_FACE('',(#7603,#7606),#7600,.T.);
#7608=CARTESIAN_POINT('',(-0.004330708661418,0.180708661417322,0.297257873626944));
#7609=DIRECTION('',(0.0,0.0,1.0));
#7610=DIRECTION('',(1.0,0.0,0.0));
#7611=AXIS2_PLACEMENT_3D('',#7608,#7609,#7610);
#7612=PLANE('',#7611);
#7613=ORIENTED_EDGE('',*,*,#7580,.F.);
#7614=EDGE_LOOP('',(#7613));
#7615=FACE_OUTER_BOUND('',#7614,.T.);
#7616=ADVANCED_FACE('',(#7615),#7612,.F.);
#7617=CARTESIAN_POINT('',(0.114173228346457,-0.16240157480315,0.431032913062887));
#7618=DIRECTION('',(1.0,0.0,0.0));
#7619=DIRECTION('',(0.0,0.0,-1.0));
#7620=AXIS2_PLACEMENT_3D('',#7617,#7618,#7619);
#7621=PLANE('',#7620);
#7622=ORIENTED_EDGE('',*,*,#6054,.T.);
#7623=ORIENTED_EDGE('',*,*,#6071,.F.);
#7624=CARTESIAN_POINT('',(0.114173228346457,0.147637795275591,0.429068372377333));
#7625=DIRECTION('',(0.0,0.0,-1.0));
#7626=VECTOR('',#7625,0.039290813711019);
#7627=LINE('',#7624,#7626);
#7628=EDGE_CURVE('',#6065,#7342,#7627,.T.);
#7629=ORIENTED_EDGE('',*,*,#7628,.T.);
#7630=ORIENTED_EDGE('',*,*,#7347,.F.);
#7631=ORIENTED_EDGE('',*,*,#7415,.F.);
#7632=ORIENTED_EDGE('',*,*,#6030,.T.);
#7633=EDGE_LOOP('',(#7622,#7623,#7629,#7630,#7631,#7632));
#7634=FACE_OUTER_BOUND('',#7633,.T.);
#7635=ADVANCED_FACE('',(#7634),#7621,.F.);
#7636=CARTESIAN_POINT('',(0.125590551181103,0.147637795275591,0.431032913062887));
#7637=DIRECTION('',(0.0,1.0,0.0));
#7638=DIRECTION('',(0.0,0.0,1.0));
#7639=AXIS2_PLACEMENT_3D('',#7636,#7637,#7638);
#7640=PLANE('',#7639);
#7641=ORIENTED_EDGE('',*,*,#6103,.T.);
#7642=ORIENTED_EDGE('',*,*,#5892,.T.);
#7643=ORIENTED_EDGE('',*,*,#7398,.T.);
#7644=ORIENTED_EDGE('',*,*,#7353,.F.);
#7645=ORIENTED_EDGE('',*,*,#7628,.F.);
#7646=ORIENTED_EDGE('',*,*,#6088,.F.);
#7647=EDGE_LOOP('',(#7641,#7642,#7643,#7644,#7645,#7646));
#7648=FACE_OUTER_BOUND('',#7647,.T.);
#7649=ADVANCED_FACE('',(#7648),#7640,.F.);
#7650=CARTESIAN_POINT('',(0.108267716535433,0.164705418020666,0.399620078351353));
#7651=DIRECTION('',(1.0,0.0,0.0));
#7652=DIRECTION('',(0.0,0.0,-1.0));
#7653=AXIS2_PLACEMENT_3D('',#7650,#7651,#7652);
#7654=PLANE('',#7653);
#7655=ORIENTED_EDGE('',*,*,#6809,.F.);
#7656=ORIENTED_EDGE('',*,*,#7274,.F.);
#7657=ORIENTED_EDGE('',*,*,#7214,.F.);
#7658=ORIENTED_EDGE('',*,*,#6521,.F.);
#7659=EDGE_LOOP('',(#7655,#7656,#7657,#7658));
#7660=FACE_OUTER_BOUND('',#7659,.T.);
#7661=ADVANCED_FACE('',(#7660),#7654,.F.);
#7662=CARTESIAN_POINT('',(0.128851619682525,0.039253547527527,0.399620078351353));
#7663=DIRECTION('',(1.0,0.0,0.0));
#7664=DIRECTION('',(0.0,0.0,-1.0));
#7665=AXIS2_PLACEMENT_3D('',#7662,#7663,#7664);
#7666=PLANE('',#7665);
#7667=ORIENTED_EDGE('',*,*,#6827,.F.);
#7668=ORIENTED_EDGE('',*,*,#6495,.F.);
#7669=CARTESIAN_POINT('',(0.128851619682525,0.044227225616767,0.192927164965526));
#7670=DIRECTION('',(0.0,0.0,1.0));
#7671=VECTOR('',#7670,0.196850393700788);
#7672=LINE('',#7669,#7671);
#7673=EDGE_CURVE('',#6481,#7279,#7672,.T.);
#7674=ORIENTED_EDGE('',*,*,#7673,.T.);
#7675=ORIENTED_EDGE('',*,*,#7284,.F.);
#7676=EDGE_LOOP('',(#7667,#7668,#7674,#7675));
#7677=FACE_OUTER_BOUND('',#7676,.T.);
#7678=ADVANCED_FACE('',(#7677),#7666,.F.);
#7679=CARTESIAN_POINT('',(-0.063990072813392,-6.086398E-018,0.183084645280487));
#7680=DIRECTION('',(0.0,0.0,1.0));
#7681=DIRECTION('',(-0.974694515907485,-0.223541049160716,0.0));
#7682=AXIS2_PLACEMENT_3D('',#7679,#7680,#7681);
#7683=CYLINDRICAL_SURFACE('',#7682,0.197848340529928);
#7684=ORIENTED_EDGE('',*,*,#7291,.F.);
#7685=ORIENTED_EDGE('',*,*,#7673,.F.);
#7686=ORIENTED_EDGE('',*,*,#6487,.F.);
#7687=ORIENTED_EDGE('',*,*,#7181,.T.);
#7688=EDGE_LOOP('',(#7684,#7685,#7686,#7687));
#7689=FACE_OUTER_BOUND('',#7688,.T.);
#7690=ADVANCED_FACE('',(#7689),#7683,.F.);
#7691=CARTESIAN_POINT('',(-0.128851619682525,-0.148674465490816,0.183084645280487));
#7692=DIRECTION('',(-1.0,0.0,0.0));
#7693=DIRECTION('',(0.0,0.0,1.0));
#7694=AXIS2_PLACEMENT_3D('',#7691,#7692,#7693);
#7695=PLANE('',#7694);
#7696=ORIENTED_EDGE('',*,*,#7084,.F.);
#7697=ORIENTED_EDGE('',*,*,#6392,.F.);
#7698=CARTESIAN_POINT('',(-0.128851619682525,-0.044227225616766,0.192927164965526));
#7699=DIRECTION('',(0.0,0.0,1.0));
#7700=VECTOR('',#7699,0.196850393700788);
#7701=LINE('',#7698,#7700);
#7702=EDGE_CURVE('',#6378,#7304,#7701,.T.);
#7703=ORIENTED_EDGE('',*,*,#7702,.T.);
#7704=ORIENTED_EDGE('',*,*,#7309,.F.);
#7705=EDGE_LOOP('',(#7696,#7697,#7703,#7704));
#7706=FACE_OUTER_BOUND('',#7705,.T.);
#7707=ADVANCED_FACE('',(#7706),#7695,.F.);
#7708=CARTESIAN_POINT('',(0.063990072813392,-6.086398E-018,0.183084645280487));
#7709=DIRECTION('',(0.0,0.0,1.0));
#7710=DIRECTION('',(0.974694515907486,0.223541049160711,0.0));
#7711=AXIS2_PLACEMENT_3D('',#7708,#7709,#7710);
#7712=CYLINDRICAL_SURFACE('',#7711,0.197848340529928);
#7713=ORIENTED_EDGE('',*,*,#7316,.F.);
#7714=ORIENTED_EDGE('',*,*,#7702,.F.);
#7715=ORIENTED_EDGE('',*,*,#6384,.F.);
#7716=ORIENTED_EDGE('',*,*,#7065,.T.);
#7717=EDGE_LOOP('',(#7713,#7714,#7715,#7716));
#7718=FACE_OUTER_BOUND('',#7717,.T.);
#7719=ADVANCED_FACE('',(#7718),#7712,.F.);
#7720=CARTESIAN_POINT('',(0.138582677165354,-0.206889763779528,0.417336613784424));
#7721=DIRECTION('',(0.0,0.0,-1.0));
#7722=DIRECTION('',(-1.0,0.0,0.0));
#7723=AXIS2_PLACEMENT_3D('',#7720,#7721,#7722);
#7724=PLANE('',#7723);
#7725=ORIENTED_EDGE('',*,*,#4096,.T.);
#7726=ORIENTED_EDGE('',*,*,#4578,.F.);
#7727=ORIENTED_EDGE('',*,*,#2356,.F.);
#7728=ORIENTED_EDGE('',*,*,#4640,.F.);
#7729=EDGE_LOOP('',(#7725,#7726,#7727,#7728));
#7730=FACE_OUTER_BOUND('',#7729,.T.);
#7731=ADVANCED_FACE('',(#7730),#7724,.F.);
#7732=CARTESIAN_POINT('',(-0.125250332401701,0.179133858267717,0.177179133469463));
#7733=DIRECTION('',(0.0,-1.0,0.0));
#7734=DIRECTION('',(0.0,0.0,-1.0));
#7735=AXIS2_PLACEMENT_3D('',#7732,#7733,#7734);
#7736=PLANE('',#7735);
#7737=ORIENTED_EDGE('',*,*,#6692,.F.);
#7738=ORIENTED_EDGE('',*,*,#5779,.F.);
#7739=ORIENTED_EDGE('',*,*,#5356,.F.);
#7740=ORIENTED_EDGE('',*,*,#6311,.F.);
#7741=EDGE_LOOP('',(#7737,#7738,#7739,#7740));
#7742=FACE_OUTER_BOUND('',#7741,.T.);
#7743=ADVANCED_FACE('',(#7742),#7736,.F.);
#7744=CARTESIAN_POINT('',(0.063990072813392,-6.086398E-018,0.177179133469463));
#7745=DIRECTION('',(0.0,0.0,1.0));
#7746=DIRECTION('',(0.977788448246711,0.209594252009185,0.0));
#7747=AXIS2_PLACEMENT_3D('',#7744,#7745,#7746);
#7748=CYLINDRICAL_SURFACE('',#7747,0.225407395648038);
#7749=ORIENTED_EDGE('',*,*,#5805,.F.);
#7750=ORIENTED_EDGE('',*,*,#6708,.F.);
#7751=ORIENTED_EDGE('',*,*,#6288,.F.);
#7752=CARTESIAN_POINT('',(-0.156410674800635,-0.047244094488189,0.192927164965526));
#7753=DIRECTION('',(0.0,0.0,1.0));
#7754=VECTOR('',#7753,0.31496062992126);
#7755=LINE('',#7752,#7754);
#7756=EDGE_CURVE('',#6274,#5799,#7755,.T.);
#7757=ORIENTED_EDGE('',*,*,#7756,.T.);
#7758=EDGE_LOOP('',(#7749,#7750,#7751,#7757));
#7759=FACE_OUTER_BOUND('',#7758,.T.);
#7760=ADVANCED_FACE('',(#7759),#7748,.T.);
#7761=CARTESIAN_POINT('',(-0.156410674800635,-0.169192913385827,0.523635826382849));
#7762=DIRECTION('',(1.0,0.0,0.0));
#7763=DIRECTION('',(0.0,0.0,-1.0));
#7764=AXIS2_PLACEMENT_3D('',#7761,#7762,#7763);
#7765=PLANE('',#7764);
#7766=ORIENTED_EDGE('',*,*,#6653,.F.);
#7767=ORIENTED_EDGE('',*,*,#5813,.F.);
#7768=ORIENTED_EDGE('',*,*,#7756,.F.);
#7769=ORIENTED_EDGE('',*,*,#6279,.F.);
#7770=EDGE_LOOP('',(#7766,#7767,#7768,#7769));
#7771=FACE_OUTER_BOUND('',#7770,.T.);
#7772=ADVANCED_FACE('',(#7771),#7765,.F.);
#7773=CARTESIAN_POINT('',(-0.125984251968504,-0.203937007874016,0.523635826382849));
#7774=DIRECTION('',(1.0,0.0,0.0));
#7775=DIRECTION('',(0.0,0.0,-1.0));
#7776=AXIS2_PLACEMENT_3D('',#7773,#7774,#7775);
#7777=PLANE('',#7776);
#7778=ORIENTED_EDGE('',*,*,#4953,.F.);
#7779=ORIENTED_EDGE('',*,*,#2340,.F.);
#7780=ORIENTED_EDGE('',*,*,#5836,.F.);
#7781=ORIENTED_EDGE('',*,*,#6669,.F.);
#7782=ORIENTED_EDGE('',*,*,#6254,.F.);
#7783=CARTESIAN_POINT('',(-0.125984251968504,-0.18503937007874,0.421259842519685));
#7784=DIRECTION('',(0.0,0.0,-1.0));
#7785=VECTOR('',#7784,0.228332677554159);
#7786=LINE('',#7783,#7785);
#7787=EDGE_CURVE('',#4948,#6241,#7786,.T.);
#7788=ORIENTED_EDGE('',*,*,#7787,.F.);
#7789=EDGE_LOOP('',(#7778,#7779,#7780,#7781,#7782,#7788));
#7790=FACE_OUTER_BOUND('',#7789,.T.);
#7791=ADVANCED_FACE('',(#7790),#7777,.F.);
#7792=CARTESIAN_POINT('',(0.141396562871375,-0.179133858267717,0.523635826382849));
#7793=DIRECTION('',(0.0,1.0,0.0));
#7794=DIRECTION('',(0.0,0.0,1.0));
#7795=AXIS2_PLACEMENT_3D('',#7792,#7793,#7794);
#7796=PLANE('',#7795);
#7797=ORIENTED_EDGE('',*,*,#6575,.F.);
#7798=ORIENTED_EDGE('',*,*,#5651,.F.);
#7799=ORIENTED_EDGE('',*,*,#5401,.F.);
#7800=ORIENTED_EDGE('',*,*,#6210,.F.);
#7801=EDGE_LOOP('',(#7797,#7798,#7799,#7800));
#7802=FACE_OUTER_BOUND('',#7801,.T.);
#7803=ADVANCED_FACE('',(#7802),#7796,.F.);
#7804=CARTESIAN_POINT('',(-0.063990072813392,-6.086398E-018,0.177179133469463));
#7805=DIRECTION('',(0.0,0.0,1.0));
#7806=DIRECTION('',(-0.977788448246711,-0.209594252009185,0.0));
#7807=AXIS2_PLACEMENT_3D('',#7804,#7805,#7806);
#7808=CYLINDRICAL_SURFACE('',#7807,0.225407395648038);
#7809=ORIENTED_EDGE('',*,*,#5677,.F.);
#7810=ORIENTED_EDGE('',*,*,#6591,.F.);
#7811=ORIENTED_EDGE('',*,*,#6187,.F.);
#7812=CARTESIAN_POINT('',(0.156410674800635,0.047244094488189,0.192927164965526));
#7813=DIRECTION('',(0.0,0.0,1.0));
#7814=VECTOR('',#7813,0.31496062992126);
#7815=LINE('',#7812,#7814);
#7816=EDGE_CURVE('',#6173,#5671,#7815,.T.);
#7817=ORIENTED_EDGE('',*,*,#7816,.T.);
#7818=EDGE_LOOP('',(#7809,#7810,#7811,#7817));
#7819=FACE_OUTER_BOUND('',#7818,.T.);
#7820=ADVANCED_FACE('',(#7819),#7808,.T.);
#7821=CARTESIAN_POINT('',(0.156410674800635,0.041437007874016,0.177179133469463));
#7822=DIRECTION('',(-1.0,0.0,0.0));
#7823=DIRECTION('',(0.0,0.0,1.0));
#7824=AXIS2_PLACEMENT_3D('',#7821,#7822,#7823);
#7825=PLANE('',#7824);
#7826=ORIENTED_EDGE('',*,*,#6137,.F.);
#7827=ORIENTED_EDGE('',*,*,#5685,.F.);
#7828=ORIENTED_EDGE('',*,*,#7816,.F.);
#7829=ORIENTED_EDGE('',*,*,#6178,.F.);
#7830=EDGE_LOOP('',(#7826,#7827,#7828,#7829));
#7831=FACE_OUTER_BOUND('',#7830,.T.);
#7832=ADVANCED_FACE('',(#7831),#7825,.F.);
#7833=CARTESIAN_POINT('',(0.125984251968504,0.177952755905512,0.177179133469463));
#7834=DIRECTION('',(-1.0,0.0,0.0));
#7835=DIRECTION('',(0.0,0.0,1.0));
#7836=AXIS2_PLACEMENT_3D('',#7833,#7834,#7835);
#7837=PLANE('',#7836);
#7838=ORIENTED_EDGE('',*,*,#4825,.F.);
#7839=ORIENTED_EDGE('',*,*,#5601,.F.);
#7840=ORIENTED_EDGE('',*,*,#5708,.F.);
#7841=ORIENTED_EDGE('',*,*,#6160,.F.);
#7842=ORIENTED_EDGE('',*,*,#6344,.F.);
#7843=CARTESIAN_POINT('',(0.125984251968504,0.18503937007874,0.421259842519685));
#7844=DIRECTION('',(0.0,0.0,-1.0));
#7845=VECTOR('',#7844,0.228332677554159);
#7846=LINE('',#7843,#7845);
#7847=EDGE_CURVE('',#4820,#5115,#7846,.T.);
#7848=ORIENTED_EDGE('',*,*,#7847,.F.);
#7849=EDGE_LOOP('',(#7838,#7839,#7840,#7841,#7842,#7848));
#7850=FACE_OUTER_BOUND('',#7849,.T.);
#7851=ADVANCED_FACE('',(#7850),#7837,.F.);
#7852=CARTESIAN_POINT('',(0.202755905511811,-0.202755905511811,0.649620078351353));
#7853=DIRECTION('',(1.0,0.0,0.0));
#7854=DIRECTION('',(0.0,0.0,-1.0));
#7855=AXIS2_PLACEMENT_3D('',#7852,#7853,#7854);
#7856=PLANE('',#7855);
#7857=ORIENTED_EDGE('',*,*,#1766,.T.);
#7858=ORIENTED_EDGE('',*,*,#2241,.T.);
#7859=ORIENTED_EDGE('',*,*,#5461,.T.);
#7860=ORIENTED_EDGE('',*,*,#5425,.T.);
#7861=ORIENTED_EDGE('',*,*,#1789,.T.);
#7862=ORIENTED_EDGE('',*,*,#1703,.T.);
#7863=ORIENTED_EDGE('',*,*,#1028,.T.);
#7864=ORIENTED_EDGE('',*,*,#1817,.T.);
#7865=EDGE_LOOP('',(#7857,#7858,#7859,#7860,#7861,#7862,#7863,#7864));
#7866=FACE_OUTER_BOUND('',#7865,.T.);
#7867=ADVANCED_FACE('',(#7866),#7856,.T.);
#7868=CARTESIAN_POINT('',(-0.125984251968504,0.20255905511811,0.417140452347661));
#7869=DIRECTION('',(-1.0,0.0,0.0));
#7870=DIRECTION('',(0.0,0.0,1.0));
#7871=AXIS2_PLACEMENT_3D('',#7868,#7869,#7870);
#7872=PLANE('',#7871);
#7873=ORIENTED_EDGE('',*,*,#4237,.T.);
#7874=ORIENTED_EDGE('',*,*,#4935,.F.);
#7875=ORIENTED_EDGE('',*,*,#5609,.T.);
#7876=ORIENTED_EDGE('',*,*,#5073,.T.);
#7877=EDGE_LOOP('',(#7873,#7874,#7875,#7876));
#7878=FACE_OUTER_BOUND('',#7877,.T.);
#7879=ADVANCED_FACE('',(#7878),#7872,.F.);
#7880=CARTESIAN_POINT('',(0.243149606299212,-0.090354330708662,-0.178529173864228));
#7881=DIRECTION('',(0.0,0.866025403784438,-0.5));
#7882=DIRECTION('',(-1.0,0.0,0.0));
#7883=AXIS2_PLACEMENT_3D('',#7880,#7881,#7882);
#7884=PLANE('',#7883);
#7885=CARTESIAN_POINT('',(0.22992125984252,-0.089566929133858,-0.177165354330709));
#7886=VERTEX_POINT('',#7885);
#7887=CARTESIAN_POINT('',(0.22992125984252,-0.073818897637795,-0.149888963660333));
#7888=VERTEX_POINT('',#7887);
#7889=CARTESIAN_POINT('',(0.22992125984252,-0.089566929133858,-0.177165354330709));
#7890=DIRECTION('',(0.0,0.5,0.866025403784439));
#7891=VECTOR('',#7890,0.031496062992126);
#7892=LINE('',#7889,#7891);
#7893=EDGE_CURVE('',#7886,#7888,#7892,.T.);
#7894=ORIENTED_EDGE('',*,*,#7893,.T.);
#7895=CARTESIAN_POINT('',(0.24251968503937,-0.073818897637795,-0.149888963660333));
#7896=VERTEX_POINT('',#7895);
#7897=CARTESIAN_POINT('',(0.22992125984252,-0.073818897637795,-0.149888963660333));
#7898=DIRECTION('',(1.0,0.0,0.0));
#7899=VECTOR('',#7898,0.01259842519685);
#7900=LINE('',#7897,#7899);
#7901=EDGE_CURVE('',#7888,#7896,#7900,.T.);
#7902=ORIENTED_EDGE('',*,*,#7901,.T.);
#7903=CARTESIAN_POINT('',(0.24251968503937,-0.089566929133858,-0.177165354330709));
#7904=VERTEX_POINT('',#7903);
#7905=CARTESIAN_POINT('',(0.24251968503937,-0.073818897637795,-0.149888963660333));
#7906=DIRECTION('',(0.0,-0.500000000000001,-0.866025403784438));
#7907=VECTOR('',#7906,0.031496062992126);
#7908=LINE('',#7905,#7907);
#7909=EDGE_CURVE('',#7896,#7904,#7908,.T.);
#7910=ORIENTED_EDGE('',*,*,#7909,.T.);
#7911=CARTESIAN_POINT('',(0.24251968503937,-0.089566929133858,-0.177165354330709));
#7912=DIRECTION('',(-1.0,0.0,0.0));
#7913=VECTOR('',#7912,0.01259842519685);
#7914=LINE('',#7911,#7913);
#7915=EDGE_CURVE('',#7904,#7886,#7914,.T.);
#7916=ORIENTED_EDGE('',*,*,#7915,.T.);
#7917=EDGE_LOOP('',(#7894,#7902,#7910,#7916));
#7918=FACE_OUTER_BOUND('',#7917,.T.);
#7919=ADVANCED_FACE('',(#7918),#7884,.T.);
#7920=CARTESIAN_POINT('',(0.22992125984252,-0.125492125984252,-0.186023622047244));
#7921=DIRECTION('',(-1.0,0.0,0.0));
#7922=DIRECTION('',(0.0,0.0,1.0));
#7923=AXIS2_PLACEMENT_3D('',#7920,#7921,#7922);
#7924=PLANE('',#7923);
#7925=ORIENTED_EDGE('',*,*,#7893,.F.);
#7926=CARTESIAN_POINT('',(0.22992125984252,-0.107283464566929,-0.177165354330709));
#7927=VERTEX_POINT('',#7926);
#7928=CARTESIAN_POINT('',(0.22992125984252,-0.089566929133858,-0.177165354330709));
#7929=DIRECTION('',(0.0,-1.0,0.0));
#7930=VECTOR('',#7929,0.017716535433071);
#7931=LINE('',#7928,#7930);
#7932=EDGE_CURVE('',#7886,#7927,#7931,.T.);
#7933=ORIENTED_EDGE('',*,*,#7932,.T.);
#7934=CARTESIAN_POINT('',(0.22992125984252,-0.123031496062992,-0.149888963660333));
#7935=VERTEX_POINT('',#7934);
#7936=CARTESIAN_POINT('',(0.22992125984252,-0.123031496062992,-0.149888963660333));
#7937=DIRECTION('',(0.0,0.5,-0.866025403784438));
#7938=VECTOR('',#7937,0.031496062992126);
#7939=LINE('',#7936,#7938);
#7940=EDGE_CURVE('',#7935,#7927,#7939,.T.);
#7941=ORIENTED_EDGE('',*,*,#7940,.F.);
#7942=CARTESIAN_POINT('',(0.22992125984252,-0.123031496062992,0.0));
#7943=VERTEX_POINT('',#7942);
#7944=CARTESIAN_POINT('',(0.22992125984252,-0.123031496062992,0.0));
#7945=DIRECTION('',(0.0,0.0,-1.0));
#7946=VECTOR('',#7945,0.149888963660333);
#7947=LINE('',#7944,#7946);
#7948=EDGE_CURVE('',#7943,#7935,#7947,.T.);
#7949=ORIENTED_EDGE('',*,*,#7948,.F.);
#7950=CARTESIAN_POINT('',(0.22992125984252,-0.073818897637795,0.0));
#7951=VERTEX_POINT('',#7950);
#7952=CARTESIAN_POINT('',(0.22992125984252,-0.073818897637795,0.0));
#7953=DIRECTION('',(0.0,-1.0,0.0));
#7954=VECTOR('',#7953,0.049212598425197);
#7955=LINE('',#7952,#7954);
#7956=EDGE_CURVE('',#7951,#7943,#7955,.T.);
#7957=ORIENTED_EDGE('',*,*,#7956,.F.);
#7958=CARTESIAN_POINT('',(0.22992125984252,-0.073818897637795,0.0));
#7959=DIRECTION('',(0.0,0.0,-1.0));
#7960=VECTOR('',#7959,0.149888963660333);
#7961=LINE('',#7958,#7960);
#7962=EDGE_CURVE('',#7951,#7888,#7961,.T.);
#7963=ORIENTED_EDGE('',*,*,#7962,.T.);
#7964=EDGE_LOOP('',(#7925,#7933,#7941,#7949,#7957,#7963));
#7965=FACE_OUTER_BOUND('',#7964,.T.);
#7966=ADVANCED_FACE('',(#7965),#7924,.T.);
#7967=CARTESIAN_POINT('',(0.229291338582678,-0.108169291338583,-0.177165354330709));
#7968=DIRECTION('',(0.0,0.0,1.0));
#7969=DIRECTION('',(1.0,0.0,0.0));
#7970=AXIS2_PLACEMENT_3D('',#7967,#7968,#7969);
#7971=PLANE('',#7970);
#7972=ORIENTED_EDGE('',*,*,#7915,.F.);
#7973=CARTESIAN_POINT('',(0.24251968503937,-0.107283464566929,-0.177165354330709));
#7974=VERTEX_POINT('',#7973);
#7975=CARTESIAN_POINT('',(0.24251968503937,-0.107283464566929,-0.177165354330709));
#7976=DIRECTION('',(0.0,1.0,0.0));
#7977=VECTOR('',#7976,0.017716535433071);
#7978=LINE('',#7975,#7977);
#7979=EDGE_CURVE('',#7974,#7904,#7978,.T.);
#7980=ORIENTED_EDGE('',*,*,#7979,.F.);
#7981=CARTESIAN_POINT('',(0.22992125984252,-0.107283464566929,-0.177165354330709));
#7982=DIRECTION('',(1.0,0.0,0.0));
#7983=VECTOR('',#7982,0.01259842519685);
#7984=LINE('',#7981,#7983);
#7985=EDGE_CURVE('',#7927,#7974,#7984,.T.);
#7986=ORIENTED_EDGE('',*,*,#7985,.F.);
#7987=ORIENTED_EDGE('',*,*,#7932,.F.);
#7988=EDGE_LOOP('',(#7972,#7980,#7986,#7987));
#7989=FACE_OUTER_BOUND('',#7988,.T.);
#7990=ADVANCED_FACE('',(#7989),#7971,.F.);
#7991=CARTESIAN_POINT('',(0.229291338582678,-0.123818897637796,-0.148525144126814));
#7992=DIRECTION('',(0.0,-0.866025403784439,-0.5));
#7993=DIRECTION('',(0.0,0.5,-0.866025403784439));
#7994=AXIS2_PLACEMENT_3D('',#7991,#7992,#7993);
#7995=PLANE('',#7994);
#7996=CARTESIAN_POINT('',(0.24251968503937,-0.123031496062992,-0.149888963660333));
#7997=VERTEX_POINT('',#7996);
#7998=CARTESIAN_POINT('',(0.24251968503937,-0.107283464566929,-0.177165354330709));
#7999=DIRECTION('',(0.0,-0.499999999999999,0.866025403784439));
#8000=VECTOR('',#7999,0.031496062992126);
#8001=LINE('',#7998,#8000);
#8002=EDGE_CURVE('',#7974,#7997,#8001,.T.);
#8003=ORIENTED_EDGE('',*,*,#8002,.T.);
#8004=CARTESIAN_POINT('',(0.24251968503937,-0.123031496062992,-0.149888963660333));
#8005=DIRECTION('',(-1.0,0.0,0.0));
#8006=VECTOR('',#8005,0.01259842519685);
#8007=LINE('',#8004,#8006);
#8008=EDGE_CURVE('',#7997,#7935,#8007,.T.);
#8009=ORIENTED_EDGE('',*,*,#8008,.T.);
#8010=ORIENTED_EDGE('',*,*,#7940,.T.);
#8011=ORIENTED_EDGE('',*,*,#7985,.T.);
#8012=EDGE_LOOP('',(#8003,#8009,#8010,#8011));
#8013=FACE_OUTER_BOUND('',#8012,.T.);
#8014=ADVANCED_FACE('',(#8013),#7995,.T.);
#8015=CARTESIAN_POINT('',(0.202165354330709,0.105511811023622,-0.178529173864228));
#8016=DIRECTION('',(0.0,0.866025403784439,-0.5));
#8017=DIRECTION('',(0.0,0.5,0.866025403784439));
#8018=AXIS2_PLACEMENT_3D('',#8015,#8016,#8017);
#8019=PLANE('',#8018);
#8020=CARTESIAN_POINT('',(0.202755905511811,0.106299212598425,-0.177165354330709));
#8021=VERTEX_POINT('',#8020);
#8022=CARTESIAN_POINT('',(0.202755905511811,0.122047244094488,-0.149888963660333));
#8023=VERTEX_POINT('',#8022);
#8024=CARTESIAN_POINT('',(0.202755905511811,0.106299212598425,-0.177165354330709));
#8025=DIRECTION('',(0.0,0.5,0.866025403784439));
#8026=VECTOR('',#8025,0.031496062992126);
#8027=LINE('',#8024,#8026);
#8028=EDGE_CURVE('',#8021,#8023,#8027,.T.);
#8029=ORIENTED_EDGE('',*,*,#8028,.T.);
#8030=CARTESIAN_POINT('',(0.214566929133858,0.122047244094488,-0.149888963660333));
#8031=VERTEX_POINT('',#8030);
#8032=CARTESIAN_POINT('',(0.202755905511811,0.122047244094488,-0.149888963660333));
#8033=DIRECTION('',(1.0,0.0,0.0));
#8034=VECTOR('',#8033,0.011811023622047);
#8035=LINE('',#8032,#8034);
#8036=EDGE_CURVE('',#8023,#8031,#8035,.T.);
#8037=ORIENTED_EDGE('',*,*,#8036,.T.);
#8038=CARTESIAN_POINT('',(0.214566929133858,0.106299212598425,-0.177165354330709));
#8039=VERTEX_POINT('',#8038);
#8040=CARTESIAN_POINT('',(0.214566929133858,0.122047244094488,-0.149888963660333));
#8041=DIRECTION('',(0.0,-0.500000000000001,-0.866025403784438));
#8042=VECTOR('',#8041,0.031496062992126);
#8043=LINE('',#8040,#8042);
#8044=EDGE_CURVE('',#8031,#8039,#8043,.T.);
#8045=ORIENTED_EDGE('',*,*,#8044,.T.);
#8046=CARTESIAN_POINT('',(0.214566929133858,0.106299212598425,-0.177165354330709));
#8047=DIRECTION('',(-1.0,0.0,0.0));
#8048=VECTOR('',#8047,0.011811023622047);
#8049=LINE('',#8046,#8048);
#8050=EDGE_CURVE('',#8039,#8021,#8049,.T.);
#8051=ORIENTED_EDGE('',*,*,#8050,.T.);
#8052=EDGE_LOOP('',(#8029,#8037,#8045,#8051));
#8053=FACE_OUTER_BOUND('',#8052,.T.);
#8054=ADVANCED_FACE('',(#8053),#8019,.T.);
#8055=CARTESIAN_POINT('',(0.202755905511811,0.07244094488189,-0.186023622047244));
#8056=DIRECTION('',(-1.0,0.0,0.0));
#8057=DIRECTION('',(0.0,0.0,1.0));
#8058=AXIS2_PLACEMENT_3D('',#8055,#8056,#8057);
#8059=PLANE('',#8058);
#8060=ORIENTED_EDGE('',*,*,#8028,.F.);
#8061=CARTESIAN_POINT('',(0.202755905511811,0.090551181102362,-0.177165354330709));
#8062=VERTEX_POINT('',#8061);
#8063=CARTESIAN_POINT('',(0.202755905511811,0.106299212598425,-0.177165354330709));
#8064=DIRECTION('',(0.0,-1.0,0.0));
#8065=VECTOR('',#8064,0.015748031496063);
#8066=LINE('',#8063,#8065);
#8067=EDGE_CURVE('',#8021,#8062,#8066,.T.);
#8068=ORIENTED_EDGE('',*,*,#8067,.T.);
#8069=CARTESIAN_POINT('',(0.202755905511811,0.074803149606299,-0.149888963660333));
#8070=VERTEX_POINT('',#8069);
#8071=CARTESIAN_POINT('',(0.202755905511811,0.074803149606299,-0.149888963660333));
#8072=DIRECTION('',(0.0,0.5,-0.866025403784439));
#8073=VECTOR('',#8072,0.031496062992126);
#8074=LINE('',#8071,#8073);
#8075=EDGE_CURVE('',#8070,#8062,#8074,.T.);
#8076=ORIENTED_EDGE('',*,*,#8075,.F.);
#8077=CARTESIAN_POINT('',(0.202755905511811,0.074803149606299,0.0));
#8078=VERTEX_POINT('',#8077);
#8079=CARTESIAN_POINT('',(0.202755905511811,0.074803149606299,0.0));
#8080=DIRECTION('',(0.0,0.0,-1.0));
#8081=VECTOR('',#8080,0.149888963660333);
#8082=LINE('',#8079,#8081);
#8083=EDGE_CURVE('',#8078,#8070,#8082,.T.);
#8084=ORIENTED_EDGE('',*,*,#8083,.F.);
#8085=CARTESIAN_POINT('',(0.202755905511811,0.122047244094488,0.0));
#8086=VERTEX_POINT('',#8085);
#8087=CARTESIAN_POINT('',(0.202755905511811,0.122047244094488,0.0));
#8088=DIRECTION('',(0.0,-1.0,0.0));
#8089=VECTOR('',#8088,0.047244094488189);
#8090=LINE('',#8087,#8089);
#8091=EDGE_CURVE('',#8086,#8078,#8090,.T.);
#8092=ORIENTED_EDGE('',*,*,#8091,.F.);
#8093=CARTESIAN_POINT('',(0.202755905511811,0.122047244094488,0.0));
#8094=DIRECTION('',(0.0,0.0,-1.0));
#8095=VECTOR('',#8094,0.149888963660333);
#8096=LINE('',#8093,#8095);
#8097=EDGE_CURVE('',#8086,#8023,#8096,.T.);
#8098=ORIENTED_EDGE('',*,*,#8097,.T.);
#8099=EDGE_LOOP('',(#8060,#8068,#8076,#8084,#8092,#8098));
#8100=FACE_OUTER_BOUND('',#8099,.T.);
#8101=ADVANCED_FACE('',(#8100),#8059,.T.);
#8102=CARTESIAN_POINT('',(0.202165354330709,0.089763779527559,-0.177165354330709));
#8103=DIRECTION('',(0.0,0.0,1.0));
#8104=DIRECTION('',(1.0,0.0,0.0));
#8105=AXIS2_PLACEMENT_3D('',#8102,#8103,#8104);
#8106=PLANE('',#8105);
#8107=ORIENTED_EDGE('',*,*,#8050,.F.);
#8108=CARTESIAN_POINT('',(0.214566929133858,0.090551181102362,-0.177165354330709));
#8109=VERTEX_POINT('',#8108);
#8110=CARTESIAN_POINT('',(0.214566929133858,0.090551181102362,-0.177165354330709));
#8111=DIRECTION('',(0.0,1.0,0.0));
#8112=VECTOR('',#8111,0.015748031496063);
#8113=LINE('',#8110,#8112);
#8114=EDGE_CURVE('',#8109,#8039,#8113,.T.);
#8115=ORIENTED_EDGE('',*,*,#8114,.F.);
#8116=CARTESIAN_POINT('',(0.202755905511811,0.090551181102362,-0.177165354330709));
#8117=DIRECTION('',(1.0,0.0,0.0));
#8118=VECTOR('',#8117,0.011811023622047);
#8119=LINE('',#8116,#8118);
#8120=EDGE_CURVE('',#8062,#8109,#8119,.T.);
#8121=ORIENTED_EDGE('',*,*,#8120,.F.);
#8122=ORIENTED_EDGE('',*,*,#8067,.F.);
#8123=EDGE_LOOP('',(#8107,#8115,#8121,#8122));
#8124=FACE_OUTER_BOUND('',#8123,.T.);
#8125=ADVANCED_FACE('',(#8124),#8106,.F.);
#8126=CARTESIAN_POINT('',(0.202165354330709,0.074015748031496,-0.148525144126814));
#8127=DIRECTION('',(0.0,-0.866025403784439,-0.5));
#8128=DIRECTION('',(0.0,0.5,-0.866025403784439));
#8129=AXIS2_PLACEMENT_3D('',#8126,#8127,#8128);
#8130=PLANE('',#8129);
#8131=CARTESIAN_POINT('',(0.214566929133858,0.074803149606299,-0.149888963660333));
#8132=VERTEX_POINT('',#8131);
#8133=CARTESIAN_POINT('',(0.214566929133858,0.090551181102362,-0.177165354330709));
#8134=DIRECTION('',(0.0,-0.500000000000001,0.866025403784438));
#8135=VECTOR('',#8134,0.031496062992126);
#8136=LINE('',#8133,#8135);
#8137=EDGE_CURVE('',#8109,#8132,#8136,.T.);
#8138=ORIENTED_EDGE('',*,*,#8137,.T.);
#8139=CARTESIAN_POINT('',(0.214566929133858,0.074803149606299,-0.149888963660333));
#8140=DIRECTION('',(-1.0,0.0,0.0));
#8141=VECTOR('',#8140,0.011811023622047);
#8142=LINE('',#8139,#8141);
#8143=EDGE_CURVE('',#8132,#8070,#8142,.T.);
#8144=ORIENTED_EDGE('',*,*,#8143,.T.);
#8145=ORIENTED_EDGE('',*,*,#8075,.T.);
#8146=ORIENTED_EDGE('',*,*,#8120,.T.);
#8147=EDGE_LOOP('',(#8138,#8144,#8145,#8146));
#8148=FACE_OUTER_BOUND('',#8147,.T.);
#8149=ADVANCED_FACE('',(#8148),#8130,.T.);
#8150=CARTESIAN_POINT('',(-0.000393700787402,0.111220472440945,-0.157874015748032));
#8151=DIRECTION('',(0.0,-1.0,0.0));
#8152=DIRECTION('',(0.707106781186548,0.0,0.707106781186547));
#8153=AXIS2_PLACEMENT_3D('',#8150,#8151,#8152);
#8154=CYLINDRICAL_SURFACE('',#8153,0.019291338582677);
#8155=CARTESIAN_POINT('',(-0.000393700787402,0.090551181102362,-0.177165354330709));
#8156=VERTEX_POINT('',#8155);
#8157=CARTESIAN_POINT('',(-0.019685039370079,0.090551181102362,-0.157874015748032));
#8158=VERTEX_POINT('',#8157);
#8159=CARTESIAN_POINT('',(-0.000393700787402,0.090551181102362,-0.157874015748032));
#8160=DIRECTION('',(0.0,1.0,0.0));
#8161=DIRECTION('',(-0.707106781186548,0.0,-0.707106781186547));
#8162=AXIS2_PLACEMENT_3D('',#8159,#8160,#8161);
#8163=CIRCLE('',#8162,0.019291338582677);
#8164=EDGE_CURVE('',#8156,#8158,#8163,.T.);
#8165=ORIENTED_EDGE('',*,*,#8164,.T.);
#8166=CARTESIAN_POINT('',(-0.019685039370079,0.110236220472441,-0.157874015748032));
#8167=VERTEX_POINT('',#8166);
#8168=CARTESIAN_POINT('',(-0.019685039370079,0.090551181102362,-0.157874015748032));
#8169=DIRECTION('',(0.0,1.0,0.0));
#8170=VECTOR('',#8169,0.019685039370079);
#8171=LINE('',#8168,#8170);
#8172=EDGE_CURVE('',#8158,#8167,#8171,.T.);
#8173=ORIENTED_EDGE('',*,*,#8172,.T.);
#8174=CARTESIAN_POINT('',(-0.000393700787402,0.110236220472441,-0.177165354330709));
#8175=VERTEX_POINT('',#8174);
#8176=CARTESIAN_POINT('',(-0.000393700787402,0.110236220472441,-0.157874015748032));
#8177=DIRECTION('',(0.0,-1.0,0.0));
#8178=DIRECTION('',(-0.707106781186548,0.0,-0.707106781186547));
#8179=AXIS2_PLACEMENT_3D('',#8176,#8177,#8178);
#8180=CIRCLE('',#8179,0.019291338582677);
#8181=EDGE_CURVE('',#8167,#8175,#8180,.T.);
#8182=ORIENTED_EDGE('',*,*,#8181,.T.);
#8183=CARTESIAN_POINT('',(-0.000393700787402,0.110236220472441,-0.177165354330709));
#8184=DIRECTION('',(0.0,-1.0,0.0));
#8185=VECTOR('',#8184,0.019685039370079);
#8186=LINE('',#8183,#8185);
#8187=EDGE_CURVE('',#8175,#8156,#8186,.T.);
#8188=ORIENTED_EDGE('',*,*,#8187,.T.);
#8189=EDGE_LOOP('',(#8165,#8173,#8182,#8188));
#8190=FACE_OUTER_BOUND('',#8189,.T.);
#8191=ADVANCED_FACE('',(#8190),#8154,.T.);
#8192=CARTESIAN_POINT('',(-0.000433070866142,0.089566929133858,-0.177165354330709));
#8193=DIRECTION('',(0.0,0.0,1.0));
#8194=DIRECTION('',(1.0,0.0,0.0));
#8195=AXIS2_PLACEMENT_3D('',#8192,#8193,#8194);
#8196=PLANE('',#8195);
#8197=ORIENTED_EDGE('',*,*,#8187,.F.);
#8198=CARTESIAN_POINT('',(0.000393700787402,0.110236220472441,-0.177165354330709));
#8199=VERTEX_POINT('',#8198);
#8200=CARTESIAN_POINT('',(0.000393700787402,0.110236220472441,-0.177165354330709));
#8201=DIRECTION('',(-1.0,0.0,0.0));
#8202=VECTOR('',#8201,0.000787401574804);
#8203=LINE('',#8200,#8202);
#8204=EDGE_CURVE('',#8199,#8175,#8203,.T.);
#8205=ORIENTED_EDGE('',*,*,#8204,.F.);
#8206=CARTESIAN_POINT('',(0.000393700787402,0.090551181102362,-0.177165354330709));
#8207=VERTEX_POINT('',#8206);
#8208=CARTESIAN_POINT('',(0.000393700787402,0.090551181102362,-0.177165354330709));
#8209=DIRECTION('',(0.0,1.0,0.0));
#8210=VECTOR('',#8209,0.019685039370079);
#8211=LINE('',#8208,#8210);
#8212=EDGE_CURVE('',#8207,#8199,#8211,.T.);
#8213=ORIENTED_EDGE('',*,*,#8212,.F.);
#8214=CARTESIAN_POINT('',(-0.000393700787402,0.090551181102362,-0.177165354330709));
#8215=DIRECTION('',(1.0,0.0,0.0));
#8216=VECTOR('',#8215,0.000787401574804);
#8217=LINE('',#8214,#8216);
#8218=EDGE_CURVE('',#8156,#8207,#8217,.T.);
#8219=ORIENTED_EDGE('',*,*,#8218,.F.);
#8220=EDGE_LOOP('',(#8197,#8205,#8213,#8219));
#8221=FACE_OUTER_BOUND('',#8220,.T.);
#8222=ADVANCED_FACE('',(#8221),#8196,.F.);
#8223=CARTESIAN_POINT('',(-0.021653543307087,0.110236220472441,-0.186023622047244));
#8224=DIRECTION('',(0.0,1.0,0.0));
#8225=DIRECTION('',(0.0,0.0,1.0));
#8226=AXIS2_PLACEMENT_3D('',#8223,#8224,#8225);
#8227=PLANE('',#8226);
#8228=ORIENTED_EDGE('',*,*,#8181,.F.);
#8229=CARTESIAN_POINT('',(-0.019685039370079,0.110236220472441,0.0));
#8230=VERTEX_POINT('',#8229);
#8231=CARTESIAN_POINT('',(-0.019685039370079,0.110236220472441,0.0));
#8232=DIRECTION('',(0.0,0.0,-1.0));
#8233=VECTOR('',#8232,0.157874015748032);
#8234=LINE('',#8231,#8233);
#8235=EDGE_CURVE('',#8230,#8167,#8234,.T.);
#8236=ORIENTED_EDGE('',*,*,#8235,.F.);
#8237=CARTESIAN_POINT('',(0.019685039370079,0.110236220472441,0.0));
#8238=VERTEX_POINT('',#8237);
#8239=CARTESIAN_POINT('',(0.019685039370079,0.110236220472441,0.0));
#8240=DIRECTION('',(-1.0,0.0,0.0));
#8241=VECTOR('',#8240,0.039370078740158);
#8242=LINE('',#8239,#8241);
#8243=EDGE_CURVE('',#8238,#8230,#8242,.T.);
#8244=ORIENTED_EDGE('',*,*,#8243,.F.);
#8245=CARTESIAN_POINT('',(0.019685039370079,0.110236220472441,-0.157874015748032));
#8246=VERTEX_POINT('',#8245);
#8247=CARTESIAN_POINT('',(0.019685039370079,0.110236220472441,0.0));
#8248=DIRECTION('',(0.0,0.0,-1.0));
#8249=VECTOR('',#8248,0.157874015748032);
#8250=LINE('',#8247,#8249);
#8251=EDGE_CURVE('',#8238,#8246,#8250,.T.);
#8252=ORIENTED_EDGE('',*,*,#8251,.T.);
#8253=CARTESIAN_POINT('',(0.000393700787402,0.110236220472441,-0.157874015748032));
#8254=DIRECTION('',(0.0,-1.0,0.0));
#8255=DIRECTION('',(0.707106781186548,0.0,-0.707106781186547));
#8256=AXIS2_PLACEMENT_3D('',#8253,#8254,#8255);
#8257=CIRCLE('',#8256,0.019291338582677);
#8258=EDGE_CURVE('',#8199,#8246,#8257,.T.);
#8259=ORIENTED_EDGE('',*,*,#8258,.F.);
#8260=ORIENTED_EDGE('',*,*,#8204,.T.);
#8261=EDGE_LOOP('',(#8228,#8236,#8244,#8252,#8259,#8260));
#8262=FACE_OUTER_BOUND('',#8261,.T.);
#8263=ADVANCED_FACE('',(#8262),#8227,.T.);
#8264=CARTESIAN_POINT('',(0.000393700787402,0.089566929133858,-0.157874015748032));
#8265=DIRECTION('',(0.0,1.0,0.0));
#8266=DIRECTION('',(-0.707106781186548,0.0,0.707106781186547));
#8267=AXIS2_PLACEMENT_3D('',#8264,#8265,#8266);
#8268=CYLINDRICAL_SURFACE('',#8267,0.019291338582677);
#8269=ORIENTED_EDGE('',*,*,#8258,.T.);
#8270=CARTESIAN_POINT('',(0.019685039370079,0.090551181102362,-0.157874015748032));
#8271=VERTEX_POINT('',#8270);
#8272=CARTESIAN_POINT('',(0.019685039370079,0.110236220472441,-0.157874015748032));
#8273=DIRECTION('',(0.0,-1.0,0.0));
#8274=VECTOR('',#8273,0.019685039370079);
#8275=LINE('',#8272,#8274);
#8276=EDGE_CURVE('',#8246,#8271,#8275,.T.);
#8277=ORIENTED_EDGE('',*,*,#8276,.T.);
#8278=CARTESIAN_POINT('',(0.000393700787402,0.090551181102362,-0.157874015748032));
#8279=DIRECTION('',(0.0,1.0,0.0));
#8280=DIRECTION('',(0.707106781186548,0.0,-0.707106781186547));
#8281=AXIS2_PLACEMENT_3D('',#8278,#8279,#8280);
#8282=CIRCLE('',#8281,0.019291338582677);
#8283=EDGE_CURVE('',#8271,#8207,#8282,.T.);
#8284=ORIENTED_EDGE('',*,*,#8283,.T.);
#8285=ORIENTED_EDGE('',*,*,#8212,.T.);
#8286=EDGE_LOOP('',(#8269,#8277,#8284,#8285));
#8287=FACE_OUTER_BOUND('',#8286,.T.);
#8288=ADVANCED_FACE('',(#8287),#8268,.T.);
#8289=CARTESIAN_POINT('',(-0.021653543307087,0.090551181102362,0.008858267716535));
#8290=DIRECTION('',(0.0,-1.0,0.0));
#8291=DIRECTION('',(0.0,0.0,-1.0));
#8292=AXIS2_PLACEMENT_3D('',#8289,#8290,#8291);
#8293=PLANE('',#8292);
#8294=ORIENTED_EDGE('',*,*,#8164,.F.);
#8295=ORIENTED_EDGE('',*,*,#8218,.T.);
#8296=ORIENTED_EDGE('',*,*,#8283,.F.);
#8297=CARTESIAN_POINT('',(0.019685039370079,0.090551181102362,0.0));
#8298=VERTEX_POINT('',#8297);
#8299=CARTESIAN_POINT('',(0.019685039370079,0.090551181102362,0.0));
#8300=DIRECTION('',(0.0,0.0,-1.0));
#8301=VECTOR('',#8300,0.157874015748032);
#8302=LINE('',#8299,#8301);
#8303=EDGE_CURVE('',#8298,#8271,#8302,.T.);
#8304=ORIENTED_EDGE('',*,*,#8303,.F.);
#8305=CARTESIAN_POINT('',(-0.019685039370079,0.090551181102362,0.0));
#8306=VERTEX_POINT('',#8305);
#8307=CARTESIAN_POINT('',(-0.019685039370079,0.090551181102362,0.0));
#8308=DIRECTION('',(1.0,0.0,0.0));
#8309=VECTOR('',#8308,0.039370078740158);
#8310=LINE('',#8307,#8309);
#8311=EDGE_CURVE('',#8306,#8298,#8310,.T.);
#8312=ORIENTED_EDGE('',*,*,#8311,.F.);
#8313=CARTESIAN_POINT('',(-0.019685039370079,0.090551181102362,0.0));
#8314=DIRECTION('',(0.0,0.0,-1.0));
#8315=VECTOR('',#8314,0.157874015748032);
#8316=LINE('',#8313,#8315);
#8317=EDGE_CURVE('',#8306,#8158,#8316,.T.);
#8318=ORIENTED_EDGE('',*,*,#8317,.T.);
#8319=EDGE_LOOP('',(#8294,#8295,#8296,#8304,#8312,#8318));
#8320=FACE_OUTER_BOUND('',#8319,.T.);
#8321=ADVANCED_FACE('',(#8320),#8293,.T.);
#8322=CARTESIAN_POINT('',(0.019685039370079,0.089566929133858,0.007893700787402));
#8323=DIRECTION('',(1.0,0.0,0.0));
#8324=DIRECTION('',(0.0,0.0,-1.0));
#8325=AXIS2_PLACEMENT_3D('',#8322,#8323,#8324);
#8326=PLANE('',#8325);
#8327=ORIENTED_EDGE('',*,*,#8276,.F.);
#8328=ORIENTED_EDGE('',*,*,#8251,.F.);
#8329=CARTESIAN_POINT('',(0.019685039370079,0.090551181102362,0.0));
#8330=DIRECTION('',(0.0,1.0,0.0));
#8331=VECTOR('',#8330,0.019685039370079);
#8332=LINE('',#8329,#8331);
#8333=EDGE_CURVE('',#8298,#8238,#8332,.T.);
#8334=ORIENTED_EDGE('',*,*,#8333,.F.);
#8335=ORIENTED_EDGE('',*,*,#8303,.T.);
#8336=EDGE_LOOP('',(#8327,#8328,#8334,#8335));
#8337=FACE_OUTER_BOUND('',#8336,.T.);
#8338=ADVANCED_FACE('',(#8337),#8326,.T.);
#8339=CARTESIAN_POINT('',(0.060826771653543,-0.099606299212598,-0.157874015748032));
#8340=DIRECTION('',(-1.0,0.0,0.0));
#8341=DIRECTION('',(0.0,-0.707106781186546,0.707106781186548));
#8342=AXIS2_PLACEMENT_3D('',#8339,#8340,#8341);
#8343=CYLINDRICAL_SURFACE('',#8342,0.019291338582677);
#8344=CARTESIAN_POINT('',(0.040157480314961,-0.099606299212598,-0.177165354330709));
#8345=VERTEX_POINT('',#8344);
#8346=CARTESIAN_POINT('',(0.040157480314961,-0.080314960629921,-0.157874015748032));
#8347=VERTEX_POINT('',#8346);
#8348=CARTESIAN_POINT('',(0.040157480314961,-0.099606299212598,-0.157874015748032));
#8349=DIRECTION('',(1.0,0.0,0.0));
#8350=DIRECTION('',(0.0,0.707106781186548,-0.707106781186547));
#8351=AXIS2_PLACEMENT_3D('',#8348,#8349,#8350);
#8352=CIRCLE('',#8351,0.019291338582677);
#8353=EDGE_CURVE('',#8345,#8347,#8352,.T.);
#8354=ORIENTED_EDGE('',*,*,#8353,.T.);
#8355=CARTESIAN_POINT('',(0.059842519685039,-0.080314960629921,-0.157874015748032));
#8356=VERTEX_POINT('',#8355);
#8357=CARTESIAN_POINT('',(0.040157480314961,-0.080314960629921,-0.157874015748032));
#8358=DIRECTION('',(1.0,0.0,0.0));
#8359=VECTOR('',#8358,0.019685039370078);
#8360=LINE('',#8357,#8359);
#8361=EDGE_CURVE('',#8347,#8356,#8360,.T.);
#8362=ORIENTED_EDGE('',*,*,#8361,.T.);
#8363=CARTESIAN_POINT('',(0.059842519685039,-0.099606299212598,-0.177165354330709));
#8364=VERTEX_POINT('',#8363);
#8365=CARTESIAN_POINT('',(0.059842519685039,-0.099606299212598,-0.157874015748032));
#8366=DIRECTION('',(-1.0,0.0,0.0));
#8367=DIRECTION('',(0.0,0.707106781186548,-0.707106781186547));
#8368=AXIS2_PLACEMENT_3D('',#8365,#8366,#8367);
#8369=CIRCLE('',#8368,0.019291338582677);
#8370=EDGE_CURVE('',#8356,#8364,#8369,.T.);
#8371=ORIENTED_EDGE('',*,*,#8370,.T.);
#8372=CARTESIAN_POINT('',(0.059842519685039,-0.099606299212598,-0.177165354330709));
#8373=DIRECTION('',(-1.0,0.0,0.0));
#8374=VECTOR('',#8373,0.019685039370078);
#8375=LINE('',#8372,#8374);
#8376=EDGE_CURVE('',#8364,#8345,#8375,.T.);
#8377=ORIENTED_EDGE('',*,*,#8376,.T.);
#8378=EDGE_LOOP('',(#8354,#8362,#8371,#8377));
#8379=FACE_OUTER_BOUND('',#8378,.T.);
#8380=ADVANCED_FACE('',(#8379),#8343,.T.);
#8381=CARTESIAN_POINT('',(0.040157480314961,-0.121653543307087,-0.186023622047244));
#8382=DIRECTION('',(-1.0,0.0,0.0));
#8383=DIRECTION('',(0.0,0.0,1.0));
#8384=AXIS2_PLACEMENT_3D('',#8381,#8382,#8383);
#8385=PLANE('',#8384);
#8386=ORIENTED_EDGE('',*,*,#8353,.F.);
#8387=CARTESIAN_POINT('',(0.040157480314961,-0.100393700787402,-0.177165354330709));
#8388=VERTEX_POINT('',#8387);
#8389=CARTESIAN_POINT('',(0.040157480314961,-0.099606299212598,-0.177165354330709));
#8390=DIRECTION('',(0.0,-1.0,0.0));
#8391=VECTOR('',#8390,0.000787401574804);
#8392=LINE('',#8389,#8391);
#8393=EDGE_CURVE('',#8345,#8388,#8392,.T.);
#8394=ORIENTED_EDGE('',*,*,#8393,.T.);
#8395=CARTESIAN_POINT('',(0.040157480314961,-0.119685039370079,-0.157874015748032));
#8396=VERTEX_POINT('',#8395);
#8397=CARTESIAN_POINT('',(0.040157480314961,-0.100393700787402,-0.157874015748032));
#8398=DIRECTION('',(1.0,0.0,0.0));
#8399=DIRECTION('',(0.0,-0.707106781186548,-0.707106781186547));
#8400=AXIS2_PLACEMENT_3D('',#8397,#8398,#8399);
#8401=CIRCLE('',#8400,0.019291338582677);
#8402=EDGE_CURVE('',#8396,#8388,#8401,.T.);
#8403=ORIENTED_EDGE('',*,*,#8402,.F.);
#8404=CARTESIAN_POINT('',(0.040157480314961,-0.119685039370079,0.0));
#8405=VERTEX_POINT('',#8404);
#8406=CARTESIAN_POINT('',(0.040157480314961,-0.119685039370079,0.0));
#8407=DIRECTION('',(0.0,0.0,-1.0));
#8408=VECTOR('',#8407,0.157874015748032);
#8409=LINE('',#8406,#8408);
#8410=EDGE_CURVE('',#8405,#8396,#8409,.T.);
#8411=ORIENTED_EDGE('',*,*,#8410,.F.);
#8412=CARTESIAN_POINT('',(0.040157480314961,-0.080314960629921,0.0));
#8413=VERTEX_POINT('',#8412);
#8414=CARTESIAN_POINT('',(0.040157480314961,-0.080314960629921,0.0));
#8415=DIRECTION('',(0.0,-1.0,0.0));
#8416=VECTOR('',#8415,0.039370078740158);
#8417=LINE('',#8414,#8416);
#8418=EDGE_CURVE('',#8413,#8405,#8417,.T.);
#8419=ORIENTED_EDGE('',*,*,#8418,.F.);
#8420=CARTESIAN_POINT('',(0.040157480314961,-0.080314960629921,0.0));
#8421=DIRECTION('',(0.0,0.0,-1.0));
#8422=VECTOR('',#8421,0.157874015748032);
#8423=LINE('',#8420,#8422);
#8424=EDGE_CURVE('',#8413,#8347,#8423,.T.);
#8425=ORIENTED_EDGE('',*,*,#8424,.T.);
#8426=EDGE_LOOP('',(#8386,#8394,#8403,#8411,#8419,#8425));
#8427=FACE_OUTER_BOUND('',#8426,.T.);
#8428=ADVANCED_FACE('',(#8427),#8385,.T.);
#8429=CARTESIAN_POINT('',(0.039173228346457,-0.100433070866142,-0.177165354330709));
#8430=DIRECTION('',(0.0,0.0,1.0));
#8431=DIRECTION('',(1.0,0.0,0.0));
#8432=AXIS2_PLACEMENT_3D('',#8429,#8430,#8431);
#8433=PLANE('',#8432);
#8434=ORIENTED_EDGE('',*,*,#8376,.F.);
#8435=CARTESIAN_POINT('',(0.059842519685039,-0.100393700787402,-0.177165354330709));
#8436=VERTEX_POINT('',#8435);
#8437=CARTESIAN_POINT('',(0.059842519685039,-0.100393700787402,-0.177165354330709));
#8438=DIRECTION('',(0.0,1.0,0.0));
#8439=VECTOR('',#8438,0.000787401574804);
#8440=LINE('',#8437,#8439);
#8441=EDGE_CURVE('',#8436,#8364,#8440,.T.);
#8442=ORIENTED_EDGE('',*,*,#8441,.F.);
#8443=CARTESIAN_POINT('',(0.040157480314961,-0.100393700787402,-0.177165354330709));
#8444=DIRECTION('',(1.0,0.0,0.0));
#8445=VECTOR('',#8444,0.019685039370078);
#8446=LINE('',#8443,#8445);
#8447=EDGE_CURVE('',#8388,#8436,#8446,.T.);
#8448=ORIENTED_EDGE('',*,*,#8447,.F.);
#8449=ORIENTED_EDGE('',*,*,#8393,.F.);
#8450=EDGE_LOOP('',(#8434,#8442,#8448,#8449));
#8451=FACE_OUTER_BOUND('',#8450,.T.);
#8452=ADVANCED_FACE('',(#8451),#8433,.F.);
#8453=CARTESIAN_POINT('',(-0.039173228346457,-0.099606299212598,-0.157874015748032));
#8454=DIRECTION('',(-1.0,0.0,0.0));
#8455=DIRECTION('',(0.0,-0.707106781186546,0.707106781186548));
#8456=AXIS2_PLACEMENT_3D('',#8453,#8454,#8455);
#8457=CYLINDRICAL_SURFACE('',#8456,0.019291338582677);
#8458=CARTESIAN_POINT('',(-0.059842519685039,-0.099606299212598,-0.177165354330709));
#8459=VERTEX_POINT('',#8458);
#8460=CARTESIAN_POINT('',(-0.059842519685039,-0.080314960629921,-0.157874015748032));
#8461=VERTEX_POINT('',#8460);
#8462=CARTESIAN_POINT('',(-0.059842519685039,-0.099606299212598,-0.157874015748032));
#8463=DIRECTION('',(1.0,0.0,0.0));
#8464=DIRECTION('',(0.0,0.707106781186548,-0.707106781186547));
#8465=AXIS2_PLACEMENT_3D('',#8462,#8463,#8464);
#8466=CIRCLE('',#8465,0.019291338582677);
#8467=EDGE_CURVE('',#8459,#8461,#8466,.T.);
#8468=ORIENTED_EDGE('',*,*,#8467,.T.);
#8469=CARTESIAN_POINT('',(-0.040157480314961,-0.080314960629921,-0.157874015748032));
#8470=VERTEX_POINT('',#8469);
#8471=CARTESIAN_POINT('',(-0.059842519685039,-0.080314960629921,-0.157874015748032));
#8472=DIRECTION('',(1.0,0.0,0.0));
#8473=VECTOR('',#8472,0.019685039370078);
#8474=LINE('',#8471,#8473);
#8475=EDGE_CURVE('',#8461,#8470,#8474,.T.);
#8476=ORIENTED_EDGE('',*,*,#8475,.T.);
#8477=CARTESIAN_POINT('',(-0.040157480314961,-0.099606299212598,-0.177165354330709));
#8478=VERTEX_POINT('',#8477);
#8479=CARTESIAN_POINT('',(-0.040157480314961,-0.099606299212598,-0.157874015748032));
#8480=DIRECTION('',(-1.0,0.0,0.0));
#8481=DIRECTION('',(0.0,0.707106781186548,-0.707106781186547));
#8482=AXIS2_PLACEMENT_3D('',#8479,#8480,#8481);
#8483=CIRCLE('',#8482,0.019291338582677);
#8484=EDGE_CURVE('',#8470,#8478,#8483,.T.);
#8485=ORIENTED_EDGE('',*,*,#8484,.T.);
#8486=CARTESIAN_POINT('',(-0.040157480314961,-0.099606299212598,-0.177165354330709));
#8487=DIRECTION('',(-1.0,0.0,0.0));
#8488=VECTOR('',#8487,0.019685039370078);
#8489=LINE('',#8486,#8488);
#8490=EDGE_CURVE('',#8478,#8459,#8489,.T.);
#8491=ORIENTED_EDGE('',*,*,#8490,.T.);
#8492=EDGE_LOOP('',(#8468,#8476,#8485,#8491));
#8493=FACE_OUTER_BOUND('',#8492,.T.);
#8494=ADVANCED_FACE('',(#8493),#8457,.T.);
#8495=CARTESIAN_POINT('',(-0.059842519685039,-0.121653543307087,-0.186023622047244));
#8496=DIRECTION('',(-1.0,0.0,0.0));
#8497=DIRECTION('',(0.0,0.0,1.0));
#8498=AXIS2_PLACEMENT_3D('',#8495,#8496,#8497);
#8499=PLANE('',#8498);
#8500=ORIENTED_EDGE('',*,*,#8467,.F.);
#8501=CARTESIAN_POINT('',(-0.059842519685039,-0.100393700787402,-0.177165354330709));
#8502=VERTEX_POINT('',#8501);
#8503=CARTESIAN_POINT('',(-0.059842519685039,-0.099606299212598,-0.177165354330709));
#8504=DIRECTION('',(0.0,-1.0,0.0));
#8505=VECTOR('',#8504,0.000787401574804);
#8506=LINE('',#8503,#8505);
#8507=EDGE_CURVE('',#8459,#8502,#8506,.T.);
#8508=ORIENTED_EDGE('',*,*,#8507,.T.);
#8509=CARTESIAN_POINT('',(-0.059842519685039,-0.119685039370079,-0.157874015748032));
#8510=VERTEX_POINT('',#8509);
#8511=CARTESIAN_POINT('',(-0.059842519685039,-0.100393700787402,-0.157874015748032));
#8512=DIRECTION('',(1.0,0.0,0.0));
#8513=DIRECTION('',(0.0,-0.707106781186548,-0.707106781186547));
#8514=AXIS2_PLACEMENT_3D('',#8511,#8512,#8513);
#8515=CIRCLE('',#8514,0.019291338582677);
#8516=EDGE_CURVE('',#8510,#8502,#8515,.T.);
#8517=ORIENTED_EDGE('',*,*,#8516,.F.);
#8518=CARTESIAN_POINT('',(-0.059842519685039,-0.119685039370079,0.0));
#8519=VERTEX_POINT('',#8518);
#8520=CARTESIAN_POINT('',(-0.059842519685039,-0.119685039370079,0.0));
#8521=DIRECTION('',(0.0,0.0,-1.0));
#8522=VECTOR('',#8521,0.157874015748032);
#8523=LINE('',#8520,#8522);
#8524=EDGE_CURVE('',#8519,#8510,#8523,.T.);
#8525=ORIENTED_EDGE('',*,*,#8524,.F.);
#8526=CARTESIAN_POINT('',(-0.059842519685039,-0.080314960629921,0.0));
#8527=VERTEX_POINT('',#8526);
#8528=CARTESIAN_POINT('',(-0.059842519685039,-0.080314960629921,0.0));
#8529=DIRECTION('',(0.0,-1.0,0.0));
#8530=VECTOR('',#8529,0.039370078740158);
#8531=LINE('',#8528,#8530);
#8532=EDGE_CURVE('',#8527,#8519,#8531,.T.);
#8533=ORIENTED_EDGE('',*,*,#8532,.F.);
#8534=CARTESIAN_POINT('',(-0.059842519685039,-0.080314960629921,0.0));
#8535=DIRECTION('',(0.0,0.0,-1.0));
#8536=VECTOR('',#8535,0.157874015748032);
#8537=LINE('',#8534,#8536);
#8538=EDGE_CURVE('',#8527,#8461,#8537,.T.);
#8539=ORIENTED_EDGE('',*,*,#8538,.T.);
#8540=EDGE_LOOP('',(#8500,#8508,#8517,#8525,#8533,#8539));
#8541=FACE_OUTER_BOUND('',#8540,.T.);
#8542=ADVANCED_FACE('',(#8541),#8499,.T.);
#8543=CARTESIAN_POINT('',(-0.060826771653543,-0.100433070866142,-0.177165354330709));
#8544=DIRECTION('',(0.0,0.0,1.0));
#8545=DIRECTION('',(1.0,0.0,0.0));
#8546=AXIS2_PLACEMENT_3D('',#8543,#8544,#8545);
#8547=PLANE('',#8546);
#8548=ORIENTED_EDGE('',*,*,#8490,.F.);
#8549=CARTESIAN_POINT('',(-0.040157480314961,-0.100393700787402,-0.177165354330709));
#8550=VERTEX_POINT('',#8549);
#8551=CARTESIAN_POINT('',(-0.040157480314961,-0.100393700787402,-0.177165354330709));
#8552=DIRECTION('',(0.0,1.0,0.0));
#8553=VECTOR('',#8552,0.000787401574804);
#8554=LINE('',#8551,#8553);
#8555=EDGE_CURVE('',#8550,#8478,#8554,.T.);
#8556=ORIENTED_EDGE('',*,*,#8555,.F.);
#8557=CARTESIAN_POINT('',(-0.059842519685039,-0.100393700787402,-0.177165354330709));
#8558=DIRECTION('',(1.0,0.0,0.0));
#8559=VECTOR('',#8558,0.019685039370078);
#8560=LINE('',#8557,#8559);
#8561=EDGE_CURVE('',#8502,#8550,#8560,.T.);
#8562=ORIENTED_EDGE('',*,*,#8561,.F.);
#8563=ORIENTED_EDGE('',*,*,#8507,.F.);
#8564=EDGE_LOOP('',(#8548,#8556,#8562,#8563));
#8565=FACE_OUTER_BOUND('',#8564,.T.);
#8566=ADVANCED_FACE('',(#8565),#8547,.F.);
#8567=CARTESIAN_POINT('',(-0.060826771653543,-0.100393700787402,-0.157874015748032));
#8568=DIRECTION('',(1.0,0.0,0.0));
#8569=DIRECTION('',(0.0,0.707106781186547,0.707106781186548));
#8570=AXIS2_PLACEMENT_3D('',#8567,#8568,#8569);
#8571=CYLINDRICAL_SURFACE('',#8570,0.019291338582677);
#8572=CARTESIAN_POINT('',(-0.040157480314961,-0.119685039370079,-0.157874015748032));
#8573=VERTEX_POINT('',#8572);
#8574=CARTESIAN_POINT('',(-0.040157480314961,-0.100393700787402,-0.157874015748032));
#8575=DIRECTION('',(-1.0,0.0,0.0));
#8576=DIRECTION('',(0.0,-0.707106781186548,-0.707106781186547));
#8577=AXIS2_PLACEMENT_3D('',#8574,#8575,#8576);
#8578=CIRCLE('',#8577,0.019291338582677);
#8579=EDGE_CURVE('',#8550,#8573,#8578,.T.);
#8580=ORIENTED_EDGE('',*,*,#8579,.T.);
#8581=CARTESIAN_POINT('',(-0.040157480314961,-0.119685039370079,-0.157874015748032));
#8582=DIRECTION('',(-1.0,0.0,0.0));
#8583=VECTOR('',#8582,0.019685039370078);
#8584=LINE('',#8581,#8583);
#8585=EDGE_CURVE('',#8573,#8510,#8584,.T.);
#8586=ORIENTED_EDGE('',*,*,#8585,.T.);
#8587=ORIENTED_EDGE('',*,*,#8516,.T.);
#8588=ORIENTED_EDGE('',*,*,#8561,.T.);
#8589=EDGE_LOOP('',(#8580,#8586,#8587,#8588));
#8590=FACE_OUTER_BOUND('',#8589,.T.);
#8591=ADVANCED_FACE('',(#8590),#8571,.T.);
#8592=CARTESIAN_POINT('',(0.039173228346457,-0.100393700787402,-0.157874015748032));
#8593=DIRECTION('',(1.0,0.0,0.0));
#8594=DIRECTION('',(0.0,0.707106781186547,0.707106781186548));
#8595=AXIS2_PLACEMENT_3D('',#8592,#8593,#8594);
#8596=CYLINDRICAL_SURFACE('',#8595,0.019291338582677);
#8597=CARTESIAN_POINT('',(0.059842519685039,-0.119685039370079,-0.157874015748032));
#8598=VERTEX_POINT('',#8597);
#8599=CARTESIAN_POINT('',(0.059842519685039,-0.100393700787402,-0.157874015748032));
#8600=DIRECTION('',(-1.0,0.0,0.0));
#8601=DIRECTION('',(0.0,-0.707106781186548,-0.707106781186547));
#8602=AXIS2_PLACEMENT_3D('',#8599,#8600,#8601);
#8603=CIRCLE('',#8602,0.019291338582677);
#8604=EDGE_CURVE('',#8436,#8598,#8603,.T.);
#8605=ORIENTED_EDGE('',*,*,#8604,.T.);
#8606=CARTESIAN_POINT('',(0.059842519685039,-0.119685039370079,-0.157874015748032));
#8607=DIRECTION('',(-1.0,0.0,0.0));
#8608=VECTOR('',#8607,0.019685039370078);
#8609=LINE('',#8606,#8608);
#8610=EDGE_CURVE('',#8598,#8396,#8609,.T.);
#8611=ORIENTED_EDGE('',*,*,#8610,.T.);
#8612=ORIENTED_EDGE('',*,*,#8402,.T.);
#8613=ORIENTED_EDGE('',*,*,#8447,.T.);
#8614=EDGE_LOOP('',(#8605,#8611,#8612,#8613));
#8615=FACE_OUTER_BOUND('',#8614,.T.);
#8616=ADVANCED_FACE('',(#8615),#8596,.T.);
#8617=CARTESIAN_POINT('',(0.24251968503937,-0.125492125984252,0.008858267716535));
#8618=DIRECTION('',(1.0,0.0,0.0));
#8619=DIRECTION('',(0.0,0.0,-1.0));
#8620=AXIS2_PLACEMENT_3D('',#8617,#8618,#8619);
#8621=PLANE('',#8620);
#8622=ORIENTED_EDGE('',*,*,#7909,.F.);
#8623=CARTESIAN_POINT('',(0.24251968503937,-0.073818897637795,0.0));
#8624=VERTEX_POINT('',#8623);
#8625=CARTESIAN_POINT('',(0.24251968503937,-0.073818897637795,0.0));
#8626=DIRECTION('',(0.0,0.0,-1.0));
#8627=VECTOR('',#8626,0.149888963660333);
#8628=LINE('',#8625,#8627);
#8629=EDGE_CURVE('',#8624,#7896,#8628,.T.);
#8630=ORIENTED_EDGE('',*,*,#8629,.F.);
#8631=CARTESIAN_POINT('',(0.24251968503937,-0.123031496062992,0.0));
#8632=VERTEX_POINT('',#8631);
#8633=CARTESIAN_POINT('',(0.24251968503937,-0.123031496062992,0.0));
#8634=DIRECTION('',(0.0,1.0,0.0));
#8635=VECTOR('',#8634,0.049212598425197);
#8636=LINE('',#8633,#8635);
#8637=EDGE_CURVE('',#8632,#8624,#8636,.T.);
#8638=ORIENTED_EDGE('',*,*,#8637,.F.);
#8639=CARTESIAN_POINT('',(0.24251968503937,-0.123031496062992,0.0));
#8640=DIRECTION('',(0.0,0.0,-1.0));
#8641=VECTOR('',#8640,0.149888963660333);
#8642=LINE('',#8639,#8641);
#8643=EDGE_CURVE('',#8632,#7997,#8642,.T.);
#8644=ORIENTED_EDGE('',*,*,#8643,.T.);
#8645=ORIENTED_EDGE('',*,*,#8002,.F.);
#8646=ORIENTED_EDGE('',*,*,#7979,.T.);
#8647=EDGE_LOOP('',(#8622,#8630,#8638,#8644,#8645,#8646));
#8648=FACE_OUTER_BOUND('',#8647,.T.);
#8649=ADVANCED_FACE('',(#8648),#8621,.T.);
#8650=CARTESIAN_POINT('',(0.229291338582678,-0.073818897637795,-0.15738341184335));
#8651=DIRECTION('',(0.0,1.0,0.0));
#8652=DIRECTION('',(0.0,0.0,1.0));
#8653=AXIS2_PLACEMENT_3D('',#8650,#8651,#8652);
#8654=PLANE('',#8653);
#8655=ORIENTED_EDGE('',*,*,#7901,.F.);
#8656=ORIENTED_EDGE('',*,*,#7962,.F.);
#8657=CARTESIAN_POINT('',(0.24251968503937,-0.073818897637795,0.0));
#8658=DIRECTION('',(-1.0,0.0,0.0));
#8659=VECTOR('',#8658,0.01259842519685);
#8660=LINE('',#8657,#8659);
#8661=EDGE_CURVE('',#8624,#7951,#8660,.T.);
#8662=ORIENTED_EDGE('',*,*,#8661,.F.);
#8663=ORIENTED_EDGE('',*,*,#8629,.T.);
#8664=EDGE_LOOP('',(#8655,#8656,#8662,#8663));
#8665=FACE_OUTER_BOUND('',#8664,.T.);
#8666=ADVANCED_FACE('',(#8665),#8654,.T.);
#8667=CARTESIAN_POINT('',(0.229291338582678,-0.123031496062992,0.007494448183017));
#8668=DIRECTION('',(0.0,-1.0,0.0));
#8669=DIRECTION('',(0.0,0.0,-1.0));
#8670=AXIS2_PLACEMENT_3D('',#8667,#8668,#8669);
#8671=PLANE('',#8670);
#8672=ORIENTED_EDGE('',*,*,#8008,.F.);
#8673=ORIENTED_EDGE('',*,*,#8643,.F.);
#8674=CARTESIAN_POINT('',(0.22992125984252,-0.123031496062992,0.0));
#8675=DIRECTION('',(1.0,0.0,0.0));
#8676=VECTOR('',#8675,0.01259842519685);
#8677=LINE('',#8674,#8676);
#8678=EDGE_CURVE('',#7943,#8632,#8677,.T.);
#8679=ORIENTED_EDGE('',*,*,#8678,.F.);
#8680=ORIENTED_EDGE('',*,*,#7948,.T.);
#8681=EDGE_LOOP('',(#8672,#8673,#8679,#8680));
#8682=FACE_OUTER_BOUND('',#8681,.T.);
#8683=ADVANCED_FACE('',(#8682),#8671,.T.);
#8684=CARTESIAN_POINT('',(0.202165354330709,0.074803149606299,0.007494448183017));
#8685=DIRECTION('',(0.0,-1.0,0.0));
#8686=DIRECTION('',(0.0,0.0,-1.0));
#8687=AXIS2_PLACEMENT_3D('',#8684,#8685,#8686);
#8688=PLANE('',#8687);
#8689=ORIENTED_EDGE('',*,*,#8143,.F.);
#8690=CARTESIAN_POINT('',(0.214566929133858,0.074803149606299,0.0));
#8691=VERTEX_POINT('',#8690);
#8692=CARTESIAN_POINT('',(0.214566929133858,0.074803149606299,0.0));
#8693=DIRECTION('',(0.0,0.0,-1.0));
#8694=VECTOR('',#8693,0.149888963660333);
#8695=LINE('',#8692,#8694);
#8696=EDGE_CURVE('',#8691,#8132,#8695,.T.);
#8697=ORIENTED_EDGE('',*,*,#8696,.F.);
#8698=CARTESIAN_POINT('',(0.202755905511811,0.074803149606299,0.0));
#8699=DIRECTION('',(1.0,0.0,0.0));
#8700=VECTOR('',#8699,0.011811023622047);
#8701=LINE('',#8698,#8700);
#8702=EDGE_CURVE('',#8078,#8691,#8701,.T.);
#8703=ORIENTED_EDGE('',*,*,#8702,.F.);
#8704=ORIENTED_EDGE('',*,*,#8083,.T.);
#8705=EDGE_LOOP('',(#8689,#8697,#8703,#8704));
#8706=FACE_OUTER_BOUND('',#8705,.T.);
#8707=ADVANCED_FACE('',(#8706),#8688,.T.);
#8708=CARTESIAN_POINT('',(0.214566929133858,0.07244094488189,0.008858267716535));
#8709=DIRECTION('',(1.0,0.0,0.0));
#8710=DIRECTION('',(0.0,0.0,-1.0));
#8711=AXIS2_PLACEMENT_3D('',#8708,#8709,#8710);
#8712=PLANE('',#8711);
#8713=ORIENTED_EDGE('',*,*,#8044,.F.);
#8714=CARTESIAN_POINT('',(0.214566929133858,0.122047244094488,0.0));
#8715=VERTEX_POINT('',#8714);
#8716=CARTESIAN_POINT('',(0.214566929133858,0.122047244094488,0.0));
#8717=DIRECTION('',(0.0,0.0,-1.0));
#8718=VECTOR('',#8717,0.149888963660333);
#8719=LINE('',#8716,#8718);
#8720=EDGE_CURVE('',#8715,#8031,#8719,.T.);
#8721=ORIENTED_EDGE('',*,*,#8720,.F.);
#8722=CARTESIAN_POINT('',(0.214566929133858,0.074803149606299,0.0));
#8723=DIRECTION('',(0.0,1.0,0.0));
#8724=VECTOR('',#8723,0.047244094488189);
#8725=LINE('',#8722,#8724);
#8726=EDGE_CURVE('',#8691,#8715,#8725,.T.);
#8727=ORIENTED_EDGE('',*,*,#8726,.F.);
#8728=ORIENTED_EDGE('',*,*,#8696,.T.);
#8729=ORIENTED_EDGE('',*,*,#8137,.F.);
#8730=ORIENTED_EDGE('',*,*,#8114,.T.);
#8731=EDGE_LOOP('',(#8713,#8721,#8727,#8728,#8729,#8730));
#8732=FACE_OUTER_BOUND('',#8731,.T.);
#8733=ADVANCED_FACE('',(#8732),#8712,.T.);
#8734=CARTESIAN_POINT('',(0.202165354330709,0.122047244094488,-0.15738341184335));
#8735=DIRECTION('',(0.0,1.0,0.0));
#8736=DIRECTION('',(0.0,0.0,1.0));
#8737=AXIS2_PLACEMENT_3D('',#8734,#8735,#8736);
#8738=PLANE('',#8737);
#8739=ORIENTED_EDGE('',*,*,#8036,.F.);
#8740=ORIENTED_EDGE('',*,*,#8097,.F.);
#8741=CARTESIAN_POINT('',(0.214566929133858,0.122047244094488,0.0));
#8742=DIRECTION('',(-1.0,0.0,0.0));
#8743=VECTOR('',#8742,0.011811023622047);
#8744=LINE('',#8741,#8743);
#8745=EDGE_CURVE('',#8715,#8086,#8744,.T.);
#8746=ORIENTED_EDGE('',*,*,#8745,.F.);
#8747=ORIENTED_EDGE('',*,*,#8720,.T.);
#8748=EDGE_LOOP('',(#8739,#8740,#8746,#8747));
#8749=FACE_OUTER_BOUND('',#8748,.T.);
#8750=ADVANCED_FACE('',(#8749),#8738,.T.);
#8751=CARTESIAN_POINT('',(-0.060826771653543,-0.119685039370079,0.007893700787402));
#8752=DIRECTION('',(0.0,-1.0,0.0));
#8753=DIRECTION('',(0.0,0.0,-1.0));
#8754=AXIS2_PLACEMENT_3D('',#8751,#8752,#8753);
#8755=PLANE('',#8754);
#8756=ORIENTED_EDGE('',*,*,#8585,.F.);
#8757=CARTESIAN_POINT('',(-0.040157480314961,-0.119685039370079,0.0));
#8758=VERTEX_POINT('',#8757);
#8759=CARTESIAN_POINT('',(-0.040157480314961,-0.119685039370079,0.0));
#8760=DIRECTION('',(0.0,0.0,-1.0));
#8761=VECTOR('',#8760,0.157874015748032);
#8762=LINE('',#8759,#8761);
#8763=EDGE_CURVE('',#8758,#8573,#8762,.T.);
#8764=ORIENTED_EDGE('',*,*,#8763,.F.);
#8765=CARTESIAN_POINT('',(-0.059842519685039,-0.119685039370079,0.0));
#8766=DIRECTION('',(1.0,0.0,0.0));
#8767=VECTOR('',#8766,0.019685039370078);
#8768=LINE('',#8765,#8767);
#8769=EDGE_CURVE('',#8519,#8758,#8768,.T.);
#8770=ORIENTED_EDGE('',*,*,#8769,.F.);
#8771=ORIENTED_EDGE('',*,*,#8524,.T.);
#8772=EDGE_LOOP('',(#8756,#8764,#8770,#8771));
#8773=FACE_OUTER_BOUND('',#8772,.T.);
#8774=ADVANCED_FACE('',(#8773),#8755,.T.);
#8775=CARTESIAN_POINT('',(-0.040157480314961,-0.121653543307087,0.008858267716535));
#8776=DIRECTION('',(1.0,0.0,0.0));
#8777=DIRECTION('',(0.0,0.0,-1.0));
#8778=AXIS2_PLACEMENT_3D('',#8775,#8776,#8777);
#8779=PLANE('',#8778);
#8780=ORIENTED_EDGE('',*,*,#8484,.F.);
#8781=CARTESIAN_POINT('',(-0.040157480314961,-0.080314960629921,0.0));
#8782=VERTEX_POINT('',#8781);
#8783=CARTESIAN_POINT('',(-0.040157480314961,-0.080314960629921,0.0));
#8784=DIRECTION('',(0.0,0.0,-1.0));
#8785=VECTOR('',#8784,0.157874015748032);
#8786=LINE('',#8783,#8785);
#8787=EDGE_CURVE('',#8782,#8470,#8786,.T.);
#8788=ORIENTED_EDGE('',*,*,#8787,.F.);
#8789=CARTESIAN_POINT('',(-0.040157480314961,-0.119685039370079,0.0));
#8790=DIRECTION('',(0.0,1.0,0.0));
#8791=VECTOR('',#8790,0.039370078740158);
#8792=LINE('',#8789,#8791);
#8793=EDGE_CURVE('',#8758,#8782,#8792,.T.);
#8794=ORIENTED_EDGE('',*,*,#8793,.F.);
#8795=ORIENTED_EDGE('',*,*,#8763,.T.);
#8796=ORIENTED_EDGE('',*,*,#8579,.F.);
#8797=ORIENTED_EDGE('',*,*,#8555,.T.);
#8798=EDGE_LOOP('',(#8780,#8788,#8794,#8795,#8796,#8797));
#8799=FACE_OUTER_BOUND('',#8798,.T.);
#8800=ADVANCED_FACE('',(#8799),#8779,.T.);
#8801=CARTESIAN_POINT('',(-0.060826771653543,-0.080314960629921,-0.165767716535434));
#8802=DIRECTION('',(0.0,1.0,0.0));
#8803=DIRECTION('',(0.0,0.0,1.0));
#8804=AXIS2_PLACEMENT_3D('',#8801,#8802,#8803);
#8805=PLANE('',#8804);
#8806=ORIENTED_EDGE('',*,*,#8475,.F.);
#8807=ORIENTED_EDGE('',*,*,#8538,.F.);
#8808=CARTESIAN_POINT('',(-0.040157480314961,-0.080314960629921,0.0));
#8809=DIRECTION('',(-1.0,0.0,0.0));
#8810=VECTOR('',#8809,0.019685039370078);
#8811=LINE('',#8808,#8810);
#8812=EDGE_CURVE('',#8782,#8527,#8811,.T.);
#8813=ORIENTED_EDGE('',*,*,#8812,.F.);
#8814=ORIENTED_EDGE('',*,*,#8787,.T.);
#8815=EDGE_LOOP('',(#8806,#8807,#8813,#8814));
#8816=FACE_OUTER_BOUND('',#8815,.T.);
#8817=ADVANCED_FACE('',(#8816),#8805,.T.);
#8818=CARTESIAN_POINT('',(0.039173228346457,-0.119685039370079,0.007893700787402));
#8819=DIRECTION('',(0.0,-1.0,0.0));
#8820=DIRECTION('',(0.0,0.0,-1.0));
#8821=AXIS2_PLACEMENT_3D('',#8818,#8819,#8820);
#8822=PLANE('',#8821);
#8823=ORIENTED_EDGE('',*,*,#8610,.F.);
#8824=CARTESIAN_POINT('',(0.059842519685039,-0.119685039370079,0.0));
#8825=VERTEX_POINT('',#8824);
#8826=CARTESIAN_POINT('',(0.059842519685039,-0.119685039370079,0.0));
#8827=DIRECTION('',(0.0,0.0,-1.0));
#8828=VECTOR('',#8827,0.157874015748032);
#8829=LINE('',#8826,#8828);
#8830=EDGE_CURVE('',#8825,#8598,#8829,.T.);
#8831=ORIENTED_EDGE('',*,*,#8830,.F.);
#8832=CARTESIAN_POINT('',(0.040157480314961,-0.119685039370079,0.0));
#8833=DIRECTION('',(1.0,0.0,0.0));
#8834=VECTOR('',#8833,0.019685039370078);
#8835=LINE('',#8832,#8834);
#8836=EDGE_CURVE('',#8405,#8825,#8835,.T.);
#8837=ORIENTED_EDGE('',*,*,#8836,.F.);
#8838=ORIENTED_EDGE('',*,*,#8410,.T.);
#8839=EDGE_LOOP('',(#8823,#8831,#8837,#8838));
#8840=FACE_OUTER_BOUND('',#8839,.T.);
#8841=ADVANCED_FACE('',(#8840),#8822,.T.);
#8842=CARTESIAN_POINT('',(0.059842519685039,-0.121653543307087,0.008858267716535));
#8843=DIRECTION('',(1.0,0.0,0.0));
#8844=DIRECTION('',(0.0,0.0,-1.0));
#8845=AXIS2_PLACEMENT_3D('',#8842,#8843,#8844);
#8846=PLANE('',#8845);
#8847=ORIENTED_EDGE('',*,*,#8370,.F.);
#8848=CARTESIAN_POINT('',(0.059842519685039,-0.080314960629921,0.0));
#8849=VERTEX_POINT('',#8848);
#8850=CARTESIAN_POINT('',(0.059842519685039,-0.080314960629921,0.0));
#8851=DIRECTION('',(0.0,0.0,-1.0));
#8852=VECTOR('',#8851,0.157874015748032);
#8853=LINE('',#8850,#8852);
#8854=EDGE_CURVE('',#8849,#8356,#8853,.T.);
#8855=ORIENTED_EDGE('',*,*,#8854,.F.);
#8856=CARTESIAN_POINT('',(0.059842519685039,-0.119685039370079,0.0));
#8857=DIRECTION('',(0.0,1.0,0.0));
#8858=VECTOR('',#8857,0.039370078740158);
#8859=LINE('',#8856,#8858);
#8860=EDGE_CURVE('',#8825,#8849,#8859,.T.);
#8861=ORIENTED_EDGE('',*,*,#8860,.F.);
#8862=ORIENTED_EDGE('',*,*,#8830,.T.);
#8863=ORIENTED_EDGE('',*,*,#8604,.F.);
#8864=ORIENTED_EDGE('',*,*,#8441,.T.);
#8865=EDGE_LOOP('',(#8847,#8855,#8861,#8862,#8863,#8864));
#8866=FACE_OUTER_BOUND('',#8865,.T.);
#8867=ADVANCED_FACE('',(#8866),#8846,.T.);
#8868=CARTESIAN_POINT('',(0.039173228346457,-0.080314960629921,-0.165767716535434));
#8869=DIRECTION('',(0.0,1.0,0.0));
#8870=DIRECTION('',(0.0,0.0,1.0));
#8871=AXIS2_PLACEMENT_3D('',#8868,#8869,#8870);
#8872=PLANE('',#8871);
#8873=ORIENTED_EDGE('',*,*,#8361,.F.);
#8874=ORIENTED_EDGE('',*,*,#8424,.F.);
#8875=CARTESIAN_POINT('',(0.059842519685039,-0.080314960629921,0.0));
#8876=DIRECTION('',(-1.0,0.0,0.0));
#8877=VECTOR('',#8876,0.019685039370078);
#8878=LINE('',#8875,#8877);
#8879=EDGE_CURVE('',#8849,#8413,#8878,.T.);
#8880=ORIENTED_EDGE('',*,*,#8879,.F.);
#8881=ORIENTED_EDGE('',*,*,#8854,.T.);
#8882=EDGE_LOOP('',(#8873,#8874,#8880,#8881));
#8883=FACE_OUTER_BOUND('',#8882,.T.);
#8884=ADVANCED_FACE('',(#8883),#8872,.T.);
#8885=CARTESIAN_POINT('',(-0.019685039370079,0.089566929133858,-0.165767716535434));
#8886=DIRECTION('',(-1.0,0.0,0.0));
#8887=DIRECTION('',(0.0,0.0,1.0));
#8888=AXIS2_PLACEMENT_3D('',#8885,#8886,#8887);
#8889=PLANE('',#8888);
#8890=ORIENTED_EDGE('',*,*,#8172,.F.);
#8891=ORIENTED_EDGE('',*,*,#8317,.F.);
#8892=CARTESIAN_POINT('',(-0.019685039370079,0.110236220472441,0.0));
#8893=DIRECTION('',(0.0,-1.0,0.0));
#8894=VECTOR('',#8893,0.019685039370079);
#8895=LINE('',#8892,#8894);
#8896=EDGE_CURVE('',#8230,#8306,#8895,.T.);
#8897=ORIENTED_EDGE('',*,*,#8896,.F.);
#8898=ORIENTED_EDGE('',*,*,#8235,.T.);
#8899=EDGE_LOOP('',(#8890,#8891,#8897,#8898));
#8900=FACE_OUTER_BOUND('',#8899,.T.);
#8901=ADVANCED_FACE('',(#8900),#8889,.T.);
#8902=CARTESIAN_POINT('',(0.246062992125984,0.218503937007874,-0.131889763779528));
#8903=DIRECTION('',(0.0,0.0,1.0));
#8904=DIRECTION('',(1.0,0.0,0.0));
#8905=AXIS2_PLACEMENT_3D('',#8902,#8903,#8904);
#8906=TOROIDAL_SURFACE('',#8905,0.027979411985681,0.009842519685039);
#8907=CARTESIAN_POINT('',(0.223478803618816,0.23502065352591,-0.141732283464567));
#8908=VERTEX_POINT('',#8907);
#8909=CARTESIAN_POINT('',(0.223478803618816,0.201987220489839,-0.141732283464567));
#8910=VERTEX_POINT('',#8909);
#8911=CARTESIAN_POINT('',(0.246062992125984,0.218503937007874,-0.141732283464567));
#8912=DIRECTION('',(0.0,0.0,1.0));
#8913=DIRECTION('',(-1.0,0.0,0.0));
#8914=AXIS2_PLACEMENT_3D('',#8911,#8912,#8913);
#8915=CIRCLE('',#8914,0.027979411985681);
#8916=EDGE_CURVE('',#8908,#8910,#8915,.T.);
#8917=ORIENTED_EDGE('',*,*,#8916,.T.);
#8918=CARTESIAN_POINT('',(0.233311955406039,0.182906169639027,-0.13231908845832));
#8919=VERTEX_POINT('',#8918);
#8920=CARTESIAN_POINT('',(0.233311955406039,0.182906169639027,-0.13231908845832));
#8921=CARTESIAN_POINT('',(0.233285641912241,0.182943545718661,-0.132921766551027));
#8922=CARTESIAN_POINT('',(0.233204349220795,0.18305886186288,-0.133510295921847));
#8923=CARTESIAN_POINT('',(0.232887952863965,0.183512580016072,-0.134898842821101));
#8924=CARTESIAN_POINT('',(0.232607409276699,0.183917903116225,-0.135643383123325));
#8925=CARTESIAN_POINT('',(0.23184315331957,0.1850513230034,-0.137166569172925));
#8926=CARTESIAN_POINT('',(0.231284024011127,0.185896276374908,-0.137963311801883));
#8927=CARTESIAN_POINT('',(0.229719946463507,0.188403650896048,-0.1396117046199));
#8928=CARTESIAN_POINT('',(0.228654905471539,0.19020029413674,-0.140353638854388));
#8929=CARTESIAN_POINT('',(0.226113852938456,0.195122805576734,-0.141497212050168));
#8930=CARTESIAN_POINT('',(0.224736490062451,0.198206317905979,-0.141719515944681));
#8931=CARTESIAN_POINT('',(0.22354799442084,0.201776412519438,-0.14173210264408));
#8932=CARTESIAN_POINT('',(0.223513249887684,0.201881768091014,-0.141732283464567));
#8933=CARTESIAN_POINT('',(0.223478803618816,0.201987220489838,-0.141732283464567));
#8934=B_SPLINE_CURVE_WITH_KNOTS('',3,(#8920,#8921,#8922,#8923,#8924,#8925,#8926,#8927,#8928,#8929,#8930,#8931,#8932,#8933),.UNSPECIFIED.,.F.,.U.,(4,2,2,2,2,2,4),(-0.034872868628168,-0.031413742190356,-0.026388971524694,-0.019824116225864,-0.010955429934759,0.0,0.000332807428868),.UNSPECIFIED.);
#8935=EDGE_CURVE('',#8919,#8910,#8934,.T.);
#8936=ORIENTED_EDGE('',*,*,#8935,.F.);
#8937=CARTESIAN_POINT('',(0.233311955406039,0.254101704376721,-0.13231908845832));
#8938=VERTEX_POINT('',#8937);
#8939=CARTESIAN_POINT('',(0.246062992125984,0.218503937007874,-0.13231908845832));
#8940=DIRECTION('',(0.0,0.0,-1.0));
#8941=DIRECTION('',(-1.0,0.0,0.0));
#8942=AXIS2_PLACEMENT_3D('',#8939,#8940,#8941);
#8943=CIRCLE('',#8942,0.037812563772904);
#8944=EDGE_CURVE('',#8919,#8938,#8943,.T.);
#8945=ORIENTED_EDGE('',*,*,#8944,.T.);
#8946=CARTESIAN_POINT('',(0.233311955406039,0.25410170437672,-0.13231908845832));
#8947=CARTESIAN_POINT('',(0.233285641912241,0.254064328297087,-0.132921766551027));
#8948=CARTESIAN_POINT('',(0.233204349220795,0.253949012152867,-0.133510295921847));
#8949=CARTESIAN_POINT('',(0.232887952863965,0.253495293999676,-0.134898842821101));
#8950=CARTESIAN_POINT('',(0.232607409276699,0.253089970899523,-0.135643383123325));
#8951=CARTESIAN_POINT('',(0.231843153319567,0.251956551012344,-0.13716656917293));
#8952=CARTESIAN_POINT('',(0.231284024011123,0.251111597640833,-0.137963311801887));
#8953=CARTESIAN_POINT('',(0.229719946463507,0.248604223119701,-0.139611704619899));
#8954=CARTESIAN_POINT('',(0.22865490547154,0.24680757987901,-0.140353638854388));
#8955=CARTESIAN_POINT('',(0.226113852938456,0.241885068439013,-0.141497212050168));
#8956=CARTESIAN_POINT('',(0.22473649006245,0.238801556109768,-0.141719515944681));
#8957=CARTESIAN_POINT('',(0.223547994420841,0.235231461496314,-0.14173210264408));
#8958=CARTESIAN_POINT('',(0.223513249887683,0.23512610592473,-0.141732283464567));
#8959=CARTESIAN_POINT('',(0.223478803618816,0.23502065352591,-0.141732283464567));
#8960=B_SPLINE_CURVE_WITH_KNOTS('',3,(#8946,#8947,#8948,#8949,#8950,#8951,#8952,#8953,#8954,#8955,#8956,#8957,#8958,#8959),.UNSPECIFIED.,.F.,.U.,(4,2,2,2,2,2,4),(0.036506984808555,0.03996611125474,0.044990881932564,0.051555737247323,0.060424423559996,0.071379853521393,0.071712660951057),.UNSPECIFIED.);
#8961=EDGE_CURVE('',#8938,#8908,#8960,.T.);
#8962=ORIENTED_EDGE('',*,*,#8961,.T.);
#8963=EDGE_LOOP('',(#8917,#8936,#8945,#8962));
#8964=FACE_OUTER_BOUND('',#8963,.T.);
#8965=ADVANCED_FACE('',(#8964),#8906,.T.);
#8966=CARTESIAN_POINT('',(0.223478803618816,0.257667187816111,-0.131889763779528));
#8967=DIRECTION('',(0.0,-1.0,0.0));
#8968=DIRECTION('',(-0.694658370459008,0.0,0.719339800338641));
#8969=AXIS2_PLACEMENT_3D('',#8966,#8967,#8968);
#8970=CYLINDRICAL_SURFACE('',#8969,0.009842519685039);
#8971=CARTESIAN_POINT('',(0.233315327506799,0.254106892288089,-0.13223326276282));
#8972=VERTEX_POINT('',#8971);
#8973=CARTESIAN_POINT('',(0.233315327506799,0.182900981727659,-0.13223326276282));
#8974=VERTEX_POINT('',#8973);
#8975=CARTESIAN_POINT('',(0.233315327506799,0.254106892288089,-0.13223326276282));
#8976=DIRECTION('',(0.0,-1.0,0.0));
#8977=VECTOR('',#8976,0.07120591056043);
#8978=LINE('',#8975,#8977);
#8979=EDGE_CURVE('',#8972,#8974,#8978,.T.);
#8980=ORIENTED_EDGE('',*,*,#8979,.T.);
#8981=CARTESIAN_POINT('',(0.233315327506799,0.182900981727659,-0.13223326276282));
#8982=DIRECTION('',(-0.039188396972447,0.060290585782106,-0.997411306737988));
#8983=VECTOR('',#8982,0.000086048448539);
#8984=LINE('',#8981,#8983);
#8985=EDGE_CURVE('',#8974,#8919,#8984,.T.);
#8986=ORIENTED_EDGE('',*,*,#8985,.T.);
#8987=ORIENTED_EDGE('',*,*,#8935,.T.);
#8988=CARTESIAN_POINT('',(0.223478803618816,0.201987220489839,-0.141732283464567));
#8989=DIRECTION('',(0.0,1.0,0.0));
#8990=VECTOR('',#8989,0.033033433036071);
#8991=LINE('',#8988,#8990);
#8992=EDGE_CURVE('',#8910,#8908,#8991,.T.);
#8993=ORIENTED_EDGE('',*,*,#8992,.T.);
#8994=ORIENTED_EDGE('',*,*,#8961,.F.);
#8995=CARTESIAN_POINT('',(0.233311955406039,0.254101704376721,-0.13231908845832));
#8996=DIRECTION('',(0.039188396971484,0.060290585780822,0.997411306738103));
#8997=VECTOR('',#8996,0.000086048448539);
#8998=LINE('',#8995,#8997);
#8999=EDGE_CURVE('',#8938,#8972,#8998,.T.);
#9000=ORIENTED_EDGE('',*,*,#8999,.T.);
#9001=EDGE_LOOP('',(#8980,#8986,#8987,#8993,#8994,#9000));
#9002=FACE_OUTER_BOUND('',#9001,.T.);
#9003=ADVANCED_FACE('',(#9002),#8970,.T.);
#9004=CARTESIAN_POINT('',(0.233169770470239,0.174204539403304,-0.136401470928866));
#9005=DIRECTION('',(-0.999390827019096,0.0,0.0348994967025));
#9006=DIRECTION('',(0.0348994967025,0.0,0.999390827019096));
#9007=AXIS2_PLACEMENT_3D('',#9004,#9005,#9006);
#9008=PLANE('',#9007);
#9009=ORIENTED_EDGE('',*,*,#8979,.F.);
#9010=CARTESIAN_POINT('',(0.236226468238001,0.258776116648393,-0.048869099441905));
#9011=VERTEX_POINT('',#9010);
#9012=CARTESIAN_POINT('',(0.236226468238001,0.258776116648393,-0.048869099441904));
#9013=CARTESIAN_POINT('',(0.234681324593661,0.256410050832154,-0.0931162241997));
#9014=CARTESIAN_POINT('',(0.233315327506799,0.254106892288089,-0.13223326276282));
#9022=(BOUNDED_CURVE()B_SPLINE_CURVE(2,(#9012,#9013,#9014),.UNSPECIFIED.,.F.,.U.)B_SPLINE_CURVE_WITH_KNOTS((3,3),(0.0,0.210623664877619),.UNSPECIFIED.)CURVE()GEOMETRIC_REPRESENTATION_ITEM()RATIONAL_B_SPLINE_CURVE((1.0,1.000465569887999,1.000101494926071))REPRESENTATION_ITEM(''));
#9023=EDGE_CURVE('',#9011,#8972,#9022,.T.);
#9024=ORIENTED_EDGE('',*,*,#9023,.F.);
#9025=CARTESIAN_POINT('',(0.236226468238001,0.178231757367356,-0.048869099441905));
#9026=VERTEX_POINT('',#9025);
#9027=CARTESIAN_POINT('',(0.236226468238001,0.178231757367356,-0.048869099441905));
#9028=DIRECTION('',(0.0,1.0,0.0));
#9029=VECTOR('',#9028,0.080544359281037);
#9030=LINE('',#9027,#9029);
#9031=EDGE_CURVE('',#9026,#9011,#9030,.T.);
#9032=ORIENTED_EDGE('',*,*,#9031,.F.);
#9033=CARTESIAN_POINT('',(0.233315327506799,0.182900981727659,-0.13223326276282));
#9034=CARTESIAN_POINT('',(0.234681324593662,0.180597823183594,-0.093116224199695));
#9035=CARTESIAN_POINT('',(0.236226468238001,0.178231757367356,-0.048869099441904));
#9043=(BOUNDED_CURVE()B_SPLINE_CURVE(2,(#9033,#9034,#9035),.UNSPECIFIED.,.F.,.U.)B_SPLINE_CURVE_WITH_KNOTS((3,3),(0.025766728133794,0.236390393011415),.UNSPECIFIED.)CURVE()GEOMETRIC_REPRESENTATION_ITEM()RATIONAL_B_SPLINE_CURVE((1.000101494926053,1.000465569887915,1.0))REPRESENTATION_ITEM(''));
#9044=EDGE_CURVE('',#8974,#9026,#9043,.T.);
#9045=ORIENTED_EDGE('',*,*,#9044,.F.);
#9046=EDGE_LOOP('',(#9009,#9024,#9032,#9045));
#9047=FACE_OUTER_BOUND('',#9046,.T.);
#9048=ADVANCED_FACE('',(#9047),#9008,.F.);
#9049=CARTESIAN_POINT('',(0.217886098335941,0.200335548838035,-0.141732283464567));
#9050=DIRECTION('',(0.0,0.0,1.0));
#9051=DIRECTION('',(1.0,0.0,0.0));
#9052=AXIS2_PLACEMENT_3D('',#9049,#9050,#9051);
#9053=PLANE('',#9052);
#9054=ORIENTED_EDGE('',*,*,#8916,.F.);
#9055=ORIENTED_EDGE('',*,*,#8992,.F.);
#9056=EDGE_LOOP('',(#9054,#9055));
#9057=FACE_OUTER_BOUND('',#9056,.T.);
#9058=ADVANCED_FACE('',(#9057),#9053,.F.);
#9059=CARTESIAN_POINT('',(-0.246062992125984,0.218503937007874,-0.131889763779528));
#9060=DIRECTION('',(0.0,0.0,1.0));
#9061=DIRECTION('',(1.0,0.0,0.0));
#9062=AXIS2_PLACEMENT_3D('',#9059,#9060,#9061);
#9063=TOROIDAL_SURFACE('',#9062,0.027979411985681,0.009842519685039);
#9064=CARTESIAN_POINT('',(-0.223478803618816,0.201987220489839,-0.141732283464567));
#9065=VERTEX_POINT('',#9064);
#9066=CARTESIAN_POINT('',(-0.223478803618816,0.23502065352591,-0.141732283464567));
#9067=VERTEX_POINT('',#9066);
#9068=CARTESIAN_POINT('',(-0.246062992125984,0.218503937007874,-0.141732283464567));
#9069=DIRECTION('',(0.0,0.0,1.0));
#9070=DIRECTION('',(1.0,0.0,0.0));
#9071=AXIS2_PLACEMENT_3D('',#9068,#9069,#9070);
#9072=CIRCLE('',#9071,0.027979411985681);
#9073=EDGE_CURVE('',#9065,#9067,#9072,.T.);
#9074=ORIENTED_EDGE('',*,*,#9073,.T.);
#9075=CARTESIAN_POINT('',(-0.233311955406039,0.254101704376721,-0.13231908845832));
#9076=VERTEX_POINT('',#9075);
#9077=CARTESIAN_POINT('',(-0.233311955406039,0.254101704376721,-0.13231908845832));
#9078=CARTESIAN_POINT('',(-0.233285641912241,0.254064328297087,-0.132921766551027));
#9079=CARTESIAN_POINT('',(-0.233204349220795,0.253949012152867,-0.133510295921847));
#9080=CARTESIAN_POINT('',(-0.232887952863965,0.253495293999676,-0.134898842821101));
#9081=CARTESIAN_POINT('',(-0.232607409276699,0.253089970899523,-0.135643383123325));
#9082=CARTESIAN_POINT('',(-0.231843153319569,0.251956551012347,-0.137166569172927));
#9083=CARTESIAN_POINT('',(-0.231284024011126,0.251111597640837,-0.137963311801884));
#9084=CARTESIAN_POINT('',(-0.229719946463507,0.2486042231197,-0.139611704619899));
#9085=CARTESIAN_POINT('',(-0.228654905471539,0.246807579879009,-0.140353638854388));
#9086=CARTESIAN_POINT('',(-0.226113852938464,0.241885068439029,-0.141497212050165));
#9087=CARTESIAN_POINT('',(-0.224736490062458,0.238801556109792,-0.141719515944681));
#9088=CARTESIAN_POINT('',(-0.223547994420841,0.235231461496315,-0.14173210264408));
#9089=CARTESIAN_POINT('',(-0.223513249887682,0.235126105924729,-0.141732283464567));
#9090=CARTESIAN_POINT('',(-0.223478803618816,0.23502065352591,-0.141732283464567));
#9091=B_SPLINE_CURVE_WITH_KNOTS('',3,(#9077,#9078,#9079,#9080,#9081,#9082,#9083,#9084,#9085,#9086,#9087,#9088,#9089,#9090),.UNSPECIFIED.,.F.,.U.,(4,2,2,2,2,2,4),(-0.034872868628493,-0.031413742190652,-0.026388971524949,-0.01982411622605,-0.010955429934833,0.0,0.000332807428851),.UNSPECIFIED.);
#9092=EDGE_CURVE('',#9076,#9067,#9091,.T.);
#9093=ORIENTED_EDGE('',*,*,#9092,.F.);
#9094=CARTESIAN_POINT('',(-0.233311955406039,0.182906169639027,-0.13231908845832));
#9095=VERTEX_POINT('',#9094);
#9096=CARTESIAN_POINT('',(-0.246062992125984,0.218503937007874,-0.13231908845832));
#9097=DIRECTION('',(0.0,0.0,-1.0));
#9098=DIRECTION('',(1.0,0.0,0.0));
#9099=AXIS2_PLACEMENT_3D('',#9096,#9097,#9098);
#9100=CIRCLE('',#9099,0.037812563772904);
#9101=EDGE_CURVE('',#9076,#9095,#9100,.T.);
#9102=ORIENTED_EDGE('',*,*,#9101,.T.);
#9103=CARTESIAN_POINT('',(-0.233311955406039,0.182906169639027,-0.13231908845832));
#9104=CARTESIAN_POINT('',(-0.233285641912241,0.182943545718661,-0.132921766551027));
#9105=CARTESIAN_POINT('',(-0.233204349220795,0.18305886186288,-0.133510295921847));
#9106=CARTESIAN_POINT('',(-0.232887952863965,0.183512580016072,-0.134898842821101));
#9107=CARTESIAN_POINT('',(-0.232607409276699,0.183917903116225,-0.135643383123325));
#9108=CARTESIAN_POINT('',(-0.231843153319569,0.185051323003402,-0.137166569172928));
#9109=CARTESIAN_POINT('',(-0.231284024011125,0.185896276374911,-0.137963311801885));
#9110=CARTESIAN_POINT('',(-0.229719946463507,0.188403650896048,-0.1396117046199));
#9111=CARTESIAN_POINT('',(-0.228654905471539,0.19020029413674,-0.140353638854388));
#9112=CARTESIAN_POINT('',(-0.226113852938464,0.195122805576719,-0.141497212050165));
#9113=CARTESIAN_POINT('',(-0.224736490062458,0.198206317905956,-0.141719515944681));
#9114=CARTESIAN_POINT('',(-0.223547994420842,0.201776412519431,-0.14173210264408));
#9115=CARTESIAN_POINT('',(-0.223513249887682,0.201881768091021,-0.141732283464567));
#9116=CARTESIAN_POINT('',(-0.223478803618816,0.201987220489838,-0.141732283464567));
#9117=B_SPLINE_CURVE_WITH_KNOTS('',3,(#9103,#9104,#9105,#9106,#9107,#9108,#9109,#9110,#9111,#9112,#9113,#9114,#9115,#9116),.UNSPECIFIED.,.F.,.U.,(4,2,2,2,2,2,4),(0.03650698480575,0.03996611125163,0.044990881929009,0.05155573724317,0.060424423555016,0.071379853515338,0.071712660944958),.UNSPECIFIED.);
#9118=EDGE_CURVE('',#9095,#9065,#9117,.T.);
#9119=ORIENTED_EDGE('',*,*,#9118,.T.);
#9120=EDGE_LOOP('',(#9074,#9093,#9102,#9119));
#9121=FACE_OUTER_BOUND('',#9120,.T.);
#9122=ADVANCED_FACE('',(#9121),#9063,.T.);
#9123=CARTESIAN_POINT('',(-0.223478803618816,0.109251968503937,-0.131889763779528));
#9124=DIRECTION('',(0.0,1.0,0.0));
#9125=DIRECTION('',(0.694658370459008,0.0,0.719339800338641));
#9126=AXIS2_PLACEMENT_3D('',#9123,#9124,#9125);
#9127=CYLINDRICAL_SURFACE('',#9126,0.009842519685039);
#9128=CARTESIAN_POINT('',(-0.233315327506799,0.182900981727659,-0.13223326276282));
#9129=VERTEX_POINT('',#9128);
#9130=CARTESIAN_POINT('',(-0.233315327506799,0.254106892288089,-0.13223326276282));
#9131=VERTEX_POINT('',#9130);
#9132=CARTESIAN_POINT('',(-0.233315327506799,0.182900981727659,-0.13223326276282));
#9133=DIRECTION('',(0.0,1.0,0.0));
#9134=VECTOR('',#9133,0.07120591056043);
#9135=LINE('',#9132,#9134);
#9136=EDGE_CURVE('',#9129,#9131,#9135,.T.);
#9137=ORIENTED_EDGE('',*,*,#9136,.T.);
#9138=CARTESIAN_POINT('',(-0.233315327506799,0.254106892288089,-0.13223326276282));
#9139=DIRECTION('',(0.039188396972445,-0.060290585782749,-0.997411306737949));
#9140=VECTOR('',#9139,0.000086048448539);
#9141=LINE('',#9138,#9140);
#9142=EDGE_CURVE('',#9131,#9076,#9141,.T.);
#9143=ORIENTED_EDGE('',*,*,#9142,.T.);
#9144=ORIENTED_EDGE('',*,*,#9092,.T.);
#9145=CARTESIAN_POINT('',(-0.223478803618816,0.23502065352591,-0.141732283464567));
#9146=DIRECTION('',(0.0,-1.0,0.0));
#9147=VECTOR('',#9146,0.033033433036071);
#9148=LINE('',#9145,#9147);
#9149=EDGE_CURVE('',#9067,#9065,#9148,.T.);
#9150=ORIENTED_EDGE('',*,*,#9149,.T.);
#9151=ORIENTED_EDGE('',*,*,#9118,.F.);
#9152=CARTESIAN_POINT('',(-0.233311955406039,0.182906169639027,-0.13231908845832));
#9153=DIRECTION('',(-0.039188396971481,-0.060290585782108,0.997411306738026));
#9154=VECTOR('',#9153,0.000086048448539);
#9155=LINE('',#9152,#9154);
#9156=EDGE_CURVE('',#9095,#9129,#9155,.T.);
#9157=ORIENTED_EDGE('',*,*,#9156,.T.);
#9158=EDGE_LOOP('',(#9137,#9143,#9144,#9150,#9151,#9157));
#9159=FACE_OUTER_BOUND('',#9158,.T.);
#9160=ADVANCED_FACE('',(#9159),#9127,.T.);
#9161=CARTESIAN_POINT('',(-0.236372025274561,0.174204539403304,-0.044700891275859));
#9162=DIRECTION('',(0.999390827019096,0.0,0.0348994967025));
#9163=DIRECTION('',(0.0348994967025,0.0,-0.999390827019096));
#9164=AXIS2_PLACEMENT_3D('',#9161,#9162,#9163);
#9165=PLANE('',#9164);
#9166=ORIENTED_EDGE('',*,*,#9136,.F.);
#9167=CARTESIAN_POINT('',(-0.236226468238001,0.178231757367356,-0.048869099441905));
#9168=VERTEX_POINT('',#9167);
#9169=CARTESIAN_POINT('',(-0.236226468238001,0.178231757367356,-0.048869099441905));
#9170=CARTESIAN_POINT('',(-0.234681324593662,0.180597823183594,-0.093116224199694));
#9171=CARTESIAN_POINT('',(-0.233315327506799,0.182900981727659,-0.13223326276282));
#9179=(BOUNDED_CURVE()B_SPLINE_CURVE(2,(#9169,#9170,#9171),.UNSPECIFIED.,.F.,.U.)B_SPLINE_CURVE_WITH_KNOTS((3,3),(0.0,0.210623664877617),.UNSPECIFIED.)CURVE()GEOMETRIC_REPRESENTATION_ITEM()RATIONAL_B_SPLINE_CURVE((1.0,1.000465569887765,1.00010149492602))REPRESENTATION_ITEM(''));
#9180=EDGE_CURVE('',#9168,#9129,#9179,.T.);
#9181=ORIENTED_EDGE('',*,*,#9180,.F.);
#9182=CARTESIAN_POINT('',(-0.236226468238001,0.258776116648393,-0.048869099441905));
#9183=VERTEX_POINT('',#9182);
#9184=CARTESIAN_POINT('',(-0.236226468238001,0.178231757367356,-0.048869099441905));
#9185=DIRECTION('',(0.0,1.0,0.0));
#9186=VECTOR('',#9185,0.080544359281037);
#9187=LINE('',#9184,#9186);
#9188=EDGE_CURVE('',#9168,#9183,#9187,.T.);
#9189=ORIENTED_EDGE('',*,*,#9188,.T.);
#9190=CARTESIAN_POINT('',(-0.233315327506799,0.254106892288089,-0.13223326276282));
#9191=CARTESIAN_POINT('',(-0.234681324593661,0.256410050832154,-0.093116224199703));
#9192=CARTESIAN_POINT('',(-0.236226468238001,0.258776116648393,-0.048869099441905));
#9200=(BOUNDED_CURVE()B_SPLINE_CURVE(2,(#9190,#9191,#9192),.UNSPECIFIED.,.F.,.U.)B_SPLINE_CURVE_WITH_KNOTS((3,3),(0.025766728133789,0.236390393011415),.UNSPECIFIED.)CURVE()GEOMETRIC_REPRESENTATION_ITEM()RATIONAL_B_SPLINE_CURVE((1.000101494926146,1.000465569888343,1.0))REPRESENTATION_ITEM(''));
#9201=EDGE_CURVE('',#9131,#9183,#9200,.T.);
#9202=ORIENTED_EDGE('',*,*,#9201,.F.);
#9203=EDGE_LOOP('',(#9166,#9181,#9189,#9202));
#9204=FACE_OUTER_BOUND('',#9203,.T.);
#9205=ADVANCED_FACE('',(#9204),#9165,.F.);
#9206=CARTESIAN_POINT('',(-0.223745122918,0.200335548838035,-0.141732283464567));
#9207=DIRECTION('',(0.0,0.0,1.0));
#9208=DIRECTION('',(1.0,0.0,0.0));
#9209=AXIS2_PLACEMENT_3D('',#9206,#9207,#9208);
#9210=PLANE('',#9209);
#9211=ORIENTED_EDGE('',*,*,#9073,.F.);
#9212=ORIENTED_EDGE('',*,*,#9149,.F.);
#9213=EDGE_LOOP('',(#9211,#9212));
#9214=FACE_OUTER_BOUND('',#9213,.T.);
#9215=ADVANCED_FACE('',(#9214),#9210,.F.);
#9216=CARTESIAN_POINT('',(0.242107923822735,-0.214548868704624,-0.131889763779528));
#9217=DIRECTION('',(0.0,0.0,1.0));
#9218=DIRECTION('',(1.0,0.0,0.0));
#9219=AXIS2_PLACEMENT_3D('',#9216,#9217,#9218);
#9220=TOROIDAL_SURFACE('',#9219,0.027979411985681,0.009842519685039);
#9221=CARTESIAN_POINT('',(0.223478803618816,-0.193672964520795,-0.141732283464567));
#9222=VERTEX_POINT('',#9221);
#9223=CARTESIAN_POINT('',(0.223478803618816,-0.235424772888453,-0.141732283464567));
#9224=VERTEX_POINT('',#9223);
#9225=CARTESIAN_POINT('',(0.242107923822735,-0.214548868704624,-0.141732283464567));
#9226=DIRECTION('',(0.0,0.0,1.0));
#9227=DIRECTION('',(-1.0,0.0,0.0));
#9228=AXIS2_PLACEMENT_3D('',#9225,#9226,#9227);
#9229=CIRCLE('',#9228,0.027979411985681);
#9230=EDGE_CURVE('',#9222,#9224,#9229,.T.);
#9231=ORIENTED_EDGE('',*,*,#9230,.T.);
#9232=CARTESIAN_POINT('',(0.233311958718019,-0.251324175022529,-0.132319088286782));
#9233=VERTEX_POINT('',#9232);
#9234=CARTESIAN_POINT('',(0.233311955492861,-0.251324144730586,-0.132319086469761));
#9235=CARTESIAN_POINT('',(0.23328319048529,-0.251287688314043,-0.132977916516557));
#9236=CARTESIAN_POINT('',(0.233188657479986,-0.251168061122713,-0.133621532959735));
#9237=CARTESIAN_POINT('',(0.232822251113918,-0.250699213432222,-0.135111883781392));
#9238=CARTESIAN_POINT('',(0.232501923380183,-0.250286324075668,-0.135901171597688));
#9239=CARTESIAN_POINT('',(0.231634106982838,-0.249138347527494,-0.137493553411382));
#9240=CARTESIAN_POINT('',(0.231008950490931,-0.248295683698497,-0.138309356914545));
#9241=CARTESIAN_POINT('',(0.229333714352664,-0.245907554143882,-0.139906833492121));
#9242=CARTESIAN_POINT('',(0.228233174848642,-0.244263534953508,-0.140601141567351));
#9243=CARTESIAN_POINT('',(0.225804952578983,-0.240181051270471,-0.141546045141753));
#9244=CARTESIAN_POINT('',(0.224626796716778,-0.237958397766909,-0.141719529647249));
#9245=CARTESIAN_POINT('',(0.223555350981854,-0.235595154145504,-0.141732061357197));
#9246=CARTESIAN_POINT('',(0.223516979803419,-0.235510006845903,-0.141732283464567));
#9247=CARTESIAN_POINT('',(0.223478803618816,-0.235424772888453,-0.141732283464567));
#9248=B_SPLINE_CURVE_WITH_KNOTS('',3,(#9234,#9235,#9236,#9237,#9238,#9239,#9240,#9241,#9242,#9243,#9244,#9245,#9246,#9247),.UNSPECIFIED.,.F.,.U.,(4,2,2,2,2,2,4),(-0.027801993430272,-0.024685128967839,-0.020286232724754,-0.014657514206257,-0.007504270997005,0.0,0.000280178937755),.UNSPECIFIED.);
#9249=EDGE_CURVE('',#9233,#9224,#9248,.T.);
#9250=ORIENTED_EDGE('',*,*,#9249,.F.);
#9251=CARTESIAN_POINT('',(0.233311955406039,-0.177773592788699,-0.13231908845832));
#9252=VERTEX_POINT('',#9251);
#9253=CARTESIAN_POINT('',(0.242107923822735,-0.214548868704624,-0.13231908845832));
#9254=DIRECTION('',(0.0,0.0,-1.0));
#9255=DIRECTION('',(-1.0,0.0,0.0));
#9256=AXIS2_PLACEMENT_3D('',#9253,#9254,#9255);
#9257=CIRCLE('',#9256,0.037812563772904);
#9258=EDGE_CURVE('',#9233,#9252,#9257,.T.);
#9259=ORIENTED_EDGE('',*,*,#9258,.T.);
#9260=CARTESIAN_POINT('',(0.233311955406039,-0.177773592788699,-0.13231908845832));
#9261=CARTESIAN_POINT('',(0.233283190295257,-0.17781004933616,-0.132977917811637));
#9262=CARTESIAN_POINT('',(0.233188657327105,-0.177929676482158,-0.133621533581574));
#9263=CARTESIAN_POINT('',(0.232822251113918,-0.178398523977026,-0.135111883781392));
#9264=CARTESIAN_POINT('',(0.232501923380182,-0.17881141333358,-0.135901171597688));
#9265=CARTESIAN_POINT('',(0.231634106982838,-0.179959389881754,-0.137493553411382));
#9266=CARTESIAN_POINT('',(0.231008950490931,-0.180802053710751,-0.138309356914545));
#9267=CARTESIAN_POINT('',(0.229333714352664,-0.183190183265366,-0.139906833492121));
#9268=CARTESIAN_POINT('',(0.228233174848642,-0.18483420245574,-0.140601141567351));
#9269=CARTESIAN_POINT('',(0.225804952578983,-0.188916686138777,-0.141546045141753));
#9270=CARTESIAN_POINT('',(0.224626796716778,-0.191139339642338,-0.141719529647249));
#9271=CARTESIAN_POINT('',(0.223555350981854,-0.193502583263744,-0.141732061357197));
#9272=CARTESIAN_POINT('',(0.223516979803419,-0.193587730563345,-0.141732283464567));
#9273=CARTESIAN_POINT('',(0.223478803618816,-0.193672964520795,-0.141732283464567));
#9274=B_SPLINE_CURVE_WITH_KNOTS('',3,(#9260,#9261,#9262,#9263,#9264,#9265,#9266,#9267,#9268,#9269,#9270,#9271,#9272,#9273),.UNSPECIFIED.,.F.,.U.,(4,2,2,2,2,2,4),(0.029149653393601,0.032266514719281,0.036665410961163,0.042294129478121,0.049447372685419,0.056951643680373,0.057231822618051),.UNSPECIFIED.);
#9275=EDGE_CURVE('',#9252,#9222,#9274,.T.);
#9276=ORIENTED_EDGE('',*,*,#9275,.T.);
#9277=EDGE_LOOP('',(#9231,#9250,#9259,#9276));
#9278=FACE_OUTER_BOUND('',#9277,.T.);
#9279=ADVANCED_FACE('',(#9278),#9220,.T.);
#9280=CARTESIAN_POINT('',(0.223478803618816,-0.107274434352312,-0.131889763779528));
#9281=DIRECTION('',(0.0,-1.0,0.0));
#9282=DIRECTION('',(-0.694658370459008,0.0,0.719339800338641));
#9283=AXIS2_PLACEMENT_3D('',#9280,#9281,#9282);
#9284=CYLINDRICAL_SURFACE('',#9283,0.009842519685039);
#9285=CARTESIAN_POINT('',(0.233315327506799,-0.177768933577531,-0.13223326276282));
#9286=VERTEX_POINT('',#9285);
#9287=CARTESIAN_POINT('',(0.233315327506799,-0.251328803831718,-0.13223326276282));
#9288=VERTEX_POINT('',#9287);
#9289=CARTESIAN_POINT('',(0.233315327506799,-0.177768933577531,-0.13223326276282));
#9290=DIRECTION('',(0.0,-1.0,0.0));
#9291=VECTOR('',#9290,0.073559870254187);
#9292=LINE('',#9289,#9291);
#9293=EDGE_CURVE('',#9286,#9288,#9292,.T.);
#9294=ORIENTED_EDGE('',*,*,#9293,.T.);
#9295=CARTESIAN_POINT('',(0.23331195536746,-0.251324233292666,-0.132319091258142));
#9296=DIRECTION('',(0.039203524185769,-0.053135775317361,0.997817454784611));
#9297=VECTOR('',#9296,0.000086016229632);
#9298=LINE('',#9295,#9297);
#9299=EDGE_CURVE('',#9233,#9288,#9298,.T.);
#9300=ORIENTED_EDGE('',*,*,#9299,.F.);
#9301=ORIENTED_EDGE('',*,*,#9249,.T.);
#9302=CARTESIAN_POINT('',(0.223478803618816,-0.235424772888453,-0.141732283464567));
#9303=DIRECTION('',(0.0,1.0,0.0));
#9304=VECTOR('',#9303,0.041751808367658);
#9305=LINE('',#9302,#9304);
#9306=EDGE_CURVE('',#9224,#9222,#9305,.T.);
#9307=ORIENTED_EDGE('',*,*,#9306,.T.);
#9308=ORIENTED_EDGE('',*,*,#9275,.F.);
#9309=CARTESIAN_POINT('',(0.233315327506799,-0.177768933577531,-0.13223326276282));
#9310=DIRECTION('',(-0.039202181418169,-0.054165416301428,-0.997762144325465));
#9311=VECTOR('',#9310,0.000086018191799);
#9312=LINE('',#9309,#9311);
#9313=EDGE_CURVE('',#9286,#9252,#9312,.T.);
#9314=ORIENTED_EDGE('',*,*,#9313,.F.);
#9315=EDGE_LOOP('',(#9294,#9300,#9301,#9307,#9308,#9314));
#9316=FACE_OUTER_BOUND('',#9315,.T.);
#9317=ADVANCED_FACE('',(#9316),#9284,.T.);
#9318=CARTESIAN_POINT('',(0.233169770470239,-0.259689284119597,-0.136401470928866));
#9319=DIRECTION('',(-0.999390827019096,0.0,0.0348994967025));
#9320=DIRECTION('',(0.0348994967025,0.0,0.999390827019096));
#9321=AXIS2_PLACEMENT_3D('',#9318,#9319,#9320);
#9322=PLANE('',#9321);
#9323=ORIENTED_EDGE('',*,*,#9293,.F.);
#9324=CARTESIAN_POINT('',(0.236226468238001,-0.173512127418286,-0.048869099441905));
#9325=VERTEX_POINT('',#9324);
#9326=CARTESIAN_POINT('',(0.240050270832438,-0.168357761488458,0.060630280156278));
#9327=CARTESIAN_POINT('',(0.233937152377886,-0.176280804688569,-0.114426528256743));
#9328=CARTESIAN_POINT('',(0.229820253458295,-0.183441321745265,-0.232319088458315));
#9336=(BOUNDED_CURVE()B_SPLINE_CURVE(2,(#9326,#9327,#9328),.UNSPECIFIED.,.F.,.U.)B_SPLINE_CURVE_WITH_KNOTS((3,3),(0.0,0.293517806581434),.UNSPECIFIED.)CURVE()GEOMETRIC_REPRESENTATION_ITEM()RATIONAL_B_SPLINE_CURVE((1.0,1.004969132302598,1.0))REPRESENTATION_ITEM(''));
#9337=EDGE_CURVE('',#9325,#9286,#9336,.T.);
#9338=ORIENTED_EDGE('',*,*,#9337,.F.);
#9339=CARTESIAN_POINT('',(0.236226468238001,-0.255585609990963,-0.048869099441905));
#9340=VERTEX_POINT('',#9339);
#9341=CARTESIAN_POINT('',(0.236226468238001,-0.255585609990963,-0.048869099441905));
#9342=DIRECTION('',(0.0,1.0,0.0));
#9343=VECTOR('',#9342,0.082073482572677);
#9344=LINE('',#9341,#9343);
#9345=EDGE_CURVE('',#9340,#9325,#9344,.T.);
#9346=ORIENTED_EDGE('',*,*,#9345,.F.);
#9347=CARTESIAN_POINT('',(0.229820253458295,-0.245656415663983,-0.232319088458315));
#9348=CARTESIAN_POINT('',(0.233937152377886,-0.252816932720679,-0.114426528256743));
#9349=CARTESIAN_POINT('',(0.240050270832438,-0.26073997592079,0.060630280156278));
#9357=(BOUNDED_CURVE()B_SPLINE_CURVE(2,(#9347,#9348,#9349),.UNSPECIFIED.,.F.,.U.)B_SPLINE_CURVE_WITH_KNOTS((3,3),(0.0,0.293517806581434),.UNSPECIFIED.)CURVE()GEOMETRIC_REPRESENTATION_ITEM()RATIONAL_B_SPLINE_CURVE((1.0,1.004969132302598,1.0))REPRESENTATION_ITEM(''));
#9358=EDGE_CURVE('',#9288,#9340,#9357,.T.);
#9359=ORIENTED_EDGE('',*,*,#9358,.F.);
#9360=EDGE_LOOP('',(#9323,#9338,#9346,#9359));
#9361=FACE_OUTER_BOUND('',#9360,.T.);
#9362=ADVANCED_FACE('',(#9361),#9322,.F.);
#9363=CARTESIAN_POINT('',(0.213660997247966,-0.237512363306836,-0.141732283464567));
#9364=DIRECTION('',(0.0,0.0,1.0));
#9365=DIRECTION('',(1.0,0.0,0.0));
#9366=AXIS2_PLACEMENT_3D('',#9363,#9364,#9365);
#9367=PLANE('',#9366);
#9368=ORIENTED_EDGE('',*,*,#9230,.F.);
#9369=ORIENTED_EDGE('',*,*,#9306,.F.);
#9370=EDGE_LOOP('',(#9368,#9369));
#9371=FACE_OUTER_BOUND('',#9370,.T.);
#9372=ADVANCED_FACE('',(#9371),#9367,.F.);
#9373=CARTESIAN_POINT('',(-0.242107923822735,-0.214548868704624,-0.131889763779528));
#9374=DIRECTION('',(0.0,0.0,1.0));
#9375=DIRECTION('',(1.0,0.0,0.0));
#9376=AXIS2_PLACEMENT_3D('',#9373,#9374,#9375);
#9377=TOROIDAL_SURFACE('',#9376,0.027979411985681,0.009842519685039);
#9378=CARTESIAN_POINT('',(-0.223478803618816,-0.235424772888453,-0.141732283464567));
#9379=VERTEX_POINT('',#9378);
#9380=CARTESIAN_POINT('',(-0.223478803618816,-0.193672964520795,-0.141732283464567));
#9381=VERTEX_POINT('',#9380);
#9382=CARTESIAN_POINT('',(-0.242107923822735,-0.214548868704624,-0.141732283464567));
#9383=DIRECTION('',(0.0,0.0,1.0));
#9384=DIRECTION('',(1.0,0.0,0.0));
#9385=AXIS2_PLACEMENT_3D('',#9382,#9383,#9384);
#9386=CIRCLE('',#9385,0.027979411985681);
#9387=EDGE_CURVE('',#9379,#9381,#9386,.T.);
#9388=ORIENTED_EDGE('',*,*,#9387,.T.);
#9389=CARTESIAN_POINT('',(-0.233311958718019,-0.177773562386719,-0.132319088286782));
#9390=VERTEX_POINT('',#9389);
#9391=CARTESIAN_POINT('',(-0.233311955492861,-0.177773592678662,-0.132319086469761));
#9392=CARTESIAN_POINT('',(-0.23328319048529,-0.177810049095205,-0.132977916516557));
#9393=CARTESIAN_POINT('',(-0.233188657479986,-0.177929676286535,-0.133621532959735));
#9394=CARTESIAN_POINT('',(-0.232822251113918,-0.178398523977027,-0.135111883781392));
#9395=CARTESIAN_POINT('',(-0.232501923380182,-0.17881141333358,-0.135901171597688));
#9396=CARTESIAN_POINT('',(-0.231634106982839,-0.179959389881753,-0.137493553411381));
#9397=CARTESIAN_POINT('',(-0.231008950490932,-0.18080205371075,-0.138309356914545));
#9398=CARTESIAN_POINT('',(-0.229333714352665,-0.183190183265366,-0.139906833492121));
#9399=CARTESIAN_POINT('',(-0.228233174848642,-0.184834202455739,-0.140601141567351));
#9400=CARTESIAN_POINT('',(-0.225804952578982,-0.188916686138778,-0.141546045141753));
#9401=CARTESIAN_POINT('',(-0.22462679671677,-0.191139339642357,-0.141719529647249));
#9402=CARTESIAN_POINT('',(-0.223555350981858,-0.193502583263737,-0.141732061357197));
#9403=CARTESIAN_POINT('',(-0.223516979803416,-0.193587730563352,-0.141732283464567));
#9404=CARTESIAN_POINT('',(-0.223478803618816,-0.193672964520795,-0.141732283464567));
#9405=B_SPLINE_CURVE_WITH_KNOTS('',3,(#9391,#9392,#9393,#9394,#9395,#9396,#9397,#9398,#9399,#9400,#9401,#9402,#9403,#9404),.UNSPECIFIED.,.F.,.U.,(4,2,2,2,2,2,4),(-0.027801993430062,-0.024685128967648,-0.020286232724592,-0.014657514206135,-0.007504270996943,0.0,0.000280178937732),.UNSPECIFIED.);
#9406=EDGE_CURVE('',#9390,#9381,#9405,.T.);
#9407=ORIENTED_EDGE('',*,*,#9406,.F.);
#9408=CARTESIAN_POINT('',(-0.233311955406039,-0.251324144620549,-0.13231908845832));
#9409=VERTEX_POINT('',#9408);
#9410=CARTESIAN_POINT('',(-0.242107923822735,-0.214548868704624,-0.13231908845832));
#9411=DIRECTION('',(0.0,0.0,-1.0));
#9412=DIRECTION('',(1.0,0.0,0.0));
#9413=AXIS2_PLACEMENT_3D('',#9410,#9411,#9412);
#9414=CIRCLE('',#9413,0.037812563772904);
#9415=EDGE_CURVE('',#9390,#9409,#9414,.T.);
#9416=ORIENTED_EDGE('',*,*,#9415,.T.);
#9417=CARTESIAN_POINT('',(-0.233311955406039,-0.251324144620549,-0.13231908845832));
#9418=CARTESIAN_POINT('',(-0.233283190295257,-0.251287688073088,-0.132977917811637));
#9419=CARTESIAN_POINT('',(-0.233188657327105,-0.25116806092709,-0.133621533581574));
#9420=CARTESIAN_POINT('',(-0.232822251113918,-0.250699213432222,-0.135111883781392));
#9421=CARTESIAN_POINT('',(-0.232501923380182,-0.250286324075668,-0.135901171597688));
#9422=CARTESIAN_POINT('',(-0.231634106982839,-0.249138347527495,-0.137493553411381));
#9423=CARTESIAN_POINT('',(-0.231008950490932,-0.248295683698498,-0.138309356914545));
#9424=CARTESIAN_POINT('',(-0.229333714352665,-0.245907554143882,-0.139906833492121));
#9425=CARTESIAN_POINT('',(-0.228233174848642,-0.244263534953509,-0.140601141567351));
#9426=CARTESIAN_POINT('',(-0.225804952578982,-0.24018105127047,-0.141546045141753));
#9427=CARTESIAN_POINT('',(-0.22462679671677,-0.237958397766891,-0.141719529647249));
#9428=CARTESIAN_POINT('',(-0.223555350981856,-0.235595154145509,-0.141732061357197));
#9429=CARTESIAN_POINT('',(-0.223516979803417,-0.235510006845899,-0.141732283464567));
#9430=CARTESIAN_POINT('',(-0.223478803618816,-0.235424772888453,-0.141732283464567));
#9431=B_SPLINE_CURVE_WITH_KNOTS('',3,(#9417,#9418,#9419,#9420,#9421,#9422,#9423,#9424,#9425,#9426,#9427,#9428,#9429,#9430),.UNSPECIFIED.,.F.,.U.,(4,2,2,2,2,2,4),(0.029149653386049,0.032266514710904,0.03666541095162,0.042294129467083,0.04944737267247,0.056951643665421,0.057231822603013),.UNSPECIFIED.);
#9432=EDGE_CURVE('',#9409,#9379,#9431,.T.);
#9433=ORIENTED_EDGE('',*,*,#9432,.T.);
#9434=EDGE_LOOP('',(#9388,#9407,#9416,#9433));
#9435=FACE_OUTER_BOUND('',#9434,.T.);
#9436=ADVANCED_FACE('',(#9435),#9377,.T.);
#9437=CARTESIAN_POINT('',(-0.223478803618816,-0.255006797344427,-0.131889763779528));
#9438=DIRECTION('',(0.0,1.0,0.0));
#9439=DIRECTION('',(0.694658370459008,0.0,0.719339800338641));
#9440=AXIS2_PLACEMENT_3D('',#9437,#9438,#9439);
#9441=CYLINDRICAL_SURFACE('',#9440,0.009842519685039);
#9442=CARTESIAN_POINT('',(-0.233315327506799,-0.251328803831718,-0.13223326276282));
#9443=VERTEX_POINT('',#9442);
#9444=CARTESIAN_POINT('',(-0.233315327506799,-0.177768933577531,-0.13223326276282));
#9445=VERTEX_POINT('',#9444);
#9446=CARTESIAN_POINT('',(-0.233315327506799,-0.251328803831718,-0.13223326276282));
#9447=DIRECTION('',(0.0,1.0,0.0));
#9448=VECTOR('',#9447,0.073559870254187);
#9449=LINE('',#9446,#9448);
#9450=EDGE_CURVE('',#9443,#9445,#9449,.T.);
#9451=ORIENTED_EDGE('',*,*,#9450,.T.);
#9452=CARTESIAN_POINT('',(-0.23331195536746,-0.177773504116582,-0.132319091258142));
#9453=DIRECTION('',(-0.039203524185758,0.053135775316378,0.997817454784663));
#9454=VECTOR('',#9453,0.000086016229632);
#9455=LINE('',#9452,#9454);
#9456=EDGE_CURVE('',#9390,#9445,#9455,.T.);
#9457=ORIENTED_EDGE('',*,*,#9456,.F.);
#9458=ORIENTED_EDGE('',*,*,#9406,.T.);
#9459=CARTESIAN_POINT('',(-0.223478803618816,-0.193672964520795,-0.141732283464567));
#9460=DIRECTION('',(0.0,-1.0,0.0));
#9461=VECTOR('',#9460,0.041751808367658);
#9462=LINE('',#9459,#9461);
#9463=EDGE_CURVE('',#9381,#9379,#9462,.T.);
#9464=ORIENTED_EDGE('',*,*,#9463,.T.);
#9465=ORIENTED_EDGE('',*,*,#9432,.F.);
#9466=CARTESIAN_POINT('',(-0.233315327506799,-0.251328803831718,-0.13223326276282));
#9467=DIRECTION('',(0.039202181418465,0.054165416301393,-0.997762144325455));
#9468=VECTOR('',#9467,0.000086018191799);
#9469=LINE('',#9466,#9468);
#9470=EDGE_CURVE('',#9443,#9409,#9469,.T.);
#9471=ORIENTED_EDGE('',*,*,#9470,.F.);
#9472=EDGE_LOOP('',(#9451,#9457,#9458,#9464,#9465,#9471));
#9473=FACE_OUTER_BOUND('',#9472,.T.);
#9474=ADVANCED_FACE('',(#9473),#9441,.T.);
#9475=CARTESIAN_POINT('',(-0.236372025274561,-0.259689284119597,-0.044700891275859));
#9476=DIRECTION('',(0.999390827019096,0.0,0.0348994967025));
#9477=DIRECTION('',(0.0348994967025,0.0,-0.999390827019096));
#9478=AXIS2_PLACEMENT_3D('',#9475,#9476,#9477);
#9479=PLANE('',#9478);
#9480=ORIENTED_EDGE('',*,*,#9450,.F.);
#9481=CARTESIAN_POINT('',(-0.236226468238001,-0.255585609990963,-0.048869099441905));
#9482=VERTEX_POINT('',#9481);
#9483=CARTESIAN_POINT('',(-0.240050270832439,-0.26073997592079,0.060630280156282));
#9484=CARTESIAN_POINT('',(-0.233937152377887,-0.252816932720679,-0.11442652825673));
#9485=CARTESIAN_POINT('',(-0.229820253458295,-0.245656415663983,-0.232319088458315));
#9493=(BOUNDED_CURVE()B_SPLINE_CURVE(2,(#9483,#9484,#9485),.UNSPECIFIED.,.F.,.U.)B_SPLINE_CURVE_WITH_KNOTS((3,3),(0.0,0.293517806581438),.UNSPECIFIED.)CURVE()GEOMETRIC_REPRESENTATION_ITEM()RATIONAL_B_SPLINE_CURVE((1.0,1.00496913230261,1.0))REPRESENTATION_ITEM(''));
#9494=EDGE_CURVE('',#9482,#9443,#9493,.T.);
#9495=ORIENTED_EDGE('',*,*,#9494,.F.);
#9496=CARTESIAN_POINT('',(-0.236226468238001,-0.173512127418286,-0.048869099441905));
#9497=VERTEX_POINT('',#9496);
#9498=CARTESIAN_POINT('',(-0.236226468238001,-0.255585609990963,-0.048869099441905));
#9499=DIRECTION('',(0.0,1.0,0.0));
#9500=VECTOR('',#9499,0.082073482572677);
#9501=LINE('',#9498,#9500);
#9502=EDGE_CURVE('',#9482,#9497,#9501,.T.);
#9503=ORIENTED_EDGE('',*,*,#9502,.T.);
#9504=CARTESIAN_POINT('',(-0.229820253458295,-0.183441321745265,-0.232319088458315));
#9505=CARTESIAN_POINT('',(-0.233937152377887,-0.176280804688569,-0.114426528256732));
#9506=CARTESIAN_POINT('',(-0.240050270832439,-0.168357761488458,0.060630280156282));
#9514=(BOUNDED_CURVE()B_SPLINE_CURVE(2,(#9504,#9505,#9506),.UNSPECIFIED.,.F.,.U.)B_SPLINE_CURVE_WITH_KNOTS((3,3),(0.0,0.293517806581438),.UNSPECIFIED.)CURVE()GEOMETRIC_REPRESENTATION_ITEM()RATIONAL_B_SPLINE_CURVE((1.0,1.004969132302459,1.0))REPRESENTATION_ITEM(''));
#9515=EDGE_CURVE('',#9445,#9497,#9514,.T.);
#9516=ORIENTED_EDGE('',*,*,#9515,.F.);
#9517=EDGE_LOOP('',(#9480,#9495,#9503,#9516));
#9518=FACE_OUTER_BOUND('',#9517,.T.);
#9519=ADVANCED_FACE('',(#9518),#9479,.F.);
#9520=CARTESIAN_POINT('',(-0.223946318207904,-0.237512363306836,-0.141732283464567));
#9521=DIRECTION('',(0.0,0.0,1.0));
#9522=DIRECTION('',(1.0,0.0,0.0));
#9523=AXIS2_PLACEMENT_3D('',#9520,#9521,#9522);
#9524=PLANE('',#9523);
#9525=ORIENTED_EDGE('',*,*,#9387,.F.);
#9526=ORIENTED_EDGE('',*,*,#9463,.F.);
#9527=EDGE_LOOP('',(#9525,#9526));
#9528=FACE_OUTER_BOUND('',#9527,.T.);
#9529=ADVANCED_FACE('',(#9528),#9524,.F.);
#9530=CARTESIAN_POINT('',(-0.246062992125984,0.218503937007874,-0.131889763779528));
#9531=DIRECTION('',(0.0,0.0,1.0));
#9532=DIRECTION('',(1.0,0.0,0.0));
#9533=AXIS2_PLACEMENT_3D('',#9530,#9531,#9532);
#9534=TOROIDAL_SURFACE('',#9533,0.027979411985681,0.009842519685039);
#9535=CARTESIAN_POINT('',(-0.268647180633153,0.235020653525909,-0.141732283464567));
#9536=VERTEX_POINT('',#9535);
#9537=CARTESIAN_POINT('',(-0.268647180633153,0.201987220489839,-0.141732283464567));
#9538=VERTEX_POINT('',#9537);
#9539=CARTESIAN_POINT('',(-0.246062992125984,0.218503937007874,-0.141732283464567));
#9540=DIRECTION('',(0.0,0.0,1.0));
#9541=DIRECTION('',(-1.0,0.0,0.0));
#9542=AXIS2_PLACEMENT_3D('',#9539,#9540,#9541);
#9543=CIRCLE('',#9542,0.027979411985681);
#9544=EDGE_CURVE('',#9536,#9538,#9543,.T.);
#9545=ORIENTED_EDGE('',*,*,#9544,.T.);
#9546=CARTESIAN_POINT('',(-0.25881402884593,0.182906169639027,-0.13231908845832));
#9547=VERTEX_POINT('',#9546);
#9548=CARTESIAN_POINT('',(-0.268647180633153,0.201987220489839,-0.141732283464567));
#9549=CARTESIAN_POINT('',(-0.26861273436423,0.201881768090849,-0.141732283464567));
#9550=CARTESIAN_POINT('',(-0.268577989831187,0.201776412519607,-0.141732102644081));
#9551=CARTESIAN_POINT('',(-0.267389494186443,0.198206317896786,-0.141719515944648));
#9552=CARTESIAN_POINT('',(-0.266012131310465,0.19512280557083,-0.141497212048797));
#9553=CARTESIAN_POINT('',(-0.263471078780431,0.190200294136742,-0.140353638854389));
#9554=CARTESIAN_POINT('',(-0.262406037788463,0.18840365089605,-0.139611704619901));
#9555=CARTESIAN_POINT('',(-0.260841960240843,0.185896276374911,-0.137963311801884));
#9556=CARTESIAN_POINT('',(-0.2602828309324,0.185051323003402,-0.137166569172927));
#9557=CARTESIAN_POINT('',(-0.25951857497527,0.183917903116226,-0.135643383123325));
#9558=CARTESIAN_POINT('',(-0.259238031388004,0.183512580016072,-0.134898842821101));
#9559=CARTESIAN_POINT('',(-0.258921635031174,0.183058861862881,-0.133510295921847));
#9560=CARTESIAN_POINT('',(-0.258840342339728,0.182943545718662,-0.132921766551027));
#9561=CARTESIAN_POINT('',(-0.25881402884593,0.182906169639028,-0.13231908845832));
#9562=B_SPLINE_CURVE_WITH_KNOTS('',3,(#9548,#9549,#9550,#9551,#9552,#9553,#9554,#9555,#9556,#9557,#9558,#9559,#9560,#9561),.UNSPECIFIED.,.F.,.U.,(4,2,2,2,2,2,4),(-0.000332807429394,0.0,0.01095542996385,0.019824116297747,0.026388971628231,0.03141374231811,0.034872868772594),.UNSPECIFIED.);
#9563=EDGE_CURVE('',#9538,#9547,#9562,.T.);
#9564=ORIENTED_EDGE('',*,*,#9563,.T.);
#9565=CARTESIAN_POINT('',(-0.25881402884593,0.254101704376721,-0.13231908845832));
#9566=VERTEX_POINT('',#9565);
#9567=CARTESIAN_POINT('',(-0.246062992125984,0.218503937007874,-0.13231908845832));
#9568=DIRECTION('',(0.0,0.0,-1.0));
#9569=DIRECTION('',(-1.0,0.0,0.0));
#9570=AXIS2_PLACEMENT_3D('',#9567,#9568,#9569);
#9571=CIRCLE('',#9570,0.037812563772904);
#9572=EDGE_CURVE('',#9547,#9566,#9571,.T.);
#9573=ORIENTED_EDGE('',*,*,#9572,.T.);
#9574=CARTESIAN_POINT('',(-0.25881402884593,0.25410170437672,-0.13231908845832));
#9575=CARTESIAN_POINT('',(-0.258840342339728,0.254064328297086,-0.132921766551027));
#9576=CARTESIAN_POINT('',(-0.258921635031174,0.253949012152867,-0.133510295921847));
#9577=CARTESIAN_POINT('',(-0.259238031388004,0.253495293999676,-0.134898842821101));
#9578=CARTESIAN_POINT('',(-0.25951857497527,0.253089970899522,-0.135643383123325));
#9579=CARTESIAN_POINT('',(-0.260282830932399,0.251956551012348,-0.137166569172924));
#9580=CARTESIAN_POINT('',(-0.260841960240841,0.251111597640841,-0.137963311801882));
#9581=CARTESIAN_POINT('',(-0.262406037788463,0.248604223119698,-0.139611704619901));
#9582=CARTESIAN_POINT('',(-0.263471078780431,0.246807579879006,-0.140353638854389));
#9583=CARTESIAN_POINT('',(-0.266012131310551,0.241885068444751,-0.141497212048835));
#9584=CARTESIAN_POINT('',(-0.26738949418653,0.238801556118702,-0.141719515944649));
#9585=CARTESIAN_POINT('',(-0.268577989831185,0.235231461496146,-0.141732102644081));
#9586=CARTESIAN_POINT('',(-0.268612734364232,0.235126105924894,-0.141732283464567));
#9587=CARTESIAN_POINT('',(-0.268647180633153,0.235020653525909,-0.141732283464567));
#9588=B_SPLINE_CURVE_WITH_KNOTS('',3,(#9574,#9575,#9576,#9577,#9578,#9579,#9580,#9581,#9582,#9583,#9584,#9585,#9586,#9587),.UNSPECIFIED.,.F.,.U.,(4,2,2,2,2,2,4),(0.036506984653603,0.03996611108284,0.044990881736042,0.05155573701859,0.060424423287698,0.071379853172187,0.071712660599179),.UNSPECIFIED.);
#9589=EDGE_CURVE('',#9566,#9536,#9588,.T.);
#9590=ORIENTED_EDGE('',*,*,#9589,.T.);
#9591=EDGE_LOOP('',(#9545,#9564,#9573,#9590));
#9592=FACE_OUTER_BOUND('',#9591,.T.);
#9593=ADVANCED_FACE('',(#9592),#9534,.T.);
#9594=CARTESIAN_POINT('',(-0.268647180633153,0.257667187816111,-0.131889763779528));
#9595=DIRECTION('',(0.0,-1.0,0.0));
#9596=DIRECTION('',(-0.694658370459007,0.0,0.719339800338642));
#9597=AXIS2_PLACEMENT_3D('',#9594,#9595,#9596);
#9598=CYLINDRICAL_SURFACE('',#9597,0.009842519685039);
#9599=CARTESIAN_POINT('',(-0.25881065674517,0.254106892288089,-0.13223326276282));
#9600=VERTEX_POINT('',#9599);
#9601=CARTESIAN_POINT('',(-0.25881065674517,0.182900981727659,-0.13223326276282));
#9602=VERTEX_POINT('',#9601);
#9603=CARTESIAN_POINT('',(-0.25881065674517,0.254106892288089,-0.13223326276282));
#9604=DIRECTION('',(0.0,-1.0,0.0));
#9605=VECTOR('',#9604,0.07120591056043);
#9606=LINE('',#9603,#9605);
#9607=EDGE_CURVE('',#9600,#9602,#9606,.T.);
#9608=ORIENTED_EDGE('',*,*,#9607,.T.);
#9609=CARTESIAN_POINT('',(-0.25881065674517,0.182900981727659,-0.13223326276282));
#9610=DIRECTION('',(-0.039188396972126,0.060290585781785,-0.99741130673802));
#9611=VECTOR('',#9610,0.000086048448539);
#9612=LINE('',#9609,#9611);
#9613=EDGE_CURVE('',#9602,#9547,#9612,.T.);
#9614=ORIENTED_EDGE('',*,*,#9613,.T.);
#9615=ORIENTED_EDGE('',*,*,#9563,.F.);
#9616=CARTESIAN_POINT('',(-0.268647180633153,0.201987220489839,-0.141732283464567));
#9617=DIRECTION('',(0.0,1.0,0.0));
#9618=VECTOR('',#9617,0.03303343303607);
#9619=LINE('',#9616,#9618);
#9620=EDGE_CURVE('',#9538,#9536,#9619,.T.);
#9621=ORIENTED_EDGE('',*,*,#9620,.T.);
#9622=ORIENTED_EDGE('',*,*,#9589,.F.);
#9623=CARTESIAN_POINT('',(-0.25881402884593,0.254101704376721,-0.13231908845832));
#9624=DIRECTION('',(0.039188396972128,0.060290585780821,0.997411306738078));
#9625=VECTOR('',#9624,0.000086048448539);
#9626=LINE('',#9623,#9625);
#9627=EDGE_CURVE('',#9566,#9600,#9626,.T.);
#9628=ORIENTED_EDGE('',*,*,#9627,.T.);
#9629=EDGE_LOOP('',(#9608,#9614,#9615,#9621,#9622,#9628));
#9630=FACE_OUTER_BOUND('',#9629,.T.);
#9631=ADVANCED_FACE('',(#9630),#9598,.T.);
#9632=CARTESIAN_POINT('',(-0.258956213781729,0.174204539403304,-0.136401470928866));
#9633=DIRECTION('',(-0.999390827019096,0.0,0.034899496702502));
#9634=DIRECTION('',(0.034899496702502,0.0,0.999390827019096));
#9635=AXIS2_PLACEMENT_3D('',#9632,#9633,#9634);
#9636=PLANE('',#9635);
#9637=ORIENTED_EDGE('',*,*,#9607,.F.);
#9638=CARTESIAN_POINT('',(-0.255899516013967,0.258776116648393,-0.048869099441905));
#9639=VERTEX_POINT('',#9638);
#9640=CARTESIAN_POINT('',(-0.255899516013967,0.258776116648393,-0.048869099441904));
#9641=CARTESIAN_POINT('',(-0.257444659658305,0.256410050832157,-0.093116224199652));
#9642=CARTESIAN_POINT('',(-0.25881065674517,0.254106892288089,-0.13223326276282));
#9650=(BOUNDED_CURVE()B_SPLINE_CURVE(2,(#9640,#9641,#9642),.UNSPECIFIED.,.F.,.U.)B_SPLINE_CURVE_WITH_KNOTS((3,3),(0.0,0.210623664877674),.UNSPECIFIED.)CURVE()GEOMETRIC_REPRESENTATION_ITEM()RATIONAL_B_SPLINE_CURVE((1.0,1.000465569888868,1.000101494926261))REPRESENTATION_ITEM(''));
#9651=EDGE_CURVE('',#9639,#9600,#9650,.T.);
#9652=ORIENTED_EDGE('',*,*,#9651,.F.);
#9653=CARTESIAN_POINT('',(-0.255899516013967,0.178231757367356,-0.048869099441905));
#9654=VERTEX_POINT('',#9653);
#9655=CARTESIAN_POINT('',(-0.255899516013967,0.258776116648393,-0.048869099441905));
#9656=DIRECTION('',(0.0,-1.0,0.0));
#9657=VECTOR('',#9656,0.080544359281037);
#9658=LINE('',#9655,#9657);
#9659=EDGE_CURVE('',#9639,#9654,#9658,.T.);
#9660=ORIENTED_EDGE('',*,*,#9659,.T.);
#9661=CARTESIAN_POINT('',(-0.25881065674517,0.182900981727659,-0.13223326276282));
#9662=CARTESIAN_POINT('',(-0.257444659658298,0.180597823183579,-0.093116224199442));
#9663=CARTESIAN_POINT('',(-0.255899516013967,0.178231757367356,-0.048869099441904));
#9671=(BOUNDED_CURVE()B_SPLINE_CURVE(2,(#9661,#9662,#9663),.UNSPECIFIED.,.F.,.U.)B_SPLINE_CURVE_WITH_KNOTS((3,3),(0.02576672813363,0.236390393011415),.UNSPECIFIED.)CURVE()GEOMETRIC_REPRESENTATION_ITEM()RATIONAL_B_SPLINE_CURVE((1.000101494926007,1.000465569887707,1.0))REPRESENTATION_ITEM(''));
#9672=EDGE_CURVE('',#9602,#9654,#9671,.T.);
#9673=ORIENTED_EDGE('',*,*,#9672,.F.);
#9674=EDGE_LOOP('',(#9637,#9652,#9660,#9673));
#9675=FACE_OUTER_BOUND('',#9674,.T.);
#9676=ADVANCED_FACE('',(#9675),#9636,.F.);
#9677=CARTESIAN_POINT('',(-0.274239885916026,0.200335548838036,-0.141732283464567));
#9678=DIRECTION('',(0.0,0.0,1.0));
#9679=DIRECTION('',(1.0,0.0,0.0));
#9680=AXIS2_PLACEMENT_3D('',#9677,#9678,#9679);
#9681=PLANE('',#9680);
#9682=ORIENTED_EDGE('',*,*,#9544,.F.);
#9683=ORIENTED_EDGE('',*,*,#9620,.F.);
#9684=EDGE_LOOP('',(#9682,#9683));
#9685=FACE_OUTER_BOUND('',#9684,.T.);
#9686=ADVANCED_FACE('',(#9685),#9681,.F.);
#9687=CARTESIAN_POINT('',(0.246062992125984,0.218503937007874,-0.131889763779528));
#9688=DIRECTION('',(0.0,0.0,1.0));
#9689=DIRECTION('',(1.0,0.0,0.0));
#9690=AXIS2_PLACEMENT_3D('',#9687,#9688,#9689);
#9691=TOROIDAL_SURFACE('',#9690,0.027979411985681,0.009842519685039);
#9692=CARTESIAN_POINT('',(0.268647180633153,0.201987220489839,-0.141732283464567));
#9693=VERTEX_POINT('',#9692);
#9694=CARTESIAN_POINT('',(0.268647180633153,0.235020653525909,-0.141732283464567));
#9695=VERTEX_POINT('',#9694);
#9696=CARTESIAN_POINT('',(0.246062992125984,0.218503937007874,-0.141732283464567));
#9697=DIRECTION('',(0.0,0.0,1.0));
#9698=DIRECTION('',(1.0,0.0,0.0));
#9699=AXIS2_PLACEMENT_3D('',#9696,#9697,#9698);
#9700=CIRCLE('',#9699,0.027979411985681);
#9701=EDGE_CURVE('',#9693,#9695,#9700,.T.);
#9702=ORIENTED_EDGE('',*,*,#9701,.T.);
#9703=CARTESIAN_POINT('',(0.25881402884593,0.254101704376721,-0.13231908845832));
#9704=VERTEX_POINT('',#9703);
#9705=CARTESIAN_POINT('',(0.268647180633153,0.235020653525909,-0.141732283464567));
#9706=CARTESIAN_POINT('',(0.268612734364232,0.235126105924894,-0.141732283464567));
#9707=CARTESIAN_POINT('',(0.268577989831185,0.235231461496146,-0.141732102644081));
#9708=CARTESIAN_POINT('',(0.26738949418655,0.238801556118641,-0.141719515944649));
#9709=CARTESIAN_POINT('',(0.266012131310571,0.241885068444712,-0.141497212048844));
#9710=CARTESIAN_POINT('',(0.26347107878043,0.246807579879007,-0.140353638854388));
#9711=CARTESIAN_POINT('',(0.262406037788463,0.248604223119699,-0.1396117046199));
#9712=CARTESIAN_POINT('',(0.260841960240846,0.251111597640832,-0.137963311801887));
#9713=CARTESIAN_POINT('',(0.260282830932402,0.251956551012343,-0.137166569172931));
#9714=CARTESIAN_POINT('',(0.25951857497527,0.253089970899523,-0.135643383123325));
#9715=CARTESIAN_POINT('',(0.259238031388004,0.253495293999676,-0.134898842821101));
#9716=CARTESIAN_POINT('',(0.258921635031174,0.253949012152867,-0.133510295921847));
#9717=CARTESIAN_POINT('',(0.258840342339728,0.254064328297086,-0.132921766551027));
#9718=CARTESIAN_POINT('',(0.25881402884593,0.25410170437672,-0.13231908845832));
#9719=B_SPLINE_CURVE_WITH_KNOTS('',3,(#9705,#9706,#9707,#9708,#9709,#9710,#9711,#9712,#9713,#9714,#9715,#9716,#9717,#9718),.UNSPECIFIED.,.F.,.U.,(4,2,2,2,2,2,4),(-0.000332807429378,0.0,0.010955429962836,0.019824116295245,0.026388971624602,0.031413742313597,0.034872868767473),.UNSPECIFIED.);
#9720=EDGE_CURVE('',#9695,#9704,#9719,.T.);
#9721=ORIENTED_EDGE('',*,*,#9720,.T.);
#9722=CARTESIAN_POINT('',(0.25881402884593,0.182906169639027,-0.13231908845832));
#9723=VERTEX_POINT('',#9722);
#9724=CARTESIAN_POINT('',(0.246062992125984,0.218503937007874,-0.13231908845832));
#9725=DIRECTION('',(0.0,0.0,-1.0));
#9726=DIRECTION('',(1.0,0.0,0.0));
#9727=AXIS2_PLACEMENT_3D('',#9724,#9725,#9726);
#9728=CIRCLE('',#9727,0.037812563772904);
#9729=EDGE_CURVE('',#9704,#9723,#9728,.T.);
#9730=ORIENTED_EDGE('',*,*,#9729,.T.);
#9731=CARTESIAN_POINT('',(0.25881402884593,0.182906169639028,-0.13231908845832));
#9732=CARTESIAN_POINT('',(0.258840342339728,0.182943545718662,-0.132921766551028));
#9733=CARTESIAN_POINT('',(0.258921635031174,0.183058861862881,-0.133510295921847));
#9734=CARTESIAN_POINT('',(0.259238031388004,0.183512580016072,-0.134898842821101));
#9735=CARTESIAN_POINT('',(0.25951857497527,0.183917903116225,-0.135643383123325));
#9736=CARTESIAN_POINT('',(0.260282830932401,0.185051323003403,-0.137166569172928));
#9737=CARTESIAN_POINT('',(0.260841960240844,0.185896276374912,-0.137963311801885));
#9738=CARTESIAN_POINT('',(0.262406037788462,0.188403650896048,-0.1396117046199));
#9739=CARTESIAN_POINT('',(0.26347107878043,0.19020029413674,-0.140353638854388));
#9740=CARTESIAN_POINT('',(0.266012131310449,0.195122805570799,-0.141497212048789));
#9741=CARTESIAN_POINT('',(0.267389494186427,0.198206317896738,-0.141719515944648));
#9742=CARTESIAN_POINT('',(0.268577989831187,0.201776412519607,-0.141732102644081));
#9743=CARTESIAN_POINT('',(0.26861273436423,0.201881768090848,-0.141732283464567));
#9744=CARTESIAN_POINT('',(0.268647180633153,0.201987220489839,-0.141732283464567));
#9745=B_SPLINE_CURVE_WITH_KNOTS('',3,(#9731,#9732,#9733,#9734,#9735,#9736,#9737,#9738,#9739,#9740,#9741,#9742,#9743,#9744),.UNSPECIFIED.,.F.,.U.,(4,2,2,2,2,2,4),(0.036506984654064,0.039966111083334,0.044990881736589,0.051555737019233,0.060424423288505,0.071379853172391,0.071712660599352),.UNSPECIFIED.);
#9746=EDGE_CURVE('',#9723,#9693,#9745,.T.);
#9747=ORIENTED_EDGE('',*,*,#9746,.T.);
#9748=EDGE_LOOP('',(#9702,#9721,#9730,#9747));
#9749=FACE_OUTER_BOUND('',#9748,.T.);
#9750=ADVANCED_FACE('',(#9749),#9691,.T.);
#9751=CARTESIAN_POINT('',(0.268647180633153,0.109251968503937,-0.131889763779528));
#9752=DIRECTION('',(0.0,1.0,0.0));
#9753=DIRECTION('',(0.694658370459007,0.0,0.719339800338642));
#9754=AXIS2_PLACEMENT_3D('',#9751,#9752,#9753);
#9755=CYLINDRICAL_SURFACE('',#9754,0.009842519685039);
#9756=CARTESIAN_POINT('',(0.25881065674517,0.182900981727659,-0.13223326276282));
#9757=VERTEX_POINT('',#9756);
#9758=CARTESIAN_POINT('',(0.25881065674517,0.254106892288089,-0.13223326276282));
#9759=VERTEX_POINT('',#9758);
#9760=CARTESIAN_POINT('',(0.25881065674517,0.182900981727659,-0.13223326276282));
#9761=DIRECTION('',(0.0,1.0,0.0));
#9762=VECTOR('',#9761,0.07120591056043);
#9763=LINE('',#9760,#9762);
#9764=EDGE_CURVE('',#9757,#9759,#9763,.T.);
#9765=ORIENTED_EDGE('',*,*,#9764,.T.);
#9766=CARTESIAN_POINT('',(0.25881065674517,0.254106892288089,-0.13223326276282));
#9767=DIRECTION('',(0.039188396972125,-0.060290585782107,-0.997411306738));
#9768=VECTOR('',#9767,0.000086048448539);
#9769=LINE('',#9766,#9768);
#9770=EDGE_CURVE('',#9759,#9704,#9769,.T.);
#9771=ORIENTED_EDGE('',*,*,#9770,.T.);
#9772=ORIENTED_EDGE('',*,*,#9720,.F.);
#9773=CARTESIAN_POINT('',(0.268647180633153,0.235020653525909,-0.141732283464567));
#9774=DIRECTION('',(0.0,-1.0,0.0));
#9775=VECTOR('',#9774,0.03303343303607);
#9776=LINE('',#9773,#9775);
#9777=EDGE_CURVE('',#9695,#9693,#9776,.T.);
#9778=ORIENTED_EDGE('',*,*,#9777,.T.);
#9779=ORIENTED_EDGE('',*,*,#9746,.F.);
#9780=CARTESIAN_POINT('',(0.25881402884593,0.182906169639027,-0.13231908845832));
#9781=DIRECTION('',(-0.039188396972126,-0.060290585781785,0.99741130673802));
#9782=VECTOR('',#9781,0.000086048448539);
#9783=LINE('',#9780,#9782);
#9784=EDGE_CURVE('',#9723,#9757,#9783,.T.);
#9785=ORIENTED_EDGE('',*,*,#9784,.T.);
#9786=EDGE_LOOP('',(#9765,#9771,#9772,#9778,#9779,#9785));
#9787=FACE_OUTER_BOUND('',#9786,.T.);
#9788=ADVANCED_FACE('',(#9787),#9755,.T.);
#9789=CARTESIAN_POINT('',(0.255753958977408,0.174204539403304,-0.044700891275858));
#9790=DIRECTION('',(0.999390827019096,0.0,0.034899496702502));
#9791=DIRECTION('',(0.034899496702502,0.0,-0.999390827019096));
#9792=AXIS2_PLACEMENT_3D('',#9789,#9790,#9791);
#9793=PLANE('',#9792);
#9794=ORIENTED_EDGE('',*,*,#9764,.F.);
#9795=CARTESIAN_POINT('',(0.255899516013967,0.178231757367356,-0.048869099441905));
#9796=VERTEX_POINT('',#9795);
#9797=CARTESIAN_POINT('',(0.255899516013967,0.178231757367356,-0.048869099441904));
#9798=CARTESIAN_POINT('',(0.257444659658298,0.180597823183579,-0.093116224199434));
#9799=CARTESIAN_POINT('',(0.25881065674517,0.182900981727659,-0.13223326276282));
#9807=(BOUNDED_CURVE()B_SPLINE_CURVE(2,(#9797,#9798,#9799),.UNSPECIFIED.,.F.,.U.)B_SPLINE_CURVE_WITH_KNOTS((3,3),(0.0,0.210623664877768),.UNSPECIFIED.)CURVE()GEOMETRIC_REPRESENTATION_ITEM()RATIONAL_B_SPLINE_CURVE((1.0,1.000465569886874,1.000101494925826))REPRESENTATION_ITEM(''));
#9808=EDGE_CURVE('',#9796,#9757,#9807,.T.);
#9809=ORIENTED_EDGE('',*,*,#9808,.F.);
#9810=CARTESIAN_POINT('',(0.255899516013967,0.258776116648393,-0.048869099441905));
#9811=VERTEX_POINT('',#9810);
#9812=CARTESIAN_POINT('',(0.255899516013967,0.258776116648393,-0.048869099441905));
#9813=DIRECTION('',(0.0,-1.0,0.0));
#9814=VECTOR('',#9813,0.080544359281037);
#9815=LINE('',#9812,#9814);
#9816=EDGE_CURVE('',#9811,#9796,#9815,.T.);
#9817=ORIENTED_EDGE('',*,*,#9816,.F.);
#9818=CARTESIAN_POINT('',(0.25881065674517,0.254106892288089,-0.13223326276282));
#9819=CARTESIAN_POINT('',(0.257444659658305,0.256410050832157,-0.093116224199652));
#9820=CARTESIAN_POINT('',(0.255899516013967,0.258776116648393,-0.048869099441904));
#9828=(BOUNDED_CURVE()B_SPLINE_CURVE(2,(#9818,#9819,#9820),.UNSPECIFIED.,.F.,.U.)B_SPLINE_CURVE_WITH_KNOTS((3,3),(0.025766728133741,0.236390393011415),.UNSPECIFIED.)CURVE()GEOMETRIC_REPRESENTATION_ITEM()RATIONAL_B_SPLINE_CURVE((1.000101494926261,1.000465569888868,1.0))REPRESENTATION_ITEM(''));
#9829=EDGE_CURVE('',#9759,#9811,#9828,.T.);
#9830=ORIENTED_EDGE('',*,*,#9829,.F.);
#9831=EDGE_LOOP('',(#9794,#9809,#9817,#9830));
#9832=FACE_OUTER_BOUND('',#9831,.T.);
#9833=ADVANCED_FACE('',(#9832),#9793,.F.);
#9834=CARTESIAN_POINT('',(0.268380861333968,0.200335548838036,-0.141732283464567));
#9835=DIRECTION('',(0.0,0.0,1.0));
#9836=DIRECTION('',(1.0,0.0,0.0));
#9837=AXIS2_PLACEMENT_3D('',#9834,#9835,#9836);
#9838=PLANE('',#9837);
#9839=ORIENTED_EDGE('',*,*,#9701,.F.);
#9840=ORIENTED_EDGE('',*,*,#9777,.F.);
#9841=EDGE_LOOP('',(#9839,#9840));
#9842=FACE_OUTER_BOUND('',#9841,.T.);
#9843=ADVANCED_FACE('',(#9842),#9838,.F.);
#9844=CARTESIAN_POINT('',(0.242107923822735,-0.214548868704624,-0.131889763779528));
#9845=DIRECTION('',(0.0,0.0,1.0));
#9846=DIRECTION('',(1.0,0.0,0.0));
#9847=AXIS2_PLACEMENT_3D('',#9844,#9845,#9846);
#9848=TOROIDAL_SURFACE('',#9847,0.027979411985681,0.009842519685039);
#9849=CARTESIAN_POINT('',(0.268647180633153,-0.223409757092091,-0.141732283464567));
#9850=VERTEX_POINT('',#9849);
#9851=CARTESIAN_POINT('',(0.268647180633153,-0.205687980317158,-0.141732283464567));
#9852=VERTEX_POINT('',#9851);
#9853=CARTESIAN_POINT('',(0.242107923822735,-0.214548868704624,-0.141732283464567));
#9854=DIRECTION('',(0.0,0.0,1.0));
#9855=DIRECTION('',(1.0,0.0,0.0));
#9856=AXIS2_PLACEMENT_3D('',#9853,#9854,#9855);
#9857=CIRCLE('',#9856,0.027979411985681);
#9858=EDGE_CURVE('',#9850,#9852,#9857,.T.);
#9859=ORIENTED_EDGE('',*,*,#9858,.T.);
#9860=CARTESIAN_POINT('',(0.25881402884593,-0.180626957879408,-0.13231908845832));
#9861=VERTEX_POINT('',#9860);
#9862=CARTESIAN_POINT('',(0.268647180633153,-0.205687980317157,-0.141732283464567));
#9863=CARTESIAN_POINT('',(0.26862219791793,-0.205534268373467,-0.141732283464567));
#9864=CARTESIAN_POINT('',(0.268596581970109,-0.205380660094101,-0.141732188400353));
#9865=CARTESIAN_POINT('',(0.268304077642526,-0.203669928163392,-0.14172990462928));
#9866=CARTESIAN_POINT('',(0.267973265403147,-0.202125907307265,-0.141717051007979));
#9867=CARTESIAN_POINT('',(0.266590470052094,-0.196721846767051,-0.141566582393013));
#9868=CARTESIAN_POINT('',(0.265296809864364,-0.193267119340544,-0.141269774350407));
#9869=CARTESIAN_POINT('',(0.262929860822499,-0.187955702922766,-0.139985721851541));
#9870=CARTESIAN_POINT('',(0.261957539440123,-0.186085750463151,-0.139219204188386));
#9871=CARTESIAN_POINT('',(0.260557469681493,-0.183537236583153,-0.137568126569009));
#9872=CARTESIAN_POINT('',(0.260068500933697,-0.182700631630969,-0.136799186483717));
#9873=CARTESIAN_POINT('',(0.259411236192793,-0.181597375079655,-0.135358418386927));
#9874=CARTESIAN_POINT('',(0.259171626364436,-0.181205628558361,-0.134664784632551));
#9875=CARTESIAN_POINT('',(0.258905676851273,-0.180774133855328,-0.133389534257317));
#9876=CARTESIAN_POINT('',(0.258837677764008,-0.180664965983925,-0.132860737733435));
#9877=CARTESIAN_POINT('',(0.25881402884593,-0.180626957879408,-0.13231908845832));
#9878=B_SPLINE_CURVE_WITH_KNOTS('',3,(#9862,#9863,#9864,#9865,#9866,#9867,#9868,#9869,#9870,#9871,#9872,#9873,#9874,#9875,#9876,#9877),.UNSPECIFIED.,.F.,.U.,(4,2,2,2,2,2,2,4),(-0.000467186771255,0.0,0.004739492556696,0.016769580354204,0.025942052244046,0.032483107153775,0.037374204969836,0.040629882164078),.UNSPECIFIED.);
#9879=EDGE_CURVE('',#9852,#9861,#9878,.T.);
#9880=ORIENTED_EDGE('',*,*,#9879,.T.);
#9881=CARTESIAN_POINT('',(0.25881402884593,-0.24847077952984,-0.13231908845832));
#9882=VERTEX_POINT('',#9881);
#9883=CARTESIAN_POINT('',(0.242107923822735,-0.214548868704624,-0.13231908845832));
#9884=DIRECTION('',(0.0,0.0,-1.0));
#9885=DIRECTION('',(1.0,0.0,0.0));
#9886=AXIS2_PLACEMENT_3D('',#9883,#9884,#9885);
#9887=CIRCLE('',#9886,0.037812563772904);
#9888=EDGE_CURVE('',#9861,#9882,#9887,.T.);
#9889=ORIENTED_EDGE('',*,*,#9888,.T.);
#9890=CARTESIAN_POINT('',(0.25881402884593,-0.248470779529839,-0.13231908845832));
#9891=CARTESIAN_POINT('',(0.258837677764008,-0.248432771425323,-0.132860737733435));
#9892=CARTESIAN_POINT('',(0.258905676851273,-0.24832360355392,-0.133389534257316));
#9893=CARTESIAN_POINT('',(0.259171626364436,-0.247892108850887,-0.134664784632551));
#9894=CARTESIAN_POINT('',(0.259411236192794,-0.247500362329593,-0.135358418386928));
#9895=CARTESIAN_POINT('',(0.260068500933698,-0.246397105778277,-0.13679918648372));
#9896=CARTESIAN_POINT('',(0.260557469681495,-0.245560500826091,-0.137568126569011));
#9897=CARTESIAN_POINT('',(0.261957539440122,-0.243011986946098,-0.139219204188385));
#9898=CARTESIAN_POINT('',(0.262929860822498,-0.241142034486484,-0.139985721851541));
#9899=CARTESIAN_POINT('',(0.265296809864364,-0.235830618068703,-0.141269774350408));
#9900=CARTESIAN_POINT('',(0.266590470052095,-0.232375890642195,-0.141566582393013));
#9901=CARTESIAN_POINT('',(0.267973265403147,-0.226971830101983,-0.141717051007979));
#9902=CARTESIAN_POINT('',(0.268304077642526,-0.225427809245857,-0.14172990462928));
#9903=CARTESIAN_POINT('',(0.268596581970109,-0.223717077315148,-0.141732188400353));
#9904=CARTESIAN_POINT('',(0.26862219791793,-0.223563469035781,-0.141732283464567));
#9905=CARTESIAN_POINT('',(0.268647180633153,-0.223409757092091,-0.141732283464567));
#9906=B_SPLINE_CURVE_WITH_KNOTS('',3,(#9890,#9891,#9892,#9893,#9894,#9895,#9896,#9897,#9898,#9899,#9900,#9901,#9902,#9903,#9904,#9905),.UNSPECIFIED.,.F.,.U.,(4,2,2,2,2,2,2,4),(0.04234003316246,0.045595710354047,0.05048680816612,0.05702786307054,0.066200334952963,0.078230422740737,0.082969915293599,0.083437102064475),.UNSPECIFIED.);
#9907=EDGE_CURVE('',#9882,#9850,#9906,.T.);
#9908=ORIENTED_EDGE('',*,*,#9907,.T.);
#9909=EDGE_LOOP('',(#9859,#9880,#9889,#9908));
#9910=FACE_OUTER_BOUND('',#9909,.T.);
#9911=ADVANCED_FACE('',(#9910),#9848,.T.);
#9912=CARTESIAN_POINT('',(0.268647180633153,-0.251869391609971,-0.131889763779528));
#9913=DIRECTION('',(0.0,1.0,0.0));
#9914=DIRECTION('',(0.694658370459007,0.0,0.719339800338642));
#9915=AXIS2_PLACEMENT_3D('',#9912,#9913,#9914);
#9916=CYLINDRICAL_SURFACE('',#9915,0.009842519685039);
#9917=CARTESIAN_POINT('',(0.25881065674517,-0.248476616800394,-0.13223326276282));
#9918=VERTEX_POINT('',#9917);
#9919=CARTESIAN_POINT('',(0.25881065674517,-0.180621120608855,-0.13223326276282));
#9920=VERTEX_POINT('',#9919);
#9921=CARTESIAN_POINT('',(0.25881065674517,-0.248476616800394,-0.13223326276282));
#9922=DIRECTION('',(0.0,1.0,0.0));
#9923=VECTOR('',#9922,0.067855496191539);
#9924=LINE('',#9921,#9923);
#9925=EDGE_CURVE('',#9918,#9920,#9924,.T.);
#9926=ORIENTED_EDGE('',*,*,#9925,.T.);
#9927=CARTESIAN_POINT('',(0.25881065674517,-0.180621120608854,-0.13223326276282));
#9928=DIRECTION('',(0.039169464934283,-0.067804250385487,-0.996929454197449));
#9929=VECTOR('',#9928,0.000086090038908);
#9930=LINE('',#9927,#9929);
#9931=EDGE_CURVE('',#9920,#9861,#9930,.T.);
#9932=ORIENTED_EDGE('',*,*,#9931,.T.);
#9933=ORIENTED_EDGE('',*,*,#9879,.F.);
#9934=CARTESIAN_POINT('',(0.268647180633153,-0.205687980317158,-0.141732283464567));
#9935=DIRECTION('',(0.0,-1.0,0.0));
#9936=VECTOR('',#9935,0.017721776774933);
#9937=LINE('',#9934,#9936);
#9938=EDGE_CURVE('',#9852,#9850,#9937,.T.);
#9939=ORIENTED_EDGE('',*,*,#9938,.T.);
#9940=ORIENTED_EDGE('',*,*,#9907,.F.);
#9941=CARTESIAN_POINT('',(0.25881402884593,-0.24847077952984,-0.13231908845832));
#9942=DIRECTION('',(-0.039169464934888,-0.067804250385741,0.996929454197408));
#9943=VECTOR('',#9942,0.000086090038908);
#9944=LINE('',#9941,#9943);
#9945=EDGE_CURVE('',#9882,#9918,#9944,.T.);
#9946=ORIENTED_EDGE('',*,*,#9945,.T.);
#9947=EDGE_LOOP('',(#9926,#9932,#9933,#9939,#9940,#9946));
#9948=FACE_OUTER_BOUND('',#9947,.T.);
#9949=ADVANCED_FACE('',(#9948),#9916,.T.);
#9950=CARTESIAN_POINT('',(0.255753958977408,-0.25755306785347,-0.044700891275858));
#9951=DIRECTION('',(0.999390827019096,0.0,0.034899496702502));
#9952=DIRECTION('',(0.034899496702502,0.0,-0.999390827019096));
#9953=AXIS2_PLACEMENT_3D('',#9950,#9951,#9952);
#9954=PLANE('',#9953);
#9955=ORIENTED_EDGE('',*,*,#9925,.F.);
#9956=CARTESIAN_POINT('',(0.255899516013967,-0.253643595203575,-0.048869099441905));
#9957=VERTEX_POINT('',#9956);
#9958=CARTESIAN_POINT('',(0.255899516013968,-0.253643595203575,-0.048869099441904));
#9959=CARTESIAN_POINT('',(0.257458080706793,-0.251027423613528,-0.093500552743456));
#9960=CARTESIAN_POINT('',(0.25881065674517,-0.248476616800394,-0.13223326276282));
#9968=(BOUNDED_CURVE()B_SPLINE_CURVE(2,(#9958,#9959,#9960),.UNSPECIFIED.,.F.,.U.)B_SPLINE_CURVE_WITH_KNOTS((3,3),(0.0,0.210440379185483),.UNSPECIFIED.)CURVE()GEOMETRIC_REPRESENTATION_ITEM()RATIONAL_B_SPLINE_CURVE((1.0,1.000503302331637,1.000110824386134))REPRESENTATION_ITEM(''));
#9969=EDGE_CURVE('',#9957,#9918,#9968,.T.);
#9970=ORIENTED_EDGE('',*,*,#9969,.F.);
#9971=CARTESIAN_POINT('',(0.255899516013967,-0.175454142205673,-0.048869099441905));
#9972=VERTEX_POINT('',#9971);
#9973=CARTESIAN_POINT('',(0.255899516013967,-0.175454142205673,-0.048869099441905));
#9974=DIRECTION('',(0.0,-1.0,0.0));
#9975=VECTOR('',#9974,0.078189452997902);
#9976=LINE('',#9973,#9975);
#9977=EDGE_CURVE('',#9972,#9957,#9976,.T.);
#9978=ORIENTED_EDGE('',*,*,#9977,.F.);
#9979=CARTESIAN_POINT('',(0.25881065674517,-0.180621120608855,-0.13223326276282));
#9980=CARTESIAN_POINT('',(0.257458080706792,-0.17807031379572,-0.093500552743443));
#9981=CARTESIAN_POINT('',(0.255899516013968,-0.175454142205673,-0.048869099441904));
#9989=(BOUNDED_CURVE()B_SPLINE_CURVE(2,(#9979,#9980,#9981),.UNSPECIFIED.,.F.,.U.)B_SPLINE_CURVE_WITH_KNOTS((3,3),(0.026035319638446,0.236475698823902),.UNSPECIFIED.)CURVE()GEOMETRIC_REPRESENTATION_ITEM()RATIONAL_B_SPLINE_CURVE((1.000110824385834,1.000503302330274,1.0))REPRESENTATION_ITEM(''));
#9990=EDGE_CURVE('',#9920,#9972,#9989,.T.);
#9991=ORIENTED_EDGE('',*,*,#9990,.F.);
#9992=EDGE_LOOP('',(#9955,#9970,#9978,#9991));
#9993=FACE_OUTER_BOUND('',#9992,.T.);
#9994=ADVANCED_FACE('',(#9993),#9954,.F.);
#9995=CARTESIAN_POINT('',(0.268576069496012,-0.224295845930838,-0.141732283464567));
#9996=DIRECTION('',(0.0,0.0,1.0));
#9997=DIRECTION('',(1.0,0.0,0.0));
#9998=AXIS2_PLACEMENT_3D('',#9995,#9996,#9997);
#9999=PLANE('',#9998);
#10000=ORIENTED_EDGE('',*,*,#9858,.F.);
#10001=ORIENTED_EDGE('',*,*,#9938,.F.);
#10002=EDGE_LOOP('',(#10000,#10001));
#10003=FACE_OUTER_BOUND('',#10002,.T.);
#10004=ADVANCED_FACE('',(#10003),#9999,.F.);
#10005=CARTESIAN_POINT('',(-0.242107923822735,-0.214548868704624,-0.131889763779528));
#10006=DIRECTION('',(0.0,0.0,1.0));
#10007=DIRECTION('',(1.0,0.0,0.0));
#10008=AXIS2_PLACEMENT_3D('',#10005,#10006,#10007);
#10009=TOROIDAL_SURFACE('',#10008,0.027979411985681,0.009842519685039);
#10010=CARTESIAN_POINT('',(-0.268647180633153,-0.205687980317158,-0.141732283464567));
#10011=VERTEX_POINT('',#10010);
#10012=CARTESIAN_POINT('',(-0.268647180633153,-0.22340975709209,-0.141732283464567));
#10013=VERTEX_POINT('',#10012);
#10014=CARTESIAN_POINT('',(-0.242107923822735,-0.214548868704624,-0.141732283464567));
#10015=DIRECTION('',(0.0,0.0,1.0));
#10016=DIRECTION('',(-1.0,0.0,0.0));
#10017=AXIS2_PLACEMENT_3D('',#10014,#10015,#10016);
#10018=CIRCLE('',#10017,0.027979411985681);
#10019=EDGE_CURVE('',#10011,#10013,#10018,.T.);
#10020=ORIENTED_EDGE('',*,*,#10019,.T.);
#10021=CARTESIAN_POINT('',(-0.25881402884593,-0.24847077952984,-0.13231908845832));
#10022=VERTEX_POINT('',#10021);
#10023=CARTESIAN_POINT('',(-0.268647180633153,-0.223409757092091,-0.141732283464567));
#10024=CARTESIAN_POINT('',(-0.26862219791793,-0.22356346903578,-0.141732283464567));
#10025=CARTESIAN_POINT('',(-0.268596581970109,-0.223717077315148,-0.141732188400353));
#10026=CARTESIAN_POINT('',(-0.268304077642526,-0.225427809245855,-0.14172990462928));
#10027=CARTESIAN_POINT('',(-0.267973265403147,-0.226971830101982,-0.141717051007979));
#10028=CARTESIAN_POINT('',(-0.266590470052095,-0.232375890642195,-0.141566582393013));
#10029=CARTESIAN_POINT('',(-0.265296809864364,-0.235830618068702,-0.141269774350408));
#10030=CARTESIAN_POINT('',(-0.262929860822498,-0.241142034486483,-0.139985721851541));
#10031=CARTESIAN_POINT('',(-0.261957539440122,-0.243011986946097,-0.139219204188385));
#10032=CARTESIAN_POINT('',(-0.260557469681495,-0.24556050082609,-0.137568126569012));
#10033=CARTESIAN_POINT('',(-0.260068500933698,-0.246397105778276,-0.136799186483721));
#10034=CARTESIAN_POINT('',(-0.259411236192794,-0.247500362329593,-0.135358418386928));
#10035=CARTESIAN_POINT('',(-0.259171626364436,-0.247892108850887,-0.134664784632551));
#10036=CARTESIAN_POINT('',(-0.258905676851273,-0.24832360355392,-0.133389534257316));
#10037=CARTESIAN_POINT('',(-0.258837677764008,-0.248432771425323,-0.132860737733435));
#10038=CARTESIAN_POINT('',(-0.25881402884593,-0.248470779529839,-0.13231908845832));
#10039=B_SPLINE_CURVE_WITH_KNOTS('',3,(#10023,#10024,#10025,#10026,#10027,#10028,#10029,#10030,#10031,#10032,#10033,#10034,#10035,#10036,#10037,#10038),.UNSPECIFIED.,.F.,.U.,(4,2,2,2,2,2,2,4),(-0.000467186771253,0.0,0.004739492556691,0.01676958035418,0.025942052244007,0.0324831071537,0.037374204969713,0.040629882163923),.UNSPECIFIED.);
#10040=EDGE_CURVE('',#10013,#10022,#10039,.T.);
#10041=ORIENTED_EDGE('',*,*,#10040,.T.);
#10042=CARTESIAN_POINT('',(-0.25881402884593,-0.180626957879408,-0.13231908845832));
#10043=VERTEX_POINT('',#10042);
#10044=CARTESIAN_POINT('',(-0.242107923822735,-0.214548868704624,-0.13231908845832));
#10045=DIRECTION('',(0.0,0.0,-1.0));
#10046=DIRECTION('',(-1.0,0.0,0.0));
#10047=AXIS2_PLACEMENT_3D('',#10044,#10045,#10046);
#10048=CIRCLE('',#10047,0.037812563772904);
#10049=EDGE_CURVE('',#10022,#10043,#10048,.T.);
#10050=ORIENTED_EDGE('',*,*,#10049,.T.);
#10051=CARTESIAN_POINT('',(-0.25881402884593,-0.180626957879408,-0.13231908845832));
#10052=CARTESIAN_POINT('',(-0.258837677764008,-0.180664965983925,-0.132860737733435));
#10053=CARTESIAN_POINT('',(-0.258905676851273,-0.180774133855328,-0.133389534257317));
#10054=CARTESIAN_POINT('',(-0.259171626364436,-0.181205628558361,-0.134664784632551));
#10055=CARTESIAN_POINT('',(-0.259411236192793,-0.181597375079655,-0.135358418386927));
#10056=CARTESIAN_POINT('',(-0.260068500933697,-0.182700631630969,-0.136799186483717));
#10057=CARTESIAN_POINT('',(-0.260557469681493,-0.183537236583153,-0.137568126569009));
#10058=CARTESIAN_POINT('',(-0.261957539440123,-0.186085750463151,-0.139219204188385));
#10059=CARTESIAN_POINT('',(-0.262929860822498,-0.187955702922765,-0.139985721851541));
#10060=CARTESIAN_POINT('',(-0.265296809864365,-0.193267119340548,-0.141269774350408));
#10061=CARTESIAN_POINT('',(-0.266590470052096,-0.196721846767057,-0.141566582393014));
#10062=CARTESIAN_POINT('',(-0.267973265403146,-0.202125907307263,-0.141717051007978));
#10063=CARTESIAN_POINT('',(-0.268304077642526,-0.203669928163389,-0.14172990462928));
#10064=CARTESIAN_POINT('',(-0.268596581970109,-0.2053806600941,-0.141732188400353));
#10065=CARTESIAN_POINT('',(-0.26862219791793,-0.205534268373468,-0.141732283464567));
#10066=CARTESIAN_POINT('',(-0.268647180633153,-0.205687980317157,-0.141732283464567));
#10067=B_SPLINE_CURVE_WITH_KNOTS('',3,(#10051,#10052,#10053,#10054,#10055,#10056,#10057,#10058,#10059,#10060,#10061,#10062,#10063,#10064,#10065,#10066),.UNSPECIFIED.,.F.,.U.,(4,2,2,2,2,2,2,4),(0.042340033162403,0.045595710354003,0.050486808166096,0.057027863070518,0.066200334952915,0.07823042274067,0.082969915293522,0.083437102064394),.UNSPECIFIED.);
#10068=EDGE_CURVE('',#10043,#10011,#10067,.T.);
#10069=ORIENTED_EDGE('',*,*,#10068,.T.);
#10070=EDGE_LOOP('',(#10020,#10041,#10050,#10069));
#10071=FACE_OUTER_BOUND('',#10070,.T.);
#10072=ADVANCED_FACE('',(#10071),#10009,.T.);
#10073=CARTESIAN_POINT('',(-0.268647180633153,-0.107274434352312,-0.131889763779528));
#10074=DIRECTION('',(0.0,-1.0,0.0));
#10075=DIRECTION('',(-0.694658370459007,0.0,0.719339800338642));
#10076=AXIS2_PLACEMENT_3D('',#10073,#10074,#10075);
#10077=CYLINDRICAL_SURFACE('',#10076,0.009842519685039);
#10078=CARTESIAN_POINT('',(-0.25881065674517,-0.180621120608855,-0.13223326276282));
#10079=VERTEX_POINT('',#10078);
#10080=CARTESIAN_POINT('',(-0.25881065674517,-0.248476616800394,-0.13223326276282));
#10081=VERTEX_POINT('',#10080);
#10082=CARTESIAN_POINT('',(-0.25881065674517,-0.180621120608855,-0.13223326276282));
#10083=DIRECTION('',(0.0,-1.0,0.0));
#10084=VECTOR('',#10083,0.067855496191539);
#10085=LINE('',#10082,#10084);
#10086=EDGE_CURVE('',#10079,#10081,#10085,.T.);
#10087=ORIENTED_EDGE('',*,*,#10086,.T.);
#10088=CARTESIAN_POINT('',(-0.25881065674517,-0.248476616800394,-0.13223326276282));
#10089=DIRECTION('',(-0.039169464934244,0.067804250385743,-0.996929454197434));
#10090=VECTOR('',#10089,0.000086090038908);
#10091=LINE('',#10088,#10090);
#10092=EDGE_CURVE('',#10081,#10022,#10091,.T.);
#10093=ORIENTED_EDGE('',*,*,#10092,.T.);
#10094=ORIENTED_EDGE('',*,*,#10040,.F.);
#10095=CARTESIAN_POINT('',(-0.268647180633153,-0.22340975709209,-0.141732283464567));
#10096=DIRECTION('',(0.0,1.0,0.0));
#10097=VECTOR('',#10096,0.017721776774932);
#10098=LINE('',#10095,#10097);
#10099=EDGE_CURVE('',#10013,#10011,#10098,.T.);
#10100=ORIENTED_EDGE('',*,*,#10099,.T.);
#10101=ORIENTED_EDGE('',*,*,#10068,.F.);
#10102=CARTESIAN_POINT('',(-0.25881402884593,-0.180626957879408,-0.13231908845832));
#10103=DIRECTION('',(0.03916946493427,0.067804250385465,0.996929454197451));
#10104=VECTOR('',#10103,0.000086090038908);
#10105=LINE('',#10102,#10104);
#10106=EDGE_CURVE('',#10043,#10079,#10105,.T.);
#10107=ORIENTED_EDGE('',*,*,#10106,.T.);
#10108=EDGE_LOOP('',(#10087,#10093,#10094,#10100,#10101,#10107));
#10109=FACE_OUTER_BOUND('',#10108,.T.);
#10110=ADVANCED_FACE('',(#10109),#10077,.T.);
#10111=CARTESIAN_POINT('',(-0.258956213781729,-0.25755306785347,-0.136401470928866));
#10112=DIRECTION('',(-0.999390827019096,0.0,0.034899496702502));
#10113=DIRECTION('',(0.034899496702502,0.0,0.999390827019096));
#10114=AXIS2_PLACEMENT_3D('',#10111,#10112,#10113);
#10115=PLANE('',#10114);
#10116=ORIENTED_EDGE('',*,*,#10086,.F.);
#10117=CARTESIAN_POINT('',(-0.255899516013967,-0.175454142205673,-0.048869099441905));
#10118=VERTEX_POINT('',#10117);
#10119=CARTESIAN_POINT('',(-0.255899516013967,-0.175454142205673,-0.048869099441904));
#10120=CARTESIAN_POINT('',(-0.257458080706792,-0.178070313795719,-0.093500552743431));
#10121=CARTESIAN_POINT('',(-0.25881065674517,-0.180621120608855,-0.13223326276282));
#10129=(BOUNDED_CURVE()B_SPLINE_CURVE(2,(#10119,#10120,#10121),.UNSPECIFIED.,.F.,.U.)B_SPLINE_CURVE_WITH_KNOTS((3,3),(0.0,0.210440379185463),.UNSPECIFIED.)CURVE()GEOMETRIC_REPRESENTATION_ITEM()RATIONAL_B_SPLINE_CURVE((1.0,1.000503302330255,1.00011082438583))REPRESENTATION_ITEM(''));
#10130=EDGE_CURVE('',#10118,#10079,#10129,.T.);
#10131=ORIENTED_EDGE('',*,*,#10130,.F.);
#10132=CARTESIAN_POINT('',(-0.255899516013967,-0.253643595203575,-0.048869099441905));
#10133=VERTEX_POINT('',#10132);
#10134=CARTESIAN_POINT('',(-0.255899516013967,-0.175454142205673,-0.048869099441905));
#10135=DIRECTION('',(0.0,-1.0,0.0));
#10136=VECTOR('',#10135,0.078189452997902);
#10137=LINE('',#10134,#10136);
#10138=EDGE_CURVE('',#10118,#10133,#10137,.T.);
#10139=ORIENTED_EDGE('',*,*,#10138,.T.);
#10140=CARTESIAN_POINT('',(-0.25881065674517,-0.248476616800394,-0.13223326276282));
#10141=CARTESIAN_POINT('',(-0.257458080706792,-0.25102742361353,-0.09350055274343));
#10142=CARTESIAN_POINT('',(-0.255899516013967,-0.253643595203575,-0.048869099441904));
#10150=(BOUNDED_CURVE()B_SPLINE_CURVE(2,(#10140,#10141,#10142),.UNSPECIFIED.,.F.,.U.)B_SPLINE_CURVE_WITH_KNOTS((3,3),(0.026035319638441,0.236475698823902),.UNSPECIFIED.)CURVE()GEOMETRIC_REPRESENTATION_ITEM()RATIONAL_B_SPLINE_CURVE((1.000110824385812,1.000503302330172,1.0))REPRESENTATION_ITEM(''));
#10151=EDGE_CURVE('',#10081,#10133,#10150,.T.);
#10152=ORIENTED_EDGE('',*,*,#10151,.F.);
#10153=EDGE_LOOP('',(#10116,#10131,#10139,#10152));
#10154=FACE_OUTER_BOUND('',#10153,.T.);
#10155=ADVANCED_FACE('',(#10154),#10115,.F.);
#10156=CARTESIAN_POINT('',(-0.270140514513113,-0.224295845930837,-0.141732283464567));
#10157=DIRECTION('',(0.0,0.0,1.0));
#10158=DIRECTION('',(1.0,0.0,0.0));
#10159=AXIS2_PLACEMENT_3D('',#10156,#10157,#10158);
#10160=PLANE('',#10159);
#10161=ORIENTED_EDGE('',*,*,#10019,.F.);
#10162=ORIENTED_EDGE('',*,*,#10099,.F.);
#10163=EDGE_LOOP('',(#10161,#10162));
#10164=FACE_OUTER_BOUND('',#10163,.T.);
#10165=ADVANCED_FACE('',(#10164),#10160,.F.);
#10166=CARTESIAN_POINT('',(0.246062992125984,0.0,-0.049212598425197));
#10167=DIRECTION('',(0.0,1.0,0.0));
#10168=DIRECTION('',(0.0,0.0,-1.0));
#10169=AXIS2_PLACEMENT_3D('',#10166,#10167,#10168);
#10170=CYLINDRICAL_SURFACE('',#10169,0.009842519685039);
#10171=CARTESIAN_POINT('',(0.246062992125984,0.176633131828263,-0.039370078740157));
#10172=VERTEX_POINT('',#10171);
#10173=CARTESIAN_POINT('',(0.236226468238001,0.178231757367356,-0.048869099441905));
#10174=CARTESIAN_POINT('',(0.236270155488844,0.178164859437701,-0.047618060261525));
#10175=CARTESIAN_POINT('',(0.236551576527381,0.178039276601717,-0.046392587471597));
#10176=CARTESIAN_POINT('',(0.237051281734698,0.177877547512535,-0.045254787215228));
#10177=CARTESIAN_POINT('',(0.23756650732349,0.177710795267453,-0.044081647935446));
#10178=CARTESIAN_POINT('',(0.23830506753972,0.177509658342369,-0.043022136994095));
#10179=CARTESIAN_POINT('',(0.239223771201892,0.177317813501965,-0.042134445353884));
#10180=CARTESIAN_POINT('',(0.24015214898534,0.177123948499534,-0.041237406154782));
#10181=CARTESIAN_POINT('',(0.241251046733703,0.176943691245472,-0.040528726413499));
#10182=CARTESIAN_POINT('',(0.24246057764916,0.176818318201579,-0.040053023997995));
#10183=CARTESIAN_POINT('',(0.24360598214319,0.176699592135077,-0.039602542180965));
#10184=CARTESIAN_POINT('',(0.244826933480139,0.176633131828263,-0.039370078740152));
#10185=CARTESIAN_POINT('',(0.246062992125984,0.176633131828263,-0.039370078740152));
#10186=B_SPLINE_CURVE_WITH_KNOTS('',3,(#10173,#10174,#10175,#10176,#10177,#10178,#10179,#10180,#10181,#10182,#10183,#10184,#10185),.UNSPECIFIED.,.F.,.U.,(4,3,3,3,4),(0.0,0.009552340760518,0.019401368388434,0.029354108118145,0.038779177513757),.UNSPECIFIED.);
#10187=EDGE_CURVE('',#9026,#10172,#10186,.T.);
#10188=ORIENTED_EDGE('',*,*,#10187,.F.);
#10189=ORIENTED_EDGE('',*,*,#9031,.T.);
#10190=CARTESIAN_POINT('',(0.246062992125984,0.260374742187485,-0.039370078740157));
#10191=VERTEX_POINT('',#10190);
#10192=CARTESIAN_POINT('',(0.246062992125984,0.260374742187485,-0.039370078740152));
#10193=CARTESIAN_POINT('',(0.244799938969281,0.260374742187485,-0.039370078740152));
#10194=CARTESIAN_POINT('',(0.243551096449616,0.260305143200587,-0.039613285392178));
#10195=CARTESIAN_POINT('',(0.24238473397855,0.260181608619888,-0.040083216696342));
#10196=CARTESIAN_POINT('',(0.241212936729647,0.260057498417958,-0.040555337690504));
#10197=CARTESIAN_POINT('',(0.240147144257386,0.259882248427083,-0.041246848787885));
#10198=CARTESIAN_POINT('',(0.239242288876641,0.259693920993461,-0.042116599486697));
#10199=CARTESIAN_POINT('',(0.238310228949871,0.259499931481185,-0.043012499306597));
#10200=CARTESIAN_POINT('',(0.237562307378749,0.259296119793946,-0.044084738432158));
#10201=CARTESIAN_POINT('',(0.237043294635199,0.259127738387361,-0.045273023457629));
#10202=CARTESIAN_POINT('',(0.236548552828902,0.258967231112201,-0.046405739922112));
#10203=CARTESIAN_POINT('',(0.236269919909525,0.258842653837363,-0.047624806370588));
#10204=CARTESIAN_POINT('',(0.236226468238001,0.258776116648392,-0.048869099441905));
#10205=B_SPLINE_CURVE_WITH_KNOTS('',3,(#10192,#10193,#10194,#10195,#10196,#10197,#10198,#10199,#10200,#10201,#10202,#10203,#10204),.UNSPECIFIED.,.F.,.U.,(4,3,3,3,4),(0.038779177513757,0.048410082723867,0.058085864060809,0.068052548501514,0.077553154265564),.UNSPECIFIED.);
#10206=EDGE_CURVE('',#10191,#9011,#10205,.T.);
#10207=ORIENTED_EDGE('',*,*,#10206,.F.);
#10208=CARTESIAN_POINT('',(0.255899516013967,0.258776116648392,-0.048869099441905));
#10209=CARTESIAN_POINT('',(0.255855828763124,0.258843014578047,-0.047618060261525));
#10210=CARTESIAN_POINT('',(0.255574407724588,0.25896859741403,-0.046392587471597));
#10211=CARTESIAN_POINT('',(0.255074702517271,0.259130326503213,-0.045254787215228));
#10212=CARTESIAN_POINT('',(0.254559476928479,0.259297078748295,-0.044081647935446));
#10213=CARTESIAN_POINT('',(0.253820916712249,0.259498215673379,-0.043022136994095));
#10214=CARTESIAN_POINT('',(0.252902213050077,0.259690060513783,-0.042134445353884));
#10215=CARTESIAN_POINT('',(0.251973835266629,0.259883925516213,-0.041237406154782));
#10216=CARTESIAN_POINT('',(0.250874937518266,0.260064182770276,-0.040528726413499));
#10217=CARTESIAN_POINT('',(0.249665406602808,0.260189555814169,-0.040053023997995));
#10218=CARTESIAN_POINT('',(0.248520002108778,0.260308281880671,-0.039602542180965));
#10219=CARTESIAN_POINT('',(0.247299050771829,0.260374742187485,-0.039370078740152));
#10220=CARTESIAN_POINT('',(0.246062992125984,0.260374742187485,-0.039370078740152));
#10221=B_SPLINE_CURVE_WITH_KNOTS('',3,(#10208,#10209,#10210,#10211,#10212,#10213,#10214,#10215,#10216,#10217,#10218,#10219,#10220),.UNSPECIFIED.,.F.,.U.,(4,3,3,3,4),(0.0,0.009552340760518,0.019401368388434,0.029354108118145,0.038779177513757),.UNSPECIFIED.);
#10222=EDGE_CURVE('',#9811,#10191,#10221,.T.);
#10223=ORIENTED_EDGE('',*,*,#10222,.F.);
#10224=ORIENTED_EDGE('',*,*,#9816,.T.);
#10225=CARTESIAN_POINT('',(0.246062992125984,0.176633131828263,-0.039370078740152));
#10226=CARTESIAN_POINT('',(0.247326045282683,0.176633131828263,-0.039370078740152));
#10227=CARTESIAN_POINT('',(0.248574887802352,0.176702730815161,-0.039613285392178));
#10228=CARTESIAN_POINT('',(0.249741250273419,0.17682626539586,-0.040083216696345));
#10229=CARTESIAN_POINT('',(0.250913047522322,0.17695037559779,-0.040555337690504));
#10230=CARTESIAN_POINT('',(0.251978839994583,0.177125625588665,-0.041246848787885));
#10231=CARTESIAN_POINT('',(0.252883695375327,0.177313953022287,-0.042116599486697));
#10232=CARTESIAN_POINT('',(0.253815755302097,0.177507942534563,-0.043012499306597));
#10233=CARTESIAN_POINT('',(0.25456367687322,0.177711754221802,-0.044084738432158));
#10234=CARTESIAN_POINT('',(0.255082689616769,0.177880135628387,-0.045273023457629));
#10235=CARTESIAN_POINT('',(0.255577431423066,0.178040642903547,-0.046405739922116));
#10236=CARTESIAN_POINT('',(0.255856064342444,0.178165220178385,-0.047624806370588));
#10237=CARTESIAN_POINT('',(0.255899516013967,0.178231757367356,-0.048869099441905));
#10238=B_SPLINE_CURVE_WITH_KNOTS('',3,(#10225,#10226,#10227,#10228,#10229,#10230,#10231,#10232,#10233,#10234,#10235,#10236,#10237),.UNSPECIFIED.,.F.,.U.,(4,3,3,3,4),(0.038779177513757,0.048410082723869,0.058085864060812,0.068052548501518,0.07755315426557),.UNSPECIFIED.);
#10239=EDGE_CURVE('',#10172,#9796,#10238,.T.);
#10240=ORIENTED_EDGE('',*,*,#10239,.F.);
#10241=EDGE_LOOP('',(#10188,#10189,#10207,#10223,#10224,#10240));
#10242=FACE_OUTER_BOUND('',#10241,.T.);
#10243=ADVANCED_FACE('',(#10242),#10170,.F.);
#10244=CARTESIAN_POINT('',(0.246062992125984,-0.260573493838213,-0.049212598425197));
#10245=DIRECTION('',(0.0,1.0,0.0));
#10246=DIRECTION('',(0.0,0.0,-1.0));
#10247=AXIS2_PLACEMENT_3D('',#10244,#10245,#10246);
#10248=CYLINDRICAL_SURFACE('',#10247,0.009842519685039);
#10249=CARTESIAN_POINT('',(0.246062992125984,-0.256232459734016,-0.039370078740157));
#10250=VERTEX_POINT('',#10249);
#10251=CARTESIAN_POINT('',(0.236226468238001,-0.255585609990962,-0.048869099441905));
#10252=CARTESIAN_POINT('',(0.23627087828212,-0.255648067538759,-0.047597362170198));
#10253=CARTESIAN_POINT('',(0.236561270400512,-0.255746622716503,-0.046348806110408));
#10254=CARTESIAN_POINT('',(0.237079515198054,-0.255860621723074,-0.045191114117671));
#10255=CARTESIAN_POINT('',(0.23760445701875,-0.255976093882854,-0.044018461839528));
#10256=CARTESIAN_POINT('',(0.238354016150934,-0.256104263013513,-0.042959645588827));
#10257=CARTESIAN_POINT('',(0.239286300211641,-0.25620614292526,-0.042074556645517));
#10258=CARTESIAN_POINT('',(0.240211778774331,-0.256307279132844,-0.041195928684758));
#10259=CARTESIAN_POINT('',(0.241300650799957,-0.256379381726488,-0.040504278250313));
#10260=CARTESIAN_POINT('',(0.242493948285165,-0.256388645075994,-0.040039969586491));
#10261=CARTESIAN_POINT('',(0.2436349191575,-0.256397502223602,-0.039596021059187));
#10262=CARTESIAN_POINT('',(0.244844277264765,-0.256348095177107,-0.039370078740152));
#10263=CARTESIAN_POINT('',(0.246062992125984,-0.256232459734016,-0.039370078740152));
#10264=B_SPLINE_CURVE_WITH_KNOTS('',3,(#10251,#10252,#10253,#10254,#10255,#10256,#10257,#10258,#10259,#10260,#10261,#10262,#10263),.UNSPECIFIED.,.F.,.U.,(4,3,3,3,4),(0.0,0.00970821758749,0.019541889705902,0.029303777870343,0.038637603000019),.UNSPECIFIED.);
#10265=EDGE_CURVE('',#9340,#10250,#10264,.T.);
#10266=ORIENTED_EDGE('',*,*,#10265,.F.);
#10267=ORIENTED_EDGE('',*,*,#9345,.T.);
#10268=CARTESIAN_POINT('',(0.246062992125984,-0.172865277675232,-0.039370078740157));
#10269=VERTEX_POINT('',#10268);
#10270=CARTESIAN_POINT('',(0.246062992125984,-0.172865277675232,-0.039370078740152));
#10271=CARTESIAN_POINT('',(0.244807719808337,-0.172746173547376,-0.039370078740152));
#10272=CARTESIAN_POINT('',(0.243561594944804,-0.172697441690038,-0.039610104242587));
#10273=CARTESIAN_POINT('',(0.242391757404179,-0.172710039136521,-0.040080390074106));
#10274=CARTESIAN_POINT('',(0.241235152921512,-0.172722494082244,-0.040545356090309));
#10275=CARTESIAN_POINT('',(0.240179644113868,-0.172793748852821,-0.041224794988832));
#10276=CARTESIAN_POINT('',(0.239279437239411,-0.172892345314813,-0.042081078471416));
#10277=CARTESIAN_POINT('',(0.238353292717277,-0.172993782635241,-0.042962034037619));
#10278=CARTESIAN_POINT('',(0.23760792076142,-0.173121119209375,-0.044014623693284));
#10279=CARTESIAN_POINT('',(0.237084513676484,-0.173236017294436,-0.04517996671839));
#10280=CARTESIAN_POINT('',(0.236563153645814,-0.173350466011076,-0.046340752066537));
#10281=CARTESIAN_POINT('',(0.236271022198246,-0.173449467469241,-0.047593240951563));
#10282=CARTESIAN_POINT('',(0.236226468238001,-0.173512127418286,-0.048869099441905));
#10283=B_SPLINE_CURVE_WITH_KNOTS('',3,(#10270,#10271,#10272,#10273,#10274,#10275,#10276,#10277,#10278,#10279,#10280,#10281,#10282),.UNSPECIFIED.,.F.,.U.,(4,3,3,3,4),(0.039107333160079,0.04871617737106,0.058216327521588,0.06799020536125,0.077725857393687),.UNSPECIFIED.);
#10284=EDGE_CURVE('',#10269,#9325,#10283,.T.);
#10285=ORIENTED_EDGE('',*,*,#10284,.F.);
#10286=CARTESIAN_POINT('',(0.255899516013967,-0.175454142205673,-0.048869099441905));
#10287=CARTESIAN_POINT('',(0.255856969832755,-0.175382725144152,-0.047650736220497));
#10288=CARTESIAN_POINT('',(0.255589274286286,-0.175231551262418,-0.046460622997114));
#10289=CARTESIAN_POINT('',(0.255117437778856,-0.175025355370587,-0.045353556099833));
#10290=CARTESIAN_POINT('',(0.254619213539298,-0.174807627853133,-0.04418457584004));
#10291=CARTESIAN_POINT('',(0.253902064349392,-0.174533657402664,-0.043129228127177));
#10292=CARTESIAN_POINT('',(0.253010812494445,-0.17425233989016,-0.042241014252429));
#10293=CARTESIAN_POINT('',(0.252083845541678,-0.173959749152898,-0.041317207020712));
#10294=CARTESIAN_POINT('',(0.250978396085558,-0.173663690312091,-0.040584061646717));
#10295=CARTESIAN_POINT('',(0.249756533392705,-0.173414526429859,-0.040089389194851));
#10296=CARTESIAN_POINT('',(0.248590083746841,-0.173176662450632,-0.039617150775864));
#10297=CARTESIAN_POINT('',(0.24733751557138,-0.172986208409753,-0.039370078740152));
#10298=CARTESIAN_POINT('',(0.246062992125984,-0.172865277675232,-0.039370078740152));
#10299=B_SPLINE_CURVE_WITH_KNOTS('',3,(#10286,#10287,#10288,#10289,#10290,#10291,#10292,#10293,#10294,#10295,#10296,#10297,#10298),.UNSPECIFIED.,.F.,.U.,(4,3,3,3,4),(0.0,0.009305513030419,0.019131442309438,0.029351125636127,0.039107333160079),.UNSPECIFIED.);
#10300=EDGE_CURVE('',#9972,#10269,#10299,.T.);
#10301=ORIENTED_EDGE('',*,*,#10300,.F.);
#10302=ORIENTED_EDGE('',*,*,#9977,.T.);
#10303=CARTESIAN_POINT('',(0.246062992125984,-0.256232459734016,-0.039370078740152));
#10304=CARTESIAN_POINT('',(0.24733212614604,-0.256112040364874,-0.039370078740152));
#10305=CARTESIAN_POINT('',(0.248581219900831,-0.255922414308895,-0.039615489062563));
#10306=CARTESIAN_POINT('',(0.249743600749868,-0.255685845631021,-0.040084164062826));
#10307=CARTESIAN_POINT('',(0.250937170168653,-0.255442929430546,-0.040565414376031));
#10308=CARTESIAN_POINT('',(0.252020228231479,-0.255155179452203,-0.041274164803739));
#10309=CARTESIAN_POINT('',(0.252934868924231,-0.254869253200448,-0.042166145202472));
#10310=CARTESIAN_POINT('',(0.253870889555844,-0.254576643356076,-0.043078975850423));
#10311=CARTESIAN_POINT('',(0.254620470385825,-0.254290427010556,-0.044173863061816));
#10312=CARTESIAN_POINT('',(0.25513325707241,-0.254065455366819,-0.045390885778748));
#10313=CARTESIAN_POINT('',(0.255595306827626,-0.253862743214498,-0.046487491956646));
#10314=CARTESIAN_POINT('',(0.25585745259246,-0.253714201915529,-0.047664560649665));
#10315=CARTESIAN_POINT('',(0.255899516013967,-0.253643595203575,-0.048869099441905));
#10316=B_SPLINE_CURVE_WITH_KNOTS('',3,(#10303,#10304,#10305,#10306,#10307,#10308,#10309,#10310,#10311,#10312,#10313,#10314,#10315),.UNSPECIFIED.,.F.,.U.,(4,3,3,3,4),(0.038637603000019,0.048357575559874,0.058338350801038,0.068552428984136,0.077755890087411),.UNSPECIFIED.);
#10317=EDGE_CURVE('',#10250,#9957,#10316,.T.);
#10318=ORIENTED_EDGE('',*,*,#10317,.F.);
#10319=EDGE_LOOP('',(#10266,#10267,#10285,#10301,#10302,#10318));
#10320=FACE_OUTER_BOUND('',#10319,.T.);
#10321=ADVANCED_FACE('',(#10320),#10248,.F.);
#10322=CARTESIAN_POINT('',(-0.246062992125984,0.0,-0.049212598425197));
#10323=DIRECTION('',(0.0,1.0,0.0));
#10324=DIRECTION('',(0.0,0.0,-1.0));
#10325=AXIS2_PLACEMENT_3D('',#10322,#10323,#10324);
#10326=CYLINDRICAL_SURFACE('',#10325,0.009842519685039);
#10327=CARTESIAN_POINT('',(-0.246062992125984,0.260374742187485,-0.039370078740157));
#10328=VERTEX_POINT('',#10327);
#10329=CARTESIAN_POINT('',(-0.236226468238001,0.258776116648392,-0.048869099441905));
#10330=CARTESIAN_POINT('',(-0.236270155488844,0.258843014578047,-0.047618060261525));
#10331=CARTESIAN_POINT('',(-0.236551576527381,0.258968597414031,-0.046392587471597));
#10332=CARTESIAN_POINT('',(-0.237051281734698,0.259130326503213,-0.045254787215228));
#10333=CARTESIAN_POINT('',(-0.23756650732349,0.259297078748295,-0.044081647935446));
#10334=CARTESIAN_POINT('',(-0.23830506753972,0.259498215673379,-0.043022136994095));
#10335=CARTESIAN_POINT('',(-0.239223771201892,0.259690060513783,-0.042134445353884));
#10336=CARTESIAN_POINT('',(-0.24015214898534,0.259883925516214,-0.041237406154782));
#10337=CARTESIAN_POINT('',(-0.241251046733703,0.260064182770276,-0.040528726413499));
#10338=CARTESIAN_POINT('',(-0.24246057764916,0.260189555814169,-0.040053023997988));
#10339=CARTESIAN_POINT('',(-0.24360598214319,0.260308281880671,-0.039602542180965));
#10340=CARTESIAN_POINT('',(-0.244826933480139,0.260374742187485,-0.039370078740152));
#10341=CARTESIAN_POINT('',(-0.246062992125984,0.260374742187485,-0.039370078740152));
#10342=B_SPLINE_CURVE_WITH_KNOTS('',3,(#10329,#10330,#10331,#10332,#10333,#10334,#10335,#10336,#10337,#10338,#10339,#10340,#10341),.UNSPECIFIED.,.F.,.U.,(4,3,3,3,4),(0.0,0.009552340760518,0.019401368388435,0.029354108118146,0.038779177513758),.UNSPECIFIED.);
#10343=EDGE_CURVE('',#9183,#10328,#10342,.T.);
#10344=ORIENTED_EDGE('',*,*,#10343,.F.);
#10345=ORIENTED_EDGE('',*,*,#9188,.F.);
#10346=CARTESIAN_POINT('',(-0.246062992125984,0.176633131828263,-0.039370078740157));
#10347=VERTEX_POINT('',#10346);
#10348=CARTESIAN_POINT('',(-0.246062992125984,0.176633131828263,-0.039370078740152));
#10349=CARTESIAN_POINT('',(-0.244799938969281,0.176633131828263,-0.039370078740152));
#10350=CARTESIAN_POINT('',(-0.243551096449616,0.176702730815161,-0.039613285392178));
#10351=CARTESIAN_POINT('',(-0.24238473397855,0.17682626539586,-0.040083216696342));
#10352=CARTESIAN_POINT('',(-0.241212936729647,0.17695037559779,-0.040555337690504));
#10353=CARTESIAN_POINT('',(-0.240147144257386,0.177125625588665,-0.041246848787885));
#10354=CARTESIAN_POINT('',(-0.239242288876641,0.177313953022287,-0.042116599486697));
#10355=CARTESIAN_POINT('',(-0.238310228949871,0.177507942534563,-0.043012499306597));
#10356=CARTESIAN_POINT('',(-0.237562307378749,0.177711754221802,-0.044084738432158));
#10357=CARTESIAN_POINT('',(-0.237043294635199,0.177880135628387,-0.045273023457629));
#10358=CARTESIAN_POINT('',(-0.236548552828902,0.178040642903547,-0.046405739922112));
#10359=CARTESIAN_POINT('',(-0.236269919909525,0.178165220178385,-0.047624806370588));
#10360=CARTESIAN_POINT('',(-0.236226468238001,0.178231757367356,-0.048869099441905));
#10361=B_SPLINE_CURVE_WITH_KNOTS('',3,(#10348,#10349,#10350,#10351,#10352,#10353,#10354,#10355,#10356,#10357,#10358,#10359,#10360),.UNSPECIFIED.,.F.,.U.,(4,3,3,3,4),(0.038779177513756,0.048410082723867,0.05808586406081,0.068052548501515,0.077553154265566),.UNSPECIFIED.);
#10362=EDGE_CURVE('',#10347,#9168,#10361,.T.);
#10363=ORIENTED_EDGE('',*,*,#10362,.F.);
#10364=CARTESIAN_POINT('',(-0.255899516013967,0.178231757367356,-0.048869099441905));
#10365=CARTESIAN_POINT('',(-0.255855828763124,0.178164859437701,-0.047618060261525));
#10366=CARTESIAN_POINT('',(-0.255574407724588,0.178039276601718,-0.046392587471597));
#10367=CARTESIAN_POINT('',(-0.255074702517271,0.177877547512535,-0.045254787215228));
#10368=CARTESIAN_POINT('',(-0.254559476928479,0.177710795267453,-0.044081647935446));
#10369=CARTESIAN_POINT('',(-0.253820916712249,0.177509658342369,-0.043022136994095));
#10370=CARTESIAN_POINT('',(-0.252902213050077,0.177317813501965,-0.042134445353884));
#10371=CARTESIAN_POINT('',(-0.251973835266629,0.177123948499535,-0.041237406154782));
#10372=CARTESIAN_POINT('',(-0.250874937518266,0.176943691245472,-0.040528726413499));
#10373=CARTESIAN_POINT('',(-0.249665406602808,0.176818318201579,-0.040053023997991));
#10374=CARTESIAN_POINT('',(-0.248520002108778,0.176699592135077,-0.039602542180965));
#10375=CARTESIAN_POINT('',(-0.247299050771829,0.176633131828263,-0.039370078740152));
#10376=CARTESIAN_POINT('',(-0.246062992125984,0.176633131828263,-0.039370078740152));
#10377=B_SPLINE_CURVE_WITH_KNOTS('',3,(#10364,#10365,#10366,#10367,#10368,#10369,#10370,#10371,#10372,#10373,#10374,#10375,#10376),.UNSPECIFIED.,.F.,.U.,(4,3,3,3,4),(0.0,0.009552340760518,0.019401368388434,0.029354108118144,0.038779177513756),.UNSPECIFIED.);
#10378=EDGE_CURVE('',#9654,#10347,#10377,.T.);
#10379=ORIENTED_EDGE('',*,*,#10378,.F.);
#10380=ORIENTED_EDGE('',*,*,#9659,.F.);
#10381=CARTESIAN_POINT('',(-0.246062992125984,0.260374742187485,-0.039370078740152));
#10382=CARTESIAN_POINT('',(-0.247326045282689,0.260374742187485,-0.039370078740152));
#10383=CARTESIAN_POINT('',(-0.248574887802352,0.260305143200587,-0.039613285392178));
#10384=CARTESIAN_POINT('',(-0.249741250273419,0.260181608619887,-0.040083216696345));
#10385=CARTESIAN_POINT('',(-0.250913047522322,0.260057498417958,-0.040555337690504));
#10386=CARTESIAN_POINT('',(-0.251978839994583,0.259882248427082,-0.041246848787885));
#10387=CARTESIAN_POINT('',(-0.252883695375327,0.259693920993461,-0.042116599486697));
#10388=CARTESIAN_POINT('',(-0.253815755302097,0.259499931481185,-0.043012499306597));
#10389=CARTESIAN_POINT('',(-0.25456367687322,0.259296119793946,-0.044084738432158));
#10390=CARTESIAN_POINT('',(-0.255082689616769,0.259127738387361,-0.045273023457629));
#10391=CARTESIAN_POINT('',(-0.255577431423066,0.258967231112201,-0.046405739922112));
#10392=CARTESIAN_POINT('',(-0.255856064342444,0.258842653837362,-0.047624806370588));
#10393=CARTESIAN_POINT('',(-0.255899516013967,0.258776116648392,-0.048869099441905));
#10394=B_SPLINE_CURVE_WITH_KNOTS('',3,(#10381,#10382,#10383,#10384,#10385,#10386,#10387,#10388,#10389,#10390,#10391,#10392,#10393),.UNSPECIFIED.,.F.,.U.,(4,3,3,3,4),(0.038779177513758,0.04841008272387,0.058085864060812,0.068052548501517,0.077553154265568),.UNSPECIFIED.);
#10395=EDGE_CURVE('',#10328,#9639,#10394,.T.);
#10396=ORIENTED_EDGE('',*,*,#10395,.F.);
#10397=EDGE_LOOP('',(#10344,#10345,#10363,#10379,#10380,#10396));
#10398=FACE_OUTER_BOUND('',#10397,.T.);
#10399=ADVANCED_FACE('',(#10398),#10326,.F.);
#10400=CARTESIAN_POINT('',(-0.246062992125984,-0.260573678798869,-0.049212598425197));
#10401=DIRECTION('',(0.0,1.0,0.0));
#10402=DIRECTION('',(0.0,0.0,-1.0));
#10403=AXIS2_PLACEMENT_3D('',#10400,#10401,#10402);
#10404=CYLINDRICAL_SURFACE('',#10403,0.009842519685039);
#10405=CARTESIAN_POINT('',(-0.246062992125984,-0.172865277675232,-0.039370078740157));
#10406=VERTEX_POINT('',#10405);
#10407=CARTESIAN_POINT('',(-0.236226468238001,-0.173512127418286,-0.048869099441905));
#10408=CARTESIAN_POINT('',(-0.23627087828212,-0.173449669870489,-0.047597362170198));
#10409=CARTESIAN_POINT('',(-0.236561270400512,-0.173351114692745,-0.046348806110408));
#10410=CARTESIAN_POINT('',(-0.237079515198054,-0.173237115686174,-0.045191114117671));
#10411=CARTESIAN_POINT('',(-0.23760445701875,-0.173121643526393,-0.044018461839528));
#10412=CARTESIAN_POINT('',(-0.238354016150934,-0.172993474395735,-0.042959645588827));
#10413=CARTESIAN_POINT('',(-0.239286300211641,-0.172891594483988,-0.042074556645517));
#10414=CARTESIAN_POINT('',(-0.240211778774331,-0.172790458276403,-0.041195928684758));
#10415=CARTESIAN_POINT('',(-0.241300650799957,-0.17271835568276,-0.040504278250313));
#10416=CARTESIAN_POINT('',(-0.242493948285165,-0.172709092333254,-0.040039969586491));
#10417=CARTESIAN_POINT('',(-0.243634919157499,-0.172700235185646,-0.039596021059187));
#10418=CARTESIAN_POINT('',(-0.244844277264765,-0.172749642232141,-0.039370078740152));
#10419=CARTESIAN_POINT('',(-0.246062992125984,-0.172865277675232,-0.039370078740152));
#10420=B_SPLINE_CURVE_WITH_KNOTS('',3,(#10407,#10408,#10409,#10410,#10411,#10412,#10413,#10414,#10415,#10416,#10417,#10418,#10419),.UNSPECIFIED.,.F.,.U.,(4,3,3,3,4),(0.0,0.00970821758749,0.019541889705902,0.029303777870343,0.03863760300002),.UNSPECIFIED.);
#10421=EDGE_CURVE('',#9497,#10406,#10420,.T.);
#10422=ORIENTED_EDGE('',*,*,#10421,.F.);
#10423=ORIENTED_EDGE('',*,*,#9502,.F.);
#10424=CARTESIAN_POINT('',(-0.246062992125984,-0.256232459734016,-0.039370078740157));
#10425=VERTEX_POINT('',#10424);
#10426=CARTESIAN_POINT('',(-0.246062992125984,-0.256232459734016,-0.039370078740152));
#10427=CARTESIAN_POINT('',(-0.244807719808338,-0.256351563861872,-0.039370078740152));
#10428=CARTESIAN_POINT('',(-0.243561594944804,-0.25640029571921,-0.039610104242587));
#10429=CARTESIAN_POINT('',(-0.242391757404179,-0.256387698272727,-0.040080390074106));
#10430=CARTESIAN_POINT('',(-0.241235152921512,-0.256375243327004,-0.040545356090309));
#10431=CARTESIAN_POINT('',(-0.240179644113868,-0.256303988556427,-0.041224794988832));
#10432=CARTESIAN_POINT('',(-0.239279437239411,-0.256205392094435,-0.042081078471412));
#10433=CARTESIAN_POINT('',(-0.238353292717277,-0.256103954774007,-0.042962034037619));
#10434=CARTESIAN_POINT('',(-0.23760792076142,-0.255976618199873,-0.044014623693284));
#10435=CARTESIAN_POINT('',(-0.237084513676484,-0.255861720114812,-0.04517996671839));
#10436=CARTESIAN_POINT('',(-0.236563153645814,-0.255747271398172,-0.046340752066537));
#10437=CARTESIAN_POINT('',(-0.236271022198246,-0.255648269940007,-0.047593240951563));
#10438=CARTESIAN_POINT('',(-0.236226468238001,-0.255585609990962,-0.048869099441905));
#10439=B_SPLINE_CURVE_WITH_KNOTS('',3,(#10426,#10427,#10428,#10429,#10430,#10431,#10432,#10433,#10434,#10435,#10436,#10437,#10438),.UNSPECIFIED.,.F.,.U.,(4,3,3,3,4),(0.039107333160074,0.048716177371054,0.058216327521581,0.067990205361243,0.077725857393679),.UNSPECIFIED.);
#10440=EDGE_CURVE('',#10425,#9482,#10439,.T.);
#10441=ORIENTED_EDGE('',*,*,#10440,.F.);
#10442=CARTESIAN_POINT('',(-0.255899516013967,-0.253643595203575,-0.048869099441905));
#10443=CARTESIAN_POINT('',(-0.255856969832755,-0.253715012265096,-0.047650736220497));
#10444=CARTESIAN_POINT('',(-0.255589274286286,-0.25386618614683,-0.046460622997117));
#10445=CARTESIAN_POINT('',(-0.255117437778855,-0.254072382038661,-0.045353556099837));
#10446=CARTESIAN_POINT('',(-0.254619213539298,-0.254290109556115,-0.044184575840043));
#10447=CARTESIAN_POINT('',(-0.253902064349392,-0.254564080006584,-0.043129228127177));
#10448=CARTESIAN_POINT('',(-0.253010812494445,-0.254845397519088,-0.042241014252429));
#10449=CARTESIAN_POINT('',(-0.252083845541678,-0.25513798825635,-0.041317207020712));
#10450=CARTESIAN_POINT('',(-0.250978396085558,-0.255434047097157,-0.040584061646717));
#10451=CARTESIAN_POINT('',(-0.249756533392704,-0.255683210979389,-0.040089389194854));
#10452=CARTESIAN_POINT('',(-0.248590083746841,-0.255921074958616,-0.039617150775864));
#10453=CARTESIAN_POINT('',(-0.24733751557138,-0.256111528999495,-0.039370078740152));
#10454=CARTESIAN_POINT('',(-0.246062992125984,-0.256232459734016,-0.039370078740152));
#10455=B_SPLINE_CURVE_WITH_KNOTS('',3,(#10442,#10443,#10444,#10445,#10446,#10447,#10448,#10449,#10450,#10451,#10452,#10453,#10454),.UNSPECIFIED.,.F.,.U.,(4,3,3,3,4),(0.0,0.009305513030418,0.019131442309437,0.029351125636124,0.039107333160074),.UNSPECIFIED.);
#10456=EDGE_CURVE('',#10133,#10425,#10455,.T.);
#10457=ORIENTED_EDGE('',*,*,#10456,.F.);
#10458=ORIENTED_EDGE('',*,*,#10138,.F.);
#10459=CARTESIAN_POINT('',(-0.246062992125984,-0.172865277675232,-0.039370078740152));
#10460=CARTESIAN_POINT('',(-0.247332126146044,-0.172985697044374,-0.039370078740152));
#10461=CARTESIAN_POINT('',(-0.248581219900831,-0.173175323100353,-0.039615489062563));
#10462=CARTESIAN_POINT('',(-0.249743600749868,-0.173411891778227,-0.040084164062826));
#10463=CARTESIAN_POINT('',(-0.250937170168653,-0.173654807978702,-0.040565414376031));
#10464=CARTESIAN_POINT('',(-0.252020228231479,-0.173942557957045,-0.041274164803739));
#10465=CARTESIAN_POINT('',(-0.252934868924232,-0.1742284842088,-0.042166145202472));
#10466=CARTESIAN_POINT('',(-0.253870889555844,-0.174521094053172,-0.043078975850423));
#10467=CARTESIAN_POINT('',(-0.254620470385825,-0.174807310398692,-0.044173863061819));
#10468=CARTESIAN_POINT('',(-0.25513325707241,-0.175032282042429,-0.045390885778751));
#10469=CARTESIAN_POINT('',(-0.255595306827626,-0.17523499419475,-0.046487491956646));
#10470=CARTESIAN_POINT('',(-0.25585745259246,-0.175383535493719,-0.047664560649665));
#10471=CARTESIAN_POINT('',(-0.255899516013967,-0.175454142205673,-0.048869099441905));
#10472=B_SPLINE_CURVE_WITH_KNOTS('',3,(#10459,#10460,#10461,#10462,#10463,#10464,#10465,#10466,#10467,#10468,#10469,#10470,#10471),.UNSPECIFIED.,.F.,.U.,(4,3,3,3,4),(0.03863760300002,0.048357575559874,0.05833835080104,0.068552428984137,0.077755890087414),.UNSPECIFIED.);
#10473=EDGE_CURVE('',#10406,#10118,#10472,.T.);
#10474=ORIENTED_EDGE('',*,*,#10473,.F.);
#10475=EDGE_LOOP('',(#10422,#10423,#10441,#10457,#10458,#10474));
#10476=FACE_OUTER_BOUND('',#10475,.T.);
#10477=ADVANCED_FACE('',(#10476),#10404,.F.);
#10478=CARTESIAN_POINT('',(0.242107923822735,-0.214548868704624,21.905396364533193));
#10479=DIRECTION('',(0.0,0.0,1.0));
#10480=DIRECTION('',(-1.0,0.0,0.0));
#10481=AXIS2_PLACEMENT_3D('',#10478,#10479,#10480);
#10482=CONICAL_SURFACE('',#10481,1.0,2.5);
#10483=ORIENTED_EDGE('',*,*,#9931,.F.);
#10484=ORIENTED_EDGE('',*,*,#9990,.T.);
#10485=ORIENTED_EDGE('',*,*,#10300,.T.);
#10486=CARTESIAN_POINT('',(0.242107923822735,-0.214548868704624,-0.039370078740157));
#10487=DIRECTION('',(0.0,0.0,1.0));
#10488=DIRECTION('',(1.0,0.0,0.0));
#10489=AXIS2_PLACEMENT_3D('',#10486,#10487,#10488);
#10490=CIRCLE('',#10489,0.041870805179611);
#10491=EDGE_CURVE('',#10250,#10269,#10490,.T.);
#10492=ORIENTED_EDGE('',*,*,#10491,.F.);
#10493=ORIENTED_EDGE('',*,*,#10317,.T.);
#10494=ORIENTED_EDGE('',*,*,#9969,.T.);
#10495=ORIENTED_EDGE('',*,*,#9945,.F.);
#10496=ORIENTED_EDGE('',*,*,#9888,.F.);
#10497=EDGE_LOOP('',(#10483,#10484,#10485,#10492,#10493,#10494,#10495,#10496));
#10498=FACE_OUTER_BOUND('',#10497,.T.);
#10499=ADVANCED_FACE('',(#10498),#10482,.T.);
#10500=CARTESIAN_POINT('',(0.161122047244094,-0.26998031496063,-0.039370078740157));
#10501=DIRECTION('',(0.0,0.0,1.0));
#10502=DIRECTION('',(1.0,0.0,0.0));
#10503=AXIS2_PLACEMENT_3D('',#10500,#10501,#10502);
#10504=PLANE('',#10503);
#10505=CARTESIAN_POINT('',(0.167322834645669,-0.263779527559055,-0.039370078740157));
#10506=VERTEX_POINT('',#10505);
#10507=CARTESIAN_POINT('',(0.291338582677165,-0.263779527559055,-0.039370078740157));
#10508=VERTEX_POINT('',#10507);
#10509=CARTESIAN_POINT('',(0.167322834645669,-0.263779527559055,-0.039370078740157));
#10510=DIRECTION('',(1.0,0.0,0.0));
#10511=VECTOR('',#10510,0.124015748031496);
#10512=LINE('',#10509,#10511);
#10513=EDGE_CURVE('',#10506,#10508,#10512,.T.);
#10514=ORIENTED_EDGE('',*,*,#10513,.F.);
#10515=CARTESIAN_POINT('',(0.167322834645669,-0.218503937007874,-0.039370078740157));
#10516=VERTEX_POINT('',#10515);
#10517=CARTESIAN_POINT('',(0.167322834645669,-0.218503937007874,-0.039370078740157));
#10518=DIRECTION('',(0.0,-1.0,0.0));
#10519=VECTOR('',#10518,0.045275590551181);
#10520=LINE('',#10517,#10519);
#10521=EDGE_CURVE('',#10516,#10506,#10520,.T.);
#10522=ORIENTED_EDGE('',*,*,#10521,.F.);
#10523=CARTESIAN_POINT('',(0.246062992125984,-0.139763779527559,-0.039370078740157));
#10524=VERTEX_POINT('',#10523);
#10525=CARTESIAN_POINT('',(0.246062992125984,-0.218503937007874,-0.039370078740157));
#10526=DIRECTION('',(0.0,0.0,1.0));
#10527=DIRECTION('',(-1.0,0.0,0.0));
#10528=AXIS2_PLACEMENT_3D('',#10525,#10526,#10527);
#10529=CIRCLE('',#10528,0.078740157480315);
#10530=EDGE_CURVE('',#10524,#10516,#10529,.T.);
#10531=ORIENTED_EDGE('',*,*,#10530,.F.);
#10532=CARTESIAN_POINT('',(0.291338582677165,-0.139763779527559,-0.039370078740157));
#10533=VERTEX_POINT('',#10532);
#10534=CARTESIAN_POINT('',(0.291338582677165,-0.139763779527559,-0.039370078740157));
#10535=DIRECTION('',(-1.0,0.0,0.0));
#10536=VECTOR('',#10535,0.045275590551181);
#10537=LINE('',#10534,#10536);
#10538=EDGE_CURVE('',#10533,#10524,#10537,.T.);
#10539=ORIENTED_EDGE('',*,*,#10538,.F.);
#10540=CARTESIAN_POINT('',(0.291338582677165,-0.263779527559055,-0.039370078740157));
#10541=DIRECTION('',(0.0,1.0,0.0));
#10542=VECTOR('',#10541,0.124015748031496);
#10543=LINE('',#10540,#10542);
#10544=EDGE_CURVE('',#10508,#10533,#10543,.T.);
#10545=ORIENTED_EDGE('',*,*,#10544,.F.);
#10546=EDGE_LOOP('',(#10514,#10522,#10531,#10539,#10545));
#10547=FACE_OUTER_BOUND('',#10546,.T.);
#10548=ORIENTED_EDGE('',*,*,#10491,.T.);
#10549=CARTESIAN_POINT('',(0.242107923822735,-0.214548868704624,-0.039370078740157));
#10550=DIRECTION('',(0.0,0.0,1.0));
#10551=DIRECTION('',(1.0,0.0,0.0));
#10552=AXIS2_PLACEMENT_3D('',#10549,#10550,#10551);
#10553=CIRCLE('',#10552,0.041870805179611);
#10554=EDGE_CURVE('',#10269,#10250,#10553,.T.);
#10555=ORIENTED_EDGE('',*,*,#10554,.T.);
#10556=EDGE_LOOP('',(#10548,#10555));
#10557=FACE_BOUND('',#10556,.T.);
#10558=ADVANCED_FACE('',(#10547,#10557),#10504,.F.);
#10559=CARTESIAN_POINT('',(0.246062992125984,0.218503937007874,21.905396364533193));
#10560=DIRECTION('',(0.0,0.0,1.0));
#10561=DIRECTION('',(-1.0,0.0,0.0));
#10562=AXIS2_PLACEMENT_3D('',#10559,#10560,#10561);
#10563=CONICAL_SURFACE('',#10562,1.0,2.5);
#10564=ORIENTED_EDGE('',*,*,#9770,.F.);
#10565=ORIENTED_EDGE('',*,*,#9829,.T.);
#10566=ORIENTED_EDGE('',*,*,#10222,.T.);
#10567=CARTESIAN_POINT('',(0.246062992125984,0.218503937007874,-0.039370078740157));
#10568=DIRECTION('',(0.0,0.0,1.0));
#10569=DIRECTION('',(1.0,0.0,0.0));
#10570=AXIS2_PLACEMENT_3D('',#10567,#10568,#10569);
#10571=CIRCLE('',#10570,0.041870805179611);
#10572=EDGE_CURVE('',#10172,#10191,#10571,.T.);
#10573=ORIENTED_EDGE('',*,*,#10572,.F.);
#10574=ORIENTED_EDGE('',*,*,#10239,.T.);
#10575=ORIENTED_EDGE('',*,*,#9808,.T.);
#10576=ORIENTED_EDGE('',*,*,#9784,.F.);
#10577=ORIENTED_EDGE('',*,*,#9729,.F.);
#10578=EDGE_LOOP('',(#10564,#10565,#10566,#10573,#10574,#10575,#10576,#10577));
#10579=FACE_OUTER_BOUND('',#10578,.T.);
#10580=ADVANCED_FACE('',(#10579),#10563,.T.);
#10581=CARTESIAN_POINT('',(0.161122047244094,0.133562992125984,-0.039370078740157));
#10582=DIRECTION('',(0.0,0.0,1.0));
#10583=DIRECTION('',(1.0,0.0,0.0));
#10584=AXIS2_PLACEMENT_3D('',#10581,#10582,#10583);
#10585=PLANE('',#10584);
#10586=CARTESIAN_POINT('',(0.167322834645669,0.218503937007874,-0.039370078740157));
#10587=VERTEX_POINT('',#10586);
#10588=CARTESIAN_POINT('',(0.246062992125984,0.139763779527559,-0.039370078740157));
#10589=VERTEX_POINT('',#10588);
#10590=CARTESIAN_POINT('',(0.246062992125984,0.218503937007874,-0.039370078740157));
#10591=DIRECTION('',(0.0,0.0,1.0));
#10592=DIRECTION('',(0.0,-1.0,0.0));
#10593=AXIS2_PLACEMENT_3D('',#10590,#10591,#10592);
#10594=CIRCLE('',#10593,0.078740157480315);
#10595=EDGE_CURVE('',#10587,#10589,#10594,.T.);
#10596=ORIENTED_EDGE('',*,*,#10595,.F.);
#10597=CARTESIAN_POINT('',(0.167322834645669,0.263779527559055,-0.039370078740157));
#10598=VERTEX_POINT('',#10597);
#10599=CARTESIAN_POINT('',(0.167322834645669,0.263779527559055,-0.039370078740157));
#10600=DIRECTION('',(0.0,-1.0,0.0));
#10601=VECTOR('',#10600,0.045275590551181);
#10602=LINE('',#10599,#10601);
#10603=EDGE_CURVE('',#10598,#10587,#10602,.T.);
#10604=ORIENTED_EDGE('',*,*,#10603,.F.);
#10605=CARTESIAN_POINT('',(0.291338582677165,0.263779527559055,-0.039370078740157));
#10606=VERTEX_POINT('',#10605);
#10607=CARTESIAN_POINT('',(0.291338582677165,0.263779527559055,-0.039370078740157));
#10608=DIRECTION('',(-1.0,0.0,0.0));
#10609=VECTOR('',#10608,0.124015748031496);
#10610=LINE('',#10607,#10609);
#10611=EDGE_CURVE('',#10606,#10598,#10610,.T.);
#10612=ORIENTED_EDGE('',*,*,#10611,.F.);
#10613=CARTESIAN_POINT('',(0.291338582677165,0.139763779527559,-0.039370078740157));
#10614=VERTEX_POINT('',#10613);
#10615=CARTESIAN_POINT('',(0.291338582677165,0.139763779527559,-0.039370078740157));
#10616=DIRECTION('',(0.0,1.0,0.0));
#10617=VECTOR('',#10616,0.124015748031496);
#10618=LINE('',#10615,#10617);
#10619=EDGE_CURVE('',#10614,#10606,#10618,.T.);
#10620=ORIENTED_EDGE('',*,*,#10619,.F.);
#10621=CARTESIAN_POINT('',(0.246062992125984,0.139763779527559,-0.039370078740157));
#10622=DIRECTION('',(1.0,0.0,0.0));
#10623=VECTOR('',#10622,0.045275590551181);
#10624=LINE('',#10621,#10623);
#10625=EDGE_CURVE('',#10589,#10614,#10624,.T.);
#10626=ORIENTED_EDGE('',*,*,#10625,.F.);
#10627=EDGE_LOOP('',(#10596,#10604,#10612,#10620,#10626));
#10628=FACE_OUTER_BOUND('',#10627,.T.);
#10629=ORIENTED_EDGE('',*,*,#10572,.T.);
#10630=CARTESIAN_POINT('',(0.246062992125984,0.218503937007874,-0.039370078740157));
#10631=DIRECTION('',(0.0,0.0,1.0));
#10632=DIRECTION('',(1.0,0.0,0.0));
#10633=AXIS2_PLACEMENT_3D('',#10630,#10631,#10632);
#10634=CIRCLE('',#10633,0.041870805179611);
#10635=EDGE_CURVE('',#10191,#10172,#10634,.T.);
#10636=ORIENTED_EDGE('',*,*,#10635,.T.);
#10637=EDGE_LOOP('',(#10629,#10636));
#10638=FACE_BOUND('',#10637,.T.);
#10639=ADVANCED_FACE('',(#10628,#10638),#10585,.F.);
#10640=CARTESIAN_POINT('',(-0.242107923822735,-0.214548868704624,21.905396364533193));
#10641=DIRECTION('',(0.0,0.0,1.0));
#10642=DIRECTION('',(1.0,0.0,0.0));
#10643=AXIS2_PLACEMENT_3D('',#10640,#10641,#10642);
#10644=CONICAL_SURFACE('',#10643,1.0,2.5);
#10645=ORIENTED_EDGE('',*,*,#10092,.F.);
#10646=ORIENTED_EDGE('',*,*,#10151,.T.);
#10647=ORIENTED_EDGE('',*,*,#10456,.T.);
#10648=CARTESIAN_POINT('',(-0.242107923822735,-0.214548868704624,-0.039370078740157));
#10649=DIRECTION('',(0.0,0.0,1.0));
#10650=DIRECTION('',(1.0,0.0,0.0));
#10651=AXIS2_PLACEMENT_3D('',#10648,#10649,#10650);
#10652=CIRCLE('',#10651,0.041870805179611);
#10653=EDGE_CURVE('',#10406,#10425,#10652,.T.);
#10654=ORIENTED_EDGE('',*,*,#10653,.F.);
#10655=ORIENTED_EDGE('',*,*,#10473,.T.);
#10656=ORIENTED_EDGE('',*,*,#10130,.T.);
#10657=ORIENTED_EDGE('',*,*,#10106,.F.);
#10658=ORIENTED_EDGE('',*,*,#10049,.F.);
#10659=EDGE_LOOP('',(#10645,#10646,#10647,#10654,#10655,#10656,#10657,#10658));
#10660=FACE_OUTER_BOUND('',#10659,.T.);
#10661=ADVANCED_FACE('',(#10660),#10644,.T.);
#10662=CARTESIAN_POINT('',(-0.246062992125984,0.218503937007874,21.905396364533193));
#10663=DIRECTION('',(0.0,0.0,1.0));
#10664=DIRECTION('',(1.0,0.0,0.0));
#10665=AXIS2_PLACEMENT_3D('',#10662,#10663,#10664);
#10666=CONICAL_SURFACE('',#10665,1.0,2.5);
#10667=ORIENTED_EDGE('',*,*,#9613,.F.);
#10668=ORIENTED_EDGE('',*,*,#9672,.T.);
#10669=ORIENTED_EDGE('',*,*,#10378,.T.);
#10670=CARTESIAN_POINT('',(-0.246062992125984,0.218503937007874,-0.039370078740157));
#10671=DIRECTION('',(0.0,0.0,1.0));
#10672=DIRECTION('',(1.0,0.0,0.0));
#10673=AXIS2_PLACEMENT_3D('',#10670,#10671,#10672);
#10674=CIRCLE('',#10673,0.041870805179611);
#10675=EDGE_CURVE('',#10328,#10347,#10674,.T.);
#10676=ORIENTED_EDGE('',*,*,#10675,.F.);
#10677=ORIENTED_EDGE('',*,*,#10395,.T.);
#10678=ORIENTED_EDGE('',*,*,#9651,.T.);
#10679=ORIENTED_EDGE('',*,*,#9627,.F.);
#10680=ORIENTED_EDGE('',*,*,#9572,.F.);
#10681=EDGE_LOOP('',(#10667,#10668,#10669,#10676,#10677,#10678,#10679,#10680));
#10682=FACE_OUTER_BOUND('',#10681,.T.);
#10683=ADVANCED_FACE('',(#10682),#10666,.T.);
#10684=CARTESIAN_POINT('',(-0.242107923822735,-0.214548868704624,21.905396364533193));
#10685=DIRECTION('',(0.0,0.0,1.0));
#10686=DIRECTION('',(-1.0,0.0,0.0));
#10687=AXIS2_PLACEMENT_3D('',#10684,#10685,#10686);
#10688=CONICAL_SURFACE('',#10687,1.0,2.5);
#10689=ORIENTED_EDGE('',*,*,#9415,.F.);
#10690=ORIENTED_EDGE('',*,*,#9456,.T.);
#10691=ORIENTED_EDGE('',*,*,#9515,.T.);
#10692=ORIENTED_EDGE('',*,*,#10421,.T.);
#10693=CARTESIAN_POINT('',(-0.242107923822735,-0.214548868704624,-0.039370078740157));
#10694=DIRECTION('',(0.0,0.0,1.0));
#10695=DIRECTION('',(1.0,0.0,0.0));
#10696=AXIS2_PLACEMENT_3D('',#10693,#10694,#10695);
#10697=CIRCLE('',#10696,0.041870805179611);
#10698=EDGE_CURVE('',#10425,#10406,#10697,.T.);
#10699=ORIENTED_EDGE('',*,*,#10698,.F.);
#10700=ORIENTED_EDGE('',*,*,#10440,.T.);
#10701=ORIENTED_EDGE('',*,*,#9494,.T.);
#10702=ORIENTED_EDGE('',*,*,#9470,.T.);
#10703=EDGE_LOOP('',(#10689,#10690,#10691,#10692,#10699,#10700,#10701,#10702));
#10704=FACE_OUTER_BOUND('',#10703,.T.);
#10705=ADVANCED_FACE('',(#10704),#10688,.T.);
#10706=CARTESIAN_POINT('',(0.242107923822735,-0.214548868704624,21.905396364533193));
#10707=DIRECTION('',(0.0,0.0,1.0));
#10708=DIRECTION('',(1.0,0.0,0.0));
#10709=AXIS2_PLACEMENT_3D('',#10706,#10707,#10708);
#10710=CONICAL_SURFACE('',#10709,1.0,2.5);
#10711=ORIENTED_EDGE('',*,*,#9258,.F.);
#10712=ORIENTED_EDGE('',*,*,#9299,.T.);
#10713=ORIENTED_EDGE('',*,*,#9358,.T.);
#10714=ORIENTED_EDGE('',*,*,#10265,.T.);
#10715=ORIENTED_EDGE('',*,*,#10554,.F.);
#10716=ORIENTED_EDGE('',*,*,#10284,.T.);
#10717=ORIENTED_EDGE('',*,*,#9337,.T.);
#10718=ORIENTED_EDGE('',*,*,#9313,.T.);
#10719=EDGE_LOOP('',(#10711,#10712,#10713,#10714,#10715,#10716,#10717,#10718));
#10720=FACE_OUTER_BOUND('',#10719,.T.);
#10721=ADVANCED_FACE('',(#10720),#10710,.T.);
#10722=CARTESIAN_POINT('',(-0.246062992125984,0.218503937007874,21.905396364533193));
#10723=DIRECTION('',(0.0,0.0,1.0));
#10724=DIRECTION('',(-1.0,0.0,0.0));
#10725=AXIS2_PLACEMENT_3D('',#10722,#10723,#10724);
#10726=CONICAL_SURFACE('',#10725,1.0,2.5);
#10727=ORIENTED_EDGE('',*,*,#9142,.F.);
#10728=ORIENTED_EDGE('',*,*,#9201,.T.);
#10729=ORIENTED_EDGE('',*,*,#10343,.T.);
#10730=CARTESIAN_POINT('',(-0.246062992125984,0.218503937007874,-0.039370078740157));
#10731=DIRECTION('',(0.0,0.0,1.0));
#10732=DIRECTION('',(1.0,0.0,0.0));
#10733=AXIS2_PLACEMENT_3D('',#10730,#10731,#10732);
#10734=CIRCLE('',#10733,0.041870805179611);
#10735=EDGE_CURVE('',#10347,#10328,#10734,.T.);
#10736=ORIENTED_EDGE('',*,*,#10735,.F.);
#10737=ORIENTED_EDGE('',*,*,#10362,.T.);
#10738=ORIENTED_EDGE('',*,*,#9180,.T.);
#10739=ORIENTED_EDGE('',*,*,#9156,.F.);
#10740=ORIENTED_EDGE('',*,*,#9101,.F.);
#10741=EDGE_LOOP('',(#10727,#10728,#10729,#10736,#10737,#10738,#10739,#10740));
#10742=FACE_OUTER_BOUND('',#10741,.T.);
#10743=ADVANCED_FACE('',(#10742),#10726,.T.);
#10744=CARTESIAN_POINT('',(0.246062992125984,0.218503937007874,21.905396364533193));
#10745=DIRECTION('',(0.0,0.0,1.0));
#10746=DIRECTION('',(1.0,0.0,0.0));
#10747=AXIS2_PLACEMENT_3D('',#10744,#10745,#10746);
#10748=CONICAL_SURFACE('',#10747,1.0,2.5);
#10749=ORIENTED_EDGE('',*,*,#8985,.F.);
#10750=ORIENTED_EDGE('',*,*,#9044,.T.);
#10751=ORIENTED_EDGE('',*,*,#10187,.T.);
#10752=ORIENTED_EDGE('',*,*,#10635,.F.);
#10753=ORIENTED_EDGE('',*,*,#10206,.T.);
#10754=ORIENTED_EDGE('',*,*,#9023,.T.);
#10755=ORIENTED_EDGE('',*,*,#8999,.F.);
#10756=ORIENTED_EDGE('',*,*,#8944,.F.);
#10757=EDGE_LOOP('',(#10749,#10750,#10751,#10752,#10753,#10754,#10755,#10756));
#10758=FACE_OUTER_BOUND('',#10757,.T.);
#10759=ADVANCED_FACE('',(#10758),#10748,.T.);
#10760=CARTESIAN_POINT('',(0.161122047244094,0.263779527559055,-0.041338582677165));
#10761=DIRECTION('',(0.0,1.0,0.0));
#10762=DIRECTION('',(0.0,0.0,1.0));
#10763=AXIS2_PLACEMENT_3D('',#10760,#10761,#10762);
#10764=PLANE('',#10763);
#10765=ORIENTED_EDGE('',*,*,#10611,.T.);
#10766=CARTESIAN_POINT('',(0.167322834645669,0.263779527559055,0.0));
#10767=VERTEX_POINT('',#10766);
#10768=CARTESIAN_POINT('',(0.167322834645669,0.263779527559055,0.0));
#10769=DIRECTION('',(0.0,0.0,-1.0));
#10770=VECTOR('',#10769,0.039370078740157);
#10771=LINE('',#10768,#10770);
#10772=EDGE_CURVE('',#10767,#10598,#10771,.T.);
#10773=ORIENTED_EDGE('',*,*,#10772,.F.);
#10774=CARTESIAN_POINT('',(0.291338582677165,0.263779527559055,-6.505213E-018));
#10775=VERTEX_POINT('',#10774);
#10776=CARTESIAN_POINT('',(0.291338582677165,0.263779527559055,0.0));
#10777=DIRECTION('',(-1.0,0.0,0.0));
#10778=VECTOR('',#10777,0.124015748031496);
#10779=LINE('',#10776,#10778);
#10780=EDGE_CURVE('',#10775,#10767,#10779,.T.);
#10781=ORIENTED_EDGE('',*,*,#10780,.F.);
#10782=CARTESIAN_POINT('',(0.291338582677165,0.263779527559055,-6.505213E-018));
#10783=DIRECTION('',(0.0,0.0,-1.0));
#10784=VECTOR('',#10783,0.039370078740157);
#10785=LINE('',#10782,#10784);
#10786=EDGE_CURVE('',#10775,#10606,#10785,.T.);
#10787=ORIENTED_EDGE('',*,*,#10786,.T.);
#10788=EDGE_LOOP('',(#10765,#10773,#10781,#10787));
#10789=FACE_OUTER_BOUND('',#10788,.T.);
#10790=ADVANCED_FACE('',(#10789),#10764,.T.);
#10791=CARTESIAN_POINT('',(0.167322834645669,0.216240157480315,-0.041338582677165));
#10792=DIRECTION('',(-1.0,0.0,0.0));
#10793=DIRECTION('',(0.0,0.0,1.0));
#10794=AXIS2_PLACEMENT_3D('',#10791,#10792,#10793);
#10795=PLANE('',#10794);
#10796=ORIENTED_EDGE('',*,*,#10603,.T.);
#10797=CARTESIAN_POINT('',(0.167322834645669,0.218503937007874,0.0));
#10798=VERTEX_POINT('',#10797);
#10799=CARTESIAN_POINT('',(0.167322834645669,0.218503937007874,0.0));
#10800=DIRECTION('',(0.0,0.0,-1.0));
#10801=VECTOR('',#10800,0.039370078740157);
#10802=LINE('',#10799,#10801);
#10803=EDGE_CURVE('',#10798,#10587,#10802,.T.);
#10804=ORIENTED_EDGE('',*,*,#10803,.F.);
#10805=CARTESIAN_POINT('',(0.167322834645669,0.263779527559055,0.0));
#10806=DIRECTION('',(0.0,-1.0,0.0));
#10807=VECTOR('',#10806,0.045275590551181);
#10808=LINE('',#10805,#10807);
#10809=EDGE_CURVE('',#10767,#10798,#10808,.T.);
#10810=ORIENTED_EDGE('',*,*,#10809,.F.);
#10811=ORIENTED_EDGE('',*,*,#10772,.T.);
#10812=EDGE_LOOP('',(#10796,#10804,#10810,#10811));
#10813=FACE_OUTER_BOUND('',#10812,.T.);
#10814=ADVANCED_FACE('',(#10813),#10795,.T.);
#10815=CARTESIAN_POINT('',(0.246062992125984,0.218503937007874,0.001968503937008));
#10816=DIRECTION('',(0.0,0.0,-1.0));
#10817=DIRECTION('',(0.707106781186547,0.707106781186547,0.0));
#10818=AXIS2_PLACEMENT_3D('',#10815,#10816,#10817);
#10819=CYLINDRICAL_SURFACE('',#10818,0.078740157480315);
#10820=ORIENTED_EDGE('',*,*,#10595,.T.);
#10821=CARTESIAN_POINT('',(0.246062992125984,0.139763779527559,0.0));
#10822=VERTEX_POINT('',#10821);
#10823=CARTESIAN_POINT('',(0.246062992125984,0.139763779527559,0.0));
#10824=DIRECTION('',(0.0,0.0,-1.0));
#10825=VECTOR('',#10824,0.039370078740157);
#10826=LINE('',#10823,#10825);
#10827=EDGE_CURVE('',#10822,#10589,#10826,.T.);
#10828=ORIENTED_EDGE('',*,*,#10827,.F.);
#10829=CARTESIAN_POINT('',(0.246062992125984,0.218503937007874,0.0));
#10830=DIRECTION('',(0.0,0.0,1.0));
#10831=DIRECTION('',(0.0,-1.0,0.0));
#10832=AXIS2_PLACEMENT_3D('',#10829,#10830,#10831);
#10833=CIRCLE('',#10832,0.078740157480315);
#10834=EDGE_CURVE('',#10798,#10822,#10833,.T.);
#10835=ORIENTED_EDGE('',*,*,#10834,.F.);
#10836=ORIENTED_EDGE('',*,*,#10803,.T.);
#10837=EDGE_LOOP('',(#10820,#10828,#10835,#10836));
#10838=FACE_OUTER_BOUND('',#10837,.T.);
#10839=ADVANCED_FACE('',(#10838),#10819,.T.);
#10840=CARTESIAN_POINT('',(0.243799212598425,0.139763779527559,0.001968503937008));
#10841=DIRECTION('',(0.0,-1.0,0.0));
#10842=DIRECTION('',(0.0,0.0,-1.0));
#10843=AXIS2_PLACEMENT_3D('',#10840,#10841,#10842);
#10844=PLANE('',#10843);
#10845=ORIENTED_EDGE('',*,*,#10625,.T.);
#10846=CARTESIAN_POINT('',(0.291338582677165,0.139763779527559,0.0));
#10847=VERTEX_POINT('',#10846);
#10848=CARTESIAN_POINT('',(0.291338582677165,0.139763779527559,0.0));
#10849=DIRECTION('',(0.0,0.0,-1.0));
#10850=VECTOR('',#10849,0.039370078740157);
#10851=LINE('',#10848,#10850);
#10852=EDGE_CURVE('',#10847,#10614,#10851,.T.);
#10853=ORIENTED_EDGE('',*,*,#10852,.F.);
#10854=CARTESIAN_POINT('',(0.246062992125984,0.139763779527559,0.0));
#10855=DIRECTION('',(1.0,0.0,0.0));
#10856=VECTOR('',#10855,0.045275590551181);
#10857=LINE('',#10854,#10856);
#10858=EDGE_CURVE('',#10822,#10847,#10857,.T.);
#10859=ORIENTED_EDGE('',*,*,#10858,.F.);
#10860=ORIENTED_EDGE('',*,*,#10827,.T.);
#10861=EDGE_LOOP('',(#10845,#10853,#10859,#10860));
#10862=FACE_OUTER_BOUND('',#10861,.T.);
#10863=ADVANCED_FACE('',(#10862),#10844,.T.);
#10864=CARTESIAN_POINT('',(0.291338582677165,0.133562992125984,0.001968503937008));
#10865=DIRECTION('',(1.0,0.0,0.0));
#10866=DIRECTION('',(0.0,0.0,-1.0));
#10867=AXIS2_PLACEMENT_3D('',#10864,#10865,#10866);
#10868=PLANE('',#10867);
#10869=ORIENTED_EDGE('',*,*,#10619,.T.);
#10870=ORIENTED_EDGE('',*,*,#10786,.F.);
#10871=CARTESIAN_POINT('',(0.291338582677165,0.139763779527559,0.0));
#10872=DIRECTION('',(0.0,1.0,0.0));
#10873=VECTOR('',#10872,0.124015748031496);
#10874=LINE('',#10871,#10873);
#10875=EDGE_CURVE('',#10847,#10775,#10874,.T.);
#10876=ORIENTED_EDGE('',*,*,#10875,.F.);
#10877=ORIENTED_EDGE('',*,*,#10852,.T.);
#10878=EDGE_LOOP('',(#10869,#10870,#10876,#10877));
#10879=FACE_OUTER_BOUND('',#10878,.T.);
#10880=ADVANCED_FACE('',(#10879),#10868,.T.);
#10881=CARTESIAN_POINT('',(-0.29753937007874,-0.263779527559055,0.001968503937008));
#10882=DIRECTION('',(0.0,-1.0,0.0));
#10883=DIRECTION('',(0.0,0.0,-1.0));
#10884=AXIS2_PLACEMENT_3D('',#10881,#10882,#10883);
#10885=PLANE('',#10884);
#10886=CARTESIAN_POINT('',(-0.291338582677165,-0.263779527559055,-0.039370078740157));
#10887=VERTEX_POINT('',#10886);
#10888=CARTESIAN_POINT('',(-0.167322834645669,-0.263779527559055,-0.039370078740157));
#10889=VERTEX_POINT('',#10888);
#10890=CARTESIAN_POINT('',(-0.291338582677165,-0.263779527559055,-0.039370078740157));
#10891=DIRECTION('',(1.0,0.0,0.0));
#10892=VECTOR('',#10891,0.124015748031496);
#10893=LINE('',#10890,#10892);
#10894=EDGE_CURVE('',#10887,#10889,#10893,.T.);
#10895=ORIENTED_EDGE('',*,*,#10894,.T.);
#10896=CARTESIAN_POINT('',(-0.167322834645669,-0.263779527559055,0.0));
#10897=VERTEX_POINT('',#10896);
#10898=CARTESIAN_POINT('',(-0.167322834645669,-0.263779527559055,0.0));
#10899=DIRECTION('',(0.0,0.0,-1.0));
#10900=VECTOR('',#10899,0.039370078740157);
#10901=LINE('',#10898,#10900);
#10902=EDGE_CURVE('',#10897,#10889,#10901,.T.);
#10903=ORIENTED_EDGE('',*,*,#10902,.F.);
#10904=CARTESIAN_POINT('',(-0.291338582677165,-0.263779527559055,-6.505213E-018));
#10905=VERTEX_POINT('',#10904);
#10906=CARTESIAN_POINT('',(-0.291338582677165,-0.263779527559055,0.0));
#10907=DIRECTION('',(1.0,0.0,0.0));
#10908=VECTOR('',#10907,0.124015748031496);
#10909=LINE('',#10906,#10908);
#10910=EDGE_CURVE('',#10905,#10897,#10909,.T.);
#10911=ORIENTED_EDGE('',*,*,#10910,.F.);
#10912=CARTESIAN_POINT('',(-0.291338582677165,-0.263779527559055,-6.505213E-018));
#10913=DIRECTION('',(0.0,0.0,-1.0));
#10914=VECTOR('',#10913,0.039370078740157);
#10915=LINE('',#10912,#10914);
#10916=EDGE_CURVE('',#10905,#10887,#10915,.T.);
#10917=ORIENTED_EDGE('',*,*,#10916,.T.);
#10918=EDGE_LOOP('',(#10895,#10903,#10911,#10917));
#10919=FACE_OUTER_BOUND('',#10918,.T.);
#10920=ADVANCED_FACE('',(#10919),#10885,.T.);
#10921=CARTESIAN_POINT('',(-0.167322834645669,-0.266043307086614,0.001968503937008));
#10922=DIRECTION('',(1.0,0.0,0.0));
#10923=DIRECTION('',(0.0,0.0,-1.0));
#10924=AXIS2_PLACEMENT_3D('',#10921,#10922,#10923);
#10925=PLANE('',#10924);
#10926=CARTESIAN_POINT('',(-0.167322834645669,-0.218503937007874,-0.039370078740157));
#10927=VERTEX_POINT('',#10926);
#10928=CARTESIAN_POINT('',(-0.167322834645669,-0.263779527559055,-0.039370078740157));
#10929=DIRECTION('',(0.0,1.0,0.0));
#10930=VECTOR('',#10929,0.045275590551181);
#10931=LINE('',#10928,#10930);
#10932=EDGE_CURVE('',#10889,#10927,#10931,.T.);
#10933=ORIENTED_EDGE('',*,*,#10932,.T.);
#10934=CARTESIAN_POINT('',(-0.167322834645669,-0.218503937007874,0.0));
#10935=VERTEX_POINT('',#10934);
#10936=CARTESIAN_POINT('',(-0.167322834645669,-0.218503937007874,0.0));
#10937=DIRECTION('',(0.0,0.0,-1.0));
#10938=VECTOR('',#10937,0.039370078740157);
#10939=LINE('',#10936,#10938);
#10940=EDGE_CURVE('',#10935,#10927,#10939,.T.);
#10941=ORIENTED_EDGE('',*,*,#10940,.F.);
#10942=CARTESIAN_POINT('',(-0.167322834645669,-0.263779527559055,0.0));
#10943=DIRECTION('',(0.0,1.0,0.0));
#10944=VECTOR('',#10943,0.045275590551181);
#10945=LINE('',#10942,#10944);
#10946=EDGE_CURVE('',#10897,#10935,#10945,.T.);
#10947=ORIENTED_EDGE('',*,*,#10946,.F.);
#10948=ORIENTED_EDGE('',*,*,#10902,.T.);
#10949=EDGE_LOOP('',(#10933,#10941,#10947,#10948));
#10950=FACE_OUTER_BOUND('',#10949,.T.);
#10951=ADVANCED_FACE('',(#10950),#10925,.T.);
#10952=CARTESIAN_POINT('',(-0.246062992125984,-0.218503937007874,0.001968503937008));
#10953=DIRECTION('',(0.0,0.0,-1.0));
#10954=DIRECTION('',(-0.707106781186547,-0.707106781186547,0.0));
#10955=AXIS2_PLACEMENT_3D('',#10952,#10953,#10954);
#10956=CYLINDRICAL_SURFACE('',#10955,0.078740157480315);
#10957=CARTESIAN_POINT('',(-0.246062992125984,-0.139763779527559,-0.039370078740157));
#10958=VERTEX_POINT('',#10957);
#10959=CARTESIAN_POINT('',(-0.246062992125984,-0.218503937007874,-0.039370078740157));
#10960=DIRECTION('',(0.0,0.0,1.0));
#10961=DIRECTION('',(0.0,1.0,0.0));
#10962=AXIS2_PLACEMENT_3D('',#10959,#10960,#10961);
#10963=CIRCLE('',#10962,0.078740157480315);
#10964=EDGE_CURVE('',#10927,#10958,#10963,.T.);
#10965=ORIENTED_EDGE('',*,*,#10964,.T.);
#10966=CARTESIAN_POINT('',(-0.246062992125984,-0.139763779527559,0.0));
#10967=VERTEX_POINT('',#10966);
#10968=CARTESIAN_POINT('',(-0.246062992125984,-0.139763779527559,0.0));
#10969=DIRECTION('',(0.0,0.0,-1.0));
#10970=VECTOR('',#10969,0.039370078740157);
#10971=LINE('',#10968,#10970);
#10972=EDGE_CURVE('',#10967,#10958,#10971,.T.);
#10973=ORIENTED_EDGE('',*,*,#10972,.F.);
#10974=CARTESIAN_POINT('',(-0.246062992125984,-0.218503937007874,0.0));
#10975=DIRECTION('',(0.0,0.0,1.0));
#10976=DIRECTION('',(0.0,1.0,0.0));
#10977=AXIS2_PLACEMENT_3D('',#10974,#10975,#10976);
#10978=CIRCLE('',#10977,0.078740157480315);
#10979=EDGE_CURVE('',#10935,#10967,#10978,.T.);
#10980=ORIENTED_EDGE('',*,*,#10979,.F.);
#10981=ORIENTED_EDGE('',*,*,#10940,.T.);
#10982=EDGE_LOOP('',(#10965,#10973,#10980,#10981));
#10983=FACE_OUTER_BOUND('',#10982,.T.);
#10984=ADVANCED_FACE('',(#10983),#10956,.T.);
#10985=CARTESIAN_POINT('',(-0.293602362204724,-0.139763779527559,-0.041338582677165));
#10986=DIRECTION('',(0.0,1.0,0.0));
#10987=DIRECTION('',(0.0,0.0,1.0));
#10988=AXIS2_PLACEMENT_3D('',#10985,#10986,#10987);
#10989=PLANE('',#10988);
#10990=CARTESIAN_POINT('',(-0.291338582677165,-0.139763779527559,-0.039370078740157));
#10991=VERTEX_POINT('',#10990);
#10992=CARTESIAN_POINT('',(-0.246062992125984,-0.139763779527559,-0.039370078740157));
#10993=DIRECTION('',(-1.0,0.0,0.0));
#10994=VECTOR('',#10993,0.045275590551181);
#10995=LINE('',#10992,#10994);
#10996=EDGE_CURVE('',#10958,#10991,#10995,.T.);
#10997=ORIENTED_EDGE('',*,*,#10996,.T.);
#10998=CARTESIAN_POINT('',(-0.291338582677165,-0.139763779527559,0.0));
#10999=VERTEX_POINT('',#10998);
#11000=CARTESIAN_POINT('',(-0.291338582677165,-0.139763779527559,0.0));
#11001=DIRECTION('',(0.0,0.0,-1.0));
#11002=VECTOR('',#11001,0.039370078740157);
#11003=LINE('',#11000,#11002);
#11004=EDGE_CURVE('',#10999,#10991,#11003,.T.);
#11005=ORIENTED_EDGE('',*,*,#11004,.F.);
#11006=CARTESIAN_POINT('',(-0.246062992125984,-0.139763779527559,0.0));
#11007=DIRECTION('',(-1.0,0.0,0.0));
#11008=VECTOR('',#11007,0.045275590551181);
#11009=LINE('',#11006,#11008);
#11010=EDGE_CURVE('',#10967,#10999,#11009,.T.);
#11011=ORIENTED_EDGE('',*,*,#11010,.F.);
#11012=ORIENTED_EDGE('',*,*,#10972,.T.);
#11013=EDGE_LOOP('',(#10997,#11005,#11011,#11012));
#11014=FACE_OUTER_BOUND('',#11013,.T.);
#11015=ADVANCED_FACE('',(#11014),#10989,.T.);
#11016=CARTESIAN_POINT('',(-0.291338582677165,-0.26998031496063,-0.041338582677165));
#11017=DIRECTION('',(-1.0,0.0,0.0));
#11018=DIRECTION('',(0.0,0.0,1.0));
#11019=AXIS2_PLACEMENT_3D('',#11016,#11017,#11018);
#11020=PLANE('',#11019);
#11021=CARTESIAN_POINT('',(-0.291338582677165,-0.139763779527559,-0.039370078740157));
#11022=DIRECTION('',(0.0,-1.0,0.0));
#11023=VECTOR('',#11022,0.124015748031496);
#11024=LINE('',#11021,#11023);
#11025=EDGE_CURVE('',#10991,#10887,#11024,.T.);
#11026=ORIENTED_EDGE('',*,*,#11025,.T.);
#11027=ORIENTED_EDGE('',*,*,#10916,.F.);
#11028=CARTESIAN_POINT('',(-0.291338582677165,-0.139763779527559,0.0));
#11029=DIRECTION('',(0.0,-1.0,0.0));
#11030=VECTOR('',#11029,0.124015748031496);
#11031=LINE('',#11028,#11030);
#11032=EDGE_CURVE('',#10999,#10905,#11031,.T.);
#11033=ORIENTED_EDGE('',*,*,#11032,.F.);
#11034=ORIENTED_EDGE('',*,*,#11004,.T.);
#11035=EDGE_LOOP('',(#11026,#11027,#11033,#11034));
#11036=FACE_OUTER_BOUND('',#11035,.T.);
#11037=ADVANCED_FACE('',(#11036),#11020,.T.);
#11038=CARTESIAN_POINT('',(-0.29753937007874,-0.26998031496063,-0.039370078740157));
#11039=DIRECTION('',(0.0,0.0,1.0));
#11040=DIRECTION('',(1.0,0.0,0.0));
#11041=AXIS2_PLACEMENT_3D('',#11038,#11039,#11040);
#11042=PLANE('',#11041);
#11043=ORIENTED_EDGE('',*,*,#10964,.F.);
#11044=ORIENTED_EDGE('',*,*,#10932,.F.);
#11045=ORIENTED_EDGE('',*,*,#10894,.F.);
#11046=ORIENTED_EDGE('',*,*,#11025,.F.);
#11047=ORIENTED_EDGE('',*,*,#10996,.F.);
#11048=EDGE_LOOP('',(#11043,#11044,#11045,#11046,#11047));
#11049=FACE_OUTER_BOUND('',#11048,.T.);
#11050=ORIENTED_EDGE('',*,*,#10653,.T.);
#11051=ORIENTED_EDGE('',*,*,#10698,.T.);
#11052=EDGE_LOOP('',(#11050,#11051));
#11053=FACE_BOUND('',#11052,.T.);
#11054=ADVANCED_FACE('',(#11049,#11053),#11042,.F.);
#11055=CARTESIAN_POINT('',(0.291338582677165,-0.26998031496063,0.001968503937008));
#11056=DIRECTION('',(1.0,0.0,0.0));
#11057=DIRECTION('',(0.0,0.0,-1.0));
#11058=AXIS2_PLACEMENT_3D('',#11055,#11056,#11057);
#11059=PLANE('',#11058);
#11060=ORIENTED_EDGE('',*,*,#10544,.T.);
#11061=CARTESIAN_POINT('',(0.291338582677165,-0.139763779527559,0.0));
#11062=VERTEX_POINT('',#11061);
#11063=CARTESIAN_POINT('',(0.291338582677165,-0.139763779527559,0.0));
#11064=DIRECTION('',(0.0,0.0,-1.0));
#11065=VECTOR('',#11064,0.039370078740157);
#11066=LINE('',#11063,#11065);
#11067=EDGE_CURVE('',#11062,#10533,#11066,.T.);
#11068=ORIENTED_EDGE('',*,*,#11067,.F.);
#11069=CARTESIAN_POINT('',(0.291338582677165,-0.263779527559055,-6.505213E-018));
#11070=VERTEX_POINT('',#11069);
#11071=CARTESIAN_POINT('',(0.291338582677165,-0.263779527559055,0.0));
#11072=DIRECTION('',(0.0,1.0,0.0));
#11073=VECTOR('',#11072,0.124015748031496);
#11074=LINE('',#11071,#11073);
#11075=EDGE_CURVE('',#11070,#11062,#11074,.T.);
#11076=ORIENTED_EDGE('',*,*,#11075,.F.);
#11077=CARTESIAN_POINT('',(0.291338582677165,-0.263779527559055,-6.505213E-018));
#11078=DIRECTION('',(0.0,0.0,-1.0));
#11079=VECTOR('',#11078,0.039370078740157);
#11080=LINE('',#11077,#11079);
#11081=EDGE_CURVE('',#11070,#10508,#11080,.T.);
#11082=ORIENTED_EDGE('',*,*,#11081,.T.);
#11083=EDGE_LOOP('',(#11060,#11068,#11076,#11082));
#11084=FACE_OUTER_BOUND('',#11083,.T.);
#11085=ADVANCED_FACE('',(#11084),#11059,.T.);
#11086=CARTESIAN_POINT('',(0.243799212598425,-0.139763779527559,-0.041338582677165));
#11087=DIRECTION('',(0.0,1.0,0.0));
#11088=DIRECTION('',(0.0,0.0,1.0));
#11089=AXIS2_PLACEMENT_3D('',#11086,#11087,#11088);
#11090=PLANE('',#11089);
#11091=ORIENTED_EDGE('',*,*,#10538,.T.);
#11092=CARTESIAN_POINT('',(0.246062992125984,-0.139763779527559,0.0));
#11093=VERTEX_POINT('',#11092);
#11094=CARTESIAN_POINT('',(0.246062992125984,-0.139763779527559,0.0));
#11095=DIRECTION('',(0.0,0.0,-1.0));
#11096=VECTOR('',#11095,0.039370078740157);
#11097=LINE('',#11094,#11096);
#11098=EDGE_CURVE('',#11093,#10524,#11097,.T.);
#11099=ORIENTED_EDGE('',*,*,#11098,.F.);
#11100=CARTESIAN_POINT('',(0.291338582677165,-0.139763779527559,0.0));
#11101=DIRECTION('',(-1.0,0.0,0.0));
#11102=VECTOR('',#11101,0.045275590551181);
#11103=LINE('',#11100,#11102);
#11104=EDGE_CURVE('',#11062,#11093,#11103,.T.);
#11105=ORIENTED_EDGE('',*,*,#11104,.F.);
#11106=ORIENTED_EDGE('',*,*,#11067,.T.);
#11107=EDGE_LOOP('',(#11091,#11099,#11105,#11106));
#11108=FACE_OUTER_BOUND('',#11107,.T.);
#11109=ADVANCED_FACE('',(#11108),#11090,.T.);
#11110=CARTESIAN_POINT('',(0.246062992125984,-0.218503937007874,0.001968503937008));
#11111=DIRECTION('',(0.0,0.0,-1.0));
#11112=DIRECTION('',(0.707106781186547,-0.707106781186547,0.0));
#11113=AXIS2_PLACEMENT_3D('',#11110,#11111,#11112);
#11114=CYLINDRICAL_SURFACE('',#11113,0.078740157480315);
#11115=ORIENTED_EDGE('',*,*,#10530,.T.);
#11116=CARTESIAN_POINT('',(0.167322834645669,-0.218503937007874,0.0));
#11117=VERTEX_POINT('',#11116);
#11118=CARTESIAN_POINT('',(0.167322834645669,-0.218503937007874,0.0));
#11119=DIRECTION('',(0.0,0.0,-1.0));
#11120=VECTOR('',#11119,0.039370078740157);
#11121=LINE('',#11118,#11120);
#11122=EDGE_CURVE('',#11117,#10516,#11121,.T.);
#11123=ORIENTED_EDGE('',*,*,#11122,.F.);
#11124=CARTESIAN_POINT('',(0.246062992125984,-0.218503937007874,0.0));
#11125=DIRECTION('',(0.0,0.0,1.0));
#11126=DIRECTION('',(-1.0,0.0,0.0));
#11127=AXIS2_PLACEMENT_3D('',#11124,#11125,#11126);
#11128=CIRCLE('',#11127,0.078740157480315);
#11129=EDGE_CURVE('',#11093,#11117,#11128,.T.);
#11130=ORIENTED_EDGE('',*,*,#11129,.F.);
#11131=ORIENTED_EDGE('',*,*,#11098,.T.);
#11132=EDGE_LOOP('',(#11115,#11123,#11130,#11131));
#11133=FACE_OUTER_BOUND('',#11132,.T.);
#11134=ADVANCED_FACE('',(#11133),#11114,.T.);
#11135=CARTESIAN_POINT('',(0.167322834645669,-0.266043307086614,-0.041338582677165));
#11136=DIRECTION('',(-1.0,0.0,0.0));
#11137=DIRECTION('',(0.0,0.0,1.0));
#11138=AXIS2_PLACEMENT_3D('',#11135,#11136,#11137);
#11139=PLANE('',#11138);
#11140=ORIENTED_EDGE('',*,*,#10521,.T.);
#11141=CARTESIAN_POINT('',(0.167322834645669,-0.263779527559055,0.0));
#11142=VERTEX_POINT('',#11141);
#11143=CARTESIAN_POINT('',(0.167322834645669,-0.263779527559055,0.0));
#11144=DIRECTION('',(0.0,0.0,-1.0));
#11145=VECTOR('',#11144,0.039370078740157);
#11146=LINE('',#11143,#11145);
#11147=EDGE_CURVE('',#11142,#10506,#11146,.T.);
#11148=ORIENTED_EDGE('',*,*,#11147,.F.);
#11149=CARTESIAN_POINT('',(0.167322834645669,-0.218503937007874,0.0));
#11150=DIRECTION('',(0.0,-1.0,0.0));
#11151=VECTOR('',#11150,0.045275590551181);
#11152=LINE('',#11149,#11151);
#11153=EDGE_CURVE('',#11117,#11142,#11152,.T.);
#11154=ORIENTED_EDGE('',*,*,#11153,.F.);
#11155=ORIENTED_EDGE('',*,*,#11122,.T.);
#11156=EDGE_LOOP('',(#11140,#11148,#11154,#11155));
#11157=FACE_OUTER_BOUND('',#11156,.T.);
#11158=ADVANCED_FACE('',(#11157),#11139,.T.);
#11159=CARTESIAN_POINT('',(0.161122047244094,-0.263779527559055,0.001968503937008));
#11160=DIRECTION('',(0.0,-1.0,0.0));
#11161=DIRECTION('',(0.0,0.0,-1.0));
#11162=AXIS2_PLACEMENT_3D('',#11159,#11160,#11161);
#11163=PLANE('',#11162);
#11164=ORIENTED_EDGE('',*,*,#10513,.T.);
#11165=ORIENTED_EDGE('',*,*,#11081,.F.);
#11166=CARTESIAN_POINT('',(0.167322834645669,-0.263779527559055,0.0));
#11167=DIRECTION('',(1.0,0.0,0.0));
#11168=VECTOR('',#11167,0.124015748031496);
#11169=LINE('',#11166,#11168);
#11170=EDGE_CURVE('',#11142,#11070,#11169,.T.);
#11171=ORIENTED_EDGE('',*,*,#11170,.F.);
#11172=ORIENTED_EDGE('',*,*,#11147,.T.);
#11173=EDGE_LOOP('',(#11164,#11165,#11171,#11172));
#11174=FACE_OUTER_BOUND('',#11173,.T.);
#11175=ADVANCED_FACE('',(#11174),#11163,.T.);
#11176=CARTESIAN_POINT('',(-0.291338582677165,0.133562992125984,-0.041338582677165));
#11177=DIRECTION('',(-1.0,0.0,0.0));
#11178=DIRECTION('',(0.0,0.0,1.0));
#11179=AXIS2_PLACEMENT_3D('',#11176,#11177,#11178);
#11180=PLANE('',#11179);
#11181=CARTESIAN_POINT('',(-0.291338582677165,0.263779527559055,-0.039370078740157));
#11182=VERTEX_POINT('',#11181);
#11183=CARTESIAN_POINT('',(-0.291338582677165,0.139763779527559,-0.039370078740157));
#11184=VERTEX_POINT('',#11183);
#11185=CARTESIAN_POINT('',(-0.291338582677165,0.263779527559055,-0.039370078740157));
#11186=DIRECTION('',(0.0,-1.0,0.0));
#11187=VECTOR('',#11186,0.124015748031496);
#11188=LINE('',#11185,#11187);
#11189=EDGE_CURVE('',#11182,#11184,#11188,.T.);
#11190=ORIENTED_EDGE('',*,*,#11189,.T.);
#11191=CARTESIAN_POINT('',(-0.291338582677165,0.139763779527559,0.0));
#11192=VERTEX_POINT('',#11191);
#11193=CARTESIAN_POINT('',(-0.291338582677165,0.139763779527559,0.0));
#11194=DIRECTION('',(0.0,0.0,-1.0));
#11195=VECTOR('',#11194,0.039370078740157);
#11196=LINE('',#11193,#11195);
#11197=EDGE_CURVE('',#11192,#11184,#11196,.T.);
#11198=ORIENTED_EDGE('',*,*,#11197,.F.);
#11199=CARTESIAN_POINT('',(-0.291338582677165,0.263779527559055,0.0));
#11200=VERTEX_POINT('',#11199);
#11201=CARTESIAN_POINT('',(-0.291338582677165,0.263779527559055,0.0));
#11202=DIRECTION('',(0.0,-1.0,0.0));
#11203=VECTOR('',#11202,0.124015748031496);
#11204=LINE('',#11201,#11203);
#11205=EDGE_CURVE('',#11200,#11192,#11204,.T.);
#11206=ORIENTED_EDGE('',*,*,#11205,.F.);
#11207=CARTESIAN_POINT('',(-0.291338582677165,0.263779527559055,0.0));
#11208=DIRECTION('',(0.0,0.0,-1.0));
#11209=VECTOR('',#11208,0.039370078740157);
#11210=LINE('',#11207,#11209);
#11211=EDGE_CURVE('',#11200,#11182,#11210,.T.);
#11212=ORIENTED_EDGE('',*,*,#11211,.T.);
#11213=EDGE_LOOP('',(#11190,#11198,#11206,#11212));
#11214=FACE_OUTER_BOUND('',#11213,.T.);
#11215=ADVANCED_FACE('',(#11214),#11180,.T.);
#11216=CARTESIAN_POINT('',(-0.293602362204724,0.139763779527559,0.001968503937008));
#11217=DIRECTION('',(0.0,-1.0,0.0));
#11218=DIRECTION('',(0.0,0.0,-1.0));
#11219=AXIS2_PLACEMENT_3D('',#11216,#11217,#11218);
#11220=PLANE('',#11219);
#11221=CARTESIAN_POINT('',(-0.246062992125984,0.139763779527559,-0.039370078740157));
#11222=VERTEX_POINT('',#11221);
#11223=CARTESIAN_POINT('',(-0.291338582677165,0.139763779527559,-0.039370078740157));
#11224=DIRECTION('',(1.0,0.0,0.0));
#11225=VECTOR('',#11224,0.045275590551181);
#11226=LINE('',#11223,#11225);
#11227=EDGE_CURVE('',#11184,#11222,#11226,.T.);
#11228=ORIENTED_EDGE('',*,*,#11227,.T.);
#11229=CARTESIAN_POINT('',(-0.246062992125984,0.139763779527559,0.0));
#11230=VERTEX_POINT('',#11229);
#11231=CARTESIAN_POINT('',(-0.246062992125984,0.139763779527559,0.0));
#11232=DIRECTION('',(0.0,0.0,-1.0));
#11233=VECTOR('',#11232,0.039370078740157);
#11234=LINE('',#11231,#11233);
#11235=EDGE_CURVE('',#11230,#11222,#11234,.T.);
#11236=ORIENTED_EDGE('',*,*,#11235,.F.);
#11237=CARTESIAN_POINT('',(-0.291338582677165,0.139763779527559,0.0));
#11238=DIRECTION('',(1.0,0.0,0.0));
#11239=VECTOR('',#11238,0.045275590551181);
#11240=LINE('',#11237,#11239);
#11241=EDGE_CURVE('',#11192,#11230,#11240,.T.);
#11242=ORIENTED_EDGE('',*,*,#11241,.F.);
#11243=ORIENTED_EDGE('',*,*,#11197,.T.);
#11244=EDGE_LOOP('',(#11228,#11236,#11242,#11243));
#11245=FACE_OUTER_BOUND('',#11244,.T.);
#11246=ADVANCED_FACE('',(#11245),#11220,.T.);
#11247=CARTESIAN_POINT('',(-0.246062992125984,0.218503937007874,0.001968503937008));
#11248=DIRECTION('',(0.0,0.0,-1.0));
#11249=DIRECTION('',(-0.707106781186547,0.707106781186547,0.0));
#11250=AXIS2_PLACEMENT_3D('',#11247,#11248,#11249);
#11251=CYLINDRICAL_SURFACE('',#11250,0.078740157480315);
#11252=CARTESIAN_POINT('',(-0.167322834645669,0.218503937007874,-0.039370078740157));
#11253=VERTEX_POINT('',#11252);
#11254=CARTESIAN_POINT('',(-0.246062992125984,0.218503937007874,-0.039370078740157));
#11255=DIRECTION('',(0.0,0.0,1.0));
#11256=DIRECTION('',(1.0,0.0,0.0));
#11257=AXIS2_PLACEMENT_3D('',#11254,#11255,#11256);
#11258=CIRCLE('',#11257,0.078740157480315);
#11259=EDGE_CURVE('',#11222,#11253,#11258,.T.);
#11260=ORIENTED_EDGE('',*,*,#11259,.T.);
#11261=CARTESIAN_POINT('',(-0.167322834645669,0.218503937007874,0.0));
#11262=VERTEX_POINT('',#11261);
#11263=CARTESIAN_POINT('',(-0.167322834645669,0.218503937007874,0.0));
#11264=DIRECTION('',(0.0,0.0,-1.0));
#11265=VECTOR('',#11264,0.039370078740157);
#11266=LINE('',#11263,#11265);
#11267=EDGE_CURVE('',#11262,#11253,#11266,.T.);
#11268=ORIENTED_EDGE('',*,*,#11267,.F.);
#11269=CARTESIAN_POINT('',(-0.246062992125984,0.218503937007874,0.0));
#11270=DIRECTION('',(0.0,0.0,1.0));
#11271=DIRECTION('',(1.0,0.0,0.0));
#11272=AXIS2_PLACEMENT_3D('',#11269,#11270,#11271);
#11273=CIRCLE('',#11272,0.078740157480315);
#11274=EDGE_CURVE('',#11230,#11262,#11273,.T.);
#11275=ORIENTED_EDGE('',*,*,#11274,.F.);
#11276=ORIENTED_EDGE('',*,*,#11235,.T.);
#11277=EDGE_LOOP('',(#11260,#11268,#11275,#11276));
#11278=FACE_OUTER_BOUND('',#11277,.T.);
#11279=ADVANCED_FACE('',(#11278),#11251,.T.);
#11280=CARTESIAN_POINT('',(-0.167322834645669,0.216240157480315,0.001968503937008));
#11281=DIRECTION('',(1.0,0.0,0.0));
#11282=DIRECTION('',(0.0,0.0,-1.0));
#11283=AXIS2_PLACEMENT_3D('',#11280,#11281,#11282);
#11284=PLANE('',#11283);
#11285=CARTESIAN_POINT('',(-0.167322834645669,0.263779527559055,-0.039370078740157));
#11286=VERTEX_POINT('',#11285);
#11287=CARTESIAN_POINT('',(-0.167322834645669,0.218503937007874,-0.039370078740157));
#11288=DIRECTION('',(0.0,1.0,0.0));
#11289=VECTOR('',#11288,0.045275590551181);
#11290=LINE('',#11287,#11289);
#11291=EDGE_CURVE('',#11253,#11286,#11290,.T.);
#11292=ORIENTED_EDGE('',*,*,#11291,.T.);
#11293=CARTESIAN_POINT('',(-0.167322834645669,0.263779527559055,0.0));
#11294=VERTEX_POINT('',#11293);
#11295=CARTESIAN_POINT('',(-0.167322834645669,0.263779527559055,0.0));
#11296=DIRECTION('',(0.0,0.0,-1.0));
#11297=VECTOR('',#11296,0.039370078740157);
#11298=LINE('',#11295,#11297);
#11299=EDGE_CURVE('',#11294,#11286,#11298,.T.);
#11300=ORIENTED_EDGE('',*,*,#11299,.F.);
#11301=CARTESIAN_POINT('',(-0.167322834645669,0.218503937007874,0.0));
#11302=DIRECTION('',(0.0,1.0,0.0));
#11303=VECTOR('',#11302,0.045275590551181);
#11304=LINE('',#11301,#11303);
#11305=EDGE_CURVE('',#11262,#11294,#11304,.T.);
#11306=ORIENTED_EDGE('',*,*,#11305,.F.);
#11307=ORIENTED_EDGE('',*,*,#11267,.T.);
#11308=EDGE_LOOP('',(#11292,#11300,#11306,#11307));
#11309=FACE_OUTER_BOUND('',#11308,.T.);
#11310=ADVANCED_FACE('',(#11309),#11284,.T.);
#11311=CARTESIAN_POINT('',(-0.29753937007874,0.263779527559055,-0.041338582677165));
#11312=DIRECTION('',(0.0,1.0,0.0));
#11313=DIRECTION('',(0.0,0.0,1.0));
#11314=AXIS2_PLACEMENT_3D('',#11311,#11312,#11313);
#11315=PLANE('',#11314);
#11316=CARTESIAN_POINT('',(-0.167322834645669,0.263779527559055,-0.039370078740157));
#11317=DIRECTION('',(-1.0,0.0,0.0));
#11318=VECTOR('',#11317,0.124015748031496);
#11319=LINE('',#11316,#11318);
#11320=EDGE_CURVE('',#11286,#11182,#11319,.T.);
#11321=ORIENTED_EDGE('',*,*,#11320,.T.);
#11322=ORIENTED_EDGE('',*,*,#11211,.F.);
#11323=CARTESIAN_POINT('',(-0.167322834645669,0.263779527559055,0.0));
#11324=DIRECTION('',(-1.0,0.0,0.0));
#11325=VECTOR('',#11324,0.124015748031496);
#11326=LINE('',#11323,#11325);
#11327=EDGE_CURVE('',#11294,#11200,#11326,.T.);
#11328=ORIENTED_EDGE('',*,*,#11327,.F.);
#11329=ORIENTED_EDGE('',*,*,#11299,.T.);
#11330=EDGE_LOOP('',(#11321,#11322,#11328,#11329));
#11331=FACE_OUTER_BOUND('',#11330,.T.);
#11332=ADVANCED_FACE('',(#11331),#11315,.T.);
#11333=CARTESIAN_POINT('',(-0.29753937007874,0.133562992125984,-0.039370078740157));
#11334=DIRECTION('',(0.0,0.0,1.0));
#11335=DIRECTION('',(1.0,0.0,0.0));
#11336=AXIS2_PLACEMENT_3D('',#11333,#11334,#11335);
#11337=PLANE('',#11336);
#11338=ORIENTED_EDGE('',*,*,#11320,.F.);
#11339=ORIENTED_EDGE('',*,*,#11291,.F.);
#11340=ORIENTED_EDGE('',*,*,#11259,.F.);
#11341=ORIENTED_EDGE('',*,*,#11227,.F.);
#11342=ORIENTED_EDGE('',*,*,#11189,.F.);
#11343=EDGE_LOOP('',(#11338,#11339,#11340,#11341,#11342));
#11344=FACE_OUTER_BOUND('',#11343,.T.);
#11345=ORIENTED_EDGE('',*,*,#10675,.T.);
#11346=ORIENTED_EDGE('',*,*,#10735,.T.);
#11347=EDGE_LOOP('',(#11345,#11346));
#11348=FACE_BOUND('',#11347,.T.);
#11349=ADVANCED_FACE('',(#11344,#11348),#11337,.F.);
#11350=CARTESIAN_POINT('',(0.335629921259842,0.263090551181102,-0.000688976377953));
#11351=DIRECTION('',(0.0,0.707106781186547,-0.707106781186548));
#11352=DIRECTION('',(-1.0,0.0,0.0));
#11353=AXIS2_PLACEMENT_3D('',#11350,#11351,#11352);
#11354=PLANE('',#11353);
#11355=ORIENTED_EDGE('',*,*,#5263,.T.);
#11356=CARTESIAN_POINT('',(0.30511811023622,0.27755905511811,0.013779527559055));
#11357=DIRECTION('',(-0.577350269189626,-0.577350269189626,-0.577350269189625));
#11358=VECTOR('',#11357,0.023866841836579);
#11359=LINE('',#11356,#11358);
#11360=EDGE_CURVE('',#5250,#10775,#11359,.T.);
#11361=ORIENTED_EDGE('',*,*,#11360,.T.);
#11362=ORIENTED_EDGE('',*,*,#10780,.T.);
#11363=CARTESIAN_POINT('',(0.167322834645669,0.263779527559055,0.0));
#11364=DIRECTION('',(-1.0,0.0,0.0));
#11365=VECTOR('',#11364,0.334645669291338);
#11366=LINE('',#11363,#11365);
#11367=EDGE_CURVE('',#10767,#11294,#11366,.T.);
#11368=ORIENTED_EDGE('',*,*,#11367,.T.);
#11369=ORIENTED_EDGE('',*,*,#11327,.T.);
#11370=CARTESIAN_POINT('',(-0.291338582677165,0.263779527559055,0.0));
#11371=DIRECTION('',(-0.577350269189625,0.577350269189627,0.577350269189625));
#11372=VECTOR('',#11371,0.023866841836579);
#11373=LINE('',#11370,#11372);
#11374=EDGE_CURVE('',#11200,#5258,#11373,.T.);
#11375=ORIENTED_EDGE('',*,*,#11374,.T.);
#11376=EDGE_LOOP('',(#11355,#11361,#11362,#11368,#11369,#11375));
#11377=FACE_OUTER_BOUND('',#11376,.T.);
#11378=ADVANCED_FACE('',(#11377),#11354,.T.);
#11379=CARTESIAN_POINT('',(0.305807086614173,-0.305314960629921,0.014468503937008));
#11380=DIRECTION('',(0.707106781186547,0.0,-0.707106781186548));
#11381=DIRECTION('',(-0.707106781186548,0.0,-0.707106781186547));
#11382=AXIS2_PLACEMENT_3D('',#11379,#11380,#11381);
#11383=PLANE('',#11382);
#11384=CARTESIAN_POINT('',(0.30511811023622,-0.27755905511811,0.013779527559055));
#11385=VERTEX_POINT('',#11384);
#11386=CARTESIAN_POINT('',(0.30511811023622,0.27755905511811,0.013779527559055));
#11387=DIRECTION('',(0.0,-1.0,0.0));
#11388=VECTOR('',#11387,0.55511811023622);
#11389=LINE('',#11386,#11388);
#11390=EDGE_CURVE('',#5250,#11385,#11389,.T.);
#11391=ORIENTED_EDGE('',*,*,#11390,.T.);
#11392=CARTESIAN_POINT('',(0.30511811023622,-0.27755905511811,0.013779527559055));
#11393=DIRECTION('',(-0.577350269189626,0.577350269189626,-0.577350269189625));
#11394=VECTOR('',#11393,0.023866841836579);
#11395=LINE('',#11392,#11394);
#11396=EDGE_CURVE('',#11385,#11070,#11395,.T.);
#11397=ORIENTED_EDGE('',*,*,#11396,.T.);
#11398=ORIENTED_EDGE('',*,*,#11075,.T.);
#11399=CARTESIAN_POINT('',(0.291338582677165,-0.139763779527559,0.0));
#11400=DIRECTION('',(0.0,1.0,0.0));
#11401=VECTOR('',#11400,0.279527559055118);
#11402=LINE('',#11399,#11401);
#11403=EDGE_CURVE('',#11062,#10847,#11402,.T.);
#11404=ORIENTED_EDGE('',*,*,#11403,.T.);
#11405=ORIENTED_EDGE('',*,*,#10875,.T.);
#11406=ORIENTED_EDGE('',*,*,#11360,.F.);
#11407=EDGE_LOOP('',(#11391,#11397,#11398,#11404,#11405,#11406));
#11408=FACE_OUTER_BOUND('',#11407,.T.);
#11409=ADVANCED_FACE('',(#11408),#11383,.T.);
#11410=CARTESIAN_POINT('',(0.335629921259842,-0.278248031496063,0.014468503937008));
#11411=DIRECTION('',(0.0,-0.707106781186547,-0.707106781186548));
#11412=DIRECTION('',(-1.0,0.0,0.0));
#11413=AXIS2_PLACEMENT_3D('',#11410,#11411,#11412);
#11414=PLANE('',#11413);
#11415=CARTESIAN_POINT('',(-0.30511811023622,-0.27755905511811,0.013779527559055));
#11416=VERTEX_POINT('',#11415);
#11417=CARTESIAN_POINT('',(0.30511811023622,-0.27755905511811,0.013779527559055));
#11418=DIRECTION('',(-1.0,0.0,0.0));
#11419=VECTOR('',#11418,0.61023622047244);
#11420=LINE('',#11417,#11419);
#11421=EDGE_CURVE('',#11385,#11416,#11420,.T.);
#11422=ORIENTED_EDGE('',*,*,#11421,.T.);
#11423=CARTESIAN_POINT('',(-0.30511811023622,-0.27755905511811,0.013779527559055));
#11424=DIRECTION('',(0.577350269189626,0.577350269189626,-0.577350269189625));
#11425=VECTOR('',#11424,0.023866841836579);
#11426=LINE('',#11423,#11425);
#11427=EDGE_CURVE('',#11416,#10905,#11426,.T.);
#11428=ORIENTED_EDGE('',*,*,#11427,.T.);
#11429=ORIENTED_EDGE('',*,*,#10910,.T.);
#11430=CARTESIAN_POINT('',(-0.167322834645669,-0.263779527559055,0.0));
#11431=DIRECTION('',(1.0,0.0,0.0));
#11432=VECTOR('',#11431,0.334645669291338);
#11433=LINE('',#11430,#11432);
#11434=EDGE_CURVE('',#10897,#11142,#11433,.T.);
#11435=ORIENTED_EDGE('',*,*,#11434,.T.);
#11436=ORIENTED_EDGE('',*,*,#11170,.T.);
#11437=ORIENTED_EDGE('',*,*,#11396,.F.);
#11438=EDGE_LOOP('',(#11422,#11428,#11429,#11435,#11436,#11437));
#11439=FACE_OUTER_BOUND('',#11438,.T.);
#11440=ADVANCED_FACE('',(#11439),#11414,.T.);
#11441=CARTESIAN_POINT('',(-0.290649606299212,-0.305314960629921,-0.000688976377953));
#11442=DIRECTION('',(-0.707106781186547,0.0,-0.707106781186548));
#11443=DIRECTION('',(-0.707106781186548,0.0,0.707106781186547));
#11444=AXIS2_PLACEMENT_3D('',#11441,#11442,#11443);
#11445=PLANE('',#11444);
#11446=CARTESIAN_POINT('',(-0.30511811023622,-0.27755905511811,0.013779527559055));
#11447=DIRECTION('',(0.0,1.0,0.0));
#11448=VECTOR('',#11447,0.55511811023622);
#11449=LINE('',#11446,#11448);
#11450=EDGE_CURVE('',#11416,#5258,#11449,.T.);
#11451=ORIENTED_EDGE('',*,*,#11450,.T.);
#11452=ORIENTED_EDGE('',*,*,#11374,.F.);
#11453=ORIENTED_EDGE('',*,*,#11205,.T.);
#11454=CARTESIAN_POINT('',(-0.291338582677165,0.139763779527559,0.0));
#11455=DIRECTION('',(0.0,-1.0,0.0));
#11456=VECTOR('',#11455,0.279527559055118);
#11457=LINE('',#11454,#11456);
#11458=EDGE_CURVE('',#11192,#10999,#11457,.T.);
#11459=ORIENTED_EDGE('',*,*,#11458,.T.);
#11460=ORIENTED_EDGE('',*,*,#11032,.T.);
#11461=ORIENTED_EDGE('',*,*,#11427,.F.);
#11462=EDGE_LOOP('',(#11451,#11452,#11453,#11459,#11460,#11461));
#11463=FACE_OUTER_BOUND('',#11462,.T.);
#11464=ADVANCED_FACE('',(#11463),#11445,.T.);
#11465=CARTESIAN_POINT('',(0.30511811023622,-0.335629921259843,0.317618110236221));
#11466=DIRECTION('',(1.0,0.0,0.0));
#11467=DIRECTION('',(0.0,0.0,-1.0));
#11468=AXIS2_PLACEMENT_3D('',#11465,#11466,#11467);
#11469=PLANE('',#11468);
#11470=ORIENTED_EDGE('',*,*,#11390,.F.);
#11471=ORIENTED_EDGE('',*,*,#5255,.T.);
#11472=CARTESIAN_POINT('',(0.30511811023622,0.27755905511811,0.192913385826772));
#11473=DIRECTION('',(0.0,1.0,0.0));
#11474=VECTOR('',#11473,0.003937007874016);
#11475=LINE('',#11472,#11474);
#11476=EDGE_CURVE('',#5242,#2399,#11475,.T.);
#11477=ORIENTED_EDGE('',*,*,#11476,.T.);
#11478=ORIENTED_EDGE('',*,*,#2546,.T.);
#11479=ORIENTED_EDGE('',*,*,#4025,.T.);
#11480=ORIENTED_EDGE('',*,*,#4392,.T.);
#11481=ORIENTED_EDGE('',*,*,#4469,.T.);
#11482=CARTESIAN_POINT('',(0.30511811023622,-0.27755905511811,0.303149606299213));
#11483=VERTEX_POINT('',#11482);
#11484=CARTESIAN_POINT('',(0.30511811023622,0.27755905511811,0.303149606299213));
#11485=DIRECTION('',(0.0,-1.0,0.0));
#11486=VECTOR('',#11485,0.55511811023622);
#11487=LINE('',#11484,#11486);
#11488=EDGE_CURVE('',#4458,#11483,#11487,.T.);
#11489=ORIENTED_EDGE('',*,*,#11488,.T.);
#11490=CARTESIAN_POINT('',(0.30511811023622,-0.30511811023622,0.263779527559055));
#11491=VERTEX_POINT('',#11490);
#11492=CARTESIAN_POINT('',(0.30511811023622,-0.27755905511811,0.303149606299213));
#11493=DIRECTION('',(0.0,-0.573462344363327,-0.819231920519041));
#11494=VECTOR('',#11493,0.048057305573755);
#11495=LINE('',#11492,#11494);
#11496=EDGE_CURVE('',#11483,#11491,#11495,.T.);
#11497=ORIENTED_EDGE('',*,*,#11496,.T.);
#11498=CARTESIAN_POINT('',(0.30511811023622,-0.30511811023622,0.263779527559055));
#11499=DIRECTION('',(0.0,0.0,-1.0));
#11500=VECTOR('',#11499,0.161403543695891);
#11501=LINE('',#11498,#11500);
#11502=EDGE_CURVE('',#11491,#4037,#11501,.T.);
#11503=ORIENTED_EDGE('',*,*,#11502,.T.);
#11504=ORIENTED_EDGE('',*,*,#4042,.T.);
#11505=ORIENTED_EDGE('',*,*,#3357,.F.);
#11506=ORIENTED_EDGE('',*,*,#4501,.T.);
#11507=CARTESIAN_POINT('',(0.30511811023622,-0.27755905511811,0.013779527559055));
#11508=DIRECTION('',(0.0,0.0,1.0));
#11509=VECTOR('',#11508,0.179133858267717);
#11510=LINE('',#11507,#11509);
#11511=EDGE_CURVE('',#11385,#4490,#11510,.T.);
#11512=ORIENTED_EDGE('',*,*,#11511,.F.);
#11513=EDGE_LOOP('',(#11470,#11471,#11477,#11478,#11479,#11480,#11481,#11489,#11497,#11503,#11504,#11505,#11506,#11512));
#11514=FACE_OUTER_BOUND('',#11513,.T.);
#11515=ADVANCED_FACE('',(#11514),#11469,.T.);
#11516=CARTESIAN_POINT('',(-0.320472440944881,-0.29015748031496,0.0));
#11517=DIRECTION('',(0.0,0.0,1.0));
#11518=DIRECTION('',(1.0,0.0,0.0));
#11519=AXIS2_PLACEMENT_3D('',#11516,#11517,#11518);
#11520=PLANE('',#11519);
#11521=ORIENTED_EDGE('',*,*,#10858,.T.);
#11522=ORIENTED_EDGE('',*,*,#11403,.F.);
#11523=ORIENTED_EDGE('',*,*,#11104,.T.);
#11524=ORIENTED_EDGE('',*,*,#11129,.T.);
#11525=ORIENTED_EDGE('',*,*,#11153,.T.);
#11526=ORIENTED_EDGE('',*,*,#11434,.F.);
#11527=ORIENTED_EDGE('',*,*,#10946,.T.);
#11528=ORIENTED_EDGE('',*,*,#10979,.T.);
#11529=ORIENTED_EDGE('',*,*,#11010,.T.);
#11530=ORIENTED_EDGE('',*,*,#11458,.F.);
#11531=ORIENTED_EDGE('',*,*,#11241,.T.);
#11532=ORIENTED_EDGE('',*,*,#11274,.T.);
#11533=ORIENTED_EDGE('',*,*,#11305,.T.);
#11534=ORIENTED_EDGE('',*,*,#11367,.F.);
#11535=ORIENTED_EDGE('',*,*,#10809,.T.);
#11536=ORIENTED_EDGE('',*,*,#10834,.T.);
#11537=EDGE_LOOP('',(#11521,#11522,#11523,#11524,#11525,#11526,#11527,#11528,#11529,#11530,#11531,#11532,#11533,#11534,#11535,#11536));
#11538=FACE_OUTER_BOUND('',#11537,.T.);
#11539=ORIENTED_EDGE('',*,*,#8637,.T.);
#11540=ORIENTED_EDGE('',*,*,#8661,.T.);
#11541=ORIENTED_EDGE('',*,*,#7956,.T.);
#11542=ORIENTED_EDGE('',*,*,#8678,.T.);
#11543=EDGE_LOOP('',(#11539,#11540,#11541,#11542));
#11544=FACE_BOUND('',#11543,.T.);
#11545=ORIENTED_EDGE('',*,*,#8091,.T.);
#11546=ORIENTED_EDGE('',*,*,#8702,.T.);
#11547=ORIENTED_EDGE('',*,*,#8726,.T.);
#11548=ORIENTED_EDGE('',*,*,#8745,.T.);
#11549=EDGE_LOOP('',(#11545,#11546,#11547,#11548));
#11550=FACE_BOUND('',#11549,.T.);
#11551=ORIENTED_EDGE('',*,*,#8532,.T.);
#11552=ORIENTED_EDGE('',*,*,#8769,.T.);
#11553=ORIENTED_EDGE('',*,*,#8793,.T.);
#11554=ORIENTED_EDGE('',*,*,#8812,.T.);
#11555=EDGE_LOOP('',(#11551,#11552,#11553,#11554));
#11556=FACE_BOUND('',#11555,.T.);
#11557=ORIENTED_EDGE('',*,*,#8418,.T.);
#11558=ORIENTED_EDGE('',*,*,#8836,.T.);
#11559=ORIENTED_EDGE('',*,*,#8860,.T.);
#11560=ORIENTED_EDGE('',*,*,#8879,.T.);
#11561=EDGE_LOOP('',(#11557,#11558,#11559,#11560));
#11562=FACE_BOUND('',#11561,.T.);
#11563=ORIENTED_EDGE('',*,*,#8333,.T.);
#11564=ORIENTED_EDGE('',*,*,#8243,.T.);
#11565=ORIENTED_EDGE('',*,*,#8896,.T.);
#11566=ORIENTED_EDGE('',*,*,#8311,.T.);
#11567=EDGE_LOOP('',(#11563,#11564,#11565,#11566));
#11568=FACE_BOUND('',#11567,.T.);
#11569=ADVANCED_FACE('',(#11538,#11544,#11550,#11556,#11562,#11568),#11520,.F.);
#11570=CARTESIAN_POINT('',(-0.205905511811024,-0.306496062992126,0.261811023622047));
#11571=DIRECTION('',(0.0,0.819231920519041,-0.573462344363328));
#11572=DIRECTION('',(-1.0,0.0,0.0));
#11573=AXIS2_PLACEMENT_3D('',#11570,#11571,#11572);
#11574=PLANE('',#11573);
#11575=CARTESIAN_POINT('',(-0.210629921259843,-0.27755905511811,0.303149606299213));
#11576=VERTEX_POINT('',#11575);
#11577=CARTESIAN_POINT('',(-0.210629921259843,-0.30511811023622,0.263779527559055));
#11578=VERTEX_POINT('',#11577);
#11579=CARTESIAN_POINT('',(-0.210629921259843,-0.27755905511811,0.303149606299213));
#11580=DIRECTION('',(0.0,-0.573462344363327,-0.819231920519041));
#11581=VECTOR('',#11580,0.048057305573755);
#11582=LINE('',#11579,#11581);
#11583=EDGE_CURVE('',#11576,#11578,#11582,.T.);
#11584=ORIENTED_EDGE('',*,*,#11583,.F.);
#11585=CARTESIAN_POINT('',(-0.279527559055118,-0.27755905511811,0.303149606299213));
#11586=VERTEX_POINT('',#11585);
#11587=CARTESIAN_POINT('',(-0.279527559055118,-0.27755905511811,0.303149606299213));
#11588=DIRECTION('',(1.0,0.0,0.0));
#11589=VECTOR('',#11588,0.068897637795275);
#11590=LINE('',#11587,#11589);
#11591=EDGE_CURVE('',#11586,#11576,#11590,.T.);
#11592=ORIENTED_EDGE('',*,*,#11591,.F.);
#11593=CARTESIAN_POINT('',(-0.30511811023622,-0.27755905511811,0.303149606299213));
#11594=VERTEX_POINT('',#11593);
#11595=CARTESIAN_POINT('',(-0.279527559055118,-0.27755905511811,0.303149606299213));
#11596=DIRECTION('',(-1.0,0.0,0.0));
#11597=VECTOR('',#11596,0.025590551181102);
#11598=LINE('',#11595,#11597);
#11599=EDGE_CURVE('',#11586,#11594,#11598,.T.);
#11600=ORIENTED_EDGE('',*,*,#11599,.T.);
#11601=CARTESIAN_POINT('',(-0.30511811023622,-0.30511811023622,0.263779527559055));
#11602=VERTEX_POINT('',#11601);
#11603=CARTESIAN_POINT('',(-0.30511811023622,-0.27755905511811,0.303149606299213));
#11604=DIRECTION('',(0.0,-0.573462344363327,-0.819231920519041));
#11605=VECTOR('',#11604,0.048057305573755);
#11606=LINE('',#11603,#11605);
#11607=EDGE_CURVE('',#11594,#11602,#11606,.T.);
#11608=ORIENTED_EDGE('',*,*,#11607,.T.);
#11609=CARTESIAN_POINT('',(-0.30511811023622,-0.30511811023622,0.263779527559055));
#11610=DIRECTION('',(1.0,0.0,0.0));
#11611=VECTOR('',#11610,0.094488188976377);
#11612=LINE('',#11609,#11611);
#11613=EDGE_CURVE('',#11602,#11578,#11612,.T.);
#11614=ORIENTED_EDGE('',*,*,#11613,.T.);
#11615=EDGE_LOOP('',(#11584,#11592,#11600,#11608,#11614));
#11616=FACE_OUTER_BOUND('',#11615,.T.);
#11617=ADVANCED_FACE('',(#11616),#11574,.F.);
#11618=CARTESIAN_POINT('',(-0.210629921259843,-0.306496062992126,0.308661417322835));
#11619=DIRECTION('',(1.0,0.0,0.0));
#11620=DIRECTION('',(0.0,0.0,-1.0));
#11621=AXIS2_PLACEMENT_3D('',#11618,#11619,#11620);
#11622=PLANE('',#11621);
#11623=CARTESIAN_POINT('',(-0.210629921259843,-0.30511811023622,0.263779527559055));
#11624=DIRECTION('',(0.0,0.0,-1.0));
#11625=VECTOR('',#11624,0.070866141732283);
#11626=LINE('',#11623,#11625);
#11627=EDGE_CURVE('',#11578,#2597,#11626,.T.);
#11628=ORIENTED_EDGE('',*,*,#11627,.T.);
#11629=ORIENTED_EDGE('',*,*,#2604,.T.);
#11630=ORIENTED_EDGE('',*,*,#4556,.T.);
#11631=CARTESIAN_POINT('',(-0.210629921259843,-0.27755905511811,0.303149606299213));
#11632=DIRECTION('',(0.0,0.0,-1.0));
#11633=VECTOR('',#11632,0.110236220472441);
#11634=LINE('',#11631,#11633);
#11635=EDGE_CURVE('',#11576,#4545,#11634,.T.);
#11636=ORIENTED_EDGE('',*,*,#11635,.F.);
#11637=ORIENTED_EDGE('',*,*,#11583,.T.);
#11638=EDGE_LOOP('',(#11628,#11629,#11630,#11636,#11637));
#11639=FACE_OUTER_BOUND('',#11638,.T.);
#11640=ADVANCED_FACE('',(#11639),#11622,.T.);
#11641=CARTESIAN_POINT('',(-0.30984251968504,0.277362204724409,0.192913385826772));
#11642=DIRECTION('',(0.0,0.0,1.0));
#11643=DIRECTION('',(1.0,0.0,0.0));
#11644=AXIS2_PLACEMENT_3D('',#11641,#11642,#11643);
#11645=PLANE('',#11644);
#11646=ORIENTED_EDGE('',*,*,#2524,.T.);
#11647=CARTESIAN_POINT('',(-0.210629921259843,0.27755905511811,0.192913385826772));
#11648=DIRECTION('',(0.0,1.0,0.0));
#11649=VECTOR('',#11648,0.003937007874016);
#11650=LINE('',#11647,#11649);
#11651=EDGE_CURVE('',#5274,#2511,#11650,.T.);
#11652=ORIENTED_EDGE('',*,*,#11651,.F.);
#11653=ORIENTED_EDGE('',*,*,#5279,.F.);
#11654=CARTESIAN_POINT('',(-0.30511811023622,0.27755905511811,0.192913385826772));
#11655=DIRECTION('',(0.0,1.0,0.0));
#11656=VECTOR('',#11655,0.003937007874016);
#11657=LINE('',#11654,#11656);
#11658=EDGE_CURVE('',#5266,#2519,#11657,.T.);
#11659=ORIENTED_EDGE('',*,*,#11658,.T.);
#11660=EDGE_LOOP('',(#11646,#11652,#11653,#11659));
#11661=FACE_OUTER_BOUND('',#11660,.T.);
#11662=ADVANCED_FACE('',(#11661),#11645,.F.);
#11663=CARTESIAN_POINT('',(-0.205905511811024,0.276181102362204,0.305118110236221));
#11664=DIRECTION('',(0.0,-0.819231920519041,-0.573462344363328));
#11665=DIRECTION('',(-1.0,0.0,0.0));
#11666=AXIS2_PLACEMENT_3D('',#11663,#11664,#11665);
#11667=PLANE('',#11666);
#11668=CARTESIAN_POINT('',(-0.210629921259843,0.30511811023622,0.263779527559055));
#11669=DIRECTION('',(0.0,-0.573462344363328,0.819231920519041));
#11670=VECTOR('',#11669,0.048057305573755);
#11671=LINE('',#11668,#11670);
#11672=EDGE_CURVE('',#4404,#5282,#11671,.T.);
#11673=ORIENTED_EDGE('',*,*,#11672,.F.);
#11674=ORIENTED_EDGE('',*,*,#4409,.F.);
#11675=CARTESIAN_POINT('',(-0.30511811023622,0.27755905511811,0.303149606299213));
#11676=VERTEX_POINT('',#11675);
#11677=CARTESIAN_POINT('',(-0.30511811023622,0.30511811023622,0.263779527559055));
#11678=DIRECTION('',(0.0,-0.573462344363328,0.819231920519041));
#11679=VECTOR('',#11678,0.048057305573755);
#11680=LINE('',#11677,#11679);
#11681=EDGE_CURVE('',#4396,#11676,#11680,.T.);
#11682=ORIENTED_EDGE('',*,*,#11681,.T.);
#11683=CARTESIAN_POINT('',(-0.30511811023622,0.27755905511811,0.303149606299213));
#11684=DIRECTION('',(1.0,0.0,0.0));
#11685=VECTOR('',#11684,0.025590551181102);
#11686=LINE('',#11683,#11685);
#11687=EDGE_CURVE('',#11676,#5290,#11686,.T.);
#11688=ORIENTED_EDGE('',*,*,#11687,.T.);
#11689=ORIENTED_EDGE('',*,*,#5295,.F.);
#11690=EDGE_LOOP('',(#11673,#11674,#11682,#11688,#11689));
#11691=FACE_OUTER_BOUND('',#11690,.T.);
#11692=ADVANCED_FACE('',(#11691),#11667,.F.);
#11693=CARTESIAN_POINT('',(-0.210629921259843,0.276181102362204,0.308661417322835));
#11694=DIRECTION('',(1.0,0.0,0.0));
#11695=DIRECTION('',(0.0,0.0,-1.0));
#11696=AXIS2_PLACEMENT_3D('',#11693,#11694,#11695);
#11697=PLANE('',#11696);
#11698=ORIENTED_EDGE('',*,*,#11651,.T.);
#11699=ORIENTED_EDGE('',*,*,#3827,.T.);
#11700=ORIENTED_EDGE('',*,*,#4415,.T.);
#11701=ORIENTED_EDGE('',*,*,#11672,.T.);
#11702=ORIENTED_EDGE('',*,*,#5287,.F.);
#11703=EDGE_LOOP('',(#11698,#11699,#11700,#11701,#11702));
#11704=FACE_OUTER_BOUND('',#11703,.T.);
#11705=ADVANCED_FACE('',(#11704),#11697,.T.);
#11706=CARTESIAN_POINT('',(-0.335629921259843,-0.30511811023622,0.457887794886786));
#11707=DIRECTION('',(0.0,-1.0,0.0));
#11708=DIRECTION('',(0.0,0.0,-1.0));
#11709=AXIS2_PLACEMENT_3D('',#11706,#11707,#11708);
#11710=PLANE('',#11709);
#11711=ORIENTED_EDGE('',*,*,#11502,.F.);
#11712=CARTESIAN_POINT('',(0.30511811023622,-0.30511811023622,0.263779527559055));
#11713=DIRECTION('',(-1.0,0.0,0.0));
#11714=VECTOR('',#11713,0.092519685039369);
#11715=LINE('',#11712,#11714);
#11716=EDGE_CURVE('',#11491,#2559,#11715,.T.);
#11717=ORIENTED_EDGE('',*,*,#11716,.T.);
#11718=ORIENTED_EDGE('',*,*,#2586,.T.);
#11719=ORIENTED_EDGE('',*,*,#3913,.T.);
#11720=ORIENTED_EDGE('',*,*,#3994,.F.);
#11721=ORIENTED_EDGE('',*,*,#4348,.T.);
#11722=ORIENTED_EDGE('',*,*,#3940,.T.);
#11723=ORIENTED_EDGE('',*,*,#3781,.T.);
#11724=ORIENTED_EDGE('',*,*,#3726,.T.);
#11725=ORIENTED_EDGE('',*,*,#2612,.T.);
#11726=ORIENTED_EDGE('',*,*,#11627,.F.);
#11727=ORIENTED_EDGE('',*,*,#11613,.F.);
#11728=CARTESIAN_POINT('',(-0.30511811023622,-0.30511811023622,0.263779527559055));
#11729=DIRECTION('',(0.0,0.0,-1.0));
#11730=VECTOR('',#11729,0.161403543695891);
#11731=LINE('',#11728,#11730);
#11732=EDGE_CURVE('',#11602,#4045,#11731,.T.);
#11733=ORIENTED_EDGE('',*,*,#11732,.T.);
#11734=ORIENTED_EDGE('',*,*,#4050,.T.);
#11735=EDGE_LOOP('',(#11711,#11717,#11718,#11719,#11720,#11721,#11722,#11723,#11724,#11725,#11726,#11727,#11733,#11734));
#11736=FACE_OUTER_BOUND('',#11735,.T.);
#11737=ADVANCED_FACE('',(#11736),#11710,.T.);
#11738=CARTESIAN_POINT('',(0.205905511811024,-0.306496062992126,0.261811023622047));
#11739=DIRECTION('',(0.0,-0.819231920519041,0.573462344363328));
#11740=DIRECTION('',(1.0,0.0,0.0));
#11741=AXIS2_PLACEMENT_3D('',#11738,#11739,#11740);
#11742=PLANE('',#11741);
#11743=ORIENTED_EDGE('',*,*,#2564,.T.);
#11744=ORIENTED_EDGE('',*,*,#11716,.F.);
#11745=ORIENTED_EDGE('',*,*,#11496,.F.);
#11746=CARTESIAN_POINT('',(0.30511811023622,-0.27755905511811,0.303149606299213));
#11747=DIRECTION('',(-1.0,0.0,0.0));
#11748=VECTOR('',#11747,0.025590551181102);
#11749=LINE('',#11746,#11748);
#11750=EDGE_CURVE('',#11483,#5313,#11749,.T.);
#11751=ORIENTED_EDGE('',*,*,#11750,.T.);
#11752=CARTESIAN_POINT('',(0.210629921259843,-0.27755905511811,0.303149606299213));
#11753=DIRECTION('',(1.0,0.0,0.0));
#11754=VECTOR('',#11753,0.068897637795275);
#11755=LINE('',#11752,#11754);
#11756=EDGE_CURVE('',#4513,#5313,#11755,.T.);
#11757=ORIENTED_EDGE('',*,*,#11756,.F.);
#11758=ORIENTED_EDGE('',*,*,#4518,.T.);
#11759=ORIENTED_EDGE('',*,*,#3444,.T.);
#11760=EDGE_LOOP('',(#11743,#11744,#11745,#11751,#11757,#11758,#11759));
#11761=FACE_OUTER_BOUND('',#11760,.T.);
#11762=ADVANCED_FACE('',(#11761),#11742,.T.);
#11763=CARTESIAN_POINT('',(0.30984251968504,0.277362204724409,0.192913385826772));
#11764=DIRECTION('',(0.0,0.0,-1.0));
#11765=DIRECTION('',(-1.0,0.0,0.0));
#11766=AXIS2_PLACEMENT_3D('',#11763,#11764,#11765);
#11767=PLANE('',#11766);
#11768=ORIENTED_EDGE('',*,*,#2404,.T.);
#11769=ORIENTED_EDGE('',*,*,#11476,.F.);
#11770=ORIENTED_EDGE('',*,*,#5247,.F.);
#11771=CARTESIAN_POINT('',(0.210629921259843,0.27755905511811,0.192913385826772));
#11772=DIRECTION('',(0.0,1.0,0.0));
#11773=VECTOR('',#11772,0.003937007874016);
#11774=LINE('',#11771,#11773);
#11775=EDGE_CURVE('',#5234,#2397,#11774,.T.);
#11776=ORIENTED_EDGE('',*,*,#11775,.T.);
#11777=EDGE_LOOP('',(#11768,#11769,#11770,#11776));
#11778=FACE_OUTER_BOUND('',#11777,.T.);
#11779=ADVANCED_FACE('',(#11778),#11767,.T.);
#11780=CARTESIAN_POINT('',(0.210629921259843,0.277362204724409,0.308661417322835));
#11781=DIRECTION('',(1.0,0.0,0.0));
#11782=DIRECTION('',(0.0,0.0,-1.0));
#11783=AXIS2_PLACEMENT_3D('',#11780,#11781,#11782);
#11784=PLANE('',#11783);
#11785=ORIENTED_EDGE('',*,*,#2412,.T.);
#11786=ORIENTED_EDGE('',*,*,#11775,.F.);
#11787=ORIENTED_EDGE('',*,*,#5239,.F.);
#11788=ORIENTED_EDGE('',*,*,#4447,.F.);
#11789=EDGE_LOOP('',(#11785,#11786,#11787,#11788));
#11790=FACE_OUTER_BOUND('',#11789,.T.);
#11791=ADVANCED_FACE('',(#11790),#11784,.F.);
#11792=CARTESIAN_POINT('',(-0.335629921259842,-0.27755905511811,0.437514468095692));
#11793=DIRECTION('',(0.0,-1.0,0.0));
#11794=DIRECTION('',(0.0,0.0,-1.0));
#11795=AXIS2_PLACEMENT_3D('',#11792,#11793,#11794);
#11796=PLANE('',#11795);
#11797=ORIENTED_EDGE('',*,*,#2909,.T.);
#11798=CARTESIAN_POINT('',(-0.279527559055118,-0.27755905511811,0.417336613784424));
#11799=DIRECTION('',(0.0,0.0,-1.0));
#11800=VECTOR('',#11799,0.114187007485211);
#11801=LINE('',#11798,#11800);
#11802=EDGE_CURVE('',#2904,#11586,#11801,.T.);
#11803=ORIENTED_EDGE('',*,*,#11802,.T.);
#11804=ORIENTED_EDGE('',*,*,#11591,.T.);
#11805=ORIENTED_EDGE('',*,*,#11635,.T.);
#11806=ORIENTED_EDGE('',*,*,#4550,.T.);
#11807=CARTESIAN_POINT('',(-0.30511811023622,-0.27755905511811,0.013779527559055));
#11808=DIRECTION('',(0.0,0.0,1.0));
#11809=VECTOR('',#11808,0.179133858267717);
#11810=LINE('',#11807,#11809);
#11811=EDGE_CURVE('',#11416,#4537,#11810,.T.);
#11812=ORIENTED_EDGE('',*,*,#11811,.F.);
#11813=ORIENTED_EDGE('',*,*,#11421,.F.);
#11814=ORIENTED_EDGE('',*,*,#11511,.T.);
#11815=ORIENTED_EDGE('',*,*,#4495,.T.);
#11816=ORIENTED_EDGE('',*,*,#4524,.T.);
#11817=ORIENTED_EDGE('',*,*,#11756,.T.);
#11818=ORIENTED_EDGE('',*,*,#5318,.T.);
#11819=EDGE_LOOP('',(#11797,#11803,#11804,#11805,#11806,#11812,#11813,#11814,#11815,#11816,#11817,#11818));
#11820=FACE_OUTER_BOUND('',#11819,.T.);
#11821=ADVANCED_FACE('',(#11820),#11796,.T.);
#11822=CARTESIAN_POINT('',(0.175984251968504,0.137795275590551,0.007874015748031));
#11823=DIRECTION('',(0.0,1.0,0.0));
#11824=DIRECTION('',(0.0,0.0,1.0));
#11825=AXIS2_PLACEMENT_3D('',#11822,#11823,#11824);
#11826=PLANE('',#11825);
#11827=CARTESIAN_POINT('',(0.177165354330709,0.137795275590551,0.02755905511811));
#11828=VERTEX_POINT('',#11827);
#11829=CARTESIAN_POINT('',(0.200787401574803,0.137795275590551,0.02755905511811));
#11830=DIRECTION('',(-1.0,0.0,0.0));
#11831=VECTOR('',#11830,0.023622047244094);
#11832=LINE('',#11829,#11831);
#11833=EDGE_CURVE('',#4788,#11828,#11832,.T.);
#11834=ORIENTED_EDGE('',*,*,#11833,.F.);
#11835=ORIENTED_EDGE('',*,*,#4793,.F.);
#11836=ORIENTED_EDGE('',*,*,#4863,.F.);
#11837=CARTESIAN_POINT('',(0.177165354330709,0.137795275590551,0.421259842519685));
#11838=DIRECTION('',(0.0,0.0,-1.0));
#11839=VECTOR('',#11838,0.393700787401575);
#11840=LINE('',#11837,#11839);
#11841=EDGE_CURVE('',#4852,#11828,#11840,.T.);
#11842=ORIENTED_EDGE('',*,*,#11841,.T.);
#11843=EDGE_LOOP('',(#11834,#11835,#11836,#11842));
#11844=FACE_OUTER_BOUND('',#11843,.T.);
#11845=ADVANCED_FACE('',(#11844),#11826,.F.);
#11846=CARTESIAN_POINT('',(0.177165354330709,0.134645669291338,0.440944881889764));
#11847=DIRECTION('',(1.0,0.0,0.0));
#11848=DIRECTION('',(0.0,0.0,-1.0));
#11849=AXIS2_PLACEMENT_3D('',#11846,#11847,#11848);
#11850=PLANE('',#11849);
#11851=CARTESIAN_POINT('',(0.177165354330709,0.200787401574803,0.02755905511811));
#11852=VERTEX_POINT('',#11851);
#11853=CARTESIAN_POINT('',(0.177165354330709,0.137795275590551,0.02755905511811));
#11854=DIRECTION('',(0.0,1.0,0.0));
#11855=VECTOR('',#11854,0.062992125984252);
#11856=LINE('',#11853,#11855);
#11857=EDGE_CURVE('',#11828,#11852,#11856,.T.);
#11858=ORIENTED_EDGE('',*,*,#11857,.F.);
#11859=ORIENTED_EDGE('',*,*,#11841,.F.);
#11860=ORIENTED_EDGE('',*,*,#4857,.F.);
#11861=CARTESIAN_POINT('',(0.177165354330709,0.200787401574803,0.421259842519685));
#11862=DIRECTION('',(0.0,0.0,-1.0));
#11863=VECTOR('',#11862,0.393700787401575);
#11864=LINE('',#11861,#11863);
#11865=EDGE_CURVE('',#4844,#11852,#11864,.T.);
#11866=ORIENTED_EDGE('',*,*,#11865,.T.);
#11867=EDGE_LOOP('',(#11858,#11859,#11860,#11866));
#11868=FACE_OUTER_BOUND('',#11867,.T.);
#11869=ADVANCED_FACE('',(#11868),#11850,.F.);
#11870=CARTESIAN_POINT('',(0.144094488188977,0.200787401574803,0.007874015748031));
#11871=DIRECTION('',(0.0,1.0,0.0));
#11872=DIRECTION('',(0.0,0.0,1.0));
#11873=AXIS2_PLACEMENT_3D('',#11870,#11871,#11872);
#11874=PLANE('',#11873);
#11875=CARTESIAN_POINT('',(0.145669291338583,0.200787401574803,0.02755905511811));
#11876=VERTEX_POINT('',#11875);
#11877=CARTESIAN_POINT('',(0.177165354330709,0.200787401574803,0.02755905511811));
#11878=DIRECTION('',(-1.0,0.0,0.0));
#11879=VECTOR('',#11878,0.031496062992126);
#11880=LINE('',#11877,#11879);
#11881=EDGE_CURVE('',#11852,#11876,#11880,.T.);
#11882=ORIENTED_EDGE('',*,*,#11881,.F.);
#11883=ORIENTED_EDGE('',*,*,#11865,.F.);
#11884=ORIENTED_EDGE('',*,*,#4849,.F.);
#11885=CARTESIAN_POINT('',(0.145669291338583,0.200787401574803,0.421259842519685));
#11886=DIRECTION('',(0.0,0.0,-1.0));
#11887=VECTOR('',#11886,0.393700787401575);
#11888=LINE('',#11885,#11887);
#11889=EDGE_CURVE('',#4836,#11876,#11888,.T.);
#11890=ORIENTED_EDGE('',*,*,#11889,.T.);
#11891=EDGE_LOOP('',(#11882,#11883,#11884,#11890));
#11892=FACE_OUTER_BOUND('',#11891,.T.);
#11893=ADVANCED_FACE('',(#11892),#11874,.F.);
#11894=CARTESIAN_POINT('',(0.145669291338583,0.184251968503937,0.007874015748031));
#11895=DIRECTION('',(-1.0,0.0,0.0));
#11896=DIRECTION('',(0.0,0.0,1.0));
#11897=AXIS2_PLACEMENT_3D('',#11894,#11895,#11896);
#11898=PLANE('',#11897);
#11899=CARTESIAN_POINT('',(0.145669291338583,0.18503937007874,0.02755905511811));
#11900=VERTEX_POINT('',#11899);
#11901=CARTESIAN_POINT('',(0.145669291338583,0.200787401574803,0.02755905511811));
#11902=DIRECTION('',(0.0,-1.0,0.0));
#11903=VECTOR('',#11902,0.015748031496063);
#11904=LINE('',#11901,#11903);
#11905=EDGE_CURVE('',#11876,#11900,#11904,.T.);
#11906=ORIENTED_EDGE('',*,*,#11905,.F.);
#11907=ORIENTED_EDGE('',*,*,#11889,.F.);
#11908=ORIENTED_EDGE('',*,*,#4841,.F.);
#11909=CARTESIAN_POINT('',(0.145669291338583,0.18503937007874,0.421259842519685));
#11910=DIRECTION('',(0.0,0.0,-1.0));
#11911=VECTOR('',#11910,0.393700787401575);
#11912=LINE('',#11909,#11911);
#11913=EDGE_CURVE('',#4828,#11900,#11912,.T.);
#11914=ORIENTED_EDGE('',*,*,#11913,.T.);
#11915=EDGE_LOOP('',(#11906,#11907,#11908,#11914));
#11916=FACE_OUTER_BOUND('',#11915,.T.);
#11917=ADVANCED_FACE('',(#11916),#11898,.F.);
#11918=CARTESIAN_POINT('',(0.125,0.18503937007874,0.007874015748031));
#11919=DIRECTION('',(0.0,1.0,0.0));
#11920=DIRECTION('',(0.0,0.0,1.0));
#11921=AXIS2_PLACEMENT_3D('',#11918,#11919,#11920);
#11922=PLANE('',#11921);
#11923=CARTESIAN_POINT('',(0.145669291338583,0.18503937007874,0.02755905511811));
#11924=DIRECTION('',(-1.0,0.0,0.0));
#11925=VECTOR('',#11924,0.019685039370079);
#11926=LINE('',#11923,#11925);
#11927=EDGE_CURVE('',#11900,#5107,#11926,.T.);
#11928=ORIENTED_EDGE('',*,*,#11927,.F.);
#11929=ORIENTED_EDGE('',*,*,#11913,.F.);
#11930=ORIENTED_EDGE('',*,*,#4833,.F.);
#11931=ORIENTED_EDGE('',*,*,#7847,.T.);
#11932=ORIENTED_EDGE('',*,*,#5120,.T.);
#11933=EDGE_LOOP('',(#11928,#11929,#11930,#11931,#11932));
#11934=FACE_OUTER_BOUND('',#11933,.T.);
#11935=ADVANCED_FACE('',(#11934),#11922,.F.);
#11936=CARTESIAN_POINT('',(-0.146653543307087,0.18503937007874,0.007874015748031));
#11937=DIRECTION('',(0.0,1.0,0.0));
#11938=DIRECTION('',(0.0,0.0,1.0));
#11939=AXIS2_PLACEMENT_3D('',#11936,#11937,#11938);
#11940=PLANE('',#11939);
#11941=CARTESIAN_POINT('',(-0.145669291338583,0.18503937007874,0.02755905511811));
#11942=VERTEX_POINT('',#11941);
#11943=CARTESIAN_POINT('',(-0.125984251968504,0.18503937007874,0.02755905511811));
#11944=DIRECTION('',(-1.0,0.0,0.0));
#11945=VECTOR('',#11944,0.019685039370079);
#11946=LINE('',#11943,#11945);
#11947=EDGE_CURVE('',#5203,#11942,#11946,.T.);
#11948=ORIENTED_EDGE('',*,*,#11947,.F.);
#11949=ORIENTED_EDGE('',*,*,#5208,.F.);
#11950=ORIENTED_EDGE('',*,*,#5340,.F.);
#11951=ORIENTED_EDGE('',*,*,#4921,.F.);
#11952=CARTESIAN_POINT('',(-0.145669291338583,0.18503937007874,0.421259842519685));
#11953=DIRECTION('',(0.0,0.0,-1.0));
#11954=VECTOR('',#11953,0.393700787401575);
#11955=LINE('',#11952,#11954);
#11956=EDGE_CURVE('',#4908,#11942,#11955,.T.);
#11957=ORIENTED_EDGE('',*,*,#11956,.T.);
#11958=EDGE_LOOP('',(#11948,#11949,#11950,#11951,#11957));
#11959=FACE_OUTER_BOUND('',#11958,.T.);
#11960=ADVANCED_FACE('',(#11959),#11940,.F.);
#11961=CARTESIAN_POINT('',(-0.145669291338583,0.184251968503937,0.440944881889764));
#11962=DIRECTION('',(1.0,0.0,0.0));
#11963=DIRECTION('',(0.0,0.0,-1.0));
#11964=AXIS2_PLACEMENT_3D('',#11961,#11962,#11963);
#11965=PLANE('',#11964);
#11966=CARTESIAN_POINT('',(-0.145669291338583,0.200787401574803,0.02755905511811));
#11967=VERTEX_POINT('',#11966);
#11968=CARTESIAN_POINT('',(-0.145669291338583,0.18503937007874,0.02755905511811));
#11969=DIRECTION('',(0.0,1.0,0.0));
#11970=VECTOR('',#11969,0.015748031496063);
#11971=LINE('',#11968,#11970);
#11972=EDGE_CURVE('',#11942,#11967,#11971,.T.);
#11973=ORIENTED_EDGE('',*,*,#11972,.F.);
#11974=ORIENTED_EDGE('',*,*,#11956,.F.);
#11975=ORIENTED_EDGE('',*,*,#4913,.F.);
#11976=CARTESIAN_POINT('',(-0.145669291338583,0.200787401574803,0.421259842519685));
#11977=DIRECTION('',(0.0,0.0,-1.0));
#11978=VECTOR('',#11977,0.393700787401575);
#11979=LINE('',#11976,#11978);
#11980=EDGE_CURVE('',#4900,#11967,#11979,.T.);
#11981=ORIENTED_EDGE('',*,*,#11980,.T.);
#11982=EDGE_LOOP('',(#11973,#11974,#11975,#11981));
#11983=FACE_OUTER_BOUND('',#11982,.T.);
#11984=ADVANCED_FACE('',(#11983),#11965,.F.);
#11985=CARTESIAN_POINT('',(-0.178740157480315,0.200787401574803,0.007874015748031));
#11986=DIRECTION('',(0.0,1.0,0.0));
#11987=DIRECTION('',(0.0,0.0,1.0));
#11988=AXIS2_PLACEMENT_3D('',#11985,#11986,#11987);
#11989=PLANE('',#11988);
#11990=CARTESIAN_POINT('',(-0.177165354330709,0.200787401574803,0.02755905511811));
#11991=VERTEX_POINT('',#11990);
#11992=CARTESIAN_POINT('',(-0.145669291338583,0.200787401574803,0.02755905511811));
#11993=DIRECTION('',(-1.0,0.0,0.0));
#11994=VECTOR('',#11993,0.031496062992126);
#11995=LINE('',#11992,#11994);
#11996=EDGE_CURVE('',#11967,#11991,#11995,.T.);
#11997=ORIENTED_EDGE('',*,*,#11996,.F.);
#11998=ORIENTED_EDGE('',*,*,#11980,.F.);
#11999=ORIENTED_EDGE('',*,*,#4905,.F.);
#12000=CARTESIAN_POINT('',(-0.177165354330709,0.200787401574803,0.421259842519685));
#12001=DIRECTION('',(0.0,0.0,-1.0));
#12002=VECTOR('',#12001,0.393700787401575);
#12003=LINE('',#12000,#12002);
#12004=EDGE_CURVE('',#4892,#11991,#12003,.T.);
#12005=ORIENTED_EDGE('',*,*,#12004,.T.);
#12006=EDGE_LOOP('',(#11997,#11998,#11999,#12005));
#12007=FACE_OUTER_BOUND('',#12006,.T.);
#12008=ADVANCED_FACE('',(#12007),#11989,.F.);
#12009=CARTESIAN_POINT('',(-0.177165354330709,0.134645669291338,0.007874015748031));
#12010=DIRECTION('',(-1.0,0.0,0.0));
#12011=DIRECTION('',(0.0,0.0,1.0));
#12012=AXIS2_PLACEMENT_3D('',#12009,#12010,#12011);
#12013=PLANE('',#12012);
#12014=CARTESIAN_POINT('',(-0.177165354330709,0.137795275590551,0.02755905511811));
#12015=VERTEX_POINT('',#12014);
#12016=CARTESIAN_POINT('',(-0.177165354330709,0.200787401574803,0.02755905511811));
#12017=DIRECTION('',(0.0,-1.0,0.0));
#12018=VECTOR('',#12017,0.062992125984252);
#12019=LINE('',#12016,#12018);
#12020=EDGE_CURVE('',#11991,#12015,#12019,.T.);
#12021=ORIENTED_EDGE('',*,*,#12020,.F.);
#12022=ORIENTED_EDGE('',*,*,#12004,.F.);
#12023=ORIENTED_EDGE('',*,*,#4897,.F.);
#12024=CARTESIAN_POINT('',(-0.177165354330709,0.137795275590551,0.421259842519685));
#12025=DIRECTION('',(0.0,0.0,-1.0));
#12026=VECTOR('',#12025,0.393700787401575);
#12027=LINE('',#12024,#12026);
#12028=EDGE_CURVE('',#4884,#12015,#12027,.T.);
#12029=ORIENTED_EDGE('',*,*,#12028,.T.);
#12030=EDGE_LOOP('',(#12021,#12022,#12023,#12029));
#12031=FACE_OUTER_BOUND('',#12030,.T.);
#12032=ADVANCED_FACE('',(#12031),#12013,.F.);
#12033=CARTESIAN_POINT('',(-0.201968503937008,0.137795275590551,0.007874015748031));
#12034=DIRECTION('',(0.0,1.0,0.0));
#12035=DIRECTION('',(0.0,0.0,1.0));
#12036=AXIS2_PLACEMENT_3D('',#12033,#12034,#12035);
#12037=PLANE('',#12036);
#12038=CARTESIAN_POINT('',(-0.200787401574803,0.137795275590551,0.02755905511811));
#12039=VERTEX_POINT('',#12038);
#12040=CARTESIAN_POINT('',(-0.177165354330709,0.137795275590551,0.02755905511811));
#12041=DIRECTION('',(-1.0,0.0,0.0));
#12042=VECTOR('',#12041,0.023622047244094);
#12043=LINE('',#12040,#12042);
#12044=EDGE_CURVE('',#12015,#12039,#12043,.T.);
#12045=ORIENTED_EDGE('',*,*,#12044,.F.);
#12046=ORIENTED_EDGE('',*,*,#12028,.F.);
#12047=ORIENTED_EDGE('',*,*,#4889,.F.);
#12048=CARTESIAN_POINT('',(-0.200787401574803,0.137795275590551,0.421259842519685));
#12049=DIRECTION('',(0.0,0.0,-1.0));
#12050=VECTOR('',#12049,0.393700787401575);
#12051=LINE('',#12048,#12050);
#12052=EDGE_CURVE('',#4876,#12039,#12051,.T.);
#12053=ORIENTED_EDGE('',*,*,#12052,.T.);
#12054=EDGE_LOOP('',(#12045,#12046,#12047,#12053));
#12055=FACE_OUTER_BOUND('',#12054,.T.);
#12056=ADVANCED_FACE('',(#12055),#12037,.F.);
#12057=CARTESIAN_POINT('',(-0.200787401574803,0.133858267716535,0.440944881889764));
#12058=DIRECTION('',(1.0,0.0,0.0));
#12059=DIRECTION('',(0.0,0.0,-1.0));
#12060=AXIS2_PLACEMENT_3D('',#12057,#12058,#12059);
#12061=PLANE('',#12060);
#12062=ORIENTED_EDGE('',*,*,#3009,.T.);
#12063=CARTESIAN_POINT('',(-0.200787401574803,0.216535433070866,0.02755905511811));
#12064=VERTEX_POINT('',#12063);
#12065=CARTESIAN_POINT('',(-0.200787401574803,0.216535433070866,0.417336613784424));
#12066=DIRECTION('',(0.0,0.0,-1.0));
#12067=VECTOR('',#12066,0.389777558666314);
#12068=LINE('',#12065,#12067);
#12069=EDGE_CURVE('',#2996,#12064,#12068,.T.);
#12070=ORIENTED_EDGE('',*,*,#12069,.T.);
#12071=CARTESIAN_POINT('',(-0.200787401574803,0.137795275590551,0.02755905511811));
#12072=DIRECTION('',(0.0,1.0,0.0));
#12073=VECTOR('',#12072,0.078740157480315);
#12074=LINE('',#12071,#12073);
#12075=EDGE_CURVE('',#12039,#12064,#12074,.T.);
#12076=ORIENTED_EDGE('',*,*,#12075,.F.);
#12077=ORIENTED_EDGE('',*,*,#12052,.F.);
#12078=ORIENTED_EDGE('',*,*,#4881,.F.);
#12079=ORIENTED_EDGE('',*,*,#4221,.T.);
#12080=EDGE_LOOP('',(#12062,#12070,#12076,#12077,#12078,#12079));
#12081=FACE_OUTER_BOUND('',#12080,.T.);
#12082=ADVANCED_FACE('',(#12081),#12061,.F.);
#12083=CARTESIAN_POINT('',(-0.260728346456693,0.216535433070866,0.008070177184794));
#12084=DIRECTION('',(0.0,1.0,0.0));
#12085=DIRECTION('',(0.0,0.0,1.0));
#12086=AXIS2_PLACEMENT_3D('',#12083,#12084,#12085);
#12087=PLANE('',#12086);
#12088=ORIENTED_EDGE('',*,*,#2985,.T.);
#12089=CARTESIAN_POINT('',(-0.257874015748032,0.216535433070866,0.02755905511811));
#12090=VERTEX_POINT('',#12089);
#12091=CARTESIAN_POINT('',(-0.257874015748032,0.216535433070866,0.417336613784424));
#12092=DIRECTION('',(0.0,0.0,-1.0));
#12093=VECTOR('',#12092,0.389777558666314);
#12094=LINE('',#12091,#12093);
#12095=EDGE_CURVE('',#2974,#12090,#12094,.T.);
#12096=ORIENTED_EDGE('',*,*,#12095,.T.);
#12097=CARTESIAN_POINT('',(-0.200787401574803,0.216535433070866,0.02755905511811));
#12098=DIRECTION('',(-1.0,0.0,0.0));
#12099=VECTOR('',#12098,0.057086614173229);
#12100=LINE('',#12097,#12099);
#12101=EDGE_CURVE('',#12064,#12090,#12100,.T.);
#12102=ORIENTED_EDGE('',*,*,#12101,.F.);
#12103=ORIENTED_EDGE('',*,*,#12069,.F.);
#12104=ORIENTED_EDGE('',*,*,#3001,.T.);
#12105=ORIENTED_EDGE('',*,*,#2815,.T.);
#12106=ORIENTED_EDGE('',*,*,#2784,.T.);
#12107=ORIENTED_EDGE('',*,*,#2746,.T.);
#12108=EDGE_LOOP('',(#12088,#12096,#12102,#12103,#12104,#12105,#12106,#12107));
#12109=FACE_OUTER_BOUND('',#12108,.T.);
#12110=ADVANCED_FACE('',(#12109),#12087,.F.);
#12111=CARTESIAN_POINT('',(-0.257874015748032,-0.238188976377953,0.008070177184794));
#12112=DIRECTION('',(-1.0,0.0,0.0));
#12113=DIRECTION('',(0.0,0.0,1.0));
#12114=AXIS2_PLACEMENT_3D('',#12111,#12112,#12113);
#12115=PLANE('',#12114);
#12116=ORIENTED_EDGE('',*,*,#2979,.T.);
#12117=CARTESIAN_POINT('',(-0.257874015748032,-0.216535433070866,0.02755905511811));
#12118=VERTEX_POINT('',#12117);
#12119=CARTESIAN_POINT('',(-0.257874015748032,-0.216535433070866,0.417336613784424));
#12120=DIRECTION('',(0.0,0.0,-1.0));
#12121=VECTOR('',#12120,0.389777558666314);
#12122=LINE('',#12119,#12121);
#12123=EDGE_CURVE('',#2966,#12118,#12122,.T.);
#12124=ORIENTED_EDGE('',*,*,#12123,.T.);
#12125=CARTESIAN_POINT('',(-0.257874015748032,0.216535433070866,0.02755905511811));
#12126=DIRECTION('',(0.0,-1.0,0.0));
#12127=VECTOR('',#12126,0.433070866141732);
#12128=LINE('',#12125,#12127);
#12129=EDGE_CURVE('',#12090,#12118,#12128,.T.);
#12130=ORIENTED_EDGE('',*,*,#12129,.F.);
#12131=ORIENTED_EDGE('',*,*,#12095,.F.);
#12132=EDGE_LOOP('',(#12116,#12124,#12130,#12131));
#12133=FACE_OUTER_BOUND('',#12132,.T.);
#12134=ADVANCED_FACE('',(#12133),#12115,.F.);
#12135=CARTESIAN_POINT('',(-0.260728346456693,-0.216535433070866,0.43682549171774));
#12136=DIRECTION('',(0.0,-1.0,0.0));
#12137=DIRECTION('',(0.0,0.0,-1.0));
#12138=AXIS2_PLACEMENT_3D('',#12135,#12136,#12137);
#12139=PLANE('',#12138);
#12140=ORIENTED_EDGE('',*,*,#2955,.T.);
#12141=CARTESIAN_POINT('',(-0.200787401574803,-0.216535433070866,0.02755905511811));
#12142=VERTEX_POINT('',#12141);
#12143=CARTESIAN_POINT('',(-0.200787401574803,-0.216535433070866,0.417336613784424));
#12144=DIRECTION('',(0.0,0.0,-1.0));
#12145=VECTOR('',#12144,0.389777558666314);
#12146=LINE('',#12143,#12145);
#12147=EDGE_CURVE('',#2942,#12142,#12146,.T.);
#12148=ORIENTED_EDGE('',*,*,#12147,.T.);
#12149=CARTESIAN_POINT('',(-0.257874015748032,-0.216535433070866,0.02755905511811));
#12150=DIRECTION('',(1.0,0.0,0.0));
#12151=VECTOR('',#12150,0.057086614173229);
#12152=LINE('',#12149,#12151);
#12153=EDGE_CURVE('',#12118,#12142,#12152,.T.);
#12154=ORIENTED_EDGE('',*,*,#12153,.F.);
#12155=ORIENTED_EDGE('',*,*,#12123,.F.);
#12156=ORIENTED_EDGE('',*,*,#2971,.T.);
#12157=ORIENTED_EDGE('',*,*,#2713,.T.);
#12158=ORIENTED_EDGE('',*,*,#2682,.T.);
#12159=ORIENTED_EDGE('',*,*,#2644,.T.);
#12160=EDGE_LOOP('',(#12140,#12148,#12154,#12155,#12156,#12157,#12158,#12159));
#12161=FACE_OUTER_BOUND('',#12160,.T.);
#12162=ADVANCED_FACE('',(#12161),#12139,.F.);
#12163=CARTESIAN_POINT('',(-0.200787401574803,-0.220472440944882,0.440944881889764));
#12164=DIRECTION('',(1.0,0.0,0.0));
#12165=DIRECTION('',(0.0,0.0,-1.0));
#12166=AXIS2_PLACEMENT_3D('',#12163,#12164,#12165);
#12167=PLANE('',#12166);
#12168=ORIENTED_EDGE('',*,*,#4118,.T.);
#12169=ORIENTED_EDGE('',*,*,#4999,.F.);
#12170=CARTESIAN_POINT('',(-0.200787401574803,-0.137795275590551,0.02755905511811));
#12171=VERTEX_POINT('',#12170);
#12172=CARTESIAN_POINT('',(-0.200787401574803,-0.137795275590551,0.421259842519685));
#12173=DIRECTION('',(0.0,0.0,-1.0));
#12174=VECTOR('',#12173,0.393700787401575);
#12175=LINE('',#12172,#12174);
#12176=EDGE_CURVE('',#4988,#12171,#12175,.T.);
#12177=ORIENTED_EDGE('',*,*,#12176,.T.);
#12178=CARTESIAN_POINT('',(-0.200787401574803,-0.216535433070866,0.02755905511811));
#12179=DIRECTION('',(0.0,1.0,0.0));
#12180=VECTOR('',#12179,0.078740157480315);
#12181=LINE('',#12178,#12180);
#12182=EDGE_CURVE('',#12142,#12171,#12181,.T.);
#12183=ORIENTED_EDGE('',*,*,#12182,.F.);
#12184=ORIENTED_EDGE('',*,*,#12147,.F.);
#12185=ORIENTED_EDGE('',*,*,#2949,.T.);
#12186=EDGE_LOOP('',(#12168,#12169,#12177,#12183,#12184,#12185));
#12187=FACE_OUTER_BOUND('',#12186,.T.);
#12188=ADVANCED_FACE('',(#12187),#12167,.F.);
#12189=CARTESIAN_POINT('',(-0.201968503937008,-0.137795275590551,0.440944881889764));
#12190=DIRECTION('',(0.0,-1.0,0.0));
#12191=DIRECTION('',(0.0,0.0,-1.0));
#12192=AXIS2_PLACEMENT_3D('',#12189,#12190,#12191);
#12193=PLANE('',#12192);
#12194=CARTESIAN_POINT('',(-0.177165354330709,-0.137795275590551,0.02755905511811));
#12195=VERTEX_POINT('',#12194);
#12196=CARTESIAN_POINT('',(-0.200787401574803,-0.137795275590551,0.02755905511811));
#12197=DIRECTION('',(1.0,0.0,0.0));
#12198=VECTOR('',#12197,0.023622047244094);
#12199=LINE('',#12196,#12198);
#12200=EDGE_CURVE('',#12171,#12195,#12199,.T.);
#12201=ORIENTED_EDGE('',*,*,#12200,.F.);
#12202=ORIENTED_EDGE('',*,*,#12176,.F.);
#12203=ORIENTED_EDGE('',*,*,#4993,.F.);
#12204=CARTESIAN_POINT('',(-0.177165354330709,-0.137795275590551,0.421259842519685));
#12205=DIRECTION('',(0.0,0.0,-1.0));
#12206=VECTOR('',#12205,0.393700787401575);
#12207=LINE('',#12204,#12206);
#12208=EDGE_CURVE('',#4980,#12195,#12207,.T.);
#12209=ORIENTED_EDGE('',*,*,#12208,.T.);
#12210=EDGE_LOOP('',(#12201,#12202,#12203,#12209));
#12211=FACE_OUTER_BOUND('',#12210,.T.);
#12212=ADVANCED_FACE('',(#12211),#12193,.F.);
#12213=CARTESIAN_POINT('',(-0.177165354330709,-0.203937007874016,0.007874015748031));
#12214=DIRECTION('',(-1.0,0.0,0.0));
#12215=DIRECTION('',(0.0,0.0,1.0));
#12216=AXIS2_PLACEMENT_3D('',#12213,#12214,#12215);
#12217=PLANE('',#12216);
#12218=CARTESIAN_POINT('',(-0.177165354330709,-0.200787401574803,0.02755905511811));
#12219=VERTEX_POINT('',#12218);
#12220=CARTESIAN_POINT('',(-0.177165354330709,-0.137795275590551,0.02755905511811));
#12221=DIRECTION('',(0.0,-1.0,0.0));
#12222=VECTOR('',#12221,0.062992125984252);
#12223=LINE('',#12220,#12222);
#12224=EDGE_CURVE('',#12195,#12219,#12223,.T.);
#12225=ORIENTED_EDGE('',*,*,#12224,.F.);
#12226=ORIENTED_EDGE('',*,*,#12208,.F.);
#12227=ORIENTED_EDGE('',*,*,#4985,.F.);
#12228=CARTESIAN_POINT('',(-0.177165354330709,-0.200787401574803,0.421259842519685));
#12229=DIRECTION('',(0.0,0.0,-1.0));
#12230=VECTOR('',#12229,0.393700787401575);
#12231=LINE('',#12228,#12230);
#12232=EDGE_CURVE('',#4972,#12219,#12231,.T.);
#12233=ORIENTED_EDGE('',*,*,#12232,.T.);
#12234=EDGE_LOOP('',(#12225,#12226,#12227,#12233));
#12235=FACE_OUTER_BOUND('',#12234,.T.);
#12236=ADVANCED_FACE('',(#12235),#12217,.F.);
#12237=CARTESIAN_POINT('',(-0.178740157480315,-0.200787401574803,0.440944881889764));
#12238=DIRECTION('',(0.0,-1.0,0.0));
#12239=DIRECTION('',(0.0,0.0,-1.0));
#12240=AXIS2_PLACEMENT_3D('',#12237,#12238,#12239);
#12241=PLANE('',#12240);
#12242=CARTESIAN_POINT('',(-0.145669291338583,-0.200787401574803,0.02755905511811));
#12243=VERTEX_POINT('',#12242);
#12244=CARTESIAN_POINT('',(-0.177165354330709,-0.200787401574803,0.02755905511811));
#12245=DIRECTION('',(1.0,0.0,0.0));
#12246=VECTOR('',#12245,0.031496062992126);
#12247=LINE('',#12244,#12246);
#12248=EDGE_CURVE('',#12219,#12243,#12247,.T.);
#12249=ORIENTED_EDGE('',*,*,#12248,.F.);
#12250=ORIENTED_EDGE('',*,*,#12232,.F.);
#12251=ORIENTED_EDGE('',*,*,#4977,.F.);
#12252=CARTESIAN_POINT('',(-0.145669291338583,-0.200787401574803,0.421259842519685));
#12253=DIRECTION('',(0.0,0.0,-1.0));
#12254=VECTOR('',#12253,0.393700787401575);
#12255=LINE('',#12252,#12254);
#12256=EDGE_CURVE('',#4964,#12243,#12255,.T.);
#12257=ORIENTED_EDGE('',*,*,#12256,.T.);
#12258=EDGE_LOOP('',(#12249,#12250,#12251,#12257));
#12259=FACE_OUTER_BOUND('',#12258,.T.);
#12260=ADVANCED_FACE('',(#12259),#12241,.F.);
#12261=CARTESIAN_POINT('',(-0.145669291338583,-0.201574803149606,0.440944881889764));
#12262=DIRECTION('',(1.0,0.0,0.0));
#12263=DIRECTION('',(0.0,0.0,-1.0));
#12264=AXIS2_PLACEMENT_3D('',#12261,#12262,#12263);
#12265=PLANE('',#12264);
#12266=CARTESIAN_POINT('',(-0.145669291338583,-0.18503937007874,0.02755905511811));
#12267=VERTEX_POINT('',#12266);
#12268=CARTESIAN_POINT('',(-0.145669291338583,-0.200787401574803,0.02755905511811));
#12269=DIRECTION('',(0.0,1.0,0.0));
#12270=VECTOR('',#12269,0.015748031496063);
#12271=LINE('',#12268,#12270);
#12272=EDGE_CURVE('',#12243,#12267,#12271,.T.);
#12273=ORIENTED_EDGE('',*,*,#12272,.F.);
#12274=ORIENTED_EDGE('',*,*,#12256,.F.);
#12275=ORIENTED_EDGE('',*,*,#4969,.F.);
#12276=CARTESIAN_POINT('',(-0.145669291338583,-0.18503937007874,0.421259842519685));
#12277=DIRECTION('',(0.0,0.0,-1.0));
#12278=VECTOR('',#12277,0.393700787401575);
#12279=LINE('',#12276,#12278);
#12280=EDGE_CURVE('',#4956,#12267,#12279,.T.);
#12281=ORIENTED_EDGE('',*,*,#12280,.T.);
#12282=EDGE_LOOP('',(#12273,#12274,#12275,#12281));
#12283=FACE_OUTER_BOUND('',#12282,.T.);
#12284=ADVANCED_FACE('',(#12283),#12265,.F.);
#12285=CARTESIAN_POINT('',(-0.146653543307087,-0.18503937007874,0.440944881889764));
#12286=DIRECTION('',(0.0,-1.0,0.0));
#12287=DIRECTION('',(0.0,0.0,-1.0));
#12288=AXIS2_PLACEMENT_3D('',#12285,#12286,#12287);
#12289=PLANE('',#12288);
#12290=CARTESIAN_POINT('',(-0.125984251968504,-0.18503937007874,0.02755905511811));
#12291=VERTEX_POINT('',#12290);
#12292=CARTESIAN_POINT('',(-0.145669291338583,-0.18503937007874,0.02755905511811));
#12293=DIRECTION('',(1.0,0.0,0.0));
#12294=VECTOR('',#12293,0.019685039370079);
#12295=LINE('',#12292,#12294);
#12296=EDGE_CURVE('',#12267,#12291,#12295,.T.);
#12297=ORIENTED_EDGE('',*,*,#12296,.F.);
#12298=ORIENTED_EDGE('',*,*,#12280,.F.);
#12299=ORIENTED_EDGE('',*,*,#4961,.F.);
#12300=ORIENTED_EDGE('',*,*,#7787,.T.);
#12301=CARTESIAN_POINT('',(-0.125984251968504,-0.18503937007874,0.192927164965526));
#12302=DIRECTION('',(0.0,0.0,-1.0));
#12303=VECTOR('',#12302,0.165368109847416);
#12304=LINE('',#12301,#12303);
#12305=EDGE_CURVE('',#6241,#12291,#12304,.T.);
#12306=ORIENTED_EDGE('',*,*,#12305,.T.);
#12307=EDGE_LOOP('',(#12297,#12298,#12299,#12300,#12306));
#12308=FACE_OUTER_BOUND('',#12307,.T.);
#12309=ADVANCED_FACE('',(#12308),#12289,.F.);
#12310=CARTESIAN_POINT('',(-0.125984251968504,-0.249114173228346,0.008070177184794));
#12311=DIRECTION('',(-1.0,0.0,0.0));
#12312=DIRECTION('',(0.0,0.0,1.0));
#12313=AXIS2_PLACEMENT_3D('',#12310,#12311,#12312);
#12314=PLANE('',#12313);
#12315=ORIENTED_EDGE('',*,*,#4334,.T.);
#12316=CARTESIAN_POINT('',(-0.125984251968504,-0.246062992125984,0.02755905511811));
#12317=VERTEX_POINT('',#12316);
#12318=CARTESIAN_POINT('',(-0.125984251968504,-0.246062992125984,0.417336613784424));
#12319=DIRECTION('',(0.0,0.0,-1.0));
#12320=VECTOR('',#12319,0.389777558666314);
#12321=LINE('',#12318,#12320);
#12322=EDGE_CURVE('',#4323,#12317,#12321,.T.);
#12323=ORIENTED_EDGE('',*,*,#12322,.T.);
#12324=CARTESIAN_POINT('',(-0.125984251968504,-0.18503937007874,0.02755905511811));
#12325=DIRECTION('',(0.0,-1.0,0.0));
#12326=VECTOR('',#12325,0.061023622047244);
#12327=LINE('',#12324,#12326);
#12328=EDGE_CURVE('',#12291,#12317,#12327,.T.);
#12329=ORIENTED_EDGE('',*,*,#12328,.F.);
#12330=ORIENTED_EDGE('',*,*,#12305,.F.);
#12331=ORIENTED_EDGE('',*,*,#6246,.T.);
#12332=ORIENTED_EDGE('',*,*,#6607,.T.);
#12333=EDGE_LOOP('',(#12315,#12323,#12329,#12330,#12331,#12332));
#12334=FACE_OUTER_BOUND('',#12333,.T.);
#12335=ADVANCED_FACE('',(#12334),#12314,.F.);
#12336=CARTESIAN_POINT('',(-0.138582677165354,-0.246062992125984,0.43682549171774));
#12337=DIRECTION('',(0.0,-1.0,0.0));
#12338=DIRECTION('',(0.0,0.0,-1.0));
#12339=AXIS2_PLACEMENT_3D('',#12336,#12337,#12338);
#12340=PLANE('',#12339);
#12341=ORIENTED_EDGE('',*,*,#4328,.T.);
#12342=ORIENTED_EDGE('',*,*,#4625,.T.);
#12343=CARTESIAN_POINT('',(-0.125984251968504,-0.246062992125984,0.02755905511811));
#12344=DIRECTION('',(1.0,0.0,0.0));
#12345=VECTOR('',#12344,0.251968503937008);
#12346=LINE('',#12343,#12345);
#12347=EDGE_CURVE('',#12317,#4614,#12346,.T.);
#12348=ORIENTED_EDGE('',*,*,#12347,.F.);
#12349=ORIENTED_EDGE('',*,*,#12322,.F.);
#12350=EDGE_LOOP('',(#12341,#12342,#12348,#12349));
#12351=FACE_OUTER_BOUND('',#12350,.T.);
#12352=ADVANCED_FACE('',(#12351),#12340,.F.);
#12353=CARTESIAN_POINT('',(0.125,-0.18503937007874,0.440944881889764));
#12354=DIRECTION('',(0.0,-1.0,0.0));
#12355=DIRECTION('',(0.0,0.0,-1.0));
#12356=AXIS2_PLACEMENT_3D('',#12353,#12354,#12355);
#12357=PLANE('',#12356);
#12358=CARTESIAN_POINT('',(0.145669291338583,-0.18503937007874,0.02755905511811));
#12359=VERTEX_POINT('',#12358);
#12360=CARTESIAN_POINT('',(0.125984251968504,-0.18503937007874,0.02755905511811));
#12361=DIRECTION('',(1.0,0.0,0.0));
#12362=VECTOR('',#12361,0.019685039370079);
#12363=LINE('',#12360,#12362);
#12364=EDGE_CURVE('',#4606,#12359,#12363,.T.);
#12365=ORIENTED_EDGE('',*,*,#12364,.F.);
#12366=ORIENTED_EDGE('',*,*,#4611,.F.);
#12367=ORIENTED_EDGE('',*,*,#5385,.F.);
#12368=ORIENTED_EDGE('',*,*,#5049,.F.);
#12369=CARTESIAN_POINT('',(0.145669291338583,-0.18503937007874,0.421259842519685));
#12370=DIRECTION('',(0.0,0.0,-1.0));
#12371=VECTOR('',#12370,0.393700787401575);
#12372=LINE('',#12369,#12371);
#12373=EDGE_CURVE('',#5036,#12359,#12372,.T.);
#12374=ORIENTED_EDGE('',*,*,#12373,.T.);
#12375=EDGE_LOOP('',(#12365,#12366,#12367,#12368,#12374));
#12376=FACE_OUTER_BOUND('',#12375,.T.);
#12377=ADVANCED_FACE('',(#12376),#12357,.F.);
#12378=CARTESIAN_POINT('',(0.145669291338583,-0.201574803149606,0.007874015748031));
#12379=DIRECTION('',(-1.0,0.0,0.0));
#12380=DIRECTION('',(0.0,0.0,1.0));
#12381=AXIS2_PLACEMENT_3D('',#12378,#12379,#12380);
#12382=PLANE('',#12381);
#12383=CARTESIAN_POINT('',(0.145669291338583,-0.200787401574803,0.02755905511811));
#12384=VERTEX_POINT('',#12383);
#12385=CARTESIAN_POINT('',(0.145669291338583,-0.18503937007874,0.02755905511811));
#12386=DIRECTION('',(0.0,-1.0,0.0));
#12387=VECTOR('',#12386,0.015748031496063);
#12388=LINE('',#12385,#12387);
#12389=EDGE_CURVE('',#12359,#12384,#12388,.T.);
#12390=ORIENTED_EDGE('',*,*,#12389,.F.);
#12391=ORIENTED_EDGE('',*,*,#12373,.F.);
#12392=ORIENTED_EDGE('',*,*,#5041,.F.);
#12393=CARTESIAN_POINT('',(0.145669291338583,-0.200787401574803,0.421259842519685));
#12394=DIRECTION('',(0.0,0.0,-1.0));
#12395=VECTOR('',#12394,0.393700787401575);
#12396=LINE('',#12393,#12395);
#12397=EDGE_CURVE('',#5028,#12384,#12396,.T.);
#12398=ORIENTED_EDGE('',*,*,#12397,.T.);
#12399=EDGE_LOOP('',(#12390,#12391,#12392,#12398));
#12400=FACE_OUTER_BOUND('',#12399,.T.);
#12401=ADVANCED_FACE('',(#12400),#12382,.F.);
#12402=CARTESIAN_POINT('',(0.144094488188977,-0.200787401574803,0.440944881889764));
#12403=DIRECTION('',(0.0,-1.0,0.0));
#12404=DIRECTION('',(0.0,0.0,-1.0));
#12405=AXIS2_PLACEMENT_3D('',#12402,#12403,#12404);
#12406=PLANE('',#12405);
#12407=CARTESIAN_POINT('',(0.177165354330709,-0.200787401574803,0.02755905511811));
#12408=VERTEX_POINT('',#12407);
#12409=CARTESIAN_POINT('',(0.145669291338583,-0.200787401574803,0.02755905511811));
#12410=DIRECTION('',(1.0,0.0,0.0));
#12411=VECTOR('',#12410,0.031496062992126);
#12412=LINE('',#12409,#12411);
#12413=EDGE_CURVE('',#12384,#12408,#12412,.T.);
#12414=ORIENTED_EDGE('',*,*,#12413,.F.);
#12415=ORIENTED_EDGE('',*,*,#12397,.F.);
#12416=ORIENTED_EDGE('',*,*,#5033,.F.);
#12417=CARTESIAN_POINT('',(0.177165354330709,-0.200787401574803,0.421259842519685));
#12418=DIRECTION('',(0.0,0.0,-1.0));
#12419=VECTOR('',#12418,0.393700787401575);
#12420=LINE('',#12417,#12419);
#12421=EDGE_CURVE('',#5020,#12408,#12420,.T.);
#12422=ORIENTED_EDGE('',*,*,#12421,.T.);
#12423=EDGE_LOOP('',(#12414,#12415,#12416,#12422));
#12424=FACE_OUTER_BOUND('',#12423,.T.);
#12425=ADVANCED_FACE('',(#12424),#12406,.F.);
#12426=CARTESIAN_POINT('',(0.177165354330709,-0.203937007874016,0.440944881889764));
#12427=DIRECTION('',(1.0,0.0,0.0));
#12428=DIRECTION('',(0.0,0.0,-1.0));
#12429=AXIS2_PLACEMENT_3D('',#12426,#12427,#12428);
#12430=PLANE('',#12429);
#12431=CARTESIAN_POINT('',(0.177165354330709,-0.137795275590551,0.02755905511811));
#12432=VERTEX_POINT('',#12431);
#12433=CARTESIAN_POINT('',(0.177165354330709,-0.200787401574803,0.02755905511811));
#12434=DIRECTION('',(0.0,1.0,0.0));
#12435=VECTOR('',#12434,0.062992125984252);
#12436=LINE('',#12433,#12435);
#12437=EDGE_CURVE('',#12408,#12432,#12436,.T.);
#12438=ORIENTED_EDGE('',*,*,#12437,.F.);
#12439=ORIENTED_EDGE('',*,*,#12421,.F.);
#12440=ORIENTED_EDGE('',*,*,#5025,.F.);
#12441=CARTESIAN_POINT('',(0.177165354330709,-0.137795275590551,0.421259842519685));
#12442=DIRECTION('',(0.0,0.0,-1.0));
#12443=VECTOR('',#12442,0.393700787401575);
#12444=LINE('',#12441,#12443);
#12445=EDGE_CURVE('',#5012,#12432,#12444,.T.);
#12446=ORIENTED_EDGE('',*,*,#12445,.T.);
#12447=EDGE_LOOP('',(#12438,#12439,#12440,#12446));
#12448=FACE_OUTER_BOUND('',#12447,.T.);
#12449=ADVANCED_FACE('',(#12448),#12430,.F.);
#12450=CARTESIAN_POINT('',(0.175984251968504,-0.137795275590551,0.440944881889764));
#12451=DIRECTION('',(0.0,-1.0,0.0));
#12452=DIRECTION('',(0.0,0.0,-1.0));
#12453=AXIS2_PLACEMENT_3D('',#12450,#12451,#12452);
#12454=PLANE('',#12453);
#12455=CARTESIAN_POINT('',(0.177165354330709,-0.137795275590551,0.02755905511811));
#12456=DIRECTION('',(1.0,0.0,0.0));
#12457=VECTOR('',#12456,0.023622047244094);
#12458=LINE('',#12455,#12457);
#12459=EDGE_CURVE('',#12432,#4668,#12458,.T.);
#12460=ORIENTED_EDGE('',*,*,#12459,.F.);
#12461=ORIENTED_EDGE('',*,*,#12445,.F.);
#12462=ORIENTED_EDGE('',*,*,#5017,.F.);
#12463=ORIENTED_EDGE('',*,*,#4681,.T.);
#12464=EDGE_LOOP('',(#12460,#12461,#12462,#12463));
#12465=FACE_OUTER_BOUND('',#12464,.T.);
#12466=ADVANCED_FACE('',(#12465),#12454,.F.);
#12467=CARTESIAN_POINT('',(-0.283661417322835,-0.270669291338582,0.02755905511811));
#12468=DIRECTION('',(0.0,0.0,1.0));
#12469=DIRECTION('',(1.0,0.0,0.0));
#12470=AXIS2_PLACEMENT_3D('',#12467,#12468,#12469);
#12471=PLANE('',#12470);
#12472=ORIENTED_EDGE('',*,*,#4799,.T.);
#12473=ORIENTED_EDGE('',*,*,#11833,.T.);
#12474=ORIENTED_EDGE('',*,*,#11857,.T.);
#12475=ORIENTED_EDGE('',*,*,#11881,.T.);
#12476=ORIENTED_EDGE('',*,*,#11905,.T.);
#12477=ORIENTED_EDGE('',*,*,#11927,.T.);
#12478=ORIENTED_EDGE('',*,*,#5112,.T.);
#12479=ORIENTED_EDGE('',*,*,#5174,.T.);
#12480=ORIENTED_EDGE('',*,*,#5214,.T.);
#12481=ORIENTED_EDGE('',*,*,#11947,.T.);
#12482=ORIENTED_EDGE('',*,*,#11972,.T.);
#12483=ORIENTED_EDGE('',*,*,#11996,.T.);
#12484=ORIENTED_EDGE('',*,*,#12020,.T.);
#12485=ORIENTED_EDGE('',*,*,#12044,.T.);
#12486=ORIENTED_EDGE('',*,*,#12075,.T.);
#12487=ORIENTED_EDGE('',*,*,#12101,.T.);
#12488=ORIENTED_EDGE('',*,*,#12129,.T.);
#12489=ORIENTED_EDGE('',*,*,#12153,.T.);
#12490=ORIENTED_EDGE('',*,*,#12182,.T.);
#12491=ORIENTED_EDGE('',*,*,#12200,.T.);
#12492=ORIENTED_EDGE('',*,*,#12224,.T.);
#12493=ORIENTED_EDGE('',*,*,#12248,.T.);
#12494=ORIENTED_EDGE('',*,*,#12272,.T.);
#12495=ORIENTED_EDGE('',*,*,#12296,.T.);
#12496=ORIENTED_EDGE('',*,*,#12328,.T.);
#12497=ORIENTED_EDGE('',*,*,#12347,.T.);
#12498=ORIENTED_EDGE('',*,*,#4619,.T.);
#12499=ORIENTED_EDGE('',*,*,#12364,.T.);
#12500=ORIENTED_EDGE('',*,*,#12389,.T.);
#12501=ORIENTED_EDGE('',*,*,#12413,.T.);
#12502=ORIENTED_EDGE('',*,*,#12437,.T.);
#12503=ORIENTED_EDGE('',*,*,#12459,.T.);
#12504=ORIENTED_EDGE('',*,*,#4673,.T.);
#12505=ORIENTED_EDGE('',*,*,#4714,.T.);
#12506=ORIENTED_EDGE('',*,*,#4738,.T.);
#12507=ORIENTED_EDGE('',*,*,#4766,.T.);
#12508=EDGE_LOOP('',(#12472,#12473,#12474,#12475,#12476,#12477,#12478,#12479,#12480,#12481,#12482,#12483,#12484,#12485,#12486,#12487,#12488,#12489,#12490,#12491,#12492,#12493,#12494,#12495,#12496,#12497,#12498,#12499,#12500,#12501,#12502,#12503,#12504,#12505,#12506,#12507));
#12509=FACE_OUTER_BOUND('',#12508,.T.);
#12510=ADVANCED_FACE('',(#12509),#12471,.T.);
#12511=CARTESIAN_POINT('',(-0.279527559055118,-0.305314960629921,0.423045964158684));
#12512=DIRECTION('',(1.0,0.0,0.0));
#12513=DIRECTION('',(0.0,0.0,-1.0));
#12514=AXIS2_PLACEMENT_3D('',#12511,#12512,#12513);
#12515=PLANE('',#12514);
#12516=ORIENTED_EDGE('',*,*,#2931,.T.);
#12517=ORIENTED_EDGE('',*,*,#5301,.F.);
#12518=CARTESIAN_POINT('',(-0.279527559055118,-0.27755905511811,0.303149606299213));
#12519=DIRECTION('',(0.0,1.0,0.0));
#12520=VECTOR('',#12519,0.55511811023622);
#12521=LINE('',#12518,#12520);
#12522=EDGE_CURVE('',#11586,#5290,#12521,.T.);
#12523=ORIENTED_EDGE('',*,*,#12522,.F.);
#12524=ORIENTED_EDGE('',*,*,#11802,.F.);
#12525=EDGE_LOOP('',(#12516,#12517,#12523,#12524));
#12526=FACE_OUTER_BOUND('',#12525,.T.);
#12527=ADVANCED_FACE('',(#12526),#12515,.F.);
#12528=CARTESIAN_POINT('',(-0.306397637795276,-0.305314960629921,0.303149606299213));
#12529=DIRECTION('',(0.0,0.0,1.0));
#12530=DIRECTION('',(1.0,0.0,0.0));
#12531=AXIS2_PLACEMENT_3D('',#12528,#12529,#12530);
#12532=PLANE('',#12531);
#12533=ORIENTED_EDGE('',*,*,#11599,.F.);
#12534=ORIENTED_EDGE('',*,*,#12522,.T.);
#12535=ORIENTED_EDGE('',*,*,#11687,.F.);
#12536=CARTESIAN_POINT('',(-0.30511811023622,-0.27755905511811,0.303149606299213));
#12537=DIRECTION('',(0.0,1.0,0.0));
#12538=VECTOR('',#12537,0.55511811023622);
#12539=LINE('',#12536,#12538);
#12540=EDGE_CURVE('',#11594,#11676,#12539,.T.);
#12541=ORIENTED_EDGE('',*,*,#12540,.F.);
#12542=EDGE_LOOP('',(#12533,#12534,#12535,#12541));
#12543=FACE_OUTER_BOUND('',#12542,.T.);
#12544=ADVANCED_FACE('',(#12543),#12532,.T.);
#12545=CARTESIAN_POINT('',(0.278248031496063,-0.305314960629921,0.303149606299213));
#12546=DIRECTION('',(0.0,0.0,1.0));
#12547=DIRECTION('',(1.0,0.0,0.0));
#12548=AXIS2_PLACEMENT_3D('',#12545,#12546,#12547);
#12549=PLANE('',#12548);
#12550=ORIENTED_EDGE('',*,*,#5324,.T.);
#12551=ORIENTED_EDGE('',*,*,#11750,.F.);
#12552=ORIENTED_EDGE('',*,*,#11488,.F.);
#12553=ORIENTED_EDGE('',*,*,#4463,.F.);
#12554=EDGE_LOOP('',(#12550,#12551,#12552,#12553));
#12555=FACE_OUTER_BOUND('',#12554,.T.);
#12556=ADVANCED_FACE('',(#12555),#12549,.T.);
#12557=CARTESIAN_POINT('',(-0.30511811023622,-0.335629921259843,-0.000688976377953));
#12558=DIRECTION('',(-1.0,0.0,0.0));
#12559=DIRECTION('',(0.0,0.0,1.0));
#12560=AXIS2_PLACEMENT_3D('',#12557,#12558,#12559);
#12561=PLANE('',#12560);
#12562=ORIENTED_EDGE('',*,*,#11450,.F.);
#12563=ORIENTED_EDGE('',*,*,#11811,.T.);
#12564=ORIENTED_EDGE('',*,*,#4542,.F.);
#12565=ORIENTED_EDGE('',*,*,#3373,.T.);
#12566=ORIENTED_EDGE('',*,*,#4056,.T.);
#12567=ORIENTED_EDGE('',*,*,#11732,.F.);
#12568=ORIENTED_EDGE('',*,*,#11607,.F.);
#12569=ORIENTED_EDGE('',*,*,#12540,.T.);
#12570=ORIENTED_EDGE('',*,*,#11681,.F.);
#12571=ORIENTED_EDGE('',*,*,#4401,.T.);
#12572=ORIENTED_EDGE('',*,*,#4011,.T.);
#12573=ORIENTED_EDGE('',*,*,#2532,.F.);
#12574=ORIENTED_EDGE('',*,*,#11658,.F.);
#12575=ORIENTED_EDGE('',*,*,#5271,.F.);
#12576=EDGE_LOOP('',(#12562,#12563,#12564,#12565,#12566,#12567,#12568,#12569,#12570,#12571,#12572,#12573,#12574,#12575));
#12577=FACE_OUTER_BOUND('',#12576,.T.);
#12578=ADVANCED_FACE('',(#12577),#12561,.T.);
#12579=CLOSED_SHELL('',(#194,#236,#287,#327,#358,#389,#411,#451,#482,#513,#535,#575,#612,#642,#670,#682,#699,#781,#811,#849,#866,#1038,#1110,#1150,#1190,#1230,#1270,#1301,#1377,#1394,#1418,#1442,#1467,#1499,#1514,#1539,#1571,#1586,#1618,#1642,#1667,#1691,#1722,#1744,#1807,#1829,#1851,#1886,#1910,#1941,#1965,#1982,#2012,#2040,#2063,#2094,#2111,#2135,#2152,#2164,#2214,#2245,#2276,#2311,#2390,#2550,#2590,#2630,#2670,#2701,#2732,#2772,#2803,#2834,#2935,#3035,#3171,#3229,#3254,#3286,#3303,#3335,#3454,#3479,#3496,#3508,#3539,#3563,#3587,#3604,#3616,#3647,#3671,#3695,#3712,#3736,#3767,#3791,#3815,#3839,#3870,#3894,#3918,#3958,#3998,#4029,#4060,#4074,#4160,#4184,#4263,#4280,#4338,#4366,#4380,#4433,#4474,#4505,#4529,#4560,#4582,#4629,#4651,#4691,#4719,#4743,#4771,#4804,#4868,#4939,#5003,#5060,#5091,#5138,#5155,#5179,#5219,#5305,#5329,#5374,#5412,#5443,#5465,#5477,#5501,#5525,#5542,#5554,#5581,#5628,#5713,#5740,#5764,#5849,#5863,#5877,#5918,#5942,#5976,#6000,#6034,#6058,#6092,#6109,#6141,#6165,#6557,#6579,#6596,#6618,#6635,#6657,#6674,#6696,#6713,#6725,#6757,#6781,#6813,#6838,#6870,#6894,#6919,#6951,#6975,#6992,#7009,#7021,#7046,#7070,#7095,#7120,#7144,#7162,#7186,#7218,#7242,#7260,#7379,#7403,#7422,#7498,#7510,#7519,#7595,#7607,#7616,#7635,#7649,#7661,#7678,#7690,#7707,#7719,#7731,#7743,#7760,#7772,#7791,#7803,#7820,#7832,#7851,#7867,#7879,#7919,#7966,#7990,#8014,#8054,#8101,#8125,#8149,#8191,#8222,#8263,#8288,#8321,#8338,#8380,#8428,#8452,#8494,#8542,#8566,#8591,#8616,#8649,#8666,#8683,#8707,#8733,#8750,#8774,#8800,#8817,#8841,#8867,#8884,#8901,#8965,#9003,#9048,#9058,#9122,#9160,#9205,#9215,#9279,#9317,#9362,#9372,#9436,#9474,#9519,#9529,#9593,#9631,#9676,#9686,#9750,#9788,#9833,#9843,#9911,#9949,#9994,#10004,#10072,#10110,#10155,#10165,#10243,#10321,#10399,#10477,#10499,#10558,#10580,#10639,#10661,#10683,#10705,#10721,#10743,#10759,#10790,#10814,#10839,#10863,#10880,#10920,#10951,#10984,#11015,#11037,#11054,#11085,#11109,#11134,#11158,#11175,#11215,#11246,#11279,#11310,#11332,#11349,#11378,#11409,#11440,#11464,#11515,#11569,#11617,#11640,#11662,#11692,#11705,#11737,#11762,#11779,#11791,#11821,#11845,#11869,#11893,#11917,#11935,#11960,#11984,#12008,#12032,#12056,#12082,#12110,#12134,#12162,#12188,#12212,#12236,#12260,#12284,#12309,#12335,#12352,#12377,#12401,#12425,#12449,#12466,#12510,#12527,#12544,#12556,#12578));
#12580=MANIFOLD_SOLID_BREP('',#12579);
#12581=COLOUR_RGB('',0.75,0.75,0.75);
#12582=FILL_AREA_STYLE_COLOUR('',#12581);
#12583=FILL_AREA_STYLE('',(#12582));
#12584=SURFACE_STYLE_FILL_AREA(#12583);
#12585=SURFACE_SIDE_STYLE('',(#12584));
#12586=SURFACE_STYLE_USAGE(.BOTH.,#12585);
#12587=PRESENTATION_STYLE_ASSIGNMENT((#12586));
#12588=STYLED_ITEM('',(#12587),#12580);
#12589=MECHANICAL_DESIGN_GEOMETRIC_PRESENTATION_REPRESENTATION('',(#12588),#123);
#12590=ADVANCED_BREP_SHAPE_REPRESENTATION('ABSR',(#12580),#123);
#12591=SHAPE_REPRESENTATION_RELATIONSHIP('SRR','None',#12590,#128);
ENDSEC;
END-ISO-10303-21;
