ISO-10303-21;
HEADER;
FILE_DESCRIPTION(('STEP AP242'),'1');
FILE_NAME('0705530110.stp','2025-01-17T19:24:09',('TraceParts'),('TraceParts S.A.'),'Spatial InterOp 3D',' ',' ');
FILE_SCHEMA(('AP242_MANAGED_MODEL_BASED_3D_ENGINEERING_MIM_LF  {1 0 10303 442 1 1 4}'));
ENDSEC;
DATA;
#1=PRODUCT_DEFINITION_CONTEXT('',#9,'design');
#2=APPLICATION_PROTOCOL_DEFINITION('INTERNATIONAL STANDARD','ap242_managed_model_based_3d_engineering',2014,#9);
#3=PRODUCT_CATEGORY_RELATIONSHIP('NONE','NONE',#10,#11);
#4=SHAPE_DEFINITION_REPRESENTATION(#12,#13);
#5= (GEOMETRIC_REPRESENTATION_CONTEXT(3)GLOBAL_UNCERTAINTY_ASSIGNED_CONTEXT((#16))GLOBAL_UNIT_ASSIGNED_CONTEXT((#18,#19,#20))REPRESENTATION_CONTEXT('NONE','WORKSPACE'));
#9=APPLICATION_CONTEXT('managed model based 3d engineering');
#10=PRODUCT_CATEGORY('part','NONE');
#11=PRODUCT_RELATED_PRODUCT_CATEGORY('detail',' ',(#22));
#12=PRODUCT_DEFINITION_SHAPE('NONE','NONE',#23);
#13=ADVANCED_BREP_SHAPE_REPRESENTATION('0705530110',(#24,#25),#5);
#16=UNCERTAINTY_MEASURE_WITH_UNIT(LENGTH_MEASURE(1.0E-06),#18,'','');
#18= (CONVERSION_BASED_UNIT('MILLIMETRE',#28)LENGTH_UNIT()NAMED_UNIT(#31));
#19= (NAMED_UNIT(#33)PLANE_ANGLE_UNIT()SI_UNIT($,.RADIAN.));
#20= (NAMED_UNIT(#33)SOLID_ANGLE_UNIT()SI_UNIT($,.STERADIAN.));
#22=PRODUCT('0705530110','0705530110','PART-0705530110-DESC',(#39));
#23=PRODUCT_DEFINITION('','NONE',#40,#1);
#24=MANIFOLD_SOLID_BREP('0705530110',#41);
#25=AXIS2_PLACEMENT_3D('',#42,#43,#44);
#28=LENGTH_MEASURE_WITH_UNIT(LENGTH_MEASURE(1.0),#45);
#31=DIMENSIONAL_EXPONENTS(1.0,0.0,0.0,0.0,0.0,0.0,0.0);
#33=DIMENSIONAL_EXPONENTS(0.0,0.0,0.0,0.0,0.0,0.0,0.0);
#39=PRODUCT_CONTEXT('',#9,'mechanical');
#40=PRODUCT_DEFINITION_FORMATION_WITH_SPECIFIED_SOURCE(' ','NONE',#22,.NOT_KNOWN.);
#41=CLOSED_SHELL('',(#46,#47,#48,#49,#50,#51,#52,#53,#54,#55,#56,#57,#58,#59,#60,#61,#62,#63,#64,#65,#66,#67,#68,#69,#70,#71,#72,#73,#74,#75,#76,#77,#78,#79,#80,#81,#82,#83,#84,#85,#86,#87,#88,#89,#90,#91,#92,#93,#94,#95,#96,#97,#98,#99,#100,#101,#102,#103,#104,#105,#106,#107,#108,#109,#110,#111,#112,#113,#114,#115,#116,#117,#118,#119,#120,#121,#122,#123,#124,#125,#126,#127,#128,#129,#130,#131,#132,#133,#134,#135,#136,#137,#138,#139,#140,#141,#142,#143,#144,#145,#146,#147,#148,#149,#150,#151,#152,#153,#154,#155,#156,#157,#158,#159,#160,#161,#162,#163,#164,#165,#166,#167,#168,#169,#170,#171,#172,#173,#174,#175,#176,#177,#178,#179,#180,#181,#182,#183,#184,#185,#186,#187,#188,#189,#190,#191,#192,#193,#194,#195,#196,#197,#198,#199,#200,#201,#202,#203,#204,#205,#206,#207,#208,#209,#210,#211,#212,#213,#214,#215,#216,#217,#218,#219,#220));
#42=CARTESIAN_POINT('',(0.0,0.0,0.0));
#43=DIRECTION('',(0.0,0.0,1.0));
#44=DIRECTION('',(1.0,0.0,0.0));
#45= (NAMED_UNIT(#31)LENGTH_UNIT()SI_UNIT(.MILLI.,.METRE.));
#46=ADVANCED_FACE('',(#222,#223),#224,.F.);
#47=ADVANCED_FACE('',(#225),#226,.T.);
#48=ADVANCED_FACE('',(#227),#228,.T.);
#49=ADVANCED_FACE('',(#229),#230,.T.);
#50=ADVANCED_FACE('',(#231),#232,.T.);
#51=ADVANCED_FACE('',(#233),#234,.T.);
#52=ADVANCED_FACE('',(#235),#236,.T.);
#53=ADVANCED_FACE('',(#237),#238,.T.);
#54=ADVANCED_FACE('',(#239),#240,.F.);
#55=ADVANCED_FACE('',(#241),#242,.T.);
#56=ADVANCED_FACE('',(#243),#244,.T.);
#57=ADVANCED_FACE('',(#245),#246,.T.);
#58=ADVANCED_FACE('',(#247),#248,.F.);
#59=ADVANCED_FACE('',(#249,#250,#251,#252,#253,#254,#255),#256,.T.);
#60=ADVANCED_FACE('',(#257),#258,.F.);
#61=ADVANCED_FACE('',(#259),#260,.F.);
#62=ADVANCED_FACE('',(#261),#262,.F.);
#63=ADVANCED_FACE('',(#263),#264,.F.);
#64=ADVANCED_FACE('',(#265),#266,.F.);
#65=ADVANCED_FACE('',(#267),#268,.F.);
#66=ADVANCED_FACE('',(#269),#270,.F.);
#67=ADVANCED_FACE('',(#271),#272,.T.);
#68=ADVANCED_FACE('',(#273),#274,.F.);
#69=ADVANCED_FACE('',(#275),#276,.F.);
#70=ADVANCED_FACE('',(#277),#278,.F.);
#71=ADVANCED_FACE('',(#279),#280,.T.);
#72=ADVANCED_FACE('',(#281),#282,.T.);
#73=ADVANCED_FACE('',(#283),#284,.T.);
#74=ADVANCED_FACE('',(#285),#286,.F.);
#75=ADVANCED_FACE('',(#287),#288,.F.);
#76=ADVANCED_FACE('',(#289),#290,.F.);
#77=ADVANCED_FACE('',(#291),#292,.F.);
#78=ADVANCED_FACE('',(#293),#294,.T.);
#79=ADVANCED_FACE('',(#295),#296,.F.);
#80=ADVANCED_FACE('',(#297),#298,.F.);
#81=ADVANCED_FACE('',(#299),#300,.T.);
#82=ADVANCED_FACE('',(#301),#302,.T.);
#83=ADVANCED_FACE('',(#303),#304,.T.);
#84=ADVANCED_FACE('',(#305),#306,.T.);
#85=ADVANCED_FACE('',(#307),#308,.T.);
#86=ADVANCED_FACE('',(#309),#310,.T.);
#87=ADVANCED_FACE('',(#311),#312,.T.);
#88=ADVANCED_FACE('',(#313),#314,.F.);
#89=ADVANCED_FACE('',(#315),#316,.F.);
#90=ADVANCED_FACE('',(#317),#318,.F.);
#91=ADVANCED_FACE('',(#319),#320,.F.);
#92=ADVANCED_FACE('',(#321),#322,.T.);
#93=ADVANCED_FACE('',(#323),#324,.T.);
#94=ADVANCED_FACE('',(#325),#326,.F.);
#95=ADVANCED_FACE('',(#327),#328,.T.);
#96=ADVANCED_FACE('',(#329),#330,.T.);
#97=ADVANCED_FACE('',(#331),#332,.F.);
#98=ADVANCED_FACE('',(#333),#334,.F.);
#99=ADVANCED_FACE('',(#335),#336,.F.);
#100=ADVANCED_FACE('',(#337),#338,.T.);
#101=ADVANCED_FACE('',(#339),#340,.T.);
#102=ADVANCED_FACE('',(#341),#342,.T.);
#103=ADVANCED_FACE('',(#343),#344,.T.);
#104=ADVANCED_FACE('',(#345),#346,.T.);
#105=ADVANCED_FACE('',(#347),#348,.T.);
#106=ADVANCED_FACE('',(#349),#350,.T.);
#107=ADVANCED_FACE('',(#351),#352,.T.);
#108=ADVANCED_FACE('',(#353),#354,.T.);
#109=ADVANCED_FACE('',(#355),#356,.T.);
#110=ADVANCED_FACE('',(#357),#358,.T.);
#111=ADVANCED_FACE('',(#359),#360,.T.);
#112=ADVANCED_FACE('',(#361),#362,.F.);
#113=ADVANCED_FACE('',(#363),#364,.F.);
#114=ADVANCED_FACE('',(#365),#366,.T.);
#115=ADVANCED_FACE('',(#367),#368,.T.);
#116=ADVANCED_FACE('',(#369),#370,.T.);
#117=ADVANCED_FACE('',(#371),#372,.T.);
#118=ADVANCED_FACE('',(#373),#374,.T.);
#119=ADVANCED_FACE('',(#375),#376,.T.);
#120=ADVANCED_FACE('',(#377),#378,.T.);
#121=ADVANCED_FACE('',(#379),#380,.T.);
#122=ADVANCED_FACE('',(#381),#382,.T.);
#123=ADVANCED_FACE('',(#383),#384,.T.);
#124=ADVANCED_FACE('',(#385),#386,.T.);
#125=ADVANCED_FACE('',(#387),#388,.T.);
#126=ADVANCED_FACE('',(#389),#390,.T.);
#127=ADVANCED_FACE('',(#391),#392,.T.);
#128=ADVANCED_FACE('',(#393),#394,.T.);
#129=ADVANCED_FACE('',(#395),#396,.T.);
#130=ADVANCED_FACE('',(#397),#398,.F.);
#131=ADVANCED_FACE('',(#399),#400,.T.);
#132=ADVANCED_FACE('',(#401),#402,.T.);
#133=ADVANCED_FACE('',(#403),#404,.T.);
#134=ADVANCED_FACE('',(#405),#406,.F.);
#135=ADVANCED_FACE('',(#407),#408,.F.);
#136=ADVANCED_FACE('',(#409),#410,.T.);
#137=ADVANCED_FACE('',(#411),#412,.T.);
#138=ADVANCED_FACE('',(#413),#414,.T.);
#139=ADVANCED_FACE('',(#415),#416,.T.);
#140=ADVANCED_FACE('',(#417),#418,.T.);
#141=ADVANCED_FACE('',(#419),#420,.T.);
#142=ADVANCED_FACE('',(#421),#422,.T.);
#143=ADVANCED_FACE('',(#423),#424,.T.);
#144=ADVANCED_FACE('',(#425),#426,.T.);
#145=ADVANCED_FACE('',(#427),#428,.T.);
#146=ADVANCED_FACE('',(#429),#430,.T.);
#147=ADVANCED_FACE('',(#431),#432,.T.);
#148=ADVANCED_FACE('',(#433),#434,.T.);
#149=ADVANCED_FACE('',(#435),#436,.F.);
#150=ADVANCED_FACE('',(#437),#438,.F.);
#151=ADVANCED_FACE('',(#439),#440,.T.);
#152=ADVANCED_FACE('',(#441),#442,.T.);
#153=ADVANCED_FACE('',(#443),#444,.T.);
#154=ADVANCED_FACE('',(#445),#446,.T.);
#155=ADVANCED_FACE('',(#447),#448,.T.);
#156=ADVANCED_FACE('',(#449),#450,.T.);
#157=ADVANCED_FACE('',(#451),#452,.T.);
#158=ADVANCED_FACE('',(#453),#454,.T.);
#159=ADVANCED_FACE('',(#455),#456,.T.);
#160=ADVANCED_FACE('',(#457),#458,.T.);
#161=ADVANCED_FACE('',(#459),#460,.T.);
#162=ADVANCED_FACE('',(#461),#462,.T.);
#163=ADVANCED_FACE('',(#463),#464,.T.);
#164=ADVANCED_FACE('',(#465),#466,.T.);
#165=ADVANCED_FACE('',(#467),#468,.T.);
#166=ADVANCED_FACE('',(#469),#470,.T.);
#167=ADVANCED_FACE('',(#471),#472,.T.);
#168=ADVANCED_FACE('',(#473),#474,.T.);
#169=ADVANCED_FACE('',(#475),#476,.T.);
#170=ADVANCED_FACE('',(#477),#478,.T.);
#171=ADVANCED_FACE('',(#479),#480,.T.);
#172=ADVANCED_FACE('',(#481),#482,.T.);
#173=ADVANCED_FACE('',(#483),#484,.T.);
#174=ADVANCED_FACE('',(#485),#486,.T.);
#175=ADVANCED_FACE('',(#487),#488,.T.);
#176=ADVANCED_FACE('',(#489),#490,.T.);
#177=ADVANCED_FACE('',(#491),#492,.F.);
#178=ADVANCED_FACE('',(#493),#494,.T.);
#179=ADVANCED_FACE('',(#495),#496,.F.);
#180=ADVANCED_FACE('',(#497),#498,.T.);
#181=ADVANCED_FACE('',(#499),#500,.F.);
#182=ADVANCED_FACE('',(#501),#502,.T.);
#183=ADVANCED_FACE('',(#503),#504,.F.);
#184=ADVANCED_FACE('',(#505),#506,.F.);
#185=ADVANCED_FACE('',(#507),#508,.T.);
#186=ADVANCED_FACE('',(#509),#510,.T.);
#187=ADVANCED_FACE('',(#511),#512,.T.);
#188=ADVANCED_FACE('',(#513),#514,.T.);
#189=ADVANCED_FACE('',(#515),#516,.T.);
#190=ADVANCED_FACE('',(#517),#518,.T.);
#191=ADVANCED_FACE('',(#519),#520,.F.);
#192=ADVANCED_FACE('',(#521),#522,.F.);
#193=ADVANCED_FACE('',(#523),#524,.T.);
#194=ADVANCED_FACE('',(#525),#526,.F.);
#195=ADVANCED_FACE('',(#527),#528,.F.);
#196=ADVANCED_FACE('',(#529),#530,.T.);
#197=ADVANCED_FACE('',(#531),#532,.T.);
#198=ADVANCED_FACE('',(#533),#534,.T.);
#199=ADVANCED_FACE('',(#535),#536,.T.);
#200=ADVANCED_FACE('',(#537),#538,.T.);
#201=ADVANCED_FACE('',(#539),#540,.T.);
#202=ADVANCED_FACE('',(#541),#542,.F.);
#203=ADVANCED_FACE('',(#543),#544,.F.);
#204=ADVANCED_FACE('',(#545),#546,.T.);
#205=ADVANCED_FACE('',(#547),#548,.F.);
#206=ADVANCED_FACE('',(#549),#550,.F.);
#207=ADVANCED_FACE('',(#551),#552,.T.);
#208=ADVANCED_FACE('',(#553),#554,.F.);
#209=ADVANCED_FACE('',(#555),#556,.T.);
#210=ADVANCED_FACE('',(#557),#558,.T.);
#211=ADVANCED_FACE('',(#559),#560,.T.);
#212=ADVANCED_FACE('',(#561),#562,.F.);
#213=ADVANCED_FACE('',(#563),#564,.F.);
#214=ADVANCED_FACE('',(#565),#566,.T.);
#215=ADVANCED_FACE('',(#567),#568,.T.);
#216=ADVANCED_FACE('',(#569),#570,.T.);
#217=ADVANCED_FACE('',(#571),#572,.T.);
#218=ADVANCED_FACE('',(#573),#574,.T.);
#219=ADVANCED_FACE('',(#575),#576,.T.);
#220=ADVANCED_FACE('',(#577),#578,.T.);
#222=FACE_OUTER_BOUND('',#579,.T.);
#223=FACE_BOUND('',#580,.T.);
#224=PLANE('',#581);
#225=FACE_OUTER_BOUND('',#582,.T.);
#226=PLANE('',#583);
#227=FACE_OUTER_BOUND('',#584,.T.);
#228=PLANE('',#585);
#229=FACE_OUTER_BOUND('',#586,.T.);
#230=PLANE('',#587);
#231=FACE_OUTER_BOUND('',#588,.T.);
#232=PLANE('',#589);
#233=FACE_OUTER_BOUND('',#590,.T.);
#234=PLANE('',#591);
#235=FACE_OUTER_BOUND('',#592,.T.);
#236=PLANE('',#593);
#237=FACE_OUTER_BOUND('',#594,.T.);
#238=PLANE('',#595);
#239=FACE_OUTER_BOUND('',#596,.T.);
#240=PLANE('',#597);
#241=FACE_OUTER_BOUND('',#598,.T.);
#242=PLANE('',#599);
#243=FACE_OUTER_BOUND('',#600,.T.);
#244=PLANE('',#601);
#245=FACE_OUTER_BOUND('',#602,.T.);
#246=PLANE('',#603);
#247=FACE_OUTER_BOUND('',#604,.T.);
#248=PLANE('',#605);
#249=FACE_OUTER_BOUND('',#606,.T.);
#250=FACE_BOUND('',#607,.T.);
#251=FACE_BOUND('',#608,.T.);
#252=FACE_BOUND('',#609,.T.);
#253=FACE_BOUND('',#610,.T.);
#254=FACE_BOUND('',#611,.T.);
#255=FACE_BOUND('',#612,.T.);
#256=PLANE('',#613);
#257=FACE_OUTER_BOUND('',#614,.T.);
#258=PLANE('',#615);
#259=FACE_OUTER_BOUND('',#616,.T.);
#260=PLANE('',#617);
#261=FACE_OUTER_BOUND('',#618,.T.);
#262=PLANE('',#619);
#263=FACE_OUTER_BOUND('',#620,.T.);
#264=PLANE('',#621);
#265=FACE_OUTER_BOUND('',#622,.T.);
#266=PLANE('',#623);
#267=FACE_OUTER_BOUND('',#624,.T.);
#268=PLANE('',#625);
#269=FACE_OUTER_BOUND('',#626,.T.);
#270=PLANE('',#627);
#271=FACE_OUTER_BOUND('',#628,.T.);
#272=PLANE('',#629);
#273=FACE_OUTER_BOUND('',#630,.T.);
#274=PLANE('',#631);
#275=FACE_OUTER_BOUND('',#632,.T.);
#276=PLANE('',#633);
#277=FACE_OUTER_BOUND('',#634,.T.);
#278=PLANE('',#635);
#279=FACE_OUTER_BOUND('',#636,.T.);
#280=PLANE('',#637);
#281=FACE_OUTER_BOUND('',#638,.T.);
#282=PLANE('',#639);
#283=FACE_OUTER_BOUND('',#640,.T.);
#284=PLANE('',#641);
#285=FACE_OUTER_BOUND('',#642,.T.);
#286=PLANE('',#643);
#287=FACE_OUTER_BOUND('',#644,.T.);
#288=PLANE('',#645);
#289=FACE_OUTER_BOUND('',#646,.T.);
#290=PLANE('',#647);
#291=FACE_OUTER_BOUND('',#648,.T.);
#292=PLANE('',#649);
#293=FACE_OUTER_BOUND('',#650,.T.);
#294=PLANE('',#651);
#295=FACE_OUTER_BOUND('',#652,.T.);
#296=CYLINDRICAL_SURFACE('',#653,1.016);
#297=FACE_OUTER_BOUND('',#654,.T.);
#298=PLANE('',#655);
#299=FACE_OUTER_BOUND('',#656,.T.);
#300=PLANE('',#657);
#301=FACE_OUTER_BOUND('',#658,.T.);
#302=PLANE('',#659);
#303=FACE_OUTER_BOUND('',#660,.T.);
#304=PLANE('',#661);
#305=FACE_OUTER_BOUND('',#662,.T.);
#306=PLANE('',#663);
#307=FACE_OUTER_BOUND('',#664,.T.);
#308=PLANE('',#665);
#309=FACE_OUTER_BOUND('',#666,.T.);
#310=PLANE('',#667);
#311=FACE_OUTER_BOUND('',#668,.T.);
#312=PLANE('',#669);
#313=FACE_OUTER_BOUND('',#670,.T.);
#314=PLANE('',#671);
#315=FACE_OUTER_BOUND('',#672,.T.);
#316=PLANE('',#673);
#317=FACE_OUTER_BOUND('',#674,.T.);
#318=CYLINDRICAL_SURFACE('',#675,1.016);
#319=FACE_OUTER_BOUND('',#676,.T.);
#320=PLANE('',#677);
#321=FACE_OUTER_BOUND('',#678,.T.);
#322=PLANE('',#679);
#323=FACE_OUTER_BOUND('',#680,.T.);
#324=PLANE('',#681);
#325=FACE_OUTER_BOUND('',#682,.T.);
#326=PLANE('',#683);
#327=FACE_OUTER_BOUND('',#684,.T.);
#328=PLANE('',#685);
#329=FACE_OUTER_BOUND('',#686,.T.);
#330=PLANE('',#687);
#331=FACE_OUTER_BOUND('',#688,.T.);
#332=PLANE('',#689);
#333=FACE_OUTER_BOUND('',#690,.T.);
#334=PLANE('',#691);
#335=FACE_OUTER_BOUND('',#692,.T.);
#336=PLANE('',#693);
#337=FACE_OUTER_BOUND('',#694,.T.);
#338=PLANE('',#695);
#339=FACE_OUTER_BOUND('',#696,.T.);
#340=PLANE('',#697);
#341=FACE_OUTER_BOUND('',#698,.T.);
#342=PLANE('',#699);
#343=FACE_OUTER_BOUND('',#700,.T.);
#344=PLANE('',#701);
#345=FACE_OUTER_BOUND('',#702,.T.);
#346=PLANE('',#703);
#347=FACE_OUTER_BOUND('',#704,.T.);
#348=PLANE('',#705);
#349=FACE_OUTER_BOUND('',#706,.T.);
#350=PLANE('',#707);
#351=FACE_OUTER_BOUND('',#708,.T.);
#352=PLANE('',#709);
#353=FACE_OUTER_BOUND('',#710,.T.);
#354=PLANE('',#711);
#355=FACE_OUTER_BOUND('',#712,.T.);
#356=PLANE('',#713);
#357=FACE_OUTER_BOUND('',#714,.T.);
#358=PLANE('',#715);
#359=FACE_OUTER_BOUND('',#716,.T.);
#360=PLANE('',#717);
#361=FACE_OUTER_BOUND('',#718,.T.);
#362=PLANE('',#719);
#363=FACE_OUTER_BOUND('',#720,.T.);
#364=PLANE('',#721);
#365=FACE_OUTER_BOUND('',#722,.T.);
#366=PLANE('',#723);
#367=FACE_OUTER_BOUND('',#724,.T.);
#368=PLANE('',#725);
#369=FACE_OUTER_BOUND('',#726,.T.);
#370=PLANE('',#727);
#371=FACE_OUTER_BOUND('',#728,.T.);
#372=PLANE('',#729);
#373=FACE_OUTER_BOUND('',#730,.T.);
#374=PLANE('',#731);
#375=FACE_OUTER_BOUND('',#732,.T.);
#376=PLANE('',#733);
#377=FACE_OUTER_BOUND('',#734,.T.);
#378=PLANE('',#735);
#379=FACE_OUTER_BOUND('',#736,.T.);
#380=PLANE('',#737);
#381=FACE_OUTER_BOUND('',#738,.T.);
#382=CYLINDRICAL_SURFACE('',#739,1.27);
#383=FACE_OUTER_BOUND('',#740,.T.);
#384=PLANE('',#741);
#385=FACE_OUTER_BOUND('',#742,.T.);
#386=PLANE('',#743);
#387=FACE_OUTER_BOUND('',#744,.T.);
#388=PLANE('',#745);
#389=FACE_OUTER_BOUND('',#746,.T.);
#390=PLANE('',#747);
#391=FACE_OUTER_BOUND('',#748,.T.);
#392=PLANE('',#749);
#393=FACE_OUTER_BOUND('',#750,.T.);
#394=PLANE('',#751);
#395=FACE_OUTER_BOUND('',#752,.T.);
#396=PLANE('',#753);
#397=FACE_OUTER_BOUND('',#754,.T.);
#398=CYLINDRICAL_SURFACE('',#755,0.635);
#399=FACE_OUTER_BOUND('',#756,.T.);
#400=PLANE('',#757);
#401=FACE_OUTER_BOUND('',#758,.T.);
#402=PLANE('',#759);
#403=FACE_OUTER_BOUND('',#760,.T.);
#404=PLANE('',#761);
#405=FACE_OUTER_BOUND('',#762,.T.);
#406=PLANE('',#763);
#407=FACE_OUTER_BOUND('',#764,.T.);
#408=PLANE('',#765);
#409=FACE_OUTER_BOUND('',#766,.T.);
#410=PLANE('',#767);
#411=FACE_OUTER_BOUND('',#768,.T.);
#412=PLANE('',#769);
#413=FACE_OUTER_BOUND('',#770,.T.);
#414=PLANE('',#771);
#415=FACE_OUTER_BOUND('',#772,.T.);
#416=PLANE('',#773);
#417=FACE_OUTER_BOUND('',#774,.T.);
#418=PLANE('',#775);
#419=FACE_OUTER_BOUND('',#776,.T.);
#420=PLANE('',#777);
#421=FACE_OUTER_BOUND('',#778,.T.);
#422=PLANE('',#779);
#423=FACE_OUTER_BOUND('',#780,.T.);
#424=PLANE('',#781);
#425=FACE_OUTER_BOUND('',#782,.T.);
#426=CYLINDRICAL_SURFACE('',#783,1.27);
#427=FACE_OUTER_BOUND('',#784,.T.);
#428=PLANE('',#785);
#429=FACE_OUTER_BOUND('',#786,.T.);
#430=PLANE('',#787);
#431=FACE_OUTER_BOUND('',#788,.T.);
#432=PLANE('',#789);
#433=FACE_OUTER_BOUND('',#790,.T.);
#434=PLANE('',#791);
#435=FACE_OUTER_BOUND('',#792,.T.);
#436=PLANE('',#793);
#437=FACE_OUTER_BOUND('',#794,.T.);
#438=PLANE('',#795);
#439=FACE_OUTER_BOUND('',#796,.T.);
#440=PLANE('',#797);
#441=FACE_OUTER_BOUND('',#798,.T.);
#442=PLANE('',#799);
#443=FACE_OUTER_BOUND('',#800,.T.);
#444=PLANE('',#801);
#445=FACE_OUTER_BOUND('',#802,.T.);
#446=PLANE('',#803);
#447=FACE_OUTER_BOUND('',#804,.T.);
#448=PLANE('',#805);
#449=FACE_OUTER_BOUND('',#806,.T.);
#450=PLANE('',#807);
#451=FACE_OUTER_BOUND('',#808,.T.);
#452=PLANE('',#809);
#453=FACE_OUTER_BOUND('',#810,.T.);
#454=PLANE('',#811);
#455=FACE_OUTER_BOUND('',#812,.T.);
#456=CYLINDRICAL_SURFACE('',#813,1.27);
#457=FACE_OUTER_BOUND('',#814,.T.);
#458=PLANE('',#815);
#459=FACE_OUTER_BOUND('',#816,.T.);
#460=PLANE('',#817);
#461=FACE_OUTER_BOUND('',#818,.T.);
#462=PLANE('',#819);
#463=FACE_OUTER_BOUND('',#820,.T.);
#464=PLANE('',#821);
#465=FACE_OUTER_BOUND('',#822,.T.);
#466=CYLINDRICAL_SURFACE('',#823,1.27);
#467=FACE_OUTER_BOUND('',#824,.T.);
#468=PLANE('',#825);
#469=FACE_OUTER_BOUND('',#826,.T.);
#470=PLANE('',#827);
#471=FACE_OUTER_BOUND('',#828,.T.);
#472=PLANE('',#829);
#473=FACE_OUTER_BOUND('',#830,.T.);
#474=PLANE('',#831);
#475=FACE_OUTER_BOUND('',#832,.T.);
#476=PLANE('',#833);
#477=FACE_OUTER_BOUND('',#834,.T.);
#478=PLANE('',#835);
#479=FACE_OUTER_BOUND('',#836,.T.);
#480=CYLINDRICAL_SURFACE('',#837,1.27);
#481=FACE_OUTER_BOUND('',#838,.T.);
#482=PLANE('',#839);
#483=FACE_OUTER_BOUND('',#840,.T.);
#484=PLANE('',#841);
#485=FACE_OUTER_BOUND('',#842,.T.);
#486=PLANE('',#843);
#487=FACE_OUTER_BOUND('',#844,.T.);
#488=PLANE('',#845);
#489=FACE_OUTER_BOUND('',#846,.T.);
#490=PLANE('',#847);
#491=FACE_OUTER_BOUND('',#848,.T.);
#492=PLANE('',#849);
#493=FACE_OUTER_BOUND('',#850,.T.);
#494=PLANE('',#851);
#495=FACE_OUTER_BOUND('',#852,.T.);
#496=CYLINDRICAL_SURFACE('',#853,0.635);
#497=FACE_OUTER_BOUND('',#854,.T.);
#498=PLANE('',#855);
#499=FACE_OUTER_BOUND('',#856,.T.);
#500=CYLINDRICAL_SURFACE('',#857,0.635);
#501=FACE_OUTER_BOUND('',#858,.T.);
#502=PLANE('',#859);
#503=FACE_OUTER_BOUND('',#860,.T.);
#504=PLANE('',#861);
#505=FACE_OUTER_BOUND('',#862,.T.);
#506=PLANE('',#863);
#507=FACE_OUTER_BOUND('',#864,.T.);
#508=PLANE('',#865);
#509=FACE_OUTER_BOUND('',#866,.T.);
#510=PLANE('',#867);
#511=FACE_OUTER_BOUND('',#868,.T.);
#512=PLANE('',#869);
#513=FACE_OUTER_BOUND('',#870,.T.);
#514=PLANE('',#871);
#515=FACE_OUTER_BOUND('',#872,.T.);
#516=PLANE('',#873);
#517=FACE_OUTER_BOUND('',#874,.T.);
#518=PLANE('',#875);
#519=FACE_OUTER_BOUND('',#876,.T.);
#520=PLANE('',#877);
#521=FACE_OUTER_BOUND('',#878,.T.);
#522=CYLINDRICAL_SURFACE('',#879,0.635);
#523=FACE_OUTER_BOUND('',#880,.T.);
#524=PLANE('',#881);
#525=FACE_OUTER_BOUND('',#882,.T.);
#526=PLANE('',#883);
#527=FACE_OUTER_BOUND('',#884,.T.);
#528=PLANE('',#885);
#529=FACE_OUTER_BOUND('',#886,.T.);
#530=PLANE('',#887);
#531=FACE_OUTER_BOUND('',#888,.T.);
#532=PLANE('',#889);
#533=FACE_OUTER_BOUND('',#890,.T.);
#534=PLANE('',#891);
#535=FACE_OUTER_BOUND('',#892,.T.);
#536=PLANE('',#893);
#537=FACE_OUTER_BOUND('',#894,.T.);
#538=PLANE('',#895);
#539=FACE_OUTER_BOUND('',#896,.T.);
#540=PLANE('',#897);
#541=FACE_OUTER_BOUND('',#898,.T.);
#542=PLANE('',#899);
#543=FACE_OUTER_BOUND('',#900,.T.);
#544=CYLINDRICAL_SURFACE('',#901,0.635);
#545=FACE_OUTER_BOUND('',#902,.T.);
#546=PLANE('',#903);
#547=FACE_OUTER_BOUND('',#904,.T.);
#548=PLANE('',#905);
#549=FACE_OUTER_BOUND('',#906,.T.);
#550=CYLINDRICAL_SURFACE('',#907,0.635);
#551=FACE_OUTER_BOUND('',#908,.T.);
#552=PLANE('',#909);
#553=FACE_OUTER_BOUND('',#910,.T.);
#554=PLANE('',#911);
#555=FACE_OUTER_BOUND('',#912,.T.);
#556=PLANE('',#913);
#557=FACE_OUTER_BOUND('',#914,.T.);
#558=CYLINDRICAL_SURFACE('',#915,1.27);
#559=FACE_OUTER_BOUND('',#916,.T.);
#560=PLANE('',#917);
#561=FACE_OUTER_BOUND('',#918,.T.);
#562=PLANE('',#919);
#563=FACE_OUTER_BOUND('',#920,.T.);
#564=PLANE('',#921);
#565=FACE_OUTER_BOUND('',#922,.T.);
#566=PLANE('',#923);
#567=FACE_OUTER_BOUND('',#924,.T.);
#568=PLANE('',#925);
#569=FACE_OUTER_BOUND('',#926,.T.);
#570=PLANE('',#927);
#571=FACE_OUTER_BOUND('',#928,.T.);
#572=PLANE('',#929);
#573=FACE_OUTER_BOUND('',#930,.T.);
#574=PLANE('',#931);
#575=FACE_OUTER_BOUND('',#932,.T.);
#576=PLANE('',#933);
#577=FACE_OUTER_BOUND('',#934,.T.);
#578=PLANE('',#935);
#579=EDGE_LOOP('',(#936,#937,#938,#939,#940,#941,#942,#943,#944,#945));
#580=EDGE_LOOP('',(#946,#947,#948,#949));
#581=AXIS2_PLACEMENT_3D('',#950,#951,#952);
#582=EDGE_LOOP('',(#953,#954,#955,#956));
#583=AXIS2_PLACEMENT_3D('',#957,#958,#959);
#584=EDGE_LOOP('',(#960,#961,#962,#963));
#585=AXIS2_PLACEMENT_3D('',#964,#965,#966);
#586=EDGE_LOOP('',(#967,#968,#969,#970,#971,#972,#973,#974,#975,#976,#977,#978));
#587=AXIS2_PLACEMENT_3D('',#979,#980,#981);
#588=EDGE_LOOP('',(#982,#983,#984,#985));
#589=AXIS2_PLACEMENT_3D('',#986,#987,#988);
#590=EDGE_LOOP('',(#989,#990,#991,#992));
#591=AXIS2_PLACEMENT_3D('',#993,#994,#995);
#592=EDGE_LOOP('',(#996,#997,#998,#999));
#593=AXIS2_PLACEMENT_3D('',#1000,#1001,#1002);
#594=EDGE_LOOP('',(#1003,#1004,#1005,#1006,#1007,#1008,#1009,#1010,#1011,#1012,#1013,#1014,#1015,#1016,#1017,#1018,#1019,#1020,#1021,#1022,#1023,#1024,#1025,#1026,#1027,#1028));
#595=AXIS2_PLACEMENT_3D('',#1029,#1030,#1031);
#596=EDGE_LOOP('',(#1032,#1033,#1034,#1035,#1036));
#597=AXIS2_PLACEMENT_3D('',#1037,#1038,#1039);
#598=EDGE_LOOP('',(#1040,#1041,#1042,#1043));
#599=AXIS2_PLACEMENT_3D('',#1044,#1045,#1046);
#600=EDGE_LOOP('',(#1047,#1048,#1049,#1050));
#601=AXIS2_PLACEMENT_3D('',#1051,#1052,#1053);
#602=EDGE_LOOP('',(#1054,#1055,#1056,#1057));
#603=AXIS2_PLACEMENT_3D('',#1058,#1059,#1060);
#604=EDGE_LOOP('',(#1061,#1062,#1063,#1064,#1065));
#605=AXIS2_PLACEMENT_3D('',#1066,#1067,#1068);
#606=EDGE_LOOP('',(#1069,#1070,#1071,#1072,#1073,#1074,#1075,#1076,#1077,#1078,#1079,#1080,#1081,#1082,#1083,#1084));
#607=EDGE_LOOP('',(#1085,#1086,#1087,#1088));
#608=EDGE_LOOP('',(#1089,#1090,#1091,#1092));
#609=EDGE_LOOP('',(#1093,#1094,#1095,#1096));
#610=EDGE_LOOP('',(#1097,#1098,#1099,#1100));
#611=EDGE_LOOP('',(#1101,#1102,#1103,#1104));
#612=EDGE_LOOP('',(#1105,#1106,#1107,#1108));
#613=AXIS2_PLACEMENT_3D('',#1109,#1110,#1111);
#614=EDGE_LOOP('',(#1112,#1113,#1114,#1115));
#615=AXIS2_PLACEMENT_3D('',#1116,#1117,#1118);
#616=EDGE_LOOP('',(#1119,#1120,#1121,#1122));
#617=AXIS2_PLACEMENT_3D('',#1123,#1124,#1125);
#618=EDGE_LOOP('',(#1126,#1127,#1128,#1129));
#619=AXIS2_PLACEMENT_3D('',#1130,#1131,#1132);
#620=EDGE_LOOP('',(#1133,#1134,#1135,#1136,#1137));
#621=AXIS2_PLACEMENT_3D('',#1138,#1139,#1140);
#622=EDGE_LOOP('',(#1141,#1142,#1143,#1144));
#623=AXIS2_PLACEMENT_3D('',#1145,#1146,#1147);
#624=EDGE_LOOP('',(#1148,#1149,#1150,#1151,#1152,#1153));
#625=AXIS2_PLACEMENT_3D('',#1154,#1155,#1156);
#626=EDGE_LOOP('',(#1157,#1158,#1159,#1160,#1161));
#627=AXIS2_PLACEMENT_3D('',#1162,#1163,#1164);
#628=EDGE_LOOP('',(#1165,#1166,#1167,#1168,#1169,#1170,#1171,#1172,#1173,#1174,#1175,#1176,#1177,#1178));
#629=AXIS2_PLACEMENT_3D('',#1179,#1180,#1181);
#630=EDGE_LOOP('',(#1182,#1183,#1184,#1185,#1186));
#631=AXIS2_PLACEMENT_3D('',#1187,#1188,#1189);
#632=EDGE_LOOP('',(#1190,#1191,#1192,#1193,#1194,#1195));
#633=AXIS2_PLACEMENT_3D('',#1196,#1197,#1198);
#634=EDGE_LOOP('',(#1199,#1200,#1201,#1202,#1203,#1204));
#635=AXIS2_PLACEMENT_3D('',#1205,#1206,#1207);
#636=EDGE_LOOP('',(#1208,#1209,#1210,#1211));
#637=AXIS2_PLACEMENT_3D('',#1212,#1213,#1214);
#638=EDGE_LOOP('',(#1215,#1216,#1217,#1218));
#639=AXIS2_PLACEMENT_3D('',#1219,#1220,#1221);
#640=EDGE_LOOP('',(#1222,#1223,#1224,#1225));
#641=AXIS2_PLACEMENT_3D('',#1226,#1227,#1228);
#642=EDGE_LOOP('',(#1229,#1230,#1231,#1232,#1233,#1234));
#643=AXIS2_PLACEMENT_3D('',#1235,#1236,#1237);
#644=EDGE_LOOP('',(#1238,#1239,#1240,#1241,#1242,#1243));
#645=AXIS2_PLACEMENT_3D('',#1244,#1245,#1246);
#646=EDGE_LOOP('',(#1247,#1248,#1249,#1250,#1251,#1252));
#647=AXIS2_PLACEMENT_3D('',#1253,#1254,#1255);
#648=EDGE_LOOP('',(#1256,#1257,#1258,#1259));
#649=AXIS2_PLACEMENT_3D('',#1260,#1261,#1262);
#650=EDGE_LOOP('',(#1263,#1264,#1265,#1266,#1267,#1268,#1269,#1270,#1271,#1272));
#651=AXIS2_PLACEMENT_3D('',#1273,#1274,#1275);
#652=EDGE_LOOP('',(#1276,#1277,#1278,#1279));
#653=AXIS2_PLACEMENT_3D('',#1280,#1281,#1282);
#654=EDGE_LOOP('',(#1283,#1284,#1285,#1286,#1287,#1288,#1289,#1290,#1291,#1292));
#655=AXIS2_PLACEMENT_3D('',#1293,#1294,#1295);
#656=EDGE_LOOP('',(#1296,#1297,#1298,#1299));
#657=AXIS2_PLACEMENT_3D('',#1300,#1301,#1302);
#658=EDGE_LOOP('',(#1303,#1304,#1305,#1306));
#659=AXIS2_PLACEMENT_3D('',#1307,#1308,#1309);
#660=EDGE_LOOP('',(#1310,#1311,#1312,#1313));
#661=AXIS2_PLACEMENT_3D('',#1314,#1315,#1316);
#662=EDGE_LOOP('',(#1317,#1318,#1319,#1320));
#663=AXIS2_PLACEMENT_3D('',#1321,#1322,#1323);
#664=EDGE_LOOP('',(#1324,#1325,#1326,#1327));
#665=AXIS2_PLACEMENT_3D('',#1328,#1329,#1330);
#666=EDGE_LOOP('',(#1331,#1332,#1333,#1334));
#667=AXIS2_PLACEMENT_3D('',#1335,#1336,#1337);
#668=EDGE_LOOP('',(#1338,#1339,#1340,#1341));
#669=AXIS2_PLACEMENT_3D('',#1342,#1343,#1344);
#670=EDGE_LOOP('',(#1345,#1346,#1347,#1348));
#671=AXIS2_PLACEMENT_3D('',#1349,#1350,#1351);
#672=EDGE_LOOP('',(#1352,#1353,#1354,#1355));
#673=AXIS2_PLACEMENT_3D('',#1356,#1357,#1358);
#674=EDGE_LOOP('',(#1359,#1360,#1361,#1362));
#675=AXIS2_PLACEMENT_3D('',#1363,#1364,#1365);
#676=EDGE_LOOP('',(#1366,#1367,#1368,#1369));
#677=AXIS2_PLACEMENT_3D('',#1370,#1371,#1372);
#678=EDGE_LOOP('',(#1373,#1374,#1375,#1376));
#679=AXIS2_PLACEMENT_3D('',#1377,#1378,#1379);
#680=EDGE_LOOP('',(#1380,#1381,#1382,#1383));
#681=AXIS2_PLACEMENT_3D('',#1384,#1385,#1386);
#682=EDGE_LOOP('',(#1387,#1388,#1389,#1390));
#683=AXIS2_PLACEMENT_3D('',#1391,#1392,#1393);
#684=EDGE_LOOP('',(#1394,#1395,#1396,#1397));
#685=AXIS2_PLACEMENT_3D('',#1398,#1399,#1400);
#686=EDGE_LOOP('',(#1401,#1402,#1403,#1404));
#687=AXIS2_PLACEMENT_3D('',#1405,#1406,#1407);
#688=EDGE_LOOP('',(#1408,#1409,#1410,#1411,#1412));
#689=AXIS2_PLACEMENT_3D('',#1413,#1414,#1415);
#690=EDGE_LOOP('',(#1416,#1417,#1418,#1419));
#691=AXIS2_PLACEMENT_3D('',#1420,#1421,#1422);
#692=EDGE_LOOP('',(#1423,#1424,#1425,#1426));
#693=AXIS2_PLACEMENT_3D('',#1427,#1428,#1429);
#694=EDGE_LOOP('',(#1430,#1431,#1432,#1433));
#695=AXIS2_PLACEMENT_3D('',#1434,#1435,#1436);
#696=EDGE_LOOP('',(#1437,#1438,#1439,#1440));
#697=AXIS2_PLACEMENT_3D('',#1441,#1442,#1443);
#698=EDGE_LOOP('',(#1444,#1445,#1446,#1447));
#699=AXIS2_PLACEMENT_3D('',#1448,#1449,#1450);
#700=EDGE_LOOP('',(#1451,#1452,#1453,#1454));
#701=AXIS2_PLACEMENT_3D('',#1455,#1456,#1457);
#702=EDGE_LOOP('',(#1458,#1459,#1460,#1461));
#703=AXIS2_PLACEMENT_3D('',#1462,#1463,#1464);
#704=EDGE_LOOP('',(#1465,#1466,#1467,#1468,#1469,#1470));
#705=AXIS2_PLACEMENT_3D('',#1471,#1472,#1473);
#706=EDGE_LOOP('',(#1474,#1475,#1476,#1477,#1478,#1479));
#707=AXIS2_PLACEMENT_3D('',#1480,#1481,#1482);
#708=EDGE_LOOP('',(#1483,#1484,#1485,#1486));
#709=AXIS2_PLACEMENT_3D('',#1487,#1488,#1489);
#710=EDGE_LOOP('',(#1490,#1491,#1492,#1493,#1494,#1495));
#711=AXIS2_PLACEMENT_3D('',#1496,#1497,#1498);
#712=EDGE_LOOP('',(#1499,#1500,#1501,#1502,#1503,#1504));
#713=AXIS2_PLACEMENT_3D('',#1505,#1506,#1507);
#714=EDGE_LOOP('',(#1508,#1509,#1510,#1511));
#715=AXIS2_PLACEMENT_3D('',#1512,#1513,#1514);
#716=EDGE_LOOP('',(#1515,#1516,#1517,#1518,#1519,#1520,#1521,#1522,#1523,#1524,#1525,#1526,#1527,#1528,#1529,#1530,#1531,#1532,#1533,#1534,#1535,#1536,#1537,#1538,#1539,#1540,#1541,#1542,#1543,#1544,#1545,#1546,#1547,#1548,#1549,#1550,#1551,#1552,#1553,#1554,#1555,#1556,#1557,#1558,#1559,#1560,#1561,#1562,#1563,#1564,#1565,#1566));
#717=AXIS2_PLACEMENT_3D('',#1567,#1568,#1569);
#718=EDGE_LOOP('',(#1570,#1571,#1572,#1573));
#719=AXIS2_PLACEMENT_3D('',#1574,#1575,#1576);
#720=EDGE_LOOP('',(#1577,#1578,#1579,#1580));
#721=AXIS2_PLACEMENT_3D('',#1581,#1582,#1583);
#722=EDGE_LOOP('',(#1584,#1585,#1586,#1587));
#723=AXIS2_PLACEMENT_3D('',#1588,#1589,#1590);
#724=EDGE_LOOP('',(#1591,#1592,#1593,#1594));
#725=AXIS2_PLACEMENT_3D('',#1595,#1596,#1597);
#726=EDGE_LOOP('',(#1598,#1599,#1600,#1601));
#727=AXIS2_PLACEMENT_3D('',#1602,#1603,#1604);
#728=EDGE_LOOP('',(#1605,#1606,#1607,#1608));
#729=AXIS2_PLACEMENT_3D('',#1609,#1610,#1611);
#730=EDGE_LOOP('',(#1612,#1613,#1614,#1615));
#731=AXIS2_PLACEMENT_3D('',#1616,#1617,#1618);
#732=EDGE_LOOP('',(#1619,#1620,#1621,#1622,#1623,#1624));
#733=AXIS2_PLACEMENT_3D('',#1625,#1626,#1627);
#734=EDGE_LOOP('',(#1628,#1629,#1630,#1631,#1632,#1633));
#735=AXIS2_PLACEMENT_3D('',#1634,#1635,#1636);
#736=EDGE_LOOP('',(#1637,#1638,#1639,#1640));
#737=AXIS2_PLACEMENT_3D('',#1641,#1642,#1643);
#738=EDGE_LOOP('',(#1644,#1645,#1646,#1647));
#739=AXIS2_PLACEMENT_3D('',#1648,#1649,#1650);
#740=EDGE_LOOP('',(#1651,#1652,#1653,#1654));
#741=AXIS2_PLACEMENT_3D('',#1655,#1656,#1657);
#742=EDGE_LOOP('',(#1658,#1659,#1660,#1661));
#743=AXIS2_PLACEMENT_3D('',#1662,#1663,#1664);
#744=EDGE_LOOP('',(#1665,#1666,#1667,#1668));
#745=AXIS2_PLACEMENT_3D('',#1669,#1670,#1671);
#746=EDGE_LOOP('',(#1672,#1673,#1674,#1675));
#747=AXIS2_PLACEMENT_3D('',#1676,#1677,#1678);
#748=EDGE_LOOP('',(#1679,#1680,#1681,#1682));
#749=AXIS2_PLACEMENT_3D('',#1683,#1684,#1685);
#750=EDGE_LOOP('',(#1686,#1687,#1688,#1689,#1690,#1691,#1692,#1693,#1694,#1695,#1696,#1697,#1698,#1699,#1700,#1701,#1702,#1703,#1704,#1705,#1706,#1707,#1708,#1709,#1710,#1711,#1712,#1713));
#751=AXIS2_PLACEMENT_3D('',#1714,#1715,#1716);
#752=EDGE_LOOP('',(#1717,#1718,#1719,#1720));
#753=AXIS2_PLACEMENT_3D('',#1721,#1722,#1723);
#754=EDGE_LOOP('',(#1724,#1725,#1726,#1727));
#755=AXIS2_PLACEMENT_3D('',#1728,#1729,#1730);
#756=EDGE_LOOP('',(#1731,#1732,#1733,#1734,#1735,#1736));
#757=AXIS2_PLACEMENT_3D('',#1737,#1738,#1739);
#758=EDGE_LOOP('',(#1740,#1741,#1742,#1743));
#759=AXIS2_PLACEMENT_3D('',#1744,#1745,#1746);
#760=EDGE_LOOP('',(#1747,#1748,#1749,#1750,#1751,#1752));
#761=AXIS2_PLACEMENT_3D('',#1753,#1754,#1755);
#762=EDGE_LOOP('',(#1756,#1757,#1758,#1759));
#763=AXIS2_PLACEMENT_3D('',#1760,#1761,#1762);
#764=EDGE_LOOP('',(#1763,#1764,#1765,#1766));
#765=AXIS2_PLACEMENT_3D('',#1767,#1768,#1769);
#766=EDGE_LOOP('',(#1770,#1771,#1772,#1773));
#767=AXIS2_PLACEMENT_3D('',#1774,#1775,#1776);
#768=EDGE_LOOP('',(#1777,#1778,#1779,#1780));
#769=AXIS2_PLACEMENT_3D('',#1781,#1782,#1783);
#770=EDGE_LOOP('',(#1784,#1785,#1786,#1787));
#771=AXIS2_PLACEMENT_3D('',#1788,#1789,#1790);
#772=EDGE_LOOP('',(#1791,#1792,#1793,#1794));
#773=AXIS2_PLACEMENT_3D('',#1795,#1796,#1797);
#774=EDGE_LOOP('',(#1798,#1799,#1800,#1801));
#775=AXIS2_PLACEMENT_3D('',#1802,#1803,#1804);
#776=EDGE_LOOP('',(#1805,#1806,#1807,#1808,#1809,#1810));
#777=AXIS2_PLACEMENT_3D('',#1811,#1812,#1813);
#778=EDGE_LOOP('',(#1814,#1815,#1816,#1817,#1818,#1819));
#779=AXIS2_PLACEMENT_3D('',#1820,#1821,#1822);
#780=EDGE_LOOP('',(#1823,#1824,#1825,#1826));
#781=AXIS2_PLACEMENT_3D('',#1827,#1828,#1829);
#782=EDGE_LOOP('',(#1830,#1831,#1832,#1833));
#783=AXIS2_PLACEMENT_3D('',#1834,#1835,#1836);
#784=EDGE_LOOP('',(#1837,#1838,#1839,#1840));
#785=AXIS2_PLACEMENT_3D('',#1841,#1842,#1843);
#786=EDGE_LOOP('',(#1844,#1845,#1846,#1847,#1848,#1849));
#787=AXIS2_PLACEMENT_3D('',#1850,#1851,#1852);
#788=EDGE_LOOP('',(#1853,#1854,#1855,#1856));
#789=AXIS2_PLACEMENT_3D('',#1857,#1858,#1859);
#790=EDGE_LOOP('',(#1860,#1861,#1862,#1863,#1864,#1865));
#791=AXIS2_PLACEMENT_3D('',#1866,#1867,#1868);
#792=EDGE_LOOP('',(#1869,#1870,#1871,#1872));
#793=AXIS2_PLACEMENT_3D('',#1873,#1874,#1875);
#794=EDGE_LOOP('',(#1876,#1877,#1878,#1879));
#795=AXIS2_PLACEMENT_3D('',#1880,#1881,#1882);
#796=EDGE_LOOP('',(#1883,#1884,#1885,#1886));
#797=AXIS2_PLACEMENT_3D('',#1887,#1888,#1889);
#798=EDGE_LOOP('',(#1890,#1891,#1892,#1893));
#799=AXIS2_PLACEMENT_3D('',#1894,#1895,#1896);
#800=EDGE_LOOP('',(#1897,#1898,#1899,#1900));
#801=AXIS2_PLACEMENT_3D('',#1901,#1902,#1903);
#802=EDGE_LOOP('',(#1904,#1905,#1906,#1907));
#803=AXIS2_PLACEMENT_3D('',#1908,#1909,#1910);
#804=EDGE_LOOP('',(#1911,#1912,#1913,#1914));
#805=AXIS2_PLACEMENT_3D('',#1915,#1916,#1917);
#806=EDGE_LOOP('',(#1918,#1919,#1920,#1921,#1922,#1923));
#807=AXIS2_PLACEMENT_3D('',#1924,#1925,#1926);
#808=EDGE_LOOP('',(#1927,#1928,#1929,#1930,#1931,#1932));
#809=AXIS2_PLACEMENT_3D('',#1933,#1934,#1935);
#810=EDGE_LOOP('',(#1936,#1937,#1938,#1939));
#811=AXIS2_PLACEMENT_3D('',#1940,#1941,#1942);
#812=EDGE_LOOP('',(#1943,#1944,#1945,#1946));
#813=AXIS2_PLACEMENT_3D('',#1947,#1948,#1949);
#814=EDGE_LOOP('',(#1950,#1951,#1952,#1953));
#815=AXIS2_PLACEMENT_3D('',#1954,#1955,#1956);
#816=EDGE_LOOP('',(#1957,#1958,#1959,#1960,#1961,#1962));
#817=AXIS2_PLACEMENT_3D('',#1963,#1964,#1965);
#818=EDGE_LOOP('',(#1966,#1967,#1968,#1969));
#819=AXIS2_PLACEMENT_3D('',#1970,#1971,#1972);
#820=EDGE_LOOP('',(#1973,#1974,#1975,#1976,#1977,#1978));
#821=AXIS2_PLACEMENT_3D('',#1979,#1980,#1981);
#822=EDGE_LOOP('',(#1982,#1983,#1984,#1985));
#823=AXIS2_PLACEMENT_3D('',#1986,#1987,#1988);
#824=EDGE_LOOP('',(#1989,#1990,#1991,#1992,#1993,#1994));
#825=AXIS2_PLACEMENT_3D('',#1995,#1996,#1997);
#826=EDGE_LOOP('',(#1998,#1999,#2000,#2001));
#827=AXIS2_PLACEMENT_3D('',#2002,#2003,#2004);
#828=EDGE_LOOP('',(#2005,#2006,#2007,#2008));
#829=AXIS2_PLACEMENT_3D('',#2009,#2010,#2011);
#830=EDGE_LOOP('',(#2012,#2013,#2014,#2015,#2016,#2017));
#831=AXIS2_PLACEMENT_3D('',#2018,#2019,#2020);
#832=EDGE_LOOP('',(#2021,#2022,#2023,#2024));
#833=AXIS2_PLACEMENT_3D('',#2025,#2026,#2027);
#834=EDGE_LOOP('',(#2028,#2029,#2030,#2031,#2032,#2033));
#835=AXIS2_PLACEMENT_3D('',#2034,#2035,#2036);
#836=EDGE_LOOP('',(#2037,#2038,#2039,#2040));
#837=AXIS2_PLACEMENT_3D('',#2041,#2042,#2043);
#838=EDGE_LOOP('',(#2044,#2045,#2046,#2047,#2048,#2049));
#839=AXIS2_PLACEMENT_3D('',#2050,#2051,#2052);
#840=EDGE_LOOP('',(#2053,#2054,#2055,#2056));
#841=AXIS2_PLACEMENT_3D('',#2057,#2058,#2059);
#842=EDGE_LOOP('',(#2060,#2061,#2062,#2063));
#843=AXIS2_PLACEMENT_3D('',#2064,#2065,#2066);
#844=EDGE_LOOP('',(#2067,#2068,#2069,#2070,#2071,#2072));
#845=AXIS2_PLACEMENT_3D('',#2073,#2074,#2075);
#846=EDGE_LOOP('',(#2076,#2077,#2078,#2079));
#847=AXIS2_PLACEMENT_3D('',#2080,#2081,#2082);
#848=EDGE_LOOP('',(#2083,#2084,#2085,#2086));
#849=AXIS2_PLACEMENT_3D('',#2087,#2088,#2089);
#850=EDGE_LOOP('',(#2090,#2091,#2092,#2093,#2094,#2095));
#851=AXIS2_PLACEMENT_3D('',#2096,#2097,#2098);
#852=EDGE_LOOP('',(#2099,#2100,#2101,#2102));
#853=AXIS2_PLACEMENT_3D('',#2103,#2104,#2105);
#854=EDGE_LOOP('',(#2106,#2107,#2108,#2109));
#855=AXIS2_PLACEMENT_3D('',#2110,#2111,#2112);
#856=EDGE_LOOP('',(#2113,#2114,#2115,#2116));
#857=AXIS2_PLACEMENT_3D('',#2117,#2118,#2119);
#858=EDGE_LOOP('',(#2120,#2121,#2122,#2123,#2124,#2125));
#859=AXIS2_PLACEMENT_3D('',#2126,#2127,#2128);
#860=EDGE_LOOP('',(#2129,#2130,#2131,#2132));
#861=AXIS2_PLACEMENT_3D('',#2133,#2134,#2135);
#862=EDGE_LOOP('',(#2136,#2137,#2138,#2139));
#863=AXIS2_PLACEMENT_3D('',#2140,#2141,#2142);
#864=EDGE_LOOP('',(#2143,#2144,#2145,#2146));
#865=AXIS2_PLACEMENT_3D('',#2147,#2148,#2149);
#866=EDGE_LOOP('',(#2150,#2151,#2152,#2153));
#867=AXIS2_PLACEMENT_3D('',#2154,#2155,#2156);
#868=EDGE_LOOP('',(#2157,#2158,#2159,#2160));
#869=AXIS2_PLACEMENT_3D('',#2161,#2162,#2163);
#870=EDGE_LOOP('',(#2164,#2165,#2166,#2167));
#871=AXIS2_PLACEMENT_3D('',#2168,#2169,#2170);
#872=EDGE_LOOP('',(#2171,#2172,#2173,#2174));
#873=AXIS2_PLACEMENT_3D('',#2175,#2176,#2177);
#874=EDGE_LOOP('',(#2178,#2179,#2180,#2181));
#875=AXIS2_PLACEMENT_3D('',#2182,#2183,#2184);
#876=EDGE_LOOP('',(#2185,#2186,#2187,#2188));
#877=AXIS2_PLACEMENT_3D('',#2189,#2190,#2191);
#878=EDGE_LOOP('',(#2192,#2193,#2194,#2195));
#879=AXIS2_PLACEMENT_3D('',#2196,#2197,#2198);
#880=EDGE_LOOP('',(#2199,#2200,#2201,#2202,#2203,#2204));
#881=AXIS2_PLACEMENT_3D('',#2205,#2206,#2207);
#882=EDGE_LOOP('',(#2208,#2209,#2210,#2211));
#883=AXIS2_PLACEMENT_3D('',#2212,#2213,#2214);
#884=EDGE_LOOP('',(#2215,#2216,#2217,#2218));
#885=AXIS2_PLACEMENT_3D('',#2219,#2220,#2221);
#886=EDGE_LOOP('',(#2222,#2223,#2224,#2225));
#887=AXIS2_PLACEMENT_3D('',#2226,#2227,#2228);
#888=EDGE_LOOP('',(#2229,#2230,#2231,#2232));
#889=AXIS2_PLACEMENT_3D('',#2233,#2234,#2235);
#890=EDGE_LOOP('',(#2236,#2237,#2238,#2239));
#891=AXIS2_PLACEMENT_3D('',#2240,#2241,#2242);
#892=EDGE_LOOP('',(#2243,#2244,#2245,#2246));
#893=AXIS2_PLACEMENT_3D('',#2247,#2248,#2249);
#894=EDGE_LOOP('',(#2250,#2251,#2252,#2253));
#895=AXIS2_PLACEMENT_3D('',#2254,#2255,#2256);
#896=EDGE_LOOP('',(#2257,#2258,#2259,#2260));
#897=AXIS2_PLACEMENT_3D('',#2261,#2262,#2263);
#898=EDGE_LOOP('',(#2264,#2265,#2266,#2267));
#899=AXIS2_PLACEMENT_3D('',#2268,#2269,#2270);
#900=EDGE_LOOP('',(#2271,#2272,#2273,#2274));
#901=AXIS2_PLACEMENT_3D('',#2275,#2276,#2277);
#902=EDGE_LOOP('',(#2278,#2279,#2280,#2281));
#903=AXIS2_PLACEMENT_3D('',#2282,#2283,#2284);
#904=EDGE_LOOP('',(#2285,#2286,#2287,#2288));
#905=AXIS2_PLACEMENT_3D('',#2289,#2290,#2291);
#906=EDGE_LOOP('',(#2292,#2293,#2294,#2295));
#907=AXIS2_PLACEMENT_3D('',#2296,#2297,#2298);
#908=EDGE_LOOP('',(#2299,#2300,#2301,#2302));
#909=AXIS2_PLACEMENT_3D('',#2303,#2304,#2305);
#910=EDGE_LOOP('',(#2306,#2307,#2308,#2309));
#911=AXIS2_PLACEMENT_3D('',#2310,#2311,#2312);
#912=EDGE_LOOP('',(#2313,#2314,#2315,#2316));
#913=AXIS2_PLACEMENT_3D('',#2317,#2318,#2319);
#914=EDGE_LOOP('',(#2320,#2321,#2322,#2323));
#915=AXIS2_PLACEMENT_3D('',#2324,#2325,#2326);
#916=EDGE_LOOP('',(#2327,#2328,#2329,#2330));
#917=AXIS2_PLACEMENT_3D('',#2331,#2332,#2333);
#918=EDGE_LOOP('',(#2334,#2335,#2336,#2337));
#919=AXIS2_PLACEMENT_3D('',#2338,#2339,#2340);
#920=EDGE_LOOP('',(#2341,#2342,#2343,#2344));
#921=AXIS2_PLACEMENT_3D('',#2345,#2346,#2347);
#922=EDGE_LOOP('',(#2348,#2349,#2350,#2351,#2352,#2353));
#923=AXIS2_PLACEMENT_3D('',#2354,#2355,#2356);
#924=EDGE_LOOP('',(#2357,#2358,#2359,#2360));
#925=AXIS2_PLACEMENT_3D('',#2361,#2362,#2363);
#926=EDGE_LOOP('',(#2364,#2365,#2366,#2367,#2368,#2369));
#927=AXIS2_PLACEMENT_3D('',#2370,#2371,#2372);
#928=EDGE_LOOP('',(#2373,#2374,#2375,#2376));
#929=AXIS2_PLACEMENT_3D('',#2377,#2378,#2379);
#930=EDGE_LOOP('',(#2380,#2381,#2382,#2383));
#931=AXIS2_PLACEMENT_3D('',#2384,#2385,#2386);
#932=EDGE_LOOP('',(#2387,#2388,#2389,#2390));
#933=AXIS2_PLACEMENT_3D('',#2391,#2392,#2393);
#934=EDGE_LOOP('',(#2394,#2395,#2396,#2397));
#935=AXIS2_PLACEMENT_3D('',#2398,#2399,#2400);
#936=ORIENTED_EDGE('',*,*,#2401,.F.);
#937=ORIENTED_EDGE('',*,*,#2402,.T.);
#938=ORIENTED_EDGE('',*,*,#2403,.F.);
#939=ORIENTED_EDGE('',*,*,#2404,.F.);
#940=ORIENTED_EDGE('',*,*,#2405,.F.);
#941=ORIENTED_EDGE('',*,*,#2406,.F.);
#942=ORIENTED_EDGE('',*,*,#2407,.F.);
#943=ORIENTED_EDGE('',*,*,#2408,.F.);
#944=ORIENTED_EDGE('',*,*,#2409,.F.);
#945=ORIENTED_EDGE('',*,*,#2410,.F.);
#946=ORIENTED_EDGE('',*,*,#2411,.T.);
#947=ORIENTED_EDGE('',*,*,#2412,.T.);
#948=ORIENTED_EDGE('',*,*,#2413,.F.);
#949=ORIENTED_EDGE('',*,*,#2414,.T.);
#950=CARTESIAN_POINT('',(0.0,0.0,-5.715));
#951=DIRECTION('',(0.0,0.0,1.0));
#952=DIRECTION('',(1.0,0.0,0.0));
#953=ORIENTED_EDGE('',*,*,#2404,.T.);
#954=ORIENTED_EDGE('',*,*,#2415,.T.);
#955=ORIENTED_EDGE('',*,*,#2416,.F.);
#956=ORIENTED_EDGE('',*,*,#2417,.F.);
#957=CARTESIAN_POINT('',(-8.89,-2.54,-5.715));
#958=DIRECTION('',(0.0,-1.0,0.0));
#959=DIRECTION('',(0.0,0.0,-1.0));
#960=ORIENTED_EDGE('',*,*,#2418,.F.);
#961=ORIENTED_EDGE('',*,*,#2419,.F.);
#962=ORIENTED_EDGE('',*,*,#2410,.T.);
#963=ORIENTED_EDGE('',*,*,#2420,.T.);
#964=CARTESIAN_POINT('',(-8.89,-2.54,-5.715));
#965=DIRECTION('',(0.0,-1.0,0.0));
#966=DIRECTION('',(0.0,0.0,-1.0));
#967=ORIENTED_EDGE('',*,*,#2421,.F.);
#968=ORIENTED_EDGE('',*,*,#2422,.F.);
#969=ORIENTED_EDGE('',*,*,#2423,.F.);
#970=ORIENTED_EDGE('',*,*,#2407,.T.);
#971=ORIENTED_EDGE('',*,*,#2424,.T.);
#972=ORIENTED_EDGE('',*,*,#2425,.F.);
#973=ORIENTED_EDGE('',*,*,#2426,.T.);
#974=ORIENTED_EDGE('',*,*,#2427,.F.);
#975=ORIENTED_EDGE('',*,*,#2428,.F.);
#976=ORIENTED_EDGE('',*,*,#2429,.F.);
#977=ORIENTED_EDGE('',*,*,#2430,.T.);
#978=ORIENTED_EDGE('',*,*,#2431,.F.);
#979=CARTESIAN_POINT('',(-8.89,-2.54,-5.715));
#980=DIRECTION('',(0.0,-1.0,0.0));
#981=DIRECTION('',(0.0,0.0,-1.0));
#982=ORIENTED_EDGE('',*,*,#2432,.F.);
#983=ORIENTED_EDGE('',*,*,#2433,.F.);
#984=ORIENTED_EDGE('',*,*,#2405,.T.);
#985=ORIENTED_EDGE('',*,*,#2417,.T.);
#986=CARTESIAN_POINT('',(7.493,-2.921,-5.715));
#987=DIRECTION('',(0.707106781186547,-0.707106781186547,0.0));
#988=DIRECTION('',(0.0,0.0,-1.0));
#989=ORIENTED_EDGE('',*,*,#2406,.T.);
#990=ORIENTED_EDGE('',*,*,#2433,.T.);
#991=ORIENTED_EDGE('',*,*,#2434,.F.);
#992=ORIENTED_EDGE('',*,*,#2424,.F.);
#993=CARTESIAN_POINT('',(7.112,-2.54,-5.715));
#994=DIRECTION('',(-0.707106781186547,-0.707106781186547,0.0));
#995=DIRECTION('',(-0.707106781186548,0.707106781186548,0.0));
#996=ORIENTED_EDGE('',*,*,#2435,.F.);
#997=ORIENTED_EDGE('',*,*,#2436,.F.);
#998=ORIENTED_EDGE('',*,*,#2429,.T.);
#999=ORIENTED_EDGE('',*,*,#2437,.T.);
#1000=CARTESIAN_POINT('',(0.0,0.0,5.715));
#1001=DIRECTION('',(0.0,0.0,1.0));
#1002=DIRECTION('',(1.0,0.0,0.0));
#1003=ORIENTED_EDGE('',*,*,#2425,.T.);
#1004=ORIENTED_EDGE('',*,*,#2434,.T.);
#1005=ORIENTED_EDGE('',*,*,#2432,.T.);
#1006=ORIENTED_EDGE('',*,*,#2416,.T.);
#1007=ORIENTED_EDGE('',*,*,#2438,.T.);
#1008=ORIENTED_EDGE('',*,*,#2439,.T.);
#1009=ORIENTED_EDGE('',*,*,#2440,.T.);
#1010=ORIENTED_EDGE('',*,*,#2441,.T.);
#1011=ORIENTED_EDGE('',*,*,#2442,.T.);
#1012=ORIENTED_EDGE('',*,*,#2443,.T.);
#1013=ORIENTED_EDGE('',*,*,#2444,.T.);
#1014=ORIENTED_EDGE('',*,*,#2418,.T.);
#1015=ORIENTED_EDGE('',*,*,#2445,.T.);
#1016=ORIENTED_EDGE('',*,*,#2446,.T.);
#1017=ORIENTED_EDGE('',*,*,#2422,.T.);
#1018=ORIENTED_EDGE('',*,*,#2447,.T.);
#1019=ORIENTED_EDGE('',*,*,#2448,.F.);
#1020=ORIENTED_EDGE('',*,*,#2449,.F.);
#1021=ORIENTED_EDGE('',*,*,#2450,.F.);
#1022=ORIENTED_EDGE('',*,*,#2451,.F.);
#1023=ORIENTED_EDGE('',*,*,#2452,.F.);
#1024=ORIENTED_EDGE('',*,*,#2453,.F.);
#1025=ORIENTED_EDGE('',*,*,#2454,.F.);
#1026=ORIENTED_EDGE('',*,*,#2455,.F.);
#1027=ORIENTED_EDGE('',*,*,#2456,.F.);
#1028=ORIENTED_EDGE('',*,*,#2457,.F.);
#1029=CARTESIAN_POINT('',(0.0,0.0,5.715));
#1030=DIRECTION('',(0.0,0.0,1.0));
#1031=DIRECTION('',(1.0,0.0,0.0));
#1032=ORIENTED_EDGE('',*,*,#2428,.T.);
#1033=ORIENTED_EDGE('',*,*,#2458,.F.);
#1034=ORIENTED_EDGE('',*,*,#2459,.T.);
#1035=ORIENTED_EDGE('',*,*,#2460,.F.);
#1036=ORIENTED_EDGE('',*,*,#2437,.F.);
#1037=CARTESIAN_POINT('',(4.572,-1.524,5.715));
#1038=DIRECTION('',(-1.0,0.0,0.0));
#1039=DIRECTION('',(0.0,0.0,1.0));
#1040=ORIENTED_EDGE('',*,*,#2461,.F.);
#1041=ORIENTED_EDGE('',*,*,#2462,.F.);
#1042=ORIENTED_EDGE('',*,*,#2435,.T.);
#1043=ORIENTED_EDGE('',*,*,#2460,.T.);
#1044=CARTESIAN_POINT('',(-7.874,-2.032,5.715));
#1045=DIRECTION('',(0.0,0.707106781186547,0.707106781186547));
#1046=DIRECTION('',(1.0,0.0,-0.0));
#1047=ORIENTED_EDGE('',*,*,#2456,.T.);
#1048=ORIENTED_EDGE('',*,*,#2463,.T.);
#1049=ORIENTED_EDGE('',*,*,#2464,.F.);
#1050=ORIENTED_EDGE('',*,*,#2465,.F.);
#1051=CARTESIAN_POINT('',(-7.874,-2.032,5.715));
#1052=DIRECTION('',(0.0,0.707106781186547,0.707106781186547));
#1053=DIRECTION('',(1.0,0.0,-0.0));
#1054=ORIENTED_EDGE('',*,*,#2466,.T.);
#1055=ORIENTED_EDGE('',*,*,#2467,.F.);
#1056=ORIENTED_EDGE('',*,*,#2468,.F.);
#1057=ORIENTED_EDGE('',*,*,#2448,.T.);
#1058=CARTESIAN_POINT('',(-7.874,-2.032,5.715));
#1059=DIRECTION('',(0.0,0.707106781186547,0.707106781186547));
#1060=DIRECTION('',(1.0,0.0,-0.0));
#1061=ORIENTED_EDGE('',*,*,#2462,.T.);
#1062=ORIENTED_EDGE('',*,*,#2469,.F.);
#1063=ORIENTED_EDGE('',*,*,#2470,.F.);
#1064=ORIENTED_EDGE('',*,*,#2430,.F.);
#1065=ORIENTED_EDGE('',*,*,#2436,.T.);
#1066=CARTESIAN_POINT('',(-4.572,-2.54,5.715));
#1067=DIRECTION('',(1.0,0.0,0.0));
#1068=DIRECTION('',(0.0,1.0,0.0));
#1069=ORIENTED_EDGE('',*,*,#2471,.T.);
#1070=ORIENTED_EDGE('',*,*,#2472,.T.);
#1071=ORIENTED_EDGE('',*,*,#2473,.T.);
#1072=ORIENTED_EDGE('',*,*,#2474,.F.);
#1073=ORIENTED_EDGE('',*,*,#2475,.T.);
#1074=ORIENTED_EDGE('',*,*,#2476,.T.);
#1075=ORIENTED_EDGE('',*,*,#2477,.T.);
#1076=ORIENTED_EDGE('',*,*,#2478,.T.);
#1077=ORIENTED_EDGE('',*,*,#2479,.T.);
#1078=ORIENTED_EDGE('',*,*,#2431,.T.);
#1079=ORIENTED_EDGE('',*,*,#2470,.T.);
#1080=ORIENTED_EDGE('',*,*,#2480,.T.);
#1081=ORIENTED_EDGE('',*,*,#2458,.T.);
#1082=ORIENTED_EDGE('',*,*,#2427,.T.);
#1083=ORIENTED_EDGE('',*,*,#2481,.T.);
#1084=ORIENTED_EDGE('',*,*,#2482,.T.);
#1085=ORIENTED_EDGE('',*,*,#2483,.T.);
#1086=ORIENTED_EDGE('',*,*,#2484,.F.);
#1087=ORIENTED_EDGE('',*,*,#2485,.F.);
#1088=ORIENTED_EDGE('',*,*,#2486,.T.);
#1089=ORIENTED_EDGE('',*,*,#2487,.T.);
#1090=ORIENTED_EDGE('',*,*,#2488,.F.);
#1091=ORIENTED_EDGE('',*,*,#2489,.F.);
#1092=ORIENTED_EDGE('',*,*,#2490,.T.);
#1093=ORIENTED_EDGE('',*,*,#2491,.T.);
#1094=ORIENTED_EDGE('',*,*,#2492,.F.);
#1095=ORIENTED_EDGE('',*,*,#2493,.F.);
#1096=ORIENTED_EDGE('',*,*,#2494,.T.);
#1097=ORIENTED_EDGE('',*,*,#2495,.T.);
#1098=ORIENTED_EDGE('',*,*,#2496,.F.);
#1099=ORIENTED_EDGE('',*,*,#2497,.F.);
#1100=ORIENTED_EDGE('',*,*,#2498,.T.);
#1101=ORIENTED_EDGE('',*,*,#2499,.T.);
#1102=ORIENTED_EDGE('',*,*,#2500,.F.);
#1103=ORIENTED_EDGE('',*,*,#2501,.F.);
#1104=ORIENTED_EDGE('',*,*,#2502,.T.);
#1105=ORIENTED_EDGE('',*,*,#2503,.T.);
#1106=ORIENTED_EDGE('',*,*,#2504,.F.);
#1107=ORIENTED_EDGE('',*,*,#2505,.F.);
#1108=ORIENTED_EDGE('',*,*,#2506,.T.);
#1109=CARTESIAN_POINT('',(0.0,0.0,-3.175));
#1110=DIRECTION('',(0.0,0.0,1.0));
#1111=DIRECTION('',(1.0,0.0,0.0));
#1112=ORIENTED_EDGE('',*,*,#2480,.F.);
#1113=ORIENTED_EDGE('',*,*,#2469,.T.);
#1114=ORIENTED_EDGE('',*,*,#2461,.T.);
#1115=ORIENTED_EDGE('',*,*,#2459,.F.);
#1116=CARTESIAN_POINT('',(-7.874,-1.524,5.715));
#1117=DIRECTION('',(0.0,-1.0,0.0));
#1118=DIRECTION('',(0.0,0.0,-1.0));
#1119=ORIENTED_EDGE('',*,*,#2464,.T.);
#1120=ORIENTED_EDGE('',*,*,#2507,.F.);
#1121=ORIENTED_EDGE('',*,*,#2482,.F.);
#1122=ORIENTED_EDGE('',*,*,#2508,.T.);
#1123=CARTESIAN_POINT('',(-7.874,-1.524,5.715));
#1124=DIRECTION('',(0.0,-1.0,0.0));
#1125=DIRECTION('',(0.0,0.0,-1.0));
#1126=ORIENTED_EDGE('',*,*,#2509,.F.);
#1127=ORIENTED_EDGE('',*,*,#2467,.T.);
#1128=ORIENTED_EDGE('',*,*,#2510,.F.);
#1129=ORIENTED_EDGE('',*,*,#2478,.F.);
#1130=CARTESIAN_POINT('',(-7.874,-1.524,5.715));
#1131=DIRECTION('',(0.0,-1.0,0.0));
#1132=DIRECTION('',(0.0,0.0,-1.0));
#1133=ORIENTED_EDGE('',*,*,#2465,.T.);
#1134=ORIENTED_EDGE('',*,*,#2508,.F.);
#1135=ORIENTED_EDGE('',*,*,#2481,.F.);
#1136=ORIENTED_EDGE('',*,*,#2426,.F.);
#1137=ORIENTED_EDGE('',*,*,#2457,.T.);
#1138=CARTESIAN_POINT('',(5.588,-2.54,5.715));
#1139=DIRECTION('',(1.0,0.0,0.0));
#1140=DIRECTION('',(0.0,1.0,0.0));
#1141=ORIENTED_EDGE('',*,*,#2511,.T.);
#1142=ORIENTED_EDGE('',*,*,#2512,.T.);
#1143=ORIENTED_EDGE('',*,*,#2471,.F.);
#1144=ORIENTED_EDGE('',*,*,#2507,.T.);
#1145=CARTESIAN_POINT('',(7.874,-1.524,5.715));
#1146=DIRECTION('',(1.0,0.0,0.0));
#1147=DIRECTION('',(0.0,1.0,0.0));
#1148=ORIENTED_EDGE('',*,*,#2513,.T.);
#1149=ORIENTED_EDGE('',*,*,#2514,.T.);
#1150=ORIENTED_EDGE('',*,*,#2515,.T.);
#1151=ORIENTED_EDGE('',*,*,#2516,.T.);
#1152=ORIENTED_EDGE('',*,*,#2472,.F.);
#1153=ORIENTED_EDGE('',*,*,#2512,.F.);
#1154=CARTESIAN_POINT('',(7.874,1.524,5.715));
#1155=DIRECTION('',(-0.0,1.0,0.0));
#1156=DIRECTION('',(1.0,0.0,0.0));
#1157=ORIENTED_EDGE('',*,*,#2473,.F.);
#1158=ORIENTED_EDGE('',*,*,#2516,.F.);
#1159=ORIENTED_EDGE('',*,*,#2517,.F.);
#1160=ORIENTED_EDGE('',*,*,#2518,.F.);
#1161=ORIENTED_EDGE('',*,*,#2519,.T.);
#1162=CARTESIAN_POINT('',(1.27,1.524,5.715));
#1163=DIRECTION('',(1.0,0.0,0.0));
#1164=DIRECTION('',(0.0,1.0,0.0));
#1165=ORIENTED_EDGE('',*,*,#2519,.F.);
#1166=ORIENTED_EDGE('',*,*,#2520,.T.);
#1167=ORIENTED_EDGE('',*,*,#2521,.F.);
#1168=ORIENTED_EDGE('',*,*,#2522,.T.);
#1169=ORIENTED_EDGE('',*,*,#2439,.F.);
#1170=ORIENTED_EDGE('',*,*,#2523,.F.);
#1171=ORIENTED_EDGE('',*,*,#2402,.F.);
#1172=ORIENTED_EDGE('',*,*,#2524,.T.);
#1173=ORIENTED_EDGE('',*,*,#2443,.F.);
#1174=ORIENTED_EDGE('',*,*,#2525,.F.);
#1175=ORIENTED_EDGE('',*,*,#2526,.F.);
#1176=ORIENTED_EDGE('',*,*,#2527,.T.);
#1177=ORIENTED_EDGE('',*,*,#2528,.T.);
#1178=ORIENTED_EDGE('',*,*,#2474,.T.);
#1179=CARTESIAN_POINT('',(8.89,2.54,-5.715));
#1180=DIRECTION('',(-0.0,1.0,0.0));
#1181=DIRECTION('',(1.0,0.0,0.0));
#1182=ORIENTED_EDGE('',*,*,#2529,.T.);
#1183=ORIENTED_EDGE('',*,*,#2530,.T.);
#1184=ORIENTED_EDGE('',*,*,#2531,.T.);
#1185=ORIENTED_EDGE('',*,*,#2475,.F.);
#1186=ORIENTED_EDGE('',*,*,#2528,.F.);
#1187=CARTESIAN_POINT('',(-1.27,2.54,5.715));
#1188=DIRECTION('',(-1.0,0.0,0.0));
#1189=DIRECTION('',(0.0,0.0,1.0));
#1190=ORIENTED_EDGE('',*,*,#2532,.T.);
#1191=ORIENTED_EDGE('',*,*,#2533,.T.);
#1192=ORIENTED_EDGE('',*,*,#2476,.F.);
#1193=ORIENTED_EDGE('',*,*,#2531,.F.);
#1194=ORIENTED_EDGE('',*,*,#2534,.F.);
#1195=ORIENTED_EDGE('',*,*,#2535,.F.);
#1196=CARTESIAN_POINT('',(-3.048,1.524,5.715));
#1197=DIRECTION('',(-0.0,1.0,0.0));
#1198=DIRECTION('',(1.0,0.0,0.0));
#1199=ORIENTED_EDGE('',*,*,#2536,.T.);
#1200=ORIENTED_EDGE('',*,*,#2537,.F.);
#1201=ORIENTED_EDGE('',*,*,#2538,.T.);
#1202=ORIENTED_EDGE('',*,*,#2535,.T.);
#1203=ORIENTED_EDGE('',*,*,#2539,.F.);
#1204=ORIENTED_EDGE('',*,*,#2540,.F.);
#1205=CARTESIAN_POINT('',(-3.048,3.048,5.715));
#1206=DIRECTION('',(-1.0,0.0,0.0));
#1207=DIRECTION('',(0.0,0.0,1.0));
#1208=ORIENTED_EDGE('',*,*,#2541,.T.);
#1209=ORIENTED_EDGE('',*,*,#2520,.F.);
#1210=ORIENTED_EDGE('',*,*,#2518,.T.);
#1211=ORIENTED_EDGE('',*,*,#2542,.F.);
#1212=CARTESIAN_POINT('',(10.668,4.064,2.921));
#1213=DIRECTION('',(0.0,0.0,1.0));
#1214=DIRECTION('',(1.0,0.0,0.0));
#1215=ORIENTED_EDGE('',*,*,#2527,.F.);
#1216=ORIENTED_EDGE('',*,*,#2540,.T.);
#1217=ORIENTED_EDGE('',*,*,#2543,.T.);
#1218=ORIENTED_EDGE('',*,*,#2529,.F.);
#1219=CARTESIAN_POINT('',(10.668,4.064,2.921));
#1220=DIRECTION('',(0.0,0.0,1.0));
#1221=DIRECTION('',(1.0,0.0,0.0));
#1222=ORIENTED_EDGE('',*,*,#2517,.T.);
#1223=ORIENTED_EDGE('',*,*,#2515,.F.);
#1224=ORIENTED_EDGE('',*,*,#2544,.F.);
#1225=ORIENTED_EDGE('',*,*,#2542,.T.);
#1226=CARTESIAN_POINT('',(3.048,2.032,2.921));
#1227=DIRECTION('',(0.0,-0.707106781186547,0.707106781186547));
#1228=DIRECTION('',(-1.0,0.0,0.0));
#1229=ORIENTED_EDGE('',*,*,#2544,.T.);
#1230=ORIENTED_EDGE('',*,*,#2514,.F.);
#1231=ORIENTED_EDGE('',*,*,#2545,.T.);
#1232=ORIENTED_EDGE('',*,*,#2546,.T.);
#1233=ORIENTED_EDGE('',*,*,#2547,.F.);
#1234=ORIENTED_EDGE('',*,*,#2541,.F.);
#1235=CARTESIAN_POINT('',(3.048,1.524,5.715));
#1236=DIRECTION('',(1.0,0.0,0.0));
#1237=DIRECTION('',(0.0,1.0,0.0));
#1238=ORIENTED_EDGE('',*,*,#2548,.T.);
#1239=ORIENTED_EDGE('',*,*,#2536,.F.);
#1240=ORIENTED_EDGE('',*,*,#2526,.T.);
#1241=ORIENTED_EDGE('',*,*,#2549,.F.);
#1242=ORIENTED_EDGE('',*,*,#2550,.F.);
#1243=ORIENTED_EDGE('',*,*,#2551,.T.);
#1244=CARTESIAN_POINT('',(10.668,4.064,2.921));
#1245=DIRECTION('',(0.0,0.0,1.0));
#1246=DIRECTION('',(1.0,0.0,0.0));
#1247=ORIENTED_EDGE('',*,*,#2552,.F.);
#1248=ORIENTED_EDGE('',*,*,#2553,.F.);
#1249=ORIENTED_EDGE('',*,*,#2521,.T.);
#1250=ORIENTED_EDGE('',*,*,#2547,.T.);
#1251=ORIENTED_EDGE('',*,*,#2554,.T.);
#1252=ORIENTED_EDGE('',*,*,#2555,.F.);
#1253=CARTESIAN_POINT('',(10.668,4.064,2.921));
#1254=DIRECTION('',(0.0,0.0,1.0));
#1255=DIRECTION('',(1.0,0.0,0.0));
#1256=ORIENTED_EDGE('',*,*,#2556,.T.);
#1257=ORIENTED_EDGE('',*,*,#2557,.F.);
#1258=ORIENTED_EDGE('',*,*,#2551,.F.);
#1259=ORIENTED_EDGE('',*,*,#2558,.T.);
#1260=CARTESIAN_POINT('',(-2.54,4.064,2.921));
#1261=DIRECTION('',(-1.0,0.0,0.0));
#1262=DIRECTION('',(0.0,0.0,1.0));
#1263=ORIENTED_EDGE('',*,*,#2550,.T.);
#1264=ORIENTED_EDGE('',*,*,#2559,.T.);
#1265=ORIENTED_EDGE('',*,*,#2441,.F.);
#1266=ORIENTED_EDGE('',*,*,#2560,.F.);
#1267=ORIENTED_EDGE('',*,*,#2552,.T.);
#1268=ORIENTED_EDGE('',*,*,#2561,.T.);
#1269=ORIENTED_EDGE('',*,*,#2562,.F.);
#1270=ORIENTED_EDGE('',*,*,#2563,.F.);
#1271=ORIENTED_EDGE('',*,*,#2564,.F.);
#1272=ORIENTED_EDGE('',*,*,#2558,.F.);
#1273=CARTESIAN_POINT('',(4.064,4.064,-5.715));
#1274=DIRECTION('',(-0.0,1.0,0.0));
#1275=DIRECTION('',(1.0,0.0,0.0));
#1276=ORIENTED_EDGE('',*,*,#2565,.T.);
#1277=ORIENTED_EDGE('',*,*,#2566,.F.);
#1278=ORIENTED_EDGE('',*,*,#2556,.F.);
#1279=ORIENTED_EDGE('',*,*,#2564,.T.);
#1280=CARTESIAN_POINT('',(-1.524,4.064,3.81));
#1281=DIRECTION('',(0.0,-1.0,0.0));
#1282=DIRECTION('',(1.0,0.0,0.0));
#1283=ORIENTED_EDGE('',*,*,#2567,.T.);
#1284=ORIENTED_EDGE('',*,*,#2568,.T.);
#1285=ORIENTED_EDGE('',*,*,#2569,.F.);
#1286=ORIENTED_EDGE('',*,*,#2554,.F.);
#1287=ORIENTED_EDGE('',*,*,#2546,.F.);
#1288=ORIENTED_EDGE('',*,*,#2570,.T.);
#1289=ORIENTED_EDGE('',*,*,#2537,.T.);
#1290=ORIENTED_EDGE('',*,*,#2548,.F.);
#1291=ORIENTED_EDGE('',*,*,#2557,.T.);
#1292=ORIENTED_EDGE('',*,*,#2566,.T.);
#1293=CARTESIAN_POINT('',(3.048,3.048,5.715));
#1294=DIRECTION('',(-0.0,1.0,0.0));
#1295=DIRECTION('',(1.0,0.0,0.0));
#1296=ORIENTED_EDGE('',*,*,#2571,.T.);
#1297=ORIENTED_EDGE('',*,*,#2570,.F.);
#1298=ORIENTED_EDGE('',*,*,#2572,.F.);
#1299=ORIENTED_EDGE('',*,*,#2452,.T.);
#1300=CARTESIAN_POINT('',(3.048,3.556,5.715));
#1301=DIRECTION('',(0.0,-0.707106781186547,0.707106781186547));
#1302=DIRECTION('',(-1.0,0.0,0.0));
#1303=ORIENTED_EDGE('',*,*,#2572,.T.);
#1304=ORIENTED_EDGE('',*,*,#2545,.F.);
#1305=ORIENTED_EDGE('',*,*,#2573,.F.);
#1306=ORIENTED_EDGE('',*,*,#2453,.T.);
#1307=CARTESIAN_POINT('',(3.556,1.524,5.715));
#1308=DIRECTION('',(-0.707106781186547,0.0,0.707106781186547));
#1309=DIRECTION('',(0.0,1.0,0.0));
#1310=ORIENTED_EDGE('',*,*,#2573,.T.);
#1311=ORIENTED_EDGE('',*,*,#2513,.F.);
#1312=ORIENTED_EDGE('',*,*,#2574,.F.);
#1313=ORIENTED_EDGE('',*,*,#2454,.T.);
#1314=CARTESIAN_POINT('',(7.874,2.032,5.715));
#1315=DIRECTION('',(0.0,-0.707106781186547,0.707106781186547));
#1316=DIRECTION('',(-1.0,0.0,0.0));
#1317=ORIENTED_EDGE('',*,*,#2574,.T.);
#1318=ORIENTED_EDGE('',*,*,#2511,.F.);
#1319=ORIENTED_EDGE('',*,*,#2463,.F.);
#1320=ORIENTED_EDGE('',*,*,#2455,.T.);
#1321=CARTESIAN_POINT('',(8.382,-1.524,5.715));
#1322=DIRECTION('',(-0.707106781186547,0.0,0.707106781186547));
#1323=DIRECTION('',(0.0,1.0,0.0));
#1324=ORIENTED_EDGE('',*,*,#2575,.T.);
#1325=ORIENTED_EDGE('',*,*,#2538,.F.);
#1326=ORIENTED_EDGE('',*,*,#2571,.F.);
#1327=ORIENTED_EDGE('',*,*,#2451,.T.);
#1328=CARTESIAN_POINT('',(-3.556,3.048,5.715));
#1329=DIRECTION('',(0.707106781186547,0.0,0.707106781186547));
#1330=DIRECTION('',(0.0,-1.0,0.0));
#1331=ORIENTED_EDGE('',*,*,#2576,.T.);
#1332=ORIENTED_EDGE('',*,*,#2532,.F.);
#1333=ORIENTED_EDGE('',*,*,#2575,.F.);
#1334=ORIENTED_EDGE('',*,*,#2450,.T.);
#1335=CARTESIAN_POINT('',(-3.048,2.032,5.715));
#1336=DIRECTION('',(0.0,-0.707106781186547,0.707106781186547));
#1337=DIRECTION('',(-1.0,0.0,0.0));
#1338=ORIENTED_EDGE('',*,*,#2468,.T.);
#1339=ORIENTED_EDGE('',*,*,#2577,.F.);
#1340=ORIENTED_EDGE('',*,*,#2576,.F.);
#1341=ORIENTED_EDGE('',*,*,#2449,.T.);
#1342=CARTESIAN_POINT('',(-8.382,1.524,5.715));
#1343=DIRECTION('',(0.707106781186547,0.0,0.707106781186547));
#1344=DIRECTION('',(0.0,-1.0,0.0));
#1345=ORIENTED_EDGE('',*,*,#2577,.T.);
#1346=ORIENTED_EDGE('',*,*,#2509,.T.);
#1347=ORIENTED_EDGE('',*,*,#2477,.F.);
#1348=ORIENTED_EDGE('',*,*,#2533,.F.);
#1349=CARTESIAN_POINT('',(-7.874,1.524,5.715));
#1350=DIRECTION('',(-1.0,0.0,0.0));
#1351=DIRECTION('',(0.0,0.0,1.0));
#1352=ORIENTED_EDGE('',*,*,#2555,.T.);
#1353=ORIENTED_EDGE('',*,*,#2569,.T.);
#1354=ORIENTED_EDGE('',*,*,#2578,.F.);
#1355=ORIENTED_EDGE('',*,*,#2561,.F.);
#1356=CARTESIAN_POINT('',(2.54,4.064,3.81));
#1357=DIRECTION('',(1.0,0.0,0.0));
#1358=DIRECTION('',(0.0,1.0,0.0));
#1359=ORIENTED_EDGE('',*,*,#2578,.T.);
#1360=ORIENTED_EDGE('',*,*,#2568,.F.);
#1361=ORIENTED_EDGE('',*,*,#2579,.F.);
#1362=ORIENTED_EDGE('',*,*,#2562,.T.);
#1363=CARTESIAN_POINT('',(1.524,4.064,3.81));
#1364=DIRECTION('',(0.0,-1.0,0.0));
#1365=DIRECTION('',(1.0,0.0,0.0));
#1366=ORIENTED_EDGE('',*,*,#2579,.T.);
#1367=ORIENTED_EDGE('',*,*,#2567,.F.);
#1368=ORIENTED_EDGE('',*,*,#2565,.F.);
#1369=ORIENTED_EDGE('',*,*,#2563,.T.);
#1370=CARTESIAN_POINT('',(-1.524,4.064,4.826));
#1371=DIRECTION('',(0.0,0.0,1.0));
#1372=DIRECTION('',(1.0,0.0,0.0));
#1373=ORIENTED_EDGE('',*,*,#2560,.T.);
#1374=ORIENTED_EDGE('',*,*,#2440,.F.);
#1375=ORIENTED_EDGE('',*,*,#2522,.F.);
#1376=ORIENTED_EDGE('',*,*,#2553,.T.);
#1377=CARTESIAN_POINT('',(4.064,2.54,-5.715));
#1378=DIRECTION('',(1.0,0.0,0.0));
#1379=DIRECTION('',(0.0,1.0,0.0));
#1380=ORIENTED_EDGE('',*,*,#2525,.T.);
#1381=ORIENTED_EDGE('',*,*,#2442,.F.);
#1382=ORIENTED_EDGE('',*,*,#2559,.F.);
#1383=ORIENTED_EDGE('',*,*,#2549,.T.);
#1384=CARTESIAN_POINT('',(-4.064,4.064,-5.715));
#1385=DIRECTION('',(-1.0,0.0,0.0));
#1386=DIRECTION('',(0.0,0.0,1.0));
#1387=ORIENTED_EDGE('',*,*,#2539,.T.);
#1388=ORIENTED_EDGE('',*,*,#2534,.T.);
#1389=ORIENTED_EDGE('',*,*,#2530,.F.);
#1390=ORIENTED_EDGE('',*,*,#2543,.F.);
#1391=CARTESIAN_POINT('',(-3.048,2.032,2.921));
#1392=DIRECTION('',(0.0,0.707106781186547,-0.707106781186547));
#1393=DIRECTION('',(-1.0,0.0,0.0));
#1394=ORIENTED_EDGE('',*,*,#2419,.T.);
#1395=ORIENTED_EDGE('',*,*,#2444,.F.);
#1396=ORIENTED_EDGE('',*,*,#2524,.F.);
#1397=ORIENTED_EDGE('',*,*,#2401,.T.);
#1398=CARTESIAN_POINT('',(-8.89,2.54,-5.715));
#1399=DIRECTION('',(-1.0,0.0,0.0));
#1400=DIRECTION('',(0.0,0.0,1.0));
#1401=ORIENTED_EDGE('',*,*,#2523,.T.);
#1402=ORIENTED_EDGE('',*,*,#2438,.F.);
#1403=ORIENTED_EDGE('',*,*,#2415,.F.);
#1404=ORIENTED_EDGE('',*,*,#2403,.T.);
#1405=CARTESIAN_POINT('',(8.89,-2.54,-5.715));
#1406=DIRECTION('',(1.0,0.0,0.0));
#1407=DIRECTION('',(0.0,1.0,0.0));
#1408=ORIENTED_EDGE('',*,*,#2421,.T.);
#1409=ORIENTED_EDGE('',*,*,#2479,.F.);
#1410=ORIENTED_EDGE('',*,*,#2510,.T.);
#1411=ORIENTED_EDGE('',*,*,#2466,.F.);
#1412=ORIENTED_EDGE('',*,*,#2447,.F.);
#1413=CARTESIAN_POINT('',(-5.588,-1.524,5.715));
#1414=DIRECTION('',(-1.0,0.0,0.0));
#1415=DIRECTION('',(0.0,0.0,1.0));
#1416=ORIENTED_EDGE('',*,*,#2580,.F.);
#1417=ORIENTED_EDGE('',*,*,#2581,.F.);
#1418=ORIENTED_EDGE('',*,*,#2582,.F.);
#1419=ORIENTED_EDGE('',*,*,#2486,.F.);
#1420=CARTESIAN_POINT('',(6.0325,0.0,0.0));
#1421=DIRECTION('',(1.0,0.0,0.0));
#1422=DIRECTION('',(0.0,1.0,0.0));
#1423=ORIENTED_EDGE('',*,*,#2583,.T.);
#1424=ORIENTED_EDGE('',*,*,#2584,.F.);
#1425=ORIENTED_EDGE('',*,*,#2585,.F.);
#1426=ORIENTED_EDGE('',*,*,#2586,.F.);
#1427=CARTESIAN_POINT('',(6.0325,0.0,0.0));
#1428=DIRECTION('',(1.0,0.0,0.0));
#1429=DIRECTION('',(0.0,1.0,0.0));
#1430=ORIENTED_EDGE('',*,*,#2582,.T.);
#1431=ORIENTED_EDGE('',*,*,#2587,.T.);
#1432=ORIENTED_EDGE('',*,*,#2588,.F.);
#1433=ORIENTED_EDGE('',*,*,#2483,.F.);
#1434=CARTESIAN_POINT('',(6.0325,0.3048,-6.223));
#1435=DIRECTION('',(-0.0,1.0,0.0));
#1436=DIRECTION('',(1.0,0.0,0.0));
#1437=ORIENTED_EDGE('',*,*,#2588,.T.);
#1438=ORIENTED_EDGE('',*,*,#2589,.T.);
#1439=ORIENTED_EDGE('',*,*,#2590,.T.);
#1440=ORIENTED_EDGE('',*,*,#2484,.T.);
#1441=CARTESIAN_POINT('',(6.6675,0.0,0.0));
#1442=DIRECTION('',(1.0,0.0,0.0));
#1443=DIRECTION('',(0.0,1.0,0.0));
#1444=ORIENTED_EDGE('',*,*,#2591,.T.);
#1445=ORIENTED_EDGE('',*,*,#2592,.T.);
#1446=ORIENTED_EDGE('',*,*,#2593,.F.);
#1447=ORIENTED_EDGE('',*,*,#2594,.T.);
#1448=CARTESIAN_POINT('',(6.6675,0.0,0.0));
#1449=DIRECTION('',(1.0,0.0,0.0));
#1450=DIRECTION('',(0.0,1.0,0.0));
#1451=ORIENTED_EDGE('',*,*,#2590,.F.);
#1452=ORIENTED_EDGE('',*,*,#2595,.F.);
#1453=ORIENTED_EDGE('',*,*,#2580,.T.);
#1454=ORIENTED_EDGE('',*,*,#2485,.T.);
#1455=CARTESIAN_POINT('',(6.0325,-0.3302,2.921));
#1456=DIRECTION('',(0.0,-1.0,0.0));
#1457=DIRECTION('',(0.0,0.0,-1.0));
#1458=ORIENTED_EDGE('',*,*,#2595,.T.);
#1459=ORIENTED_EDGE('',*,*,#2589,.F.);
#1460=ORIENTED_EDGE('',*,*,#2587,.F.);
#1461=ORIENTED_EDGE('',*,*,#2581,.T.);
#1462=CARTESIAN_POINT('',(6.0325,0.3048,2.921));
#1463=DIRECTION('',(0.0,0.0,1.0));
#1464=DIRECTION('',(1.0,0.0,0.0));
#1465=ORIENTED_EDGE('',*,*,#2596,.T.);
#1466=ORIENTED_EDGE('',*,*,#2594,.F.);
#1467=ORIENTED_EDGE('',*,*,#2597,.T.);
#1468=ORIENTED_EDGE('',*,*,#2598,.F.);
#1469=ORIENTED_EDGE('',*,*,#2599,.F.);
#1470=ORIENTED_EDGE('',*,*,#2586,.T.);
#1471=CARTESIAN_POINT('',(6.0325,-0.9652,-6.858));
#1472=DIRECTION('',(0.0,0.0,1.0));
#1473=DIRECTION('',(1.0,0.0,0.0));
#1474=ORIENTED_EDGE('',*,*,#2600,.T.);
#1475=ORIENTED_EDGE('',*,*,#2601,.F.);
#1476=ORIENTED_EDGE('',*,*,#2602,.F.);
#1477=ORIENTED_EDGE('',*,*,#2603,.F.);
#1478=ORIENTED_EDGE('',*,*,#2604,.F.);
#1479=ORIENTED_EDGE('',*,*,#2605,.F.);
#1480=CARTESIAN_POINT('',(6.0325,0.762,-6.477));
#1481=DIRECTION('',(1.0,0.0,0.0));
#1482=DIRECTION('',(0.0,1.0,0.0));
#1483=ORIENTED_EDGE('',*,*,#2606,.T.);
#1484=ORIENTED_EDGE('',*,*,#2599,.T.);
#1485=ORIENTED_EDGE('',*,*,#2607,.T.);
#1486=ORIENTED_EDGE('',*,*,#2608,.F.);
#1487=CARTESIAN_POINT('',(6.0325,0.762,-6.477));
#1488=DIRECTION('',(1.0,0.0,0.0));
#1489=DIRECTION('',(0.0,1.0,0.0));
#1490=ORIENTED_EDGE('',*,*,#2609,.F.);
#1491=ORIENTED_EDGE('',*,*,#2584,.T.);
#1492=ORIENTED_EDGE('',*,*,#2605,.T.);
#1493=ORIENTED_EDGE('',*,*,#2610,.T.);
#1494=ORIENTED_EDGE('',*,*,#2611,.F.);
#1495=ORIENTED_EDGE('',*,*,#2592,.F.);
#1496=CARTESIAN_POINT('',(6.0325,-6.223,-7.493));
#1497=DIRECTION('',(0.0,0.0,-1.0));
#1498=DIRECTION('',(0.0,-1.0,0.0));
#1499=ORIENTED_EDGE('',*,*,#2612,.T.);
#1500=ORIENTED_EDGE('',*,*,#2613,.T.);
#1501=ORIENTED_EDGE('',*,*,#2614,.T.);
#1502=ORIENTED_EDGE('',*,*,#2615,.F.);
#1503=ORIENTED_EDGE('',*,*,#2616,.F.);
#1504=ORIENTED_EDGE('',*,*,#2611,.T.);
#1505=CARTESIAN_POINT('',(6.6675,-1.778,-6.477));
#1506=DIRECTION('',(-1.0,0.0,0.0));
#1507=DIRECTION('',(0.0,0.0,1.0));
#1508=ORIENTED_EDGE('',*,*,#2617,.F.);
#1509=ORIENTED_EDGE('',*,*,#2597,.F.);
#1510=ORIENTED_EDGE('',*,*,#2618,.F.);
#1511=ORIENTED_EDGE('',*,*,#2619,.T.);
#1512=CARTESIAN_POINT('',(6.6675,-1.778,-6.477));
#1513=DIRECTION('',(-1.0,0.0,0.0));
#1514=DIRECTION('',(0.0,0.0,1.0));
#1515=ORIENTED_EDGE('',*,*,#2620,.F.);
#1516=ORIENTED_EDGE('',*,*,#2621,.T.);
#1517=ORIENTED_EDGE('',*,*,#2622,.T.);
#1518=ORIENTED_EDGE('',*,*,#2623,.T.);
#1519=ORIENTED_EDGE('',*,*,#2624,.T.);
#1520=ORIENTED_EDGE('',*,*,#2625,.F.);
#1521=ORIENTED_EDGE('',*,*,#2626,.F.);
#1522=ORIENTED_EDGE('',*,*,#2627,.F.);
#1523=ORIENTED_EDGE('',*,*,#2628,.F.);
#1524=ORIENTED_EDGE('',*,*,#2629,.T.);
#1525=ORIENTED_EDGE('',*,*,#2630,.T.);
#1526=ORIENTED_EDGE('',*,*,#2631,.T.);
#1527=ORIENTED_EDGE('',*,*,#2632,.T.);
#1528=ORIENTED_EDGE('',*,*,#2633,.F.);
#1529=ORIENTED_EDGE('',*,*,#2634,.F.);
#1530=ORIENTED_EDGE('',*,*,#2635,.F.);
#1531=ORIENTED_EDGE('',*,*,#2636,.F.);
#1532=ORIENTED_EDGE('',*,*,#2637,.T.);
#1533=ORIENTED_EDGE('',*,*,#2638,.T.);
#1534=ORIENTED_EDGE('',*,*,#2639,.T.);
#1535=ORIENTED_EDGE('',*,*,#2640,.T.);
#1536=ORIENTED_EDGE('',*,*,#2641,.F.);
#1537=ORIENTED_EDGE('',*,*,#2642,.F.);
#1538=ORIENTED_EDGE('',*,*,#2643,.F.);
#1539=ORIENTED_EDGE('',*,*,#2644,.F.);
#1540=ORIENTED_EDGE('',*,*,#2645,.T.);
#1541=ORIENTED_EDGE('',*,*,#2646,.T.);
#1542=ORIENTED_EDGE('',*,*,#2647,.T.);
#1543=ORIENTED_EDGE('',*,*,#2648,.T.);
#1544=ORIENTED_EDGE('',*,*,#2649,.F.);
#1545=ORIENTED_EDGE('',*,*,#2650,.F.);
#1546=ORIENTED_EDGE('',*,*,#2651,.F.);
#1547=ORIENTED_EDGE('',*,*,#2652,.F.);
#1548=ORIENTED_EDGE('',*,*,#2653,.T.);
#1549=ORIENTED_EDGE('',*,*,#2654,.T.);
#1550=ORIENTED_EDGE('',*,*,#2655,.T.);
#1551=ORIENTED_EDGE('',*,*,#2656,.T.);
#1552=ORIENTED_EDGE('',*,*,#2657,.F.);
#1553=ORIENTED_EDGE('',*,*,#2600,.F.);
#1554=ORIENTED_EDGE('',*,*,#2583,.F.);
#1555=ORIENTED_EDGE('',*,*,#2606,.F.);
#1556=ORIENTED_EDGE('',*,*,#2658,.T.);
#1557=ORIENTED_EDGE('',*,*,#2618,.T.);
#1558=ORIENTED_EDGE('',*,*,#2593,.T.);
#1559=ORIENTED_EDGE('',*,*,#2616,.T.);
#1560=ORIENTED_EDGE('',*,*,#2659,.F.);
#1561=ORIENTED_EDGE('',*,*,#2660,.F.);
#1562=ORIENTED_EDGE('',*,*,#2411,.F.);
#1563=ORIENTED_EDGE('',*,*,#2661,.T.);
#1564=ORIENTED_EDGE('',*,*,#2662,.F.);
#1565=ORIENTED_EDGE('',*,*,#2663,.F.);
#1566=ORIENTED_EDGE('',*,*,#2664,.F.);
#1567=CARTESIAN_POINT('',(-7.874,-1.778,-5.715));
#1568=DIRECTION('',(0.0,-1.0,0.0));
#1569=DIRECTION('',(0.0,0.0,-1.0));
#1570=ORIENTED_EDGE('',*,*,#2665,.F.);
#1571=ORIENTED_EDGE('',*,*,#2666,.F.);
#1572=ORIENTED_EDGE('',*,*,#2667,.F.);
#1573=ORIENTED_EDGE('',*,*,#2506,.F.);
#1574=CARTESIAN_POINT('',(-6.6675,0.0,0.0));
#1575=DIRECTION('',(1.0,0.0,0.0));
#1576=DIRECTION('',(0.0,1.0,0.0));
#1577=ORIENTED_EDGE('',*,*,#2668,.F.);
#1578=ORIENTED_EDGE('',*,*,#2669,.F.);
#1579=ORIENTED_EDGE('',*,*,#2670,.F.);
#1580=ORIENTED_EDGE('',*,*,#2664,.T.);
#1581=CARTESIAN_POINT('',(-6.6675,0.0,0.0));
#1582=DIRECTION('',(1.0,0.0,0.0));
#1583=DIRECTION('',(0.0,1.0,0.0));
#1584=ORIENTED_EDGE('',*,*,#2667,.T.);
#1585=ORIENTED_EDGE('',*,*,#2671,.T.);
#1586=ORIENTED_EDGE('',*,*,#2672,.F.);
#1587=ORIENTED_EDGE('',*,*,#2503,.F.);
#1588=CARTESIAN_POINT('',(-6.6675,0.3048,-6.223));
#1589=DIRECTION('',(-0.0,1.0,0.0));
#1590=DIRECTION('',(1.0,0.0,0.0));
#1591=ORIENTED_EDGE('',*,*,#2672,.T.);
#1592=ORIENTED_EDGE('',*,*,#2673,.T.);
#1593=ORIENTED_EDGE('',*,*,#2674,.T.);
#1594=ORIENTED_EDGE('',*,*,#2504,.T.);
#1595=CARTESIAN_POINT('',(-6.0325,0.0,0.0));
#1596=DIRECTION('',(1.0,0.0,0.0));
#1597=DIRECTION('',(0.0,1.0,0.0));
#1598=ORIENTED_EDGE('',*,*,#2675,.T.);
#1599=ORIENTED_EDGE('',*,*,#2676,.T.);
#1600=ORIENTED_EDGE('',*,*,#2677,.T.);
#1601=ORIENTED_EDGE('',*,*,#2623,.F.);
#1602=CARTESIAN_POINT('',(-6.0325,0.0,0.0));
#1603=DIRECTION('',(1.0,0.0,0.0));
#1604=DIRECTION('',(0.0,1.0,0.0));
#1605=ORIENTED_EDGE('',*,*,#2674,.F.);
#1606=ORIENTED_EDGE('',*,*,#2678,.F.);
#1607=ORIENTED_EDGE('',*,*,#2665,.T.);
#1608=ORIENTED_EDGE('',*,*,#2505,.T.);
#1609=CARTESIAN_POINT('',(-6.6675,-0.3302,2.921));
#1610=DIRECTION('',(0.0,-1.0,0.0));
#1611=DIRECTION('',(0.0,0.0,-1.0));
#1612=ORIENTED_EDGE('',*,*,#2678,.T.);
#1613=ORIENTED_EDGE('',*,*,#2673,.F.);
#1614=ORIENTED_EDGE('',*,*,#2671,.F.);
#1615=ORIENTED_EDGE('',*,*,#2666,.T.);
#1616=CARTESIAN_POINT('',(-6.6675,0.3048,2.921));
#1617=DIRECTION('',(0.0,0.0,1.0));
#1618=DIRECTION('',(1.0,0.0,0.0));
#1619=ORIENTED_EDGE('',*,*,#2679,.T.);
#1620=ORIENTED_EDGE('',*,*,#2680,.F.);
#1621=ORIENTED_EDGE('',*,*,#2677,.F.);
#1622=ORIENTED_EDGE('',*,*,#2681,.F.);
#1623=ORIENTED_EDGE('',*,*,#2668,.T.);
#1624=ORIENTED_EDGE('',*,*,#2682,.T.);
#1625=CARTESIAN_POINT('',(-6.6675,-6.223,-7.493));
#1626=DIRECTION('',(0.0,0.0,-1.0));
#1627=DIRECTION('',(0.0,-1.0,0.0));
#1628=ORIENTED_EDGE('',*,*,#2663,.T.);
#1629=ORIENTED_EDGE('',*,*,#2683,.F.);
#1630=ORIENTED_EDGE('',*,*,#2684,.F.);
#1631=ORIENTED_EDGE('',*,*,#2685,.F.);
#1632=ORIENTED_EDGE('',*,*,#2686,.F.);
#1633=ORIENTED_EDGE('',*,*,#2682,.F.);
#1634=CARTESIAN_POINT('',(-6.6675,0.762,-6.477));
#1635=DIRECTION('',(1.0,0.0,0.0));
#1636=DIRECTION('',(0.0,1.0,0.0));
#1637=ORIENTED_EDGE('',*,*,#2620,.T.);
#1638=ORIENTED_EDGE('',*,*,#2687,.T.);
#1639=ORIENTED_EDGE('',*,*,#2688,.T.);
#1640=ORIENTED_EDGE('',*,*,#2689,.F.);
#1641=CARTESIAN_POINT('',(-6.6675,0.762,-6.477));
#1642=DIRECTION('',(1.0,0.0,0.0));
#1643=DIRECTION('',(0.0,1.0,0.0));
#1644=ORIENTED_EDGE('',*,*,#2690,.F.);
#1645=ORIENTED_EDGE('',*,*,#2679,.F.);
#1646=ORIENTED_EDGE('',*,*,#2686,.T.);
#1647=ORIENTED_EDGE('',*,*,#2691,.T.);
#1648=CARTESIAN_POINT('',(-6.6675,-0.9652,-6.223));
#1649=DIRECTION('',(-1.0,0.0,-0.0));
#1650=DIRECTION('',(0.0,0.0,-1.0));
#1651=ORIENTED_EDGE('',*,*,#2658,.F.);
#1652=ORIENTED_EDGE('',*,*,#2608,.T.);
#1653=ORIENTED_EDGE('',*,*,#2692,.T.);
#1654=ORIENTED_EDGE('',*,*,#2619,.F.);
#1655=CARTESIAN_POINT('',(-7.874,-1.778,-6.477));
#1656=DIRECTION('',(0.0,0.0,-1.0));
#1657=DIRECTION('',(0.0,-1.0,0.0));
#1658=ORIENTED_EDGE('',*,*,#2653,.F.);
#1659=ORIENTED_EDGE('',*,*,#2693,.T.);
#1660=ORIENTED_EDGE('',*,*,#2694,.T.);
#1661=ORIENTED_EDGE('',*,*,#2695,.F.);
#1662=CARTESIAN_POINT('',(-7.874,-1.778,-6.477));
#1663=DIRECTION('',(0.0,0.0,-1.0));
#1664=DIRECTION('',(0.0,-1.0,0.0));
#1665=ORIENTED_EDGE('',*,*,#2645,.F.);
#1666=ORIENTED_EDGE('',*,*,#2696,.T.);
#1667=ORIENTED_EDGE('',*,*,#2697,.T.);
#1668=ORIENTED_EDGE('',*,*,#2698,.F.);
#1669=CARTESIAN_POINT('',(-7.874,-1.778,-6.477));
#1670=DIRECTION('',(0.0,0.0,-1.0));
#1671=DIRECTION('',(0.0,-1.0,0.0));
#1672=ORIENTED_EDGE('',*,*,#2637,.F.);
#1673=ORIENTED_EDGE('',*,*,#2699,.T.);
#1674=ORIENTED_EDGE('',*,*,#2700,.T.);
#1675=ORIENTED_EDGE('',*,*,#2701,.F.);
#1676=CARTESIAN_POINT('',(-7.874,-1.778,-6.477));
#1677=DIRECTION('',(0.0,0.0,-1.0));
#1678=DIRECTION('',(0.0,-1.0,0.0));
#1679=ORIENTED_EDGE('',*,*,#2629,.F.);
#1680=ORIENTED_EDGE('',*,*,#2702,.T.);
#1681=ORIENTED_EDGE('',*,*,#2703,.T.);
#1682=ORIENTED_EDGE('',*,*,#2704,.F.);
#1683=CARTESIAN_POINT('',(-7.874,-1.778,-6.477));
#1684=DIRECTION('',(0.0,0.0,-1.0));
#1685=DIRECTION('',(0.0,-1.0,0.0));
#1686=ORIENTED_EDGE('',*,*,#2685,.T.);
#1687=ORIENTED_EDGE('',*,*,#2705,.F.);
#1688=ORIENTED_EDGE('',*,*,#2706,.T.);
#1689=ORIENTED_EDGE('',*,*,#2707,.T.);
#1690=ORIENTED_EDGE('',*,*,#2708,.F.);
#1691=ORIENTED_EDGE('',*,*,#2709,.T.);
#1692=ORIENTED_EDGE('',*,*,#2613,.F.);
#1693=ORIENTED_EDGE('',*,*,#2710,.F.);
#1694=ORIENTED_EDGE('',*,*,#2603,.T.);
#1695=ORIENTED_EDGE('',*,*,#2711,.F.);
#1696=ORIENTED_EDGE('',*,*,#2712,.F.);
#1697=ORIENTED_EDGE('',*,*,#2713,.F.);
#1698=ORIENTED_EDGE('',*,*,#2714,.T.);
#1699=ORIENTED_EDGE('',*,*,#2715,.F.);
#1700=ORIENTED_EDGE('',*,*,#2716,.F.);
#1701=ORIENTED_EDGE('',*,*,#2717,.F.);
#1702=ORIENTED_EDGE('',*,*,#2718,.T.);
#1703=ORIENTED_EDGE('',*,*,#2719,.F.);
#1704=ORIENTED_EDGE('',*,*,#2720,.F.);
#1705=ORIENTED_EDGE('',*,*,#2721,.F.);
#1706=ORIENTED_EDGE('',*,*,#2722,.T.);
#1707=ORIENTED_EDGE('',*,*,#2723,.F.);
#1708=ORIENTED_EDGE('',*,*,#2724,.F.);
#1709=ORIENTED_EDGE('',*,*,#2725,.F.);
#1710=ORIENTED_EDGE('',*,*,#2726,.T.);
#1711=ORIENTED_EDGE('',*,*,#2727,.F.);
#1712=ORIENTED_EDGE('',*,*,#2728,.F.);
#1713=ORIENTED_EDGE('',*,*,#2691,.F.);
#1714=CARTESIAN_POINT('',(-7.874,-1.778,-6.477));
#1715=DIRECTION('',(0.0,0.0,-1.0));
#1716=DIRECTION('',(0.0,-1.0,0.0));
#1717=ORIENTED_EDGE('',*,*,#2729,.T.);
#1718=ORIENTED_EDGE('',*,*,#2730,.F.);
#1719=ORIENTED_EDGE('',*,*,#2621,.F.);
#1720=ORIENTED_EDGE('',*,*,#2689,.T.);
#1721=CARTESIAN_POINT('',(-7.874,-1.778,-6.477));
#1722=DIRECTION('',(0.0,0.0,-1.0));
#1723=DIRECTION('',(0.0,-1.0,0.0));
#1724=ORIENTED_EDGE('',*,*,#2607,.F.);
#1725=ORIENTED_EDGE('',*,*,#2598,.T.);
#1726=ORIENTED_EDGE('',*,*,#2617,.T.);
#1727=ORIENTED_EDGE('',*,*,#2692,.F.);
#1728=CARTESIAN_POINT('',(6.0325,-0.9652,-6.223));
#1729=DIRECTION('',(-1.0,0.0,-0.0));
#1730=DIRECTION('',(0.0,0.0,-1.0));
#1731=ORIENTED_EDGE('',*,*,#2731,.T.);
#1732=ORIENTED_EDGE('',*,*,#2712,.T.);
#1733=ORIENTED_EDGE('',*,*,#2732,.T.);
#1734=ORIENTED_EDGE('',*,*,#2733,.F.);
#1735=ORIENTED_EDGE('',*,*,#2656,.F.);
#1736=ORIENTED_EDGE('',*,*,#2734,.T.);
#1737=CARTESIAN_POINT('',(4.1275,-1.778,-6.477));
#1738=DIRECTION('',(-1.0,0.0,0.0));
#1739=DIRECTION('',(0.0,0.0,1.0));
#1740=ORIENTED_EDGE('',*,*,#2735,.F.);
#1741=ORIENTED_EDGE('',*,*,#2736,.F.);
#1742=ORIENTED_EDGE('',*,*,#2654,.F.);
#1743=ORIENTED_EDGE('',*,*,#2695,.T.);
#1744=CARTESIAN_POINT('',(4.1275,-1.778,-6.477));
#1745=DIRECTION('',(-1.0,0.0,0.0));
#1746=DIRECTION('',(0.0,0.0,1.0));
#1747=ORIENTED_EDGE('',*,*,#2737,.T.);
#1748=ORIENTED_EDGE('',*,*,#2738,.T.);
#1749=ORIENTED_EDGE('',*,*,#2734,.F.);
#1750=ORIENTED_EDGE('',*,*,#2739,.F.);
#1751=ORIENTED_EDGE('',*,*,#2740,.F.);
#1752=ORIENTED_EDGE('',*,*,#2741,.T.);
#1753=CARTESIAN_POINT('',(3.4925,-6.223,-7.493));
#1754=DIRECTION('',(0.0,0.0,-1.0));
#1755=DIRECTION('',(0.0,-1.0,0.0));
#1756=ORIENTED_EDGE('',*,*,#2742,.F.);
#1757=ORIENTED_EDGE('',*,*,#2743,.F.);
#1758=ORIENTED_EDGE('',*,*,#2490,.F.);
#1759=ORIENTED_EDGE('',*,*,#2744,.F.);
#1760=CARTESIAN_POINT('',(3.4925,0.0,0.0));
#1761=DIRECTION('',(1.0,0.0,0.0));
#1762=DIRECTION('',(0.0,1.0,0.0));
#1763=ORIENTED_EDGE('',*,*,#2651,.T.);
#1764=ORIENTED_EDGE('',*,*,#2741,.F.);
#1765=ORIENTED_EDGE('',*,*,#2745,.F.);
#1766=ORIENTED_EDGE('',*,*,#2746,.F.);
#1767=CARTESIAN_POINT('',(3.4925,0.0,0.0));
#1768=DIRECTION('',(1.0,0.0,0.0));
#1769=DIRECTION('',(0.0,1.0,0.0));
#1770=ORIENTED_EDGE('',*,*,#2489,.T.);
#1771=ORIENTED_EDGE('',*,*,#2747,.F.);
#1772=ORIENTED_EDGE('',*,*,#2748,.F.);
#1773=ORIENTED_EDGE('',*,*,#2744,.T.);
#1774=CARTESIAN_POINT('',(3.4925,-0.3302,2.921));
#1775=DIRECTION('',(0.0,-1.0,0.0));
#1776=DIRECTION('',(0.0,0.0,-1.0));
#1777=ORIENTED_EDGE('',*,*,#2748,.T.);
#1778=ORIENTED_EDGE('',*,*,#2749,.F.);
#1779=ORIENTED_EDGE('',*,*,#2750,.F.);
#1780=ORIENTED_EDGE('',*,*,#2742,.T.);
#1781=CARTESIAN_POINT('',(3.4925,0.3048,2.921));
#1782=DIRECTION('',(0.0,0.0,1.0));
#1783=DIRECTION('',(1.0,0.0,0.0));
#1784=ORIENTED_EDGE('',*,*,#2750,.T.);
#1785=ORIENTED_EDGE('',*,*,#2751,.F.);
#1786=ORIENTED_EDGE('',*,*,#2487,.F.);
#1787=ORIENTED_EDGE('',*,*,#2743,.T.);
#1788=CARTESIAN_POINT('',(3.4925,0.3048,-6.223));
#1789=DIRECTION('',(-0.0,1.0,0.0));
#1790=DIRECTION('',(1.0,0.0,0.0));
#1791=ORIENTED_EDGE('',*,*,#2488,.T.);
#1792=ORIENTED_EDGE('',*,*,#2751,.T.);
#1793=ORIENTED_EDGE('',*,*,#2749,.T.);
#1794=ORIENTED_EDGE('',*,*,#2747,.T.);
#1795=CARTESIAN_POINT('',(4.1275,0.0,0.0));
#1796=DIRECTION('',(1.0,0.0,0.0));
#1797=DIRECTION('',(0.0,1.0,0.0));
#1798=ORIENTED_EDGE('',*,*,#2752,.T.);
#1799=ORIENTED_EDGE('',*,*,#2739,.T.);
#1800=ORIENTED_EDGE('',*,*,#2655,.F.);
#1801=ORIENTED_EDGE('',*,*,#2753,.T.);
#1802=CARTESIAN_POINT('',(4.1275,0.0,0.0));
#1803=DIRECTION('',(1.0,0.0,0.0));
#1804=DIRECTION('',(0.0,1.0,0.0));
#1805=ORIENTED_EDGE('',*,*,#2754,.T.);
#1806=ORIENTED_EDGE('',*,*,#2753,.F.);
#1807=ORIENTED_EDGE('',*,*,#2736,.T.);
#1808=ORIENTED_EDGE('',*,*,#2755,.F.);
#1809=ORIENTED_EDGE('',*,*,#2756,.F.);
#1810=ORIENTED_EDGE('',*,*,#2746,.T.);
#1811=CARTESIAN_POINT('',(3.4925,-0.9652,-6.858));
#1812=DIRECTION('',(0.0,0.0,1.0));
#1813=DIRECTION('',(1.0,0.0,0.0));
#1814=ORIENTED_EDGE('',*,*,#2650,.T.);
#1815=ORIENTED_EDGE('',*,*,#2757,.F.);
#1816=ORIENTED_EDGE('',*,*,#2758,.F.);
#1817=ORIENTED_EDGE('',*,*,#2714,.F.);
#1818=ORIENTED_EDGE('',*,*,#2759,.F.);
#1819=ORIENTED_EDGE('',*,*,#2737,.F.);
#1820=CARTESIAN_POINT('',(3.4925,0.762,-6.477));
#1821=DIRECTION('',(1.0,0.0,0.0));
#1822=DIRECTION('',(0.0,1.0,0.0));
#1823=ORIENTED_EDGE('',*,*,#2652,.T.);
#1824=ORIENTED_EDGE('',*,*,#2756,.T.);
#1825=ORIENTED_EDGE('',*,*,#2760,.T.);
#1826=ORIENTED_EDGE('',*,*,#2693,.F.);
#1827=CARTESIAN_POINT('',(3.4925,0.762,-6.477));
#1828=DIRECTION('',(1.0,0.0,0.0));
#1829=DIRECTION('',(0.0,1.0,0.0));
#1830=ORIENTED_EDGE('',*,*,#2759,.T.);
#1831=ORIENTED_EDGE('',*,*,#2713,.T.);
#1832=ORIENTED_EDGE('',*,*,#2731,.F.);
#1833=ORIENTED_EDGE('',*,*,#2738,.F.);
#1834=CARTESIAN_POINT('',(3.4925,-0.9652,-6.223));
#1835=DIRECTION('',(-1.0,0.0,-0.0));
#1836=DIRECTION('',(0.0,0.0,-1.0));
#1837=ORIENTED_EDGE('',*,*,#2758,.T.);
#1838=ORIENTED_EDGE('',*,*,#2761,.F.);
#1839=ORIENTED_EDGE('',*,*,#2762,.F.);
#1840=ORIENTED_EDGE('',*,*,#2715,.T.);
#1841=CARTESIAN_POINT('',(1.5875,0.762,-6.477));
#1842=DIRECTION('',(-0.0,1.0,0.0));
#1843=DIRECTION('',(1.0,0.0,0.0));
#1844=ORIENTED_EDGE('',*,*,#2763,.T.);
#1845=ORIENTED_EDGE('',*,*,#2716,.T.);
#1846=ORIENTED_EDGE('',*,*,#2762,.T.);
#1847=ORIENTED_EDGE('',*,*,#2764,.F.);
#1848=ORIENTED_EDGE('',*,*,#2648,.F.);
#1849=ORIENTED_EDGE('',*,*,#2765,.T.);
#1850=CARTESIAN_POINT('',(1.5875,-1.778,-6.477));
#1851=DIRECTION('',(-1.0,0.0,0.0));
#1852=DIRECTION('',(0.0,0.0,1.0));
#1853=ORIENTED_EDGE('',*,*,#2766,.F.);
#1854=ORIENTED_EDGE('',*,*,#2767,.F.);
#1855=ORIENTED_EDGE('',*,*,#2646,.F.);
#1856=ORIENTED_EDGE('',*,*,#2698,.T.);
#1857=CARTESIAN_POINT('',(1.5875,-1.778,-6.477));
#1858=DIRECTION('',(-1.0,0.0,0.0));
#1859=DIRECTION('',(0.0,0.0,1.0));
#1860=ORIENTED_EDGE('',*,*,#2768,.T.);
#1861=ORIENTED_EDGE('',*,*,#2769,.T.);
#1862=ORIENTED_EDGE('',*,*,#2765,.F.);
#1863=ORIENTED_EDGE('',*,*,#2770,.F.);
#1864=ORIENTED_EDGE('',*,*,#2771,.F.);
#1865=ORIENTED_EDGE('',*,*,#2772,.T.);
#1866=CARTESIAN_POINT('',(0.9525,-6.223,-7.493));
#1867=DIRECTION('',(0.0,0.0,-1.0));
#1868=DIRECTION('',(0.0,-1.0,0.0));
#1869=ORIENTED_EDGE('',*,*,#2773,.F.);
#1870=ORIENTED_EDGE('',*,*,#2774,.F.);
#1871=ORIENTED_EDGE('',*,*,#2775,.F.);
#1872=ORIENTED_EDGE('',*,*,#2494,.F.);
#1873=CARTESIAN_POINT('',(0.9525,0.0,0.0));
#1874=DIRECTION('',(1.0,0.0,0.0));
#1875=DIRECTION('',(0.0,1.0,0.0));
#1876=ORIENTED_EDGE('',*,*,#2643,.T.);
#1877=ORIENTED_EDGE('',*,*,#2772,.F.);
#1878=ORIENTED_EDGE('',*,*,#2776,.F.);
#1879=ORIENTED_EDGE('',*,*,#2777,.F.);
#1880=CARTESIAN_POINT('',(0.9525,0.0,0.0));
#1881=DIRECTION('',(1.0,0.0,0.0));
#1882=DIRECTION('',(0.0,1.0,0.0));
#1883=ORIENTED_EDGE('',*,*,#2775,.T.);
#1884=ORIENTED_EDGE('',*,*,#2778,.T.);
#1885=ORIENTED_EDGE('',*,*,#2779,.F.);
#1886=ORIENTED_EDGE('',*,*,#2491,.F.);
#1887=CARTESIAN_POINT('',(0.9525,0.3048,-6.223));
#1888=DIRECTION('',(-0.0,1.0,0.0));
#1889=DIRECTION('',(1.0,0.0,0.0));
#1890=ORIENTED_EDGE('',*,*,#2779,.T.);
#1891=ORIENTED_EDGE('',*,*,#2780,.T.);
#1892=ORIENTED_EDGE('',*,*,#2781,.T.);
#1893=ORIENTED_EDGE('',*,*,#2492,.T.);
#1894=CARTESIAN_POINT('',(1.5875,0.0,0.0));
#1895=DIRECTION('',(1.0,0.0,0.0));
#1896=DIRECTION('',(0.0,1.0,0.0));
#1897=ORIENTED_EDGE('',*,*,#2782,.T.);
#1898=ORIENTED_EDGE('',*,*,#2770,.T.);
#1899=ORIENTED_EDGE('',*,*,#2647,.F.);
#1900=ORIENTED_EDGE('',*,*,#2783,.T.);
#1901=CARTESIAN_POINT('',(1.5875,0.0,0.0));
#1902=DIRECTION('',(1.0,0.0,0.0));
#1903=DIRECTION('',(0.0,1.0,0.0));
#1904=ORIENTED_EDGE('',*,*,#2781,.F.);
#1905=ORIENTED_EDGE('',*,*,#2784,.F.);
#1906=ORIENTED_EDGE('',*,*,#2773,.T.);
#1907=ORIENTED_EDGE('',*,*,#2493,.T.);
#1908=CARTESIAN_POINT('',(0.9525,-0.3302,2.921));
#1909=DIRECTION('',(0.0,-1.0,0.0));
#1910=DIRECTION('',(0.0,0.0,-1.0));
#1911=ORIENTED_EDGE('',*,*,#2784,.T.);
#1912=ORIENTED_EDGE('',*,*,#2780,.F.);
#1913=ORIENTED_EDGE('',*,*,#2778,.F.);
#1914=ORIENTED_EDGE('',*,*,#2774,.T.);
#1915=CARTESIAN_POINT('',(0.9525,0.3048,2.921));
#1916=DIRECTION('',(0.0,0.0,1.0));
#1917=DIRECTION('',(1.0,0.0,0.0));
#1918=ORIENTED_EDGE('',*,*,#2785,.T.);
#1919=ORIENTED_EDGE('',*,*,#2783,.F.);
#1920=ORIENTED_EDGE('',*,*,#2767,.T.);
#1921=ORIENTED_EDGE('',*,*,#2786,.F.);
#1922=ORIENTED_EDGE('',*,*,#2787,.F.);
#1923=ORIENTED_EDGE('',*,*,#2777,.T.);
#1924=CARTESIAN_POINT('',(0.9525,-0.9652,-6.858));
#1925=DIRECTION('',(0.0,0.0,1.0));
#1926=DIRECTION('',(1.0,0.0,0.0));
#1927=ORIENTED_EDGE('',*,*,#2642,.T.);
#1928=ORIENTED_EDGE('',*,*,#2788,.F.);
#1929=ORIENTED_EDGE('',*,*,#2789,.F.);
#1930=ORIENTED_EDGE('',*,*,#2718,.F.);
#1931=ORIENTED_EDGE('',*,*,#2790,.F.);
#1932=ORIENTED_EDGE('',*,*,#2768,.F.);
#1933=CARTESIAN_POINT('',(0.9525,0.762,-6.477));
#1934=DIRECTION('',(1.0,0.0,0.0));
#1935=DIRECTION('',(0.0,1.0,0.0));
#1936=ORIENTED_EDGE('',*,*,#2644,.T.);
#1937=ORIENTED_EDGE('',*,*,#2787,.T.);
#1938=ORIENTED_EDGE('',*,*,#2791,.T.);
#1939=ORIENTED_EDGE('',*,*,#2696,.F.);
#1940=CARTESIAN_POINT('',(0.9525,0.762,-6.477));
#1941=DIRECTION('',(1.0,0.0,0.0));
#1942=DIRECTION('',(0.0,1.0,0.0));
#1943=ORIENTED_EDGE('',*,*,#2763,.F.);
#1944=ORIENTED_EDGE('',*,*,#2769,.F.);
#1945=ORIENTED_EDGE('',*,*,#2790,.T.);
#1946=ORIENTED_EDGE('',*,*,#2717,.T.);
#1947=CARTESIAN_POINT('',(0.9525,-0.9652,-6.223));
#1948=DIRECTION('',(-1.0,0.0,-0.0));
#1949=DIRECTION('',(0.0,0.0,-1.0));
#1950=ORIENTED_EDGE('',*,*,#2789,.T.);
#1951=ORIENTED_EDGE('',*,*,#2792,.F.);
#1952=ORIENTED_EDGE('',*,*,#2793,.F.);
#1953=ORIENTED_EDGE('',*,*,#2719,.T.);
#1954=CARTESIAN_POINT('',(-0.9525,0.762,-6.477));
#1955=DIRECTION('',(-0.0,1.0,0.0));
#1956=DIRECTION('',(1.0,0.0,0.0));
#1957=ORIENTED_EDGE('',*,*,#2794,.T.);
#1958=ORIENTED_EDGE('',*,*,#2720,.T.);
#1959=ORIENTED_EDGE('',*,*,#2793,.T.);
#1960=ORIENTED_EDGE('',*,*,#2795,.F.);
#1961=ORIENTED_EDGE('',*,*,#2640,.F.);
#1962=ORIENTED_EDGE('',*,*,#2796,.T.);
#1963=CARTESIAN_POINT('',(-0.9525,-1.778,-6.477));
#1964=DIRECTION('',(-1.0,0.0,0.0));
#1965=DIRECTION('',(0.0,0.0,1.0));
#1966=ORIENTED_EDGE('',*,*,#2797,.F.);
#1967=ORIENTED_EDGE('',*,*,#2798,.F.);
#1968=ORIENTED_EDGE('',*,*,#2638,.F.);
#1969=ORIENTED_EDGE('',*,*,#2701,.T.);
#1970=CARTESIAN_POINT('',(-0.9525,-1.778,-6.477));
#1971=DIRECTION('',(-1.0,0.0,0.0));
#1972=DIRECTION('',(0.0,0.0,1.0));
#1973=ORIENTED_EDGE('',*,*,#2799,.F.);
#1974=ORIENTED_EDGE('',*,*,#2800,.F.);
#1975=ORIENTED_EDGE('',*,*,#2801,.T.);
#1976=ORIENTED_EDGE('',*,*,#2802,.T.);
#1977=ORIENTED_EDGE('',*,*,#2803,.T.);
#1978=ORIENTED_EDGE('',*,*,#2796,.F.);
#1979=CARTESIAN_POINT('',(-1.5875,-6.223,-7.493));
#1980=DIRECTION('',(0.0,0.0,-1.0));
#1981=DIRECTION('',(0.0,-1.0,0.0));
#1982=ORIENTED_EDGE('',*,*,#2794,.F.);
#1983=ORIENTED_EDGE('',*,*,#2803,.F.);
#1984=ORIENTED_EDGE('',*,*,#2804,.T.);
#1985=ORIENTED_EDGE('',*,*,#2721,.T.);
#1986=CARTESIAN_POINT('',(-1.5875,-0.9652,-6.223));
#1987=DIRECTION('',(-1.0,0.0,-0.0));
#1988=DIRECTION('',(0.0,0.0,-1.0));
#1989=ORIENTED_EDGE('',*,*,#2634,.T.);
#1990=ORIENTED_EDGE('',*,*,#2805,.F.);
#1991=ORIENTED_EDGE('',*,*,#2806,.F.);
#1992=ORIENTED_EDGE('',*,*,#2722,.F.);
#1993=ORIENTED_EDGE('',*,*,#2804,.F.);
#1994=ORIENTED_EDGE('',*,*,#2802,.F.);
#1995=CARTESIAN_POINT('',(-1.5875,0.762,-6.477));
#1996=DIRECTION('',(1.0,0.0,0.0));
#1997=DIRECTION('',(0.0,1.0,0.0));
#1998=ORIENTED_EDGE('',*,*,#2636,.T.);
#1999=ORIENTED_EDGE('',*,*,#2807,.T.);
#2000=ORIENTED_EDGE('',*,*,#2808,.T.);
#2001=ORIENTED_EDGE('',*,*,#2699,.F.);
#2002=CARTESIAN_POINT('',(-1.5875,0.762,-6.477));
#2003=DIRECTION('',(1.0,0.0,0.0));
#2004=DIRECTION('',(0.0,1.0,0.0));
#2005=ORIENTED_EDGE('',*,*,#2806,.T.);
#2006=ORIENTED_EDGE('',*,*,#2809,.F.);
#2007=ORIENTED_EDGE('',*,*,#2810,.F.);
#2008=ORIENTED_EDGE('',*,*,#2723,.T.);
#2009=CARTESIAN_POINT('',(-3.4925,0.762,-6.477));
#2010=DIRECTION('',(-0.0,1.0,0.0));
#2011=DIRECTION('',(1.0,0.0,0.0));
#2012=ORIENTED_EDGE('',*,*,#2811,.T.);
#2013=ORIENTED_EDGE('',*,*,#2724,.T.);
#2014=ORIENTED_EDGE('',*,*,#2810,.T.);
#2015=ORIENTED_EDGE('',*,*,#2812,.F.);
#2016=ORIENTED_EDGE('',*,*,#2632,.F.);
#2017=ORIENTED_EDGE('',*,*,#2813,.T.);
#2018=CARTESIAN_POINT('',(-3.4925,-1.778,-6.477));
#2019=DIRECTION('',(-1.0,0.0,0.0));
#2020=DIRECTION('',(0.0,0.0,1.0));
#2021=ORIENTED_EDGE('',*,*,#2814,.F.);
#2022=ORIENTED_EDGE('',*,*,#2815,.F.);
#2023=ORIENTED_EDGE('',*,*,#2630,.F.);
#2024=ORIENTED_EDGE('',*,*,#2704,.T.);
#2025=CARTESIAN_POINT('',(-3.4925,-1.778,-6.477));
#2026=DIRECTION('',(-1.0,0.0,0.0));
#2027=DIRECTION('',(0.0,0.0,1.0));
#2028=ORIENTED_EDGE('',*,*,#2816,.F.);
#2029=ORIENTED_EDGE('',*,*,#2817,.F.);
#2030=ORIENTED_EDGE('',*,*,#2818,.T.);
#2031=ORIENTED_EDGE('',*,*,#2819,.T.);
#2032=ORIENTED_EDGE('',*,*,#2820,.T.);
#2033=ORIENTED_EDGE('',*,*,#2813,.F.);
#2034=CARTESIAN_POINT('',(-4.1275,-6.223,-7.493));
#2035=DIRECTION('',(0.0,0.0,-1.0));
#2036=DIRECTION('',(0.0,-1.0,0.0));
#2037=ORIENTED_EDGE('',*,*,#2811,.F.);
#2038=ORIENTED_EDGE('',*,*,#2820,.F.);
#2039=ORIENTED_EDGE('',*,*,#2821,.T.);
#2040=ORIENTED_EDGE('',*,*,#2725,.T.);
#2041=CARTESIAN_POINT('',(-4.1275,-0.9652,-6.223));
#2042=DIRECTION('',(-1.0,0.0,-0.0));
#2043=DIRECTION('',(0.0,0.0,-1.0));
#2044=ORIENTED_EDGE('',*,*,#2626,.T.);
#2045=ORIENTED_EDGE('',*,*,#2822,.F.);
#2046=ORIENTED_EDGE('',*,*,#2823,.F.);
#2047=ORIENTED_EDGE('',*,*,#2726,.F.);
#2048=ORIENTED_EDGE('',*,*,#2821,.F.);
#2049=ORIENTED_EDGE('',*,*,#2819,.F.);
#2050=CARTESIAN_POINT('',(-4.1275,0.762,-6.477));
#2051=DIRECTION('',(1.0,0.0,0.0));
#2052=DIRECTION('',(0.0,1.0,0.0));
#2053=ORIENTED_EDGE('',*,*,#2628,.T.);
#2054=ORIENTED_EDGE('',*,*,#2824,.T.);
#2055=ORIENTED_EDGE('',*,*,#2825,.T.);
#2056=ORIENTED_EDGE('',*,*,#2702,.F.);
#2057=CARTESIAN_POINT('',(-4.1275,0.762,-6.477));
#2058=DIRECTION('',(1.0,0.0,0.0));
#2059=DIRECTION('',(0.0,1.0,0.0));
#2060=ORIENTED_EDGE('',*,*,#2823,.T.);
#2061=ORIENTED_EDGE('',*,*,#2826,.F.);
#2062=ORIENTED_EDGE('',*,*,#2827,.F.);
#2063=ORIENTED_EDGE('',*,*,#2727,.T.);
#2064=CARTESIAN_POINT('',(-6.0325,0.762,-6.477));
#2065=DIRECTION('',(-0.0,1.0,0.0));
#2066=DIRECTION('',(1.0,0.0,0.0));
#2067=ORIENTED_EDGE('',*,*,#2690,.T.);
#2068=ORIENTED_EDGE('',*,*,#2728,.T.);
#2069=ORIENTED_EDGE('',*,*,#2827,.T.);
#2070=ORIENTED_EDGE('',*,*,#2828,.F.);
#2071=ORIENTED_EDGE('',*,*,#2624,.F.);
#2072=ORIENTED_EDGE('',*,*,#2680,.T.);
#2073=CARTESIAN_POINT('',(-6.0325,-1.778,-6.477));
#2074=DIRECTION('',(-1.0,0.0,0.0));
#2075=DIRECTION('',(0.0,0.0,1.0));
#2076=ORIENTED_EDGE('',*,*,#2829,.F.);
#2077=ORIENTED_EDGE('',*,*,#2830,.F.);
#2078=ORIENTED_EDGE('',*,*,#2622,.F.);
#2079=ORIENTED_EDGE('',*,*,#2730,.T.);
#2080=CARTESIAN_POINT('',(-6.0325,-1.778,-6.477));
#2081=DIRECTION('',(-1.0,0.0,0.0));
#2082=DIRECTION('',(0.0,0.0,1.0));
#2083=ORIENTED_EDGE('',*,*,#2625,.T.);
#2084=ORIENTED_EDGE('',*,*,#2828,.T.);
#2085=ORIENTED_EDGE('',*,*,#2826,.T.);
#2086=ORIENTED_EDGE('',*,*,#2822,.T.);
#2087=CARTESIAN_POINT('',(0.0,0.0,-7.874));
#2088=DIRECTION('',(0.0,0.0,1.0));
#2089=DIRECTION('',(1.0,0.0,0.0));
#2090=ORIENTED_EDGE('',*,*,#2831,.T.);
#2091=ORIENTED_EDGE('',*,*,#2675,.F.);
#2092=ORIENTED_EDGE('',*,*,#2830,.T.);
#2093=ORIENTED_EDGE('',*,*,#2832,.F.);
#2094=ORIENTED_EDGE('',*,*,#2687,.F.);
#2095=ORIENTED_EDGE('',*,*,#2670,.T.);
#2096=CARTESIAN_POINT('',(-6.6675,-0.9652,-6.858));
#2097=DIRECTION('',(0.0,0.0,1.0));
#2098=DIRECTION('',(1.0,0.0,0.0));
#2099=ORIENTED_EDGE('',*,*,#2688,.F.);
#2100=ORIENTED_EDGE('',*,*,#2832,.T.);
#2101=ORIENTED_EDGE('',*,*,#2829,.T.);
#2102=ORIENTED_EDGE('',*,*,#2729,.F.);
#2103=CARTESIAN_POINT('',(-6.6675,-0.9652,-6.223));
#2104=DIRECTION('',(-1.0,0.0,-0.0));
#2105=DIRECTION('',(0.0,0.0,-1.0));
#2106=ORIENTED_EDGE('',*,*,#2681,.T.);
#2107=ORIENTED_EDGE('',*,*,#2676,.F.);
#2108=ORIENTED_EDGE('',*,*,#2831,.F.);
#2109=ORIENTED_EDGE('',*,*,#2669,.T.);
#2110=CARTESIAN_POINT('',(-6.6675,-6.223,-6.858));
#2111=DIRECTION('',(0.0,-1.0,0.0));
#2112=DIRECTION('',(0.0,0.0,-1.0));
#2113=ORIENTED_EDGE('',*,*,#2825,.F.);
#2114=ORIENTED_EDGE('',*,*,#2833,.T.);
#2115=ORIENTED_EDGE('',*,*,#2814,.T.);
#2116=ORIENTED_EDGE('',*,*,#2703,.F.);
#2117=CARTESIAN_POINT('',(-4.1275,-0.9652,-6.223));
#2118=DIRECTION('',(-1.0,0.0,-0.0));
#2119=DIRECTION('',(0.0,0.0,-1.0));
#2120=ORIENTED_EDGE('',*,*,#2834,.T.);
#2121=ORIENTED_EDGE('',*,*,#2835,.F.);
#2122=ORIENTED_EDGE('',*,*,#2815,.T.);
#2123=ORIENTED_EDGE('',*,*,#2833,.F.);
#2124=ORIENTED_EDGE('',*,*,#2824,.F.);
#2125=ORIENTED_EDGE('',*,*,#2836,.T.);
#2126=CARTESIAN_POINT('',(-4.1275,-0.9652,-6.858));
#2127=DIRECTION('',(0.0,0.0,1.0));
#2128=DIRECTION('',(1.0,0.0,0.0));
#2129=ORIENTED_EDGE('',*,*,#2837,.F.);
#2130=ORIENTED_EDGE('',*,*,#2838,.F.);
#2131=ORIENTED_EDGE('',*,*,#2839,.F.);
#2132=ORIENTED_EDGE('',*,*,#2502,.F.);
#2133=CARTESIAN_POINT('',(-4.1275,0.0,0.0));
#2134=DIRECTION('',(1.0,0.0,0.0));
#2135=DIRECTION('',(0.0,1.0,0.0));
#2136=ORIENTED_EDGE('',*,*,#2818,.F.);
#2137=ORIENTED_EDGE('',*,*,#2840,.F.);
#2138=ORIENTED_EDGE('',*,*,#2836,.F.);
#2139=ORIENTED_EDGE('',*,*,#2627,.T.);
#2140=CARTESIAN_POINT('',(-4.1275,0.0,0.0));
#2141=DIRECTION('',(1.0,0.0,0.0));
#2142=DIRECTION('',(0.0,1.0,0.0));
#2143=ORIENTED_EDGE('',*,*,#2839,.T.);
#2144=ORIENTED_EDGE('',*,*,#2841,.T.);
#2145=ORIENTED_EDGE('',*,*,#2842,.F.);
#2146=ORIENTED_EDGE('',*,*,#2499,.F.);
#2147=CARTESIAN_POINT('',(-4.1275,0.3048,-6.223));
#2148=DIRECTION('',(-0.0,1.0,0.0));
#2149=DIRECTION('',(1.0,0.0,0.0));
#2150=ORIENTED_EDGE('',*,*,#2842,.T.);
#2151=ORIENTED_EDGE('',*,*,#2843,.T.);
#2152=ORIENTED_EDGE('',*,*,#2844,.T.);
#2153=ORIENTED_EDGE('',*,*,#2500,.T.);
#2154=CARTESIAN_POINT('',(-3.4925,0.0,0.0));
#2155=DIRECTION('',(1.0,0.0,0.0));
#2156=DIRECTION('',(0.0,1.0,0.0));
#2157=ORIENTED_EDGE('',*,*,#2835,.T.);
#2158=ORIENTED_EDGE('',*,*,#2845,.T.);
#2159=ORIENTED_EDGE('',*,*,#2816,.T.);
#2160=ORIENTED_EDGE('',*,*,#2631,.F.);
#2161=CARTESIAN_POINT('',(-3.4925,0.0,0.0));
#2162=DIRECTION('',(1.0,0.0,0.0));
#2163=DIRECTION('',(0.0,1.0,0.0));
#2164=ORIENTED_EDGE('',*,*,#2844,.F.);
#2165=ORIENTED_EDGE('',*,*,#2846,.F.);
#2166=ORIENTED_EDGE('',*,*,#2837,.T.);
#2167=ORIENTED_EDGE('',*,*,#2501,.T.);
#2168=CARTESIAN_POINT('',(-4.1275,-0.3302,2.921));
#2169=DIRECTION('',(0.0,-1.0,0.0));
#2170=DIRECTION('',(0.0,0.0,-1.0));
#2171=ORIENTED_EDGE('',*,*,#2846,.T.);
#2172=ORIENTED_EDGE('',*,*,#2843,.F.);
#2173=ORIENTED_EDGE('',*,*,#2841,.F.);
#2174=ORIENTED_EDGE('',*,*,#2838,.T.);
#2175=CARTESIAN_POINT('',(-4.1275,0.3048,2.921));
#2176=DIRECTION('',(0.0,0.0,1.0));
#2177=DIRECTION('',(1.0,0.0,0.0));
#2178=ORIENTED_EDGE('',*,*,#2817,.T.);
#2179=ORIENTED_EDGE('',*,*,#2845,.F.);
#2180=ORIENTED_EDGE('',*,*,#2834,.F.);
#2181=ORIENTED_EDGE('',*,*,#2840,.T.);
#2182=CARTESIAN_POINT('',(-4.1275,-6.223,-6.858));
#2183=DIRECTION('',(0.0,-1.0,0.0));
#2184=DIRECTION('',(0.0,0.0,-1.0));
#2185=ORIENTED_EDGE('',*,*,#2633,.T.);
#2186=ORIENTED_EDGE('',*,*,#2812,.T.);
#2187=ORIENTED_EDGE('',*,*,#2809,.T.);
#2188=ORIENTED_EDGE('',*,*,#2805,.T.);
#2189=CARTESIAN_POINT('',(0.0,0.0,-7.874));
#2190=DIRECTION('',(0.0,0.0,1.0));
#2191=DIRECTION('',(1.0,0.0,0.0));
#2192=ORIENTED_EDGE('',*,*,#2808,.F.);
#2193=ORIENTED_EDGE('',*,*,#2847,.T.);
#2194=ORIENTED_EDGE('',*,*,#2797,.T.);
#2195=ORIENTED_EDGE('',*,*,#2700,.F.);
#2196=CARTESIAN_POINT('',(-1.5875,-0.9652,-6.223));
#2197=DIRECTION('',(-1.0,0.0,-0.0));
#2198=DIRECTION('',(0.0,0.0,-1.0));
#2199=ORIENTED_EDGE('',*,*,#2848,.T.);
#2200=ORIENTED_EDGE('',*,*,#2849,.F.);
#2201=ORIENTED_EDGE('',*,*,#2798,.T.);
#2202=ORIENTED_EDGE('',*,*,#2847,.F.);
#2203=ORIENTED_EDGE('',*,*,#2807,.F.);
#2204=ORIENTED_EDGE('',*,*,#2850,.T.);
#2205=CARTESIAN_POINT('',(-1.5875,-0.9652,-6.858));
#2206=DIRECTION('',(0.0,0.0,1.0));
#2207=DIRECTION('',(1.0,0.0,0.0));
#2208=ORIENTED_EDGE('',*,*,#2851,.F.);
#2209=ORIENTED_EDGE('',*,*,#2852,.F.);
#2210=ORIENTED_EDGE('',*,*,#2853,.F.);
#2211=ORIENTED_EDGE('',*,*,#2498,.F.);
#2212=CARTESIAN_POINT('',(-1.5875,0.0,0.0));
#2213=DIRECTION('',(1.0,0.0,0.0));
#2214=DIRECTION('',(0.0,1.0,0.0));
#2215=ORIENTED_EDGE('',*,*,#2801,.F.);
#2216=ORIENTED_EDGE('',*,*,#2854,.F.);
#2217=ORIENTED_EDGE('',*,*,#2850,.F.);
#2218=ORIENTED_EDGE('',*,*,#2635,.T.);
#2219=CARTESIAN_POINT('',(-1.5875,0.0,0.0));
#2220=DIRECTION('',(1.0,0.0,0.0));
#2221=DIRECTION('',(0.0,1.0,0.0));
#2222=ORIENTED_EDGE('',*,*,#2853,.T.);
#2223=ORIENTED_EDGE('',*,*,#2855,.T.);
#2224=ORIENTED_EDGE('',*,*,#2856,.F.);
#2225=ORIENTED_EDGE('',*,*,#2495,.F.);
#2226=CARTESIAN_POINT('',(-1.5875,0.3048,-6.223));
#2227=DIRECTION('',(-0.0,1.0,0.0));
#2228=DIRECTION('',(1.0,0.0,0.0));
#2229=ORIENTED_EDGE('',*,*,#2856,.T.);
#2230=ORIENTED_EDGE('',*,*,#2857,.T.);
#2231=ORIENTED_EDGE('',*,*,#2858,.T.);
#2232=ORIENTED_EDGE('',*,*,#2496,.T.);
#2233=CARTESIAN_POINT('',(-0.9525,0.0,0.0));
#2234=DIRECTION('',(1.0,0.0,0.0));
#2235=DIRECTION('',(0.0,1.0,0.0));
#2236=ORIENTED_EDGE('',*,*,#2849,.T.);
#2237=ORIENTED_EDGE('',*,*,#2859,.T.);
#2238=ORIENTED_EDGE('',*,*,#2799,.T.);
#2239=ORIENTED_EDGE('',*,*,#2639,.F.);
#2240=CARTESIAN_POINT('',(-0.9525,0.0,0.0));
#2241=DIRECTION('',(1.0,0.0,0.0));
#2242=DIRECTION('',(0.0,1.0,0.0));
#2243=ORIENTED_EDGE('',*,*,#2858,.F.);
#2244=ORIENTED_EDGE('',*,*,#2860,.F.);
#2245=ORIENTED_EDGE('',*,*,#2851,.T.);
#2246=ORIENTED_EDGE('',*,*,#2497,.T.);
#2247=CARTESIAN_POINT('',(-1.5875,-0.3302,2.921));
#2248=DIRECTION('',(0.0,-1.0,0.0));
#2249=DIRECTION('',(0.0,0.0,-1.0));
#2250=ORIENTED_EDGE('',*,*,#2860,.T.);
#2251=ORIENTED_EDGE('',*,*,#2857,.F.);
#2252=ORIENTED_EDGE('',*,*,#2855,.F.);
#2253=ORIENTED_EDGE('',*,*,#2852,.T.);
#2254=CARTESIAN_POINT('',(-1.5875,0.3048,2.921));
#2255=DIRECTION('',(0.0,0.0,1.0));
#2256=DIRECTION('',(1.0,0.0,0.0));
#2257=ORIENTED_EDGE('',*,*,#2800,.T.);
#2258=ORIENTED_EDGE('',*,*,#2859,.F.);
#2259=ORIENTED_EDGE('',*,*,#2848,.F.);
#2260=ORIENTED_EDGE('',*,*,#2854,.T.);
#2261=CARTESIAN_POINT('',(-1.5875,-6.223,-6.858));
#2262=DIRECTION('',(0.0,-1.0,0.0));
#2263=DIRECTION('',(0.0,0.0,-1.0));
#2264=ORIENTED_EDGE('',*,*,#2641,.T.);
#2265=ORIENTED_EDGE('',*,*,#2795,.T.);
#2266=ORIENTED_EDGE('',*,*,#2792,.T.);
#2267=ORIENTED_EDGE('',*,*,#2788,.T.);
#2268=CARTESIAN_POINT('',(0.0,0.0,-7.874));
#2269=DIRECTION('',(0.0,0.0,1.0));
#2270=DIRECTION('',(1.0,0.0,0.0));
#2271=ORIENTED_EDGE('',*,*,#2791,.F.);
#2272=ORIENTED_EDGE('',*,*,#2786,.T.);
#2273=ORIENTED_EDGE('',*,*,#2766,.T.);
#2274=ORIENTED_EDGE('',*,*,#2697,.F.);
#2275=CARTESIAN_POINT('',(0.9525,-0.9652,-6.223));
#2276=DIRECTION('',(-1.0,0.0,-0.0));
#2277=DIRECTION('',(0.0,0.0,-1.0));
#2278=ORIENTED_EDGE('',*,*,#2771,.T.);
#2279=ORIENTED_EDGE('',*,*,#2782,.F.);
#2280=ORIENTED_EDGE('',*,*,#2785,.F.);
#2281=ORIENTED_EDGE('',*,*,#2776,.T.);
#2282=CARTESIAN_POINT('',(0.9525,-6.223,-6.858));
#2283=DIRECTION('',(0.0,-1.0,0.0));
#2284=DIRECTION('',(0.0,0.0,-1.0));
#2285=ORIENTED_EDGE('',*,*,#2649,.T.);
#2286=ORIENTED_EDGE('',*,*,#2764,.T.);
#2287=ORIENTED_EDGE('',*,*,#2761,.T.);
#2288=ORIENTED_EDGE('',*,*,#2757,.T.);
#2289=CARTESIAN_POINT('',(0.0,0.0,-7.874));
#2290=DIRECTION('',(0.0,0.0,1.0));
#2291=DIRECTION('',(1.0,0.0,0.0));
#2292=ORIENTED_EDGE('',*,*,#2760,.F.);
#2293=ORIENTED_EDGE('',*,*,#2755,.T.);
#2294=ORIENTED_EDGE('',*,*,#2735,.T.);
#2295=ORIENTED_EDGE('',*,*,#2694,.F.);
#2296=CARTESIAN_POINT('',(3.4925,-0.9652,-6.223));
#2297=DIRECTION('',(-1.0,0.0,-0.0));
#2298=DIRECTION('',(0.0,0.0,-1.0));
#2299=ORIENTED_EDGE('',*,*,#2740,.T.);
#2300=ORIENTED_EDGE('',*,*,#2752,.F.);
#2301=ORIENTED_EDGE('',*,*,#2754,.F.);
#2302=ORIENTED_EDGE('',*,*,#2745,.T.);
#2303=CARTESIAN_POINT('',(3.4925,-6.223,-6.858));
#2304=DIRECTION('',(0.0,-1.0,0.0));
#2305=DIRECTION('',(0.0,0.0,-1.0));
#2306=ORIENTED_EDGE('',*,*,#2657,.T.);
#2307=ORIENTED_EDGE('',*,*,#2733,.T.);
#2308=ORIENTED_EDGE('',*,*,#2861,.T.);
#2309=ORIENTED_EDGE('',*,*,#2601,.T.);
#2310=CARTESIAN_POINT('',(0.0,0.0,-7.874));
#2311=DIRECTION('',(0.0,0.0,1.0));
#2312=DIRECTION('',(1.0,0.0,0.0));
#2313=ORIENTED_EDGE('',*,*,#2602,.T.);
#2314=ORIENTED_EDGE('',*,*,#2861,.F.);
#2315=ORIENTED_EDGE('',*,*,#2732,.F.);
#2316=ORIENTED_EDGE('',*,*,#2711,.T.);
#2317=CARTESIAN_POINT('',(4.1275,0.762,-6.477));
#2318=DIRECTION('',(-0.0,1.0,0.0));
#2319=DIRECTION('',(1.0,0.0,0.0));
#2320=ORIENTED_EDGE('',*,*,#2604,.T.);
#2321=ORIENTED_EDGE('',*,*,#2710,.T.);
#2322=ORIENTED_EDGE('',*,*,#2612,.F.);
#2323=ORIENTED_EDGE('',*,*,#2610,.F.);
#2324=CARTESIAN_POINT('',(6.0325,-0.9652,-6.223));
#2325=DIRECTION('',(-1.0,0.0,-0.0));
#2326=DIRECTION('',(0.0,0.0,-1.0));
#2327=ORIENTED_EDGE('',*,*,#2862,.T.);
#2328=ORIENTED_EDGE('',*,*,#2863,.F.);
#2329=ORIENTED_EDGE('',*,*,#2614,.F.);
#2330=ORIENTED_EDGE('',*,*,#2709,.F.);
#2331=CARTESIAN_POINT('',(6.6675,0.762,-6.477));
#2332=DIRECTION('',(-0.0,1.0,0.0));
#2333=DIRECTION('',(1.0,0.0,0.0));
#2334=ORIENTED_EDGE('',*,*,#2659,.T.);
#2335=ORIENTED_EDGE('',*,*,#2615,.T.);
#2336=ORIENTED_EDGE('',*,*,#2863,.T.);
#2337=ORIENTED_EDGE('',*,*,#2864,.T.);
#2338=CARTESIAN_POINT('',(0.0,0.0,-7.874));
#2339=DIRECTION('',(0.0,0.0,1.0));
#2340=DIRECTION('',(1.0,0.0,0.0));
#2341=ORIENTED_EDGE('',*,*,#2865,.T.);
#2342=ORIENTED_EDGE('',*,*,#2866,.T.);
#2343=ORIENTED_EDGE('',*,*,#2683,.T.);
#2344=ORIENTED_EDGE('',*,*,#2662,.T.);
#2345=CARTESIAN_POINT('',(0.0,0.0,-7.874));
#2346=DIRECTION('',(0.0,0.0,1.0));
#2347=DIRECTION('',(1.0,0.0,0.0));
#2348=ORIENTED_EDGE('',*,*,#2867,.T.);
#2349=ORIENTED_EDGE('',*,*,#2412,.F.);
#2350=ORIENTED_EDGE('',*,*,#2660,.T.);
#2351=ORIENTED_EDGE('',*,*,#2864,.F.);
#2352=ORIENTED_EDGE('',*,*,#2862,.F.);
#2353=ORIENTED_EDGE('',*,*,#2708,.T.);
#2354=CARTESIAN_POINT('',(7.874,-1.524,5.715));
#2355=DIRECTION('',(1.0,0.0,0.0));
#2356=DIRECTION('',(0.0,1.0,0.0));
#2357=ORIENTED_EDGE('',*,*,#2867,.F.);
#2358=ORIENTED_EDGE('',*,*,#2707,.F.);
#2359=ORIENTED_EDGE('',*,*,#2868,.T.);
#2360=ORIENTED_EDGE('',*,*,#2413,.T.);
#2361=CARTESIAN_POINT('',(-7.874,1.778,-6.477));
#2362=DIRECTION('',(-0.0,1.0,0.0));
#2363=DIRECTION('',(1.0,0.0,0.0));
#2364=ORIENTED_EDGE('',*,*,#2414,.F.);
#2365=ORIENTED_EDGE('',*,*,#2868,.F.);
#2366=ORIENTED_EDGE('',*,*,#2706,.F.);
#2367=ORIENTED_EDGE('',*,*,#2869,.T.);
#2368=ORIENTED_EDGE('',*,*,#2865,.F.);
#2369=ORIENTED_EDGE('',*,*,#2661,.F.);
#2370=CARTESIAN_POINT('',(-7.874,1.524,5.715));
#2371=DIRECTION('',(-1.0,0.0,0.0));
#2372=DIRECTION('',(0.0,0.0,1.0));
#2373=ORIENTED_EDGE('',*,*,#2684,.T.);
#2374=ORIENTED_EDGE('',*,*,#2866,.F.);
#2375=ORIENTED_EDGE('',*,*,#2869,.F.);
#2376=ORIENTED_EDGE('',*,*,#2705,.T.);
#2377=CARTESIAN_POINT('',(-7.874,0.762,-6.477));
#2378=DIRECTION('',(-0.0,1.0,0.0));
#2379=DIRECTION('',(1.0,0.0,0.0));
#2380=ORIENTED_EDGE('',*,*,#2609,.T.);
#2381=ORIENTED_EDGE('',*,*,#2591,.F.);
#2382=ORIENTED_EDGE('',*,*,#2596,.F.);
#2383=ORIENTED_EDGE('',*,*,#2585,.T.);
#2384=CARTESIAN_POINT('',(6.0325,-6.223,-6.858));
#2385=DIRECTION('',(0.0,-1.0,0.0));
#2386=DIRECTION('',(0.0,0.0,-1.0));
#2387=ORIENTED_EDGE('',*,*,#2446,.F.);
#2388=ORIENTED_EDGE('',*,*,#2870,.F.);
#2389=ORIENTED_EDGE('',*,*,#2408,.T.);
#2390=ORIENTED_EDGE('',*,*,#2423,.T.);
#2391=CARTESIAN_POINT('',(-7.493,-2.921,-5.715));
#2392=DIRECTION('',(0.707106781186547,-0.707106781186547,0.0));
#2393=DIRECTION('',(0.0,0.0,-1.0));
#2394=ORIENTED_EDGE('',*,*,#2409,.T.);
#2395=ORIENTED_EDGE('',*,*,#2870,.T.);
#2396=ORIENTED_EDGE('',*,*,#2445,.F.);
#2397=ORIENTED_EDGE('',*,*,#2420,.F.);
#2398=CARTESIAN_POINT('',(-7.874,-2.54,-5.715));
#2399=DIRECTION('',(-0.707106781186547,-0.707106781186547,0.0));
#2400=DIRECTION('',(-0.707106781186548,0.707106781186548,0.0));
#2401=EDGE_CURVE('',#2871,#2872,#2873,.T.);
#2402=EDGE_CURVE('',#2871,#2874,#2875,.T.);
#2403=EDGE_CURVE('',#2876,#2874,#2877,.T.);
#2404=EDGE_CURVE('',#2878,#2876,#2879,.T.);
#2405=EDGE_CURVE('',#2880,#2878,#2881,.T.);
#2406=EDGE_CURVE('',#2882,#2880,#2883,.T.);
#2407=EDGE_CURVE('',#2884,#2882,#2885,.T.);
#2408=EDGE_CURVE('',#2886,#2884,#2887,.T.);
#2409=EDGE_CURVE('',#2888,#2886,#2889,.T.);
#2410=EDGE_CURVE('',#2872,#2888,#2890,.T.);
#2411=EDGE_CURVE('',#2891,#2892,#2893,.T.);
#2412=EDGE_CURVE('',#2892,#2894,#2895,.T.);
#2413=EDGE_CURVE('',#2896,#2894,#2897,.T.);
#2414=EDGE_CURVE('',#2896,#2891,#2898,.T.);
#2415=EDGE_CURVE('',#2876,#2899,#2900,.T.);
#2416=EDGE_CURVE('',#2901,#2899,#2902,.T.);
#2417=EDGE_CURVE('',#2878,#2901,#2903,.T.);
#2418=EDGE_CURVE('',#2904,#2905,#2906,.T.);
#2419=EDGE_CURVE('',#2872,#2904,#2907,.T.);
#2420=EDGE_CURVE('',#2888,#2905,#2908,.T.);
#2421=EDGE_CURVE('',#2909,#2910,#2911,.T.);
#2422=EDGE_CURVE('',#2912,#2909,#2913,.T.);
#2423=EDGE_CURVE('',#2884,#2912,#2914,.T.);
#2424=EDGE_CURVE('',#2882,#2915,#2916,.T.);
#2425=EDGE_CURVE('',#2917,#2915,#2918,.T.);
#2426=EDGE_CURVE('',#2917,#2919,#2920,.T.);
#2427=EDGE_CURVE('',#2921,#2919,#2922,.T.);
#2428=EDGE_CURVE('',#2923,#2921,#2924,.T.);
#2429=EDGE_CURVE('',#2925,#2923,#2926,.T.);
#2430=EDGE_CURVE('',#2925,#2927,#2928,.T.);
#2431=EDGE_CURVE('',#2910,#2927,#2929,.T.);
#2432=EDGE_CURVE('',#2930,#2901,#2931,.T.);
#2433=EDGE_CURVE('',#2880,#2930,#2932,.T.);
#2434=EDGE_CURVE('',#2915,#2930,#2933,.T.);
#2435=EDGE_CURVE('',#2934,#2935,#2936,.T.);
#2436=EDGE_CURVE('',#2925,#2934,#2937,.T.);
#2437=EDGE_CURVE('',#2923,#2935,#2938,.T.);
#2438=EDGE_CURVE('',#2899,#2939,#2940,.T.);
#2439=EDGE_CURVE('',#2939,#2941,#2942,.T.);
#2440=EDGE_CURVE('',#2941,#2943,#2944,.T.);
#2441=EDGE_CURVE('',#2943,#2945,#2946,.T.);
#2442=EDGE_CURVE('',#2945,#2947,#2948,.T.);
#2443=EDGE_CURVE('',#2947,#2949,#2950,.T.);
#2444=EDGE_CURVE('',#2949,#2904,#2951,.T.);
#2445=EDGE_CURVE('',#2905,#2952,#2953,.T.);
#2446=EDGE_CURVE('',#2952,#2912,#2954,.T.);
#2447=EDGE_CURVE('',#2909,#2955,#2956,.T.);
#2448=EDGE_CURVE('',#2957,#2955,#2958,.T.);
#2449=EDGE_CURVE('',#2959,#2957,#2960,.T.);
#2450=EDGE_CURVE('',#2961,#2959,#2962,.T.);
#2451=EDGE_CURVE('',#2963,#2961,#2964,.T.);
#2452=EDGE_CURVE('',#2965,#2963,#2966,.T.);
#2453=EDGE_CURVE('',#2967,#2965,#2968,.T.);
#2454=EDGE_CURVE('',#2969,#2967,#2970,.T.);
#2455=EDGE_CURVE('',#2971,#2969,#2972,.T.);
#2456=EDGE_CURVE('',#2973,#2971,#2974,.T.);
#2457=EDGE_CURVE('',#2917,#2973,#2975,.T.);
#2458=EDGE_CURVE('',#2976,#2921,#2977,.T.);
#2459=EDGE_CURVE('',#2976,#2978,#2979,.T.);
#2460=EDGE_CURVE('',#2935,#2978,#2980,.T.);
#2461=EDGE_CURVE('',#2981,#2978,#2982,.T.);
#2462=EDGE_CURVE('',#2934,#2981,#2983,.T.);
#2463=EDGE_CURVE('',#2971,#2984,#2985,.T.);
#2464=EDGE_CURVE('',#2986,#2984,#2987,.T.);
#2465=EDGE_CURVE('',#2973,#2986,#2988,.T.);
#2466=EDGE_CURVE('',#2955,#2989,#2990,.T.);
#2467=EDGE_CURVE('',#2991,#2989,#2992,.T.);
#2468=EDGE_CURVE('',#2957,#2991,#2993,.T.);
#2469=EDGE_CURVE('',#2994,#2981,#2995,.T.);
#2470=EDGE_CURVE('',#2927,#2994,#2996,.T.);
#2471=EDGE_CURVE('',#2997,#2998,#2999,.T.);
#2472=EDGE_CURVE('',#2998,#3000,#3001,.T.);
#2473=EDGE_CURVE('',#3000,#3002,#3003,.T.);
#2474=EDGE_CURVE('',#3004,#3002,#3005,.T.);
#2475=EDGE_CURVE('',#3004,#3006,#3007,.T.);
#2476=EDGE_CURVE('',#3006,#3008,#3009,.T.);
#2477=EDGE_CURVE('',#3008,#3010,#3011,.T.);
#2478=EDGE_CURVE('',#3010,#3012,#3013,.T.);
#2479=EDGE_CURVE('',#3012,#2910,#3014,.T.);
#2480=EDGE_CURVE('',#2994,#2976,#3015,.T.);
#2481=EDGE_CURVE('',#2919,#3016,#3017,.T.);
#2482=EDGE_CURVE('',#3016,#2997,#3018,.T.);
#2483=EDGE_CURVE('',#3019,#3020,#3021,.T.);
#2484=EDGE_CURVE('',#3022,#3020,#3023,.T.);
#2485=EDGE_CURVE('',#3024,#3022,#3025,.T.);
#2486=EDGE_CURVE('',#3024,#3019,#3026,.T.);
#2487=EDGE_CURVE('',#3027,#3028,#3029,.T.);
#2488=EDGE_CURVE('',#3030,#3028,#3031,.T.);
#2489=EDGE_CURVE('',#3032,#3030,#3033,.T.);
#2490=EDGE_CURVE('',#3032,#3027,#3034,.T.);
#2491=EDGE_CURVE('',#3035,#3036,#3037,.T.);
#2492=EDGE_CURVE('',#3038,#3036,#3039,.T.);
#2493=EDGE_CURVE('',#3040,#3038,#3041,.T.);
#2494=EDGE_CURVE('',#3040,#3035,#3042,.T.);
#2495=EDGE_CURVE('',#3043,#3044,#3045,.T.);
#2496=EDGE_CURVE('',#3046,#3044,#3047,.T.);
#2497=EDGE_CURVE('',#3048,#3046,#3049,.T.);
#2498=EDGE_CURVE('',#3048,#3043,#3050,.T.);
#2499=EDGE_CURVE('',#3051,#3052,#3053,.T.);
#2500=EDGE_CURVE('',#3054,#3052,#3055,.T.);
#2501=EDGE_CURVE('',#3056,#3054,#3057,.T.);
#2502=EDGE_CURVE('',#3056,#3051,#3058,.T.);
#2503=EDGE_CURVE('',#3059,#3060,#3061,.T.);
#2504=EDGE_CURVE('',#3062,#3060,#3063,.T.);
#2505=EDGE_CURVE('',#3064,#3062,#3065,.T.);
#2506=EDGE_CURVE('',#3064,#3059,#3066,.T.);
#2507=EDGE_CURVE('',#2997,#2984,#3067,.T.);
#2508=EDGE_CURVE('',#3016,#2986,#3068,.T.);
#2509=EDGE_CURVE('',#2991,#3010,#3069,.T.);
#2510=EDGE_CURVE('',#3012,#2989,#3070,.T.);
#2511=EDGE_CURVE('',#2984,#3071,#3072,.T.);
#2512=EDGE_CURVE('',#3071,#2998,#3073,.T.);
#2513=EDGE_CURVE('',#3071,#3074,#3075,.T.);
#2514=EDGE_CURVE('',#3074,#3076,#3077,.T.);
#2515=EDGE_CURVE('',#3076,#3078,#3079,.T.);
#2516=EDGE_CURVE('',#3078,#3000,#3080,.T.);
#2517=EDGE_CURVE('',#3081,#3078,#3082,.T.);
#2518=EDGE_CURVE('',#3083,#3081,#3084,.T.);
#2519=EDGE_CURVE('',#3083,#3002,#3085,.T.);
#2520=EDGE_CURVE('',#3083,#3086,#3087,.T.);
#2521=EDGE_CURVE('',#3088,#3086,#3089,.T.);
#2522=EDGE_CURVE('',#3088,#2941,#3090,.T.);
#2523=EDGE_CURVE('',#2874,#2939,#3091,.T.);
#2524=EDGE_CURVE('',#2871,#2949,#3092,.T.);
#2525=EDGE_CURVE('',#3093,#2947,#3094,.T.);
#2526=EDGE_CURVE('',#3095,#3093,#3096,.T.);
#2527=EDGE_CURVE('',#3095,#3097,#3098,.T.);
#2528=EDGE_CURVE('',#3097,#3004,#3099,.T.);
#2529=EDGE_CURVE('',#3097,#3100,#3101,.T.);
#2530=EDGE_CURVE('',#3100,#3102,#3103,.T.);
#2531=EDGE_CURVE('',#3102,#3006,#3104,.T.);
#2532=EDGE_CURVE('',#3105,#3106,#3107,.T.);
#2533=EDGE_CURVE('',#3106,#3008,#3108,.T.);
#2534=EDGE_CURVE('',#3109,#3102,#3110,.T.);
#2535=EDGE_CURVE('',#3105,#3109,#3111,.T.);
#2536=EDGE_CURVE('',#3095,#3112,#3113,.T.);
#2537=EDGE_CURVE('',#3114,#3112,#3115,.T.);
#2538=EDGE_CURVE('',#3114,#3105,#3116,.T.);
#2539=EDGE_CURVE('',#3117,#3109,#3118,.T.);
#2540=EDGE_CURVE('',#3095,#3117,#3119,.T.);
#2541=EDGE_CURVE('',#3120,#3086,#3121,.T.);
#2542=EDGE_CURVE('',#3120,#3081,#3122,.T.);
#2543=EDGE_CURVE('',#3117,#3100,#3123,.T.);
#2544=EDGE_CURVE('',#3120,#3076,#3124,.T.);
#2545=EDGE_CURVE('',#3074,#3125,#3126,.T.);
#2546=EDGE_CURVE('',#3125,#3127,#3128,.T.);
#2547=EDGE_CURVE('',#3086,#3127,#3129,.T.);
#2548=EDGE_CURVE('',#3130,#3112,#3131,.T.);
#2549=EDGE_CURVE('',#3132,#3093,#3133,.T.);
#2550=EDGE_CURVE('',#3134,#3132,#3135,.T.);
#2551=EDGE_CURVE('',#3134,#3130,#3136,.T.);
#2552=EDGE_CURVE('',#3137,#3138,#3139,.T.);
#2553=EDGE_CURVE('',#3088,#3137,#3140,.T.);
#2554=EDGE_CURVE('',#3127,#3141,#3142,.T.);
#2555=EDGE_CURVE('',#3138,#3141,#3143,.T.);
#2556=EDGE_CURVE('',#3144,#3145,#3146,.T.);
#2557=EDGE_CURVE('',#3130,#3145,#3147,.T.);
#2558=EDGE_CURVE('',#3134,#3144,#3148,.T.);
#2559=EDGE_CURVE('',#3132,#2945,#3149,.T.);
#2560=EDGE_CURVE('',#3137,#2943,#3150,.T.);
#2561=EDGE_CURVE('',#3138,#3151,#3152,.T.);
#2562=EDGE_CURVE('',#3153,#3151,#3154,.T.);
#2563=EDGE_CURVE('',#3155,#3153,#3156,.T.);
#2564=EDGE_CURVE('',#3144,#3155,#3157,.T.);
#2565=EDGE_CURVE('',#3155,#3158,#3159,.T.);
#2566=EDGE_CURVE('',#3145,#3158,#3160,.T.);
#2567=EDGE_CURVE('',#3158,#3161,#3162,.T.);
#2568=EDGE_CURVE('',#3161,#3163,#3164,.T.);
#2569=EDGE_CURVE('',#3141,#3163,#3165,.T.);
#2570=EDGE_CURVE('',#3125,#3114,#3166,.T.);
#2571=EDGE_CURVE('',#2963,#3114,#3167,.T.);
#2572=EDGE_CURVE('',#2965,#3125,#3168,.T.);
#2573=EDGE_CURVE('',#2967,#3074,#3169,.T.);
#2574=EDGE_CURVE('',#2969,#3071,#3170,.T.);
#2575=EDGE_CURVE('',#2961,#3105,#3171,.T.);
#2576=EDGE_CURVE('',#2959,#3106,#3172,.T.);
#2577=EDGE_CURVE('',#3106,#2991,#3173,.T.);
#2578=EDGE_CURVE('',#3151,#3163,#3174,.T.);
#2579=EDGE_CURVE('',#3153,#3161,#3175,.T.);
#2580=EDGE_CURVE('',#3176,#3024,#3177,.T.);
#2581=EDGE_CURVE('',#3178,#3176,#3179,.T.);
#2582=EDGE_CURVE('',#3019,#3178,#3180,.T.);
#2583=EDGE_CURVE('',#3181,#3182,#3183,.T.);
#2584=EDGE_CURVE('',#3184,#3182,#3185,.T.);
#2585=EDGE_CURVE('',#3186,#3184,#3187,.T.);
#2586=EDGE_CURVE('',#3181,#3186,#3188,.T.);
#2587=EDGE_CURVE('',#3178,#3189,#3190,.T.);
#2588=EDGE_CURVE('',#3020,#3189,#3191,.T.);
#2589=EDGE_CURVE('',#3189,#3192,#3193,.T.);
#2590=EDGE_CURVE('',#3192,#3022,#3194,.T.);
#2591=EDGE_CURVE('',#3195,#3196,#3197,.T.);
#2592=EDGE_CURVE('',#3196,#3198,#3199,.T.);
#2593=EDGE_CURVE('',#3200,#3198,#3201,.T.);
#2594=EDGE_CURVE('',#3200,#3195,#3202,.T.);
#2595=EDGE_CURVE('',#3176,#3192,#3203,.T.);
#2596=EDGE_CURVE('',#3186,#3195,#3204,.T.);
#2597=EDGE_CURVE('',#3200,#3205,#3206,.T.);
#2598=EDGE_CURVE('',#3207,#3205,#3208,.T.);
#2599=EDGE_CURVE('',#3181,#3207,#3209,.T.);
#2600=EDGE_CURVE('',#3182,#3210,#3211,.T.);
#2601=EDGE_CURVE('',#3212,#3210,#3213,.T.);
#2602=EDGE_CURVE('',#3214,#3212,#3215,.T.);
#2603=EDGE_CURVE('',#3216,#3214,#3217,.T.);
#2604=EDGE_CURVE('',#3218,#3216,#3219,.T.);
#2605=EDGE_CURVE('',#3182,#3218,#3220,.T.);
#2606=EDGE_CURVE('',#3221,#3181,#3222,.T.);
#2607=EDGE_CURVE('',#3207,#3223,#3224,.T.);
#2608=EDGE_CURVE('',#3221,#3223,#3225,.T.);
#2609=EDGE_CURVE('',#3184,#3196,#3226,.T.);
#2610=EDGE_CURVE('',#3218,#3227,#3228,.T.);
#2611=EDGE_CURVE('',#3198,#3227,#3229,.T.);
#2612=EDGE_CURVE('',#3227,#3230,#3231,.T.);
#2613=EDGE_CURVE('',#3230,#3232,#3233,.T.);
#2614=EDGE_CURVE('',#3232,#3234,#3235,.T.);
#2615=EDGE_CURVE('',#3236,#3234,#3237,.T.);
#2616=EDGE_CURVE('',#3198,#3236,#3238,.T.);
#2617=EDGE_CURVE('',#3205,#3239,#3240,.T.);
#2618=EDGE_CURVE('',#3241,#3200,#3242,.T.);
#2619=EDGE_CURVE('',#3241,#3239,#3243,.T.);
#2620=EDGE_CURVE('',#3244,#3245,#3246,.T.);
#2621=EDGE_CURVE('',#3244,#3247,#3248,.T.);
#2622=EDGE_CURVE('',#3247,#3249,#3250,.T.);
#2623=EDGE_CURVE('',#3249,#3251,#3252,.T.);
#2624=EDGE_CURVE('',#3251,#3253,#3254,.T.);
#2625=EDGE_CURVE('',#3255,#3253,#3256,.T.);
#2626=EDGE_CURVE('',#3257,#3255,#3258,.T.);
#2627=EDGE_CURVE('',#3259,#3257,#3260,.T.);
#2628=EDGE_CURVE('',#3261,#3259,#3262,.T.);
#2629=EDGE_CURVE('',#3261,#3263,#3264,.T.);
#2630=EDGE_CURVE('',#3263,#3265,#3266,.T.);
#2631=EDGE_CURVE('',#3265,#3267,#3268,.T.);
#2632=EDGE_CURVE('',#3267,#3269,#3270,.T.);
#2633=EDGE_CURVE('',#3271,#3269,#3272,.T.);
#2634=EDGE_CURVE('',#3273,#3271,#3274,.T.);
#2635=EDGE_CURVE('',#3275,#3273,#3276,.T.);
#2636=EDGE_CURVE('',#3277,#3275,#3278,.T.);
#2637=EDGE_CURVE('',#3277,#3279,#3280,.T.);
#2638=EDGE_CURVE('',#3279,#3281,#3282,.T.);
#2639=EDGE_CURVE('',#3281,#3283,#3284,.T.);
#2640=EDGE_CURVE('',#3283,#3285,#3286,.T.);
#2641=EDGE_CURVE('',#3287,#3285,#3288,.T.);
#2642=EDGE_CURVE('',#3289,#3287,#3290,.T.);
#2643=EDGE_CURVE('',#3291,#3289,#3292,.T.);
#2644=EDGE_CURVE('',#3293,#3291,#3294,.T.);
#2645=EDGE_CURVE('',#3293,#3295,#3296,.T.);
#2646=EDGE_CURVE('',#3295,#3297,#3298,.T.);
#2647=EDGE_CURVE('',#3297,#3299,#3300,.T.);
#2648=EDGE_CURVE('',#3299,#3301,#3302,.T.);
#2649=EDGE_CURVE('',#3303,#3301,#3304,.T.);
#2650=EDGE_CURVE('',#3305,#3303,#3306,.T.);
#2651=EDGE_CURVE('',#3307,#3305,#3308,.T.);
#2652=EDGE_CURVE('',#3309,#3307,#3310,.T.);
#2653=EDGE_CURVE('',#3309,#3311,#3312,.T.);
#2654=EDGE_CURVE('',#3311,#3313,#3314,.T.);
#2655=EDGE_CURVE('',#3313,#3315,#3316,.T.);
#2656=EDGE_CURVE('',#3315,#3317,#3318,.T.);
#2657=EDGE_CURVE('',#3210,#3317,#3319,.T.);
#2658=EDGE_CURVE('',#3221,#3241,#3320,.T.);
#2659=EDGE_CURVE('',#3321,#3236,#3322,.T.);
#2660=EDGE_CURVE('',#2892,#3321,#3323,.T.);
#2661=EDGE_CURVE('',#2891,#3324,#3325,.T.);
#2662=EDGE_CURVE('',#3326,#3324,#3327,.T.);
#2663=EDGE_CURVE('',#3328,#3326,#3329,.T.);
#2664=EDGE_CURVE('',#3245,#3328,#3330,.T.);
#2665=EDGE_CURVE('',#3331,#3064,#3332,.T.);
#2666=EDGE_CURVE('',#3333,#3331,#3334,.T.);
#2667=EDGE_CURVE('',#3059,#3333,#3335,.T.);
#2668=EDGE_CURVE('',#3336,#3328,#3337,.T.);
#2669=EDGE_CURVE('',#3338,#3336,#3339,.T.);
#2670=EDGE_CURVE('',#3245,#3338,#3340,.T.);
#2671=EDGE_CURVE('',#3333,#3341,#3342,.T.);
#2672=EDGE_CURVE('',#3060,#3341,#3343,.T.);
#2673=EDGE_CURVE('',#3341,#3344,#3345,.T.);
#2674=EDGE_CURVE('',#3344,#3062,#3346,.T.);
#2675=EDGE_CURVE('',#3249,#3347,#3348,.T.);
#2676=EDGE_CURVE('',#3347,#3349,#3350,.T.);
#2677=EDGE_CURVE('',#3349,#3251,#3351,.T.);
#2678=EDGE_CURVE('',#3331,#3344,#3352,.T.);
#2679=EDGE_CURVE('',#3353,#3354,#3355,.T.);
#2680=EDGE_CURVE('',#3251,#3354,#3356,.T.);
#2681=EDGE_CURVE('',#3336,#3349,#3357,.T.);
#2682=EDGE_CURVE('',#3328,#3353,#3358,.T.);
#2683=EDGE_CURVE('',#3359,#3326,#3360,.T.);
#2684=EDGE_CURVE('',#3361,#3359,#3362,.T.);
#2685=EDGE_CURVE('',#3363,#3361,#3364,.T.);
#2686=EDGE_CURVE('',#3353,#3363,#3365,.T.);
#2687=EDGE_CURVE('',#3245,#3366,#3367,.T.);
#2688=EDGE_CURVE('',#3366,#3368,#3369,.T.);
#2689=EDGE_CURVE('',#3244,#3368,#3370,.T.);
#2690=EDGE_CURVE('',#3354,#3371,#3372,.T.);
#2691=EDGE_CURVE('',#3363,#3371,#3373,.T.);
#2692=EDGE_CURVE('',#3223,#3239,#3374,.T.);
#2693=EDGE_CURVE('',#3309,#3375,#3376,.T.);
#2694=EDGE_CURVE('',#3375,#3377,#3378,.T.);
#2695=EDGE_CURVE('',#3311,#3377,#3379,.T.);
#2696=EDGE_CURVE('',#3293,#3380,#3381,.T.);
#2697=EDGE_CURVE('',#3380,#3382,#3383,.T.);
#2698=EDGE_CURVE('',#3295,#3382,#3384,.T.);
#2699=EDGE_CURVE('',#3277,#3385,#3386,.T.);
#2700=EDGE_CURVE('',#3385,#3387,#3388,.T.);
#2701=EDGE_CURVE('',#3279,#3387,#3389,.T.);
#2702=EDGE_CURVE('',#3261,#3390,#3391,.T.);
#2703=EDGE_CURVE('',#3390,#3392,#3393,.T.);
#2704=EDGE_CURVE('',#3263,#3392,#3394,.T.);
#2705=EDGE_CURVE('',#3395,#3361,#3396,.T.);
#2706=EDGE_CURVE('',#3395,#3397,#3398,.T.);
#2707=EDGE_CURVE('',#3397,#3399,#3400,.T.);
#2708=EDGE_CURVE('',#3401,#3399,#3402,.T.);
#2709=EDGE_CURVE('',#3401,#3232,#3403,.T.);
#2710=EDGE_CURVE('',#3216,#3230,#3404,.T.);
#2711=EDGE_CURVE('',#3405,#3214,#3406,.T.);
#2712=EDGE_CURVE('',#3407,#3405,#3408,.T.);
#2713=EDGE_CURVE('',#3409,#3407,#3410,.T.);
#2714=EDGE_CURVE('',#3409,#3411,#3412,.T.);
#2715=EDGE_CURVE('',#3413,#3411,#3414,.T.);
#2716=EDGE_CURVE('',#3415,#3413,#3416,.T.);
#2717=EDGE_CURVE('',#3417,#3415,#3418,.T.);
#2718=EDGE_CURVE('',#3417,#3419,#3420,.T.);
#2719=EDGE_CURVE('',#3421,#3419,#3422,.T.);
#2720=EDGE_CURVE('',#3423,#3421,#3424,.T.);
#2721=EDGE_CURVE('',#3425,#3423,#3426,.T.);
#2722=EDGE_CURVE('',#3425,#3427,#3428,.T.);
#2723=EDGE_CURVE('',#3429,#3427,#3430,.T.);
#2724=EDGE_CURVE('',#3431,#3429,#3432,.T.);
#2725=EDGE_CURVE('',#3433,#3431,#3434,.T.);
#2726=EDGE_CURVE('',#3433,#3435,#3436,.T.);
#2727=EDGE_CURVE('',#3437,#3435,#3438,.T.);
#2728=EDGE_CURVE('',#3371,#3437,#3439,.T.);
#2729=EDGE_CURVE('',#3368,#3440,#3441,.T.);
#2730=EDGE_CURVE('',#3247,#3440,#3442,.T.);
#2731=EDGE_CURVE('',#3443,#3407,#3444,.T.);
#2732=EDGE_CURVE('',#3405,#3445,#3446,.T.);
#2733=EDGE_CURVE('',#3317,#3445,#3447,.T.);
#2734=EDGE_CURVE('',#3315,#3443,#3448,.T.);
#2735=EDGE_CURVE('',#3449,#3377,#3450,.T.);
#2736=EDGE_CURVE('',#3313,#3449,#3451,.T.);
#2737=EDGE_CURVE('',#3305,#3452,#3453,.T.);
#2738=EDGE_CURVE('',#3452,#3443,#3454,.T.);
#2739=EDGE_CURVE('',#3455,#3315,#3456,.T.);
#2740=EDGE_CURVE('',#3457,#3455,#3458,.T.);
#2741=EDGE_CURVE('',#3457,#3305,#3459,.T.);
#2742=EDGE_CURVE('',#3460,#3461,#3462,.T.);
#2743=EDGE_CURVE('',#3027,#3460,#3463,.T.);
#2744=EDGE_CURVE('',#3461,#3032,#3464,.T.);
#2745=EDGE_CURVE('',#3465,#3457,#3466,.T.);
#2746=EDGE_CURVE('',#3307,#3465,#3467,.T.);
#2747=EDGE_CURVE('',#3468,#3030,#3469,.T.);
#2748=EDGE_CURVE('',#3461,#3468,#3470,.T.);
#2749=EDGE_CURVE('',#3471,#3468,#3472,.T.);
#2750=EDGE_CURVE('',#3460,#3471,#3473,.T.);
#2751=EDGE_CURVE('',#3028,#3471,#3474,.T.);
#2752=EDGE_CURVE('',#3475,#3455,#3476,.T.);
#2753=EDGE_CURVE('',#3313,#3475,#3477,.T.);
#2754=EDGE_CURVE('',#3465,#3475,#3478,.T.);
#2755=EDGE_CURVE('',#3479,#3449,#3480,.T.);
#2756=EDGE_CURVE('',#3307,#3479,#3481,.T.);
#2757=EDGE_CURVE('',#3482,#3303,#3483,.T.);
#2758=EDGE_CURVE('',#3411,#3482,#3484,.T.);
#2759=EDGE_CURVE('',#3452,#3409,#3485,.T.);
#2760=EDGE_CURVE('',#3479,#3375,#3486,.T.);
#2761=EDGE_CURVE('',#3487,#3482,#3488,.T.);
#2762=EDGE_CURVE('',#3413,#3487,#3489,.T.);
#2763=EDGE_CURVE('',#3490,#3415,#3491,.T.);
#2764=EDGE_CURVE('',#3301,#3487,#3492,.T.);
#2765=EDGE_CURVE('',#3299,#3490,#3493,.T.);
#2766=EDGE_CURVE('',#3494,#3382,#3495,.T.);
#2767=EDGE_CURVE('',#3297,#3494,#3496,.T.);
#2768=EDGE_CURVE('',#3289,#3497,#3498,.T.);
#2769=EDGE_CURVE('',#3497,#3490,#3499,.T.);
#2770=EDGE_CURVE('',#3500,#3299,#3501,.T.);
#2771=EDGE_CURVE('',#3502,#3500,#3503,.T.);
#2772=EDGE_CURVE('',#3502,#3289,#3504,.T.);
#2773=EDGE_CURVE('',#3505,#3040,#3506,.T.);
#2774=EDGE_CURVE('',#3507,#3505,#3508,.T.);
#2775=EDGE_CURVE('',#3035,#3507,#3509,.T.);
#2776=EDGE_CURVE('',#3510,#3502,#3511,.T.);
#2777=EDGE_CURVE('',#3291,#3510,#3512,.T.);
#2778=EDGE_CURVE('',#3507,#3513,#3514,.T.);
#2779=EDGE_CURVE('',#3036,#3513,#3515,.T.);
#2780=EDGE_CURVE('',#3513,#3516,#3517,.T.);
#2781=EDGE_CURVE('',#3516,#3038,#3518,.T.);
#2782=EDGE_CURVE('',#3519,#3500,#3520,.T.);
#2783=EDGE_CURVE('',#3297,#3519,#3521,.T.);
#2784=EDGE_CURVE('',#3505,#3516,#3522,.T.);
#2785=EDGE_CURVE('',#3510,#3519,#3523,.T.);
#2786=EDGE_CURVE('',#3524,#3494,#3525,.T.);
#2787=EDGE_CURVE('',#3291,#3524,#3526,.T.);
#2788=EDGE_CURVE('',#3527,#3287,#3528,.T.);
#2789=EDGE_CURVE('',#3419,#3527,#3529,.T.);
#2790=EDGE_CURVE('',#3497,#3417,#3530,.T.);
#2791=EDGE_CURVE('',#3524,#3380,#3531,.T.);
#2792=EDGE_CURVE('',#3532,#3527,#3533,.T.);
#2793=EDGE_CURVE('',#3421,#3532,#3534,.T.);
#2794=EDGE_CURVE('',#3535,#3423,#3536,.T.);
#2795=EDGE_CURVE('',#3285,#3532,#3537,.T.);
#2796=EDGE_CURVE('',#3283,#3535,#3538,.T.);
#2797=EDGE_CURVE('',#3539,#3387,#3540,.T.);
#2798=EDGE_CURVE('',#3281,#3539,#3541,.T.);
#2799=EDGE_CURVE('',#3542,#3283,#3543,.T.);
#2800=EDGE_CURVE('',#3544,#3542,#3545,.T.);
#2801=EDGE_CURVE('',#3544,#3273,#3546,.T.);
#2802=EDGE_CURVE('',#3273,#3547,#3548,.T.);
#2803=EDGE_CURVE('',#3547,#3535,#3549,.T.);
#2804=EDGE_CURVE('',#3547,#3425,#3550,.T.);
#2805=EDGE_CURVE('',#3551,#3271,#3552,.T.);
#2806=EDGE_CURVE('',#3427,#3551,#3553,.T.);
#2807=EDGE_CURVE('',#3275,#3554,#3555,.T.);
#2808=EDGE_CURVE('',#3554,#3385,#3556,.T.);
#2809=EDGE_CURVE('',#3557,#3551,#3558,.T.);
#2810=EDGE_CURVE('',#3429,#3557,#3559,.T.);
#2811=EDGE_CURVE('',#3560,#3431,#3561,.T.);
#2812=EDGE_CURVE('',#3269,#3557,#3562,.T.);
#2813=EDGE_CURVE('',#3267,#3560,#3563,.T.);
#2814=EDGE_CURVE('',#3564,#3392,#3565,.T.);
#2815=EDGE_CURVE('',#3265,#3564,#3566,.T.);
#2816=EDGE_CURVE('',#3567,#3267,#3568,.T.);
#2817=EDGE_CURVE('',#3569,#3567,#3570,.T.);
#2818=EDGE_CURVE('',#3569,#3257,#3571,.T.);
#2819=EDGE_CURVE('',#3257,#3572,#3573,.T.);
#2820=EDGE_CURVE('',#3572,#3560,#3574,.T.);
#2821=EDGE_CURVE('',#3572,#3433,#3575,.T.);
#2822=EDGE_CURVE('',#3576,#3255,#3577,.T.);
#2823=EDGE_CURVE('',#3435,#3576,#3578,.T.);
#2824=EDGE_CURVE('',#3259,#3579,#3580,.T.);
#2825=EDGE_CURVE('',#3579,#3390,#3581,.T.);
#2826=EDGE_CURVE('',#3582,#3576,#3583,.T.);
#2827=EDGE_CURVE('',#3437,#3582,#3584,.T.);
#2828=EDGE_CURVE('',#3253,#3582,#3585,.T.);
#2829=EDGE_CURVE('',#3586,#3440,#3587,.T.);
#2830=EDGE_CURVE('',#3249,#3586,#3588,.T.);
#2831=EDGE_CURVE('',#3338,#3347,#3589,.T.);
#2832=EDGE_CURVE('',#3366,#3586,#3590,.T.);
#2833=EDGE_CURVE('',#3579,#3564,#3591,.T.);
#2834=EDGE_CURVE('',#3592,#3593,#3594,.T.);
#2835=EDGE_CURVE('',#3265,#3593,#3595,.T.);
#2836=EDGE_CURVE('',#3259,#3592,#3596,.T.);
#2837=EDGE_CURVE('',#3597,#3056,#3598,.T.);
#2838=EDGE_CURVE('',#3599,#3597,#3600,.T.);
#2839=EDGE_CURVE('',#3051,#3599,#3601,.T.);
#2840=EDGE_CURVE('',#3592,#3569,#3602,.T.);
#2841=EDGE_CURVE('',#3599,#3603,#3604,.T.);
#2842=EDGE_CURVE('',#3052,#3603,#3605,.T.);
#2843=EDGE_CURVE('',#3603,#3606,#3607,.T.);
#2844=EDGE_CURVE('',#3606,#3054,#3608,.T.);
#2845=EDGE_CURVE('',#3593,#3567,#3609,.T.);
#2846=EDGE_CURVE('',#3597,#3606,#3610,.T.);
#2847=EDGE_CURVE('',#3554,#3539,#3611,.T.);
#2848=EDGE_CURVE('',#3612,#3613,#3614,.T.);
#2849=EDGE_CURVE('',#3281,#3613,#3615,.T.);
#2850=EDGE_CURVE('',#3275,#3612,#3616,.T.);
#2851=EDGE_CURVE('',#3617,#3048,#3618,.T.);
#2852=EDGE_CURVE('',#3619,#3617,#3620,.T.);
#2853=EDGE_CURVE('',#3043,#3619,#3621,.T.);
#2854=EDGE_CURVE('',#3612,#3544,#3622,.T.);
#2855=EDGE_CURVE('',#3619,#3623,#3624,.T.);
#2856=EDGE_CURVE('',#3044,#3623,#3625,.T.);
#2857=EDGE_CURVE('',#3623,#3626,#3627,.T.);
#2858=EDGE_CURVE('',#3626,#3046,#3628,.T.);
#2859=EDGE_CURVE('',#3613,#3542,#3629,.T.);
#2860=EDGE_CURVE('',#3617,#3626,#3630,.T.);
#2861=EDGE_CURVE('',#3445,#3212,#3631,.T.);
#2862=EDGE_CURVE('',#3401,#3632,#3633,.T.);
#2863=EDGE_CURVE('',#3234,#3632,#3634,.T.);
#2864=EDGE_CURVE('',#3632,#3321,#3635,.T.);
#2865=EDGE_CURVE('',#3324,#3636,#3637,.T.);
#2866=EDGE_CURVE('',#3636,#3359,#3638,.T.);
#2867=EDGE_CURVE('',#3399,#2894,#3639,.T.);
#2868=EDGE_CURVE('',#3397,#2896,#3640,.T.);
#2869=EDGE_CURVE('',#3395,#3636,#3641,.T.);
#2870=EDGE_CURVE('',#2886,#2952,#3642,.T.);
#2871=VERTEX_POINT('',#3643);
#2872=VERTEX_POINT('',#3644);
#2873=LINE('',#3645,#3646);
#2874=VERTEX_POINT('',#3647);
#2875=LINE('',#3648,#3649);
#2876=VERTEX_POINT('',#3650);
#2877=LINE('',#3651,#3652);
#2878=VERTEX_POINT('',#3653);
#2879=LINE('',#3654,#3655);
#2880=VERTEX_POINT('',#3656);
#2881=LINE('',#3657,#3658);
#2882=VERTEX_POINT('',#3659);
#2883=LINE('',#3660,#3661);
#2884=VERTEX_POINT('',#3662);
#2885=LINE('',#3663,#3664);
#2886=VERTEX_POINT('',#3665);
#2887=LINE('',#3666,#3667);
#2888=VERTEX_POINT('',#3668);
#2889=LINE('',#3669,#3670);
#2890=LINE('',#3671,#3672);
#2891=VERTEX_POINT('',#3673);
#2892=VERTEX_POINT('',#3674);
#2893=LINE('',#3675,#3676);
#2894=VERTEX_POINT('',#3677);
#2895=LINE('',#3678,#3679);
#2896=VERTEX_POINT('',#3680);
#2897=LINE('',#3681,#3682);
#2898=LINE('',#3683,#3684);
#2899=VERTEX_POINT('',#3685);
#2900=LINE('',#3686,#3687);
#2901=VERTEX_POINT('',#3688);
#2902=LINE('',#3689,#3690);
#2903=LINE('',#3691,#3692);
#2904=VERTEX_POINT('',#3693);
#2905=VERTEX_POINT('',#3694);
#2906=LINE('',#3695,#3696);
#2907=LINE('',#3697,#3698);
#2908=LINE('',#3699,#3700);
#2909=VERTEX_POINT('',#3701);
#2910=VERTEX_POINT('',#3702);
#2911=LINE('',#3703,#3704);
#2912=VERTEX_POINT('',#3705);
#2913=LINE('',#3706,#3707);
#2914=LINE('',#3708,#3709);
#2915=VERTEX_POINT('',#3710);
#2916=LINE('',#3711,#3712);
#2917=VERTEX_POINT('',#3713);
#2918=LINE('',#3714,#3715);
#2919=VERTEX_POINT('',#3716);
#2920=LINE('',#3717,#3718);
#2921=VERTEX_POINT('',#3719);
#2922=LINE('',#3720,#3721);
#2923=VERTEX_POINT('',#3722);
#2924=LINE('',#3723,#3724);
#2925=VERTEX_POINT('',#3725);
#2926=LINE('',#3726,#3727);
#2927=VERTEX_POINT('',#3728);
#2928=LINE('',#3729,#3730);
#2929=LINE('',#3731,#3732);
#2930=VERTEX_POINT('',#3733);
#2931=LINE('',#3734,#3735);
#2932=LINE('',#3736,#3737);
#2933=LINE('',#3738,#3739);
#2934=VERTEX_POINT('',#3740);
#2935=VERTEX_POINT('',#3741);
#2936=LINE('',#3742,#3743);
#2937=LINE('',#3744,#3745);
#2938=LINE('',#3746,#3747);
#2939=VERTEX_POINT('',#3748);
#2940=LINE('',#3749,#3750);
#2941=VERTEX_POINT('',#3751);
#2942=LINE('',#3752,#3753);
#2943=VERTEX_POINT('',#3754);
#2944=LINE('',#3755,#3756);
#2945=VERTEX_POINT('',#3757);
#2946=LINE('',#3758,#3759);
#2947=VERTEX_POINT('',#3760);
#2948=LINE('',#3761,#3762);
#2949=VERTEX_POINT('',#3763);
#2950=LINE('',#3764,#3765);
#2951=LINE('',#3766,#3767);
#2952=VERTEX_POINT('',#3768);
#2953=LINE('',#3769,#3770);
#2954=LINE('',#3771,#3772);
#2955=VERTEX_POINT('',#3773);
#2956=LINE('',#3774,#3775);
#2957=VERTEX_POINT('',#3776);
#2958=LINE('',#3777,#3778);
#2959=VERTEX_POINT('',#3779);
#2960=LINE('',#3780,#3781);
#2961=VERTEX_POINT('',#3782);
#2962=LINE('',#3783,#3784);
#2963=VERTEX_POINT('',#3785);
#2964=LINE('',#3786,#3787);
#2965=VERTEX_POINT('',#3788);
#2966=LINE('',#3789,#3790);
#2967=VERTEX_POINT('',#3791);
#2968=LINE('',#3792,#3793);
#2969=VERTEX_POINT('',#3794);
#2970=LINE('',#3795,#3796);
#2971=VERTEX_POINT('',#3797);
#2972=LINE('',#3798,#3799);
#2973=VERTEX_POINT('',#3800);
#2974=LINE('',#3801,#3802);
#2975=LINE('',#3803,#3804);
#2976=VERTEX_POINT('',#3805);
#2977=LINE('',#3806,#3807);
#2978=VERTEX_POINT('',#3808);
#2979=LINE('',#3809,#3810);
#2980=LINE('',#3811,#3812);
#2981=VERTEX_POINT('',#3813);
#2982=LINE('',#3814,#3815);
#2983=LINE('',#3816,#3817);
#2984=VERTEX_POINT('',#3818);
#2985=LINE('',#3819,#3820);
#2986=VERTEX_POINT('',#3821);
#2987=LINE('',#3822,#3823);
#2988=LINE('',#3824,#3825);
#2989=VERTEX_POINT('',#3826);
#2990=LINE('',#3827,#3828);
#2991=VERTEX_POINT('',#3829);
#2992=LINE('',#3830,#3831);
#2993=LINE('',#3832,#3833);
#2994=VERTEX_POINT('',#3834);
#2995=LINE('',#3835,#3836);
#2996=LINE('',#3837,#3838);
#2997=VERTEX_POINT('',#3839);
#2998=VERTEX_POINT('',#3840);
#2999=LINE('',#3841,#3842);
#3000=VERTEX_POINT('',#3843);
#3001=LINE('',#3844,#3845);
#3002=VERTEX_POINT('',#3846);
#3003=LINE('',#3847,#3848);
#3004=VERTEX_POINT('',#3849);
#3005=LINE('',#3850,#3851);
#3006=VERTEX_POINT('',#3852);
#3007=LINE('',#3853,#3854);
#3008=VERTEX_POINT('',#3855);
#3009=LINE('',#3856,#3857);
#3010=VERTEX_POINT('',#3858);
#3011=LINE('',#3859,#3860);
#3012=VERTEX_POINT('',#3861);
#3013=LINE('',#3862,#3863);
#3014=LINE('',#3864,#3865);
#3015=LINE('',#3866,#3867);
#3016=VERTEX_POINT('',#3868);
#3017=LINE('',#3869,#3870);
#3018=LINE('',#3871,#3872);
#3019=VERTEX_POINT('',#3873);
#3020=VERTEX_POINT('',#3874);
#3021=LINE('',#3875,#3876);
#3022=VERTEX_POINT('',#3877);
#3023=LINE('',#3878,#3879);
#3024=VERTEX_POINT('',#3880);
#3025=LINE('',#3881,#3882);
#3026=LINE('',#3883,#3884);
#3027=VERTEX_POINT('',#3885);
#3028=VERTEX_POINT('',#3886);
#3029=LINE('',#3887,#3888);
#3030=VERTEX_POINT('',#3889);
#3031=LINE('',#3890,#3891);
#3032=VERTEX_POINT('',#3892);
#3033=LINE('',#3893,#3894);
#3034=LINE('',#3895,#3896);
#3035=VERTEX_POINT('',#3897);
#3036=VERTEX_POINT('',#3898);
#3037=LINE('',#3899,#3900);
#3038=VERTEX_POINT('',#3901);
#3039=LINE('',#3902,#3903);
#3040=VERTEX_POINT('',#3904);
#3041=LINE('',#3905,#3906);
#3042=LINE('',#3907,#3908);
#3043=VERTEX_POINT('',#3909);
#3044=VERTEX_POINT('',#3910);
#3045=LINE('',#3911,#3912);
#3046=VERTEX_POINT('',#3913);
#3047=LINE('',#3914,#3915);
#3048=VERTEX_POINT('',#3916);
#3049=LINE('',#3917,#3918);
#3050=LINE('',#3919,#3920);
#3051=VERTEX_POINT('',#3921);
#3052=VERTEX_POINT('',#3922);
#3053=LINE('',#3923,#3924);
#3054=VERTEX_POINT('',#3925);
#3055=LINE('',#3926,#3927);
#3056=VERTEX_POINT('',#3928);
#3057=LINE('',#3929,#3930);
#3058=LINE('',#3931,#3932);
#3059=VERTEX_POINT('',#3933);
#3060=VERTEX_POINT('',#3934);
#3061=LINE('',#3935,#3936);
#3062=VERTEX_POINT('',#3937);
#3063=LINE('',#3938,#3939);
#3064=VERTEX_POINT('',#3940);
#3065=LINE('',#3941,#3942);
#3066=LINE('',#3943,#3944);
#3067=LINE('',#3945,#3946);
#3068=LINE('',#3947,#3948);
#3069=LINE('',#3949,#3950);
#3070=LINE('',#3951,#3952);
#3071=VERTEX_POINT('',#3953);
#3072=LINE('',#3954,#3955);
#3073=LINE('',#3956,#3957);
#3074=VERTEX_POINT('',#3958);
#3075=LINE('',#3959,#3960);
#3076=VERTEX_POINT('',#3961);
#3077=LINE('',#3962,#3963);
#3078=VERTEX_POINT('',#3964);
#3079=LINE('',#3965,#3966);
#3080=LINE('',#3967,#3968);
#3081=VERTEX_POINT('',#3969);
#3082=LINE('',#3970,#3971);
#3083=VERTEX_POINT('',#3972);
#3084=LINE('',#3973,#3974);
#3085=LINE('',#3975,#3976);
#3086=VERTEX_POINT('',#3977);
#3087=LINE('',#3978,#3979);
#3088=VERTEX_POINT('',#3980);
#3089=LINE('',#3981,#3982);
#3090=LINE('',#3983,#3984);
#3091=LINE('',#3985,#3986);
#3092=LINE('',#3987,#3988);
#3093=VERTEX_POINT('',#3989);
#3094=LINE('',#3990,#3991);
#3095=VERTEX_POINT('',#3992);
#3096=LINE('',#3993,#3994);
#3097=VERTEX_POINT('',#3995);
#3098=LINE('',#3996,#3997);
#3099=LINE('',#3998,#3999);
#3100=VERTEX_POINT('',#4000);
#3101=LINE('',#4001,#4002);
#3102=VERTEX_POINT('',#4003);
#3103=LINE('',#4004,#4005);
#3104=LINE('',#4006,#4007);
#3105=VERTEX_POINT('',#4008);
#3106=VERTEX_POINT('',#4009);
#3107=LINE('',#4010,#4011);
#3108=LINE('',#4012,#4013);
#3109=VERTEX_POINT('',#4014);
#3110=LINE('',#4015,#4016);
#3111=LINE('',#4017,#4018);
#3112=VERTEX_POINT('',#4019);
#3113=LINE('',#4020,#4021);
#3114=VERTEX_POINT('',#4022);
#3115=LINE('',#4023,#4024);
#3116=LINE('',#4025,#4026);
#3117=VERTEX_POINT('',#4027);
#3118=LINE('',#4028,#4029);
#3119=LINE('',#4030,#4031);
#3120=VERTEX_POINT('',#4032);
#3121=LINE('',#4033,#4034);
#3122=LINE('',#4035,#4036);
#3123=LINE('',#4037,#4038);
#3124=LINE('',#4039,#4040);
#3125=VERTEX_POINT('',#4041);
#3126=LINE('',#4042,#4043);
#3127=VERTEX_POINT('',#4044);
#3128=LINE('',#4045,#4046);
#3129=LINE('',#4047,#4048);
#3130=VERTEX_POINT('',#4049);
#3131=LINE('',#4050,#4051);
#3132=VERTEX_POINT('',#4052);
#3133=LINE('',#4053,#4054);
#3134=VERTEX_POINT('',#4055);
#3135=LINE('',#4056,#4057);
#3136=LINE('',#4058,#4059);
#3137=VERTEX_POINT('',#4060);
#3138=VERTEX_POINT('',#4061);
#3139=LINE('',#4062,#4063);
#3140=LINE('',#4064,#4065);
#3141=VERTEX_POINT('',#4066);
#3142=LINE('',#4067,#4068);
#3143=LINE('',#4069,#4070);
#3144=VERTEX_POINT('',#4071);
#3145=VERTEX_POINT('',#4072);
#3146=LINE('',#4073,#4074);
#3147=LINE('',#4075,#4076);
#3148=LINE('',#4077,#4078);
#3149=LINE('',#4079,#4080);
#3150=LINE('',#4081,#4082);
#3151=VERTEX_POINT('',#4083);
#3152=LINE('',#4084,#4085);
#3153=VERTEX_POINT('',#4086);
#3154=CIRCLE('',#4087,1.016);
#3155=VERTEX_POINT('',#4088);
#3156=LINE('',#4089,#4090);
#3157=CIRCLE('',#4091,1.016);
#3158=VERTEX_POINT('',#4092);
#3159=LINE('',#4093,#4094);
#3160=CIRCLE('',#4095,1.016);
#3161=VERTEX_POINT('',#4096);
#3162=LINE('',#4097,#4098);
#3163=VERTEX_POINT('',#4099);
#3164=CIRCLE('',#4100,1.016);
#3165=LINE('',#4101,#4102);
#3166=LINE('',#4103,#4104);
#3167=LINE('',#4105,#4106);
#3168=LINE('',#4107,#4108);
#3169=LINE('',#4109,#4110);
#3170=LINE('',#4111,#4112);
#3171=LINE('',#4113,#4114);
#3172=LINE('',#4115,#4116);
#3173=LINE('',#4117,#4118);
#3174=LINE('',#4119,#4120);
#3175=LINE('',#4121,#4122);
#3176=VERTEX_POINT('',#4123);
#3177=LINE('',#4124,#4125);
#3178=VERTEX_POINT('',#4126);
#3179=LINE('',#4127,#4128);
#3180=LINE('',#4129,#4130);
#3181=VERTEX_POINT('',#4131);
#3182=VERTEX_POINT('',#4132);
#3183=LINE('',#4133,#4134);
#3184=VERTEX_POINT('',#4135);
#3185=LINE('',#4136,#4137);
#3186=VERTEX_POINT('',#4138);
#3187=LINE('',#4139,#4140);
#3188=LINE('',#4141,#4142);
#3189=VERTEX_POINT('',#4143);
#3190=LINE('',#4144,#4145);
#3191=LINE('',#4146,#4147);
#3192=VERTEX_POINT('',#4148);
#3193=LINE('',#4149,#4150);
#3194=LINE('',#4151,#4152);
#3195=VERTEX_POINT('',#4153);
#3196=VERTEX_POINT('',#4154);
#3197=LINE('',#4155,#4156);
#3198=VERTEX_POINT('',#4157);
#3199=LINE('',#4158,#4159);
#3200=VERTEX_POINT('',#4160);
#3201=LINE('',#4161,#4162);
#3202=LINE('',#4163,#4164);
#3203=LINE('',#4165,#4166);
#3204=LINE('',#4167,#4168);
#3205=VERTEX_POINT('',#4169);
#3206=LINE('',#4170,#4171);
#3207=VERTEX_POINT('',#4172);
#3208=LINE('',#4173,#4174);
#3209=LINE('',#4175,#4176);
#3210=VERTEX_POINT('',#4177);
#3211=LINE('',#4178,#4179);
#3212=VERTEX_POINT('',#4180);
#3213=LINE('',#4181,#4182);
#3214=VERTEX_POINT('',#4183);
#3215=LINE('',#4184,#4185);
#3216=VERTEX_POINT('',#4186);
#3217=LINE('',#4187,#4188);
#3218=VERTEX_POINT('',#4189);
#3219=CIRCLE('',#4190,1.27);
#3220=LINE('',#4191,#4192);
#3221=VERTEX_POINT('',#4193);
#3222=LINE('',#4194,#4195);
#3223=VERTEX_POINT('',#4196);
#3224=CIRCLE('',#4197,0.635);
#3225=LINE('',#4198,#4199);
#3226=LINE('',#4200,#4201);
#3227=VERTEX_POINT('',#4202);
#3228=LINE('',#4203,#4204);
#3229=LINE('',#4205,#4206);
#3230=VERTEX_POINT('',#4207);
#3231=CIRCLE('',#4208,1.27);
#3232=VERTEX_POINT('',#4209);
#3233=LINE('',#4210,#4211);
#3234=VERTEX_POINT('',#4212);
#3235=LINE('',#4213,#4214);
#3236=VERTEX_POINT('',#4215);
#3237=LINE('',#4216,#4217);
#3238=LINE('',#4218,#4219);
#3239=VERTEX_POINT('',#4220);
#3240=CIRCLE('',#4221,0.635);
#3241=VERTEX_POINT('',#4222);
#3242=LINE('',#4223,#4224);
#3243=LINE('',#4225,#4226);
#3244=VERTEX_POINT('',#4227);
#3245=VERTEX_POINT('',#4228);
#3246=LINE('',#4229,#4230);
#3247=VERTEX_POINT('',#4231);
#3248=LINE('',#4232,#4233);
#3249=VERTEX_POINT('',#4234);
#3250=LINE('',#4235,#4236);
#3251=VERTEX_POINT('',#4237);
#3252=LINE('',#4238,#4239);
#3253=VERTEX_POINT('',#4240);
#3254=LINE('',#4241,#4242);
#3255=VERTEX_POINT('',#4243);
#3256=LINE('',#4244,#4245);
#3257=VERTEX_POINT('',#4246);
#3258=LINE('',#4247,#4248);
#3259=VERTEX_POINT('',#4249);
#3260=LINE('',#4250,#4251);
#3261=VERTEX_POINT('',#4252);
#3262=LINE('',#4253,#4254);
#3263=VERTEX_POINT('',#4255);
#3264=LINE('',#4256,#4257);
#3265=VERTEX_POINT('',#4258);
#3266=LINE('',#4259,#4260);
#3267=VERTEX_POINT('',#4261);
#3268=LINE('',#4262,#4263);
#3269=VERTEX_POINT('',#4264);
#3270=LINE('',#4265,#4266);
#3271=VERTEX_POINT('',#4267);
#3272=LINE('',#4268,#4269);
#3273=VERTEX_POINT('',#4270);
#3274=LINE('',#4271,#4272);
#3275=VERTEX_POINT('',#4273);
#3276=LINE('',#4274,#4275);
#3277=VERTEX_POINT('',#4276);
#3278=LINE('',#4277,#4278);
#3279=VERTEX_POINT('',#4279);
#3280=LINE('',#4280,#4281);
#3281=VERTEX_POINT('',#4282);
#3282=LINE('',#4283,#4284);
#3283=VERTEX_POINT('',#4285);
#3284=LINE('',#4286,#4287);
#3285=VERTEX_POINT('',#4288);
#3286=LINE('',#4289,#4290);
#3287=VERTEX_POINT('',#4291);
#3288=LINE('',#4292,#4293);
#3289=VERTEX_POINT('',#4294);
#3290=LINE('',#4295,#4296);
#3291=VERTEX_POINT('',#4297);
#3292=LINE('',#4298,#4299);
#3293=VERTEX_POINT('',#4300);
#3294=LINE('',#4301,#4302);
#3295=VERTEX_POINT('',#4303);
#3296=LINE('',#4304,#4305);
#3297=VERTEX_POINT('',#4306);
#3298=LINE('',#4307,#4308);
#3299=VERTEX_POINT('',#4309);
#3300=LINE('',#4310,#4311);
#3301=VERTEX_POINT('',#4312);
#3302=LINE('',#4313,#4314);
#3303=VERTEX_POINT('',#4315);
#3304=LINE('',#4316,#4317);
#3305=VERTEX_POINT('',#4318);
#3306=LINE('',#4319,#4320);
#3307=VERTEX_POINT('',#4321);
#3308=LINE('',#4322,#4323);
#3309=VERTEX_POINT('',#4324);
#3310=LINE('',#4325,#4326);
#3311=VERTEX_POINT('',#4327);
#3312=LINE('',#4328,#4329);
#3313=VERTEX_POINT('',#4330);
#3314=LINE('',#4331,#4332);
#3315=VERTEX_POINT('',#4333);
#3316=LINE('',#4334,#4335);
#3317=VERTEX_POINT('',#4336);
#3318=LINE('',#4337,#4338);
#3319=LINE('',#4339,#4340);
#3320=LINE('',#4341,#4342);
#3321=VERTEX_POINT('',#4343);
#3322=LINE('',#4344,#4345);
#3323=LINE('',#4346,#4347);
#3324=VERTEX_POINT('',#4348);
#3325=LINE('',#4349,#4350);
#3326=VERTEX_POINT('',#4351);
#3327=LINE('',#4352,#4353);
#3328=VERTEX_POINT('',#4354);
#3329=LINE('',#4355,#4356);
#3330=LINE('',#4357,#4358);
#3331=VERTEX_POINT('',#4359);
#3332=LINE('',#4360,#4361);
#3333=VERTEX_POINT('',#4362);
#3334=LINE('',#4363,#4364);
#3335=LINE('',#4365,#4366);
#3336=VERTEX_POINT('',#4367);
#3337=LINE('',#4368,#4369);
#3338=VERTEX_POINT('',#4370);
#3339=LINE('',#4371,#4372);
#3340=LINE('',#4373,#4374);
#3341=VERTEX_POINT('',#4375);
#3342=LINE('',#4376,#4377);
#3343=LINE('',#4378,#4379);
#3344=VERTEX_POINT('',#4380);
#3345=LINE('',#4381,#4382);
#3346=LINE('',#4383,#4384);
#3347=VERTEX_POINT('',#4385);
#3348=LINE('',#4386,#4387);
#3349=VERTEX_POINT('',#4388);
#3350=LINE('',#4389,#4390);
#3351=LINE('',#4391,#4392);
#3352=LINE('',#4393,#4394);
#3353=VERTEX_POINT('',#4395);
#3354=VERTEX_POINT('',#4396);
#3355=LINE('',#4397,#4398);
#3356=LINE('',#4399,#4400);
#3357=LINE('',#4401,#4402);
#3358=LINE('',#4403,#4404);
#3359=VERTEX_POINT('',#4405);
#3360=LINE('',#4406,#4407);
#3361=VERTEX_POINT('',#4408);
#3362=LINE('',#4409,#4410);
#3363=VERTEX_POINT('',#4411);
#3364=LINE('',#4412,#4413);
#3365=CIRCLE('',#4414,1.27);
#3366=VERTEX_POINT('',#4415);
#3367=LINE('',#4416,#4417);
#3368=VERTEX_POINT('',#4418);
#3369=CIRCLE('',#4419,0.635);
#3370=LINE('',#4420,#4421);
#3371=VERTEX_POINT('',#4422);
#3372=CIRCLE('',#4423,1.27);
#3373=LINE('',#4424,#4425);
#3374=LINE('',#4426,#4427);
#3375=VERTEX_POINT('',#4428);
#3376=LINE('',#4429,#4430);
#3377=VERTEX_POINT('',#4431);
#3378=LINE('',#4432,#4433);
#3379=LINE('',#4434,#4435);
#3380=VERTEX_POINT('',#4436);
#3381=LINE('',#4437,#4438);
#3382=VERTEX_POINT('',#4439);
#3383=LINE('',#4440,#4441);
#3384=LINE('',#4442,#4443);
#3385=VERTEX_POINT('',#4444);
#3386=LINE('',#4445,#4446);
#3387=VERTEX_POINT('',#4447);
#3388=LINE('',#4448,#4449);
#3389=LINE('',#4450,#4451);
#3390=VERTEX_POINT('',#4452);
#3391=LINE('',#4453,#4454);
#3392=VERTEX_POINT('',#4455);
#3393=LINE('',#4456,#4457);
#3394=LINE('',#4458,#4459);
#3395=VERTEX_POINT('',#4460);
#3396=LINE('',#4461,#4462);
#3397=VERTEX_POINT('',#4463);
#3398=LINE('',#4464,#4465);
#3399=VERTEX_POINT('',#4466);
#3400=LINE('',#4467,#4468);
#3401=VERTEX_POINT('',#4469);
#3402=LINE('',#4470,#4471);
#3403=LINE('',#4472,#4473);
#3404=LINE('',#4474,#4475);
#3405=VERTEX_POINT('',#4476);
#3406=LINE('',#4477,#4478);
#3407=VERTEX_POINT('',#4479);
#3408=LINE('',#4480,#4481);
#3409=VERTEX_POINT('',#4482);
#3410=LINE('',#4483,#4484);
#3411=VERTEX_POINT('',#4485);
#3412=LINE('',#4486,#4487);
#3413=VERTEX_POINT('',#4488);
#3414=LINE('',#4489,#4490);
#3415=VERTEX_POINT('',#4491);
#3416=LINE('',#4492,#4493);
#3417=VERTEX_POINT('',#4494);
#3418=LINE('',#4495,#4496);
#3419=VERTEX_POINT('',#4497);
#3420=LINE('',#4498,#4499);
#3421=VERTEX_POINT('',#4500);
#3422=LINE('',#4501,#4502);
#3423=VERTEX_POINT('',#4503);
#3424=LINE('',#4504,#4505);
#3425=VERTEX_POINT('',#4506);
#3426=LINE('',#4507,#4508);
#3427=VERTEX_POINT('',#4509);
#3428=LINE('',#4510,#4511);
#3429=VERTEX_POINT('',#4512);
#3430=LINE('',#4513,#4514);
#3431=VERTEX_POINT('',#4515);
#3432=LINE('',#4516,#4517);
#3433=VERTEX_POINT('',#4518);
#3434=LINE('',#4519,#4520);
#3435=VERTEX_POINT('',#4521);
#3436=LINE('',#4522,#4523);
#3437=VERTEX_POINT('',#4524);
#3438=LINE('',#4525,#4526);
#3439=LINE('',#4527,#4528);
#3440=VERTEX_POINT('',#4529);
#3441=LINE('',#4530,#4531);
#3442=LINE('',#4532,#4533);
#3443=VERTEX_POINT('',#4534);
#3444=CIRCLE('',#4535,1.27);
#3445=VERTEX_POINT('',#4536);
#3446=LINE('',#4537,#4538);
#3447=LINE('',#4539,#4540);
#3448=LINE('',#4541,#4542);
#3449=VERTEX_POINT('',#4543);
#3450=CIRCLE('',#4544,0.635);
#3451=LINE('',#4545,#4546);
#3452=VERTEX_POINT('',#4547);
#3453=LINE('',#4548,#4549);
#3454=LINE('',#4550,#4551);
#3455=VERTEX_POINT('',#4552);
#3456=LINE('',#4553,#4554);
#3457=VERTEX_POINT('',#4555);
#3458=LINE('',#4556,#4557);
#3459=LINE('',#4558,#4559);
#3460=VERTEX_POINT('',#4560);
#3461=VERTEX_POINT('',#4561);
#3462=LINE('',#4562,#4563);
#3463=LINE('',#4564,#4565);
#3464=LINE('',#4566,#4567);
#3465=VERTEX_POINT('',#4568);
#3466=LINE('',#4569,#4570);
#3467=LINE('',#4571,#4572);
#3468=VERTEX_POINT('',#4573);
#3469=LINE('',#4574,#4575);
#3470=LINE('',#4576,#4577);
#3471=VERTEX_POINT('',#4578);
#3472=LINE('',#4579,#4580);
#3473=LINE('',#4581,#4582);
#3474=LINE('',#4583,#4584);
#3475=VERTEX_POINT('',#4585);
#3476=LINE('',#4586,#4587);
#3477=LINE('',#4588,#4589);
#3478=LINE('',#4590,#4591);
#3479=VERTEX_POINT('',#4592);
#3480=LINE('',#4593,#4594);
#3481=LINE('',#4595,#4596);
#3482=VERTEX_POINT('',#4597);
#3483=LINE('',#4598,#4599);
#3484=LINE('',#4600,#4601);
#3485=CIRCLE('',#4602,1.27);
#3486=CIRCLE('',#4603,0.635);
#3487=VERTEX_POINT('',#4604);
#3488=LINE('',#4605,#4606);
#3489=LINE('',#4607,#4608);
#3490=VERTEX_POINT('',#4609);
#3491=CIRCLE('',#4610,1.27);
#3492=LINE('',#4611,#4612);
#3493=LINE('',#4613,#4614);
#3494=VERTEX_POINT('',#4615);
#3495=CIRCLE('',#4616,0.635);
#3496=LINE('',#4617,#4618);
#3497=VERTEX_POINT('',#4619);
#3498=LINE('',#4620,#4621);
#3499=LINE('',#4622,#4623);
#3500=VERTEX_POINT('',#4624);
#3501=LINE('',#4625,#4626);
#3502=VERTEX_POINT('',#4627);
#3503=LINE('',#4628,#4629);
#3504=LINE('',#4630,#4631);
#3505=VERTEX_POINT('',#4632);
#3506=LINE('',#4633,#4634);
#3507=VERTEX_POINT('',#4635);
#3508=LINE('',#4636,#4637);
#3509=LINE('',#4638,#4639);
#3510=VERTEX_POINT('',#4640);
#3511=LINE('',#4641,#4642);
#3512=LINE('',#4643,#4644);
#3513=VERTEX_POINT('',#4645);
#3514=LINE('',#4646,#4647);
#3515=LINE('',#4648,#4649);
#3516=VERTEX_POINT('',#4650);
#3517=LINE('',#4651,#4652);
#3518=LINE('',#4653,#4654);
#3519=VERTEX_POINT('',#4655);
#3520=LINE('',#4656,#4657);
#3521=LINE('',#4658,#4659);
#3522=LINE('',#4660,#4661);
#3523=LINE('',#4662,#4663);
#3524=VERTEX_POINT('',#4664);
#3525=LINE('',#4665,#4666);
#3526=LINE('',#4667,#4668);
#3527=VERTEX_POINT('',#4669);
#3528=LINE('',#4670,#4671);
#3529=LINE('',#4672,#4673);
#3530=CIRCLE('',#4674,1.27);
#3531=CIRCLE('',#4675,0.635);
#3532=VERTEX_POINT('',#4676);
#3533=LINE('',#4677,#4678);
#3534=LINE('',#4679,#4680);
#3535=VERTEX_POINT('',#4681);
#3536=CIRCLE('',#4682,1.27);
#3537=LINE('',#4683,#4684);
#3538=LINE('',#4685,#4686);
#3539=VERTEX_POINT('',#4687);
#3540=CIRCLE('',#4688,0.635);
#3541=LINE('',#4689,#4690);
#3542=VERTEX_POINT('',#4691);
#3543=LINE('',#4692,#4693);
#3544=VERTEX_POINT('',#4694);
#3545=LINE('',#4695,#4696);
#3546=LINE('',#4697,#4698);
#3547=VERTEX_POINT('',#4699);
#3548=LINE('',#4700,#4701);
#3549=LINE('',#4702,#4703);
#3550=CIRCLE('',#4704,1.27);
#3551=VERTEX_POINT('',#4705);
#3552=LINE('',#4706,#4707);
#3553=LINE('',#4708,#4709);
#3554=VERTEX_POINT('',#4710);
#3555=LINE('',#4711,#4712);
#3556=CIRCLE('',#4713,0.635);
#3557=VERTEX_POINT('',#4714);
#3558=LINE('',#4715,#4716);
#3559=LINE('',#4717,#4718);
#3560=VERTEX_POINT('',#4719);
#3561=CIRCLE('',#4720,1.27);
#3562=LINE('',#4721,#4722);
#3563=LINE('',#4723,#4724);
#3564=VERTEX_POINT('',#4725);
#3565=CIRCLE('',#4726,0.635);
#3566=LINE('',#4727,#4728);
#3567=VERTEX_POINT('',#4729);
#3568=LINE('',#4730,#4731);
#3569=VERTEX_POINT('',#4732);
#3570=LINE('',#4733,#4734);
#3571=LINE('',#4735,#4736);
#3572=VERTEX_POINT('',#4737);
#3573=LINE('',#4738,#4739);
#3574=LINE('',#4740,#4741);
#3575=CIRCLE('',#4742,1.27);
#3576=VERTEX_POINT('',#4743);
#3577=LINE('',#4744,#4745);
#3578=LINE('',#4746,#4747);
#3579=VERTEX_POINT('',#4748);
#3580=LINE('',#4749,#4750);
#3581=CIRCLE('',#4751,0.635);
#3582=VERTEX_POINT('',#4752);
#3583=LINE('',#4753,#4754);
#3584=LINE('',#4755,#4756);
#3585=LINE('',#4757,#4758);
#3586=VERTEX_POINT('',#4759);
#3587=CIRCLE('',#4760,0.635);
#3588=LINE('',#4761,#4762);
#3589=LINE('',#4763,#4764);
#3590=LINE('',#4765,#4766);
#3591=LINE('',#4767,#4768);
#3592=VERTEX_POINT('',#4769);
#3593=VERTEX_POINT('',#4770);
#3594=LINE('',#4771,#4772);
#3595=LINE('',#4773,#4774);
#3596=LINE('',#4775,#4776);
#3597=VERTEX_POINT('',#4777);
#3598=LINE('',#4778,#4779);
#3599=VERTEX_POINT('',#4780);
#3600=LINE('',#4781,#4782);
#3601=LINE('',#4783,#4784);
#3602=LINE('',#4785,#4786);
#3603=VERTEX_POINT('',#4787);
#3604=LINE('',#4788,#4789);
#3605=LINE('',#4790,#4791);
#3606=VERTEX_POINT('',#4792);
#3607=LINE('',#4793,#4794);
#3608=LINE('',#4795,#4796);
#3609=LINE('',#4797,#4798);
#3610=LINE('',#4799,#4800);
#3611=LINE('',#4801,#4802);
#3612=VERTEX_POINT('',#4803);
#3613=VERTEX_POINT('',#4804);
#3614=LINE('',#4805,#4806);
#3615=LINE('',#4807,#4808);
#3616=LINE('',#4809,#4810);
#3617=VERTEX_POINT('',#4811);
#3618=LINE('',#4812,#4813);
#3619=VERTEX_POINT('',#4814);
#3620=LINE('',#4815,#4816);
#3621=LINE('',#4817,#4818);
#3622=LINE('',#4819,#4820);
#3623=VERTEX_POINT('',#4821);
#3624=LINE('',#4822,#4823);
#3625=LINE('',#4824,#4825);
#3626=VERTEX_POINT('',#4826);
#3627=LINE('',#4827,#4828);
#3628=LINE('',#4829,#4830);
#3629=LINE('',#4831,#4832);
#3630=LINE('',#4833,#4834);
#3631=LINE('',#4835,#4836);
#3632=VERTEX_POINT('',#4837);
#3633=LINE('',#4838,#4839);
#3634=LINE('',#4840,#4841);
#3635=LINE('',#4842,#4843);
#3636=VERTEX_POINT('',#4844);
#3637=LINE('',#4845,#4846);
#3638=LINE('',#4847,#4848);
#3639=LINE('',#4849,#4850);
#3640=LINE('',#4851,#4852);
#3641=LINE('',#4853,#4854);
#3642=LINE('',#4855,#4856);
#3643=CARTESIAN_POINT('',(-8.89,2.54,-5.715));
#3644=CARTESIAN_POINT('',(-8.89,-2.54,-5.715));
#3645=CARTESIAN_POINT('',(-8.89,2.54,-5.715));
#3646=VECTOR('',#4857,5.08);
#3647=CARTESIAN_POINT('',(8.89,2.54,-5.715));
#3648=CARTESIAN_POINT('',(-8.89,2.54,-5.715));
#3649=VECTOR('',#4858,17.78);
#3650=CARTESIAN_POINT('',(8.89,-2.54,-5.715));
#3651=CARTESIAN_POINT('',(8.89,-2.54,-5.715));
#3652=VECTOR('',#4859,5.08);
#3653=CARTESIAN_POINT('',(7.874,-2.54,-5.715));
#3654=CARTESIAN_POINT('',(7.874,-2.54,-5.715));
#3655=VECTOR('',#4860,1.016);
#3656=CARTESIAN_POINT('',(7.493,-2.921,-5.715));
#3657=CARTESIAN_POINT('',(7.493,-2.921,-5.715));
#3658=VECTOR('',#4861,0.53881536726424);
#3659=CARTESIAN_POINT('',(7.112,-2.54,-5.715));
#3660=CARTESIAN_POINT('',(7.112,-2.54,-5.715));
#3661=VECTOR('',#4862,0.53881536726424);
#3662=CARTESIAN_POINT('',(-7.112,-2.54,-5.715));
#3663=CARTESIAN_POINT('',(-7.112,-2.54,-5.715));
#3664=VECTOR('',#4863,14.224);
#3665=CARTESIAN_POINT('',(-7.493,-2.921,-5.715));
#3666=CARTESIAN_POINT('',(-7.493,-2.921,-5.715));
#3667=VECTOR('',#4864,0.53881536726424);
#3668=CARTESIAN_POINT('',(-7.874,-2.54,-5.715));
#3669=CARTESIAN_POINT('',(-7.874,-2.54,-5.715));
#3670=VECTOR('',#4865,0.53881536726424);
#3671=CARTESIAN_POINT('',(-8.89,-2.54,-5.715));
#3672=VECTOR('',#4866,1.016);
#3673=CARTESIAN_POINT('',(-7.874,-1.778,-5.715));
#3674=CARTESIAN_POINT('',(7.874,-1.778,-5.715));
#3675=CARTESIAN_POINT('',(-7.874,-1.778,-5.715));
#3676=VECTOR('',#4867,15.748);
#3677=CARTESIAN_POINT('',(7.874,1.778,-5.715));
#3678=CARTESIAN_POINT('',(7.874,-1.778,-5.715));
#3679=VECTOR('',#4868,3.556);
#3680=CARTESIAN_POINT('',(-7.874,1.778,-5.715));
#3681=CARTESIAN_POINT('',(-7.874,1.778,-5.715));
#3682=VECTOR('',#4869,15.748);
#3683=CARTESIAN_POINT('',(-7.874,1.778,-5.715));
#3684=VECTOR('',#4870,3.556);
#3685=CARTESIAN_POINT('',(8.89,-2.54,5.715));
#3686=CARTESIAN_POINT('',(8.89,-2.54,-5.715));
#3687=VECTOR('',#4871,11.43);
#3688=CARTESIAN_POINT('',(7.874,-2.54,5.715));
#3689=CARTESIAN_POINT('',(7.874,-2.54,5.715));
#3690=VECTOR('',#4872,1.016);
#3691=CARTESIAN_POINT('',(7.874,-2.54,-5.715));
#3692=VECTOR('',#4873,11.43);
#3693=CARTESIAN_POINT('',(-8.89,-2.54,5.715));
#3694=CARTESIAN_POINT('',(-7.874,-2.54,5.715));
#3695=CARTESIAN_POINT('',(-8.89,-2.54,5.715));
#3696=VECTOR('',#4874,1.016);
#3697=CARTESIAN_POINT('',(-8.89,-2.54,-5.715));
#3698=VECTOR('',#4875,11.43);
#3699=CARTESIAN_POINT('',(-7.874,-2.54,-5.715));
#3700=VECTOR('',#4876,11.43);
#3701=CARTESIAN_POINT('',(-5.588,-2.54,5.715));
#3702=CARTESIAN_POINT('',(-5.588,-2.54,-3.175));
#3703=CARTESIAN_POINT('',(-5.588,-2.54,5.715));
#3704=VECTOR('',#4877,8.89);
#3705=CARTESIAN_POINT('',(-7.112,-2.54,5.715));
#3706=CARTESIAN_POINT('',(-7.112,-2.54,5.715));
#3707=VECTOR('',#4878,1.524);
#3708=CARTESIAN_POINT('',(-7.112,-2.54,-5.715));
#3709=VECTOR('',#4879,11.43);
#3710=CARTESIAN_POINT('',(7.112,-2.54,5.715));
#3711=CARTESIAN_POINT('',(7.112,-2.54,-5.715));
#3712=VECTOR('',#4880,11.43);
#3713=CARTESIAN_POINT('',(5.588,-2.54,5.715));
#3714=CARTESIAN_POINT('',(5.588,-2.54,5.715));
#3715=VECTOR('',#4881,1.524);
#3716=CARTESIAN_POINT('',(5.588,-2.54,-3.175));
#3717=CARTESIAN_POINT('',(5.588,-2.54,5.715));
#3718=VECTOR('',#4882,8.89);
#3719=CARTESIAN_POINT('',(4.572,-2.54,-3.175));
#3720=CARTESIAN_POINT('',(4.572,-2.54,-3.175));
#3721=VECTOR('',#4883,1.016);
#3722=CARTESIAN_POINT('',(4.572,-2.54,5.715));
#3723=CARTESIAN_POINT('',(4.572,-2.54,5.715));
#3724=VECTOR('',#4884,8.89);
#3725=CARTESIAN_POINT('',(-4.572,-2.54,5.715));
#3726=CARTESIAN_POINT('',(-4.572,-2.54,5.715));
#3727=VECTOR('',#4885,9.144);
#3728=CARTESIAN_POINT('',(-4.572,-2.54,-3.175));
#3729=CARTESIAN_POINT('',(-4.572,-2.54,5.715));
#3730=VECTOR('',#4886,8.89);
#3731=CARTESIAN_POINT('',(-5.588,-2.54,-3.175));
#3732=VECTOR('',#4887,1.016);
#3733=CARTESIAN_POINT('',(7.493,-2.921,5.715));
#3734=CARTESIAN_POINT('',(7.493,-2.921,5.715));
#3735=VECTOR('',#4888,0.53881536726424);
#3736=CARTESIAN_POINT('',(7.493,-2.921,-5.715));
#3737=VECTOR('',#4889,11.43);
#3738=CARTESIAN_POINT('',(7.112,-2.54,5.715));
#3739=VECTOR('',#4890,0.53881536726424);
#3740=CARTESIAN_POINT('',(-4.572,-2.032,5.715));
#3741=CARTESIAN_POINT('',(4.572,-2.032,5.715));
#3742=CARTESIAN_POINT('',(-4.572,-2.032,5.715));
#3743=VECTOR('',#4891,9.144);
#3744=CARTESIAN_POINT('',(-4.572,-2.54,5.715));
#3745=VECTOR('',#4892,0.508);
#3746=CARTESIAN_POINT('',(4.572,-2.54,5.715));
#3747=VECTOR('',#4893,0.508);
#3748=CARTESIAN_POINT('',(8.89,2.54,5.715));
#3749=CARTESIAN_POINT('',(8.89,-2.54,5.715));
#3750=VECTOR('',#4894,5.08);
#3751=CARTESIAN_POINT('',(4.064,2.54,5.715));
#3752=CARTESIAN_POINT('',(8.89,2.54,5.715));
#3753=VECTOR('',#4895,4.826);
#3754=CARTESIAN_POINT('',(4.064,4.064,5.715));
#3755=CARTESIAN_POINT('',(4.064,2.54,5.715));
#3756=VECTOR('',#4896,1.524);
#3757=CARTESIAN_POINT('',(-4.064,4.064,5.715));
#3758=CARTESIAN_POINT('',(4.064,4.064,5.715));
#3759=VECTOR('',#4897,8.128);
#3760=CARTESIAN_POINT('',(-4.064,2.54,5.715));
#3761=CARTESIAN_POINT('',(-4.064,4.064,5.715));
#3762=VECTOR('',#4898,1.524);
#3763=CARTESIAN_POINT('',(-8.89,2.54,5.715));
#3764=CARTESIAN_POINT('',(-4.064,2.54,5.715));
#3765=VECTOR('',#4899,4.826);
#3766=CARTESIAN_POINT('',(-8.89,2.54,5.715));
#3767=VECTOR('',#4900,5.08);
#3768=CARTESIAN_POINT('',(-7.493,-2.921,5.715));
#3769=CARTESIAN_POINT('',(-7.874,-2.54,5.715));
#3770=VECTOR('',#4901,0.53881536726424);
#3771=CARTESIAN_POINT('',(-7.493,-2.921,5.715));
#3772=VECTOR('',#4902,0.53881536726424);
#3773=CARTESIAN_POINT('',(-5.588,-2.032,5.715));
#3774=CARTESIAN_POINT('',(-5.588,-2.54,5.715));
#3775=VECTOR('',#4903,0.508);
#3776=CARTESIAN_POINT('',(-8.382,-2.032,5.715));
#3777=CARTESIAN_POINT('',(-8.382,-2.032,5.715));
#3778=VECTOR('',#4904,2.794);
#3779=CARTESIAN_POINT('',(-8.382,2.032,5.715));
#3780=CARTESIAN_POINT('',(-8.382,2.032,5.715));
#3781=VECTOR('',#4905,4.064);
#3782=CARTESIAN_POINT('',(-3.556,2.032,5.715));
#3783=CARTESIAN_POINT('',(-3.556,2.032,5.715));
#3784=VECTOR('',#4906,4.826);
#3785=CARTESIAN_POINT('',(-3.556,3.556,5.715));
#3786=CARTESIAN_POINT('',(-3.556,3.556,5.715));
#3787=VECTOR('',#4907,1.524);
#3788=CARTESIAN_POINT('',(3.556,3.556,5.715));
#3789=CARTESIAN_POINT('',(3.556,3.556,5.715));
#3790=VECTOR('',#4908,7.112);
#3791=CARTESIAN_POINT('',(3.556,2.032,5.715));
#3792=CARTESIAN_POINT('',(3.556,2.032,5.715));
#3793=VECTOR('',#4909,1.524);
#3794=CARTESIAN_POINT('',(8.382,2.032,5.715));
#3795=CARTESIAN_POINT('',(8.382,2.032,5.715));
#3796=VECTOR('',#4910,4.826);
#3797=CARTESIAN_POINT('',(8.382,-2.032,5.715));
#3798=CARTESIAN_POINT('',(8.382,-2.032,5.715));
#3799=VECTOR('',#4911,4.064);
#3800=CARTESIAN_POINT('',(5.588,-2.032,5.715));
#3801=CARTESIAN_POINT('',(5.588,-2.032,5.715));
#3802=VECTOR('',#4912,2.794);
#3803=CARTESIAN_POINT('',(5.588,-2.54,5.715));
#3804=VECTOR('',#4913,0.508);
#3805=CARTESIAN_POINT('',(4.572,-1.524,-3.175));
#3806=CARTESIAN_POINT('',(4.572,-1.524,-3.175));
#3807=VECTOR('',#4914,1.016);
#3808=CARTESIAN_POINT('',(4.572,-1.524,5.207));
#3809=CARTESIAN_POINT('',(4.572,-1.524,-3.175));
#3810=VECTOR('',#4915,8.382);
#3811=CARTESIAN_POINT('',(4.572,-2.032,5.715));
#3812=VECTOR('',#4916,0.718420489685484);
#3813=CARTESIAN_POINT('',(-4.572,-1.524,5.207));
#3814=CARTESIAN_POINT('',(-4.572,-1.524,5.207));
#3815=VECTOR('',#4917,9.144);
#3816=CARTESIAN_POINT('',(-4.572,-2.032,5.715));
#3817=VECTOR('',#4918,0.718420489685484);
#3818=CARTESIAN_POINT('',(7.874,-1.524,5.207));
#3819=CARTESIAN_POINT('',(8.382,-2.032,5.715));
#3820=VECTOR('',#4919,0.879881810245052);
#3821=CARTESIAN_POINT('',(5.588,-1.524,5.207));
#3822=CARTESIAN_POINT('',(5.588,-1.524,5.207));
#3823=VECTOR('',#4920,2.286);
#3824=CARTESIAN_POINT('',(5.588,-2.032,5.715));
#3825=VECTOR('',#4921,0.718420489685484);
#3826=CARTESIAN_POINT('',(-5.588,-1.524,5.207));
#3827=CARTESIAN_POINT('',(-5.588,-2.032,5.715));
#3828=VECTOR('',#4922,0.718420489685484);
#3829=CARTESIAN_POINT('',(-7.874,-1.524,5.207));
#3830=CARTESIAN_POINT('',(-7.874,-1.524,5.207));
#3831=VECTOR('',#4923,2.286);
#3832=CARTESIAN_POINT('',(-8.382,-2.032,5.715));
#3833=VECTOR('',#4924,0.879881810245052);
#3834=CARTESIAN_POINT('',(-4.572,-1.524,-3.175));
#3835=CARTESIAN_POINT('',(-4.572,-1.524,-3.175));
#3836=VECTOR('',#4925,8.382);
#3837=CARTESIAN_POINT('',(-4.572,-2.54,-3.175));
#3838=VECTOR('',#4926,1.016);
#3839=CARTESIAN_POINT('',(7.874,-1.524,-3.175));
#3840=CARTESIAN_POINT('',(7.874,1.524,-3.175));
#3841=CARTESIAN_POINT('',(7.874,-1.524,-3.175));
#3842=VECTOR('',#4927,3.048);
#3843=CARTESIAN_POINT('',(1.27,1.524,-3.175));
#3844=CARTESIAN_POINT('',(7.874,1.524,-3.175));
#3845=VECTOR('',#4928,6.604);
#3846=CARTESIAN_POINT('',(1.27,2.54,-3.175));
#3847=CARTESIAN_POINT('',(1.27,1.524,-3.175));
#3848=VECTOR('',#4929,1.016);
#3849=CARTESIAN_POINT('',(-1.27,2.54,-3.175));
#3850=CARTESIAN_POINT('',(-1.27,2.54,-3.175));
#3851=VECTOR('',#4930,2.54);
#3852=CARTESIAN_POINT('',(-1.27,1.524,-3.175));
#3853=CARTESIAN_POINT('',(-1.27,2.54,-3.175));
#3854=VECTOR('',#4931,1.016);
#3855=CARTESIAN_POINT('',(-7.874,1.524,-3.175));
#3856=CARTESIAN_POINT('',(-1.27,1.524,-3.175));
#3857=VECTOR('',#4932,6.604);
#3858=CARTESIAN_POINT('',(-7.874,-1.524,-3.175));
#3859=CARTESIAN_POINT('',(-7.874,1.524,-3.175));
#3860=VECTOR('',#4933,3.048);
#3861=CARTESIAN_POINT('',(-5.588,-1.524,-3.175));
#3862=CARTESIAN_POINT('',(-7.874,-1.524,-3.175));
#3863=VECTOR('',#4934,2.286);
#3864=CARTESIAN_POINT('',(-5.588,-1.524,-3.175));
#3865=VECTOR('',#4935,1.016);
#3866=CARTESIAN_POINT('',(-4.572,-1.524,-3.175));
#3867=VECTOR('',#4936,9.144);
#3868=CARTESIAN_POINT('',(5.588,-1.524,-3.175));
#3869=CARTESIAN_POINT('',(5.588,-2.54,-3.175));
#3870=VECTOR('',#4937,1.016);
#3871=CARTESIAN_POINT('',(5.588,-1.524,-3.175));
#3872=VECTOR('',#4938,2.286);
#3873=CARTESIAN_POINT('',(6.0325,0.3048,-3.175));
#3874=CARTESIAN_POINT('',(6.6675,0.3048,-3.175));
#3875=CARTESIAN_POINT('',(6.0325,0.3048,-3.175));
#3876=VECTOR('',#4939,0.635);
#3877=CARTESIAN_POINT('',(6.6675,-0.3302,-3.175));
#3878=CARTESIAN_POINT('',(6.6675,-0.3302,-3.175));
#3879=VECTOR('',#4940,0.635);
#3880=CARTESIAN_POINT('',(6.0325,-0.3302,-3.175));
#3881=CARTESIAN_POINT('',(6.0325,-0.3302,-3.175));
#3882=VECTOR('',#4941,0.635);
#3883=CARTESIAN_POINT('',(6.0325,-0.3302,-3.175));
#3884=VECTOR('',#4942,0.635);
#3885=CARTESIAN_POINT('',(3.4925,0.3048,-3.175));
#3886=CARTESIAN_POINT('',(4.1275,0.3048,-3.175));
#3887=CARTESIAN_POINT('',(3.4925,0.3048,-3.175));
#3888=VECTOR('',#4943,0.635);
#3889=CARTESIAN_POINT('',(4.1275,-0.3302,-3.175));
#3890=CARTESIAN_POINT('',(4.1275,-0.3302,-3.175));
#3891=VECTOR('',#4944,0.635);
#3892=CARTESIAN_POINT('',(3.4925,-0.3302,-3.175));
#3893=CARTESIAN_POINT('',(3.4925,-0.3302,-3.175));
#3894=VECTOR('',#4945,0.635);
#3895=CARTESIAN_POINT('',(3.4925,-0.3302,-3.175));
#3896=VECTOR('',#4946,0.635);
#3897=CARTESIAN_POINT('',(0.9525,0.3048,-3.175));
#3898=CARTESIAN_POINT('',(1.5875,0.3048,-3.175));
#3899=CARTESIAN_POINT('',(0.9525,0.3048,-3.175));
#3900=VECTOR('',#4947,0.635);
#3901=CARTESIAN_POINT('',(1.5875,-0.3302,-3.175));
#3902=CARTESIAN_POINT('',(1.5875,-0.3302,-3.175));
#3903=VECTOR('',#4948,0.635);
#3904=CARTESIAN_POINT('',(0.9525,-0.3302,-3.175));
#3905=CARTESIAN_POINT('',(0.9525,-0.3302,-3.175));
#3906=VECTOR('',#4949,0.635);
#3907=CARTESIAN_POINT('',(0.9525,-0.3302,-3.175));
#3908=VECTOR('',#4950,0.635);
#3909=CARTESIAN_POINT('',(-1.5875,0.3048,-3.175));
#3910=CARTESIAN_POINT('',(-0.9525,0.3048,-3.175));
#3911=CARTESIAN_POINT('',(-1.5875,0.3048,-3.175));
#3912=VECTOR('',#4951,0.635);
#3913=CARTESIAN_POINT('',(-0.9525,-0.3302,-3.175));
#3914=CARTESIAN_POINT('',(-0.9525,-0.3302,-3.175));
#3915=VECTOR('',#4952,0.635);
#3916=CARTESIAN_POINT('',(-1.5875,-0.3302,-3.175));
#3917=CARTESIAN_POINT('',(-1.5875,-0.3302,-3.175));
#3918=VECTOR('',#4953,0.635);
#3919=CARTESIAN_POINT('',(-1.5875,-0.3302,-3.175));
#3920=VECTOR('',#4954,0.635);
#3921=CARTESIAN_POINT('',(-4.1275,0.3048,-3.175));
#3922=CARTESIAN_POINT('',(-3.4925,0.3048,-3.175));
#3923=CARTESIAN_POINT('',(-4.1275,0.3048,-3.175));
#3924=VECTOR('',#4955,0.635);
#3925=CARTESIAN_POINT('',(-3.4925,-0.3302,-3.175));
#3926=CARTESIAN_POINT('',(-3.4925,-0.3302,-3.175));
#3927=VECTOR('',#4956,0.635);
#3928=CARTESIAN_POINT('',(-4.1275,-0.3302,-3.175));
#3929=CARTESIAN_POINT('',(-4.1275,-0.3302,-3.175));
#3930=VECTOR('',#4957,0.635);
#3931=CARTESIAN_POINT('',(-4.1275,-0.3302,-3.175));
#3932=VECTOR('',#4958,0.635);
#3933=CARTESIAN_POINT('',(-6.6675,0.3048,-3.175));
#3934=CARTESIAN_POINT('',(-6.0325,0.3048,-3.175));
#3935=CARTESIAN_POINT('',(-6.6675,0.3048,-3.175));
#3936=VECTOR('',#4959,0.635);
#3937=CARTESIAN_POINT('',(-6.0325,-0.3302,-3.175));
#3938=CARTESIAN_POINT('',(-6.0325,-0.3302,-3.175));
#3939=VECTOR('',#4960,0.635);
#3940=CARTESIAN_POINT('',(-6.6675,-0.3302,-3.175));
#3941=CARTESIAN_POINT('',(-6.6675,-0.3302,-3.175));
#3942=VECTOR('',#4961,0.635);
#3943=CARTESIAN_POINT('',(-6.6675,-0.3302,-3.175));
#3944=VECTOR('',#4962,0.635);
#3945=CARTESIAN_POINT('',(7.874,-1.524,-3.175));
#3946=VECTOR('',#4963,8.382);
#3947=CARTESIAN_POINT('',(5.588,-1.524,-3.175));
#3948=VECTOR('',#4964,8.382);
#3949=CARTESIAN_POINT('',(-7.874,-1.524,5.207));
#3950=VECTOR('',#4965,8.382);
#3951=CARTESIAN_POINT('',(-5.588,-1.524,-3.175));
#3952=VECTOR('',#4966,8.382);
#3953=CARTESIAN_POINT('',(7.874,1.524,5.207));
#3954=CARTESIAN_POINT('',(7.874,-1.524,5.207));
#3955=VECTOR('',#4967,3.048);
#3956=CARTESIAN_POINT('',(7.874,1.524,5.207));
#3957=VECTOR('',#4968,8.382);
#3958=CARTESIAN_POINT('',(3.048,1.524,5.207));
#3959=CARTESIAN_POINT('',(7.874,1.524,5.207));
#3960=VECTOR('',#4969,4.826);
#3961=CARTESIAN_POINT('',(3.048,1.524,2.413));
#3962=CARTESIAN_POINT('',(3.048,1.524,5.207));
#3963=VECTOR('',#4970,2.794);
#3964=CARTESIAN_POINT('',(1.27,1.524,2.413));
#3965=CARTESIAN_POINT('',(3.048,1.524,2.413));
#3966=VECTOR('',#4971,1.778);
#3967=CARTESIAN_POINT('',(1.27,1.524,2.413));
#3968=VECTOR('',#4972,5.588);
#3969=CARTESIAN_POINT('',(1.27,2.032,2.921));
#3970=CARTESIAN_POINT('',(1.27,2.032,2.921));
#3971=VECTOR('',#4973,0.718420489685484);
#3972=CARTESIAN_POINT('',(1.27,2.54,2.921));
#3973=CARTESIAN_POINT('',(1.27,2.54,2.921));
#3974=VECTOR('',#4974,0.508);
#3975=CARTESIAN_POINT('',(1.27,2.54,2.921));
#3976=VECTOR('',#4975,6.096);
#3977=CARTESIAN_POINT('',(3.048,2.54,2.921));
#3978=CARTESIAN_POINT('',(1.27,2.54,2.921));
#3979=VECTOR('',#4976,1.778);
#3980=CARTESIAN_POINT('',(4.064,2.54,2.921));
#3981=CARTESIAN_POINT('',(4.064,2.54,2.921));
#3982=VECTOR('',#4977,1.016);
#3983=CARTESIAN_POINT('',(4.064,2.54,2.921));
#3984=VECTOR('',#4978,2.794);
#3985=CARTESIAN_POINT('',(8.89,2.54,-5.715));
#3986=VECTOR('',#4979,11.43);
#3987=CARTESIAN_POINT('',(-8.89,2.54,-5.715));
#3988=VECTOR('',#4980,11.43);
#3989=CARTESIAN_POINT('',(-4.064,2.54,2.921));
#3990=CARTESIAN_POINT('',(-4.064,2.54,2.921));
#3991=VECTOR('',#4981,2.794);
#3992=CARTESIAN_POINT('',(-3.048,2.54,2.921));
#3993=CARTESIAN_POINT('',(-3.048,2.54,2.921));
#3994=VECTOR('',#4982,1.016);
#3995=CARTESIAN_POINT('',(-1.27,2.54,2.921));
#3996=CARTESIAN_POINT('',(-3.048,2.54,2.921));
#3997=VECTOR('',#4983,1.778);
#3998=CARTESIAN_POINT('',(-1.27,2.54,2.921));
#3999=VECTOR('',#4984,6.096);
#4000=CARTESIAN_POINT('',(-1.27,2.032,2.921));
#4001=CARTESIAN_POINT('',(-1.27,2.54,2.921));
#4002=VECTOR('',#4985,0.508);
#4003=CARTESIAN_POINT('',(-1.27,1.524,2.413));
#4004=CARTESIAN_POINT('',(-1.27,2.032,2.921));
#4005=VECTOR('',#4986,0.718420489685484);
#4006=CARTESIAN_POINT('',(-1.27,1.524,2.413));
#4007=VECTOR('',#4987,5.588);
#4008=CARTESIAN_POINT('',(-3.048,1.524,5.207));
#4009=CARTESIAN_POINT('',(-7.874,1.524,5.207));
#4010=CARTESIAN_POINT('',(-3.048,1.524,5.207));
#4011=VECTOR('',#4988,4.826);
#4012=CARTESIAN_POINT('',(-7.874,1.524,5.207));
#4013=VECTOR('',#4989,8.382);
#4014=CARTESIAN_POINT('',(-3.048,1.524,2.413));
#4015=CARTESIAN_POINT('',(-3.048,1.524,2.413));
#4016=VECTOR('',#4990,1.778);
#4017=CARTESIAN_POINT('',(-3.048,1.524,5.207));
#4018=VECTOR('',#4991,2.794);
#4019=CARTESIAN_POINT('',(-3.048,3.048,2.921));
#4020=CARTESIAN_POINT('',(-3.048,2.54,2.921));
#4021=VECTOR('',#4992,0.508);
#4022=CARTESIAN_POINT('',(-3.048,3.048,5.207));
#4023=CARTESIAN_POINT('',(-3.048,3.048,5.207));
#4024=VECTOR('',#4993,2.286);
#4025=CARTESIAN_POINT('',(-3.048,3.048,5.207));
#4026=VECTOR('',#4994,1.524);
#4027=CARTESIAN_POINT('',(-3.048,2.032,2.921));
#4028=CARTESIAN_POINT('',(-3.048,2.032,2.921));
#4029=VECTOR('',#4995,0.718420489685484);
#4030=CARTESIAN_POINT('',(-3.048,2.54,2.921));
#4031=VECTOR('',#4996,0.508);
#4032=CARTESIAN_POINT('',(3.048,2.032,2.921));
#4033=CARTESIAN_POINT('',(3.048,2.032,2.921));
#4034=VECTOR('',#4997,0.508);
#4035=CARTESIAN_POINT('',(3.048,2.032,2.921));
#4036=VECTOR('',#4998,1.778);
#4037=CARTESIAN_POINT('',(-3.048,2.032,2.921));
#4038=VECTOR('',#4999,1.778);
#4039=CARTESIAN_POINT('',(3.048,2.032,2.921));
#4040=VECTOR('',#5000,0.718420489685484);
#4041=CARTESIAN_POINT('',(3.048,3.048,5.207));
#4042=CARTESIAN_POINT('',(3.048,1.524,5.207));
#4043=VECTOR('',#5001,1.524);
#4044=CARTESIAN_POINT('',(3.048,3.048,2.921));
#4045=CARTESIAN_POINT('',(3.048,3.048,5.207));
#4046=VECTOR('',#5002,2.286);
#4047=CARTESIAN_POINT('',(3.048,2.54,2.921));
#4048=VECTOR('',#5003,0.508);
#4049=CARTESIAN_POINT('',(-2.54,3.048,2.921));
#4050=CARTESIAN_POINT('',(-2.54,3.048,2.921));
#4051=VECTOR('',#5004,0.508);
#4052=CARTESIAN_POINT('',(-4.064,4.064,2.921));
#4053=CARTESIAN_POINT('',(-4.064,4.064,2.921));
#4054=VECTOR('',#5005,1.524);
#4055=CARTESIAN_POINT('',(-2.54,4.064,2.921));
#4056=CARTESIAN_POINT('',(-2.54,4.064,2.921));
#4057=VECTOR('',#5006,1.524);
#4058=CARTESIAN_POINT('',(-2.54,4.064,2.921));
#4059=VECTOR('',#5007,1.016);
#4060=CARTESIAN_POINT('',(4.064,4.064,2.921));
#4061=CARTESIAN_POINT('',(2.54,4.064,2.921));
#4062=CARTESIAN_POINT('',(4.064,4.064,2.921));
#4063=VECTOR('',#5008,1.524);
#4064=CARTESIAN_POINT('',(4.064,2.54,2.921));
#4065=VECTOR('',#5009,1.524);
#4066=CARTESIAN_POINT('',(2.54,3.048,2.921));
#4067=CARTESIAN_POINT('',(3.048,3.048,2.921));
#4068=VECTOR('',#5010,0.508);
#4069=CARTESIAN_POINT('',(2.54,4.064,2.921));
#4070=VECTOR('',#5011,1.016);
#4071=CARTESIAN_POINT('',(-2.54,4.064,3.81));
#4072=CARTESIAN_POINT('',(-2.54,3.048,3.81));
#4073=CARTESIAN_POINT('',(-2.54,4.064,3.81));
#4074=VECTOR('',#5012,1.016);
#4075=CARTESIAN_POINT('',(-2.54,3.048,2.921));
#4076=VECTOR('',#5013,0.889);
#4077=CARTESIAN_POINT('',(-2.54,4.064,2.921));
#4078=VECTOR('',#5014,0.889);
#4079=CARTESIAN_POINT('',(-4.064,4.064,2.921));
#4080=VECTOR('',#5015,2.794);
#4081=CARTESIAN_POINT('',(4.064,4.064,2.921));
#4082=VECTOR('',#5016,2.794);
#4083=CARTESIAN_POINT('',(2.54,4.064,3.81));
#4084=CARTESIAN_POINT('',(2.54,4.064,2.921));
#4085=VECTOR('',#5017,0.889);
#4086=CARTESIAN_POINT('',(1.524,4.064,4.826));
#4087=AXIS2_PLACEMENT_3D('',#5018,#5019,#5020);
#4088=CARTESIAN_POINT('',(-1.524,4.064,4.826));
#4089=CARTESIAN_POINT('',(-1.524,4.064,4.826));
#4090=VECTOR('',#5021,3.048);
#4091=AXIS2_PLACEMENT_3D('',#5022,#5023,#5024);
#4092=CARTESIAN_POINT('',(-1.524,3.048,4.826));
#4093=CARTESIAN_POINT('',(-1.524,4.064,4.826));
#4094=VECTOR('',#5025,1.016);
#4095=AXIS2_PLACEMENT_3D('',#5026,#5027,#5028);
#4096=CARTESIAN_POINT('',(1.524,3.048,4.826));
#4097=CARTESIAN_POINT('',(-1.524,3.048,4.826));
#4098=VECTOR('',#5029,3.048);
#4099=CARTESIAN_POINT('',(2.54,3.048,3.81));
#4100=AXIS2_PLACEMENT_3D('',#5030,#5031,#5032);
#4101=CARTESIAN_POINT('',(2.54,3.048,2.921));
#4102=VECTOR('',#5033,0.889);
#4103=CARTESIAN_POINT('',(3.048,3.048,5.207));
#4104=VECTOR('',#5034,6.096);
#4105=CARTESIAN_POINT('',(-3.556,3.556,5.715));
#4106=VECTOR('',#5035,0.879881810245052);
#4107=CARTESIAN_POINT('',(3.556,3.556,5.715));
#4108=VECTOR('',#5036,0.879881810245052);
#4109=CARTESIAN_POINT('',(3.556,2.032,5.715));
#4110=VECTOR('',#5037,0.879881810245052);
#4111=CARTESIAN_POINT('',(8.382,2.032,5.715));
#4112=VECTOR('',#5038,0.879881810245052);
#4113=CARTESIAN_POINT('',(-3.556,2.032,5.715));
#4114=VECTOR('',#5039,0.879881810245052);
#4115=CARTESIAN_POINT('',(-8.382,2.032,5.715));
#4116=VECTOR('',#5040,0.879881810245052);
#4117=CARTESIAN_POINT('',(-7.874,1.524,5.207));
#4118=VECTOR('',#5041,3.048);
#4119=CARTESIAN_POINT('',(2.54,4.064,3.81));
#4120=VECTOR('',#5042,1.016);
#4121=CARTESIAN_POINT('',(1.524,4.064,4.826));
#4122=VECTOR('',#5043,1.016);
#4123=CARTESIAN_POINT('',(6.0325,-0.3302,2.921));
#4124=CARTESIAN_POINT('',(6.0325,-0.3302,2.921));
#4125=VECTOR('',#5044,6.096);
#4126=CARTESIAN_POINT('',(6.0325,0.3048,2.921));
#4127=CARTESIAN_POINT('',(6.0325,0.3048,2.921));
#4128=VECTOR('',#5045,0.635);
#4129=CARTESIAN_POINT('',(6.0325,0.3048,-3.175));
#4130=VECTOR('',#5046,6.096);
#4131=CARTESIAN_POINT('',(6.0325,-1.778,-6.858));
#4132=CARTESIAN_POINT('',(6.0325,-1.778,-7.493));
#4133=CARTESIAN_POINT('',(6.0325,-1.778,-6.858));
#4134=VECTOR('',#5047,0.635);
#4135=CARTESIAN_POINT('',(6.0325,-6.223,-7.493));
#4136=CARTESIAN_POINT('',(6.0325,-6.223,-7.493));
#4137=VECTOR('',#5048,4.445);
#4138=CARTESIAN_POINT('',(6.0325,-6.223,-6.858));
#4139=CARTESIAN_POINT('',(6.0325,-6.223,-6.858));
#4140=VECTOR('',#5049,0.635);
#4141=CARTESIAN_POINT('',(6.0325,-1.778,-6.858));
#4142=VECTOR('',#5050,4.445);
#4143=CARTESIAN_POINT('',(6.6675,0.3048,2.921));
#4144=CARTESIAN_POINT('',(6.0325,0.3048,2.921));
#4145=VECTOR('',#5051,0.635);
#4146=CARTESIAN_POINT('',(6.6675,0.3048,-3.175));
#4147=VECTOR('',#5052,6.096);
#4148=CARTESIAN_POINT('',(6.6675,-0.3302,2.921));
#4149=CARTESIAN_POINT('',(6.6675,0.3048,2.921));
#4150=VECTOR('',#5053,0.635);
#4151=CARTESIAN_POINT('',(6.6675,-0.3302,2.921));
#4152=VECTOR('',#5054,6.096);
#4153=CARTESIAN_POINT('',(6.6675,-6.223,-6.858));
#4154=CARTESIAN_POINT('',(6.6675,-6.223,-7.493));
#4155=CARTESIAN_POINT('',(6.6675,-6.223,-6.858));
#4156=VECTOR('',#5055,0.635);
#4157=CARTESIAN_POINT('',(6.6675,-1.778,-7.493));
#4158=CARTESIAN_POINT('',(6.6675,-6.223,-7.493));
#4159=VECTOR('',#5056,4.445);
#4160=CARTESIAN_POINT('',(6.6675,-1.778,-6.858));
#4161=CARTESIAN_POINT('',(6.6675,-1.778,-6.858));
#4162=VECTOR('',#5057,0.635);
#4163=CARTESIAN_POINT('',(6.6675,-1.778,-6.858));
#4164=VECTOR('',#5058,4.445);
#4165=CARTESIAN_POINT('',(6.0325,-0.3302,2.921));
#4166=VECTOR('',#5059,0.635);
#4167=CARTESIAN_POINT('',(6.0325,-6.223,-6.858));
#4168=VECTOR('',#5060,0.635);
#4169=CARTESIAN_POINT('',(6.6675,-0.9652,-6.858));
#4170=CARTESIAN_POINT('',(6.6675,-1.778,-6.858));
#4171=VECTOR('',#5061,0.8128);
#4172=CARTESIAN_POINT('',(6.0325,-0.9652,-6.858));
#4173=CARTESIAN_POINT('',(6.0325,-0.9652,-6.858));
#4174=VECTOR('',#5062,0.635);
#4175=CARTESIAN_POINT('',(6.0325,-1.778,-6.858));
#4176=VECTOR('',#5063,0.8128);
#4177=CARTESIAN_POINT('',(6.0325,-1.778,-7.874));
#4178=CARTESIAN_POINT('',(6.0325,-1.778,-7.493));
#4179=VECTOR('',#5064,0.381);
#4180=CARTESIAN_POINT('',(6.0325,0.762,-7.874));
#4181=CARTESIAN_POINT('',(6.0325,0.762,-7.874));
#4182=VECTOR('',#5065,2.54);
#4183=CARTESIAN_POINT('',(6.0325,0.762,-6.477));
#4184=CARTESIAN_POINT('',(6.0325,0.762,-6.477));
#4185=VECTOR('',#5066,1.397);
#4186=CARTESIAN_POINT('',(6.0325,0.279140789333764,-6.477));
#4187=CARTESIAN_POINT('',(6.0325,0.279140789333764,-6.477));
#4188=VECTOR('',#5067,0.482859210666236);
#4189=CARTESIAN_POINT('',(6.0325,-0.9652,-7.493));
#4190=AXIS2_PLACEMENT_3D('',#5068,#5069,#5070);
#4191=CARTESIAN_POINT('',(6.0325,-1.778,-7.493));
#4192=VECTOR('',#5071,0.8128);
#4193=CARTESIAN_POINT('',(6.0325,-1.778,-6.477));
#4194=CARTESIAN_POINT('',(6.0325,-1.778,-6.477));
#4195=VECTOR('',#5072,0.381);
#4196=CARTESIAN_POINT('',(6.0325,-0.383212886740588,-6.477));
#4197=AXIS2_PLACEMENT_3D('',#5073,#5074,#5075);
#4198=CARTESIAN_POINT('',(6.0325,-1.778,-6.477));
#4199=VECTOR('',#5076,1.39478711325941);
#4200=CARTESIAN_POINT('',(6.0325,-6.223,-7.493));
#4201=VECTOR('',#5077,0.635);
#4202=CARTESIAN_POINT('',(6.6675,-0.9652,-7.493));
#4203=CARTESIAN_POINT('',(6.0325,-0.9652,-7.493));
#4204=VECTOR('',#5078,0.635);
#4205=CARTESIAN_POINT('',(6.6675,-1.778,-7.493));
#4206=VECTOR('',#5079,0.8128);
#4207=CARTESIAN_POINT('',(6.6675,0.279140789333764,-6.477));
#4208=AXIS2_PLACEMENT_3D('',#5080,#5081,#5082);
#4209=CARTESIAN_POINT('',(6.6675,0.762,-6.477));
#4210=CARTESIAN_POINT('',(6.6675,0.279140789333764,-6.477));
#4211=VECTOR('',#5083,0.482859210666236);
#4212=CARTESIAN_POINT('',(6.6675,0.762,-7.874));
#4213=CARTESIAN_POINT('',(6.6675,0.762,-6.477));
#4214=VECTOR('',#5084,1.397);
#4215=CARTESIAN_POINT('',(6.6675,-1.778,-7.874));
#4216=CARTESIAN_POINT('',(6.6675,-1.778,-7.874));
#4217=VECTOR('',#5085,2.54);
#4218=CARTESIAN_POINT('',(6.6675,-1.778,-7.493));
#4219=VECTOR('',#5086,0.381);
#4220=CARTESIAN_POINT('',(6.6675,-0.383212886740588,-6.477));
#4221=AXIS2_PLACEMENT_3D('',#5087,#5088,#5089);
#4222=CARTESIAN_POINT('',(6.6675,-1.778,-6.477));
#4223=CARTESIAN_POINT('',(6.6675,-1.778,-6.477));
#4224=VECTOR('',#5090,0.381);
#4225=CARTESIAN_POINT('',(6.6675,-1.778,-6.477));
#4226=VECTOR('',#5091,1.39478711325941);
#4227=CARTESIAN_POINT('',(-6.6675,-1.778,-6.477));
#4228=CARTESIAN_POINT('',(-6.6675,-1.778,-6.858));
#4229=CARTESIAN_POINT('',(-6.6675,-1.778,-6.477));
#4230=VECTOR('',#5092,0.381);
#4231=CARTESIAN_POINT('',(-6.0325,-1.778,-6.477));
#4232=CARTESIAN_POINT('',(-6.6675,-1.778,-6.477));
#4233=VECTOR('',#5093,0.635);
#4234=CARTESIAN_POINT('',(-6.0325,-1.778,-6.858));
#4235=CARTESIAN_POINT('',(-6.0325,-1.778,-6.477));
#4236=VECTOR('',#5094,0.381);
#4237=CARTESIAN_POINT('',(-6.0325,-1.778,-7.493));
#4238=CARTESIAN_POINT('',(-6.0325,-1.778,-6.858));
#4239=VECTOR('',#5095,0.635);
#4240=CARTESIAN_POINT('',(-6.0325,-1.778,-7.874));
#4241=CARTESIAN_POINT('',(-6.0325,-1.778,-7.493));
#4242=VECTOR('',#5096,0.381);
#4243=CARTESIAN_POINT('',(-4.1275,-1.778,-7.874));
#4244=CARTESIAN_POINT('',(-4.1275,-1.778,-7.874));
#4245=VECTOR('',#5097,1.905);
#4246=CARTESIAN_POINT('',(-4.1275,-1.778,-7.493));
#4247=CARTESIAN_POINT('',(-4.1275,-1.778,-7.493));
#4248=VECTOR('',#5098,0.381);
#4249=CARTESIAN_POINT('',(-4.1275,-1.778,-6.858));
#4250=CARTESIAN_POINT('',(-4.1275,-1.778,-6.858));
#4251=VECTOR('',#5099,0.635);
#4252=CARTESIAN_POINT('',(-4.1275,-1.778,-6.477));
#4253=CARTESIAN_POINT('',(-4.1275,-1.778,-6.477));
#4254=VECTOR('',#5100,0.381);
#4255=CARTESIAN_POINT('',(-3.4925,-1.778,-6.477));
#4256=CARTESIAN_POINT('',(-4.1275,-1.778,-6.477));
#4257=VECTOR('',#5101,0.635);
#4258=CARTESIAN_POINT('',(-3.4925,-1.778,-6.858));
#4259=CARTESIAN_POINT('',(-3.4925,-1.778,-6.477));
#4260=VECTOR('',#5102,0.381);
#4261=CARTESIAN_POINT('',(-3.4925,-1.778,-7.493));
#4262=CARTESIAN_POINT('',(-3.4925,-1.778,-6.858));
#4263=VECTOR('',#5103,0.635);
#4264=CARTESIAN_POINT('',(-3.4925,-1.778,-7.874));
#4265=CARTESIAN_POINT('',(-3.4925,-1.778,-7.493));
#4266=VECTOR('',#5104,0.381);
#4267=CARTESIAN_POINT('',(-1.5875,-1.778,-7.874));
#4268=CARTESIAN_POINT('',(-1.5875,-1.778,-7.874));
#4269=VECTOR('',#5105,1.905);
#4270=CARTESIAN_POINT('',(-1.5875,-1.778,-7.493));
#4271=CARTESIAN_POINT('',(-1.5875,-1.778,-7.493));
#4272=VECTOR('',#5106,0.381);
#4273=CARTESIAN_POINT('',(-1.5875,-1.778,-6.858));
#4274=CARTESIAN_POINT('',(-1.5875,-1.778,-6.858));
#4275=VECTOR('',#5107,0.635);
#4276=CARTESIAN_POINT('',(-1.5875,-1.778,-6.477));
#4277=CARTESIAN_POINT('',(-1.5875,-1.778,-6.477));
#4278=VECTOR('',#5108,0.381);
#4279=CARTESIAN_POINT('',(-0.9525,-1.778,-6.477));
#4280=CARTESIAN_POINT('',(-1.5875,-1.778,-6.477));
#4281=VECTOR('',#5109,0.635);
#4282=CARTESIAN_POINT('',(-0.9525,-1.778,-6.858));
#4283=CARTESIAN_POINT('',(-0.9525,-1.778,-6.477));
#4284=VECTOR('',#5110,0.381);
#4285=CARTESIAN_POINT('',(-0.9525,-1.778,-7.493));
#4286=CARTESIAN_POINT('',(-0.9525,-1.778,-6.858));
#4287=VECTOR('',#5111,0.635);
#4288=CARTESIAN_POINT('',(-0.9525,-1.778,-7.874));
#4289=CARTESIAN_POINT('',(-0.9525,-1.778,-7.493));
#4290=VECTOR('',#5112,0.381);
#4291=CARTESIAN_POINT('',(0.9525,-1.778,-7.874));
#4292=CARTESIAN_POINT('',(0.9525,-1.778,-7.874));
#4293=VECTOR('',#5113,1.905);
#4294=CARTESIAN_POINT('',(0.9525,-1.778,-7.493));
#4295=CARTESIAN_POINT('',(0.9525,-1.778,-7.493));
#4296=VECTOR('',#5114,0.381);
#4297=CARTESIAN_POINT('',(0.9525,-1.778,-6.858));
#4298=CARTESIAN_POINT('',(0.9525,-1.778,-6.858));
#4299=VECTOR('',#5115,0.635);
#4300=CARTESIAN_POINT('',(0.9525,-1.778,-6.477));
#4301=CARTESIAN_POINT('',(0.9525,-1.778,-6.477));
#4302=VECTOR('',#5116,0.381);
#4303=CARTESIAN_POINT('',(1.5875,-1.778,-6.477));
#4304=CARTESIAN_POINT('',(0.9525,-1.778,-6.477));
#4305=VECTOR('',#5117,0.635);
#4306=CARTESIAN_POINT('',(1.5875,-1.778,-6.858));
#4307=CARTESIAN_POINT('',(1.5875,-1.778,-6.477));
#4308=VECTOR('',#5118,0.381);
#4309=CARTESIAN_POINT('',(1.5875,-1.778,-7.493));
#4310=CARTESIAN_POINT('',(1.5875,-1.778,-6.858));
#4311=VECTOR('',#5119,0.635);
#4312=CARTESIAN_POINT('',(1.5875,-1.778,-7.874));
#4313=CARTESIAN_POINT('',(1.5875,-1.778,-7.493));
#4314=VECTOR('',#5120,0.381);
#4315=CARTESIAN_POINT('',(3.4925,-1.778,-7.874));
#4316=CARTESIAN_POINT('',(3.4925,-1.778,-7.874));
#4317=VECTOR('',#5121,1.905);
#4318=CARTESIAN_POINT('',(3.4925,-1.778,-7.493));
#4319=CARTESIAN_POINT('',(3.4925,-1.778,-7.493));
#4320=VECTOR('',#5122,0.381);
#4321=CARTESIAN_POINT('',(3.4925,-1.778,-6.858));
#4322=CARTESIAN_POINT('',(3.4925,-1.778,-6.858));
#4323=VECTOR('',#5123,0.635);
#4324=CARTESIAN_POINT('',(3.4925,-1.778,-6.477));
#4325=CARTESIAN_POINT('',(3.4925,-1.778,-6.477));
#4326=VECTOR('',#5124,0.381);
#4327=CARTESIAN_POINT('',(4.1275,-1.778,-6.477));
#4328=CARTESIAN_POINT('',(3.4925,-1.778,-6.477));
#4329=VECTOR('',#5125,0.635);
#4330=CARTESIAN_POINT('',(4.1275,-1.778,-6.858));
#4331=CARTESIAN_POINT('',(4.1275,-1.778,-6.477));
#4332=VECTOR('',#5126,0.381);
#4333=CARTESIAN_POINT('',(4.1275,-1.778,-7.493));
#4334=CARTESIAN_POINT('',(4.1275,-1.778,-6.858));
#4335=VECTOR('',#5127,0.635);
#4336=CARTESIAN_POINT('',(4.1275,-1.778,-7.874));
#4337=CARTESIAN_POINT('',(4.1275,-1.778,-7.493));
#4338=VECTOR('',#5128,0.381);
#4339=CARTESIAN_POINT('',(6.0325,-1.778,-7.874));
#4340=VECTOR('',#5129,1.905);
#4341=CARTESIAN_POINT('',(6.0325,-1.778,-6.477));
#4342=VECTOR('',#5130,0.635);
#4343=CARTESIAN_POINT('',(7.874,-1.778,-7.874));
#4344=CARTESIAN_POINT('',(7.874,-1.778,-7.874));
#4345=VECTOR('',#5131,1.2065);
#4346=CARTESIAN_POINT('',(7.874,-1.778,-5.715));
#4347=VECTOR('',#5132,2.159);
#4348=CARTESIAN_POINT('',(-7.874,-1.778,-7.874));
#4349=CARTESIAN_POINT('',(-7.874,-1.778,-5.715));
#4350=VECTOR('',#5133,2.159);
#4351=CARTESIAN_POINT('',(-6.6675,-1.778,-7.874));
#4352=CARTESIAN_POINT('',(-6.6675,-1.778,-7.874));
#4353=VECTOR('',#5134,1.2065);
#4354=CARTESIAN_POINT('',(-6.6675,-1.778,-7.493));
#4355=CARTESIAN_POINT('',(-6.6675,-1.778,-7.493));
#4356=VECTOR('',#5135,0.381);
#4357=CARTESIAN_POINT('',(-6.6675,-1.778,-6.858));
#4358=VECTOR('',#5136,0.635);
#4359=CARTESIAN_POINT('',(-6.6675,-0.3302,2.921));
#4360=CARTESIAN_POINT('',(-6.6675,-0.3302,2.921));
#4361=VECTOR('',#5137,6.096);
#4362=CARTESIAN_POINT('',(-6.6675,0.3048,2.921));
#4363=CARTESIAN_POINT('',(-6.6675,0.3048,2.921));
#4364=VECTOR('',#5138,0.635);
#4365=CARTESIAN_POINT('',(-6.6675,0.3048,-3.175));
#4366=VECTOR('',#5139,6.096);
#4367=CARTESIAN_POINT('',(-6.6675,-6.223,-7.493));
#4368=CARTESIAN_POINT('',(-6.6675,-6.223,-7.493));
#4369=VECTOR('',#5140,4.445);
#4370=CARTESIAN_POINT('',(-6.6675,-6.223,-6.858));
#4371=CARTESIAN_POINT('',(-6.6675,-6.223,-6.858));
#4372=VECTOR('',#5141,0.635);
#4373=CARTESIAN_POINT('',(-6.6675,-1.778,-6.858));
#4374=VECTOR('',#5142,4.445);
#4375=CARTESIAN_POINT('',(-6.0325,0.3048,2.921));
#4376=CARTESIAN_POINT('',(-6.6675,0.3048,2.921));
#4377=VECTOR('',#5143,0.635);
#4378=CARTESIAN_POINT('',(-6.0325,0.3048,-3.175));
#4379=VECTOR('',#5144,6.096);
#4380=CARTESIAN_POINT('',(-6.0325,-0.3302,2.921));
#4381=CARTESIAN_POINT('',(-6.0325,0.3048,2.921));
#4382=VECTOR('',#5145,0.635);
#4383=CARTESIAN_POINT('',(-6.0325,-0.3302,2.921));
#4384=VECTOR('',#5146,6.096);
#4385=CARTESIAN_POINT('',(-6.0325,-6.223,-6.858));
#4386=CARTESIAN_POINT('',(-6.0325,-1.778,-6.858));
#4387=VECTOR('',#5147,4.445);
#4388=CARTESIAN_POINT('',(-6.0325,-6.223,-7.493));
#4389=CARTESIAN_POINT('',(-6.0325,-6.223,-6.858));
#4390=VECTOR('',#5148,0.635);
#4391=CARTESIAN_POINT('',(-6.0325,-6.223,-7.493));
#4392=VECTOR('',#5149,4.445);
#4393=CARTESIAN_POINT('',(-6.6675,-0.3302,2.921));
#4394=VECTOR('',#5150,0.635);
#4395=CARTESIAN_POINT('',(-6.6675,-0.9652,-7.493));
#4396=CARTESIAN_POINT('',(-6.0325,-0.9652,-7.493));
#4397=CARTESIAN_POINT('',(-6.6675,-0.9652,-7.493));
#4398=VECTOR('',#5151,0.635);
#4399=CARTESIAN_POINT('',(-6.0325,-1.778,-7.493));
#4400=VECTOR('',#5152,0.8128);
#4401=CARTESIAN_POINT('',(-6.6675,-6.223,-7.493));
#4402=VECTOR('',#5153,0.635);
#4403=CARTESIAN_POINT('',(-6.6675,-1.778,-7.493));
#4404=VECTOR('',#5154,0.8128);
#4405=CARTESIAN_POINT('',(-6.6675,0.762,-7.874));
#4406=CARTESIAN_POINT('',(-6.6675,0.762,-7.874));
#4407=VECTOR('',#5155,2.54);
#4408=CARTESIAN_POINT('',(-6.6675,0.762,-6.477));
#4409=CARTESIAN_POINT('',(-6.6675,0.762,-6.477));
#4410=VECTOR('',#5156,1.397);
#4411=CARTESIAN_POINT('',(-6.6675,0.279140789333764,-6.477));
#4412=CARTESIAN_POINT('',(-6.6675,0.279140789333764,-6.477));
#4413=VECTOR('',#5157,0.482859210666236);
#4414=AXIS2_PLACEMENT_3D('',#5158,#5159,#5160);
#4415=CARTESIAN_POINT('',(-6.6675,-0.9652,-6.858));
#4416=CARTESIAN_POINT('',(-6.6675,-1.778,-6.858));
#4417=VECTOR('',#5161,0.8128);
#4418=CARTESIAN_POINT('',(-6.6675,-0.383212886740588,-6.477));
#4419=AXIS2_PLACEMENT_3D('',#5162,#5163,#5164);
#4420=CARTESIAN_POINT('',(-6.6675,-1.778,-6.477));
#4421=VECTOR('',#5165,1.39478711325941);
#4422=CARTESIAN_POINT('',(-6.0325,0.279140789333764,-6.477));
#4423=AXIS2_PLACEMENT_3D('',#5166,#5167,#5168);
#4424=CARTESIAN_POINT('',(-6.6675,0.279140789333764,-6.477));
#4425=VECTOR('',#5169,0.635);
#4426=CARTESIAN_POINT('',(6.0325,-0.383212886740588,-6.477));
#4427=VECTOR('',#5170,0.635);
#4428=CARTESIAN_POINT('',(3.4925,-0.383212886740588,-6.477));
#4429=CARTESIAN_POINT('',(3.4925,-1.778,-6.477));
#4430=VECTOR('',#5171,1.39478711325941);
#4431=CARTESIAN_POINT('',(4.1275,-0.383212886740588,-6.477));
#4432=CARTESIAN_POINT('',(3.4925,-0.383212886740588,-6.477));
#4433=VECTOR('',#5172,0.635);
#4434=CARTESIAN_POINT('',(4.1275,-1.778,-6.477));
#4435=VECTOR('',#5173,1.39478711325941);
#4436=CARTESIAN_POINT('',(0.9525,-0.383212886740588,-6.477));
#4437=CARTESIAN_POINT('',(0.9525,-1.778,-6.477));
#4438=VECTOR('',#5174,1.39478711325941);
#4439=CARTESIAN_POINT('',(1.5875,-0.383212886740588,-6.477));
#4440=CARTESIAN_POINT('',(0.9525,-0.383212886740588,-6.477));
#4441=VECTOR('',#5175,0.635);
#4442=CARTESIAN_POINT('',(1.5875,-1.778,-6.477));
#4443=VECTOR('',#5176,1.39478711325941);
#4444=CARTESIAN_POINT('',(-1.5875,-0.383212886740588,-6.477));
#4445=CARTESIAN_POINT('',(-1.5875,-1.778,-6.477));
#4446=VECTOR('',#5177,1.39478711325941);
#4447=CARTESIAN_POINT('',(-0.9525,-0.383212886740588,-6.477));
#4448=CARTESIAN_POINT('',(-1.5875,-0.383212886740588,-6.477));
#4449=VECTOR('',#5178,0.635);
#4450=CARTESIAN_POINT('',(-0.9525,-1.778,-6.477));
#4451=VECTOR('',#5179,1.39478711325941);
#4452=CARTESIAN_POINT('',(-4.1275,-0.383212886740588,-6.477));
#4453=CARTESIAN_POINT('',(-4.1275,-1.778,-6.477));
#4454=VECTOR('',#5180,1.39478711325941);
#4455=CARTESIAN_POINT('',(-3.4925,-0.383212886740588,-6.477));
#4456=CARTESIAN_POINT('',(-4.1275,-0.383212886740588,-6.477));
#4457=VECTOR('',#5181,0.635);
#4458=CARTESIAN_POINT('',(-3.4925,-1.778,-6.477));
#4459=VECTOR('',#5182,1.39478711325941);
#4460=CARTESIAN_POINT('',(-7.874,0.762,-6.477));
#4461=CARTESIAN_POINT('',(-7.874,0.762,-6.477));
#4462=VECTOR('',#5183,1.2065);
#4463=CARTESIAN_POINT('',(-7.874,1.778,-6.477));
#4464=CARTESIAN_POINT('',(-7.874,0.762,-6.477));
#4465=VECTOR('',#5184,1.016);
#4466=CARTESIAN_POINT('',(7.874,1.778,-6.477));
#4467=CARTESIAN_POINT('',(-7.874,1.778,-6.477));
#4468=VECTOR('',#5185,15.748);
#4469=CARTESIAN_POINT('',(7.874,0.762,-6.477));
#4470=CARTESIAN_POINT('',(7.874,0.762,-6.477));
#4471=VECTOR('',#5186,1.016);
#4472=CARTESIAN_POINT('',(7.874,0.762,-6.477));
#4473=VECTOR('',#5187,1.2065);
#4474=CARTESIAN_POINT('',(6.0325,0.279140789333764,-6.477));
#4475=VECTOR('',#5188,0.635);
#4476=CARTESIAN_POINT('',(4.1275,0.762,-6.477));
#4477=CARTESIAN_POINT('',(4.1275,0.762,-6.477));
#4478=VECTOR('',#5189,1.905);
#4479=CARTESIAN_POINT('',(4.1275,0.279140789333764,-6.477));
#4480=CARTESIAN_POINT('',(4.1275,0.279140789333764,-6.477));
#4481=VECTOR('',#5190,0.482859210666236);
#4482=CARTESIAN_POINT('',(3.4925,0.279140789333764,-6.477));
#4483=CARTESIAN_POINT('',(3.4925,0.279140789333764,-6.477));
#4484=VECTOR('',#5191,0.635);
#4485=CARTESIAN_POINT('',(3.4925,0.762,-6.477));
#4486=CARTESIAN_POINT('',(3.4925,0.279140789333764,-6.477));
#4487=VECTOR('',#5192,0.482859210666236);
#4488=CARTESIAN_POINT('',(1.5875,0.762,-6.477));
#4489=CARTESIAN_POINT('',(1.5875,0.762,-6.477));
#4490=VECTOR('',#5193,1.905);
#4491=CARTESIAN_POINT('',(1.5875,0.279140789333764,-6.477));
#4492=CARTESIAN_POINT('',(1.5875,0.279140789333764,-6.477));
#4493=VECTOR('',#5194,0.482859210666236);
#4494=CARTESIAN_POINT('',(0.9525,0.279140789333764,-6.477));
#4495=CARTESIAN_POINT('',(0.9525,0.279140789333764,-6.477));
#4496=VECTOR('',#5195,0.635);
#4497=CARTESIAN_POINT('',(0.9525,0.762,-6.477));
#4498=CARTESIAN_POINT('',(0.9525,0.279140789333764,-6.477));
#4499=VECTOR('',#5196,0.482859210666236);
#4500=CARTESIAN_POINT('',(-0.9525,0.762,-6.477));
#4501=CARTESIAN_POINT('',(-0.9525,0.762,-6.477));
#4502=VECTOR('',#5197,1.905);
#4503=CARTESIAN_POINT('',(-0.9525,0.279140789333764,-6.477));
#4504=CARTESIAN_POINT('',(-0.9525,0.279140789333764,-6.477));
#4505=VECTOR('',#5198,0.482859210666236);
#4506=CARTESIAN_POINT('',(-1.5875,0.279140789333764,-6.477));
#4507=CARTESIAN_POINT('',(-1.5875,0.279140789333764,-6.477));
#4508=VECTOR('',#5199,0.635);
#4509=CARTESIAN_POINT('',(-1.5875,0.762,-6.477));
#4510=CARTESIAN_POINT('',(-1.5875,0.279140789333764,-6.477));
#4511=VECTOR('',#5200,0.482859210666236);
#4512=CARTESIAN_POINT('',(-3.4925,0.762,-6.477));
#4513=CARTESIAN_POINT('',(-3.4925,0.762,-6.477));
#4514=VECTOR('',#5201,1.905);
#4515=CARTESIAN_POINT('',(-3.4925,0.279140789333764,-6.477));
#4516=CARTESIAN_POINT('',(-3.4925,0.279140789333764,-6.477));
#4517=VECTOR('',#5202,0.482859210666236);
#4518=CARTESIAN_POINT('',(-4.1275,0.279140789333764,-6.477));
#4519=CARTESIAN_POINT('',(-4.1275,0.279140789333764,-6.477));
#4520=VECTOR('',#5203,0.635);
#4521=CARTESIAN_POINT('',(-4.1275,0.762,-6.477));
#4522=CARTESIAN_POINT('',(-4.1275,0.279140789333764,-6.477));
#4523=VECTOR('',#5204,0.482859210666236);
#4524=CARTESIAN_POINT('',(-6.0325,0.762,-6.477));
#4525=CARTESIAN_POINT('',(-6.0325,0.762,-6.477));
#4526=VECTOR('',#5205,1.905);
#4527=CARTESIAN_POINT('',(-6.0325,0.279140789333764,-6.477));
#4528=VECTOR('',#5206,0.482859210666236);
#4529=CARTESIAN_POINT('',(-6.0325,-0.383212886740588,-6.477));
#4530=CARTESIAN_POINT('',(-6.6675,-0.383212886740588,-6.477));
#4531=VECTOR('',#5207,0.635);
#4532=CARTESIAN_POINT('',(-6.0325,-1.778,-6.477));
#4533=VECTOR('',#5208,1.39478711325941);
#4534=CARTESIAN_POINT('',(4.1275,-0.9652,-7.493));
#4535=AXIS2_PLACEMENT_3D('',#5209,#5210,#5211);
#4536=CARTESIAN_POINT('',(4.1275,0.762,-7.874));
#4537=CARTESIAN_POINT('',(4.1275,0.762,-6.477));
#4538=VECTOR('',#5212,1.397);
#4539=CARTESIAN_POINT('',(4.1275,-1.778,-7.874));
#4540=VECTOR('',#5213,2.54);
#4541=CARTESIAN_POINT('',(4.1275,-1.778,-7.493));
#4542=VECTOR('',#5214,0.8128);
#4543=CARTESIAN_POINT('',(4.1275,-0.9652,-6.858));
#4544=AXIS2_PLACEMENT_3D('',#5215,#5216,#5217);
#4545=CARTESIAN_POINT('',(4.1275,-1.778,-6.858));
#4546=VECTOR('',#5218,0.8128);
#4547=CARTESIAN_POINT('',(3.4925,-0.9652,-7.493));
#4548=CARTESIAN_POINT('',(3.4925,-1.778,-7.493));
#4549=VECTOR('',#5219,0.8128);
#4550=CARTESIAN_POINT('',(3.4925,-0.9652,-7.493));
#4551=VECTOR('',#5220,0.635);
#4552=CARTESIAN_POINT('',(4.1275,-6.223,-7.493));
#4553=CARTESIAN_POINT('',(4.1275,-6.223,-7.493));
#4554=VECTOR('',#5221,4.445);
#4555=CARTESIAN_POINT('',(3.4925,-6.223,-7.493));
#4556=CARTESIAN_POINT('',(3.4925,-6.223,-7.493));
#4557=VECTOR('',#5222,0.635);
#4558=CARTESIAN_POINT('',(3.4925,-6.223,-7.493));
#4559=VECTOR('',#5223,4.445);
#4560=CARTESIAN_POINT('',(3.4925,0.3048,2.921));
#4561=CARTESIAN_POINT('',(3.4925,-0.3302,2.921));
#4562=CARTESIAN_POINT('',(3.4925,0.3048,2.921));
#4563=VECTOR('',#5224,0.635);
#4564=CARTESIAN_POINT('',(3.4925,0.3048,-3.175));
#4565=VECTOR('',#5225,6.096);
#4566=CARTESIAN_POINT('',(3.4925,-0.3302,2.921));
#4567=VECTOR('',#5226,6.096);
#4568=CARTESIAN_POINT('',(3.4925,-6.223,-6.858));
#4569=CARTESIAN_POINT('',(3.4925,-6.223,-6.858));
#4570=VECTOR('',#5227,0.635);
#4571=CARTESIAN_POINT('',(3.4925,-1.778,-6.858));
#4572=VECTOR('',#5228,4.445);
#4573=CARTESIAN_POINT('',(4.1275,-0.3302,2.921));
#4574=CARTESIAN_POINT('',(4.1275,-0.3302,2.921));
#4575=VECTOR('',#5229,6.096);
#4576=CARTESIAN_POINT('',(3.4925,-0.3302,2.921));
#4577=VECTOR('',#5230,0.635);
#4578=CARTESIAN_POINT('',(4.1275,0.3048,2.921));
#4579=CARTESIAN_POINT('',(4.1275,0.3048,2.921));
#4580=VECTOR('',#5231,0.635);
#4581=CARTESIAN_POINT('',(3.4925,0.3048,2.921));
#4582=VECTOR('',#5232,0.635);
#4583=CARTESIAN_POINT('',(4.1275,0.3048,-3.175));
#4584=VECTOR('',#5233,6.096);
#4585=CARTESIAN_POINT('',(4.1275,-6.223,-6.858));
#4586=CARTESIAN_POINT('',(4.1275,-6.223,-6.858));
#4587=VECTOR('',#5234,0.635);
#4588=CARTESIAN_POINT('',(4.1275,-1.778,-6.858));
#4589=VECTOR('',#5235,4.445);
#4590=CARTESIAN_POINT('',(3.4925,-6.223,-6.858));
#4591=VECTOR('',#5236,0.635);
#4592=CARTESIAN_POINT('',(3.4925,-0.9652,-6.858));
#4593=CARTESIAN_POINT('',(3.4925,-0.9652,-6.858));
#4594=VECTOR('',#5237,0.635);
#4595=CARTESIAN_POINT('',(3.4925,-1.778,-6.858));
#4596=VECTOR('',#5238,0.8128);
#4597=CARTESIAN_POINT('',(3.4925,0.762,-7.874));
#4598=CARTESIAN_POINT('',(3.4925,0.762,-7.874));
#4599=VECTOR('',#5239,2.54);
#4600=CARTESIAN_POINT('',(3.4925,0.762,-6.477));
#4601=VECTOR('',#5240,1.397);
#4602=AXIS2_PLACEMENT_3D('',#5241,#5242,#5243);
#4603=AXIS2_PLACEMENT_3D('',#5244,#5245,#5246);
#4604=CARTESIAN_POINT('',(1.5875,0.762,-7.874));
#4605=CARTESIAN_POINT('',(1.5875,0.762,-7.874));
#4606=VECTOR('',#5247,1.905);
#4607=CARTESIAN_POINT('',(1.5875,0.762,-6.477));
#4608=VECTOR('',#5248,1.397);
#4609=CARTESIAN_POINT('',(1.5875,-0.9652,-7.493));
#4610=AXIS2_PLACEMENT_3D('',#5249,#5250,#5251);
#4611=CARTESIAN_POINT('',(1.5875,-1.778,-7.874));
#4612=VECTOR('',#5252,2.54);
#4613=CARTESIAN_POINT('',(1.5875,-1.778,-7.493));
#4614=VECTOR('',#5253,0.8128);
#4615=CARTESIAN_POINT('',(1.5875,-0.9652,-6.858));
#4616=AXIS2_PLACEMENT_3D('',#5254,#5255,#5256);
#4617=CARTESIAN_POINT('',(1.5875,-1.778,-6.858));
#4618=VECTOR('',#5257,0.8128);
#4619=CARTESIAN_POINT('',(0.9525,-0.9652,-7.493));
#4620=CARTESIAN_POINT('',(0.9525,-1.778,-7.493));
#4621=VECTOR('',#5258,0.8128);
#4622=CARTESIAN_POINT('',(0.9525,-0.9652,-7.493));
#4623=VECTOR('',#5259,0.635);
#4624=CARTESIAN_POINT('',(1.5875,-6.223,-7.493));
#4625=CARTESIAN_POINT('',(1.5875,-6.223,-7.493));
#4626=VECTOR('',#5260,4.445);
#4627=CARTESIAN_POINT('',(0.9525,-6.223,-7.493));
#4628=CARTESIAN_POINT('',(0.9525,-6.223,-7.493));
#4629=VECTOR('',#5261,0.635);
#4630=CARTESIAN_POINT('',(0.9525,-6.223,-7.493));
#4631=VECTOR('',#5262,4.445);
#4632=CARTESIAN_POINT('',(0.9525,-0.3302,2.921));
#4633=CARTESIAN_POINT('',(0.9525,-0.3302,2.921));
#4634=VECTOR('',#5263,6.096);
#4635=CARTESIAN_POINT('',(0.9525,0.3048,2.921));
#4636=CARTESIAN_POINT('',(0.9525,0.3048,2.921));
#4637=VECTOR('',#5264,0.635);
#4638=CARTESIAN_POINT('',(0.9525,0.3048,-3.175));
#4639=VECTOR('',#5265,6.096);
#4640=CARTESIAN_POINT('',(0.9525,-6.223,-6.858));
#4641=CARTESIAN_POINT('',(0.9525,-6.223,-6.858));
#4642=VECTOR('',#5266,0.635);
#4643=CARTESIAN_POINT('',(0.9525,-1.778,-6.858));
#4644=VECTOR('',#5267,4.445);
#4645=CARTESIAN_POINT('',(1.5875,0.3048,2.921));
#4646=CARTESIAN_POINT('',(0.9525,0.3048,2.921));
#4647=VECTOR('',#5268,0.635);
#4648=CARTESIAN_POINT('',(1.5875,0.3048,-3.175));
#4649=VECTOR('',#5269,6.096);
#4650=CARTESIAN_POINT('',(1.5875,-0.3302,2.921));
#4651=CARTESIAN_POINT('',(1.5875,0.3048,2.921));
#4652=VECTOR('',#5270,0.635);
#4653=CARTESIAN_POINT('',(1.5875,-0.3302,2.921));
#4654=VECTOR('',#5271,6.096);
#4655=CARTESIAN_POINT('',(1.5875,-6.223,-6.858));
#4656=CARTESIAN_POINT('',(1.5875,-6.223,-6.858));
#4657=VECTOR('',#5272,0.635);
#4658=CARTESIAN_POINT('',(1.5875,-1.778,-6.858));
#4659=VECTOR('',#5273,4.445);
#4660=CARTESIAN_POINT('',(0.9525,-0.3302,2.921));
#4661=VECTOR('',#5274,0.635);
#4662=CARTESIAN_POINT('',(0.9525,-6.223,-6.858));
#4663=VECTOR('',#5275,0.635);
#4664=CARTESIAN_POINT('',(0.9525,-0.9652,-6.858));
#4665=CARTESIAN_POINT('',(0.9525,-0.9652,-6.858));
#4666=VECTOR('',#5276,0.635);
#4667=CARTESIAN_POINT('',(0.9525,-1.778,-6.858));
#4668=VECTOR('',#5277,0.8128);
#4669=CARTESIAN_POINT('',(0.9525,0.762,-7.874));
#4670=CARTESIAN_POINT('',(0.9525,0.762,-7.874));
#4671=VECTOR('',#5278,2.54);
#4672=CARTESIAN_POINT('',(0.9525,0.762,-6.477));
#4673=VECTOR('',#5279,1.397);
#4674=AXIS2_PLACEMENT_3D('',#5280,#5281,#5282);
#4675=AXIS2_PLACEMENT_3D('',#5283,#5284,#5285);
#4676=CARTESIAN_POINT('',(-0.9525,0.762,-7.874));
#4677=CARTESIAN_POINT('',(-0.9525,0.762,-7.874));
#4678=VECTOR('',#5286,1.905);
#4679=CARTESIAN_POINT('',(-0.9525,0.762,-6.477));
#4680=VECTOR('',#5287,1.397);
#4681=CARTESIAN_POINT('',(-0.9525,-0.9652,-7.493));
#4682=AXIS2_PLACEMENT_3D('',#5288,#5289,#5290);
#4683=CARTESIAN_POINT('',(-0.9525,-1.778,-7.874));
#4684=VECTOR('',#5291,2.54);
#4685=CARTESIAN_POINT('',(-0.9525,-1.778,-7.493));
#4686=VECTOR('',#5292,0.8128);
#4687=CARTESIAN_POINT('',(-0.9525,-0.9652,-6.858));
#4688=AXIS2_PLACEMENT_3D('',#5293,#5294,#5295);
#4689=CARTESIAN_POINT('',(-0.9525,-1.778,-6.858));
#4690=VECTOR('',#5296,0.8128);
#4691=CARTESIAN_POINT('',(-0.9525,-6.223,-7.493));
#4692=CARTESIAN_POINT('',(-0.9525,-6.223,-7.493));
#4693=VECTOR('',#5297,4.445);
#4694=CARTESIAN_POINT('',(-1.5875,-6.223,-7.493));
#4695=CARTESIAN_POINT('',(-1.5875,-6.223,-7.493));
#4696=VECTOR('',#5298,0.635);
#4697=CARTESIAN_POINT('',(-1.5875,-6.223,-7.493));
#4698=VECTOR('',#5299,4.445);
#4699=CARTESIAN_POINT('',(-1.5875,-0.9652,-7.493));
#4700=CARTESIAN_POINT('',(-1.5875,-1.778,-7.493));
#4701=VECTOR('',#5300,0.8128);
#4702=CARTESIAN_POINT('',(-1.5875,-0.9652,-7.493));
#4703=VECTOR('',#5301,0.635);
#4704=AXIS2_PLACEMENT_3D('',#5302,#5303,#5304);
#4705=CARTESIAN_POINT('',(-1.5875,0.762,-7.874));
#4706=CARTESIAN_POINT('',(-1.5875,0.762,-7.874));
#4707=VECTOR('',#5305,2.54);
#4708=CARTESIAN_POINT('',(-1.5875,0.762,-6.477));
#4709=VECTOR('',#5306,1.397);
#4710=CARTESIAN_POINT('',(-1.5875,-0.9652,-6.858));
#4711=CARTESIAN_POINT('',(-1.5875,-1.778,-6.858));
#4712=VECTOR('',#5307,0.8128);
#4713=AXIS2_PLACEMENT_3D('',#5308,#5309,#5310);
#4714=CARTESIAN_POINT('',(-3.4925,0.762,-7.874));
#4715=CARTESIAN_POINT('',(-3.4925,0.762,-7.874));
#4716=VECTOR('',#5311,1.905);
#4717=CARTESIAN_POINT('',(-3.4925,0.762,-6.477));
#4718=VECTOR('',#5312,1.397);
#4719=CARTESIAN_POINT('',(-3.4925,-0.9652,-7.493));
#4720=AXIS2_PLACEMENT_3D('',#5313,#5314,#5315);
#4721=CARTESIAN_POINT('',(-3.4925,-1.778,-7.874));
#4722=VECTOR('',#5316,2.54);
#4723=CARTESIAN_POINT('',(-3.4925,-1.778,-7.493));
#4724=VECTOR('',#5317,0.8128);
#4725=CARTESIAN_POINT('',(-3.4925,-0.9652,-6.858));
#4726=AXIS2_PLACEMENT_3D('',#5318,#5319,#5320);
#4727=CARTESIAN_POINT('',(-3.4925,-1.778,-6.858));
#4728=VECTOR('',#5321,0.8128);
#4729=CARTESIAN_POINT('',(-3.4925,-6.223,-7.493));
#4730=CARTESIAN_POINT('',(-3.4925,-6.223,-7.493));
#4731=VECTOR('',#5322,4.445);
#4732=CARTESIAN_POINT('',(-4.1275,-6.223,-7.493));
#4733=CARTESIAN_POINT('',(-4.1275,-6.223,-7.493));
#4734=VECTOR('',#5323,0.635);
#4735=CARTESIAN_POINT('',(-4.1275,-6.223,-7.493));
#4736=VECTOR('',#5324,4.445);
#4737=CARTESIAN_POINT('',(-4.1275,-0.9652,-7.493));
#4738=CARTESIAN_POINT('',(-4.1275,-1.778,-7.493));
#4739=VECTOR('',#5325,0.8128);
#4740=CARTESIAN_POINT('',(-4.1275,-0.9652,-7.493));
#4741=VECTOR('',#5326,0.635);
#4742=AXIS2_PLACEMENT_3D('',#5327,#5328,#5329);
#4743=CARTESIAN_POINT('',(-4.1275,0.762,-7.874));
#4744=CARTESIAN_POINT('',(-4.1275,0.762,-7.874));
#4745=VECTOR('',#5330,2.54);
#4746=CARTESIAN_POINT('',(-4.1275,0.762,-6.477));
#4747=VECTOR('',#5331,1.397);
#4748=CARTESIAN_POINT('',(-4.1275,-0.9652,-6.858));
#4749=CARTESIAN_POINT('',(-4.1275,-1.778,-6.858));
#4750=VECTOR('',#5332,0.8128);
#4751=AXIS2_PLACEMENT_3D('',#5333,#5334,#5335);
#4752=CARTESIAN_POINT('',(-6.0325,0.762,-7.874));
#4753=CARTESIAN_POINT('',(-6.0325,0.762,-7.874));
#4754=VECTOR('',#5336,1.905);
#4755=CARTESIAN_POINT('',(-6.0325,0.762,-6.477));
#4756=VECTOR('',#5337,1.397);
#4757=CARTESIAN_POINT('',(-6.0325,-1.778,-7.874));
#4758=VECTOR('',#5338,2.54);
#4759=CARTESIAN_POINT('',(-6.0325,-0.9652,-6.858));
#4760=AXIS2_PLACEMENT_3D('',#5339,#5340,#5341);
#4761=CARTESIAN_POINT('',(-6.0325,-1.778,-6.858));
#4762=VECTOR('',#5342,0.8128);
#4763=CARTESIAN_POINT('',(-6.6675,-6.223,-6.858));
#4764=VECTOR('',#5343,0.635);
#4765=CARTESIAN_POINT('',(-6.6675,-0.9652,-6.858));
#4766=VECTOR('',#5344,0.635);
#4767=CARTESIAN_POINT('',(-4.1275,-0.9652,-6.858));
#4768=VECTOR('',#5345,0.635);
#4769=CARTESIAN_POINT('',(-4.1275,-6.223,-6.858));
#4770=CARTESIAN_POINT('',(-3.4925,-6.223,-6.858));
#4771=CARTESIAN_POINT('',(-4.1275,-6.223,-6.858));
#4772=VECTOR('',#5346,0.635);
#4773=CARTESIAN_POINT('',(-3.4925,-1.778,-6.858));
#4774=VECTOR('',#5347,4.445);
#4775=CARTESIAN_POINT('',(-4.1275,-1.778,-6.858));
#4776=VECTOR('',#5348,4.445);
#4777=CARTESIAN_POINT('',(-4.1275,-0.3302,2.921));
#4778=CARTESIAN_POINT('',(-4.1275,-0.3302,2.921));
#4779=VECTOR('',#5349,6.096);
#4780=CARTESIAN_POINT('',(-4.1275,0.3048,2.921));
#4781=CARTESIAN_POINT('',(-4.1275,0.3048,2.921));
#4782=VECTOR('',#5350,0.635);
#4783=CARTESIAN_POINT('',(-4.1275,0.3048,-3.175));
#4784=VECTOR('',#5351,6.096);
#4785=CARTESIAN_POINT('',(-4.1275,-6.223,-6.858));
#4786=VECTOR('',#5352,0.635);
#4787=CARTESIAN_POINT('',(-3.4925,0.3048,2.921));
#4788=CARTESIAN_POINT('',(-4.1275,0.3048,2.921));
#4789=VECTOR('',#5353,0.635);
#4790=CARTESIAN_POINT('',(-3.4925,0.3048,-3.175));
#4791=VECTOR('',#5354,6.096);
#4792=CARTESIAN_POINT('',(-3.4925,-0.3302,2.921));
#4793=CARTESIAN_POINT('',(-3.4925,0.3048,2.921));
#4794=VECTOR('',#5355,0.635);
#4795=CARTESIAN_POINT('',(-3.4925,-0.3302,2.921));
#4796=VECTOR('',#5356,6.096);
#4797=CARTESIAN_POINT('',(-3.4925,-6.223,-6.858));
#4798=VECTOR('',#5357,0.635);
#4799=CARTESIAN_POINT('',(-4.1275,-0.3302,2.921));
#4800=VECTOR('',#5358,0.635);
#4801=CARTESIAN_POINT('',(-1.5875,-0.9652,-6.858));
#4802=VECTOR('',#5359,0.635);
#4803=CARTESIAN_POINT('',(-1.5875,-6.223,-6.858));
#4804=CARTESIAN_POINT('',(-0.9525,-6.223,-6.858));
#4805=CARTESIAN_POINT('',(-1.5875,-6.223,-6.858));
#4806=VECTOR('',#5360,0.635);
#4807=CARTESIAN_POINT('',(-0.9525,-1.778,-6.858));
#4808=VECTOR('',#5361,4.445);
#4809=CARTESIAN_POINT('',(-1.5875,-1.778,-6.858));
#4810=VECTOR('',#5362,4.445);
#4811=CARTESIAN_POINT('',(-1.5875,-0.3302,2.921));
#4812=CARTESIAN_POINT('',(-1.5875,-0.3302,2.921));
#4813=VECTOR('',#5363,6.096);
#4814=CARTESIAN_POINT('',(-1.5875,0.3048,2.921));
#4815=CARTESIAN_POINT('',(-1.5875,0.3048,2.921));
#4816=VECTOR('',#5364,0.635);
#4817=CARTESIAN_POINT('',(-1.5875,0.3048,-3.175));
#4818=VECTOR('',#5365,6.096);
#4819=CARTESIAN_POINT('',(-1.5875,-6.223,-6.858));
#4820=VECTOR('',#5366,0.635);
#4821=CARTESIAN_POINT('',(-0.9525,0.3048,2.921));
#4822=CARTESIAN_POINT('',(-1.5875,0.3048,2.921));
#4823=VECTOR('',#5367,0.635);
#4824=CARTESIAN_POINT('',(-0.9525,0.3048,-3.175));
#4825=VECTOR('',#5368,6.096);
#4826=CARTESIAN_POINT('',(-0.9525,-0.3302,2.921));
#4827=CARTESIAN_POINT('',(-0.9525,0.3048,2.921));
#4828=VECTOR('',#5369,0.635);
#4829=CARTESIAN_POINT('',(-0.9525,-0.3302,2.921));
#4830=VECTOR('',#5370,6.096);
#4831=CARTESIAN_POINT('',(-0.9525,-6.223,-6.858));
#4832=VECTOR('',#5371,0.635);
#4833=CARTESIAN_POINT('',(-1.5875,-0.3302,2.921));
#4834=VECTOR('',#5372,0.635);
#4835=CARTESIAN_POINT('',(4.1275,0.762,-7.874));
#4836=VECTOR('',#5373,1.905);
#4837=CARTESIAN_POINT('',(7.874,0.762,-7.874));
#4838=CARTESIAN_POINT('',(7.874,0.762,-6.477));
#4839=VECTOR('',#5374,1.397);
#4840=CARTESIAN_POINT('',(6.6675,0.762,-7.874));
#4841=VECTOR('',#5375,1.2065);
#4842=CARTESIAN_POINT('',(7.874,0.762,-7.874));
#4843=VECTOR('',#5376,2.54);
#4844=CARTESIAN_POINT('',(-7.874,0.762,-7.874));
#4845=CARTESIAN_POINT('',(-7.874,-1.778,-7.874));
#4846=VECTOR('',#5377,2.54);
#4847=CARTESIAN_POINT('',(-7.874,0.762,-7.874));
#4848=VECTOR('',#5378,1.2065);
#4849=CARTESIAN_POINT('',(7.874,1.778,-6.477));
#4850=VECTOR('',#5379,0.762);
#4851=CARTESIAN_POINT('',(-7.874,1.778,-6.477));
#4852=VECTOR('',#5380,0.762);
#4853=CARTESIAN_POINT('',(-7.874,0.762,-6.477));
#4854=VECTOR('',#5381,1.397);
#4855=CARTESIAN_POINT('',(-7.493,-2.921,-5.715));
#4856=VECTOR('',#5382,11.43);
#4857=DIRECTION('',(0.0,-1.0,0.0));
#4858=DIRECTION('',(1.0,0.0,0.0));
#4859=DIRECTION('',(0.0,1.0,0.0));
#4860=DIRECTION('',(1.0,0.0,0.0));
#4861=DIRECTION('',(0.707106781186548,0.707106781186548,0.0));
#4862=DIRECTION('',(0.707106781186548,-0.707106781186548,0.0));
#4863=DIRECTION('',(1.0,0.0,0.0));
#4864=DIRECTION('',(0.707106781186548,0.707106781186548,0.0));
#4865=DIRECTION('',(0.707106781186597,-0.707106781186498,0.0));
#4866=DIRECTION('',(1.0,0.0,0.0));
#4867=DIRECTION('',(1.0,0.0,0.0));
#4868=DIRECTION('',(0.0,1.0,0.0));
#4869=DIRECTION('',(1.0,0.0,0.0));
#4870=DIRECTION('',(0.0,-1.0,0.0));
#4871=DIRECTION('',(0.0,0.0,1.0));
#4872=DIRECTION('',(1.0,0.0,0.0));
#4873=DIRECTION('',(0.0,0.0,1.0));
#4874=DIRECTION('',(1.0,0.0,0.0));
#4875=DIRECTION('',(0.0,0.0,1.0));
#4876=DIRECTION('',(0.0,0.0,1.0));
#4877=DIRECTION('',(0.0,0.0,-1.0));
#4878=DIRECTION('',(1.0,0.0,0.0));
#4879=DIRECTION('',(0.0,0.0,1.0));
#4880=DIRECTION('',(0.0,0.0,1.0));
#4881=DIRECTION('',(1.0,0.0,0.0));
#4882=DIRECTION('',(0.0,0.0,-1.0));
#4883=DIRECTION('',(1.0,0.0,0.0));
#4884=DIRECTION('',(0.0,0.0,-1.0));
#4885=DIRECTION('',(1.0,0.0,0.0));
#4886=DIRECTION('',(0.0,0.0,-1.0));
#4887=DIRECTION('',(1.0,0.0,0.0));
#4888=DIRECTION('',(0.707106781186548,0.707106781186548,0.0));
#4889=DIRECTION('',(0.0,0.0,1.0));
#4890=DIRECTION('',(0.707106781186548,-0.707106781186548,0.0));
#4891=DIRECTION('',(1.0,0.0,0.0));
#4892=DIRECTION('',(0.0,1.0,0.0));
#4893=DIRECTION('',(0.0,1.0,0.0));
#4894=DIRECTION('',(0.0,1.0,0.0));
#4895=DIRECTION('',(-1.0,0.0,0.0));
#4896=DIRECTION('',(0.0,1.0,0.0));
#4897=DIRECTION('',(-1.0,0.0,0.0));
#4898=DIRECTION('',(0.0,-1.0,0.0));
#4899=DIRECTION('',(-1.0,0.0,0.0));
#4900=DIRECTION('',(0.0,-1.0,0.0));
#4901=DIRECTION('',(0.707106781186597,-0.707106781186498,0.0));
#4902=DIRECTION('',(0.707106781186548,0.707106781186548,0.0));
#4903=DIRECTION('',(0.0,1.0,0.0));
#4904=DIRECTION('',(1.0,0.0,0.0));
#4905=DIRECTION('',(0.0,-1.0,0.0));
#4906=DIRECTION('',(-1.0,0.0,0.0));
#4907=DIRECTION('',(0.0,-1.0,0.0));
#4908=DIRECTION('',(-1.0,0.0,0.0));
#4909=DIRECTION('',(0.0,1.0,0.0));
#4910=DIRECTION('',(-1.0,0.0,0.0));
#4911=DIRECTION('',(0.0,1.0,0.0));
#4912=DIRECTION('',(1.0,0.0,0.0));
#4913=DIRECTION('',(0.0,1.0,0.0));
#4914=DIRECTION('',(0.0,-1.0,0.0));
#4915=DIRECTION('',(0.0,0.0,1.0));
#4916=DIRECTION('',(0.0,0.707106781186547,-0.707106781186547));
#4917=DIRECTION('',(1.0,0.0,0.0));
#4918=DIRECTION('',(0.0,0.707106781186547,-0.707106781186547));
#4919=DIRECTION('',(-0.577350269189626,0.577350269189626,-0.577350269189626));
#4920=DIRECTION('',(1.0,0.0,0.0));
#4921=DIRECTION('',(0.0,0.707106781186547,-0.707106781186547));
#4922=DIRECTION('',(0.0,0.707106781186547,-0.707106781186547));
#4923=DIRECTION('',(1.0,0.0,0.0));
#4924=DIRECTION('',(0.577350269189626,0.577350269189626,-0.577350269189626));
#4925=DIRECTION('',(0.0,0.0,1.0));
#4926=DIRECTION('',(0.0,1.0,0.0));
#4927=DIRECTION('',(0.0,1.0,0.0));
#4928=DIRECTION('',(-1.0,0.0,0.0));
#4929=DIRECTION('',(0.0,1.0,0.0));
#4930=DIRECTION('',(1.0,0.0,0.0));
#4931=DIRECTION('',(0.0,-1.0,0.0));
#4932=DIRECTION('',(-1.0,0.0,0.0));
#4933=DIRECTION('',(0.0,-1.0,0.0));
#4934=DIRECTION('',(1.0,0.0,0.0));
#4935=DIRECTION('',(0.0,-1.0,0.0));
#4936=DIRECTION('',(1.0,0.0,0.0));
#4937=DIRECTION('',(0.0,1.0,0.0));
#4938=DIRECTION('',(1.0,0.0,0.0));
#4939=DIRECTION('',(1.0,0.0,0.0));
#4940=DIRECTION('',(0.0,1.0,0.0));
#4941=DIRECTION('',(1.0,0.0,0.0));
#4942=DIRECTION('',(0.0,1.0,0.0));
#4943=DIRECTION('',(1.0,0.0,0.0));
#4944=DIRECTION('',(0.0,1.0,0.0));
#4945=DIRECTION('',(1.0,0.0,0.0));
#4946=DIRECTION('',(0.0,1.0,0.0));
#4947=DIRECTION('',(1.0,0.0,0.0));
#4948=DIRECTION('',(0.0,1.0,0.0));
#4949=DIRECTION('',(1.0,0.0,0.0));
#4950=DIRECTION('',(0.0,1.0,0.0));
#4951=DIRECTION('',(1.0,0.0,0.0));
#4952=DIRECTION('',(0.0,1.0,0.0));
#4953=DIRECTION('',(1.0,0.0,0.0));
#4954=DIRECTION('',(0.0,1.0,0.0));
#4955=DIRECTION('',(1.0,0.0,0.0));
#4956=DIRECTION('',(0.0,1.0,0.0));
#4957=DIRECTION('',(1.0,0.0,0.0));
#4958=DIRECTION('',(0.0,1.0,0.0));
#4959=DIRECTION('',(1.0,0.0,0.0));
#4960=DIRECTION('',(0.0,1.0,0.0));
#4961=DIRECTION('',(1.0,0.0,0.0));
#4962=DIRECTION('',(0.0,1.0,0.0));
#4963=DIRECTION('',(0.0,0.0,1.0));
#4964=DIRECTION('',(0.0,0.0,1.0));
#4965=DIRECTION('',(0.0,0.0,-1.0));
#4966=DIRECTION('',(0.0,0.0,1.0));
#4967=DIRECTION('',(0.0,1.0,0.0));
#4968=DIRECTION('',(0.0,0.0,-1.0));
#4969=DIRECTION('',(-1.0,0.0,0.0));
#4970=DIRECTION('',(0.0,0.0,-1.0));
#4971=DIRECTION('',(-1.0,0.0,0.0));
#4972=DIRECTION('',(0.0,0.0,-1.0));
#4973=DIRECTION('',(0.0,-0.707106781186547,-0.707106781186547));
#4974=DIRECTION('',(0.0,-1.0,0.0));
#4975=DIRECTION('',(0.0,0.0,-1.0));
#4976=DIRECTION('',(1.0,0.0,0.0));
#4977=DIRECTION('',(-1.0,0.0,0.0));
#4978=DIRECTION('',(0.0,0.0,1.0));
#4979=DIRECTION('',(0.0,0.0,1.0));
#4980=DIRECTION('',(0.0,0.0,1.0));
#4981=DIRECTION('',(0.0,0.0,1.0));
#4982=DIRECTION('',(-1.0,0.0,0.0));
#4983=DIRECTION('',(1.0,0.0,0.0));
#4984=DIRECTION('',(0.0,0.0,-1.0));
#4985=DIRECTION('',(0.0,-1.0,0.0));
#4986=DIRECTION('',(0.0,-0.707106781186547,-0.707106781186547));
#4987=DIRECTION('',(0.0,0.0,-1.0));
#4988=DIRECTION('',(-1.0,0.0,0.0));
#4989=DIRECTION('',(0.0,0.0,-1.0));
#4990=DIRECTION('',(1.0,0.0,0.0));
#4991=DIRECTION('',(0.0,0.0,-1.0));
#4992=DIRECTION('',(0.0,1.0,0.0));
#4993=DIRECTION('',(0.0,0.0,-1.0));
#4994=DIRECTION('',(0.0,-1.0,0.0));
#4995=DIRECTION('',(0.0,-0.707106781186547,-0.707106781186547));
#4996=DIRECTION('',(0.0,-1.0,0.0));
#4997=DIRECTION('',(0.0,1.0,0.0));
#4998=DIRECTION('',(-1.0,0.0,0.0));
#4999=DIRECTION('',(1.0,0.0,0.0));
#5000=DIRECTION('',(0.0,-0.707106781186547,-0.707106781186547));
#5001=DIRECTION('',(0.0,1.0,0.0));
#5002=DIRECTION('',(0.0,0.0,-1.0));
#5003=DIRECTION('',(0.0,1.0,0.0));
#5004=DIRECTION('',(-1.0,0.0,0.0));
#5005=DIRECTION('',(0.0,-1.0,0.0));
#5006=DIRECTION('',(-1.0,0.0,0.0));
#5007=DIRECTION('',(0.0,-1.0,0.0));
#5008=DIRECTION('',(-1.0,0.0,0.0));
#5009=DIRECTION('',(0.0,1.0,0.0));
#5010=DIRECTION('',(-1.0,0.0,0.0));
#5011=DIRECTION('',(0.0,-1.0,0.0));
#5012=DIRECTION('',(0.0,-1.0,0.0));
#5013=DIRECTION('',(0.0,0.0,1.0));
#5014=DIRECTION('',(0.0,0.0,1.0));
#5015=DIRECTION('',(0.0,0.0,1.0));
#5016=DIRECTION('',(0.0,0.0,1.0));
#5017=DIRECTION('',(0.0,0.0,1.0));
#5018=CARTESIAN_POINT('',(1.524,4.064,3.81));
#5019=DIRECTION('',(0.0,1.0,0.0));
#5020=DIRECTION('',(0.0,0.0,1.0));
#5021=DIRECTION('',(1.0,0.0,0.0));
#5022=CARTESIAN_POINT('',(-1.524,4.064,3.81));
#5023=DIRECTION('',(0.0,1.0,0.0));
#5024=DIRECTION('',(-1.0,0.0,0.0));
#5025=DIRECTION('',(0.0,-1.0,0.0));
#5026=CARTESIAN_POINT('',(-1.524,3.048,3.81));
#5027=DIRECTION('',(0.0,1.0,0.0));
#5028=DIRECTION('',(-1.0,0.0,0.0));
#5029=DIRECTION('',(1.0,0.0,0.0));
#5030=CARTESIAN_POINT('',(1.524,3.048,3.81));
#5031=DIRECTION('',(0.0,1.0,0.0));
#5032=DIRECTION('',(0.0,0.0,1.0));
#5033=DIRECTION('',(0.0,0.0,1.0));
#5034=DIRECTION('',(-1.0,0.0,0.0));
#5035=DIRECTION('',(0.577350269189626,-0.577350269189626,-0.577350269189626));
#5036=DIRECTION('',(-0.577350269189626,-0.577350269189626,-0.577350269189626));
#5037=DIRECTION('',(-0.577350269189626,-0.577350269189626,-0.577350269189626));
#5038=DIRECTION('',(-0.577350269189626,-0.577350269189626,-0.577350269189626));
#5039=DIRECTION('',(0.577350269189626,-0.577350269189626,-0.577350269189626));
#5040=DIRECTION('',(0.577350269189626,-0.577350269189626,-0.577350269189626));
#5041=DIRECTION('',(0.0,-1.0,0.0));
#5042=DIRECTION('',(0.0,-1.0,0.0));
#5043=DIRECTION('',(0.0,-1.0,0.0));
#5044=DIRECTION('',(0.0,0.0,-1.0));
#5045=DIRECTION('',(0.0,-1.0,0.0));
#5046=DIRECTION('',(0.0,0.0,1.0));
#5047=DIRECTION('',(0.0,0.0,-1.0));
#5048=DIRECTION('',(0.0,1.0,0.0));
#5049=DIRECTION('',(0.0,0.0,-1.0));
#5050=DIRECTION('',(0.0,-1.0,0.0));
#5051=DIRECTION('',(1.0,0.0,0.0));
#5052=DIRECTION('',(0.0,0.0,1.0));
#5053=DIRECTION('',(0.0,-1.0,0.0));
#5054=DIRECTION('',(0.0,0.0,-1.0));
#5055=DIRECTION('',(0.0,0.0,-1.0));
#5056=DIRECTION('',(0.0,1.0,0.0));
#5057=DIRECTION('',(0.0,0.0,-1.0));
#5058=DIRECTION('',(0.0,-1.0,0.0));
#5059=DIRECTION('',(1.0,0.0,0.0));
#5060=DIRECTION('',(1.0,0.0,0.0));
#5061=DIRECTION('',(0.0,1.0,0.0));
#5062=DIRECTION('',(1.0,0.0,0.0));
#5063=DIRECTION('',(0.0,1.0,0.0));
#5064=DIRECTION('',(0.0,0.0,-1.0));
#5065=DIRECTION('',(0.0,-1.0,0.0));
#5066=DIRECTION('',(0.0,0.0,-1.0));
#5067=DIRECTION('',(0.0,1.0,0.0));
#5068=CARTESIAN_POINT('',(6.0325,-0.9652,-6.223));
#5069=DIRECTION('',(1.0,0.0,0.0));
#5070=DIRECTION('',(0.0,0.0,-1.0));
#5071=DIRECTION('',(0.0,1.0,0.0));
#5072=DIRECTION('',(0.0,0.0,-1.0));
#5073=CARTESIAN_POINT('',(6.0325,-0.9652,-6.223));
#5074=DIRECTION('',(1.0,0.0,0.0));
#5075=DIRECTION('',(0.0,0.0,-1.0));
#5076=DIRECTION('',(0.0,1.0,0.0));
#5077=DIRECTION('',(1.0,0.0,0.0));
#5078=DIRECTION('',(1.0,0.0,0.0));
#5079=DIRECTION('',(0.0,1.0,0.0));
#5080=CARTESIAN_POINT('',(6.6675,-0.9652,-6.223));
#5081=DIRECTION('',(1.0,0.0,0.0));
#5082=DIRECTION('',(0.0,0.0,-1.0));
#5083=DIRECTION('',(0.0,1.0,0.0));
#5084=DIRECTION('',(0.0,0.0,-1.0));
#5085=DIRECTION('',(0.0,1.0,0.0));
#5086=DIRECTION('',(0.0,0.0,-1.0));
#5087=CARTESIAN_POINT('',(6.6675,-0.9652,-6.223));
#5088=DIRECTION('',(1.0,0.0,0.0));
#5089=DIRECTION('',(0.0,0.0,-1.0));
#5090=DIRECTION('',(0.0,0.0,-1.0));
#5091=DIRECTION('',(0.0,1.0,0.0));
#5092=DIRECTION('',(0.0,0.0,-1.0));
#5093=DIRECTION('',(1.0,0.0,0.0));
#5094=DIRECTION('',(0.0,0.0,-1.0));
#5095=DIRECTION('',(0.0,0.0,-1.0));
#5096=DIRECTION('',(0.0,0.0,-1.0));
#5097=DIRECTION('',(-1.0,0.0,0.0));
#5098=DIRECTION('',(0.0,0.0,-1.0));
#5099=DIRECTION('',(0.0,0.0,-1.0));
#5100=DIRECTION('',(0.0,0.0,-1.0));
#5101=DIRECTION('',(1.0,0.0,0.0));
#5102=DIRECTION('',(0.0,0.0,-1.0));
#5103=DIRECTION('',(0.0,0.0,-1.0));
#5104=DIRECTION('',(0.0,0.0,-1.0));
#5105=DIRECTION('',(-1.0,0.0,0.0));
#5106=DIRECTION('',(0.0,0.0,-1.0));
#5107=DIRECTION('',(0.0,0.0,-1.0));
#5108=DIRECTION('',(0.0,0.0,-1.0));
#5109=DIRECTION('',(1.0,0.0,0.0));
#5110=DIRECTION('',(0.0,0.0,-1.0));
#5111=DIRECTION('',(0.0,0.0,-1.0));
#5112=DIRECTION('',(0.0,0.0,-1.0));
#5113=DIRECTION('',(-1.0,0.0,0.0));
#5114=DIRECTION('',(0.0,0.0,-1.0));
#5115=DIRECTION('',(0.0,0.0,-1.0));
#5116=DIRECTION('',(0.0,0.0,-1.0));
#5117=DIRECTION('',(1.0,0.0,0.0));
#5118=DIRECTION('',(0.0,0.0,-1.0));
#5119=DIRECTION('',(0.0,0.0,-1.0));
#5120=DIRECTION('',(0.0,0.0,-1.0));
#5121=DIRECTION('',(-1.0,0.0,0.0));
#5122=DIRECTION('',(0.0,0.0,-1.0));
#5123=DIRECTION('',(0.0,0.0,-1.0));
#5124=DIRECTION('',(0.0,0.0,-1.0));
#5125=DIRECTION('',(1.0,0.0,0.0));
#5126=DIRECTION('',(0.0,0.0,-1.0));
#5127=DIRECTION('',(0.0,0.0,-1.0));
#5128=DIRECTION('',(0.0,0.0,-1.0));
#5129=DIRECTION('',(-1.0,0.0,0.0));
#5130=DIRECTION('',(1.0,0.0,0.0));
#5131=DIRECTION('',(-1.0,0.0,0.0));
#5132=DIRECTION('',(0.0,0.0,-1.0));
#5133=DIRECTION('',(0.0,0.0,-1.0));
#5134=DIRECTION('',(-1.0,0.0,0.0));
#5135=DIRECTION('',(0.0,0.0,-1.0));
#5136=DIRECTION('',(0.0,0.0,-1.0));
#5137=DIRECTION('',(0.0,0.0,-1.0));
#5138=DIRECTION('',(0.0,-1.0,0.0));
#5139=DIRECTION('',(0.0,0.0,1.0));
#5140=DIRECTION('',(0.0,1.0,0.0));
#5141=DIRECTION('',(0.0,0.0,-1.0));
#5142=DIRECTION('',(0.0,-1.0,0.0));
#5143=DIRECTION('',(1.0,0.0,0.0));
#5144=DIRECTION('',(0.0,0.0,1.0));
#5145=DIRECTION('',(0.0,-1.0,0.0));
#5146=DIRECTION('',(0.0,0.0,-1.0));
#5147=DIRECTION('',(0.0,-1.0,0.0));
#5148=DIRECTION('',(0.0,0.0,-1.0));
#5149=DIRECTION('',(0.0,1.0,0.0));
#5150=DIRECTION('',(1.0,0.0,0.0));
#5151=DIRECTION('',(1.0,0.0,0.0));
#5152=DIRECTION('',(0.0,1.0,0.0));
#5153=DIRECTION('',(1.0,0.0,0.0));
#5154=DIRECTION('',(0.0,1.0,0.0));
#5155=DIRECTION('',(0.0,-1.0,0.0));
#5156=DIRECTION('',(0.0,0.0,-1.0));
#5157=DIRECTION('',(0.0,1.0,0.0));
#5158=CARTESIAN_POINT('',(-6.6675,-0.9652,-6.223));
#5159=DIRECTION('',(1.0,0.0,0.0));
#5160=DIRECTION('',(0.0,0.0,-1.0));
#5161=DIRECTION('',(0.0,1.0,0.0));
#5162=CARTESIAN_POINT('',(-6.6675,-0.9652,-6.223));
#5163=DIRECTION('',(1.0,0.0,0.0));
#5164=DIRECTION('',(0.0,0.0,-1.0));
#5165=DIRECTION('',(0.0,1.0,0.0));
#5166=CARTESIAN_POINT('',(-6.0325,-0.9652,-6.223));
#5167=DIRECTION('',(1.0,0.0,0.0));
#5168=DIRECTION('',(0.0,0.0,-1.0));
#5169=DIRECTION('',(1.0,0.0,0.0));
#5170=DIRECTION('',(1.0,0.0,0.0));
#5171=DIRECTION('',(0.0,1.0,0.0));
#5172=DIRECTION('',(1.0,0.0,0.0));
#5173=DIRECTION('',(0.0,1.0,0.0));
#5174=DIRECTION('',(0.0,1.0,0.0));
#5175=DIRECTION('',(1.0,0.0,0.0));
#5176=DIRECTION('',(0.0,1.0,0.0));
#5177=DIRECTION('',(0.0,1.0,0.0));
#5178=DIRECTION('',(1.0,0.0,0.0));
#5179=DIRECTION('',(0.0,1.0,0.0));
#5180=DIRECTION('',(0.0,1.0,0.0));
#5181=DIRECTION('',(1.0,0.0,0.0));
#5182=DIRECTION('',(0.0,1.0,0.0));
#5183=DIRECTION('',(1.0,0.0,0.0));
#5184=DIRECTION('',(0.0,1.0,0.0));
#5185=DIRECTION('',(1.0,0.0,0.0));
#5186=DIRECTION('',(0.0,1.0,0.0));
#5187=DIRECTION('',(-1.0,0.0,0.0));
#5188=DIRECTION('',(1.0,0.0,0.0));
#5189=DIRECTION('',(1.0,0.0,0.0));
#5190=DIRECTION('',(0.0,1.0,0.0));
#5191=DIRECTION('',(1.0,0.0,0.0));
#5192=DIRECTION('',(0.0,1.0,0.0));
#5193=DIRECTION('',(1.0,0.0,0.0));
#5194=DIRECTION('',(0.0,1.0,0.0));
#5195=DIRECTION('',(1.0,0.0,0.0));
#5196=DIRECTION('',(0.0,1.0,0.0));
#5197=DIRECTION('',(1.0,0.0,0.0));
#5198=DIRECTION('',(0.0,1.0,0.0));
#5199=DIRECTION('',(1.0,0.0,0.0));
#5200=DIRECTION('',(0.0,1.0,0.0));
#5201=DIRECTION('',(1.0,0.0,0.0));
#5202=DIRECTION('',(0.0,1.0,0.0));
#5203=DIRECTION('',(1.0,0.0,0.0));
#5204=DIRECTION('',(0.0,1.0,0.0));
#5205=DIRECTION('',(1.0,0.0,0.0));
#5206=DIRECTION('',(0.0,1.0,0.0));
#5207=DIRECTION('',(1.0,0.0,0.0));
#5208=DIRECTION('',(0.0,1.0,0.0));
#5209=CARTESIAN_POINT('',(4.1275,-0.9652,-6.223));
#5210=DIRECTION('',(1.0,0.0,0.0));
#5211=DIRECTION('',(0.0,0.0,-1.0));
#5212=DIRECTION('',(0.0,0.0,-1.0));
#5213=DIRECTION('',(0.0,1.0,0.0));
#5214=DIRECTION('',(0.0,1.0,0.0));
#5215=CARTESIAN_POINT('',(4.1275,-0.9652,-6.223));
#5216=DIRECTION('',(1.0,0.0,0.0));
#5217=DIRECTION('',(0.0,0.0,-1.0));
#5218=DIRECTION('',(0.0,1.0,0.0));
#5219=DIRECTION('',(0.0,1.0,0.0));
#5220=DIRECTION('',(1.0,0.0,0.0));
#5221=DIRECTION('',(0.0,1.0,0.0));
#5222=DIRECTION('',(1.0,0.0,0.0));
#5223=DIRECTION('',(0.0,1.0,0.0));
#5224=DIRECTION('',(0.0,-1.0,0.0));
#5225=DIRECTION('',(0.0,0.0,1.0));
#5226=DIRECTION('',(0.0,0.0,-1.0));
#5227=DIRECTION('',(0.0,0.0,-1.0));
#5228=DIRECTION('',(0.0,-1.0,0.0));
#5229=DIRECTION('',(0.0,0.0,-1.0));
#5230=DIRECTION('',(1.0,0.0,0.0));
#5231=DIRECTION('',(0.0,-1.0,0.0));
#5232=DIRECTION('',(1.0,0.0,0.0));
#5233=DIRECTION('',(0.0,0.0,1.0));
#5234=DIRECTION('',(0.0,0.0,-1.0));
#5235=DIRECTION('',(0.0,-1.0,0.0));
#5236=DIRECTION('',(1.0,0.0,0.0));
#5237=DIRECTION('',(1.0,0.0,0.0));
#5238=DIRECTION('',(0.0,1.0,0.0));
#5239=DIRECTION('',(0.0,-1.0,0.0));
#5240=DIRECTION('',(0.0,0.0,-1.0));
#5241=CARTESIAN_POINT('',(3.4925,-0.9652,-6.223));
#5242=DIRECTION('',(1.0,0.0,0.0));
#5243=DIRECTION('',(0.0,0.0,-1.0));
#5244=CARTESIAN_POINT('',(3.4925,-0.9652,-6.223));
#5245=DIRECTION('',(1.0,0.0,0.0));
#5246=DIRECTION('',(0.0,0.0,-1.0));
#5247=DIRECTION('',(1.0,0.0,0.0));
#5248=DIRECTION('',(0.0,0.0,-1.0));
#5249=CARTESIAN_POINT('',(1.5875,-0.9652,-6.223));
#5250=DIRECTION('',(1.0,0.0,0.0));
#5251=DIRECTION('',(0.0,0.0,-1.0));
#5252=DIRECTION('',(0.0,1.0,0.0));
#5253=DIRECTION('',(0.0,1.0,0.0));
#5254=CARTESIAN_POINT('',(1.5875,-0.9652,-6.223));
#5255=DIRECTION('',(1.0,0.0,0.0));
#5256=DIRECTION('',(0.0,0.0,-1.0));
#5257=DIRECTION('',(0.0,1.0,0.0));
#5258=DIRECTION('',(0.0,1.0,0.0));
#5259=DIRECTION('',(1.0,0.0,0.0));
#5260=DIRECTION('',(0.0,1.0,0.0));
#5261=DIRECTION('',(1.0,0.0,0.0));
#5262=DIRECTION('',(0.0,1.0,0.0));
#5263=DIRECTION('',(0.0,0.0,-1.0));
#5264=DIRECTION('',(0.0,-1.0,0.0));
#5265=DIRECTION('',(0.0,0.0,1.0));
#5266=DIRECTION('',(0.0,0.0,-1.0));
#5267=DIRECTION('',(0.0,-1.0,0.0));
#5268=DIRECTION('',(1.0,0.0,0.0));
#5269=DIRECTION('',(0.0,0.0,1.0));
#5270=DIRECTION('',(0.0,-1.0,0.0));
#5271=DIRECTION('',(0.0,0.0,-1.0));
#5272=DIRECTION('',(0.0,0.0,-1.0));
#5273=DIRECTION('',(0.0,-1.0,0.0));
#5274=DIRECTION('',(1.0,0.0,0.0));
#5275=DIRECTION('',(1.0,0.0,0.0));
#5276=DIRECTION('',(1.0,0.0,0.0));
#5277=DIRECTION('',(0.0,1.0,0.0));
#5278=DIRECTION('',(0.0,-1.0,0.0));
#5279=DIRECTION('',(0.0,0.0,-1.0));
#5280=CARTESIAN_POINT('',(0.9525,-0.9652,-6.223));
#5281=DIRECTION('',(1.0,0.0,0.0));
#5282=DIRECTION('',(0.0,0.0,-1.0));
#5283=CARTESIAN_POINT('',(0.9525,-0.9652,-6.223));
#5284=DIRECTION('',(1.0,0.0,0.0));
#5285=DIRECTION('',(0.0,0.0,-1.0));
#5286=DIRECTION('',(1.0,0.0,0.0));
#5287=DIRECTION('',(0.0,0.0,-1.0));
#5288=CARTESIAN_POINT('',(-0.9525,-0.9652,-6.223));
#5289=DIRECTION('',(1.0,0.0,0.0));
#5290=DIRECTION('',(0.0,0.0,-1.0));
#5291=DIRECTION('',(0.0,1.0,0.0));
#5292=DIRECTION('',(0.0,1.0,0.0));
#5293=CARTESIAN_POINT('',(-0.9525,-0.9652,-6.223));
#5294=DIRECTION('',(1.0,0.0,0.0));
#5295=DIRECTION('',(0.0,0.0,-1.0));
#5296=DIRECTION('',(0.0,1.0,0.0));
#5297=DIRECTION('',(0.0,1.0,0.0));
#5298=DIRECTION('',(1.0,0.0,0.0));
#5299=DIRECTION('',(0.0,1.0,0.0));
#5300=DIRECTION('',(0.0,1.0,0.0));
#5301=DIRECTION('',(1.0,0.0,0.0));
#5302=CARTESIAN_POINT('',(-1.5875,-0.9652,-6.223));
#5303=DIRECTION('',(1.0,0.0,0.0));
#5304=DIRECTION('',(0.0,0.0,-1.0));
#5305=DIRECTION('',(0.0,-1.0,0.0));
#5306=DIRECTION('',(0.0,0.0,-1.0));
#5307=DIRECTION('',(0.0,1.0,0.0));
#5308=CARTESIAN_POINT('',(-1.5875,-0.9652,-6.223));
#5309=DIRECTION('',(1.0,0.0,0.0));
#5310=DIRECTION('',(0.0,0.0,-1.0));
#5311=DIRECTION('',(1.0,0.0,0.0));
#5312=DIRECTION('',(0.0,0.0,-1.0));
#5313=CARTESIAN_POINT('',(-3.4925,-0.9652,-6.223));
#5314=DIRECTION('',(1.0,0.0,0.0));
#5315=DIRECTION('',(0.0,0.0,-1.0));
#5316=DIRECTION('',(0.0,1.0,0.0));
#5317=DIRECTION('',(0.0,1.0,0.0));
#5318=CARTESIAN_POINT('',(-3.4925,-0.9652,-6.223));
#5319=DIRECTION('',(1.0,0.0,0.0));
#5320=DIRECTION('',(0.0,0.0,-1.0));
#5321=DIRECTION('',(0.0,1.0,0.0));
#5322=DIRECTION('',(0.0,1.0,0.0));
#5323=DIRECTION('',(1.0,0.0,0.0));
#5324=DIRECTION('',(0.0,1.0,0.0));
#5325=DIRECTION('',(0.0,1.0,0.0));
#5326=DIRECTION('',(1.0,0.0,0.0));
#5327=CARTESIAN_POINT('',(-4.1275,-0.9652,-6.223));
#5328=DIRECTION('',(1.0,0.0,0.0));
#5329=DIRECTION('',(0.0,0.0,-1.0));
#5330=DIRECTION('',(0.0,-1.0,0.0));
#5331=DIRECTION('',(0.0,0.0,-1.0));
#5332=DIRECTION('',(0.0,1.0,0.0));
#5333=CARTESIAN_POINT('',(-4.1275,-0.9652,-6.223));
#5334=DIRECTION('',(1.0,0.0,0.0));
#5335=DIRECTION('',(0.0,0.0,-1.0));
#5336=DIRECTION('',(1.0,0.0,0.0));
#5337=DIRECTION('',(0.0,0.0,-1.0));
#5338=DIRECTION('',(0.0,1.0,0.0));
#5339=CARTESIAN_POINT('',(-6.0325,-0.9652,-6.223));
#5340=DIRECTION('',(1.0,0.0,0.0));
#5341=DIRECTION('',(0.0,0.0,-1.0));
#5342=DIRECTION('',(0.0,1.0,0.0));
#5343=DIRECTION('',(1.0,0.0,0.0));
#5344=DIRECTION('',(1.0,0.0,0.0));
#5345=DIRECTION('',(1.0,0.0,0.0));
#5346=DIRECTION('',(1.0,0.0,0.0));
#5347=DIRECTION('',(0.0,-1.0,0.0));
#5348=DIRECTION('',(0.0,-1.0,0.0));
#5349=DIRECTION('',(0.0,0.0,-1.0));
#5350=DIRECTION('',(0.0,-1.0,0.0));
#5351=DIRECTION('',(0.0,0.0,1.0));
#5352=DIRECTION('',(0.0,0.0,-1.0));
#5353=DIRECTION('',(1.0,0.0,0.0));
#5354=DIRECTION('',(0.0,0.0,1.0));
#5355=DIRECTION('',(0.0,-1.0,0.0));
#5356=DIRECTION('',(0.0,0.0,-1.0));
#5357=DIRECTION('',(0.0,0.0,-1.0));
#5358=DIRECTION('',(1.0,0.0,0.0));
#5359=DIRECTION('',(1.0,0.0,0.0));
#5360=DIRECTION('',(1.0,0.0,0.0));
#5361=DIRECTION('',(0.0,-1.0,0.0));
#5362=DIRECTION('',(0.0,-1.0,0.0));
#5363=DIRECTION('',(0.0,0.0,-1.0));
#5364=DIRECTION('',(0.0,-1.0,0.0));
#5365=DIRECTION('',(0.0,0.0,1.0));
#5366=DIRECTION('',(0.0,0.0,-1.0));
#5367=DIRECTION('',(1.0,0.0,0.0));
#5368=DIRECTION('',(0.0,0.0,1.0));
#5369=DIRECTION('',(0.0,-1.0,0.0));
#5370=DIRECTION('',(0.0,0.0,-1.0));
#5371=DIRECTION('',(0.0,0.0,-1.0));
#5372=DIRECTION('',(1.0,0.0,0.0));
#5373=DIRECTION('',(1.0,0.0,0.0));
#5374=DIRECTION('',(0.0,0.0,-1.0));
#5375=DIRECTION('',(1.0,0.0,0.0));
#5376=DIRECTION('',(0.0,-1.0,0.0));
#5377=DIRECTION('',(0.0,1.0,0.0));
#5378=DIRECTION('',(1.0,0.0,0.0));
#5379=DIRECTION('',(0.0,0.0,1.0));
#5380=DIRECTION('',(0.0,0.0,1.0));
#5381=DIRECTION('',(0.0,0.0,-1.0));
#5382=DIRECTION('',(0.0,0.0,1.0));
ENDSEC;
END-ISO-10303-21;
