ISO-10303-21;
HEADER;
FILE_DESCRIPTION (( 'STEP AP214' ),
    '1' );
FILE_NAME ('CCS_CCSTDNOSYAGEO_0402_L1.05W0.55T0.55B0.35.STEP',
    '2025-07-28T23:13:14',
    ( '' ),
    ( '' ),
    'SwSTEP 2.0',
    'SolidWorks 2021',
    '' );
FILE_SCHEMA (( 'AUTOMOTIVE_DESIGN' ));
ENDSEC;

DATA;
#1 = CYLINDRICAL_SURFACE ( 'NONE', #223, 0.01144000000000001266 ) ;
#2 = FILL_AREA_STYLE_COLOUR ( '', #3310 ) ;
#3 =( GEOMETRIC_REPRESENTATION_CONTEXT ( 3 ) GLOBAL_UNCERTAINTY_ASSIGNED_CONTEXT ( ( #283 ) ) GLOBAL_UNIT_ASSIGNED_CONTEXT ( ( #2826, #1772, #2276 ) ) REPRESENTATION_CONTEXT ( 'NONE', 'WORKASPACE' ) );
#4 = CARTESIAN_POINT ( 'NONE',  ( 0.8114400000000001612, 0.5385600000000000387, -0.01144000000000000052 ) ) ;
#5 = ADVANCED_FACE ( 'NONE', ( #3854 ), #3918, .T. ) ;
#6 = UNCERTAINTY_MEASURE_WITH_UNIT (LENGTH_MEASURE( 1.000000000000000082E-05 ), #2283, 'distance_accuracy_value', 'NONE');
#7 = DIRECTION ( 'NONE',  ( -0.9985542843760947251, 0.000000000000000000, -0.05375259206908435117 ) ) ;
#8 = CARTESIAN_POINT ( 'NONE',  ( 0.5609454561485863744, 0.5385600000000000387, -0.3334880236930360398 ) ) ;
#9 = DIRECTION ( 'NONE',  ( 1.000000000000000000, 0.000000000000000000, 0.000000000000000000 ) ) ;
#10 = FILL_AREA_STYLE_COLOUR ( '', #2863 ) ;
#11 = SURFACE_STYLE_USAGE ( .BOTH. , #4022 ) ;
#12 = EDGE_CURVE ( 'NONE', #2088, #827, #598, .T. ) ;
#13 = VECTOR ( 'NONE', #3553, 999.9999999999998863 ) ;
#14 = ORIENTED_EDGE ( 'NONE', *, *, #3843, .F. ) ;
#15 = DIRECTION ( 'NONE',  ( 1.000000000000000000, 0.000000000000000000, 0.000000000000000000 ) ) ;
#16 = STYLED_ITEM ( 'NONE', ( #1319 ), #4346 ) ;
#17 = CARTESIAN_POINT ( 'NONE',  ( 0.4811979921490492917, 0.5435600000000000431, -0.3472411770317159752 ) ) ;
#18 = CARTESIAN_POINT ( 'NONE',  ( 0.8000031471907086411, 0.5382331090141357910, -0.5300870249090693376 ) ) ;
#19 = COLOUR_RGB ( '',0.7686274509803920907, 0.7686274509803920907, 0.7686274509803920907 ) ;
#20 = EDGE_CURVE ( 'NONE', #2652, #384, #2441, .T. ) ;
#21 = EDGE_LOOP ( 'NONE', ( #3561, #2400, #2769 ) ) ;
#22 =( LENGTH_UNIT ( ) NAMED_UNIT ( * ) SI_UNIT ( .MILLI., .METRE. ) );
#23 = DIRECTION ( 'NONE',  ( -1.000000000000000000, 0.000000000000000000, 0.000000000000000000 ) ) ;
#24 = VERTEX_POINT ( 'NONE', #4656 ) ;
#25 = CARTESIAN_POINT ( 'NONE',  ( 0.2499999999999998890, 0.000000000000000000, -0.5385600000000002607 ) ) ;
#26 = ORIENTED_EDGE ( 'NONE', *, *, #927, .T. ) ;
#27 = CARTESIAN_POINT ( 'NONE',  ( 0.3239997653566430436, 0.5435600000000000431, -0.3164347461651950133 ) ) ;
#28 = PRESENTATION_STYLE_ASSIGNMENT (( #371 ) ) ;
#29 = EDGE_CURVE ( 'NONE', #1813, #3722, #2681, .T. ) ;
#30 = FACE_OUTER_BOUND ( 'NONE', #3675, .T. ) ;
#31 =( LENGTH_UNIT ( ) NAMED_UNIT ( * ) SI_UNIT ( .MILLI., .METRE. ) );
#32 = CARTESIAN_POINT ( 'NONE',  ( 0.2500000000000207057, 0.02228299758247086551, -0.01143999999999880356 ) ) ;
#33 = ORIENTED_EDGE ( 'NONE', *, *, #2895, .T. ) ;
#34 = DIRECTION ( 'NONE',  ( -1.000000000000000000, 0.000000000000000000, 0.000000000000000000 ) ) ;
#35 = EDGE_CURVE ( 'NONE', #3555, #3400, #2299, .T. ) ;
#36 =( NAMED_UNIT ( * ) PLANE_ANGLE_UNIT ( ) SI_UNIT ( $, .RADIAN. ) );
#37 = VERTEX_POINT ( 'NONE', #3570 ) ;
#38 = DIRECTION ( 'NONE',  ( -0.2763139702539153530, 0.000000000000000000, 0.9610674221107062820 ) ) ;
#39 = CYLINDRICAL_SURFACE ( 'NONE', #4145, 0.01144000000000004041 ) ;
#40 = ADVANCED_FACE ( 'NONE', ( #4586 ), #3210, .F. ) ;
#41 = CARTESIAN_POINT ( 'NONE',  ( 0.8005016993459097563, 0.5352093015767742656, -0.5352093015767742656 ) ) ;
#42 = VERTEX_POINT ( 'NONE', #1777 ) ;
#43 = CARTESIAN_POINT ( 'NONE',  ( 0.2495942064208123701, 0.01510378140969322568, -0.5355223845629200063 ) ) ;
#44 = SURFACE_STYLE_USAGE ( .BOTH. , #1893 ) ;
#45 = LINE ( 'NONE', #4392, #3902 ) ;
#46 =( NAMED_UNIT ( * ) SI_UNIT ( $, .STERADIAN. ) SOLID_ANGLE_UNIT ( ) );
#47 = ORIENTED_EDGE ( 'NONE', *, *, #2177, .T. ) ;
#48 = EDGE_CURVE ( 'NONE', #1764, #1610, #3123, .T. ) ;
#49 = ORIENTED_EDGE ( 'NONE', *, *, #1117, .F. ) ;
#50 = CARTESIAN_POINT ( 'NONE',  ( 0.5782056504091224181, 0.5385600000000000387, -0.2749999999999999667 ) ) ;
#51 = CARTESIAN_POINT ( 'NONE',  ( 0.8114400000000001612, 0.5500000000000000444, 0.000000000000000000 ) ) ;
#52 = DIRECTION ( 'NONE',  ( 0.000000000000000000, -1.000000000000000000, 0.000000000000000000 ) ) ;
#53 =( GEOMETRIC_REPRESENTATION_CONTEXT ( 3 ) GLOBAL_UNCERTAINTY_ASSIGNED_CONTEXT ( ( #4351 ) ) GLOBAL_UNIT_ASSIGNED_CONTEXT ( ( #1580, #138, #3023 ) ) REPRESENTATION_CONTEXT ( 'NONE', 'WORKASPACE' ) );
#54 = CARTESIAN_POINT ( 'NONE',  ( 0.8114400000000001612, 0.01144000000000000052, 0.000000000000000000 ) ) ;
#55 = DIRECTION ( 'NONE',  ( -1.000000000000000000, 0.000000000000000000, -0.000000000000000000 ) ) ;
#56 = CARTESIAN_POINT ( 'NONE',  ( 0.5357011754900140588, 0.5435600000000000431, -0.3472411770317159752 ) ) ;
#57 = CARTESIAN_POINT ( 'NONE',  ( 0.01144000000000000052, 0.5385600000000000387, -0.5385600000000000387 ) ) ;
#58 = MECHANICAL_DESIGN_GEOMETRIC_PRESENTATION_REPRESENTATION (  '', ( #1264 ), #3218 ) ;
#59 = CARTESIAN_POINT ( 'NONE',  ( 0.4336187397529924770, 0.5385600000000000387, -0.2887439277519391889 ) ) ;
#60 = ORIENTED_EDGE ( 'NONE', *, *, #2809, .T. ) ;
#61 = ORIENTED_EDGE ( 'NONE', *, *, #3916, .F. ) ;
#62 = CARTESIAN_POINT ( 'NONE',  ( 0.2500000000000000555, 0.5385600000000000387, -0.5271200000000001440 ) ) ;
#63 = ORIENTED_EDGE ( 'NONE', *, *, #3163, .T. ) ;
#64 = CARTESIAN_POINT ( 'NONE',  ( 0.8000031471907086411, 0.01176689098586419444, -0.01991297509093066867 ) ) ;
#65 = DIRECTION ( 'NONE',  ( -1.000000000000000000, 0.000000000000000000, 0.000000000000000000 ) ) ;
#66 = CIRCLE ( 'NONE', #1336, 0.01144000000000000052 ) ;
#67 = ORIENTED_EDGE ( 'NONE', *, *, #4007, .F. ) ;
#68 = VERTEX_POINT ( 'NONE', #2074 ) ;
#69 = EDGE_CURVE ( 'NONE', #1167, #1036, #249, .T. ) ;
#70 = MECHANICAL_DESIGN_GEOMETRIC_PRESENTATION_REPRESENTATION (  '', ( #4512 ), #2776 ) ;
#72 = CARTESIAN_POINT ( 'NONE',  ( 0.2494983006540928971, 0.01479069842322599387, -0.5352093015767743767 ) ) ;
#71 = PRESENTATION_LAYER_ASSIGNMENT (  '', '', ( #1954 ) ) ;
#73 = CARTESIAN_POINT ( 'NONE',  ( 0.7999999999999819478, 0.5277170024175291685, -0.01143999999999884519 ) ) ;
#74 = SURFACE_SIDE_STYLE ('',( #3301 ) ) ;
#75 = DIRECTION ( 'NONE',  ( -0.000000000000000000, 1.000000000000000000, 1.971276677246371519E-16 ) ) ;
#76 = EDGE_LOOP ( 'NONE', ( #676, #1751, #4394, #3344 ) ) ;
#77 = PLANE ( 'NONE',  #2556 ) ;
#78 = AXIS2_PLACEMENT_3D ( 'NONE', #838, #2908, #34 ) ;
#79 = VERTEX_POINT ( 'NONE', #4559 ) ;
#80 = AXIS2_PLACEMENT_3D ( 'NONE', #462, #3346, #114 ) ;
#81 = DIRECTION ( 'NONE',  ( 0.000000000000000000, -1.000000000000000000, 0.000000000000000000 ) ) ;
#82 = VECTOR ( 'NONE', #4124, 1000.000000000000000 ) ;
#83 = CARTESIAN_POINT ( 'NONE',  ( 0.3232847823224374029, 0.5435600000000000431, -0.3142249984713693101 ) ) ;
#84 = CARTESIAN_POINT ( 'NONE',  ( 0.2499999999999998890, 0.5271199999999999219, -0.01143999999999982184 ) ) ;
#85 = ADVANCED_FACE ( 'NONE', ( #3501 ), #3524, .T. ) ;
#86 = FACE_OUTER_BOUND ( 'NONE', #2834, .T. ) ;
#87 = DIRECTION ( 'NONE',  ( 0.2764273280489751294, 0.000000000000000000, -0.9610348236706639513 ) ) ;
#88 = FACE_OUTER_BOUND ( 'NONE', #1465, .T. ) ;
#89 = ORIENTED_EDGE ( 'NONE', *, *, #2223, .F. ) ;
#90 =( GEOMETRIC_REPRESENTATION_CONTEXT ( 3 ) GLOBAL_UNCERTAINTY_ASSIGNED_CONTEXT ( ( #615 ) ) GLOBAL_UNIT_ASSIGNED_CONTEXT ( ( #3816, #1677, #3112 ) ) REPRESENTATION_CONTEXT ( 'NONE', 'WORKASPACE' ) );
#91 = VERTEX_POINT ( 'NONE', #422 ) ;
#92 = CARTESIAN_POINT ( 'NONE',  ( 0.4064080911670675533, 0.5435600000000000431, -0.3334904399182307966 ) ) ;
#93 = CARTESIAN_POINT ( 'NONE',  ( 0.2499824497279283797, 0.5308739036180318838, -0.01207343682632958798 ) ) ;
#94 = STYLED_ITEM ( 'NONE', ( #2837 ), #4200 ) ;
#95 = EDGE_CURVE ( 'NONE', #3492, #951, #2885, .T. ) ;
#96 = ORIENTED_EDGE ( 'NONE', *, *, #702, .T. ) ;
#97 = LINE ( 'NONE', #1172, #1419 ) ;
#98 = DIRECTION ( 'NONE',  ( 0.9999960426590096541, 0.000000000000000000, 0.002813301676023789288 ) ) ;
#99 = CARTESIAN_POINT ( 'NONE',  ( 0.3547016395733397220, 0.5435600000000000431, -0.3472411770317159752 ) ) ;
#100 = ORIENTED_EDGE ( 'NONE', *, *, #4284, .F. ) ;
#101 = CARTESIAN_POINT ( 'NONE',  ( 1.050000000000000044, 0.000000000000000000, -0.5385600000000001497 ) ) ;
#102 = ADVANCED_FACE ( 'NONE', ( #2567 ), #1485, .T. ) ;
#103 = ORIENTED_EDGE ( 'NONE', *, *, #1411, .F. ) ;
#104 = CARTESIAN_POINT ( 'NONE',  ( 0.2495942064208098166, 0.5355223845629195623, -0.5348962185903072264 ) ) ;
#105 = DIRECTION ( 'NONE',  ( -1.000000000000000000, 0.000000000000000000, 0.000000000000000000 ) ) ;
#106 = ADVANCED_FACE ( 'NONE', ( #1830 ), #1438, .F. ) ;
#107 = CARTESIAN_POINT ( 'NONE',  ( 0.5821063163675104235, 0.5435600000000000431, -0.2887465636336941643 ) ) ;
#108 = ORIENTED_EDGE ( 'NONE', *, *, #4284, .T. ) ;
#109 = UNCERTAINTY_MEASURE_WITH_UNIT (LENGTH_MEASURE( 1.000000000000000082E-05 ), #160, 'distance_accuracy_value', 'NONE');
#110 = FACE_OUTER_BOUND ( 'NONE', #3945, .T. ) ;
#111 = EDGE_CURVE ( 'NONE', #1630, #334, #3263, .T. ) ;
#112 = VERTEX_POINT ( 'NONE', #3241 ) ;
#113 = ORIENTED_EDGE ( 'NONE', *, *, #1570, .T. ) ;
#114 = DIRECTION ( 'NONE',  ( -0.2755520632520533364, 0.000000000000000000, 0.9612861490927331332 ) ) ;
#115 = PRESENTATION_STYLE_ASSIGNMENT (( #2991 ) ) ;
#116 = VERTEX_POINT ( 'NONE', #2512 ) ;
#117 = PRESENTATION_STYLE_ASSIGNMENT (( #3349 ) ) ;
#118 = DIRECTION ( 'NONE',  ( 0.000000000000000000, 0.000000000000000000, -1.000000000000000000 ) ) ;
#119 = CARTESIAN_POINT ( 'NONE',  ( 0.5821063163675104235, 0.5435600000000000431, -0.2887465636336941643 ) ) ;
#120 = DIRECTION ( 'NONE',  ( 0.9999999968487351953, 0.000000000000000000, 7.938847109670266970E-05 ) ) ;
#121 = ORIENTED_EDGE ( 'NONE', *, *, #4147, .F. ) ;
#122 = DIRECTION ( 'NONE',  ( 1.000000000000000000, 0.000000000000000000, 0.000000000000000000 ) ) ;
#123 = ORIENTED_EDGE ( 'NONE', *, *, #698, .T. ) ;
#124 = DIRECTION ( 'NONE',  ( 0.000000000000000000, 1.000000000000000000, 0.000000000000000000 ) ) ;
#125 = CARTESIAN_POINT ( 'NONE',  ( 0.01143999999999993113, 0.000000000000000000, 0.000000000000000000 ) ) ;
#126 = AXIS2_PLACEMENT_3D ( 'NONE', #737, #1514, #1143 ) ;
#127 = SURFACE_STYLE_FILL_AREA ( #1182 ) ;
#128 = ADVANCED_FACE ( 'NONE', ( #399 ), #2541, .T. ) ;
#129 = LINE ( 'NONE', #3054, #4443 ) ;
#130 = CARTESIAN_POINT ( 'NONE',  ( 0.8114400000000001612, 0.5385600000000000387, 0.000000000000000000 ) ) ;
#131 = VERTEX_POINT ( 'NONE', #2644 ) ;
#132 = ORIENTED_EDGE ( 'NONE', *, *, #3217, .T. ) ;
#133 =( LENGTH_UNIT ( ) NAMED_UNIT ( * ) SI_UNIT ( .MILLI., .METRE. ) );
#134 = CIRCLE ( 'NONE', #1561, 0.01144000000000000052 ) ;
#135 = CARTESIAN_POINT ( 'NONE',  ( 1.038560000000000150, 0.01144000000000000052, -0.5385600000000001497 ) ) ;
#136 = CARTESIAN_POINT ( 'NONE',  ( 0.4296903970343423085, 0.5435600000000000431, -0.3066986769037985394 ) ) ;
#137 = ORIENTED_EDGE ( 'NONE', *, *, #304, .F. ) ;
#139 = EDGE_CURVE ( 'NONE', #827, #2486, #3036, .T. ) ;
#138 =( NAMED_UNIT ( * ) PLANE_ANGLE_UNIT ( ) SI_UNIT ( $, .RADIAN. ) );
#140 = CARTESIAN_POINT ( 'NONE',  ( 0.3447511851896571389, 0.5385600000000000387, -0.3142249984713705868 ) ) ;
#141 = SURFACE_SIDE_STYLE ('',( #3371 ) ) ;
#142 = VECTOR ( 'NONE', #4608, 1000.000000000000000 ) ;
#143 = LINE ( 'NONE', #490, #4296 ) ;
#144 = CARTESIAN_POINT ( 'NONE',  ( 0.8114400000000001612, 0.01144000000000000052, 0.000000000000000000 ) ) ;
#145 = VECTOR ( 'NONE', #594, 1000.000000000000000 ) ;
#146 = VECTOR ( 'NONE', #1376, 1000.000000000000000 ) ;
#147 = ADVANCED_BREP_SHAPE_REPRESENTATION ( 'CCS_CCSTDNOSYAGEO_0402_L1.05W0.55T0.55B0.35', ( #884, #935, #802, #4023, #3560 ), #2416 ) ;
#148 = ORIENTED_EDGE ( 'NONE', *, *, #4434, .F. ) ;
#149 = ORIENTED_EDGE ( 'NONE', *, *, #2738, .T. ) ;
#150 = PLANE ( 'NONE',  #4060 ) ;
#151 = CARTESIAN_POINT ( 'NONE',  ( 0.4335049575161018520, 0.5385600000000000387, -0.3200535924125289533 ) ) ;
#152 = VECTOR ( 'NONE', #4341, 1000.000000000000227 ) ;
#153 = VECTOR ( 'NONE', #3896, 1000.000000000000000 ) ;
#154 = CARTESIAN_POINT ( 'NONE',  ( 0.8003291180442894115, 0.5358208357733362792, -0.01543886146844875885 ) ) ;
#155 = VECTOR ( 'NONE', #4319, 1000.000000000000000 ) ;
#156 = UNCERTAINTY_MEASURE_WITH_UNIT (LENGTH_MEASURE( 1.000000000000000082E-05 ), #1511, 'distance_accuracy_value', 'NONE');
#157 = VECTOR ( 'NONE', #1439, 1000.000000000000000 ) ;
#158 = DIRECTION ( 'NONE',  ( 1.000000000000000000, 4.738645858765322788E-15, 0.000000000000000000 ) ) ;
#159 = LINE ( 'NONE', #904, #427 ) ;
#160 =( LENGTH_UNIT ( ) NAMED_UNIT ( * ) SI_UNIT ( .MILLI., .METRE. ) );
#161 =( GEOMETRIC_REPRESENTATION_CONTEXT ( 3 ) GLOBAL_UNCERTAINTY_ASSIGNED_CONTEXT ( ( #2151 ) ) GLOBAL_UNIT_ASSIGNED_CONTEXT ( ( #1781, #4021, #3596 ) ) REPRESENTATION_CONTEXT ( 'NONE', 'WORKASPACE' ) );
#162 = DIRECTION ( 'NONE',  ( 4.738645858765300700E-15, -1.000000000000000000, 0.000000000000000000 ) ) ;
#163 = EDGE_CURVE ( 'NONE', #3555, #3722, #4498, .T. ) ;
#164 = ORIENTED_EDGE ( 'NONE', *, *, #1466, .F. ) ;
#165 = AXIS2_PLACEMENT_3D ( 'NONE', #852, #1940, #394 ) ;
#166 = CARTESIAN_POINT ( 'NONE',  ( 1.050000000000000044, 0.01144000000000000052, 0.000000000000000000 ) ) ;
#167 = FACE_OUTER_BOUND ( 'NONE', #3697, .T. ) ;
#168 = DIRECTION ( 'NONE',  ( 0.2746459304917039379, 0.000000000000000000, -0.9615454294334438989 ) ) ;
#170 = ADVANCED_FACE ( 'NONE', ( #2258 ), #2351, .T. ) ;
#169 = PRESENTATION_LAYER_ASSIGNMENT (  '', '', ( #242 ) ) ;
#171 = VERTEX_POINT ( 'NONE', #4067 ) ;
#172 = CARTESIAN_POINT ( 'NONE',  ( 0.8114400000000001612, 0.5385600000000000387, -0.5385600000000000387 ) ) ;
#173 = LINE ( 'NONE', #3771, #1965 ) ;
#174 =( GEOMETRIC_REPRESENTATION_CONTEXT ( 3 ) GLOBAL_UNCERTAINTY_ASSIGNED_CONTEXT ( ( #1275 ) ) GLOBAL_UNIT_ASSIGNED_CONTEXT ( ( #4389, #1547, #3725 ) ) REPRESENTATION_CONTEXT ( 'NONE', 'WORKASPACE' ) );
#175 =( NAMED_UNIT ( * ) PLANE_ANGLE_UNIT ( ) SI_UNIT ( $, .RADIAN. ) );
#176 = CARTESIAN_POINT ( 'NONE',  ( 0.8000000000000000444, 0.02161099590235861234, -0.01143999999999982184 ) ) ;
#177 = CARTESIAN_POINT ( 'NONE',  ( 0.3239997653566430436, 0.5435600000000000431, -0.3164347461651950133 ) ) ;
#178 = ADVANCED_FACE ( 'NONE', ( #1258 ), #3360, .T. ) ;
#179 = MECHANICAL_DESIGN_GEOMETRIC_PRESENTATION_REPRESENTATION (  '', ( #1602 ), #1072 ) ;
#180 = ORIENTED_EDGE ( 'NONE', *, *, #4573, .T. ) ;
#181 = CARTESIAN_POINT ( 'NONE',  ( 1.050000000000000044, 0.5500000000000000444, -0.01144000000000000052 ) ) ;
#182 =( NAMED_UNIT ( * ) PLANE_ANGLE_UNIT ( ) SI_UNIT ( $, .RADIAN. ) );
#183 = MECHANICAL_DESIGN_GEOMETRIC_PRESENTATION_REPRESENTATION (  '', ( #3182 ), #3040 ) ;
#184 = CARTESIAN_POINT ( 'NONE',  ( 1.050000000000000044, 0.01144000000000000052, -0.5385600000000001497 ) ) ;
#185 = CARTESIAN_POINT ( 'NONE',  ( 0.2385600000000025478, 0.01144000000000000052, 0.000000000000000000 ) ) ;
#186 = LINE ( 'NONE', #204, #2699 ) ;
#187 = ADVANCED_FACE ( 'NONE', ( #1593 ), #3754, .T. ) ;
#188 = ORIENTED_EDGE ( 'NONE', *, *, #4609, .F. ) ;
#189 = DIRECTION ( 'NONE',  ( 0.000000000000000000, -1.000000000000000000, -1.971276677246371519E-16 ) ) ;
#190 = CARTESIAN_POINT ( 'NONE',  ( 0.6563654491645175559, 0.5435600000000000431, -0.3332911785503940849 ) ) ;
#191 = DIRECTION ( 'NONE',  ( 0.000000000000000000, 0.000000000000000000, 1.000000000000000000 ) ) ;
#192 = ORIENTED_EDGE ( 'NONE', *, *, #3703, .T. ) ;
#193 = PLANE ( 'NONE',  #2445 ) ;
#194 = CARTESIAN_POINT ( 'NONE',  ( 0.8000000000000001554, 0.01143999999999993113, -0.01143999999999982184 ) ) ;
#195 = EDGE_CURVE ( 'NONE', #1764, #4197, #2739, .T. ) ;
#196 = FILL_AREA_STYLE ('',( #3491 ) ) ;
#197 = ORIENTED_EDGE ( 'NONE', *, *, #3584, .T. ) ;
#198 = LINE ( 'NONE', #4132, #822 ) ;
#199 = DIRECTION ( 'NONE',  ( 1.000000000000000000, -0.000000000000000000, 0.000000000000000000 ) ) ;
#200 = ORIENTED_EDGE ( 'NONE', *, *, #879, .T. ) ;
#201 = UNCERTAINTY_MEASURE_WITH_UNIT (LENGTH_MEASURE( 1.000000000000000082E-05 ), #1551, 'distance_accuracy_value', 'NONE');
#202 = SURFACE_SIDE_STYLE ('',( #902 ) ) ;
#203 = SURFACE_STYLE_FILL_AREA ( #1638 ) ;
#204 = CARTESIAN_POINT ( 'NONE',  ( 0.2500000000000000555, 0.02288000000000003920, -0.5385600000000002607 ) ) ;
#205 = PRESENTATION_STYLE_ASSIGNMENT (( #4114 ) ) ;
#206 = EDGE_LOOP ( 'NONE', ( #2470, #1090, #100, #4002 ) ) ;
#207 = CARTESIAN_POINT ( 'NONE',  ( 0.5151316314530755003, 0.5435600000000000431, -0.3396241371938849007 ) ) ;
#208 = VECTOR ( 'NONE', #763, 1000.000000000000114 ) ;
#209 =( NAMED_UNIT ( * ) SI_UNIT ( $, .STERADIAN. ) SOLID_ANGLE_UNIT ( ) );
#210 = COLOUR_RGB ( '',0.6470588235294117974, 0.5176470588235293491, 0.000000000000000000 ) ;
#211 = ORIENTED_EDGE ( 'NONE', *, *, #1497, .T. ) ;
#212 = LINE ( 'NONE', #2704, #1324 ) ;
#213 = DIRECTION ( 'NONE',  ( 0.000000000000000000, -1.000000000000000000, 0.000000000000000000 ) ) ;
#214 = CARTESIAN_POINT ( 'NONE',  ( 0.3610101836264471564, 0.5385600000000000387, -0.2750000000000000222 ) ) ;
#215 = CYLINDRICAL_SURFACE ( 'NONE', #987, 0.01144000000000004041 ) ;
#216 = EDGE_CURVE ( 'NONE', #1110, #3224, #3887, .T. ) ;
#217 = ORIENTED_EDGE ( 'NONE', *, *, #2955, .T. ) ;
#218 = COLOUR_RGB ( '',0.7686274509803920907, 0.7686274509803920907, 0.7686274509803920907 ) ;
#219 = DIRECTION ( 'NONE',  ( 1.000000000000000000, 0.000000000000000000, 0.000000000000000000 ) ) ;
#220 = FACE_OUTER_BOUND ( 'NONE', #4028, .T. ) ;
#221 = ORIENTED_EDGE ( 'NONE', *, *, #3204, .F. ) ;
#222 = VECTOR ( 'NONE', #3547, 1000.000000000000000 ) ;
#223 = AXIS2_PLACEMENT_3D ( 'NONE', #343, #2882, #2508 ) ;
#224 = AXIS2_PLACEMENT_3D ( 'NONE', #4515, #4185, #2761 ) ;
#225 = DIRECTION ( 'NONE',  ( -1.000000000000000000, 0.000000000000000000, 0.000000000000000000 ) ) ;
#226 = COLOUR_RGB ( '',0.6470588235294117974, 0.5176470588235293491, 0.000000000000000000 ) ;
#228 = EDGE_CURVE ( 'NONE', #1036, #1218, #3188, .T. ) ;
#227 = STYLED_ITEM ( 'NONE', ( #1228 ), #1635 ) ;
#229 = ORIENTED_EDGE ( 'NONE', *, *, #1252, .T. ) ;
#230 = VECTOR ( 'NONE', #1293, 1000.000000000000000 ) ;
#231 = AXIS2_PLACEMENT_3D ( 'NONE', #2162, #3623, #1310 ) ;
#232 = CARTESIAN_POINT ( 'NONE',  ( 0.5040166865761323001, 0.5435600000000000431, -0.3472411770317159752 ) ) ;
#233 = PLANE ( 'NONE',  #4533 ) ;
#234 =( GEOMETRIC_REPRESENTATION_CONTEXT ( 3 ) GLOBAL_UNCERTAINTY_ASSIGNED_CONTEXT ( ( #3957 ) ) GLOBAL_UNIT_ASSIGNED_CONTEXT ( ( #3572, #252, #647 ) ) REPRESENTATION_CONTEXT ( 'NONE', 'WORKASPACE' ) );
#235 = ORIENTED_EDGE ( 'NONE', *, *, #2126, .T. ) ;
#236 = CARTESIAN_POINT ( 'NONE',  ( 0.8005016993459097563, 0.5352093015767742656, -0.01479069842322581346 ) ) ;
#237 = DIRECTION ( 'NONE',  ( -0.000000000000000000, 0.000000000000000000, 1.000000000000000000 ) ) ;
#238 = CARTESIAN_POINT ( 'NONE',  ( 0.8002678478892306657, 0.01579117005169369814, -0.01390101954763237405 ) ) ;
#239 = VERTEX_POINT ( 'NONE', #2829 ) ;
#240 = SURFACE_STYLE_FILL_AREA ( #4157 ) ;
#241 = ORIENTED_EDGE ( 'NONE', *, *, #2809, .F. ) ;
#242 = STYLED_ITEM ( 'NONE', ( #2346 ), #3864 ) ;
#243 =( LENGTH_UNIT ( ) NAMED_UNIT ( * ) SI_UNIT ( .MILLI., .METRE. ) );
#244 = ADVANCED_FACE ( 'NONE', ( #4278 ), #591, .F. ) ;
#245 = DIRECTION ( 'NONE',  ( 0.000000000000000000, -1.000000000000000000, 0.000000000000000000 ) ) ;
#246 = CARTESIAN_POINT ( 'NONE',  ( 0.8005016993459097563, 0.5352093015767742656, -0.01479069842322581346 ) ) ;
#247 = DIRECTION ( 'NONE',  ( 1.000000000000000000, -0.000000000000000000, -0.000000000000000000 ) ) ;
#248 = EDGE_CURVE ( 'NONE', #2562, #1764, #4581, .T. ) ;
#249 = LINE ( 'NONE', #3831, #4193 ) ;
#250 = CARTESIAN_POINT ( 'NONE',  ( 0.2385599999999999943, 0.5500000000000000444, -0.01144000000000004041 ) ) ;
#251 = EDGE_CURVE ( 'NONE', #4269, #405, #2800, .T. ) ;
#252 =( NAMED_UNIT ( * ) PLANE_ANGLE_UNIT ( ) SI_UNIT ( $, .RADIAN. ) );
#253 = CARTESIAN_POINT ( 'NONE',  ( 0.2500000000000025535, 0.01257771175529217439, -0.5374222882447080574 ) ) ;
#254 = ORIENTED_EDGE ( 'NONE', *, *, #4263, .F. ) ;
#255 = CARTESIAN_POINT ( 'NONE',  ( 0.3610101836264471564, 0.5435600000000000431, -0.2750000000000000222 ) ) ;
#256 = CARTESIAN_POINT ( 'NONE',  ( 0.4024981996217915081, 0.5385600000000000387, -0.3200535924125289533 ) ) ;
#257 = SURFACE_STYLE_FILL_AREA ( #196 ) ;
#258 = EDGE_LOOP ( 'NONE', ( #4672, #2382, #3731, #33 ) ) ;
#259 = DIRECTION ( 'NONE',  ( -1.000000000000000000, 0.000000000000000000, 0.000000000000000000 ) ) ;
#260 = SURFACE_STYLE_USAGE ( .BOTH. , #3403 ) ;
#261 = DIRECTION ( 'NONE',  ( 1.000000000000000000, 0.000000000000000000, 0.000000000000000000 ) ) ;
#262 = CARTESIAN_POINT ( 'NONE',  ( 0.4653624462489371894, 0.5435600000000000431, -0.3393144210660131721 ) ) ;
#263 = DIRECTION ( 'NONE',  ( 1.000000000000000000, -0.000000000000000000, -0.000000000000000000 ) ) ;
#264 = SPHERICAL_SURFACE ( 'NONE', #4004, 0.01144000000000000052 ) ;
#265 = EDGE_CURVE ( 'NONE', #1478, #296, #2786, .T. ) ;
#266 = ORIENTED_EDGE ( 'NONE', *, *, #531, .T. ) ;
#267 = CARTESIAN_POINT ( 'NONE',  ( 0.4965737046504550833, 0.5435600000000000431, -0.2749999999999999667 ) ) ;
#268 = CARTESIAN_POINT ( 'NONE',  ( 0.5609454561485863744, 0.5385600000000000387, -0.3334880236930360398 ) ) ;
#269 = ORIENTED_EDGE ( 'NONE', *, *, #2286, .T. ) ;
#270 = PLANE ( 'NONE',  #2609 ) ;
#271 = COLOUR_RGB ( '',0.7686274509803920907, 0.7686274509803920907, 0.7686274509803920907 ) ;
#272 = CARTESIAN_POINT ( 'NONE',  ( 0.2498717923918233053, 0.01661432524897017357, -0.01323365377589148795 ) ) ;
#273 = LINE ( 'NONE', #1332, #1415 ) ;
#274 = FILL_AREA_STYLE_COLOUR ( '', #2719 ) ;
#275 = VECTOR ( 'NONE', #2361, 1000.000000000000000 ) ;
#276 = ADVANCED_FACE ( 'NONE', ( #4229 ), #997, .F. ) ;
#277 = VERTEX_POINT ( 'NONE', #284 ) ;
#278 =( GEOMETRIC_REPRESENTATION_CONTEXT ( 3 ) GLOBAL_UNCERTAINTY_ASSIGNED_CONTEXT ( ( #1991 ) ) GLOBAL_UNIT_ASSIGNED_CONTEXT ( ( #958, #1696, #4596 ) ) REPRESENTATION_CONTEXT ( 'NONE', 'WORKASPACE' ) );
#279 = DIRECTION ( 'NONE',  ( 0.000000000000000000, 1.000000000000000000, 0.000000000000000000 ) ) ;
#280 = CYLINDRICAL_SURFACE ( 'NONE', #3548, 0.01143999999999998490 ) ;
#281 = VECTOR ( 'NONE', #3593, 1000.000000000000000 ) ;
#282 = ORIENTED_EDGE ( 'NONE', *, *, #796, .T. ) ;
#283 = UNCERTAINTY_MEASURE_WITH_UNIT (LENGTH_MEASURE( 1.000000000000000082E-05 ), #2826, 'distance_accuracy_value', 'NONE');
#284 = CARTESIAN_POINT ( 'NONE',  ( 0.2499999999999998890, 0.02288000000000003920, -0.5385600000000002607 ) ) ;
#285 = PLANE ( 'NONE',  #3753 ) ;
#286 =( NAMED_UNIT ( * ) PLANE_ANGLE_UNIT ( ) SI_UNIT ( $, .RADIAN. ) );
#287 = VECTOR ( 'NONE', #3586, 1000.000000000000114 ) ;
#288 = CIRCLE ( 'NONE', #3756, 0.01144000000000000052 ) ;
#289 = COLOUR_RGB ( '',0.7686274509803920907, 0.7686274509803920907, 0.7686274509803920907 ) ;
#290 = CARTESIAN_POINT ( 'NONE',  ( 0.8003291180442894115, 0.01417916422666375305, -0.5345611385315514053 ) ) ;
#291 = DIRECTION ( 'NONE',  ( 0.002813301676023788854, 0.000000000000000000, -0.9999960426590096541 ) ) ;
#292 =( NAMED_UNIT ( * ) PLANE_ANGLE_UNIT ( ) SI_UNIT ( $, .RADIAN. ) );
#293 = CARTESIAN_POINT ( 'NONE',  ( 1.038560000000000150, 0.01144000000000000052, -0.01144000000000000052 ) ) ;
#294 = EDGE_CURVE ( 'NONE', #1080, #2486, #3116, .T. ) ;
#295 = VECTOR ( 'NONE', #2494, 1000.000000000000000 ) ;
#296 = VERTEX_POINT ( 'NONE', #1380 ) ;
#297 = EDGE_LOOP ( 'NONE', ( #4601, #4564, #3014 ) ) ;
#298 = PRESENTATION_LAYER_ASSIGNMENT (  '', '', ( #751 ) ) ;
#299 = EDGE_CURVE ( 'NONE', #2696, #2088, #2463, .T. ) ;
#300 = VECTOR ( 'NONE', #602, 1000.000000000000000 ) ;
#301 = ORIENTED_EDGE ( 'NONE', *, *, #1535, .T. ) ;
#302 = PRESENTATION_LAYER_ASSIGNMENT (  '', '', ( #982 ) ) ;
#303 =( NAMED_UNIT ( * ) PLANE_ANGLE_UNIT ( ) SI_UNIT ( $, .RADIAN. ) );
#304 = EDGE_CURVE ( 'NONE', #3057, #4090, #4554, .T. ) ;
#305 = AXIS2_PLACEMENT_3D ( 'NONE', #3559, #3513, #2085 ) ;
#306 = ORIENTED_EDGE ( 'NONE', *, *, #1481, .T. ) ;
#307 = DIRECTION ( 'NONE',  ( -4.738645858765300700E-15, 1.000000000000000000, -0.000000000000000000 ) ) ;
#308 = DIRECTION ( 'NONE',  ( -0.2762517575166416051, 0.000000000000000000, 0.9610853065513833560 ) ) ;
#309 = CARTESIAN_POINT ( 'NONE',  ( 0.6603744375143849599, 0.5385600000000000387, -0.3472411770317159752 ) ) ;
#310 = PRESENTATION_LAYER_ASSIGNMENT (  '', '', ( #3778 ) ) ;
#311 = ORIENTED_EDGE ( 'NONE', *, *, #4270, .T. ) ;
#312 = DIRECTION ( 'NONE',  ( 1.000000000000000000, -0.000000000000000000, -0.000000000000000000 ) ) ;
#313 = LINE ( 'NONE', #4402, #3678 ) ;
#314 = B_SPLINE_CURVE_WITH_KNOTS ( 'NONE', 3,
 ( #41, #1887, #3652, #4027, #3633, #18, #2896, #1170, #4337, #2914 ),
 .UNSPECIFIED., .F., .F.,
 ( 4, 3, 3, 4 ),
 ( 0.000000000000000000, 3.600817818562795317E-06, 7.182643422685323160E-06, 8.953374655983056883E-06 ),
 .UNSPECIFIED. ) ;
#315 = LINE ( 'NONE', #3526, #2853 ) ;
#316 = DIRECTION ( 'NONE',  ( 0.000000000000000000, 1.000000000000000000, 0.000000000000000000 ) ) ;
#317 = FACE_OUTER_BOUND ( 'NONE', #1931, .T. ) ;
#318 = EDGE_LOOP ( 'NONE', ( #2974, #1898, #1352, #3815 ) ) ;
#319 = FILL_AREA_STYLE ('',( #2799 ) ) ;
#320 = ORIENTED_EDGE ( 'NONE', *, *, #430, .T. ) ;
#321 = PLANE ( 'NONE',  #1671 ) ;
#322 = VERTEX_POINT ( 'NONE', #1364 ) ;
#323 = EDGE_CURVE ( 'NONE', #4593, #1610, #3281, .T. ) ;
#324 =( NAMED_UNIT ( * ) PLANE_ANGLE_UNIT ( ) SI_UNIT ( $, .RADIAN. ) );
#325 = ORIENTED_EDGE ( 'NONE', *, *, #2746, .T. ) ;
#326 = CARTESIAN_POINT ( 'NONE',  ( 0.6563654491645175559, 0.5435600000000000431, -0.3332911785503940849 ) ) ;
#327 = DIRECTION ( 'NONE',  ( 1.000000000000000000, 0.000000000000000000, -0.000000000000000000 ) ) ;
#328 = DIRECTION ( 'NONE',  ( -1.000000000000000000, 0.000000000000000000, 0.000000000000000000 ) ) ;
#329 =( LENGTH_UNIT ( ) NAMED_UNIT ( * ) SI_UNIT ( .MILLI., .METRE. ) );
#330 = ORIENTED_EDGE ( 'NONE', *, *, #4279, .F. ) ;
#331 = VERTEX_POINT ( 'NONE', #4254 ) ;
#332 = CARTESIAN_POINT ( 'NONE',  ( 0.2385600000000000498, 0.5385600000000000387, -0.5500000000000001554 ) ) ;
#333 = SURFACE_STYLE_FILL_AREA ( #4642 ) ;
#334 = VERTEX_POINT ( 'NONE', #1225 ) ;
#335 = ORIENTED_EDGE ( 'NONE', *, *, #195, .F. ) ;
#336 = DIRECTION ( 'NONE',  ( 1.000000000000000000, 0.000000000000000000, 0.000000000000000000 ) ) ;
#337 = VERTEX_POINT ( 'NONE', #1501 ) ;
#338 = LINE ( 'NONE', #2485, #455 ) ;
#339 = STYLED_ITEM ( 'NONE', ( #117 ), #369 ) ;
#340 = EDGE_CURVE ( 'NONE', #3791, #2553, #4005, .T. ) ;
#341 = ORIENTED_EDGE ( 'NONE', *, *, #1403, .T. ) ;
#342 = AXIS2_PLACEMENT_3D ( 'NONE', #2868, #2061, #720 ) ;
#343 = CARTESIAN_POINT ( 'NONE',  ( 0.2385599999999999943, 0.5500000000000000444, -0.01144000000000004041 ) ) ;
#344 = DIRECTION ( 'NONE',  ( -0.9237839814038711905, 0.000000000000000000, 0.3829140317376895086 ) ) ;
#345 = EDGE_CURVE ( 'NONE', #116, #2836, #410, .T. ) ;
#346 = FILL_AREA_STYLE ('',( #450 ) ) ;
#347 = VECTOR ( 'NONE', #1992, 1000.000000000000000 ) ;
#348 =( LENGTH_UNIT ( ) NAMED_UNIT ( * ) SI_UNIT ( .MILLI., .METRE. ) );
#349 = FACE_OUTER_BOUND ( 'NONE', #2631, .T. ) ;
#350 = VECTOR ( 'NONE', #4582, 1000.000000000000227 ) ;
#351 = CARTESIAN_POINT ( 'NONE',  ( 0.8114400000000001612, 0.5385600000000000387, 0.000000000000000000 ) ) ;
#352 = SURFACE_STYLE_USAGE ( .BOTH. , #2136 ) ;
#353 = EDGE_CURVE ( 'NONE', #277, #1646, #529, .T. ) ;
#354 = VECTOR ( 'NONE', #549, 1000.000000000000000 ) ;
#355 = ORIENTED_EDGE ( 'NONE', *, *, #1717, .F. ) ;
#356 = DIRECTION ( 'NONE',  ( 1.000000000000000000, 0.000000000000000000, 0.000000000000000000 ) ) ;
#357 = VECTOR ( 'NONE', #4490, 1000.000000000000000 ) ;
#358 = AXIS2_PLACEMENT_3D ( 'NONE', #2898, #412, #2527 ) ;
#359 = PRESENTATION_STYLE_ASSIGNMENT (( #2141 ) ) ;
#360 = LINE ( 'NONE', #2775, #4308 ) ;
#361 = MECHANICAL_DESIGN_GEOMETRIC_PRESENTATION_REPRESENTATION (  '', ( #3316 ), #1498 ) ;
#362 = ORIENTED_EDGE ( 'NONE', *, *, #4190, .T. ) ;
#363 = CARTESIAN_POINT ( 'NONE',  ( 0.8001282076081794870, 0.5333856747510298257, -0.01323365377589150703 ) ) ;
#364 = EDGE_CURVE ( 'NONE', #560, #629, #2243, .T. ) ;
#365 =( NAMED_UNIT ( * ) PLANE_ANGLE_UNIT ( ) SI_UNIT ( $, .RADIAN. ) );
#366 = PRESENTATION_LAYER_ASSIGNMENT (  '', '', ( #1278 ) ) ;
#367 = VERTEX_POINT ( 'NONE', #4463 ) ;
#368 = VECTOR ( 'NONE', #2757, 1000.000000000000000 ) ;
#369 = ADVANCED_FACE ( 'NONE', ( #2654 ), #4029, .F. ) ;
#370 = CARTESIAN_POINT ( 'NONE',  ( 0.2385600000000000498, 0.5500000000000000444, -0.01144000000000000052 ) ) ;
#371 = SURFACE_STYLE_USAGE ( .BOTH. , #3617 ) ;
#372 = CIRCLE ( 'NONE', #608, 0.01144000000000000052 ) ;
#373 = SURFACE_STYLE_USAGE ( .BOTH. , #1827 ) ;
#374 = UNCERTAINTY_MEASURE_WITH_UNIT (LENGTH_MEASURE( 1.000000000000000082E-05 ), #2318, 'distance_accuracy_value', 'NONE');
#375 = ADVANCED_FACE ( 'NONE', ( #868 ), #4436, .T. ) ;
#376 = LINE ( 'NONE', #836, #3075 ) ;
#377 = DIRECTION ( 'NONE',  ( 1.000000000000000000, 0.000000000000000000, 0.000000000000000000 ) ) ;
#378 =( NAMED_UNIT ( * ) PLANE_ANGLE_UNIT ( ) SI_UNIT ( $, .RADIAN. ) );
#379 =( NAMED_UNIT ( * ) PLANE_ANGLE_UNIT ( ) SI_UNIT ( $, .RADIAN. ) );
#380 = AXIS2_PLACEMENT_3D ( 'NONE', #907, #2647, #1929 ) ;
#381 = ORIENTED_EDGE ( 'NONE', *, *, #139, .T. ) ;
#383 = ADVANCED_FACE ( 'NONE', ( #984 ), #1625, .F. ) ;
#382 = CARTESIAN_POINT ( 'NONE',  ( 0.3898580474327666967, 0.5385600000000000387, -0.3472411770317159752 ) ) ;
#384 = VERTEX_POINT ( 'NONE', #3810 ) ;
#385 = VECTOR ( 'NONE', #4473, 1000.000000000000000 ) ;
#386 = PLANE ( 'NONE',  #677 ) ;
#387 =( NAMED_UNIT ( * ) PLANE_ANGLE_UNIT ( ) SI_UNIT ( $, .RADIAN. ) );
#388 = CIRCLE ( 'NONE', #4539, 0.01144000000000000052 ) ;
#389 = ORIENTED_EDGE ( 'NONE', *, *, #4623, .T. ) ;
#390 =( NAMED_UNIT ( * ) PLANE_ANGLE_UNIT ( ) SI_UNIT ( $, .RADIAN. ) );
#391 = CARTESIAN_POINT ( 'NONE',  ( 0.8000008590875492542, 0.5289055114269292091, -0.01158019695108323914 ) ) ;
#392 = PLANE ( 'NONE',  #3905 ) ;
#393 = ORIENTED_EDGE ( 'NONE', *, *, #20, .F. ) ;
#394 = DIRECTION ( 'NONE',  ( -1.000000000000000000, 0.000000000000000000, 0.000000000000000000 ) ) ;
#395 = ORIENTED_EDGE ( 'NONE', *, *, #2436, .F. ) ;
#396 = CARTESIAN_POINT ( 'NONE',  ( 0.5842229295658094568, 0.5385600000000000387, -0.3066986769036468830 ) ) ;
#397 = DIRECTION ( 'NONE',  ( -1.000000000000000000, 0.000000000000000000, 0.000000000000000000 ) ) ;
#398 = CARTESIAN_POINT ( 'NONE',  ( 0.3239997653566430436, 0.5435600000000000431, -0.3164347461651950133 ) ) ;
#399 = FACE_OUTER_BOUND ( 'NONE', #797, .T. ) ;
#400 = LINE ( 'NONE', #56, #3901 ) ;
#401 = SURFACE_STYLE_FILL_AREA ( #3693 ) ;
#402 = ORIENTED_EDGE ( 'NONE', *, *, #3029, .F. ) ;
#403 = ADVANCED_FACE ( 'NONE', ( #3393 ), #1247, .F. ) ;
#404 = ORIENTED_EDGE ( 'NONE', *, *, #729, .T. ) ;
#405 = VERTEX_POINT ( 'NONE', #236 ) ;
#406 = CARTESIAN_POINT ( 'NONE',  ( 0.2385600000000025478, 0.01144000000000000052, -0.01144000000000000052 ) ) ;
#407 = CARTESIAN_POINT ( 'NONE',  ( 0.8114400000000001612, -2.255140518769849300E-18, -0.5385600000000001497 ) ) ;
#408 = LINE ( 'NONE', #3701, #1069 ) ;
#409 = ORIENTED_EDGE ( 'NONE', *, *, #817, .T. ) ;
#410 = LINE ( 'NONE', #3676, #4277 ) ;
#411 = CARTESIAN_POINT ( 'NONE',  ( 0.8000000000000000444, 0.5271200000000000330, -0.01143999999999982184 ) ) ;
#412 = DIRECTION ( 'NONE',  ( -0.000000000000000000, -0.000000000000000000, -1.000000000000000000 ) ) ;
#413 = EDGE_LOOP ( 'NONE', ( #4540, #554, #1271 ) ) ;
#414 =( LENGTH_UNIT ( ) NAMED_UNIT ( * ) SI_UNIT ( .MILLI., .METRE. ) );
#415 = EDGE_CURVE ( 'NONE', #4174, #2079, #212, .T. ) ;
#416 = EDGE_LOOP ( 'NONE', ( #3508, #3090, #4127 ) ) ;
#417 = CARTESIAN_POINT ( 'NONE',  ( 0.2497321521107695175, 0.5360989804523674795, -0.5342088299483063185 ) ) ;
#418 = DIRECTION ( 'NONE',  ( 1.000000000000000000, 0.000000000000000000, 0.000000000000000000 ) ) ;
#419 = DIRECTION ( 'NONE',  ( 0.2793947940878429015, 0.000000000000000000, -0.9601763114327556137 ) ) ;
#420 = VECTOR ( 'NONE', #307, 1000.000000000000000 ) ;
#421 = UNCERTAINTY_MEASURE_WITH_UNIT (LENGTH_MEASURE( 1.000000000000000082E-05 ), #4424, 'distance_accuracy_value', 'NONE');
#422 = CARTESIAN_POINT ( 'NONE',  ( 0.6365864815699425749, 0.5435600000000000431, -0.3332927487723961746 ) ) ;
#423 = DIRECTION ( 'NONE',  ( -0.000000000000000000, -1.000000000000000000, -0.000000000000000000 ) ) ;
#424 = FACE_OUTER_BOUND ( 'NONE', #3866, .T. ) ;
#425 = STYLED_ITEM ( 'NONE', ( #4244 ), #639 ) ;
#426 = FACE_OUTER_BOUND ( 'NONE', #3472, .T. ) ;
#427 = VECTOR ( 'NONE', #2329, 1000.000000000000227 ) ;
#428 = EDGE_LOOP ( 'NONE', ( #1025, #3836, #266, #3348 ) ) ;
#429 = DIRECTION ( 'NONE',  ( 1.000000000000000000, 0.000000000000000000, 0.000000000000000000 ) ) ;
#430 = EDGE_CURVE ( 'NONE', #3057, #560, #3961, .T. ) ;
#431 = CARTESIAN_POINT ( 'NONE',  ( 0.8001282076081794870, 0.01323365377589148621, -0.01661432524897012847 ) ) ;
#432 = DIRECTION ( 'NONE',  ( 0.000000000000000000, -1.000000000000000000, 0.000000000000000000 ) ) ;
#433 = CIRCLE ( 'NONE', #3602, 0.01143999999999998490 ) ;
#434 = ORIENTED_EDGE ( 'NONE', *, *, #1044, .T. ) ;
#435 = MECHANICAL_DESIGN_GEOMETRIC_PRESENTATION_REPRESENTATION (  '', ( #4361 ), #3829 ) ;
#437 = SURFACE_STYLE_USAGE ( .BOTH. , #3727 ) ;
#436 = MECHANICAL_DESIGN_GEOMETRIC_PRESENTATION_REPRESENTATION (  '', ( #2312 ), #3606 ) ;
#438 = FACE_OUTER_BOUND ( 'NONE', #76, .T. ) ;
#439 = EDGE_CURVE ( 'NONE', #2047, #649, #3108, .T. ) ;
#440 = DIRECTION ( 'NONE',  ( 1.000000000000000000, 0.000000000000000000, 0.000000000000000000 ) ) ;
#441 = DIRECTION ( 'NONE',  ( 0.000000000000000000, -1.000000000000000000, -1.971276677246371519E-16 ) ) ;
#442 = EDGE_LOOP ( 'NONE', ( #1847, #1628, #1043 ) ) ;
#443 =( NAMED_UNIT ( * ) PLANE_ANGLE_UNIT ( ) SI_UNIT ( $, .RADIAN. ) );
#444 = PRESENTATION_LAYER_ASSIGNMENT (  '', '', ( #1051 ) ) ;
#445 = MECHANICAL_DESIGN_GEOMETRIC_PRESENTATION_REPRESENTATION (  '', ( #4671 ), #4143 ) ;
#446 = ORIENTED_EDGE ( 'NONE', *, *, #1061, .T. ) ;
#447 = PRESENTATION_LAYER_ASSIGNMENT (  '', '', ( #2545 ) ) ;
#449 = EDGE_CURVE ( 'NONE', #2734, #3330, #2040, .T. ) ;
#448 = AXIS2_PLACEMENT_3D ( 'NONE', #3061, #2730, #580 ) ;
#450 = FILL_AREA_STYLE_COLOUR ( '', #4097 ) ;
#451 = AXIS2_PLACEMENT_3D ( 'NONE', #4381, #1881, #3668 ) ;
#452 = CARTESIAN_POINT ( 'NONE',  ( 0.2499999999999998890, 0.000000000000000000, -0.01143999999999982184 ) ) ;
#453 = SURFACE_STYLE_FILL_AREA ( #3340 ) ;
#454 = DIRECTION ( 'NONE',  ( 0.9610992334315843211, 0.000000000000000000, 0.2762033010252067378 ) ) ;
#455 = VECTOR ( 'NONE', #1727, 1000.000000000000000 ) ;
#456 = SURFACE_SIDE_STYLE ('',( #4553 ) ) ;
#457 = FACE_OUTER_BOUND ( 'NONE', #297, .T. ) ;
#458 = VECTOR ( 'NONE', #1651, 1000.000000000000000 ) ;
#459 = ORIENTED_EDGE ( 'NONE', *, *, #3065, .T. ) ;
#460 = CARTESIAN_POINT ( 'NONE',  ( 0.5570355646033953168, 0.5435600000000000431, -0.3200511761872956162 ) ) ;
#461 = ORIENTED_EDGE ( 'NONE', *, *, #2969, .F. ) ;
#462 = CARTESIAN_POINT ( 'NONE',  ( 0.3328304091714044954, 0.5435600000000000431, -0.3472411770317159752 ) ) ;
#463 = PRESENTATION_LAYER_ASSIGNMENT (  '', '', ( #1357 ) ) ;
#464 = LINE ( 'NONE', #486, #4465 ) ;
#465 = ORIENTED_EDGE ( 'NONE', *, *, #323, .T. ) ;
#466 = COLOUR_RGB ( '',0.7686274509803920907, 0.7686274509803920907, 0.7686274509803920907 ) ;
#467 = CARTESIAN_POINT ( 'NONE',  ( 0.2497321521107720710, 0.01579117005169446142, -0.5360989804523681457 ) ) ;
#468 = CARTESIAN_POINT ( 'NONE',  ( 0.5940503760676809630, 0.5435600000000000431, -0.3333948891977780438 ) ) ;
#469 = DIRECTION ( 'NONE',  ( -1.000000000000000000, 0.000000000000000000, 0.000000000000000000 ) ) ;
#470 = LINE ( 'NONE', #3352, #3694 ) ;
#471 = ORIENTED_EDGE ( 'NONE', *, *, #4018, .T. ) ;
#472 = FILL_AREA_STYLE_COLOUR ( '', #758 ) ;
#473 = EDGE_CURVE ( 'NONE', #2893, #4406, #579, .T. ) ;
#474 = EDGE_LOOP ( 'NONE', ( #1612, #4171, #2322, #3187, #1450, #1312 ) ) ;
#475 =( LENGTH_UNIT ( ) NAMED_UNIT ( * ) SI_UNIT ( .MILLI., .METRE. ) );
#476 = DIRECTION ( 'NONE',  ( 0.000000000000000000, -1.000000000000000000, 0.000000000000000000 ) ) ;
#477 = CARTESIAN_POINT ( 'NONE',  ( 0.8002678478892307767, 0.5360989804523675906, -0.01579117005169367732 ) ) ;
#478 = DIRECTION ( 'NONE',  ( 0.000000000000000000, -1.971276677246368561E-16, 1.000000000000000000 ) ) ;
#479 = FILL_AREA_STYLE_COLOUR ( '', #661 ) ;
#480 = DIRECTION ( 'NONE',  ( 0.000000000000000000, -1.000000000000000000, 0.000000000000000000 ) ) ;
#481 = CARTESIAN_POINT ( 'NONE',  ( 0.6365864815699425749, 0.5385600000000000387, -0.3332927487723961746 ) ) ;
#482 = ORIENTED_EDGE ( 'NONE', *, *, #3755, .T. ) ;
#483 = B_SPLINE_CURVE_WITH_KNOTS ( 'NONE', 3,
 ( #2142, #1394, #2841, #2430, #3578, #4222, #4320, #4246, #1722, #1012 ),
 .UNSPECIFIED., .F., .F.,
 ( 4, 3, 3, 4 ),
 ( 4.121840218789220872E-20, 3.807012292923546543E-06, 7.621886349124521636E-06, 8.963476866336039534E-06 ),
 .UNSPECIFIED. ) ;
#484 = ORIENTED_EDGE ( 'NONE', *, *, #4059, .T. ) ;
#485 = DIRECTION ( 'NONE',  ( 0.000000000000000000, 0.000000000000000000, -1.000000000000000000 ) ) ;
#486 = CARTESIAN_POINT ( 'NONE',  ( 0.3898580474327666967, 0.5435600000000000431, -0.3472411770317159752 ) ) ;
#487 = EDGE_LOOP ( 'NONE', ( #235, #1135, #1817, #1715 ) ) ;
#488 = CARTESIAN_POINT ( 'NONE',  ( 0.3239997653566430436, 0.5435600000000000431, -0.3164347461651950133 ) ) ;
#489 = DIRECTION ( 'NONE',  ( 4.738645858765311744E-15, -1.000000000000000000, 0.000000000000000000 ) ) ;
#490 = CARTESIAN_POINT ( 'NONE',  ( 0.6160125443964671321, 0.5435600000000000431, -0.3332927487725754756 ) ) ;
#491 = ORIENTED_EDGE ( 'NONE', *, *, #2564, .T. ) ;
#492 = DIRECTION ( 'NONE',  ( 0.000000000000000000, 1.000000000000000000, 0.000000000000000000 ) ) ;
#493 = ORIENTED_EDGE ( 'NONE', *, *, #2961, .T. ) ;
#494 = FACE_OUTER_BOUND ( 'NONE', #1841, .T. ) ;
#495 = EDGE_CURVE ( 'NONE', #1813, #3555, #502, .T. ) ;
#496 = SURFACE_STYLE_FILL_AREA ( #3736 ) ;
#497 = CLOSED_SHELL ( 'NONE', ( #915, #3733, #2244, #3046, #1149, #2653, #3574, #4558, #2297, #2889, #2426, #40, #4170, #3963, #3248, #4371, #558, #584, #1300 ) ) ;
#498 = SURFACE_STYLE_USAGE ( .BOTH. , #2740 ) ;
#499 = PRESENTATION_STYLE_ASSIGNMENT (( #4453 ) ) ;
#500 = EDGE_CURVE ( 'NONE', #560, #757, #887, .T. ) ;
#501 = DIRECTION ( 'NONE',  ( 0.2793947940814949238, 0.000000000000000000, -0.9601763114346025807 ) ) ;
#502 = CIRCLE ( 'NONE', #3137, 0.01144000000000004041 ) ;
#503 = VERTEX_POINT ( 'NONE', #1266 ) ;
#504 = LINE ( 'NONE', #2745, #658 ) ;
#505 = STYLED_ITEM ( 'NONE', ( #2939 ), #772 ) ;
#506 = ADVANCED_FACE ( 'NONE', ( #3418 ), #193, .F. ) ;
#507 = LINE ( 'NONE', #4120, #4164 ) ;
#508 = AXIS2_PLACEMENT_3D ( 'NONE', #2443, #3894, #3550 ) ;
#509 = ORIENTED_EDGE ( 'NONE', *, *, #163, .F. ) ;
#510 = DIRECTION ( 'NONE',  ( 0.9610853065513834670, 0.000000000000000000, 0.2762517575166416051 ) ) ;
#511 = LINE ( 'NONE', #1960, #1209 ) ;
#512 = MECHANICAL_DESIGN_GEOMETRIC_PRESENTATION_REPRESENTATION (  '', ( #3226 ), #3830 ) ;
#513 = DIRECTION ( 'NONE',  ( 0.000000000000000000, -1.000000000000000000, 0.000000000000000000 ) ) ;
#514 = VERTEX_POINT ( 'NONE', #2017 ) ;
#515 = FACE_OUTER_BOUND ( 'NONE', #2060, .T. ) ;
#516 = COLOUR_RGB ( '',0.7686274509803920907, 0.7686274509803920907, 0.7686274509803920907 ) ;
#517 = AXIS2_PLACEMENT_3D ( 'NONE', #3581, #23, #1844 ) ;
#518 = EDGE_LOOP ( 'NONE', ( #3844, #4259, #2347, #4549 ) ) ;
#519 = PRODUCT_DEFINITION ( 'UNKNOWN', '', #4011, #4534 ) ;
#520 = DIRECTION ( 'NONE',  ( 4.738645858765300700E-15, -1.000000000000000000, -1.971276677246371519E-16 ) ) ;
#521 = MECHANICAL_DESIGN_GEOMETRIC_PRESENTATION_REPRESENTATION (  '', ( #4588 ), #672 ) ;
#522 = LINE ( 'NONE', #1969, #2804 ) ;
#523 = COLOUR_RGB ( '',0.7686274509803920907, 0.7686274509803920907, 0.7686274509803920907 ) ;
#524 = UNCERTAINTY_MEASURE_WITH_UNIT (LENGTH_MEASURE( 1.000000000000000082E-05 ), #2423, 'distance_accuracy_value', 'NONE');
#525 = AXIS2_PLACEMENT_3D ( 'NONE', #2273, #4104, #2018 ) ;
#526 = DIRECTION ( 'NONE',  ( 0.000000000000000000, 1.000000000000000000, 1.971276677246371519E-16 ) ) ;
#527 =( NAMED_UNIT ( * ) PLANE_ANGLE_UNIT ( ) SI_UNIT ( $, .RADIAN. ) );
#528 = DIRECTION ( 'NONE',  ( 1.000000000000000000, 0.000000000000000000, 0.000000000000000000 ) ) ;
#529 = B_SPLINE_CURVE_WITH_KNOTS ( 'NONE', 3,
 ( #4363, #798, #1131, #776, #2944, #3746, #467, #848, #43, #72 ),
 .UNSPECIFIED., .F., .F.,
 ( 4, 3, 3, 4 ),
 ( 0.000000000000000000, 3.807012292923535955E-06, 7.621886349124515707E-06, 8.963476866336053087E-06 ),
 .UNSPECIFIED. ) ;
#530 = FACE_OUTER_BOUND ( 'NONE', #1449, .T. ) ;
#531 = EDGE_CURVE ( 'NONE', #4090, #609, #2000, .T. ) ;
#532 = ORIENTED_EDGE ( 'NONE', *, *, #1947, .F. ) ;
#533 = PRESENTATION_LAYER_ASSIGNMENT (  '', '', ( #1212 ) ) ;
#534 = CARTESIAN_POINT ( 'NONE',  ( 1.050000000000000044, 0.000000000000000000, -0.5500000000000001554 ) ) ;
#535 = FACE_OUTER_BOUND ( 'NONE', #1328, .T. ) ;
#536 = DIRECTION ( 'NONE',  ( 0.000000000000000000, -1.000000000000000000, 0.000000000000000000 ) ) ;
#537 = VECTOR ( 'NONE', #4034, 1000.000000000000000 ) ;
#538 = ORIENTED_EDGE ( 'NONE', *, *, #4472, .T. ) ;
#539 = DIRECTION ( 'NONE',  ( 0.000000000000000000, 0.000000000000000000, 1.000000000000000000 ) ) ;
#540 = CARTESIAN_POINT ( 'NONE',  ( 0.8000175502720718868, 0.5308739036180319948, -0.5379265631736704911 ) ) ;
#541 =( NAMED_UNIT ( * ) SI_UNIT ( $, .STERADIAN. ) SOLID_ANGLE_UNIT ( ) );
#542 = DIRECTION ( 'NONE',  ( -0.7059037656364478552, 0.000000000000000000, 0.7083077534943993392 ) ) ;
#543 =( GEOMETRIC_REPRESENTATION_CONTEXT ( 3 ) GLOBAL_UNCERTAINTY_ASSIGNED_CONTEXT ( ( #3445 ) ) GLOBAL_UNIT_ASSIGNED_CONTEXT ( ( #4382, #1120, #767 ) ) REPRESENTATION_CONTEXT ( 'NONE', 'WORKASPACE' ) );
#544 = ORIENTED_EDGE ( 'NONE', *, *, #614, .F. ) ;
#545 = PRESENTATION_LAYER_ASSIGNMENT (  '', '', ( #2566 ) ) ;
#546 = CARTESIAN_POINT ( 'NONE',  ( 0.7999944619549805847, 0.5383429032573479045, -0.02032463685444586832 ) ) ;
#547 = DIRECTION ( 'NONE',  ( -0.000000000000000000, 0.000000000000000000, 1.000000000000000000 ) ) ;
#548 = PRESENTATION_STYLE_ASSIGNMENT (( #498 ) ) ;
#549 = DIRECTION ( 'NONE',  ( -1.000000000000000000, -1.971276677246371272E-16, -0.000000000000000000 ) ) ;
#550 = CARTESIAN_POINT ( 'NONE',  ( 0.2498717923918208073, 0.5333856747510298257, -0.5367663462241084593 ) ) ;
#551 = ORIENTED_EDGE ( 'NONE', *, *, #1540, .T. ) ;
#552 = FACE_OUTER_BOUND ( 'NONE', #2518, .T. ) ;
#553 = ADVANCED_FACE ( 'NONE', ( #1647 ), #3083, .T. ) ;
#554 = ORIENTED_EDGE ( 'NONE', *, *, #4434, .T. ) ;
#555 = DIRECTION ( 'NONE',  ( 0.000000000000000000, 0.000000000000000000, 1.000000000000000000 ) ) ;
#556 = CARTESIAN_POINT ( 'NONE',  ( 0.8000960386105356870, 0.5332209120377450207, -0.5368789333777588269 ) ) ;
#557 = DIRECTION ( 'NONE',  ( 1.000000000000000000, 0.000000000000000000, 0.000000000000000000 ) ) ;
#558 = ADVANCED_FACE ( 'NONE', ( #1765 ), #1747, .F. ) ;
#559 = LINE ( 'NONE', #4128, #2178 ) ;
#560 = VERTEX_POINT ( 'NONE', #3152 ) ;
#561 = SURFACE_SIDE_STYLE ('',( #2007 ) ) ;
#562 = CARTESIAN_POINT ( 'NONE',  ( 0.3390295641239804425, 0.5435600000000000431, -0.2750000000000000222 ) ) ;
#563 = ORIENTED_EDGE ( 'NONE', *, *, #1959, .T. ) ;
#564 = DIRECTION ( 'NONE',  ( 0.000000000000000000, -1.000000000000000000, 0.000000000000000000 ) ) ;
#565 = EDGE_CURVE ( 'NONE', #1350, #2734, #4266, .T. ) ;
#566 = UNCERTAINTY_MEASURE_WITH_UNIT (LENGTH_MEASURE( 1.000000000000000082E-05 ), #329, 'distance_accuracy_value', 'NONE');
#567 = FILL_AREA_STYLE ('',( #3053 ) ) ;
#568 = PRESENTATION_STYLE_ASSIGNMENT (( #3802 ) ) ;
#569 = CARTESIAN_POINT ( 'NONE',  ( 0.2497523944228078885, 0.5343798165902121644, -0.5360387865633361448 ) ) ;
#570 =( GEOMETRIC_REPRESENTATION_CONTEXT ( 3 ) GLOBAL_UNCERTAINTY_ASSIGNED_CONTEXT ( ( #3688 ) ) GLOBAL_UNIT_ASSIGNED_CONTEXT ( ( #3549, #4633, #809 ) ) REPRESENTATION_CONTEXT ( 'NONE', 'WORKASPACE' ) );
#571 = ORIENTED_EDGE ( 'NONE', *, *, #35, .F. ) ;
#572 = PRESENTATION_STYLE_ASSIGNMENT (( #1600 ) ) ;
#573 = VECTOR ( 'NONE', #2601, 1000.000000000000114 ) ;
#574 = DIRECTION ( 'NONE',  ( -0.000000000000000000, 1.000000000000000000, 0.000000000000000000 ) ) ;
#575 = FILL_AREA_STYLE_COLOUR ( '', #4388 ) ;
#576 = VECTOR ( 'NONE', #823, 1000.000000000000000 ) ;
#577 = VERTEX_POINT ( 'NONE', #4334 ) ;
#578 = ADVANCED_FACE ( 'NONE', ( #3928 ), #1784, .F. ) ;
#579 = LINE ( 'NONE', #2676, #2520 ) ;
#580 = DIRECTION ( 'NONE',  ( 0.000000000000000000, 0.000000000000000000, -1.000000000000000000 ) ) ;
#581 = DIRECTION ( 'NONE',  ( -1.000000000000000000, 0.000000000000000000, 0.000000000000000000 ) ) ;
#582 = COLOUR_RGB ( '',0.7686274509803920907, 0.7686274509803920907, 0.7686274509803920907 ) ;
#583 = ORIENTED_EDGE ( 'NONE', *, *, #3876, .F. ) ;
#584 = ADVANCED_FACE ( 'NONE', ( #1103 ), #1420, .T. ) ;
#585 = STYLED_ITEM ( 'NONE', ( #3191 ), #931 ) ;
#586 = LINE ( 'NONE', #683, #593 ) ;
#587 = CARTESIAN_POINT ( 'NONE',  ( 0.4810162901235165989, 0.5385600000000000387, -0.2749999999999999667 ) ) ;
#588 = AXIS2_PLACEMENT_3D ( 'NONE', #4139, #3096, #2303 ) ;
#589 = PRESENTATION_LAYER_ASSIGNMENT (  '', '', ( #2615 ) ) ;
#590 = EDGE_CURVE ( 'NONE', #2696, #1372, #3178, .T. ) ;
#591 = PLANE ( 'NONE',  #808 ) ;
#592 = AXIS2_PLACEMENT_3D ( 'NONE', #3068, #3845, #897 ) ;
#593 = VECTOR ( 'NONE', #3114, 1000.000000000000000 ) ;
#594 = DIRECTION ( 'NONE',  ( 0.000000000000000000, -1.000000000000000000, 0.000000000000000000 ) ) ;
#595 = CARTESIAN_POINT ( 'NONE',  ( 0.4393219096453854222, 0.5385600000000000387, -0.3334904399182307966 ) ) ;
#596 = AXIS2_PLACEMENT_3D ( 'NONE', #1699, #4571, #2063 ) ;
#597 = AXIS2_PLACEMENT_3D ( 'NONE', #3729, #489, #1937 ) ;
#598 = LINE ( 'NONE', #1711, #4275 ) ;
#599 = DIRECTION ( 'NONE',  ( 0.000000000000000000, -1.000000000000000000, 0.000000000000000000 ) ) ;
#600 = MECHANICAL_DESIGN_GEOMETRIC_PRESENTATION_REPRESENTATION (  '', ( #1664 ), #4524 ) ;
#601 =( GEOMETRIC_REPRESENTATION_CONTEXT ( 3 ) GLOBAL_UNCERTAINTY_ASSIGNED_CONTEXT ( ( #2491 ) ) GLOBAL_UNIT_ASSIGNED_CONTEXT ( ( #22, #3705, #1843 ) ) REPRESENTATION_CONTEXT ( 'NONE', 'WORKASPACE' ) );
#602 = DIRECTION ( 'NONE',  ( 0.000000000000000000, -1.000000000000000000, 0.000000000000000000 ) ) ;
#603 = CARTESIAN_POINT ( 'NONE',  ( 1.038560000000000150, 0.5385600000000000387, -0.5385600000000000387 ) ) ;
#604 = MECHANICAL_DESIGN_GEOMETRIC_PRESENTATION_REPRESENTATION (  '', ( #3468 ), #2641 ) ;
#605 = ORIENTED_EDGE ( 'NONE', *, *, #3673, .T. ) ;
#606 = CARTESIAN_POINT ( 'NONE',  ( 0.2385600000000000498, 0.5385600000000000387, -0.5385600000000000387 ) ) ;
#607 = FILL_AREA_STYLE_COLOUR ( '', #1587 ) ;
#608 = AXIS2_PLACEMENT_3D ( 'NONE', #2999, #4442, #4488 ) ;
#609 = VERTEX_POINT ( 'NONE', #1027 ) ;
#610 = AXIS2_PLACEMENT_3D ( 'NONE', #2606, #3710, #122 ) ;
#611 = CARTESIAN_POINT ( 'NONE',  ( 0.3447511851896571389, 0.5435600000000000431, -0.3142249984713705868 ) ) ;
#612 = DIRECTION ( 'NONE',  ( 0.000000000000000000, 0.000000000000000000, -1.000000000000000000 ) ) ;
#613 = ORIENTED_EDGE ( 'NONE', *, *, #2753, .F. ) ;
#614 = EDGE_CURVE ( 'NONE', #2993, #4192, #3947, .T. ) ;
#615 = UNCERTAINTY_MEASURE_WITH_UNIT (LENGTH_MEASURE( 1.000000000000000082E-05 ), #3816, 'distance_accuracy_value', 'NONE');
#616 = UNCERTAINTY_MEASURE_WITH_UNIT (LENGTH_MEASURE( 1.000000000000000082E-05 ), #4366, 'distance_accuracy_value', 'NONE');
#617 = CARTESIAN_POINT ( 'NONE',  ( 0.6198314980147041631, 0.5385600000000000387, -0.2750000000000000222 ) ) ;
#618 = AXIS2_PLACEMENT_3D ( 'NONE', #4612, #1303, #4186 ) ;
#619 =( NAMED_UNIT ( * ) PLANE_ANGLE_UNIT ( ) SI_UNIT ( $, .RADIAN. ) );
#620 = CARTESIAN_POINT ( 'NONE',  ( 0.5236253216929230847, 0.5435600000000000431, -0.2749999999999999667 ) ) ;
#621 = CIRCLE ( 'NONE', #3338, 0.01144000000000000052 ) ;
#622 = ORIENTED_EDGE ( 'NONE', *, *, #1227, .T. ) ;
#623 = CARTESIAN_POINT ( 'NONE',  ( 0.8000175502720718868, 0.01207343682632965737, -0.5308739036180321058 ) ) ;
#624 = PLANE ( 'NONE',  #1723 ) ;
#625 = LINE ( 'NONE', #119, #3312 ) ;
#626 = CARTESIAN_POINT ( 'NONE',  ( 0.2499912337617047342, 0.01214617919449539896, -0.5312535179385917683 ) ) ;
#627 = CARTESIAN_POINT ( 'NONE',  ( 0.5609454561485863744, 0.5435600000000000431, -0.3334880236930360398 ) ) ;
#628 = ADVANCED_FACE ( 'NONE', ( #4317 ), #270, .F. ) ;
#629 = VERTEX_POINT ( 'NONE', #2139 ) ;
#630 = ORIENTED_EDGE ( 'NONE', *, *, #1330, .T. ) ;
#631 = DIRECTION ( 'NONE',  ( -1.000000000000000000, 0.000000000000000000, 0.000000000000000000 ) ) ;
#632 = DIRECTION ( 'NONE',  ( 1.000000000000000000, 0.000000000000000000, 0.000000000000000000 ) ) ;
#633 = FACE_OUTER_BOUND ( 'NONE', #2507, .T. ) ;
#634 = ORIENTED_EDGE ( 'NONE', *, *, #265, .F. ) ;
#635 = SURFACE_STYLE_FILL_AREA ( #964 ) ;
#636 = FILL_AREA_STYLE ('',( #3868 ) ) ;
#637 = DIRECTION ( 'NONE',  ( -3.405901710987559656E-15, 0.000000000000000000, 1.000000000000000000 ) ) ;
#638 = DIRECTION ( 'NONE',  ( 4.738645858765300700E-15, -1.000000000000000000, 0.000000000000000000 ) ) ;
#639 = ADVANCED_FACE ( 'NONE', ( #3599 ), #2477, .F. ) ;
#640 = CARTESIAN_POINT ( 'NONE',  ( 0.2494983006540904547, 0.5352093015767742656, -0.01479069842322589153 ) ) ;
#641 = PLANE ( 'NONE',  #1121 ) ;
#642 = SURFACE_STYLE_USAGE ( .BOTH. , #2011 ) ;
#643 = SURFACE_SIDE_STYLE ('',( #4236 ) ) ;
#644 = EDGE_CURVE ( 'NONE', #867, #752, #3576, .T. ) ;
#645 = SURFACE_STYLE_FILL_AREA ( #1412 ) ;
#646 = DIRECTION ( 'NONE',  ( 0.2762033010289141055, 0.000000000000000000, -0.9610992334305189511 ) ) ;
#647 =( NAMED_UNIT ( * ) SI_UNIT ( $, .STERADIAN. ) SOLID_ANGLE_UNIT ( ) );
#648 = FACE_OUTER_BOUND ( 'NONE', #1203, .T. ) ;
#649 = VERTEX_POINT ( 'NONE', #770 ) ;
#651 = EDGE_CURVE ( 'NONE', #609, #4342, #2268, .T. ) ;
#650 =( NAMED_UNIT ( * ) PLANE_ANGLE_UNIT ( ) SI_UNIT ( $, .RADIAN. ) );
#652 = AXIS2_PLACEMENT_3D ( 'NONE', #3121, #2120, #1739 ) ;
#653 = CARTESIAN_POINT ( 'NONE',  ( 0.8000087662382979747, 0.01874648206140863346, -0.5378538208055049230 ) ) ;
#654 = SPHERICAL_SURFACE ( 'NONE', #3251, 0.01144000000000000052 ) ;
#655 = VECTOR ( 'NONE', #3824, 1000.000000000000000 ) ;
#656 = ORIENTED_EDGE ( 'NONE', *, *, #698, .F. ) ;
#657 = CYLINDRICAL_SURFACE ( 'NONE', #3009, 0.01144000000000000052 ) ;
#658 = VECTOR ( 'NONE', #1668, 1000.000000000000114 ) ;
#659 = SURFACE_SIDE_STYLE ('',( #2067 ) ) ;
#660 = FILL_AREA_STYLE_COLOUR ( '', #2252 ) ;
#661 = COLOUR_RGB ( '',0.7686274509803920907, 0.7686274509803920907, 0.7686274509803920907 ) ;
#662 = ORIENTED_EDGE ( 'NONE', *, *, #4573, .F. ) ;
#663 = CARTESIAN_POINT ( 'NONE',  ( 0.8000000000000000444, 0.5385600000000000387, -0.01143999999999982184 ) ) ;
#664 = CARTESIAN_POINT ( 'NONE',  ( 1.038560000000000150, 0.5385600000000000387, 0.000000000000000000 ) ) ;
#665 = CARTESIAN_POINT ( 'NONE',  ( 0.4965737046504550833, 0.5385600000000000387, -0.2749999999999999667 ) ) ;
#666 = FILL_AREA_STYLE ('',( #2833 ) ) ;
#667 = PRESENTATION_LAYER_ASSIGNMENT (  '', '', ( #4361 ) ) ;
#668 = STYLED_ITEM ( 'NONE', ( #2457 ), #1382 ) ;
#669 = FILL_AREA_STYLE_COLOUR ( '', #1556 ) ;
#670 = CARTESIAN_POINT ( 'NONE',  ( 0.2500000000000000555, 0.01144000000000004041, -0.02287999999999986225 ) ) ;
#671 = CARTESIAN_POINT ( 'NONE',  ( 0.2500002828886823125, 0.01148701926854509350, -0.5283158263398681775 ) ) ;
#672 =( GEOMETRIC_REPRESENTATION_CONTEXT ( 3 ) GLOBAL_UNCERTAINTY_ASSIGNED_CONTEXT ( ( #616 ) ) GLOBAL_UNIT_ASSIGNED_CONTEXT ( ( #4366, #4415, #3302 ) ) REPRESENTATION_CONTEXT ( 'NONE', 'WORKASPACE' ) );
#673 = LINE ( 'NONE', #2473, #991 ) ;
#674 = AXIS2_PLACEMENT_3D ( 'NONE', #3571, #328, #1780 ) ;
#675 = EDGE_CURVE ( 'NONE', #4479, #37, #843, .T. ) ;
#676 = ORIENTED_EDGE ( 'NONE', *, *, #2418, .T. ) ;
#677 = AXIS2_PLACEMENT_3D ( 'NONE', #17, #1104, #1839 ) ;
#679 = SURFACE_STYLE_FILL_AREA ( #1720 ) ;
#678 = VECTOR ( 'NONE', #2384, 1000.000000000000114 ) ;
#680 = CARTESIAN_POINT ( 'NONE',  ( 0.7999999999999819478, 0.02228299758247082735, -0.5385600000000011489 ) ) ;
#681 = ORIENTED_EDGE ( 'NONE', *, *, #4422, .F. ) ;
#682 = MECHANICAL_DESIGN_GEOMETRIC_PRESENTATION_REPRESENTATION (  '', ( #982 ), #2715 ) ;
#683 = CARTESIAN_POINT ( 'NONE',  ( 0.2500000000000000555, 0.01144000000000004041, -0.5500000000000001554 ) ) ;
#684 = LINE ( 'NONE', #25, #4225 ) ;
#685 = PRESENTATION_LAYER_ASSIGNMENT (  '', '', ( #3919 ) ) ;
#686 = ORIENTED_EDGE ( 'NONE', *, *, #3740, .F. ) ;
#687 = DIRECTION ( 'NONE',  ( 4.738645858765300700E-15, -1.000000000000000000, -1.971276677246371519E-16 ) ) ;
#688 = CARTESIAN_POINT ( 'NONE',  ( 0.6198314980147041631, 0.5435600000000000431, -0.2750000000000000222 ) ) ;
#689 = DIRECTION ( 'NONE',  ( 0.4668459304955246969, 0.000000000000000000, -0.8843386665637592570 ) ) ;
#690 = PRESENTATION_LAYER_ASSIGNMENT (  '', '', ( #3336 ) ) ;
#691 = CARTESIAN_POINT ( 'NONE',  ( -0.03523422370148591998, 0.5385599999999998166, -0.03206080628335764016 ) ) ;
#692 = LINE ( 'NONE', #1440, #2777 ) ;
#693 = PLANE ( 'NONE',  #3390 ) ;
#694 = CARTESIAN_POINT ( 'NONE',  ( 0.2498315286624166742, 0.01370288082993920131, -0.5362971191700608431 ) ) ;
#695 = ORIENTED_EDGE ( 'NONE', *, *, #323, .F. ) ;
#696 = ORIENTED_EDGE ( 'NONE', *, *, #216, .T. ) ;
#697 = CARTESIAN_POINT ( 'NONE',  ( 0.2499999999999998890, 0.000000000000000000, -0.5385600000000002607 ) ) ;
#698 = EDGE_CURVE ( 'NONE', #1571, #3233, #2575, .T. ) ;
#699 = FILL_AREA_STYLE_COLOUR ( '', #1807 ) ;
#700 = CARTESIAN_POINT ( 'NONE',  ( 0.2385600000000000498, 0.5385600000000000387, -0.01144000000000000052 ) ) ;
#701 = ORIENTED_EDGE ( 'NONE', *, *, #2950, .T. ) ;
#702 = EDGE_CURVE ( 'NONE', #1223, #2893, #2216, .T. ) ;
#703 = FACE_OUTER_BOUND ( 'NONE', #2582, .T. ) ;
#704 = SURFACE_STYLE_FILL_AREA ( #1399 ) ;
#705 = ORIENTED_EDGE ( 'NONE', *, *, #2189, .F. ) ;
#706 = DIRECTION ( 'NONE',  ( 1.000000000000000000, 0.000000000000000000, 3.405901710987559262E-15 ) ) ;
#707 = ORIENTED_EDGE ( 'NONE', *, *, #4115, .F. ) ;
#708 = DIRECTION ( 'NONE',  ( 0.2755520632520533364, 0.000000000000000000, -0.9612861490927331332 ) ) ;
#709 = ADVANCED_FACE ( 'NONE', ( #4046 ), #815, .F. ) ;
#710 = UNCERTAINTY_MEASURE_WITH_UNIT (LENGTH_MEASURE( 1.000000000000000082E-05 ), #243, 'distance_accuracy_value', 'NONE');
#711 = CARTESIAN_POINT ( 'NONE',  ( 0.3898580474327666967, 0.5435600000000000431, -0.3472411770317159752 ) ) ;
#712 = DIRECTION ( 'NONE',  ( -0.4668459304955246414, 0.000000000000000000, 0.8843386665637592570 ) ) ;
#713 = CARTESIAN_POINT ( 'NONE',  ( 0.3122608651344602748, 0.5385600000000000387, -0.3472411770317159752 ) ) ;
#714 = CARTESIAN_POINT ( 'NONE',  ( 0.01143999999999993113, 0.01144000000000000052, 0.000000000000000000 ) ) ;
#715 = PRESENTATION_STYLE_ASSIGNMENT (( #3943 ) ) ;
#716 = SURFACE_STYLE_FILL_AREA ( #3968 ) ;
#717 = ORIENTED_EDGE ( 'NONE', *, *, #1562, .T. ) ;
#718 = EDGE_CURVE ( 'NONE', #1036, #3485, #134, .T. ) ;
#719 = ORIENTED_EDGE ( 'NONE', *, *, #1466, .T. ) ;
#720 = DIRECTION ( 'NONE',  ( 0.000000000000000000, 0.000000000000000000, 1.000000000000000000 ) ) ;
#721 = CARTESIAN_POINT ( 'NONE',  ( 0.2499593366536779215, 0.5320737292624467818, -0.01249022334348523153 ) ) ;
#722 = DIRECTION ( 'NONE',  ( -0.000000000000000000, 1.000000000000000000, -0.000000000000000000 ) ) ;
#723 = ADVANCED_FACE ( 'NONE', ( #2912 ), #4357, .F. ) ;
#724 = VERTEX_POINT ( 'NONE', #460 ) ;
#725 = FACE_OUTER_BOUND ( 'NONE', #4162, .T. ) ;
#726 = CARTESIAN_POINT ( 'NONE',  ( 0.01144000000000000052, 0.01144000000000000052, -0.5385600000000001497 ) ) ;
#727 = CARTESIAN_POINT ( 'NONE',  ( 0.4432274080541009353, 0.5435600000000000431, -0.3472411770317159752 ) ) ;
#728 = AXIS2_PLACEMENT_3D ( 'NONE', #4152, #4220, #3435 ) ;
#729 = EDGE_CURVE ( 'NONE', #827, #3467, #1123, .T. ) ;
#730 = ORIENTED_EDGE ( 'NONE', *, *, #4419, .F. ) ;
#731 = PRESENTATION_LAYER_ASSIGNMENT (  '', '', ( #505 ) ) ;
#732 = CARTESIAN_POINT ( 'NONE',  ( 0.2500000000000000555, 0.5385600000000000387, -0.5271200000000001440 ) ) ;
#733 =( NAMED_UNIT ( * ) SI_UNIT ( $, .STERADIAN. ) SOLID_ANGLE_UNIT ( ) );
#734 = DIRECTION ( 'NONE',  ( 0.7083077534943994502, 0.000000000000000000, 0.7059037656364478552 ) ) ;
#735 =( GEOMETRIC_REPRESENTATION_CONTEXT ( 3 ) GLOBAL_UNCERTAINTY_ASSIGNED_CONTEXT ( ( #6 ) ) GLOBAL_UNIT_ASSIGNED_CONTEXT ( ( #2283, #527, #1972 ) ) REPRESENTATION_CONTEXT ( 'NONE', 'WORKASPACE' ) );
#736 = EDGE_CURVE ( 'NONE', #4665, #2744, #4385, .T. ) ;
#737 = CARTESIAN_POINT ( 'NONE',  ( 1.038560000000000150, 0.000000000000000000, -0.01144000000000000052 ) ) ;
#738 = SURFACE_STYLE_USAGE ( .BOTH. , #1906 ) ;
#739 = COLOUR_RGB ( '',0.7686274509803920907, 0.7686274509803920907, 0.7686274509803920907 ) ;
#740 = PLANE ( 'NONE',  #231 ) ;
#741 = DIRECTION ( 'NONE',  ( -1.000000000000000000, 0.000000000000000000, 0.000000000000000000 ) ) ;
#742 = SURFACE_STYLE_USAGE ( .BOTH. , #2571 ) ;
#743 = COLOUR_RGB ( '',0.7686274509803920907, 0.7686274509803920907, 0.7686274509803920907 ) ;
#744 = VECTOR ( 'NONE', #3608, 1000.000000000000000 ) ;
#745 = VERTEX_POINT ( 'NONE', #4408 ) ;
#746 =( NAMED_UNIT ( * ) PLANE_ANGLE_UNIT ( ) SI_UNIT ( $, .RADIAN. ) );
#747 = COLOUR_RGB ( '',0.7686274509803920907, 0.7686274509803920907, 0.7686274509803920907 ) ;
#748 = DIRECTION ( 'NONE',  ( 1.539402763017534783E-15, 0.000000000000000000, -1.000000000000000000 ) ) ;
#749 = FACE_OUTER_BOUND ( 'NONE', #1175, .T. ) ;
#750 = CIRCLE ( 'NONE', #3388, 0.01144000000000000052 ) ;
#751 = STYLED_ITEM ( 'NONE', ( #2579 ), #1836 ) ;
#752 = VERTEX_POINT ( 'NONE', #3629 ) ;
#753 = DIRECTION ( 'NONE',  ( 1.000000000000000000, -0.000000000000000000, -0.000000000000000000 ) ) ;
#754 =( LENGTH_UNIT ( ) NAMED_UNIT ( * ) SI_UNIT ( .MILLI., .METRE. ) );
#755 = ORIENTED_EDGE ( 'NONE', *, *, #3987, .F. ) ;
#756 = MECHANICAL_DESIGN_GEOMETRIC_PRESENTATION_REPRESENTATION (  '', ( #1425 ), #234 ) ;
#757 = VERTEX_POINT ( 'NONE', #62 ) ;
#758 = COLOUR_RGB ( '',0.7686274509803920907, 0.7686274509803920907, 0.7686274509803920907 ) ;
#759 = CARTESIAN_POINT ( 'NONE',  ( 0.2494983006540904547, 0.5352093015767741546, -0.5352093015767742656 ) ) ;
#760 = SURFACE_SIDE_STYLE ('',( #3357 ) ) ;
#761 = EDGE_CURVE ( 'NONE', #239, #3259, #2964, .T. ) ;
#762 = DIRECTION ( 'NONE',  ( 0.000000000000000000, 1.480826830864156222E-16, -1.000000000000000000 ) ) ;
#763 = DIRECTION ( 'NONE',  ( 0.4668459304955246969, 0.000000000000000000, -0.8843386665637592570 ) ) ;
#764 = COLOUR_RGB ( '',0.7686274509803920907, 0.7686274509803920907, 0.7686274509803920907 ) ;
#765 = CARTESIAN_POINT ( 'NONE',  ( 0.2499316151976924416, 0.01768222662350821608, -0.01268898670756256689 ) ) ;
#766 = CARTESIAN_POINT ( 'NONE',  ( 0.2385600000000000498, 0.5385600000000000387, -0.01144000000000004041 ) ) ;
#767 =( NAMED_UNIT ( * ) SI_UNIT ( $, .STERADIAN. ) SOLID_ANGLE_UNIT ( ) );
#768 = COLOUR_RGB ( '',0.7686274509803920907, 0.7686274509803920907, 0.7686274509803920907 ) ;
#769 = ORIENTED_EDGE ( 'NONE', *, *, #4566, .F. ) ;
#770 = CARTESIAN_POINT ( 'NONE',  ( 0.3547016395733397220, 0.5385600000000000387, -0.3472411770317159752 ) ) ;
#771 = ORIENTED_EDGE ( 'NONE', *, *, #1624, .T. ) ;
#772 = ADVANCED_FACE ( 'NONE', ( #4431 ), #1544, .T. ) ;
#773 = CARTESIAN_POINT ( 'NONE',  ( 0.2497321521107695730, 0.5342088299483060965, -0.01390101954763236711 ) ) ;
#774 = DIRECTION ( 'NONE',  ( 1.000000000000000000, 0.000000000000000000, 0.000000000000000000 ) ) ;
#775 = VERTEX_POINT ( 'NONE', #1244 ) ;
#776 = CARTESIAN_POINT ( 'NONE',  ( 0.2499824497279307667, 0.01912609638196845208, -0.5379265631736706021 ) ) ;
#777 = CARTESIAN_POINT ( 'NONE',  ( 0.3986880322765967710, 0.5435600000000000431, -0.3066986769037985394 ) ) ;
#778 = FACE_OUTER_BOUND ( 'NONE', #2428, .T. ) ;
#779 = LINE ( 'NONE', #2203, #4520 ) ;
#780 = ORIENTED_EDGE ( 'NONE', *, *, #1421, .F. ) ;
#781 = SURFACE_STYLE_USAGE ( .BOTH. , #3659 ) ;
#782 = VERTEX_POINT ( 'NONE', #207 ) ;
#783 = CARTESIAN_POINT ( 'NONE',  ( 0.2385600000000000498, 0.5385600000000000387, 0.000000000000000000 ) ) ;
#784 = CARTESIAN_POINT ( 'NONE',  ( 1.038560000000000150, 0.01144000000000000052, -0.01144000000000000052 ) ) ;
#785 = ADVANCED_FACE ( 'NONE', ( #3122 ), #2035, .F. ) ;
#786 = PRESENTATION_STYLE_ASSIGNMENT (( #3285 ) ) ;
#787 = FILL_AREA_STYLE ('',( #479 ) ) ;
#788 = CARTESIAN_POINT ( 'NONE',  ( 0.2500000000000000555, 0.5385600000000000387, -0.5385600000000002607 ) ) ;
#789 = LINE ( 'NONE', #1489, #4370 ) ;
#790 = CARTESIAN_POINT ( 'NONE',  ( 1.050000000000000044, 0.5500000000000000444, 0.000000000000000000 ) ) ;
#791 = SURFACE_STYLE_FILL_AREA ( #1490 ) ;
#792 = ORIENTED_EDGE ( 'NONE', *, *, #3980, .T. ) ;
#793 = DIRECTION ( 'NONE',  ( -0.9610674221107062820, 0.000000000000000000, -0.2763139702539153530 ) ) ;
#794 = ORIENTED_EDGE ( 'NONE', *, *, #3529, .F. ) ;
#795 =( NAMED_UNIT ( * ) SI_UNIT ( $, .STERADIAN. ) SOLID_ANGLE_UNIT ( ) );
#796 = EDGE_CURVE ( 'NONE', #331, #2522, #504, .T. ) ;
#797 = EDGE_LOOP ( 'NONE', ( #4024, #908, #2711, #3148 ) ) ;
#798 = CARTESIAN_POINT ( 'NONE',  ( 0.2499999999999998890, 0.02161099590235885867, -0.5385600000000002607 ) ) ;
#799 = DIRECTION ( 'NONE',  ( 0.000000000000000000, 0.000000000000000000, 1.000000000000000000 ) ) ;
#800 = DIRECTION ( 'NONE',  ( -1.000000000000000000, 0.000000000000000000, 0.000000000000000000 ) ) ;
#801 = ORIENTED_EDGE ( 'NONE', *, *, #4049, .F. ) ;
#802 = MANIFOLD_SOLID_BREP ( 'Scale1[2]', #1636 ) ;
#803 = ORIENTED_EDGE ( 'NONE', *, *, #1378, .F. ) ;
#804 = LINE ( 'NONE', #1114, #287 ) ;
#805 = MECHANICAL_DESIGN_GEOMETRIC_PRESENTATION_REPRESENTATION (  '', ( #3290 ), #3669 ) ;
#806 = EDGE_CURVE ( 'NONE', #2279, #1859, #3479, .T. ) ;
#807 = DIRECTION ( 'NONE',  ( -0.000000000000000000, -0.000000000000000000, 1.000000000000000000 ) ) ;
#808 = AXIS2_PLACEMENT_3D ( 'NONE', #1706, #3095, #3165 ) ;
#809 =( NAMED_UNIT ( * ) SI_UNIT ( $, .STERADIAN. ) SOLID_ANGLE_UNIT ( ) );
#810 = DIRECTION ( 'NONE',  ( 0.000000000000000000, 0.000000000000000000, 1.000000000000000000 ) ) ;
#811 = MECHANICAL_DESIGN_GEOMETRIC_PRESENTATION_REPRESENTATION (  '', ( #2077 ), #278 ) ;
#812 = SPHERICAL_SURFACE ( 'NONE', #2802, 0.01144000000000000052 ) ;
#813 = VECTOR ( 'NONE', #4188, 1000.000000000000000 ) ;
#814 = ORIENTED_EDGE ( 'NONE', *, *, #1204, .F. ) ;
#815 = PLANE ( 'NONE',  #3595 ) ;
#816 = CARTESIAN_POINT ( 'NONE',  ( 0.3120420868753917554, 0.5435600000000000431, -0.2749999999999999667 ) ) ;
#817 = EDGE_CURVE ( 'NONE', #4606, #1110, #3079, .T. ) ;
#818 = CARTESIAN_POINT ( 'NONE',  ( 0.2500000000000000555, 0.5271199999999999219, -0.02287999999999986225 ) ) ;
#819 = AXIS2_PLACEMENT_3D ( 'NONE', #1921, #4445, #1632 ) ;
#820 = VERTEX_POINT ( 'NONE', #2308 ) ;
#821 = AXIS2_PLACEMENT_3D ( 'NONE', #2296, #3051, #2369 ) ;
#823 = DIRECTION ( 'NONE',  ( 4.738645858765300700E-15, -1.000000000000000000, -1.971276677246371519E-16 ) ) ;
#822 = VECTOR ( 'NONE', #520, 1000.000000000000000 ) ;
#824 = DIRECTION ( 'NONE',  ( -0.000000000000000000, 1.000000000000000000, 0.000000000000000000 ) ) ;
#825 = FACE_OUTER_BOUND ( 'NONE', #2778, .T. ) ;
#826 = DIRECTION ( 'NONE',  ( 0.000000000000000000, 1.971276677246364863E-16, -1.000000000000000000 ) ) ;
#827 = VERTEX_POINT ( 'NONE', #3806 ) ;
#828 =( GEOMETRIC_REPRESENTATION_CONTEXT ( 3 ) GLOBAL_UNCERTAINTY_ASSIGNED_CONTEXT ( ( #4202 ) ) GLOBAL_UNIT_ASSIGNED_CONTEXT ( ( #3186, #2825, #46 ) ) REPRESENTATION_CONTEXT ( 'NONE', 'WORKASPACE' ) );
#829 =( GEOMETRIC_REPRESENTATION_CONTEXT ( 3 ) GLOBAL_UNCERTAINTY_ASSIGNED_CONTEXT ( ( #374 ) ) GLOBAL_UNIT_ASSIGNED_CONTEXT ( ( #2318, #175, #541 ) ) REPRESENTATION_CONTEXT ( 'NONE', 'WORKASPACE' ) );
#830 = ORIENTED_EDGE ( 'NONE', *, *, #1390, .T. ) ;
#831 = CARTESIAN_POINT ( 'NONE',  ( -0.03523422370148591998, 0.5385599999999998166, -0.03206080628335764016 ) ) ;
#832 = CARTESIAN_POINT ( 'NONE',  ( 1.050000000000000044, 0.01144000000000000052, -0.01144000000000000052 ) ) ;
#833 = CARTESIAN_POINT ( 'NONE',  ( 0.5149313044255987570, 0.5435600000000000431, -0.2749999999999999667 ) ) ;
#834 = COLOUR_RGB ( '',0.7686274509803920907, 0.7686274509803920907, 0.7686274509803920907 ) ;
#835 = FILL_AREA_STYLE_COLOUR ( '', #271 ) ;
#836 = CARTESIAN_POINT ( 'NONE',  ( 0.5821063163675104235, 0.5385600000000000387, -0.2887465636336941643 ) ) ;
#837 =( NAMED_UNIT ( * ) PLANE_ANGLE_UNIT ( ) SI_UNIT ( $, .RADIAN. ) );
#838 = CARTESIAN_POINT ( 'NONE',  ( 1.038560000000000150, 0.01144000000000000052, 0.000000000000000000 ) ) ;
#839 = STYLED_ITEM ( 'NONE', ( #4058 ), #3654 ) ;
#840 =( NAMED_UNIT ( * ) PLANE_ANGLE_UNIT ( ) SI_UNIT ( $, .RADIAN. ) );
#841 =( LENGTH_UNIT ( ) NAMED_UNIT ( * ) SI_UNIT ( .MILLI., .METRE. ) );
#842 = ORIENTED_EDGE ( 'NONE', *, *, #3785, .T. ) ;
#843 = LINE ( 'NONE', #1191, #4577 ) ;
#844 = DIRECTION ( 'NONE',  ( 0.000000000000000000, 0.000000000000000000, -1.000000000000000000 ) ) ;
#845 = EDGE_LOOP ( 'NONE', ( #1308, #4103, #3805, #2215, #3196, #2247 ) ) ;
#847 = EDGE_CURVE ( 'NONE', #3345, #3200, #3387, .T. ) ;
#846 = VECTOR ( 'NONE', #4168, 1000.000000000000000 ) ;
#848 = CARTESIAN_POINT ( 'NONE',  ( 0.2496708819557133807, 0.01543886146844932784, -0.5358208357733367233 ) ) ;
#849 = CARTESIAN_POINT ( 'NONE',  ( 0.4965737046504550833, 0.5385600000000000387, -0.2749999999999999667 ) ) ;
#850 = FACE_OUTER_BOUND ( 'NONE', #1157, .T. ) ;
#851 = ORIENTED_EDGE ( 'NONE', *, *, #2073, .T. ) ;
#852 = CARTESIAN_POINT ( 'NONE',  ( 0.8114400000000001612, 0.01144000000000000052, -0.5385600000000001497 ) ) ;
#853 = ORIENTED_EDGE ( 'NONE', *, *, #1204, .T. ) ;
#854 = ORIENTED_EDGE ( 'NONE', *, *, #3101, .T. ) ;
#855 = PRESENTATION_STYLE_ASSIGNMENT (( #3356 ) ) ;
#856 = CYLINDRICAL_SURFACE ( 'NONE', #1124, 0.01144000000000000052 ) ;
#857 = CARTESIAN_POINT ( 'NONE',  ( 0.6198314980147041631, 0.5435600000000000431, -0.2750000000000000222 ) ) ;
#858 = UNCERTAINTY_MEASURE_WITH_UNIT (LENGTH_MEASURE( 1.000000000000000082E-05 ), #4230, 'distance_accuracy_value', 'NONE');
#859 = EDGE_CURVE ( 'NONE', #724, #384, #3042, .T. ) ;
#860 =( LENGTH_UNIT ( ) NAMED_UNIT ( * ) SI_UNIT ( .MILLI., .METRE. ) );
#861 = FILL_AREA_STYLE_COLOUR ( '', #3002 ) ;
#862 = CARTESIAN_POINT ( 'NONE',  ( 0.8000000000000001554, 0.01143999999999993113, -0.01143999999999982184 ) ) ;
#863 = DIRECTION ( 'NONE',  ( 0.000000000000000000, 0.000000000000000000, -1.000000000000000000 ) ) ;
#864 = ORIENTED_EDGE ( 'NONE', *, *, #761, .F. ) ;
#865 = FILL_AREA_STYLE ('',( #4497 ) ) ;
#866 = LINE ( 'NONE', #2338, #1276 ) ;
#867 = VERTEX_POINT ( 'NONE', #2013 ) ;
#868 = FACE_OUTER_BOUND ( 'NONE', #4455, .T. ) ;
#869 = DIRECTION ( 'NONE',  ( -1.000000000000000000, 0.000000000000000000, 0.000000000000000000 ) ) ;
#870 = ORIENTED_EDGE ( 'NONE', *, *, #1326, .T. ) ;
#871 = EDGE_CURVE ( 'NONE', #4342, #3057, #3453, .T. ) ;
#872 = ORIENTED_EDGE ( 'NONE', *, *, #1286, .T. ) ;
#873 = LINE ( 'NONE', #2664, #357 ) ;
#874 = ADVANCED_FACE ( 'NONE', ( #4285 ), #3525, .F. ) ;
#875 = CARTESIAN_POINT ( 'NONE',  ( 0.3986880322765967710, 0.5435600000000000431, -0.3066986769037985394 ) ) ;
#876 =( GEOMETRIC_REPRESENTATION_CONTEXT ( 3 ) GLOBAL_UNCERTAINTY_ASSIGNED_CONTEXT ( ( #1237 ) ) GLOBAL_UNIT_ASSIGNED_CONTEXT ( ( #1618, #4423, #2716 ) ) REPRESENTATION_CONTEXT ( 'NONE', 'WORKASPACE' ) );
#877 = SURFACE_SIDE_STYLE ('',( #3801 ) ) ;
#878 = LINE ( 'NONE', #2305, #846 ) ;
#879 = EDGE_CURVE ( 'NONE', #820, #745, #3874, .T. ) ;
#880 = ORIENTED_EDGE ( 'NONE', *, *, #565, .F. ) ;
#881 = VERTEX_POINT ( 'NONE', #3941 ) ;
#882 = COLOUR_RGB ( '',0.7921568627450980005, 0.8196078431372548767, 0.9333333333333333481 ) ;
#883 =( NAMED_UNIT ( * ) PLANE_ANGLE_UNIT ( ) SI_UNIT ( $, .RADIAN. ) );
#884 = MANIFOLD_SOLID_BREP ( 'Fillet3', #1257 ) ;
#885 = VECTOR ( 'NONE', #3832, 1000.000000000000000 ) ;
#886 = ORIENTED_EDGE ( 'NONE', *, *, #251, .F. ) ;
#887 = LINE ( 'NONE', #3060, #2295 ) ;
#888 = CARTESIAN_POINT ( 'NONE',  ( 0.3784755374227058988, 0.5435600000000000431, -0.3472411770317159752 ) ) ;
#889 = FILL_AREA_STYLE_COLOUR ( '', #1734 ) ;
#890 =( GEOMETRIC_REPRESENTATION_CONTEXT ( 3 ) GLOBAL_UNCERTAINTY_ASSIGNED_CONTEXT ( ( #1513 ) ) GLOBAL_UNIT_ASSIGNED_CONTEXT ( ( #1797, #1433, #4420 ) ) REPRESENTATION_CONTEXT ( 'NONE', 'WORKASPACE' ) );
#891 = DIRECTION ( 'NONE',  ( 0.000000000000000000, 0.000000000000000000, -1.000000000000000000 ) ) ;
#892 = ORIENTED_EDGE ( 'NONE', *, *, #2054, .T. ) ;
#893 = STYLED_ITEM ( 'NONE', ( #28 ), #2588 ) ;
#894 = VECTOR ( 'NONE', #1613, 1000.000000000000000 ) ;
#895 = ORIENTED_EDGE ( 'NONE', *, *, #4566, .T. ) ;
#896 = LINE ( 'NONE', #4062, #3835 ) ;
#897 = DIRECTION ( 'NONE',  ( 1.000000000000000000, 0.000000000000000000, 0.000000000000000000 ) ) ;
#898 = VECTOR ( 'NONE', #2504, 1000.000000000000114 ) ;
#899 =( GEOMETRIC_REPRESENTATION_CONTEXT ( 3 ) GLOBAL_UNCERTAINTY_ASSIGNED_CONTEXT ( ( #1277 ) ) GLOBAL_UNIT_ASSIGNED_CONTEXT ( ( #2471, #292, #3144 ) ) REPRESENTATION_CONTEXT ( 'NONE', 'WORKASPACE' ) );
#900 = CARTESIAN_POINT ( 'NONE',  ( 0.8114400000000001612, 0.01144000000000000052, -0.01144000000000000052 ) ) ;
#901 = UNCERTAINTY_MEASURE_WITH_UNIT (LENGTH_MEASURE( 1.000000000000000082E-05 ), #2665, 'distance_accuracy_value', 'NONE');
#902 = SURFACE_STYLE_FILL_AREA ( #3407 ) ;
#903 = EDGE_CURVE ( 'NONE', #2370, #3132, #2402, .T. ) ;
#904 = CARTESIAN_POINT ( 'NONE',  ( 0.4653624462489371894, 0.5385600000000000387, -0.3393144210660131721 ) ) ;
#905 = CARTESIAN_POINT ( 'NONE',  ( 0.5940503760676809630, 0.5385600000000000387, -0.3333948891977780438 ) ) ;
#906 = STYLED_ITEM ( 'NONE', ( #3992 ), #3385 ) ;
#907 = CARTESIAN_POINT ( 'NONE',  ( 1.038560000000000150, 0.5385600000000000387, -0.01144000000000000052 ) ) ;
#908 = ORIENTED_EDGE ( 'NONE', *, *, #3712, .F. ) ;
#909 = SURFACE_SIDE_STYLE ('',( #1979 ) ) ;
#910 = PRESENTATION_STYLE_ASSIGNMENT (( #4432 ) ) ;
#911 = DIRECTION ( 'NONE',  ( 0.000000000000000000, 0.000000000000000000, 1.000000000000000000 ) ) ;
#912 = MECHANICAL_DESIGN_GEOMETRIC_PRESENTATION_REPRESENTATION (  '', ( #1974 ), #4461 ) ;
#913 = EDGE_LOOP ( 'NONE', ( #2683, #730, #983, #2721 ) ) ;
#915 = ADVANCED_FACE ( 'NONE', ( #2794 ), #624, .F. ) ;
#914 = DIRECTION ( 'NONE',  ( 0.000000000000000000, -1.000000000000000000, 0.000000000000000000 ) ) ;
#916 = CARTESIAN_POINT ( 'NONE',  ( 0.3935722247434730869, 0.5435600000000000431, -0.2887439277519391889 ) ) ;
#917 = LINE ( 'NONE', #4195, #2625 ) ;
#918 = ORIENTED_EDGE ( 'NONE', *, *, #729, .F. ) ;
#919 = CARTESIAN_POINT ( 'NONE',  ( 0.5481003641384906144, 0.5385600000000000387, -0.2887465636336941643 ) ) ;
#920 = VECTOR ( 'NONE', #689, 1000.000000000000114 ) ;
#921 = ORIENTED_EDGE ( 'NONE', *, *, #2383, .F. ) ;
#922 = LINE ( 'NONE', #4093, #2845 ) ;
#923 = FILL_AREA_STYLE_COLOUR ( '', #226 ) ;
#924 = ORIENTED_EDGE ( 'NONE', *, *, #4547, .T. ) ;
#925 = VECTOR ( 'NONE', #3337, 1000.000000000000000 ) ;
#926 = CARTESIAN_POINT ( 'NONE',  ( 0.01143999999999993113, 0.000000000000000000, -0.01144000000000000052 ) ) ;
#927 = EDGE_CURVE ( 'NONE', #4627, #2839, #4210, .T. ) ;
#928 = SURFACE_SIDE_STYLE ('',( #127 ) ) ;
#929 = CARTESIAN_POINT ( 'NONE',  ( 0.4296903970343423085, 0.5435600000000000431, -0.3066986769037985394 ) ) ;
#930 = FILL_AREA_STYLE_COLOUR ( '', #3258 ) ;
#931 = ADVANCED_FACE ( 'NONE', ( #349 ), #1074, .T. ) ;
#932 = ORIENTED_EDGE ( 'NONE', *, *, #3813, .F. ) ;
#933 = FILL_AREA_STYLE_COLOUR ( '', #882 ) ;
#934 = FILL_AREA_STYLE ('',( #575 ) ) ;
#935 = MANIFOLD_SOLID_BREP ( 'Scale1[1]', #497 ) ;
#936 = EDGE_CURVE ( 'NONE', #79, #3791, #376, .T. ) ;
#937 = ORIENTED_EDGE ( 'NONE', *, *, #903, .F. ) ;
#938 = PRESENTATION_STYLE_ASSIGNMENT (( #3459 ) ) ;
#939 = LINE ( 'NONE', #2291, #1812 ) ;
#940 = ORIENTED_EDGE ( 'NONE', *, *, #2383, .T. ) ;
#941 = DIRECTION ( 'NONE',  ( -1.000000000000000000, 0.000000000000000000, 0.000000000000000000 ) ) ;
#942 = EDGE_CURVE ( 'NONE', #3280, #3791, #313, .T. ) ;
#943 = ORIENTED_EDGE ( 'NONE', *, *, #3050, .F. ) ;
#944 = DIRECTION ( 'NONE',  ( 0.000000000000000000, 0.000000000000000000, 1.000000000000000000 ) ) ;
#945 = DIRECTION ( 'NONE',  ( -1.000000000000000000, 1.971276677246371272E-16, 0.000000000000000000 ) ) ;
#946 = UNCERTAINTY_MEASURE_WITH_UNIT (LENGTH_MEASURE( 1.000000000000000082E-05 ), #4482, 'distance_accuracy_value', 'NONE');
#947 =( LENGTH_UNIT ( ) NAMED_UNIT ( * ) SI_UNIT ( .MILLI., .METRE. ) );
#948 = FILL_AREA_STYLE_COLOUR ( '', #516 ) ;
#949 = LINE ( 'NONE', #2399, #2186 ) ;
#950 = VECTOR ( 'NONE', #1803, 1000.000000000000227 ) ;
#951 = VERTEX_POINT ( 'NONE', #4038 ) ;
#952 = EDGE_CURVE ( 'NONE', #296, #1253, #3313, .T. ) ;
#953 = PRESENTATION_LAYER_ASSIGNMENT (  '', '', ( #339 ) ) ;
#954 = DIRECTION ( 'NONE',  ( 1.000000000000000000, 0.000000000000000000, 0.000000000000000000 ) ) ;
#955 = CARTESIAN_POINT ( 'NONE',  ( 0.2385600000000025755, -3.847381936155273640E-15, -0.5385600000000001497 ) ) ;
#956 = VECTOR ( 'NONE', #3971, 1000.000000000000114 ) ;
#957 = ORIENTED_EDGE ( 'NONE', *, *, #2253, .F. ) ;
#958 =( LENGTH_UNIT ( ) NAMED_UNIT ( * ) SI_UNIT ( .MILLI., .METRE. ) );
#959 = CARTESIAN_POINT ( 'NONE',  ( 0.2914999999999999813, 0.5385600000000000387, -0.2750000000000000222 ) ) ;
#960 = ADVANCED_FACE ( 'NONE', ( #1538 ), #3264, .F. ) ;
#961 = FILL_AREA_STYLE_COLOUR ( '', #2028 ) ;
#962 = COLOUR_RGB ( '',0.7686274509803920907, 0.7686274509803920907, 0.7686274509803920907 ) ;
#963 = ORIENTED_EDGE ( 'NONE', *, *, #2396, .F. ) ;
#964 = FILL_AREA_STYLE ('',( #3515 ) ) ;
#965 = ORIENTED_EDGE ( 'NONE', *, *, #1840, .T. ) ;
#966 = CARTESIAN_POINT ( 'NONE',  ( 0.8000000000000000444, 0.5385600000000000387, -0.5385600000000002607 ) ) ;
#967 = AXIS2_PLACEMENT_3D ( 'NONE', #3642, #3309, #397 ) ;
#968 = AXIS2_PLACEMENT_3D ( 'NONE', #2349, #199, #1989 ) ;
#969 = CARTESIAN_POINT ( 'NONE',  ( 0.2499991409124509012, 0.5384198030489166786, -0.02109448857307113373 ) ) ;
#971 = ADVANCED_FACE ( 'NONE', ( #4068 ), #1878, .F. ) ;
#970 = COLOUR_RGB ( '',0.7686274509803920907, 0.7686274509803920907, 0.7686274509803920907 ) ;
#972 = LINE ( 'NONE', #4556, #1652 ) ;
#973 = DIRECTION ( 'NONE',  ( 1.000000000000000000, -0.000000000000000000, -0.000000000000000000 ) ) ;
#974 = MECHANICAL_DESIGN_GEOMETRIC_PRESENTATION_REPRESENTATION (  '', ( #3236 ), #899 ) ;
#975 = VERTEX_POINT ( 'NONE', #1183 ) ;
#976 =( NAMED_UNIT ( * ) PLANE_ANGLE_UNIT ( ) SI_UNIT ( $, .RADIAN. ) );
#977 = STYLED_ITEM ( 'NONE', ( #2270 ), #3279 ) ;
#978 = ORIENTED_EDGE ( 'NONE', *, *, #702, .F. ) ;
#979 = PLANE ( 'NONE',  #4611 ) ;
#980 = ORIENTED_EDGE ( 'NONE', *, *, #1507, .F. ) ;
#981 = DIRECTION ( 'NONE',  ( 1.000000000000000000, 0.000000000000000000, 0.000000000000000000 ) ) ;
#982 = STYLED_ITEM ( 'NONE', ( #1567 ), #3510 ) ;
#983 = ORIENTED_EDGE ( 'NONE', *, *, #3562, .F. ) ;
#984 = FACE_OUTER_BOUND ( 'NONE', #2661, .T. ) ;
#985 =( LENGTH_UNIT ( ) NAMED_UNIT ( * ) SI_UNIT ( .MILLI., .METRE. ) );
#986 = LINE ( 'NONE', #1766, #3235 ) ;
#987 = AXIS2_PLACEMENT_3D ( 'NONE', #2708, #941, #3399 ) ;
#988 = FACE_OUTER_BOUND ( 'NONE', #3983, .T. ) ;
#989 = ADVANCED_FACE ( 'NONE', ( #86 ), #2614, .F. ) ;
#990 = ORIENTED_EDGE ( 'NONE', *, *, #2975, .T. ) ;
#991 = VECTOR ( 'NONE', #4589, 1000.000000000000227 ) ;
#992 = PRESENTATION_STYLE_ASSIGNMENT (( #3133 ) ) ;
#993 = FACE_OUTER_BOUND ( 'NONE', #416, .T. ) ;
#994 = CARTESIAN_POINT ( 'NONE',  ( 0.2385600000000000775, 0.5500000000000000444, 0.000000000000000000 ) ) ;
#995 = EDGE_CURVE ( 'NONE', #1350, #2501, #4019, .T. ) ;
#996 = EDGE_CURVE ( 'NONE', #3343, #2663, #2958, .T. ) ;
#997 = PLANE ( 'NONE',  #2140 ) ;
#998 = CARTESIAN_POINT ( 'NONE',  ( 0.2499912337617021807, 0.5378538208055048120, -0.01874648206140881734 ) ) ;
#999 = DIRECTION ( 'NONE',  ( -1.000000000000000000, 0.000000000000000000, 0.000000000000000000 ) ) ;
#1000 = CARTESIAN_POINT ( 'NONE',  ( 0.5040166865761323001, 0.5385600000000000387, -0.3472411770317159752 ) ) ;
#1001 = ADVANCED_FACE ( 'NONE', ( #3447 ), #2645, .T. ) ;
#1002 = CARTESIAN_POINT ( 'NONE',  ( 0.5880374900474846234, 0.5385600000000000387, -0.3200511761872956162 ) ) ;
#1003 = DIRECTION ( 'NONE',  ( -0.2755265765475200523, 0.000000000000000000, 0.9612934544747527843 ) ) ;
#1004 = DIRECTION ( 'NONE',  ( 0.000000000000000000, 1.000000000000000000, 0.000000000000000000 ) ) ;
#1005 = CARTESIAN_POINT ( 'NONE',  ( 0.2500000000000000555, 0.01144000000000004041, -0.5385600000000002607 ) ) ;
#1006 = ORIENTED_EDGE ( 'NONE', *, *, #1768, .T. ) ;
#1007 =( NAMED_UNIT ( * ) SI_UNIT ( $, .STERADIAN. ) SOLID_ANGLE_UNIT ( ) );
#1008 = ORIENTED_EDGE ( 'NONE', *, *, #1117, .T. ) ;
#1009 = DIRECTION ( 'NONE',  ( -0.2759782365590801589, 0.000000000000000000, 0.9611638845408937426 ) ) ;
#1010 = DIRECTION ( 'NONE',  ( -1.000000000000000000, 0.000000000000000000, 0.000000000000000000 ) ) ;
#1011 = EDGE_CURVE ( 'NONE', #337, #112, #159, .T. ) ;
#1012 = CARTESIAN_POINT ( 'NONE',  ( 0.2494983006540929527, 0.01479069842322587071, -0.01479069842322578050 ) ) ;
#1013 = ORIENTED_EDGE ( 'NONE', *, *, #294, .T. ) ;
#1014 = SURFACE_SIDE_STYLE ('',( #2048 ) ) ;
#1015 = PRESENTATION_STYLE_ASSIGNMENT (( #4578 ) ) ;
#1016 = SURFACE_SIDE_STYLE ('',( #1360 ) ) ;
#1017 = EDGE_LOOP ( 'NONE', ( #1641, #634, #4478, #3030 ) ) ;
#1018 = CARTESIAN_POINT ( 'NONE',  ( 0.8000000000000001554, 0.01257771175529207898, -0.5374222882447080574 ) ) ;
#1019 = DIRECTION ( 'NONE',  ( 1.000000000000000000, 0.000000000000000000, -3.405901710987575828E-15 ) ) ;
#1020 = ADVANCED_FACE ( 'NONE', ( #1301 ), #3825, .T. ) ;
#1021 =( NAMED_UNIT ( * ) SI_UNIT ( $, .STERADIAN. ) SOLID_ANGLE_UNIT ( ) );
#1022 = CYLINDRICAL_SURFACE ( 'NONE', #674, 0.01144000000000004041 ) ;
#1023 = CARTESIAN_POINT ( 'NONE',  ( 0.2500000000000208167, 0.01143999999999902213, -0.5277170024175293905 ) ) ;
#1024 = LINE ( 'NONE', #2818, #2112 ) ;
#1025 = ORIENTED_EDGE ( 'NONE', *, *, #871, .T. ) ;
#1026 = EDGE_LOOP ( 'NONE', ( #4057, #1379, #3702, #229 ) ) ;
#1027 = CARTESIAN_POINT ( 'NONE',  ( 0.01143999999999993113, 0.01144000000000000225, -0.5500000000000001554 ) ) ;
#1028 = COLOUR_RGB ( '',0.6470588235294117974, 0.5176470588235293491, 0.000000000000000000 ) ;
#1029 = CARTESIAN_POINT ( 'NONE',  ( 1.038560000000000150, 0.01144000000000000052, -0.5385600000000001497 ) ) ;
#1030 = AXIS2_PLACEMENT_3D ( 'NONE', #2578, #3704, #2994 ) ;
#1031 = ORIENTED_EDGE ( 'NONE', *, *, #2662, .T. ) ;
#1032 =( NAMED_UNIT ( * ) SI_UNIT ( $, .STERADIAN. ) SOLID_ANGLE_UNIT ( ) );
#1033 = AXIS2_PLACEMENT_3D ( 'NONE', #3997, #485, #2988 ) ;
#1034 = LINE ( 'NONE', #4647, #1409 ) ;
#1035 = DIRECTION ( 'NONE',  ( -0.2762033010289141055, 0.000000000000000000, 0.9610992334305188400 ) ) ;
#1036 = VERTEX_POINT ( 'NONE', #185 ) ;
#1037 = UNCERTAINTY_MEASURE_WITH_UNIT (LENGTH_MEASURE( 1.000000000000000082E-05 ), #4661, 'distance_accuracy_value', 'NONE');
#1038 = DIRECTION ( 'NONE',  ( 1.000000000000000000, 0.000000000000000000, 0.000000000000000000 ) ) ;
#1039 = LINE ( 'NONE', #2053, #4511 ) ;
#1040 =( NAMED_UNIT ( * ) SI_UNIT ( $, .STERADIAN. ) SOLID_ANGLE_UNIT ( ) );
#1041 = MECHANICAL_DESIGN_GEOMETRIC_PRESENTATION_REPRESENTATION (  '', ( #2381 ), #890 ) ;
#1042 = LINE ( 'NONE', #620, #3781 ) ;
#1043 = ORIENTED_EDGE ( 'NONE', *, *, #3446, .F. ) ;
#1044 = EDGE_CURVE ( 'NONE', #3449, #4273, #129, .T. ) ;
#1045 = CIRCLE ( 'NONE', #3007, 0.01144000000000004041 ) ;
#1046 = PRESENTATION_LAYER_ASSIGNMENT (  '', '', ( #668 ) ) ;
#1047 = EDGE_LOOP ( 'NONE', ( #696, #2094, #461, #409 ) ) ;
#1048 = CARTESIAN_POINT ( 'NONE',  ( 0.4810162901235165989, 0.5435600000000000431, -0.2749999999999999667 ) ) ;
#1049 = CARTESIAN_POINT ( 'NONE',  ( 0.3232847823224374029, 0.5435600000000000431, -0.3142249984713693101 ) ) ;
#1050 = FACE_OUTER_BOUND ( 'NONE', #1377, .T. ) ;
#1051 = STYLED_ITEM ( 'NONE', ( #1015 ), #2788 ) ;
#1052 = ORIENTED_EDGE ( 'NONE', *, *, #1403, .F. ) ;
#1053 = ADVANCED_FACE ( 'NONE', ( #4475 ), #1239, .T. ) ;
#1054 = ORIENTED_EDGE ( 'NONE', *, *, #3146, .T. ) ;
#1055 = VECTOR ( 'NONE', #513, 1000.000000000000000 ) ;
#1057 = SURFACE_STYLE_USAGE ( .BOTH. , #1353 ) ;
#1056 = VECTOR ( 'NONE', #4310, 1000.000000000000114 ) ;
#1058 =( NAMED_UNIT ( * ) SI_UNIT ( $, .STERADIAN. ) SOLID_ANGLE_UNIT ( ) );
#1059 = SURFACE_STYLE_USAGE ( .BOTH. , #4294 ) ;
#1060 = AXIS2_PLACEMENT_3D ( 'NONE', #3922, #2057, #3145 ) ;
#1061 = EDGE_CURVE ( 'NONE', #3575, #1218, #66, .T. ) ;
#1062 = EDGE_LOOP ( 'NONE', ( #269, #2194, #4313, #2045, #1820, #3044, #2584, #389, #2222, #217, #2819, #4638, #325, #2600, #1688, #4506, #3655, #3658, #4338, #2174, #3580, #830, #282 ) ) ;
#1063 = AXIS2_PLACEMENT_3D ( 'NONE', #3935, #637, #706 ) ;
#1064 = SURFACE_SIDE_STYLE ('',( #3976 ) ) ;
#1065 = CARTESIAN_POINT ( 'NONE',  ( 0.8114400000000001612, 0.01144000000000000052, -0.5385600000000001497 ) ) ;
#1066 = ORIENTED_EDGE ( 'NONE', *, *, #2033, .T. ) ;
#1067 = CARTESIAN_POINT ( 'NONE',  ( 0.2497523944228078885, 0.5360387865633361448, -0.01562018340978786612 ) ) ;
#1068 =( LENGTH_UNIT ( ) NAMED_UNIT ( * ) SI_UNIT ( .MILLI., .METRE. ) );
#1069 = VECTOR ( 'NONE', #1127, 1000.000000000000227 ) ;
#1070 = CARTESIAN_POINT ( 'NONE',  ( 0.2500000000000025535, 0.01257771175529212061, -0.01257771175529208592 ) ) ;
#1071 = VERTEX_POINT ( 'NONE', #326 ) ;
#1072 =( GEOMETRIC_REPRESENTATION_CONTEXT ( 3 ) GLOBAL_UNCERTAINTY_ASSIGNED_CONTEXT ( ( #2068 ) ) GLOBAL_UNIT_ASSIGNED_CONTEXT ( ( #841, #1665, #1568 ) ) REPRESENTATION_CONTEXT ( 'NONE', 'WORKASPACE' ) );
#1073 = SURFACE_SIDE_STYLE ('',( #1118 ) ) ;
#1074 = CYLINDRICAL_SURFACE ( 'NONE', #508, 0.01143999999999998490 ) ;
#1075 = SURFACE_STYLE_USAGE ( .BOTH. , #3942 ) ;
#1076 = CARTESIAN_POINT ( 'NONE',  ( 0.5940503760676809630, 0.5435600000000000431, -0.3333948891977780438 ) ) ;
#1078 = EDGE_CURVE ( 'NONE', #367, #3126, #3888, .T. ) ;
#1077 = MECHANICAL_DESIGN_GEOMETRIC_PRESENTATION_REPRESENTATION (  '', ( #4616 ), #2881 ) ;
#1079 = CARTESIAN_POINT ( 'NONE',  ( 0.2494983006540928971, 0.01479069842322599387, -0.5352093015767743767 ) ) ;
#1080 = VERTEX_POINT ( 'NONE', #1404 ) ;
#1081 = CARTESIAN_POINT ( 'NONE',  ( 0.5570355646033953168, 0.5435600000000000431, -0.3200511761872956162 ) ) ;
#1082 = CARTESIAN_POINT ( 'NONE',  ( 0.8000087662382979747, 0.01214617919449515610, -0.01874648206140855367 ) ) ;
#1083 = EDGE_CURVE ( 'NONE', #2839, #2744, #1317, .T. ) ;
#1084 = CARTESIAN_POINT ( 'NONE',  ( 0.3390295641239804425, 0.5435600000000000431, -0.2750000000000000222 ) ) ;
#1085 = ORIENTED_EDGE ( 'NONE', *, *, #2475, .T. ) ;
#1086 = VERTEX_POINT ( 'NONE', #4255 ) ;
#1087 = CARTESIAN_POINT ( 'NONE',  ( 1.050000000000000044, 0.01144000000000000225, -0.5500000000000001554 ) ) ;
#1088 = CARTESIAN_POINT ( 'NONE',  ( 0.4617574383815217787, 0.5385600000000000387, -0.2749999999999999667 ) ) ;
#1089 = CARTESIAN_POINT ( 'NONE',  ( 0.01143999999999993113, 0.5500000000000000444, -0.01144000000000000052 ) ) ;
#1090 = ORIENTED_EDGE ( 'NONE', *, *, #3012, .F. ) ;
#1091 = LINE ( 'NONE', #727, #4678 ) ;
#1092 = EDGE_CURVE ( 'NONE', #1137, #1475, #2852, .T. ) ;
#1093 = ORIENTED_EDGE ( 'NONE', *, *, #1919, .F. ) ;
#1094 = LINE ( 'NONE', #1901, #4439 ) ;
#1095 = DIRECTION ( 'NONE',  ( 0.2746918797667153300, 0.000000000000000000, -0.9615323037684320173 ) ) ;
#1096 = CARTESIAN_POINT ( 'NONE',  ( 0.2500000000000000555, 0.01144000000000004041, -0.01143999999999982184 ) ) ;
#1097 = UNCERTAINTY_MEASURE_WITH_UNIT (LENGTH_MEASURE( 1.000000000000000082E-05 ), #1865, 'distance_accuracy_value', 'NONE');
#1098 = PRESENTATION_STYLE_ASSIGNMENT (( #2590 ) ) ;
#1099 = DIRECTION ( 'NONE',  ( 0.000000000000000000, -1.000000000000000000, 0.000000000000000000 ) ) ;
#1100 = DIRECTION ( 'NONE',  ( 0.000000000000000000, -1.000000000000000000, 0.000000000000000000 ) ) ;
#1101 =( NAMED_UNIT ( * ) PLANE_ANGLE_UNIT ( ) SI_UNIT ( $, .RADIAN. ) );
#1102 = ORIENTED_EDGE ( 'NONE', *, *, #3843, .T. ) ;
#1103 = FACE_OUTER_BOUND ( 'NONE', #1599, .T. ) ;
#1104 = DIRECTION ( 'NONE',  ( 0.000000000000000000, 0.000000000000000000, 1.000000000000000000 ) ) ;
#1105 = SURFACE_STYLE_FILL_AREA ( #3347 ) ;
#1106 = ORIENTED_EDGE ( 'NONE', *, *, #2509, .F. ) ;
#1107 = EDGE_CURVE ( 'NONE', #1205, #3485, #433, .T. ) ;
#1108 = DIRECTION ( 'NONE',  ( 0.000000000000000000, 0.000000000000000000, -1.000000000000000000 ) ) ;
#1109 = CARTESIAN_POINT ( 'NONE',  ( 0.2499999999999998890, 0.02288000000000003920, -0.01143999999999982184 ) ) ;
#1110 = VERTEX_POINT ( 'NONE', #4301 ) ;
#1111 = CARTESIAN_POINT ( 'NONE',  ( 1.050000000000000044, 0.000000000000000000, 0.000000000000000000 ) ) ;
#1112 = VECTOR ( 'NONE', #3138, 1000.000000000000000 ) ;
#1113 = ORIENTED_EDGE ( 'NONE', *, *, #1697, .T. ) ;
#1114 = CARTESIAN_POINT ( 'NONE',  ( 0.3328304091714044954, 0.5435600000000000431, -0.3472411770317159752 ) ) ;
#1115 = CARTESIAN_POINT ( 'NONE',  ( 0.2500000000000025535, 0.01144000000000000052, 0.000000000000000000 ) ) ;
#1116 = PLANE ( 'NONE',  #3486 ) ;
#1117 = EDGE_CURVE ( 'NONE', #514, #116, #1888, .T. ) ;
#1118 = SURFACE_STYLE_FILL_AREA ( #3339 ) ;
#1119 = LINE ( 'NONE', #59, #2629 ) ;
#1120 =( NAMED_UNIT ( * ) PLANE_ANGLE_UNIT ( ) SI_UNIT ( $, .RADIAN. ) );
#1121 = AXIS2_PLACEMENT_3D ( 'NONE', #1735, #344, #4610 ) ;
#1122 = ORIENTED_EDGE ( 'NONE', *, *, #1195, .F. ) ;
#1123 = LINE ( 'NONE', #1910, #1789 ) ;
#1124 = AXIS2_PLACEMENT_3D ( 'NONE', #832, #105, #2642 ) ;
#1125 = AXIS2_PLACEMENT_3D ( 'NONE', #2970, #4486, #1173 ) ;
#1126 = CARTESIAN_POINT ( 'NONE',  ( 1.050000000000000044, 0.01144000000000000052, -0.5385600000000001497 ) ) ;
#1127 = DIRECTION ( 'NONE',  ( -0.2760118818968592680, 0.000000000000000000, 0.9611542233438680194 ) ) ;
#1128 = PRESENTATION_LAYER_ASSIGNMENT (  '', '', ( #3161 ) ) ;
#1129 = VECTOR ( 'NONE', #632, 1000.000000000000000 ) ;
#1130 = ORIENTED_EDGE ( 'NONE', *, *, #4335, .T. ) ;
#1131 = CARTESIAN_POINT ( 'NONE',  ( 0.2500055380450221243, 0.02032463685444629853, -0.5383429032573481265 ) ) ;
#1132 = PLANE ( 'NONE',  #3985 ) ;
#1133 = LINE ( 'NONE', #2557, #2093 ) ;
#1134 = DIRECTION ( 'NONE',  ( 0.000000000000000000, 0.000000000000000000, -1.000000000000000000 ) ) ;
#1135 = ORIENTED_EDGE ( 'NONE', *, *, #590, .F. ) ;
#1136 = EDGE_CURVE ( 'NONE', #42, #577, #3451, .T. ) ;
#1137 = VERTEX_POINT ( 'NONE', #2830 ) ;
#1138 = COLOUR_RGB ( '',0.6470588235294117974, 0.5176470588235293491, 0.000000000000000000 ) ;
#1139 = CARTESIAN_POINT ( 'NONE',  ( 0.2500000000000000555, 0.5385600000000000387, -0.5283890040976414459 ) ) ;
#1141 = EDGE_CURVE ( 'NONE', #2649, #3132, #1039, .T. ) ;
#1140 = VECTOR ( 'NONE', #1531, 1000.000000000000000 ) ;
#1142 = LINE ( 'NONE', #3262, #4240 ) ;
#1143 = DIRECTION ( 'NONE',  ( 0.000000000000000000, 0.000000000000000000, -1.000000000000000000 ) ) ;
#1144 = MECHANICAL_DESIGN_GEOMETRIC_PRESENTATION_REPRESENTATION (  '', ( #3778 ), #1675 ) ;
#1145 = DIRECTION ( 'NONE',  ( -0.05375259206908434423, 0.000000000000000000, 0.9985542843760946141 ) ) ;
#1146 = CARTESIAN_POINT ( 'NONE',  ( 0.6160125443964671321, 0.5435600000000000431, -0.3332927487725754756 ) ) ;
#1147 = DIRECTION ( 'NONE',  ( 0.000000000000000000, -0.000000000000000000, 1.000000000000000000 ) ) ;
#1148 =( NAMED_UNIT ( * ) SI_UNIT ( $, .STERADIAN. ) SOLID_ANGLE_UNIT ( ) );
#1149 = ADVANCED_FACE ( 'NONE', ( #2070 ), #3914, .F. ) ;
#1150 = VECTOR ( 'NONE', #973, 1000.000000000000000 ) ;
#1151 = ORIENTED_EDGE ( 'NONE', *, *, #859, .F. ) ;
#1152 = DIRECTION ( 'NONE',  ( 0.000000000000000000, 1.000000000000000000, 1.971276677246371519E-16 ) ) ;
#1153 = ORIENTED_EDGE ( 'NONE', *, *, #2104, .T. ) ;
#1154 = CARTESIAN_POINT ( 'NONE',  ( 1.050000000000000044, 0.5500000000000000444, -0.01144000000000000052 ) ) ;
#1155 = LINE ( 'NONE', #2145, #744 ) ;
#1156 = CARTESIAN_POINT ( 'NONE',  ( 0.4504330306523232075, 0.5385600000000000387, -0.3472411770317159752 ) ) ;
#1157 = EDGE_LOOP ( 'NONE', ( #4501, #188, #3797, #2500 ) ) ;
#1158 = DIRECTION ( 'NONE',  ( 0.004650693823683970003, 0.000000000000000000, -0.9999891854650021505 ) ) ;
#1159 = ORIENTED_EDGE ( 'NONE', *, *, #1262, .F. ) ;
#1160 = FILL_AREA_STYLE ('',( #2953 ) ) ;
#1161 = CARTESIAN_POINT ( 'NONE',  ( 0.8000000000000001554, 0.5385600000000001497, -0.02287999999999986225 ) ) ;
#1162 = FILL_AREA_STYLE_COLOUR ( '', #2989 ) ;
#1163 = ADVANCED_FACE ( 'NONE', ( #2420 ), #285, .F. ) ;
#1164 =( NAMED_UNIT ( * ) PLANE_ANGLE_UNIT ( ) SI_UNIT ( $, .RADIAN. ) );
#1165 = FILL_AREA_STYLE ('',( #4404 ) ) ;
#1166 = DIRECTION ( 'NONE',  ( 0.000000000000000000, 1.000000000000000000, 0.000000000000000000 ) ) ;
#1167 = VERTEX_POINT ( 'NONE', #3521 ) ;
#1168 = ORIENTED_EDGE ( 'NONE', *, *, #111, .T. ) ;
#1169 = DIRECTION ( 'NONE',  ( -1.000000000000000000, 0.000000000000000000, 0.000000000000000000 ) ) ;
#1170 = CARTESIAN_POINT ( 'NONE',  ( 0.7999997171113204519, 0.5385129807314550376, -0.5283158263398679555 ) ) ;
#1171 = ORIENTED_EDGE ( 'NONE', *, *, #614, .T. ) ;
#1172 = CARTESIAN_POINT ( 'NONE',  ( 0.3784755374227058988, 0.5385600000000000387, -0.3472411770317159752 ) ) ;
#1173 = DIRECTION ( 'NONE',  ( -1.000000000000000000, 0.000000000000000000, 0.000000000000000000 ) ) ;
#1174 = CARTESIAN_POINT ( 'NONE',  ( 0.01143999999999993113, 0.000000000000000000, -0.5385600000000001497 ) ) ;
#1175 = EDGE_LOOP ( 'NONE', ( #60, #2891, #980, #3066 ) ) ;
#1176 = DIRECTION ( 'NONE',  ( 2.369322929382649956E-15, 1.000000000000000000, 0.000000000000000000 ) ) ;
#1177 = AXIS2_PLACEMENT_3D ( 'NONE', #54, #2980, #1876 ) ;
#1178 = ORIENTED_EDGE ( 'NONE', *, *, #2002, .F. ) ;
#1179 = AXIS2_PLACEMENT_3D ( 'NONE', #2301, #1662, #158 ) ;
#1180 = CARTESIAN_POINT ( 'NONE',  ( 0.4393219096453854222, 0.5385600000000000387, -0.3334904399182307966 ) ) ;
#1181 = MECHANICAL_DESIGN_GEOMETRIC_PRESENTATION_REPRESENTATION (  '', ( #1945 ), #2300 ) ;
#1182 = FILL_AREA_STYLE ('',( #835 ) ) ;
#1183 = CARTESIAN_POINT ( 'NONE',  ( 0.000000000000000000, 0.5385600000000000387, -0.5385600000000000387 ) ) ;
#1184 = PLANE ( 'NONE',  #4072 ) ;
#1185 = DIRECTION ( 'NONE',  ( 0.000000000000000000, 1.000000000000000000, 0.000000000000000000 ) ) ;
#1186 = AXIS2_PLACEMENT_3D ( 'NONE', #1521, #3321, #2196 ) ;
#1187 = ORIENTED_EDGE ( 'NONE', *, *, #2902, .T. ) ;
#1188 = EDGE_CURVE ( 'NONE', #42, #2798, #1733, .T. ) ;
#1189 = COLOUR_RGB ( '',0.7921568627450980005, 0.8196078431372548767, 0.9333333333333333481 ) ;
#1190 = ORIENTED_EDGE ( 'NONE', *, *, #4293, .T. ) ;
#1191 = CARTESIAN_POINT ( 'NONE',  ( 0.3610101836264471564, 0.5435600000000000431, -0.2750000000000000222 ) ) ;
#1192 = FILL_AREA_STYLE_COLOUR ( '', #2323 ) ;
#1193 = MECHANICAL_DESIGN_GEOMETRIC_PRESENTATION_REPRESENTATION (  '', ( #893 ), #2536 ) ;
#1194 = MECHANICAL_DESIGN_GEOMETRIC_PRESENTATION_REPRESENTATION (  '', ( #3006 ), #2695 ) ;
#1195 = EDGE_CURVE ( 'NONE', #1951, #503, #804, .T. ) ;
#1196 = ORIENTED_EDGE ( 'NONE', *, *, #806, .F. ) ;
#1197 = STYLED_ITEM ( 'NONE', ( #3539 ), #2832 ) ;
#1199 = FILL_AREA_STYLE ('',( #2290 ) ) ;
#1198 = VECTOR ( 'NONE', #4180, 1000.000000000000000 ) ;
#1200 = CARTESIAN_POINT ( 'NONE',  ( 0.8001684713375860625, 0.01370288082993904519, -0.01370288082993906600 ) ) ;
#1201 = CARTESIAN_POINT ( 'NONE',  ( 0.3935722247434730869, 0.5435600000000000431, -0.2887439277519391889 ) ) ;
#1202 = ORIENTED_EDGE ( 'NONE', *, *, #942, .F. ) ;
#1203 = EDGE_LOOP ( 'NONE', ( #1008, #965, #4216 ) ) ;
#1204 = EDGE_CURVE ( 'NONE', #2486, #1463, #1094, .T. ) ;
#1205 = VERTEX_POINT ( 'NONE', #2131 ) ;
#1206 = MECHANICAL_DESIGN_GEOMETRIC_PRESENTATION_REPRESENTATION (  '', ( #977 ), #3698 ) ;
#1207 = ORIENTED_EDGE ( 'NONE', *, *, #69, .F. ) ;
#1208 = FILL_AREA_STYLE_COLOUR ( '', #2020 ) ;
#1209 = VECTOR ( 'NONE', #3747, 1000.000000000000227 ) ;
#1210 = LINE ( 'NONE', #125, #1956 ) ;
#1211 = CARTESIAN_POINT ( 'NONE',  ( 0.8000000000000001554, 0.5385600000000001497, -0.02161099590235855336 ) ) ;
#1212 = STYLED_ITEM ( 'NONE', ( #1753 ), #3644 ) ;
#1213 = DIRECTION ( 'NONE',  ( 0.000000000000000000, -1.000000000000000000, 0.000000000000000000 ) ) ;
#1214 = DIRECTION ( 'NONE',  ( 1.000000000000000000, 0.000000000000000000, 0.000000000000000000 ) ) ;
#1215 = EDGE_CURVE ( 'NONE', #757, #2635, #2263, .T. ) ;
#1216 = PRESENTATION_LAYER_ASSIGNMENT (  '', '', ( #1355 ) ) ;
#1217 = CARTESIAN_POINT ( 'NONE',  ( 0.8114400000000001612, 0.01144000000000000052, 0.000000000000000000 ) ) ;
#1218 = VERTEX_POINT ( 'NONE', #783 ) ;
#1219 = SURFACE_STYLE_FILL_AREA ( #865 ) ;
#1220 = ADVANCED_FACE ( 'NONE', ( #2184 ), #1, .T. ) ;
#1221 =( NAMED_UNIT ( * ) PLANE_ANGLE_UNIT ( ) SI_UNIT ( $, .RADIAN. ) );
#1222 = MECHANICAL_DESIGN_GEOMETRIC_PRESENTATION_REPRESENTATION (  '', ( #1977 ), #3477 ) ;
#1223 = VERTEX_POINT ( 'NONE', #3984 ) ;
#1224 = CIRCLE ( 'NONE', #380, 0.01144000000000000052 ) ;
#1225 = CARTESIAN_POINT ( 'NONE',  ( 0.3986880322765967710, 0.5385600000000000387, -0.3066986769037985394 ) ) ;
#1226 = DIRECTION ( 'NONE',  ( 0.000000000000000000, -1.000000000000000000, 3.405901710987571095E-15 ) ) ;
#1227 = EDGE_CURVE ( 'NONE', #3877, #1230, #2152, .T. ) ;
#1228 = PRESENTATION_STYLE_ASSIGNMENT (( #4466 ) ) ;
#1229 = SURFACE_SIDE_STYLE ('',( #2679 ) ) ;
#1230 = VERTEX_POINT ( 'NONE', #396 ) ;
#1231 =( NAMED_UNIT ( * ) PLANE_ANGLE_UNIT ( ) SI_UNIT ( $, .RADIAN. ) );
#1232 = COLOUR_RGB ( '',0.7921568627450980005, 0.8196078431372548767, 0.9333333333333333481 ) ;
#1233 = VERTEX_POINT ( 'NONE', #1850 ) ;
#1234 = EDGE_CURVE ( 'NONE', #2218, #4356, #3684, .T. ) ;
#1235 = CARTESIAN_POINT ( 'NONE',  ( 0.8000000000000001554, 0.01144000000000000052, 0.000000000000000000 ) ) ;
#1236 = LINE ( 'NONE', #875, #2956 ) ;
#1237 = UNCERTAINTY_MEASURE_WITH_UNIT (LENGTH_MEASURE( 1.000000000000000082E-05 ), #1618, 'distance_accuracy_value', 'NONE');
#1238 = CARTESIAN_POINT ( 'NONE',  ( 0.8114400000000001612, 0.5385600000000000387, -0.5385600000000000387 ) ) ;
#1239 = CYLINDRICAL_SURFACE ( 'NONE', #2456, 0.01143999999999993113 ) ;
#1240 = CARTESIAN_POINT ( 'NONE',  ( 0.3328304091714044954, 0.5435600000000000431, -0.3472411770317159752 ) ) ;
#1241 = CARTESIAN_POINT ( 'NONE',  ( 0.2499968528092915976, 0.5300870249090693376, -0.5382331090141359020 ) ) ;
#1242 = VERTEX_POINT ( 'NONE', #50 ) ;
#1243 = ORIENTED_EDGE ( 'NONE', *, *, #1904, .F. ) ;
#1244 = CARTESIAN_POINT ( 'NONE',  ( 1.038560000000000150, 0.5500000000000000444, -0.01144000000000000052 ) ) ;
#1245 = FILL_AREA_STYLE_COLOUR ( '', #764 ) ;
#1246 = ORIENTED_EDGE ( 'NONE', *, *, #3785, .F. ) ;
#1247 = PLANE ( 'NONE',  #1477 ) ;
#1248 = CARTESIAN_POINT ( 'NONE',  ( 0.3986880322765967710, 0.5435600000000000431, -0.3066986769037985394 ) ) ;
#1249 = DIRECTION ( 'NONE',  ( 1.000000000000000000, 4.738645858765322788E-15, 0.000000000000000000 ) ) ;
#1250 = CARTESIAN_POINT ( 'NONE',  ( 0.8005016993459097563, 0.01479069842322575101, -0.01479069842322579091 ) ) ;
#1251 = LINE ( 'NONE', #177, #2793 ) ;
#1252 = EDGE_CURVE ( 'NONE', #4435, #4406, #2925, .T. ) ;
#1253 = VERTEX_POINT ( 'NONE', #4373 ) ;
#1254 = FILL_AREA_STYLE ('',( #1208 ) ) ;
#1255 =( NAMED_UNIT ( * ) SI_UNIT ( $, .STERADIAN. ) SOLID_ANGLE_UNIT ( ) );
#1256 = DIRECTION ( 'NONE',  ( 0.000000000000000000, 0.000000000000000000, 1.000000000000000000 ) ) ;
#1257 = CLOSED_SHELL ( 'NONE', ( #1280, #4224, #3415, #931, #1545, #1220, #4044, #4403, #4217, #4209, #3270, #4085, #639, #170, #960, #3590, #2729, #2524, #369, #785, #3385, #2497, #1836, #2743, #772, #1773, #1358, #1454, #2872, #1635, #3464, #3120, #553, #2309, #2788, #1020, #3892, #178, #4597, #2637, #187, #2588, #3654, #3644, #85, #1304, #4346, #3184, #1724, #1748, #1382, #3864, #2114, #2832, #3279, #3333, #4493, #3803, #128, #102, #3069, #4133, #4200, #1053, #3510, #375, #1001, #3936 ) ) ;
#1258 = FACE_OUTER_BOUND ( 'NONE', #4624, .T. ) ;
#1259 = DIRECTION ( 'NONE',  ( 1.000000000000000000, 1.971276677246371272E-16, 0.000000000000000000 ) ) ;
#1260 = PLANE ( 'NONE',  #588 ) ;
#1261 = STYLED_ITEM ( 'NONE', ( #3870 ), #187 ) ;
#1262 = EDGE_CURVE ( 'NONE', #2432, #2183, #4013, .T. ) ;
#1263 = VERTEX_POINT ( 'NONE', #370 ) ;
#1264 = STYLED_ITEM ( 'NONE', ( #2723 ), #802 ) ;
#1265 = EDGE_LOOP ( 'NONE', ( #2924, #3489, #921, #1909 ) ) ;
#1266 = CARTESIAN_POINT ( 'NONE',  ( 0.3328304091714044954, 0.5435600000000000431, -0.3472411770317159752 ) ) ;
#1267 = PLANE ( 'NONE',  #1661 ) ;
#1268 = CARTESIAN_POINT ( 'NONE',  ( 0.4965737046504550833, 0.5435600000000000431, -0.2749999999999999667 ) ) ;
#1269 = SURFACE_SIDE_STYLE ('',( #257 ) ) ;
#1270 = VECTOR ( 'NONE', #3261, 1000.000000000000227 ) ;
#1271 = ORIENTED_EDGE ( 'NONE', *, *, #4069, .F. ) ;
#1272 = FACE_OUTER_BOUND ( 'NONE', #3355, .T. ) ;
#1273 = EDGE_CURVE ( 'NONE', #1951, #2218, #3260, .T. ) ;
#1274 = COLOUR_RGB ( '',0.7686274509803920907, 0.7686274509803920907, 0.7686274509803920907 ) ;
#1275 = UNCERTAINTY_MEASURE_WITH_UNIT (LENGTH_MEASURE( 1.000000000000000082E-05 ), #4389, 'distance_accuracy_value', 'NONE');
#1276 = VECTOR ( 'NONE', #2357, 1000.000000000000000 ) ;
#1277 = UNCERTAINTY_MEASURE_WITH_UNIT (LENGTH_MEASURE( 1.000000000000000082E-05 ), #2471, 'distance_accuracy_value', 'NONE');
#1278 = STYLED_ITEM ( 'NONE', ( #499 ), #2309 ) ;
#1279 = DIRECTION ( 'NONE',  ( 1.000000000000000000, 0.000000000000000000, 0.000000000000000000 ) ) ;
#1280 = ADVANCED_FACE ( 'NONE', ( #1510 ), #4398, .T. ) ;
#1281 = VECTOR ( 'NONE', #1388, 1000.000000000000000 ) ;
#1282 = LINE ( 'NONE', #2720, #1678 ) ;
#1283 = ORIENTED_EDGE ( 'NONE', *, *, #4547, .F. ) ;
#1284 = COLOUR_RGB ( '',0.7686274509803920907, 0.7686274509803920907, 0.7686274509803920907 ) ;
#1285 = CARTESIAN_POINT ( 'NONE',  ( 0.6198314980147041631, 0.5435600000000000431, -0.2750000000000000222 ) ) ;
#1286 = EDGE_CURVE ( 'NONE', #881, #2903, #922, .T. ) ;
#1287 = CARTESIAN_POINT ( 'NONE',  ( 0.4432274080541009353, 0.5385600000000000387, -0.3472411770317159752 ) ) ;
#1288 = AXIS2_PLACEMENT_3D ( 'NONE', #2044, #2454, #3222 ) ;
#1289 = ORIENTED_EDGE ( 'NONE', *, *, #1497, .F. ) ;
#1290 = FILL_AREA_STYLE ('',( #4526 ) ) ;
#1291 = DIRECTION ( 'NONE',  ( 0.2760118818968593790, 0.000000000000000000, -0.9611542233438680194 ) ) ;
#1292 = STYLED_ITEM ( 'NONE', ( #2651 ), #4044 ) ;
#1293 = DIRECTION ( 'NONE',  ( 0.000000000000000000, -1.000000000000000000, 0.000000000000000000 ) ) ;
#1294 = ORIENTED_EDGE ( 'NONE', *, *, #2168, .T. ) ;
#1295 = ORIENTED_EDGE ( 'NONE', *, *, #4459, .F. ) ;
#1296 = CARTESIAN_POINT ( 'NONE',  ( 0.01144000000000000052, 0.5385600000000000387, -0.01144000000000000052 ) ) ;
#1297 = SURFACE_STYLE_FILL_AREA ( #3033 ) ;
#1298 = AXIS2_PLACEMENT_3D ( 'NONE', #2133, #3687, #762 ) ;
#1299 = CARTESIAN_POINT ( 'NONE',  ( 0.2500000000000000555, 0.02288000000000003920, -0.5271200000000001440 ) ) ;
#1300 = ADVANCED_FACE ( 'NONE', ( #3776 ), #150, .F. ) ;
#1301 = FACE_OUTER_BOUND ( 'NONE', #3271, .T. ) ;
#1302 = CARTESIAN_POINT ( 'NONE',  ( 0.3986880322765967710, 0.5385600000000000387, -0.3066986769037985394 ) ) ;
#1303 = DIRECTION ( 'NONE',  ( 0.000000000000000000, 0.000000000000000000, 1.000000000000000000 ) ) ;
#1304 = ADVANCED_FACE ( 'NONE', ( #494 ), #1968, .T. ) ;
#1305 = VERTEX_POINT ( 'NONE', #2324 ) ;
#1306 =( LENGTH_UNIT ( ) NAMED_UNIT ( * ) SI_UNIT ( .MILLI., .METRE. ) );
#1307 = LINE ( 'NONE', #2379, #4000 ) ;
#1308 = ORIENTED_EDGE ( 'NONE', *, *, #353, .F. ) ;
#1309 = CARTESIAN_POINT ( 'NONE',  ( 0.5444044184021527011, 0.5435600000000000431, -0.3472411770317159752 ) ) ;
#1310 = DIRECTION ( 'NONE',  ( 1.000000000000000000, 0.000000000000000000, 0.000000000000000000 ) ) ;
#1311 = CARTESIAN_POINT ( 'NONE',  ( 0.2500000000000000555, 0.01144000000000004041, -0.5385600000000002607 ) ) ;
#1312 = ORIENTED_EDGE ( 'NONE', *, *, #4335, .F. ) ;
#1313 = SURFACE_STYLE_USAGE ( .BOTH. , #1014 ) ;
#1314 = ORIENTED_EDGE ( 'NONE', *, *, #4315, .F. ) ;
#1315 = DIRECTION ( 'NONE',  ( 0.000000000000000000, -1.000000000000000000, 0.000000000000000000 ) ) ;
#1316 = CARTESIAN_POINT ( 'NONE',  ( 0.2385600000000025755, -3.845126795636504264E-15, -0.5500000000000001554 ) ) ;
#1317 = LINE ( 'NONE', #2811, #1800 ) ;
#1318 = CARTESIAN_POINT ( 'NONE',  ( 1.050000000000000044, 0.000000000000000000, -0.01144000000000000052 ) ) ;
#1319 = PRESENTATION_STYLE_ASSIGNMENT (( #642 ) ) ;
#1320 = ORIENTED_EDGE ( 'NONE', *, *, #3740, .T. ) ;
#1321 = AXIS2_PLACEMENT_3D ( 'NONE', #1946, #526, #478 ) ;
#1322 = FILL_AREA_STYLE ('',( #669 ) ) ;
#1323 = SURFACE_SIDE_STYLE ('',( #4560 ) ) ;
#1324 = VECTOR ( 'NONE', #914, 1000.000000000000000 ) ;
#1325 = CARTESIAN_POINT ( 'NONE',  ( 0.5444044184021527011, 0.5385600000000000387, -0.3472411770317159752 ) ) ;
#1326 = EDGE_CURVE ( 'NONE', #277, #3048, #198, .T. ) ;
#1327 = COLOUR_RGB ( '',0.7686274509803920907, 0.7686274509803920907, 0.7686274509803920907 ) ;
#1328 = EDGE_LOOP ( 'NONE', ( #3111, #2450, #1769, #622 ) ) ;
#1329 = DIRECTION ( 'NONE',  ( 0.000000000000000000, 0.000000000000000000, 1.000000000000000000 ) ) ;
#1330 = EDGE_CURVE ( 'NONE', #4257, #775, #2610, .T. ) ;
#1331 = PRESENTATION_STYLE_ASSIGNMENT (( #1075 ) ) ;
#1332 = CARTESIAN_POINT ( 'NONE',  ( 0.3390295641239804425, 0.5385600000000000387, -0.2750000000000000222 ) ) ;
#1333 = EDGE_CURVE ( 'NONE', #2355, #4197, #896, .T. ) ;
#1334 = LINE ( 'NONE', #1374, #1512 ) ;
#1335 = ORIENTED_EDGE ( 'NONE', *, *, #995, .F. ) ;
#1336 = AXIS2_PLACEMENT_3D ( 'NONE', #1775, #3546, #4555 ) ;
#1337 = DIRECTION ( 'NONE',  ( 0.000000000000000000, 1.000000000000000000, 0.000000000000000000 ) ) ;
#1338 = ADVANCED_FACE ( 'NONE', ( #4508 ), #2066, .F. ) ;
#1339 = CIRCLE ( 'NONE', #358, 0.01143999999999993113 ) ;
#1340 = DIRECTION ( 'NONE',  ( 1.000000000000000000, -1.971276677246371272E-16, 0.000000000000000000 ) ) ;
#1341 =( GEOMETRIC_REPRESENTATION_CONTEXT ( 3 ) GLOBAL_UNCERTAINTY_ASSIGNED_CONTEXT ( ( #3591 ) ) GLOBAL_UNIT_ASSIGNED_CONTEXT ( ( #3160, #2807, #1703 ) ) REPRESENTATION_CONTEXT ( 'NONE', 'WORKASPACE' ) );
#1342 = CARTESIAN_POINT ( 'NONE',  ( 0.8114400000000001612, 0.01144000000000000052, -0.5385600000000001497 ) ) ;
#1343 = CARTESIAN_POINT ( 'NONE',  ( 0.4024981996217915081, 0.5435600000000000431, -0.3200535924125289533 ) ) ;
#1344 = SURFACE_SIDE_STYLE ('',( #4282 ) ) ;
#1345 = MECHANICAL_DESIGN_GEOMETRIC_PRESENTATION_REPRESENTATION (  '', ( #2545 ), #2856 ) ;
#1346 = MECHANICAL_DESIGN_GEOMETRIC_PRESENTATION_REPRESENTATION (  '', ( #1738 ), #4219 ) ;
#1347 = CARTESIAN_POINT ( 'NONE',  ( 0.5821063163675104235, 0.5435600000000000431, -0.2887465636336941643 ) ) ;
#1348 =( GEOMETRIC_REPRESENTATION_CONTEXT ( 3 ) GLOBAL_UNCERTAINTY_ASSIGNED_CONTEXT ( ( #2828 ) ) GLOBAL_UNIT_ASSIGNED_CONTEXT ( ( #2724, #1221, #209 ) ) REPRESENTATION_CONTEXT ( 'NONE', 'WORKASPACE' ) );
#1349 = LINE ( 'NONE', #2425, #2561 ) ;
#1350 = VERTEX_POINT ( 'NONE', #3867 ) ;
#1351 =( LENGTH_UNIT ( ) NAMED_UNIT ( * ) SI_UNIT ( .MILLI., .METRE. ) );
#1352 = ORIENTED_EDGE ( 'NONE', *, *, #3367, .F. ) ;
#1353 = SURFACE_SIDE_STYLE ('',( #679 ) ) ;
#1354 = PLANE ( 'NONE',  #596 ) ;
#1355 = STYLED_ITEM ( 'NONE', ( #3156 ), #3892 ) ;
#1356 = ORIENTED_EDGE ( 'NONE', *, *, #2564, .F. ) ;
#1358 = ADVANCED_FACE ( 'NONE', ( #3469 ), #4576, .T. ) ;
#1357 = STYLED_ITEM ( 'NONE', ( #115 ), #4023 ) ;
#1359 = CARTESIAN_POINT ( 'NONE',  ( 0.2500000000000000555, 0.01144000000000004041, -0.5500000000000001554 ) ) ;
#1360 = SURFACE_STYLE_FILL_AREA ( #2847 ) ;
#1361 = MECHANICAL_DESIGN_GEOMETRIC_PRESENTATION_REPRESENTATION (  '', ( #3482 ), #1437 ) ;
#1362 = EDGE_LOOP ( 'NONE', ( #4042, #3081, #3452, #2827 ) ) ;
#1363 = UNCERTAINTY_MEASURE_WITH_UNIT (LENGTH_MEASURE( 1.000000000000000082E-05 ), #3794, 'distance_accuracy_value', 'NONE');
#1364 = CARTESIAN_POINT ( 'NONE',  ( 0.3898580474327666967, 0.5435600000000000431, -0.3472411770317159752 ) ) ;
#1365 = CARTESIAN_POINT ( 'NONE',  ( 1.050000000000000044, 0.000000000000000000, -0.5500000000000001554 ) ) ;
#1366 =( LENGTH_UNIT ( ) NAMED_UNIT ( * ) SI_UNIT ( .MILLI., .METRE. ) );
#1367 = CARTESIAN_POINT ( 'NONE',  ( 0.8000960386105357980, 0.01312106662224123664, -0.5332209120377451317 ) ) ;
#1368 = DIRECTION ( 'NONE',  ( -4.738645858765299911E-15, 0.000000000000000000, -1.000000000000000000 ) ) ;
#1369 = CARTESIAN_POINT ( 'NONE',  ( 0.2499968528092940956, 0.01176689098586440260, -0.5300870249090696706 ) ) ;
#1370 = FILL_AREA_STYLE_COLOUR ( '', #3554 ) ;
#1371 = ORIENTED_EDGE ( 'NONE', *, *, #2073, .F. ) ;
#1372 = VERTEX_POINT ( 'NONE', #3493 ) ;
#1373 = DIRECTION ( 'NONE',  ( 0.000000000000000000, 0.000000000000000000, 1.000000000000000000 ) ) ;
#1374 = CARTESIAN_POINT ( 'NONE',  ( 0.5842229295658094568, 0.5435600000000000431, -0.3066986769036468830 ) ) ;
#1375 = ORIENTED_EDGE ( 'NONE', *, *, #3951, .T. ) ;
#1376 = DIRECTION ( 'NONE',  ( 1.000000000000000000, 0.000000000000000000, 0.000000000000000000 ) ) ;
#1377 = EDGE_LOOP ( 'NONE', ( #630, #1066, #2082, #4654 ) ) ;
#1378 = EDGE_CURVE ( 'NONE', #1233, #2702, #3538, .T. ) ;
#1379 = ORIENTED_EDGE ( 'NONE', *, *, #3618, .F. ) ;
#1380 = CARTESIAN_POINT ( 'NONE',  ( 0.000000000000000000, 0.01144000000000000052, -0.01144000000000000052 ) ) ;
#1381 = SURFACE_STYLE_USAGE ( .BOTH. , #1405 ) ;
#1382 = ADVANCED_FACE ( 'NONE', ( #3159 ), #657, .T. ) ;
#1383 =( NAMED_UNIT ( * ) SI_UNIT ( $, .STERADIAN. ) SOLID_ANGLE_UNIT ( ) );
#1384 = ORIENTED_EDGE ( 'NONE', *, *, #3019, .F. ) ;
#1385 = CARTESIAN_POINT ( 'NONE',  ( 0.4504330306523232075, 0.5435600000000000431, -0.3472411770317159752 ) ) ;
#1386 = ORIENTED_EDGE ( 'NONE', *, *, #1472, .T. ) ;
#1387 = LINE ( 'NONE', #670, #295 ) ;
#1388 = DIRECTION ( 'NONE',  ( 0.000000000000000000, 0.000000000000000000, -1.000000000000000000 ) ) ;
#1389 =( NAMED_UNIT ( * ) PLANE_ANGLE_UNIT ( ) SI_UNIT ( $, .RADIAN. ) );
#1390 = EDGE_CURVE ( 'NONE', #3306, #331, #4625, .T. ) ;
#1391 = ORIENTED_EDGE ( 'NONE', *, *, #1717, .T. ) ;
#1392 = ORIENTED_EDGE ( 'NONE', *, *, #1234, .T. ) ;
#1393 = AXIS2_PLACEMENT_3D ( 'NONE', #1347, #2422, #3169 ) ;
#1394 = CARTESIAN_POINT ( 'NONE',  ( 0.2500000000000000555, 0.01144000000000004041, -0.02161099590235864010 ) ) ;
#1395 = MECHANICAL_DESIGN_GEOMETRIC_PRESENTATION_REPRESENTATION (  '', ( #1261 ), #4574 ) ;
#1396 = ORIENTED_EDGE ( 'NONE', *, *, #1326, .F. ) ;
#1397 = CARTESIAN_POINT ( 'NONE',  ( 0.4784198030541204627, 0.5385600000000000387, -0.2956311519750140504 ) ) ;
#1398 =( GEOMETRIC_REPRESENTATION_CONTEXT ( 3 ) GLOBAL_UNCERTAINTY_ASSIGNED_CONTEXT ( ( #2979 ) ) GLOBAL_UNIT_ASSIGNED_CONTEXT ( ( #2109, #650, #4292 ) ) REPRESENTATION_CONTEXT ( 'NONE', 'WORKASPACE' ) );
#1399 = FILL_AREA_STYLE ('',( #4249 ) ) ;
#1400 = DIRECTION ( 'NONE',  ( -1.000000000000000000, 0.000000000000000000, -0.000000000000000000 ) ) ;
#1401 = PRESENTATION_LAYER_ASSIGNMENT (  '', '', ( #3143 ) ) ;
#1402 = ORIENTED_EDGE ( 'NONE', *, *, #1562, .F. ) ;
#1403 = EDGE_CURVE ( 'NONE', #2562, #3353, #586, .T. ) ;
#1404 = CARTESIAN_POINT ( 'NONE',  ( 0.2914999999999999813, 0.5385600000000000387, -0.2750000000000000222 ) ) ;
#1405 = SURFACE_SIDE_STYLE ('',( #2132 ) ) ;
#1406 = STYLED_ITEM ( 'NONE', ( #1457 ), #2524 ) ;
#1407 = VECTOR ( 'NONE', #3958, 1000.000000000000000 ) ;
#1408 = ORIENTED_EDGE ( 'NONE', *, *, #2149, .T. ) ;
#1409 = VECTOR ( 'NONE', #4272, 1000.000000000000114 ) ;
#1410 = CARTESIAN_POINT ( 'NONE',  ( 0.8000000000000001554, 0.01143999999999993113, -0.5271200000000001440 ) ) ;
#1411 = EDGE_CURVE ( 'NONE', #2195, #3485, #4551, .T. ) ;
#1412 = FILL_AREA_STYLE ('',( #4657 ) ) ;
#1413 = LINE ( 'NONE', #2861, #1056 ) ;
#1414 = FILL_AREA_STYLE ('',( #4660 ) ) ;
#1415 = VECTOR ( 'NONE', #3490, 1000.000000000000227 ) ;
#1416 = EDGE_LOOP ( 'NONE', ( #2823, #3899, #1730, #563 ) ) ;
#1417 = ORIENTED_EDGE ( 'NONE', *, *, #2805, .T. ) ;
#1418 = AXIS2_PLACEMENT_3D ( 'NONE', #4598, #3221, #4267 ) ;
#1421 = EDGE_CURVE ( 'NONE', #112, #3492, #2220, .T. ) ;
#1420 = PLANE ( 'NONE',  #342 ) ;
#1419 = VECTOR ( 'NONE', #4053, 1000.000000000000000 ) ;
#1422 = ORIENTED_EDGE ( 'NONE', *, *, #3579, .T. ) ;
#1423 = LINE ( 'NONE', #2869, #155 ) ;
#1424 = DIRECTION ( 'NONE',  ( 0.000000000000000000, 1.000000000000000000, 0.000000000000000000 ) ) ;
#1425 = STYLED_ITEM ( 'NONE', ( #3193 ), #3333 ) ;
#1426 = EDGE_LOOP ( 'NONE', ( #1294, #2272, #1577, #4326 ) ) ;
#1427 = ORIENTED_EDGE ( 'NONE', *, *, #340, .T. ) ;
#1428 = LINE ( 'NONE', #1397, #4448 ) ;
#1429 = CARTESIAN_POINT ( 'NONE',  ( 0.5532253972582884538, 0.5385600000000000387, -0.3066986769036468830 ) ) ;
#1430 = ORIENTED_EDGE ( 'NONE', *, *, #1273, .T. ) ;
#1431 = AXIS2_PLACEMENT_3D ( 'NONE', #4411, #774, #844 ) ;
#1432 = VERTEX_POINT ( 'NONE', #4673 ) ;
#1433 =( NAMED_UNIT ( * ) PLANE_ANGLE_UNIT ( ) SI_UNIT ( $, .RADIAN. ) );
#1434 = FACE_OUTER_BOUND ( 'NONE', #428, .T. ) ;
#1435 = PRESENTATION_LAYER_ASSIGNMENT (  '', '', ( #1292 ) ) ;
#1436 = B_SPLINE_CURVE_WITH_KNOTS ( 'NONE', 3,
 ( #3784, #569, #550, #4477, #1994, #1241, #3429, #2671, #3364, #4516 ),
 .UNSPECIFIED., .F., .F.,
 ( 4, 3, 3, 4 ),
 ( 0.000000000000000000, 3.600817818562708920E-06, 7.182643422685267256E-06, 8.953374655983214431E-06 ),
 .UNSPECIFIED. ) ;
#1437 =( GEOMETRIC_REPRESENTATION_CONTEXT ( 3 ) GLOBAL_UNCERTAINTY_ASSIGNED_CONTEXT ( ( #2117 ) ) GLOBAL_UNIT_ASSIGNED_CONTEXT ( ( #1366, #4206, #1383 ) ) REPRESENTATION_CONTEXT ( 'NONE', 'WORKASPACE' ) );
#1438 = PLANE ( 'NONE',  #2372 ) ;
#1439 = DIRECTION ( 'NONE',  ( -1.000000000000000000, 0.000000000000000000, 0.000000000000000000 ) ) ;
#1440 = CARTESIAN_POINT ( 'NONE',  ( 0.6563654491645175559, 0.5385600000000000387, -0.3332911785503940849 ) ) ;
#1441 = AXIS2_PLACEMENT_3D ( 'NONE', #2208, #807, #2854 ) ;
#1442 = CARTESIAN_POINT ( 'NONE',  ( 0.2385600000000000498, 0.5385600000000000387, -0.5500000000000001554 ) ) ;
#1443 = EDGE_CURVE ( 'NONE', #3530, #2649, #3933, .T. ) ;
#1444 = ORIENTED_EDGE ( 'NONE', *, *, #3426, .F. ) ;
#1445 = DIRECTION ( 'NONE',  ( -0.9601763114346026917, 0.000000000000000000, -0.2793947940814949793 ) ) ;
#1446 = CARTESIAN_POINT ( 'NONE',  ( 0.7999999999999819478, 0.01143999999999891111, -0.02228299758247073367 ) ) ;
#1447 = ORIENTED_EDGE ( 'NONE', *, *, #1107, .T. ) ;
#1448 = DIRECTION ( 'NONE',  ( 0.000000000000000000, -1.000000000000000000, 0.000000000000000000 ) ) ;
#1449 = EDGE_LOOP ( 'NONE', ( #2004, #2533, #3325 ) ) ;
#1450 = ORIENTED_EDGE ( 'NONE', *, *, #1840, .F. ) ;
#1451 = CARTESIAN_POINT ( 'NONE',  ( 0.2500000000000000555, 0.5385600000000000387, -0.5500000000000001554 ) ) ;
#1452 = CARTESIAN_POINT ( 'NONE',  ( 0.5040166865761323001, 0.5385600000000000387, -0.3472411770317159752 ) ) ;
#1453 = ORIENTED_EDGE ( 'NONE', *, *, #3916, .T. ) ;
#1454 = ADVANCED_FACE ( 'NONE', ( #703 ), #2127, .T. ) ;
#1455 = ORIENTED_EDGE ( 'NONE', *, *, #3324, .F. ) ;
#1456 = CARTESIAN_POINT ( 'NONE',  ( 0.2496708819557108550, 0.5358208357733361682, -0.5345611385315512942 ) ) ;
#1457 = PRESENTATION_STYLE_ASSIGNMENT (( #1381 ) ) ;
#1458 = SURFACE_STYLE_FILL_AREA ( #346 ) ;
#1459 = CARTESIAN_POINT ( 'NONE',  ( 0.2914999999999999813, 0.5435600000000000431, -0.2750000000000000222 ) ) ;
#1460 =( LENGTH_UNIT ( ) NAMED_UNIT ( * ) SI_UNIT ( .MILLI., .METRE. ) );
#1461 = CARTESIAN_POINT ( 'NONE',  ( 0.2385600000000000498, 0.5500000000000000444, -0.5385600000000000387 ) ) ;
#1462 = FILL_AREA_STYLE ('',( #1858 ) ) ;
#1463 = VERTEX_POINT ( 'NONE', #3228 ) ;
#1464 = DIRECTION ( 'NONE',  ( 1.000000000000000000, 2.369322929382658239E-15, -0.000000000000000000 ) ) ;
#1465 = EDGE_LOOP ( 'NONE', ( #2751, #2364, #1402, #2181 ) ) ;
#1466 = EDGE_CURVE ( 'NONE', #745, #3650, #1428, .T. ) ;
#1467 = CARTESIAN_POINT ( 'NONE',  ( 0.4811979921490492917, 0.5435600000000000431, -0.3472411770317159752 ) ) ;
#1468 = CARTESIAN_POINT ( 'NONE',  ( 1.038560000000000150, 0.01144000000000000225, -0.5500000000000001554 ) ) ;
#1469 = PRESENTATION_LAYER_ASSIGNMENT (  '', '', ( #4043 ) ) ;
#1470 = VERTEX_POINT ( 'NONE', #2846 ) ;
#1471 = CARTESIAN_POINT ( 'NONE',  ( 0.8000031471907086411, 0.5300870249090693376, -0.01176689098586416841 ) ) ;
#1472 = EDGE_CURVE ( 'NONE', #4479, #1233, #45, .T. ) ;
#1473 =( NAMED_UNIT ( * ) SI_UNIT ( $, .STERADIAN. ) SOLID_ANGLE_UNIT ( ) );
#1474 = CYLINDRICAL_SURFACE ( 'NONE', #2468, 0.01144000000000004041 ) ;
#1475 = VERTEX_POINT ( 'NONE', #1452 ) ;
#1476 = CARTESIAN_POINT ( 'NONE',  ( 0.2385600000000025755, 0.01144000000000000052, 0.000000000000000000 ) ) ;
#1477 = AXIS2_PLACEMENT_3D ( 'NONE', #3769, #510, #1984 ) ;
#1478 = VERTEX_POINT ( 'NONE', #2503 ) ;
#1479 = VECTOR ( 'NONE', #1152, 1000.000000000000000 ) ;
#1480 = CARTESIAN_POINT ( 'NONE',  ( 0.2500055380450196818, 0.5383429032573477935, -0.5296753631455541900 ) ) ;
#1481 = EDGE_CURVE ( 'NONE', #3343, #2993, #4365, .T. ) ;
#1482 = CARTESIAN_POINT ( 'NONE',  ( 0.2494983006540904547, 0.5352093015767741546, -0.5352093015767742656 ) ) ;
#1483 = CARTESIAN_POINT ( 'NONE',  ( 0.5980331937378059459, 0.5435600000000000431, -0.3472411770317159752 ) ) ;
#1484 = STYLED_ITEM ( 'NONE', ( #4098 ), #1001 ) ;
#1485 = CYLINDRICAL_SURFACE ( 'NONE', #126, 0.01144000000000000052 ) ;
#1486 = DIRECTION ( 'NONE',  ( -0.9619530280415443668, 0.000000000000000000, -0.2732148821746424594 ) ) ;
#1487 = VECTOR ( 'NONE', #81, 1000.000000000000000 ) ;
#1488 = CARTESIAN_POINT ( 'NONE',  ( 0.2498315286624142040, 0.5362971191700607321, -0.5362971191700607321 ) ) ;
#1489 = CARTESIAN_POINT ( 'NONE',  ( 0.5782056504091224181, 0.5435600000000000431, -0.2749999999999999667 ) ) ;
#1490 = FILL_AREA_STYLE ('',( #3646 ) ) ;
#1491 = STYLED_ITEM ( 'NONE', ( #4340 ), #1454 ) ;
#1492 = ORIENTED_EDGE ( 'NONE', *, *, #1083, .F. ) ;
#1493 = SURFACE_STYLE_USAGE ( .BOTH. , #3292 ) ;
#1494 = CIRCLE ( 'NONE', #4213, 0.01144000000000000052 ) ;
#1495 = CARTESIAN_POINT ( 'NONE',  ( 0.8000000000000001554, 0.01143999999999993113, -0.02287999999999986225 ) ) ;
#1496 = CARTESIAN_POINT ( 'NONE',  ( 0.01143999999999993113, 0.5500000000000000444, 0.000000000000000000 ) ) ;
#1497 = EDGE_CURVE ( 'NONE', #1584, #2836, #1155, .T. ) ;
#1498 =( GEOMETRIC_REPRESENTATION_CONTEXT ( 3 ) GLOBAL_UNCERTAINTY_ASSIGNED_CONTEXT ( ( #4253 ) ) GLOBAL_UNIT_ASSIGNED_CONTEXT ( ( #2453, #3512, #1058 ) ) REPRESENTATION_CONTEXT ( 'NONE', 'WORKASPACE' ) );
#1499 = AXIS2_PLACEMENT_3D ( 'NONE', #3010, #423, #810 ) ;
#1500 = ORIENTED_EDGE ( 'NONE', *, *, #1697, .F. ) ;
#1501 = CARTESIAN_POINT ( 'NONE',  ( 0.4653624462489371894, 0.5385600000000000387, -0.3393144210660131721 ) ) ;
#1502 = SURFACE_STYLE_FILL_AREA ( #2526 ) ;
#1503 = CARTESIAN_POINT ( 'NONE',  ( 0.4296903970343423085, 0.5385600000000000387, -0.3066986769037985394 ) ) ;
#1504 = DIRECTION ( 'NONE',  ( 0.000000000000000000, 1.000000000000000000, -0.000000000000000000 ) ) ;
#1505 = ORIENTED_EDGE ( 'NONE', *, *, #2687, .T. ) ;
#1506 = AXIS2_PLACEMENT_3D ( 'NONE', #3552, #316, #1761 ) ;
#1507 = EDGE_CURVE ( 'NONE', #1790, #3877, #2947, .T. ) ;
#1508 = ORIENTED_EDGE ( 'NONE', *, *, #2771, .F. ) ;
#1509 = AXIS2_PLACEMENT_3D ( 'NONE', #1065, #4648, #3910 ) ;
#1510 = FACE_OUTER_BOUND ( 'NONE', #1869, .T. ) ;
#1511 =( LENGTH_UNIT ( ) NAMED_UNIT ( * ) SI_UNIT ( .MILLI., .METRE. ) );
#1512 = VECTOR ( 'NONE', #2870, 1000.000000000000227 ) ;
#1513 = UNCERTAINTY_MEASURE_WITH_UNIT (LENGTH_MEASURE( 1.000000000000000082E-05 ), #1797, 'distance_accuracy_value', 'NONE');
#1514 = DIRECTION ( 'NONE',  ( 0.000000000000000000, -1.000000000000000000, 0.000000000000000000 ) ) ;
#1515 = VECTOR ( 'NONE', #1643, 1000.000000000000114 ) ;
#1516 = DIRECTION ( 'NONE',  ( 0.000000000000000000, -1.000000000000000000, 0.000000000000000000 ) ) ;
#1517 = CARTESIAN_POINT ( 'NONE',  ( 0.5444044184021527011, 0.5435600000000000431, -0.3472411770317159752 ) ) ;
#1518 = CYLINDRICAL_SURFACE ( 'NONE', #4300, 0.01143999999999998490 ) ;
#1519 = AXIS2_PLACEMENT_3D ( 'NONE', #2516, #3695, #3246 ) ;
#1520 = EDGE_LOOP ( 'NONE', ( #1246, #1666, #3293, #1553 ) ) ;
#1521 = CARTESIAN_POINT ( 'NONE',  ( 0.4024981996217915081, 0.5435600000000000431, -0.3200535924125289533 ) ) ;
#1522 = SURFACE_SIDE_STYLE ('',( #3600 ) ) ;
#1523 = CARTESIAN_POINT ( 'NONE',  ( 0.5532253972582884538, 0.5435600000000000431, -0.3066986769036468830 ) ) ;
#1524 = ORIENTED_EDGE ( 'NONE', *, *, #3473, .F. ) ;
#1525 = B_SPLINE_CURVE_WITH_KNOTS ( 'NONE', 3,
 ( #3397, #176, #3062, #3420, #3437, #4467, #238, #4504, #2319, #1250 ),
 .UNSPECIFIED., .F., .F.,
 ( 4, 3, 3, 4 ),
 ( 0.000000000000000000, 3.807012292923954812E-06, 7.621886349125358504E-06, 8.963476866336276703E-06 ),
 .UNSPECIFIED. ) ;
#1526 = SURFACE_STYLE_FILL_AREA ( #1199 ) ;
#1527 = DIRECTION ( 'NONE',  ( 0.000000000000000000, 0.000000000000000000, 1.000000000000000000 ) ) ;
#1528 = PLANE ( 'NONE',  #1125 ) ;
#1529 = FILL_AREA_STYLE ('',( #2274 ) ) ;
#1530 = ORIENTED_EDGE ( 'NONE', *, *, #4484, .T. ) ;
#1531 = DIRECTION ( 'NONE',  ( 1.000000000000000000, -0.000000000000000000, -0.000000000000000000 ) ) ;
#1532 = ORIENTED_EDGE ( 'NONE', *, *, #3300, .T. ) ;
#1533 = SURFACE_SIDE_STYLE ('',( #2586 ) ) ;
#1534 = LINE ( 'NONE', #51, #2613 ) ;
#1535 = EDGE_CURVE ( 'NONE', #775, #4273, #1339, .T. ) ;
#1536 = CARTESIAN_POINT ( 'NONE',  ( 0.8004057935791902834, 0.5355223845629196733, -0.01510378140969285791 ) ) ;
#1537 =( NAMED_UNIT ( * ) PLANE_ANGLE_UNIT ( ) SI_UNIT ( $, .RADIAN. ) );
#1538 = FACE_OUTER_BOUND ( 'NONE', #3603, .T. ) ;
#1539 = SPHERICAL_SURFACE ( 'NONE', #2460, 0.01144000000000000052 ) ;
#1540 = EDGE_CURVE ( 'NONE', #4662, #79, #1133, .T. ) ;
#1541 = CARTESIAN_POINT ( 'NONE',  ( 0.5992527283909674374, 0.5435600000000000431, -0.2750000000000000222 ) ) ;
#1542 = ORIENTED_EDGE ( 'NONE', *, *, #817, .F. ) ;
#1543 = ORIENTED_EDGE ( 'NONE', *, *, #1330, .F. ) ;
#1544 = CYLINDRICAL_SURFACE ( 'NONE', #1033, 0.01144000000000000052 ) ;
#1545 = ADVANCED_FACE ( 'NONE', ( #778 ), #1894, .T. ) ;
#1546 = CARTESIAN_POINT ( 'NONE',  ( 0.2494983006540904547, 0.5352093015767742656, -0.01479069842322589153 ) ) ;
#1547 =( NAMED_UNIT ( * ) PLANE_ANGLE_UNIT ( ) SI_UNIT ( $, .RADIAN. ) );
#1548 = ORIENTED_EDGE ( 'NONE', *, *, #2168, .F. ) ;
#1549 =( NAMED_UNIT ( * ) SI_UNIT ( $, .STERADIAN. ) SOLID_ANGLE_UNIT ( ) );
#1550 = LINE ( 'NONE', #888, #82 ) ;
#1551 =( LENGTH_UNIT ( ) NAMED_UNIT ( * ) SI_UNIT ( .MILLI., .METRE. ) );
#1552 = LINE ( 'NONE', #2997, #2165 ) ;
#1553 = ORIENTED_EDGE ( 'NONE', *, *, #847, .F. ) ;
#1554 = LINE ( 'NONE', #2583, #537 ) ;
#1555 = ORIENTED_EDGE ( 'NONE', *, *, #2858, .F. ) ;
#1556 = COLOUR_RGB ( '',0.7686274509803920907, 0.7686274509803920907, 0.7686274509803920907 ) ;
#1557 = EDGE_LOOP ( 'NONE', ( #4444, #3150, #801, #3106 ) ) ;
#1558 = EDGE_CURVE ( 'NONE', #4090, #3048, #1653, .T. ) ;
#1559 = DIRECTION ( 'NONE',  ( 0.000000000000000000, 1.000000000000000000, 0.000000000000000000 ) ) ;
#1560 = DIRECTION ( 'NONE',  ( 0.000000000000000000, -1.000000000000000000, 0.000000000000000000 ) ) ;
#1561 = AXIS2_PLACEMENT_3D ( 'NONE', #406, #1464, #2624 ) ;
#1562 = EDGE_CURVE ( 'NONE', #1167, #296, #1494, .T. ) ;
#1563 = UNCERTAINTY_MEASURE_WITH_UNIT (LENGTH_MEASURE( 1.000000000000000082E-05 ), #754, 'distance_accuracy_value', 'NONE');
#1564 = SURFACE_STYLE_USAGE ( .BOTH. , #928 ) ;
#1565 = SURFACE_SIDE_STYLE ('',( #1948 ) ) ;
#1566 = FACE_OUTER_BOUND ( 'NONE', #2251, .T. ) ;
#1567 = PRESENTATION_STYLE_ASSIGNMENT (( #2984 ) ) ;
#1568 =( NAMED_UNIT ( * ) SI_UNIT ( $, .STERADIAN. ) SOLID_ANGLE_UNIT ( ) );
#1569 = ORIENTED_EDGE ( 'NONE', *, *, #4106, .F. ) ;
#1570 = EDGE_CURVE ( 'NONE', #4662, #3280, #625, .T. ) ;
#1571 = VERTEX_POINT ( 'NONE', #3025 ) ;
#1572 =( NAMED_UNIT ( * ) SI_UNIT ( $, .STERADIAN. ) SOLID_ANGLE_UNIT ( ) );
#1573 = FILL_AREA_STYLE ('',( #1192 ) ) ;
#1574 = CARTESIAN_POINT ( 'NONE',  ( 0.5040166865761323001, 0.5435600000000000431, -0.3472411770317159752 ) ) ;
#1575 = AXIS2_PLACEMENT_3D ( 'NONE', #1296, #2824, #4271 ) ;
#1576 = EDGE_CURVE ( 'NONE', #4174, #1837, #2656, .T. ) ;
#1577 = ORIENTED_EDGE ( 'NONE', *, *, #1768, .F. ) ;
#1578 = AXIS2_PLACEMENT_3D ( 'NONE', #726, #279, #336 ) ;
#1580 =( LENGTH_UNIT ( ) NAMED_UNIT ( * ) SI_UNIT ( .MILLI., .METRE. ) );
#1579 = AXIS2_PLACEMENT_3D ( 'NONE', #2634, #4561, #1249 ) ;
#1581 = CARTESIAN_POINT ( 'NONE',  ( 0.8000000000000000444, 0.5271200000000000330, -0.5385600000000002607 ) ) ;
#1582 = CARTESIAN_POINT ( 'NONE',  ( 0.3610101836264471564, 0.5435600000000000431, -0.2750000000000000222 ) ) ;
#1583 = DIRECTION ( 'NONE',  ( -1.000000000000000000, 0.000000000000000000, 0.000000000000000000 ) ) ;
#1584 = VERTEX_POINT ( 'NONE', #4414 ) ;
#1585 = DIRECTION ( 'NONE',  ( 0.000000000000000000, 0.000000000000000000, 1.000000000000000000 ) ) ;
#1586 = ORIENTED_EDGE ( 'NONE', *, *, #952, .T. ) ;
#1587 = COLOUR_RGB ( '',0.7686274509803920907, 0.7686274509803920907, 0.7686274509803920907 ) ;
#1588 = ORIENTED_EDGE ( 'NONE', *, *, #1763, .T. ) ;
#1589 = AXIS2_PLACEMENT_3D ( 'NONE', #293, #1004, #954 ) ;
#1590 = FACE_OUTER_BOUND ( 'NONE', #4130, .T. ) ;
#1591 =( NAMED_UNIT ( * ) PLANE_ANGLE_UNIT ( ) SI_UNIT ( $, .RADIAN. ) );
#1592 = AXIS2_PLACEMENT_3D ( 'NONE', #1111, #4325, #1400 ) ;
#1593 = FACE_OUTER_BOUND ( 'NONE', #1995, .T. ) ;
#1594 = SURFACE_STYLE_USAGE ( .BOTH. , #1565 ) ;
#1595 = DIRECTION ( 'NONE',  ( 0.9610348236706640623, 0.000000000000000000, 0.2764273280489751849 ) ) ;
#1596 = CIRCLE ( 'NONE', #610, 0.01144000000000000052 ) ;
#1597 = LINE ( 'NONE', #3448, #4166 ) ;
#1598 = COLOUR_RGB ( '',0.7686274509803920907, 0.7686274509803920907, 0.7686274509803920907 ) ;
#1599 = EDGE_LOOP ( 'NONE', ( #3441, #108, #2496, #771, #1983, #701, #2605, #2065, #4074, #1774, #1006, #113, #3430, #2707, #3573, #2405, #940 ) ) ;
#1600 = SURFACE_STYLE_USAGE ( .BOTH. , #2673 ) ;
#1601 = DIRECTION ( 'NONE',  ( -1.000000000000000000, 0.000000000000000000, 0.000000000000000000 ) ) ;
#1603 = ADVANCED_FACE ( 'NONE', ( #850 ), #1528, .F. ) ;
#1602 = STYLED_ITEM ( 'NONE', ( #205 ), #4224 ) ;
#1604 = CARTESIAN_POINT ( 'NONE',  ( 0.01143999999999993113, 0.01144000000000000052, -0.5385600000000001497 ) ) ;
#1605 = EDGE_LOOP ( 'NONE', ( #4073, #465, #3205, #4386, #851, #571, #4116, #3484 ) ) ;
#1606 = AXIS2_PLACEMENT_3D ( 'NONE', #4, #2884, #4349 ) ;
#1607 = CARTESIAN_POINT ( 'NONE',  ( 0.4340371859534520316, 0.5435600000000000431, -0.2749999999999999667 ) ) ;
#1608 = DIRECTION ( 'NONE',  ( -0.3829140317376896196, 0.000000000000000000, -0.9237839814038710795 ) ) ;
#1609 = LINE ( 'NONE', #4548, #4065 ) ;
#1610 = VERTEX_POINT ( 'NONE', #2603 ) ;
#1611 = DIRECTION ( 'NONE',  ( -0.000000000000000000, 0.000000000000000000, 1.000000000000000000 ) ) ;
#1612 = ORIENTED_EDGE ( 'NONE', *, *, #500, .F. ) ;
#1613 = DIRECTION ( 'NONE',  ( 1.000000000000000000, -0.000000000000000000, -0.000000000000000000 ) ) ;
#1614 = EDGE_CURVE ( 'NONE', #1205, #1036, #2626, .T. ) ;
#1615 = DIRECTION ( 'NONE',  ( 0.000000000000000000, -1.000000000000000000, 0.000000000000000000 ) ) ;
#1616 = APPLICATION_CONTEXT ( 'automotive_design' ) ;
#1617 = UNCERTAINTY_MEASURE_WITH_UNIT (LENGTH_MEASURE( 1.000000000000000082E-05 ), #414, 'distance_accuracy_value', 'NONE');
#1618 =( LENGTH_UNIT ( ) NAMED_UNIT ( * ) SI_UNIT ( .MILLI., .METRE. ) );
#1619 = CARTESIAN_POINT ( 'NONE',  ( 1.038560000000000150, 0.5385600000000000387, -0.5500000000000000444 ) ) ;
#1620 = B_SPLINE_CURVE_WITH_KNOTS ( 'NONE', 3,
 ( #1161, #1211, #546, #2281, #2643, #1924, #477, #154, #1536, #3377 ),
 .UNSPECIFIED., .F., .F.,
 ( 4, 3, 3, 4 ),
 ( 0.000000000000000000, 3.807012292923926860E-06, 7.621886349125315306E-06, 8.963476866336112379E-06 ),
 .UNSPECIFIED. ) ;
#1621 = ORIENTED_EDGE ( 'NONE', *, *, #3631, .F. ) ;
#1622 = FILL_AREA_STYLE ('',( #1245 ) ) ;
#1623 = ORIENTED_EDGE ( 'NONE', *, *, #871, .F. ) ;
#1624 = EDGE_CURVE ( 'NONE', #68, #4606, #2678, .T. ) ;
#1625 = PLANE ( 'NONE',  #4500 ) ;
#1626 = FACE_OUTER_BOUND ( 'NONE', #2242, .T. ) ;
#1627 = PLANE ( 'NONE',  #1660 ) ;
#1628 = ORIENTED_EDGE ( 'NONE', *, *, #3077, .T. ) ;
#1629 =( LENGTH_UNIT ( ) NAMED_UNIT ( * ) SI_UNIT ( .MILLI., .METRE. ) );
#1630 = VERTEX_POINT ( 'NONE', #4125 ) ;
#1631 = ADVANCED_FACE ( 'NONE', ( #825 ), #2245, .F. ) ;
#1632 = DIRECTION ( 'NONE',  ( -1.000000000000000000, 0.000000000000000000, 0.000000000000000000 ) ) ;
#1633 = DIRECTION ( 'NONE',  ( 0.000000000000000000, -1.000000000000000000, 0.000000000000000000 ) ) ;
#1634 = ORIENTED_EDGE ( 'NONE', *, *, #2538, .F. ) ;
#1635 = ADVANCED_FACE ( 'NONE', ( #1916 ), #1961, .T. ) ;
#1636 = CLOSED_SHELL ( 'NONE', ( #506, #244, #989, #3170, #403, #2667, #628, #1900, #1986, #2461, #723, #2594, #971, #2154, #106, #383, #578, #1163, #4251, #874, #1923, #1603, #709, #1794, #5 ) ) ;
#1637 = SURFACE_STYLE_USAGE ( .BOTH. , #202 ) ;
#1638 = FILL_AREA_STYLE ('',( #3782 ) ) ;
#1639 = CARTESIAN_POINT ( 'NONE',  ( 0.5040166865761323001, 0.5435600000000000431, -0.3472411770317159752 ) ) ;
#1640 = COLOUR_RGB ( '',0.7686274509803920907, 0.7686274509803920907, 0.7686274509803920907 ) ;
#1641 = ORIENTED_EDGE ( 'NONE', *, *, #3755, .F. ) ;
#1642 = CARTESIAN_POINT ( 'NONE',  ( 0.5842229295658094568, 0.5435600000000000431, -0.3066986769036468830 ) ) ;
#1643 = DIRECTION ( 'NONE',  ( 0.2763139702539153530, 0.000000000000000000, -0.9610674221107061710 ) ) ;
#1644 = EDGE_CURVE ( 'NONE', #3195, #3650, #4287, .T. ) ;
#1645 = AXIS2_PLACEMENT_3D ( 'NONE', #4537, #1259, #3409 ) ;
#1646 = VERTEX_POINT ( 'NONE', #2816 ) ;
#1647 = FACE_OUTER_BOUND ( 'NONE', #474, .T. ) ;
#1648 = CARTESIAN_POINT ( 'NONE',  ( 0.8004057935791902834, 0.5348962185903072264, -0.5355223845629197843 ) ) ;
#1649 = CIRCLE ( 'NONE', #4374, 0.01144000000000000052 ) ;
#1650 = CARTESIAN_POINT ( 'NONE',  ( 0.5992527283909674374, 0.5435600000000000431, -0.2750000000000000222 ) ) ;
#1651 = DIRECTION ( 'NONE',  ( 0.000000000000000000, -1.000000000000000000, 0.000000000000000000 ) ) ;
#1652 = VECTOR ( 'NONE', #263, 1000.000000000000000 ) ;
#1653 = CIRCLE ( 'NONE', #1579, 0.01143999999999998490 ) ;
#1654 = EDGE_LOOP ( 'NONE', ( #1920, #2967, #301, #3750 ) ) ;
#1655 = PRODUCT_DEFINITION_SHAPE ( 'NONE', 'NONE',  #519 ) ;
#1656 = SURFACE_SIDE_STYLE ('',( #3003 ) ) ;
#1657 = AXIS2_PLACEMENT_3D ( 'NONE', #714, #4614, #9 ) ;
#1658 = EDGE_CURVE ( 'NONE', #1432, #1242, #315, .T. ) ;
#1659 = UNCERTAINTY_MEASURE_WITH_UNIT (LENGTH_MEASURE( 1.000000000000000082E-05 ), #3643, 'distance_accuracy_value', 'NONE');
#1660 = AXIS2_PLACEMENT_3D ( 'NONE', #2363, #4487, #557 ) ;
#1661 = AXIS2_PLACEMENT_3D ( 'NONE', #2362, #3419, #1291 ) ;
#1662 = DIRECTION ( 'NONE',  ( 4.738645858765300700E-15, -1.000000000000000000, -1.971276677246371519E-16 ) ) ;
#1663 = LINE ( 'NONE', #3410, #1952 ) ;
#1664 = STYLED_ITEM ( 'NONE', ( #715 ), #3415 ) ;
#1665 =( NAMED_UNIT ( * ) PLANE_ANGLE_UNIT ( ) SI_UNIT ( $, .RADIAN. ) );
#1666 = ORIENTED_EDGE ( 'NONE', *, *, #2805, .F. ) ;
#1667 = VECTOR ( 'NONE', #1315, 1000.000000000000000 ) ;
#1668 = DIRECTION ( 'NONE',  ( 0.2763139702539153530, 0.000000000000000000, -0.9610674221107061710 ) ) ;
#1669 = CARTESIAN_POINT ( 'NONE',  ( 0.5481003641384906144, 0.5435600000000000431, -0.2887465636336941643 ) ) ;
#1670 =( NAMED_UNIT ( * ) PLANE_ANGLE_UNIT ( ) SI_UNIT ( $, .RADIAN. ) );
#1671 = AXIS2_PLACEMENT_3D ( 'NONE', #1084, #2499, #3181 ) ;
#1672 = EDGE_LOOP ( 'NONE', ( #2336, #4247, #3670, #2175 ) ) ;
#1673 = DIRECTION ( 'NONE',  ( 0.000000000000000000, -1.000000000000000000, 0.000000000000000000 ) ) ;
#1674 = LINE ( 'NONE', #3244, #157 ) ;
#1675 =( GEOMETRIC_REPRESENTATION_CONTEXT ( 3 ) GLOBAL_UNCERTAINTY_ASSIGNED_CONTEXT ( ( #946 ) ) GLOBAL_UNIT_ASSIGNED_CONTEXT ( ( #4482, #3018, #3456 ) ) REPRESENTATION_CONTEXT ( 'NONE', 'WORKASPACE' ) );
#1676 = LINE ( 'NONE', #1938, #1055 ) ;
#1677 =( NAMED_UNIT ( * ) PLANE_ANGLE_UNIT ( ) SI_UNIT ( $, .RADIAN. ) );
#1678 = VECTOR ( 'NONE', #3411, 1000.000000000000000 ) ;
#1679 = ORIENTED_EDGE ( 'NONE', *, *, #4140, .T. ) ;
#1680 =( LENGTH_UNIT ( ) NAMED_UNIT ( * ) SI_UNIT ( .MILLI., .METRE. ) );
#1681 = ORIENTED_EDGE ( 'NONE', *, *, #3358, .F. ) ;
#1682 = VECTOR ( 'NONE', #3619, 1000.000000000000000 ) ;
#1683 = CARTESIAN_POINT ( 'NONE',  ( 0.4064080911670675533, 0.5435600000000000431, -0.3334904399182307966 ) ) ;
#1684 = CARTESIAN_POINT ( 'NONE',  ( 0.3122608651344602748, 0.5435600000000000431, -0.3472411770317159752 ) ) ;
#1685 = ADVANCED_FACE ( 'NONE', ( #3594 ), #2862, .F. ) ;
#1686 = CARTESIAN_POINT ( 'NONE',  ( 0.01143999999999993113, 0.5385600000000000387, -0.5385600000000000387 ) ) ;
#1687 = PLANE ( 'NONE',  #618 ) ;
#1688 = ORIENTED_EDGE ( 'NONE', *, *, #2771, .T. ) ;
#1689 = EDGE_CURVE ( 'NONE', #1837, #2432, #3921, .T. ) ;
#1690 =( NAMED_UNIT ( * ) PLANE_ANGLE_UNIT ( ) SI_UNIT ( $, .RADIAN. ) );
#1691 = DIRECTION ( 'NONE',  ( 1.000000000000000000, 0.000000000000000000, 0.000000000000000000 ) ) ;
#1692 = CARTESIAN_POINT ( 'NONE',  ( 0.2498717923918233053, 0.01323365377589176030, -0.5333856747510301588 ) ) ;
#1693 = DIRECTION ( 'NONE',  ( 0.000000000000000000, -1.000000000000000000, 0.000000000000000000 ) ) ;
#1694 = EDGE_LOOP ( 'NONE', ( #3127, #707, #864, #990 ) ) ;
#1695 = ORIENTED_EDGE ( 'NONE', *, *, #500, .T. ) ;
#1697 = EDGE_CURVE ( 'NONE', #4197, #3353, #1387, .T. ) ;
#1696 =( NAMED_UNIT ( * ) PLANE_ANGLE_UNIT ( ) SI_UNIT ( $, .RADIAN. ) );
#1698 = LINE ( 'NONE', #255, #3466 ) ;
#1699 = CARTESIAN_POINT ( 'NONE',  ( 0.3784755374227058988, 0.5435600000000000431, -0.3472411770317159752 ) ) ;
#1700 = B_SPLINE_CURVE_WITH_KNOTS ( 'NONE', 3,
 ( #2171, #2990, #4387, #93, #721, #3972, #773, #4026, #3632, #1546 ),
 .UNSPECIFIED., .F., .F.,
 ( 4, 3, 3, 4 ),
 ( 0.000000000000000000, 3.807012292923939142E-06, 7.621886349125317000E-06, 8.963476866336405452E-06 ),
 .UNSPECIFIED. ) ;
#1701 = EDGE_LOOP ( 'NONE', ( #1955, #1314, #1508, #471 ) ) ;
#1702 = FILL_AREA_STYLE_COLOUR ( '', #3381 ) ;
#1703 =( NAMED_UNIT ( * ) SI_UNIT ( $, .STERADIAN. ) SOLID_ANGLE_UNIT ( ) );
#1704 = EDGE_LOOP ( 'NONE', ( #4033, #1823, #1190 ) ) ;
#1705 = UNCERTAINTY_MEASURE_WITH_UNIT (LENGTH_MEASURE( 1.000000000000000082E-05 ), #3789, 'distance_accuracy_value', 'NONE');
#1706 = CARTESIAN_POINT ( 'NONE',  ( 0.5040166865761323001, 0.5435600000000000431, -0.3472411770317159752 ) ) ;
#1707 = DIRECTION ( 'NONE',  ( 0.05596501978068185029, 0.000000000000000000, -0.9984327301130245802 ) ) ;
#1708 = CARTESIAN_POINT ( 'NONE',  ( 0.3690699447935828492, 0.5435600000000000431, -0.2749999999999999667 ) ) ;
#1709 = LINE ( 'NONE', #3500, #920 ) ;
#1710 = EDGE_CURVE ( 'NONE', #2195, #4090, #1885, .T. ) ;
#1711 = CARTESIAN_POINT ( 'NONE',  ( 0.3120420868753917554, 0.5435600000000000431, -0.2749999999999999667 ) ) ;
#1712 = MECHANICAL_DESIGN_GEOMETRIC_PRESENTATION_REPRESENTATION (  '', ( #2992 ), #53 ) ;
#1713 = FILL_AREA_STYLE_COLOUR ( '', #1897 ) ;
#1714 = CARTESIAN_POINT ( 'NONE',  ( 0.8000000000000000444, 0.5271200000000000330, -0.01143999999999982184 ) ) ;
#1715 = ORIENTED_EDGE ( 'NONE', *, *, #2214, .T. ) ;
#1716 = CARTESIAN_POINT ( 'NONE',  ( 0.000000000000000000, 0.000000000000000000, 0.000000000000000000 ) ) ;
#1717 = EDGE_CURVE ( 'NONE', #24, #2501, #692, .T. ) ;
#1718 =( GEOMETRIC_REPRESENTATION_CONTEXT ( 3 ) GLOBAL_UNCERTAINTY_ASSIGNED_CONTEXT ( ( #3962 ) ) GLOBAL_UNIT_ASSIGNED_CONTEXT ( ( #133, #746, #1572 ) ) REPRESENTATION_CONTEXT ( 'NONE', 'WORKASPACE' ) );
#1719 = ORIENTED_EDGE ( 'NONE', *, *, #590, .T. ) ;
#1720 = FILL_AREA_STYLE ('',( #4619 ) ) ;
#1721 = DIRECTION ( 'NONE',  ( 0.000000000000000000, 0.000000000000000000, -1.000000000000000000 ) ) ;
#1722 = CARTESIAN_POINT ( 'NONE',  ( 0.2495942064208124256, 0.01447761543708025490, -0.01510378140969299496 ) ) ;
#1723 = AXIS2_PLACEMENT_3D ( 'NONE', #4258, #291, #4309 ) ;
#1724 = ADVANCED_FACE ( 'NONE', ( #2515 ), #1022, .T. ) ;
#1725 = EDGE_LOOP ( 'NONE', ( #3461, #4344, #2593, #3598 ) ) ;
#1726 = VECTOR ( 'NONE', #3641, 1000.000000000000000 ) ;
#1727 = DIRECTION ( 'NONE',  ( -0.000000000000000000, -1.000000000000000000, -1.971276677246371519E-16 ) ) ;
#1728 = VECTOR ( 'NONE', #2692, 1000.000000000000114 ) ;
#1729 = VECTOR ( 'NONE', #3677, 1000.000000000000000 ) ;
#1730 = ORIENTED_EDGE ( 'NONE', *, *, #1286, .F. ) ;
#1731 = CARTESIAN_POINT ( 'NONE',  ( 0.2385600000000025755, -3.845126795636504264E-15, 0.000000000000000000 ) ) ;
#1732 = STYLED_ITEM ( 'NONE', ( #2008 ), #2729 ) ;
#1733 = LINE ( 'NONE', #3166, #142 ) ;
#1734 = COLOUR_RGB ( '',0.7686274509803920907, 0.7686274509803920907, 0.7686274509803920907 ) ;
#1735 = CARTESIAN_POINT ( 'NONE',  ( 0.3447511851896571389, 0.5435600000000000431, -0.3142249984713705868 ) ) ;
#1736 = DIRECTION ( 'NONE',  ( 4.738645858765300700E-15, -1.000000000000000000, -1.971276677246371519E-16 ) ) ;
#1737 = VERTEX_POINT ( 'NONE', #3551 ) ;
#1738 = STYLED_ITEM ( 'NONE', ( #1331 ), #2114 ) ;
#1739 = DIRECTION ( 'NONE',  ( 0.000000000000000000, 0.000000000000000000, 1.000000000000000000 ) ) ;
#1740 = SURFACE_STYLE_USAGE ( .BOTH. , #2860 ) ;
#1741 = CARTESIAN_POINT ( 'NONE',  ( 0.4811979921490492917, 0.5435600000000000431, -0.3472411770317159752 ) ) ;
#1742 = CIRCLE ( 'NONE', #2248, 0.01144000000000004041 ) ;
#1743 = LINE ( 'NONE', #2378, #2102 ) ;
#1744 = DIRECTION ( 'NONE',  ( 0.2762033010289141055, 0.000000000000000000, -0.9610992334305189511 ) ) ;
#1745 = VECTOR ( 'NONE', #564, 1000.000000000000000 ) ;
#1746 = ORIENTED_EDGE ( 'NONE', *, *, #996, .T. ) ;
#1747 = PLANE ( 'NONE',  #3674 ) ;
#1748 = ADVANCED_FACE ( 'NONE', ( #3213 ), #2076, .T. ) ;
#1749 = CARTESIAN_POINT ( 'NONE',  ( 0.8000031471907086411, 0.01991297509093073459, -0.5382331090141359020 ) ) ;
#1750 = SURFACE_SIDE_STYLE ('',( #4599 ) ) ;
#1751 = ORIENTED_EDGE ( 'NONE', *, *, #2442, .F. ) ;
#1752 = MECHANICAL_DESIGN_GEOMETRIC_PRESENTATION_REPRESENTATION (  '', ( #1292 ), #4314 ) ;
#1753 = PRESENTATION_STYLE_ASSIGNMENT (( #4274 ) ) ;
#1754 = EDGE_LOOP ( 'NONE', ( #853, #4412, #918, #381 ) ) ;
#1755 = CARTESIAN_POINT ( 'NONE',  ( 0.2499316151976899436, 0.5373110132924374671, -0.01768222662350842078 ) ) ;
#1756 = EDGE_CURVE ( 'NONE', #3650, #2839, #2262, .T. ) ;
#1757 = CARTESIAN_POINT ( 'NONE',  ( 0.4340371859534520316, 0.5385600000000000387, -0.2749999999999999667 ) ) ;
#1758 = LINE ( 'NONE', #3168, #1150 ) ;
#1759 = FILL_AREA_STYLE_COLOUR ( '', #2766 ) ;
#1760 = DIRECTION ( 'NONE',  ( 1.000000000000000000, 0.000000000000000000, -4.738645858765300700E-15 ) ) ;
#1761 = DIRECTION ( 'NONE',  ( 0.000000000000000000, 0.000000000000000000, 1.000000000000000000 ) ) ;
#1762 = EDGE_LOOP ( 'NONE', ( #2949, #656, #1106, #395 ) ) ;
#1763 = EDGE_CURVE ( 'NONE', #2810, #1253, #3157, .T. ) ;
#1764 = VERTEX_POINT ( 'NONE', #3287 ) ;
#1765 = FACE_OUTER_BOUND ( 'NONE', #1265, .T. ) ;
#1766 = CARTESIAN_POINT ( 'NONE',  ( 1.050000000000000044, 0.5500000000000000444, -0.5385600000000000387 ) ) ;
#1767 = CARTESIAN_POINT ( 'NONE',  ( 0.01144000000000000052, 0.5385600000000000387, -0.01144000000000000052 ) ) ;
#1768 = EDGE_CURVE ( 'NONE', #1432, #4662, #789, .T. ) ;
#1769 = ORIENTED_EDGE ( 'NONE', *, *, #3906, .F. ) ;
#1770 = DIRECTION ( 'NONE',  ( 0.2732148821746424594, 0.000000000000000000, -0.9619530280415443668 ) ) ;
#1771 = ORIENTED_EDGE ( 'NONE', *, *, #1919, .T. ) ;
#1772 =( NAMED_UNIT ( * ) PLANE_ANGLE_UNIT ( ) SI_UNIT ( $, .RADIAN. ) );
#1773 = ADVANCED_FACE ( 'NONE', ( #424 ), #2231, .T. ) ;
#1774 = ORIENTED_EDGE ( 'NONE', *, *, #2087, .T. ) ;
#1775 = CARTESIAN_POINT ( 'NONE',  ( 0.2385600000000000498, 0.5385600000000000387, -0.01144000000000000052 ) ) ;
#1776 = ADVANCED_FACE ( 'NONE', ( #110 ), #2959, .F. ) ;
#1777 = CARTESIAN_POINT ( 'NONE',  ( 0.8114400000000001612, 0.000000000000000000, -0.5385600000000001497 ) ) ;
#1778 = CARTESIAN_POINT ( 'NONE',  ( 0.4024981996217915081, 0.5435600000000000431, -0.3200535924125289533 ) ) ;
#1779 = CARTESIAN_POINT ( 'NONE',  ( 0.2385600000000000498, 0.5385600000000000387, -0.5385600000000000387 ) ) ;
#1780 = DIRECTION ( 'NONE',  ( 0.000000000000000000, 0.000000000000000000, 1.000000000000000000 ) ) ;
#1781 =( LENGTH_UNIT ( ) NAMED_UNIT ( * ) SI_UNIT ( .MILLI., .METRE. ) );
#1782 = CARTESIAN_POINT ( 'NONE',  ( 1.038560000000000150, 0.01144000000000000052, -0.5385600000000001497 ) ) ;
#1783 = ORIENTED_EDGE ( 'NONE', *, *, #1215, .F. ) ;
#1784 = PLANE ( 'NONE',  #2143 ) ;
#1785 = MECHANICAL_DESIGN_GEOMETRIC_PRESENTATION_REPRESENTATION (  '', ( #3517 ), #3519 ) ;
#1786 = CARTESIAN_POINT ( 'NONE',  ( 0.4653624462489371894, 0.5435600000000000431, -0.3393144210660131721 ) ) ;
#1787 =( NAMED_UNIT ( * ) SI_UNIT ( $, .STERADIAN. ) SOLID_ANGLE_UNIT ( ) );
#1788 = ORIENTED_EDGE ( 'NONE', *, *, #3498, .F. ) ;
#1789 = VECTOR ( 'NONE', #3649, 1000.000000000000227 ) ;
#1790 = VERTEX_POINT ( 'NONE', #3341 ) ;
#1791 = DIRECTION ( 'NONE',  ( 1.000000000000000000, 0.000000000000000000, 0.000000000000000000 ) ) ;
#1792 = VECTOR ( 'NONE', #3855, 1000.000000000000000 ) ;
#1793 = CARTESIAN_POINT ( 'NONE',  ( 1.038560000000000150, 0.000000000000000000, -0.5385600000000001497 ) ) ;
#1794 = ADVANCED_FACE ( 'NONE', ( #2617 ), #2875, .F. ) ;
#1795 =( LENGTH_UNIT ( ) NAMED_UNIT ( * ) SI_UNIT ( .MILLI., .METRE. ) );
#1796 = ORIENTED_EDGE ( 'NONE', *, *, #1011, .T. ) ;
#1797 =( LENGTH_UNIT ( ) NAMED_UNIT ( * ) SI_UNIT ( .MILLI., .METRE. ) );
#1798 = LINE ( 'NONE', #665, #222 ) ;
#1799 = EDGE_CURVE ( 'NONE', #405, #4192, #4348, .T. ) ;
#1800 = VECTOR ( 'NONE', #308, 1000.000000000000114 ) ;
#1801 = AXIS2_PLACEMENT_3D ( 'NONE', #1359, #3582, #3954 ) ;
#1802 =( GEOMETRIC_REPRESENTATION_CONTEXT ( 3 ) GLOBAL_UNCERTAINTY_ASSIGNED_CONTEXT ( ( #2690 ) ) GLOBAL_UNIT_ASSIGNED_CONTEXT ( ( #2414, #324, #1032 ) ) REPRESENTATION_CONTEXT ( 'NONE', 'WORKASPACE' ) );
#1803 = DIRECTION ( 'NONE',  ( 0.2740217765953990026, 0.000000000000000000, -0.9617234872620618047 ) ) ;
#1804 =( LENGTH_UNIT ( ) NAMED_UNIT ( * ) SI_UNIT ( .MILLI., .METRE. ) );
#1805 = DIRECTION ( 'NONE',  ( -1.000000000000000000, 0.000000000000000000, 0.000000000000000000 ) ) ;
#1806 = PRESENTATION_STYLE_ASSIGNMENT (( #4635 ) ) ;
#1807 = COLOUR_RGB ( '',0.7686274509803920907, 0.7686274509803920907, 0.7686274509803920907 ) ;
#1808 =( NAMED_UNIT ( * ) SI_UNIT ( $, .STERADIAN. ) SOLID_ANGLE_UNIT ( ) );
#1809 = VECTOR ( 'NONE', #4438, 1000.000000000000000 ) ;
#1810 = VERTEX_POINT ( 'NONE', #2502 ) ;
#1811 = PRESENTATION_LAYER_ASSIGNMENT (  '', '', ( #906 ) ) ;
#1812 = VECTOR ( 'NONE', #3045, 1000.000000000000000 ) ;
#1813 = VERTEX_POINT ( 'NONE', #1866 ) ;
#1814 = EDGE_CURVE ( 'NONE', #3449, #2434, #3613, .T. ) ;
#1815 =( NAMED_UNIT ( * ) SI_UNIT ( $, .STERADIAN. ) SOLID_ANGLE_UNIT ( ) );
#1816 = DIRECTION ( 'NONE',  ( 1.000000000000000000, 0.000000000000000000, 0.000000000000000000 ) ) ;
#1817 = ORIENTED_EDGE ( 'NONE', *, *, #3796, .F. ) ;
#1818 = PRESENTATION_LAYER_ASSIGNMENT (  '', '', ( #1974 ) ) ;
#1819 = SURFACE_STYLE_USAGE ( .BOTH. , #1064 ) ;
#1820 = ORIENTED_EDGE ( 'NONE', *, *, #2753, .T. ) ;
#1821 = FACE_OUTER_BOUND ( 'NONE', #3734, .T. ) ;
#1822 = VECTOR ( 'NONE', #2941, 1000.000000000000000 ) ;
#1823 = ORIENTED_EDGE ( 'NONE', *, *, #2223, .T. ) ;
#1824 = DIRECTION ( 'NONE',  ( 0.2755265765475200523, 0.000000000000000000, -0.9612934544747526733 ) ) ;
#1825 = LINE ( 'NONE', #1757, #2772 ) ;
#1826 = PRESENTATION_LAYER_ASSIGNMENT (  '', '', ( #2046 ) ) ;
#1827 = SURFACE_SIDE_STYLE ('',( #1458 ) ) ;
#1829 = EDGE_CURVE ( 'NONE', #2810, #1263, #4323, .T. ) ;
#1828 =( GEOMETRIC_REPRESENTATION_CONTEXT ( 3 ) GLOBAL_UNCERTAINTY_ASSIGNED_CONTEXT ( ( #4580 ) ) GLOBAL_UNIT_ASSIGNED_CONTEXT ( ( #2193, #36, #1808 ) ) REPRESENTATION_CONTEXT ( 'NONE', 'WORKASPACE' ) );
#1830 = FACE_OUTER_BOUND ( 'NONE', #1701, .T. ) ;
#1831 =( NAMED_UNIT ( * ) SI_UNIT ( $, .STERADIAN. ) SOLID_ANGLE_UNIT ( ) );
#1832 = CARTESIAN_POINT ( 'NONE',  ( 0.2499912337617046787, 0.01874648206140856407, -0.01214617919449512834 ) ) ;
#1833 = PRESENTATION_STYLE_ASSIGNMENT (( #3667 ) ) ;
#1834 = SURFACE_SIDE_STYLE ('',( #4332 ) ) ;
#1835 =( NAMED_UNIT ( * ) SI_UNIT ( $, .STERADIAN. ) SOLID_ANGLE_UNIT ( ) );
#1836 = ADVANCED_FACE ( 'NONE', ( #725 ), #3656, .T. ) ;
#1837 = VERTEX_POINT ( 'NONE', #468 ) ;
#1838 = DIRECTION ( 'NONE',  ( -1.000000000000000000, 0.000000000000000000, 0.000000000000000000 ) ) ;
#1839 = DIRECTION ( 'NONE',  ( 1.000000000000000000, 0.000000000000000000, 0.000000000000000000 ) ) ;
#1840 = EDGE_CURVE ( 'NONE', #116, #3575, #3255, .T. ) ;
#1841 = EDGE_LOOP ( 'NONE', ( #2951, #605, #1621 ) ) ;
#1842 = CARTESIAN_POINT ( 'NONE',  ( 0.8005016993459097563, 0.01479069842322582561, -0.5352093015767743767 ) ) ;
#1843 =( NAMED_UNIT ( * ) SI_UNIT ( $, .STERADIAN. ) SOLID_ANGLE_UNIT ( ) );
#1844 = DIRECTION ( 'NONE',  ( 0.000000000000000000, 0.000000000000000000, 1.000000000000000000 ) ) ;
#1845 = SPHERICAL_SURFACE ( 'NONE', #3383, 0.01144000000000000052 ) ;
#1846 = ORIENTED_EDGE ( 'NONE', *, *, #1576, .F. ) ;
#1847 = ORIENTED_EDGE ( 'NONE', *, *, #3568, .T. ) ;
#1848 = SPHERICAL_SURFACE ( 'NONE', #2173, 0.01144000000000000052 ) ;
#1849 = ORIENTED_EDGE ( 'NONE', *, *, #3502, .F. ) ;
#1850 = CARTESIAN_POINT ( 'NONE',  ( 0.3447511851896571389, 0.5435600000000000431, -0.3142249984713705868 ) ) ;
#1851 = LINE ( 'NONE', #83, #1882 ) ;
#1852 = FACE_OUTER_BOUND ( 'NONE', #442, .T. ) ;
#1853 = UNCERTAINTY_MEASURE_WITH_UNIT (LENGTH_MEASURE( 1.000000000000000082E-05 ), #1804, 'distance_accuracy_value', 'NONE');
#1854 =( NAMED_UNIT ( * ) SI_UNIT ( $, .STERADIAN. ) SOLID_ANGLE_UNIT ( ) );
#1855 = DIRECTION ( 'NONE',  ( 0.000000000000000000, 1.000000000000000000, 0.000000000000000000 ) ) ;
#1856 = CARTESIAN_POINT ( 'NONE',  ( 0.2914999999999999813, 0.5435600000000000431, -0.2750000000000000222 ) ) ;
#1857 = DIRECTION ( 'NONE',  ( 0.000000000000000000, -3.405901710987559656E-15, 1.000000000000000000 ) ) ;
#1858 = FILL_AREA_STYLE_COLOUR ( '', #2115 ) ;
#1859 = VERTEX_POINT ( 'NONE', #2968 ) ;
#1860 = EDGE_LOOP ( 'NONE', ( #1427, #1569, #532, #2130 ) ) ;
#1861 = SURFACE_STYLE_FILL_AREA ( #3723 ) ;
#1862 = FACE_OUTER_BOUND ( 'NONE', #1672, .T. ) ;
#1863 = EDGE_CURVE ( 'NONE', #3200, #3449, #4030, .T. ) ;
#1864 = ORIENTED_EDGE ( 'NONE', *, *, #4293, .F. ) ;
#1865 =( LENGTH_UNIT ( ) NAMED_UNIT ( * ) SI_UNIT ( .MILLI., .METRE. ) );
#1866 = CARTESIAN_POINT ( 'NONE',  ( 0.8114400000000001612, 0.5385600000000000387, -0.5500000000000000444 ) ) ;
#1867 = FILL_AREA_STYLE ('',( #2202 ) ) ;
#1868 = LINE ( 'NONE', #1201, #152 ) ;
#1869 = EDGE_LOOP ( 'NONE', ( #3809, #4591, #335, #3998, #4177, #2675 ) ) ;
#1870 = DIRECTION ( 'NONE',  ( 0.000000000000000000, 0.000000000000000000, -1.000000000000000000 ) ) ;
#1871 = PRESENTATION_LAYER_ASSIGNMENT (  '', '', ( #2992 ) ) ;
#1872 = EDGE_LOOP ( 'NONE', ( #1453, #2235, #2150, #1207 ) ) ;
#1873 = VECTOR ( 'NONE', #4076, 1000.000000000000000 ) ;
#1874 = LINE ( 'NONE', #84, #2050 ) ;
#1875 = VECTOR ( 'NONE', #3503, 1000.000000000000000 ) ;
#1876 = DIRECTION ( 'NONE',  ( -1.000000000000000000, 0.000000000000000000, 0.000000000000000000 ) ) ;
#1877 = B_SPLINE_CURVE_WITH_KNOTS ( 'NONE', 3,
 ( #1581, #4083, #4485, #540, #1985, #556, #2001, #3436, #1648, #4527 ),
 .UNSPECIFIED., .F., .F.,
 ( 4, 3, 3, 4 ),
 ( 0.000000000000000000, 3.807012292923940413E-06, 7.621886349125311070E-06, 8.963476866336254681E-06 ),
 .UNSPECIFIED. ) ;
#1878 = PLANE ( 'NONE',  #2920 ) ;
#1879 = CARTESIAN_POINT ( 'NONE',  ( 0.8000000000000000444, 0.02287999999999993164, -0.5385600000000002607 ) ) ;
#1880 = CARTESIAN_POINT ( 'NONE',  ( 0.4811979921490492917, 0.5385600000000000387, -0.3472411770317159752 ) ) ;
#1881 = DIRECTION ( 'NONE',  ( 1.000000000000000000, -0.000000000000000000, -0.000000000000000000 ) ) ;
#1882 = VECTOR ( 'NONE', #476, 1000.000000000000000 ) ;
#1883 = ORIENTED_EDGE ( 'NONE', *, *, #1863, .T. ) ;
#1884 = VECTOR ( 'NONE', #612, 1000.000000000000000 ) ;
#1885 = CIRCLE ( 'NONE', #2315, 0.01144000000000004041 ) ;
#1886 = FILL_AREA_STYLE ('',( #4336 ) ) ;
#1887 = CARTESIAN_POINT ( 'NONE',  ( 0.8002476055771922114, 0.5360387865633361448, -0.5343798165902122754 ) ) ;
#1888 = B_SPLINE_CURVE_WITH_KNOTS ( 'NONE', 3,
 ( #640, #1067, #3139, #1755, #998, #2437, #969, #4204, #3849, #3189 ),
 .UNSPECIFIED., .F., .F.,
 ( 4, 3, 3, 4 ),
 ( 0.000000000000000000, 3.600817818562871550E-06, 7.182643422685530683E-06, 8.953374655982965403E-06 ),
 .UNSPECIFIED. ) ;
#1889 = COLOUR_RGB ( '',0.7686274509803920907, 0.7686274509803920907, 0.7686274509803920907 ) ;
#1890 = ORIENTED_EDGE ( 'NONE', *, *, #439, .F. ) ;
#1891 = EDGE_CURVE ( 'NONE', #3973, #577, #4413, .T. ) ;
#1892 = PRESENTATION_STYLE_ASSIGNMENT (( #437 ) ) ;
#1893 = SURFACE_SIDE_STYLE ('',( #1502 ) ) ;
#1894 = CYLINDRICAL_SURFACE ( 'NONE', #2849, 0.01144000000000001266 ) ;
#1895 = CARTESIAN_POINT ( 'NONE',  ( 0.01143999999999993113, 0.5385600000000000387, 0.000000000000000000 ) ) ;
#1896 = ORIENTED_EDGE ( 'NONE', *, *, #1141, .F. ) ;
#1897 = COLOUR_RGB ( '',0.7686274509803920907, 0.7686274509803920907, 0.7686274509803920907 ) ;
#1898 = ORIENTED_EDGE ( 'NONE', *, *, #4626, .F. ) ;
#1900 = ADVANCED_FACE ( 'NONE', ( #438 ), #1132, .F. ) ;
#1899 = CIRCLE ( 'NONE', #1063, 0.01144000000000004041 ) ;
#1901 = CARTESIAN_POINT ( 'NONE',  ( 0.3232847823224374029, 0.5385600000000000387, -0.3142249984713693101 ) ) ;
#1902 = CARTESIAN_POINT ( 'NONE',  ( 0.2385600000000025478, 0.01144000000000000052, -0.5385600000000001497 ) ) ;
#1903 = UNCERTAINTY_MEASURE_WITH_UNIT (LENGTH_MEASURE( 1.000000000000000082E-05 ), #860, 'distance_accuracy_value', 'NONE');
#1904 = EDGE_CURVE ( 'NONE', #2702, #2047, #97, .T. ) ;
#1905 = VECTOR ( 'NONE', #536, 1000.000000000000000 ) ;
#1906 = SURFACE_SIDE_STYLE ('',( #2513 ) ) ;
#1907 = SURFACE_SIDE_STYLE ('',( #453 ) ) ;
#1908 = DIRECTION ( 'NONE',  ( 0.2762033010252067378, 0.000000000000000000, -0.9610992334315843211 ) ) ;
#1909 = ORIENTED_EDGE ( 'NONE', *, *, #859, .T. ) ;
#1910 = CARTESIAN_POINT ( 'NONE',  ( 0.3232847823224374029, 0.5435600000000000431, -0.3142249984713693101 ) ) ;
#1911 = ORIENTED_EDGE ( 'NONE', *, *, #3391, .F. ) ;
#1912 = FILL_AREA_STYLE_COLOUR ( '', #3926 ) ;
#1913 = ORIENTED_EDGE ( 'NONE', *, *, #3584, .F. ) ;
#1914 = FILL_AREA_STYLE ('',( #3274 ) ) ;
#1915 = CARTESIAN_POINT ( 'NONE',  ( 1.050000000000000044, 1.061650767297805991E-16, -0.5385600000000001497 ) ) ;
#1916 = FACE_OUTER_BOUND ( 'NONE', #1017, .T. ) ;
#1917 = ORIENTED_EDGE ( 'NONE', *, *, #3980, .F. ) ;
#1918 = LINE ( 'NONE', #4368, #2790 ) ;
#1919 = EDGE_CURVE ( 'NONE', #1086, #337, #511, .T. ) ;
#1920 = ORIENTED_EDGE ( 'NONE', *, *, #3994, .T. ) ;
#1921 = CARTESIAN_POINT ( 'NONE',  ( 0.8114400000000001612, 0.01144000000000000052, 0.000000000000000000 ) ) ;
#1922 = FILL_AREA_STYLE_COLOUR ( '', #743 ) ;
#1923 = ADVANCED_FACE ( 'NONE', ( #4437 ), #1267, .F. ) ;
#1924 = CARTESIAN_POINT ( 'NONE',  ( 0.8000960386105357980, 0.5368789333777587158, -0.01677908796225489538 ) ) ;
#1925 = SURFACE_SIDE_STYLE ('',( #3427 ) ) ;
#1926 = DIRECTION ( 'NONE',  ( 0.000000000000000000, 1.000000000000000000, 0.000000000000000000 ) ) ;
#1927 = CARTESIAN_POINT ( 'NONE',  ( 0.3239997653566430436, 0.5385600000000000387, -0.3164347461651950133 ) ) ;
#1928 = CARTESIAN_POINT ( 'NONE',  ( 0.2498315286624142040, 0.5362971191700608431, -0.01370288082993918223 ) ) ;
#1929 = DIRECTION ( 'NONE',  ( 0.000000000000000000, 0.000000000000000000, -1.000000000000000000 ) ) ;
#1930 = EDGE_CURVE ( 'NONE', #3197, #334, #3024, .T. ) ;
#1931 = EDGE_LOOP ( 'NONE', ( #3956, #3683, #3748 ) ) ;
#1932 = ORIENTED_EDGE ( 'NONE', *, *, #3029, .T. ) ;
#1933 = FILL_AREA_STYLE_COLOUR ( '', #582 ) ;
#1934 = DIRECTION ( 'NONE',  ( 0.000000000000000000, -1.000000000000000000, 0.000000000000000000 ) ) ;
#1935 = EDGE_LOOP ( 'NONE', ( #2234, #3634, #2754, #1543 ) ) ;
#1936 = DIRECTION ( 'NONE',  ( 0.000000000000000000, -1.000000000000000000, 0.000000000000000000 ) ) ;
#1937 = DIRECTION ( 'NONE',  ( 1.000000000000000000, 4.738645858765310955E-15, 0.000000000000000000 ) ) ;
#1938 = CARTESIAN_POINT ( 'NONE',  ( 0.4617574383815217787, 0.5435600000000000431, -0.2749999999999999667 ) ) ;
#1939 = ORIENTED_EDGE ( 'NONE', *, *, #3579, .F. ) ;
#1940 = DIRECTION ( 'NONE',  ( -0.000000000000000000, -0.000000000000000000, -1.000000000000000000 ) ) ;
#1941 = PRESENTATION_LAYER_ASSIGNMENT (  '', '', ( #3959 ) ) ;
#1942 = ORIENTED_EDGE ( 'NONE', *, *, #248, .T. ) ;
#1943 = VECTOR ( 'NONE', #4546, 1000.000000000000000 ) ;
#1944 = SURFACE_SIDE_STYLE ('',( #496 ) ) ;
#1945 = STYLED_ITEM ( 'NONE', ( #572 ), #785 ) ;
#1946 = CARTESIAN_POINT ( 'NONE',  ( 1.038560000000000150, 1.061650767297805991E-16, -0.5385600000000001497 ) ) ;
#1947 = EDGE_CURVE ( 'NONE', #3280, #1790, #2655, .T. ) ;
#1948 = SURFACE_STYLE_FILL_AREA ( #4513 ) ;
#1949 = MECHANICAL_DESIGN_GEOMETRIC_PRESENTATION_REPRESENTATION (  '', ( #585 ), #2842 ) ;
#1950 = VECTOR ( 'NONE', #3567, 1000.000000000000000 ) ;
#1951 = VERTEX_POINT ( 'NONE', #488 ) ;
#1952 = VECTOR ( 'NONE', #1279, 1000.000000000000000 ) ;
#1953 = CARTESIAN_POINT ( 'NONE',  ( 0.5149313044255987570, 0.5385600000000000387, -0.2749999999999999667 ) ) ;
#1954 = STYLED_ITEM ( 'NONE', ( #4031 ), #1545 ) ;
#1955 = ORIENTED_EDGE ( 'NONE', *, *, #644, .T. ) ;
#1956 = VECTOR ( 'NONE', #1560, 1000.000000000000000 ) ;
#1959 = EDGE_CURVE ( 'NONE', #881, #2047, #173, .T. ) ;
#1958 = DIRECTION ( 'NONE',  ( 1.000000000000000000, 0.000000000000000000, 0.000000000000000000 ) ) ;
#1957 = PRESENTATION_LAYER_ASSIGNMENT (  '', '', ( #227 ) ) ;
#1960 = CARTESIAN_POINT ( 'NONE',  ( 0.4468958966868980531, 0.5385600000000000387, -0.2749999999999999667 ) ) ;
#1961 = CYLINDRICAL_SURFACE ( 'NONE', #1657, 0.01143999999999999878 ) ;
#1962 = DIRECTION ( 'NONE',  ( -1.000000000000000000, 0.000000000000000000, 0.000000000000000000 ) ) ;
#1963 = ORIENTED_EDGE ( 'NONE', *, *, #2237, .F. ) ;
#1964 = VECTOR ( 'NONE', #75, 1000.000000000000000 ) ;
#1965 = VECTOR ( 'NONE', #1936, 1000.000000000000000 ) ;
#1966 = VERTEX_POINT ( 'NONE', #916 ) ;
#1967 = CIRCLE ( 'NONE', #1060, 0.01144000000000004041 ) ;
#1968 = SPHERICAL_SURFACE ( 'NONE', #2156, 0.01144000000000000052 ) ;
#1969 = CARTESIAN_POINT ( 'NONE',  ( 1.050000000000000044, 0.000000000000000000, -0.01144000000000000052 ) ) ;
#1970 = AXIS2_PLACEMENT_3D ( 'NONE', #1299, #945, #245 ) ;
#1971 = FILL_AREA_STYLE_COLOUR ( '', #1640 ) ;
#1972 =( NAMED_UNIT ( * ) SI_UNIT ( $, .STERADIAN. ) SOLID_ANGLE_UNIT ( ) );
#1973 = DIRECTION ( 'NONE',  ( 0.000000000000000000, 0.000000000000000000, 1.000000000000000000 ) ) ;
#1974 = STYLED_ITEM ( 'NONE', ( #4268 ), #3936 ) ;
#1975 = CARTESIAN_POINT ( 'NONE',  ( 0.3328304091714044954, 0.5385600000000000387, -0.3472411770317159752 ) ) ;
#1976 = ADVANCED_FACE ( 'NONE', ( #1626 ), #2677, .T. ) ;
#1977 = STYLED_ITEM ( 'NONE', ( #3125 ), #4133 ) ;
#1978 = EDGE_LOOP ( 'NONE', ( #1196, #3680, #1422, #3514 ) ) ;
#1979 = SURFACE_STYLE_FILL_AREA ( #3787 ) ;
#1980 = B_SPLINE_CURVE_WITH_KNOTS ( 'NONE', 3,
 ( #2550, #3295, #431, #3323, #1082, #64, #2965, #4410, #1446, #1495 ),
 .UNSPECIFIED., .F., .F.,
 ( 4, 3, 3, 4 ),
 ( 0.000000000000000000, 3.600817818562809293E-06, 7.182643422685484097E-06, 8.953374655983095846E-06 ),
 .UNSPECIFIED. ) ;
#1981 = SURFACE_STYLE_FILL_AREA ( #934 ) ;
#1982 = EDGE_CURVE ( 'NONE', #2355, #3233, #1649, .T. ) ;
#1983 = ORIENTED_EDGE ( 'NONE', *, *, #2969, .T. ) ;
#1984 = DIRECTION ( 'NONE',  ( 0.2762517575166416051, 0.000000000000000000, -0.9610853065513834670 ) ) ;
#1985 = CARTESIAN_POINT ( 'NONE',  ( 0.8000406633463224004, 0.5320737292624468928, -0.5375097766565148927 ) ) ;
#1986 = ADVANCED_FACE ( 'NONE', ( #3812 ), #4503, .F. ) ;
#1987 = ORIENTED_EDGE ( 'NONE', *, *, #2961, .F. ) ;
#1988 =( LENGTH_UNIT ( ) NAMED_UNIT ( * ) SI_UNIT ( .MILLI., .METRE. ) );
#1989 = DIRECTION ( 'NONE',  ( 0.000000000000000000, 0.000000000000000000, -1.000000000000000000 ) ) ;
#1990 = LINE ( 'NONE', #1180, #925 ) ;
#1991 = UNCERTAINTY_MEASURE_WITH_UNIT (LENGTH_MEASURE( 1.000000000000000082E-05 ), #958, 'distance_accuracy_value', 'NONE');
#1992 = DIRECTION ( 'NONE',  ( -0.000000000000000000, 1.000000000000000000, -0.000000000000000000 ) ) ;
#1993 = FACE_OUTER_BOUND ( 'NONE', #2871, .T. ) ;
#1994 = CARTESIAN_POINT ( 'NONE',  ( 0.2499912337617021807, 0.5312535179385914352, -0.5378538208055048120 ) ) ;
#1995 = EDGE_LOOP ( 'NONE', ( #3291, #446, #4051, #2484, #330, #1746 ) ) ;
#1996 =( NAMED_UNIT ( * ) SI_UNIT ( $, .STERADIAN. ) SOLID_ANGLE_UNIT ( ) );
#1997 = FILL_AREA_STYLE_COLOUR ( '', #1889 ) ;
#1998 = SURFACE_STYLE_USAGE ( .BOTH. , #3432 ) ;
#1999 = EDGE_LOOP ( 'NONE', ( #4035, #3861, #404, #1679, #3912, #1386, #4252, #872, #2199, #2639, #4264 ) ) ;
#2000 = LINE ( 'NONE', #2728, #275 ) ;
#2001 = CARTESIAN_POINT ( 'NONE',  ( 0.8002678478892306657, 0.5342088299483062075, -0.5360989804523677016 ) ) ;
#2002 = EDGE_CURVE ( 'NONE', #1233, #881, #1550, .T. ) ;
#2003 = DIRECTION ( 'NONE',  ( 1.000000000000000000, 0.000000000000000000, 0.000000000000000000 ) ) ;
#2004 = ORIENTED_EDGE ( 'NONE', *, *, #2918, .F. ) ;
#2005 = PRESENTATION_STYLE_ASSIGNMENT (( #3130 ) ) ;
#2006 = ORIENTED_EDGE ( 'NONE', *, *, #3242, .F. ) ;
#2007 = SURFACE_STYLE_FILL_AREA ( #1254 ) ;
#2008 = PRESENTATION_STYLE_ASSIGNMENT (( #260 ) ) ;
#2009 = VECTOR ( 'NONE', #2401, 1000.000000000000000 ) ;
#2010 = LINE ( 'NONE', #929, #3532 ) ;
#2011 = SURFACE_SIDE_STYLE ('',( #3804 ) ) ;
#2012 = ORIENTED_EDGE ( 'NONE', *, *, #2628, .F. ) ;
#2013 = CARTESIAN_POINT ( 'NONE',  ( 0.3898580474327666967, 0.5385600000000000387, -0.3472411770317159752 ) ) ;
#2014 = DIRECTION ( 'NONE',  ( -0.9615323037684321283, 0.000000000000000000, -0.2746918797667153300 ) ) ;
#2015 = SURFACE_STYLE_USAGE ( .BOTH. , #2725 ) ;
#2016 = EDGE_LOOP ( 'NONE', ( #1052, #1942, #2900, #1113 ) ) ;
#2017 = CARTESIAN_POINT ( 'NONE',  ( 0.2494983006540904547, 0.5352093015767742656, -0.01479069842322589153 ) ) ;
#2018 = DIRECTION ( 'NONE',  ( -0.2746459304917039934, 0.000000000000000000, 0.9615454294334438989 ) ) ;
#2019 = PRESENTATION_LAYER_ASSIGNMENT (  '', '', ( #893 ) ) ;
#2020 = COLOUR_RGB ( '',0.7686274509803920907, 0.7686274509803920907, 0.7686274509803920907 ) ;
#2021 = CARTESIAN_POINT ( 'NONE',  ( 1.050000000000000044, 0.5500000000000000444, -0.5385600000000000387 ) ) ;
#2022 = FILL_AREA_STYLE_COLOUR ( '', #3775 ) ;
#2023 = EDGE_CURVE ( 'NONE', #2355, #4677, #3763, .T. ) ;
#2024 = MECHANICAL_DESIGN_GEOMETRIC_PRESENTATION_REPRESENTATION (  '', ( #3612 ), #3455 ) ;
#2025 = ORIENTED_EDGE ( 'NONE', *, *, #1710, .F. ) ;
#2026 = CARTESIAN_POINT ( 'NONE',  ( -0.03523422370148591998, 0.5435599999999998211, -0.03206080628335764016 ) ) ;
#2027 = CARTESIAN_POINT ( 'NONE',  ( 0.2499999999999998890, 0.5271199999999999219, -0.01143999999999982184 ) ) ;
#2028 = COLOUR_RGB ( '',0.7686274509803920907, 0.7686274509803920907, 0.7686274509803920907 ) ;
#2029 = DIRECTION ( 'NONE',  ( 0.000000000000000000, -1.000000000000000000, 0.000000000000000000 ) ) ;
#2030 =( GEOMETRIC_REPRESENTATION_CONTEXT ( 3 ) GLOBAL_UNCERTAINTY_ASSIGNED_CONTEXT ( ( #4401 ) ) GLOBAL_UNIT_ASSIGNED_CONTEXT ( ( #3315, #1164, #4426 ) ) REPRESENTATION_CONTEXT ( 'NONE', 'WORKASPACE' ) );
#2031 = VECTOR ( 'NONE', #3394, 1000.000000000000114 ) ;
#2032 = CARTESIAN_POINT ( 'NONE',  ( 0.8001684713375860625, 0.5362971191700607321, -0.01370288082993911284 ) ) ;
#2033 = EDGE_CURVE ( 'NONE', #775, #3639, #2995, .T. ) ;
#2034 = DIRECTION ( 'NONE',  ( 0.000000000000000000, -1.000000000000000000, 0.000000000000000000 ) ) ;
#2035 = PLANE ( 'NONE',  #2081 ) ;
#2036 = CARTESIAN_POINT ( 'NONE',  ( 1.050000000000000044, 0.01144000000000000052, -0.01144000000000000052 ) ) ;
#2037 = DIRECTION ( 'NONE',  ( -0.2745159998572620497, 0.000000000000000000, 0.9615825319869156784 ) ) ;
#2038 = VECTOR ( 'NONE', #3422, 1000.000000000000000 ) ;
#2039 = ORIENTED_EDGE ( 'NONE', *, *, #2585, .F. ) ;
#2040 = LINE ( 'NONE', #1309, #3744 ) ;
#2041 = CARTESIAN_POINT ( 'NONE',  ( 0.2499968528092940401, 0.01991297509093066173, -0.01176689098586414586 ) ) ;
#2042 = CIRCLE ( 'NONE', #3034, 0.01144000000000004041 ) ;
#2043 = CARTESIAN_POINT ( 'NONE',  ( 0.8000000000000000444, 0.02287999999999993164, -0.5385600000000002607 ) ) ;
#2044 = CARTESIAN_POINT ( 'NONE',  ( 0.8114400000000001612, 0.5500000000000001554, -0.01144000000000004041 ) ) ;
#2045 = ORIENTED_EDGE ( 'NONE', *, *, #3852, .T. ) ;
#2046 = STYLED_ITEM ( 'NONE', ( #2213 ), #4209 ) ;
#2047 = VERTEX_POINT ( 'NONE', #3728 ) ;
#2048 = SURFACE_STYLE_FILL_AREA ( #4248 ) ;
#2049 = FILL_AREA_STYLE_COLOUR ( '', #2930 ) ;
#2051 = EDGE_CURVE ( 'NONE', #3134, #2267, #3460, .T. ) ;
#2050 = VECTOR ( 'NONE', #4400, 1000.000000000000000 ) ;
#2052 =( LENGTH_UNIT ( ) NAMED_UNIT ( * ) SI_UNIT ( .MILLI., .METRE. ) );
#2053 = CARTESIAN_POINT ( 'NONE',  ( 0.4335049575161018520, 0.5385600000000000387, -0.3200535924125289533 ) ) ;
#2054 = EDGE_CURVE ( 'NONE', #37, #2702, #2633, .T. ) ;
#2055 = DIRECTION ( 'NONE',  ( 1.000000000000000000, 0.000000000000000000, 1.539402763017534389E-15 ) ) ;
#2056 = EDGE_CURVE ( 'NONE', #2267, #3711, #939, .T. ) ;
#2057 = DIRECTION ( 'NONE',  ( -0.000000000000000000, 1.000000000000000000, 1.480826830864156469E-16 ) ) ;
#2058 = FILL_AREA_STYLE ('',( #3527 ) ) ;
#2059 = VERTEX_POINT ( 'NONE', #849 ) ;
#2060 = EDGE_LOOP ( 'NONE', ( #4641, #3158, #2138, #4155 ) ) ;
#2061 = DIRECTION ( 'NONE',  ( 0.000000000000000000, 1.000000000000000000, 0.000000000000000000 ) ) ;
#2062 = CARTESIAN_POINT ( 'NONE',  ( 0.2494983006540929527, 0.01479069842322587071, -0.01479069842322578050 ) ) ;
#2063 = DIRECTION ( 'NONE',  ( -0.7145695586381790587, 0.000000000000000000, 0.6995643972270444433 ) ) ;
#2064 = CARTESIAN_POINT ( 'NONE',  ( 0.5842229295658094568, 0.5435600000000000431, -0.3066986769036468830 ) ) ;
#2065 = ORIENTED_EDGE ( 'NONE', *, *, #565, .T. ) ;
#2066 = PLANE ( 'NONE',  #3974 ) ;
#2067 = SURFACE_STYLE_FILL_AREA ( #636 ) ;
#2068 = UNCERTAINTY_MEASURE_WITH_UNIT (LENGTH_MEASURE( 1.000000000000000082E-05 ), #841, 'distance_accuracy_value', 'NONE');
#2069 = CARTESIAN_POINT ( 'NONE',  ( 0.8000000000000001554, 0.5374222882447079463, -0.01257771175529209980 ) ) ;
#2070 = FACE_OUTER_BOUND ( 'NONE', #1047, .T. ) ;
#2071 = FACE_OUTER_BOUND ( 'NONE', #4645, .T. ) ;
#2072 = CARTESIAN_POINT ( 'NONE',  ( 0.2385600000000025755, -3.847381936155273640E-15, -0.5385600000000001497 ) ) ;
#2073 = EDGE_CURVE ( 'NONE', #1859, #3400, #1877, .T. ) ;
#2074 = CARTESIAN_POINT ( 'NONE',  ( 0.5992527283909674374, 0.5435600000000000431, -0.2750000000000000222 ) ) ;
#2075 = DIRECTION ( 'NONE',  ( -0.8843386665637592570, 0.000000000000000000, -0.4668459304955246414 ) ) ;
#2076 = CYLINDRICAL_SURFACE ( 'NONE', #78, 0.01143999999999993113 ) ;
#2077 = STYLED_ITEM ( 'NONE', ( #938 ), #553 ) ;
#2078 = CARTESIAN_POINT ( 'NONE',  ( 0.2500000000000000555, 0.01144000000000004041, -0.02287999999999986225 ) ) ;
#2079 = VERTEX_POINT ( 'NONE', #8 ) ;
#2080 = FILL_AREA_STYLE ('',( #1370 ) ) ;
#2081 = AXIS2_PLACEMENT_3D ( 'NONE', #534, #4519, #189 ) ;
#2082 = ORIENTED_EDGE ( 'NONE', *, *, #3097, .T. ) ;
#2083 = CARTESIAN_POINT ( 'NONE',  ( 0.6603744375143849599, 0.5435600000000000431, -0.3472411770317159752 ) ) ;
#2084 = DIRECTION ( 'NONE',  ( -1.000000000000000000, 0.000000000000000000, 0.000000000000000000 ) ) ;
#2085 = DIRECTION ( 'NONE',  ( 0.000000000000000000, 0.000000000000000000, 1.000000000000000000 ) ) ;
#2086 = VECTOR ( 'NONE', #2356, 1000.000000000000000 ) ;
#2087 = EDGE_CURVE ( 'NONE', #1810, #1432, #4659, .T. ) ;
#2088 = VERTEX_POINT ( 'NONE', #1459 ) ;
#2089 = PRESENTATION_LAYER_ASSIGNMENT (  '', '', ( #4135 ) ) ;
#2090 =( NAMED_UNIT ( * ) SI_UNIT ( $, .STERADIAN. ) SOLID_ANGLE_UNIT ( ) );
#2091 = SURFACE_STYLE_USAGE ( .BOTH. , #659 ) ;
#2092 = SURFACE_STYLE_FILL_AREA ( #2433 ) ;
#2093 = VECTOR ( 'NONE', #4008, 1000.000000000000000 ) ;
#2094 = ORIENTED_EDGE ( 'NONE', *, *, #3146, .F. ) ;
#2095 = CARTESIAN_POINT ( 'NONE',  ( 0.8000000000000001554, 0.01143999999999993113, -0.5385600000000002607 ) ) ;
#2096 = DIRECTION ( 'NONE',  ( 0.000000000000000000, 0.000000000000000000, 1.000000000000000000 ) ) ;
#2097 = CARTESIAN_POINT ( 'NONE',  ( 0.4432274080541009353, 0.5385600000000000387, -0.3472411770317159752 ) ) ;
#2098 = DIRECTION ( 'NONE',  ( 1.000000000000000000, 0.000000000000000000, 0.000000000000000000 ) ) ;
#2099 = VECTOR ( 'NONE', #1601, 1000.000000000000000 ) ;
#2100 = AXIS2_PLACEMENT_3D ( 'NONE', #4006, #3326, #2919 ) ;
#2101 = CARTESIAN_POINT ( 'NONE',  ( 0.8000000000000000444, 0.5385600000000000387, -0.5385600000000002607 ) ) ;
#2102 = VECTOR ( 'NONE', #3173, 1000.000000000000000 ) ;
#2103 = CARTESIAN_POINT ( 'NONE',  ( 0.2500000000000000555, 0.01144000000000004041, -0.5271200000000001440 ) ) ;
#2104 = EDGE_CURVE ( 'NONE', #3423, #560, #4298, .T. ) ;
#2105 = LINE ( 'NONE', #268, #13 ) ;
#2106 =( LENGTH_UNIT ( ) NAMED_UNIT ( * ) SI_UNIT ( .MILLI., .METRE. ) );
#2107 = PRESENTATION_LAYER_ASSIGNMENT (  '', '', ( #3468 ) ) ;
#2108 = ORIENTED_EDGE ( 'NONE', *, *, #95, .T. ) ;
#2109 =( LENGTH_UNIT ( ) NAMED_UNIT ( * ) SI_UNIT ( .MILLI., .METRE. ) );
#2110 = EDGE_CURVE ( 'NONE', #2921, #1478, #3696, .T. ) ;
#2111 = ORIENTED_EDGE ( 'NONE', *, *, #449, .F. ) ;
#2112 = VECTOR ( 'NONE', #1693, 1000.000000000000000 ) ;
#2113 = FACE_OUTER_BOUND ( 'NONE', #413, .T. ) ;
#2114 = ADVANCED_FACE ( 'NONE', ( #4221 ), #2514, .T. ) ;
#2115 = COLOUR_RGB ( '',0.7686274509803920907, 0.7686274509803920907, 0.7686274509803920907 ) ;
#2116 = EDGE_LOOP ( 'NONE', ( #3398, #1151, #2333, #149 ) ) ;
#2117 = UNCERTAINTY_MEASURE_WITH_UNIT (LENGTH_MEASURE( 1.000000000000000082E-05 ), #1366, 'distance_accuracy_value', 'NONE');
#2118 =( NAMED_UNIT ( * ) SI_UNIT ( $, .STERADIAN. ) SOLID_ANGLE_UNIT ( ) );
#2119 = CARTESIAN_POINT ( 'NONE',  ( 0.5532253972582884538, 0.5385600000000000387, -0.3066986769036468830 ) ) ;
#2120 = DIRECTION ( 'NONE',  ( 1.000000000000000000, -0.000000000000000000, -0.000000000000000000 ) ) ;
#2121 = DIRECTION ( 'NONE',  ( 1.000000000000000000, 0.000000000000000000, 0.000000000000000000 ) ) ;
#2122 = ORIENTED_EDGE ( 'NONE', *, *, #353, .T. ) ;
#2123 = ORIENTED_EDGE ( 'NONE', *, *, #718, .T. ) ;
#2124 = DIRECTION ( 'NONE',  ( -0.000000000000000000, 0.000000000000000000, 1.000000000000000000 ) ) ;
#2125 = EDGE_LOOP ( 'NONE', ( #3660, #2865, #4372, #4012 ) ) ;
#2126 = EDGE_CURVE ( 'NONE', #4356, #1372, #4570, .T. ) ;
#2127 = CYLINDRICAL_SURFACE ( 'NONE', #517, 0.01144000000000004041 ) ;
#2128 = ORIENTED_EDGE ( 'NONE', *, *, #3929, .F. ) ;
#2129 = CARTESIAN_POINT ( 'NONE',  ( 0.6563654491645175559, 0.5435600000000000431, -0.3332911785503940849 ) ) ;
#2130 = ORIENTED_EDGE ( 'NONE', *, *, #942, .T. ) ;
#2131 = CARTESIAN_POINT ( 'NONE',  ( 0.2500000000000000555, 0.01144000000000004041, -0.01143999999999982184 ) ) ;
#2132 = SURFACE_STYLE_FILL_AREA ( #2812 ) ;
#2133 = CARTESIAN_POINT ( 'NONE',  ( 0.01144000000000000052, 0.01144000000000000052, -0.5385600000000001497 ) ) ;
#2134 = DIRECTION ( 'NONE',  ( 0.9610029908221275896, 0.000000000000000000, 0.2765379750249969404 ) ) ;
#2135 = CARTESIAN_POINT ( 'NONE',  ( 0.4784198030541204627, 0.5435600000000000431, -0.2956311519750140504 ) ) ;
#2136 = SURFACE_SIDE_STYLE ('',( #3192 ) ) ;
#2137 = SURFACE_SIDE_STYLE ('',( #716 ) ) ;
#2138 = ORIENTED_EDGE ( 'NONE', *, *, #2687, .F. ) ;
#2139 = CARTESIAN_POINT ( 'NONE',  ( 0.2499999999999998890, 0.5271199999999999219, -0.5385600000000002607 ) ) ;
#2140 = AXIS2_PLACEMENT_3D ( 'NONE', #1684, #2176, #1038 ) ;
#2141 = SURFACE_STYLE_USAGE ( .BOTH. , #1522 ) ;
#2142 = CARTESIAN_POINT ( 'NONE',  ( 0.2500000000000000555, 0.01144000000000004041, -0.02287999999999986225 ) ) ;
#2143 = AXIS2_PLACEMENT_3D ( 'NONE', #2892, #3220, #1009 ) ;
#2144 = ORIENTED_EDGE ( 'NONE', *, *, #4632, .T. ) ;
#2145 = CARTESIAN_POINT ( 'NONE',  ( 0.8000000000000001554, 0.5385600000000001497, -0.5500000000000001554 ) ) ;
#2146 =( GEOMETRIC_REPRESENTATION_CONTEXT ( 3 ) GLOBAL_UNCERTAINTY_ASSIGNED_CONTEXT ( ( #4016 ) ) GLOBAL_UNIT_ASSIGNED_CONTEXT ( ( #31, #2542, #1854 ) ) REPRESENTATION_CONTEXT ( 'NONE', 'WORKASPACE' ) );
#2147 = DIRECTION ( 'NONE',  ( 1.000000000000000000, 0.000000000000000000, 0.000000000000000000 ) ) ;
#2148 = DIRECTION ( 'NONE',  ( 0.000000000000000000, -1.000000000000000000, 0.000000000000000000 ) ) ;
#2149 = EDGE_CURVE ( 'NONE', #2501, #3330, #1674, .T. ) ;
#2150 = ORIENTED_EDGE ( 'NONE', *, *, #718, .F. ) ;
#2151 = UNCERTAINTY_MEASURE_WITH_UNIT (LENGTH_MEASURE( 1.000000000000000082E-05 ), #1781, 'distance_accuracy_value', 'NONE');
#2152 = LINE ( 'NONE', #3661, #1726 ) ;
#2153 = FILL_AREA_STYLE ('',( #2 ) ) ;
#2154 = ADVANCED_FACE ( 'NONE', ( #3990 ), #740, .F. ) ;
#2155 = PRESENTATION_LAYER_ASSIGNMENT (  '', '', ( #1406 ) ) ;
#2156 = AXIS2_PLACEMENT_3D ( 'NONE', #3424, #124, #219 ) ;
#2157 = EDGE_CURVE ( 'NONE', #1305, #3343, #3395, .T. ) ;
#2158 = LINE ( 'NONE', #4015, #1682 ) ;
#2159 = UNCERTAINTY_MEASURE_WITH_UNIT (LENGTH_MEASURE( 1.000000000000000082E-05 ), #1988, 'distance_accuracy_value', 'NONE');
#2160 = MECHANICAL_DESIGN_GEOMETRIC_PRESENTATION_REPRESENTATION (  '', ( #227 ), #829 ) ;
#2161 = CARTESIAN_POINT ( 'NONE',  ( 0.000000000000000000, 0.5500000000000000444, -0.01144000000000000052 ) ) ;
#2162 = CARTESIAN_POINT ( 'NONE',  ( 0.4432274080541009353, 0.5435600000000000431, -0.3472411770317159752 ) ) ;
#2163 = DIRECTION ( 'NONE',  ( 1.000000000000000000, 0.000000000000000000, 0.000000000000000000 ) ) ;
#2164 = DIRECTION ( 'NONE',  ( 0.000000000000000000, -1.000000000000000000, 0.000000000000000000 ) ) ;
#2165 = VECTOR ( 'NONE', #581, 1000.000000000000000 ) ;
#2166 = DIRECTION ( 'NONE',  ( 0.000000000000000000, 0.000000000000000000, 1.000000000000000000 ) ) ;
#2168 = EDGE_CURVE ( 'NONE', #1242, #79, #1413, .T. ) ;
#2167 = MECHANICAL_DESIGN_GEOMETRIC_PRESENTATION_REPRESENTATION (  '', ( #751 ), #601 ) ;
#2169 = ORIENTED_EDGE ( 'NONE', *, *, #2576, .F. ) ;
#2170 = CIRCLE ( 'NONE', #3767, 0.01144000000000000052 ) ;
#2171 = CARTESIAN_POINT ( 'NONE',  ( 0.2499999999999998890, 0.5271199999999999219, -0.01143999999999982184 ) ) ;
#2172 =( LENGTH_UNIT ( ) NAMED_UNIT ( * ) SI_UNIT ( .MILLI., .METRE. ) );
#2173 = AXIS2_PLACEMENT_3D ( 'NONE', #2638, #492, #4089 ) ;
#2174 = ORIENTED_EDGE ( 'NONE', *, *, #4422, .T. ) ;
#2175 = ORIENTED_EDGE ( 'NONE', *, *, #1644, .T. ) ;
#2176 = DIRECTION ( 'NONE',  ( 0.000000000000000000, 0.000000000000000000, 1.000000000000000000 ) ) ;
#2177 = EDGE_CURVE ( 'NONE', #1372, #1080, #2749, .T. ) ;
#2178 = VECTOR ( 'NONE', #2387, 1000.000000000000000 ) ;
#2179 = FILL_AREA_STYLE_COLOUR ( '', #3533 ) ;
#2180 = EDGE_LOOP ( 'NONE', ( #1783, #4092, #1917, #1371, #3937, #1864 ) ) ;
#2181 = ORIENTED_EDGE ( 'NONE', *, *, #2662, .F. ) ;
#2182 = PRESENTATION_LAYER_ASSIGNMENT (  '', '', ( #1977 ) ) ;
#2183 = VERTEX_POINT ( 'NONE', #3839 ) ;
#2184 = FACE_OUTER_BOUND ( 'NONE', #4291, .T. ) ;
#2185 = PLANE ( 'NONE',  #967 ) ;
#2186 = VECTOR ( 'NONE', #3119, 1000.000000000000000 ) ;
#2187 = DIRECTION ( 'NONE',  ( -0.000000000000000000, 1.000000000000000000, -0.000000000000000000 ) ) ;
#2188 =( LENGTH_UNIT ( ) NAMED_UNIT ( * ) SI_UNIT ( .MILLI., .METRE. ) );
#2189 = EDGE_CURVE ( 'NONE', #2682, #4479, #1698, .T. ) ;
#2190 = FILL_AREA_STYLE ('',( #607 ) ) ;
#2191 = CARTESIAN_POINT ( 'NONE',  ( 0.01143999999999993113, 0.5385600000000000387, -0.01144000000000000052 ) ) ;
#2192 = DIRECTION ( 'NONE',  ( 0.000000000000000000, -0.000000000000000000, -1.000000000000000000 ) ) ;
#2193 =( LENGTH_UNIT ( ) NAMED_UNIT ( * ) SI_UNIT ( .MILLI., .METRE. ) );
#2194 = ORIENTED_EDGE ( 'NONE', *, *, #2365, .T. ) ;
#2195 = VERTEX_POINT ( 'NONE', #3286 ) ;
#2196 = DIRECTION ( 'NONE',  ( -0.2793947940878428460, 0.000000000000000000, 0.9601763114327556137 ) ) ;
#2197 = CARTESIAN_POINT ( 'NONE',  ( 1.050000000000000044, 0.5385600000000000387, 0.000000000000000000 ) ) ;
#2198 = EDGE_LOOP ( 'NONE', ( #3637, #1202, #2917, #551 ) ) ;
#2199 = ORIENTED_EDGE ( 'NONE', *, *, #3813, .T. ) ;
#2200 = CARTESIAN_POINT ( 'NONE',  ( 0.5481003641384906144, 0.5385600000000000387, -0.2887465636336941643 ) ) ;
#2201 = CARTESIAN_POINT ( 'NONE',  ( 0.8000087662382979747, 0.5312535179385914352, -0.01214617919449515610 ) ) ;
#2202 = FILL_AREA_STYLE_COLOUR ( '', #4362 ) ;
#2203 = CARTESIAN_POINT ( 'NONE',  ( 0.3547016395733397220, 0.5435600000000000431, -0.3472411770317159752 ) ) ;
#2204 = ORIENTED_EDGE ( 'NONE', *, *, #531, .F. ) ;
#2205 = FACE_OUTER_BOUND ( 'NONE', #3457, .T. ) ;
#2206 = ORIENTED_EDGE ( 'NONE', *, *, #4077, .F. ) ;
#2207 = ORIENTED_EDGE ( 'NONE', *, *, #4315, .T. ) ;
#2208 = CARTESIAN_POINT ( 'NONE',  ( 0.2385600000000025478, 0.01144000000000000052, -0.5385600000000001497 ) ) ;
#2209 = UNCERTAINTY_MEASURE_WITH_UNIT (LENGTH_MEASURE( 1.000000000000000082E-05 ), #4117, 'distance_accuracy_value', 'NONE');
#2210 =( NAMED_UNIT ( * ) PLANE_ANGLE_UNIT ( ) SI_UNIT ( $, .RADIAN. ) );
#2211 = SURFACE_STYLE_FILL_AREA ( #787 ) ;
#2212 = DIRECTION ( 'NONE',  ( -0.2764273280489751294, 0.000000000000000000, 0.9610348236706639513 ) ) ;
#2213 = PRESENTATION_STYLE_ASSIGNMENT (( #11 ) ) ;
#2214 = EDGE_CURVE ( 'NONE', #503, #4356, #3719, .T. ) ;
#2215 = ORIENTED_EDGE ( 'NONE', *, *, #48, .F. ) ;
#2216 = LINE ( 'NONE', #92, #3297 ) ;
#2217 = LINE ( 'NONE', #1496, #1822 ) ;
#2218 = VERTEX_POINT ( 'NONE', #1927 ) ;
#2219 = SURFACE_SIDE_STYLE ('',( #4082 ) ) ;
#2220 = LINE ( 'NONE', #1088, #2773 ) ;
#2221 = CARTESIAN_POINT ( 'NONE',  ( 0.8114400000000001612, 0.5385600000000000387, -0.5385600000000000387 ) ) ;
#2222 = ORIENTED_EDGE ( 'NONE', *, *, #4049, .T. ) ;
#2223 = EDGE_CURVE ( 'NONE', #560, #2635, #2952, .T. ) ;
#2224 = ORIENTED_EDGE ( 'NONE', *, *, #1078, .F. ) ;
#2225 = CARTESIAN_POINT ( 'NONE',  ( 0.4393219096453854222, 0.5435600000000000431, -0.3334904399182307966 ) ) ;
#2226 = PRESENTATION_LAYER_ASSIGNMENT (  '', '', ( #2693 ) ) ;
#2227 =( NAMED_UNIT ( * ) SI_UNIT ( $, .STERADIAN. ) SOLID_ANGLE_UNIT ( ) );
#2228 =( GEOMETRIC_REPRESENTATION_CONTEXT ( 3 ) GLOBAL_UNCERTAINTY_ASSIGNED_CONTEXT ( ( #3737 ) ) GLOBAL_UNIT_ASSIGNED_CONTEXT ( ( #1068, #286, #733 ) ) REPRESENTATION_CONTEXT ( 'NONE', 'WORKASPACE' ) );
#2229 = CARTESIAN_POINT ( 'NONE',  ( 1.050000000000000044, 0.000000000000000000, 0.000000000000000000 ) ) ;
#2230 = CARTESIAN_POINT ( 'NONE',  ( 0.4335049575161018520, 0.5435600000000000431, -0.3200535924125289533 ) ) ;
#2231 = SPHERICAL_SURFACE ( 'NONE', #3838, 0.01144000000000000052 ) ;
#2232 = DIRECTION ( 'NONE',  ( 1.000000000000000000, -0.000000000000000000, -0.000000000000000000 ) ) ;
#2233 = VECTOR ( 'NONE', #528, 1000.000000000000000 ) ;
#2234 = ORIENTED_EDGE ( 'NONE', *, *, #3446, .T. ) ;
#2235 = ORIENTED_EDGE ( 'NONE', *, *, #2452, .F. ) ;
#2236 = ORIENTED_EDGE ( 'NONE', *, *, #4159, .T. ) ;
#2237 = EDGE_CURVE ( 'NONE', #3330, #4483, #4020, .T. ) ;
#2238 = MECHANICAL_DESIGN_GEOMETRIC_PRESENTATION_REPRESENTATION (  '', ( #1051 ), #1341 ) ;
#2239 = PRESENTATION_LAYER_ASSIGNMENT (  '', '', ( #3689 ) ) ;
#2240 = PLANE ( 'NONE',  #2259 ) ;
#2241 = VECTOR ( 'NONE', #213, 1000.000000000000000 ) ;
#2242 = EDGE_LOOP ( 'NONE', ( #2843, #3041, #3303, #2407, #1890, #1243, #2289, #1384, #3604, #814, #4390 ) ) ;
#2243 = LINE ( 'NONE', #4052, #576 ) ;
#2244 = ADVANCED_FACE ( 'NONE', ( #1566 ), #1184, .F. ) ;
#2245 = PLANE ( 'NONE',  #3015 ) ;
#2246 = CARTESIAN_POINT ( 'NONE',  ( 0.5236253216929230847, 0.5385600000000000387, -0.2749999999999999667 ) ) ;
#2247 = ORIENTED_EDGE ( 'NONE', *, *, #3362, .F. ) ;
#2248 = AXIS2_PLACEMENT_3D ( 'NONE', #766, #1857, #3288 ) ;
#2249 = DIRECTION ( 'NONE',  ( -0.9999891854650021505, 0.000000000000000000, -0.004650693823683970003 ) ) ;
#2250 = ORIENTED_EDGE ( 'NONE', *, *, #69, .T. ) ;
#2251 = EDGE_LOOP ( 'NONE', ( #2341, #1849, #2006, #3647 ) ) ;
#2252 = COLOUR_RGB ( '',0.7686274509803920907, 0.7686274509803920907, 0.7686274509803920907 ) ;
#2253 = EDGE_CURVE ( 'NONE', #3132, #2893, #3645, .T. ) ;
#2254 = DIRECTION ( 'NONE',  ( 7.938847109670268325E-05, 0.000000000000000000, -0.9999999968487353064 ) ) ;
#2255 = CIRCLE ( 'NONE', #4605, 0.01143999999999993113 ) ;
#2256 = DIRECTION ( 'NONE',  ( -0.2760118818968592680, 0.000000000000000000, 0.9611542233438680194 ) ) ;
#2257 = UNCERTAINTY_MEASURE_WITH_UNIT (LENGTH_MEASURE( 1.000000000000000082E-05 ), #3826, 'distance_accuracy_value', 'NONE');
#2258 = FACE_OUTER_BOUND ( 'NONE', #3417, .T. ) ;
#2259 = AXIS2_PLACEMENT_3D ( 'NONE', #1523, #3252, #2966 ) ;
#2260 = CARTESIAN_POINT ( 'NONE',  ( 0.4784198030541204627, 0.5435600000000000431, -0.2956311519750140504 ) ) ;
#2261 = DIRECTION ( 'NONE',  ( 1.000000000000000000, 0.000000000000000000, 0.000000000000000000 ) ) ;
#2262 = LINE ( 'NONE', #1880, #3982 ) ;
#2263 = B_SPLINE_CURVE_WITH_KNOTS ( 'NONE', 3,
 ( #732, #1139, #1480, #3282, #2534, #2904, #417, #1456, #104, #759 ),
 .UNSPECIFIED., .F., .F.,
 ( 4, 3, 3, 4 ),
 ( 0.000000000000000000, 3.807012292923939566E-06, 7.621886349125317847E-06, 8.963476866336114073E-06 ),
 .UNSPECIFIED. ) ;
#2264 = CARTESIAN_POINT ( 'NONE',  ( 0.2500000000000000555, 0.5374222882447079463, -0.01257771175529215010 ) ) ;
#2265 = DIRECTION ( 'NONE',  ( -1.000000000000000000, 0.000000000000000000, 0.000000000000000000 ) ) ;
#2266 = MECHANICAL_DESIGN_GEOMETRIC_PRESENTATION_REPRESENTATION (  '', ( #16 ), #2879 ) ;
#2267 = VERTEX_POINT ( 'NONE', #130 ) ;
#2268 = LINE ( 'NONE', #2519, #1479 ) ;
#2269 = CIRCLE ( 'NONE', #1298, 0.01144000000000004041 ) ;
#2270 = PRESENTATION_STYLE_ASSIGNMENT (( #4078 ) ) ;
#2271 = DIRECTION ( 'NONE',  ( -0.000000000000000000, -0.000000000000000000, 1.000000000000000000 ) ) ;
#2272 = ORIENTED_EDGE ( 'NONE', *, *, #1540, .F. ) ;
#2273 = CARTESIAN_POINT ( 'NONE',  ( 0.4296903970343423085, 0.5435600000000000431, -0.3066986769037985394 ) ) ;
#2274 = FILL_AREA_STYLE_COLOUR ( '', #2848 ) ;
#2275 = EDGE_LOOP ( 'NONE', ( #4144, #1681, #3256, #67 ) ) ;
#2276 =( NAMED_UNIT ( * ) SI_UNIT ( $, .STERADIAN. ) SOLID_ANGLE_UNIT ( ) );
#2277 = VERTEX_POINT ( 'NONE', #2230 ) ;
#2278 = EDGE_CURVE ( 'NONE', #975, #4342, #2395, .T. ) ;
#2279 = VERTEX_POINT ( 'NONE', #1879 ) ;
#2280 =( NAMED_UNIT ( * ) PLANE_ANGLE_UNIT ( ) SI_UNIT ( $, .RADIAN. ) );
#2281 = CARTESIAN_POINT ( 'NONE',  ( 0.8000175502720718868, 0.5379265631736703801, -0.01912609638196791084 ) ) ;
#2282 =( NAMED_UNIT ( * ) PLANE_ANGLE_UNIT ( ) SI_UNIT ( $, .RADIAN. ) );
#2283 =( LENGTH_UNIT ( ) NAMED_UNIT ( * ) SI_UNIT ( .MILLI., .METRE. ) );
#2284 = CARTESIAN_POINT ( 'NONE',  ( 0.5357011754900140588, 0.5435600000000000431, -0.3472411770317159752 ) ) ;
#2285 = LINE ( 'NONE', #3739, #2648 ) ;
#2286 = EDGE_CURVE ( 'NONE', #2522, #3277, #4039, .T. ) ;
#2287 = ORIENTED_EDGE ( 'NONE', *, *, #415, .T. ) ;
#2288 =( NAMED_UNIT ( * ) SI_UNIT ( $, .STERADIAN. ) SOLID_ANGLE_UNIT ( ) );
#2289 = ORIENTED_EDGE ( 'NONE', *, *, #2054, .F. ) ;
#2290 = FILL_AREA_STYLE_COLOUR ( '', #210 ) ;
#2291 = CARTESIAN_POINT ( 'NONE',  ( 0.8114400000000001612, 0.000000000000000000, 0.000000000000000000 ) ) ;
#2292 = DIRECTION ( 'NONE',  ( 0.000000000000000000, -1.000000000000000000, 0.000000000000000000 ) ) ;
#2293 = SURFACE_SIDE_STYLE ('',( #240 ) ) ;
#2294 = ORIENTED_EDGE ( 'NONE', *, *, #1644, .F. ) ;
#2295 = VECTOR ( 'NONE', #539, 1000.000000000000000 ) ;
#2296 = CARTESIAN_POINT ( 'NONE',  ( 0.2500000000000000555, 0.5385600000000000387, -0.5500000000000001554 ) ) ;
#2297 = ADVANCED_FACE ( 'NONE', ( #3314 ), #3738, .F. ) ;
#2298 = DIRECTION ( 'NONE',  ( 1.000000000000000000, 0.000000000000000000, 0.000000000000000000 ) ) ;
#2299 =( BOUNDED_CURVE ( )  B_SPLINE_CURVE ( 3, ( #2101, #3141, #4613, #3893 ),
 .UNSPECIFIED., .F., .T. ) 
 B_SPLINE_CURVE_WITH_KNOTS ( ( 4, 4 ),
 ( 1.570796326794887232, 1.868047687429703618 ),
 .UNSPECIFIED. ) 
 CURVE ( )  GEOMETRIC_REPRESENTATION_ITEM ( )  RATIONAL_B_SPLINE_CURVE ( ( 1.000000000000000000, 0.9926503465769137557, 0.9926503465769137557, 1.000000000000000000 ) ) 
 REPRESENTATION_ITEM ( '' )  );
#2300 =( GEOMETRIC_REPRESENTATION_CONTEXT ( 3 ) GLOBAL_UNCERTAINTY_ASSIGNED_CONTEXT ( ( #4066 ) ) GLOBAL_UNIT_ASSIGNED_CONTEXT ( ( #1306, #1690, #1996 ) ) REPRESENTATION_CONTEXT ( 'NONE', 'WORKASPACE' ) );
#2301 = CARTESIAN_POINT ( 'NONE',  ( 0.2385600000000025755, -3.847381936155273640E-15, -0.5385600000000001497 ) ) ;
#2302 = SURFACE_STYLE_USAGE ( .BOTH. , #877 ) ;
#2303 = DIRECTION ( 'NONE',  ( -0.2729786930695101699, 0.000000000000000000, 0.9620200793798756589 ) ) ;
#2304 = MECHANICAL_DESIGN_GEOMETRIC_PRESENTATION_REPRESENTATION (  '', ( #2693 ), #3895 ) ;
#2305 = CARTESIAN_POINT ( 'NONE',  ( 0.2500000000000000555, 0.5385600000000000387, -0.5500000000000001554 ) ) ;
#2306 = COLOUR_RGB ( '',0.7686274509803920907, 0.7686274509803920907, 0.7686274509803920907 ) ;
#2307 = ORIENTED_EDGE ( 'NONE', *, *, #1959, .F. ) ;
#2308 = CARTESIAN_POINT ( 'NONE',  ( 0.4784198030541204627, 0.5435600000000000431, -0.2956311519750140504 ) ) ;
#2309 = ADVANCED_FACE ( 'NONE', ( #2983 ), #1539, .T. ) ;
#2310 = SPHERICAL_SURFACE ( 'NONE', #3544, 0.01144000000000000052 ) ;
#2311 = AXIS2_PLACEMENT_3D ( 'NONE', #4256, #999, #2438 ) ;
#2312 = STYLED_ITEM ( 'NONE', ( #992 ), #1358 ) ;
#2313 = ORIENTED_EDGE ( 'NONE', *, *, #216, .F. ) ;
#2314 = PRESENTATION_LAYER_ASSIGNMENT (  '', '', ( #3612 ) ) ;
#2316 = CARTESIAN_POINT ( 'NONE',  ( 0.3547016395733397220, 0.5385600000000000387, -0.3472411770317159752 ) ) ;
#2315 = AXIS2_PLACEMENT_3D ( 'NONE', #2887, #1760, #1368 ) ;
#2317 = CARTESIAN_POINT ( 'NONE',  ( 1.038560000000000150, 0.5500000000000000444, 0.000000000000000000 ) ) ;
#2318 =( LENGTH_UNIT ( ) NAMED_UNIT ( * ) SI_UNIT ( .MILLI., .METRE. ) );
#2319 = CARTESIAN_POINT ( 'NONE',  ( 0.8004057935791902834, 0.01510378140969281802, -0.01447761543708031041 ) ) ;
#2320 = LINE ( 'NONE', #3841, #2038 ) ;
#2321 = VECTOR ( 'NONE', #753, 1000.000000000000000 ) ;
#2322 = ORIENTED_EDGE ( 'NONE', *, *, #3557, .F. ) ;
#2323 = COLOUR_RGB ( '',0.7686274509803920907, 0.7686274509803920907, 0.7686274509803920907 ) ;
#2324 = CARTESIAN_POINT ( 'NONE',  ( 0.2494983006540929527, 0.01479069842322587071, -0.01479069842322578050 ) ) ;
#2325 = CARTESIAN_POINT ( 'NONE',  ( 0.3447511851896571389, 0.5385600000000000387, -0.3142249984713705868 ) ) ;
#2326 = DIRECTION ( 'NONE',  ( 1.000000000000000000, -0.000000000000000000, -0.000000000000000000 ) ) ;
#2327 = VECTOR ( 'NONE', #4468, 1000.000000000000000 ) ;
#2328 = DIRECTION ( 'NONE',  ( 1.000000000000000000, 0.000000000000000000, 0.000000000000000000 ) ) ;
#2329 = DIRECTION ( 'NONE',  ( -0.05596501978068186417, 0.000000000000000000, 0.9984327301130245802 ) ) ;
#2330 = FACE_OUTER_BOUND ( 'NONE', #3386, .T. ) ;
#2331 = CIRCLE ( 'NONE', #305, 0.01144000000000000052 ) ;
#2332 = CARTESIAN_POINT ( 'NONE',  ( 0.2500000000000000000, 0.5500000000000000444, -0.01144000000000004041 ) ) ;
#2333 = ORIENTED_EDGE ( 'NONE', *, *, #3017, .F. ) ;
#2335 = EDGE_CURVE ( 'NONE', #2522, #1137, #400, .T. ) ;
#2334 = CIRCLE ( 'NONE', #4232, 0.01143999999999993113 ) ;
#2336 = ORIENTED_EDGE ( 'NONE', *, *, #1756, .T. ) ;
#2337 = CARTESIAN_POINT ( 'NONE',  ( 0.8000000000000000444, 0.000000000000000000, -0.5385600000000002607 ) ) ;
#2338 = CARTESIAN_POINT ( 'NONE',  ( 0.6160125443964671321, 0.5435600000000000431, -0.3332927487725754756 ) ) ;
#2339 = MECHANICAL_DESIGN_GEOMETRIC_PRESENTATION_REPRESENTATION (  '', ( #3336 ), #1828 ) ;
#2340 = LINE ( 'NONE', #1953, #1515 ) ;
#2341 = ORIENTED_EDGE ( 'NONE', *, *, #2814, .T. ) ;
#2342 = PRESENTATION_LAYER_ASSIGNMENT (  '', '', ( #3182 ) ) ;
#2343 = DIRECTION ( 'NONE',  ( 0.000000000000000000, 0.000000000000000000, 1.000000000000000000 ) ) ;
#2344 = CARTESIAN_POINT ( 'NONE',  ( 0.8000000000000001554, 0.01257771175529203041, -0.01257771175529205122 ) ) ;
#2345 =( NAMED_UNIT ( * ) PLANE_ANGLE_UNIT ( ) SI_UNIT ( $, .RADIAN. ) );
#2346 = PRESENTATION_STYLE_ASSIGNMENT (( #2659 ) ) ;
#2347 = ORIENTED_EDGE ( 'NONE', *, *, #2286, .F. ) ;
#2348 = FILL_AREA_STYLE ('',( #2684 ) ) ;
#2349 = CARTESIAN_POINT ( 'NONE',  ( 1.038560000000000150, 0.5385600000000000387, -0.5385600000000000387 ) ) ;
#2350 = UNCERTAINTY_MEASURE_WITH_UNIT (LENGTH_MEASURE( 1.000000000000000082E-05 ), #1795, 'distance_accuracy_value', 'NONE');
#2351 = PLANE ( 'NONE',  #4347 ) ;
#2352 = CARTESIAN_POINT ( 'NONE',  ( 0.01144000000000000052, 0.01144000000000000052, -0.01144000000000000052 ) ) ;
#2353 = SURFACE_STYLE_FILL_AREA ( #4205 ) ;
#2354 = FILL_AREA_STYLE ('',( #930 ) ) ;
#2355 = VERTEX_POINT ( 'NONE', #862 ) ;
#2356 = DIRECTION ( 'NONE',  ( -0.000000000000000000, 1.000000000000000000, -0.000000000000000000 ) ) ;
#2357 = DIRECTION ( 'NONE',  ( -0.2763173343569956808, 0.000000000000000000, 0.9610664548998910650 ) ) ;
#2358 = EDGE_CURVE ( 'NONE', #4342, #2736, #1045, .T. ) ;
#2359 = SURFACE_STYLE_USAGE ( .BOTH. , #3105 ) ;
#2360 = ORIENTED_EDGE ( 'NONE', *, *, #1011, .F. ) ;
#2361 = DIRECTION ( 'NONE',  ( -1.000000000000000000, 0.000000000000000000, 0.000000000000000000 ) ) ;
#2362 = CARTESIAN_POINT ( 'NONE',  ( 0.5151316314530755003, 0.5435600000000000431, -0.3396241371938849007 ) ) ;
#2363 = CARTESIAN_POINT ( 'NONE',  ( 0.3547016395733397220, 0.5435600000000000431, -0.3472411770317159752 ) ) ;
#2364 = ORIENTED_EDGE ( 'NONE', *, *, #952, .F. ) ;
#2365 = EDGE_CURVE ( 'NONE', #3277, #820, #2789, .T. ) ;
#2366 = CYLINDRICAL_SURFACE ( 'NONE', #1288, 0.01144000000000000052 ) ;
#2367 = ORIENTED_EDGE ( 'NONE', *, *, #2358, .T. ) ;
#2368 = SURFACE_SIDE_STYLE ('',( #635 ) ) ;
#2369 = DIRECTION ( 'NONE',  ( 1.000000000000000000, 1.971276677246371272E-16, 0.000000000000000000 ) ) ;
#2370 = VERTEX_POINT ( 'NONE', #1343 ) ;
#2371 = EDGE_CURVE ( 'NONE', #2279, #277, #186, .T. ) ;
#2372 = AXIS2_PLACEMENT_3D ( 'NONE', #711, #2134, #4017 ) ;
#2373 = SURFACE_SIDE_STYLE ('',( #2353 ) ) ;
#2374 =( NAMED_UNIT ( * ) SI_UNIT ( $, .STERADIAN. ) SOLID_ANGLE_UNIT ( ) );
#2375 = CARTESIAN_POINT ( 'NONE',  ( 0.8004057935791903944, 0.01447761543708037460, -0.5348962185903073374 ) ) ;
#2376 = CARTESIAN_POINT ( 'NONE',  ( 1.050000000000000044, 0.5385600000000000387, -0.5500000000000000444 ) ) ;
#2377 = PRESENTATION_LAYER_ASSIGNMENT (  '', '', ( #4355 ) ) ;
#2378 = CARTESIAN_POINT ( 'NONE',  ( 0.000000000000000000, 0.5385600000000000387, -0.5500000000000000444 ) ) ;
#2379 = CARTESIAN_POINT ( 'NONE',  ( 0.5532253972582884538, 0.5435600000000000431, -0.3066986769036468830 ) ) ;
#2380 = CARTESIAN_POINT ( 'NONE',  ( 0.4336187397529924770, 0.5435600000000000431, -0.2887439277519391889 ) ) ;
#2381 = STYLED_ITEM ( 'NONE', ( #4345 ), #1220 ) ;
#2382 = ORIENTED_EDGE ( 'NONE', *, *, #3712, .T. ) ;
#2383 = EDGE_CURVE ( 'NONE', #724, #4174, #4494, .T. ) ;
#2384 = DIRECTION ( 'NONE',  ( -0.2762033010252066823, 0.000000000000000000, 0.9610992334315843211 ) ) ;
#2385 = AXIS2_PLACEMENT_3D ( 'NONE', #2352, #1926, #1214 ) ;
#2386 = DIRECTION ( 'NONE',  ( 0.000000000000000000, 0.000000000000000000, 1.000000000000000000 ) ) ;
#2387 = DIRECTION ( 'NONE',  ( -1.000000000000000000, 0.000000000000000000, 0.000000000000000000 ) ) ;
#2388 = VECTOR ( 'NONE', #440, 1000.000000000000000 ) ;
#2389 = ORIENTED_EDGE ( 'NONE', *, *, #345, .T. ) ;
#2390 = EDGE_CURVE ( 'NONE', #1966, #1630, #4231, .T. ) ;
#2391 = ORIENTED_EDGE ( 'NONE', *, *, #847, .T. ) ;
#2392 = PRESENTATION_LAYER_ASSIGNMENT (  '', '', ( #3316 ) ) ;
#2393 = LINE ( 'NONE', #994, #4080 ) ;
#2394 = AXIS2_PLACEMENT_3D ( 'NONE', #2945, #3607, #1108 ) ;
#2396 = EDGE_CURVE ( 'NONE', #4243, #1110, #1663, .T. ) ;
#2395 = CIRCLE ( 'NONE', #1499, 0.01144000000000004041 ) ;
#2397 = DIRECTION ( 'NONE',  ( 0.000000000000000000, -1.000000000000000000, 0.000000000000000000 ) ) ;
#2398 = MECHANICAL_DESIGN_GEOMETRIC_PRESENTATION_REPRESENTATION (  '', ( #2942 ), #2552 ) ;
#2399 = CARTESIAN_POINT ( 'NONE',  ( 0.4336187397529924770, 0.5435600000000000431, -0.2887439277519391889 ) ) ;
#2400 = ORIENTED_EDGE ( 'NONE', *, *, #3876, .T. ) ;
#2401 = DIRECTION ( 'NONE',  ( -1.000000000000000000, 0.000000000000000000, 0.000000000000000000 ) ) ;
#2402 = LINE ( 'NONE', #1778, #1792 ) ;
#2403 = DIRECTION ( 'NONE',  ( 4.738645858765300700E-15, -1.000000000000000000, 0.000000000000000000 ) ) ;
#2404 = DIRECTION ( 'NONE',  ( -1.000000000000000000, 0.000000000000000000, 0.000000000000000000 ) ) ;
#2405 = ORIENTED_EDGE ( 'NONE', *, *, #3017, .T. ) ;
#2406 = PRODUCT_CONTEXT ( 'NONE', #2747, 'mechanical' ) ;
#2407 = ORIENTED_EDGE ( 'NONE', *, *, #3790, .F. ) ;
#2408 = CARTESIAN_POINT ( 'NONE',  ( 0.5236253216929230847, 0.5435600000000000431, -0.2749999999999999667 ) ) ;
#2409 = PRESENTATION_LAYER_ASSIGNMENT (  '', '', ( #1602 ) ) ;
#2410 = PRESENTATION_STYLE_ASSIGNMENT (( #3558 ) ) ;
#2411 = DIRECTION ( 'NONE',  ( -0.000000000000000000, -1.000000000000000000, -0.000000000000000000 ) ) ;
#2412 = MECHANICAL_DESIGN_GEOMETRIC_PRESENTATION_REPRESENTATION (  '', ( #2566 ), #3638 ) ;
#2413 = ORIENTED_EDGE ( 'NONE', *, *, #3770, .T. ) ;
#2414 =( LENGTH_UNIT ( ) NAMED_UNIT ( * ) SI_UNIT ( .MILLI., .METRE. ) );
#2415 = CARTESIAN_POINT ( 'NONE',  ( 0.8000000000000001554, 0.5385600000000001497, -0.02287999999999986225 ) ) ;
#2416 =( GEOMETRIC_REPRESENTATION_CONTEXT ( 3 ) GLOBAL_UNCERTAINTY_ASSIGNED_CONTEXT ( ( #4201 ) ) GLOBAL_UNIT_ASSIGNED_CONTEXT ( ( #2106, #1670, #1007 ) ) REPRESENTATION_CONTEXT ( 'NONE', 'WORKASPACE' ) );
#2417 = PRESENTATION_STYLE_ASSIGNMENT (( #3846 ) ) ;
#2418 = EDGE_CURVE ( 'NONE', #334, #3530, #3475, .T. ) ;
#2419 = DIRECTION ( 'NONE',  ( 1.000000000000000000, 0.000000000000000000, 1.539402763017534389E-15 ) ) ;
#2420 = FACE_OUTER_BOUND ( 'NONE', #3566, .T. ) ;
#2421 = DIRECTION ( 'NONE',  ( -0.4443210308329503255, 0.000000000000000000, 0.8958676361826809487 ) ) ;
#2422 = DIRECTION ( 'NONE',  ( 0.000000000000000000, 0.000000000000000000, 1.000000000000000000 ) ) ;
#2423 =( LENGTH_UNIT ( ) NAMED_UNIT ( * ) SI_UNIT ( .MILLI., .METRE. ) );
#2424 = DIRECTION ( 'NONE',  ( -0.05596501978068186417, 0.000000000000000000, 0.9984327301130245802 ) ) ;
#2425 = CARTESIAN_POINT ( 'NONE',  ( 0.6563654491645175559, 0.5435600000000000431, -0.3332911785503940849 ) ) ;
#2426 = ADVANCED_FACE ( 'NONE', ( #2718 ), #1260, .F. ) ;
#2427 = ORIENTED_EDGE ( 'NONE', *, *, #1814, .T. ) ;
#2428 = EDGE_LOOP ( 'NONE', ( #1524, #2962, #63 ) ) ;
#2429 = DIRECTION ( 'NONE',  ( 0.000000000000000000, 1.000000000000000000, -0.000000000000000000 ) ) ;
#2430 = CARTESIAN_POINT ( 'NONE',  ( 0.2499824497279308777, 0.01207343682632964176, -0.01912609638196821615 ) ) ;
#2431 = ORIENTED_EDGE ( 'NONE', *, *, #3994, .F. ) ;
#2432 = VERTEX_POINT ( 'NONE', #905 ) ;
#2433 = FILL_AREA_STYLE ('',( #660 ) ) ;
#2434 = VERTEX_POINT ( 'NONE', #1619 ) ;
#2435 = CARTESIAN_POINT ( 'NONE',  ( 0.8000000000000001554, 0.01143999999999993113, -0.5271200000000001440 ) ) ;
#2436 = EDGE_CURVE ( 'NONE', #3711, #3583, #972, .T. ) ;
#2437 = CARTESIAN_POINT ( 'NONE',  ( 0.2499968528092915976, 0.5382331090141357910, -0.01991297509093094276 ) ) ;
#2438 = DIRECTION ( 'NONE',  ( 0.000000000000000000, 0.000000000000000000, 1.000000000000000000 ) ) ;
#2439 = SURFACE_STYLE_USAGE ( .BOTH. , #1344 ) ;
#2440 = COLOUR_RGB ( '',0.7686274509803920907, 0.7686274509803920907, 0.7686274509803920907 ) ;
#2441 = LINE ( 'NONE', #1002, #2009 ) ;
#2442 = EDGE_CURVE ( 'NONE', #2525, #3530, #2010, .T. ) ;
#2443 = CARTESIAN_POINT ( 'NONE',  ( 0.2385600000000025755, 0.01144000000000000052, 0.000000000000000000 ) ) ;
#2444 = SURFACE_SIDE_STYLE ('',( #3875 ) ) ;
#2445 = AXIS2_PLACEMENT_3D ( 'NONE', #3792, #555, #3487 ) ;
#2446 = FILL_AREA_STYLE ('',( #1713 ) ) ;
#2447 = SURFACE_STYLE_USAGE ( .BOTH. , #4262 ) ;
#2448 = ORIENTED_EDGE ( 'NONE', *, *, #2051, .T. ) ;
#2449 =( NAMED_UNIT ( * ) PLANE_ANGLE_UNIT ( ) SI_UNIT ( $, .RADIAN. ) );
#2450 = ORIENTED_EDGE ( 'NONE', *, *, #2738, .F. ) ;
#2452 = EDGE_CURVE ( 'NONE', #3485, #3891, #3055, .T. ) ;
#2451 = CARTESIAN_POINT ( 'NONE',  ( 0.3935722247434730869, 0.5435600000000000431, -0.2887439277519391889 ) ) ;
#2453 =( LENGTH_UNIT ( ) NAMED_UNIT ( * ) SI_UNIT ( .MILLI., .METRE. ) );
#2454 = DIRECTION ( 'NONE',  ( -0.000000000000000000, 1.000000000000000000, 0.000000000000000000 ) ) ;
#2455 = ORIENTED_EDGE ( 'NONE', *, *, #3790, .T. ) ;
#2456 = AXIS2_PLACEMENT_3D ( 'NONE', #664, #2096, #3117 ) ;
#2457 = PRESENTATION_STYLE_ASSIGNMENT (( #1313 ) ) ;
#2458 = CARTESIAN_POINT ( 'NONE',  ( 0.3898580474327666967, 0.5435600000000000431, -0.3472411770317159752 ) ) ;
#2459 = CARTESIAN_POINT ( 'NONE',  ( 0.5444044184021527011, 0.5435600000000000431, -0.3472411770317159752 ) ) ;
#2460 = AXIS2_PLACEMENT_3D ( 'NONE', #2616, #1855, #2261 ) ;
#2461 = ADVANCED_FACE ( 'NONE', ( #2330 ), #3074, .F. ) ;
#2462 = ORIENTED_EDGE ( 'NONE', *, *, #111, .F. ) ;
#2463 = LINE ( 'NONE', #4607, #2607 ) ;
#2464 = DIRECTION ( 'NONE',  ( -1.000000000000000000, 0.000000000000000000, 0.000000000000000000 ) ) ;
#2465 = PRESENTATION_LAYER_ASSIGNMENT (  '', '', ( #4671 ) ) ;
#2466 = LINE ( 'NONE', #3569, #2927 ) ;
#2467 = DIRECTION ( 'NONE',  ( 1.000000000000000000, 4.738645858765322788E-15, 0.000000000000000000 ) ) ;
#2468 = AXIS2_PLACEMENT_3D ( 'NONE', #3977, #441, #826 ) ;
#2469 = COLOUR_RGB ( '',0.7686274509803920907, 0.7686274509803920907, 0.7686274509803920907 ) ;
#2470 = ORIENTED_EDGE ( 'NONE', *, *, #1262, .T. ) ;
#2471 =( LENGTH_UNIT ( ) NAMED_UNIT ( * ) SI_UNIT ( .MILLI., .METRE. ) );
#2472 = FILL_AREA_STYLE_COLOUR ( '', #2548 ) ;
#2473 = CARTESIAN_POINT ( 'NONE',  ( 0.3390295641239804425, 0.5435600000000000431, -0.2750000000000000222 ) ) ;
#2474 = ORIENTED_EDGE ( 'NONE', *, *, #4069, .T. ) ;
#2475 = EDGE_CURVE ( 'NONE', #1584, #757, #4538, .T. ) ;
#2476 = EDGE_LOOP ( 'NONE', ( #1771, #3970, #2224, #3523 ) ) ;
#2477 = PLANE ( 'NONE',  #4655 ) ;
#2478 = CARTESIAN_POINT ( 'NONE',  ( 0.8002476055771922114, 0.01562018340978777418, -0.5360387865633362559 ) ) ;
#2479 = EDGE_LOOP ( 'NONE', ( #362, #2660, #1846, #2287 ) ) ;
#2480 = CIRCLE ( 'NONE', #2874, 0.01143999999999993113 ) ;
#2481 =( NAMED_UNIT ( * ) PLANE_ANGLE_UNIT ( ) SI_UNIT ( $, .RADIAN. ) );
#2482 = CARTESIAN_POINT ( 'NONE',  ( 0.4336187397529924770, 0.5385600000000000387, -0.2887439277519391889 ) ) ;
#2483 = VERTEX_POINT ( 'NONE', #1708 ) ;
#2484 = ORIENTED_EDGE ( 'NONE', *, *, #1614, .F. ) ;
#2485 = CARTESIAN_POINT ( 'NONE',  ( 0.000000000000000000, -2.255140518769856618E-18, -0.5385600000000001497 ) ) ;
#2486 = VERTEX_POINT ( 'NONE', #3850 ) ;
#2487 = VECTOR ( 'NONE', #2256, 1000.000000000000227 ) ;
#2488 = DIRECTION ( 'NONE',  ( -0.9610876102172832836, 0.000000000000000000, -0.2762437428917283722 ) ) ;
#2489 = CARTESIAN_POINT ( 'NONE',  ( 0.5357011754900140588, 0.5435600000000000431, -0.3472411770317159752 ) ) ;
#2490 = CARTESIAN_POINT ( 'NONE',  ( 0.3610101836264471564, 0.5435600000000000431, -0.2750000000000000222 ) ) ;
#2491 = UNCERTAINTY_MEASURE_WITH_UNIT (LENGTH_MEASURE( 1.000000000000000082E-05 ), #22, 'distance_accuracy_value', 'NONE');
#2492 = FILL_AREA_STYLE_COLOUR ( '', #962 ) ;
#2493 = SURFACE_STYLE_FILL_AREA ( #2190 ) ;
#2494 = DIRECTION ( 'NONE',  ( -1.000000000000000000, 1.971276677246371272E-16, -0.000000000000000000 ) ) ;
#2495 = ORIENTED_EDGE ( 'NONE', *, *, #2214, .F. ) ;
#2496 = ORIENTED_EDGE ( 'NONE', *, *, #3242, .T. ) ;
#2497 = ADVANCED_FACE ( 'NONE', ( #1993 ), #3428, .F. ) ;
#2498 = FACE_OUTER_BOUND ( 'NONE', #1605, .T. ) ;
#2499 = DIRECTION ( 'NONE',  ( 0.9280290862136735264, 0.000000000000000000, -0.3725077383644724294 ) ) ;
#2500 = ORIENTED_EDGE ( 'NONE', *, *, #3050, .T. ) ;
#2501 = VERTEX_POINT ( 'NONE', #309 ) ;
#2502 = CARTESIAN_POINT ( 'NONE',  ( 0.5236253216929230847, 0.5435600000000000431, -0.2749999999999999667 ) ) ;
#2503 = CARTESIAN_POINT ( 'NONE',  ( 0.000000000000000000, 0.01144000000000000052, -0.5385600000000001497 ) ) ;
#2504 = DIRECTION ( 'NONE',  ( -0.2765379750249969404, 0.000000000000000000, 0.9610029908221275896 ) ) ;
#2505 = CARTESIAN_POINT ( 'NONE',  ( 0.2499999999999998890, 0.5385600000000000387, -0.01143999999999982184 ) ) ;
#2506 = ORIENTED_EDGE ( 'NONE', *, *, #4190, .F. ) ;
#2507 = EDGE_LOOP ( 'NONE', ( #2880, #2307, #1178, #3322 ) ) ;
#2508 = DIRECTION ( 'NONE',  ( 1.000000000000000000, 0.000000000000000000, 0.000000000000000000 ) ) ;
#2509 = EDGE_CURVE ( 'NONE', #3583, #1571, #288, .T. ) ;
#2510 = CARTESIAN_POINT ( 'NONE',  ( 0.4296903970343423085, 0.5435600000000000431, -0.3066986769037985394 ) ) ;
#2511 = PLANE ( 'NONE',  #4474 ) ;
#2512 = CARTESIAN_POINT ( 'NONE',  ( 0.2500000000000000555, 0.5385600000000000387, -0.02287999999999986225 ) ) ;
#2513 = SURFACE_STYLE_FILL_AREA ( #4634 ) ;
#2514 = CYLINDRICAL_SURFACE ( 'NONE', #2630, 0.01144000000000004041 ) ;
#2515 = FACE_OUTER_BOUND ( 'NONE', #1725, .T. ) ;
#2516 = CARTESIAN_POINT ( 'NONE',  ( 0.2385600000000000498, 0.5385600000000000387, -0.5500000000000001554 ) ) ;
#2517 = PRESENTATION_LAYER_ASSIGNMENT (  '', '', ( #2910 ) ) ;
#2518 = EDGE_LOOP ( 'NONE', ( #3100, #3762, #3249, #1532 ) ) ;
#2519 = CARTESIAN_POINT ( 'NONE',  ( 0.01143999999999993113, 0.5500000000000000444, -0.5500000000000000444 ) ) ;
#2520 = VECTOR ( 'NONE', #1958, 1000.000000000000000 ) ;
#2521 =( LENGTH_UNIT ( ) NAMED_UNIT ( * ) SI_UNIT ( .MILLI., .METRE. ) );
#2522 = VERTEX_POINT ( 'NONE', #2489 ) ;
#2523 = PRESENTATION_LAYER_ASSIGNMENT (  '', '', ( #1945 ) ) ;
#2524 = ADVANCED_FACE ( 'NONE', ( #1434 ), #4302, .F. ) ;
#2525 = VERTEX_POINT ( 'NONE', #2510 ) ;
#2526 = FILL_AREA_STYLE ('',( #3975 ) ) ;
#2527 = DIRECTION ( 'NONE',  ( 1.000000000000000000, 0.000000000000000000, 0.000000000000000000 ) ) ;
#2528 = VECTOR ( 'NONE', #4101, 1000.000000000000000 ) ;
#2529 = VERTEX_POINT ( 'NONE', #2097 ) ;
#2530 = LINE ( 'NONE', #101, #1140 ) ;
#2531 = ADVANCED_FACE ( 'NONE', ( #2071 ), #641, .F. ) ;
#2532 = PRESENTATION_LAYER_ASSIGNMENT (  '', '', ( #3006 ) ) ;
#2533 = ORIENTED_EDGE ( 'NONE', *, *, #1982, .T. ) ;
#2534 = CARTESIAN_POINT ( 'NONE',  ( 0.2499593366536778660, 0.5375097766565146706, -0.5320737292624470038 ) ) ;
#2535 = DIRECTION ( 'NONE',  ( -0.000000000000000000, 0.000000000000000000, 1.000000000000000000 ) ) ;
#2536 =( GEOMETRIC_REPRESENTATION_CONTEXT ( 3 ) GLOBAL_UNCERTAINTY_ASSIGNED_CONTEXT ( ( #156 ) ) GLOBAL_UNIT_ASSIGNED_CONTEXT ( ( #1511, #2280, #3662 ) ) REPRESENTATION_CONTEXT ( 'NONE', 'WORKASPACE' ) );
#2537 = CARTESIAN_POINT ( 'NONE',  ( 0.2914999999999999813, 0.5435600000000000431, -0.2750000000000000222 ) ) ;
#2538 = EDGE_CURVE ( 'NONE', #2059, #1737, #1798, .T. ) ;
#2539 = PRESENTATION_LAYER_ASSIGNMENT (  '', '', ( #4588 ) ) ;
#2540 = VECTOR ( 'NONE', #98, 999.9999999999998863 ) ;
#2541 = CYLINDRICAL_SURFACE ( 'NONE', #1321, 0.01144000000000004041 ) ;
#2542 =( NAMED_UNIT ( * ) PLANE_ANGLE_UNIT ( ) SI_UNIT ( $, .RADIAN. ) );
#2543 = SURFACE_SIDE_STYLE ('',( #4040 ) ) ;
#2544 = CARTESIAN_POINT ( 'NONE',  ( 0.01143999999999993113, 0.5385600000000000387, -0.01144000000000000052 ) ) ;
#2545 = STYLED_ITEM ( 'NONE', ( #4105 ), #3069 ) ;
#2546 = CYLINDRICAL_SURFACE ( 'NONE', #3858, 0.01144000000000001266 ) ;
#2547 = ORIENTED_EDGE ( 'NONE', *, *, #2278, .T. ) ;
#2548 = COLOUR_RGB ( '',0.7686274509803920907, 0.7686274509803920907, 0.7686274509803920907 ) ;
#2549 = CARTESIAN_POINT ( 'NONE',  ( 0.4336187397529924770, 0.5435600000000000431, -0.2887439277519391889 ) ) ;
#2550 = CARTESIAN_POINT ( 'NONE',  ( 0.8005016993459097563, 0.01479069842322575101, -0.01479069842322579091 ) ) ;
#2551 = FACE_OUTER_BOUND ( 'NONE', #3164, .T. ) ;
#2552 =( GEOMETRIC_REPRESENTATION_CONTEXT ( 3 ) GLOBAL_UNCERTAINTY_ASSIGNED_CONTEXT ( ( #2350 ) ) GLOBAL_UNIT_ASSIGNED_CONTEXT ( ( #1795, #365, #3230 ) ) REPRESENTATION_CONTEXT ( 'NONE', 'WORKASPACE' ) );
#2553 = VERTEX_POINT ( 'NONE', #2119 ) ;
#2554 =( NAMED_UNIT ( * ) PLANE_ANGLE_UNIT ( ) SI_UNIT ( $, .RADIAN. ) );
#2555 = CARTESIAN_POINT ( 'NONE',  ( 0.8005016993459097563, 0.5352093015767742656, -0.01479069842322581346 ) ) ;
#2556 = AXIS2_PLACEMENT_3D ( 'NONE', #4395, #1158, #2249 ) ;
#2557 = CARTESIAN_POINT ( 'NONE',  ( 0.5821063163675104235, 0.5435600000000000431, -0.2887465636336941643 ) ) ;
#2558 = CARTESIAN_POINT ( 'NONE',  ( 0.4064080911670675533, 0.5385600000000000387, -0.3334904399182307966 ) ) ;
#2559 = ORIENTED_EDGE ( 'NONE', *, *, #1273, .F. ) ;
#2560 = FILL_AREA_STYLE ('',( #472 ) ) ;
#2561 = VECTOR ( 'NONE', #1744, 1000.000000000000114 ) ;
#2562 = VERTEX_POINT ( 'NONE', #3237 ) ;
#2563 = SURFACE_STYLE_USAGE ( .BOTH. , #760 ) ;
#2564 = EDGE_CURVE ( 'NONE', #752, #1086, #1825, .T. ) ;
#2565 = DIRECTION ( 'NONE',  ( 1.000000000000000000, 0.000000000000000000, 0.000000000000000000 ) ) ;
#2566 = STYLED_ITEM ( 'NONE', ( #4565 ), #147 ) ;
#2567 = FACE_OUTER_BOUND ( 'NONE', #318, .T. ) ;
#2568 = CARTESIAN_POINT ( 'NONE',  ( 0.4393219096453854222, 0.5435600000000000431, -0.3334904399182307966 ) ) ;
#2569 = DIRECTION ( 'NONE',  ( 1.000000000000000000, 0.000000000000000000, 0.000000000000000000 ) ) ;
#2570 = DIRECTION ( 'NONE',  ( 1.000000000000000000, 0.000000000000000000, 0.000000000000000000 ) ) ;
#2571 = SURFACE_SIDE_STYLE ('',( #401 ) ) ;
#2572 = PRESENTATION_STYLE_ASSIGNMENT (( #3993 ) ) ;
#2573 = EDGE_LOOP ( 'NONE', ( #1391, #1335, #3925, #2577 ) ) ;
#2574 = ORIENTED_EDGE ( 'NONE', *, *, #4094, .T. ) ;
#2575 = LINE ( 'NONE', #3699, #3070 ) ;
#2576 = EDGE_CURVE ( 'NONE', #820, #3195, #2905, .T. ) ;
#2577 = ORIENTED_EDGE ( 'NONE', *, *, #3294, .T. ) ;
#2578 = CARTESIAN_POINT ( 'NONE',  ( 1.050000000000000044, 0.5500000000000000444, 0.000000000000000000 ) ) ;
#2579 = PRESENTATION_STYLE_ASSIGNMENT (( #44 ) ) ;
#2580 = SURFACE_STYLE_USAGE ( .BOTH. , #74 ) ;
#2581 = DIRECTION ( 'NONE',  ( 0.000000000000000000, 1.000000000000000000, 0.000000000000000000 ) ) ;
#2582 = EDGE_LOOP ( 'NONE', ( #2367, #1987, #686, #1623 ) ) ;
#2583 = CARTESIAN_POINT ( 'NONE',  ( 0.4335049575161018520, 0.5435600000000000431, -0.3200535924125289533 ) ) ;
#2584 = ORIENTED_EDGE ( 'NONE', *, *, #2858, .T. ) ;
#2585 = EDGE_CURVE ( 'NONE', #1230, #2652, #2466, .T. ) ;
#2586 = SURFACE_STYLE_FILL_AREA ( #1160 ) ;
#2587 = CARTESIAN_POINT ( 'NONE',  ( 0.2498315286624167297, 0.01370288082993914060, -0.01370288082993910590 ) ) ;
#2588 = ADVANCED_FACE ( 'NONE', ( #3960 ), #3986, .T. ) ;
#2589 = UNCERTAINTY_MEASURE_WITH_UNIT (LENGTH_MEASURE( 1.000000000000000082E-05 ), #985, 'distance_accuracy_value', 'NONE');
#2590 = SURFACE_STYLE_USAGE ( .BOTH. , #2957 ) ;
#2591 = DIRECTION ( 'NONE',  ( -1.000000000000000000, 0.000000000000000000, 0.000000000000000000 ) ) ;
#2592 = SURFACE_STYLE_FILL_AREA ( #1165 ) ;
#2593 = ORIENTED_EDGE ( 'NONE', *, *, #3101, .F. ) ;
#2594 = ADVANCED_FACE ( 'NONE', ( #3915 ), #2185, .F. ) ;
#2595 = ORIENTED_EDGE ( 'NONE', *, *, #4077, .T. ) ;
#2596 = MECHANICAL_DESIGN_GEOMETRIC_PRESENTATION_REPRESENTATION (  '', ( #4043 ), #570 ) ;
#2597 = FACE_OUTER_BOUND ( 'NONE', #3438, .T. ) ;
#2598 = EDGE_CURVE ( 'NONE', #3722, #4257, #1534, .T. ) ;
#2599 = VECTOR ( 'NONE', #1340, 1000.000000000000000 ) ;
#2600 = ORIENTED_EDGE ( 'NONE', *, *, #2722, .T. ) ;
#2601 = DIRECTION ( 'NONE',  ( 0.2745159998572619942, 0.000000000000000000, -0.9615825319869156784 ) ) ;
#2602 = CARTESIAN_POINT ( 'NONE',  ( 0.8000683848023102396, 0.5323177733764917763, -0.01268898670756258250 ) ) ;
#2603 = CARTESIAN_POINT ( 'NONE',  ( 0.8005016993459097563, 0.01479069842322582561, -0.5352093015767743767 ) ) ;
#2604 = LINE ( 'NONE', #2246, #3465 ) ;
#2605 = ORIENTED_EDGE ( 'NONE', *, *, #4196, .T. ) ;
#2606 = CARTESIAN_POINT ( 'NONE',  ( 0.01144000000000000052, 0.01144000000000000052, -0.01144000000000000052 ) ) ;
#2607 = VECTOR ( 'NONE', #4535, 1000.000000000000114 ) ;
#2608 = ORIENTED_EDGE ( 'NONE', *, *, #4484, .F. ) ;
#2609 = AXIS2_PLACEMENT_3D ( 'NONE', #2451, #3900, #4640 ) ;
#2610 = LINE ( 'NONE', #181, #894 ) ;
#2611 =( NAMED_UNIT ( * ) PLANE_ANGLE_UNIT ( ) SI_UNIT ( $, .RADIAN. ) );
#2612 = SURFACE_STYLE_USAGE ( .BOTH. , #1925 ) ;
#2613 = VECTOR ( 'NONE', #2535, 1000.000000000000000 ) ;
#2614 = PLANE ( 'NONE',  #3823 ) ;
#2615 = STYLED_ITEM ( 'NONE', ( #855 ), #1304 ) ;
#2616 = CARTESIAN_POINT ( 'NONE',  ( 0.2385600000000000498, 0.5385600000000000387, -0.5385600000000000387 ) ) ;
#2617 = FACE_OUTER_BOUND ( 'NONE', #1062, .T. ) ;
#2618 =( NAMED_UNIT ( * ) PLANE_ANGLE_UNIT ( ) SI_UNIT ( $, .RADIAN. ) );
#2619 = EDGE_CURVE ( 'NONE', #3467, #1463, #1851, .T. ) ;
#2620 = CARTESIAN_POINT ( 'NONE',  ( 0.8114400000000001612, 0.5500000000000000444, -0.01144000000000000052 ) ) ;
#2621 = VECTOR ( 'NONE', #1770, 1000.000000000000000 ) ;
#2622 = MECHANICAL_DESIGN_GEOMETRIC_PRESENTATION_REPRESENTATION (  '', ( #668 ), #1802 ) ;
#2623 = ORIENTED_EDGE ( 'NONE', *, *, #228, .T. ) ;
#2624 = DIRECTION ( 'NONE',  ( -2.369322929382658239E-15, 1.000000000000000000, 0.000000000000000000 ) ) ;
#2625 = VECTOR ( 'NONE', #2292, 1000.000000000000000 ) ;
#2626 = CIRCLE ( 'NONE', #597, 0.01144000000000001266 ) ;
#2627 = SURFACE_SIDE_STYLE ('',( #3058 ) ) ;
#2628 = EDGE_CURVE ( 'NONE', #3048, #2562, #3283, .T. ) ;
#2629 = VECTOR ( 'NONE', #4353, 1000.000000000000000 ) ;
#2630 = AXIS2_PLACEMENT_3D ( 'NONE', #351, #237, #377 ) ;
#2631 = EDGE_LOOP ( 'NONE', ( #2012, #2987, #2963 ) ) ;
#2632 = DIRECTION ( 'NONE',  ( 1.000000000000000000, 1.971276677246371272E-16, -0.000000000000000000 ) ) ;
#2633 = LINE ( 'NONE', #140, #4146 ) ;
#2634 = CARTESIAN_POINT ( 'NONE',  ( 0.2385600000000025200, 0.01144000000000000052, -0.5385600000000001497 ) ) ;
#2635 = VERTEX_POINT ( 'NONE', #1482 ) ;
#2637 = ADVANCED_FACE ( 'NONE', ( #3335 ), #856, .T. ) ;
#2636 = MECHANICAL_DESIGN_GEOMETRIC_PRESENTATION_REPRESENTATION (  '', ( #839 ), #4457 ) ;
#2638 = CARTESIAN_POINT ( 'NONE',  ( 0.2385600000000025478, 0.01144000000000000052, -0.01144000000000000052 ) ) ;
#2639 = ORIENTED_EDGE ( 'NONE', *, *, #1195, .T. ) ;
#2640 = ORIENTED_EDGE ( 'NONE', *, *, #736, .T. ) ;
#2641 =( GEOMETRIC_REPRESENTATION_CONTEXT ( 3 ) GLOBAL_UNCERTAINTY_ASSIGNED_CONTEXT ( ( #3206 ) ) GLOBAL_UNIT_ASSIGNED_CONTEXT ( ( #3471, #840, #2782 ) ) REPRESENTATION_CONTEXT ( 'NONE', 'WORKASPACE' ) );
#2642 = DIRECTION ( 'NONE',  ( 0.000000000000000000, 0.000000000000000000, 1.000000000000000000 ) ) ;
#2643 = CARTESIAN_POINT ( 'NONE',  ( 0.8000406633463224004, 0.5375097766565147817, -0.01792627073755304751 ) ) ;
#2644 = CARTESIAN_POINT ( 'NONE',  ( 0.6160125443964671321, 0.5435600000000000431, -0.3332927487725754756 ) ) ;
#2645 = CYLINDRICAL_SURFACE ( 'NONE', #1645, 0.01144000000000004041 ) ;
#2646 = DIRECTION ( 'NONE',  ( 0.000000000000000000, -1.000000000000000000, 0.000000000000000000 ) ) ;
#2647 = DIRECTION ( 'NONE',  ( 1.000000000000000000, 0.000000000000000000, 0.000000000000000000 ) ) ;
#2648 = VECTOR ( 'NONE', #501, 1000.000000000000227 ) ;
#2649 = VERTEX_POINT ( 'NONE', #151 ) ;
#2650 = AXIS2_PLACEMENT_3D ( 'NONE', #184, #4449, #1256 ) ;
#2651 = PRESENTATION_STYLE_ASSIGNMENT (( #1998 ) ) ;
#2652 = VERTEX_POINT ( 'NONE', #2977 ) ;
#2653 = ADVANCED_FACE ( 'NONE', ( #1590 ), #4095, .F. ) ;
#2654 = FACE_OUTER_BOUND ( 'NONE', #3786, .T. ) ;
#2655 = LINE ( 'NONE', #4464, #2031 ) ;
#2656 = LINE ( 'NONE', #2996, #2540 ) ;
#2657 = SURFACE_STYLE_USAGE ( .BOTH. , #1229 ) ;
#2658 = ORIENTED_EDGE ( 'NONE', *, *, #4429, .F. ) ;
#2659 = SURFACE_STYLE_USAGE ( .BOTH. , #2293 ) ;
#2660 = ORIENTED_EDGE ( 'NONE', *, *, #1689, .F. ) ;
#2661 = EDGE_LOOP ( 'NONE', ( #491, #1788, #4456, #2207 ) ) ;
#2662 = EDGE_CURVE ( 'NONE', #2873, #1167, #1210, .T. ) ;
#2663 = VERTEX_POINT ( 'NONE', #2027 ) ;
#2664 = CARTESIAN_POINT ( 'NONE',  ( 0.4432274080541009353, 0.5435600000000000431, -0.3472411770317159752 ) ) ;
#2665 =( LENGTH_UNIT ( ) NAMED_UNIT ( * ) SI_UNIT ( .MILLI., .METRE. ) );
#2666 =( BOUNDED_CURVE ( )  B_SPLINE_CURVE ( 3, ( #3115, #2264, #1928, #4509 ),
 .UNSPECIFIED., .F., .T. ) 
 B_SPLINE_CURVE_WITH_KNOTS ( ( 4, 4 ),
 ( 4.712388980384683457, 5.009640341019504284 ),
 .UNSPECIFIED. ) 
 CURVE ( )  GEOMETRIC_REPRESENTATION_ITEM ( )  RATIONAL_B_SPLINE_CURVE ( ( 1.000000000000000000, 0.9926503465769136447, 0.9926503465769136447, 1.000000000000000000 ) ) 
 REPRESENTATION_ITEM ( '' )  );
#2667 = ADVANCED_FACE ( 'NONE', ( #220 ), #2686, .F. ) ;
#2668 = DIRECTION ( 'NONE',  ( 0.000000000000000000, 0.000000000000000000, -1.000000000000000000 ) ) ;
#2669 = FILL_AREA_STYLE_COLOUR ( '', #739 ) ;
#2670 = CARTESIAN_POINT ( 'NONE',  ( 0.5444044184021527011, 0.5385600000000000387, -0.3472411770317159752 ) ) ;
#2671 = CARTESIAN_POINT ( 'NONE',  ( 0.2500002828886797590, 0.5283158263398678445, -0.5385129807314551487 ) ) ;
#2672 = ORIENTED_EDGE ( 'NONE', *, *, #345, .F. ) ;
#2673 = SURFACE_SIDE_STYLE ('',( #1219 ) ) ;
#2674 = CARTESIAN_POINT ( 'NONE',  ( 0.2385600000000025200, 0.01144000000000000225, -0.5500000000000001554 ) ) ;
#2675 = ORIENTED_EDGE ( 'NONE', *, *, #3703, .F. ) ;
#2676 = CARTESIAN_POINT ( 'NONE',  ( 0.4064080911670675533, 0.5385600000000000387, -0.3334904399182307966 ) ) ;
#2677 = PLANE ( 'NONE',  #448 ) ;
#2678 = LINE ( 'NONE', #4054, #1809 ) ;
#2679 = SURFACE_STYLE_FILL_AREA ( #3026 ) ;
#2680 = CARTESIAN_POINT ( 'NONE',  ( 0.3239997653566430436, 0.5385600000000000387, -0.3164347461651950133 ) ) ;
#2681 = CIRCLE ( 'NONE', #652, 0.01144000000000004041 ) ;
#2682 = VERTEX_POINT ( 'NONE', #562 ) ;
#2683 = ORIENTED_EDGE ( 'NONE', *, *, #2237, .T. ) ;
#2684 = FILL_AREA_STYLE_COLOUR ( '', #2306 ) ;
#2685 = PRESENTATION_LAYER_ASSIGNMENT (  '', '', ( #1261 ) ) ;
#2686 = PLANE ( 'NONE',  #592 ) ;
#2687 = EDGE_CURVE ( 'NONE', #2434, #3639, #3761, .T. ) ;
#2688 = LINE ( 'NONE', #4134, #2487 ) ;
#2689 = UNCERTAINTY_MEASURE_WITH_UNIT (LENGTH_MEASURE( 1.000000000000000082E-05 ), #1351, 'distance_accuracy_value', 'NONE');
#2690 = UNCERTAINTY_MEASURE_WITH_UNIT (LENGTH_MEASURE( 1.000000000000000082E-05 ), #2414, 'distance_accuracy_value', 'NONE');
#2691 = PRESENTATION_STYLE_ASSIGNMENT (( #1564 ) ) ;
#2692 = DIRECTION ( 'NONE',  ( -0.4443210308329503255, 0.000000000000000000, 0.8958676361826809487 ) ) ;
#2693 = STYLED_ITEM ( 'NONE', ( #2906 ), #960 ) ;
#2694 = LINE ( 'NONE', #481, #3103 ) ;
#2695 =( GEOMETRIC_REPRESENTATION_CONTEXT ( 3 ) GLOBAL_UNCERTAINTY_ASSIGNED_CONTEXT ( ( #858 ) ) GLOBAL_UNIT_ASSIGNED_CONTEXT ( ( #4230, #3474, #2118 ) ) REPRESENTATION_CONTEXT ( 'NONE', 'WORKASPACE' ) );
#2696 = VERTEX_POINT ( 'NONE', #3777 ) ;
#2697 =( NAMED_UNIT ( * ) PLANE_ANGLE_UNIT ( ) SI_UNIT ( $, .RADIAN. ) );
#2698 = DIRECTION ( 'NONE',  ( -0.2746918797667152745, 0.000000000000000000, 0.9615323037684320173 ) ) ;
#2699 = VECTOR ( 'NONE', #3118, 1000.000000000000000 ) ;
#2700 = LINE ( 'NONE', #1574, #1905 ) ;
#2701 =( GEOMETRIC_REPRESENTATION_CONTEXT ( 3 ) GLOBAL_UNCERTAINTY_ASSIGNED_CONTEXT ( ( #201 ) ) GLOBAL_UNIT_ASSIGNED_CONTEXT ( ( #1551, #976, #3396 ) ) REPRESENTATION_CONTEXT ( 'NONE', 'WORKASPACE' ) );
#2702 = VERTEX_POINT ( 'NONE', #2325 ) ;
#2704 = CARTESIAN_POINT ( 'NONE',  ( 0.5609454561485863744, 0.5435600000000000431, -0.3334880236930360398 ) ) ;
#2703 = VECTOR ( 'NONE', #2795, 1000.000000000000000 ) ;
#2705 = DIRECTION ( 'NONE',  ( -0.000000000000000000, -0.000000000000000000, -1.000000000000000000 ) ) ;
#2706 = CARTESIAN_POINT ( 'NONE',  ( 0.8000000000000000444, 0.02287999999999993164, -0.01143999999999982184 ) ) ;
#2707 = ORIENTED_EDGE ( 'NONE', *, *, #1507, .T. ) ;
#2708 = CARTESIAN_POINT ( 'NONE',  ( 1.050000000000000044, 0.5385600000000000387, -0.5385600000000000387 ) ) ;
#2709 = VECTOR ( 'NONE', #869, 1000.000000000000000 ) ;
#2710 = VECTOR ( 'NONE', #1805, 1000.000000000000000 ) ;
#2711 = ORIENTED_EDGE ( 'NONE', *, *, #1814, .F. ) ;
#2712 = MECHANICAL_DESIGN_GEOMETRIC_PRESENTATION_REPRESENTATION (  '', ( #906 ), #161 ) ;
#2713 = LINE ( 'NONE', #4470, #4517 ) ;
#2714 = ORIENTED_EDGE ( 'NONE', *, *, #2628, .T. ) ;
#2715 =( GEOMETRIC_REPRESENTATION_CONTEXT ( 3 ) GLOBAL_UNCERTAINTY_ASSIGNED_CONTEXT ( ( #4165 ) ) GLOBAL_UNIT_ASSIGNED_CONTEXT ( ( #4183, #2618, #4070 ) ) REPRESENTATION_CONTEXT ( 'NONE', 'WORKASPACE' ) );
#2716 =( NAMED_UNIT ( * ) SI_UNIT ( $, .STERADIAN. ) SOLID_ANGLE_UNIT ( ) );
#2717 = EDGE_CURVE ( 'NONE', #1764, #4593, #3494, .T. ) ;
#2718 = FACE_OUTER_BOUND ( 'NONE', #1426, .T. ) ;
#2719 = COLOUR_RGB ( '',0.6470588235294117974, 0.5176470588235293491, 0.000000000000000000 ) ;
#2720 = CARTESIAN_POINT ( 'NONE',  ( 0.3690699447935828492, 0.5435600000000000431, -0.2749999999999999667 ) ) ;
#2721 = ORIENTED_EDGE ( 'NONE', *, *, #449, .T. ) ;
#2722 = EDGE_CURVE ( 'NONE', #1470, #322, #873, .T. ) ;
#2723 = PRESENTATION_STYLE_ASSIGNMENT (( #3431 ) ) ;
#2724 =( LENGTH_UNIT ( ) NAMED_UNIT ( * ) SI_UNIT ( .MILLI., .METRE. ) );
#2725 = SURFACE_SIDE_STYLE ('',( #1981 ) ) ;
#2726 = ORIENTED_EDGE ( 'NONE', *, *, #2975, .F. ) ;
#2727 = PRESENTATION_LAYER_ASSIGNMENT (  '', '', ( #4616 ) ) ;
#2729 = ADVANCED_FACE ( 'NONE', ( #1272 ), #4108, .F. ) ;
#2728 = CARTESIAN_POINT ( 'NONE',  ( 1.050000000000000044, 0.01144000000000000225, -0.5500000000000001554 ) ) ;
#2730 = DIRECTION ( 'NONE',  ( 0.000000000000000000, -1.000000000000000000, 0.000000000000000000 ) ) ;
#2731 = FACE_OUTER_BOUND ( 'NONE', #1935, .T. ) ;
#2732 = ORIENTED_EDGE ( 'NONE', *, *, #1558, .T. ) ;
#2733 = CARTESIAN_POINT ( 'NONE',  ( 1.038560000000000150, 0.01144000000000000052, -0.01144000000000000052 ) ) ;
#2734 = VERTEX_POINT ( 'NONE', #3752 ) ;
#2735 = SURFACE_SIDE_STYLE ('',( #1297 ) ) ;
#2736 = VERTEX_POINT ( 'NONE', #3425 ) ;
#2737 = FACE_OUTER_BOUND ( 'NONE', #845, .T. ) ;
#2738 = EDGE_CURVE ( 'NONE', #171, #2652, #2713, .T. ) ;
#2739 = LINE ( 'NONE', #3848, #1112 ) ;
#2740 = SURFACE_SIDE_STYLE ('',( #203 ) ) ;
#2741 = CARTESIAN_POINT ( 'NONE',  ( 0.2500000000000000555, 0.5385600000000000387, -0.5271200000000001440 ) ) ;
#2742 = DIRECTION ( 'NONE',  ( 0.000000000000000000, 1.000000000000000000, 0.000000000000000000 ) ) ;
#2743 = ADVANCED_FACE ( 'NONE', ( #4161 ), #4531, .T. ) ;
#2744 = VERTEX_POINT ( 'NONE', #2482 ) ;
#2745 = CARTESIAN_POINT ( 'NONE',  ( 0.5149313044255987570, 0.5435600000000000431, -0.2749999999999999667 ) ) ;
#2746 = EDGE_CURVE ( 'NONE', #4435, #1470, #3908, .T. ) ;
#2747 = APPLICATION_CONTEXT ( 'automotive_design' ) ;
#2748 = ORIENTED_EDGE ( 'NONE', *, *, #1252, .F. ) ;
#2749 = LINE ( 'NONE', #959, #678 ) ;
#2750 = CARTESIAN_POINT ( 'NONE',  ( 0.2385600000000000220, 0.5385600000000000387, -0.5500000000000000444 ) ) ;
#2751 = ORIENTED_EDGE ( 'NONE', *, *, #3929, .T. ) ;
#2752 = LINE ( 'NONE', #2680, #2946 ) ;
#2753 = EDGE_CURVE ( 'NONE', #4627, #4665, #1034, .T. ) ;
#2754 = ORIENTED_EDGE ( 'NONE', *, *, #4228, .F. ) ;
#2755 = CARTESIAN_POINT ( 'NONE',  ( 0.2385600000000025755, 0.000000000000000000, 0.000000000000000000 ) ) ;
#2756 =( NAMED_UNIT ( * ) SI_UNIT ( $, .STERADIAN. ) SOLID_ANGLE_UNIT ( ) );
#2757 = DIRECTION ( 'NONE',  ( 1.000000000000000000, 0.000000000000000000, 0.000000000000000000 ) ) ;
#2758 =( GEOMETRIC_REPRESENTATION_CONTEXT ( 3 ) GLOBAL_UNCERTAINTY_ASSIGNED_CONTEXT ( ( #3406 ) ) GLOBAL_UNIT_ASSIGNED_CONTEXT ( ( #2188, #1537, #2227 ) ) REPRESENTATION_CONTEXT ( 'NONE', 'WORKASPACE' ) );
#2759 = VECTOR ( 'NONE', #687, 1000.000000000000000 ) ;
#2760 = CARTESIAN_POINT ( 'NONE',  ( 0.2385600000000025755, 0.01144000000000000052, -0.01144000000000000052 ) ) ;
#2761 = DIRECTION ( 'NONE',  ( 1.000000000000000000, 0.000000000000000000, 0.000000000000000000 ) ) ;
#2762 = CARTESIAN_POINT ( 'NONE',  ( 0.8114400000000001612, 0.01144000000000000052, -0.01144000000000000052 ) ) ;
#2763 = VECTOR ( 'NONE', #429, 1000.000000000000000 ) ;
#2764 = SURFACE_STYLE_USAGE ( .BOTH. , #643 ) ;
#2765 =( NAMED_UNIT ( * ) SI_UNIT ( $, .STERADIAN. ) SOLID_ANGLE_UNIT ( ) );
#2766 = COLOUR_RGB ( '',0.7921568627450980005, 0.8196078431372548767, 0.9333333333333333481 ) ;
#2767 = DIRECTION ( 'NONE',  ( 0.000000000000000000, -1.000000000000000000, 0.000000000000000000 ) ) ;
#2768 = VECTOR ( 'NONE', #3307, 1000.000000000000227 ) ;
#2769 = ORIENTED_EDGE ( 'NONE', *, *, #4472, .F. ) ;
#2770 = SURFACE_SIDE_STYLE ('',( #4175 ) ) ;
#2771 = EDGE_CURVE ( 'NONE', #322, #2483, #3609, .T. ) ;
#2772 = VECTOR ( 'NONE', #4281, 1000.000000000000000 ) ;
#2773 = VECTOR ( 'NONE', #1791, 1000.000000000000000 ) ;
#2774 = CARTESIAN_POINT ( 'NONE',  ( 0.8000683848023102396, 0.01768222662350827853, -0.5373110132924375781 ) ) ;
#2775 = CARTESIAN_POINT ( 'NONE',  ( 1.038560000000000150, 0.000000000000000000, 0.000000000000000000 ) ) ;
#2776 =( GEOMETRIC_REPRESENTATION_CONTEXT ( 3 ) GLOBAL_UNCERTAINTY_ASSIGNED_CONTEXT ( ( #3035 ) ) GLOBAL_UNIT_ASSIGNED_CONTEXT ( ( #2954, #2611, #4036 ) ) REPRESENTATION_CONTEXT ( 'NONE', 'WORKASPACE' ) );
#2777 = VECTOR ( 'NONE', #646, 1000.000000000000114 ) ;
#2778 = EDGE_LOOP ( 'NONE', ( #2943, #3950, #705, #1102 ) ) ;
#2779 = CARTESIAN_POINT ( 'NONE',  ( 0.4965737046504550833, 0.5435600000000000431, -0.2749999999999999667 ) ) ;
#2780 = LINE ( 'NONE', #1429, #3981 ) ;
#2781 = VECTOR ( 'NONE', #2003, 1000.000000000000000 ) ;
#2782 =( NAMED_UNIT ( * ) SI_UNIT ( $, .STERADIAN. ) SOLID_ANGLE_UNIT ( ) );
#2783 = VECTOR ( 'NONE', #2591, 1000.000000000000000 ) ;
#2784 = UNCERTAINTY_MEASURE_WITH_UNIT (LENGTH_MEASURE( 1.000000000000000082E-05 ), #2813, 'distance_accuracy_value', 'NONE');
#2785 = VECTOR ( 'NONE', #2796, 1000.000000000000000 ) ;
#2786 = LINE ( 'NONE', #3520, #655 ) ;
#2787 = DIRECTION ( 'NONE',  ( 1.000000000000000000, 0.000000000000000000, 0.000000000000000000 ) ) ;
#2788 = ADVANCED_FACE ( 'NONE', ( #2113 ), #4603, .T. ) ;
#2789 = LINE ( 'NONE', #1639, #1728 ) ;
#2790 = VECTOR ( 'NONE', #1870, 1000.000000000000000 ) ;
#2791 =( NAMED_UNIT ( * ) PLANE_ANGLE_UNIT ( ) SI_UNIT ( $, .RADIAN. ) );
#2792 = CARTESIAN_POINT ( 'NONE',  ( 0.8005016993459097563, 0.01479069842322582561, -0.5352093015767743767 ) ) ;
#2793 = VECTOR ( 'NONE', #4178, 1000.000000000000114 ) ;
#2794 = FACE_OUTER_BOUND ( 'NONE', #2479, .T. ) ;
#2795 = DIRECTION ( 'NONE',  ( 0.000000000000000000, -1.000000000000000000, 0.000000000000000000 ) ) ;
#2796 = DIRECTION ( 'NONE',  ( 1.000000000000000000, 1.971276677246371272E-16, 0.000000000000000000 ) ) ;
#2797 = CARTESIAN_POINT ( 'NONE',  ( 0.8000000000000001554, 0.01143999999999993113, -0.02287999999999986225 ) ) ;
#2798 = VERTEX_POINT ( 'NONE', #1793 ) ;
#2799 = FILL_AREA_STYLE_COLOUR ( '', #1232 ) ;
#2800 =( BOUNDED_CURVE ( )  B_SPLINE_CURVE ( 3, ( #663, #2069, #2032, #246 ),
 .UNSPECIFIED., .F., .T. ) 
 B_SPLINE_CURVE_WITH_KNOTS ( ( 4, 4 ),
 ( 1.570796326794887232, 1.868047687429703618 ),
 .UNSPECIFIED. ) 
 CURVE ( )  GEOMETRIC_REPRESENTATION_ITEM ( )  RATIONAL_B_SPLINE_CURVE ( ( 1.000000000000000000, 0.9926503465769137557, 0.9926503465769137557, 1.000000000000000000 ) ) 
 REPRESENTATION_ITEM ( '' )  );
#2801 = EDGE_LOOP ( 'NONE', ( #2547, #3177, #148, #1913 ) ) ;
#2802 = AXIS2_PLACEMENT_3D ( 'NONE', #3626, #1166, #2985 ) ;
#2803 = CARTESIAN_POINT ( 'NONE',  ( 0.8005016993459097563, 0.01479069842322582561, -0.5352093015767743767 ) ) ;
#2805 = EDGE_CURVE ( 'NONE', #2798, #1571, #3564, .T. ) ;
#2804 = VECTOR ( 'NONE', #1615, 1000.000000000000000 ) ;
#2806 = ORIENTED_EDGE ( 'NONE', *, *, #4018, .F. ) ;
#2807 =( NAMED_UNIT ( * ) PLANE_ANGLE_UNIT ( ) SI_UNIT ( $, .RADIAN. ) );
#2808 = ORIENTED_EDGE ( 'NONE', *, *, #2814, .F. ) ;
#2809 = EDGE_CURVE ( 'NONE', #2553, #1230, #2780, .T. ) ;
#2810 = VERTEX_POINT ( 'NONE', #1089 ) ;
#2811 = CARTESIAN_POINT ( 'NONE',  ( 0.4504330306523232075, 0.5385600000000000387, -0.3472411770317159752 ) ) ;
#2812 = FILL_AREA_STYLE ('',( #3889 ) ) ;
#2813 =( LENGTH_UNIT ( ) NAMED_UNIT ( * ) SI_UNIT ( .MILLI., .METRE. ) );
#2814 = EDGE_CURVE ( 'NONE', #2183, #4243, #3884, .T. ) ;
#2815 = PRESENTATION_STYLE_ASSIGNMENT (( #2764 ) ) ;
#2816 = CARTESIAN_POINT ( 'NONE',  ( 0.2494983006540928971, 0.01479069842322599387, -0.5352093015767743767 ) ) ;
#2817 = CARTESIAN_POINT ( 'NONE',  ( 0.2499999999999997780, 0.5271199999999999219, -0.5385600000000002607 ) ) ;
#2818 = CARTESIAN_POINT ( 'NONE',  ( 0.4810162901235165989, 0.5435600000000000431, -0.2749999999999999667 ) ) ;
#2819 = ORIENTED_EDGE ( 'NONE', *, *, #4541, .T. ) ;
#2820 = ORIENTED_EDGE ( 'NONE', *, *, #2335, .F. ) ;
#2821 = DIRECTION ( 'NONE',  ( -0.2793947940814949793, 0.000000000000000000, 0.9601763114346026917 ) ) ;
#2822 = SURFACE_STYLE_USAGE ( .BOTH. , #1750 ) ;
#2823 = ORIENTED_EDGE ( 'NONE', *, *, #439, .T. ) ;
#2824 = DIRECTION ( 'NONE',  ( 0.000000000000000000, 1.000000000000000000, 0.000000000000000000 ) ) ;
#2825 =( NAMED_UNIT ( * ) PLANE_ANGLE_UNIT ( ) SI_UNIT ( $, .RADIAN. ) );
#2826 =( LENGTH_UNIT ( ) NAMED_UNIT ( * ) SI_UNIT ( .MILLI., .METRE. ) );
#2827 = ORIENTED_EDGE ( 'NONE', *, *, #1829, .F. ) ;
#2828 = UNCERTAINTY_MEASURE_WITH_UNIT (LENGTH_MEASURE( 1.000000000000000082E-05 ), #2724, 'distance_accuracy_value', 'NONE');
#2829 = CARTESIAN_POINT ( 'NONE',  ( 0.4617574383815217787, 0.5435600000000000431, -0.2749999999999999667 ) ) ;
#2830 = CARTESIAN_POINT ( 'NONE',  ( 0.5357011754900140588, 0.5385600000000000387, -0.3472411770317159752 ) ) ;
#2831 = DIRECTION ( 'NONE',  ( 0.000000000000000000, 0.000000000000000000, -1.000000000000000000 ) ) ;
#2832 = ADVANCED_FACE ( 'NONE', ( #993 ), #1845, .T. ) ;
#2833 = FILL_AREA_STYLE_COLOUR ( '', #768 ) ;
#2834 = EDGE_LOOP ( 'NONE', ( #719, #2294, #2169, #200 ) ) ;
#2835 = LINE ( 'NONE', #4288, #3320 ) ;
#2836 = VERTEX_POINT ( 'NONE', #2415 ) ;
#2837 = PRESENTATION_STYLE_ASSIGNMENT (( #2447 ) ) ;
#2838 = MECHANICAL_DESIGN_GEOMETRIC_PRESENTATION_REPRESENTATION (  '', ( #425 ), #1398 ) ;
#2839 = VERTEX_POINT ( 'NONE', #1156 ) ;
#2840 = CYLINDRICAL_SURFACE ( 'NONE', #1418, 0.01144000000000000052 ) ;
#2841 = CARTESIAN_POINT ( 'NONE',  ( 0.2500055380450222353, 0.01165709674265216073, -0.02032463685444606608 ) ) ;
#2842 =( GEOMETRIC_REPRESENTATION_CONTEXT ( 3 ) GLOBAL_UNCERTAINTY_ASSIGNED_CONTEXT ( ( #524 ) ) GLOBAL_UNIT_ASSIGNED_CONTEXT ( ( #2423, #3142, #1021 ) ) REPRESENTATION_CONTEXT ( 'NONE', 'WORKASPACE' ) );
#2843 = ORIENTED_EDGE ( 'NONE', *, *, #2177, .F. ) ;
#2844 = VECTOR ( 'NONE', #4583, 1000.000000000000227 ) ;
#2845 = VECTOR ( 'NONE', #3375, 1000.000000000000000 ) ;
#2846 = CARTESIAN_POINT ( 'NONE',  ( 0.4432274080541009353, 0.5435600000000000431, -0.3472411770317159752 ) ) ;
#2847 = FILL_AREA_STYLE ('',( #4675 ) ) ;
#2848 = COLOUR_RGB ( '',0.7686274509803920907, 0.7686274509803920907, 0.7686274509803920907 ) ;
#2849 = AXIS2_PLACEMENT_3D ( 'NONE', #250, #2403, #1691 ) ;
#2850 = ORIENTED_EDGE ( 'NONE', *, *, #4279, .T. ) ;
#2851 = COLOUR_RGB ( '',0.7686274509803920907, 0.7686274509803920907, 0.7686274509803920907 ) ;
#2852 = LINE ( 'NONE', #3207, #1950 ) ;
#2853 = VECTOR ( 'NONE', #1100, 1000.000000000000000 ) ;
#2854 = DIRECTION ( 'NONE',  ( -1.000000000000000000, 0.000000000000000000, 0.000000000000000000 ) ) ;
#2855 = ORIENTED_EDGE ( 'NONE', *, *, #340, .F. ) ;
#2856 =( GEOMETRIC_REPRESENTATION_CONTEXT ( 3 ) GLOBAL_UNCERTAINTY_ASSIGNED_CONTEXT ( ( #1363 ) ) GLOBAL_UNIT_ASSIGNED_CONTEXT ( ( #3794, #2345, #4245 ) ) REPRESENTATION_CONTEXT ( 'NONE', 'WORKASPACE' ) );
#2857 = VECTOR ( 'NONE', #480, 1000.000000000000000 ) ;
#2858 = EDGE_CURVE ( 'NONE', #1966, #3197, #1868, .T. ) ;
#2859 = DIRECTION ( 'NONE',  ( 0.000000000000000000, 0.000000000000000000, -1.000000000000000000 ) ) ;
#2860 = SURFACE_SIDE_STYLE ('',( #645 ) ) ;
#2861 = CARTESIAN_POINT ( 'NONE',  ( 0.5782056504091224181, 0.5385600000000000387, -0.2749999999999999667 ) ) ;
#2862 = PLANE ( 'NONE',  #2931 ) ;
#2863 = COLOUR_RGB ( '',0.7686274509803920907, 0.7686274509803920907, 0.7686274509803920907 ) ;
#2864 = SURFACE_SIDE_STYLE ('',( #2592 ) ) ;
#2865 = ORIENTED_EDGE ( 'NONE', *, *, #1658, .F. ) ;
#2866 = PRESENTATION_LAYER_ASSIGNMENT (  '', '', ( #839 ) ) ;
#2867 = ORIENTED_EDGE ( 'NONE', *, *, #2365, .F. ) ;
#2868 = CARTESIAN_POINT ( 'NONE',  ( -0.03523422370148591998, 0.5435599999999998211, -0.03206080628335764016 ) ) ;
#2869 = CARTESIAN_POINT ( 'NONE',  ( 0.6365864815699425749, 0.5435600000000000431, -0.3332927487723961746 ) ) ;
#2870 = DIRECTION ( 'NONE',  ( 0.2746918797667153300, 0.000000000000000000, -0.9615323037684320173 ) ) ;
#2871 = EDGE_LOOP ( 'NONE', ( #1883, #434, #4333, #2391 ) ) ;
#2872 = ADVANCED_FACE ( 'NONE', ( #4440 ), #1474, .T. ) ;
#2873 = VERTEX_POINT ( 'NONE', #1895 ) ;
#2874 = AXIS2_PLACEMENT_3D ( 'NONE', #3296, #2271, #65 ) ;
#2875 = PLANE ( 'NONE',  #2394 ) ;
#2876 = DIRECTION ( 'NONE',  ( 0.05375259206908434423, 0.000000000000000000, -0.9985542843760946141 ) ) ;
#2877 = CARTESIAN_POINT ( 'NONE',  ( 0.6160125443964671321, 0.5385600000000000387, -0.3332927487725754756 ) ) ;
#2878 = DIRECTION ( 'NONE',  ( -0.2764273280489751294, 0.000000000000000000, 0.9610348236706639513 ) ) ;
#2879 =( GEOMETRIC_REPRESENTATION_CONTEXT ( 3 ) GLOBAL_UNCERTAINTY_ASSIGNED_CONTEXT ( ( #2784 ) ) GLOBAL_UNIT_ASSIGNED_CONTEXT ( ( #2813, #2791, #2374 ) ) REPRESENTATION_CONTEXT ( 'NONE', 'WORKASPACE' ) );
#2880 = ORIENTED_EDGE ( 'NONE', *, *, #1904, .T. ) ;
#2881 =( GEOMETRIC_REPRESENTATION_CONTEXT ( 3 ) GLOBAL_UNCERTAINTY_ASSIGNED_CONTEXT ( ( #1659 ) ) GLOBAL_UNIT_ASSIGNED_CONTEXT ( ( #3643, #4304, #3940 ) ) REPRESENTATION_CONTEXT ( 'NONE', 'WORKASPACE' ) );
#2882 = DIRECTION ( 'NONE',  ( 4.738645858765300700E-15, -1.000000000000000000, 0.000000000000000000 ) ) ;
#2883 = SURFACE_STYLE_FILL_AREA ( #2153 ) ;
#2884 = DIRECTION ( 'NONE',  ( 0.000000000000000000, 1.000000000000000000, 0.000000000000000000 ) ) ;
#2885 = LINE ( 'NONE', #2933, #208 ) ;
#2886 =( NAMED_UNIT ( * ) PLANE_ANGLE_UNIT ( ) SI_UNIT ( $, .RADIAN. ) );
#2887 = CARTESIAN_POINT ( 'NONE',  ( 0.2385600000000025755, 0.01144000000000000052, -0.5385600000000001497 ) ) ;
#2888 = CARTESIAN_POINT ( 'NONE',  ( 0.2385600000000025755, 0.01144000000000000052, 0.000000000000000000 ) ) ;
#2889 = ADVANCED_FACE ( 'NONE', ( #3635 ), #392, .F. ) ;
#2890 = FILL_AREA_STYLE_COLOUR ( '', #4471 ) ;
#2891 = ORIENTED_EDGE ( 'NONE', *, *, #1227, .F. ) ;
#2892 = CARTESIAN_POINT ( 'NONE',  ( 0.4468958966868980531, 0.5435600000000000431, -0.2749999999999999667 ) ) ;
#2893 = VERTEX_POINT ( 'NONE', #2558 ) ;
#2894 = DIRECTION ( 'NONE',  ( -1.000000000000000000, 0.000000000000000000, -1.539402763017534783E-15 ) ) ;
#2895 = EDGE_CURVE ( 'NONE', #577, #1813, #3276, .T. ) ;
#2896 = CARTESIAN_POINT ( 'NONE',  ( 0.8000008590875492542, 0.5384198030489166786, -0.5289055114269292091 ) ) ;
#2897 = ORIENTED_EDGE ( 'NONE', *, *, #3077, .F. ) ;
#2898 = CARTESIAN_POINT ( 'NONE',  ( 1.038560000000000150, 0.5385600000000000387, -0.01144000000000000052 ) ) ;
#2899 = PRESENTATION_STYLE_ASSIGNMENT (( #4056 ) ) ;
#2900 = ORIENTED_EDGE ( 'NONE', *, *, #195, .T. ) ;
#2901 = SURFACE_STYLE_USAGE ( .BOTH. , #1016 ) ;
#2902 = EDGE_CURVE ( 'NONE', #2903, #649, #779, .T. ) ;
#2903 = VERTEX_POINT ( 'NONE', #99 ) ;
#2904 = CARTESIAN_POINT ( 'NONE',  ( 0.2499039613894643852, 0.5368789333777586048, -0.5332209120377451317 ) ) ;
#2905 = LINE ( 'NONE', #3190, #1270 ) ;
#2906 = PRESENTATION_STYLE_ASSIGNMENT (( #4352 ) ) ;
#2907 = CARTESIAN_POINT ( 'NONE',  ( 0.2499999999999998890, 0.02288000000000003920, -0.01143999999999982184 ) ) ;
#2908 = DIRECTION ( 'NONE',  ( 0.000000000000000000, 0.000000000000000000, -1.000000000000000000 ) ) ;
#2909 = DIRECTION ( 'NONE',  ( 0.000000000000000000, 0.000000000000000000, 1.000000000000000000 ) ) ;
#2910 = STYLED_ITEM ( 'NONE', ( #1098 ), #128 ) ;
#2911 = ORIENTED_EDGE ( 'NONE', *, *, #2509, .T. ) ;
#2912 = FACE_OUTER_BOUND ( 'NONE', #3883, .T. ) ;
#2913 = COLOUR_RGB ( '',0.7686274509803920907, 0.7686274509803920907, 0.7686274509803920907 ) ;
#2914 = CARTESIAN_POINT ( 'NONE',  ( 0.8000000000000001554, 0.5385600000000001497, -0.5271200000000001440 ) ) ;
#2915 = ORIENTED_EDGE ( 'NONE', *, *, #1829, .T. ) ;
#2916 = VECTOR ( 'NONE', #631, 1000.000000000000000 ) ;
#2917 = ORIENTED_EDGE ( 'NONE', *, *, #1570, .F. ) ;
#2918 = EDGE_CURVE ( 'NONE', #2355, #3711, #750, .T. ) ;
#2919 = DIRECTION ( 'NONE',  ( 0.000000000000000000, 0.000000000000000000, 1.000000000000000000 ) ) ;
#2920 = AXIS2_PLACEMENT_3D ( 'NONE', #2568, #1486, #4378 ) ;
#2921 = VERTEX_POINT ( 'NONE', #1174 ) ;
#2922 = SURFACE_STYLE_FILL_AREA ( #2560 ) ;
#2923 = PRESENTATION_LAYER_ASSIGNMENT (  '', '', ( #2381 ) ) ;
#2924 = ORIENTED_EDGE ( 'NONE', *, *, #4263, .T. ) ;
#2925 = LINE ( 'NONE', #4327, #1407 ) ;
#2926 = FILL_AREA_STYLE ('',( #1922 ) ) ;
#2927 = VECTOR ( 'NONE', #1095, 1000.000000000000227 ) ;
#2928 = PRESENTATION_LAYER_ASSIGNMENT (  '', '', ( #2312 ) ) ;
#2929 = DIRECTION ( 'NONE',  ( 0.000000000000000000, 0.000000000000000000, 1.000000000000000000 ) ) ;
#2930 = COLOUR_RGB ( '',0.6470588235294117974, 0.5176470588235293491, 0.000000000000000000 ) ;
#2932 = EDGE_CURVE ( 'NONE', #4483, #1242, #2604, .T. ) ;
#2931 = AXIS2_PLACEMENT_3D ( 'NONE', #1049, #4238, #1003 ) ;
#2933 = CARTESIAN_POINT ( 'NONE',  ( 0.4810162901235165989, 0.5385600000000000387, -0.2749999999999999667 ) ) ;
#2934 = DIRECTION ( 'NONE',  ( 0.000000000000000000, 0.000000000000000000, -1.000000000000000000 ) ) ;
#2935 = CARTESIAN_POINT ( 'NONE',  ( 0.2494983006540904547, 0.5352093015767741546, -0.5352093015767742656 ) ) ;
#2936 = DIRECTION ( 'NONE',  ( 0.2729786930695100589, 0.000000000000000000, -0.9620200793798755479 ) ) ;
#2937 =( GEOMETRIC_REPRESENTATION_CONTEXT ( 3 ) GLOBAL_UNCERTAINTY_ASSIGNED_CONTEXT ( ( #4629 ) ) GLOBAL_UNIT_ASSIGNED_CONTEXT ( ( #2521, #4358, #1815 ) ) REPRESENTATION_CONTEXT ( 'NONE', 'WORKASPACE' ) );
#2938 = ORIENTED_EDGE ( 'NONE', *, *, #3518, .T. ) ;
#2939 = PRESENTATION_STYLE_ASSIGNMENT (( #1493 ) ) ;
#2940 = CARTESIAN_POINT ( 'NONE',  ( 0.6365864815699425749, 0.5385600000000000387, -0.3332927487723961746 ) ) ;
#2941 = DIRECTION ( 'NONE',  ( 0.000000000000000000, 0.000000000000000000, 1.000000000000000000 ) ) ;
#2942 = STYLED_ITEM ( 'NONE', ( #4297 ), #3590 ) ;
#2943 = ORIENTED_EDGE ( 'NONE', *, *, #3019, .T. ) ;
#2944 = CARTESIAN_POINT ( 'NONE',  ( 0.2499593366536803085, 0.01792627073755369282, -0.5375097766565150037 ) ) ;
#2945 = CARTESIAN_POINT ( 'NONE',  ( -0.03523422370148591998, 0.5435599999999998211, -0.03206080628335764016 ) ) ;
#2946 = VECTOR ( 'NONE', #542, 1000.000000000000114 ) ;
#2947 = LINE ( 'NONE', #4646, #2388 ) ;
#2948 = DIRECTION ( 'NONE',  ( 0.000000000000000000, 0.000000000000000000, -1.000000000000000000 ) ) ;
#2949 = ORIENTED_EDGE ( 'NONE', *, *, #4643, .T. ) ;
#2950 = EDGE_CURVE ( 'NONE', #91, #1071, #470, .T. ) ;
#2951 = ORIENTED_EDGE ( 'NONE', *, *, #1136, .F. ) ;
#2952 =( BOUNDED_CURVE ( )  B_SPLINE_CURVE ( 3, ( #788, #3038, #1488, #2935 ),
 .UNSPECIFIED., .F., .T. ) 
 B_SPLINE_CURVE_WITH_KNOTS ( ( 4, 4 ),
 ( 4.712388980384682569, 5.009640341019502507 ),
 .UNSPECIFIED. ) 
 CURVE ( )  GEOMETRIC_REPRESENTATION_ITEM ( )  RATIONAL_B_SPLINE_CURVE ( ( 1.000000000000000000, 0.9926503465769137557, 0.9926503465769137557, 1.000000000000000000 ) ) 
 REPRESENTATION_ITEM ( '' )  );
#2953 = FILL_AREA_STYLE_COLOUR ( '', #3682 ) ;
#2954 =( LENGTH_UNIT ( ) NAMED_UNIT ( * ) SI_UNIT ( .MILLI., .METRE. ) );
#2955 = EDGE_CURVE ( 'NONE', #2277, #2370, #1552, .T. ) ;
#2956 = VECTOR ( 'NONE', #2298, 1000.000000000000000 ) ;
#2957 = SURFACE_SIDE_STYLE ('',( #4329 ) ) ;
#2958 = LINE ( 'NONE', #452, #347 ) ;
#2959 = PLANE ( 'NONE',  #4451 ) ;
#2960 = CYLINDRICAL_SURFACE ( 'NONE', #3245, 0.01144000000000000052 ) ;
#2961 = EDGE_CURVE ( 'NONE', #3423, #2736, #3462, .T. ) ;
#2962 = ORIENTED_EDGE ( 'NONE', *, *, #4536, .T. ) ;
#2963 = ORIENTED_EDGE ( 'NONE', *, *, #3362, .T. ) ;
#2964 = LINE ( 'NONE', #3671, #2763 ) ;
#2965 = CARTESIAN_POINT ( 'NONE',  ( 0.8000008590875492542, 0.01158019695108327904, -0.02109448857307083883 ) ) ;
#2966 = DIRECTION ( 'NONE',  ( -1.000000000000000000, 0.000000000000000000, 0.000000000000000000 ) ) ;
#2967 = ORIENTED_EDGE ( 'NONE', *, *, #2033, .F. ) ;
#2968 = CARTESIAN_POINT ( 'NONE',  ( 0.8000000000000000444, 0.5271200000000000330, -0.5385600000000002607 ) ) ;
#2969 = EDGE_CURVE ( 'NONE', #4606, #91, #3372, .T. ) ;
#2970 = CARTESIAN_POINT ( 'NONE',  ( 0.4965737046504550833, 0.5435600000000000431, -0.2749999999999999667 ) ) ;
#2971 = CARTESIAN_POINT ( 'NONE',  ( 0.8114400000000001612, 0.01144000000000000052, -0.01144000000000000052 ) ) ;
#2972 = ORIENTED_EDGE ( 'NONE', *, *, #675, .T. ) ;
#2973 = CARTESIAN_POINT ( 'NONE',  ( 0.2385600000000000220, 0.5385600000000000387, -0.5385600000000000387 ) ) ;
#2974 = ORIENTED_EDGE ( 'NONE', *, *, #4459, .T. ) ;
#2975 = EDGE_CURVE ( 'NONE', #239, #112, #1676, .T. ) ;
#2976 = SURFACE_STYLE_USAGE ( .BOTH. , #1533 ) ;
#2977 = CARTESIAN_POINT ( 'NONE',  ( 0.5880374900474846234, 0.5385600000000000387, -0.3200511761872956162 ) ) ;
#2978 = FACE_OUTER_BOUND ( 'NONE', #3495, .T. ) ;
#2979 = UNCERTAINTY_MEASURE_WITH_UNIT (LENGTH_MEASURE( 1.000000000000000082E-05 ), #2109, 'distance_accuracy_value', 'NONE');
#2980 = DIRECTION ( 'NONE',  ( 0.000000000000000000, 0.000000000000000000, -1.000000000000000000 ) ) ;
#2981 = ADVANCED_FACE ( 'NONE', ( #4154 ), #1627, .F. ) ;
#2982 = PRESENTATION_STYLE_ASSIGNMENT (( #738 ) ) ;
#2983 = FACE_OUTER_BOUND ( 'NONE', #4214, .T. ) ;
#2984 = SURFACE_STYLE_USAGE ( .BOTH. , #456 ) ;
#2985 = DIRECTION ( 'NONE',  ( 1.000000000000000000, 0.000000000000000000, 0.000000000000000000 ) ) ;
#2986 = ORIENTED_EDGE ( 'NONE', *, *, #48, .T. ) ;
#2987 = ORIENTED_EDGE ( 'NONE', *, *, #4147, .T. ) ;
#2988 = DIRECTION ( 'NONE',  ( -1.000000000000000000, 0.000000000000000000, 0.000000000000000000 ) ) ;
#2989 = COLOUR_RGB ( '',0.7686274509803920907, 0.7686274509803920907, 0.7686274509803920907 ) ;
#2990 = CARTESIAN_POINT ( 'NONE',  ( 0.2499999999999998890, 0.5283890040976412239, -0.01143999999999982184 ) ) ;
#2991 = SURFACE_STYLE_USAGE ( .BOTH. , #4001 ) ;
#2992 = STYLED_ITEM ( 'NONE', ( #1892 ), #375 ) ;
#2993 = VERTEX_POINT ( 'NONE', #2706 ) ;
#2994 = DIRECTION ( 'NONE',  ( 0.000000000000000000, -0.000000000000000000, -1.000000000000000000 ) ) ;
#2995 = LINE ( 'NONE', #2317, #4289 ) ;
#2996 = CARTESIAN_POINT ( 'NONE',  ( 0.5609454561485863744, 0.5435600000000000431, -0.3334880236930360398 ) ) ;
#2997 = CARTESIAN_POINT ( 'NONE',  ( 0.4335049575161018520, 0.5435600000000000431, -0.3200535924125289533 ) ) ;
#2998 = ORIENTED_EDGE ( 'NONE', *, *, #2955, .F. ) ;
#2999 = CARTESIAN_POINT ( 'NONE',  ( 0.01144000000000000052, 0.5385600000000000387, -0.5385600000000000387 ) ) ;
#3000 = PRESENTATION_LAYER_ASSIGNMENT (  '', '', ( #425 ) ) ;
#3001 = ORIENTED_EDGE ( 'NONE', *, *, #1558, .F. ) ;
#3002 = COLOUR_RGB ( '',0.6470588235294117974, 0.5176470588235293491, 0.000000000000000000 ) ;
#3003 = SURFACE_STYLE_FILL_AREA ( #2348 ) ;
#3004 = DIRECTION ( 'NONE',  ( 0.000000000000000000, 1.000000000000000000, 0.000000000000000000 ) ) ;
#3005 =( NAMED_UNIT ( * ) SI_UNIT ( $, .STERADIAN. ) SOLID_ANGLE_UNIT ( ) );
#3006 = STYLED_ITEM ( 'NONE', ( #3757 ), #1053 ) ;
#3007 = AXIS2_PLACEMENT_3D ( 'NONE', #1686, #247, #1973 ) ;
#3008 = DIRECTION ( 'NONE',  ( 0.000000000000000000, 0.000000000000000000, 1.000000000000000000 ) ) ;
#3009 = AXIS2_PLACEMENT_3D ( 'NONE', #3185, #259, #944 ) ;
#3010 = CARTESIAN_POINT ( 'NONE',  ( 0.01143999999999993113, 0.5385600000000000387, -0.5385600000000000387 ) ) ;
#3011 = CARTESIAN_POINT ( 'NONE',  ( 0.3232847823224374029, 0.5435600000000000431, -0.3142249984713693101 ) ) ;
#3012 = EDGE_CURVE ( 'NONE', #131, #2183, #143, .T. ) ;
#3013 = AXIS2_PLACEMENT_3D ( 'NONE', #4446, #2254, #3714 ) ;
#3014 = ORIENTED_EDGE ( 'NONE', *, *, #3204, .T. ) ;
#3015 = AXIS2_PLACEMENT_3D ( 'NONE', #1582, #3707, #469 ) ;
#3016 = DIRECTION ( 'NONE',  ( 0.000000000000000000, 1.000000000000000000, 0.000000000000000000 ) ) ;
#3017 = EDGE_CURVE ( 'NONE', #171, #724, #1609, .T. ) ;
#3018 =( NAMED_UNIT ( * ) PLANE_ANGLE_UNIT ( ) SI_UNIT ( $, .RADIAN. ) );
#3019 = EDGE_CURVE ( 'NONE', #4416, #37, #4126, .T. ) ;
#3020 = PRESENTATION_LAYER_ASSIGNMENT (  '', '', ( #4150 ) ) ;
#3021 = AXIS2_PLACEMENT_3D ( 'NONE', #3965, #3109, #3129 ) ;
#3022 = ORIENTED_EDGE ( 'NONE', *, *, #2396, .T. ) ;
#3023 =( NAMED_UNIT ( * ) SI_UNIT ( $, .STERADIAN. ) SOLID_ANGLE_UNIT ( ) );
#3024 = LINE ( 'NONE', #1248, #2241 ) ;
#3025 = CARTESIAN_POINT ( 'NONE',  ( 1.038560000000000150, 0.000000000000000000, -0.01144000000000000052 ) ) ;
#3026 = FILL_AREA_STYLE ('',( #961 ) ) ;
#3027 = ORIENTED_EDGE ( 'NONE', *, *, #251, .T. ) ;
#3028 = PRESENTATION_LAYER_ASSIGNMENT (  '', '', ( #2942 ) ) ;
#3029 = EDGE_CURVE ( 'NONE', #2993, #4677, #1525, .T. ) ;
#3030 = ORIENTED_EDGE ( 'NONE', *, *, #3300, .F. ) ;
#3031 = CIRCLE ( 'NONE', #3627, 0.01144000000000004041 ) ;
#3032 =( NAMED_UNIT ( * ) PLANE_ANGLE_UNIT ( ) SI_UNIT ( $, .RADIAN. ) );
#3033 = FILL_AREA_STYLE ('',( #923 ) ) ;
#3034 = AXIS2_PLACEMENT_3D ( 'NONE', #1604, #3043, #911 ) ;
#3035 = UNCERTAINTY_MEASURE_WITH_UNIT (LENGTH_MEASURE( 1.000000000000000082E-05 ), #2954, 'distance_accuracy_value', 'NONE');
#3036 = LINE ( 'NONE', #4112, #3064 ) ;
#3037 = AXIS2_PLACEMENT_3D ( 'NONE', #3056, #863, #225 ) ;
#3038 = CARTESIAN_POINT ( 'NONE',  ( 0.2499999999999999445, 0.5374222882447079463, -0.5374222882447079463 ) ) ;
#3039 = LINE ( 'NONE', #2332, #3715 ) ;
#3040 =( GEOMETRIC_REPRESENTATION_CONTEXT ( 3 ) GLOBAL_UNCERTAINTY_ASSIGNED_CONTEXT ( ( #901 ) ) GLOBAL_UNIT_ASSIGNED_CONTEXT ( ( #2665, #1591, #3005 ) ) REPRESENTATION_CONTEXT ( 'NONE', 'WORKASPACE' ) );
#3041 = ORIENTED_EDGE ( 'NONE', *, *, #2126, .F. ) ;
#3042 = LINE ( 'NONE', #4480, #3374 ) ;
#3043 = DIRECTION ( 'NONE',  ( 1.000000000000000000, 0.000000000000000000, 0.000000000000000000 ) ) ;
#3044 = ORIENTED_EDGE ( 'NONE', *, *, #4399, .T. ) ;
#3045 = DIRECTION ( 'NONE',  ( -0.000000000000000000, -1.000000000000000000, -0.000000000000000000 ) ) ;
#3046 = ADVANCED_FACE ( 'NONE', ( #3110 ), #3047, .F. ) ;
#3047 = PLANE ( 'NONE',  #4450 ) ;
#3048 = VERTEX_POINT ( 'NONE', #1311 ) ;
#3049 = SURFACE_STYLE_USAGE ( .BOTH. , #1656 ) ;
#3050 = EDGE_CURVE ( 'NONE', #3306, #2059, #3814, .T. ) ;
#3051 = DIRECTION ( 'NONE',  ( 1.971276677246371272E-16, -1.000000000000000000, 0.000000000000000000 ) ) ;
#3052 = FILL_AREA_STYLE_COLOUR ( '', #19 ) ;
#3053 = FILL_AREA_STYLE_COLOUR ( '', #1028 ) ;
#3054 = CARTESIAN_POINT ( 'NONE',  ( 1.050000000000000044, 0.5385600000000000387, 0.000000000000000000 ) ) ;
#3055 = LINE ( 'NONE', #1318, #3450 ) ;
#3056 = CARTESIAN_POINT ( 'NONE',  ( 0.4617574383815217787, 0.5435600000000000431, -0.2749999999999999667 ) ) ;
#3057 = VERTEX_POINT ( 'NONE', #2750 ) ;
#3058 = SURFACE_STYLE_FILL_AREA ( #1573 ) ;
#3059 = EDGE_LOOP ( 'NONE', ( #3543, #2748, #794, #96 ) ) ;
#3060 = CARTESIAN_POINT ( 'NONE',  ( 0.2500000000000000555, 0.5385600000000000387, -0.5500000000000001554 ) ) ;
#3061 = CARTESIAN_POINT ( 'NONE',  ( -0.03523422370148591998, 0.5385599999999998166, -0.03206080628335764016 ) ) ;
#3062 = CARTESIAN_POINT ( 'NONE',  ( 0.7999944619549805847, 0.02032463685444590995, -0.01165709674265198725 ) ) ;
#3063 = DIRECTION ( 'NONE',  ( 1.000000000000000000, 0.000000000000000000, 0.000000000000000000 ) ) ;
#3064 = VECTOR ( 'NONE', #1213, 1000.000000000000000 ) ;
#3065 = EDGE_CURVE ( 'NONE', #3126, #337, #917, .T. ) ;
#3066 = ORIENTED_EDGE ( 'NONE', *, *, #4106, .T. ) ;
#3067 = DIRECTION ( 'NONE',  ( 0.000000000000000000, 0.000000000000000000, -1.000000000000000000 ) ) ;
#3068 = CARTESIAN_POINT ( 'NONE',  ( 0.4336187397529924770, 0.5435600000000000431, -0.2887439277519391889 ) ) ;
#3069 = ADVANCED_FACE ( 'NONE', ( #2731 ), #3772, .T. ) ;
#3070 = VECTOR ( 'NONE', #1838, 1000.000000000000000 ) ;
#3071 = UNCERTAINTY_MEASURE_WITH_UNIT (LENGTH_MEASURE( 1.000000000000000082E-05 ), #2172, 'distance_accuracy_value', 'NONE');
#3072 = UNCERTAINTY_MEASURE_WITH_UNIT (LENGTH_MEASURE( 1.000000000000000082E-05 ), #947, 'distance_accuracy_value', 'NONE');
#3073 =( NAMED_UNIT ( * ) SI_UNIT ( $, .STERADIAN. ) SOLID_ANGLE_UNIT ( ) );
#3074 = PLANE ( 'NONE',  #224 ) ;
#3075 = VECTOR ( 'NONE', #4330, 1000.000000000000000 ) ;
#3076 = DIRECTION ( 'NONE',  ( 0.9999891854650020395, 0.000000000000000000, 0.004650693823683970003 ) ) ;
#3077 = EDGE_CURVE ( 'NONE', #4269, #2267, #3458, .T. ) ;
#3078 = ORIENTED_EDGE ( 'NONE', *, *, #139, .F. ) ;
#3079 = LINE ( 'NONE', #1285, #2528 ) ;
#3080 = FILL_AREA_STYLE ('',( #1997 ) ) ;
#3081 = ORIENTED_EDGE ( 'NONE', *, *, #3217, .F. ) ;
#3083 = CYLINDRICAL_SURFACE ( 'NONE', #3140, 0.01144000000000001266 ) ;
#3082 = COLOUR_RGB ( '',0.7686274509803920907, 0.7686274509803920907, 0.7686274509803920907 ) ;
#3084 = DIRECTION ( 'NONE',  ( -1.000000000000000000, 0.000000000000000000, 0.000000000000000000 ) ) ;
#3085 = DIRECTION ( 'NONE',  ( 0.2762437428917283166, 0.000000000000000000, -0.9610876102172832836 ) ) ;
#3086 = EDGE_CURVE ( 'NONE', #1610, #2279, #4622, .T. ) ;
#3087 = LINE ( 'NONE', #3795, #458 ) ;
#3088 = VECTOR ( 'NONE', #3085, 1000.000000000000114 ) ;
#3089 = PRESENTATION_LAYER_ASSIGNMENT (  '', '', ( #1738 ) ) ;
#3090 = ORIENTED_EDGE ( 'NONE', *, *, #163, .T. ) ;
#3091 = AXIS2_PLACEMENT_3D ( 'NONE', #3414, #574, #4119 ) ;
#3092 =( NAMED_UNIT ( * ) SI_UNIT ( $, .STERADIAN. ) SOLID_ANGLE_UNIT ( ) );
#3093 = ADVANCED_FACE ( 'NONE', ( #633 ), #1354, .F. ) ;
#3094 = CYLINDRICAL_SURFACE ( 'NONE', #1970, 0.01144000000000000052 ) ;
#3095 = DIRECTION ( 'NONE',  ( 0.8958676361826809487, 0.000000000000000000, 0.4443210308329503255 ) ) ;
#3096 = DIRECTION ( 'NONE',  ( -0.9620200793798756589, 0.000000000000000000, -0.2729786930695101699 ) ) ;
#3097 = EDGE_CURVE ( 'NONE', #3639, #3722, #986, .T. ) ;
#3098 = CARTESIAN_POINT ( 'NONE',  ( 0.5992527283909674374, 0.5385600000000000387, -0.2750000000000000222 ) ) ;
#3099 = MECHANICAL_DESIGN_GEOMETRIC_PRESENTATION_REPRESENTATION (  '', ( #1357 ), #174 ) ;
#3100 = ORIENTED_EDGE ( 'NONE', *, *, #3717, .T. ) ;
#3101 = EDGE_CURVE ( 'NONE', #2798, #3973, #3837, .T. ) ;
#3102 = LINE ( 'NONE', #3124, #1281 ) ;
#3103 = VECTOR ( 'NONE', #4141, 1000.000000000000114 ) ;
#3104 = DIRECTION ( 'NONE',  ( -0.000000000000000000, 1.000000000000000000, 0.000000000000000000 ) ) ;
#3105 = SURFACE_SIDE_STYLE ('',( #3175 ) ) ;
#3106 = ORIENTED_EDGE ( 'NONE', *, *, #2442, .T. ) ;
#3107 = CIRCLE ( 'NONE', #1441, 0.01144000000000001266 ) ;
#3108 = LINE ( 'NONE', #2316, #1943 ) ;
#3109 = DIRECTION ( 'NONE',  ( -0.000000000000000000, -0.000000000000000000, -1.000000000000000000 ) ) ;
#3110 = FACE_OUTER_BOUND ( 'NONE', #4407, .T. ) ;
#3111 = ORIENTED_EDGE ( 'NONE', *, *, #2585, .T. ) ;
#3112 =( NAMED_UNIT ( * ) SI_UNIT ( $, .STERADIAN. ) SOLID_ANGLE_UNIT ( ) );
#3113 = ORIENTED_EDGE ( 'NONE', *, *, #1188, .T. ) ;
#3114 = DIRECTION ( 'NONE',  ( -0.000000000000000000, -0.000000000000000000, 1.000000000000000000 ) ) ;
#3115 = CARTESIAN_POINT ( 'NONE',  ( 0.2499999999999998890, 0.5385600000000000387, -0.01143999999999982184 ) ) ;
#3116 = LINE ( 'NONE', #4630, #4047 ) ;
#3117 = DIRECTION ( 'NONE',  ( 1.000000000000000000, 0.000000000000000000, 0.000000000000000000 ) ) ;
#3118 = DIRECTION ( 'NONE',  ( -1.000000000000000000, 1.971276677246371272E-16, -0.000000000000000000 ) ) ;
#3119 = DIRECTION ( 'NONE',  ( -1.000000000000000000, 0.000000000000000000, 0.000000000000000000 ) ) ;
#3120 = ADVANCED_FACE ( 'NONE', ( #4620 ), #2840, .T. ) ;
#3121 = CARTESIAN_POINT ( 'NONE',  ( 0.8114400000000001612, 0.5385600000000000387, -0.5385600000000000387 ) ) ;
#3122 = FACE_OUTER_BOUND ( 'NONE', #258, .T. ) ;
#3123 = B_SPLINE_CURVE_WITH_KNOTS ( 'NONE', 3,
 ( #1410, #3873, #4307, #623, #4283, #1367, #3478, #290, #2375, #2792 ),
 .UNSPECIFIED., .F., .F.,
 ( 4, 3, 3, 4 ),
 ( 0.000000000000000000, 3.807012292923933213E-06, 7.621886349125305988E-06, 8.963476866336229270E-06 ),
 .UNSPECIFIED. ) ;
#3124 = CARTESIAN_POINT ( 'NONE',  ( 0.01143999999999993113, 0.000000000000000000, -0.5500000000000001554 ) ) ;
#3125 = PRESENTATION_STYLE_ASSIGNMENT (( #4312 ) ) ;
#3126 = VERTEX_POINT ( 'NONE', #1786 ) ;
#3127 = ORIENTED_EDGE ( 'NONE', *, *, #1421, .T. ) ;
#3128 = DIRECTION ( 'NONE',  ( -2.459231407381525783E-15, 0.000000000000000000, -1.000000000000000000 ) ) ;
#3129 = DIRECTION ( 'NONE',  ( -1.000000000000000000, 0.000000000000000000, 0.000000000000000000 ) ) ;
#3130 = SURFACE_STYLE_USAGE ( .BOTH. , #1269 ) ;
#3131 = EDGE_CURVE ( 'NONE', #1463, #4416, #273, .T. ) ;
#3132 = VERTEX_POINT ( 'NONE', #256 ) ;
#3133 = SURFACE_STYLE_USAGE ( .BOTH. , #2368 ) ;
#3134 = VERTEX_POINT ( 'NONE', #3154 ) ;
#3135 = LINE ( 'NONE', #3822, #4156 ) ;
#3136 = MECHANICAL_DESIGN_GEOMETRIC_PRESENTATION_REPRESENTATION (  '', ( #3959 ), #876 ) ;
#3137 = AXIS2_PLACEMENT_3D ( 'NONE', #172, #4123, #1329 ) ;
#3138 = DIRECTION ( 'NONE',  ( -0.000000000000000000, -0.000000000000000000, 1.000000000000000000 ) ) ;
#3139 = CARTESIAN_POINT ( 'NONE',  ( 0.2498717923918208073, 0.5367663462241085703, -0.01661432524897031582 ) ) ;
#3140 = AXIS2_PLACEMENT_3D ( 'NONE', #332, #1373, #15 ) ;
#3141 = CARTESIAN_POINT ( 'NONE',  ( 0.8000000000000001554, 0.5374222882447079463, -0.5374222882447079463 ) ) ;
#3142 =( NAMED_UNIT ( * ) PLANE_ANGLE_UNIT ( ) SI_UNIT ( $, .RADIAN. ) );
#3143 = STYLED_ITEM ( 'NONE', ( #2982 ), #935 ) ;
#3144 =( NAMED_UNIT ( * ) SI_UNIT ( $, .STERADIAN. ) SOLID_ANGLE_UNIT ( ) );
#3145 = DIRECTION ( 'NONE',  ( 0.000000000000000000, 1.480826830864156222E-16, -1.000000000000000000 ) ) ;
#3146 = EDGE_CURVE ( 'NONE', #91, #3224, #1423, .T. ) ;
#3147 =( NAMED_UNIT ( * ) SI_UNIT ( $, .STERADIAN. ) SOLID_ANGLE_UNIT ( ) );
#3148 = ORIENTED_EDGE ( 'NONE', *, *, #1863, .F. ) ;
#3149 = AXIS2_PLACEMENT_3D ( 'NONE', #1342, #2787, #4631 ) ;
#3150 = ORIENTED_EDGE ( 'NONE', *, *, #3735, .F. ) ;
#3151 =( BOUNDED_CURVE ( )  B_SPLINE_CURVE ( 3, ( #1005, #253, #694, #1079 ),
 .UNSPECIFIED., .F., .T. ) 
 B_SPLINE_CURVE_WITH_KNOTS ( ( 4, 4 ),
 ( 1.570796326794891229, 1.868047687429711612 ),
 .UNSPECIFIED. ) 
 CURVE ( )  GEOMETRIC_REPRESENTATION_ITEM ( )  RATIONAL_B_SPLINE_CURVE ( ( 1.000000000000000000, 0.9926503465769137557, 0.9926503465769137557, 1.000000000000000000 ) ) 
 REPRESENTATION_ITEM ( '' )  );
#3152 = CARTESIAN_POINT ( 'NONE',  ( 0.2500000000000000555, 0.5385600000000000387, -0.5385600000000002607 ) ) ;
#3153 = AXIS2_PLACEMENT_3D ( 'NONE', #1365, #3939, #3588 ) ;
#3154 = CARTESIAN_POINT ( 'NONE',  ( 1.038560000000000150, 0.5385600000000000387, 0.000000000000000000 ) ) ;
#3155 = ADVANCED_FACE ( 'NONE', ( #3840 ), #3948, .F. ) ;
#3156 = PRESENTATION_STYLE_ASSIGNMENT (( #1059 ) ) ;
#3157 = CIRCLE ( 'NONE', #3384, 0.01143999999999999878 ) ;
#3158 = ORIENTED_EDGE ( 'NONE', *, *, #3097, .F. ) ;
#3159 = FACE_OUTER_BOUND ( 'NONE', #1762, .T. ) ;
#3160 =( LENGTH_UNIT ( ) NAMED_UNIT ( * ) SI_UNIT ( .MILLI., .METRE. ) );
#3161 = STYLED_ITEM ( 'NONE', ( #359 ), #3184 ) ;
#3162 = DIRECTION ( 'NONE',  ( -0.000000000000000000, 1.000000000000000000, -0.000000000000000000 ) ) ;
#3163 = EDGE_CURVE ( 'NONE', #2663, #514, #1700, .T. ) ;
#3164 = EDGE_LOOP ( 'NONE', ( #320, #4010, #1939, #870, #3001, #137 ) ) ;
#3165 = DIRECTION ( 'NONE',  ( 0.4443210308329503255, 0.000000000000000000, -0.8958676361826809487 ) ) ;
#3166 = CARTESIAN_POINT ( 'NONE',  ( 1.050000000000000044, 0.000000000000000000, -0.5385600000000001497 ) ) ;
#3167 = MECHANICAL_DESIGN_GEOMETRIC_PRESENTATION_REPRESENTATION (  '', ( #1212 ), #3 ) ;
#3168 = CARTESIAN_POINT ( 'NONE',  ( 1.050000000000000044, 0.5385600000000000387, -0.5500000000000000444 ) ) ;
#3169 = DIRECTION ( 'NONE',  ( 1.000000000000000000, 0.000000000000000000, 0.000000000000000000 ) ) ;
#3170 = ADVANCED_FACE ( 'NONE', ( #1862 ), #386, .F. ) ;
#3171 = COLOUR_RGB ( '',0.7686274509803920907, 0.7686274509803920907, 0.7686274509803920907 ) ;
#3172 =( NAMED_UNIT ( * ) PLANE_ANGLE_UNIT ( ) SI_UNIT ( $, .RADIAN. ) );
#3173 = DIRECTION ( 'NONE',  ( -0.000000000000000000, 0.000000000000000000, -1.000000000000000000 ) ) ;
#3174 = DIRECTION ( 'NONE',  ( 1.000000000000000000, 0.000000000000000000, 0.000000000000000000 ) ) ;
#3175 = SURFACE_STYLE_FILL_AREA ( #319 ) ;
#3176 = AXIS2_PLACEMENT_3D ( 'NONE', #955, #3834, #3808 ) ;
#3177 = ORIENTED_EDGE ( 'NONE', *, *, #651, .F. ) ;
#3178 = LINE ( 'NONE', #3862, #3819 ) ;
#3179 = AXIS2_PLACEMENT_3D ( 'NONE', #2072, #1736, #2467 ) ;
#3180 = CARTESIAN_POINT ( 'NONE',  ( 0.8000008590875492542, 0.02109448857307088740, -0.5384198030489167897 ) ) ;
#3181 = DIRECTION ( 'NONE',  ( -0.3725077383644724294, 0.000000000000000000, -0.9280290862136735264 ) ) ;
#3182 = STYLED_ITEM ( 'NONE', ( #4421 ), #4597 ) ;
#3183 = ORIENTED_EDGE ( 'NONE', *, *, #3294, .F. ) ;
#3184 = ADVANCED_FACE ( 'NONE', ( #2498 ), #39, .T. ) ;
#3185 = CARTESIAN_POINT ( 'NONE',  ( 1.050000000000000044, 0.01144000000000000052, -0.01144000000000000052 ) ) ;
#3186 =( LENGTH_UNIT ( ) NAMED_UNIT ( * ) SI_UNIT ( .MILLI., .METRE. ) );
#3187 = ORIENTED_EDGE ( 'NONE', *, *, #3434, .F. ) ;
#3188 = LINE ( 'NONE', #1731, #420 ) ;
#3189 = CARTESIAN_POINT ( 'NONE',  ( 0.2500000000000000555, 0.5385600000000000387, -0.02287999999999986225 ) ) ;
#3190 = CARTESIAN_POINT ( 'NONE',  ( 0.4784198030541204627, 0.5435600000000000431, -0.2956311519750140504 ) ) ;
#3191 = PRESENTATION_STYLE_ASSIGNMENT (( #3920 ) ) ;
#3192 = SURFACE_STYLE_FILL_AREA ( #3504 ) ;
#3193 = PRESENTATION_STYLE_ASSIGNMENT (( #3505 ) ) ;
#3194 = SURFACE_SIDE_STYLE ('',( #4563 ) ) ;
#3195 = VERTEX_POINT ( 'NONE', #1467 ) ;
#3196 = ORIENTED_EDGE ( 'NONE', *, *, #248, .F. ) ;
#3197 = VERTEX_POINT ( 'NONE', #3672 ) ;
#3198 = DIRECTION ( 'NONE',  ( 1.000000000000000000, 0.000000000000000000, 0.000000000000000000 ) ) ;
#3199 = DIRECTION ( 'NONE',  ( -6.219472689629477926E-15, 0.000000000000000000, 1.000000000000000000 ) ) ;
#3200 = VERTEX_POINT ( 'NONE', #1126 ) ;
#3201 = CARTESIAN_POINT ( 'NONE',  ( 0.4393219096453854222, 0.5435600000000000431, -0.3334904399182307966 ) ) ;
#3202 = ORIENTED_EDGE ( 'NONE', *, *, #3557, .T. ) ;
#3203 = LINE ( 'NONE', #2459, #3991 ) ;
#3204 = EDGE_CURVE ( 'NONE', #4677, #4197, #1980, .T. ) ;
#3205 = ORIENTED_EDGE ( 'NONE', *, *, #3086, .T. ) ;
#3206 = UNCERTAINTY_MEASURE_WITH_UNIT (LENGTH_MEASURE( 1.000000000000000082E-05 ), #3471, 'distance_accuracy_value', 'NONE');
#3207 = CARTESIAN_POINT ( 'NONE',  ( 0.5357011754900140588, 0.5385600000000000387, -0.3472411770317159752 ) ) ;
#3208 = MECHANICAL_DESIGN_GEOMETRIC_PRESENTATION_REPRESENTATION (  '', ( #339 ), #3817 ) ;
#3209 = UNCERTAINTY_MEASURE_WITH_UNIT (LENGTH_MEASURE( 1.000000000000000082E-05 ), #2052, 'distance_accuracy_value', 'NONE');
#3210 = PLANE ( 'NONE',  #1393 ) ;
#3211 = PRESENTATION_STYLE_ASSIGNMENT (( #1740 ) ) ;
#3212 = DIRECTION ( 'NONE',  ( 0.000000000000000000, 0.000000000000000000, -1.000000000000000000 ) ) ;
#3213 = FACE_OUTER_BOUND ( 'NONE', #1520, .T. ) ;
#3214 = PRESENTATION_LAYER_ASSIGNMENT (  '', '', ( #2077 ) ) ;
#3215 = CARTESIAN_POINT ( 'NONE',  ( 1.050000000000000044, 0.5385600000000000387, -0.5385600000000000387 ) ) ;
#3216 = DIRECTION ( 'NONE',  ( -0.9615825319869156784, 0.000000000000000000, -0.2745159998572620497 ) ) ;
#3217 = EDGE_CURVE ( 'NONE', #1218, #2873, #3999, .T. ) ;
#3218 =( GEOMETRIC_REPRESENTATION_CONTEXT ( 3 ) GLOBAL_UNCERTAINTY_ASSIGNED_CONTEXT ( ( #2209 ) ) GLOBAL_UNIT_ASSIGNED_CONTEXT ( ( #4117, #2697, #4172 ) ) REPRESENTATION_CONTEXT ( 'NONE', 'WORKASPACE' ) );
#3219 = ORIENTED_EDGE ( 'NONE', *, *, #936, .F. ) ;
#3220 = DIRECTION ( 'NONE',  ( -0.9611638845408937426, 0.000000000000000000, -0.2759782365590801589 ) ) ;
#3221 = DIRECTION ( 'NONE',  ( -1.000000000000000000, 0.000000000000000000, 0.000000000000000000 ) ) ;
#3222 = DIRECTION ( 'NONE',  ( 0.000000000000000000, 0.000000000000000000, 1.000000000000000000 ) ) ;
#3223 = MECHANICAL_DESIGN_GEOMETRIC_PRESENTATION_REPRESENTATION (  '', ( #3143 ), #2146 ) ;
#3224 = VERTEX_POINT ( 'NONE', #2940 ) ;
#3225 = VECTOR ( 'NONE', #3376, 1000.000000000000000 ) ;
#3226 = STYLED_ITEM ( 'NONE', ( #548 ), #1020 ) ;
#3227 = ADVANCED_FACE ( 'NONE', ( #2597 ), #4048, .F. ) ;
#3228 = CARTESIAN_POINT ( 'NONE',  ( 0.3232847823224374029, 0.5385600000000000387, -0.3142249984713693101 ) ) ;
#3229 = CARTESIAN_POINT ( 'NONE',  ( 1.038560000000000150, 0.000000000000000000, 0.000000000000000000 ) ) ;
#3230 =( NAMED_UNIT ( * ) SI_UNIT ( $, .STERADIAN. ) SOLID_ANGLE_UNIT ( ) );
#3231 =( GEOMETRIC_REPRESENTATION_CONTEXT ( 3 ) GLOBAL_UNCERTAINTY_ASSIGNED_CONTEXT ( ( #4111 ) ) GLOBAL_UNIT_ASSIGNED_CONTEXT ( ( #3470, #182, #1255 ) ) REPRESENTATION_CONTEXT ( 'NONE', 'WORKASPACE' ) );
#3232 =( GEOMETRIC_REPRESENTATION_CONTEXT ( 3 ) GLOBAL_UNCERTAINTY_ASSIGNED_CONTEXT ( ( #2159 ) ) GLOBAL_UNIT_ASSIGNED_CONTEXT ( ( #1988, #3032, #3092 ) ) REPRESENTATION_CONTEXT ( 'NONE', 'WORKASPACE' ) );
#3233 = VERTEX_POINT ( 'NONE', #3788 ) ;
#3234 = EDGE_CURVE ( 'NONE', #2529, #867, #4522, .T. ) ;
#3235 = VECTOR ( 'NONE', #2084, 1000.000000000000000 ) ;
#3236 = STYLED_ITEM ( 'NONE', ( #4260 ), #1724 ) ;
#3237 = CARTESIAN_POINT ( 'NONE',  ( 0.2500000000000000555, 0.01144000000000004041, -0.5271200000000001440 ) ) ;
#3238 = FACE_OUTER_BOUND ( 'NONE', #4107, .T. ) ;
#3239 = PRESENTATION_LAYER_ASSIGNMENT (  '', '', ( #977 ) ) ;
#3240 = VECTOR ( 'NONE', #3350, 1000.000000000000000 ) ;
#3241 = CARTESIAN_POINT ( 'NONE',  ( 0.4617574383815217787, 0.5385600000000000387, -0.2749999999999999667 ) ) ;
#3242 = EDGE_CURVE ( 'NONE', #131, #68, #866, .T. ) ;
#3243 = DIRECTION ( 'NONE',  ( -0.000000000000000000, 1.000000000000000000, -0.000000000000000000 ) ) ;
#3244 = CARTESIAN_POINT ( 'NONE',  ( 0.5980331937378059459, 0.5385600000000000387, -0.3472411770317159752 ) ) ;
#3245 = AXIS2_PLACEMENT_3D ( 'NONE', #926, #1337, #4163 ) ;
#3246 = DIRECTION ( 'NONE',  ( 1.000000000000000000, 0.000000000000000000, 0.000000000000000000 ) ) ;
#3247 = EDGE_LOOP ( 'NONE', ( #1013, #3078, #3821, #924 ) ) ;
#3248 = ADVANCED_FACE ( 'NONE', ( #535 ), #4102, .F. ) ;
#3249 = ORIENTED_EDGE ( 'NONE', *, *, #2452, .T. ) ;
#3250 = DIRECTION ( 'NONE',  ( -0.000000000000000000, 1.000000000000000000, 1.971276677246371519E-16 ) ) ;
#3251 = AXIS2_PLACEMENT_3D ( 'NONE', #700, #1424, #1816 ) ;
#3252 = DIRECTION ( 'NONE',  ( 0.000000000000000000, 0.000000000000000000, -1.000000000000000000 ) ) ;
#3253 = ORIENTED_EDGE ( 'NONE', *, *, #35, .T. ) ;
#3254 = PRESENTATION_LAYER_ASSIGNMENT (  '', '', ( #94 ) ) ;
#3255 = LINE ( 'NONE', #1451, #3842 ) ;
#3256 = ORIENTED_EDGE ( 'NONE', *, *, #1763, .F. ) ;
#3257 = CARTESIAN_POINT ( 'NONE',  ( 1.038560000000000150, 0.5500000000000000444, -0.5385600000000000387 ) ) ;
#3258 = COLOUR_RGB ( '',0.7686274509803920907, 0.7686274509803920907, 0.7686274509803920907 ) ;
#3259 = VERTEX_POINT ( 'NONE', #4148 ) ;
#3260 = LINE ( 'NONE', #27, #1487 ) ;
#3261 = DIRECTION ( 'NONE',  ( 0.05375259206908434423, 0.000000000000000000, -0.9985542843760946141 ) ) ;
#3262 = CARTESIAN_POINT ( 'NONE',  ( 0.4024981996217915081, 0.5435600000000000431, -0.3200535924125289533 ) ) ;
#3263 = LINE ( 'NONE', #3592, #950 ) ;
#3264 = PLANE ( 'NONE',  #4507 ) ;
#3265 = CARTESIAN_POINT ( 'NONE',  ( 0.2499991409124533437, 0.02109448857307082148, -0.01158019695108320792 ) ) ;
#3266 = ORIENTED_EDGE ( 'NONE', *, *, #299, .F. ) ;
#3267 = FILL_AREA_STYLE ('',( #3624 ) ) ;
#3268 = DIRECTION ( 'NONE',  ( 1.000000000000000000, 0.000000000000000000, 0.000000000000000000 ) ) ;
#3269 = SURFACE_SIDE_STYLE ('',( #4405 ) ) ;
#3270 = ADVANCED_FACE ( 'NONE', ( #552 ), #3807, .F. ) ;
#3271 = EDGE_LOOP ( 'NONE', ( #717, #482, #61 ) ) ;
#3272 = DIRECTION ( 'NONE',  ( 0.000000000000000000, -1.000000000000000000, 0.000000000000000000 ) ) ;
#3273 = ORIENTED_EDGE ( 'NONE', *, *, #3618, .T. ) ;
#3274 = FILL_AREA_STYLE_COLOUR ( '', #4650 ) ;
#3275 = DIRECTION ( 'NONE',  ( -0.3829140317376896196, 0.000000000000000000, -0.9237839814038710795 ) ) ;
#3276 = LINE ( 'NONE', #4009, #1964 ) ;
#3277 = VERTEX_POINT ( 'NONE', #232 ) ;
#3278 = CARTESIAN_POINT ( 'NONE',  ( 0.8114400000000001612, 0.5500000000000000444, -0.5385600000000000387 ) ) ;
#3279 = ADVANCED_FACE ( 'NONE', ( #167 ), #2310, .T. ) ;
#3280 = VERTEX_POINT ( 'NONE', #1669 ) ;
#3281 =( BOUNDED_CURVE ( )  B_SPLINE_CURVE ( 3, ( #2095, #1018, #3545, #1842 ),
 .UNSPECIFIED., .F., .T. ) 
 B_SPLINE_CURVE_WITH_KNOTS ( ( 4, 4 ),
 ( 1.570796326794888786, 1.868047687429705839 ),
 .UNSPECIFIED. ) 
 CURVE ( )  GEOMETRIC_REPRESENTATION_ITEM ( )  RATIONAL_B_SPLINE_CURVE ( ( 1.000000000000000000, 0.9926503465769137557, 0.9926503465769137557, 1.000000000000000000 ) ) 
 REPRESENTATION_ITEM ( '' )  );
#3282 = CARTESIAN_POINT ( 'NONE',  ( 0.2499824497279283519, 0.5379265631736702691, -0.5308739036180321058 ) ) ;
#3283 = LINE ( 'NONE', #1115, #3225 ) ;
#3284 = DIRECTION ( 'NONE',  ( 0.7059037656364478552, 0.000000000000000000, -0.7083077534943994502 ) ) ;
#3285 = SURFACE_STYLE_USAGE ( .BOTH. , #1073 ) ;
#3286 = CARTESIAN_POINT ( 'NONE',  ( 0.2385600000000025755, 0.000000000000000000, -0.5385600000000001497 ) ) ;
#3287 = CARTESIAN_POINT ( 'NONE',  ( 0.8000000000000001554, 0.01143999999999993113, -0.5271200000000001440 ) ) ;
#3288 = DIRECTION ( 'NONE',  ( 0.000000000000000000, -1.000000000000000000, -3.405901710987559262E-15 ) ) ;
#3289 = CYLINDRICAL_SURFACE ( 'NONE', #1519, 0.01144000000000001266 ) ;
#3290 = STYLED_ITEM ( 'NONE', ( #786 ), #102 ) ;
#3291 = ORIENTED_EDGE ( 'NONE', *, *, #4536, .F. ) ;
#3292 = SURFACE_SIDE_STYLE ('',( #1861 ) ) ;
#3293 = ORIENTED_EDGE ( 'NONE', *, *, #4159, .F. ) ;
#3294 = EDGE_CURVE ( 'NONE', #1071, #24, #3766, .T. ) ;
#3295 = CARTESIAN_POINT ( 'NONE',  ( 0.8002476055771922114, 0.01396121343666383019, -0.01562018340978772908 ) ) ;
#3296 = CARTESIAN_POINT ( 'NONE',  ( 1.038560000000000150, 0.5385600000000000387, -0.5385600000000000387 ) ) ;
#3297 = VECTOR ( 'NONE', #3272, 1000.000000000000000 ) ;
#3298 = ORIENTED_EDGE ( 'NONE', *, *, #1756, .F. ) ;
#3299 = DIRECTION ( 'NONE',  ( -1.000000000000000000, 0.000000000000000000, 0.000000000000000000 ) ) ;
#3300 = EDGE_CURVE ( 'NONE', #3891, #2921, #3102, .T. ) ;
#3301 = SURFACE_STYLE_FILL_AREA ( #1867 ) ;
#3302 =( NAMED_UNIT ( * ) SI_UNIT ( $, .STERADIAN. ) SOLID_ANGLE_UNIT ( ) );
#3303 = ORIENTED_EDGE ( 'NONE', *, *, #1234, .F. ) ;
#3304 = LINE ( 'NONE', #3354, #2327 ) ;
#3305 = MECHANICAL_DESIGN_GEOMETRIC_PRESENTATION_REPRESENTATION (  '', ( #4135 ), #4290 ) ;
#3306 = VERTEX_POINT ( 'NONE', #267 ) ;
#3307 = DIRECTION ( 'NONE',  ( 0.9999891854650020395, 0.000000000000000000, 0.004650693823683970003 ) ) ;
#3308 = EDGE_CURVE ( 'NONE', #629, #1859, #4562, .T. ) ;
#3309 = DIRECTION ( 'NONE',  ( 0.000000000000000000, 0.000000000000000000, -1.000000000000000000 ) ) ;
#3310 = COLOUR_RGB ( '',0.7686274509803920907, 0.7686274509803920907, 0.7686274509803920907 ) ;
#3311 = MECHANICAL_DESIGN_GEOMETRIC_PRESENTATION_REPRESENTATION (  '', ( #1732 ), #3231 ) ;
#3312 = VECTOR ( 'NONE', #4086, 1000.000000000000000 ) ;
#3313 = LINE ( 'NONE', #2161, #4658 ) ;
#3314 = FACE_OUTER_BOUND ( 'NONE', #913, .T. ) ;
#3315 =( LENGTH_UNIT ( ) NAMED_UNIT ( * ) SI_UNIT ( .MILLI., .METRE. ) );
#3316 = STYLED_ITEM ( 'NONE', ( #2410 ), #3120 ) ;
#3317 = COLOUR_RGB ( '',0.7686274509803920907, 0.7686274509803920907, 0.7686274509803920907 ) ;
#3318 = EDGE_CURVE ( 'NONE', #3126, #239, #3480, .T. ) ;
#3319 = EDGE_LOOP ( 'NONE', ( #2595, #2820, #4322, #3774 ) ) ;
#3320 = VECTOR ( 'NONE', #2121, 1000.000000000000000 ) ;
#3321 = DIRECTION ( 'NONE',  ( -0.9601763114327556137, 0.000000000000000000, -0.2793947940878428460 ) ) ;
#3322 = ORIENTED_EDGE ( 'NONE', *, *, #1378, .T. ) ;
#3323 = CARTESIAN_POINT ( 'NONE',  ( 0.8000683848023102396, 0.01268898670756258250, -0.01768222662350818486 ) ) ;
#3324 = EDGE_CURVE ( 'NONE', #3200, #3973, #1967, .T. ) ;
#3325 = ORIENTED_EDGE ( 'NONE', *, *, #4643, .F. ) ;
#3326 = DIRECTION ( 'NONE',  ( -1.000000000000000000, 0.000000000000000000, 0.000000000000000000 ) ) ;
#3327 = MECHANICAL_DESIGN_GEOMETRIC_PRESENTATION_REPRESENTATION (  '', ( #242 ), #90 ) ;
#3328 = CARTESIAN_POINT ( 'NONE',  ( 0.01143999999999993113, 0.01144000000000000052, -0.01144000000000000052 ) ) ;
#3329 = DIRECTION ( 'NONE',  ( 0.000000000000000000, -1.000000000000000000, 0.000000000000000000 ) ) ;
#3330 = VERTEX_POINT ( 'NONE', #1325 ) ;
#3331 = DIRECTION ( 'NONE',  ( 1.000000000000000000, 0.000000000000000000, 0.000000000000000000 ) ) ;
#3333 = ADVANCED_FACE ( 'NONE', ( #4239 ), #3857, .T. ) ;
#3332 =( GEOMETRIC_REPRESENTATION_CONTEXT ( 3 ) GLOBAL_UNCERTAINTY_ASSIGNED_CONTEXT ( ( #566 ) ) GLOBAL_UNIT_ASSIGNED_CONTEXT ( ( #329, #379, #1835 ) ) REPRESENTATION_CONTEXT ( 'NONE', 'WORKASPACE' ) );
#3334 = ORIENTED_EDGE ( 'NONE', *, *, #2390, .T. ) ;
#3335 = FACE_OUTER_BOUND ( 'NONE', #1872, .T. ) ;
#3336 = STYLED_ITEM ( 'NONE', ( #2572 ), #4217 ) ;
#3337 = DIRECTION ( 'NONE',  ( 0.2732148821746424594, 0.000000000000000000, -0.9619530280415443668 ) ) ;
#3338 = AXIS2_PLACEMENT_3D ( 'NONE', #900, #2326, #3779 ) ;
#3339 = FILL_AREA_STYLE ('',( #4377 ) ) ;
#3340 = FILL_AREA_STYLE ('',( #3691 ) ) ;
#3341 = CARTESIAN_POINT ( 'NONE',  ( 0.5532253972582884538, 0.5435600000000000431, -0.3066986769036468830 ) ) ;
#3342 = CARTESIAN_POINT ( 'NONE',  ( 0.2385600000000025755, 0.000000000000000000, -0.01144000000000000052 ) ) ;
#3343 = VERTEX_POINT ( 'NONE', #4189 ) ;
#3344 = ORIENTED_EDGE ( 'NONE', *, *, #1930, .T. ) ;
#3345 = VERTEX_POINT ( 'NONE', #2036 ) ;
#3346 = DIRECTION ( 'NONE',  ( -0.9612861490927331332, 0.000000000000000000, -0.2755520632520533364 ) ) ;
#3347 = FILL_AREA_STYLE ('',( #1912 ) ) ;
#3348 = ORIENTED_EDGE ( 'NONE', *, *, #651, .T. ) ;
#3349 = SURFACE_STYLE_USAGE ( .BOTH. , #2219 ) ;
#3350 = DIRECTION ( 'NONE',  ( -1.000000000000000000, 0.000000000000000000, 0.000000000000000000 ) ) ;
#3351 = FILL_AREA_STYLE ('',( #889 ) ) ;
#3352 = CARTESIAN_POINT ( 'NONE',  ( 0.6365864815699425749, 0.5435600000000000431, -0.3332927487723961746 ) ) ;
#3353 = VERTEX_POINT ( 'NONE', #2078 ) ;
#3354 = CARTESIAN_POINT ( 'NONE',  ( 1.038560000000000150, 0.000000000000000000, -0.5500000000000001554 ) ) ;
#3355 = EDGE_LOOP ( 'NONE', ( #1289, #1085, #1130, #2389 ) ) ;
#3356 = SURFACE_STYLE_USAGE ( .BOTH. , #561 ) ;
#3357 = SURFACE_STYLE_FILL_AREA ( #2926 ) ;
#3358 = EDGE_CURVE ( 'NONE', #1253, #975, #1743, .T. ) ;
#3359 = UNCERTAINTY_MEASURE_WITH_UNIT (LENGTH_MEASURE( 1.000000000000000082E-05 ), #348, 'distance_accuracy_value', 'NONE');
#3360 = CYLINDRICAL_SURFACE ( 'NONE', #1179, 0.01143999999999998490 ) ;
#3361 = CARTESIAN_POINT ( 'NONE',  ( 0.4024981996217915081, 0.5385600000000000387, -0.3200535924125289533 ) ) ;
#3362 = EDGE_CURVE ( 'NONE', #1646, #2562, #4110, .T. ) ;
#3363 = FILL_AREA_STYLE_COLOUR ( '', #1138 ) ;
#3364 = CARTESIAN_POINT ( 'NONE',  ( 0.2500000000000183187, 0.5277170024175290575, -0.5385600000000011489 ) ) ;
#3365 = ORIENTED_EDGE ( 'NONE', *, *, #2722, .F. ) ;
#3366 = DIRECTION ( 'NONE',  ( 0.000000000000000000, -1.000000000000000000, 0.000000000000000000 ) ) ;
#3367 = EDGE_CURVE ( 'NONE', #3134, #4273, #4600, .T. ) ;
#3368 = AXIS2_PLACEMENT_3D ( 'NONE', #1238, #2668, #3718 ) ;
#3369 = ORIENTED_EDGE ( 'NONE', *, *, #4270, .F. ) ;
#3370 = DIRECTION ( 'NONE',  ( 0.000000000000000000, 3.405901710987571489E-15, 1.000000000000000000 ) ) ;
#3371 = SURFACE_STYLE_FILL_AREA ( #3351 ) ;
#3372 = LINE ( 'NONE', #3730, #3088 ) ;
#3373 = ORIENTED_EDGE ( 'NONE', *, *, #3358, .T. ) ;
#3374 = VECTOR ( 'NONE', #599, 1000.000000000000000 ) ;
#3375 = DIRECTION ( 'NONE',  ( -1.000000000000000000, 0.000000000000000000, 0.000000000000000000 ) ) ;
#3376 = DIRECTION ( 'NONE',  ( 0.000000000000000000, 0.000000000000000000, 1.000000000000000000 ) ) ;
#3377 = CARTESIAN_POINT ( 'NONE',  ( 0.8005016993459097563, 0.5352093015767742656, -0.01479069842322581346 ) ) ;
#3378 = AXIS2_PLACEMENT_3D ( 'NONE', #688, #2488, #3499 ) ;
#3379 = EDGE_CURVE ( 'NONE', #2483, #367, #2835, .T. ) ;
#3380 = PRESENTATION_STYLE_ASSIGNMENT (( #2612 ) ) ;
#3381 = COLOUR_RGB ( '',0.7686274509803920907, 0.7686274509803920907, 0.7686274509803920907 ) ;
#3382 = CARTESIAN_POINT ( 'NONE',  ( 0.8000000000000000444, 0.5385600000000000387, -0.01143999999999982184 ) ) ;
#3383 = AXIS2_PLACEMENT_3D ( 'NONE', #2221, #2581, #4393 ) ;
#3384 = AXIS2_PLACEMENT_3D ( 'NONE', #2191, #1147, #2163 ) ;
#3385 = ADVANCED_FACE ( 'NONE', ( #1050 ), #693, .F. ) ;
#3386 = EDGE_LOOP ( 'NONE', ( #3585, #937, #2998, #3700 ) ) ;
#3387 = LINE ( 'NONE', #166, #813 ) ;
#3388 = AXIS2_PLACEMENT_3D ( 'NONE', #2971, #1504, #2948 ) ;
#3389 = VECTOR ( 'NONE', #4364, 1000.000000000000000 ) ;
#3390 = AXIS2_PLACEMENT_3D ( 'NONE', #790, #2164, #2192 ) ;
#3391 = EDGE_CURVE ( 'NONE', #2744, #1630, #1119, .T. ) ;
#3392 = ORIENTED_EDGE ( 'NONE', *, *, #4399, .F. ) ;
#3393 = FACE_OUTER_BOUND ( 'NONE', #3859, .T. ) ;
#3394 = DIRECTION ( 'NONE',  ( 0.2745159998572619942, 0.000000000000000000, -0.9615825319869156784 ) ) ;
#3395 = B_SPLINE_CURVE_WITH_KNOTS ( 'NONE', 3,
 ( #2062, #3511, #272, #765, #1832, #2041, #3265, #3488, #32, #2907 ),
 .UNSPECIFIED., .F., .F.,
 ( 4, 3, 3, 4 ),
 ( 0.000000000000000000, 3.600817818562736449E-06, 7.182643422685319772E-06, 8.953374655983250006E-06 ),
 .UNSPECIFIED. ) ;
#3396 =( NAMED_UNIT ( * ) SI_UNIT ( $, .STERADIAN. ) SOLID_ANGLE_UNIT ( ) );
#3397 = CARTESIAN_POINT ( 'NONE',  ( 0.8000000000000000444, 0.02287999999999993164, -0.01143999999999982184 ) ) ;
#3398 = ORIENTED_EDGE ( 'NONE', *, *, #20, .T. ) ;
#3399 = DIRECTION ( 'NONE',  ( 0.000000000000000000, 0.000000000000000000, 1.000000000000000000 ) ) ;
#3400 = VERTEX_POINT ( 'NONE', #3625 ) ;
#3401 = COLOUR_RGB ( '',0.7686274509803920907, 0.7686274509803920907, 0.7686274509803920907 ) ;
#3402 = PRESENTATION_STYLE_ASSIGNMENT (( #3049 ) ) ;
#3403 = SURFACE_SIDE_STYLE ('',( #3798 ) ) ;
#3404 = VECTOR ( 'NONE', #168, 1000.000000000000227 ) ;
#3405 = UNCERTAINTY_MEASURE_WITH_UNIT (LENGTH_MEASURE( 1.000000000000000082E-05 ), #1629, 'distance_accuracy_value', 'NONE');
#3406 = UNCERTAINTY_MEASURE_WITH_UNIT (LENGTH_MEASURE( 1.000000000000000082E-05 ), #2188, 'distance_accuracy_value', 'NONE');
#3407 = FILL_AREA_STYLE ('',( #1971 ) ) ;
#3408 = PRESENTATION_LAYER_ASSIGNMENT (  '', '', ( #3482 ) ) ;
#3409 = DIRECTION ( 'NONE',  ( 0.000000000000000000, 1.000000000000000000, 0.000000000000000000 ) ) ;
#3410 = CARTESIAN_POINT ( 'NONE',  ( 0.5992527283909674374, 0.5385600000000000387, -0.2750000000000000222 ) ) ;
#3411 = DIRECTION ( 'NONE',  ( 0.000000000000000000, -1.000000000000000000, 0.000000000000000000 ) ) ;
#3412 = ORIENTED_EDGE ( 'NONE', *, *, #2023, .F. ) ;
#3413 = ORIENTED_EDGE ( 'NONE', *, *, #4007, .T. ) ;
#3414 = CARTESIAN_POINT ( 'NONE',  ( 1.050000000000000044, 0.000000000000000000, 0.000000000000000000 ) ) ;
#3415 = ADVANCED_FACE ( 'NONE', ( #4041 ), #1518, .T. ) ;
#3416 = PRESENTATION_STYLE_ASSIGNMENT (( #2015 ) ) ;
#3417 = EDGE_LOOP ( 'NONE', ( #3709, #306, #1171, #895 ) ) ;
#3418 = FACE_OUTER_BOUND ( 'NONE', #518, .T. ) ;
#3419 = DIRECTION ( 'NONE',  ( 0.9611542233438680194, 0.000000000000000000, 0.2760118818968593790 ) ) ;
#3420 = CARTESIAN_POINT ( 'NONE',  ( 0.8000175502720718868, 0.01912609638196794554, -0.01207343682632955502 ) ) ;
#3421 = ORIENTED_EDGE ( 'NONE', *, *, #736, .F. ) ;
#3422 = DIRECTION ( 'NONE',  ( -1.000000000000000000, 0.000000000000000000, 0.000000000000000000 ) ) ;
#3423 = VERTEX_POINT ( 'NONE', #1461 ) ;
#3424 = CARTESIAN_POINT ( 'NONE',  ( 0.8114400000000001612, 0.01144000000000000052, -0.5385600000000001497 ) ) ;
#3425 = CARTESIAN_POINT ( 'NONE',  ( 0.01143999999999993113, 0.5500000000000000444, -0.5385600000000000387 ) ) ;
#3426 = EDGE_CURVE ( 'NONE', #2810, #2873, #2170, .T. ) ;
#3427 = SURFACE_STYLE_FILL_AREA ( #567 ) ;
#3428 = PLANE ( 'NONE',  #2311 ) ;
#3429 = CARTESIAN_POINT ( 'NONE',  ( 0.2499991409124509012, 0.5289055114269292091, -0.5384198030489167897 ) ) ;
#3430 = ORIENTED_EDGE ( 'NONE', *, *, #1947, .T. ) ;
#3431 = SURFACE_STYLE_USAGE ( .BOTH. , #909 ) ;
#3432 = SURFACE_SIDE_STYLE ('',( #4149 ) ) ;
#3433 = ORIENTED_EDGE ( 'NONE', *, *, #2056, .T. ) ;
#3434 = EDGE_CURVE ( 'NONE', #3575, #1263, #1742, .T. ) ;
#3435 = DIRECTION ( 'NONE',  ( 0.000000000000000000, 1.000000000000000000, 0.000000000000000000 ) ) ;
#3436 = CARTESIAN_POINT ( 'NONE',  ( 0.8003291180442893005, 0.5345611385315512942, -0.5358208357733363902 ) ) ;
#3437 = CARTESIAN_POINT ( 'NONE',  ( 0.8000406633463224004, 0.01792627073755307873, -0.01249022334348520551 ) ) ;
#3438 = EDGE_LOOP ( 'NONE', ( #1392, #2495, #1122, #1430 ) ) ;
#3439 = FACE_OUTER_BOUND ( 'NONE', #4122, .T. ) ;
#3440 = CLOSED_SHELL ( 'NONE', ( #1776, #3155, #1685, #3923, #1631, #2531, #3093, #2981, #4510, #3227, #276, #1338, #1976 ) ) ;
#3441 = ORIENTED_EDGE ( 'NONE', *, *, #1576, .T. ) ;
#3442 = DIRECTION ( 'NONE',  ( 0.000000000000000000, 0.000000000000000000, 1.000000000000000000 ) ) ;
#3443 = VECTOR ( 'NONE', #4184, 1000.000000000000114 ) ;
#3444 = FILL_AREA_STYLE ('',( #2049 ) ) ;
#3445 = UNCERTAINTY_MEASURE_WITH_UNIT (LENGTH_MEASURE( 1.000000000000000082E-05 ), #4382, 'distance_accuracy_value', 'NONE');
#3446 = EDGE_CURVE ( 'NONE', #4257, #2267, #4376, .T. ) ;
#3447 = FACE_OUTER_BOUND ( 'NONE', #2180, .T. ) ;
#3448 = CARTESIAN_POINT ( 'NONE',  ( 0.5940503760676809630, 0.5435600000000000431, -0.3333948891977780438 ) ) ;
#3449 = VERTEX_POINT ( 'NONE', #3215 ) ;
#3450 = VECTOR ( 'NONE', #3783, 1000.000000000000000 ) ;
#3451 = CIRCLE ( 'NONE', #3149, 0.01144000000000004041 ) ;
#3452 = ORIENTED_EDGE ( 'NONE', *, *, #3951, .F. ) ;
#3453 = LINE ( 'NONE', #2376, #885 ) ;
#3454 = SURFACE_SIDE_STYLE ('',( #4499 ) ) ;
#3455 =( GEOMETRIC_REPRESENTATION_CONTEXT ( 3 ) GLOBAL_UNCERTAINTY_ASSIGNED_CONTEXT ( ( #710 ) ) GLOBAL_UNIT_ASSIGNED_CONTEXT ( ( #243, #4552, #2756 ) ) REPRESENTATION_CONTEXT ( 'NONE', 'WORKASPACE' ) );
#3456 =( NAMED_UNIT ( * ) SI_UNIT ( $, .STERADIAN. ) SOLID_ANGLE_UNIT ( ) );
#3457 = EDGE_LOOP ( 'NONE', ( #4469, #2123, #4151 ) ) ;
#3458 = CIRCLE ( 'NONE', #3615, 0.01144000000000000052 ) ;
#3459 = SURFACE_STYLE_USAGE ( .BOTH. , #2770 ) ;
#3461 = ORIENTED_EDGE ( 'NONE', *, *, #1136, .T. ) ;
#3460 = LINE ( 'NONE', #4176, #3765 ) ;
#3462 = LINE ( 'NONE', #2021, #2709 ) ;
#3463 = EDGE_LOOP ( 'NONE', ( #3773, #1375, #3726 ) ) ;
#3464 = ADVANCED_FACE ( 'NONE', ( #88 ), #2960, .T. ) ;
#3465 = VECTOR ( 'NONE', #3708, 1000.000000000000000 ) ;
#3466 = VECTOR ( 'NONE', #2569, 1000.000000000000000 ) ;
#3467 = VERTEX_POINT ( 'NONE', #3011 ) ;
#3468 = STYLED_ITEM ( 'NONE', ( #2417 ), #3464 ) ;
#3469 = FACE_OUTER_BOUND ( 'NONE', #3481, .T. ) ;
#3470 =( LENGTH_UNIT ( ) NAMED_UNIT ( * ) SI_UNIT ( .MILLI., .METRE. ) );
#3471 =( LENGTH_UNIT ( ) NAMED_UNIT ( * ) SI_UNIT ( .MILLI., .METRE. ) );
#3472 = EDGE_LOOP ( 'NONE', ( #89, #1695, #4081 ) ) ;
#3473 = EDGE_CURVE ( 'NONE', #3575, #514, #2666, .T. ) ;
#3474 =( NAMED_UNIT ( * ) PLANE_ANGLE_UNIT ( ) SI_UNIT ( $, .RADIAN. ) );
#3475 = LINE ( 'NONE', #1302, #2233 ) ;
#3476 = AXIS2_PLACEMENT_3D ( 'NONE', #818, #4079, #1448 ) ;
#3477 =( GEOMETRIC_REPRESENTATION_CONTEXT ( 3 ) GLOBAL_UNCERTAINTY_ASSIGNED_CONTEXT ( ( #4628 ) ) GLOBAL_UNIT_ASSIGNED_CONTEXT ( ( #4241, #1389, #3147 ) ) REPRESENTATION_CONTEXT ( 'NONE', 'WORKASPACE' ) );
#3478 = CARTESIAN_POINT ( 'NONE',  ( 0.8002678478892307767, 0.01390101954763243303, -0.5342088299483063185 ) ) ;
#3479 = LINE ( 'NONE', #2337, #2086 ) ;
#3480 = LINE ( 'NONE', #4587, #3989 ) ;
#3481 = EDGE_LOOP ( 'NONE', ( #1444, #1588, #2128 ) ) ;
#3482 = STYLED_ITEM ( 'NONE', ( #4557 ), #4403 ) ;
#3483 = DIRECTION ( 'NONE',  ( 0.000000000000000000, 1.000000000000000000, 0.000000000000000000 ) ) ;
#3484 = ORIENTED_EDGE ( 'NONE', *, *, #2895, .F. ) ;
#3485 = VERTEX_POINT ( 'NONE', #3342 ) ;
#3486 = AXIS2_PLACEMENT_3D ( 'NONE', #1483, #2929, #2565 ) ;
#3487 = DIRECTION ( 'NONE',  ( 1.000000000000000000, 0.000000000000000000, 0.000000000000000000 ) ) ;
#3489 = ORIENTED_EDGE ( 'NONE', *, *, #415, .F. ) ;
#3488 = CARTESIAN_POINT ( 'NONE',  ( 0.2500002828886822015, 0.02168417366013213401, -0.01148701926854486799 ) ) ;
#3490 = DIRECTION ( 'NONE',  ( 0.3725077383644723183, 0.000000000000000000, 0.9280290862136734154 ) ) ;
#3491 = FILL_AREA_STYLE_COLOUR ( '', #3171 ) ;
#3492 = VERTEX_POINT ( 'NONE', #587 ) ;
#3493 = CARTESIAN_POINT ( 'NONE',  ( 0.3122608651344602748, 0.5385600000000000387, -0.3472411770317159752 ) ) ;
#3494 = LINE ( 'NONE', #1235, #1884 ) ;
#3495 = EDGE_LOOP ( 'NONE', ( #2474, #2204, #2025, #3648 ) ) ;
#3496 = UNCERTAINTY_MEASURE_WITH_UNIT (LENGTH_MEASURE( 1.000000000000000082E-05 ), #3882, 'distance_accuracy_value', 'NONE');
#3497 =( NAMED_UNIT ( * ) SI_UNIT ( $, .STERADIAN. ) SOLID_ANGLE_UNIT ( ) );
#3498 = EDGE_CURVE ( 'NONE', #367, #1086, #3720, .T. ) ;
#3499 = DIRECTION ( 'NONE',  ( -0.2762437428917283722, 0.000000000000000000, 0.9610876102172832836 ) ) ;
#3500 = CARTESIAN_POINT ( 'NONE',  ( 0.4810162901235165989, 0.5435600000000000431, -0.2749999999999999667 ) ) ;
#3501 = FACE_OUTER_BOUND ( 'NONE', #3537, .T. ) ;
#3502 = EDGE_CURVE ( 'NONE', #68, #4243, #4532, .T. ) ;
#3503 = DIRECTION ( 'NONE',  ( 0.000000000000000000, -1.000000000000000000, 0.000000000000000000 ) ) ;
#3504 = FILL_AREA_STYLE ('',( #3966 ) ) ;
#3505 = SURFACE_STYLE_USAGE ( .BOTH. , #4542 ) ;
#3506 = CARTESIAN_POINT ( 'NONE',  ( 0.5481003641384906144, 0.5435600000000000431, -0.2887465636336941643 ) ) ;
#3507 = EDGE_LOOP ( 'NONE', ( #509, #3253, #792, #211, #180, #886, #3614, #3885 ) ) ;
#3508 = ORIENTED_EDGE ( 'NONE', *, *, #495, .T. ) ;
#3510 = ADVANCED_FACE ( 'NONE', ( #2737 ), #3094, .T. ) ;
#3509 = DIRECTION ( 'NONE',  ( -0.000000000000000000, 1.000000000000000000, -0.000000000000000000 ) ) ;
#3511 = CARTESIAN_POINT ( 'NONE',  ( 0.2497523944228103865, 0.01562018340978779153, -0.01396121343666384754 ) ) ;
#3512 =( NAMED_UNIT ( * ) PLANE_ANGLE_UNIT ( ) SI_UNIT ( $, .RADIAN. ) );
#3513 = DIRECTION ( 'NONE',  ( 1.000000000000000000, -0.000000000000000000, -0.000000000000000000 ) ) ;
#3514 = ORIENTED_EDGE ( 'NONE', *, *, #3308, .T. ) ;
#3515 = FILL_AREA_STYLE_COLOUR ( '', #289 ) ;
#3516 = FACE_OUTER_BOUND ( 'NONE', #21, .T. ) ;
#3517 = STYLED_ITEM ( 'NONE', ( #2691 ), #178 ) ;
#3518 = EDGE_CURVE ( 'NONE', #782, #951, #3135, .T. ) ;
#3519 =( GEOMETRIC_REPRESENTATION_CONTEXT ( 3 ) GLOBAL_UNCERTAINTY_ASSIGNED_CONTEXT ( ( #1903 ) ) GLOBAL_UNIT_ASSIGNED_CONTEXT ( ( #860, #2282, #4136 ) ) REPRESENTATION_CONTEXT ( 'NONE', 'WORKASPACE' ) );
#3520 = CARTESIAN_POINT ( 'NONE',  ( 0.000000000000000000, 0.01144000000000000052, 0.000000000000000000 ) ) ;
#3521 = CARTESIAN_POINT ( 'NONE',  ( 0.01143999999999993113, 0.01144000000000000052, 0.000000000000000000 ) ) ;
#3522 = FACE_OUTER_BOUND ( 'NONE', #1704, .T. ) ;
#3523 = ORIENTED_EDGE ( 'NONE', *, *, #3498, .T. ) ;
#3524 = CYLINDRICAL_SURFACE ( 'NONE', #1177, 0.01144000000000004041 ) ;
#3525 = PLANE ( 'NONE',  #3751 ) ;
#3526 = CARTESIAN_POINT ( 'NONE',  ( 0.5782056504091224181, 0.5435600000000000431, -0.2749999999999999667 ) ) ;
#3527 = FILL_AREA_STYLE_COLOUR ( '', #1598 ) ;
#3528 = ORIENTED_EDGE ( 'NONE', *, *, #3163, .F. ) ;
#3529 = EDGE_CURVE ( 'NONE', #1223, #4435, #4579, .T. ) ;
#3530 = VERTEX_POINT ( 'NONE', #4199 ) ;
#3531 = DIRECTION ( 'NONE',  ( 0.000000000000000000, -1.000000000000000000, 0.000000000000000000 ) ) ;
#3532 = VECTOR ( 'NONE', #2397, 1000.000000000000000 ) ;
#3533 = COLOUR_RGB ( '',0.7686274509803920907, 0.7686274509803920907, 0.7686274509803920907 ) ;
#3534 = SURFACE_SIDE_STYLE ('',( #333 ) ) ;
#3535 = FILL_AREA_STYLE ('',( #274 ) ) ;
#3536 = PRESENTATION_LAYER_ASSIGNMENT (  '', '', ( #3236 ) ) ;
#3537 = EDGE_LOOP ( 'NONE', ( #3907, #2986, #695 ) ) ;
#3538 = LINE ( 'NONE', #611, #1198 ) ;
#3539 = PRESENTATION_STYLE_ASSIGNMENT (( #2091 ) ) ;
#3540 = VECTOR ( 'NONE', #1169, 1000.000000000000000 ) ;
#3541 = SURFACE_SIDE_STYLE ('',( #2092 ) ) ;
#3542 = VECTOR ( 'NONE', #4379, 999.9999999999998863 ) ;
#3543 = ORIENTED_EDGE ( 'NONE', *, *, #473, .T. ) ;
#3544 = AXIS2_PLACEMENT_3D ( 'NONE', #135, #3016, #4458 ) ;
#3545 = CARTESIAN_POINT ( 'NONE',  ( 0.8001684713375860625, 0.01370288082993909896, -0.5362971191700608431 ) ) ;
#3546 = DIRECTION ( 'NONE',  ( 0.000000000000000000, -1.000000000000000000, -0.000000000000000000 ) ) ;
#3547 = DIRECTION ( 'NONE',  ( 1.000000000000000000, 0.000000000000000000, 0.000000000000000000 ) ) ;
#3548 = AXIS2_PLACEMENT_3D ( 'NONE', #1476, #1585, #3331 ) ;
#3549 =( LENGTH_UNIT ( ) NAMED_UNIT ( * ) SI_UNIT ( .MILLI., .METRE. ) );
#3550 = DIRECTION ( 'NONE',  ( 1.000000000000000000, 0.000000000000000000, 0.000000000000000000 ) ) ;
#3551 = CARTESIAN_POINT ( 'NONE',  ( 0.5149313044255987570, 0.5385600000000000387, -0.2749999999999999667 ) ) ;
#3552 = CARTESIAN_POINT ( 'NONE',  ( 1.038560000000000150, 0.5385600000000000387, -0.01144000000000000052 ) ) ;
#3553 = DIRECTION ( 'NONE',  ( 0.9999960426590096541, 0.000000000000000000, 0.002813301676023789288 ) ) ;
#3554 = COLOUR_RGB ( '',0.7686274509803920907, 0.7686274509803920907, 0.7686274509803920907 ) ;
#3555 = VERTEX_POINT ( 'NONE', #966 ) ;
#3557 = EDGE_CURVE ( 'NONE', #1263, #3423, #2393, .T. ) ;
#3556 = MECHANICAL_DESIGN_GEOMETRIC_PRESENTATION_REPRESENTATION (  '', ( #2046 ), #543 ) ;
#3558 = SURFACE_STYLE_USAGE ( .BOTH. , #3534 ) ;
#3559 = CARTESIAN_POINT ( 'NONE',  ( 0.01143999999999993113, 0.01144000000000000052, -0.01144000000000000052 ) ) ;
#3560 = AXIS2_PLACEMENT_3D ( 'NONE', #1716, #4215, #981 ) ;
#3561 = ORIENTED_EDGE ( 'NONE', *, *, #4094, .F. ) ;
#3562 = EDGE_CURVE ( 'NONE', #2734, #1810, #3203, .T. ) ;
#3563 = DIRECTION ( 'NONE',  ( 0.000000000000000000, 0.000000000000000000, -1.000000000000000000 ) ) ;
#3564 = LINE ( 'NONE', #3229, #4211 ) ;
#3565 = FACE_OUTER_BOUND ( 'NONE', #2573, .T. ) ;
#3566 = EDGE_LOOP ( 'NONE', ( #1796, #2726, #4276, #459 ) ) ;
#3567 = DIRECTION ( 'NONE',  ( -1.000000000000000000, 0.000000000000000000, 0.000000000000000000 ) ) ;
#3568 = EDGE_CURVE ( 'NONE', #4257, #4269, #1899, .T. ) ;
#3569 = CARTESIAN_POINT ( 'NONE',  ( 0.5842229295658094568, 0.5385600000000000387, -0.3066986769036468830 ) ) ;
#3570 = CARTESIAN_POINT ( 'NONE',  ( 0.3610101836264471564, 0.5385600000000000387, -0.2750000000000000222 ) ) ;
#3571 = CARTESIAN_POINT ( 'NONE',  ( 1.050000000000000044, 0.01144000000000000052, -0.5385600000000001497 ) ) ;
#3572 =( LENGTH_UNIT ( ) NAMED_UNIT ( * ) SI_UNIT ( .MILLI., .METRE. ) );
#3573 = ORIENTED_EDGE ( 'NONE', *, *, #3906, .T. ) ;
#3574 = ADVANCED_FACE ( 'NONE', ( #3565 ), #3955, .F. ) ;
#3575 = VERTEX_POINT ( 'NONE', #2505 ) ;
#3576 = LINE ( 'NONE', #382, #956 ) ;
#3577 = CARTESIAN_POINT ( 'NONE',  ( 0.7999997171113204519, 0.02168417366013215136, -0.5385129807314551487 ) ) ;
#3578 = CARTESIAN_POINT ( 'NONE',  ( 0.2499593366536804195, 0.01249022334348520551, -0.01792627073755345690 ) ) ;
#3579 = EDGE_CURVE ( 'NONE', #277, #629, #684, .T. ) ;
#3580 = ORIENTED_EDGE ( 'NONE', *, *, #3987, .T. ) ;
#3581 = CARTESIAN_POINT ( 'NONE',  ( 1.050000000000000044, 0.5385600000000000387, -0.5385600000000000387 ) ) ;
#3582 = DIRECTION ( 'NONE',  ( -1.971276677246371272E-16, -1.000000000000000000, 0.000000000000000000 ) ) ;
#3583 = VERTEX_POINT ( 'NONE', #3611 ) ;
#3584 = EDGE_CURVE ( 'NONE', #975, #1478, #338, .T. ) ;
#3585 = ORIENTED_EDGE ( 'NONE', *, *, #1141, .T. ) ;
#3586 = DIRECTION ( 'NONE',  ( 0.2755520632520533364, 0.000000000000000000, -0.9612861490927331332 ) ) ;
#3587 = MECHANICAL_DESIGN_GEOMETRIC_PRESENTATION_REPRESENTATION (  '', ( #2910 ), #2758 ) ;
#3588 = DIRECTION ( 'NONE',  ( 0.000000000000000000, -1.000000000000000000, -1.971276677246371519E-16 ) ) ;
#3589 = DIRECTION ( 'NONE',  ( 0.000000000000000000, 0.000000000000000000, -1.000000000000000000 ) ) ;
#3590 = ADVANCED_FACE ( 'NONE', ( #1821 ), #4343, .F. ) ;
#3591 = UNCERTAINTY_MEASURE_WITH_UNIT (LENGTH_MEASURE( 1.000000000000000082E-05 ), #3160, 'distance_accuracy_value', 'NONE');
#3592 = CARTESIAN_POINT ( 'NONE',  ( 0.3935722247434730869, 0.5385600000000000387, -0.2887439277519391889 ) ) ;
#3593 = DIRECTION ( 'NONE',  ( 0.000000000000000000, -1.000000000000000000, 0.000000000000000000 ) ) ;
#3594 = FACE_OUTER_BOUND ( 'NONE', #1754, .T. ) ;
#3595 = AXIS2_PLACEMENT_3D ( 'NONE', #4025, #793, #38 ) ;
#3596 =( NAMED_UNIT ( * ) SI_UNIT ( $, .STERADIAN. ) SOLID_ANGLE_UNIT ( ) );
#3597 = MECHANICAL_DESIGN_GEOMETRIC_PRESENTATION_REPRESENTATION (  '', ( #1484 ), #735 ) ;
#3598 = ORIENTED_EDGE ( 'NONE', *, *, #1188, .F. ) ;
#3599 = FACE_OUTER_BOUND ( 'NONE', #1978, .T. ) ;
#3600 = SURFACE_STYLE_FILL_AREA ( #1886 ) ;
#3601 = FILL_AREA_STYLE ('',( #4644 ) ) ;
#3602 = AXIS2_PLACEMENT_3D ( 'NONE', #2760, #4651, #1019 ) ;
#3603 = EDGE_LOOP ( 'NONE', ( #2250, #2623, #132, #1031 ) ) ;
#3604 = ORIENTED_EDGE ( 'NONE', *, *, #3131, .F. ) ;
#3605 = PRESENTATION_LAYER_ASSIGNMENT (  '', '', ( #4512 ) ) ;
#3606 =( GEOMETRIC_REPRESENTATION_CONTEXT ( 3 ) GLOBAL_UNCERTAINTY_ASSIGNED_CONTEXT ( ( #4492 ) ) GLOBAL_UNIT_ASSIGNED_CONTEXT ( ( #1680, #303, #2090 ) ) REPRESENTATION_CONTEXT ( 'NONE', 'WORKASPACE' ) );
#3607 = DIRECTION ( 'NONE',  ( 0.000000000000000000, -1.000000000000000000, 0.000000000000000000 ) ) ;
#3608 = DIRECTION ( 'NONE',  ( -0.000000000000000000, -0.000000000000000000, 1.000000000000000000 ) ) ;
#3609 = LINE ( 'NONE', #2458, #898 ) ;
#3610 = ORIENTED_EDGE ( 'NONE', *, *, #2358, .F. ) ;
#3611 = CARTESIAN_POINT ( 'NONE',  ( 1.038560000000000150, 0.01144000000000000052, 0.000000000000000000 ) ) ;
#3612 = STYLED_ITEM ( 'NONE', ( #3820 ), #2743 ) ;
#3613 = CIRCLE ( 'NONE', #3621, 0.01144000000000004041 ) ;
#3614 = ORIENTED_EDGE ( 'NONE', *, *, #3568, .F. ) ;
#3615 = AXIS2_PLACEMENT_3D ( 'NONE', #3863, #2429, #3881 ) ;
#3616 = CARTESIAN_POINT ( 'NONE',  ( 0.5940503760676809630, 0.5385600000000000387, -0.3333948891977780438 ) ) ;
#3617 = SURFACE_SIDE_STYLE ('',( #2883 ) ) ;
#3618 = EDGE_CURVE ( 'NONE', #1470, #2529, #1091, .T. ) ;
#3619 = DIRECTION ( 'NONE',  ( 4.738645858765300700E-15, -1.000000000000000000, 0.000000000000000000 ) ) ;
#3620 = MECHANICAL_DESIGN_GEOMETRIC_PRESENTATION_REPRESENTATION (  '', ( #4150 ), #1348 ) ;
#3621 = AXIS2_PLACEMENT_3D ( 'NONE', #3952, #824, #799 ) ;
#3622 =( NAMED_UNIT ( * ) PLANE_ANGLE_UNIT ( ) SI_UNIT ( $, .RADIAN. ) );
#3623 = DIRECTION ( 'NONE',  ( 0.000000000000000000, 0.000000000000000000, 1.000000000000000000 ) ) ;
#3624 = FILL_AREA_STYLE_COLOUR ( '', #3082 ) ;
#3625 = CARTESIAN_POINT ( 'NONE',  ( 0.8005016993459097563, 0.5352093015767742656, -0.5352093015767742656 ) ) ;
#3626 = CARTESIAN_POINT ( 'NONE',  ( 1.038560000000000150, 0.5385600000000000387, -0.01144000000000000052 ) ) ;
#3627 = AXIS2_PLACEMENT_3D ( 'NONE', #2973, #4417, #1176 ) ;
#3628 = ORIENTED_EDGE ( 'NONE', *, *, #473, .F. ) ;
#3629 = CARTESIAN_POINT ( 'NONE',  ( 0.3690699447935828492, 0.5385600000000000387, -0.2749999999999999667 ) ) ;
#3630 = ORIENTED_EDGE ( 'NONE', *, *, #1443, .F. ) ;
#3631 = EDGE_CURVE ( 'NONE', #577, #4593, #4303, .T. ) ;
#3632 = CARTESIAN_POINT ( 'NONE',  ( 0.2495942064208098721, 0.5348962185903071154, -0.01447761543708037807 ) ) ;
#3633 = CARTESIAN_POINT ( 'NONE',  ( 0.8000087662382979747, 0.5378538208055048120, -0.5312535179385914352 ) ) ;
#3634 = ORIENTED_EDGE ( 'NONE', *, *, #2051, .F. ) ;
#3635 = FACE_OUTER_BOUND ( 'NONE', #2125, .T. ) ;
#3636 = EDGE_LOOP ( 'NONE', ( #3528, #769, #4305, #662, #2672, #49 ) ) ;
#3637 = ORIENTED_EDGE ( 'NONE', *, *, #936, .T. ) ;
#3638 =( GEOMETRIC_REPRESENTATION_CONTEXT ( 3 ) GLOBAL_UNCERTAINTY_ASSIGNED_CONTEXT ( ( #2689 ) ) GLOBAL_UNIT_ASSIGNED_CONTEXT ( ( #1351, #2449, #4242 ) ) REPRESENTATION_CONTEXT ( 'NONE', 'WORKASPACE' ) );
#3639 = VERTEX_POINT ( 'NONE', #3257 ) ;
#3640 =( BOUNDED_CURVE ( )  B_SPLINE_CURVE ( 3, ( #1096, #1070, #2587, #4037 ),
 .UNSPECIFIED., .F., .T. ) 
 B_SPLINE_CURVE_WITH_KNOTS ( ( 4, 4 ),
 ( 1.570796326794885678, 1.868047687429703618 ),
 .UNSPECIFIED. ) 
 CURVE ( )  GEOMETRIC_REPRESENTATION_ITEM ( )  RATIONAL_B_SPLINE_CURVE ( ( 1.000000000000000000, 0.9926503465769137557, 0.9926503465769137557, 1.000000000000000000 ) ) 
 REPRESENTATION_ITEM ( '' )  );
#3641 = DIRECTION ( 'NONE',  ( 0.000000000000000000, -1.000000000000000000, 0.000000000000000000 ) ) ;
#3642 = CARTESIAN_POINT ( 'NONE',  ( 0.4064080911670675533, 0.5435600000000000431, -0.3334904399182307966 ) ) ;
#3643 =( LENGTH_UNIT ( ) NAMED_UNIT ( * ) SI_UNIT ( .MILLI., .METRE. ) );
#3644 = ADVANCED_FACE ( 'NONE', ( #3516 ), #280, .T. ) ;
#3645 = LINE ( 'NONE', #3361, #3542 ) ;
#3646 = FILL_AREA_STYLE_COLOUR ( '', #466 ) ;
#3647 = ORIENTED_EDGE ( 'NONE', *, *, #3012, .T. ) ;
#3648 = ORIENTED_EDGE ( 'NONE', *, *, #3717, .F. ) ;
#3649 = DIRECTION ( 'NONE',  ( 0.2755265765475200523, 0.000000000000000000, -0.9612934544747526733 ) ) ;
#3650 = VERTEX_POINT ( 'NONE', #3732 ) ;
#3651 = DIRECTION ( 'NONE',  ( 0.000000000000000000, -1.971276677246364863E-16, 1.000000000000000000 ) ) ;
#3652 = CARTESIAN_POINT ( 'NONE',  ( 0.8001282076081794870, 0.5367663462241084593, -0.5333856747510298257 ) ) ;
#3653 = EDGE_LOOP ( 'NONE', ( #4666, #2806, #3365, #3273 ) ) ;
#3654 = ADVANCED_FACE ( 'NONE', ( #2205 ), #1848, .T. ) ;
#3655 = ORIENTED_EDGE ( 'NONE', *, *, #1078, .T. ) ;
#3656 = PLANE ( 'NONE',  #2100 ) ;
#3657 = DIRECTION ( 'NONE',  ( 0.2746459304917039379, 0.000000000000000000, -0.9615454294334438989 ) ) ;
#3658 = ORIENTED_EDGE ( 'NONE', *, *, #3318, .T. ) ;
#3659 = SURFACE_SIDE_STYLE ('',( #2922 ) ) ;
#3660 = ORIENTED_EDGE ( 'NONE', *, *, #2932, .T. ) ;
#3661 = CARTESIAN_POINT ( 'NONE',  ( 0.5842229295658094568, 0.5435600000000000431, -0.3066986769036468830 ) ) ;
#3662 =( NAMED_UNIT ( * ) SI_UNIT ( $, .STERADIAN. ) SOLID_ANGLE_UNIT ( ) );
#3663 = SPHERICAL_SURFACE ( 'NONE', #1606, 0.01144000000000000052 ) ;
#3664 = FILL_AREA_STYLE ('',( #1162 ) ) ;
#3665 = SURFACE_SIDE_STYLE ('',( #2211 ) ) ;
#3666 = DIRECTION ( 'NONE',  ( 0.9610664548998910650, 0.000000000000000000, 0.2763173343569957363 ) ) ;
#3667 = SURFACE_STYLE_USAGE ( .BOTH. , #2543 ) ;
#3668 = DIRECTION ( 'NONE',  ( 0.000000000000000000, 0.000000000000000000, 1.000000000000000000 ) ) ;
#3669 =( GEOMETRIC_REPRESENTATION_CONTEXT ( 3 ) GLOBAL_UNCERTAINTY_ASSIGNED_CONTEXT ( ( #3359 ) ) GLOBAL_UNIT_ASSIGNED_CONTEXT ( ( #348, #2210, #3964 ) ) REPRESENTATION_CONTEXT ( 'NONE', 'WORKASPACE' ) );
#3670 = ORIENTED_EDGE ( 'NONE', *, *, #3852, .F. ) ;
#3671 = CARTESIAN_POINT ( 'NONE',  ( 0.4617574383815217787, 0.5435600000000000431, -0.2749999999999999667 ) ) ;
#3672 = CARTESIAN_POINT ( 'NONE',  ( 0.3986880322765967710, 0.5435600000000000431, -0.3066986769037985394 ) ) ;
#3673 = EDGE_CURVE ( 'NONE', #42, #4593, #4380, .T. ) ;
#3674 = AXIS2_PLACEMENT_3D ( 'NONE', #1081, #1445, #2821 ) ;
#3675 = EDGE_LOOP ( 'NONE', ( #1408, #2111, #880, #4187 ) ) ;
#3676 = CARTESIAN_POINT ( 'NONE',  ( 0.7999999999999999334, 0.5385600000000001497, -0.02287999999999986225 ) ) ;
#3677 = DIRECTION ( 'NONE',  ( 1.000000000000000000, -1.971276677246371272E-16, 0.000000000000000000 ) ) ;
#3678 = VECTOR ( 'NONE', #1099, 1000.000000000000000 ) ;
#3679 = SURFACE_STYLE_FILL_AREA ( #1529 ) ;
#3680 = ORIENTED_EDGE ( 'NONE', *, *, #2371, .T. ) ;
#3681 =( NAMED_UNIT ( * ) SI_UNIT ( $, .STERADIAN. ) SOLID_ANGLE_UNIT ( ) );
#3682 = COLOUR_RGB ( '',0.7686274509803920907, 0.7686274509803920907, 0.7686274509803920907 ) ;
#3683 = ORIENTED_EDGE ( 'NONE', *, *, #3367, .T. ) ;
#3684 = LINE ( 'NONE', #3938, #4359 ) ;
#3685 =( GEOMETRIC_REPRESENTATION_CONTEXT ( 3 ) GLOBAL_UNCERTAINTY_ASSIGNED_CONTEXT ( ( #109 ) ) GLOBAL_UNIT_ASSIGNED_CONTEXT ( ( #160, #837, #4476 ) ) REPRESENTATION_CONTEXT ( 'NONE', 'WORKASPACE' ) );
#3686 = MECHANICAL_DESIGN_GEOMETRIC_PRESENTATION_REPRESENTATION (  '', ( #1491 ), #3758 ) ;
#3687 = DIRECTION ( 'NONE',  ( -0.000000000000000000, -1.000000000000000000, -1.480826830864156469E-16 ) ) ;
#3688 = UNCERTAINTY_MEASURE_WITH_UNIT (LENGTH_MEASURE( 1.000000000000000082E-05 ), #3549, 'distance_accuracy_value', 'NONE');
#3689 = STYLED_ITEM ( 'NONE', ( #1833 ), #1773 ) ;
#3690 = CARTESIAN_POINT ( 'NONE',  ( 0.6603744375143849599, 0.5435600000000000431, -0.3472411770317159752 ) ) ;
#3691 = FILL_AREA_STYLE_COLOUR ( '', #3317 ) ;
#3692 =( NAMED_UNIT ( * ) SI_UNIT ( $, .STERADIAN. ) SOLID_ANGLE_UNIT ( ) );
#3693 = FILL_AREA_STYLE ('',( #2472 ) ) ;
#3694 = VECTOR ( 'NONE', #120, 1000.000000000000114 ) ;
#3695 = DIRECTION ( 'NONE',  ( 0.000000000000000000, 0.000000000000000000, 1.000000000000000000 ) ) ;
#3696 = CIRCLE ( 'NONE', #3021, 0.01144000000000000052 ) ;
#3697 = EDGE_LOOP ( 'NONE', ( #2236, #854, #1455 ) ) ;
#3698 =( GEOMETRIC_REPRESENTATION_CONTEXT ( 3 ) GLOBAL_UNCERTAINTY_ASSIGNED_CONTEXT ( ( #3913 ) ) GLOBAL_UNIT_ASSIGNED_CONTEXT ( ( #3724, #3742, #4481 ) ) REPRESENTATION_CONTEXT ( 'NONE', 'WORKASPACE' ) );
#3699 = CARTESIAN_POINT ( 'NONE',  ( 1.050000000000000044, 0.000000000000000000, -0.01144000000000000052 ) ) ;
#3700 = ORIENTED_EDGE ( 'NONE', *, *, #3735, .T. ) ;
#3701 = CARTESIAN_POINT ( 'NONE',  ( 0.5151316314530755003, 0.5435600000000000431, -0.3396241371938849007 ) ) ;
#3702 = ORIENTED_EDGE ( 'NONE', *, *, #2746, .F. ) ;
#3703 = EDGE_CURVE ( 'NONE', #3233, #42, #1918, .T. ) ;
#3704 = DIRECTION ( 'NONE',  ( 0.000000000000000000, -1.000000000000000000, 0.000000000000000000 ) ) ;
#3705 =( NAMED_UNIT ( * ) PLANE_ANGLE_UNIT ( ) SI_UNIT ( $, .RADIAN. ) );
#3706 = CIRCLE ( 'NONE', #1431, 0.01144000000000000052 ) ;
#3707 = DIRECTION ( 'NONE',  ( 0.000000000000000000, 0.000000000000000000, -1.000000000000000000 ) ) ;
#3708 = DIRECTION ( 'NONE',  ( 1.000000000000000000, 0.000000000000000000, 0.000000000000000000 ) ) ;
#3709 = ORIENTED_EDGE ( 'NONE', *, *, #996, .F. ) ;
#3710 = DIRECTION ( 'NONE',  ( 0.000000000000000000, 0.000000000000000000, 1.000000000000000000 ) ) ;
#3711 = VERTEX_POINT ( 'NONE', #144 ) ;
#3712 = EDGE_CURVE ( 'NONE', #2434, #3973, #3304, .T. ) ;
#3713 =( NAMED_UNIT ( * ) SI_UNIT ( $, .STERADIAN. ) SOLID_ANGLE_UNIT ( ) );
#3714 = DIRECTION ( 'NONE',  ( -0.9999999968487351953, 0.000000000000000000, -7.938847109670266970E-05 ) ) ;
#3715 = VECTOR ( 'NONE', #162, 1000.000000000000000 ) ;
#3716 = SURFACE_STYLE_USAGE ( .BOTH. , #1944 ) ;
#3717 = EDGE_CURVE ( 'NONE', #2921, #2195, #2530, .T. ) ;
#3718 = DIRECTION ( 'NONE',  ( -1.000000000000000000, 0.000000000000000000, 0.000000000000000000 ) ) ;
#3719 = LINE ( 'NONE', #1240, #2857 ) ;
#3720 = LINE ( 'NONE', #3799, #1667 ) ;
#3721 = FACE_OUTER_BOUND ( 'NONE', #1694, .T. ) ;
#3722 = VERTEX_POINT ( 'NONE', #3278 ) ;
#3723 = FILL_AREA_STYLE ('',( #1933 ) ) ;
#3724 =( LENGTH_UNIT ( ) NAMED_UNIT ( * ) SI_UNIT ( .MILLI., .METRE. ) );
#3725 =( NAMED_UNIT ( * ) SI_UNIT ( $, .STERADIAN. ) SOLID_ANGLE_UNIT ( ) );
#3726 = ORIENTED_EDGE ( 'NONE', *, *, #1061, .F. ) ;
#3727 = SURFACE_SIDE_STYLE ('',( #1526 ) ) ;
#3728 = CARTESIAN_POINT ( 'NONE',  ( 0.3784755374227058988, 0.5385600000000000387, -0.3472411770317159752 ) ) ;
#3729 = CARTESIAN_POINT ( 'NONE',  ( 0.2385600000000025478, 0.01144000000000000052, -0.01144000000000004041 ) ) ;
#3730 = CARTESIAN_POINT ( 'NONE',  ( 0.6198314980147041631, 0.5435600000000000431, -0.2750000000000000222 ) ) ;
#3731 = ORIENTED_EDGE ( 'NONE', *, *, #1891, .T. ) ;
#3732 = CARTESIAN_POINT ( 'NONE',  ( 0.4811979921490492917, 0.5385600000000000387, -0.3472411770317159752 ) ) ;
#3733 = ADVANCED_FACE ( 'NONE', ( #3979 ), #77, .F. ) ;
#3734 = EDGE_LOOP ( 'NONE', ( #3946, #4367, #2448, #3433 ) ) ;
#3735 = EDGE_CURVE ( 'NONE', #2277, #2649, #1554, .T. ) ;
#3736 = FILL_AREA_STYLE ('',( #3052 ) ) ;
#3737 = UNCERTAINTY_MEASURE_WITH_UNIT (LENGTH_MEASURE( 1.000000000000000082E-05 ), #1068, 'distance_accuracy_value', 'NONE');
#3738 = PLANE ( 'NONE',  #4676 ) ;
#3739 = CARTESIAN_POINT ( 'NONE',  ( 0.5570355646033953168, 0.5385600000000000387, -0.3200511761872956162 ) ) ;
#3740 = EDGE_CURVE ( 'NONE', #3057, #3423, #3031, .T. ) ;
#3741 = ORIENTED_EDGE ( 'NONE', *, *, #1624, .F. ) ;
#3742 =( NAMED_UNIT ( * ) PLANE_ANGLE_UNIT ( ) SI_UNIT ( $, .RADIAN. ) );
#3743 = CARTESIAN_POINT ( 'NONE',  ( 1.050000000000000044, 0.000000000000000000, 0.000000000000000000 ) ) ;
#3744 = VECTOR ( 'NONE', #1673, 1000.000000000000000 ) ;
#3745 = EDGE_LOOP ( 'NONE', ( #3113, #1417, #123, #192 ) ) ;
#3746 = CARTESIAN_POINT ( 'NONE',  ( 0.2499039613894668832, 0.01677908796225563784, -0.5368789333777591599 ) ) ;
#3747 = DIRECTION ( 'NONE',  ( 0.2759782365590801034, 0.000000000000000000, -0.9611638845408936316 ) ) ;
#3748 = ORIENTED_EDGE ( 'NONE', *, *, #1535, .F. ) ;
#3749 = VECTOR ( 'NONE', #3509, 1000.000000000000000 ) ;
#3750 = ORIENTED_EDGE ( 'NONE', *, *, #1044, .F. ) ;
#3751 = AXIS2_PLACEMENT_3D ( 'NONE', #1048, #2075, #712 ) ;
#3752 = CARTESIAN_POINT ( 'NONE',  ( 0.5444044184021527011, 0.5435600000000000431, -0.3472411770317159752 ) ) ;
#3753 = AXIS2_PLACEMENT_3D ( 'NONE', #262, #3871, #1707 ) ;
#3754 = CYLINDRICAL_SURFACE ( 'NONE', #4121, 0.01144000000000001266 ) ;
#3755 = EDGE_CURVE ( 'NONE', #296, #3891, #1596, .T. ) ;
#3756 = AXIS2_PLACEMENT_3D ( 'NONE', #4652, #327, #2831 ) ;
#3757 = PRESENTATION_STYLE_ASSIGNMENT (( #2302 ) ) ;
#3758 =( GEOMETRIC_REPRESENTATION_CONTEXT ( 3 ) GLOBAL_UNCERTAINTY_ASSIGNED_CONTEXT ( ( #1563 ) ) GLOBAL_UNIT_ASSIGNED_CONTEXT ( ( #754, #2481, #1473 ) ) REPRESENTATION_CONTEXT ( 'NONE', 'WORKASPACE' ) );
#3759 = CARTESIAN_POINT ( 'NONE',  ( 0.5570355646033953168, 0.5435600000000000431, -0.3200511761872956162 ) ) ;
#3760 = CARTESIAN_POINT ( 'NONE',  ( 0.01143999999999993113, 0.5385600000000000387, -0.5500000000000000444 ) ) ;
#3761 = CIRCLE ( 'NONE', #968, 0.01144000000000004041 ) ;
#3762 = ORIENTED_EDGE ( 'NONE', *, *, #1411, .T. ) ;
#3763 =( BOUNDED_CURVE ( )  B_SPLINE_CURVE ( 3, ( #194, #2344, #1200, #3793 ),
 .UNSPECIFIED., .F., .T. ) 
 B_SPLINE_CURVE_WITH_KNOTS ( ( 4, 4 ),
 ( 4.712388980384676351, 5.009640341019492737 ),
 .UNSPECIFIED. ) 
 CURVE ( )  GEOMETRIC_REPRESENTATION_ITEM ( )  RATIONAL_B_SPLINE_CURVE ( ( 1.000000000000000000, 0.9926503465769137557, 0.9926503465769137557, 1.000000000000000000 ) ) 
 REPRESENTATION_ITEM ( '' )  );
#3764 = MECHANICAL_DESIGN_GEOMETRIC_PRESENTATION_REPRESENTATION (  '', ( #3161 ), #2937 ) ;
#3765 = VECTOR ( 'NONE', #3084, 1000.000000000000000 ) ;
#3766 = LINE ( 'NONE', #190, #300 ) ;
#3767 = AXIS2_PLACEMENT_3D ( 'NONE', #2544, #2232, #2909 ) ;
#3768 = ORIENTED_EDGE ( 'NONE', *, *, #1472, .F. ) ;
#3770 = EDGE_CURVE ( 'NONE', #975, #2736, #372, .T. ) ;
#3769 = CARTESIAN_POINT ( 'NONE',  ( 0.4504330306523232075, 0.5435600000000000431, -0.3472411770317159752 ) ) ;
#3771 = CARTESIAN_POINT ( 'NONE',  ( 0.3784755374227058988, 0.5435600000000000431, -0.3472411770317159752 ) ) ;
#3772 = CYLINDRICAL_SURFACE ( 'NONE', #4670, 0.01144000000000000052 ) ;
#3773 = ORIENTED_EDGE ( 'NONE', *, *, #3434, .T. ) ;
#3774 = ORIENTED_EDGE ( 'NONE', *, *, #4609, .T. ) ;
#3775 = COLOUR_RGB ( '',0.7686274509803920907, 0.7686274509803920907, 0.7686274509803920907 ) ;
#3776 = FACE_OUTER_BOUND ( 'NONE', #4234, .T. ) ;
#3777 = CARTESIAN_POINT ( 'NONE',  ( 0.3122608651344602748, 0.5435600000000000431, -0.3472411770317159752 ) ) ;
#3778 = STYLED_ITEM ( 'NONE', ( #3416 ), #4085 ) ;
#3779 = DIRECTION ( 'NONE',  ( 0.000000000000000000, 0.000000000000000000, 1.000000000000000000 ) ) ;
#3780 = UNCERTAINTY_MEASURE_WITH_UNIT (LENGTH_MEASURE( 1.000000000000000082E-05 ), #475, 'distance_accuracy_value', 'NONE');
#3781 = VECTOR ( 'NONE', #3917, 1000.000000000000000 ) ;
#3782 = FILL_AREA_STYLE_COLOUR ( '', #218 ) ;
#3783 = DIRECTION ( 'NONE',  ( -1.000000000000000000, 0.000000000000000000, 0.000000000000000000 ) ) ;
#3784 = CARTESIAN_POINT ( 'NONE',  ( 0.2494983006540904547, 0.5352093015767741546, -0.5352093015767742656 ) ) ;
#3785 = EDGE_CURVE ( 'NONE', #1571, #3345, #2255, .T. ) ;
#3786 = EDGE_LOOP ( 'NONE', ( #2915, #3202, #493, #3413 ) ) ;
#3787 = FILL_AREA_STYLE ('',( #933 ) ) ;
#3788 = CARTESIAN_POINT ( 'NONE',  ( 0.8114400000000001612, 0.000000000000000000, -0.01144000000000000052 ) ) ;
#3789 =( LENGTH_UNIT ( ) NAMED_UNIT ( * ) SI_UNIT ( .MILLI., .METRE. ) );
#3790 = EDGE_CURVE ( 'NONE', #649, #2218, #2752, .T. ) ;
#3791 = VERTEX_POINT ( 'NONE', #919 ) ;
#3792 = CARTESIAN_POINT ( 'NONE',  ( 0.5357011754900140588, 0.5435600000000000431, -0.3472411770317159752 ) ) ;
#3793 = CARTESIAN_POINT ( 'NONE',  ( 0.8005016993459097563, 0.01479069842322575101, -0.01479069842322579091 ) ) ;
#3794 =( LENGTH_UNIT ( ) NAMED_UNIT ( * ) SI_UNIT ( .MILLI., .METRE. ) );
#3795 = CARTESIAN_POINT ( 'NONE',  ( 0.3390295641239804425, 0.5435600000000000431, -0.2750000000000000222 ) ) ;
#3796 = EDGE_CURVE ( 'NONE', #503, #2696, #559, .T. ) ;
#3797 = ORIENTED_EDGE ( 'NONE', *, *, #1390, .F. ) ;
#3798 = SURFACE_STYLE_FILL_AREA ( #3444 ) ;
#3799 = CARTESIAN_POINT ( 'NONE',  ( 0.4468958966868980531, 0.5435600000000000431, -0.2749999999999999667 ) ) ;
#3800 = CARTESIAN_POINT ( 'NONE',  ( 0.2499999999999998890, 0.000000000000000000, -0.01143999999999982184 ) ) ;
#3801 = SURFACE_STYLE_FILL_AREA ( #4113 ) ;
#3802 = SURFACE_STYLE_USAGE ( .BOTH. , #2373 ) ;
#3803 = ADVANCED_FACE ( 'NONE', ( #515 ), #215, .T. ) ;
#3804 = SURFACE_STYLE_FILL_AREA ( #2354 ) ;
#3805 = ORIENTED_EDGE ( 'NONE', *, *, #3086, .F. ) ;
#3806 = CARTESIAN_POINT ( 'NONE',  ( 0.3120420868753917554, 0.5435600000000000431, -0.2749999999999999667 ) ) ;
#3807 = PLANE ( 'NONE',  #3091 ) ;
#3808 = DIRECTION ( 'NONE',  ( 1.000000000000000000, 4.738645858765322788E-15, 0.000000000000000000 ) ) ;
#3809 = ORIENTED_EDGE ( 'NONE', *, *, #1982, .F. ) ;
#3810 = CARTESIAN_POINT ( 'NONE',  ( 0.5570355646033953168, 0.5385600000000000387, -0.3200511761872956162 ) ) ;
#3811 = PRESENTATION_LAYER_ASSIGNMENT (  '', '', ( #3290 ) ) ;
#3812 = FACE_OUTER_BOUND ( 'NONE', #1557, .T. ) ;
#3813 = EDGE_CURVE ( 'NONE', #2903, #1951, #1251, .T. ) ;
#3814 = LINE ( 'NONE', #1268, #230 ) ;
#3815 = ORIENTED_EDGE ( 'NONE', *, *, #3872, .F. ) ;
#3816 =( LENGTH_UNIT ( ) NAMED_UNIT ( * ) SI_UNIT ( .MILLI., .METRE. ) );
#3817 =( GEOMETRIC_REPRESENTATION_CONTEXT ( 3 ) GLOBAL_UNCERTAINTY_ASSIGNED_CONTEXT ( ( #1097 ) ) GLOBAL_UNIT_ASSIGNED_CONTEXT ( ( #1865, #2554, #1549 ) ) REPRESENTATION_CONTEXT ( 'NONE', 'WORKASPACE' ) );
#3818 = EDGE_LOOP ( 'NONE', ( #1168, #4384, #1555, #3334 ) ) ;
#3819 = VECTOR ( 'NONE', #3531, 1000.000000000000000 ) ;
#3820 = PRESENTATION_STYLE_ASSIGNMENT (( #4181 ) ) ;
#3821 = ORIENTED_EDGE ( 'NONE', *, *, #12, .F. ) ;
#3822 = CARTESIAN_POINT ( 'NONE',  ( 0.5151316314530755003, 0.5435600000000000431, -0.3396241371938849007 ) ) ;
#3823 = AXIS2_PLACEMENT_3D ( 'NONE', #2260, #7, #1145 ) ;
#3824 = DIRECTION ( 'NONE',  ( -0.000000000000000000, -0.000000000000000000, 1.000000000000000000 ) ) ;
#3825 = SPHERICAL_SURFACE ( 'NONE', #2385, 0.01144000000000000052 ) ;
#3826 =( LENGTH_UNIT ( ) NAMED_UNIT ( * ) SI_UNIT ( .MILLI., .METRE. ) );
#3827 = FACE_OUTER_BOUND ( 'NONE', #2116, .T. ) ;
#3828 = ORIENTED_EDGE ( 'NONE', *, *, #430, .F. ) ;
#3829 =( GEOMETRIC_REPRESENTATION_CONTEXT ( 3 ) GLOBAL_UNCERTAINTY_ASSIGNED_CONTEXT ( ( #2257 ) ) GLOBAL_UNIT_ASSIGNED_CONTEXT ( ( #3826, #619, #1040 ) ) REPRESENTATION_CONTEXT ( 'NONE', 'WORKASPACE' ) );
#3830 =( GEOMETRIC_REPRESENTATION_CONTEXT ( 3 ) GLOBAL_UNCERTAINTY_ASSIGNED_CONTEXT ( ( #3072 ) ) GLOBAL_UNIT_ASSIGNED_CONTEXT ( ( #947, #4452, #3073 ) ) REPRESENTATION_CONTEXT ( 'NONE', 'WORKASPACE' ) );
#3831 = CARTESIAN_POINT ( 'NONE',  ( 1.050000000000000044, 0.01144000000000000052, 0.000000000000000000 ) ) ;
#3832 = DIRECTION ( 'NONE',  ( 1.000000000000000000, -0.000000000000000000, -0.000000000000000000 ) ) ;
#3833 = CARTESIAN_POINT ( 'NONE',  ( 0.2499316151976924416, 0.01268898670756284791, -0.5323177733764921093 ) ) ;
#3834 = DIRECTION ( 'NONE',  ( 4.738645858765300700E-15, -1.000000000000000000, -1.971276677246371519E-16 ) ) ;
#3835 = VECTOR ( 'NONE', #3067, 1000.000000000000000 ) ;
#3836 = ORIENTED_EDGE ( 'NONE', *, *, #304, .T. ) ;
#3837 = CIRCLE ( 'NONE', #4218, 0.01144000000000004041 ) ;
#3838 = AXIS2_PLACEMENT_3D ( 'NONE', #57, #1185, #2570 ) ;
#3839 = CARTESIAN_POINT ( 'NONE',  ( 0.6160125443964671321, 0.5385600000000000387, -0.3332927487725754756 ) ) ;
#3840 = FACE_OUTER_BOUND ( 'NONE', #3247, .T. ) ;
#3841 = CARTESIAN_POINT ( 'NONE',  ( 0.4811979921490492917, 0.5435600000000000431, -0.3472411770317159752 ) ) ;
#3842 = VECTOR ( 'NONE', #1527, 1000.000000000000000 ) ;
#3843 = EDGE_CURVE ( 'NONE', #2682, #4416, #3087, .T. ) ;
#3844 = ORIENTED_EDGE ( 'NONE', *, *, #1092, .T. ) ;
#3845 = DIRECTION ( 'NONE',  ( 0.000000000000000000, 0.000000000000000000, 1.000000000000000000 ) ) ;
#3846 = SURFACE_STYLE_USAGE ( .BOTH. , #2864 ) ;
#3847 = AXIS2_PLACEMENT_3D ( 'NONE', #1767, #2411, #3199 ) ;
#3848 = CARTESIAN_POINT ( 'NONE',  ( 0.8000000000000001554, 0.01143999999999993113, -0.5500000000000001554 ) ) ;
#3849 = CARTESIAN_POINT ( 'NONE',  ( 0.2500000000000182632, 0.5385600000000009269, -0.02228299758247086551 ) ) ;
#3850 = CARTESIAN_POINT ( 'NONE',  ( 0.3120420868753917554, 0.5385600000000000387, -0.2749999999999999667 ) ) ;
#3851 = CARTESIAN_POINT ( 'NONE',  ( 0.3390295641239804425, 0.5385600000000000387, -0.2750000000000000222 ) ) ;
#3852 = EDGE_CURVE ( 'NONE', #3195, #4627, #2320, .T. ) ;
#3853 = MECHANICAL_DESIGN_GEOMETRIC_PRESENTATION_REPRESENTATION (  '', ( #94 ), #3332 ) ;
#3854 = FACE_OUTER_BOUND ( 'NONE', #3932, .T. ) ;
#3855 = DIRECTION ( 'NONE',  ( 0.000000000000000000, -1.000000000000000000, 0.000000000000000000 ) ) ;
#3856 = DIRECTION ( 'NONE',  ( 0.000000000000000000, 0.000000000000000000, -1.000000000000000000 ) ) ;
#3857 = SPHERICAL_SURFACE ( 'NONE', #1589, 0.01144000000000000052 ) ;
#3858 = AXIS2_PLACEMENT_3D ( 'NONE', #1442, #2166, #4428 ) ;
#3859 = EDGE_LOOP ( 'NONE', ( #3978, #3421, #613, #26 ) ) ;
#3860 = APPLICATION_PROTOCOL_DEFINITION ( 'draft international standard', 'automotive_design', 1998, #1616 ) ;
#3861 = ORIENTED_EDGE ( 'NONE', *, *, #12, .T. ) ;
#3862 = CARTESIAN_POINT ( 'NONE',  ( 0.3122608651344602748, 0.5435600000000000431, -0.3472411770317159752 ) ) ;
#3863 = CARTESIAN_POINT ( 'NONE',  ( 0.8114400000000001612, 0.5385600000000000387, -0.01144000000000004041 ) ) ;
#3864 = ADVANCED_FACE ( 'NONE', ( #3439 ), #2366, .T. ) ;
#3865 = CYLINDRICAL_SURFACE ( 'NONE', #3476, 0.01144000000000004041 ) ;
#3866 = EDGE_LOOP ( 'NONE', ( #4649, #2413, #3610 ) ) ;
#3867 = CARTESIAN_POINT ( 'NONE',  ( 0.6603744375143849599, 0.5435600000000000431, -0.3472411770317159752 ) ) ;
#3868 = FILL_AREA_STYLE_COLOUR ( '', #2851 ) ;
#3869 = DIRECTION ( 'NONE',  ( -0.000000000000000000, -0.000000000000000000, -1.000000000000000000 ) ) ;
#3870 = PRESENTATION_STYLE_ASSIGNMENT (( #1637 ) ) ;
#3871 = DIRECTION ( 'NONE',  ( 0.9984327301130246912, 0.000000000000000000, 0.05596501978068185723 ) ) ;
#3872 = EDGE_CURVE ( 'NONE', #3583, #3134, #360, .T. ) ;
#3873 = CARTESIAN_POINT ( 'NONE',  ( 0.8000000000000001554, 0.01143999999999993113, -0.5283890040976414459 ) ) ;
#3874 = LINE ( 'NONE', #2135, #1875 ) ;
#3875 = SURFACE_STYLE_FILL_AREA ( #1414 ) ;
#3876 = EDGE_CURVE ( 'NONE', #3353, #1305, #483, .T. ) ;
#3877 = VERTEX_POINT ( 'NONE', #2064 ) ;
#3878 = SHAPE_DEFINITION_REPRESENTATION ( #1655, #147 ) ;
#3879 = ORIENTED_EDGE ( 'NONE', *, *, #265, .T. ) ;
#3880 = CARTESIAN_POINT ( 'NONE',  ( 0.8000000000000000444, 0.000000000000000000, -0.01143999999999982184 ) ) ;
#3881 = DIRECTION ( 'NONE',  ( 0.000000000000000000, 0.000000000000000000, 1.000000000000000000 ) ) ;
#3882 =( LENGTH_UNIT ( ) NAMED_UNIT ( * ) SI_UNIT ( .MILLI., .METRE. ) );
#3883 = EDGE_LOOP ( 'NONE', ( #4295, #978, #4397, #4567 ) ) ;
#3884 = LINE ( 'NONE', #2877, #4142 ) ;
#3885 = ORIENTED_EDGE ( 'NONE', *, *, #2598, .F. ) ;
#3886 = ORIENTED_EDGE ( 'NONE', *, *, #2157, .F. ) ;
#3887 = LINE ( 'NONE', #617, #3443 ) ;
#3888 = LINE ( 'NONE', #4280, #350 ) ;
#3889 = FILL_AREA_STYLE_COLOUR ( '', #4137 ) ;
#3890 = COLOUR_RGB ( '',0.6470588235294117974, 0.5176470588235293491, 0.000000000000000000 ) ;
#3891 = VERTEX_POINT ( 'NONE', #3930 ) ;
#3892 = ADVANCED_FACE ( 'NONE', ( #4621 ), #654, .T. ) ;
#3893 = CARTESIAN_POINT ( 'NONE',  ( 0.8005016993459097563, 0.5352093015767742656, -0.5352093015767742656 ) ) ;
#3894 = DIRECTION ( 'NONE',  ( 0.000000000000000000, 0.000000000000000000, 1.000000000000000000 ) ) ;
#3895 =( GEOMETRIC_REPRESENTATION_CONTEXT ( 3 ) GLOBAL_UNCERTAINTY_ASSIGNED_CONTEXT ( ( #421 ) ) GLOBAL_UNIT_ASSIGNED_CONTEXT ( ( #4424, #3622, #1831 ) ) REPRESENTATION_CONTEXT ( 'NONE', 'WORKASPACE' ) );
#3896 = DIRECTION ( 'NONE',  ( 0.000000000000000000, -1.000000000000000000, 0.000000000000000000 ) ) ;
#3897 = CARTESIAN_POINT ( 'NONE',  ( 0.2494983006540928971, 0.01479069842322599387, -0.5352093015767743767 ) ) ;
#3898 = SPHERICAL_SURFACE ( 'NONE', #4091, 0.01144000000000000052 ) ;
#3899 = ORIENTED_EDGE ( 'NONE', *, *, #2902, .F. ) ;
#3900 = DIRECTION ( 'NONE',  ( -0.9617234872620619157, 0.000000000000000000, -0.2740217765953990581 ) ) ;
#3901 = VECTOR ( 'NONE', #2646, 1000.000000000000000 ) ;
#3902 = VECTOR ( 'NONE', #3275, 1000.000000000000114 ) ;
#3903 = CARTESIAN_POINT ( 'NONE',  ( 0.8001282076081794870, 0.01661432524897019786, -0.5367663462241085703 ) ) ;
#3904 =( NAMED_UNIT ( * ) PLANE_ANGLE_UNIT ( ) SI_UNIT ( $, .RADIAN. ) );
#3905 = AXIS2_PLACEMENT_3D ( 'NONE', #4032, #1134, #800 ) ;
#3906 = EDGE_CURVE ( 'NONE', #3877, #171, #1334, .T. ) ;
#3907 = ORIENTED_EDGE ( 'NONE', *, *, #2717, .F. ) ;
#3908 = LINE ( 'NONE', #3201, #2621 ) ;
#3909 = AXIS2_PLACEMENT_3D ( 'NONE', #1642, #2014, #2698 ) ;
#3910 = DIRECTION ( 'NONE',  ( 0.000000000000000000, 1.480826830864156222E-16, -1.000000000000000000 ) ) ;
#3911 = MECHANICAL_DESIGN_GEOMETRIC_PRESENTATION_REPRESENTATION (  '', ( #1278 ), #3685 ) ;
#3912 = ORIENTED_EDGE ( 'NONE', *, *, #2189, .T. ) ;
#3913 = UNCERTAINTY_MEASURE_WITH_UNIT (LENGTH_MEASURE( 1.000000000000000082E-05 ), #3724, 'distance_accuracy_value', 'NONE');
#3914 = PLANE ( 'NONE',  #3378 ) ;
#3915 = FACE_OUTER_BOUND ( 'NONE', #3059, .T. ) ;
#3916 = EDGE_CURVE ( 'NONE', #1167, #3891, #2331, .T. ) ;
#3917 = DIRECTION ( 'NONE',  ( 0.000000000000000000, -1.000000000000000000, 0.000000000000000000 ) ) ;
#3918 = PLANE ( 'NONE',  #4569 ) ;
#3919 = STYLED_ITEM ( 'NONE', ( #2005 ), #3803 ) ;
#3920 = SURFACE_STYLE_USAGE ( .BOTH. , #1323 ) ;
#3921 = LINE ( 'NONE', #1076, #2703 ) ;
#3922 = CARTESIAN_POINT ( 'NONE',  ( 1.038560000000000150, 0.01144000000000000052, -0.5385600000000001497 ) ) ;
#3923 = ADVANCED_FACE ( 'NONE', ( #988 ), #321, .F. ) ;
#3924 = FACE_OUTER_BOUND ( 'NONE', #4061, .T. ) ;
#3925 = ORIENTED_EDGE ( 'NONE', *, *, #4196, .F. ) ;
#3926 = COLOUR_RGB ( '',0.7921568627450980005, 0.8196078431372548767, 0.9333333333333333481 ) ;
#3927 = ORIENTED_EDGE ( 'NONE', *, *, #1710, .T. ) ;
#3928 = FACE_OUTER_BOUND ( 'NONE', #2476, .T. ) ;
#3929 = EDGE_CURVE ( 'NONE', #2873, #1253, #3995, .T. ) ;
#3930 = CARTESIAN_POINT ( 'NONE',  ( 0.01143999999999993113, 0.000000000000000000, -0.01144000000000000052 ) ) ;
#3931 = ORIENTED_EDGE ( 'NONE', *, *, #2390, .F. ) ;
#3932 = EDGE_LOOP ( 'NONE', ( #4462, #2206, #1634, #4575, #4316, #780, #2360, #1093, #1356, #4179, #4158, #4418, #3628, #957, #1896, #3630, #4525, #2462, #1911, #1492, #3298, #164, #2658 ) ) ;
#3933 = LINE ( 'NONE', #1503, #4514 ) ;
#3934 = SURFACE_SIDE_STYLE ('',( #704 ) ) ;
#3935 = CARTESIAN_POINT ( 'NONE',  ( 0.8114400000000001612, 0.5385600000000000387, -0.01144000000000000052 ) ) ;
#3936 = ADVANCED_FACE ( 'NONE', ( #3949 ), #3865, .T. ) ;
#3937 = ORIENTED_EDGE ( 'NONE', *, *, #3308, .F. ) ;
#3938 = CARTESIAN_POINT ( 'NONE',  ( 0.3328304091714044954, 0.5385600000000000387, -0.3472411770317159752 ) ) ;
#3939 = DIRECTION ( 'NONE',  ( 0.000000000000000000, -1.971276677246371519E-16, 1.000000000000000000 ) ) ;
#3940 =( NAMED_UNIT ( * ) SI_UNIT ( $, .STERADIAN. ) SOLID_ANGLE_UNIT ( ) );
#3941 = CARTESIAN_POINT ( 'NONE',  ( 0.3784755374227058988, 0.5435600000000000431, -0.3472411770317159752 ) ) ;
#3942 = SURFACE_SIDE_STYLE ('',( #2493 ) ) ;
#3943 = SURFACE_STYLE_USAGE ( .BOTH. , #1834 ) ;
#3944 = CYLINDRICAL_SURFACE ( 'NONE', #4235, 0.01144000000000004041 ) ;
#3945 = EDGE_LOOP ( 'NONE', ( #47, #1283, #3266, #1719 ) ) ;
#3946 = ORIENTED_EDGE ( 'NONE', *, *, #2436, .T. ) ;
#3947 = LINE ( 'NONE', #3880, #3749 ) ;
#3948 = PLANE ( 'NONE',  #4594 ) ;
#3949 = FACE_OUTER_BOUND ( 'NONE', #3636, .T. ) ;
#3950 = ORIENTED_EDGE ( 'NONE', *, *, #675, .F. ) ;
#3951 = EDGE_CURVE ( 'NONE', #1263, #1218, #3706, .T. ) ;
#3952 = CARTESIAN_POINT ( 'NONE',  ( 1.038560000000000150, 0.5385600000000000387, -0.5385600000000000387 ) ) ;
#3953 = DIRECTION ( 'NONE',  ( 0.000000000000000000, 0.000000000000000000, 1.000000000000000000 ) ) ;
#3954 = DIRECTION ( 'NONE',  ( 1.000000000000000000, -1.971276677246371272E-16, 0.000000000000000000 ) ) ;
#3955 = PLANE ( 'NONE',  #4602 ) ;
#3956 = ORIENTED_EDGE ( 'NONE', *, *, #4228, .T. ) ;
#3957 = UNCERTAINTY_MEASURE_WITH_UNIT (LENGTH_MEASURE( 1.000000000000000082E-05 ), #3572, 'distance_accuracy_value', 'NONE');
#3958 = DIRECTION ( 'NONE',  ( 0.000000000000000000, -1.000000000000000000, 0.000000000000000000 ) ) ;
#3959 = STYLED_ITEM ( 'NONE', ( #3380 ), #170 ) ;
#3960 = FACE_OUTER_BOUND ( 'NONE', #4550, .T. ) ;
#3961 = CIRCLE ( 'NONE', #4350, 0.01144000000000004041 ) ;
#3962 = UNCERTAINTY_MEASURE_WITH_UNIT (LENGTH_MEASURE( 1.000000000000000082E-05 ), #133, 'distance_accuracy_value', 'NONE');
#3963 = ADVANCED_FACE ( 'NONE', ( #749 ), #2240, .F. ) ;
#3964 =( NAMED_UNIT ( * ) SI_UNIT ( $, .STERADIAN. ) SOLID_ANGLE_UNIT ( ) );
#3965 = CARTESIAN_POINT ( 'NONE',  ( 0.01143999999999993113, 0.01144000000000000052, -0.5385600000000001497 ) ) ;
#3966 = FILL_AREA_STYLE_COLOUR ( '', #970 ) ;
#3967 = DIRECTION ( 'NONE',  ( 0.000000000000000000, 0.000000000000000000, 1.000000000000000000 ) ) ;
#3968 = FILL_AREA_STYLE ('',( #2890 ) ) ;
#3969 =( GEOMETRIC_REPRESENTATION_CONTEXT ( 3 ) GLOBAL_UNCERTAINTY_ASSIGNED_CONTEXT ( ( #1853 ) ) GLOBAL_UNIT_ASSIGNED_CONTEXT ( ( #1804, #3172, #2765 ) ) REPRESENTATION_CONTEXT ( 'NONE', 'WORKASPACE' ) );
#3970 = ORIENTED_EDGE ( 'NONE', *, *, #3065, .F. ) ;
#3971 = DIRECTION ( 'NONE',  ( -0.2765379750249969404, 0.000000000000000000, 0.9610029908221275896 ) ) ;
#3972 = CARTESIAN_POINT ( 'NONE',  ( 0.2499039613894644407, 0.5332209120377449096, -0.01312106662224116899 ) ) ;
#3973 = VERTEX_POINT ( 'NONE', #1468 ) ;
#3974 = AXIS2_PLACEMENT_3D ( 'NONE', #2026, #4198, #3563 ) ;
#3975 = FILL_AREA_STYLE_COLOUR ( '', #2469 ) ;
#3976 = SURFACE_STYLE_FILL_AREA ( #4324 ) ;
#3977 = CARTESIAN_POINT ( 'NONE',  ( 0.01143999999999993113, -2.255140518769849300E-18, -0.5385600000000001497 ) ) ;
#3978 = ORIENTED_EDGE ( 'NONE', *, *, #1083, .T. ) ;
#3979 = FACE_OUTER_BOUND ( 'NONE', #206, .T. ) ;
#3980 = EDGE_CURVE ( 'NONE', #3400, #1584, #314, .T. ) ;
#3981 = VECTOR ( 'NONE', #2147, 1000.000000000000000 ) ;
#3982 = VECTOR ( 'NONE', #741, 1000.000000000000000 ) ;
#3983 = EDGE_LOOP ( 'NONE', ( #4496, #14, #4223, #4618 ) ) ;
#3984 = CARTESIAN_POINT ( 'NONE',  ( 0.4064080911670675533, 0.5435600000000000431, -0.3334904399182307966 ) ) ;
#3985 = AXIS2_PLACEMENT_3D ( 'NONE', #777, #118, #3299 ) ;
#3986 = SPHERICAL_SURFACE ( 'NONE', #4663, 0.01144000000000000052 ) ;
#3987 = EDGE_CURVE ( 'NONE', #782, #3306, #408, .T. ) ;
#3988 = PRESENTATION_STYLE_ASSIGNMENT (( #373 ) ) ;
#3989 = VECTOR ( 'NONE', #2424, 1000.000000000000227 ) ;
#3990 = FACE_OUTER_BOUND ( 'NONE', #3653, .T. ) ;
#3991 = VECTOR ( 'NONE', #2878, 1000.000000000000227 ) ;
#3992 = PRESENTATION_STYLE_ASSIGNMENT (( #742 ) ) ;
#3993 = SURFACE_STYLE_USAGE ( .BOTH. , #3269 ) ;
#3994 = EDGE_CURVE ( 'NONE', #3449, #3639, #2480, .T. ) ;
#3995 = CIRCLE ( 'NONE', #3847, 0.01144000000000000052 ) ;
#3996 = EDGE_LOOP ( 'NONE', ( #4182, #4529, #2867, #484 ) ) ;
#3997 = CARTESIAN_POINT ( 'NONE',  ( 0.01143999999999993113, 0.5385600000000000387, 0.000000000000000000 ) ) ;
#3998 = ORIENTED_EDGE ( 'NONE', *, *, #2717, .T. ) ;
#3999 = LINE ( 'NONE', #2197, #3540 ) ;
#4000 = VECTOR ( 'NONE', #1934, 1000.000000000000000 ) ;
#4001 = SURFACE_SIDE_STYLE ('',( #1105 ) ) ;
#4002 = ORIENTED_EDGE ( 'NONE', *, *, #1689, .T. ) ;
#4003 = ORIENTED_EDGE ( 'NONE', *, *, #4115, .T. ) ;
#4004 = AXIS2_PLACEMENT_3D ( 'NONE', #2762, #2742, #2098 ) ;
#4005 = LINE ( 'NONE', #2200, #573 ) ;
#4006 = CARTESIAN_POINT ( 'NONE',  ( 0.000000000000000000, 0.000000000000000000, 0.000000000000000000 ) ) ;
#4007 = EDGE_CURVE ( 'NONE', #2736, #2810, #2217, .T. ) ;
#4008 = DIRECTION ( 'NONE',  ( 0.000000000000000000, -1.000000000000000000, 0.000000000000000000 ) ) ;
#4009 = CARTESIAN_POINT ( 'NONE',  ( 0.8114400000000001612, 0.000000000000000000, -0.5500000000000001554 ) ) ;
#4010 = ORIENTED_EDGE ( 'NONE', *, *, #364, .T. ) ;
#4011 = PRODUCT_DEFINITION_FORMATION_WITH_SPECIFIED_SOURCE ( 'ANY', '', #4592, .NOT_KNOWN. ) ;
#4012 = ORIENTED_EDGE ( 'NONE', *, *, #4419, .T. ) ;
#4013 = LINE ( 'NONE', #3616, #2768 ) ;
#4014 = PRESENTATION_STYLE_ASSIGNMENT (( #2563 ) ) ;
#4015 = CARTESIAN_POINT ( 'NONE',  ( 0.2500000000000000000, 0.5500000000000000444, -0.01144000000000004041 ) ) ;
#4016 = UNCERTAINTY_MEASURE_WITH_UNIT (LENGTH_MEASURE( 1.000000000000000082E-05 ), #31, 'distance_accuracy_value', 'NONE');
#4017 = DIRECTION ( 'NONE',  ( 0.2765379750249969404, 0.000000000000000000, -0.9610029908221275896 ) ) ;
#4018 = EDGE_CURVE ( 'NONE', #322, #867, #464, .T. ) ;
#4019 = LINE ( 'NONE', #3690, #4433 ) ;
#4020 = LINE ( 'NONE', #2670, #4521 ) ;
#4021 =( NAMED_UNIT ( * ) PLANE_ANGLE_UNIT ( ) SI_UNIT ( $, .RADIAN. ) );
#4022 = SURFACE_SIDE_STYLE ('',( #791 ) ) ;
#4023 = MANIFOLD_SOLID_BREP ( 'Scale1[3]', #3440 ) ;
#4024 = ORIENTED_EDGE ( 'NONE', *, *, #3324, .T. ) ;
#4025 = CARTESIAN_POINT ( 'NONE',  ( 0.5149313044255987570, 0.5435600000000000431, -0.2749999999999999667 ) ) ;
#4026 = CARTESIAN_POINT ( 'NONE',  ( 0.2496708819557108827, 0.5345611385315511832, -0.01417916422666371662 ) ) ;
#4027 = CARTESIAN_POINT ( 'NONE',  ( 0.8000683848023102396, 0.5373110132924374671, -0.5323177733764917763 ) ) ;
#4028 = EDGE_LOOP ( 'NONE', ( #4360, #3931, #3392, #2640 ) ) ;
#4029 = PLANE ( 'NONE',  #1030 ) ;
#4030 = LINE ( 'NONE', #1915, #3389 ) ;
#4031 = PRESENTATION_STYLE_ASSIGNMENT (( #2580 ) ) ;
#4032 = CARTESIAN_POINT ( 'NONE',  ( 0.5236253216929230847, 0.5435600000000000431, -0.2749999999999999667 ) ) ;
#4033 = ORIENTED_EDGE ( 'NONE', *, *, #364, .F. ) ;
#4034 = DIRECTION ( 'NONE',  ( 0.000000000000000000, -1.000000000000000000, 0.000000000000000000 ) ) ;
#4035 = ORIENTED_EDGE ( 'NONE', *, *, #299, .T. ) ;
#4036 =( NAMED_UNIT ( * ) SI_UNIT ( $, .STERADIAN. ) SOLID_ANGLE_UNIT ( ) );
#4037 = CARTESIAN_POINT ( 'NONE',  ( 0.2494983006540929527, 0.01479069842322587071, -0.01479069842322578050 ) ) ;
#4038 = CARTESIAN_POINT ( 'NONE',  ( 0.5151316314530755003, 0.5385600000000000387, -0.3396241371938849007 ) ) ;
#4039 = LINE ( 'NONE', #2284, #2783 ) ;
#4040 = SURFACE_STYLE_FILL_AREA ( #3267 ) ;
#4041 = FACE_OUTER_BOUND ( 'NONE', #4430, .T. ) ;
#4042 = ORIENTED_EDGE ( 'NONE', *, *, #3426, .T. ) ;
#4043 = STYLED_ITEM ( 'NONE', ( #2815 ), #85 ) ;
#4044 = ADVANCED_FACE ( 'NONE', ( #2551 ), #4191, .T. ) ;
#4045 = ORIENTED_EDGE ( 'NONE', *, *, #2950, .F. ) ;
#4046 = FACE_OUTER_BOUND ( 'NONE', #3319, .T. ) ;
#4047 = VECTOR ( 'NONE', #2419, 1000.000000000000000 ) ;
#4048 = PLANE ( 'NONE',  #80 ) ;
#4049 = EDGE_CURVE ( 'NONE', #2525, #2277, #4460, .T. ) ;
#4050 = MECHANICAL_DESIGN_GEOMETRIC_PRESENTATION_REPRESENTATION (  '', ( #505 ), #1718 ) ;
#4051 = ORIENTED_EDGE ( 'NONE', *, *, #228, .F. ) ;
#4052 = CARTESIAN_POINT ( 'NONE',  ( 0.2500000000000025535, -3.793171827530998419E-15, -0.5385600000000001497 ) ) ;
#4053 = DIRECTION ( 'NONE',  ( 0.7145695586381790587, 0.000000000000000000, -0.6995643972270444433 ) ) ;
#4054 = CARTESIAN_POINT ( 'NONE',  ( 0.5992527283909674374, 0.5435600000000000431, -0.2750000000000000222 ) ) ;
#4055 = MECHANICAL_DESIGN_GEOMETRIC_PRESENTATION_REPRESENTATION (  '', ( #4355 ), #3969 ) ;
#4056 = SURFACE_STYLE_USAGE ( .BOTH. , #4087 ) ;
#4057 = ORIENTED_EDGE ( 'NONE', *, *, #4653, .T. ) ;
#4058 = PRESENTATION_STYLE_ASSIGNMENT (( #781 ) ) ;
#4059 = EDGE_CURVE ( 'NONE', #3277, #1475, #2700, .T. ) ;
#4060 = AXIS2_PLACEMENT_3D ( 'NONE', #831, #1559, #3442 ) ;
#4061 = EDGE_LOOP ( 'NONE', ( #2427, #1505, #2431 ) ) ;
#4062 = CARTESIAN_POINT ( 'NONE',  ( 0.8000000000000001554, 0.01144000000000000052, 0.000000000000000000 ) ) ;
#4063 = MECHANICAL_DESIGN_GEOMETRIC_PRESENTATION_REPRESENTATION (  '', ( #2615 ), #3232 ) ;
#4064 = LINE ( 'NONE', #833, #385 ) ;
#4065 = VECTOR ( 'NONE', #1962, 1000.000000000000000 ) ;
#4066 = UNCERTAINTY_MEASURE_WITH_UNIT (LENGTH_MEASURE( 1.000000000000000082E-05 ), #1306, 'distance_accuracy_value', 'NONE');
#4067 = CARTESIAN_POINT ( 'NONE',  ( 0.5880374900474846234, 0.5435600000000000431, -0.3200511761872956162 ) ) ;
#4068 = FACE_OUTER_BOUND ( 'NONE', #1026, .T. ) ;
#4069 = EDGE_CURVE ( 'NONE', #2921, #609, #2042, .T. ) ;
#4070 =( NAMED_UNIT ( * ) SI_UNIT ( $, .STERADIAN. ) SOLID_ANGLE_UNIT ( ) );
#4071 = DIRECTION ( 'NONE',  ( 0.000000000000000000, 0.000000000000000000, -1.000000000000000000 ) ) ;
#4072 = AXIS2_PLACEMENT_3D ( 'NONE', #1146, #3666, #4425 ) ;
#4073 = ORIENTED_EDGE ( 'NONE', *, *, #3631, .T. ) ;
#4074 = ORIENTED_EDGE ( 'NONE', *, *, #3562, .T. ) ;
#4075 = PRESENTATION_LAYER_ASSIGNMENT (  '', '', ( #1425 ) ) ;
#4076 = DIRECTION ( 'NONE',  ( 0.000000000000000000, -1.000000000000000000, 0.000000000000000000 ) ) ;
#4077 = EDGE_CURVE ( 'NONE', #1737, #1137, #2340, .T. ) ;
#4078 = SURFACE_STYLE_USAGE ( .BOTH. , #2627 ) ;
#4079 = DIRECTION ( 'NONE',  ( -1.000000000000000000, -1.971276677246371272E-16, 0.000000000000000000 ) ) ;
#4080 = VECTOR ( 'NONE', #3869, 1000.000000000000000 ) ;
#4081 = ORIENTED_EDGE ( 'NONE', *, *, #1215, .T. ) ;
#4082 = SURFACE_STYLE_FILL_AREA ( #1914 ) ;
#4083 = CARTESIAN_POINT ( 'NONE',  ( 0.8000000000000000444, 0.5283890040976413349, -0.5385600000000002607 ) ) ;
#4085 = ADVANCED_FACE ( 'NONE', ( #4523 ), #233, .F. ) ;
#4084 = MECHANICAL_DESIGN_GEOMETRIC_PRESENTATION_REPRESENTATION (  '', ( #3919 ), #4227 ) ;
#4086 = DIRECTION ( 'NONE',  ( -1.000000000000000000, 0.000000000000000000, 0.000000000000000000 ) ) ;
#4087 = SURFACE_SIDE_STYLE ('',( #3679 ) ) ;
#4088 = ORIENTED_EDGE ( 'NONE', *, *, #2932, .F. ) ;
#4089 = DIRECTION ( 'NONE',  ( 1.000000000000000000, 0.000000000000000000, 0.000000000000000000 ) ) ;
#4090 = VERTEX_POINT ( 'NONE', #2674 ) ;
#4091 = AXIS2_PLACEMENT_3D ( 'NONE', #603, #3483, #3174 ) ;
#4092 = ORIENTED_EDGE ( 'NONE', *, *, #2475, .F. ) ;
#4093 = CARTESIAN_POINT ( 'NONE',  ( 0.3547016395733397220, 0.5435600000000000431, -0.3472411770317159752 ) ) ;
#4094 = EDGE_CURVE ( 'NONE', #3353, #1205, #507, .T. ) ;
#4095 = PLANE ( 'NONE',  #3013 ) ;
#4096 = CARTESIAN_POINT ( 'NONE',  ( 0.8000000000000001554, 0.01143999999999993113, -0.5385600000000002607 ) ) ;
#4097 = COLOUR_RGB ( '',0.7686274509803920907, 0.7686274509803920907, 0.7686274509803920907 ) ;
#4098 = PRESENTATION_STYLE_ASSIGNMENT (( #1594 ) ) ;
#4099 = PLANE ( 'NONE',  #3037 ) ;
#4100 = ORIENTED_EDGE ( 'NONE', *, *, #3502, .T. ) ;
#4101 = DIRECTION ( 'NONE',  ( 0.000000000000000000, -1.000000000000000000, 0.000000000000000000 ) ) ;
#4102 = PLANE ( 'NONE',  #3909 ) ;
#4103 = ORIENTED_EDGE ( 'NONE', *, *, #2371, .F. ) ;
#4104 = DIRECTION ( 'NONE',  ( -0.9615454294334440100, 0.000000000000000000, -0.2746459304917040489 ) ) ;
#4105 = PRESENTATION_STYLE_ASSIGNMENT (( #2657 ) ) ;
#4106 = EDGE_CURVE ( 'NONE', #1790, #2553, #1307, .T. ) ;
#4107 = EDGE_LOOP ( 'NONE', ( #2455, #2559, #932, #1187 ) ) ;
#4108 = PLANE ( 'NONE',  #821 ) ;
#4109 = CYLINDRICAL_SURFACE ( 'NONE', #2650, 0.01144000000000004041 ) ;
#4110 = B_SPLINE_CURVE_WITH_KNOTS ( 'NONE', 3,
 ( #3897, #4615, #1692, #3833, #626, #1369, #4261, #671, #1023, #2103 ),
 .UNSPECIFIED., .F., .F.,
 ( 4, 3, 3, 4 ),
 ( 0.000000000000000000, 3.600817818562597959E-06, 7.182643422685169000E-06, 8.953374655983231372E-06 ),
 .UNSPECIFIED. ) ;
#4111 = UNCERTAINTY_MEASURE_WITH_UNIT (LENGTH_MEASURE( 1.000000000000000082E-05 ), #3470, 'distance_accuracy_value', 'NONE');
#4112 = CARTESIAN_POINT ( 'NONE',  ( 0.3120420868753917554, 0.5435600000000000431, -0.2749999999999999667 ) ) ;
#4113 = FILL_AREA_STYLE ('',( #2669 ) ) ;
#4114 = SURFACE_STYLE_USAGE ( .BOTH. , #2137 ) ;
#4115 = EDGE_CURVE ( 'NONE', #3259, #3492, #1024, .T. ) ;
#4116 = ORIENTED_EDGE ( 'NONE', *, *, #495, .F. ) ;
#4117 =( LENGTH_UNIT ( ) NAMED_UNIT ( * ) SI_UNIT ( .MILLI., .METRE. ) );
#4118 = PRESENTATION_LAYER_ASSIGNMENT (  '', '', ( #3517 ) ) ;
#4119 = DIRECTION ( 'NONE',  ( 0.000000000000000000, -0.000000000000000000, 1.000000000000000000 ) ) ;
#4120 = CARTESIAN_POINT ( 'NONE',  ( 0.2500000000000025535, 0.01144000000000000052, 0.000000000000000000 ) ) ;
#4121 = AXIS2_PLACEMENT_3D ( 'NONE', #4203, #638, #261 ) ;
#4122 = EDGE_LOOP ( 'NONE', ( #4639, #4545, #2897, #3027, #4604, #544, #1932, #3412 ) ) ;
#4123 = DIRECTION ( 'NONE',  ( 0.000000000000000000, 1.000000000000000000, 0.000000000000000000 ) ) ;
#4124 = DIRECTION ( 'NONE',  ( 0.7145695586381790587, 0.000000000000000000, -0.6995643972270444433 ) ) ;
#4125 = CARTESIAN_POINT ( 'NONE',  ( 0.3935722247434730869, 0.5385600000000000387, -0.2887439277519391889 ) ) ;
#4126 = LINE ( 'NONE', #214, #2781 ) ;
#4127 = ORIENTED_EDGE ( 'NONE', *, *, #29, .F. ) ;
#4128 = CARTESIAN_POINT ( 'NONE',  ( 0.3122608651344602748, 0.5435600000000000431, -0.3472411770317159752 ) ) ;
#4129 = PRESENTATION_LAYER_ASSIGNMENT (  '', '', ( #1264 ) ) ;
#4130 = EDGE_LOOP ( 'NONE', ( #311, #3183, #4045, #1054 ) ) ;
#4131 = PRESENTATION_LAYER_ASSIGNMENT (  '', '', ( #1484 ) ) ;
#4132 = CARTESIAN_POINT ( 'NONE',  ( 0.2500000000000025535, -3.793171827530998419E-15, -0.5385600000000001497 ) ) ;
#4133 = ADVANCED_FACE ( 'NONE', ( #3924 ), #3898, .T. ) ;
#4134 = CARTESIAN_POINT ( 'NONE',  ( 0.5151316314530755003, 0.5385600000000000387, -0.3396241371938849007 ) ) ;
#4135 = STYLED_ITEM ( 'NONE', ( #3402 ), #1280 ) ;
#4136 =( NAMED_UNIT ( * ) SI_UNIT ( $, .STERADIAN. ) SOLID_ANGLE_UNIT ( ) );
#4137 = COLOUR_RGB ( '',0.7686274509803920907, 0.7686274509803920907, 0.7686274509803920907 ) ;
#4138 = PRESENTATION_LAYER_ASSIGNMENT (  '', '', ( #1491 ) ) ;
#4139 = CARTESIAN_POINT ( 'NONE',  ( 0.5782056504091224181, 0.5435600000000000431, -0.2749999999999999667 ) ) ;
#4140 = EDGE_CURVE ( 'NONE', #3467, #2682, #673, .T. ) ;
#4141 = DIRECTION ( 'NONE',  ( 0.9999999968487351953, 0.000000000000000000, 7.938847109670266970E-05 ) ) ;
#4142 = VECTOR ( 'NONE', #4226, 1000.000000000000000 ) ;
#4143 =( GEOMETRIC_REPRESENTATION_CONTEXT ( 3 ) GLOBAL_UNCERTAINTY_ASSIGNED_CONTEXT ( ( #4306 ) ) GLOBAL_UNIT_ASSIGNED_CONTEXT ( ( #1460, #378, #3692 ) ) REPRESENTATION_CONTEXT ( 'NONE', 'WORKASPACE' ) );
#4144 = ORIENTED_EDGE ( 'NONE', *, *, #3770, .F. ) ;
#4145 = AXIS2_PLACEMENT_3D ( 'NONE', #407, #3250, #3651 ) ;
#4147 = EDGE_CURVE ( 'NONE', #3048, #1646, #3151, .T. ) ;
#4146 = VECTOR ( 'NONE', #1608, 1000.000000000000114 ) ;
#4148 = CARTESIAN_POINT ( 'NONE',  ( 0.4810162901235165989, 0.5435600000000000431, -0.2749999999999999667 ) ) ;
#4149 = SURFACE_STYLE_FILL_AREA ( #1622 ) ;
#4150 = STYLED_ITEM ( 'NONE', ( #910 ), #3270 ) ;
#4151 = ORIENTED_EDGE ( 'NONE', *, *, #1107, .F. ) ;
#4152 = CARTESIAN_POINT ( 'NONE',  ( 0.2499999999999998890, 0.02288000000000003920, -0.02287999999999982062 ) ) ;
#4153 = CARTESIAN_POINT ( 'NONE',  ( 0.8114400000000001612, 0.01144000000000000052, -0.01144000000000004041 ) ) ;
#4154 = FACE_OUTER_BOUND ( 'NONE', #1416, .T. ) ;
#4155 = ORIENTED_EDGE ( 'NONE', *, *, #4409, .F. ) ;
#4156 = VECTOR ( 'NONE', #2029, 1000.000000000000000 ) ;
#4157 = FILL_AREA_STYLE ('',( #2022 ) ) ;
#4158 = ORIENTED_EDGE ( 'NONE', *, *, #3234, .F. ) ;
#4159 = EDGE_CURVE ( 'NONE', #3200, #2798, #2334, .T. ) ;
#4160 =( NAMED_UNIT ( * ) PLANE_ANGLE_UNIT ( ) SI_UNIT ( $, .RADIAN. ) );
#4161 = FACE_OUTER_BOUND ( 'NONE', #2016, .T. ) ;
#4162 = EDGE_LOOP ( 'NONE', ( #197, #3879, #1586, #3373 ) ) ;
#4163 = DIRECTION ( 'NONE',  ( 0.000000000000000000, 0.000000000000000000, 1.000000000000000000 ) ) ;
#4164 = VECTOR ( 'NONE', #191, 1000.000000000000000 ) ;
#4165 = UNCERTAINTY_MEASURE_WITH_UNIT (LENGTH_MEASURE( 1.000000000000000082E-05 ), #4183, 'distance_accuracy_value', 'NONE');
#4166 = VECTOR ( 'NONE', #3076, 1000.000000000000227 ) ;
#4167 = CARTESIAN_POINT ( 'NONE',  ( 0.3935722247434730869, 0.5435600000000000431, -0.2887439277519391889 ) ) ;
#4168 = DIRECTION ( 'NONE',  ( -0.000000000000000000, -0.000000000000000000, 1.000000000000000000 ) ) ;
#4169 = VECTOR ( 'NONE', #52, 1000.000000000000000 ) ;
#4170 = ADVANCED_FACE ( 'NONE', ( #4212 ), #979, .F. ) ;
#4171 = ORIENTED_EDGE ( 'NONE', *, *, #2104, .F. ) ;
#4172 =( NAMED_UNIT ( * ) SI_UNIT ( $, .STERADIAN. ) SOLID_ANGLE_UNIT ( ) );
#4173 = APPLICATION_PROTOCOL_DEFINITION ( 'draft international standard', 'automotive_design', 1998, #2747 ) ;
#4174 = VERTEX_POINT ( 'NONE', #627 ) ;
#4175 = SURFACE_STYLE_FILL_AREA ( #1290 ) ;
#4176 = CARTESIAN_POINT ( 'NONE',  ( 1.050000000000000044, 0.5385600000000000387, 0.000000000000000000 ) ) ;
#4177 = ORIENTED_EDGE ( 'NONE', *, *, #3673, .F. ) ;
#4178 = DIRECTION ( 'NONE',  ( -0.7059037656364478552, 0.000000000000000000, 0.7083077534943993392 ) ) ;
#4179 = ORIENTED_EDGE ( 'NONE', *, *, #644, .F. ) ;
#4180 = DIRECTION ( 'NONE',  ( 0.000000000000000000, -1.000000000000000000, 0.000000000000000000 ) ) ;
#4181 = SURFACE_STYLE_USAGE ( .BOTH. , #2735 ) ;
#4182 = ORIENTED_EDGE ( 'NONE', *, *, #4429, .T. ) ;
#4183 =( LENGTH_UNIT ( ) NAMED_UNIT ( * ) SI_UNIT ( .MILLI., .METRE. ) );
#4184 = DIRECTION ( 'NONE',  ( 0.2762437428917283166, 0.000000000000000000, -0.9610876102172832836 ) ) ;
#4185 = DIRECTION ( 'NONE',  ( 0.000000000000000000, 0.000000000000000000, 1.000000000000000000 ) ) ;
#4186 = DIRECTION ( 'NONE',  ( 1.000000000000000000, 0.000000000000000000, 0.000000000000000000 ) ) ;
#4187 = ORIENTED_EDGE ( 'NONE', *, *, #995, .T. ) ;
#4188 = DIRECTION ( 'NONE',  ( 0.000000000000000000, 0.000000000000000000, -1.000000000000000000 ) ) ;
#4189 = CARTESIAN_POINT ( 'NONE',  ( 0.2499999999999998890, 0.02288000000000003920, -0.01143999999999982184 ) ) ;
#4190 = EDGE_CURVE ( 'NONE', #2079, #2432, #2105, .T. ) ;
#4191 = CYLINDRICAL_SURFACE ( 'NONE', #3176, 0.01143999999999998490 ) ;
#4192 = VERTEX_POINT ( 'NONE', #1714 ) ;
#4193 = VECTOR ( 'NONE', #312, 1000.000000000000000 ) ;
#4194 = DIRECTION ( 'NONE',  ( -1.000000000000000000, 0.000000000000000000, 0.000000000000000000 ) ) ;
#4195 = CARTESIAN_POINT ( 'NONE',  ( 0.4653624462489371894, 0.5435600000000000431, -0.3393144210660131721 ) ) ;
#4196 = EDGE_CURVE ( 'NONE', #1071, #1350, #1349, .T. ) ;
#4197 = VERTEX_POINT ( 'NONE', #2797 ) ;
#4198 = DIRECTION ( 'NONE',  ( 0.000000000000000000, -1.000000000000000000, 0.000000000000000000 ) ) ;
#4199 = CARTESIAN_POINT ( 'NONE',  ( 0.4296903970343423085, 0.5385600000000000387, -0.3066986769037985394 ) ) ;
#4200 = ADVANCED_FACE ( 'NONE', ( #317 ), #812, .T. ) ;
#4201 = UNCERTAINTY_MEASURE_WITH_UNIT (LENGTH_MEASURE( 1.000000000000000082E-05 ), #2106, 'distance_accuracy_value', 'NONE');
#4202 = UNCERTAINTY_MEASURE_WITH_UNIT (LENGTH_MEASURE( 1.000000000000000082E-05 ), #3186, 'distance_accuracy_value', 'NONE');
#4203 = CARTESIAN_POINT ( 'NONE',  ( 0.2385599999999999943, 0.5500000000000000444, -0.01144000000000004041 ) ) ;
#4204 = CARTESIAN_POINT ( 'NONE',  ( 0.2500002828886797590, 0.5385129807314550376, -0.02168417366013229361 ) ) ;
#4205 = FILL_AREA_STYLE ('',( #948 ) ) ;
#4206 =( NAMED_UNIT ( * ) PLANE_ANGLE_UNIT ( ) SI_UNIT ( $, .RADIAN. ) );
#4207 = MECHANICAL_DESIGN_GEOMETRIC_PRESENTATION_REPRESENTATION (  '', ( #1406 ), #2228 ) ;
#4208 = EDGE_LOOP ( 'NONE', ( #2108, #4321, #681, #4003 ) ) ;
#4209 = ADVANCED_FACE ( 'NONE', ( #648 ), #2546, .T. ) ;
#4210 = LINE ( 'NONE', #1385, #281 ) ;
#4211 = VECTOR ( 'NONE', #4674, 1000.000000000000000 ) ;
#4212 = FACE_OUTER_BOUND ( 'NONE', #1860, .T. ) ;
#4213 = AXIS2_PLACEMENT_3D ( 'NONE', #3328, #2767, #3856 ) ;
#4214 = EDGE_LOOP ( 'NONE', ( #1320, #1153, #3828 ) ) ;
#4215 = DIRECTION ( 'NONE',  ( 0.000000000000000000, 0.000000000000000000, 1.000000000000000000 ) ) ;
#4216 = ORIENTED_EDGE ( 'NONE', *, *, #3473, .T. ) ;
#4217 = ADVANCED_FACE ( 'NONE', ( #426 ), #3289, .T. ) ;
#4218 = AXIS2_PLACEMENT_3D ( 'NONE', #1029, #3198, #1721 ) ;
#4220 = DIRECTION ( 'NONE',  ( 1.000000000000000000, -1.971276677246371272E-16, 0.000000000000000000 ) ) ;
#4219 =( GEOMETRIC_REPRESENTATION_CONTEXT ( 3 ) GLOBAL_UNCERTAINTY_ASSIGNED_CONTEXT ( ( #2589 ) ) GLOBAL_UNIT_ASSIGNED_CONTEXT ( ( #985, #2886, #4331 ) ) REPRESENTATION_CONTEXT ( 'NONE', 'WORKASPACE' ) );
#4221 = FACE_OUTER_BOUND ( 'NONE', #3507, .T. ) ;
#4222 = CARTESIAN_POINT ( 'NONE',  ( 0.2499039613894669387, 0.01312106662224103368, -0.01677908796225539498 ) ) ;
#4223 = ORIENTED_EDGE ( 'NONE', *, *, #4140, .F. ) ;
#4224 = ADVANCED_FACE ( 'NONE', ( #457 ), #3944, .T. ) ;
#4225 = VECTOR ( 'NONE', #3162, 1000.000000000000000 ) ;
#4226 = DIRECTION ( 'NONE',  ( -0.2763173343569956808, 0.000000000000000000, 0.9610664548998910650 ) ) ;
#4227 =( GEOMETRIC_REPRESENTATION_CONTEXT ( 3 ) GLOBAL_UNCERTAINTY_ASSIGNED_CONTEXT ( ( #3405 ) ) GLOBAL_UNIT_ASSIGNED_CONTEXT ( ( #1629, #1231, #4505 ) ) REPRESENTATION_CONTEXT ( 'NONE', 'WORKASPACE' ) );
#4228 = EDGE_CURVE ( 'NONE', #775, #3134, #1224, .T. ) ;
#4229 = FACE_OUTER_BOUND ( 'NONE', #487, .T. ) ;
#4230 =( LENGTH_UNIT ( ) NAMED_UNIT ( * ) SI_UNIT ( .MILLI., .METRE. ) );
#4231 = LINE ( 'NONE', #4167, #145 ) ;
#4232 = AXIS2_PLACEMENT_3D ( 'NONE', #1782, #4637, #2404 ) ;
#4233 = LINE ( 'NONE', #1000, #4396 ) ;
#4234 = EDGE_LOOP ( 'NONE', ( #2506, #254, #393, #2039, #241, #2855, #3219, #1548, #4088, #1963, #4518, #355, #3369, #2313, #963, #2808, #1159 ) ) ;
#4235 = AXIS2_PLACEMENT_3D ( 'NONE', #1217, #4071, #2265 ) ;
#4236 = SURFACE_STYLE_FILL_AREA ( #1322 ) ;
#4237 = FILL_AREA_STYLE ('',( #2492 ) ) ;
#4238 = DIRECTION ( 'NONE',  ( -0.9612934544747527843, 0.000000000000000000, -0.2755265765475200523 ) ) ;
#4239 = FACE_OUTER_BOUND ( 'NONE', #4299, .T. ) ;
#4240 = VECTOR ( 'NONE', #419, 999.9999999999998863 ) ;
#4241 =( LENGTH_UNIT ( ) NAMED_UNIT ( * ) SI_UNIT ( .MILLI., .METRE. ) );
#4242 =( NAMED_UNIT ( * ) SI_UNIT ( $, .STERADIAN. ) SOLID_ANGLE_UNIT ( ) );
#4243 = VERTEX_POINT ( 'NONE', #3098 ) ;
#4244 = PRESENTATION_STYLE_ASSIGNMENT (( #1057 ) ) ;
#4245 =( NAMED_UNIT ( * ) SI_UNIT ( $, .STERADIAN. ) SOLID_ANGLE_UNIT ( ) );
#4246 = CARTESIAN_POINT ( 'NONE',  ( 0.2496708819557134362, 0.01417916422666351366, -0.01543886146844908325 ) ) ;
#4247 = ORIENTED_EDGE ( 'NONE', *, *, #927, .F. ) ;
#4248 = FILL_AREA_STYLE ('',( #1702 ) ) ;
#4249 = FILL_AREA_STYLE_COLOUR ( '', #747 ) ;
#4250 = DIRECTION ( 'NONE',  ( -0.9610992334305189511, 0.000000000000000000, -0.2762033010289141610 ) ) ;
#4251 = ADVANCED_FACE ( 'NONE', ( #3721 ), #4099, .F. ) ;
#4252 = ORIENTED_EDGE ( 'NONE', *, *, #2002, .T. ) ;
#4253 = UNCERTAINTY_MEASURE_WITH_UNIT (LENGTH_MEASURE( 1.000000000000000082E-05 ), #2453, 'distance_accuracy_value', 'NONE');
#4254 = CARTESIAN_POINT ( 'NONE',  ( 0.5149313044255987570, 0.5435600000000000431, -0.2749999999999999667 ) ) ;
#4255 = CARTESIAN_POINT ( 'NONE',  ( 0.4468958966868980531, 0.5385600000000000387, -0.2749999999999999667 ) ) ;
#4256 = CARTESIAN_POINT ( 'NONE',  ( 1.050000000000000044, 0.000000000000000000, 0.000000000000000000 ) ) ;
#4257 = VERTEX_POINT ( 'NONE', #2620 ) ;
#4258 = CARTESIAN_POINT ( 'NONE',  ( 0.5609454561485863744, 0.5435600000000000431, -0.3334880236930360398 ) ) ;
#4259 = ORIENTED_EDGE ( 'NONE', *, *, #4059, .F. ) ;
#4260 = PRESENTATION_STYLE_ASSIGNMENT (( #352 ) ) ;
#4261 = CARTESIAN_POINT ( 'NONE',  ( 0.2499991409124533992, 0.01158019695108344904, -0.5289055114269295421 ) ) ;
#4262 = SURFACE_SIDE_STYLE ('',( #4617 ) ) ;
#4263 = EDGE_CURVE ( 'NONE', #384, #2079, #2285, .T. ) ;
#4264 = ORIENTED_EDGE ( 'NONE', *, *, #3796, .T. ) ;
#4265 = ORIENTED_EDGE ( 'NONE', *, *, #1481, .F. ) ;
#4266 = LINE ( 'NONE', #2083, #2916 ) ;
#4267 = DIRECTION ( 'NONE',  ( 0.000000000000000000, 0.000000000000000000, 1.000000000000000000 ) ) ;
#4268 = PRESENTATION_STYLE_ASSIGNMENT (( #2822 ) ) ;
#4269 = VERTEX_POINT ( 'NONE', #3382 ) ;
#4270 = EDGE_CURVE ( 'NONE', #3224, #24, #2694, .T. ) ;
#4271 = DIRECTION ( 'NONE',  ( 1.000000000000000000, 0.000000000000000000, 0.000000000000000000 ) ) ;
#4272 = DIRECTION ( 'NONE',  ( -0.2762517575166416051, 0.000000000000000000, 0.9610853065513833560 ) ) ;
#4273 = VERTEX_POINT ( 'NONE', #4495 ) ;
#4274 = SURFACE_STYLE_USAGE ( .BOTH. , #3541 ) ;
#4275 = VECTOR ( 'NONE', #2055, 1000.000000000000000 ) ;
#4276 = ORIENTED_EDGE ( 'NONE', *, *, #3318, .F. ) ;
#4277 = VECTOR ( 'NONE', #2632, 1000.000000000000000 ) ;
#4278 = FACE_OUTER_BOUND ( 'NONE', #3996, .T. ) ;
#4279 = EDGE_CURVE ( 'NONE', #3343, #1205, #3039, .T. ) ;
#4280 = CARTESIAN_POINT ( 'NONE',  ( 0.4468958966868980531, 0.5435600000000000431, -0.2749999999999999667 ) ) ;
#4281 = DIRECTION ( 'NONE',  ( 1.000000000000000000, 0.000000000000000000, -2.459231407381525783E-15 ) ) ;
#4282 = SURFACE_STYLE_FILL_AREA ( #666 ) ;
#4283 = CARTESIAN_POINT ( 'NONE',  ( 0.8000406633463224004, 0.01249022334348529918, -0.5320737292624470038 ) ) ;
#4284 = EDGE_CURVE ( 'NONE', #1837, #131, #1597, .T. ) ;
#4285 = FACE_OUTER_BOUND ( 'NONE', #4208, .T. ) ;
#4286 = PRESENTATION_LAYER_ASSIGNMENT (  '', '', ( #585 ) ) ;
#4287 = LINE ( 'NONE', #1741, #153 ) ;
#4288 = CARTESIAN_POINT ( 'NONE',  ( 0.3690699447935828492, 0.5435600000000000431, -0.2749999999999999667 ) ) ;
#4289 = VECTOR ( 'NONE', #2705, 1000.000000000000000 ) ;
#4290 =( GEOMETRIC_REPRESENTATION_CONTEXT ( 3 ) GLOBAL_UNCERTAINTY_ASSIGNED_CONTEXT ( ( #3780 ) ) GLOBAL_UNIT_ASSIGNED_CONTEXT ( ( #475, #4160, #3713 ) ) REPRESENTATION_CONTEXT ( 'NONE', 'WORKASPACE' ) );
#4291 = EDGE_LOOP ( 'NONE', ( #4489, #2850, #538 ) ) ;
#4293 = EDGE_CURVE ( 'NONE', #2635, #629, #1436, .T. ) ;
#4292 =( NAMED_UNIT ( * ) SI_UNIT ( $, .STERADIAN. ) SOLID_ANGLE_UNIT ( ) );
#4294 = SURFACE_SIDE_STYLE ('',( #4572 ) ) ;
#4295 = ORIENTED_EDGE ( 'NONE', *, *, #2253, .T. ) ;
#4296 = VECTOR ( 'NONE', #4528, 1000.000000000000000 ) ;
#4297 = PRESENTATION_STYLE_ASSIGNMENT (( #2901 ) ) ;
#4298 = CIRCLE ( 'NONE', #4595, 0.01144000000000001266 ) ;
#4299 = EDGE_LOOP ( 'NONE', ( #2911, #842, #1295 ) ) ;
#4300 = AXIS2_PLACEMENT_3D ( 'NONE', #2888, #3967, #3268 ) ;
#4301 = CARTESIAN_POINT ( 'NONE',  ( 0.6198314980147041631, 0.5385600000000000387, -0.2750000000000000222 ) ) ;
#4302 = PLANE ( 'NONE',  #3153 ) ;
#4303 = CIRCLE ( 'NONE', #1509, 0.01144000000000004041 ) ;
#4304 =( NAMED_UNIT ( * ) PLANE_ANGLE_UNIT ( ) SI_UNIT ( $, .RADIAN. ) );
#4305 = ORIENTED_EDGE ( 'NONE', *, *, #1799, .F. ) ;
#4306 = UNCERTAINTY_MEASURE_WITH_UNIT (LENGTH_MEASURE( 1.000000000000000082E-05 ), #1460, 'distance_accuracy_value', 'NONE');
#4307 = CARTESIAN_POINT ( 'NONE',  ( 0.7999944619549805847, 0.01165709674265209481, -0.5296753631455541900 ) ) ;
#4308 = VECTOR ( 'NONE', #722, 1000.000000000000000 ) ;
#4309 = DIRECTION ( 'NONE',  ( -0.9999960426590096541, 0.000000000000000000, -0.002813301676023788854 ) ) ;
#4310 = DIRECTION ( 'NONE',  ( 0.2729786930695100589, 0.000000000000000000, -0.9620200793798755479 ) ) ;
#4311 = FILL_AREA_STYLE ('',( #10 ) ) ;
#4312 = SURFACE_STYLE_USAGE ( .BOTH. , #3194 ) ;
#4313 = ORIENTED_EDGE ( 'NONE', *, *, #2576, .T. ) ;
#4315 = EDGE_CURVE ( 'NONE', #2483, #752, #1282, .T. ) ;
#4314 =( GEOMETRIC_REPRESENTATION_CONTEXT ( 3 ) GLOBAL_UNCERTAINTY_ASSIGNED_CONTEXT ( ( #1705 ) ) GLOBAL_UNIT_ASSIGNED_CONTEXT ( ( #3789, #883, #2288 ) ) REPRESENTATION_CONTEXT ( 'NONE', 'WORKASPACE' ) );
#4316 = ORIENTED_EDGE ( 'NONE', *, *, #95, .F. ) ;
#4317 = FACE_OUTER_BOUND ( 'NONE', #3818, .T. ) ;
#4318 = PRESENTATION_LAYER_ASSIGNMENT (  '', '', ( #16 ) ) ;
#4319 = DIRECTION ( 'NONE',  ( 0.000000000000000000, -1.000000000000000000, 0.000000000000000000 ) ) ;
#4320 = CARTESIAN_POINT ( 'NONE',  ( 0.2497321521107721265, 0.01390101954763209476, -0.01579117005169422550 ) ) ;
#4321 = ORIENTED_EDGE ( 'NONE', *, *, #3518, .F. ) ;
#4322 = ORIENTED_EDGE ( 'NONE', *, *, #796, .F. ) ;
#4323 = LINE ( 'NONE', #1154, #2321 ) ;
#4324 = FILL_AREA_STYLE ('',( #2179 ) ) ;
#4325 = DIRECTION ( 'NONE',  ( 0.000000000000000000, 0.000000000000000000, -1.000000000000000000 ) ) ;
#4326 = ORIENTED_EDGE ( 'NONE', *, *, #1658, .T. ) ;
#4327 = CARTESIAN_POINT ( 'NONE',  ( 0.4393219096453854222, 0.5435600000000000431, -0.3334904399182307966 ) ) ;
#4328 = CARTESIAN_POINT ( 'NONE',  ( 0.5236253216929230847, 0.5385600000000000387, -0.2749999999999999667 ) ) ;
#4329 = SURFACE_STYLE_FILL_AREA ( #3664 ) ;
#4330 = DIRECTION ( 'NONE',  ( -1.000000000000000000, 0.000000000000000000, 0.000000000000000000 ) ) ;
#4331 =( NAMED_UNIT ( * ) SI_UNIT ( $, .STERADIAN. ) SOLID_ANGLE_UNIT ( ) );
#4332 = SURFACE_STYLE_FILL_AREA ( #4311 ) ;
#4333 = ORIENTED_EDGE ( 'NONE', *, *, #4626, .T. ) ;
#4334 = CARTESIAN_POINT ( 'NONE',  ( 0.8114400000000001612, 0.01144000000000000225, -0.5500000000000001554 ) ) ;
#4335 = EDGE_CURVE ( 'NONE', #757, #116, #878, .T. ) ;
#4336 = FILL_AREA_STYLE_COLOUR ( '', #523 ) ;
#4337 = CARTESIAN_POINT ( 'NONE',  ( 0.7999999999999819478, 0.5385600000000010379, -0.5277170024175292795 ) ) ;
#4338 = ORIENTED_EDGE ( 'NONE', *, *, #761, .T. ) ;
#4339 = CARTESIAN_POINT ( 'NONE',  ( 0.7999997171113204519, 0.5283158263398679555, -0.01148701926854490442 ) ) ;
#4340 = PRESENTATION_STYLE_ASSIGNMENT (( #1819 ) ) ;
#4341 = DIRECTION ( 'NONE',  ( 0.2740217765953990026, 0.000000000000000000, -0.9617234872620618047 ) ) ;
#4342 = VERTEX_POINT ( 'NONE', #3760 ) ;
#4343 = PLANE ( 'NONE',  #1592 ) ;
#4344 = ORIENTED_EDGE ( 'NONE', *, *, #1891, .F. ) ;
#4345 = PRESENTATION_STYLE_ASSIGNMENT (( #2976 ) ) ;
#4346 = ADVANCED_FACE ( 'NONE', ( #530 ), #264, .T. ) ;
#4347 = AXIS2_PLACEMENT_3D ( 'NONE', #3800, #547, #2328 ) ;
#4348 = B_SPLINE_CURVE_WITH_KNOTS ( 'NONE', 3,
 ( #2555, #4391, #363, #2602, #2201, #1471, #391, #4339, #73, #411 ),
 .UNSPECIFIED., .F., .F.,
 ( 4, 3, 3, 4 ),
 ( 0.000000000000000000, 3.600817818562816070E-06, 7.182643422685362124E-06, 8.953374655983204267E-06 ),
 .UNSPECIFIED. ) ;
#4349 = DIRECTION ( 'NONE',  ( 1.000000000000000000, 0.000000000000000000, 0.000000000000000000 ) ) ;
#4350 = AXIS2_PLACEMENT_3D ( 'NONE', #606, #4502, #2343 ) ;
#4351 = UNCERTAINTY_MEASURE_WITH_UNIT (LENGTH_MEASURE( 1.000000000000000082E-05 ), #1580, 'distance_accuracy_value', 'NONE');
#4352 = SURFACE_STYLE_USAGE ( .BOTH. , #3665 ) ;
#4353 = DIRECTION ( 'NONE',  ( -1.000000000000000000, 0.000000000000000000, 0.000000000000000000 ) ) ;
#4354 = PRODUCT_RELATED_PRODUCT_CATEGORY ( 'part', '', ( #4592 ) ) ;
#4355 = STYLED_ITEM ( 'NONE', ( #3211 ), #884 ) ;
#4356 = VERTEX_POINT ( 'NONE', #1975 ) ;
#4357 = PLANE ( 'NONE',  #1186 ) ;
#4358 =( NAMED_UNIT ( * ) PLANE_ANGLE_UNIT ( ) SI_UNIT ( $, .RADIAN. ) );
#4359 = VECTOR ( 'NONE', #708, 1000.000000000000114 ) ;
#4360 = ORIENTED_EDGE ( 'NONE', *, *, #3391, .T. ) ;
#4361 = STYLED_ITEM ( 'NONE', ( #568 ), #2497 ) ;
#4363 = CARTESIAN_POINT ( 'NONE',  ( 0.2499999999999998890, 0.02288000000000003920, -0.5385600000000002607 ) ) ;
#4362 = COLOUR_RGB ( '',0.7686274509803920907, 0.7686274509803920907, 0.7686274509803920907 ) ;
#4364 = DIRECTION ( 'NONE',  ( 0.000000000000000000, 1.000000000000000000, 1.971276677246371519E-16 ) ) ;
#4365 = LINE ( 'NONE', #1109, #1729 ) ;
#4366 =( LENGTH_UNIT ( ) NAMED_UNIT ( * ) SI_UNIT ( .MILLI., .METRE. ) );
#4367 = ORIENTED_EDGE ( 'NONE', *, *, #3872, .T. ) ;
#4368 = CARTESIAN_POINT ( 'NONE',  ( 0.8114400000000001612, 0.000000000000000000, 0.000000000000000000 ) ) ;
#4369 = PRESENTATION_LAYER_ASSIGNMENT (  '', '', ( #1732 ) ) ;
#4370 = VECTOR ( 'NONE', #2936, 1000.000000000000114 ) ;
#4371 = ADVANCED_FACE ( 'NONE', ( #3827 ), #1687, .F. ) ;
#4372 = ORIENTED_EDGE ( 'NONE', *, *, #2087, .F. ) ;
#4373 = CARTESIAN_POINT ( 'NONE',  ( 0.000000000000000000, 0.5385600000000000387, -0.01144000000000000052 ) ) ;
#4374 = AXIS2_PLACEMENT_3D ( 'NONE', #4153, #3370, #1226 ) ;
#4375 = LINE ( 'NONE', #2537, #4169 ) ;
#4376 = CIRCLE ( 'NONE', #451, 0.01144000000000000052 ) ;
#4377 = FILL_AREA_STYLE_COLOUR ( '', #2440 ) ;
#4378 = DIRECTION ( 'NONE',  ( -0.2732148821746424594, 0.000000000000000000, 0.9619530280415443668 ) ) ;
#4379 = DIRECTION ( 'NONE',  ( 0.2793947940878429015, 0.000000000000000000, -0.9601763114327556137 ) ) ;
#4380 = CIRCLE ( 'NONE', #165, 0.01144000000000004041 ) ;
#4381 = CARTESIAN_POINT ( 'NONE',  ( 0.8114400000000001612, 0.5385600000000000387, -0.01144000000000000052 ) ) ;
#4382 =( LENGTH_UNIT ( ) NAMED_UNIT ( * ) SI_UNIT ( .MILLI., .METRE. ) );
#4383 = MECHANICAL_DESIGN_GEOMETRIC_PRESENTATION_REPRESENTATION (  '', ( #1355 ), #4530 ) ;
#4384 = ORIENTED_EDGE ( 'NONE', *, *, #1930, .F. ) ;
#4385 = LINE ( 'NONE', #2549, #1873 ) ;
#4386 = ORIENTED_EDGE ( 'NONE', *, *, #806, .T. ) ;
#4387 = CARTESIAN_POINT ( 'NONE',  ( 0.2500055380450197373, 0.5296753631455539679, -0.01165709674265202542 ) ) ;
#4388 = COLOUR_RGB ( '',0.7686274509803920907, 0.7686274509803920907, 0.7686274509803920907 ) ;
#4389 =( LENGTH_UNIT ( ) NAMED_UNIT ( * ) SI_UNIT ( .MILLI., .METRE. ) );
#4390 = ORIENTED_EDGE ( 'NONE', *, *, #294, .F. ) ;
#4391 = CARTESIAN_POINT ( 'NONE',  ( 0.8002476055771922114, 0.5343798165902122754, -0.01396121343666386315 ) ) ;
#4392 = CARTESIAN_POINT ( 'NONE',  ( 0.3447511851896571389, 0.5435600000000000431, -0.3142249984713705868 ) ) ;
#4393 = DIRECTION ( 'NONE',  ( 1.000000000000000000, 0.000000000000000000, 0.000000000000000000 ) ) ;
#4394 = ORIENTED_EDGE ( 'NONE', *, *, #4623, .F. ) ;
#4395 = CARTESIAN_POINT ( 'NONE',  ( 0.5940503760676809630, 0.5435600000000000431, -0.3333948891977780438 ) ) ;
#4396 = VECTOR ( 'NONE', #2421, 1000.000000000000114 ) ;
#4397 = ORIENTED_EDGE ( 'NONE', *, *, #4541, .F. ) ;
#4398 = CYLINDRICAL_SURFACE ( 'NONE', #819, 0.01144000000000004041 ) ;
#4399 = EDGE_CURVE ( 'NONE', #4665, #1966, #949, .T. ) ;
#4400 = DIRECTION ( 'NONE',  ( -1.000000000000000000, -1.971276677246371272E-16, -0.000000000000000000 ) ) ;
#4401 = UNCERTAINTY_MEASURE_WITH_UNIT (LENGTH_MEASURE( 1.000000000000000082E-05 ), #3315, 'distance_accuracy_value', 'NONE');
#4402 = CARTESIAN_POINT ( 'NONE',  ( 0.5481003641384906144, 0.5435600000000000431, -0.2887465636336941643 ) ) ;
#4403 = ADVANCED_FACE ( 'NONE', ( #3522 ), #4584, .T. ) ;
#4404 = FILL_AREA_STYLE_COLOUR ( '', #834 ) ;
#4405 = SURFACE_STYLE_FILL_AREA ( #1462 ) ;
#4406 = VERTEX_POINT ( 'NONE', #595 ) ;
#4407 = EDGE_LOOP ( 'NONE', ( #3022, #1542, #3741, #4100 ) ) ;
#4408 = CARTESIAN_POINT ( 'NONE',  ( 0.4784198030541204627, 0.5385600000000000387, -0.2956311519750140504 ) ) ;
#4409 = EDGE_CURVE ( 'NONE', #1813, #2434, #1758, .T. ) ;
#4410 = CARTESIAN_POINT ( 'NONE',  ( 0.7999997171113204519, 0.01148701926854496340, -0.02168417366013207850 ) ) ;
#4411 = CARTESIAN_POINT ( 'NONE',  ( 0.2385600000000000498, 0.5385600000000000387, -0.01144000000000000052 ) ) ;
#4412 = ORIENTED_EDGE ( 'NONE', *, *, #2619, .F. ) ;
#4413 = LINE ( 'NONE', #1087, #3240 ) ;
#4414 = CARTESIAN_POINT ( 'NONE',  ( 0.8000000000000001554, 0.5385600000000001497, -0.5271200000000001440 ) ) ;
#4415 =( NAMED_UNIT ( * ) PLANE_ANGLE_UNIT ( ) SI_UNIT ( $, .RADIAN. ) );
#4416 = VERTEX_POINT ( 'NONE', #3851 ) ;
#4417 = DIRECTION ( 'NONE',  ( 1.000000000000000000, -2.369322929382650350E-15, 0.000000000000000000 ) ) ;
#4418 = ORIENTED_EDGE ( 'NONE', *, *, #4653, .F. ) ;
#4419 = EDGE_CURVE ( 'NONE', #1810, #4483, #1042, .T. ) ;
#4420 =( NAMED_UNIT ( * ) SI_UNIT ( $, .STERADIAN. ) SOLID_ANGLE_UNIT ( ) );
#4421 = PRESENTATION_STYLE_ASSIGNMENT (( #3716 ) ) ;
#4422 = EDGE_CURVE ( 'NONE', #3259, #782, #1709, .T. ) ;
#4423 =( NAMED_UNIT ( * ) PLANE_ANGLE_UNIT ( ) SI_UNIT ( $, .RADIAN. ) );
#4424 =( LENGTH_UNIT ( ) NAMED_UNIT ( * ) SI_UNIT ( .MILLI., .METRE. ) );
#4425 = DIRECTION ( 'NONE',  ( 0.2763173343569957363, 0.000000000000000000, -0.9610664548998910650 ) ) ;
#4426 =( NAMED_UNIT ( * ) SI_UNIT ( $, .STERADIAN. ) SOLID_ANGLE_UNIT ( ) );
#4427 = FILL_AREA_STYLE ('',( #3363 ) ) ;
#4428 = DIRECTION ( 'NONE',  ( 1.000000000000000000, 0.000000000000000000, 0.000000000000000000 ) ) ;
#4429 = EDGE_CURVE ( 'NONE', #1475, #745, #4233, .T. ) ;
#4430 = EDGE_LOOP ( 'NONE', ( #1530, #2714, #341, #2574, #1447, #103 ) ) ;
#4431 = FACE_OUTER_BOUND ( 'NONE', #2275, .T. ) ;
#4432 = SURFACE_STYLE_USAGE ( .BOTH. , #3454 ) ;
#4433 = VECTOR ( 'NONE', #1516, 1000.000000000000000 ) ;
#4434 = EDGE_CURVE ( 'NONE', #1478, #609, #2269, .T. ) ;
#4435 = VERTEX_POINT ( 'NONE', #2225 ) ;
#4436 = CYLINDRICAL_SURFACE ( 'NONE', #728, 0.01143999999999999878 ) ;
#4437 = FACE_OUTER_BOUND ( 'NONE', #4441, .T. ) ;
#4438 = DIRECTION ( 'NONE',  ( 1.000000000000000000, 0.000000000000000000, 0.000000000000000000 ) ) ;
#4439 = VECTOR ( 'NONE', #1824, 1000.000000000000227 ) ;
#4440 = FACE_OUTER_BOUND ( 'NONE', #2801, .T. ) ;
#4441 = EDGE_LOOP ( 'NONE', ( #2144, #943, #755, #2938 ) ) ;
#4442 = DIRECTION ( 'NONE',  ( 0.000000000000000000, 0.000000000000000000, -1.000000000000000000 ) ) ;
#4443 = VECTOR ( 'NONE', #3008, 1000.000000000000000 ) ;
#4444 = ORIENTED_EDGE ( 'NONE', *, *, #1443, .T. ) ;
#4445 = DIRECTION ( 'NONE',  ( 0.000000000000000000, 0.000000000000000000, -1.000000000000000000 ) ) ;
#4446 = CARTESIAN_POINT ( 'NONE',  ( 0.6365864815699425749, 0.5435600000000000431, -0.3332927487723961746 ) ) ;
#4447 = PRESENTATION_LAYER_ASSIGNMENT (  '', '', ( #1197 ) ) ;
#4448 = VECTOR ( 'NONE', #2876, 1000.000000000000227 ) ;
#4449 = DIRECTION ( 'NONE',  ( -1.000000000000000000, 0.000000000000000000, 0.000000000000000000 ) ) ;
#4450 = AXIS2_PLACEMENT_3D ( 'NONE', #1650, #891, #1583 ) ;
#4451 = AXIS2_PLACEMENT_3D ( 'NONE', #1856, #454, #1908 ) ;
#4452 =( NAMED_UNIT ( * ) PLANE_ANGLE_UNIT ( ) SI_UNIT ( $, .RADIAN. ) );
#4453 = SURFACE_STYLE_USAGE ( .BOTH. , #1907 ) ;
#4454 = PRESENTATION_LAYER_ASSIGNMENT (  '', '', ( #1664 ) ) ;
#4455 = EDGE_LOOP ( 'NONE', ( #583, #1500, #221, #402, #4265, #3886 ) ) ;
#4456 = ORIENTED_EDGE ( 'NONE', *, *, #3379, .F. ) ;
#4457 =( GEOMETRIC_REPRESENTATION_CONTEXT ( 3 ) GLOBAL_UNCERTAINTY_ASSIGNED_CONTEXT ( ( #1617 ) ) GLOBAL_UNIT_ASSIGNED_CONTEXT ( ( #414, #443, #3681 ) ) REPRESENTATION_CONTEXT ( 'NONE', 'WORKASPACE' ) );
#4458 = DIRECTION ( 'NONE',  ( 1.000000000000000000, 0.000000000000000000, 0.000000000000000000 ) ) ;
#4459 = EDGE_CURVE ( 'NONE', #3583, #3345, #388, .T. ) ;
#4460 = LINE ( 'NONE', #136, #3404 ) ;
#4461 =( GEOMETRIC_REPRESENTATION_CONTEXT ( 3 ) GLOBAL_UNCERTAINTY_ASSIGNED_CONTEXT ( ( #3071 ) ) GLOBAL_UNIT_ASSIGNED_CONTEXT ( ( #2172, #387, #795 ) ) REPRESENTATION_CONTEXT ( 'NONE', 'WORKASPACE' ) );
#4462 = ORIENTED_EDGE ( 'NONE', *, *, #1092, .F. ) ;
#4463 = CARTESIAN_POINT ( 'NONE',  ( 0.4468958966868980531, 0.5435600000000000431, -0.2749999999999999667 ) ) ;
#4464 = CARTESIAN_POINT ( 'NONE',  ( 0.5481003641384906144, 0.5435600000000000431, -0.2887465636336941643 ) ) ;
#4465 = VECTOR ( 'NONE', #432, 1000.000000000000000 ) ;
#4466 = SURFACE_STYLE_USAGE ( .BOTH. , #141 ) ;
#4467 = CARTESIAN_POINT ( 'NONE',  ( 0.8000960386105356870, 0.01677908796225491619, -0.01312106662224116552 ) ) ;
#4468 = DIRECTION ( 'NONE',  ( -0.000000000000000000, -1.000000000000000000, -1.971276677246371519E-16 ) ) ;
#4469 = ORIENTED_EDGE ( 'NONE', *, *, #1614, .T. ) ;
#4470 = CARTESIAN_POINT ( 'NONE',  ( 0.5880374900474846234, 0.5435600000000000431, -0.3200511761872956162 ) ) ;
#4471 = COLOUR_RGB ( '',0.7686274509803920907, 0.7686274509803920907, 0.7686274509803920907 ) ;
#4472 = EDGE_CURVE ( 'NONE', #1205, #1305, #3640, .T. ) ;
#4473 = DIRECTION ( 'NONE',  ( 0.000000000000000000, -1.000000000000000000, 0.000000000000000000 ) ) ;
#4474 = AXIS2_PLACEMENT_3D ( 'NONE', #398, #734, #3284 ) ;
#4475 = FACE_OUTER_BOUND ( 'NONE', #1654, .T. ) ;
#4476 =( NAMED_UNIT ( * ) SI_UNIT ( $, .STERADIAN. ) SOLID_ANGLE_UNIT ( ) );
#4477 = CARTESIAN_POINT ( 'NONE',  ( 0.2499316151976899436, 0.5323177733764917763, -0.5373110132924374671 ) ) ;
#4478 = ORIENTED_EDGE ( 'NONE', *, *, #2110, .F. ) ;
#4479 = VERTEX_POINT ( 'NONE', #2490 ) ;
#4480 = CARTESIAN_POINT ( 'NONE',  ( 0.5570355646033953168, 0.5435600000000000431, -0.3200511761872956162 ) ) ;
#4481 =( NAMED_UNIT ( * ) SI_UNIT ( $, .STERADIAN. ) SOLID_ANGLE_UNIT ( ) );
#4482 =( LENGTH_UNIT ( ) NAMED_UNIT ( * ) SI_UNIT ( .MILLI., .METRE. ) );
#4483 = VERTEX_POINT ( 'NONE', #4328 ) ;
#4484 = EDGE_CURVE ( 'NONE', #2195, #3048, #3107, .T. ) ;
#4485 = CARTESIAN_POINT ( 'NONE',  ( 0.7999944619549805847, 0.5296753631455540789, -0.5383429032573480155 ) ) ;
#4486 = DIRECTION ( 'NONE',  ( 0.000000000000000000, 0.000000000000000000, -1.000000000000000000 ) ) ;
#4487 = DIRECTION ( 'NONE',  ( 0.000000000000000000, 0.000000000000000000, 1.000000000000000000 ) ) ;
#4488 = DIRECTION ( 'NONE',  ( -1.000000000000000000, 0.000000000000000000, 0.000000000000000000 ) ) ;
#4489 = ORIENTED_EDGE ( 'NONE', *, *, #2157, .T. ) ;
#4490 = DIRECTION ( 'NONE',  ( -1.000000000000000000, 0.000000000000000000, 0.000000000000000000 ) ) ;
#4491 = CARTESIAN_POINT ( 'NONE',  ( 0.4504330306523232075, 0.5435600000000000431, -0.3472411770317159752 ) ) ;
#4492 = UNCERTAINTY_MEASURE_WITH_UNIT (LENGTH_MEASURE( 1.000000000000000082E-05 ), #1680, 'distance_accuracy_value', 'NONE');
#4493 = ADVANCED_FACE ( 'NONE', ( #1852 ), #3663, .T. ) ;
#4494 = LINE ( 'NONE', #3759, #2844 ) ;
#4495 = CARTESIAN_POINT ( 'NONE',  ( 1.050000000000000044, 0.5385600000000000387, -0.01144000000000000052 ) ) ;
#4496 = ORIENTED_EDGE ( 'NONE', *, *, #3131, .T. ) ;
#4497 = FILL_AREA_STYLE_COLOUR ( '', #1327 ) ;
#4498 = CIRCLE ( 'NONE', #3368, 0.01144000000000004041 ) ;
#4499 = SURFACE_STYLE_FILL_AREA ( #3080 ) ;
#4500 = AXIS2_PLACEMENT_3D ( 'NONE', #1607, #3128, #4568 ) ;
#4501 = ORIENTED_EDGE ( 'NONE', *, *, #2538, .T. ) ;
#4502 = DIRECTION ( 'NONE',  ( 0.000000000000000000, -1.000000000000000000, -0.000000000000000000 ) ) ;
#4503 = PLANE ( 'NONE',  #525 ) ;
#4504 = CARTESIAN_POINT ( 'NONE',  ( 0.8003291180442893005, 0.01543886146844873457, -0.01417916422666369407 ) ) ;
#4505 =( NAMED_UNIT ( * ) SI_UNIT ( $, .STERADIAN. ) SOLID_ANGLE_UNIT ( ) );
#4506 = ORIENTED_EDGE ( 'NONE', *, *, #3379, .T. ) ;
#4507 = AXIS2_PLACEMENT_3D ( 'NONE', #2229, #2934, #55 ) ;
#4508 = FACE_OUTER_BOUND ( 'NONE', #1999, .T. ) ;
#4509 = CARTESIAN_POINT ( 'NONE',  ( 0.2494983006540904547, 0.5352093015767742656, -0.01479069842322589153 ) ) ;
#4510 = ADVANCED_FACE ( 'NONE', ( #3238 ), #2511, .F. ) ;
#4511 = VECTOR ( 'NONE', #2464, 1000.000000000000000 ) ;
#4512 = STYLED_ITEM ( 'NONE', ( #4014 ), #2637 ) ;
#4513 = FILL_AREA_STYLE ('',( #861 ) ) ;
#4514 = VECTOR ( 'NONE', #3657, 1000.000000000000227 ) ;
#4515 = CARTESIAN_POINT ( 'NONE',  ( 0.4335049575161018520, 0.5435600000000000431, -0.3200535924125289533 ) ) ;
#4516 = CARTESIAN_POINT ( 'NONE',  ( 0.2499999999999998890, 0.5271199999999999219, -0.5385600000000002607 ) ) ;
#4517 = VECTOR ( 'NONE', #1633, 1000.000000000000000 ) ;
#4518 = ORIENTED_EDGE ( 'NONE', *, *, #2149, .F. ) ;
#4519 = DIRECTION ( 'NONE',  ( 0.000000000000000000, -1.971276677246371519E-16, 1.000000000000000000 ) ) ;
#4520 = VECTOR ( 'NONE', #3329, 1000.000000000000000 ) ;
#4521 = VECTOR ( 'NONE', #2212, 1000.000000000000227 ) ;
#4522 = LINE ( 'NONE', #1287, #2099 ) ;
#4523 = FACE_OUTER_BOUND ( 'NONE', #3745, .T. ) ;
#4524 =( GEOMETRIC_REPRESENTATION_CONTEXT ( 3 ) GLOBAL_UNCERTAINTY_ASSIGNED_CONTEXT ( ( #1037 ) ) GLOBAL_UNIT_ASSIGNED_CONTEXT ( ( #4661, #1101, #1148 ) ) REPRESENTATION_CONTEXT ( 'NONE', 'WORKASPACE' ) );
#4525 = ORIENTED_EDGE ( 'NONE', *, *, #2418, .F. ) ;
#4526 = FILL_AREA_STYLE_COLOUR ( '', #2913 ) ;
#4527 = CARTESIAN_POINT ( 'NONE',  ( 0.8005016993459097563, 0.5352093015767742656, -0.5352093015767742656 ) ) ;
#4528 = DIRECTION ( 'NONE',  ( 0.000000000000000000, -1.000000000000000000, 0.000000000000000000 ) ) ;
#4529 = ORIENTED_EDGE ( 'NONE', *, *, #879, .F. ) ;
#4530 =( GEOMETRIC_REPRESENTATION_CONTEXT ( 3 ) GLOBAL_UNCERTAINTY_ASSIGNED_CONTEXT ( ( #3496 ) ) GLOBAL_UNIT_ASSIGNED_CONTEXT ( ( #3882, #3904, #1787 ) ) REPRESENTATION_CONTEXT ( 'NONE', 'WORKASPACE' ) );
#4531 = PLANE ( 'NONE',  #1801 ) ;
#4532 = LINE ( 'NONE', #1541, #1745 ) ;
#4533 = AXIS2_PLACEMENT_3D ( 'NONE', #3743, #3104, #4543 ) ;
#4534 = PRODUCT_DEFINITION_CONTEXT ( 'detailed design', #1616, 'design' ) ;
#4535 = DIRECTION ( 'NONE',  ( -0.2762033010252066823, 0.000000000000000000, 0.9610992334315843211 ) ) ;
#4536 = EDGE_CURVE ( 'NONE', #3575, #2663, #2158, .T. ) ;
#4537 = CARTESIAN_POINT ( 'NONE',  ( 0.2499999999999997780, 0.5271199999999999219, -0.5271200000000001440 ) ) ;
#4538 = LINE ( 'NONE', #2741, #354 ) ;
#4539 = AXIS2_PLACEMENT_3D ( 'NONE', #784, #2187, #3589 ) ;
#4540 = ORIENTED_EDGE ( 'NONE', *, *, #2110, .T. ) ;
#4541 = EDGE_CURVE ( 'NONE', #2370, #1223, #1142, .T. ) ;
#4542 = SURFACE_SIDE_STYLE ('',( #4636 ) ) ;
#4543 = DIRECTION ( 'NONE',  ( 0.000000000000000000, -0.000000000000000000, 1.000000000000000000 ) ) ;
#4544 = CARTESIAN_POINT ( 'NONE',  ( 0.8005016993459097563, 0.01479069842322575101, -0.01479069842322579091 ) ) ;
#4545 = ORIENTED_EDGE ( 'NONE', *, *, #2056, .F. ) ;
#4547 = EDGE_CURVE ( 'NONE', #2088, #1080, #4375, .T. ) ;
#4546 = DIRECTION ( 'NONE',  ( -1.000000000000000000, 0.000000000000000000, 0.000000000000000000 ) ) ;
#4548 = CARTESIAN_POINT ( 'NONE',  ( 0.5880374900474846234, 0.5435600000000000431, -0.3200511761872956162 ) ) ;
#4549 = ORIENTED_EDGE ( 'NONE', *, *, #2335, .T. ) ;
#4550 = EDGE_LOOP ( 'NONE', ( #3927, #2732, #2608 ) ) ;
#4551 = LINE ( 'NONE', #2755, #4668 ) ;
#4552 =( NAMED_UNIT ( * ) PLANE_ANGLE_UNIT ( ) SI_UNIT ( $, .RADIAN. ) );
#4553 = SURFACE_STYLE_FILL_AREA ( #4427 ) ;
#4554 = LINE ( 'NONE', #1316, #2759 ) ;
#4555 = DIRECTION ( 'NONE',  ( 2.369322929382658239E-15, 0.000000000000000000, 1.000000000000000000 ) ) ;
#4556 = CARTESIAN_POINT ( 'NONE',  ( 1.050000000000000044, 0.01144000000000000052, 0.000000000000000000 ) ) ;
#4557 = PRESENTATION_STYLE_ASSIGNMENT (( #2439 ) ) ;
#4558 = ADVANCED_FACE ( 'NONE', ( #30 ), #1116, .F. ) ;
#4559 = CARTESIAN_POINT ( 'NONE',  ( 0.5821063163675104235, 0.5385600000000000387, -0.2887465636336941643 ) ) ;
#4560 = SURFACE_STYLE_FILL_AREA ( #4237 ) ;
#4561 = DIRECTION ( 'NONE',  ( 4.738645858765300700E-15, -1.000000000000000000, -1.480826830864156469E-16 ) ) ;
#4562 = LINE ( 'NONE', #2817, #2785 ) ;
#4563 = SURFACE_STYLE_FILL_AREA ( #2058 ) ;
#4564 = ORIENTED_EDGE ( 'NONE', *, *, #2023, .T. ) ;
#4565 = PRESENTATION_STYLE_ASSIGNMENT (( #2359 ) ) ;
#4566 = EDGE_CURVE ( 'NONE', #4192, #2663, #1874, .T. ) ;
#4567 = ORIENTED_EDGE ( 'NONE', *, *, #903, .T. ) ;
#4568 = DIRECTION ( 'NONE',  ( -1.000000000000000000, 0.000000000000000000, 2.459231407381525783E-15 ) ) ;
#4569 = AXIS2_PLACEMENT_3D ( 'NONE', #691, #2034, #2859 ) ;
#4570 = LINE ( 'NONE', #713, #2710 ) ;
#4571 = DIRECTION ( 'NONE',  ( -0.6995643972270444433, 0.000000000000000000, -0.7145695586381790587 ) ) ;
#4572 = SURFACE_STYLE_FILL_AREA ( #3601 ) ;
#4573 = EDGE_CURVE ( 'NONE', #2836, #405, #1620, .T. ) ;
#4574 =( GEOMETRIC_REPRESENTATION_CONTEXT ( 3 ) GLOBAL_UNCERTAINTY_ASSIGNED_CONTEXT ( ( #3209 ) ) GLOBAL_UNIT_ASSIGNED_CONTEXT ( ( #2052, #390, #3497 ) ) REPRESENTATION_CONTEXT ( 'NONE', 'WORKASPACE' ) );
#4575 = ORIENTED_EDGE ( 'NONE', *, *, #4632, .F. ) ;
#4576 = SPHERICAL_SURFACE ( 'NONE', #1575, 0.01144000000000000052 ) ;
#4577 = VECTOR ( 'NONE', #3366, 1000.000000000000000 ) ;
#4578 = SURFACE_STYLE_USAGE ( .BOTH. , #3934 ) ;
#4579 = LINE ( 'NONE', #1683, #368 ) ;
#4580 = UNCERTAINTY_MEASURE_WITH_UNIT (LENGTH_MEASURE( 1.000000000000000082E-05 ), #2193, 'distance_accuracy_value', 'NONE');
#4581 = LINE ( 'NONE', #2435, #2599 ) ;
#4582 = DIRECTION ( 'NONE',  ( 0.2759782365590801034, 0.000000000000000000, -0.9611638845408936316 ) ) ;
#4583 = DIRECTION ( 'NONE',  ( 0.2793947940814949238, 0.000000000000000000, -0.9601763114346025807 ) ) ;
#4584 = CYLINDRICAL_SURFACE ( 'NONE', #3179, 0.01143999999999998490 ) ;
#4585 = MECHANICAL_DESIGN_GEOMETRIC_PRESENTATION_REPRESENTATION (  '', ( #1954 ), #2701 ) ;
#4586 = FACE_OUTER_BOUND ( 'NONE', #2198, .T. ) ;
#4587 = CARTESIAN_POINT ( 'NONE',  ( 0.4653624462489371894, 0.5435600000000000431, -0.3393144210660131721 ) ) ;
#4588 = STYLED_ITEM ( 'NONE', ( #2899 ), #2872 ) ;
#4589 = DIRECTION ( 'NONE',  ( 0.3725077383644723183, 0.000000000000000000, 0.9280290862136734154 ) ) ;
#4590 = MECHANICAL_DESIGN_GEOMETRIC_PRESENTATION_REPRESENTATION (  '', ( #3689 ), #2030 ) ;
#4591 = ORIENTED_EDGE ( 'NONE', *, *, #1333, .T. ) ;
#4592 = PRODUCT ( 'CCS_CCSTDNOSYAGEO_0402_L1.05W0.55T0.55B0.35', 'CCS_CCSTDNOSYAGEO_0402_L1.05W0.55T0.55B0.35', '', ( #2406 ) ) ;
#4593 = VERTEX_POINT ( 'NONE', #4096 ) ;
#4594 = AXIS2_PLACEMENT_3D ( 'NONE', #816, #748, #2894 ) ;
#4596 =( NAMED_UNIT ( * ) SI_UNIT ( $, .STERADIAN. ) SOLID_ANGLE_UNIT ( ) );
#4595 = AXIS2_PLACEMENT_3D ( 'NONE', #1779, #3212, #4194 ) ;
#4597 = ADVANCED_FACE ( 'NONE', ( #2978 ), #4109, .T. ) ;
#4598 = CARTESIAN_POINT ( 'NONE',  ( 1.050000000000000044, 0.5385600000000000387, -0.01144000000000000052 ) ) ;
#4599 = SURFACE_STYLE_FILL_AREA ( #3535 ) ;
#4600 = CIRCLE ( 'NONE', #1506, 0.01144000000000000052 ) ;
#4601 = ORIENTED_EDGE ( 'NONE', *, *, #1333, .F. ) ;
#4602 = AXIS2_PLACEMENT_3D ( 'NONE', #2129, #4250, #1035 ) ;
#4603 = SPHERICAL_SURFACE ( 'NONE', #1578, 0.01144000000000000052 ) ;
#4604 = ORIENTED_EDGE ( 'NONE', *, *, #1799, .T. ) ;
#4605 = AXIS2_PLACEMENT_3D ( 'NONE', #2733, #1611, #3063 ) ;
#4606 = VERTEX_POINT ( 'NONE', #857 ) ;
#4607 = CARTESIAN_POINT ( 'NONE',  ( 0.2914999999999999813, 0.5435600000000000431, -0.2750000000000000222 ) ) ;
#4608 = DIRECTION ( 'NONE',  ( 1.000000000000000000, -0.000000000000000000, -0.000000000000000000 ) ) ;
#4609 = EDGE_CURVE ( 'NONE', #331, #1737, #4064, .T. ) ;
#4610 = DIRECTION ( 'NONE',  ( 0.3829140317376895086, 0.000000000000000000, 0.9237839814038711905 ) ) ;
#4611 = AXIS2_PLACEMENT_3D ( 'NONE', #3506, #3216, #2037 ) ;
#4612 = CARTESIAN_POINT ( 'NONE',  ( 0.5880374900474846234, 0.5435600000000000431, -0.3200511761872956162 ) ) ;
#4613 = CARTESIAN_POINT ( 'NONE',  ( 0.8001684713375860625, 0.5362971191700607321, -0.5362971191700607321 ) ) ;
#4614 = DIRECTION ( 'NONE',  ( 0.000000000000000000, 0.000000000000000000, 1.000000000000000000 ) ) ;
#4615 = CARTESIAN_POINT ( 'NONE',  ( 0.2497523944228103865, 0.01396121343666409560, -0.5343798165902123865 ) ) ;
#4616 = STYLED_ITEM ( 'NONE', ( #3988 ), #4493 ) ;
#4617 = SURFACE_STYLE_FILL_AREA ( #2080 ) ;
#4618 = ORIENTED_EDGE ( 'NONE', *, *, #2619, .T. ) ;
#4619 = FILL_AREA_STYLE_COLOUR ( '', #3890 ) ;
#4620 = FACE_OUTER_BOUND ( 'NONE', #1362, .T. ) ;
#4621 = FACE_OUTER_BOUND ( 'NONE', #3463, .T. ) ;
#4622 = B_SPLINE_CURVE_WITH_KNOTS ( 'NONE', 3,
 ( #2803, #2478, #3903, #2774, #653, #1749, #3180, #3577, #680, #2043 ),
 .UNSPECIFIED., .F., .F.,
 ( 4, 3, 3, 4 ),
 ( 0.000000000000000000, 3.600817818562810140E-06, 7.182643422685380759E-06, 8.953374655983143280E-06 ),
 .UNSPECIFIED. ) ;
#4623 = EDGE_CURVE ( 'NONE', #3197, #2525, #1236, .T. ) ;
#4624 = EDGE_LOOP ( 'NONE', ( #1396, #2122, #121 ) ) ;
#4625 = LINE ( 'NONE', #2779, #146 ) ;
#4626 = EDGE_CURVE ( 'NONE', #4273, #3345, #522, .T. ) ;
#4627 = VERTEX_POINT ( 'NONE', #4491 ) ;
#4628 = UNCERTAINTY_MEASURE_WITH_UNIT (LENGTH_MEASURE( 1.000000000000000082E-05 ), #4241, 'distance_accuracy_value', 'NONE');
#4629 = UNCERTAINTY_MEASURE_WITH_UNIT (LENGTH_MEASURE( 1.000000000000000082E-05 ), #2521, 'distance_accuracy_value', 'NONE');
#4630 = CARTESIAN_POINT ( 'NONE',  ( 0.3120420868753917554, 0.5385600000000000387, -0.2749999999999999667 ) ) ;
#4631 = DIRECTION ( 'NONE',  ( 0.000000000000000000, 0.000000000000000000, 1.000000000000000000 ) ) ;
#4632 = EDGE_CURVE ( 'NONE', #951, #2059, #2688, .T. ) ;
#4633 =( NAMED_UNIT ( * ) PLANE_ANGLE_UNIT ( ) SI_UNIT ( $, .RADIAN. ) );
#4634 = FILL_AREA_STYLE ('',( #1759 ) ) ;
#4635 = SURFACE_STYLE_USAGE ( .BOTH. , #2444 ) ;
#4636 = SURFACE_STYLE_FILL_AREA ( #2446 ) ;
#4637 = DIRECTION ( 'NONE',  ( 0.000000000000000000, 0.000000000000000000, -1.000000000000000000 ) ) ;
#4638 = ORIENTED_EDGE ( 'NONE', *, *, #3529, .T. ) ;
#4639 = ORIENTED_EDGE ( 'NONE', *, *, #2918, .T. ) ;
#4640 = DIRECTION ( 'NONE',  ( -0.2740217765953990581, 0.000000000000000000, 0.9617234872620619157 ) ) ;
#4641 = ORIENTED_EDGE ( 'NONE', *, *, #29, .T. ) ;
#4642 = FILL_AREA_STYLE ('',( #699 ) ) ;
#4643 = EDGE_CURVE ( 'NONE', #3711, #3233, #621, .T. ) ;
#4644 = FILL_AREA_STYLE_COLOUR ( '', #3401 ) ;
#4645 = EDGE_LOOP ( 'NONE', ( #892, #803, #3768, #2972 ) ) ;
#4646 = CARTESIAN_POINT ( 'NONE',  ( 0.5532253972582884538, 0.5435600000000000431, -0.3066986769036468830 ) ) ;
#4647 = CARTESIAN_POINT ( 'NONE',  ( 0.4504330306523232075, 0.5435600000000000431, -0.3472411770317159752 ) ) ;
#4648 = DIRECTION ( 'NONE',  ( 0.000000000000000000, 1.000000000000000000, 1.480826830864156469E-16 ) ) ;
#4649 = ORIENTED_EDGE ( 'NONE', *, *, #2278, .F. ) ;
#4650 = COLOUR_RGB ( '',0.7686274509803920907, 0.7686274509803920907, 0.7686274509803920907 ) ;
#4651 = DIRECTION ( 'NONE',  ( -3.405901710987575434E-15, -0.000000000000000000, -1.000000000000000000 ) ) ;
#4652 = CARTESIAN_POINT ( 'NONE',  ( 1.038560000000000150, 0.01144000000000000052, -0.01144000000000000052 ) ) ;
#4653 = EDGE_CURVE ( 'NONE', #4406, #2529, #1990, .T. ) ;
#4654 = ORIENTED_EDGE ( 'NONE', *, *, #2598, .T. ) ;
#4655 = AXIS2_PLACEMENT_3D ( 'NONE', #697, #2124, #356 ) ;
#4656 = CARTESIAN_POINT ( 'NONE',  ( 0.6563654491645175559, 0.5385600000000000387, -0.3332911785503940849 ) ) ;
#4657 = FILL_AREA_STYLE_COLOUR ( '', #1189 ) ;
#4658 = VECTOR ( 'NONE', #3243, 1000.000000000000000 ) ;
#4659 = LINE ( 'NONE', #2408, #1129 ) ;
#4660 = FILL_AREA_STYLE_COLOUR ( '', #1274 ) ;
#4661 =( LENGTH_UNIT ( ) NAMED_UNIT ( * ) SI_UNIT ( .MILLI., .METRE. ) );
#4662 = VERTEX_POINT ( 'NONE', #107 ) ;
#4663 = AXIS2_PLACEMENT_3D ( 'NONE', #1902, #3004, #418 ) ;
#4664 = PRESENTATION_LAYER_ASSIGNMENT (  '', '', ( #3226 ) ) ;
#4665 = VERTEX_POINT ( 'NONE', #2380 ) ;
#4666 = ORIENTED_EDGE ( 'NONE', *, *, #3234, .T. ) ;
#4667 = MECHANICAL_DESIGN_GEOMETRIC_PRESENTATION_REPRESENTATION (  '', ( #1197 ), #828 ) ;
#4668 = VECTOR ( 'NONE', #3953, 1000.000000000000000 ) ;
#4669 = CARTESIAN_POINT ( 'NONE',  ( 1.050000000000000044, 0.5385600000000000387, -0.01144000000000000052 ) ) ;
#4670 = AXIS2_PLACEMENT_3D ( 'NONE', #4669, #1010, #2386 ) ;
#4671 = STYLED_ITEM ( 'NONE', ( #1806 ), #1748 ) ;
#4672 = ORIENTED_EDGE ( 'NONE', *, *, #4409, .T. ) ;
#4673 = CARTESIAN_POINT ( 'NONE',  ( 0.5782056504091224181, 0.5435600000000000431, -0.2749999999999999667 ) ) ;
#4674 = DIRECTION ( 'NONE',  ( -0.000000000000000000, -0.000000000000000000, 1.000000000000000000 ) ) ;
#4675 = FILL_AREA_STYLE_COLOUR ( '', #1284 ) ;
#4676 = AXIS2_PLACEMENT_3D ( 'NONE', #1517, #1595, #87 ) ;
#4677 = VERTEX_POINT ( 'NONE', #4544 ) ;
#4678 = VECTOR ( 'NONE', #2148, 1000.000000000000000 ) ;
ENDSEC;
END-ISO-10303-21;
