ISO-10303-21;
HEADER;
FILE_DESCRIPTION (( 'STEP AP214' ),
    '1' );
FILE_NAME ('RS_SMDCHIP_0402_L1.1W0.55T0.35B10.3B20.35.STEP',
    '2024-01-29T20:04:56',
    ( '' ),
    ( '' ),
    'SwSTEP 2.0',
    'SolidWorks 2021',
    '' );
FILE_SCHEMA (( 'AUTOMOTIVE_DESIGN' ));
ENDSEC;

DATA;
#1 = ORIENTED_EDGE ( 'NONE', *, *, #3038, .F. ) ;
#2 = CARTESIAN_POINT ( 'NONE',  ( 0.5992464858753268064, 0.3401999999999999469, -0.2529653581143512242 ) ) ;
#3 = DIRECTION ( 'NONE',  ( 0.000000000000000000, 1.000000000000000000, 0.000000000000000000 ) ) ;
#4 = SURFACE_SIDE_STYLE ('',( #1065 ) ) ;
#5 = DIRECTION ( 'NONE',  ( -0.000000000000000000, -1.000000000000000000, -0.000000000000000000 ) ) ;
#6 = DIRECTION ( 'NONE',  ( 0.000000000000000000, 0.000000000000000000, -1.000000000000000000 ) ) ;
#7 = EDGE_LOOP ( 'NONE', ( #704, #1058, #432, #1925 ) ) ;
#8 = LINE ( 'NONE', #236, #721 ) ;
#9 = CARTESIAN_POINT ( 'NONE',  ( 0.5288688954469592529, 0.3401999999999999469, -0.3217798548428519867 ) ) ;
#10 = ORIENTED_EDGE ( 'NONE', *, *, #1417, .T. ) ;
#11 = SURFACE_STYLE_FILL_AREA ( #3458 ) ;
#12 = ADVANCED_FACE ( 'NONE', ( #1450 ), #3065, .T. ) ;
#13 = DIRECTION ( 'NONE',  ( -1.000000000000000000, -0.000000000000000000, -0.000000000000000000 ) ) ;
#14 = CARTESIAN_POINT ( 'NONE',  ( 0.5256956820394330654, 0.3401999999999999469, -0.2648328402104253021 ) ) ;
#15 = CARTESIAN_POINT ( 'NONE',  ( -0.006351718067572125967, 0.3402999999999998249, -0.02084885575752082332 ) ) ;
#16 = EDGE_CURVE ( 'NONE', #3102, #149, #2519, .T. ) ;
#17 = ORIENTED_EDGE ( 'NONE', *, *, #939, .F. ) ;
#18 =( LENGTH_UNIT ( ) NAMED_UNIT ( * ) SI_UNIT ( .MILLI., .METRE. ) );
#19 = ORIENTED_EDGE ( 'NONE', *, *, #747, .T. ) ;
#20 = PLANE ( 'NONE',  #845 ) ;
#21 = CARTESIAN_POINT ( 'NONE',  ( 1.071612903225806601, 0.3206000000000000516, -0.5500000000000000444 ) ) ;
#22 = ORIENTED_EDGE ( 'NONE', *, *, #3492, .F. ) ;
#23 = CARTESIAN_POINT ( 'NONE',  ( 0.3999802879656550458, 0.3402999999999999359, -0.3217798548428519867 ) ) ;
#24 = SURFACE_STYLE_FILL_AREA ( #2691 ) ;
#25 = UNCERTAINTY_MEASURE_WITH_UNIT (LENGTH_MEASURE( 1.000000000000000082E-05 ), #498, 'distance_accuracy_value', 'NONE');
#26 = EDGE_LOOP ( 'NONE', ( #3108, #803, #1419, #2808 ) ) ;
#27 = LINE ( 'NONE', #826, #1782 ) ;
#28 = LINE ( 'NONE', #2383, #2289 ) ;
#29 = SURFACE_STYLE_FILL_AREA ( #1377 ) ;
#30 = VERTEX_POINT ( 'NONE', #1956 ) ;
#31 = CARTESIAN_POINT ( 'NONE',  ( 0.5992464858753268064, 0.3401999999999999469, -0.2861521549939672338 ) ) ;
#32 =( GEOMETRIC_REPRESENTATION_CONTEXT ( 3 ) GLOBAL_UNCERTAINTY_ASSIGNED_CONTEXT ( ( #1548 ) ) GLOBAL_UNIT_ASSIGNED_CONTEXT ( ( #2589, #985, #1264 ) ) REPRESENTATION_CONTEXT ( 'NONE', 'WORKASPACE' ) );
#33 = EDGE_CURVE ( 'NONE', #2660, #1881, #2501, .T. ) ;
#34 = SURFACE_STYLE_FILL_AREA ( #2172 ) ;
#35 = MECHANICAL_DESIGN_GEOMETRIC_PRESENTATION_REPRESENTATION (  '', ( #3074 ), #3132 ) ;
#36 = VERTEX_POINT ( 'NONE', #138 ) ;
#37 = CARTESIAN_POINT ( 'NONE',  ( 0.6701420938851626596, 0.3402999999999999359, -0.2622632156853723084 ) ) ;
#38 = VECTOR ( 'NONE', #227, 1000.000000000000000 ) ;
#39 = COLOUR_RGB ( '',0.8509803921568627194, 0.8509803921568627194, 0.8509803921568627194 ) ;
#40 = DIRECTION ( 'NONE',  ( 0.000000000000000000, 1.000000000000000000, 0.000000000000000000 ) ) ;
#41 = ORIENTED_EDGE ( 'NONE', *, *, #1441, .T. ) ;
#42 = LINE ( 'NONE', #386, #1627 ) ;
#43 = LINE ( 'NONE', #115, #2503 ) ;
#44 = DIRECTION ( 'NONE',  ( 0.000000000000000000, 0.000000000000000000, -1.000000000000000000 ) ) ;
#45 = MECHANICAL_DESIGN_GEOMETRIC_PRESENTATION_REPRESENTATION (  '', ( #2623 ), #1228 ) ;
#46 =( GEOMETRIC_REPRESENTATION_CONTEXT ( 3 ) GLOBAL_UNCERTAINTY_ASSIGNED_CONTEXT ( ( #2145 ) ) GLOBAL_UNIT_ASSIGNED_CONTEXT ( ( #2880, #2020, #1549 ) ) REPRESENTATION_CONTEXT ( 'NONE', 'WORKASPACE' ) );
#47 = PRESENTATION_LAYER_ASSIGNMENT (  '', '', ( #1118 ) ) ;
#48 = VECTOR ( 'NONE', #223, 1000.000000000000000 ) ;
#49 = CARTESIAN_POINT ( 'NONE',  ( 0.4360878110004611230, 0.3401999999999999469, -0.3217798548428519867 ) ) ;
#50 = VERTEX_POINT ( 'NONE', #2766 ) ;
#51 = LINE ( 'NONE', #1411, #419 ) ;
#52 = VECTOR ( 'NONE', #3500, 1000.000000000000000 ) ;
#53 = AXIS2_PLACEMENT_3D ( 'NONE', #2929, #2662, #509 ) ;
#54 =( BOUNDED_SURFACE ( )  B_SPLINE_SURFACE ( 3, 1, ( 
 ( #532, #2652 ),
 ( #1032, #1070 ),
 ( #1830, #787 ),
 ( #238, #3472 ) ),
 .UNSPECIFIED., .F., .F., .F. ) 
 B_SPLINE_SURFACE_WITH_KNOTS ( ( 4, 4 ),
 ( 2, 2 ),
 ( 0.4999999883113022126, 1.000000000000000000 ),
 ( 0.000000000000000000, 1.000000000000000000 ),
 .UNSPECIFIED. ) 
 GEOMETRIC_REPRESENTATION_ITEM ( )  RATIONAL_B_SPLINE_SURFACE ( (
 ( 1.000000000000000000, 1.000000000000000000),
 ( 0.3333333333333333703, 0.3333333333333333703),
 ( 0.3333333333333333703, 0.3333333333333333703),
 ( 1.000000000000000000, 1.000000000000000000) ) ) 
 REPRESENTATION_ITEM ( '' )  SURFACE ( )  );
#55 = VECTOR ( 'NONE', #632, 1000.000000000000000 ) ;
#56 = AXIS2_PLACEMENT_3D ( 'NONE', #3333, #2268, #328 ) ;
#57 = CARTESIAN_POINT ( 'NONE',  ( -0.01419354838709677331, -0.009799999999999944172, 0.000000000000000000 ) ) ;
#58 = EDGE_LOOP ( 'NONE', ( #3291, #302, #1713, #579 ) ) ;
#59 = ADVANCED_FACE ( 'NONE', ( #2282 ), #1941, .T. ) ;
#60 = CARTESIAN_POINT ( 'NONE',  ( 0.6701420938851626596, 0.3401999999999999469, -0.2760461774214260644 ) ) ;
#61 = ORIENTED_EDGE ( 'NONE', *, *, #2216, .T. ) ;
#62 = CARTESIAN_POINT ( 'NONE',  ( 0.5594815465277973576, 0.3402999999999999359, -0.3217798548428519867 ) ) ;
#63 = EDGE_CURVE ( 'NONE', #2090, #2010, #1694, .T. ) ;
#64 = CARTESIAN_POINT ( 'NONE',  ( 0.5165610122798278692, 0.3402999999999998249, -0.2973072158944792265 ) ) ;
#65 = ORIENTED_EDGE ( 'NONE', *, *, #1790, .F. ) ;
#66 = SURFACE_STYLE_USAGE ( .BOTH. , #857 ) ;
#67 = CARTESIAN_POINT ( 'NONE',  ( 0.3999802879656550458, 0.3402999999999999359, -0.3217798548428519867 ) ) ;
#68 = SURFACE_SIDE_STYLE ('',( #2494 ) ) ;
#69 = CARTESIAN_POINT ( 'NONE',  ( 0.3450000000000000289, 0.3304000000000000825, 0.000000000000000000 ) ) ;
#70 = ORIENTED_EDGE ( 'NONE', *, *, #269, .F. ) ;
#71 = DIRECTION ( 'NONE',  ( 0.000000000000000000, 0.000000000000000000, -1.000000000000000000 ) ) ;
#72 = DIRECTION ( 'NONE',  ( 0.000000000000000000, 1.000000000000000000, 0.000000000000000000 ) ) ;
#73 = CARTESIAN_POINT ( 'NONE',  ( 0.7266129032258066278, 0.3206000000000000516, -0.5500000000000000444 ) ) ;
#74 = ORIENTED_EDGE ( 'NONE', *, *, #1160, .F. ) ;
#75 = PLANE ( 'NONE',  #2019 ) ;
#76 = CARTESIAN_POINT ( 'NONE',  ( 0.4276747531157042981, 0.3402999999999999359, -0.3217798548428519867 ) ) ;
#77 = ORIENTED_EDGE ( 'NONE', *, *, #1810, .F. ) ;
#78 = FACE_OUTER_BOUND ( 'NONE', #2262, .T. ) ;
#79 = CARTESIAN_POINT ( 'NONE',  ( 0.000000000000000000, 0.000000000000000000, -0.5500000000000000444 ) ) ;
#80 = DIRECTION ( 'NONE',  ( 0.000000000000000000, 0.000000000000000000, 1.000000000000000000 ) ) ;
#81 = ADVANCED_FACE ( 'NONE', ( #628 ), #2026, .T. ) ;
#82 = DIRECTION ( 'NONE',  ( 0.000000000000000000, 0.000000000000000000, -1.000000000000000000 ) ) ;
#83 = ORIENTED_EDGE ( 'NONE', *, *, #103, .T. ) ;
#84 = DIRECTION ( 'NONE',  ( 0.000000000000000000, 1.000000000000000000, 0.000000000000000000 ) ) ;
#85 = CARTESIAN_POINT ( 'NONE',  ( 0.7369233744187166923, 0.3401999999999999469, -0.2760461774214260644 ) ) ;
#86 = PRESENTATION_STYLE_ASSIGNMENT (( #1726 ) ) ;
#87 = FILL_AREA_STYLE_COLOUR ( '', #3247 ) ;
#88 = DIRECTION ( 'NONE',  ( 0.4782326509744800891, 0.000000000000000000, 0.8782331874518982673 ) ) ;
#89 = MECHANICAL_DESIGN_GEOMETRIC_PRESENTATION_REPRESENTATION (  '', ( #3129 ), #1447 ) ;
#90 = ORIENTED_EDGE ( 'NONE', *, *, #1763, .F. ) ;
#91 = CARTESIAN_POINT ( 'NONE',  ( 0.4828782313453665598, 0.3402999999999999359, -0.2531793387107165727 ) ) ;
#92 = ORIENTED_EDGE ( 'NONE', *, *, #3353, .F. ) ;
#93 = FACE_OUTER_BOUND ( 'NONE', #1970, .T. ) ;
#94 = COLOUR_RGB ( '',0.7921568627450980005, 0.8196078431372548767, 0.9333333333333333481 ) ;
#95 = LINE ( 'NONE', #601, #2974 ) ;
#96 = FACE_OUTER_BOUND ( 'NONE', #58, .T. ) ;
#97 = ADVANCED_FACE ( 'NONE', ( #3421 ), #1540, .T. ) ;
#98 = STYLED_ITEM ( 'NONE', ( #1142 ), #622 ) ;
#99 = ORIENTED_EDGE ( 'NONE', *, *, #2918, .F. ) ;
#100 = VECTOR ( 'NONE', #2945, 1000.000000000000000 ) ;
#101 = DIRECTION ( 'NONE',  ( 0.4782326509744800891, 0.000000000000000000, -0.8782331874518982673 ) ) ;
#102 = PRESENTATION_STYLE_ASSIGNMENT (( #2267 ) ) ;
#103 = EDGE_CURVE ( 'NONE', #199, #988, #2316, .T. ) ;
#104 = AXIS2_PLACEMENT_3D ( 'NONE', #2279, #3079, #667 ) ;
#105 = VECTOR ( 'NONE', #3409, 1000.000000000000000 ) ;
#106 = FACE_OUTER_BOUND ( 'NONE', #3367, .T. ) ;
#107 = AXIS2_PLACEMENT_3D ( 'NONE', #515, #1335, #2400 ) ;
#108 = SURFACE_STYLE_USAGE ( .BOTH. , #1676 ) ;
#109 = MECHANICAL_DESIGN_GEOMETRIC_PRESENTATION_REPRESENTATION (  '', ( #381 ), #2337 ) ;
#110 = VECTOR ( 'NONE', #748, 1000.000000000000000 ) ;
#111 = ORIENTED_EDGE ( 'NONE', *, *, #612, .F. ) ;
#112 = CARTESIAN_POINT ( 'NONE',  ( 0.3999802879656550458, 0.3402999999999999359, -0.3217798548428519867 ) ) ;
#113 = ORIENTED_EDGE ( 'NONE', *, *, #2359, .T. ) ;
#114 = LINE ( 'NONE', #3277, #3488 ) ;
#115 = CARTESIAN_POINT ( 'NONE',  ( -5.191599967959575570E-17, 0.3304000000000000270, 0.000000000000000000 ) ) ;
#116 = PLANE ( 'NONE',  #322 ) ;
#117 = ORIENTED_EDGE ( 'NONE', *, *, #2048, .T. ) ;
#118 = CARTESIAN_POINT ( 'NONE',  ( 0.7369233744187166923, 0.3402999999999999914, -0.2760461774214260644 ) ) ;
#119 = LINE ( 'NONE', #715, #318 ) ;
#120 = VERTEX_POINT ( 'NONE', #1022 ) ;
#121 = EDGE_CURVE ( 'NONE', #448, #2496, #2822, .T. ) ;
#122 = EDGE_CURVE ( 'NONE', #1315, #2848, #2355, .T. ) ;
#123 = LINE ( 'NONE', #2259, #1568 ) ;
#124 = ADVANCED_BREP_SHAPE_REPRESENTATION ( 'RS_SMDCHIP_0402_L1.1W0.55T0.35B10.3B20.35', ( #2938, #622, #691, #2987, #1797, #3003, #3018, #1869, #3010, #53 ), #841 ) ;
#125 = VERTEX_POINT ( 'NONE', #1003 ) ;
#126 = PRESENTATION_STYLE_ASSIGNMENT (( #2537 ) ) ;
#127 = CARTESIAN_POINT ( 'NONE',  ( -0.006351718067572125967, 0.3401999999999999469, -0.02084885575752082332 ) ) ;
#128 = VERTEX_POINT ( 'NONE', #1832 ) ;
#129 = LINE ( 'NONE', #2596, #547 ) ;
#130 = SURFACE_STYLE_USAGE ( .BOTH. , #2013 ) ;
#131 = PRESENTATION_STYLE_ASSIGNMENT (( #658 ) ) ;
#132 = SURFACE_STYLE_USAGE ( .BOTH. , #2034 ) ;
#133 = EDGE_LOOP ( 'NONE', ( #416, #111, #1516, #1991 ) ) ;
#134 = DIRECTION ( 'NONE',  ( 0.000000000000000000, 0.000000000000000000, -1.000000000000000000 ) ) ;
#135 = CARTESIAN_POINT ( 'NONE',  ( 0.3660561914672217365, 0.3402999999999999359, -0.2303125000000000588 ) ) ;
#136 = CARTESIAN_POINT ( 'NONE',  ( 0.5594815465277978017, 0.3402999999999999359, -0.2867339163362680465 ) ) ;
#137 = LINE ( 'NONE', #1214, #839 ) ;
#138 = CARTESIAN_POINT ( 'NONE',  ( 0.4480784546120977763, 0.3401999999999998359, -0.2800142601310718904 ) ) ;
#139 = ADVANCED_FACE ( 'NONE', ( #2841 ), #2041, .F. ) ;
#140 = ORIENTED_EDGE ( 'NONE', *, *, #2018, .T. ) ;
#141 = DIRECTION ( 'NONE',  ( -1.796576432105190794E-16, -1.000000000000000000, 0.000000000000000000 ) ) ;
#142 = EDGE_CURVE ( 'NONE', #1399, #819, #987, .T. ) ;
#143 = CARTESIAN_POINT ( 'NONE',  ( 0.7266129032258066278, 0.3304000000000000825, 0.000000000000000000 ) ) ;
#144 = ORIENTED_EDGE ( 'NONE', *, *, #2085, .T. ) ;
#145 = FILL_AREA_STYLE ('',( #1492 ) ) ;
#146 = MECHANICAL_DESIGN_GEOMETRIC_PRESENTATION_REPRESENTATION (  '', ( #1725 ), #764 ) ;
#147 = STYLED_ITEM ( 'NONE', ( #1308 ), #139 ) ;
#148 = CARTESIAN_POINT ( 'NONE',  ( 0.2858064516129031896, 0.3303999999999999715, 0.000000000000000000 ) ) ;
#149 = VERTEX_POINT ( 'NONE', #2950 ) ;
#150 = LINE ( 'NONE', #2277, #2975 ) ;
#151 = CARTESIAN_POINT ( 'NONE',  ( 0.6420075108103675543, 0.3401999999999999469, -0.3217798548428519867 ) ) ;
#152 = SURFACE_STYLE_FILL_AREA ( #999 ) ;
#153 = PRESENTATION_LAYER_ASSIGNMENT (  '', '', ( #656 ) ) ;
#154 = PLANE ( 'NONE',  #2558 ) ;
#155 = STYLED_ITEM ( 'NONE', ( #1661 ), #968 ) ;
#156 = DIRECTION ( 'NONE',  ( 0.000000000000000000, 0.000000000000000000, 1.000000000000000000 ) ) ;
#157 =( GEOMETRIC_REPRESENTATION_CONTEXT ( 3 ) GLOBAL_UNCERTAINTY_ASSIGNED_CONTEXT ( ( #3411 ) ) GLOBAL_UNIT_ASSIGNED_CONTEXT ( ( #2915, #2125, #497 ) ) REPRESENTATION_CONTEXT ( 'NONE', 'WORKASPACE' ) );
#158 = STYLED_ITEM ( 'NONE', ( #2296 ), #1293 ) ;
#159 =( GEOMETRIC_REPRESENTATION_CONTEXT ( 3 ) GLOBAL_UNCERTAINTY_ASSIGNED_CONTEXT ( ( #1257 ) ) GLOBAL_UNIT_ASSIGNED_CONTEXT ( ( #2687, #3250, #1029 ) ) REPRESENTATION_CONTEXT ( 'NONE', 'WORKASPACE' ) );
#160 = VECTOR ( 'NONE', #1331, 1000.000000000000000 ) ;
#161 = ORIENTED_EDGE ( 'NONE', *, *, #1527, .F. ) ;
#162 = DIRECTION ( 'NONE',  ( 0.000000000000000000, 0.000000000000000000, 1.000000000000000000 ) ) ;
#163 = VECTOR ( 'NONE', #782, 1000.000000000000000 ) ;
#164 = EDGE_CURVE ( 'NONE', #3076, #338, #2150, .T. ) ;
#165 = ADVANCED_FACE ( 'NONE', ( #1883 ), #2112, .T. ) ;
#166 = LINE ( 'NONE', #3120, #1347 ) ;
#167 = ORIENTED_EDGE ( 'NONE', *, *, #2257, .F. ) ;
#168 = PRESENTATION_STYLE_ASSIGNMENT (( #2562 ) ) ;
#169 = UNCERTAINTY_MEASURE_WITH_UNIT (LENGTH_MEASURE( 1.000000000000000082E-05 ), #1593, 'distance_accuracy_value', 'NONE');
#170 = EDGE_CURVE ( 'NONE', #120, #1783, #3459, .T. ) ;
#171 = LINE ( 'NONE', #1535, #1628 ) ;
#172 = ORIENTED_EDGE ( 'NONE', *, *, #791, .T. ) ;
#173 = CARTESIAN_POINT ( 'NONE',  ( -0.000000000000000000, 0.000000000000000000, -0.5500000000000000444 ) ) ;
#174 = SURFACE_STYLE_USAGE ( .BOTH. , #1021 ) ;
#175 =( NAMED_UNIT ( * ) PLANE_ANGLE_UNIT ( ) SI_UNIT ( $, .RADIAN. ) );
#176 = ORIENTED_EDGE ( 'NONE', *, *, #3227, .T. ) ;
#177 = DIRECTION ( 'NONE',  ( -1.000000000000000000, 3.580639277029542163E-16, 0.000000000000000000 ) ) ;
#178 =( NAMED_UNIT ( * ) SI_UNIT ( $, .STERADIAN. ) SOLID_ANGLE_UNIT ( ) );
#179 = CARTESIAN_POINT ( 'NONE',  ( 0.5288939577122110380, 0.3401999999999999469, -0.2973072158944790599 ) ) ;
#180 = ORIENTED_EDGE ( 'NONE', *, *, #2729, .F. ) ;
#181 = CARTESIAN_POINT ( 'NONE',  ( 0.3358064516129031785, 0.000000000000000000, -0.5500000000000000444 ) ) ;
#182 = LINE ( 'NONE', #148, #1060 ) ;
#183 = ORIENTED_EDGE ( 'NONE', *, *, #2331, .T. ) ;
#184 = CARTESIAN_POINT ( 'NONE',  ( 0.7369233744187166923, 0.3403000000000000469, -0.2760461774214260644 ) ) ;
#185 = CARTESIAN_POINT ( 'NONE',  ( 0.4828782313453667263, 0.3402999999999999914, -0.2760461774214260089 ) ) ;
#186 = SURFACE_STYLE_USAGE ( .BOTH. , #2587 ) ;
#187 = EDGE_CURVE ( 'NONE', #3481, #241, #2421, .T. ) ;
#188 = DIRECTION ( 'NONE',  ( -0.9309850003489279491, 0.000000000000000000, -0.3650574326394499525 ) ) ;
#189 =( LENGTH_UNIT ( ) NAMED_UNIT ( * ) SI_UNIT ( .MILLI., .METRE. ) );
#190 = ORIENTED_EDGE ( 'NONE', *, *, #876, .F. ) ;
#191 = EDGE_LOOP ( 'NONE', ( #17, #77, #3337, #1424 ) ) ;
#192 = PLANE ( 'NONE',  #1056 ) ;
#193 =( NAMED_UNIT ( * ) SI_UNIT ( $, .STERADIAN. ) SOLID_ANGLE_UNIT ( ) );
#194 = CARTESIAN_POINT ( 'NONE',  ( 0.2858064516129031896, 0.3303999999999999715, -0.5500000000000000444 ) ) ;
#195 = EDGE_LOOP ( 'NONE', ( #2584, #2875, #1237, #458 ) ) ;
#196 =( LENGTH_UNIT ( ) NAMED_UNIT ( * ) SI_UNIT ( .MILLI., .METRE. ) );
#197 = SURFACE_STYLE_USAGE ( .BOTH. , #1547 ) ;
#198 = CARTESIAN_POINT ( 'NONE',  ( -5.759824041329242306E-17, 0.3206000000000000516, -0.5500000000000000444 ) ) ;
#199 = VERTEX_POINT ( 'NONE', #1619 ) ;
#200 = FILL_AREA_STYLE ('',( #1281 ) ) ;
#201 = VECTOR ( 'NONE', #3157, 1000.000000000000000 ) ;
#202 = DIRECTION ( 'NONE',  ( 0.000000000000000000, 1.000000000000000000, 0.000000000000000000 ) ) ;
#203 = EDGE_CURVE ( 'NONE', #662, #1881, #501, .T. ) ;
#204 = MECHANICAL_DESIGN_GEOMETRIC_PRESENTATION_REPRESENTATION (  '', ( #147 ), #1390 ) ;
#205 = PRESENTATION_LAYER_ASSIGNMENT (  '', '', ( #1729 ) ) ;
#206 = DIRECTION ( 'NONE',  ( 0.000000000000000000, 0.000000000000000000, -1.000000000000000000 ) ) ;
#207 = EDGE_CURVE ( 'NONE', #814, #3009, #1599, .T. ) ;
#208 = CARTESIAN_POINT ( 'NONE',  ( 0.3450000000000000289, 0.3206000000000000516, 0.000000000000000000 ) ) ;
#209 = COLOUR_RGB ( '',0.1019607843137254888, 0.1019607843137254888, 0.1019607843137254888 ) ;
#210 = AXIS2_PLACEMENT_3D ( 'NONE', #822, #1595, #1085 ) ;
#211 = LINE ( 'NONE', #2628, #1457 ) ;
#212 = VERTEX_POINT ( 'NONE', #282 ) ;
#213 = PRESENTATION_LAYER_ASSIGNMENT (  '', '', ( #3427 ) ) ;
#214 = SURFACE_STYLE_FILL_AREA ( #2575 ) ;
#215 = VECTOR ( 'NONE', #1409, 1000.000000000000000 ) ;
#216 = VECTOR ( 'NONE', #3377, 1000.000000000000000 ) ;
#217 = VECTOR ( 'NONE', #2696, 1000.000000000000000 ) ;
#218 = ORIENTED_EDGE ( 'NONE', *, *, #348, .F. ) ;
#219 = CARTESIAN_POINT ( 'NONE',  ( 0.5723089745059176670, 0.3402999999999999359, -0.3217798548428519867 ) ) ;
#220 = PRESENTATION_LAYER_ASSIGNMENT (  '', '', ( #846 ) ) ;
#221 = DIRECTION ( 'NONE',  ( 0.000000000000000000, 0.000000000000000000, 1.000000000000000000 ) ) ;
#222 = ORIENTED_EDGE ( 'NONE', *, *, #3376, .T. ) ;
#223 = DIRECTION ( 'NONE',  ( 0.000000000000000000, 1.000000000000000000, 0.000000000000000000 ) ) ;
#224 = SURFACE_STYLE_FILL_AREA ( #2866 ) ;
#225 = CARTESIAN_POINT ( 'NONE',  ( 0.5288939577116051893, 0.3402999999999999359, -0.2973072158944792265 ) ) ;
#226 = SURFACE_STYLE_USAGE ( .BOTH. , #2625 ) ;
#227 = DIRECTION ( 'NONE',  ( 1.000000000000000000, 0.000000000000000000, 0.000000000000000000 ) ) ;
#228 = ORIENTED_EDGE ( 'NONE', *, *, #2235, .F. ) ;
#229 = LINE ( 'NONE', #2888, #1735 ) ;
#230 = EDGE_CURVE ( 'NONE', #125, #3020, #1584, .T. ) ;
#231 = ORIENTED_EDGE ( 'NONE', *, *, #833, .F. ) ;
#232 = LINE ( 'NONE', #1064, #3363 ) ;
#233 = UNCERTAINTY_MEASURE_WITH_UNIT (LENGTH_MEASURE( 1.000000000000000082E-05 ), #1365, 'distance_accuracy_value', 'NONE');
#234 = CARTESIAN_POINT ( 'NONE',  ( 0.5594815465277973576, 0.3401999999999999469, -0.3217798548428519867 ) ) ;
#235 = ORIENTED_EDGE ( 'NONE', *, *, #922, .F. ) ;
#236 = CARTESIAN_POINT ( 'NONE',  ( 0.4688551010881096825, 0.3402999999999999359, -0.2303125000000000588 ) ) ;
#237 = LINE ( 'NONE', #251, #100 ) ;
#238 = CARTESIAN_POINT ( 'NONE',  ( 0.6701420938851626596, 0.3401999999999999469, -0.2760461774214260644 ) ) ;
#239 = LINE ( 'NONE', #2129, #257 ) ;
#240 = LINE ( 'NONE', #2676, #314 ) ;
#241 = VERTEX_POINT ( 'NONE', #1089 ) ;
#242 = SURFACE_STYLE_FILL_AREA ( #2644 ) ;
#243 = EDGE_CURVE ( 'NONE', #3426, #1203, #240, .T. ) ;
#244 = VERTEX_POINT ( 'NONE', #1359 ) ;
#245 = FACE_OUTER_BOUND ( 'NONE', #3091, .T. ) ;
#246 = EDGE_CURVE ( 'NONE', #1203, #619, #2405, .T. ) ;
#247 =( BOUNDED_SURFACE ( )  B_SPLINE_SURFACE ( 3, 1, ( 
 ( #1255, #1224 ),
 ( #3073, #2322 ),
 ( #1206, #1995 ),
 ( #3352, #2068 ) ),
 .UNSPECIFIED., .F., .F., .F. ) 
 B_SPLINE_SURFACE_WITH_KNOTS ( ( 4, 4 ),
 ( 2, 2 ),
 ( 0.000000000000000000, 0.4999999883113022126 ),
 ( 0.000000000000000000, 1.000000000000000000 ),
 .UNSPECIFIED. ) 
 GEOMETRIC_REPRESENTATION_ITEM ( )  RATIONAL_B_SPLINE_SURFACE ( (
 ( 1.000000000000000000, 1.000000000000000000),
 ( 0.3333333333333333703, 0.3333333333333333703),
 ( 0.3333333333333333703, 0.3333333333333333703),
 ( 1.000000000000000000, 1.000000000000000000) ) ) 
 REPRESENTATION_ITEM ( '' )  SURFACE ( )  );
#248 = PLANE ( 'NONE',  #1684 ) ;
#249 = ORIENTED_EDGE ( 'NONE', *, *, #2627, .F. ) ;
#250 = CARTESIAN_POINT ( 'NONE',  ( 0.6909327103171241102, 0.3402999999999999359, -0.2967206200255066983 ) ) ;
#251 = CARTESIAN_POINT ( 'NONE',  ( 0.4002216716784114392, 0.3401999999999999469, -0.2303125000000000588 ) ) ;
#252 = FACE_OUTER_BOUND ( 'NONE', #542, .T. ) ;
#253 = ORIENTED_EDGE ( 'NONE', *, *, #1672, .F. ) ;
#254 = FILL_AREA_STYLE_COLOUR ( '', #1332 ) ;
#255 = CARTESIAN_POINT ( 'NONE',  ( 0.5992464858753268064, 0.3401999999999999469, -0.2981571804488010735 ) ) ;
#256 = LINE ( 'NONE', #2159, #2671 ) ;
#257 = VECTOR ( 'NONE', #790, 1000.000000000000000 ) ;
#258 = CARTESIAN_POINT ( 'NONE',  ( 0.4546203154167143823, 0.3401999999999999469, -0.2655248897291799248 ) ) ;
#259 = AXIS2_PLACEMENT_3D ( 'NONE', #2254, #1197, #2475 ) ;
#260 = ORIENTED_EDGE ( 'NONE', *, *, #794, .F. ) ;
#261 = COLOUR_RGB ( '',0.8509803921568627194, 0.8509803921568627194, 0.8509803921568627194 ) ;
#262 = VECTOR ( 'NONE', #3489, 1000.000000000000000 ) ;
#263 = EDGE_LOOP ( 'NONE', ( #2737, #421, #320, #2463 ) ) ;
#264 = PLANE ( 'NONE',  #3150 ) ;
#265 = AXIS2_PLACEMENT_3D ( 'NONE', #1164, #2736, #813 ) ;
#266 =( NAMED_UNIT ( * ) SI_UNIT ( $, .STERADIAN. ) SOLID_ANGLE_UNIT ( ) );
#267 = AXIS2_PLACEMENT_3D ( 'NONE', #21, #2612, #3233 ) ;
#268 = MECHANICAL_DESIGN_GEOMETRIC_PRESENTATION_REPRESENTATION (  '', ( #2459 ), #605 ) ;
#269 = EDGE_CURVE ( 'NONE', #934, #396, #2382, .T. ) ;
#270 = LINE ( 'NONE', #2205, #1623 ) ;
#271 = ADVANCED_FACE ( 'NONE', ( #2934 ), #517, .T. ) ;
#272 = STYLED_ITEM ( 'NONE', ( #738 ), #1199 ) ;
#273 = ORIENTED_EDGE ( 'NONE', *, *, #1267, .T. ) ;
#274 = CARTESIAN_POINT ( 'NONE',  ( 0.5594815465277973576, 0.3402999999999999359, -0.3217798548428519867 ) ) ;
#275 = MECHANICAL_DESIGN_GEOMETRIC_PRESENTATION_REPRESENTATION (  '', ( #1566 ), #368 ) ;
#276 = CARTESIAN_POINT ( 'NONE',  ( 0.5058735633961630729, 0.3401999999999998914, -0.3217798548428522087 ) ) ;
#277 = EDGE_CURVE ( 'NONE', #2578, #2233, #3399, .T. ) ;
#278 =( BOUNDED_SURFACE ( )  B_SPLINE_SURFACE ( 3, 1, ( 
 ( #1431, #2001 ),
 ( #2486, #2234 ),
 ( #1470, #2515 ),
 ( #85, #118 ) ),
 .UNSPECIFIED., .F., .F., .F. ) 
 B_SPLINE_SURFACE_WITH_KNOTS ( ( 4, 4 ),
 ( 2, 2 ),
 ( 0.000000000000000000, 0.5000000023867817722 ),
 ( 0.000000000000000000, 1.000000000000000000 ),
 .UNSPECIFIED. ) 
 GEOMETRIC_REPRESENTATION_ITEM ( )  RATIONAL_B_SPLINE_SURFACE ( (
 ( 1.000000000000000000, 1.000000000000000000),
 ( 0.3333333333333333703, 0.3333333333333333703),
 ( 0.3333333333333333703, 0.3333333333333333703),
 ( 1.000000000000000000, 1.000000000000000000) ) ) 
 REPRESENTATION_ITEM ( '' )  SURFACE ( )  );
#279 = ADVANCED_FACE ( 'NONE', ( #106 ), #1817, .T. ) ;
#280 = ORIENTED_EDGE ( 'NONE', *, *, #3398, .F. ) ;
#281 = LINE ( 'NONE', #516, #1385 ) ;
#282 = CARTESIAN_POINT ( 'NONE',  ( 0.4688551010881096825, 0.3401999999999999469, -0.2303125000000000588 ) ) ;
#283 = DIRECTION ( 'NONE',  ( -1.000000000000000000, 0.000000000000000000, 0.000000000000000000 ) ) ;
#284 = ORIENTED_EDGE ( 'NONE', *, *, #375, .T. ) ;
#285 = CARTESIAN_POINT ( 'NONE',  ( 0.5076413463041338225, 0.3402999999999999914, -0.2754001534915399563 ) ) ;
#286 = CARTESIAN_POINT ( 'NONE',  ( 0.6909327103171241102, 0.3401999999999999469, -0.3217798548428521532 ) ) ;
#287 = VERTEX_POINT ( 'NONE', #1938 ) ;
#288 = DIRECTION ( 'NONE',  ( 0.000000000000000000, 1.000000000000000000, 0.000000000000000000 ) ) ;
#289 = EDGE_LOOP ( 'NONE', ( #1023, #3014, #894, #2265 ) ) ;
#290 = DIRECTION ( 'NONE',  ( -1.000000000000000000, 0.000000000000000000, 0.000000000000000000 ) ) ;
#291 = CARTESIAN_POINT ( 'NONE',  ( 0.5256956820394330654, 0.3401999999999999469, -0.2867339163362680465 ) ) ;
#292 = ORIENTED_EDGE ( 'NONE', *, *, #2692, .F. ) ;
#293 = DIRECTION ( 'NONE',  ( 0.000000000000000000, 0.000000000000000000, 1.000000000000000000 ) ) ;
#294 = CARTESIAN_POINT ( 'NONE',  ( 0.6805374021011434404, 0.3402000000000000024, -0.2967206200255067539 ) ) ;
#295 = ADVANCED_FACE ( 'NONE', ( #1412 ), #1724, .F. ) ;
#296 = LINE ( 'NONE', #3297, #3081 ) ;
#297 = FILL_AREA_STYLE_COLOUR ( '', #2462 ) ;
#298 = ORIENTED_EDGE ( 'NONE', *, *, #3223, .T. ) ;
#299 = CARTESIAN_POINT ( 'NONE',  ( 0.5288939577122110380, 0.3401999999999999469, -0.2761733598502854048 ) ) ;
#300 = VERTEX_POINT ( 'NONE', #3331 ) ;
#301 = DIRECTION ( 'NONE',  ( 0.000000000000000000, 1.000000000000000000, 0.000000000000000000 ) ) ;
#302 = ORIENTED_EDGE ( 'NONE', *, *, #588, .F. ) ;
#303 =( NAMED_UNIT ( * ) PLANE_ANGLE_UNIT ( ) SI_UNIT ( $, .RADIAN. ) );
#304 = DIRECTION ( 'NONE',  ( 0.000000000000000000, 0.000000000000000000, -1.000000000000000000 ) ) ;
#305 = ORIENTED_EDGE ( 'NONE', *, *, #1867, .F. ) ;
#306 =( LENGTH_UNIT ( ) NAMED_UNIT ( * ) SI_UNIT ( .MILLI., .METRE. ) );
#307 = EDGE_CURVE ( 'NONE', #1414, #2161, #915, .T. ) ;
#308 = DIRECTION ( 'NONE',  ( 0.000000000000000000, 0.000000000000000000, 1.000000000000000000 ) ) ;
#309 = ADVANCED_FACE ( 'NONE', ( #1989 ), #3284, .T. ) ;
#310 = CARTESIAN_POINT ( 'NONE',  ( 0.6679373782663278192, 0.3402999999999999914, -0.2303125000000000033 ) ) ;
#311 = ORIENTED_EDGE ( 'NONE', *, *, #1311, .F. ) ;
#312 = COLOUR_RGB ( '',0.1019607843137254888, 0.1019607843137254888, 0.1019607843137254888 ) ;
#313 =( NAMED_UNIT ( * ) PLANE_ANGLE_UNIT ( ) SI_UNIT ( $, .RADIAN. ) );
#314 = VECTOR ( 'NONE', #3209, 1000.000000000000000 ) ;
#315 = ORIENTED_EDGE ( 'NONE', *, *, #2563, .F. ) ;
#316 = CARTESIAN_POINT ( 'NONE',  ( 0.4828782313453665598, 0.3401999999999998914, -0.2531793387107165727 ) ) ;
#317 =( GEOMETRIC_REPRESENTATION_CONTEXT ( 3 ) GLOBAL_UNCERTAINTY_ASSIGNED_CONTEXT ( ( #2833 ) ) GLOBAL_UNIT_ASSIGNED_CONTEXT ( ( #1306, #1497, #2546 ) ) REPRESENTATION_CONTEXT ( 'NONE', 'WORKASPACE' ) );
#318 = VECTOR ( 'NONE', #2315, 1000.000000000000000 ) ;
#319 = CARTESIAN_POINT ( 'NONE',  ( 0.4688551010881096825, 0.3401999999999999469, -0.2303125000000000588 ) ) ;
#320 = ORIENTED_EDGE ( 'NONE', *, *, #1092, .T. ) ;
#321 = MECHANICAL_DESIGN_GEOMETRIC_PRESENTATION_REPRESENTATION (  '', ( #3427 ), #1789 ) ;
#322 = AXIS2_PLACEMENT_3D ( 'NONE', #1128, #82, #1195 ) ;
#323 = VECTOR ( 'NONE', #290, 1000.000000000000000 ) ;
#324 = DIRECTION ( 'NONE',  ( 1.000000000000000000, 0.000000000000000000, -0.000000000000000000 ) ) ;
#325 = ORIENTED_EDGE ( 'NONE', *, *, #2372, .F. ) ;
#326 = CARTESIAN_POINT ( 'NONE',  ( 1.071612903225806601, -0.009799999999999949377, -0.5500000000000000444 ) ) ;
#327 = VECTOR ( 'NONE', #1392, 1000.000000000000000 ) ;
#328 = DIRECTION ( 'NONE',  ( -0.4114965523852595064, 0.000000000000000000, 0.9114113162425873105 ) ) ;
#329 =( LENGTH_UNIT ( ) NAMED_UNIT ( * ) SI_UNIT ( .MILLI., .METRE. ) );
#330 = DIRECTION ( 'NONE',  ( 0.000000000000000000, 1.000000000000000000, 0.000000000000000000 ) ) ;
#331 = VERTEX_POINT ( 'NONE', #626 ) ;
#332 = CARTESIAN_POINT ( 'NONE',  ( 0.5288688954469494830, 0.3401999999999998359, -0.2303124999999999478 ) ) ;
#333 = EDGE_CURVE ( 'NONE', #2367, #1536, #610, .T. ) ;
#334 = ORIENTED_EDGE ( 'NONE', *, *, #2330, .F. ) ;
#335 = FACE_OUTER_BOUND ( 'NONE', #970, .T. ) ;
#336 =( NAMED_UNIT ( * ) SI_UNIT ( $, .STERADIAN. ) SOLID_ANGLE_UNIT ( ) );
#337 = DIRECTION ( 'NONE',  ( -1.796576432105190794E-16, -1.000000000000000000, 0.000000000000000000 ) ) ;
#338 = VERTEX_POINT ( 'NONE', #865 ) ;
#339 = PLANE ( 'NONE',  #1836 ) ;
#340 = DIRECTION ( 'NONE',  ( 0.8823465237118490734, 0.000000000000000000, -0.4706002678426939867 ) ) ;
#341 = CARTESIAN_POINT ( 'NONE',  ( 0.5723089745059176670, 0.3402999999999999359, -0.3217798548428519867 ) ) ;
#342 = LINE ( 'NONE', #135, #1408 ) ;
#343 = SURFACE_STYLE_FILL_AREA ( #2222 ) ;
#344 = CARTESIAN_POINT ( 'NONE',  ( 0.5288688954469592529, 0.3402999999999999359, -0.3217798548428519867 ) ) ;
#345 = ADVANCED_FACE ( 'NONE', ( #3062 ), #278, .T. ) ;
#346 = ORIENTED_EDGE ( 'NONE', *, *, #2042, .F. ) ;
#347 = CARTESIAN_POINT ( 'NONE',  ( 0.7013280185331046690, 0.3402999999999999359, -0.2553717348173454860 ) ) ;
#348 = EDGE_CURVE ( 'NONE', #825, #1280, #898, .T. ) ;
#349 = EDGE_CURVE ( 'NONE', #1982, #617, #357, .T. ) ;
#350 = SURFACE_STYLE_FILL_AREA ( #3304 ) ;
#351 = ORIENTED_EDGE ( 'NONE', *, *, #881, .T. ) ;
#352 = DIRECTION ( 'NONE',  ( 1.000000000000000000, 0.000000000000000000, 0.000000000000000000 ) ) ;
#353 =( LENGTH_UNIT ( ) NAMED_UNIT ( * ) SI_UNIT ( .MILLI., .METRE. ) );
#354 = FACE_OUTER_BOUND ( 'NONE', #2456, .T. ) ;
#355 = ORIENTED_EDGE ( 'NONE', *, *, #394, .T. ) ;
#356 = PLANE ( 'NONE',  #1504 ) ;
#357 = LINE ( 'NONE', #1389, #1108 ) ;
#358 = EDGE_LOOP ( 'NONE', ( #3183, #253, #1589, #1503 ) ) ;
#359 = AXIS2_PLACEMENT_3D ( 'NONE', #1707, #3313, #1744 ) ;
#360 = ORIENTED_EDGE ( 'NONE', *, *, #2939, .T. ) ;
#361 = CARTESIAN_POINT ( 'NONE',  ( 0.5334857581829244300, 0.3401999999999999469, -0.2555386750974401044 ) ) ;
#362 = VECTOR ( 'NONE', #1709, 1000.000000000000000 ) ;
#363 = CLOSED_SHELL ( 'NONE', ( #3378, #1350, #608, #12, #2956, #2746 ) ) ;
#364 = SURFACE_STYLE_FILL_AREA ( #2066 ) ;
#365 = EDGE_LOOP ( 'NONE', ( #1364, #1330, #2086, #2252 ) ) ;
#366 = PRESENTATION_STYLE_ASSIGNMENT (( #3278 ) ) ;
#367 =( NAMED_UNIT ( * ) PLANE_ANGLE_UNIT ( ) SI_UNIT ( $, .RADIAN. ) );
#368 =( GEOMETRIC_REPRESENTATION_CONTEXT ( 3 ) GLOBAL_UNCERTAINTY_ASSIGNED_CONTEXT ( ( #233 ) ) GLOBAL_UNIT_ASSIGNED_CONTEXT ( ( #1365, #1633, #508 ) ) REPRESENTATION_CONTEXT ( 'NONE', 'WORKASPACE' ) );
#369 = MECHANICAL_DESIGN_GEOMETRIC_PRESENTATION_REPRESENTATION (  '', ( #3199 ), #541 ) ;
#370 = UNCERTAINTY_MEASURE_WITH_UNIT (LENGTH_MEASURE( 1.000000000000000082E-05 ), #1131, 'distance_accuracy_value', 'NONE');
#371 = CARTESIAN_POINT ( 'NONE',  ( 0.7358064516129033672, 0.000000000000000000, -0.5500000000000000444 ) ) ;
#372 = ORIENTED_EDGE ( 'NONE', *, *, #3037, .T. ) ;
#373 = STYLED_ITEM ( 'NONE', ( #3463 ), #3003 ) ;
#374 = DIRECTION ( 'NONE',  ( 1.000000000000000000, 3.580639277029542163E-16, 0.000000000000000000 ) ) ;
#375 = EDGE_CURVE ( 'NONE', #2227, #2431, #2801, .T. ) ;
#376 = ADVANCED_FACE ( 'NONE', ( #3416 ), #2569, .F. ) ;
#377 = COLOUR_RGB ( '',0.1019607843137254888, 0.1019607843137254888, 0.1019607843137254888 ) ;
#378 = STYLED_ITEM ( 'NONE', ( #1173 ), #2518 ) ;
#379 = LINE ( 'NONE', #2517, #201 ) ;
#380 = ORIENTED_EDGE ( 'NONE', *, *, #348, .T. ) ;
#381 = STYLED_ITEM ( 'NONE', ( #2700 ), #2798 ) ;
#382 = AXIS2_PLACEMENT_3D ( 'NONE', #15, #2594, #3243 ) ;
#383 = ORIENTED_EDGE ( 'NONE', *, *, #1136, .F. ) ;
#384 = FILL_AREA_STYLE_COLOUR ( '', #1396 ) ;
#385 = ORIENTED_EDGE ( 'NONE', *, *, #3070, .F. ) ;
#386 = CARTESIAN_POINT ( 'NONE',  ( 0.2858064516129031896, 0.3402000000000000024, -0.5500000000000000444 ) ) ;
#387 = CARTESIAN_POINT ( 'NONE',  ( 0.3450000000000000289, 0.000000000000000000, -0.5500000000000000444 ) ) ;
#388 = FILL_AREA_STYLE ('',( #1208 ) ) ;
#389 = ORIENTED_EDGE ( 'NONE', *, *, #977, .F. ) ;
#390 = PLANE ( 'NONE',  #2016 ) ;
#391 = DIRECTION ( 'NONE',  ( 0.000000000000000000, 0.000000000000000000, -1.000000000000000000 ) ) ;
#392 = CARTESIAN_POINT ( 'NONE',  ( 0.3949295809891197884, 0.3401999999999999469, -0.2303125000000000588 ) ) ;
#393 = SURFACE_SIDE_STYLE ('',( #670 ) ) ;
#394 = EDGE_CURVE ( 'NONE', #2812, #1648, #1816, .T. ) ;
#395 = ORIENTED_EDGE ( 'NONE', *, *, #1245, .T. ) ;
#396 = VERTEX_POINT ( 'NONE', #1249 ) ;
#397 = CARTESIAN_POINT ( 'NONE',  ( 0.5992464858753268064, 0.3401999999999999469, -0.2861521549939672338 ) ) ;
#398 =( BOUNDED_SURFACE ( )  B_SPLINE_SURFACE ( 3, 1, ( 
 ( #3396, #2076 ),
 ( #2056, #3415 ),
 ( #1019, #2836 ),
 ( #1261, #712 ) ),
 .UNSPECIFIED., .F., .F., .F. ) 
 B_SPLINE_SURFACE_WITH_KNOTS ( ( 4, 4 ),
 ( 2, 2 ),
 ( 0.000000000000000000, 0.2773300304197874322 ),
 ( 0.000000000000000000, 1.000000000000000000 ),
 .UNSPECIFIED. ) 
 GEOMETRIC_REPRESENTATION_ITEM ( )  RATIONAL_B_SPLINE_SURFACE ( (
 ( 0.5059754445019720714, 0.5059754445019720714),
 ( 0.4655517742742741882, 0.4655517742742741882),
 ( 0.6302266261069501274, 0.6302266261069501274),
 ( 1.000000000000000000, 1.000000000000000000) ) ) 
 REPRESENTATION_ITEM ( '' )  SURFACE ( )  );
#399 = DIRECTION ( 'NONE',  ( 1.000000000000000000, 0.000000000000000000, 0.000000000000000000 ) ) ;
#400 = ORIENTED_EDGE ( 'NONE', *, *, #566, .T. ) ;
#401 = CARTESIAN_POINT ( 'NONE',  ( 0.4415365938074807817, 0.3401999999999999469, -0.2655248897291799248 ) ) ;
#402 = UNCERTAINTY_MEASURE_WITH_UNIT (LENGTH_MEASURE( 1.000000000000000082E-05 ), #1448, 'distance_accuracy_value', 'NONE');
#403 = LINE ( 'NONE', #2053, #777 ) ;
#404 = ORIENTED_EDGE ( 'NONE', *, *, #2776, .T. ) ;
#405 = SURFACE_STYLE_FILL_AREA ( #200 ) ;
#406 = CARTESIAN_POINT ( 'NONE',  ( 0.4331002479627316659, 0.3401999999999999469, -0.2432824071808737110 ) ) ;
#407 = LINE ( 'NONE', #2837, #714 ) ;
#408 = EDGE_CURVE ( 'NONE', #693, #1087, #2299, .T. ) ;
#409 = SURFACE_STYLE_FILL_AREA ( #2821 ) ;
#410 = CARTESIAN_POINT ( 'NONE',  ( 0.5594815465277973576, 0.3401999999999999469, -0.3217798548428519867 ) ) ;
#411 = EDGE_CURVE ( 'NONE', #3025, #396, #2867, .T. ) ;
#412 = ORIENTED_EDGE ( 'NONE', *, *, #2081, .T. ) ;
#413 = ORIENTED_EDGE ( 'NONE', *, *, #3335, .T. ) ;
#414 = PLANE ( 'NONE',  #491 ) ;
#415 = DIRECTION ( 'NONE',  ( -1.000000000000000000, 0.000000000000000000, 0.000000000000000000 ) ) ;
#416 = ORIENTED_EDGE ( 'NONE', *, *, #121, .F. ) ;
#417 = LINE ( 'NONE', #454, #2620 ) ;
#418 = DIRECTION ( 'NONE',  ( -1.000000000000000000, 0.000000000000000000, 0.000000000000000000 ) ) ;
#419 = VECTOR ( 'NONE', #84, 1000.000000000000000 ) ;
#420 = VECTOR ( 'NONE', #308, 1000.000000000000000 ) ;
#421 = ORIENTED_EDGE ( 'NONE', *, *, #2994, .F. ) ;
#422 = DIRECTION ( 'NONE',  ( 0.000000000000000000, -1.000000000000000000, 0.000000000000000000 ) ) ;
#423 = LINE ( 'NONE', #151, #2909 ) ;
#424 = DIRECTION ( 'NONE',  ( 0.8782331874518982673, 0.000000000000000000, 0.4782326509744800891 ) ) ;
#425 = CARTESIAN_POINT ( 'NONE',  ( 0.4002216716784114392, 0.3401999999999999469, -0.2303125000000000588 ) ) ;
#426 = COLOUR_RGB ( '',0.8980392156862745390, 0.9215686274509803377, 0.9294117647058823817 ) ;
#427 =( LENGTH_UNIT ( ) NAMED_UNIT ( * ) SI_UNIT ( .MILLI., .METRE. ) );
#428 = AXIS2_PLACEMENT_3D ( 'NONE', #651, #2465, #2261 ) ;
#429 = DIRECTION ( 'NONE',  ( -3.580639277029542163E-16, 1.000000000000000000, 0.000000000000000000 ) ) ;
#430 = STYLED_ITEM ( 'NONE', ( #805 ), #3274 ) ;
#431 = VECTOR ( 'NONE', #1375, 1000.000000000000000 ) ;
#432 = ORIENTED_EDGE ( 'NONE', *, *, #3070, .T. ) ;
#433 = MECHANICAL_DESIGN_GEOMETRIC_PRESENTATION_REPRESENTATION (  '', ( #378 ), #2854 ) ;
#434 = ORIENTED_EDGE ( 'NONE', *, *, #788, .F. ) ;
#435 = SURFACE_SIDE_STYLE ('',( #2556 ) ) ;
#436 = PRESENTATION_LAYER_ASSIGNMENT (  '', '', ( #1964 ) ) ;
#437 = DIRECTION ( 'NONE',  ( 0.000000000000000000, 0.000000000000000000, 1.000000000000000000 ) ) ;
#438 = ORIENTED_EDGE ( 'NONE', *, *, #682, .F. ) ;
#439 = EDGE_CURVE ( 'NONE', #1079, #2161, #681, .T. ) ;
#440 = DIRECTION ( 'NONE',  ( 0.000000000000000000, -1.000000000000000000, 0.000000000000000000 ) ) ;
#441 = UNCERTAINTY_MEASURE_WITH_UNIT (LENGTH_MEASURE( 1.000000000000000082E-05 ), #3048, 'distance_accuracy_value', 'NONE');
#442 = ORIENTED_EDGE ( 'NONE', *, *, #939, .T. ) ;
#443 = DIRECTION ( 'NONE',  ( -1.000000000000000000, -1.571307496355803695E-16, 0.000000000000000000 ) ) ;
#444 = PRESENTATION_STYLE_ASSIGNMENT (( #2818 ) ) ;
#445 = DIRECTION ( 'NONE',  ( 0.000000000000000000, 0.000000000000000000, 1.000000000000000000 ) ) ;
#446 = CARTESIAN_POINT ( 'NONE',  ( 0.4276747531157042981, 0.3401999999999999469, -0.3217798548428519867 ) ) ;
#447 = ADVANCED_FACE ( 'NONE', ( #2819 ), #1283, .T. ) ;
#448 = VERTEX_POINT ( 'NONE', #1020 ) ;
#449 = ORIENTED_EDGE ( 'NONE', *, *, #789, .F. ) ;
#450 = PRESENTATION_STYLE_ASSIGNMENT (( #1343 ) ) ;
#451 = CARTESIAN_POINT ( 'NONE',  ( 0.5256956820394330654, 0.3402999999999999359, -0.2867339163362680465 ) ) ;
#452 = EDGE_LOOP ( 'NONE', ( #762, #700 ) ) ;
#453 = EDGE_CURVE ( 'NONE', #1648, #1646, #1553, .T. ) ;
#454 = CARTESIAN_POINT ( 'NONE',  ( 0.3333110193406372268, 0.3401999999999999469, -0.3217798548428519867 ) ) ;
#455 = DIRECTION ( 'NONE',  ( 0.000000000000000000, 0.000000000000000000, 1.000000000000000000 ) ) ;
#456 = EDGE_CURVE ( 'NONE', #1158, #1478, #407, .T. ) ;
#457 = SURFACE_STYLE_FILL_AREA ( #1773 ) ;
#458 = ORIENTED_EDGE ( 'NONE', *, *, #3032, .T. ) ;
#459 = LINE ( 'NONE', #3170, #1573 ) ;
#460 = FACE_OUTER_BOUND ( 'NONE', #878, .T. ) ;
#461 = CARTESIAN_POINT ( 'NONE',  ( 1.071612903225806601, 0.3206000000000000516, 0.000000000000000000 ) ) ;
#462 = SURFACE_STYLE_FILL_AREA ( #2570 ) ;
#463 = CARTESIAN_POINT ( 'NONE',  ( 0.6420075108103675543, 0.3401999999999999469, -0.3217798548428519867 ) ) ;
#464 = EDGE_LOOP ( 'NONE', ( #1189, #442, #1877, #2684, #2318, #3379, #2554, #1650, #222, #2481, #298, #1172 ) ) ;
#465 = LINE ( 'NONE', #853, #2670 ) ;
#466 = VERTEX_POINT ( 'NONE', #713 ) ;
#467 = SURFACE_STYLE_FILL_AREA ( #1349 ) ;
#468 = UNCERTAINTY_MEASURE_WITH_UNIT (LENGTH_MEASURE( 1.000000000000000082E-05 ), #306, 'distance_accuracy_value', 'NONE');
#469 = LINE ( 'NONE', #2122, #163 ) ;
#470 = ORIENTED_EDGE ( 'NONE', *, *, #246, .T. ) ;
#471 = DIRECTION ( 'NONE',  ( 0.000000000000000000, 0.000000000000000000, 1.000000000000000000 ) ) ;
#472 = PRESENTATION_LAYER_ASSIGNMENT (  '', '', ( #1218 ) ) ;
#473 = DIRECTION ( 'NONE',  ( 0.000000000000000000, 0.000000000000000000, 1.000000000000000000 ) ) ;
#474 = CARTESIAN_POINT ( 'NONE',  ( 0.4828782313453666153, 0.3401999999999998914, -0.3065352957023768088 ) ) ;
#475 = FACE_OUTER_BOUND ( 'NONE', #1686, .T. ) ;
#476 = AXIS2_PLACEMENT_3D ( 'NONE', #3116, #429, #1250 ) ;
#477 = SURFACE_STYLE_USAGE ( .BOTH. , #3101 ) ;
#478 = DIRECTION ( 'NONE',  ( -1.000000000000000000, 0.000000000000000000, 0.000000000000000000 ) ) ;
#479 = ADVANCED_FACE ( 'NONE', ( #1483 ), #3381, .T. ) ;
#480 = ADVANCED_FACE ( 'NONE', ( #3360 ), #1538, .T. ) ;
#481 = VECTOR ( 'NONE', #1320, 1000.000000000000000 ) ;
#482 = PRESENTATION_LAYER_ASSIGNMENT (  '', '', ( #381 ) ) ;
#483 = ORIENTED_EDGE ( 'NONE', *, *, #1870, .F. ) ;
#484 = MECHANICAL_DESIGN_GEOMETRIC_PRESENTATION_REPRESENTATION (  '', ( #2555 ), #663 ) ;
#485 = VECTOR ( 'NONE', #2893, 1000.000000000000000 ) ;
#486 = VECTOR ( 'NONE', #804, 1000.000000000000000 ) ;
#487 = AXIS2_PLACEMENT_3D ( 'NONE', #2988, #598, #908 ) ;
#488 = ORIENTED_EDGE ( 'NONE', *, *, #243, .F. ) ;
#489 = CARTESIAN_POINT ( 'NONE',  ( 0.5334857581829244300, 0.3402999999999999359, -0.2648328402104253021 ) ) ;
#490 = CARTESIAN_POINT ( 'NONE',  ( 0.3949295809891197884, 0.3402999999999999359, -0.2616461587604284045 ) ) ;
#491 = AXIS2_PLACEMENT_3D ( 'NONE', #2809, #3088, #701 ) ;
#492 = VECTOR ( 'NONE', #2499, 1000.000000000000000 ) ;
#493 =( BOUNDED_CURVE ( )  B_SPLINE_CURVE ( 3, ( #344, #2329, #1282, #185 ),
 .UNSPECIFIED., .F., .F. ) 
 B_SPLINE_CURVE_WITH_KNOTS ( ( 4, 4 ),
 ( 0.000000000000000000, 0.5000000000000004441 ),
 .UNSPECIFIED. ) 
 CURVE ( )  GEOMETRIC_REPRESENTATION_ITEM ( )  RATIONAL_B_SPLINE_CURVE ( ( 1.000000000000000000, 0.6666666666666664076, 0.4999999999999997780, 0.5000000000000000000 ) ) 
 REPRESENTATION_ITEM ( '' )  );
#494 = LINE ( 'NONE', #1636, #2454 ) ;
#495 = ORIENTED_EDGE ( 'NONE', *, *, #504, .F. ) ;
#496 = CARTESIAN_POINT ( 'NONE',  ( 0.7858064516129034116, 0.3304000000000000270, -0.5500000000000000444 ) ) ;
#497 =( NAMED_UNIT ( * ) SI_UNIT ( $, .STERADIAN. ) SOLID_ANGLE_UNIT ( ) );
#498 =( LENGTH_UNIT ( ) NAMED_UNIT ( * ) SI_UNIT ( .MILLI., .METRE. ) );
#499 = LINE ( 'NONE', #558, #2002 ) ;
#500 = DIRECTION ( 'NONE',  ( 1.000000000000000000, 0.000000000000000000, 0.000000000000000000 ) ) ;
#501 = LINE ( 'NONE', #1849, #652 ) ;
#502 = EDGE_CURVE ( 'NONE', #2618, #1006, #3111, .T. ) ;
#503 = FILL_AREA_STYLE ('',( #2151 ) ) ;
#504 = EDGE_CURVE ( 'NONE', #2083, #1251, #1372, .T. ) ;
#505 = ORIENTED_EDGE ( 'NONE', *, *, #796, .F. ) ;
#506 = SURFACE_SIDE_STYLE ('',( #242 ) ) ;
#507 = EDGE_LOOP ( 'NONE', ( #2505, #2062, #3388, #1357 ) ) ;
#508 =( NAMED_UNIT ( * ) SI_UNIT ( $, .STERADIAN. ) SOLID_ANGLE_UNIT ( ) );
#509 = DIRECTION ( 'NONE',  ( 1.000000000000000000, 0.000000000000000000, 0.000000000000000000 ) ) ;
#510 = CARTESIAN_POINT ( 'NONE',  ( 0.6449420462155315281, 0.3402999999999999359, -0.2760461774214260089 ) ) ;
#511 = VERTEX_POINT ( 'NONE', #823 ) ;
#512 = LINE ( 'NONE', #3456, #323 ) ;
#513 = CARTESIAN_POINT ( 'NONE',  ( 0.000000000000000000, 0.000000000000000000, -0.5500000000000000444 ) ) ;
#514 = DIRECTION ( 'NONE',  ( 0.000000000000000000, 1.000000000000000000, 0.000000000000000000 ) ) ;
#515 = CARTESIAN_POINT ( 'NONE',  ( 0.5594815465277978017, 0.3401999999999999469, -0.2867339163362680465 ) ) ;
#516 = CARTESIAN_POINT ( 'NONE',  ( 0.7358064516129033672, 0.000000000000000000, -0.5500000000000000444 ) ) ;
#517 = PLANE ( 'NONE',  #1896 ) ;
#518 = SURFACE_STYLE_FILL_AREA ( #503 ) ;
#519 = EDGE_CURVE ( 'NONE', #3169, #241, #1355, .T. ) ;
#520 = CARTESIAN_POINT ( 'NONE',  ( 0.6420075108103675543, 0.3401999999999999469, -0.2303125000000000588 ) ) ;
#521 = ORIENTED_EDGE ( 'NONE', *, *, #1891, .T. ) ;
#522 =( NAMED_UNIT ( * ) PLANE_ANGLE_UNIT ( ) SI_UNIT ( $, .RADIAN. ) );
#523 = EDGE_CURVE ( 'NONE', #2169, #125, #2429, .T. ) ;
#524 = ORIENTED_EDGE ( 'NONE', *, *, #638, .T. ) ;
#525 =( NAMED_UNIT ( * ) SI_UNIT ( $, .STERADIAN. ) SOLID_ANGLE_UNIT ( ) );
#526 = CARTESIAN_POINT ( 'NONE',  ( -0.01419354838709677331, -1.413568856239753217E-19, 0.000000000000000000 ) ) ;
#527 = EDGE_CURVE ( 'NONE', #2660, #856, #1898, .T. ) ;
#528 = CARTESIAN_POINT ( 'NONE',  ( 0.3949295809891197884, 0.3401999999999999469, -0.2616461587604284045 ) ) ;
#529 = EDGE_LOOP ( 'NONE', ( #3272, #249, #1586, #1254 ) ) ;
#530 = LINE ( 'NONE', #2417, #778 ) ;
#531 = DIRECTION ( 'NONE',  ( 1.000000000000000000, 0.000000000000000000, 0.000000000000000000 ) ) ;
#532 = CARTESIAN_POINT ( 'NONE',  ( 0.7117233267490855608, 0.3401999999999999469, -0.2760461774214260644 ) ) ;
#533 = ORIENTED_EDGE ( 'NONE', *, *, #2039, .T. ) ;
#534 = CARTESIAN_POINT ( 'NONE',  ( 0.5992464858753268064, 0.3401999999999999469, -0.2529653581143512242 ) ) ;
#535 = DIRECTION ( 'NONE',  ( 0.000000000000000000, 0.000000000000000000, 1.000000000000000000 ) ) ;
#536 = CARTESIAN_POINT ( 'NONE',  ( 0.3660561914672217365, 0.3402999999999999359, -0.2616461587604284045 ) ) ;
#537 = CLOSED_SHELL ( 'NONE', ( #899, #3069, #1155, #2844, #572, #2874, #2664, #3181, #2538, #1150, #1699, #2851, #3031, #3049, #97 ) ) ;
#538 = DIRECTION ( 'NONE',  ( 0.000000000000000000, 0.000000000000000000, 1.000000000000000000 ) ) ;
#539 = ORIENTED_EDGE ( 'NONE', *, *, #2962, .F. ) ;
#540 = SURFACE_STYLE_FILL_AREA ( #2223 ) ;
#541 =( GEOMETRIC_REPRESENTATION_CONTEXT ( 3 ) GLOBAL_UNCERTAINTY_ASSIGNED_CONTEXT ( ( #3309 ) ) GLOBAL_UNIT_ASSIGNED_CONTEXT ( ( #2593, #2810, #193 ) ) REPRESENTATION_CONTEXT ( 'NONE', 'WORKASPACE' ) );
#542 = EDGE_LOOP ( 'NONE', ( #1129, #1770, #1435, #3462 ) ) ;
#543 = DIRECTION ( 'NONE',  ( 0.000000000000000000, 0.000000000000000000, -1.000000000000000000 ) ) ;
#544 = VECTOR ( 'NONE', #1992, 1000.000000000000000 ) ;
#545 = CARTESIAN_POINT ( 'NONE',  ( 0.4480784546120975542, 0.3402999999999999359, -0.2800142601310718904 ) ) ;
#546 = AXIS2_PLACEMENT_3D ( 'NONE', #2163, #2433, #1916 ) ;
#547 = VECTOR ( 'NONE', #2580, 1000.000000000000000 ) ;
#548 = VECTOR ( 'NONE', #3, 1000.000000000000000 ) ;
#549 = ADVANCED_FACE ( 'NONE', ( #2379 ), #54, .F. ) ;
#550 = FACE_OUTER_BOUND ( 'NONE', #2476, .T. ) ;
#551 = EDGE_LOOP ( 'NONE', ( #2967, #2045, #2605, #3219 ) ) ;
#552 = DIRECTION ( 'NONE',  ( 0.000000000000000000, 1.000000000000000000, 0.000000000000000000 ) ) ;
#553 = COLOUR_RGB ( '',0.1019607843137254888, 0.1019607843137254888, 0.1019607843137254888 ) ;
#554 = PLANE ( 'NONE',  #3085 ) ;
#555 = CARTESIAN_POINT ( 'NONE',  ( 0.5288939577116051893, 0.3401999999999999469, -0.2973072158944792265 ) ) ;
#556 =( GEOMETRIC_REPRESENTATION_CONTEXT ( 3 ) GLOBAL_UNCERTAINTY_ASSIGNED_CONTEXT ( ( #2343 ) ) GLOBAL_UNIT_ASSIGNED_CONTEXT ( ( #3340, #2794, #940 ) ) REPRESENTATION_CONTEXT ( 'NONE', 'WORKASPACE' ) );
#557 = ORIENTED_EDGE ( 'NONE', *, *, #408, .F. ) ;
#558 = CARTESIAN_POINT ( 'NONE',  ( 0.4688551010881096825, 0.3402999999999999359, -0.2303125000000000588 ) ) ;
#559 = CARTESIAN_POINT ( 'NONE',  ( 1.085806451612903567, -0.009799999999999944172, -0.5500000000000000444 ) ) ;
#560 = CARTESIAN_POINT ( 'NONE',  ( 0.3450000000000000289, 0.3206000000000000516, -0.5500000000000000444 ) ) ;
#561 = ORIENTED_EDGE ( 'NONE', *, *, #566, .F. ) ;
#562 = CARTESIAN_POINT ( 'NONE',  ( 0.5077672130804182782, 0.3402999999999999359, -0.2738766867985915066 ) ) ;
#563 = CARTESIAN_POINT ( 'NONE',  ( 0.6679373782663278192, 0.3401999999999998914, -0.3217798548428522087 ) ) ;
#564 = ORIENTED_EDGE ( 'NONE', *, *, #2749, .T. ) ;
#565 = CARTESIAN_POINT ( 'NONE',  ( 0.5076839769970602489, 0.3402000000000000024, -0.2746338298333770855 ) ) ;
#566 = EDGE_CURVE ( 'NONE', #631, #1078, #3239, .T. ) ;
#567 = EDGE_CURVE ( 'NONE', #3476, #1722, #1583, .T. ) ;
#568 = DIRECTION ( 'NONE',  ( 0.000000000000000000, 0.000000000000000000, -1.000000000000000000 ) ) ;
#569 = ORIENTED_EDGE ( 'NONE', *, *, #1039, .T. ) ;
#570 = PLANE ( 'NONE',  #2724 ) ;
#571 = FILL_AREA_STYLE_COLOUR ( '', #209 ) ;
#572 = ADVANCED_FACE ( 'NONE', ( #252 ), #2097, .F. ) ;
#573 = PRESENTATION_STYLE_ASSIGNMENT (( #1934 ) ) ;
#574 = ORIENTED_EDGE ( 'NONE', *, *, #1864, .F. ) ;
#575 = SURFACE_SIDE_STYLE ('',( #11 ) ) ;
#576 = CARTESIAN_POINT ( 'NONE',  ( 0.4688551010881096825, 0.3401999999999999469, -0.2303125000000000588 ) ) ;
#577 = LINE ( 'NONE', #520, #327 ) ;
#578 = EDGE_LOOP ( 'NONE', ( #438, #1655, #2411, #389 ) ) ;
#579 = ORIENTED_EDGE ( 'NONE', *, *, #519, .T. ) ;
#580 = FILL_AREA_STYLE ('',( #3217 ) ) ;
#581 = LINE ( 'NONE', #1381, #2246 ) ;
#582 = ORIENTED_EDGE ( 'NONE', *, *, #2749, .F. ) ;
#583 = SURFACE_STYLE_USAGE ( .BOTH. , #1985 ) ;
#584 = CARTESIAN_POINT ( 'NONE',  ( 0.000000000000000000, 0.000000000000000000, 0.000000000000000000 ) ) ;
#585 = ORIENTED_EDGE ( 'NONE', *, *, #2840, .T. ) ;
#586 = LINE ( 'NONE', #2474, #2658 ) ;
#587 =( NAMED_UNIT ( * ) PLANE_ANGLE_UNIT ( ) SI_UNIT ( $, .RADIAN. ) );
#588 = EDGE_CURVE ( 'NONE', #1752, #2858, #1845, .T. ) ;
#589 = DIRECTION ( 'NONE',  ( 0.000000000000000000, 0.000000000000000000, 1.000000000000000000 ) ) ;
#590 = FACE_OUTER_BOUND ( 'NONE', #2123, .T. ) ;
#591 = ORIENTED_EDGE ( 'NONE', *, *, #2120, .T. ) ;
#592 = EDGE_CURVE ( 'NONE', #1348, #1373, #629, .T. ) ;
#593 = CARTESIAN_POINT ( 'NONE',  ( 0.7117233267490853388, 0.3402999999999999359, -0.2622632156853723084 ) ) ;
#594 = PLANE ( 'NONE',  #428 ) ;
#595 = VECTOR ( 'NONE', #202, 1000.000000000000000 ) ;
#596 = COLOUR_RGB ( '',0.7921568627450980005, 0.8196078431372548767, 0.9333333333333333481 ) ;
#597 = COLOUR_RGB ( '',0.1019607843137254888, 0.1019607843137254888, 0.1019607843137254888 ) ;
#598 = DIRECTION ( 'NONE',  ( 3.580639277029542163E-16, 1.000000000000000000, -0.000000000000000000 ) ) ;
#599 = ORIENTED_EDGE ( 'NONE', *, *, #1887, .T. ) ;
#600 = DIRECTION ( 'NONE',  ( 1.000000000000000000, 0.000000000000000000, 0.000000000000000000 ) ) ;
#601 = CARTESIAN_POINT ( 'NONE',  ( -5.759824041329242306E-17, 0.3206000000000000516, -0.5500000000000000444 ) ) ;
#602 = DIRECTION ( 'NONE',  ( 0.000000000000000000, 0.000000000000000000, 1.000000000000000000 ) ) ;
#603 = STYLED_ITEM ( 'NONE', ( #1080 ), #124 ) ;
#604 = VECTOR ( 'NONE', #2930, 1000.000000000000000 ) ;
#605 =( GEOMETRIC_REPRESENTATION_CONTEXT ( 3 ) GLOBAL_UNCERTAINTY_ASSIGNED_CONTEXT ( ( #169 ) ) GLOBAL_UNIT_ASSIGNED_CONTEXT ( ( #1593, #1353, #2772 ) ) REPRESENTATION_CONTEXT ( 'NONE', 'WORKASPACE' ) );
#606 = ORIENTED_EDGE ( 'NONE', *, *, #2391, .T. ) ;
#607 = PRESENTATION_STYLE_ASSIGNMENT (( #1144 ) ) ;
#608 = ADVANCED_FACE ( 'NONE', ( #1596 ), #2933, .T. ) ;
#609 = MECHANICAL_DESIGN_GEOMETRIC_PRESENTATION_REPRESENTATION (  '', ( #1964 ), #1062 ) ;
#610 = LINE ( 'NONE', #665, #2390 ) ;
#611 = DIRECTION ( 'NONE',  ( 0.000000000000000000, 0.000000000000000000, 1.000000000000000000 ) ) ;
#612 = EDGE_CURVE ( 'NONE', #1794, #448, #3328, .T. ) ;
#613 = CARTESIAN_POINT ( 'NONE',  ( 0.5288688954469592529, 0.3402999999999999359, -0.2303124999999999756 ) ) ;
#614 = DIRECTION ( 'NONE',  ( 0.000000000000000000, -0.000000000000000000, -1.000000000000000000 ) ) ;
#615 = FACE_OUTER_BOUND ( 'NONE', #3127, .T. ) ;
#616 = ADVANCED_FACE ( 'NONE', ( #96 ), #1125, .F. ) ;
#617 = VERTEX_POINT ( 'NONE', #1653 ) ;
#618 =( NAMED_UNIT ( * ) PLANE_ANGLE_UNIT ( ) SI_UNIT ( $, .RADIAN. ) );
#619 = VERTEX_POINT ( 'NONE', #1721 ) ;
#620 = DIRECTION ( 'NONE',  ( 0.000000000000000000, 1.000000000000000000, -0.000000000000000000 ) ) ;
#621 = LINE ( 'NONE', #387, #666 ) ;
#622 = MANIFOLD_SOLID_BREP ( 'Lead1', #828 ) ;
#623 = DIRECTION ( 'NONE',  ( 0.000000000000000000, 1.000000000000000000, 0.000000000000000000 ) ) ;
#624 = ORIENTED_EDGE ( 'NONE', *, *, #3228, .T. ) ;
#625 = FACE_OUTER_BOUND ( 'NONE', #452, .T. ) ;
#626 = CARTESIAN_POINT ( 'NONE',  ( 0.5334857581829244300, 0.3402999999999999359, -0.2648328402104253021 ) ) ;
#627 = PLANE ( 'NONE',  #56 ) ;
#628 = FACE_OUTER_BOUND ( 'NONE', #1238, .T. ) ;
#629 =( BOUNDED_CURVE ( )  B_SPLINE_CURVE ( 3, ( #2916, #1615, #806, #1880, #2669, #1640, #2365 ),
 .UNSPECIFIED., .F., .F. ) 
 B_SPLINE_CURVE_WITH_KNOTS ( ( 4, 3, 4 ),
 ( 0.2499999999999999445, 0.5000000000000000000, 0.7500000000000002220 ),
 .UNSPECIFIED. ) 
 CURVE ( )  GEOMETRIC_REPRESENTATION_ITEM ( )  RATIONAL_B_SPLINE_CURVE ( ( 0.5000000000000000000, 0.5000000000000000000, 0.6666666666666666297, 1.000000000000000000, 0.6666666666666664076, 0.4999999999999997780, 0.5000000000000000000 ) ) 
 REPRESENTATION_ITEM ( '' )  );
#630 = CARTESIAN_POINT ( 'NONE',  ( 0.5334857581829244300, 0.3401999999999999469, -0.2648328402104253021 ) ) ;
#631 = VERTEX_POINT ( 'NONE', #1689 ) ;
#632 = DIRECTION ( 'NONE',  ( 0.000000000000000000, 0.000000000000000000, 1.000000000000000000 ) ) ;
#633 = ADVANCED_FACE ( 'NONE', ( #1462 ), #1154, .T. ) ;
#634 = CARTESIAN_POINT ( 'NONE',  ( 0.5288939577122110380, 0.3402999999999999359, -0.2973072158944790599 ) ) ;
#635 = ORIENTED_EDGE ( 'NONE', *, *, #723, .F. ) ;
#636 = ADVANCED_FACE ( 'NONE', ( #706 ), #2831, .T. ) ;
#637 = DIRECTION ( 'NONE',  ( 0.000000000000000000, 0.000000000000000000, -1.000000000000000000 ) ) ;
#638 = EDGE_CURVE ( 'NONE', #3334, #852, #2422, .T. ) ;
#639 = DIRECTION ( 'NONE',  ( -1.000000000000000000, 0.000000000000000000, 0.000000000000000000 ) ) ;
#640 = DIRECTION ( 'NONE',  ( 1.000000000000000000, 0.000000000000000000, 0.000000000000000000 ) ) ;
#641 = CARTESIAN_POINT ( 'NONE',  ( -0.01419354838709677331, -1.413568856239753217E-19, -0.5500000000000000444 ) ) ;
#642 = ORIENTED_EDGE ( 'NONE', *, *, #277, .T. ) ;
#643 =( NAMED_UNIT ( * ) PLANE_ANGLE_UNIT ( ) SI_UNIT ( $, .RADIAN. ) );
#644 = FILL_AREA_STYLE ('',( #1692 ) ) ;
#645 = LINE ( 'NONE', #2765, #492 ) ;
#646 = CARTESIAN_POINT ( 'NONE',  ( 0.000000000000000000, 0.000000000000000000, -0.5500000000000000444 ) ) ;
#647 = LINE ( 'NONE', #2846, #2965 ) ;
#648 = VECTOR ( 'NONE', #1106, 1000.000000000000114 ) ;
#649 = ORIENTED_EDGE ( 'NONE', *, *, #800, .T. ) ;
#650 = PLANE ( 'NONE',  #1114 ) ;
#651 = CARTESIAN_POINT ( 'NONE',  ( -0.006351718067572125967, 0.3402999999999999359, -0.02084885575752082332 ) ) ;
#652 = VECTOR ( 'NONE', #535, 1000.000000000000000 ) ;
#653 = LINE ( 'NONE', #179, #2350 ) ;
#654 = ORIENTED_EDGE ( 'NONE', *, *, #2763, .F. ) ;
#655 = DIRECTION ( 'NONE',  ( 0.000000000000000000, 1.000000000000000000, 0.000000000000000000 ) ) ;
#656 = STYLED_ITEM ( 'NONE', ( #3186 ), #608 ) ;
#657 = FACE_OUTER_BOUND ( 'NONE', #685, .T. ) ;
#658 = SURFACE_STYLE_USAGE ( .BOTH. , #3094 ) ;
#659 = MECHANICAL_DESIGN_GEOMETRIC_PRESENTATION_REPRESENTATION (  '', ( #1294 ), #2609 ) ;
#660 = EDGE_CURVE ( 'NONE', #1632, #287, #2113, .T. ) ;
#661 = PRESENTATION_LAYER_ASSIGNMENT (  '', '', ( #1398 ) ) ;
#662 = VERTEX_POINT ( 'NONE', #536 ) ;
#663 =( GEOMETRIC_REPRESENTATION_CONTEXT ( 3 ) GLOBAL_UNCERTAINTY_ASSIGNED_CONTEXT ( ( #2308 ) ) GLOBAL_UNIT_ASSIGNED_CONTEXT ( ( #18, #2191, #3299 ) ) REPRESENTATION_CONTEXT ( 'NONE', 'WORKASPACE' ) );
#664 = CARTESIAN_POINT ( 'NONE',  ( -3.509026491488932446E-18, -0.009799999999999949377, 0.000000000000000000 ) ) ;
#665 = CARTESIAN_POINT ( 'NONE',  ( 1.071612903225806601, 0.000000000000000000, 0.000000000000000000 ) ) ;
#666 = VECTOR ( 'NONE', #1946, 1000.000000000000000 ) ;
#667 = DIRECTION ( 'NONE',  ( 1.000000000000000000, 0.000000000000000000, -0.000000000000000000 ) ) ;
#668 = VECTOR ( 'NONE', #2876, 1000.000000000000000 ) ;
#669 = AXIS2_PLACEMENT_3D ( 'NONE', #1700, #1120, #568 ) ;
#670 = SURFACE_STYLE_FILL_AREA ( #3064 ) ;
#671 = CARTESIAN_POINT ( 'NONE',  ( 0.7369233744187165813, 0.3401999999999999469, -0.2760461774214260644 ) ) ;
#672 = ORIENTED_EDGE ( 'NONE', *, *, #333, .T. ) ;
#673 = ORIENTED_EDGE ( 'NONE', *, *, #2226, .T. ) ;
#674 = DIRECTION ( 'NONE',  ( 1.000000000000000000, 0.000000000000000000, 0.000000000000000000 ) ) ;
#675 = CARTESIAN_POINT ( 'NONE',  ( 0.3660561914672217365, 0.3401999999999999469, -0.2616461587604284045 ) ) ;
#676 = ORIENTED_EDGE ( 'NONE', *, *, #63, .F. ) ;
#677 = DIRECTION ( 'NONE',  ( 0.000000000000000000, 0.000000000000000000, 1.000000000000000000 ) ) ;
#678 = EDGE_CURVE ( 'NONE', #2825, #212, #2167, .T. ) ;
#679 = ORIENTED_EDGE ( 'NONE', *, *, #881, .F. ) ;
#680 = CARTESIAN_POINT ( 'NONE',  ( 0.7369233744187166923, 0.3401999999999999469, -0.2760461774214260644 ) ) ;
#681 = LINE ( 'NONE', #461, #2845 ) ;
#682 = EDGE_CURVE ( 'NONE', #2090, #726, #746, .T. ) ;
#683 = DIRECTION ( 'NONE',  ( 0.000000000000000000, -1.000000000000000000, -0.000000000000000000 ) ) ;
#684 =( LENGTH_UNIT ( ) NAMED_UNIT ( * ) SI_UNIT ( .MILLI., .METRE. ) );
#685 = EDGE_LOOP ( 'NONE', ( #2310, #2768, #870, #1943 ) ) ;
#686 = ORIENTED_EDGE ( 'NONE', *, *, #1042, .T. ) ;
#687 = CARTESIAN_POINT ( 'NONE',  ( 0.3804928862281707902, 0.3402999999999999359, -0.2852421765749061922 ) ) ;
#688 = VERTEX_POINT ( 'NONE', #3498 ) ;
#689 = CARTESIAN_POINT ( 'NONE',  ( -5.759824041329242306E-17, 0.3206000000000000516, -0.5500000000000000444 ) ) ;
#690 = CARTESIAN_POINT ( 'NONE',  ( 0.6909327103171241102, 0.3401999999999999469, -0.2553717348173454860 ) ) ;
#691 = MANIFOLD_SOLID_BREP ( 'Lead2', #1452 ) ;
#692 = UNCERTAINTY_MEASURE_WITH_UNIT (LENGTH_MEASURE( 1.000000000000000082E-05 ), #2410, 'distance_accuracy_value', 'NONE');
#693 = VERTEX_POINT ( 'NONE', #1376 ) ;
#694 = PLANE ( 'NONE',  #948 ) ;
#695 = CARTESIAN_POINT ( 'NONE',  ( 0.5256956820394330654, 0.3401999999999999469, -0.2867339163362680465 ) ) ;
#696 = DIRECTION ( 'NONE',  ( -0.000000000000000000, 0.000000000000000000, -1.000000000000000000 ) ) ;
#697 = DIRECTION ( 'NONE',  ( -1.000000000000000000, 0.000000000000000000, 0.000000000000000000 ) ) ;
#698 = EDGE_CURVE ( 'NONE', #1399, #2578, #1035, .T. ) ;
#699 = ORIENTED_EDGE ( 'NONE', *, *, #523, .T. ) ;
#700 = ORIENTED_EDGE ( 'NONE', *, *, #592, .T. ) ;
#701 = DIRECTION ( 'NONE',  ( 0.4081380724647398206, 0.000000000000000000, -0.9129202121788994040 ) ) ;
#702 = COLOUR_RGB ( '',0.8980392156862745390, 0.9215686274509803377, 0.9294117647058823817 ) ;
#703 = FILL_AREA_STYLE_COLOUR ( '', #1523 ) ;
#704 = ORIENTED_EDGE ( 'NONE', *, *, #439, .F. ) ;
#705 = PRESENTATION_STYLE_ASSIGNMENT (( #197 ) ) ;
#706 = FACE_OUTER_BOUND ( 'NONE', #1097, .T. ) ;
#707 = VECTOR ( 'NONE', #101, 1000.000000000000114 ) ;
#708 = VECTOR ( 'NONE', #3078, 1000.000000000000000 ) ;
#709 = CARTESIAN_POINT ( 'NONE',  ( 0.3450000000000000289, 0.000000000000000000, -0.5500000000000000444 ) ) ;
#710 = ORIENTED_EDGE ( 'NONE', *, *, #2823, .F. ) ;
#711 = LINE ( 'NONE', #173, #2295 ) ;
#712 = CARTESIAN_POINT ( 'NONE',  ( 0.5076413463041338225, 0.3402999999999999914, -0.2761733598502854048 ) ) ;
#713 = CARTESIAN_POINT ( 'NONE',  ( 0.5594815465277973576, 0.3402999999999999359, -0.2973072158944790599 ) ) ;
#714 = VECTOR ( 'NONE', #391, 1000.000000000000000 ) ;
#715 = CARTESIAN_POINT ( 'NONE',  ( 0.7358064516129033672, 0.000000000000000000, 0.000000000000000000 ) ) ;
#716 = PRESENTATION_LAYER_ASSIGNMENT (  '', '', ( #373 ) ) ;
#717 = DIRECTION ( 'NONE',  ( 0.000000000000000000, 1.000000000000000000, -0.000000000000000000 ) ) ;
#718 = VECTOR ( 'NONE', #3189, 1000.000000000000000 ) ;
#719 =( NAMED_UNIT ( * ) SI_UNIT ( $, .STERADIAN. ) SOLID_ANGLE_UNIT ( ) );
#720 = AXIS2_PLACEMENT_3D ( 'NONE', #1440, #639, #3022 ) ;
#721 = VECTOR ( 'NONE', #2690, 1000.000000000000000 ) ;
#722 = MECHANICAL_DESIGN_GEOMETRIC_PRESENTATION_REPRESENTATION (  '', ( #272 ), #1288 ) ;
#723 = EDGE_CURVE ( 'NONE', #3329, #3042, #2185, .T. ) ;
#724 = ORIENTED_EDGE ( 'NONE', *, *, #986, .F. ) ;
#725 = AXIS2_PLACEMENT_3D ( 'NONE', #1014, #1606, #1316 ) ;
#726 = VERTEX_POINT ( 'NONE', #1902 ) ;
#727 = AXIS2_PLACEMENT_3D ( 'NONE', #675, #415, #437 ) ;
#728 = EDGE_CURVE ( 'NONE', #996, #934, #1868, .T. ) ;
#729 = FACE_OUTER_BOUND ( 'NONE', #810, .T. ) ;
#730 = ORIENTED_EDGE ( 'NONE', *, *, #2325, .T. ) ;
#731 = CARTESIAN_POINT ( 'NONE',  ( 0.5594815465277978017, 0.3401999999999999469, -0.2303125000000000588 ) ) ;
#732 = FACE_OUTER_BOUND ( 'NONE', #1894, .T. ) ;
#733 = ORIENTED_EDGE ( 'NONE', *, *, #1954, .F. ) ;
#734 = CARTESIAN_POINT ( 'NONE',  ( 0.5076413463041337115, 0.3401999999999998914, -0.2761733598502855158 ) ) ;
#735 = DIRECTION ( 'NONE',  ( -1.000000000000000000, 0.000000000000000000, 0.000000000000000000 ) ) ;
#736 = CARTESIAN_POINT ( 'NONE',  ( 0.3450000000000000289, 0.3206000000000000516, -0.5500000000000000444 ) ) ;
#737 = DIRECTION ( 'NONE',  ( 1.000000000000000000, 0.000000000000000000, 0.000000000000000000 ) ) ;
#738 = PRESENTATION_STYLE_ASSIGNMENT (( #3461 ) ) ;
#739 = ORIENTED_EDGE ( 'NONE', *, *, #2531, .T. ) ;
#740 = EDGE_LOOP ( 'NONE', ( #539, #3204, #1759, #2138 ) ) ;
#741 = DIRECTION ( 'NONE',  ( -0.4114965523852595064, 0.000000000000000000, -0.9114113162425873105 ) ) ;
#742 = ORIENTED_EDGE ( 'NONE', *, *, #2645, .T. ) ;
#743 = CARTESIAN_POINT ( 'NONE',  ( 0.5594815465277978017, 0.3402999999999999359, -0.2303125000000000588 ) ) ;
#744 = SURFACE_STYLE_FILL_AREA ( #3123 ) ;
#745 = EDGE_CURVE ( 'NONE', #872, #199, #1644, .T. ) ;
#746 =( BOUNDED_CURVE ( )  B_SPLINE_CURVE ( 3, ( #1657, #2695, #3474, #1310, #294, #2951, #2677 ),
 .UNSPECIFIED., .F., .F. ) 
 B_SPLINE_CURVE_WITH_KNOTS ( ( 4, 3, 4 ),
 ( 0.2499999999999996114, 0.5000000000000000000, 0.7500000000000000000 ),
 .UNSPECIFIED. ) 
 CURVE ( )  GEOMETRIC_REPRESENTATION_ITEM ( )  RATIONAL_B_SPLINE_CURVE ( ( 0.5000000000000000000, 0.4999999999999995559, 0.6666666666666661856, 1.000000000000000000, 0.6666666666666665186, 0.4999999999999998890, 0.5000000000000000000 ) ) 
 REPRESENTATION_ITEM ( '' )  );
#747 = EDGE_CURVE ( 'NONE', #1121, #1280, #28, .T. ) ;
#748 = DIRECTION ( 'NONE',  ( -0.3650574326394500080, 0.000000000000000000, 0.9309850003489279491 ) ) ;
#749 = ORIENTED_EDGE ( 'NONE', *, *, #983, .F. ) ;
#750 = DIRECTION ( 'NONE',  ( 1.000000000000000000, 0.000000000000000000, 0.000000000000000000 ) ) ;
#751 = CARTESIAN_POINT ( 'NONE',  ( 0.3450000000000000289, 0.3206000000000000516, 0.000000000000000000 ) ) ;
#752 = DIRECTION ( 'NONE',  ( -1.000000000000000000, 0.000000000000000000, 0.000000000000000000 ) ) ;
#753 =( NAMED_UNIT ( * ) SI_UNIT ( $, .STERADIAN. ) SOLID_ANGLE_UNIT ( ) );
#754 = DIRECTION ( 'NONE',  ( 0.000000000000000000, 1.000000000000000000, 0.000000000000000000 ) ) ;
#755 = VERTEX_POINT ( 'NONE', #1921 ) ;
#756 = PRESENTATION_STYLE_ASSIGNMENT (( #2925 ) ) ;
#757 = ORIENTED_EDGE ( 'NONE', *, *, #1765, .T. ) ;
#758 = DIRECTION ( 'NONE',  ( 0.000000000000000000, 0.000000000000000000, -1.000000000000000000 ) ) ;
#759 = PRODUCT_DEFINITION_CONTEXT ( 'detailed design', #3194, 'design' ) ;
#760 = CARTESIAN_POINT ( 'NONE',  ( 0.7266129032258066278, 0.3206000000000000516, 0.000000000000000000 ) ) ;
#761 = EDGE_CURVE ( 'NONE', #149, #3276, #2998, .T. ) ;
#762 = ORIENTED_EDGE ( 'NONE', *, *, #1763, .T. ) ;
#763 = LINE ( 'NONE', #1370, #3206 ) ;
#764 =( GEOMETRIC_REPRESENTATION_CONTEXT ( 3 ) GLOBAL_UNCERTAINTY_ASSIGNED_CONTEXT ( ( #1826 ) ) GLOBAL_UNIT_ASSIGNED_CONTEXT ( ( #427, #2301, #753 ) ) REPRESENTATION_CONTEXT ( 'NONE', 'WORKASPACE' ) );
#765 = DIRECTION ( 'NONE',  ( 1.000000000000000000, -9.158110993746760589E-16, 0.000000000000000000 ) ) ;
#766 = EDGE_CURVE ( 'NONE', #1219, #1468, #771, .T. ) ;
#767 =( BOUNDED_SURFACE ( )  B_SPLINE_SURFACE ( 3, 1, ( 
 ( #1698, #907 ),
 ( #2769, #3339 ),
 ( #2790, #1664 ),
 ( #936, #2287 ) ),
 .UNSPECIFIED., .F., .F., .F. ) 
 B_SPLINE_SURFACE_WITH_KNOTS ( ( 4, 4 ),
 ( 2, 2 ),
 ( 0.7500000000017603696, 1.000000000000000000 ),
 ( 0.000000000000000000, 1.000000000000000000 ),
 .UNSPECIFIED. ) 
 GEOMETRIC_REPRESENTATION_ITEM ( )  RATIONAL_B_SPLINE_SURFACE ( (
 ( 0.5000000000000000000, 0.5000000000000000000),
 ( 0.5000000000023472335, 0.5000000000023472335),
 ( 0.6666666666690138632, 0.6666666666690138632),
 ( 1.000000000000000000, 1.000000000000000000) ) ) 
 REPRESENTATION_ITEM ( '' )  SURFACE ( )  );
#768 = MECHANICAL_DESIGN_GEOMETRIC_PRESENTATION_REPRESENTATION (  '', ( #1952 ), #3021 ) ;
#769 = CARTESIAN_POINT ( 'NONE',  ( 0.7117233267490853388, 0.3402999999999999359, -0.2760461774214260089 ) ) ;
#770 = DIRECTION ( 'NONE',  ( -0.4114965523852594509, 0.000000000000000000, 0.9114113162425871995 ) ) ;
#771 = LINE ( 'NONE', #2923, #1846 ) ;
#772 =( GEOMETRIC_REPRESENTATION_CONTEXT ( 3 ) GLOBAL_UNCERTAINTY_ASSIGNED_CONTEXT ( ( #1933 ) ) GLOBAL_UNIT_ASSIGNED_CONTEXT ( ( #2070, #3391, #2889 ) ) REPRESENTATION_CONTEXT ( 'NONE', 'WORKASPACE' ) );
#773 = MECHANICAL_DESIGN_GEOMETRIC_PRESENTATION_REPRESENTATION (  '', ( #3141 ), #2783 ) ;
#774 = VERTEX_POINT ( 'NONE', #2655 ) ;
#776 = CARTESIAN_POINT ( 'NONE',  ( 0.7266129032258066278, 0.3304000000000000825, 0.000000000000000000 ) ) ;
#775 = PRESENTATION_LAYER_ASSIGNMENT (  '', '', ( #603 ) ) ;
#777 = VECTOR ( 'NONE', #2565, 1000.000000000000000 ) ;
#778 = VECTOR ( 'NONE', #3470, 1000.000000000000000 ) ;
#779 =( GEOMETRIC_REPRESENTATION_CONTEXT ( 3 ) GLOBAL_UNCERTAINTY_ASSIGNED_CONTEXT ( ( #2947 ) ) GLOBAL_UNIT_ASSIGNED_CONTEXT ( ( #2344, #1017, #2648 ) ) REPRESENTATION_CONTEXT ( 'NONE', 'WORKASPACE' ) );
#780 = ORIENTED_EDGE ( 'NONE', *, *, #3251, .F. ) ;
#781 = CARTESIAN_POINT ( 'NONE',  ( 1.071612903225806601, 0.000000000000000000, -0.5500000000000000444 ) ) ;
#782 = DIRECTION ( 'NONE',  ( 0.000000000000000000, 1.000000000000000000, 0.000000000000000000 ) ) ;
#783 = ORIENTED_EDGE ( 'NONE', *, *, #1156, .F. ) ;
#784 = APPLICATION_CONTEXT ( 'automotive_design' ) ;
#785 = PRESENTATION_STYLE_ASSIGNMENT (( #2178 ) ) ;
#786 = CARTESIAN_POINT ( 'NONE',  ( 0.5992464858753268064, 0.3401999999999999469, -0.2981571804488010735 ) ) ;
#787 = CARTESIAN_POINT ( 'NONE',  ( 0.6701420938851625486, 0.3402999999999999359, -0.3173950626295872768 ) ) ;
#788 = EDGE_CURVE ( 'NONE', #2561, #2753, #256, .T. ) ;
#789 = EDGE_CURVE ( 'NONE', #1078, #1592, #270, .T. ) ;
#790 = DIRECTION ( 'NONE',  ( 0.000000000000000000, 1.000000000000000000, 0.000000000000000000 ) ) ;
#791 = EDGE_CURVE ( 'NONE', #825, #3334, #1184, .T. ) ;
#792 = DIRECTION ( 'NONE',  ( 0.000000000000000000, 0.000000000000000000, -1.000000000000000000 ) ) ;
#793 = CARTESIAN_POINT ( 'NONE',  ( 0.4600690982237342075, 0.3401999999999999469, -0.3217798548428519867 ) ) ;
#794 = EDGE_CURVE ( 'NONE', #1906, #2561, #916, .T. ) ;
#795 = CARTESIAN_POINT ( 'NONE',  ( 1.071612903225806601, 0.3206000000000000516, -0.5500000000000000444 ) ) ;
#796 = EDGE_CURVE ( 'NONE', #3294, #2660, #296, .T. ) ;
#797 = VERTEX_POINT ( 'NONE', #341 ) ;
#798 =( NAMED_UNIT ( * ) PLANE_ANGLE_UNIT ( ) SI_UNIT ( $, .RADIAN. ) );
#799 = EDGE_LOOP ( 'NONE', ( #2054, #2285, #273, #3447, #284, #649, #1428, #1232 ) ) ;
#800 = EDGE_CURVE ( 'NONE', #2431, #2940, #2516, .T. ) ;
#801 = SURFACE_STYLE_USAGE ( .BOTH. , #4 ) ;
#802 = FILL_AREA_STYLE ('',( #1066 ) ) ;
#803 = ORIENTED_EDGE ( 'NONE', *, *, #3227, .F. ) ;
#804 = DIRECTION ( 'NONE',  ( 0.000000000000000000, 0.000000000000000000, 1.000000000000000000 ) ) ;
#805 = PRESENTATION_STYLE_ASSIGNMENT (( #1354 ) ) ;
#806 = CARTESIAN_POINT ( 'NONE',  ( 0.7139280423679202903, 0.3402999999999999359, -0.3217798548428520977 ) ) ;
#807 = DIRECTION ( 'NONE',  ( -9.959235123507354343E-18, 1.000000000000000000, 0.000000000000000000 ) ) ;
#808 = DIRECTION ( 'NONE',  ( 0.000000000000000000, 0.000000000000000000, 1.000000000000000000 ) ) ;
#809 = PLANE ( 'NONE',  #382 ) ;
#810 = EDGE_LOOP ( 'NONE', ( #1860, #1900, #887, #1944, #1193, #2490, #2985, #957 ) ) ;
#811 = DIRECTION ( 'NONE',  ( 0.000000000000000000, 0.000000000000000000, -1.000000000000000000 ) ) ;
#812 = ADVANCED_FACE ( 'NONE', ( #3417 ), #154, .T. ) ;
#813 = DIRECTION ( 'NONE',  ( 0.000000000000000000, -0.000000000000000000, -1.000000000000000000 ) ) ;
#814 = VERTEX_POINT ( 'NONE', #952 ) ;
#815 = LINE ( 'NONE', #2633, #2792 ) ;
#816 = PLANE ( 'NONE',  #1059 ) ;
#817 = DIRECTION ( 'NONE',  ( 0.000000000000000000, 0.000000000000000000, 1.000000000000000000 ) ) ;
#818 = CARTESIAN_POINT ( 'NONE',  ( 0.4002216716784114392, 0.3402999999999999359, -0.2303125000000000588 ) ) ;
#819 = VERTEX_POINT ( 'NONE', #2300 ) ;
#820 = LINE ( 'NONE', #1861, #1908 ) ;
#821 = FACE_OUTER_BOUND ( 'NONE', #2514, .T. ) ;
#822 = CARTESIAN_POINT ( 'NONE',  ( 0.6420075108103675543, 0.3401999999999999469, -0.2981571804488010735 ) ) ;
#823 = CARTESIAN_POINT ( 'NONE',  ( 0.3333110193406372268, 0.3401999999999999469, -0.3217798548428519867 ) ) ;
#824 = VECTOR ( 'NONE', #1181, 1000.000000000000000 ) ;
#825 = VERTEX_POINT ( 'NONE', #695 ) ;
#826 = CARTESIAN_POINT ( 'NONE',  ( 0.000000000000000000, 0.000000000000000000, -0.5500000000000000444 ) ) ;
#827 = VECTOR ( 'NONE', #3401, 1000.000000000000000 ) ;
#828 = CLOSED_SHELL ( 'NONE', ( #2061, #1422, #1293, #1927, #295, #968, #2231, #1487, #1641, #2478 ) ) ;
#829 = CARTESIAN_POINT ( 'NONE',  ( 0.7369233744187166923, 0.3402999999999999914, -0.2455570591404753755 ) ) ;
#830 = AXIS2_PLACEMENT_3D ( 'NONE', #2230, #912, #2512 ) ;
#831 = ORIENTED_EDGE ( 'NONE', *, *, #2039, .F. ) ;
#832 = DIRECTION ( 'NONE',  ( 1.521815669474874757E-15, 0.000000000000000000, -1.000000000000000000 ) ) ;
#833 = EDGE_CURVE ( 'NONE', #1536, #3009, #119, .T. ) ;
#834 = VECTOR ( 'NONE', #3063, 1000.000000000000000 ) ;
#835 = VECTOR ( 'NONE', #2237, 1000.000000000000000 ) ;
#836 = ORIENTED_EDGE ( 'NONE', *, *, #3115, .T. ) ;
#837 = CARTESIAN_POINT ( 'NONE',  ( 0.5077672130804182782, 0.3401999999999999469, -0.2738766867985915066 ) ) ;
#838 = ADVANCED_FACE ( 'NONE', ( #3382 ), #929, .F. ) ;
#839 = VECTOR ( 'NONE', #2281, 1000.000000000000000 ) ;
#840 = FILL_AREA_STYLE_COLOUR ( '', #2190 ) ;
#841 =( GEOMETRIC_REPRESENTATION_CONTEXT ( 3 ) GLOBAL_UNCERTAINTY_ASSIGNED_CONTEXT ( ( #1514 ) ) GLOBAL_UNIT_ASSIGNED_CONTEXT ( ( #3451, #1890, #266 ) ) REPRESENTATION_CONTEXT ( 'NONE', 'WORKASPACE' ) );
#842 = VECTOR ( 'NONE', #1403, 1000.000000000000000 ) ;
#843 = VERTEX_POINT ( 'NONE', #2803 ) ;
#844 = CARTESIAN_POINT ( 'NONE',  ( 0.4630566612614634980, 0.3401999999999999469, -0.2432824071808737110 ) ) ;
#845 = AXIS2_PLACEMENT_3D ( 'NONE', #3273, #3002, #1436 ) ;
#846 = STYLED_ITEM ( 'NONE', ( #86 ), #1869 ) ;
#847 = SURFACE_STYLE_FILL_AREA ( #1179 ) ;
#848 = ORIENTED_EDGE ( 'NONE', *, *, #2226, .F. ) ;
#849 = DIRECTION ( 'NONE',  ( 1.000000000000000000, 0.000000000000000000, 0.000000000000000000 ) ) ;
#850 = DIRECTION ( 'NONE',  ( -1.000000000000000000, 0.000000000000000000, 0.000000000000000000 ) ) ;
#851 = LINE ( 'NONE', #451, #2460 ) ;
#852 = VERTEX_POINT ( 'NONE', #3362 ) ;
#853 = CARTESIAN_POINT ( 'NONE',  ( 1.071612903225806601, 0.000000000000000000, 0.000000000000000000 ) ) ;
#854 = EDGE_LOOP ( 'NONE', ( #1071, #1505, #83, #1116 ) ) ;
#855 = SURFACE_STYLE_FILL_AREA ( #886 ) ;
#856 = VERTEX_POINT ( 'NONE', #392 ) ;
#857 = SURFACE_SIDE_STYLE ('',( #1194 ) ) ;
#858 = CARTESIAN_POINT ( 'NONE',  ( 0.4688551010881096825, 0.3401999999999999469, -0.2303125000000000588 ) ) ;
#859 =( NAMED_UNIT ( * ) PLANE_ANGLE_UNIT ( ) SI_UNIT ( $, .RADIAN. ) );
#860 = EDGE_CURVE ( 'NONE', #1767, #1006, #1484, .T. ) ;
#861 = DIRECTION ( 'NONE',  ( -0.8823465237118490734, 0.000000000000000000, -0.4706002678426939867 ) ) ;
#862 = VERTEX_POINT ( 'NONE', #2530 ) ;
#863 = FACE_BOUND ( 'NONE', #1935, .T. ) ;
#864 = FACE_OUTER_BOUND ( 'NONE', #3349, .T. ) ;
#865 = CARTESIAN_POINT ( 'NONE',  ( 0.3333110193406372268, 0.3402999999999999359, -0.3217798548428519867 ) ) ;
#866 =( BOUNDED_CURVE ( )  B_SPLINE_CURVE ( 3, ( #2458, #1134, #1907, #562, #2682, #285, #1095 ),
 .UNSPECIFIED., .F., .F. ) 
 B_SPLINE_CURVE_WITH_KNOTS ( ( 4, 3, 4 ),
 ( 0.000000000000000000, 0.5000000000000000000, 0.5357290076124444633 ),
 .UNSPECIFIED. ) 
 CURVE ( )  GEOMETRIC_REPRESENTATION_ITEM ( )  RATIONAL_B_SPLINE_CURVE ( ( 1.000000000000000000, 0.7783869647857027951, 0.7783869647857027951, 1.000000000000000000, 0.9841639723556229180, 0.9694595558157594883, 0.9558867503804097110 ) ) 
 REPRESENTATION_ITEM ( '' )  );
#867 = PRESENTATION_STYLE_ASSIGNMENT (( #1749 ) ) ;
#868 = DIRECTION ( 'NONE',  ( 0.000000000000000000, -1.000000000000000000, 0.000000000000000000 ) ) ;
#869 = DIRECTION ( 'NONE',  ( 0.000000000000000000, 0.000000000000000000, 1.000000000000000000 ) ) ;
#870 = ORIENTED_EDGE ( 'NONE', *, *, #2043, .T. ) ;
#871 = CARTESIAN_POINT ( 'NONE',  ( 0.6805374021011434404, 0.3402999999999999359, -0.2553717348173454860 ) ) ;
#872 = VERTEX_POINT ( 'NONE', #1476 ) ;
#873 = CARTESIAN_POINT ( 'NONE',  ( 0.3333110193406372268, 0.3402999999999999359, -0.3217798548428519867 ) ) ;
#874 = DIRECTION ( 'NONE',  ( -1.000000000000000000, -1.796576432105190794E-16, 0.000000000000000000 ) ) ;
#875 = CARTESIAN_POINT ( 'NONE',  ( 0.3450000000000000289, 0.3206000000000000516, -0.5500000000000000444 ) ) ;
#876 = EDGE_CURVE ( 'NONE', #128, #1325, #1191, .T. ) ;
#877 =( NAMED_UNIT ( * ) SI_UNIT ( $, .STERADIAN. ) SOLID_ANGLE_UNIT ( ) );
#878 = EDGE_LOOP ( 'NONE', ( #1363, #190, #2523, #2689 ) ) ;
#879 = FILL_AREA_STYLE ('',( #2725 ) ) ;
#880 =( NAMED_UNIT ( * ) SI_UNIT ( $, .STERADIAN. ) SOLID_ANGLE_UNIT ( ) );
#881 = EDGE_CURVE ( 'NONE', #3329, #300, #1148, .T. ) ;
#882 = VERTEX_POINT ( 'NONE', #3302 ) ;
#883 = VECTOR ( 'NONE', #982, 1000.000000000000000 ) ;
#884 = ORIENTED_EDGE ( 'NONE', *, *, #761, .T. ) ;
#885 = AXIS2_PLACEMENT_3D ( 'NONE', #2992, #1407, #44 ) ;
#886 = FILL_AREA_STYLE ('',( #3275 ) ) ;
#887 = ORIENTED_EDGE ( 'NONE', *, *, #3318, .F. ) ;
#888 = CARTESIAN_POINT ( 'NONE',  ( 0.2858064516129031896, 0.3402000000000000024, -0.5500000000000000444 ) ) ;
#889 = CARTESIAN_POINT ( 'NONE',  ( 0.4360878110004611230, 0.3402999999999999359, -0.3217798548428519867 ) ) ;
#890 = SURFACE_STYLE_USAGE ( .BOTH. , #68 ) ;
#891 = VECTOR ( 'NONE', #3237, 1000.000000000000000 ) ;
#892 = VECTOR ( 'NONE', #2928, 1000.000000000000000 ) ;
#893 =( LENGTH_UNIT ( ) NAMED_UNIT ( * ) SI_UNIT ( .MILLI., .METRE. ) );
#894 = ORIENTED_EDGE ( 'NONE', *, *, #2157, .T. ) ;
#895 = DIRECTION ( 'NONE',  ( 0.000000000000000000, 0.000000000000000000, 1.000000000000000000 ) ) ;
#896 = AXIS2_PLACEMENT_3D ( 'NONE', #1477, #1192, #1530 ) ;
#897 = ADVANCED_FACE ( 'NONE', ( #1682 ), #594, .T. ) ;
#898 = LINE ( 'NONE', #2764, #708 ) ;
#899 = ADVANCED_FACE ( 'NONE', ( #2739 ), #767, .T. ) ;
#900 = ADVANCED_FACE ( 'NONE', ( #1754 ), #3162, .T. ) ;
#901 = DIRECTION ( 'NONE',  ( 0.000000000000000000, 1.000000000000000000, 0.000000000000000000 ) ) ;
#902 = DIRECTION ( 'NONE',  ( -1.000000000000000000, 0.000000000000000000, -1.521815669474874757E-15 ) ) ;
#903 = ADVANCED_FACE ( 'NONE', ( #1240 ), #2304, .T. ) ;
#904 = DIRECTION ( 'NONE',  ( 1.000000000000000000, -1.571307496355803695E-16, 0.000000000000000000 ) ) ;
#905 = ORIENTED_EDGE ( 'NONE', *, *, #2802, .T. ) ;
#906 =( NAMED_UNIT ( * ) PLANE_ANGLE_UNIT ( ) SI_UNIT ( $, .RADIAN. ) );
#907 = CARTESIAN_POINT ( 'NONE',  ( 0.5288688954463115488, 0.3402999999999999914, -0.3217798548428522087 ) ) ;
#908 = DIRECTION ( 'NONE',  ( -1.000000000000000000, 3.580639277029542163E-16, 0.000000000000000000 ) ) ;
#909 = VERTEX_POINT ( 'NONE', #2970 ) ;
#910 = FACE_BOUND ( 'NONE', #1822, .T. ) ;
#911 = PLANE ( 'NONE',  #2619 ) ;
#912 = DIRECTION ( 'NONE',  ( -1.084202172485503941E-16, 1.000000000000000000, 0.000000000000000000 ) ) ;
#913 = VERTEX_POINT ( 'NONE', #1998 ) ;
#914 = DIRECTION ( 'NONE',  ( 0.000000000000000000, 0.000000000000000000, 1.000000000000000000 ) ) ;
#915 = LINE ( 'NONE', #1708, #420 ) ;
#916 = LINE ( 'NONE', #1939, #834 ) ;
#917 = SURFACE_SIDE_STYLE ('',( #29 ) ) ;
#918 =( NAMED_UNIT ( * ) SI_UNIT ( $, .STERADIAN. ) SOLID_ANGLE_UNIT ( ) );
#919 = DIRECTION ( 'NONE',  ( 0.000000000000000000, 1.000000000000000000, 0.000000000000000000 ) ) ;
#920 = ORIENTED_EDGE ( 'NONE', *, *, #2127, .F. ) ;
#921 = CARTESIAN_POINT ( 'NONE',  ( 1.071612903225806601, 0.000000000000000000, -0.5500000000000000444 ) ) ;
#922 = EDGE_CURVE ( 'NONE', #856, #774, #3466, .T. ) ;
#923 = EDGE_LOOP ( 'NONE', ( #2566, #3357, #2693, #1259 ) ) ;
#924 = DIRECTION ( 'NONE',  ( -1.000000000000000000, 0.000000000000000000, 0.000000000000000000 ) ) ;
#925 = DIRECTION ( 'NONE',  ( -1.000000000000000000, 0.000000000000000000, 0.000000000000000000 ) ) ;
#926 = DIRECTION ( 'NONE',  ( 0.000000000000000000, -0.000000000000000000, 1.000000000000000000 ) ) ;
#927 = ORIENTED_EDGE ( 'NONE', *, *, #1149, .T. ) ;
#928 = CARTESIAN_POINT ( 'NONE',  ( 0.6373231029224781796, 0.3401999999999999469, -0.2861521549939672338 ) ) ;
#929 = PLANE ( 'NONE',  #104 ) ;
#930 = LINE ( 'NONE', #1432, #1745 ) ;
#931 = ORIENTED_EDGE ( 'NONE', *, *, #1028, .F. ) ;
#932 = CARTESIAN_POINT ( 'NONE',  ( 0.3333110193406372268, 0.3401999999999999469, -0.3217798548428519867 ) ) ;
#933 =( GEOMETRIC_REPRESENTATION_CONTEXT ( 3 ) GLOBAL_UNCERTAINTY_ASSIGNED_CONTEXT ( ( #468 ) ) GLOBAL_UNIT_ASSIGNED_CONTEXT ( ( #306, #1033, #2978 ) ) REPRESENTATION_CONTEXT ( 'NONE', 'WORKASPACE' ) );
#934 = VERTEX_POINT ( 'NONE', #2414 ) ;
#935 =( LENGTH_UNIT ( ) NAMED_UNIT ( * ) SI_UNIT ( .MILLI., .METRE. ) );
#936 = CARTESIAN_POINT ( 'NONE',  ( 0.4828782313453666708, 0.3401999999999998914, -0.2760461774214260644 ) ) ;
#937 = EDGE_CURVE ( 'NONE', #1006, #1979, #1608, .T. ) ;
#938 = VECTOR ( 'NONE', #13, 1000.000000000000000 ) ;
#939 = EDGE_CURVE ( 'NONE', #797, #2618, #3234, .T. ) ;
#940 =( NAMED_UNIT ( * ) SI_UNIT ( $, .STERADIAN. ) SOLID_ANGLE_UNIT ( ) );
#941 = ORIENTED_EDGE ( 'NONE', *, *, #937, .F. ) ;
#942 = LINE ( 'NONE', #181, #1291 ) ;
#943 = STYLED_ITEM ( 'NONE', ( #3210 ), #691 ) ;
#944 = DIRECTION ( 'NONE',  ( -0.3513030095030560407, -0.000000000000000000, -0.9362618199596176582 ) ) ;
#945 = VECTOR ( 'NONE', #1040, 1000.000000000000000 ) ;
#946 = VECTOR ( 'NONE', #1884, 1000.000000000000000 ) ;
#947 = ORIENTED_EDGE ( 'NONE', *, *, #2153, .T. ) ;
#948 = AXIS2_PLACEMENT_3D ( 'NONE', #406, #473, #2092 ) ;
#949 = CARTESIAN_POINT ( 'NONE',  ( 0.4276747531157042981, 0.3401999999999999469, -0.3217798548428519867 ) ) ;
#950 = MECHANICAL_DESIGN_GEOMETRIC_PRESENTATION_REPRESENTATION (  '', ( #1904 ), #2342 ) ;
#951 = PRESENTATION_LAYER_ASSIGNMENT (  '', '', ( #430 ) ) ;
#952 = CARTESIAN_POINT ( 'NONE',  ( 0.7358064516129033672, -0.009799999999999937234, -0.5500000000000000444 ) ) ;
#953 = PRESENTATION_LAYER_ASSIGNMENT (  '', '', ( #2459 ) ) ;
#954 = PLANE ( 'NONE',  #1557 ) ;
#955 = DIRECTION ( 'NONE',  ( 0.000000000000000000, 1.000000000000000000, 0.000000000000000000 ) ) ;
#956 = MECHANICAL_DESIGN_GEOMETRIC_PRESENTATION_REPRESENTATION (  '', ( #1126 ), #2353 ) ;
#957 = ORIENTED_EDGE ( 'NONE', *, *, #2897, .T. ) ;
#958 = ORIENTED_EDGE ( 'NONE', *, *, #164, .F. ) ;
#959 =( NAMED_UNIT ( * ) SI_UNIT ( $, .STERADIAN. ) SOLID_ANGLE_UNIT ( ) );
#960 = DIRECTION ( 'NONE',  ( -0.4706002678426939867, 0.000000000000000000, 0.8823465237118490734 ) ) ;
#961 = ORIENTED_EDGE ( 'NONE', *, *, #2466, .F. ) ;
#962 = DIRECTION ( 'NONE',  ( 0.000000000000000000, 0.000000000000000000, -1.000000000000000000 ) ) ;
#963 =( NAMED_UNIT ( * ) PLANE_ANGLE_UNIT ( ) SI_UNIT ( $, .RADIAN. ) );
#964 = PLANE ( 'NONE',  #3201 ) ;
#965 = ORIENTED_EDGE ( 'NONE', *, *, #3335, .F. ) ;
#966 = CARTESIAN_POINT ( 'NONE',  ( 0.6449420462155315281, 0.3401999999999999469, -0.2760461774214260644 ) ) ;
#967 = CARTESIAN_POINT ( 'NONE',  ( 0.7266129032258066278, 0.3206000000000000516, -0.5500000000000000444 ) ) ;
#968 = ADVANCED_FACE ( 'NONE', ( #2119 ), #3452, .F. ) ;
#969 = LINE ( 'NONE', #2601, #1104 ) ;
#970 = EDGE_LOOP ( 'NONE', ( #2156, #2384, #1717, #380 ) ) ;
#971 = ORIENTED_EDGE ( 'NONE', *, *, #800, .F. ) ;
#972 = CARTESIAN_POINT ( 'NONE',  ( 0.000000000000000000, 0.000000000000000000, -0.5500000000000000444 ) ) ;
#973 = PLANE ( 'NONE',  #1182 ) ;
#974 = ORIENTED_EDGE ( 'NONE', *, *, #3402, .F. ) ;
#975 = CARTESIAN_POINT ( 'NONE',  ( 0.6373231029224781796, 0.3401999999999999469, -0.2658365140879892508 ) ) ;
#976 = LINE ( 'NONE', #3410, #3261 ) ;
#977 = EDGE_CURVE ( 'NONE', #726, #1750, #2957, .T. ) ;
#978 = UNCERTAINTY_MEASURE_WITH_UNIT (LENGTH_MEASURE( 1.000000000000000082E-05 ), #2860, 'distance_accuracy_value', 'NONE');
#979 = EDGE_LOOP ( 'NONE', ( #582, #1555, #140, #1541 ) ) ;
#980 = CARTESIAN_POINT ( 'NONE',  ( 0.5165610122798278692, 0.3401999999999999469, -0.2973072158944792265 ) ) ;
#981 = LINE ( 'NONE', #751, #3365 ) ;
#982 = DIRECTION ( 'NONE',  ( 0.000000000000000000, 1.000000000000000000, 0.000000000000000000 ) ) ;
#983 = EDGE_CURVE ( 'NONE', #2107, #2597, #2214, .T. ) ;
#984 = CARTESIAN_POINT ( 'NONE',  ( 0.5594815465277978017, 0.3401999999999999469, -0.2867339163362680465 ) ) ;
#985 =( NAMED_UNIT ( * ) PLANE_ANGLE_UNIT ( ) SI_UNIT ( $, .RADIAN. ) );
#986 = EDGE_CURVE ( 'NONE', #872, #693, #1229, .T. ) ;
#987 = LINE ( 'NONE', #2058, #2179 ) ;
#988 = VERTEX_POINT ( 'NONE', #2747 ) ;
#989 = FACE_OUTER_BOUND ( 'NONE', #507, .T. ) ;
#990 = SURFACE_SIDE_STYLE ('',( #214 ) ) ;
#991 = CARTESIAN_POINT ( 'NONE',  ( 0.5992464858753268064, 0.3401999999999999469, -0.2658365140879892508 ) ) ;
#992 = ORIENTED_EDGE ( 'NONE', *, *, #3178, .T. ) ;
#993 = FACE_OUTER_BOUND ( 'NONE', #1269, .T. ) ;
#994 = FILL_AREA_STYLE_COLOUR ( '', #377 ) ;
#995 = AXIS2_PLACEMENT_3D ( 'NONE', #1498, #445, #1211 ) ;
#996 = VERTEX_POINT ( 'NONE', #3066 ) ;
#997 = LINE ( 'NONE', #1233, #2241 ) ;
#998 = DIRECTION ( 'NONE',  ( 1.000000000000000000, 0.000000000000000000, 0.000000000000000000 ) ) ;
#999 = FILL_AREA_STYLE ('',( #2024 ) ) ;
#1000 = VECTOR ( 'NONE', #141, 1000.000000000000000 ) ;
#1001 = DIRECTION ( 'NONE',  ( 0.000000000000000000, -0.000000000000000000, 1.000000000000000000 ) ) ;
#1002 = PRESENTATION_LAYER_ASSIGNMENT (  '', '', ( #1904 ) ) ;
#1003 = CARTESIAN_POINT ( 'NONE',  ( 0.4828782313453667263, 0.3401999999999999469, -0.2760461774214260089 ) ) ;
#1004 = VECTOR ( 'NONE', #655, 1000.000000000000000 ) ;
#1005 = STYLED_ITEM ( 'NONE', ( #3356 ), #1350 ) ;
#1006 = VERTEX_POINT ( 'NONE', #1216 ) ;
#1007 = AXIS2_PLACEMENT_3D ( 'NONE', #2891, #758, #2361 ) ;
#1008 = VERTEX_POINT ( 'NONE', #2489 ) ;
#1009 = DIRECTION ( 'NONE',  ( 1.000000000000000000, -9.158110993746760589E-16, 0.000000000000000000 ) ) ;
#1010 = VECTOR ( 'NONE', #1993, 1000.000000000000000 ) ;
#1011 = EDGE_CURVE ( 'NONE', #511, #3294, #123, .T. ) ;
#1012 = CARTESIAN_POINT ( 'NONE',  ( 0.6449420462155315281, 0.3402999999999999359, -0.2760461774214260089 ) ) ;
#1013 = EDGE_LOOP ( 'NONE', ( #1804, #1222, #1474, #3248 ) ) ;
#1014 = CARTESIAN_POINT ( 'NONE',  ( 0.3450000000000000289, 0.3304000000000000270, -0.5500000000000000444 ) ) ;
#1015 = SURFACE_STYLE_FILL_AREA ( #1227 ) ;
#1016 = UNCERTAINTY_MEASURE_WITH_UNIT (LENGTH_MEASURE( 1.000000000000000082E-05 ), #3325, 'distance_accuracy_value', 'NONE');
#1017 =( NAMED_UNIT ( * ) PLANE_ANGLE_UNIT ( ) SI_UNIT ( $, .RADIAN. ) );
#1018 = ORIENTED_EDGE ( 'NONE', *, *, #1311, .T. ) ;
#1019 = CARTESIAN_POINT ( 'NONE',  ( 0.5076413463041336005, 0.3401999999999998359, -0.2637734755402476594 ) ) ;
#1020 = CARTESIAN_POINT ( 'NONE',  ( 0.3450000000000000289, 0.3206000000000000516, 0.000000000000000000 ) ) ;
#1021 = SURFACE_SIDE_STYLE ('',( #462 ) ) ;
#1022 = CARTESIAN_POINT ( 'NONE',  ( 1.071612903225806601, 0.3206000000000000516, 0.000000000000000000 ) ) ;
#1023 = ORIENTED_EDGE ( 'NONE', *, *, #1528, .F. ) ;
#1024 = CARTESIAN_POINT ( 'NONE',  ( 0.4688551010881096825, 0.3402999999999999359, -0.2303125000000000588 ) ) ;
#1025 =( LENGTH_UNIT ( ) NAMED_UNIT ( * ) SI_UNIT ( .MILLI., .METRE. ) );
#1026 = EDGE_LOOP ( 'NONE', ( #315, #1701, #2761, #2595 ) ) ;
#1027 = CARTESIAN_POINT ( 'NONE',  ( 0.4002216716784114392, 0.3401999999999999469, -0.2303125000000000588 ) ) ;
#1028 = EDGE_CURVE ( 'NONE', #1008, #2273, #1165, .T. ) ;
#1029 =( NAMED_UNIT ( * ) SI_UNIT ( $, .STERADIAN. ) SOLID_ANGLE_UNIT ( ) );
#1030 = ORIENTED_EDGE ( 'NONE', *, *, #2437, .F. ) ;
#1031 = CARTESIAN_POINT ( 'NONE',  ( 0.6701420938851626596, 0.3402999999999999359, -0.2898291391574797649 ) ) ;
#1032 = CARTESIAN_POINT ( 'NONE',  ( 0.7117233267490854498, 0.3401999999999999469, -0.3173950626295872768 ) ) ;
#1033 =( NAMED_UNIT ( * ) PLANE_ANGLE_UNIT ( ) SI_UNIT ( $, .RADIAN. ) );
#1034 = CARTESIAN_POINT ( 'NONE',  ( -5.759824041329242306E-17, 0.3206000000000000516, 0.000000000000000000 ) ) ;
#1035 = LINE ( 'NONE', #3460, #2611 ) ;
#1036 = DIRECTION ( 'NONE',  ( 1.000000000000000000, 0.000000000000000000, 0.000000000000000000 ) ) ;
#1037 = EDGE_LOOP ( 'NONE', ( #1151, #1063, #524, #569 ) ) ;
#1038 = ORIENTED_EDGE ( 'NONE', *, *, #1076, .T. ) ;
#1039 = EDGE_CURVE ( 'NONE', #852, #331, #1978, .T. ) ;
#1040 = DIRECTION ( 'NONE',  ( 0.000000000000000000, 0.000000000000000000, 1.000000000000000000 ) ) ;
#1041 = LINE ( 'NONE', #526, #2672 ) ;
#1042 = EDGE_CURVE ( 'NONE', #2273, #396, #647, .T. ) ;
#1043 = UNCERTAINTY_MEASURE_WITH_UNIT (LENGTH_MEASURE( 1.000000000000000082E-05 ), #196, 'distance_accuracy_value', 'NONE');
#1044 = CARTESIAN_POINT ( 'NONE',  ( 0.4002216716784114392, 0.3402999999999999359, -0.2303125000000000588 ) ) ;
#1045 = CARTESIAN_POINT ( 'NONE',  ( 0.6420075108103675543, 0.3401999999999999469, -0.3217798548428519867 ) ) ;
#1046 = EDGE_LOOP ( 'NONE', ( #2748, #2473, #117, #2064 ) ) ;
#1047 = CARTESIAN_POINT ( 'NONE',  ( 0.7117233267490855608, 0.3402999999999999359, -0.2898291391574797649 ) ) ;
#1048 = VECTOR ( 'NONE', #1524, 1000.000000000000000 ) ;
#1049 = CARTESIAN_POINT ( 'NONE',  ( 0.3999802879656550458, 0.3401999999999999469, -0.3217798548428519867 ) ) ;
#1050 = AXIS2_PLACEMENT_3D ( 'NONE', #2624, #2352, #1951 ) ;
#1051 = CARTESIAN_POINT ( 'NONE',  ( -0.01419354838709677331, -0.009799999999999944172, -0.5500000000000000444 ) ) ;
#1052 = CARTESIAN_POINT ( 'NONE',  ( 0.6909327103171241102, 0.3401999999999999469, -0.2303125000000000033 ) ) ;
#1053 = CARTESIAN_POINT ( 'NONE',  ( 0.000000000000000000, 0.000000000000000000, 0.000000000000000000 ) ) ;
#1054 = DIRECTION ( 'NONE',  ( 0.000000000000000000, 0.000000000000000000, -1.000000000000000000 ) ) ;
#1055 = VECTOR ( 'NONE', #2397, 1000.000000000000114 ) ;
#1056 = AXIS2_PLACEMENT_3D ( 'NONE', #1270, #3428, #741 ) ;
#1057 = PRESENTATION_LAYER_ASSIGNMENT (  '', '', ( #3199 ) ) ;
#1058 = ORIENTED_EDGE ( 'NONE', *, *, #1356, .F. ) ;
#1059 = AXIS2_PLACEMENT_3D ( 'NONE', #3465, #1367, #3200 ) ;
#1060 = VECTOR ( 'NONE', #1258, 1000.000000000000000 ) ;
#1061 = AXIS2_PLACEMENT_3D ( 'NONE', #3056, #2249, #1152 ) ;
#1062 =( GEOMETRIC_REPRESENTATION_CONTEXT ( 3 ) GLOBAL_UNCERTAINTY_ASSIGNED_CONTEXT ( ( #3202 ) ) GLOBAL_UNIT_ASSIGNED_CONTEXT ( ( #2200, #618, #1981 ) ) REPRESENTATION_CONTEXT ( 'NONE', 'WORKASPACE' ) );
#1063 = ORIENTED_EDGE ( 'NONE', *, *, #1441, .F. ) ;
#1064 = CARTESIAN_POINT ( 'NONE',  ( 0.4331002479627316659, 0.3402999999999999359, -0.2432824071808737110 ) ) ;
#1065 = SURFACE_STYLE_FILL_AREA ( #2941 ) ;
#1066 = FILL_AREA_STYLE_COLOUR ( '', #3491 ) ;
#1067 = ORIENTED_EDGE ( 'NONE', *, *, #1891, .F. ) ;
#1068 = CARTESIAN_POINT ( 'NONE',  ( -0.01419354838709677678, 0.3304000000000000270, -0.5500000000000000444 ) ) ;
#1069 = CARTESIAN_POINT ( 'NONE',  ( 0.5594815465277978017, 0.3402999999999999359, -0.2867339163362680465 ) ) ;
#1070 = CARTESIAN_POINT ( 'NONE',  ( 0.7117233267490854498, 0.3402999999999999359, -0.3173950626295872768 ) ) ;
#1071 = ORIENTED_EDGE ( 'NONE', *, *, #2603, .F. ) ;
#1072 = CARTESIAN_POINT ( 'NONE',  ( 0.3450000000000000289, 0.3304000000000000270, -0.5500000000000000444 ) ) ;
#1073 = CARTESIAN_POINT ( 'NONE',  ( 0.5288688954469592529, 0.3402999999999999359, -0.3217798548428519867 ) ) ;
#1074 = DIRECTION ( 'NONE',  ( 0.000000000000000000, 0.000000000000000000, 1.000000000000000000 ) ) ;
#1075 = CARTESIAN_POINT ( 'NONE',  ( 0.3358064516129031785, -0.009799999999999937234, -0.5500000000000000444 ) ) ;
#1076 = EDGE_CURVE ( 'NONE', #2996, #1767, #211, .T. ) ;
#1077 = CARTESIAN_POINT ( 'NONE',  ( 0.7369233744187165813, 0.3402999999999999359, -0.2760461774214260644 ) ) ;
#1078 = VERTEX_POINT ( 'NONE', #3403 ) ;
#1079 = VERTEX_POINT ( 'NONE', #760 ) ;
#1080 = PRESENTATION_STYLE_ASSIGNMENT (( #801 ) ) ;
#1081 = CARTESIAN_POINT ( 'NONE',  ( 0.7266129032258066278, 0.3206000000000000516, -0.5500000000000000444 ) ) ;
#1082 = VERTEX_POINT ( 'NONE', #1044 ) ;
#1083 = CARTESIAN_POINT ( 'NONE',  ( 0.6449420462155315281, 0.3401999999999999469, -0.2760461774214260644 ) ) ;
#1084 = FILL_AREA_STYLE ('',( #2668 ) ) ;
#1085 = DIRECTION ( 'NONE',  ( 0.000000000000000000, 0.000000000000000000, -1.000000000000000000 ) ) ;
#1086 = CARTESIAN_POINT ( 'NONE',  ( 0.4828782313453667263, 0.3401999999999999469, -0.2760461774214260089 ) ) ;
#1087 = VERTEX_POINT ( 'NONE', #2105 ) ;
#1088 = CARTESIAN_POINT ( 'NONE',  ( 0.6420075108103675543, 0.3402999999999999359, -0.2529653581143512242 ) ) ;
#1089 = CARTESIAN_POINT ( 'NONE',  ( 0.4415365938074807817, 0.3402999999999999359, -0.2655248897291799248 ) ) ;
#1090 = ADVANCED_FACE ( 'NONE', ( #1841 ), #3420, .T. ) ;
#1091 = DIRECTION ( 'NONE',  ( 1.000000000000000000, 0.000000000000000000, 0.000000000000000000 ) ) ;
#1092 = EDGE_CURVE ( 'NONE', #287, #2335, #1500, .T. ) ;
#1093 = CARTESIAN_POINT ( 'NONE',  ( 0.6909327103171241102, 0.3402999999999999359, -0.2303125000000000033 ) ) ;
#1094 = VERTEX_POINT ( 'NONE', #1073 ) ;
#1095 = CARTESIAN_POINT ( 'NONE',  ( 0.5076413463041337115, 0.3402999999999998249, -0.2761733598502855158 ) ) ;
#1096 = ADVANCED_FACE ( 'NONE', ( #864 ), #1107, .T. ) ;
#1097 = EDGE_LOOP ( 'NONE', ( #2116, #3152, #931, #183 ) ) ;
#1098 = FACE_OUTER_BOUND ( 'NONE', #2540, .T. ) ;
#1099 = CARTESIAN_POINT ( 'NONE',  ( 0.3450000000000000289, 0.3304000000000000270, 0.000000000000000000 ) ) ;
#1100 = ORIENTED_EDGE ( 'NONE', *, *, #2939, .F. ) ;
#1101 = FILL_AREA_STYLE_COLOUR ( '', #3262 ) ;
#1102 = DIRECTION ( 'NONE',  ( 0.000000000000000000, 0.000000000000000000, 1.000000000000000000 ) ) ;
#1103 = SURFACE_SIDE_STYLE ('',( #24 ) ) ;
#1104 = VECTOR ( 'NONE', #206, 1000.000000000000000 ) ;
#1105 = ORIENTED_EDGE ( 'NONE', *, *, #1117, .T. ) ;
#1106 = DIRECTION ( 'NONE',  ( 0.4081380724647398206, 0.000000000000000000, -0.9129202121788994040 ) ) ;
#1107 = PLANE ( 'NONE',  #3429 ) ;
#1108 = VECTOR ( 'NONE', #2497, 1000.000000000000000 ) ;
#1109 =( BOUNDED_CURVE ( )  B_SPLINE_CURVE ( 3, ( #1012, #2952, #310, #1093, #1362, #829, #1077 ),
 .UNSPECIFIED., .F., .T. ) 
 B_SPLINE_CURVE_WITH_KNOTS ( ( 4, 3, 4 ),
 ( 0.7500000000000002220, 1.000000000000000000, 1.250000000000000000 ),
 .UNSPECIFIED. ) 
 CURVE ( )  GEOMETRIC_REPRESENTATION_ITEM ( )  RATIONAL_B_SPLINE_CURVE ( ( 0.5000000000000000000, 0.5000000000000003331, 0.6666666666666669627, 1.000000000000000000, 0.6666666666666667407, 0.5000000000000000000, 0.5000000000000000000 ) ) 
 REPRESENTATION_ITEM ( '' )  );
#1110 = PLANE ( 'NONE',  #1740 ) ;
#1111 = MECHANICAL_DESIGN_GEOMETRIC_PRESENTATION_REPRESENTATION (  '', ( #656 ), #2665 ) ;
#1112 = ORIENTED_EDGE ( 'NONE', *, *, #1011, .T. ) ;
#1113 = PRESENTATION_STYLE_ASSIGNMENT (( #2488 ) ) ;
#1114 = AXIS2_PLACEMENT_3D ( 'NONE', #972, #811, #2084 ) ;
#1115 = MECHANICAL_DESIGN_GEOMETRIC_PRESENTATION_REPRESENTATION (  '', ( #1398 ), #2728 ) ;
#1116 = ORIENTED_EDGE ( 'NONE', *, *, #1810, .T. ) ;
#1117 = EDGE_CURVE ( 'NONE', #2597, #2107, #2551, .T. ) ;
#1118 = STYLED_ITEM ( 'NONE', ( #1275 ), #3467 ) ;
#1119 = AXIS2_PLACEMENT_3D ( 'NONE', #1045, #6, #3203 ) ;
#1120 = DIRECTION ( 'NONE',  ( -1.000000000000000000, 0.000000000000000000, 0.000000000000000000 ) ) ;
#1121 = VERTEX_POINT ( 'NONE', #136 ) ;
#1122 = FILL_AREA_STYLE ('',( #2469 ) ) ;
#1123 = PRESENTATION_LAYER_ASSIGNMENT (  '', '', ( #1566 ) ) ;
#1124 = FILL_AREA_STYLE_COLOUR ( '', #2128 ) ;
#1125 = PLANE ( 'NONE',  #1169 ) ;
#1126 = STYLED_ITEM ( 'NONE', ( #867 ), #1797 ) ;
#1127 = UNCERTAINTY_MEASURE_WITH_UNIT (LENGTH_MEASURE( 1.000000000000000082E-05 ), #329, 'distance_accuracy_value', 'NONE');
#1128 = CARTESIAN_POINT ( 'NONE',  ( 0.3999802879656550458, 0.3401999999999999469, -0.3217798548428519867 ) ) ;
#1129 = ORIENTED_EDGE ( 'NONE', *, *, #2756, .F. ) ;
#1130 = LINE ( 'NONE', #2266, #2232 ) ;
#1131 =( LENGTH_UNIT ( ) NAMED_UNIT ( * ) SI_UNIT ( .MILLI., .METRE. ) );
#1132 = DIRECTION ( 'NONE',  ( 0.000000000000000000, 0.000000000000000000, 1.000000000000000000 ) ) ;
#1133 = ORIENTED_EDGE ( 'NONE', *, *, #3028, .F. ) ;
#1134 = CARTESIAN_POINT ( 'NONE',  ( 0.5202535824788738772, 0.3402999999999999359, -0.2526269570673395637 ) ) ;
#1135 = ORIENTED_EDGE ( 'NONE', *, *, #728, .T. ) ;
#1136 = EDGE_CURVE ( 'NONE', #1794, #2812, #1730, .T. ) ;
#1137 = ADVANCED_FACE ( 'NONE', ( #2767 ), #1188, .T. ) ;
#1138 = LINE ( 'NONE', #76, #2734 ) ;
#1139 = ORIENTED_EDGE ( 'NONE', *, *, #411, .F. ) ;
#1140 = PLANE ( 'NONE',  #1061 ) ;
#1141 = DIRECTION ( 'NONE',  ( -0.9129202121788994040, 0.000000000000000000, 0.4081380724647398206 ) ) ;
#1142 = PRESENTATION_STYLE_ASSIGNMENT (( #890 ) ) ;
#1143 = ORIENTED_EDGE ( 'NONE', *, *, #1465, .T. ) ;
#1144 = SURFACE_STYLE_USAGE ( .BOTH. , #3027 ) ;
#1145 = ORIENTED_EDGE ( 'NONE', *, *, #567, .F. ) ;
#1146 = ORIENTED_EDGE ( 'NONE', *, *, #2258, .T. ) ;
#1147 = CARTESIAN_POINT ( 'NONE',  ( 0.5334857581829244300, 0.3401999999999999469, -0.2648328402104253021 ) ) ;
#1148 = LINE ( 'NONE', #3016, #2726 ) ;
#1149 = EDGE_CURVE ( 'NONE', #2858, #3481, #2870, .T. ) ;
#1150 = ADVANCED_FACE ( 'NONE', ( #475 ), #1321, .T. ) ;
#1151 = ORIENTED_EDGE ( 'NONE', *, *, #1607, .F. ) ;
#1152 = DIRECTION ( 'NONE',  ( 0.000000000000000000, 0.000000000000000000, -1.000000000000000000 ) ) ;
#1153 = LINE ( 'NONE', #3006, #1290 ) ;
#1154 = PLANE ( 'NONE',  #830 ) ;
#1155 = ADVANCED_FACE ( 'NONE', ( #3493 ), #1485, .T. ) ;
#1156 = EDGE_CURVE ( 'NONE', #2848, #1094, #137, .T. ) ;
#1157 = UNCERTAINTY_MEASURE_WITH_UNIT (LENGTH_MEASURE( 1.000000000000000082E-05 ), #1521, 'distance_accuracy_value', 'NONE');
#1158 = VERTEX_POINT ( 'NONE', #1889 ) ;
#1159 = DIRECTION ( 'NONE',  ( -1.000000000000000000, 0.000000000000000000, 0.000000000000000000 ) ) ;
#1160 = EDGE_CURVE ( 'NONE', #1632, #3449, #1634, .T. ) ;
#1161 = AXIS2_PLACEMENT_3D ( 'NONE', #2436, #1656, #849 ) ;
#1162 = ORIENTED_EDGE ( 'NONE', *, *, #1416, .F. ) ;
#1163 = LINE ( 'NONE', #31, #2613 ) ;
#1164 = CARTESIAN_POINT ( 'NONE',  ( 0.000000000000000000, 0.000000000000000000, -0.5500000000000000444 ) ) ;
#1165 = LINE ( 'NONE', #3336, #2186 ) ;
#1166 = ORIENTED_EDGE ( 'NONE', *, *, #3423, .F. ) ;
#1167 = FACE_OUTER_BOUND ( 'NONE', #979, .T. ) ;
#1168 = CARTESIAN_POINT ( 'NONE',  ( 0.4331002479627316659, 0.3401999999999999469, -0.2432824071808737110 ) ) ;
#1169 = AXIS2_PLACEMENT_3D ( 'NONE', #1947, #80, #640 ) ;
#1170 = VECTOR ( 'NONE', #998, 1000.000000000000000 ) ;
#1171 = VECTOR ( 'NONE', #2820, 1000.000000000000000 ) ;
#1172 = ORIENTED_EDGE ( 'NONE', *, *, #408, .T. ) ;
#1173 = PRESENTATION_STYLE_ASSIGNMENT (( #66 ) ) ;
#1174 = DIRECTION ( 'NONE',  ( 0.4081380724647398206, 0.000000000000000000, 0.9129202121788994040 ) ) ;
#1175 = SURFACE_STYLE_FILL_AREA ( #3279 ) ;
#1176 = VECTOR ( 'NONE', #2215, 1000.000000000000114 ) ;
#1177 = PRESENTATION_LAYER_ASSIGNMENT (  '', '', ( #378 ) ) ;
#1178 = VECTOR ( 'NONE', #1986, 1000.000000000000000 ) ;
#1179 = FILL_AREA_STYLE ('',( #3310 ) ) ;
#1180 = EDGE_LOOP ( 'NONE', ( #947, #831, #3118, #884 ) ) ;
#1181 = DIRECTION ( 'NONE',  ( 0.000000000000000000, 0.000000000000000000, 1.000000000000000000 ) ) ;
#1182 = AXIS2_PLACEMENT_3D ( 'NONE', #127, #3071, #2770 ) ;
#1183 =( NAMED_UNIT ( * ) PLANE_ANGLE_UNIT ( ) SI_UNIT ( $, .RADIAN. ) );
#1184 = LINE ( 'NONE', #2220, #1513 ) ;
#1185 = FACE_OUTER_BOUND ( 'NONE', #2182, .T. ) ;
#1186 = EDGE_CURVE ( 'NONE', #2812, #2496, #2686, .T. ) ;
#1187 =( NAMED_UNIT ( * ) PLANE_ANGLE_UNIT ( ) SI_UNIT ( $, .RADIAN. ) );
#1188 = PLANE ( 'NONE',  #3483 ) ;
#1189 = ORIENTED_EDGE ( 'NONE', *, *, #2603, .T. ) ;
#1190 = PRESENTATION_STYLE_ASSIGNMENT (( #3370 ) ) ;
#1191 = LINE ( 'NONE', #1168, #544 ) ;
#1192 = DIRECTION ( 'NONE',  ( 0.000000000000000000, -1.000000000000000000, 0.000000000000000000 ) ) ;
#1193 = ORIENTED_EDGE ( 'NONE', *, *, #2257, .T. ) ;
#1194 = SURFACE_STYLE_FILL_AREA ( #1122 ) ;
#1195 = DIRECTION ( 'NONE',  ( -1.000000000000000000, 0.000000000000000000, 0.000000000000000000 ) ) ;
#1196 = ORIENTED_EDGE ( 'NONE', *, *, #1186, .F. ) ;
#1197 = DIRECTION ( 'NONE',  ( -1.000000000000000000, -1.796576432105190794E-16, 0.000000000000000000 ) ) ;
#1198 = PRESENTATION_STYLE_ASSIGNMENT (( #2078 ) ) ;
#1199 = ADVANCED_FACE ( 'NONE', ( #732 ), #1386, .F. ) ;
#1200 =( NAMED_UNIT ( * ) PLANE_ANGLE_UNIT ( ) SI_UNIT ( $, .RADIAN. ) );
#1201 = DIRECTION ( 'NONE',  ( 0.000000000000000000, -1.000000000000000000, 0.000000000000000000 ) ) ;
#1202 = EDGE_CURVE ( 'NONE', #755, #3375, #2513, .T. ) ;
#1203 = VERTEX_POINT ( 'NONE', #584 ) ;
#1204 = SURFACE_STYLE_USAGE ( .BOTH. , #1787 ) ;
#1205 = ORIENTED_EDGE ( 'NONE', *, *, #33, .F. ) ;
#1206 = CARTESIAN_POINT ( 'NONE',  ( 0.7117233267490854498, 0.3401999999999999469, -0.2346972922132649075 ) ) ;
#1207 = CARTESIAN_POINT ( 'NONE',  ( 0.5723089745059176670, 0.3401999999999999469, -0.3217798548428519867 ) ) ;
#1208 = FILL_AREA_STYLE_COLOUR ( '', #2077 ) ;
#1209 = ORIENTED_EDGE ( 'NONE', *, *, #2401, .F. ) ;
#1210 = CARTESIAN_POINT ( 'NONE',  ( 0.7858064516129034116, 0.3304000000000000270, 0.000000000000000000 ) ) ;
#1211 = DIRECTION ( 'NONE',  ( 1.000000000000000000, 0.000000000000000000, 0.000000000000000000 ) ) ;
#1212 = FILL_AREA_STYLE ('',( #2868 ) ) ;
#1213 = DIRECTION ( 'NONE',  ( 0.000000000000000000, 0.000000000000000000, 1.000000000000000000 ) ) ;
#1214 = CARTESIAN_POINT ( 'NONE',  ( 0.5594815465277973576, 0.3402999999999999359, -0.3217798548428519867 ) ) ;
#1215 = VERTEX_POINT ( 'NONE', #1467 ) ;
#1216 = CARTESIAN_POINT ( 'NONE',  ( 0.6420075108103675543, 0.3402999999999999359, -0.2303125000000000588 ) ) ;
#1217 = EDGE_LOOP ( 'NONE', ( #958, #2154, #2509, #412 ) ) ;
#1218 = STYLED_ITEM ( 'NONE', ( #1882 ), #2061 ) ;
#1219 = VERTEX_POINT ( 'NONE', #2251 ) ;
#1220 = AXIS2_PLACEMENT_3D ( 'NONE', #3013, #589, #3050 ) ;
#1221 = CARTESIAN_POINT ( 'NONE',  ( 0.4276747531157042981, 0.3402999999999999359, -0.3217798548428519867 ) ) ;
#1222 = ORIENTED_EDGE ( 'NONE', *, *, #1571, .F. ) ;
#1223 =( BOUNDED_CURVE ( )  B_SPLINE_CURVE ( 3, ( #2052, #1493, #3148, #690, #2341, #1772, #2525 ),
 .UNSPECIFIED., .F., .T. ) 
 B_SPLINE_CURVE_WITH_KNOTS ( ( 4, 3, 4 ),
 ( 0.7500000000000001110, 1.000000000000000000, 1.249999999999999556 ),
 .UNSPECIFIED. ) 
 CURVE ( )  GEOMETRIC_REPRESENTATION_ITEM ( )  RATIONAL_B_SPLINE_CURVE ( ( 0.5000000000000000000, 0.5000000000000002220, 0.6666666666666668517, 1.000000000000000000, 0.6666666666666672958, 0.5000000000000006661, 0.5000000000000000000 ) ) 
 REPRESENTATION_ITEM ( '' )  );
#1224 = CARTESIAN_POINT ( 'NONE',  ( 0.6701420938851626596, 0.3402999999999999914, -0.2760461774214260644 ) ) ;
#1225 = EDGE_CURVE ( 'NONE', #913, #2394, #1669, .T. ) ;
#1226 =( GEOMETRIC_REPRESENTATION_CONTEXT ( 3 ) GLOBAL_UNCERTAINTY_ASSIGNED_CONTEXT ( ( #2721 ) ) GLOBAL_UNIT_ASSIGNED_CONTEXT ( ( #1850, #1338, #1620 ) ) REPRESENTATION_CONTEXT ( 'NONE', 'WORKASPACE' ) );
#1227 = FILL_AREA_STYLE ('',( #994 ) ) ;
#1228 =( GEOMETRIC_REPRESENTATION_CONTEXT ( 3 ) GLOBAL_UNCERTAINTY_ASSIGNED_CONTEXT ( ( #2582 ) ) GLOBAL_UNIT_ASSIGNED_CONTEXT ( ( #2630, #798, #2155 ) ) REPRESENTATION_CONTEXT ( 'NONE', 'WORKASPACE' ) );
#1229 = LINE ( 'NONE', #3323, #2069 ) ;
#1230 = UNCERTAINTY_MEASURE_WITH_UNIT (LENGTH_MEASURE( 1.000000000000000082E-05 ), #3107, 'distance_accuracy_value', 'NONE');
#1231 = DIRECTION ( 'NONE',  ( 0.000000000000000000, 0.000000000000000000, -1.000000000000000000 ) ) ;
#1232 = ORIENTED_EDGE ( 'NONE', *, *, #1747, .T. ) ;
#1233 = CARTESIAN_POINT ( 'NONE',  ( 0.3610054844906865346, 0.3402999999999999359, -0.3217798548428519867 ) ) ;
#1234 = COLOUR_RGB ( '',0.8980392156862745390, 0.9215686274509803377, 0.9294117647058823817 ) ;
#1235 = VECTOR ( 'NONE', #1579, 1000.000000000000000 ) ;
#1236 = PRESENTATION_STYLE_ASSIGNMENT (( #477 ) ) ;
#1237 = ORIENTED_EDGE ( 'NONE', *, *, #2626, .T. ) ;
#1238 = EDGE_LOOP ( 'NONE', ( #2177, #1605, #521, #2005 ) ) ;
#1239 = EDGE_CURVE ( 'NONE', #843, #2629, #1948, .T. ) ;
#1240 = FACE_OUTER_BOUND ( 'NONE', #2894, .T. ) ;
#1241 = FACE_OUTER_BOUND ( 'NONE', #3121, .T. ) ;
#1242 = ORIENTED_EDGE ( 'NONE', *, *, #2756, .T. ) ;
#1243 = ADVANCED_FACE ( 'NONE', ( #1690 ), #116, .T. ) ;
#1244 = CARTESIAN_POINT ( 'NONE',  ( 0.6420075108103675543, 0.3401999999999999469, -0.2529653581143512242 ) ) ;
#1245 = EDGE_CURVE ( 'NONE', #2161, #2367, #2722, .T. ) ;
#1246 = DIRECTION ( 'NONE',  ( 1.000000000000000000, -0.000000000000000000, 0.000000000000000000 ) ) ;
#1247 = ORIENTED_EDGE ( 'NONE', *, *, #1823, .F. ) ;
#1248 = CARTESIAN_POINT ( 'NONE',  ( 0.3450000000000000289, 0.3304000000000000270, -0.5500000000000000444 ) ) ;
#1249 = CARTESIAN_POINT ( 'NONE',  ( 1.085806451612903567, 0.3304000000000000270, 0.000000000000000000 ) ) ;
#1250 = DIRECTION ( 'NONE',  ( 1.000000000000000000, 3.580639277029542163E-16, 0.000000000000000000 ) ) ;
#1251 = VERTEX_POINT ( 'NONE', #69 ) ;
#1252 = FACE_OUTER_BOUND ( 'NONE', #1046, .T. ) ;
#1253 = CARTESIAN_POINT ( 'NONE',  ( 0.7358064516129033672, 0.000000000000000000, 0.000000000000000000 ) ) ;
#1254 = ORIENTED_EDGE ( 'NONE', *, *, #2823, .T. ) ;
#1255 = CARTESIAN_POINT ( 'NONE',  ( 0.6701420938851626596, 0.3401999999999999469, -0.2760461774214260644 ) ) ;
#1256 = FILL_AREA_STYLE_COLOUR ( '', #2853 ) ;
#1257 = UNCERTAINTY_MEASURE_WITH_UNIT (LENGTH_MEASURE( 1.000000000000000082E-05 ), #2687, 'distance_accuracy_value', 'NONE');
#1258 = DIRECTION ( 'NONE',  ( -0.000000000000000000, -1.000000000000000000, -0.000000000000000000 ) ) ;
#1259 = ORIENTED_EDGE ( 'NONE', *, *, #1160, .T. ) ;
#1260 = CARTESIAN_POINT ( 'NONE',  ( 0.6449420462155315281, 0.3401999999999998359, -0.3675135322642782421 ) ) ;
#1261 = CARTESIAN_POINT ( 'NONE',  ( 0.5076413463041338225, 0.3401999999999998914, -0.2761733598502854048 ) ) ;
#1262 = CARTESIAN_POINT ( 'NONE',  ( 0.7858064516129034116, 0.3304000000000000270, 0.000000000000000000 ) ) ;
#1263 = ADVANCED_FACE ( 'NONE', ( #1443 ), #3263, .T. ) ;
#1264 =( NAMED_UNIT ( * ) SI_UNIT ( $, .STERADIAN. ) SOLID_ANGLE_UNIT ( ) );
#1265 = DIRECTION ( 'NONE',  ( 0.000000000000000000, 0.000000000000000000, 1.000000000000000000 ) ) ;
#1266 = ADVANCED_FACE ( 'NONE', ( #354 ), #2705, .F. ) ;
#1267 = EDGE_CURVE ( 'NONE', #2496, #1646, #1969, .T. ) ;
#1268 = ORIENTED_EDGE ( 'NONE', *, *, #1588, .T. ) ;
#1269 = EDGE_LOOP ( 'NONE', ( #676, #1166, #2943, #585 ) ) ;
#1270 = CARTESIAN_POINT ( 'NONE',  ( 0.4546203154167143823, 0.3401999999999999469, -0.2655248897291799248 ) ) ;
#1271 = VECTOR ( 'NONE', #1775, 1000.000000000000000 ) ;
#1272 = LINE ( 'NONE', #2338, #52 ) ;
#1273 = ORIENTED_EDGE ( 'NONE', *, *, #638, .F. ) ;
#1274 = CARTESIAN_POINT ( 'NONE',  ( 0.7358064516129033672, 0.000000000000000000, -0.5500000000000000444 ) ) ;
#1275 = PRESENTATION_STYLE_ASSIGNMENT (( #130 ) ) ;
#1276 = COLOUR_RGB ( '',0.1019607843137254888, 0.1019607843137254888, 0.1019607843137254888 ) ;
#1277 = CLOSED_SHELL ( 'NONE', ( #1137, #309, #1263, #1243, #480, #2879, #2032, #1601, #447, #3296, #1554 ) ) ;
#1278 = COLOUR_RGB ( '',0.8980392156862745390, 0.9215686274509803377, 0.9294117647058823817 ) ;
#1279 = LINE ( 'NONE', #818, #110 ) ;
#1280 = VERTEX_POINT ( 'NONE', #3075 ) ;
#1281 = FILL_AREA_STYLE_COLOUR ( '', #1234 ) ;
#1282 = CARTESIAN_POINT ( 'NONE',  ( 0.4828782313453666153, 0.3402999999999998804, -0.3065352957023768088 ) ) ;
#1283 = PLANE ( 'NONE',  #3193 ) ;
#1284 =( GEOMETRIC_REPRESENTATION_CONTEXT ( 3 ) GLOBAL_UNCERTAINTY_ASSIGNED_CONTEXT ( ( #1858 ) ) GLOBAL_UNIT_ASSIGNED_CONTEXT ( ( #1455, #1806, #3119 ) ) REPRESENTATION_CONTEXT ( 'NONE', 'WORKASPACE' ) );
#1285 = PRESENTATION_LAYER_ASSIGNMENT (  '', '', ( #3141 ) ) ;
#1286 = AXIS2_PLACEMENT_3D ( 'NONE', #1677, #832, #902 ) ;
#1287 = FACE_OUTER_BOUND ( 'NONE', #1660, .T. ) ;
#1288 =( GEOMETRIC_REPRESENTATION_CONTEXT ( 3 ) GLOBAL_UNCERTAINTY_ASSIGNED_CONTEXT ( ( #402 ) ) GLOBAL_UNIT_ASSIGNED_CONTEXT ( ( #1448, #3059, #2778 ) ) REPRESENTATION_CONTEXT ( 'NONE', 'WORKASPACE' ) );
#1289 = FILL_AREA_STYLE_COLOUR ( '', #3246 ) ;
#1290 = VECTOR ( 'NONE', #925, 1000.000000000000000 ) ;
#1291 = VECTOR ( 'NONE', #1737, 1000.000000000000000 ) ;
#1292 = VECTOR ( 'NONE', #2455, 1000.000000000000000 ) ;
#1293 = ADVANCED_FACE ( 'NONE', ( #2264 ), #964, .T. ) ;
#1294 = STYLED_ITEM ( 'NONE', ( #126 ), #2956 ) ;
#1295 = ORIENTED_EDGE ( 'NONE', *, *, #1245, .F. ) ;
#1296 = DIRECTION ( 'NONE',  ( 0.000000000000000000, 1.000000000000000000, 0.000000000000000000 ) ) ;
#1297 = MECHANICAL_DESIGN_GEOMETRIC_PRESENTATION_REPRESENTATION (  '', ( #846 ), #2023 ) ;
#1298 = SURFACE_SIDE_STYLE ('',( #1558 ) ) ;
#1299 = VERTEX_POINT ( 'NONE', #3151 ) ;
#1300 = DIRECTION ( 'NONE',  ( 1.000000000000000000, 0.000000000000000000, 0.000000000000000000 ) ) ;
#1301 = DIRECTION ( 'NONE',  ( 0.000000000000000000, 0.000000000000000000, -1.000000000000000000 ) ) ;
#1302 = UNCERTAINTY_MEASURE_WITH_UNIT (LENGTH_MEASURE( 1.000000000000000082E-05 ), #2755, 'distance_accuracy_value', 'NONE');
#1303 = CARTESIAN_POINT ( 'NONE',  ( -5.759824041329242306E-17, 0.3206000000000000516, -0.5500000000000000444 ) ) ;
#1304 = ORIENTED_EDGE ( 'NONE', *, *, #230, .T. ) ;
#1305 = DIRECTION ( 'NONE',  ( 0.000000000000000000, 0.000000000000000000, -1.000000000000000000 ) ) ;
#1306 =( LENGTH_UNIT ( ) NAMED_UNIT ( * ) SI_UNIT ( .MILLI., .METRE. ) );
#1307 = CARTESIAN_POINT ( 'NONE',  ( 0.5076413463041337115, 0.3402999999999998249, -0.2867402878721563297 ) ) ;
#1308 = PRESENTATION_STYLE_ASSIGNMENT (( #226 ) ) ;
#1309 = EDGE_CURVE ( 'NONE', #2940, #1327, #182, .T. ) ;
#1310 = CARTESIAN_POINT ( 'NONE',  ( 0.6909327103171241102, 0.3401999999999999469, -0.2967206200255066983 ) ) ;
#1311 = EDGE_CURVE ( 'NONE', #1838, #2302, #1793, .T. ) ;
#1312 = ORIENTED_EDGE ( 'NONE', *, *, #230, .F. ) ;
#1313 = FILL_AREA_STYLE ('',( #2099 ) ) ;
#1314 = EDGE_CURVE ( 'NONE', #3009, #934, #403, .T. ) ;
#1315 = VERTEX_POINT ( 'NONE', #2326 ) ;
#1316 = DIRECTION ( 'NONE',  ( 1.000000000000000000, 9.158110993746760589E-16, 0.000000000000000000 ) ) ;
#1317 = EDGE_LOOP ( 'NONE', ( #3404, #3191, #1808, #2824 ) ) ;
#1318 = FILL_AREA_STYLE ('',( #1101 ) ) ;
#1319 = DIRECTION ( 'NONE',  ( 1.000000000000000000, 0.000000000000000000, 0.000000000000000000 ) ) ;
#1320 = DIRECTION ( 'NONE',  ( 0.000000000000000000, 1.000000000000000000, 0.000000000000000000 ) ) ;
#1321 = PLANE ( 'NONE',  #107 ) ;
#1322 = CARTESIAN_POINT ( 'NONE',  ( -0.01419354838709677678, 0.3304000000000000270, 0.000000000000000000 ) ) ;
#1323 = CARTESIAN_POINT ( 'NONE',  ( 0.6449420462155315281, 0.3401999999999999469, -0.2455570591404753200 ) ) ;
#1324 = CARTESIAN_POINT ( 'NONE',  ( 0.7358064516129033672, -0.009799999999999937234, -0.5500000000000000444 ) ) ;
#1325 = VERTEX_POINT ( 'NONE', #2863 ) ;
#1326 =( NAMED_UNIT ( * ) SI_UNIT ( $, .STERADIAN. ) SOLID_ANGLE_UNIT ( ) );
#1327 = VERTEX_POINT ( 'NONE', #3126 ) ;
#1328 = EDGE_CURVE ( 'NONE', #1783, #1203, #171, .T. ) ;
#1329 = CARTESIAN_POINT ( 'NONE',  ( 0.000000000000000000, 0.000000000000000000, 0.000000000000000000 ) ) ;
#1330 = ORIENTED_EDGE ( 'NONE', *, *, #2579, .F. ) ;
#1331 = DIRECTION ( 'NONE',  ( 0.000000000000000000, 1.000000000000000000, 0.000000000000000000 ) ) ;
#1332 = COLOUR_RGB ( '',0.8980392156862745390, 0.9215686274509803377, 0.9294117647058823817 ) ;
#1333 = LINE ( 'NONE', #1862, #3139 ) ;
#1334 = DIRECTION ( 'NONE',  ( 1.000000000000000000, 0.000000000000000000, 0.000000000000000000 ) ) ;
#1335 = DIRECTION ( 'NONE',  ( 1.000000000000000000, 0.000000000000000000, 0.000000000000000000 ) ) ;
#1336 = SURFACE_STYLE_USAGE ( .BOTH. , #575 ) ;
#1337 = CARTESIAN_POINT ( 'NONE',  ( 0.3333110193406372268, 0.3402999999999999359, -0.3217798548428519867 ) ) ;
#1338 =( NAMED_UNIT ( * ) PLANE_ANGLE_UNIT ( ) SI_UNIT ( $, .RADIAN. ) );
#1339 = STYLED_ITEM ( 'NONE', ( #444 ), #3165 ) ;
#1340 = LINE ( 'NONE', #2206, #1909 ) ;
#1341 = ORIENTED_EDGE ( 'NONE', *, *, #1529, .T. ) ;
#1343 = SURFACE_STYLE_USAGE ( .BOTH. , #506 ) ;
#1342 = VECTOR ( 'NONE', #3292, 1000.000000000000000 ) ;
#1344 = AXIS2_PLACEMENT_3D ( 'NONE', #1719, #1687, #3327 ) ;
#1345 = COLOUR_RGB ( '',0.8980392156862745390, 0.9215686274509803377, 0.9294117647058823817 ) ;
#1346 = PRESENTATION_LAYER_ASSIGNMENT (  '', '', ( #2981 ) ) ;
#1347 = VECTOR ( 'NONE', #1769, 1000.000000000000000 ) ;
#1348 = VERTEX_POINT ( 'NONE', #2526 ) ;
#1349 = FILL_AREA_STYLE ('',( #2101 ) ) ;
#1350 = ADVANCED_FACE ( 'NONE', ( #2816 ), #2583, .T. ) ;
#1351 = CARTESIAN_POINT ( 'NONE',  ( 0.4600690982237342075, 0.3401999999999999469, -0.3217798548428519867 ) ) ;
#1352 = ORIENTED_EDGE ( 'NONE', *, *, #2688, .T. ) ;
#1353 =( NAMED_UNIT ( * ) PLANE_ANGLE_UNIT ( ) SI_UNIT ( $, .RADIAN. ) );
#1354 = SURFACE_STYLE_USAGE ( .BOTH. , #2180 ) ;
#1355 = LINE ( 'NONE', #2418, #481 ) ;
#1356 = EDGE_CURVE ( 'NONE', #3051, #1079, #2160, .T. ) ;
#1357 = ORIENTED_EDGE ( 'NONE', *, *, #2751, .T. ) ;
#1358 = FACE_OUTER_BOUND ( 'NONE', #1966, .T. ) ;
#1359 = CARTESIAN_POINT ( 'NONE',  ( 1.071612903225806601, 0.000000000000000000, -0.5500000000000000444 ) ) ;
#1360 = DIRECTION ( 'NONE',  ( 1.000000000000000000, 0.000000000000000000, 0.000000000000000000 ) ) ;
#1361 =( BOUNDED_CURVE ( )  B_SPLINE_CURVE ( 3, ( #3218, #1893, #2966, #2089 ),
 .UNSPECIFIED., .F., .F. ) 
 B_SPLINE_CURVE_WITH_KNOTS ( ( 4, 4 ),
 ( 0.5000000000000004441, 1.000000000000000000 ),
 .UNSPECIFIED. ) 
 CURVE ( )  GEOMETRIC_REPRESENTATION_ITEM ( )  RATIONAL_B_SPLINE_CURVE ( ( 0.5000000000000000000, 0.5000000000000003331, 0.6666666666666669627, 1.000000000000000000 ) ) 
 REPRESENTATION_ITEM ( '' )  );
#1362 = CARTESIAN_POINT ( 'NONE',  ( 0.7139280423679202903, 0.3402999999999999359, -0.2303124999999999756 ) ) ;
#1363 = ORIENTED_EDGE ( 'NONE', *, *, #2754, .F. ) ;
#1364 = ORIENTED_EDGE ( 'NONE', *, *, #1309, .F. ) ;
#1365 =( LENGTH_UNIT ( ) NAMED_UNIT ( * ) SI_UNIT ( .MILLI., .METRE. ) );
#1366 = CARTESIAN_POINT ( 'NONE',  ( 0.7266129032258066278, 0.3206000000000000516, -0.5500000000000000444 ) ) ;
#1367 = DIRECTION ( 'NONE',  ( 0.000000000000000000, 0.000000000000000000, 1.000000000000000000 ) ) ;
#1368 = FILL_AREA_STYLE_COLOUR ( '', #2134 ) ;
#1369 = VERTEX_POINT ( 'NONE', #3468 ) ;
#1370 = CARTESIAN_POINT ( 'NONE',  ( 0.7266129032258066278, 0.3304000000000000825, -0.5500000000000000444 ) ) ;
#1371 = PLANE ( 'NONE',  #546 ) ;
#1372 = LINE ( 'NONE', #3457, #1511 ) ;
#1373 = VERTEX_POINT ( 'NONE', #510 ) ;
#1374 = PLANE ( 'NONE',  #1161 ) ;
#1375 = DIRECTION ( 'NONE',  ( 0.000000000000000000, 0.000000000000000000, -1.000000000000000000 ) ) ;
#1376 = CARTESIAN_POINT ( 'NONE',  ( 0.6420075108103675543, 0.3402999999999999359, -0.2981571804488010735 ) ) ;
#1377 = FILL_AREA_STYLE ('',( #297 ) ) ;
#1378 = EDGE_CURVE ( 'NONE', #1545, #1783, #494, .T. ) ;
#1379 = ORIENTED_EDGE ( 'NONE', *, *, #986, .T. ) ;
#1380 = ORIENTED_EDGE ( 'NONE', *, *, #3492, .T. ) ;
#1381 = CARTESIAN_POINT ( 'NONE',  ( 0.5594815465277978017, 0.3401999999999999469, -0.2867339163362680465 ) ) ;
#1382 = ORIENTED_EDGE ( 'NONE', *, *, #2627, .T. ) ;
#1383 = DIRECTION ( 'NONE',  ( -1.000000000000000000, 0.000000000000000000, 0.000000000000000000 ) ) ;
#1384 = PRESENTATION_STYLE_ASSIGNMENT (( #583 ) ) ;
#1385 = VECTOR ( 'NONE', #2653, 1000.000000000000000 ) ;
#1386 = PLANE ( 'NONE',  #1459 ) ;
#1387 = VERTEX_POINT ( 'NONE', #1329 ) ;
#1388 = LINE ( 'NONE', #1482, #1271 ) ;
#1389 = CARTESIAN_POINT ( 'NONE',  ( 0.5594815465277973576, 0.3401999999999999469, -0.2973072158944790599 ) ) ;
#1390 =( GEOMETRIC_REPRESENTATION_CONTEXT ( 3 ) GLOBAL_UNCERTAINTY_ASSIGNED_CONTEXT ( ( #3058 ) ) GLOBAL_UNIT_ASSIGNED_CONTEXT ( ( #684, #175, #719 ) ) REPRESENTATION_CONTEXT ( 'NONE', 'WORKASPACE' ) );
#1391 = EDGE_CURVE ( 'NONE', #1722, #1632, #1563, .T. ) ;
#1392 = DIRECTION ( 'NONE',  ( 0.000000000000000000, 0.000000000000000000, -1.000000000000000000 ) ) ;
#1393 = PRESENTATION_LAYER_ASSIGNMENT (  '', '', ( #943 ) ) ;
#1394 = EDGE_LOOP ( 'NONE', ( #2387, #2067, #400, #3341 ) ) ;
#1395 = DIRECTION ( 'NONE',  ( 0.000000000000000000, 1.000000000000000000, 0.000000000000000000 ) ) ;
#1396 = COLOUR_RGB ( '',0.7921568627450980005, 0.8196078431372548767, 0.9333333333333333481 ) ;
#1397 = EDGE_CURVE ( 'NONE', #2702, #2302, #3440, .T. ) ;
#1398 = STYLED_ITEM ( 'NONE', ( #3432 ), #1090 ) ;
#1399 = VERTEX_POINT ( 'NONE', #3485 ) ;
#1400 = CARTESIAN_POINT ( 'NONE',  ( 0.4982084527125597573, 0.3401999999999997804, -0.2303125000000063594 ) ) ;
#1401 = VECTOR ( 'NONE', #455, 1000.000000000000000 ) ;
#1402 = VECTOR ( 'NONE', #1871, 1000.000000000000114 ) ;
#1403 = DIRECTION ( 'NONE',  ( 1.000000000000000000, 0.000000000000000000, 0.000000000000000000 ) ) ;
#1404 = ORIENTED_EDGE ( 'NONE', *, *, #2401, .T. ) ;
#1405 = LINE ( 'NONE', #873, #1522 ) ;
#1406 = CARTESIAN_POINT ( 'NONE',  ( 0.000000000000000000, 0.000000000000000000, 0.000000000000000000 ) ) ;
#1407 = DIRECTION ( 'NONE',  ( 1.000000000000000000, 0.000000000000000000, 0.000000000000000000 ) ) ;
#1408 = VECTOR ( 'NONE', #1472, 1000.000000000000000 ) ;
#1409 = DIRECTION ( 'NONE',  ( -9.959235123507354343E-18, 1.000000000000000000, 0.000000000000000000 ) ) ;
#1410 = VERTEX_POINT ( 'NONE', #1859 ) ;
#1411 = CARTESIAN_POINT ( 'NONE',  ( 0.4273018081360856479, 0.3401999999999999469, -0.2303125000000000588 ) ) ;
#1412 = FACE_OUTER_BOUND ( 'NONE', #3255, .T. ) ;
#1413 = CARTESIAN_POINT ( 'NONE',  ( 0.4828782313453667263, 0.3402999999999999359, -0.2455570591404753200 ) ) ;
#1414 = VERTEX_POINT ( 'NONE', #3454 ) ;
#1415 =( NAMED_UNIT ( * ) PLANE_ANGLE_UNIT ( ) SI_UNIT ( $, .RADIAN. ) );
#1416 = EDGE_CURVE ( 'NONE', #617, #1315, #3182, .T. ) ;
#1417 = EDGE_CURVE ( 'NONE', #3375, #1082, #1279, .T. ) ;
#1418 = SURFACE_SIDE_STYLE ('',( #34 ) ) ;
#1419 = ORIENTED_EDGE ( 'NONE', *, *, #2729, .T. ) ;
#1420 = EDGE_CURVE ( 'NONE', #125, #1399, #1361, .T. ) ;
#1421 = CARTESIAN_POINT ( 'NONE',  ( 0.5288688954469494830, 0.3402999999999999359, -0.2303124999999999478 ) ) ;
#1422 = ADVANCED_FACE ( 'NONE', ( #550 ), #248, .T. ) ;
#1423 =( NAMED_UNIT ( * ) SI_UNIT ( $, .STERADIAN. ) SOLID_ANGLE_UNIT ( ) );
#1424 = ORIENTED_EDGE ( 'NONE', *, *, #3215, .T. ) ;
#1425 = PLANE ( 'NONE',  #3143 ) ;
#1426 = EDGE_CURVE ( 'NONE', #3042, #3163, #3168, .T. ) ;
#1427 = DIRECTION ( 'NONE',  ( -0.4706002678426939867, 0.000000000000000000, 0.8823465237118490734 ) ) ;
#1428 = ORIENTED_EDGE ( 'NONE', *, *, #1309, .T. ) ;
#1429 = CARTESIAN_POINT ( 'NONE',  ( 0.5288688954469592529, 0.3401999999999999469, -0.3217798548428519867 ) ) ;
#1430 = ADVANCED_FACE ( 'NONE', ( #2415 ), #2617, .T. ) ;
#1431 = CARTESIAN_POINT ( 'NONE',  ( 0.6449420462155315281, 0.3401999999999999469, -0.2760461774214260644 ) ) ;
#1432 = CARTESIAN_POINT ( 'NONE',  ( 1.085806451612903567, -1.413568856239753217E-19, -0.5500000000000000444 ) ) ;
#1433 = ORIENTED_EDGE ( 'NONE', *, *, #1314, .T. ) ;
#1434 = CARTESIAN_POINT ( 'NONE',  ( 0.3949295809891197884, 0.3402999999999999359, -0.2616461587604284045 ) ) ;
#1435 = ORIENTED_EDGE ( 'NONE', *, *, #1571, .T. ) ;
#1436 = DIRECTION ( 'NONE',  ( 1.000000000000000000, 0.000000000000000000, 0.000000000000000000 ) ) ;
#1437 = PRESENTATION_STYLE_ASSIGNMENT (( #1649 ) ) ;
#1438 = ORIENTED_EDGE ( 'NONE', *, *, #1607, .T. ) ;
#1439 = LINE ( 'NONE', #3306, #2787 ) ;
#1440 = CARTESIAN_POINT ( 'NONE',  ( 0.5723089745059176670, 0.3401999999999999469, -0.3217798548428519867 ) ) ;
#1441 = EDGE_CURVE ( 'NONE', #3334, #3386, #469, .T. ) ;
#1442 = UNCERTAINTY_MEASURE_WITH_UNIT (LENGTH_MEASURE( 1.000000000000000082E-05 ), #189, 'distance_accuracy_value', 'NONE');
#1443 = FACE_OUTER_BOUND ( 'NONE', #1394, .T. ) ;
#1444 = ORIENTED_EDGE ( 'NONE', *, *, #698, .F. ) ;
#1445 = DIRECTION ( 'NONE',  ( -1.000000000000000000, 3.580639277029542163E-16, 0.000000000000000000 ) ) ;
#1446 = SURFACE_STYLE_FILL_AREA ( #644 ) ;
#1447 =( GEOMETRIC_REPRESENTATION_CONTEXT ( 3 ) GLOBAL_UNCERTAINTY_ASSIGNED_CONTEXT ( ( #3167 ) ) GLOBAL_UNIT_ASSIGNED_CONTEXT ( ( #2780, #643, #1971 ) ) REPRESENTATION_CONTEXT ( 'NONE', 'WORKASPACE' ) );
#1448 =( LENGTH_UNIT ( ) NAMED_UNIT ( * ) SI_UNIT ( .MILLI., .METRE. ) );
#1449 =( LENGTH_UNIT ( ) NAMED_UNIT ( * ) SI_UNIT ( .MILLI., .METRE. ) );
#1450 = FACE_OUTER_BOUND ( 'NONE', #3464, .T. ) ;
#1451 = VECTOR ( 'NONE', #478, 1000.000000000000000 ) ;
#1452 = CLOSED_SHELL ( 'NONE', ( #3274, #636, #1471, #3480, #376, #1977, #1199, #139, #1266, #3165 ) ) ;
#1453 = PRESENTATION_LAYER_ASSIGNMENT (  '', '', ( #98 ) ) ;
#1454 = ORIENTED_EDGE ( 'NONE', *, *, #187, .T. ) ;
#1456 = VECTOR ( 'NONE', #2661, 1000.000000000000000 ) ;
#1455 =( LENGTH_UNIT ( ) NAMED_UNIT ( * ) SI_UNIT ( .MILLI., .METRE. ) );
#1457 = VECTOR ( 'NONE', #1036, 1000.000000000000000 ) ;
#1458 = VECTOR ( 'NONE', #2969, 1000.000000000000000 ) ;
#1459 = AXIS2_PLACEMENT_3D ( 'NONE', #371, #324, #3281 ) ;
#1460 = EDGE_LOOP ( 'NONE', ( #3244, #2606, #3311, #1382 ) ) ;
#1461 = DIRECTION ( 'NONE',  ( 0.000000000000000000, -1.000000000000000000, 0.000000000000000000 ) ) ;
#1462 = FACE_OUTER_BOUND ( 'NONE', #1665, .T. ) ;
#1463 = AXIS2_PLACEMENT_3D ( 'NONE', #858, #1141, #1174 ) ;
#1464 = VECTOR ( 'NONE', #2865, 1000.000000000000000 ) ;
#1465 = EDGE_CURVE ( 'NONE', #909, #3105, #1718, .T. ) ;
#1466 = MECHANICAL_DESIGN_GEOMETRIC_PRESENTATION_REPRESENTATION (  '', ( #3253 ), #1284 ) ;
#1467 = CARTESIAN_POINT ( 'NONE',  ( 0.3358064516129031785, 0.000000000000000000, 0.000000000000000000 ) ) ;
#1468 = VERTEX_POINT ( 'NONE', #2467 ) ;
#1469 = CARTESIAN_POINT ( 'NONE',  ( 0.7369233744187165813, 0.3401999999999999469, -0.2760461774214260644 ) ) ;
#1470 = CARTESIAN_POINT ( 'NONE',  ( 0.7369233744187166923, 0.3401999999999999469, -0.1845788225785738590 ) ) ;
#1471 = ADVANCED_FACE ( 'NONE', ( #3041 ), #2430, .T. ) ;
#1472 = DIRECTION ( 'NONE',  ( 1.000000000000000000, 0.000000000000000000, 0.000000000000000000 ) ) ;
#1473 = PRESENTATION_STYLE_ASSIGNMENT (( #108 ) ) ;
#1474 = ORIENTED_EDGE ( 'NONE', *, *, #349, .T. ) ;
#1475 = DIRECTION ( 'NONE',  ( 0.000000000000000000, 1.000000000000000000, 0.000000000000000000 ) ) ;
#1476 = CARTESIAN_POINT ( 'NONE',  ( 0.6420075108103675543, 0.3401999999999999469, -0.2981571804488010735 ) ) ;
#1477 = CARTESIAN_POINT ( 'NONE',  ( -0.006351718067572125967, 0.3402999999999999359, -0.02084885575752082332 ) ) ;
#1478 = VERTEX_POINT ( 'NONE', #2247 ) ;
#1479 = FACE_OUTER_BOUND ( 'NONE', #263, .T. ) ;
#1480 = DIRECTION ( 'NONE',  ( -1.000000000000000000, -0.000000000000000000, -0.000000000000000000 ) ) ;
#1481 = VERTEX_POINT ( 'NONE', #1099 ) ;
#1482 = CARTESIAN_POINT ( 'NONE',  ( 0.4688551010881096825, 0.3401999999999999469, -0.2303125000000000588 ) ) ;
#1483 = FACE_OUTER_BOUND ( 'NONE', #1874, .T. ) ;
#1484 = LINE ( 'NONE', #1764, #3254 ) ;
#1485 = PLANE ( 'NONE',  #2404 ) ;
#1486 = ORIENTED_EDGE ( 'NONE', *, *, #1416, .T. ) ;
#1487 = ADVANCED_FACE ( 'NONE', ( #2752 ), #2445, .F. ) ;
#1488 = ORIENTED_EDGE ( 'NONE', *, *, #1765, .F. ) ;
#1489 = FILL_AREA_STYLE_COLOUR ( '', #597 ) ;
#1490 = CARTESIAN_POINT ( 'NONE',  ( 0.5256956820394330654, 0.3402999999999999359, -0.2648328402104253021 ) ) ;
#1491 = ORIENTED_EDGE ( 'NONE', *, *, #1397, .T. ) ;
#1492 = FILL_AREA_STYLE_COLOUR ( '', #553 ) ;
#1493 = CARTESIAN_POINT ( 'NONE',  ( 0.6701420938851626596, 0.3401999999999998914, -0.2622632156853723084 ) ) ;
#1494 = SURFACE_STYLE_USAGE ( .BOTH. , #3096 ) ;
#1495 = ORIENTED_EDGE ( 'NONE', *, *, #3053, .T. ) ;
#1496 = FACE_OUTER_BOUND ( 'NONE', #1460, .T. ) ;
#1497 =( NAMED_UNIT ( * ) PLANE_ANGLE_UNIT ( ) SI_UNIT ( $, .RADIAN. ) );
#1498 = CARTESIAN_POINT ( 'NONE',  ( 0.5723089745059176670, 0.3401999999999999469, -0.2303125000000000588 ) ) ;
#1499 = DIRECTION ( 'NONE',  ( 0.000000000000000000, 1.000000000000000000, 0.000000000000000000 ) ) ;
#1500 = LINE ( 'NONE', #2550, #431 ) ;
#1501 = EDGE_CURVE ( 'NONE', #1079, #3025, #2701, .T. ) ;
#1502 = DIRECTION ( 'NONE',  ( 0.000000000000000000, 1.000000000000000000, 0.000000000000000000 ) ) ;
#1503 = ORIENTED_EDGE ( 'NONE', *, *, #2011, .T. ) ;
#1504 = AXIS2_PLACEMENT_3D ( 'NONE', #928, #71, #3283 ) ;
#1505 = ORIENTED_EDGE ( 'NONE', *, *, #3142, .F. ) ;
#1506 = PLANE ( 'NONE',  #2964 ) ;
#1507 = EDGE_CURVE ( 'NONE', #2233, #1121, #581, .T. ) ;
#1508 = FACE_OUTER_BOUND ( 'NONE', #2871, .T. ) ;
#1509 = EDGE_LOOP ( 'NONE', ( #1209, #733, #1268, #2201 ) ) ;
#1510 = SURFACE_STYLE_FILL_AREA ( #145 ) ;
#1511 = VECTOR ( 'NONE', #2637, 1000.000000000000000 ) ;
#1512 = FACE_OUTER_BOUND ( 'NONE', #133, .T. ) ;
#1513 = VECTOR ( 'NONE', #1973, 1000.000000000000000 ) ;
#1514 = UNCERTAINTY_MEASURE_WITH_UNIT (LENGTH_MEASURE( 1.000000000000000082E-05 ), #3451, 'distance_accuracy_value', 'NONE');
#1515 = DIRECTION ( 'NONE',  ( -1.000000000000000000, 0.000000000000000000, -0.000000000000000000 ) ) ;
#1516 = ORIENTED_EDGE ( 'NONE', *, *, #1136, .T. ) ;
#1517 = LINE ( 'NONE', #680, #1464 ) ;
#1518 = CARTESIAN_POINT ( 'NONE',  ( 0.4415365938074807817, 0.3401999999999999469, -0.2655248897291799248 ) ) ;
#1519 = CARTESIAN_POINT ( 'NONE',  ( 0.5723089745059176670, 0.3402999999999999359, -0.2303125000000000588 ) ) ;
#1520 = PRESENTATION_LAYER_ASSIGNMENT (  '', '', ( #158 ) ) ;
#1521 =( LENGTH_UNIT ( ) NAMED_UNIT ( * ) SI_UNIT ( .MILLI., .METRE. ) );
#1522 = VECTOR ( 'NONE', #2482, 1000.000000000000114 ) ;
#1523 = COLOUR_RGB ( '',0.8980392156862745390, 0.9215686274509803377, 0.9294117647058823817 ) ;
#1524 = DIRECTION ( 'NONE',  ( 0.000000000000000000, 0.000000000000000000, -1.000000000000000000 ) ) ;
#1525 = ORIENTED_EDGE ( 'NONE', *, *, #1092, .F. ) ;
#1526 = CARTESIAN_POINT ( 'NONE',  ( 0.7858064516129034116, 0.3304000000000000270, -0.5500000000000000444 ) ) ;
#1527 = EDGE_CURVE ( 'NONE', #212, #3329, #2716, .T. ) ;
#1528 = EDGE_CURVE ( 'NONE', #3501, #1531, #1138, .T. ) ;
#1529 = EDGE_CURVE ( 'NONE', #36, #3481, #2029, .T. ) ;
#1530 = DIRECTION ( 'NONE',  ( 0.000000000000000000, 0.000000000000000000, -1.000000000000000000 ) ) ;
#1531 = VERTEX_POINT ( 'NONE', #1221 ) ;
#1532 = CARTESIAN_POINT ( 'NONE',  ( 0.5992464858753268064, 0.3401999999999999469, -0.2981571804488010735 ) ) ;
#1533 = DIRECTION ( 'NONE',  ( 0.000000000000000000, -0.000000000000000000, -1.000000000000000000 ) ) ;
#1534 = ADVANCED_FACE ( 'NONE', ( #1508 ), #973, .F. ) ;
#1535 = CARTESIAN_POINT ( 'NONE',  ( 0.000000000000000000, 0.000000000000000000, 0.000000000000000000 ) ) ;
#1536 = VERTEX_POINT ( 'NONE', #1253 ) ;
#1537 = LINE ( 'NONE', #1798, #3026 ) ;
#1538 = PLANE ( 'NONE',  #1955 ) ;
#1539 = PLANE ( 'NONE',  #2385 ) ;
#1540 = PLANE ( 'NONE',  #3418 ) ;
#1541 = ORIENTED_EDGE ( 'NONE', *, *, #766, .T. ) ;
#1542 = ORIENTED_EDGE ( 'NONE', *, *, #2626, .F. ) ;
#1543 = FILL_AREA_STYLE ('',( #1835 ) ) ;
#1544 = FACE_BOUND ( 'NONE', #3486, .T. ) ;
#1545 = VERTEX_POINT ( 'NONE', #2049 ) ;
#1546 = SURFACE_SIDE_STYLE ('',( #1510 ) ) ;
#1547 = SURFACE_SIDE_STYLE ('',( #744 ) ) ;
#1548 = UNCERTAINTY_MEASURE_WITH_UNIT (LENGTH_MEASURE( 1.000000000000000082E-05 ), #2589, 'distance_accuracy_value', 'NONE');
#1549 =( NAMED_UNIT ( * ) SI_UNIT ( $, .STERADIAN. ) SOLID_ANGLE_UNIT ( ) );
#1550 = ORIENTED_EDGE ( 'NONE', *, *, #2802, .F. ) ;
#1551 = CARTESIAN_POINT ( 'NONE',  ( 0.7369233744187166923, 0.3401999999999998359, -0.3675135322642782421 ) ) ;
#1552 = DIRECTION ( 'NONE',  ( 0.000000000000000000, 1.000000000000000000, 0.000000000000000000 ) ) ;
#1553 = LINE ( 'NONE', #3172, #1675 ) ;
#1554 = ADVANCED_FACE ( 'NONE', ( #1241 ), #2320, .F. ) ;
#1555 = ORIENTED_EDGE ( 'NONE', *, *, #1039, .F. ) ;
#1556 = ORIENTED_EDGE ( 'NONE', *, *, #1328, .T. ) ;
#1557 = AXIS2_PLACEMENT_3D ( 'NONE', #2025, #683, #696 ) ;
#1558 = SURFACE_STYLE_FILL_AREA ( #2576 ) ;
#1559 = ORIENTED_EDGE ( 'NONE', *, *, #1501, .T. ) ;
#1560 = FACE_OUTER_BOUND ( 'NONE', #923, .T. ) ;
#1561 = PRESENTATION_LAYER_ASSIGNMENT (  '', '', ( #1952 ) ) ;
#1562 = AXIS2_PLACEMENT_3D ( 'NONE', #3192, #2358, #2406 ) ;
#1563 = LINE ( 'NONE', #2942, #2910 ) ;
#1564 = ORIENTED_EDGE ( 'NONE', *, *, #588, .T. ) ;
#1565 = CARTESIAN_POINT ( 'NONE',  ( 0.4600690982237342075, 0.3402999999999999359, -0.3217798548428519867 ) ) ;
#1566 = STYLED_ITEM ( 'NONE', ( #1824 ), #2746 ) ;
#1567 = EDGE_CURVE ( 'NONE', #3369, #1592, #3374, .T. ) ;
#1568 = VECTOR ( 'NONE', #88, 1000.000000000000114 ) ;
#1569 = VECTOR ( 'NONE', #735, 1000.000000000000000 ) ;
#1570 = DIRECTION ( 'NONE',  ( 1.000000000000000000, 0.000000000000000000, -0.000000000000000000 ) ) ;
#1571 = EDGE_CURVE ( 'NONE', #1982, #3105, #653, .T. ) ;
#1572 = MECHANICAL_DESIGN_GEOMETRIC_PRESENTATION_REPRESENTATION (  '', ( #3430 ), #1852 ) ;
#1573 = VECTOR ( 'NONE', #750, 1000.000000000000000 ) ;
#1574 = VECTOR ( 'NONE', #2188, 1000.000000000000000 ) ;
#1575 = COLOUR_RGB ( '',0.1019607843137254888, 0.1019607843137254888, 0.1019607843137254888 ) ;
#1576 = ORIENTED_EDGE ( 'NONE', *, *, #1715, .T. ) ;
#1577 = ORIENTED_EDGE ( 'NONE', *, *, #3446, .T. ) ;
#1578 = UNCERTAINTY_MEASURE_WITH_UNIT (LENGTH_MEASURE( 1.000000000000000082E-05 ), #353, 'distance_accuracy_value', 'NONE');
#1579 = DIRECTION ( 'NONE',  ( 0.000000000000000000, 1.000000000000000000, 0.000000000000000000 ) ) ;
#1580 = EDGE_LOOP ( 'NONE', ( #1696, #3174, #2926, #1135 ) ) ;
#1581 = PLANE ( 'NONE',  #2564 ) ;
#1582 = CARTESIAN_POINT ( 'NONE',  ( 0.4276747531157042981, 0.3401999999999999469, -0.3217798548428519867 ) ) ;
#1583 = LINE ( 'NONE', #2622, #3024 ) ;
#1584 = LINE ( 'NONE', #3473, #2958 ) ;
#1585 = SURFACE_SIDE_STYLE ('',( #518 ) ) ;
#1586 = ORIENTED_EDGE ( 'NONE', *, *, #3259, .F. ) ;
#1587 = SURFACE_STYLE_FILL_AREA ( #1543 ) ;
#1588 = EDGE_CURVE ( 'NONE', #3197, #631, #2522, .T. ) ;
#1589 = ORIENTED_EDGE ( 'NONE', *, *, #567, .T. ) ;
#1590 = SURFACE_SIDE_STYLE ('',( #467 ) ) ;
#1591 = APPLICATION_PROTOCOL_DEFINITION ( 'draft international standard', 'automotive_design', 1998, #3194 ) ;
#1592 = VERTEX_POINT ( 'NONE', #687 ) ;
#1593 =( LENGTH_UNIT ( ) NAMED_UNIT ( * ) SI_UNIT ( .MILLI., .METRE. ) );
#1594 = FACE_OUTER_BOUND ( 'NONE', #2635, .T. ) ;
#1595 = DIRECTION ( 'NONE',  ( 1.000000000000000000, 0.000000000000000000, 0.000000000000000000 ) ) ;
#1596 = FACE_OUTER_BOUND ( 'NONE', #2224, .T. ) ;
#1597 = DIRECTION ( 'NONE',  ( 1.000000000000000000, 0.000000000000000000, 0.000000000000000000 ) ) ;
#1598 = CARTESIAN_POINT ( 'NONE',  ( 0.6420075108103675543, 0.3401999999999999469, -0.2303125000000000588 ) ) ;
#1599 = LINE ( 'NONE', #1324, #1840 ) ;
#1600 = DIRECTION ( 'NONE',  ( 0.000000000000000000, 1.000000000000000000, 0.000000000000000000 ) ) ;
#1601 = ADVANCED_FACE ( 'NONE', ( #2560 ), #2827, .T. ) ;
#1602 = CARTESIAN_POINT ( 'NONE',  ( -5.759824041329242306E-17, 0.3206000000000000516, 0.000000000000000000 ) ) ;
#1603 = ORIENTED_EDGE ( 'NONE', *, *, #1202, .T. ) ;
#1604 = EDGE_CURVE ( 'NONE', #241, #2858, #166, .T. ) ;
#1605 = ORIENTED_EDGE ( 'NONE', *, *, #2199, .F. ) ;
#1606 = DIRECTION ( 'NONE',  ( 9.158110993746760589E-16, -1.000000000000000000, 0.000000000000000000 ) ) ;
#1607 = EDGE_CURVE ( 'NONE', #3386, #331, #3407, .T. ) ;
#1608 = LINE ( 'NONE', #2362, #1959 ) ;
#1609 = MECHANICAL_DESIGN_GEOMETRIC_PRESENTATION_REPRESENTATION (  '', ( #2175 ), #32 ) ;
#1610 = DIRECTION ( 'NONE',  ( -1.000000000000000000, -1.571307496355803695E-16, 0.000000000000000000 ) ) ;
#1611 = EDGE_LOOP ( 'NONE', ( #1067, #2907, #434, #260, #1100, #780, #3240, #383 ) ) ;
#1612 = CARTESIAN_POINT ( 'NONE',  ( 0.4273018081360856479, 0.3402999999999999359, -0.2303125000000000588 ) ) ;
#1613 = AXIS2_PLACEMENT_3D ( 'NONE', #2600, #1762, #2093 ) ;
#1614 = LINE ( 'NONE', #1069, #2071 ) ;
#1615 = CARTESIAN_POINT ( 'NONE',  ( 0.7369233744187164703, 0.3402999999999998804, -0.3065352957023768088 ) ) ;
#1616 =( GEOMETRIC_REPRESENTATION_CONTEXT ( 3 ) GLOBAL_UNCERTAINTY_ASSIGNED_CONTEXT ( ( #3095 ) ) GLOBAL_UNIT_ASSIGNED_CONTEXT ( ( #2758, #367, #3258 ) ) REPRESENTATION_CONTEXT ( 'NONE', 'WORKASPACE' ) );
#1617 = UNCERTAINTY_MEASURE_WITH_UNIT (LENGTH_MEASURE( 1.000000000000000082E-05 ), #1704, 'distance_accuracy_value', 'NONE');
#1618 = ORIENTED_EDGE ( 'NONE', *, *, #1225, .F. ) ;
#1619 = CARTESIAN_POINT ( 'NONE',  ( 0.6420075108103675543, 0.3401999999999999469, -0.3217798548428519867 ) ) ;
#1620 =( NAMED_UNIT ( * ) SI_UNIT ( $, .STERADIAN. ) SOLID_ANGLE_UNIT ( ) );
#1621 = VECTOR ( 'NONE', #134, 1000.000000000000000 ) ;
#1622 =( GEOMETRIC_REPRESENTATION_CONTEXT ( 3 ) GLOBAL_UNCERTAINTY_ASSIGNED_CONTEXT ( ( #692 ) ) GLOBAL_UNIT_ASSIGNED_CONTEXT ( ( #2410, #522, #1326 ) ) REPRESENTATION_CONTEXT ( 'NONE', 'WORKASPACE' ) );
#1623 = VECTOR ( 'NONE', #72, 1000.000000000000000 ) ;
#1624 = FACE_OUTER_BOUND ( 'NONE', #2806, .T. ) ;
#1625 = ORIENTED_EDGE ( 'NONE', *, *, #3223, .F. ) ;
#1626 = CARTESIAN_POINT ( 'NONE',  ( 1.071612903225806601, 0.3206000000000000516, -0.5500000000000000444 ) ) ;
#1627 = VECTOR ( 'NONE', #3106, 1000.000000000000000 ) ;
#1628 = VECTOR ( 'NONE', #3393, 1000.000000000000000 ) ;
#1629 = CARTESIAN_POINT ( 'NONE',  ( 0.7369233744187164703, 0.3401999999999998914, -0.3065352957023768088 ) ) ;
#1630 =( GEOMETRIC_REPRESENTATION_CONTEXT ( 3 ) GLOBAL_UNCERTAINTY_ASSIGNED_CONTEXT ( ( #1043 ) ) GLOBAL_UNIT_ASSIGNED_CONTEXT ( ( #196, #2371, #525 ) ) REPRESENTATION_CONTEXT ( 'NONE', 'WORKASPACE' ) );
#1631 = MECHANICAL_DESIGN_GEOMETRIC_PRESENTATION_REPRESENTATION (  '', ( #3433 ), #2679 ) ;
#1632 = VERTEX_POINT ( 'NONE', #991 ) ;
#1633 =( NAMED_UNIT ( * ) PLANE_ANGLE_UNIT ( ) SI_UNIT ( $, .RADIAN. ) );
#1634 = LINE ( 'NONE', #1875, #548 ) ;
#1635 = SHAPE_DEFINITION_REPRESENTATION ( #3267, #124 ) ;
#1636 = CARTESIAN_POINT ( 'NONE',  ( -5.759824041329242306E-17, 0.3206000000000000516, -0.5500000000000000444 ) ) ;
#1637 = EDGE_LOOP ( 'NONE', ( #1295, #2989, #2592, #836 ) ) ;
#1638 = FACE_OUTER_BOUND ( 'NONE', #2146, .T. ) ;
#1639 = CARTESIAN_POINT ( 'NONE',  ( 0.4360878110004611230, 0.3401999999999999469, -0.3217798548428519867 ) ) ;
#1640 = CARTESIAN_POINT ( 'NONE',  ( 0.6449420462155314171, 0.3402999999999998804, -0.3065352957023768088 ) ) ;
#1641 = ADVANCED_FACE ( 'NONE', ( #729 ), #3387, .F. ) ;
#1642 = ORIENTED_EDGE ( 'NONE', *, *, #1778, .F. ) ;
#1643 = CARTESIAN_POINT ( 'NONE',  ( 0.000000000000000000, 0.000000000000000000, -0.5500000000000000444 ) ) ;
#1644 = LINE ( 'NONE', #2438, #2007 ) ;
#1645 = LINE ( 'NONE', #2487, #2919 ) ;
#1646 = VERTEX_POINT ( 'NONE', #143 ) ;
#1647 = LINE ( 'NONE', #1626, #835 ) ;
#1648 = VERTEX_POINT ( 'NONE', #2291 ) ;
#1649 = SURFACE_STYLE_USAGE ( .BOTH. , #2176 ) ;
#1650 = ORIENTED_EDGE ( 'NONE', *, *, #456, .T. ) ;
#1651 = FACE_OUTER_BOUND ( 'NONE', #2632, .T. ) ;
#1652 = FACE_OUTER_BOUND ( 'NONE', #2828, .T. ) ;
#1653 = CARTESIAN_POINT ( 'NONE',  ( 0.5594815465277973576, 0.3401999999999999469, -0.2973072158944790599 ) ) ;
#1654 = UNCERTAINTY_MEASURE_WITH_UNIT (LENGTH_MEASURE( 1.000000000000000082E-05 ), #2711, 'distance_accuracy_value', 'NONE');
#1655 = ORIENTED_EDGE ( 'NONE', *, *, #63, .T. ) ;
#1656 = DIRECTION ( 'NONE',  ( 0.000000000000000000, 0.000000000000000000, 1.000000000000000000 ) ) ;
#1657 = CARTESIAN_POINT ( 'NONE',  ( 0.7117233267490853388, 0.3401999999999999469, -0.2760461774214260089 ) ) ;
#1658 = EDGE_CURVE ( 'NONE', #1280, #3386, #851, .T. ) ;
#1659 = LINE ( 'NONE', #2680, #2917 ) ;
#1660 = EDGE_LOOP ( 'NONE', ( #2697, #2740, #1872, #144 ) ) ;
#1661 = PRESENTATION_STYLE_ASSIGNMENT (( #3245 ) ) ;
#1662 = ORIENTED_EDGE ( 'NONE', *, *, #269, .T. ) ;
#1663 = CARTESIAN_POINT ( 'NONE',  ( 0.5076413463041338225, 0.3401999999999999469, -0.2754001534915399563 ) ) ;
#1664 = CARTESIAN_POINT ( 'NONE',  ( 0.4828782313453666708, 0.3402999999999998804, -0.2989130161318975798 ) ) ;
#1665 = EDGE_LOOP ( 'NONE', ( #971, #92, #2260, #2044 ) ) ;
#1666 = FACE_OUTER_BOUND ( 'NONE', #191, .T. ) ;
#1667 =( NAMED_UNIT ( * ) SI_UNIT ( $, .STERADIAN. ) SOLID_ANGLE_UNIT ( ) );
#1668 = VECTOR ( 'NONE', #2166, 1000.000000000000000 ) ;
#1669 = LINE ( 'NONE', #641, #215 ) ;
#1670 = ORIENTED_EDGE ( 'NONE', *, *, #660, .F. ) ;
#1671 = PLANE ( 'NONE',  #359 ) ;
#1672 = EDGE_CURVE ( 'NONE', #3476, #1979, #1340, .T. ) ;
#1673 = STYLED_ITEM ( 'NONE', ( #3159 ), #81 ) ;
#1674 = EDGE_CURVE ( 'NONE', #1082, #688, #2935, .T. ) ;
#1675 = VECTOR ( 'NONE', #1746, 1000.000000000000000 ) ;
#1676 = SURFACE_SIDE_STYLE ('',( #343 ) ) ;
#1677 = CARTESIAN_POINT ( 'NONE',  ( 0.5594815465277973576, 0.3401999999999999469, -0.3217798548428519867 ) ) ;
#1678 = AXIS2_PLACEMENT_3D ( 'NONE', #2826, #2557, #162 ) ;
#1679 = VECTOR ( 'NONE', #1720, 1000.000000000000000 ) ;
#1680 = ORIENTED_EDGE ( 'NONE', *, *, #678, .T. ) ;
#1681 = CARTESIAN_POINT ( 'NONE',  ( 0.3949295809891197884, 0.3402999999999999359, -0.2303125000000000588 ) ) ;
#1682 = FACE_OUTER_BOUND ( 'NONE', #464, .T. ) ;
#1683 = VECTOR ( 'NONE', #2995, 1000.000000000000000 ) ;
#1684 = AXIS2_PLACEMENT_3D ( 'NONE', #2375, #2911, #1610 ) ;
#1685 = CARTESIAN_POINT ( 'NONE',  ( 0.7266129032258066278, 0.000000000000000000, 0.000000000000000000 ) ) ;
#1686 = EDGE_LOOP ( 'NONE', ( #1755, #2356, #642, #2284 ) ) ;
#1687 = DIRECTION ( 'NONE',  ( 1.000000000000000000, 0.000000000000000000, 0.000000000000000000 ) ) ;
#1688 = FACE_OUTER_BOUND ( 'NONE', #2771, .T. ) ;
#1689 = CARTESIAN_POINT ( 'NONE',  ( 0.3999802879656550458, 0.3401999999999999469, -0.3217798548428519867 ) ) ;
#1690 = FACE_OUTER_BOUND ( 'NONE', #1509, .T. ) ;
#1691 = ORIENTED_EDGE ( 'NONE', *, *, #122, .T. ) ;
#1692 = FILL_AREA_STYLE_COLOUR ( '', #2283 ) ;
#1693 = CARTESIAN_POINT ( 'NONE',  ( 0.4828782313453667263, 0.3402999999999999914, -0.2760461774214260089 ) ) ;
#1694 = LINE ( 'NONE', #2745, #2003 ) ;
#1695 =( NAMED_UNIT ( * ) SI_UNIT ( $, .STERADIAN. ) SOLID_ANGLE_UNIT ( ) );
#1696 = ORIENTED_EDGE ( 'NONE', *, *, #1314, .F. ) ;
#1697 = SURFACE_STYLE_USAGE ( .BOTH. , #2198 ) ;
#1698 = CARTESIAN_POINT ( 'NONE',  ( 0.5288688954463115488, 0.3401999999999999469, -0.3217798548428522087 ) ) ;
#1699 = ADVANCED_FACE ( 'NONE', ( #1624 ), #1110, .T. ) ;
#1700 = CARTESIAN_POINT ( 'NONE',  ( 0.7266129032258066278, 0.000000000000000000, -0.5500000000000000444 ) ) ;
#1701 = ORIENTED_EDGE ( 'NONE', *, *, #2391, .F. ) ;
#1702 = LINE ( 'NONE', #1983, #3316 ) ;
#1703 = DIRECTION ( 'NONE',  ( 1.796576432105190794E-16, -1.000000000000000000, 0.000000000000000000 ) ) ;
#1704 =( LENGTH_UNIT ( ) NAMED_UNIT ( * ) SI_UNIT ( .MILLI., .METRE. ) );
#1705 = CARTESIAN_POINT ( 'NONE',  ( 0.7266129032258066278, 0.3206000000000000516, 0.000000000000000000 ) ) ;
#1706 = VERTEX_POINT ( 'NONE', #795 ) ;
#1707 = CARTESIAN_POINT ( 'NONE',  ( 0.7266129032258066278, 0.3304000000000000825, -0.5500000000000000444 ) ) ;
#1708 = CARTESIAN_POINT ( 'NONE',  ( 1.071612903225806601, 0.3206000000000000516, -0.5500000000000000444 ) ) ;
#1709 = DIRECTION ( 'NONE',  ( 0.000000000000000000, 0.000000000000000000, -1.000000000000000000 ) ) ;
#1710 = PLANE ( 'NONE',  #3373 ) ;
#1711 = ORIENTED_EDGE ( 'NONE', *, *, #1417, .F. ) ;
#1712 = CARTESIAN_POINT ( 'NONE',  ( 0.3450000000000000289, 0.3206000000000000516, -0.5500000000000000444 ) ) ;
#1713 = ORIENTED_EDGE ( 'NONE', *, *, #2688, .F. ) ;
#1714 = FACE_OUTER_BOUND ( 'NONE', #1013, .T. ) ;
#1715 = EDGE_CURVE ( 'NONE', #862, #3076, #2707, .T. ) ;
#1716 = EDGE_CURVE ( 'NONE', #2753, #1327, #2408, .T. ) ;
#1717 = ORIENTED_EDGE ( 'NONE', *, *, #2369, .T. ) ;
#1718 =( BOUNDED_CURVE ( )  B_SPLINE_CURVE ( 3, ( #1928, #1965, #64, #634 ),
 .UNSPECIFIED., .F., .T. ) 
 B_SPLINE_CURVE_WITH_KNOTS ( ( 4, 4 ),
 ( 0.5357290076124444633, 1.000000000000000000 ),
 .UNSPECIFIED. ) 
 CURVE ( )  GEOMETRIC_REPRESENTATION_ITEM ( )  RATIONAL_B_SPLINE_CURVE ( ( 0.9558867503804097110, 0.7795185758902164475, 0.7942229924300798771, 1.000000000000000000 ) ) 
 REPRESENTATION_ITEM ( '' )  );
#1719 = CARTESIAN_POINT ( 'NONE',  ( 0.7266129032258066278, 0.3206000000000000516, -0.5500000000000000444 ) ) ;
#1720 = DIRECTION ( 'NONE',  ( 0.000000000000000000, 0.000000000000000000, 1.000000000000000000 ) ) ;
#1721 = CARTESIAN_POINT ( 'NONE',  ( 1.071612903225806601, 0.000000000000000000, 0.000000000000000000 ) ) ;
#1722 = VERTEX_POINT ( 'NONE', #2135 ) ;
#1723 = LINE ( 'NONE', #3047, #707 ) ;
#1724 = PLANE ( 'NONE',  #259 ) ;
#1725 = STYLED_ITEM ( 'NONE', ( #1236 ), #1927 ) ;
#1726 = SURFACE_STYLE_USAGE ( .BOTH. , #393 ) ;
#1727 = ORIENTED_EDGE ( 'NONE', *, *, #2325, .F. ) ;
#1728 = VECTOR ( 'NONE', #1201, 1000.000000000000000 ) ;
#1729 = STYLED_ITEM ( 'NONE', ( #1473 ), #12 ) ;
#1730 = LINE ( 'NONE', #1712, #2245 ) ;
#1731 = PRESENTATION_LAYER_ASSIGNMENT (  '', '', ( #3252 ) ) ;
#1732 = ORIENTED_EDGE ( 'NONE', *, *, #592, .F. ) ;
#1733 = FILL_AREA_STYLE_COLOUR ( '', #2351 ) ;
#1734 = VECTOR ( 'NONE', #817, 1000.000000000000000 ) ;
#1735 = VECTOR ( 'NONE', #1296, 1000.000000000000000 ) ;
#1736 = ORIENTED_EDGE ( 'NONE', *, *, #2776, .F. ) ;
#1737 = DIRECTION ( 'NONE',  ( 0.000000000000000000, 0.000000000000000000, 1.000000000000000000 ) ) ;
#1738 = PRESENTATION_LAYER_ASSIGNMENT (  '', '', ( #3430 ) ) ;
#1739 = AXIS2_PLACEMENT_3D ( 'NONE', #2541, #677, #2012 ) ;
#1740 = AXIS2_PLACEMENT_3D ( 'NONE', #2168, #538, #3285 ) ;
#1741 = VECTOR ( 'NONE', #177, 1000.000000000000000 ) ;
#1742 = FILL_AREA_STYLE_COLOUR ( '', #2559 ) ;
#1743 = ORIENTED_EDGE ( 'NONE', *, *, #2498, .T. ) ;
#1744 = DIRECTION ( 'NONE',  ( 1.000000000000000000, -9.158110993746760589E-16, 0.000000000000000000 ) ) ;
#1745 = VECTOR ( 'NONE', #1940, 1000.000000000000000 ) ;
#1746 = DIRECTION ( 'NONE',  ( 0.000000000000000000, 0.000000000000000000, 1.000000000000000000 ) ) ;
#1747 = EDGE_CURVE ( 'NONE', #1327, #1481, #1272, .T. ) ;
#1748 = EDGE_CURVE ( 'NONE', #1979, #1299, #1659, .T. ) ;
#1749 = SURFACE_STYLE_USAGE ( .BOTH. , #917 ) ;
#1750 = VERTEX_POINT ( 'NONE', #3269 ) ;
#1751 = DIRECTION ( 'NONE',  ( 0.000000000000000000, 0.000000000000000000, -1.000000000000000000 ) ) ;
#1752 = VERTEX_POINT ( 'NONE', #258 ) ;
#1753 =( NAMED_UNIT ( * ) PLANE_ANGLE_UNIT ( ) SI_UNIT ( $, .RADIAN. ) );
#1754 = FACE_OUTER_BOUND ( 'NONE', #365, .T. ) ;
#1755 = ORIENTED_EDGE ( 'NONE', *, *, #3228, .F. ) ;
#1756 = PLANE ( 'NONE',  #725 ) ;
#1757 =( NAMED_UNIT ( * ) SI_UNIT ( $, .STERADIAN. ) SOLID_ANGLE_UNIT ( ) );
#1758 = UNCERTAINTY_MEASURE_WITH_UNIT (LENGTH_MEASURE( 1.000000000000000082E-05 ), #1025, 'distance_accuracy_value', 'NONE');
#1759 = ORIENTED_EDGE ( 'NONE', *, *, #3251, .T. ) ;
#1760 =( LENGTH_UNIT ( ) NAMED_UNIT ( * ) SI_UNIT ( .MILLI., .METRE. ) );
#1761 = LINE ( 'NONE', #3442, #1569 ) ;
#1762 = DIRECTION ( 'NONE',  ( 1.000000000000000000, -1.796576432105190794E-16, 0.000000000000000000 ) ) ;
#1763 = EDGE_CURVE ( 'NONE', #1373, #1348, #1109, .T. ) ;
#1764 = CARTESIAN_POINT ( 'NONE',  ( 0.6420075108103675543, 0.3401999999999999469, -0.2303125000000000588 ) ) ;
#1765 = EDGE_CURVE ( 'NONE', #36, #3169, #2656, .T. ) ;
#1766 = VERTEX_POINT ( 'NONE', #57 ) ;
#1767 = VERTEX_POINT ( 'NONE', #2424 ) ;
#1768 = CARTESIAN_POINT ( 'NONE',  ( 0.3949295809891197884, 0.3401999999999999469, -0.2616461587604284045 ) ) ;
#1769 = DIRECTION ( 'NONE',  ( 1.000000000000000000, 0.000000000000000000, 0.000000000000000000 ) ) ;
#1770 = ORIENTED_EDGE ( 'NONE', *, *, #2272, .T. ) ;
#1771 = LINE ( 'NONE', #1274, #105 ) ;
#1772 = CARTESIAN_POINT ( 'NONE',  ( 0.7117233267490853388, 0.3401999999999999469, -0.2622632156853723084 ) ) ;
#1773 = FILL_AREA_STYLE ('',( #1742 ) ) ;
#1774 = ORIENTED_EDGE ( 'NONE', *, *, #2754, .T. ) ;
#1775 = DIRECTION ( 'NONE',  ( 0.000000000000000000, 1.000000000000000000, 0.000000000000000000 ) ) ;
#1776 = DIRECTION ( 'NONE',  ( -1.000000000000000000, 0.000000000000000000, 0.000000000000000000 ) ) ;
#1777 = SURFACE_STYLE_FILL_AREA ( #1212 ) ;
#1778 = EDGE_CURVE ( 'NONE', #1078, #862, #3212, .T. ) ;
#1779 = CARTESIAN_POINT ( 'NONE',  ( 0.5594815465277978017, 0.3402999999999999359, -0.2303125000000000588 ) ) ;
#1780 = EDGE_CURVE ( 'NONE', #1767, #3476, #577, .T. ) ;
#1781 = ORIENTED_EDGE ( 'NONE', *, *, #3211, .F. ) ;
#1782 = VECTOR ( 'NONE', #1901, 1000.000000000000000 ) ;
#1783 = VERTEX_POINT ( 'NONE', #1602 ) ;
#1784 = DIRECTION ( 'NONE',  ( 1.000000000000000000, 0.000000000000000000, 0.000000000000000000 ) ) ;
#1785 = ADVANCED_FACE ( 'NONE', ( #1544, #3229 ), #809, .F. ) ;
#1786 = VECTOR ( 'NONE', #1866, 1000.000000000000000 ) ;
#1787 = SURFACE_SIDE_STYLE ('',( #364 ) ) ;
#1788 = ORIENTED_EDGE ( 'NONE', *, *, #170, .F. ) ;
#1789 =( GEOMETRIC_REPRESENTATION_CONTEXT ( 3 ) GLOBAL_UNCERTAINTY_ASSIGNED_CONTEXT ( ( #2104 ) ) GLOBAL_UNIT_ASSIGNED_CONTEXT ( ( #1924, #1415, #1695 ) ) REPRESENTATION_CONTEXT ( 'NONE', 'WORKASPACE' ) );
#1790 = EDGE_CURVE ( 'NONE', #617, #466, #3434, .T. ) ;
#1791 = SURFACE_SIDE_STYLE ('',( #3124 ) ) ;
#1792 =( GEOMETRIC_REPRESENTATION_CONTEXT ( 3 ) GLOBAL_UNCERTAINTY_ASSIGNED_CONTEXT ( ( #1654 ) ) GLOBAL_UNIT_ASSIGNED_CONTEXT ( ( #2711, #313, #3288 ) ) REPRESENTATION_CONTEXT ( 'NONE', 'WORKASPACE' ) );
#1793 = LINE ( 'NONE', #2309, #3144 ) ;
#1794 = VERTEX_POINT ( 'NONE', #560 ) ;
#1795 = FACE_OUTER_BOUND ( 'NONE', #2317, .T. ) ;
#1796 = AXIS2_PLACEMENT_3D ( 'NONE', #3342, #2228, #352 ) ;
#1797 = MANIFOLD_SOLID_BREP ( 'Scale1[1]', #3419 ) ;
#1798 = CARTESIAN_POINT ( 'NONE',  ( 1.071612903225806601, 0.000000000000000000, -0.5500000000000000444 ) ) ;
#1799 = CARTESIAN_POINT ( 'NONE',  ( 0.6420075108103675543, 0.3402999999999999359, -0.2981571804488010735 ) ) ;
#1800 = VECTOR ( 'NONE', #1475, 1000.000000000000000 ) ;
#1801 = MECHANICAL_DESIGN_GEOMETRIC_PRESENTATION_REPRESENTATION (  '', ( #2791 ), #556 ) ;
#1802 = CARTESIAN_POINT ( 'NONE',  ( 0.3660561914672217365, 0.3401999999999999469, -0.2616461587604284045 ) ) ;
#1803 = SURFACE_STYLE_USAGE ( .BOTH. , #2590 ) ;
#1804 = ORIENTED_EDGE ( 'NONE', *, *, #2171, .F. ) ;
#1805 = ORIENTED_EDGE ( 'NONE', *, *, #142, .T. ) ;
#1806 =( NAMED_UNIT ( * ) PLANE_ANGLE_UNIT ( ) SI_UNIT ( $, .RADIAN. ) );
#1807 = CARTESIAN_POINT ( 'NONE',  ( 0.3610054844906865346, 0.3401999999999999469, -0.3217798548428519867 ) ) ;
#1808 = ORIENTED_EDGE ( 'NONE', *, *, #3176, .T. ) ;
#1809 = CARTESIAN_POINT ( 'NONE',  ( 0.3660561914672217365, 0.3401999999999999469, -0.2303125000000000588 ) ) ;
#1810 = EDGE_CURVE ( 'NONE', #988, #797, #1645, .T. ) ;
#1811 = CARTESIAN_POINT ( 'NONE',  ( 0.7858064516129034116, 0.3304000000000000270, -0.5500000000000000444 ) ) ;
#1812 =( NAMED_UNIT ( * ) SI_UNIT ( $, .STERADIAN. ) SOLID_ANGLE_UNIT ( ) );
#1813 = EDGE_LOOP ( 'NONE', ( #1559, #2817, #292, #3097 ) ) ;
#1814 = CARTESIAN_POINT ( 'NONE',  ( 0.7369233744187166923, 0.3402999999999999359, -0.3675135322642782421 ) ) ;
#1815 = LINE ( 'NONE', #2896, #1170 ) ;
#1816 = LINE ( 'NONE', #967, #595 ) ;
#1817 = PLANE ( 'NONE',  #1050 ) ;
#1818 = DIRECTION ( 'NONE',  ( 0.000000000000000000, 1.000000000000000000, 0.000000000000000000 ) ) ;
#1819 = ORIENTED_EDGE ( 'NONE', *, *, #682, .T. ) ;
#1820 = ORIENTED_EDGE ( 'NONE', *, *, #1870, .T. ) ;
#1821 = DIRECTION ( 'NONE',  ( 0.000000000000000000, 1.000000000000000000, 0.000000000000000000 ) ) ;
#1822 = EDGE_LOOP ( 'NONE', ( #1352, #2572, #757 ) ) ;
#1823 = EDGE_CURVE ( 'NONE', #1881, #2847, #342, .T. ) ;
#1824 = PRESENTATION_STYLE_ASSIGNMENT (( #2158 ) ) ;
#1825 = ADVANCED_FACE ( 'NONE', ( #1975 ), #627, .F. ) ;
#1826 = UNCERTAINTY_MEASURE_WITH_UNIT (LENGTH_MEASURE( 1.000000000000000082E-05 ), #427, 'distance_accuracy_value', 'NONE');
#1827 = ORIENTED_EDGE ( 'NONE', *, *, #2048, .F. ) ;
#1828 = CARTESIAN_POINT ( 'NONE',  ( 0.5992464858753268064, 0.3402999999999999359, -0.2981571804488010735 ) ) ;
#1829 = CARTESIAN_POINT ( 'NONE',  ( 0.5288939577122110380, 0.3402999999999999359, -0.2973072158944790599 ) ) ;
#1830 = CARTESIAN_POINT ( 'NONE',  ( 0.6701420938851625486, 0.3401999999999999469, -0.3173950626295872768 ) ) ;
#1831 = FILL_AREA_STYLE_COLOUR ( '', #1892 ) ;
#1832 = CARTESIAN_POINT ( 'NONE',  ( 0.4331002479627316659, 0.3401999999999999469, -0.2432824071808737110 ) ) ;
#1833 =( BOUNDED_CURVE ( )  B_SPLINE_CURVE ( 3, ( #1693, #1413, #3298, #613 ),
 .UNSPECIFIED., .F., .T. ) 
 B_SPLINE_CURVE_WITH_KNOTS ( ( 4, 4 ),
 ( 0.5000000000000004441, 1.000000000000000000 ),
 .UNSPECIFIED. ) 
 CURVE ( )  GEOMETRIC_REPRESENTATION_ITEM ( )  RATIONAL_B_SPLINE_CURVE ( ( 0.5000000000000000000, 0.5000000000000003331, 0.6666666666666669627, 1.000000000000000000 ) ) 
 REPRESENTATION_ITEM ( '' )  );
#1834 = ORIENTED_EDGE ( 'NONE', *, *, #187, .F. ) ;
#1835 = FILL_AREA_STYLE_COLOUR ( '', #2008 ) ;
#1836 = AXIS2_PLACEMENT_3D ( 'NONE', #3061, #3295, #895 ) ;
#1837 = CLOSED_SHELL ( 'NONE', ( #81, #2713, #900, #633, #2798, #2194, #2518, #3467, #838, #1090 ) ) ;
#1838 = VERTEX_POINT ( 'NONE', #2782 ) ;
#1839 = APPLICATION_PROTOCOL_DEFINITION ( 'draft international standard', 'automotive_design', 1998, #784 ) ;
#1840 = VECTOR ( 'NONE', #808, 1000.000000000000000 ) ;
#1841 = FACE_OUTER_BOUND ( 'NONE', #799, .T. ) ;
#1842 = MECHANICAL_DESIGN_GEOMETRIC_PRESENTATION_REPRESENTATION (  '', ( #943 ), #1226 ) ;
#1843 = ORIENTED_EDGE ( 'NONE', *, *, #1658, .F. ) ;
#1844 = LINE ( 'NONE', #844, #160 ) ;
#1845 = LINE ( 'NONE', #3222, #3478 ) ;
#1846 = VECTOR ( 'NONE', #1600, 1000.000000000000000 ) ;
#1847 = PRESENTATION_LAYER_ASSIGNMENT (  '', '', ( #1339 ) ) ;
#1848 = AXIS2_PLACEMENT_3D ( 'NONE', #2450, #3045, #2202 ) ;
#1849 = CARTESIAN_POINT ( 'NONE',  ( 0.3660561914672217365, 0.3402999999999999359, -0.2616461587604284045 ) ) ;
#1850 =( LENGTH_UNIT ( ) NAMED_UNIT ( * ) SI_UNIT ( .MILLI., .METRE. ) );
#1851 = ADVANCED_FACE ( 'NONE', ( #2805, #1185 ), #1710, .F. ) ;
#1852 =( GEOMETRIC_REPRESENTATION_CONTEXT ( 3 ) GLOBAL_UNCERTAINTY_ASSIGNED_CONTEXT ( ( #1578 ) ) GLOBAL_UNIT_ASSIGNED_CONTEXT ( ( #353, #3044, #336 ) ) REPRESENTATION_CONTEXT ( 'NONE', 'WORKASPACE' ) );
#1853 = VECTOR ( 'NONE', #1305, 1000.000000000000000 ) ;
#1854 = MECHANICAL_DESIGN_GEOMETRIC_PRESENTATION_REPRESENTATION (  '', ( #3208 ), #779 ) ;
#1855 = ORIENTED_EDGE ( 'NONE', *, *, #2216, .F. ) ;
#1856 = SURFACE_STYLE_FILL_AREA ( #1313 ) ;
#1857 = ORIENTED_EDGE ( 'NONE', *, *, #1378, .T. ) ;
#1858 = UNCERTAINTY_MEASURE_WITH_UNIT (LENGTH_MEASURE( 1.000000000000000082E-05 ), #1455, 'distance_accuracy_value', 'NONE');
#1859 = CARTESIAN_POINT ( 'NONE',  ( 1.071612903225806601, 0.000000000000000000, -0.5500000000000000444 ) ) ;
#1860 = ORIENTED_EDGE ( 'NONE', *, *, #1225, .T. ) ;
#1861 = CARTESIAN_POINT ( 'NONE',  ( 0.6373231029224781796, 0.3401999999999999469, -0.2861521549939672338 ) ) ;
#1862 = CARTESIAN_POINT ( 'NONE',  ( 0.3949295809891197884, 0.3401999999999999469, -0.2303125000000000588 ) ) ;
#1863 = CARTESIAN_POINT ( 'NONE',  ( 0.3660561914672217365, 0.3401999999999999469, -0.2303125000000000588 ) ) ;
#1864 = EDGE_CURVE ( 'NONE', #996, #2273, #930, .T. ) ;
#1865 = CARTESIAN_POINT ( 'NONE',  ( 0.3450000000000000289, 0.3304000000000000825, -0.5500000000000000444 ) ) ;
#1866 = DIRECTION ( 'NONE',  ( 9.959235123507354343E-18, 1.000000000000000000, 0.000000000000000000 ) ) ;
#1867 = EDGE_CURVE ( 'NONE', #3020, #819, #1833, .T. ) ;
#1868 = LINE ( 'NONE', #559, #946 ) ;
#1869 = MANIFOLD_SOLID_BREP ( 'Scale1[4]', #2959 ) ;
#1870 = EDGE_CURVE ( 'NONE', #1410, #619, #645, .T. ) ;
#1871 = DIRECTION ( 'NONE',  ( -0.4114965523852594509, 0.000000000000000000, 0.9114113162425871995 ) ) ;
#1872 = ORIENTED_EDGE ( 'NONE', *, *, #2763, .T. ) ;
#1873 = FILL_AREA_STYLE_COLOUR ( '', #3090 ) ;
#1874 = EDGE_LOOP ( 'NONE', ( #2544, #1886, #1038, #1994 ) ) ;
#1875 = CARTESIAN_POINT ( 'NONE',  ( 0.5992464858753268064, 0.3401999999999999469, -0.2658365140879892508 ) ) ;
#1876 = SURFACE_SIDE_STYLE ('',( #2393 ) ) ;
#1877 = ORIENTED_EDGE ( 'NONE', *, *, #502, .T. ) ;
#1878 = DIRECTION ( 'NONE',  ( -1.000000000000000000, 0.000000000000000000, 0.000000000000000000 ) ) ;
#1879 = LINE ( 'NONE', #2636, #2849 ) ;
#1880 = CARTESIAN_POINT ( 'NONE',  ( 0.6909327103171241102, 0.3402999999999999359, -0.3217798548428521532 ) ) ;
#1881 = VERTEX_POINT ( 'NONE', #2256 ) ;
#1882 = PRESENTATION_STYLE_ASSIGNMENT (( #1336 ) ) ;
#1883 = FACE_OUTER_BOUND ( 'NONE', #358, .T. ) ;
#1884 = DIRECTION ( 'NONE',  ( 0.000000000000000000, 0.000000000000000000, 1.000000000000000000 ) ) ;
#1885 = CARTESIAN_POINT ( 'NONE',  ( 0.4002216716784114392, 0.3402999999999999359, -0.2303125000000000588 ) ) ;
#1886 = ORIENTED_EDGE ( 'NONE', *, *, #3215, .F. ) ;
#1887 = EDGE_CURVE ( 'NONE', #1315, #2169, #379, .T. ) ;
#1888 = ORIENTED_EDGE ( 'NONE', *, *, #3353, .T. ) ;
#1889 = CARTESIAN_POINT ( 'NONE',  ( 0.6373231029224781796, 0.3402999999999999359, -0.2658365140879892508 ) ) ;
#1890 =( NAMED_UNIT ( * ) PLANE_ANGLE_UNIT ( ) SI_UNIT ( $, .RADIAN. ) );
#1891 = EDGE_CURVE ( 'NONE', #2100, #1794, #2079, .T. ) ;
#1892 = COLOUR_RGB ( '',0.8980392156862745390, 0.9215686274509803377, 0.9294117647058823817 ) ;
#1893 = CARTESIAN_POINT ( 'NONE',  ( 0.4828782313453667263, 0.3401999999999999469, -0.2455570591404753200 ) ) ;
#1894 = EDGE_LOOP ( 'NONE', ( #231, #2218, #2709, #2795 ) ) ;
#1895 = LINE ( 'NONE', #2395, #2733 ) ;
#1896 = AXIS2_PLACEMENT_3D ( 'NONE', #255, #1074, #3499 ) ;
#1897 = CARTESIAN_POINT ( 'NONE',  ( 0.5992464858753268064, 0.3402999999999999359, -0.2981571804488010735 ) ) ;
#1898 = LINE ( 'NONE', #1863, #2781 ) ;
#1899 =( GEOMETRIC_REPRESENTATION_CONTEXT ( 3 ) GLOBAL_UNCERTAINTY_ASSIGNED_CONTEXT ( ( #1617 ) ) GLOBAL_UNIT_ASSIGNED_CONTEXT ( ( #1704, #859, #1667 ) ) REPRESENTATION_CONTEXT ( 'NONE', 'WORKASPACE' ) );
#1900 = ORIENTED_EDGE ( 'NONE', *, *, #2288, .F. ) ;
#1901 = DIRECTION ( 'NONE',  ( 1.796576432105190794E-16, -1.000000000000000000, -0.000000000000000000 ) ) ;
#1902 = CARTESIAN_POINT ( 'NONE',  ( 0.6701420938851627707, 0.3401999999999999469, -0.2760461774214260644 ) ) ;
#1903 = COLOUR_RGB ( '',0.1019607843137254888, 0.1019607843137254888, 0.1019607843137254888 ) ;
#1904 = STYLED_ITEM ( 'NONE', ( #573 ), #1266 ) ;
#1905 = CARTESIAN_POINT ( 'NONE',  ( 0.5594815465277973576, 0.3401999999999999469, -0.2973072158944790599 ) ) ;
#1906 = VERTEX_POINT ( 'NONE', #2549 ) ;
#1907 = CARTESIAN_POINT ( 'NONE',  ( 0.5092399751661381702, 0.3402999999999999359, -0.2604799541543775798 ) ) ;
#1908 = VECTOR ( 'NONE', #552, 1000.000000000000000 ) ;
#1909 = VECTOR ( 'NONE', #2440, 1000.000000000000000 ) ;
#1910 = CARTESIAN_POINT ( 'NONE',  ( 0.7369233744187165813, 0.3401999999999999469, -0.2760461774214260644 ) ) ;
#1911 = VERTEX_POINT ( 'NONE', #1779 ) ;
#1912 = CARTESIAN_POINT ( 'NONE',  ( 0.5202535824788738772, 0.3402000000000000024, -0.2526269570673395637 ) ) ;
#1913 = EDGE_CURVE ( 'NONE', #3294, #662, #2869, .T. ) ;
#1914 = ORIENTED_EDGE ( 'NONE', *, *, #1528, .T. ) ;
#1915 = CARTESIAN_POINT ( 'NONE',  ( 0.5594815465277978017, 0.3401999999999999469, -0.2303125000000000588 ) ) ;
#1916 = DIRECTION ( 'NONE',  ( 9.959235123507354343E-18, 1.000000000000000000, 0.000000000000000000 ) ) ;
#1917 =( NAMED_UNIT ( * ) PLANE_ANGLE_UNIT ( ) SI_UNIT ( $, .RADIAN. ) );
#1918 = CARTESIAN_POINT ( 'NONE',  ( 0.5992464858753268064, 0.3401999999999999469, -0.2861521549939672338 ) ) ;
#1919 = ORIENTED_EDGE ( 'NONE', *, *, #2437, .T. ) ;
#1920 = DIRECTION ( 'NONE',  ( 1.000000000000000000, 9.959235123507354343E-18, -0.000000000000000000 ) ) ;
#1921 = CARTESIAN_POINT ( 'NONE',  ( 0.4360878110004611230, 0.3401999999999999469, -0.3217798548428519867 ) ) ;
#1922 = CARTESIAN_POINT ( 'NONE',  ( 0.4415365938074807817, 0.3401999999999999469, -0.2655248897291799248 ) ) ;
#1923 = ORIENTED_EDGE ( 'NONE', *, *, #1397, .F. ) ;
#1924 =( LENGTH_UNIT ( ) NAMED_UNIT ( * ) SI_UNIT ( .MILLI., .METRE. ) );
#1925 = ORIENTED_EDGE ( 'NONE', *, *, #307, .T. ) ;
#1926 = CARTESIAN_POINT ( 'NONE',  ( 0.6909327103171241102, 0.3402999999999999359, -0.2553717348173454860 ) ) ;
#1927 = ADVANCED_FACE ( 'NONE', ( #3133 ), #1539, .F. ) ;
#1928 = CARTESIAN_POINT ( 'NONE',  ( 0.5076413463041337115, 0.3402999999999998249, -0.2761733598502855158 ) ) ;
#1929 = ORIENTED_EDGE ( 'NONE', *, *, #3332, .T. ) ;
#1930 = DIRECTION ( 'NONE',  ( 1.796576432105190794E-16, -1.000000000000000000, 0.000000000000000000 ) ) ;
#1931 = CARTESIAN_POINT ( 'NONE',  ( 0.7858064516129034116, 0.3402000000000000024, -0.5500000000000000444 ) ) ;
#1932 = EDGE_CURVE ( 'NONE', #3300, #2321, #969, .T. ) ;
#1933 = UNCERTAINTY_MEASURE_WITH_UNIT (LENGTH_MEASURE( 1.000000000000000082E-05 ), #2070, 'distance_accuracy_value', 'NONE');
#1934 = SURFACE_STYLE_USAGE ( .BOTH. , #2760 ) ;
#1935 = EDGE_LOOP ( 'NONE', ( #3224, #2210 ) ) ;
#1936 = LINE ( 'NONE', #664, #2659 ) ;
#1937 = DIRECTION ( 'NONE',  ( 0.000000000000000000, 0.000000000000000000, -1.000000000000000000 ) ) ;
#1938 = CARTESIAN_POINT ( 'NONE',  ( 0.6373231029224781796, 0.3401999999999999469, -0.2658365140879892508 ) ) ;
#1939 = CARTESIAN_POINT ( 'NONE',  ( 0.2858064516129031896, 0.3402000000000000024, -0.5500000000000000444 ) ) ;
#1940 = DIRECTION ( 'NONE',  ( 9.959235123507354343E-18, 1.000000000000000000, 0.000000000000000000 ) ) ;
#1941 = PLANE ( 'NONE',  #1220 ) ;
#1942 = CARTESIAN_POINT ( 'NONE',  ( 0.6449420462155314171, 0.3401999999999998914, -0.3065352957023768088 ) ) ;
#1943 = ORIENTED_EDGE ( 'NONE', *, *, #243, .T. ) ;
#1944 = ORIENTED_EDGE ( 'NONE', *, *, #2127, .T. ) ;
#1945 = PLANE ( 'NONE',  #1344 ) ;
#1946 = DIRECTION ( 'NONE',  ( 0.000000000000000000, 1.000000000000000000, -0.000000000000000000 ) ) ;
#1947 = CARTESIAN_POINT ( 'NONE',  ( 0.4415365938074807817, 0.3401999999999999469, -0.2655248897291799248 ) ) ;
#1948 = LINE ( 'NONE', #1918, #1683 ) ;
#1949 = EDGE_LOOP ( 'NONE', ( #699, #1304, #3270, #2363 ) ) ;
#1950 = FACE_OUTER_BOUND ( 'NONE', #740, .T. ) ;
#1951 = DIRECTION ( 'NONE',  ( -0.3513030095030560962, 0.000000000000000000, -0.9362618199596177693 ) ) ;
#1952 = STYLED_ITEM ( 'NONE', ( #102 ), #295 ) ;
#1953 = PRODUCT_RELATED_PRODUCT_CATEGORY ( 'part', '', ( #2196 ) ) ;
#1954 = EDGE_CURVE ( 'NONE', #3197, #1531, #3444, .T. ) ;
#1955 = AXIS2_PLACEMENT_3D ( 'NONE', #949, #424, #2547 ) ;
#1956 = CARTESIAN_POINT ( 'NONE',  ( 0.000000000000000000, 0.000000000000000000, -0.5500000000000000444 ) ) ;
#1957 = FACE_OUTER_BOUND ( 'NONE', #2270, .T. ) ;
#1958 = MECHANICAL_DESIGN_GEOMETRIC_PRESENTATION_REPRESENTATION (  '', ( #373 ), #1622 ) ;
#1959 = VECTOR ( 'NONE', #1301, 1000.000000000000000 ) ;
#1960 = MECHANICAL_DESIGN_GEOMETRIC_PRESENTATION_REPRESENTATION (  '', ( #2240 ), #3368 ) ;
#1961 = ORIENTED_EDGE ( 'NONE', *, *, #2018, .F. ) ;
#1962 = CARTESIAN_POINT ( 'NONE',  ( 0.000000000000000000, 0.000000000000000000, -0.5500000000000000444 ) ) ;
#1963 = COLOUR_RGB ( '',0.1019607843137254888, 0.1019607843137254888, 0.1019607843137254888 ) ;
#1964 = STYLED_ITEM ( 'NONE', ( #2212 ), #1471 ) ;
#1965 = CARTESIAN_POINT ( 'NONE',  ( 0.5076413463041338225, 0.3402999999999999359, -0.2886687332882880153 ) ) ;
#1966 = EDGE_LOOP ( 'NONE', ( #1247, #1205, #3230, #992 ) ) ;
#1967 =( NAMED_UNIT ( * ) SI_UNIT ( $, .STERADIAN. ) SOLID_ANGLE_UNIT ( ) );
#1968 = SURFACE_SIDE_STYLE ('',( #2511 ) ) ;
#1969 = LINE ( 'NONE', #1705, #1178 ) ;
#1970 = EDGE_LOOP ( 'NONE', ( #180, #2484, #3385, #635, #161, #3326, #1781, #1827 ) ) ;
#1971 =( NAMED_UNIT ( * ) SI_UNIT ( $, .STERADIAN. ) SOLID_ANGLE_UNIT ( ) );
#1972 = DIRECTION ( 'NONE',  ( -0.4706002678426939867, 0.000000000000000000, -0.8823465237118490734 ) ) ;
#1973 = DIRECTION ( 'NONE',  ( 0.000000000000000000, 0.000000000000000000, 1.000000000000000000 ) ) ;
#1974 = EDGE_CURVE ( 'NONE', #1299, #3449, #3114, .T. ) ;
#1975 = FACE_OUTER_BOUND ( 'NONE', #2712, .T. ) ;
#1976 = SURFACE_SIDE_STYLE ('',( #224 ) ) ;
#1977 = ADVANCED_FACE ( 'NONE', ( #1287 ), #954, .F. ) ;
#1978 = LINE ( 'NONE', #630, #2500 ) ;
#1979 = VERTEX_POINT ( 'NONE', #1088 ) ;
#1980 = DIRECTION ( 'NONE',  ( 1.000000000000000000, 0.000000000000000000, 0.000000000000000000 ) ) ;
#1981 =( NAMED_UNIT ( * ) SI_UNIT ( $, .STERADIAN. ) SOLID_ANGLE_UNIT ( ) );
#1982 = VERTEX_POINT ( 'NONE', #2420 ) ;
#1983 = CARTESIAN_POINT ( 'NONE',  ( 0.4002216716784114392, 0.3401999999999999469, -0.2303125000000000588 ) ) ;
#1984 = PLANE ( 'NONE',  #2073 ) ;
#1985 = SURFACE_SIDE_STYLE ('',( #1175 ) ) ;
#1986 = DIRECTION ( 'NONE',  ( 0.000000000000000000, 1.000000000000000000, 0.000000000000000000 ) ) ;
#1987 = ORIENTED_EDGE ( 'NONE', *, *, #2314, .F. ) ;
#1988 = SURFACE_STYLE_FILL_AREA ( #879 ) ;
#1989 = FACE_OUTER_BOUND ( 'NONE', #3034, .T. ) ;
#1990 = DIRECTION ( 'NONE',  ( 0.000000000000000000, 1.000000000000000000, 0.000000000000000000 ) ) ;
#1991 = ORIENTED_EDGE ( 'NONE', *, *, #1186, .T. ) ;
#1992 = DIRECTION ( 'NONE',  ( 0.000000000000000000, 1.000000000000000000, 0.000000000000000000 ) ) ;
#1993 = DIRECTION ( 'NONE',  ( 0.000000000000000000, 1.000000000000000000, 0.000000000000000000 ) ) ;
#1994 = ORIENTED_EDGE ( 'NONE', *, *, #860, .T. ) ;
#1995 = CARTESIAN_POINT ( 'NONE',  ( 0.7117233267490854498, 0.3402999999999999914, -0.2346972922132649075 ) ) ;
#1996 = EDGE_CURVE ( 'NONE', #3426, #1410, #3265, .T. ) ;
#1997 = CARTESIAN_POINT ( 'NONE',  ( 0.5256956820394330654, 0.3402999999999999359, -0.2648328402104253021 ) ) ;
#1998 = CARTESIAN_POINT ( 'NONE',  ( -0.01419354838709677331, -0.009799999999999944172, -0.5500000000000000444 ) ) ;
#1999 = ORIENTED_EDGE ( 'NONE', *, *, #2439, .T. ) ;
#2000 = LINE ( 'NONE', #3077, #3354 ) ;
#2001 = CARTESIAN_POINT ( 'NONE',  ( 0.6449420462155315281, 0.3402999999999999914, -0.2760461774214260644 ) ) ;
#2002 = VECTOR ( 'NONE', #3225, 1000.000000000000114 ) ;
#2003 = VECTOR ( 'NONE', #901, 1000.000000000000000 ) ;
#2004 = VECTOR ( 'NONE', #2132, 1000.000000000000114 ) ;
#2005 = ORIENTED_EDGE ( 'NONE', *, *, #612, .T. ) ;
#2006 = VECTOR ( 'NONE', #2647, 1000.000000000000000 ) ;
#2007 = VECTOR ( 'NONE', #1054, 1000.000000000000000 ) ;
#2008 = COLOUR_RGB ( '',0.7921568627450980005, 0.8196078431372548767, 0.9333333333333333481 ) ;
#2009 = AXIS2_PLACEMENT_3D ( 'NONE', #198, #3343, #926 ) ;
#2010 = VERTEX_POINT ( 'NONE', #769 ) ;
#2011 = EDGE_CURVE ( 'NONE', #1722, #1299, #2694, .T. ) ;
#2012 = DIRECTION ( 'NONE',  ( 1.000000000000000000, 0.000000000000000000, 0.000000000000000000 ) ) ;
#2013 = SURFACE_SIDE_STYLE ('',( #1015 ) ) ;
#2014 = SURFACE_STYLE_FILL_AREA ( #2324 ) ;
#2015 = MECHANICAL_DESIGN_GEOMETRIC_PRESENTATION_REPRESENTATION (  '', ( #1118 ), #2457 ) ;
#2016 = AXIS2_PLACEMENT_3D ( 'NONE', #2545, #3098, #2598 ) ;
#2017 = VECTOR ( 'NONE', #2305, 1000.000000000000000 ) ;
#2018 = EDGE_CURVE ( 'NONE', #852, #1219, #3241, .T. ) ;
#2019 = AXIS2_PLACEMENT_3D ( 'NONE', #1147, #2225, #2243 ) ;
#2020 =( NAMED_UNIT ( * ) PLANE_ANGLE_UNIT ( ) SI_UNIT ( $, .RADIAN. ) );
#2021 = VERTEX_POINT ( 'NONE', #2184 ) ;
#2022 = SURFACE_STYLE_USAGE ( .BOTH. , #2036 ) ;
#2023 =( GEOMETRIC_REPRESENTATION_CONTEXT ( 3 ) GLOBAL_UNCERTAINTY_ASSIGNED_CONTEXT ( ( #2374 ) ) GLOBAL_UNIT_ASSIGNED_CONTEXT ( ( #1449, #587, #2730 ) ) REPRESENTATION_CONTEXT ( 'NONE', 'WORKASPACE' ) );
#2024 = FILL_AREA_STYLE_COLOUR ( '', #2842 ) ;
#2025 = CARTESIAN_POINT ( 'NONE',  ( 1.071612903225806601, 0.000000000000000000, -0.5500000000000000444 ) ) ;
#2026 = PLANE ( 'NONE',  #2334 ) ;
#2027 = ORIENTED_EDGE ( 'NONE', *, *, #3012, .T. ) ;
#2028 = EDGE_LOOP ( 'NONE', ( #2520, #2443, #1112, #2872 ) ) ;
#2029 = LINE ( 'NONE', #2508, #1010 ) ;
#2030 = ORIENTED_EDGE ( 'NONE', *, *, #170, .T. ) ;
#2031 = FACE_OUTER_BOUND ( 'NONE', #1037, .T. ) ;
#2032 = ADVANCED_FACE ( 'NONE', ( #1358 ), #1374, .T. ) ;
#2033 = UNCERTAINTY_MEASURE_WITH_UNIT (LENGTH_MEASURE( 1.000000000000000082E-05 ), #935, 'distance_accuracy_value', 'NONE');
#2034 = SURFACE_SIDE_STYLE ('',( #457 ) ) ;
#2035 = ORIENTED_EDGE ( 'NONE', *, *, #1823, .T. ) ;
#2036 = SURFACE_SIDE_STYLE ('',( #405 ) ) ;
#2037 = PLANE ( 'NONE',  #2286 ) ;
#2038 =( NAMED_UNIT ( * ) SI_UNIT ( $, .STERADIAN. ) SOLID_ANGLE_UNIT ( ) );
#2039 = EDGE_CURVE ( 'NONE', #913, #1766, #2403, .T. ) ;
#2040 = DIRECTION ( 'NONE',  ( 0.000000000000000000, 1.000000000000000000, 0.000000000000000000 ) ) ;
#2041 = PLANE ( 'NONE',  #476 ) ;
#2042 = EDGE_CURVE ( 'NONE', #882, #3004, #499, .T. ) ;
#2043 = EDGE_CURVE ( 'NONE', #1545, #3426, #27, .T. ) ;
#2044 = ORIENTED_EDGE ( 'NONE', *, *, #2579, .T. ) ;
#2045 = ORIENTED_EDGE ( 'NONE', *, *, #3178, .F. ) ;
#2046 = LINE ( 'NONE', #3140, #1741 ) ;
#2047 = PRESENTATION_STYLE_ASSIGNMENT (( #3371 ) ) ;
#2048 = EDGE_CURVE ( 'NONE', #50, #128, #2111, .T. ) ;
#2049 = CARTESIAN_POINT ( 'NONE',  ( -5.759824041329242306E-17, 0.3206000000000000516, -0.5500000000000000444 ) ) ;
#2050 = ORIENTED_EDGE ( 'NONE', *, *, #349, .F. ) ;
#2051 = LINE ( 'NONE', #731, #1004 ) ;
#2052 = CARTESIAN_POINT ( 'NONE',  ( 0.6701420938851627707, 0.3401999999999999469, -0.2760461774214260644 ) ) ;
#2053 = CARTESIAN_POINT ( 'NONE',  ( 1.071612903225806601, -0.009799999999999949377, 0.000000000000000000 ) ) ;
#2054 = ORIENTED_EDGE ( 'NONE', *, *, #3112, .T. ) ;
#2055 = CARTESIAN_POINT ( 'NONE',  ( 0.5594815465277978017, 0.3401999999999999469, -0.2867339163362680465 ) ) ;
#2056 = CARTESIAN_POINT ( 'NONE',  ( 0.5170041700126565276, 0.3401999999999998359, -0.2519119296727944657 ) ) ;
#2057 = DIRECTION ( 'NONE',  ( 1.000000000000000000, -1.571307496355803695E-16, 0.000000000000000000 ) ) ;
#2058 = CARTESIAN_POINT ( 'NONE',  ( 0.5288688954469592529, 0.3401999999999999469, -0.2303124999999999756 ) ) ;
#2059 = DIRECTION ( 'NONE',  ( -1.000000000000000000, 0.000000000000000000, 0.000000000000000000 ) ) ;
#2060 = PRODUCT_DEFINITION ( 'UNKNOWN', '', #3320, #759 ) ;
#2061 = ADVANCED_FACE ( 'NONE', ( #2920 ), #2675, .F. ) ;
#2062 = ORIENTED_EDGE ( 'NONE', *, *, #3032, .F. ) ;
#2063 = VECTOR ( 'NONE', #754, 1000.000000000000000 ) ;
#2064 = ORIENTED_EDGE ( 'NONE', *, *, #876, .T. ) ;
#2065 = MECHANICAL_DESIGN_GEOMETRIC_PRESENTATION_REPRESENTATION (  '', ( #2336 ), #1899 ) ;
#2066 = FILL_AREA_STYLE ('',( #703 ) ) ;
#2067 = ORIENTED_EDGE ( 'NONE', *, *, #2407, .F. ) ;
#2068 = CARTESIAN_POINT ( 'NONE',  ( 0.7117233267490855608, 0.3402999999999999914, -0.2760461774214260644 ) ) ;
#2069 = VECTOR ( 'NONE', #1502, 1000.000000000000000 ) ;
#2070 =( LENGTH_UNIT ( ) NAMED_UNIT ( * ) SI_UNIT ( .MILLI., .METRE. ) );
#2071 = VECTOR ( 'NONE', #3238, 1000.000000000000000 ) ;
#2072 = VERTEX_POINT ( 'NONE', #1322 ) ;
#2073 = AXIS2_PLACEMENT_3D ( 'NONE', #2483, #1461, #2250 ) ;
#2074 = PRESENTATION_STYLE_ASSIGNMENT (( #2022 ) ) ;
#2075 = VECTOR ( 'NONE', #924, 1000.000000000000000 ) ;
#2076 = CARTESIAN_POINT ( 'NONE',  ( 0.5334857577498938186, 0.3402999999999999914, -0.2555386750021524378 ) ) ;
#2077 = COLOUR_RGB ( '',0.8509803921568627194, 0.8509803921568627194, 0.8509803921568627194 ) ;
#2078 = SURFACE_STYLE_USAGE ( .BOTH. , #3100 ) ;
#2079 = LINE ( 'NONE', #736, #2839 ) ;
#2080 = SURFACE_STYLE_FILL_AREA ( #3445 ) ;
#2081 = EDGE_CURVE ( 'NONE', #511, #338, #239, .T. ) ;
#2082 = ORIENTED_EDGE ( 'NONE', *, *, #1996, .T. ) ;
#2083 = VERTEX_POINT ( 'NONE', #1865 ) ;
#2084 = DIRECTION ( 'NONE',  ( -1.000000000000000000, 0.000000000000000000, -0.000000000000000000 ) ) ;
#2085 = EDGE_CURVE ( 'NONE', #1369, #1536, #281, .T. ) ;
#2086 = ORIENTED_EDGE ( 'NONE', *, *, #788, .T. ) ;
#2087 = LINE ( 'NONE', #743, #2006 ) ;
#2088 =( NAMED_UNIT ( * ) PLANE_ANGLE_UNIT ( ) SI_UNIT ( $, .RADIAN. ) );
#2089 = CARTESIAN_POINT ( 'NONE',  ( 0.5288688954469592529, 0.3401999999999999469, -0.2303124999999999756 ) ) ;
#2090 = VERTEX_POINT ( 'NONE', #3496 ) ;
#2091 = CARTESIAN_POINT ( 'NONE',  ( 0.6449420462155315281, 0.3402999999999999359, -0.3675135322642782421 ) ) ;
#2092 = DIRECTION ( 'NONE',  ( 1.000000000000000000, 0.000000000000000000, 0.000000000000000000 ) ) ;
#2093 = DIRECTION ( 'NONE',  ( -1.796576432105190794E-16, -1.000000000000000000, 0.000000000000000000 ) ) ;
#2094 = CARTESIAN_POINT ( 'NONE',  ( 0.4546203154167143823, 0.3402999999999999359, -0.2655248897291799248 ) ) ;
#2095 = DIRECTION ( 'NONE',  ( 0.000000000000000000, 0.000000000000000000, 1.000000000000000000 ) ) ;
#2096 = FILL_AREA_STYLE ('',( #1289 ) ) ;
#2097 =( BOUNDED_SURFACE ( )  B_SPLINE_SURFACE ( 3, 1, ( 
 ( #2434, #2126 ),
 ( #3490, #1307 ),
 ( #2971, #2110 ),
 ( #555, #225 ) ),
 .UNSPECIFIED., .F., .F., .T. ) 
 B_SPLINE_SURFACE_WITH_KNOTS ( ( 4, 4 ),
 ( 2, 2 ),
 ( 0.000000000000000000, 0.2499999999964358510 ),
 ( 0.000000000000000000, 1.000000000000000000 ),
 .UNSPECIFIED. ) 
 GEOMETRIC_REPRESENTATION_ITEM ( )  RATIONAL_B_SPLINE_SURFACE ( (
 ( 1.000000000000000000, 1.000000000000000000),
 ( 0.6666666666714189393, 0.6666666666714189393),
 ( 0.5000000000047521986, 0.5000000000047521986),
 ( 0.5000000000000000000, 0.5000000000000000000) ) ) 
 REPRESENTATION_ITEM ( '' )  SURFACE ( )  );
#2098 = EDGE_LOOP ( 'NONE', ( #1843, #218, #172, #41 ) ) ;
#2099 = FILL_AREA_STYLE_COLOUR ( '', #2502 ) ;
#2100 = VERTEX_POINT ( 'NONE', #1072 ) ;
#2101 = FILL_AREA_STYLE_COLOUR ( '', #39 ) ;
#2102 = DIRECTION ( 'NONE',  ( -9.959235123507354343E-18, 1.000000000000000000, 0.000000000000000000 ) ) ;
#2103 = FILL_AREA_STYLE_COLOUR ( '', #3424 ) ;
#2104 = UNCERTAINTY_MEASURE_WITH_UNIT (LENGTH_MEASURE( 1.000000000000000082E-05 ), #1924, 'distance_accuracy_value', 'NONE');
#2105 = CARTESIAN_POINT ( 'NONE',  ( 0.6420075108103675543, 0.3402999999999999359, -0.3217798548428519867 ) ) ;
#2106 = ADVANCED_FACE ( 'NONE', ( #2148 ), #356, .T. ) ;
#2107 = VERTEX_POINT ( 'NONE', #1469 ) ;
#2108 = CARTESIAN_POINT ( 'NONE',  ( 0.6701420938851627707, 0.3402999999999999914, -0.2760461774214260644 ) ) ;
#2109 = LINE ( 'NONE', #3257, #262 ) ;
#2110 = CARTESIAN_POINT ( 'NONE',  ( 0.5147255501065568506, 0.3402999999999998804, -0.2973072158940774923 ) ) ;
#2111 = LINE ( 'NONE', #2997, #648 ) ;
#2112 = PLANE ( 'NONE',  #3307 ) ;
#2113 = LINE ( 'NONE', #2980, #3361 ) ;
#2114 = ORIENTED_EDGE ( 'NONE', *, *, #2255, .F. ) ;
#2115 = FACE_OUTER_BOUND ( 'NONE', #2667, .T. ) ;
#2116 = ORIENTED_EDGE ( 'NONE', *, *, #411, .T. ) ;
#2117 = CARTESIAN_POINT ( 'NONE',  ( 0.5076413463041338225, 0.3401999999999999469, -0.2761733598502854048 ) ) ;
#2118 = PRESENTATION_LAYER_ASSIGNMENT (  '', '', ( #147 ) ) ;
#2119 = FACE_OUTER_BOUND ( 'NONE', #529, .T. ) ;
#2120 = EDGE_CURVE ( 'NONE', #2169, #1094, #2000, .T. ) ;
#2121 = MECHANICAL_DESIGN_GEOMETRIC_PRESENTATION_REPRESENTATION (  '', ( #98 ), #1616 ) ;
#2122 = CARTESIAN_POINT ( 'NONE',  ( 0.5256956820394330654, 0.3401999999999999469, -0.2648328402104253021 ) ) ;
#2123 = EDGE_LOOP ( 'NONE', ( #905, #1242, #1, #2887 ) ) ;
#2124 = LINE ( 'NONE', #2944, #891 ) ;
#2125 =( NAMED_UNIT ( * ) PLANE_ANGLE_UNIT ( ) SI_UNIT ( $, .RADIAN. ) );
#2126 = CARTESIAN_POINT ( 'NONE',  ( 0.5076413463041338225, 0.3402999999999998804, -0.2761733598502854048 ) ) ;
#2127 = EDGE_CURVE ( 'NONE', #2723, #2702, #1130, .T. ) ;
#2128 = COLOUR_RGB ( '',0.8509803921568627194, 0.8509803921568627194, 0.8509803921568627194 ) ;
#2129 = CARTESIAN_POINT ( 'NONE',  ( 0.3333110193406372268, 0.3401999999999999469, -0.3217798548428519867 ) ) ;
#2130 = VECTOR ( 'NONE', #3235, 1000.000000000000000 ) ;
#2131 = CARTESIAN_POINT ( 'NONE',  ( 1.085806451612903567, -1.413568856239753217E-19, 0.000000000000000000 ) ) ;
#2132 = DIRECTION ( 'NONE',  ( 0.4081380724647398206, 0.000000000000000000, 0.9129202121788994040 ) ) ;
#2133 = VECTOR ( 'NONE', #3220, 1000.000000000000114 ) ;
#2134 = COLOUR_RGB ( '',0.8980392156862745390, 0.9215686274509803377, 0.9294117647058823817 ) ;
#2135 = CARTESIAN_POINT ( 'NONE',  ( 0.5992464858753268064, 0.3401999999999999469, -0.2529653581143512242 ) ) ;
#2136 = ORIENTED_EDGE ( 'NONE', *, *, #1780, .T. ) ;
#2137 = CARTESIAN_POINT ( 'NONE',  ( 0.6373231029224781796, 0.3401999999999999469, -0.2658365140879892508 ) ) ;
#2138 = ORIENTED_EDGE ( 'NONE', *, *, #2466, .T. ) ;
#2139 = DIRECTION ( 'NONE',  ( 0.000000000000000000, 1.000000000000000000, 0.000000000000000000 ) ) ;
#2140 = DIRECTION ( 'NONE',  ( 0.000000000000000000, 0.000000000000000000, -1.000000000000000000 ) ) ;
#2141 = EDGE_LOOP ( 'NONE', ( #1018, #1923, #920, #606 ) ) ;
#2142 = LINE ( 'NONE', #1612, #2133 ) ;
#2143 = LINE ( 'NONE', #2932, #2972 ) ;
#2144 = EDGE_CURVE ( 'NONE', #814, #996, #3345, .T. ) ;
#2145 = UNCERTAINTY_MEASURE_WITH_UNIT (LENGTH_MEASURE( 1.000000000000000082E-05 ), #2880, 'distance_accuracy_value', 'NONE');
#2146 = EDGE_LOOP ( 'NONE', ( #22, #2881, #228, #974, #2784, #311, #2203, #1929 ) ) ;
#2147 = ADVANCED_FACE ( 'NONE', ( #863, #625 ), #339, .T. ) ;
#2148 = FACE_OUTER_BOUND ( 'NONE', #195, .T. ) ;
#2149 = EDGE_CURVE ( 'NONE', #50, #688, #51, .T. ) ;
#2150 = LINE ( 'NONE', #1337, #2447 ) ;
#2151 = FILL_AREA_STYLE_COLOUR ( '', #2449 ) ;
#2152 = DIRECTION ( 'NONE',  ( -0.4706002678426939867, -0.000000000000000000, -0.8823465237118490734 ) ) ;
#2153 = EDGE_CURVE ( 'NONE', #3276, #1766, #1936, .T. ) ;
#2154 = ORIENTED_EDGE ( 'NONE', *, *, #1715, .F. ) ;
#2155 =( NAMED_UNIT ( * ) SI_UNIT ( $, .STERADIAN. ) SOLID_ANGLE_UNIT ( ) );
#2156 = ORIENTED_EDGE ( 'NONE', *, *, #747, .F. ) ;
#2157 = EDGE_CURVE ( 'NONE', #774, #3197, #1723, .T. ) ;
#2158 = SURFACE_STYLE_USAGE ( .BOTH. , #1590 ) ;
#2159 = CARTESIAN_POINT ( 'NONE',  ( 0.2858064516129031896, 0.3303999999999999715, -0.5500000000000000444 ) ) ;
#2160 = LINE ( 'NONE', #1081, #485 ) ;
#2161 = VERTEX_POINT ( 'NONE', #3011 ) ;
#2162 = CARTESIAN_POINT ( 'NONE',  ( 0.7013280185331047800, 0.3402999999999999359, -0.2967206200255066428 ) ) ;
#2163 = CARTESIAN_POINT ( 'NONE',  ( 1.085806451612903567, -1.413568856239753217E-19, -0.5500000000000000444 ) ) ;
#2164 = DIRECTION ( 'NONE',  ( 1.000000000000000000, 0.000000000000000000, 0.000000000000000000 ) ) ;
#2165 = ORIENTED_EDGE ( 'NONE', *, *, #2144, .F. ) ;
#2166 = DIRECTION ( 'NONE',  ( 0.000000000000000000, 1.000000000000000000, 0.000000000000000000 ) ) ;
#2167 = LINE ( 'NONE', #576, #2004 ) ;
#2168 = CARTESIAN_POINT ( 'NONE',  ( 0.5594815465277978017, 0.3401999999999999469, -0.2303125000000000588 ) ) ;
#2169 = VERTEX_POINT ( 'NONE', #1429 ) ;
#2170 = FILL_AREA_STYLE_COLOUR ( '', #596 ) ;
#2171 = EDGE_CURVE ( 'NONE', #3105, #466, #586, .T. ) ;
#2172 = FILL_AREA_STYLE ('',( #2103 ) ) ;
#2173 = ORIENTED_EDGE ( 'NONE', *, *, #2171, .T. ) ;
#2174 = CARTESIAN_POINT ( 'NONE',  ( 0.4828782313453666708, 0.3402999999999999914, -0.2760461774214260644 ) ) ;
#2175 = STYLED_ITEM ( 'NONE', ( #3400 ), #1977 ) ;
#2176 = SURFACE_SIDE_STYLE ('',( #855 ) ) ;
#2177 = ORIENTED_EDGE ( 'NONE', *, *, #3112, .F. ) ;
#2178 = SURFACE_STYLE_USAGE ( .BOTH. , #2895 ) ;
#2179 = VECTOR ( 'NONE', #3226, 1000.000000000000000 ) ;
#2180 = SURFACE_SIDE_STYLE ('',( #3221 ) ) ;
#2181 = SURFACE_STYLE_USAGE ( .BOTH. , #1103 ) ;
#2182 = EDGE_LOOP ( 'NONE', ( #2912, #749 ) ) ;
#2183 = VECTOR ( 'NONE', #2139, 1000.000000000000000 ) ;
#2184 = CARTESIAN_POINT ( 'NONE',  ( 0.5076413463041337115, 0.3401999999999998914, -0.2761733598502855158 ) ) ;
#2185 = LINE ( 'NONE', #793, #2852 ) ;
#2186 = VECTOR ( 'NONE', #904, 1000.000000000000000 ) ;
#2187 =( GEOMETRIC_REPRESENTATION_CONTEXT ( 3 ) GLOBAL_UNCERTAINTY_ASSIGNED_CONTEXT ( ( #1230 ) ) GLOBAL_UNIT_ASSIGNED_CONTEXT ( ( #3107, #2834, #1812 ) ) REPRESENTATION_CONTEXT ( 'NONE', 'WORKASPACE' ) );
#2188 = DIRECTION ( 'NONE',  ( 0.000000000000000000, 1.000000000000000000, 0.000000000000000000 ) ) ;
#2189 = ORIENTED_EDGE ( 'NONE', *, *, #745, .T. ) ;
#2191 =( NAMED_UNIT ( * ) PLANE_ANGLE_UNIT ( ) SI_UNIT ( $, .RADIAN. ) );
#2190 = COLOUR_RGB ( '',0.7921568627450980005, 0.8196078431372548767, 0.9333333333333333481 ) ;
#2192 = PRESENTATION_LAYER_ASSIGNMENT (  '', '', ( #3086 ) ) ;
#2193 = VECTOR ( 'NONE', #301, 1000.000000000000000 ) ;
#2194 = ADVANCED_FACE ( 'NONE', ( #1950 ), #1671, .T. ) ;
#2195 = VECTOR ( 'NONE', #1009, 1000.000000000000000 ) ;
#2196 = PRODUCT ( 'RS_SMDCHIP_0402_L1.1W0.55T0.35B10.3B20.35', 'RS_SMDCHIP_0402_L1.1W0.55T0.35B10.3B20.35', '', ( #2413 ) ) ;
#2197 = ORIENTED_EDGE ( 'NONE', *, *, #660, .T. ) ;
#2198 = SURFACE_SIDE_STYLE ('',( #3301 ) ) ;
#2199 = EDGE_CURVE ( 'NONE', #2100, #1481, #2762, .T. ) ;
#2200 =( LENGTH_UNIT ( ) NAMED_UNIT ( * ) SI_UNIT ( .MILLI., .METRE. ) );
#2201 = ORIENTED_EDGE ( 'NONE', *, *, #2407, .T. ) ;
#2202 = DIRECTION ( 'NONE',  ( -1.000000000000000000, 0.000000000000000000, 0.000000000000000000 ) ) ;
#2203 = ORIENTED_EDGE ( 'NONE', *, *, #2563, .T. ) ;
#2204 = DIRECTION ( 'NONE',  ( 0.000000000000000000, 1.000000000000000000, 0.000000000000000000 ) ) ;
#2205 = CARTESIAN_POINT ( 'NONE',  ( 0.3804928862281707902, 0.3401999999999999469, -0.2852421765749061922 ) ) ;
#2206 = CARTESIAN_POINT ( 'NONE',  ( 0.6420075108103675543, 0.3401999999999999469, -0.2529653581143512242 ) ) ;
#2207 = ORIENTED_EDGE ( 'NONE', *, *, #3038, .T. ) ;
#2208 = PLANE ( 'NONE',  #1286 ) ;
#2209 = DIRECTION ( 'NONE',  ( 1.000000000000000000, 0.000000000000000000, 0.000000000000000000 ) ) ;
#2210 = ORIENTED_EDGE ( 'NONE', *, *, #2388, .F. ) ;
#2211 = CARTESIAN_POINT ( 'NONE',  ( 0.4982084527125597573, 0.3402999999999998804, -0.2303125000000063594 ) ) ;
#2212 = PRESENTATION_STYLE_ASSIGNMENT (( #3019 ) ) ;
#2213 = ORIENTED_EDGE ( 'NONE', *, *, #2359, .F. ) ;
#2214 =( BOUNDED_CURVE ( )  B_SPLINE_CURVE ( 3, ( #1910, #1629, #2683, #286, #563, #1942, #2814 ),
 .UNSPECIFIED., .F., .T. ) 
 B_SPLINE_CURVE_WITH_KNOTS ( ( 4, 3, 4 ),
 ( 0.2499999999999999445, 0.5000000000000000000, 0.7500000000000002220 ),
 .UNSPECIFIED. ) 
 CURVE ( )  GEOMETRIC_REPRESENTATION_ITEM ( )  RATIONAL_B_SPLINE_CURVE ( ( 0.5000000000000000000, 0.5000000000000000000, 0.6666666666666666297, 1.000000000000000000, 0.6666666666666664076, 0.4999999999999997780, 0.5000000000000000000 ) ) 
 REPRESENTATION_ITEM ( '' )  );
#2215 = DIRECTION ( 'NONE',  ( -0.4114965523852594509, 0.000000000000000000, -0.9114113162425871995 ) ) ;
#2216 = EDGE_CURVE ( 'NONE', #2394, #2072, #3330, .T. ) ;
#2217 = CARTESIAN_POINT ( 'NONE',  ( 1.071612903225806601, 0.000000000000000000, 0.000000000000000000 ) ) ;
#2218 = ORIENTED_EDGE ( 'NONE', *, *, #2085, .F. ) ;
#2219 = DIRECTION ( 'NONE',  ( 1.000000000000000000, 0.000000000000000000, 0.000000000000000000 ) ) ;
#2220 = CARTESIAN_POINT ( 'NONE',  ( 0.5256956820394330654, 0.3401999999999999469, -0.2867339163362680465 ) ) ;
#2221 = DIRECTION ( 'NONE',  ( 0.000000000000000000, 1.000000000000000000, 0.000000000000000000 ) ) ;
#2222 = FILL_AREA_STYLE ('',( #87 ) ) ;
#2223 = FILL_AREA_STYLE ('',( #2170 ) ) ;
#2224 = EDGE_LOOP ( 'NONE', ( #1133, #483, #1919, #372 ) ) ;
#2225 = DIRECTION ( 'NONE',  ( -1.000000000000000000, 0.000000000000000000, 0.000000000000000000 ) ) ;
#2226 = EDGE_CURVE ( 'NONE', #212, #3004, #1388, .T. ) ;
#2227 = VERTEX_POINT ( 'NONE', #1210 ) ;
#2228 = DIRECTION ( 'NONE',  ( 0.000000000000000000, 0.000000000000000000, 1.000000000000000000 ) ) ;
#2229 = CARTESIAN_POINT ( 'NONE',  ( 0.5992464858753268064, 0.3402999999999999359, -0.2861521549939672338 ) ) ;
#2230 = CARTESIAN_POINT ( 'NONE',  ( 0.2858064516129031896, 0.3402000000000000024, -0.5500000000000000444 ) ) ;
#2231 = ADVANCED_FACE ( 'NONE', ( #1496 ), #390, .F. ) ;
#2232 = VECTOR ( 'NONE', #2485, 1000.000000000000000 ) ;
#2233 = VERTEX_POINT ( 'NONE', #2055 ) ;
#2234 = CARTESIAN_POINT ( 'NONE',  ( 0.6449420462155315281, 0.3402999999999999914, -0.1845788225785738590 ) ) ;
#2235 = EDGE_CURVE ( 'NONE', #1215, #3276, #150, .T. ) ;
#2236 = AXIS2_PLACEMENT_3D ( 'NONE', #3029, #340, #1972 ) ;
#2237 = DIRECTION ( 'NONE',  ( 0.000000000000000000, 0.000000000000000000, 1.000000000000000000 ) ) ;
#2238 = VECTOR ( 'NONE', #1319, 1000.000000000000000 ) ;
#2239 = VECTOR ( 'NONE', #330, 1000.000000000000000 ) ;
#2240 = STYLED_ITEM ( 'NONE', ( #705 ), #3480 ) ;
#2241 = VECTOR ( 'NONE', #2328, 1000.000000000000114 ) ;
#2242 = ORIENTED_EDGE ( 'NONE', *, *, #1426, .F. ) ;
#2243 = DIRECTION ( 'NONE',  ( 0.000000000000000000, 0.000000000000000000, 1.000000000000000000 ) ) ;
#2244 = DIRECTION ( 'NONE',  ( 0.000000000000000000, 1.000000000000000000, 0.000000000000000000 ) ) ;
#2245 = VECTOR ( 'NONE', #2209, 1000.000000000000000 ) ;
#2246 = VECTOR ( 'NONE', #40, 1000.000000000000000 ) ;
#2247 = CARTESIAN_POINT ( 'NONE',  ( 0.6373231029224781796, 0.3402999999999999359, -0.2861521549939672338 ) ) ;
#2248 = ORIENTED_EDGE ( 'NONE', *, *, #1011, .F. ) ;
#2249 = DIRECTION ( 'NONE',  ( 0.000000000000000000, -1.000000000000000000, 0.000000000000000000 ) ) ;
#2250 = DIRECTION ( 'NONE',  ( 0.000000000000000000, 0.000000000000000000, -1.000000000000000000 ) ) ;
#2251 = CARTESIAN_POINT ( 'NONE',  ( 0.5334857581829244300, 0.3401999999999999469, -0.2555386750974401044 ) ) ;
#2252 = ORIENTED_EDGE ( 'NONE', *, *, #1716, .T. ) ;
#2253 = CARTESIAN_POINT ( 'NONE',  ( 0.3450000000000000289, 0.3304000000000000270, -0.5500000000000000444 ) ) ;
#2254 = CARTESIAN_POINT ( 'NONE',  ( 0.000000000000000000, 0.000000000000000000, -0.5500000000000000444 ) ) ;
#2255 = EDGE_CURVE ( 'NONE', #2107, #1348, #1517, .T. ) ;
#2256 = CARTESIAN_POINT ( 'NONE',  ( 0.3660561914672217365, 0.3402999999999999359, -0.2303125000000000588 ) ) ;
#2257 = EDGE_CURVE ( 'NONE', #2702, #30, #711, .T. ) ;
#2258 = EDGE_CURVE ( 'NONE', #1592, #3076, #997, .T. ) ;
#2259 = CARTESIAN_POINT ( 'NONE',  ( 0.3333110193406372268, 0.3401999999999999469, -0.3217798548428519867 ) ) ;
#2260 = ORIENTED_EDGE ( 'NONE', *, *, #794, .T. ) ;
#2261 = DIRECTION ( 'NONE',  ( 0.000000000000000000, 0.000000000000000000, 1.000000000000000000 ) ) ;
#2262 = EDGE_LOOP ( 'NONE', ( #334, #848, #2743, #351 ) ) ;
#2263 = LINE ( 'NONE', #2797, #1176 ) ;
#2264 = FACE_OUTER_BOUND ( 'NONE', #1026, .T. ) ;
#2265 = ORIENTED_EDGE ( 'NONE', *, *, #1954, .T. ) ;
#2266 = CARTESIAN_POINT ( 'NONE',  ( 0.000000000000000000, 0.3206000000000000516, -0.5500000000000000444 ) ) ;
#2267 = SURFACE_STYLE_USAGE ( .BOTH. , #3314 ) ;
#2268 = DIRECTION ( 'NONE',  ( -0.9114113162425873105, 0.000000000000000000, -0.4114965523852595064 ) ) ;
#2269 = CARTESIAN_POINT ( 'NONE',  ( 0.3660561914672217365, 0.3401999999999999469, -0.2303125000000000588 ) ) ;
#2270 = EDGE_LOOP ( 'NONE', ( #783, #2419, #599, #591 ) ) ;
#2271 = LINE ( 'NONE', #1526, #1800 ) ;
#2272 = EDGE_CURVE ( 'NONE', #2021, #1982, #2759, .T. ) ;
#2273 = VERTEX_POINT ( 'NONE', #3395 ) ;
#2274 = CARTESIAN_POINT ( 'NONE',  ( 0.6449420462155315281, 0.3401999999999999469, -0.2760461774214260089 ) ) ;
#2275 =( NAMED_UNIT ( * ) SI_UNIT ( $, .STERADIAN. ) SOLID_ANGLE_UNIT ( ) );
#2276 = EDGE_LOOP ( 'NONE', ( #1788, #3344, #413, #1857 ) ) ;
#2277 = CARTESIAN_POINT ( 'NONE',  ( 0.3358064516129031785, 0.000000000000000000, 0.000000000000000000 ) ) ;
#2278 = DIRECTION ( 'NONE',  ( -0.8782331874518982673, 0.000000000000000000, 0.4782326509744800891 ) ) ;
#2279 = CARTESIAN_POINT ( 'NONE',  ( 0.000000000000000000, 0.000000000000000000, -0.5500000000000000444 ) ) ;
#2280 = VECTOR ( 'NONE', #374, 1000.000000000000000 ) ;
#2281 = DIRECTION ( 'NONE',  ( -1.000000000000000000, 0.000000000000000000, -1.521815669474874560E-15 ) ) ;
#2282 = FACE_OUTER_BOUND ( 'NONE', #2643, .T. ) ;
#2283 = COLOUR_RGB ( '',0.8980392156862745390, 0.9215686274509803377, 0.9294117647058823817 ) ;
#2284 = ORIENTED_EDGE ( 'NONE', *, *, #1507, .T. ) ;
#2285 = ORIENTED_EDGE ( 'NONE', *, *, #121, .T. ) ;
#2286 = AXIS2_PLACEMENT_3D ( 'NONE', #2586, #3110, #1776 ) ;
#2287 = CARTESIAN_POINT ( 'NONE',  ( 0.4828782313453666708, 0.3402999999999999359, -0.2760461774214260644 ) ) ;
#2288 = EDGE_CURVE ( 'NONE', #2083, #2394, #3128, .T. ) ;
#2289 = VECTOR ( 'NONE', #850, 1000.000000000000000 ) ;
#2290 = ADVANCED_FACE ( 'NONE', ( #1795 ), #2529, .T. ) ;
#2291 = CARTESIAN_POINT ( 'NONE',  ( 0.7266129032258066278, 0.3304000000000000825, -0.5500000000000000444 ) ) ;
#2292 = EDGE_LOOP ( 'NONE', ( #2657, #1819 ) ) ;
#2293 = PLANE ( 'NONE',  #2504 ) ;
#2294 = MECHANICAL_DESIGN_GEOMETRIC_PRESENTATION_REPRESENTATION (  '', ( #430 ), #157 ) ;
#2295 = VECTOR ( 'NONE', #3358, 1000.000000000000000 ) ;
#2296 = PRESENTATION_STYLE_ASSIGNMENT (( #132 ) ) ;
#2297 = EDGE_LOOP ( 'NONE', ( #730, #3324, #1495, #3177, #404, #624, #19, #2468, #1438, #564, #2207, #1143, #2173 ) ) ;
#2298 = CARTESIAN_POINT ( 'NONE',  ( -5.191599967959575570E-17, 0.3304000000000000270, -0.5500000000000000444 ) ) ;
#2299 = LINE ( 'NONE', #1799, #1621 ) ;
#2300 = CARTESIAN_POINT ( 'NONE',  ( 0.5288688954469592529, 0.3402999999999999359, -0.2303124999999999756 ) ) ;
#2301 =( NAMED_UNIT ( * ) PLANE_ANGLE_UNIT ( ) SI_UNIT ( $, .RADIAN. ) );
#2302 = VERTEX_POINT ( 'NONE', #2882 ) ;
#2303 = ORIENTED_EDGE ( 'NONE', *, *, #1529, .F. ) ;
#2304 = PLANE ( 'NONE',  #210 ) ;
#2305 = DIRECTION ( 'NONE',  ( 1.000000000000000000, 0.000000000000000000, 0.000000000000000000 ) ) ;
#2306 = ORIENTED_EDGE ( 'NONE', *, *, #527, .F. ) ;
#2307 = LINE ( 'NONE', #401, #216 ) ;
#2308 = UNCERTAINTY_MEASURE_WITH_UNIT (LENGTH_MEASURE( 1.000000000000000082E-05 ), #18, 'distance_accuracy_value', 'NONE');
#2309 = CARTESIAN_POINT ( 'NONE',  ( 0.000000000000000000, 0.3206000000000000516, 0.000000000000000000 ) ) ;
#2310 = ORIENTED_EDGE ( 'NONE', *, *, #1328, .F. ) ;
#2311 = CARTESIAN_POINT ( 'NONE',  ( 0.5076413463041338225, 0.3402000000000000024, -0.2886687332882880153 ) ) ;
#2312 = DIRECTION ( 'NONE',  ( 1.000000000000000000, 9.158110993746760589E-16, -0.000000000000000000 ) ) ;
#2313 = PRESENTATION_STYLE_ASSIGNMENT (( #186 ) ) ;
#2314 = EDGE_CURVE ( 'NONE', #3449, #1158, #459, .T. ) ;
#2315 = DIRECTION ( 'NONE',  ( 0.000000000000000000, -1.000000000000000000, 0.000000000000000000 ) ) ;
#2316 = LINE ( 'NONE', #463, #1451 ) ;
#2317 = EDGE_LOOP ( 'NONE', ( #2114, #2534, #113, #1732 ) ) ;
#2318 = ORIENTED_EDGE ( 'NONE', *, *, #1748, .T. ) ;
#2319 = PLANE ( 'NONE',  #3321 ) ;
#2320 = PLANE ( 'NONE',  #896 ) ;
#2321 = VERTEX_POINT ( 'NONE', #1828 ) ;
#2322 = CARTESIAN_POINT ( 'NONE',  ( 0.6701420938851625486, 0.3402999999999999914, -0.2346972922132649075 ) ) ;
#2323 = PLANE ( 'NONE',  #2913 ) ;
#2324 = FILL_AREA_STYLE ('',( #3149 ) ) ;
#2325 = EDGE_CURVE ( 'NONE', #466, #2848, #2528, .T. ) ;
#2326 = CARTESIAN_POINT ( 'NONE',  ( 0.5594815465277973576, 0.3401999999999999469, -0.3217798548428519867 ) ) ;
#2327 = EDGE_LOOP ( 'NONE', ( #1662, #1139, #3231, #3348, #395, #672, #3413, #1433 ) ) ;
#2328 = DIRECTION ( 'NONE',  ( -0.4706002678426939867, -0.000000000000000000, -0.8823465237118490734 ) ) ;
#2329 = CARTESIAN_POINT ( 'NONE',  ( 0.5058735633961630729, 0.3402999999999999359, -0.3217798548428522087 ) ) ;
#2330 = EDGE_CURVE ( 'NONE', #3004, #300, #8, .T. ) ;
#2331 = EDGE_CURVE ( 'NONE', #1008, #3025, #763, .T. ) ;
#2332 = MECHANICAL_DESIGN_GEOMETRIC_PRESENTATION_REPRESENTATION (  '', ( #1218 ), #933 ) ;
#2333 = ORIENTED_EDGE ( 'NONE', *, *, #2255, .T. ) ;
#2334 = AXIS2_PLACEMENT_3D ( 'NONE', #2602, #697, #156 ) ;
#2335 = VERTEX_POINT ( 'NONE', #2968 ) ;
#2336 = STYLED_ITEM ( 'NONE', ( #1384 ), #633 ) ;
#2337 =( GEOMETRIC_REPRESENTATION_CONTEXT ( 3 ) GLOBAL_UNCERTAINTY_ASSIGNED_CONTEXT ( ( #3453 ) ) GLOBAL_UNIT_ASSIGNED_CONTEXT ( ( #3040, #906, #2986 ) ) REPRESENTATION_CONTEXT ( 'NONE', 'WORKASPACE' ) );
#2338 = CARTESIAN_POINT ( 'NONE',  ( 0.3450000000000000289, 0.3304000000000000270, 0.000000000000000000 ) ) ;
#2339 = EDGE_LOOP ( 'NONE', ( #3264, #2886, #2864, #3001 ) ) ;
#2340 = LINE ( 'NONE', #2796, #2075 ) ;
#2341 = CARTESIAN_POINT ( 'NONE',  ( 0.7013280185331046690, 0.3401999999999999469, -0.2553717348173454860 ) ) ;
#2342 =( GEOMETRIC_REPRESENTATION_CONTEXT ( 3 ) GLOBAL_UNCERTAINTY_ASSIGNED_CONTEXT ( ( #2543 ) ) GLOBAL_UNIT_ASSIGNED_CONTEXT ( ( #893, #3008, #877 ) ) REPRESENTATION_CONTEXT ( 'NONE', 'WORKASPACE' ) );
#2343 = UNCERTAINTY_MEASURE_WITH_UNIT (LENGTH_MEASURE( 1.000000000000000082E-05 ), #3340, 'distance_accuracy_value', 'NONE');
#2344 =( LENGTH_UNIT ( ) NAMED_UNIT ( * ) SI_UNIT ( .MILLI., .METRE. ) );
#2345 = ORIENTED_EDGE ( 'NONE', *, *, #3477, .F. ) ;
#2346 = COLOUR_RGB ( '',0.8980392156862745390, 0.9215686274509803377, 0.9294117647058823817 ) ;
#2347 =( GEOMETRIC_REPRESENTATION_CONTEXT ( 3 ) GLOBAL_UNCERTAINTY_ASSIGNED_CONTEXT ( ( #2616 ) ) GLOBAL_UNIT_ASSIGNED_CONTEXT ( ( #1760, #2567, #3109 ) ) REPRESENTATION_CONTEXT ( 'NONE', 'WORKASPACE' ) );
#2348 = CARTESIAN_POINT ( 'NONE',  ( 0.3358064516129031785, 0.000000000000000000, -0.5500000000000000444 ) ) ;
#2349 = CARTESIAN_POINT ( 'NONE',  ( 0.3333110193406372268, 0.3401999999999999469, -0.3217798548428519867 ) ) ;
#2350 = VECTOR ( 'NONE', #3104, 1000.000000000000000 ) ;
#2351 = COLOUR_RGB ( '',0.8509803921568627194, 0.8509803921568627194, 0.8509803921568627194 ) ;
#2352 = DIRECTION ( 'NONE',  ( 0.9362618199596177693, 0.000000000000000000, -0.3513030095030560962 ) ) ;
#2353 =( GEOMETRIC_REPRESENTATION_CONTEXT ( 3 ) GLOBAL_UNCERTAINTY_ASSIGNED_CONTEXT ( ( #441 ) ) GLOBAL_UNIT_ASSIGNED_CONTEXT ( ( #3048, #1200, #2532 ) ) REPRESENTATION_CONTEXT ( 'NONE', 'WORKASPACE' ) );
#2354 = CARTESIAN_POINT ( 'NONE',  ( 0.5992464858753268064, 0.3402999999999999359, -0.2529653581143512242 ) ) ;
#2355 = LINE ( 'NONE', #410, #2063 ) ;
#2356 = ORIENTED_EDGE ( 'NONE', *, *, #2645, .F. ) ;
#2357 = LINE ( 'NONE', #2137, #3196 ) ;
#2358 = DIRECTION ( 'NONE',  ( 1.571307496355803695E-16, 1.000000000000000000, 0.000000000000000000 ) ) ;
#2359 = EDGE_CURVE ( 'NONE', #2597, #1373, #2364, .T. ) ;
#2360 = EDGE_LOOP ( 'NONE', ( #1727, #65, #1486, #1691 ) ) ;
#2361 = DIRECTION ( 'NONE',  ( -1.000000000000000000, 0.000000000000000000, -0.000000000000000000 ) ) ;
#2362 = CARTESIAN_POINT ( 'NONE',  ( 0.6420075108103675543, 0.3402999999999999359, -0.2303125000000000588 ) ) ;
#2363 = ORIENTED_EDGE ( 'NONE', *, *, #2120, .F. ) ;
#2364 = LINE ( 'NONE', #1083, #48 ) ;
#2365 = CARTESIAN_POINT ( 'NONE',  ( 0.6449420462155315281, 0.3402999999999999359, -0.2760461774214260089 ) ) ;
#2366 = DIRECTION ( 'NONE',  ( -1.000000000000000000, 0.000000000000000000, 0.000000000000000000 ) ) ;
#2367 = VERTEX_POINT ( 'NONE', #2650 ) ;
#2368 = LINE ( 'NONE', #776, #2195 ) ;
#2369 = EDGE_CURVE ( 'NONE', #2233, #825, #512, .T. ) ;
#2370 = ORIENTED_EDGE ( 'NONE', *, *, #453, .T. ) ;
#2371 =( NAMED_UNIT ( * ) PLANE_ANGLE_UNIT ( ) SI_UNIT ( $, .RADIAN. ) );
#2372 = EDGE_CURVE ( 'NONE', #2825, #882, #1844, .T. ) ;
#2373 = FACE_OUTER_BOUND ( 'NONE', #26, .T. ) ;
#2374 = UNCERTAINTY_MEASURE_WITH_UNIT (LENGTH_MEASURE( 1.000000000000000082E-05 ), #1449, 'distance_accuracy_value', 'NONE');
#2375 = CARTESIAN_POINT ( 'NONE',  ( -5.191599967959575570E-17, 0.3304000000000000270, -0.5500000000000000444 ) ) ;
#2376 = ORIENTED_EDGE ( 'NONE', *, *, #203, .T. ) ;
#2377 = SURFACE_STYLE_FILL_AREA ( #1318 ) ;
#2378 = LINE ( 'NONE', #513, #1458 ) ;
#2379 = FACE_OUTER_BOUND ( 'NONE', #578, .T. ) ;
#2380 = DIRECTION ( 'NONE',  ( 0.000000000000000000, 0.000000000000000000, 1.000000000000000000 ) ) ;
#2381 = CARTESIAN_POINT ( 'NONE',  ( 0.6679373782663278192, 0.3401999999999999469, -0.2303125000000000033 ) ) ;
#2382 = LINE ( 'NONE', #2131, #1786 ) ;
#2383 = CARTESIAN_POINT ( 'NONE',  ( 0.5594815465277978017, 0.3402999999999999359, -0.2867339163362680465 ) ) ;
#2384 = ORIENTED_EDGE ( 'NONE', *, *, #1507, .F. ) ;
#2385 = AXIS2_PLACEMENT_3D ( 'NONE', #3383, #717, #2095 ) ;
#2386 = SURFACE_STYLE_USAGE ( .BOTH. , #1298 ) ;
#2387 = ORIENTED_EDGE ( 'NONE', *, *, #1567, .F. ) ;
#2388 = EDGE_CURVE ( 'NONE', #2010, #1750, #2905, .T. ) ;
#2389 = PLANE ( 'NONE',  #2461 ) ;
#2390 = VECTOR ( 'NONE', #1159, 1000.000000000000000 ) ;
#2391 = EDGE_CURVE ( 'NONE', #2723, #1838, #1895, .T. ) ;
#2392 = VECTOR ( 'NONE', #602, 1000.000000000000000 ) ;
#2393 = SURFACE_STYLE_FILL_AREA ( #802 ) ;
#2394 = VERTEX_POINT ( 'NONE', #1068 ) ;
#2395 = CARTESIAN_POINT ( 'NONE',  ( 0.3450000000000000289, 0.3206000000000000516, -0.5500000000000000444 ) ) ;
#2396 = DIRECTION ( 'NONE',  ( -1.000000000000000000, 0.000000000000000000, 0.000000000000000000 ) ) ;
#2397 = DIRECTION ( 'NONE',  ( -0.4706002678426939867, 0.000000000000000000, 0.8823465237118490734 ) ) ;
#2398 = MECHANICAL_DESIGN_GEOMETRIC_PRESENTATION_REPRESENTATION (  '', ( #1339 ), #317 ) ;
#2399 = PRESENTATION_LAYER_ASSIGNMENT (  '', '', ( #155 ) ) ;
#2400 = DIRECTION ( 'NONE',  ( 0.000000000000000000, 0.000000000000000000, -1.000000000000000000 ) ) ;
#2401 = EDGE_CURVE ( 'NONE', #1531, #3369, #3184, .T. ) ;
#2402 = VECTOR ( 'NONE', #2704, 1000.000000000000000 ) ;
#2403 = LINE ( 'NONE', #1051, #3475 ) ;
#2404 = AXIS2_PLACEMENT_3D ( 'NONE', #3158, #737, #2533 ) ;
#2405 = LINE ( 'NONE', #1053, #2552 ) ;
#2406 = DIRECTION ( 'NONE',  ( 1.000000000000000000, -1.571307496355803695E-16, 0.000000000000000000 ) ) ;
#2407 = EDGE_CURVE ( 'NONE', #631, #3369, #2124, .T. ) ;
#2408 = LINE ( 'NONE', #194, #217 ) ;
#2409 = ORIENTED_EDGE ( 'NONE', *, *, #1202, .F. ) ;
#2410 =( LENGTH_UNIT ( ) NAMED_UNIT ( * ) SI_UNIT ( .MILLI., .METRE. ) );
#2411 = ORIENTED_EDGE ( 'NONE', *, *, #2388, .T. ) ;
#2412 = LINE ( 'NONE', #1027, #1456 ) ;
#2413 = PRODUCT_CONTEXT ( 'NONE', #784, 'mechanical' ) ;
#2414 = CARTESIAN_POINT ( 'NONE',  ( 1.085806451612903567, -0.009799999999999944172, 0.000000000000000000 ) ) ;
#2415 = FACE_OUTER_BOUND ( 'NONE', #854, .T. ) ;
#2416 = ORIENTED_EDGE ( 'NONE', *, *, #1028, .T. ) ;
#2417 = CARTESIAN_POINT ( 'NONE',  ( 1.071612903225806601, 0.000000000000000000, -0.5500000000000000444 ) ) ;
#2418 = CARTESIAN_POINT ( 'NONE',  ( 0.4415365938074807817, 0.3401999999999999469, -0.2655248897291799248 ) ) ;
#2419 = ORIENTED_EDGE ( 'NONE', *, *, #122, .F. ) ;
#2420 = CARTESIAN_POINT ( 'NONE',  ( 0.5288939577122110380, 0.3401999999999999469, -0.2973072158944790599 ) ) ;
#2421 = LINE ( 'NONE', #3188, #3355 ) ;
#2422 = LINE ( 'NONE', #14, #38 ) ;
#2423 = EDGE_CURVE ( 'NONE', #2335, #1478, #820, .T. ) ;
#2424 = CARTESIAN_POINT ( 'NONE',  ( 0.6420075108103675543, 0.3401999999999999469, -0.2303125000000000588 ) ) ;
#2425 = ORIENTED_EDGE ( 'NONE', *, *, #3332, .F. ) ;
#2426 = DIRECTION ( 'NONE',  ( 0.000000000000000000, 0.000000000000000000, -1.000000000000000000 ) ) ;
#2427 = ORIENTED_EDGE ( 'NONE', *, *, #723, .T. ) ;
#2428 = CARTESIAN_POINT ( 'NONE',  ( 0.4630566612614634980, 0.3401999999999999469, -0.2432824071808737110 ) ) ;
#2429 =( BOUNDED_CURVE ( )  B_SPLINE_CURVE ( 3, ( #9, #276, #474, #1086 ),
 .UNSPECIFIED., .F., .F. ) 
 B_SPLINE_CURVE_WITH_KNOTS ( ( 4, 4 ),
 ( 0.000000000000000000, 0.5000000000000004441 ),
 .UNSPECIFIED. ) 
 CURVE ( )  GEOMETRIC_REPRESENTATION_ITEM ( )  RATIONAL_B_SPLINE_CURVE ( ( 1.000000000000000000, 0.6666666666666664076, 0.4999999999999997780, 0.5000000000000000000 ) ) 
 REPRESENTATION_ITEM ( '' )  );
#2430 = PLANE ( 'NONE',  #669 ) ;
#2431 = VERTEX_POINT ( 'NONE', #2914 ) ;
#2432 = CARTESIAN_POINT ( 'NONE',  ( 0.7117233267490853388, 0.3402999999999999359, -0.2760461774214260089 ) ) ;
#2433 = DIRECTION ( 'NONE',  ( -1.000000000000000000, 9.959235123507354343E-18, 0.000000000000000000 ) ) ;
#2434 = CARTESIAN_POINT ( 'NONE',  ( 0.5076413463041338225, 0.3401999999999998914, -0.2761733598502854048 ) ) ;
#2435 = EDGE_LOOP ( 'NONE', ( #1556, #470, #3138, #2030 ) ) ;
#2436 = CARTESIAN_POINT ( 'NONE',  ( 0.3660561914672217365, 0.3401999999999999469, -0.2303125000000000588 ) ) ;
#2437 = EDGE_CURVE ( 'NONE', #1410, #1706, #530, .T. ) ;
#2438 = CARTESIAN_POINT ( 'NONE',  ( 0.6420075108103675543, 0.3401999999999999469, -0.2981571804488010735 ) ) ;
#2439 = EDGE_CURVE ( 'NONE', #688, #1325, #2142, .T. ) ;
#2440 = DIRECTION ( 'NONE',  ( 0.000000000000000000, 1.000000000000000000, 0.000000000000000000 ) ) ;
#2441 = ORIENTED_EDGE ( 'NONE', *, *, #2157, .F. ) ;
#2442 = CARTESIAN_POINT ( 'NONE',  ( 0.4828782313453667263, 0.3402999999999999914, -0.2760461774214260089 ) ) ;
#2443 = ORIENTED_EDGE ( 'NONE', *, *, #2081, .F. ) ;
#2444 = DIRECTION ( 'NONE',  ( 0.000000000000000000, 0.000000000000000000, -1.000000000000000000 ) ) ;
#2445 = PLANE ( 'NONE',  #487 ) ;
#2446 = EDGE_LOOP ( 'NONE', ( #1711, #2409, #739, #176 ) ) ;
#2447 = VECTOR ( 'NONE', #2366, 1000.000000000000000 ) ;
#2448 = CARTESIAN_POINT ( 'NONE',  ( 0.3660561914672217365, 0.3401999999999999469, -0.2616461587604284045 ) ) ;
#2449 = COLOUR_RGB ( '',0.7921568627450980005, 0.8196078431372548767, 0.9333333333333333481 ) ;
#2450 = CARTESIAN_POINT ( 'NONE',  ( 1.071612903225806601, 0.000000000000000000, -0.5500000000000000444 ) ) ;
#2451 = ORIENTED_EDGE ( 'NONE', *, *, #3290, .T. ) ;
#2452 = MECHANICAL_DESIGN_GEOMETRIC_PRESENTATION_REPRESENTATION (  '', ( #155 ), #1792 ) ;
#2453 = VECTOR ( 'NONE', #2426, 1000.000000000000000 ) ;
#2454 = VECTOR ( 'NONE', #221, 1000.000000000000000 ) ;
#2455 = DIRECTION ( 'NONE',  ( 1.000000000000000000, 0.000000000000000000, 0.000000000000000000 ) ) ;
#2456 = EDGE_LOOP ( 'NONE', ( #574, #2165, #3060, #654, #99, #385, #2649, #2416 ) ) ;
#2458 = CARTESIAN_POINT ( 'NONE',  ( 0.5334857581829244300, 0.3402999999999999359, -0.2555386750974401044 ) ) ;
#2457 =( GEOMETRIC_REPRESENTATION_CONTEXT ( 3 ) GLOBAL_UNCERTAINTY_ASSIGNED_CONTEXT ( ( #978 ) ) GLOBAL_UNIT_ASSIGNED_CONTEXT ( ( #2860, #2088, #1757 ) ) REPRESENTATION_CONTEXT ( 'NONE', 'WORKASPACE' ) );
#2459 = STYLED_ITEM ( 'NONE', ( #785 ), #2478 ) ;
#2460 = VECTOR ( 'NONE', #1132, 1000.000000000000000 ) ;
#2461 = AXIS2_PLACEMENT_3D ( 'NONE', #2464, #1980, #2444 ) ;
#2462 = COLOUR_RGB ( '',0.7921568627450980005, 0.8196078431372548767, 0.9333333333333333481 ) ;
#2463 = ORIENTED_EDGE ( 'NONE', *, *, #2423, .T. ) ;
#2464 = CARTESIAN_POINT ( 'NONE',  ( 0.7858064516129034116, 0.3304000000000000270, -0.5500000000000000444 ) ) ;
#2465 = DIRECTION ( 'NONE',  ( 0.000000000000000000, 1.000000000000000000, 0.000000000000000000 ) ) ;
#2466 = EDGE_CURVE ( 'NONE', #3425, #2227, #3205, .T. ) ;
#2467 = CARTESIAN_POINT ( 'NONE',  ( 0.5334857581829244300, 0.3402999999999999359, -0.2555386750974401044 ) ) ;
#2468 = ORIENTED_EDGE ( 'NONE', *, *, #1658, .T. ) ;
#2469 = FILL_AREA_STYLE_COLOUR ( '', #1963 ) ;
#2470 = DIRECTION ( 'NONE',  ( -1.000000000000000000, -1.571307496355803695E-16, 0.000000000000000000 ) ) ;
#2471 =( NAMED_UNIT ( * ) SI_UNIT ( $, .STERADIAN. ) SOLID_ANGLE_UNIT ( ) );
#2472 = CARTESIAN_POINT ( 'NONE',  ( 0.3999802879656550458, 0.3401999999999999469, -0.3217798548428519867 ) ) ;
#2473 = ORIENTED_EDGE ( 'NONE', *, *, #2149, .F. ) ;
#2474 = CARTESIAN_POINT ( 'NONE',  ( 0.5594815465277973576, 0.3402999999999999359, -0.2973072158944790599 ) ) ;
#2475 = DIRECTION ( 'NONE',  ( 1.796576432105190794E-16, -1.000000000000000000, 0.000000000000000000 ) ) ;
#2476 = EDGE_LOOP ( 'NONE', ( #2425, #495, #2890, #61 ) ) ;
#2477 = CARTESIAN_POINT ( 'NONE',  ( 0.4546203154167145488, 0.3402999999999998249, -0.2655248897291799248 ) ) ;
#2478 = ADVANCED_FACE ( 'NONE', ( #1638 ), #1581, .T. ) ;
#2479 = ADVANCED_FACE ( 'NONE', ( #910, #93 ), #1140, .T. ) ;
#2480 = SURFACE_SIDE_STYLE ('',( #350 ) ) ;
#2481 = ORIENTED_EDGE ( 'NONE', *, *, #1932, .T. ) ;
#2482 = DIRECTION ( 'NONE',  ( 0.4782326509744800891, 0.000000000000000000, 0.8782331874518982673 ) ) ;
#2483 = CARTESIAN_POINT ( 'NONE',  ( -0.006351718067572125967, 0.3401999999999999469, -0.02084885575752082332 ) ) ;
#2484 = ORIENTED_EDGE ( 'NONE', *, *, #2531, .F. ) ;
#2485 = DIRECTION ( 'NONE',  ( -1.000000000000000000, 0.000000000000000000, -0.000000000000000000 ) ) ;
#2486 = CARTESIAN_POINT ( 'NONE',  ( 0.6449420462155315281, 0.3401999999999999469, -0.1845788225785738590 ) ) ;
#2487 = CARTESIAN_POINT ( 'NONE',  ( 0.5723089745059176670, 0.3401999999999999469, -0.3217798548428519867 ) ) ;
#2488 = SURFACE_STYLE_USAGE ( .BOTH. , #2710 ) ;
#2489 = CARTESIAN_POINT ( 'NONE',  ( 0.7266129032258066278, 0.3304000000000000825, -0.5500000000000000444 ) ) ;
#2490 = ORIENTED_EDGE ( 'NONE', *, *, #3259, .T. ) ;
#2491 = LINE ( 'NONE', #1962, #55 ) ;
#2492 = ORIENTED_EDGE ( 'NONE', *, *, #1672, .T. ) ;
#2493 = FILL_AREA_STYLE ('',( #1124 ) ) ;
#2494 = SURFACE_STYLE_FILL_AREA ( #2774 ) ;
#2495 = EDGE_CURVE ( 'NONE', #338, #662, #1405, .T. ) ;
#2496 = VERTEX_POINT ( 'NONE', #2718 ) ;
#2497 = DIRECTION ( 'NONE',  ( 1.000000000000000000, 0.000000000000000000, 0.000000000000000000 ) ) ;
#2498 = EDGE_CURVE ( 'NONE', #2302, #1387, #114, .T. ) ;
#2499 = DIRECTION ( 'NONE',  ( 0.000000000000000000, 0.000000000000000000, 1.000000000000000000 ) ) ;
#2500 = VECTOR ( 'NONE', #919, 1000.000000000000000 ) ;
#2501 = LINE ( 'NONE', #2269, #2719 ) ;
#2502 = COLOUR_RGB ( '',0.7921568627450980005, 0.8196078431372548767, 0.9333333333333333481 ) ;
#2503 = VECTOR ( 'NONE', #2470, 1000.000000000000000 ) ;
#2504 = AXIS2_PLACEMENT_3D ( 'NONE', #975, #3147, #962 ) ;
#2505 = ORIENTED_EDGE ( 'NONE', *, *, #1932, .F. ) ;
#2506 = FACE_OUTER_BOUND ( 'NONE', #551, .T. ) ;
#2507 = AXIS2_PLACEMENT_3D ( 'NONE', #3384, #1001, #1570 ) ;
#2508 = CARTESIAN_POINT ( 'NONE',  ( 0.4480784546120975542, 0.3401999999999999469, -0.2800142601310718904 ) ) ;
#2509 = ORIENTED_EDGE ( 'NONE', *, *, #2708, .T. ) ;
#2510 = CARTESIAN_POINT ( 'NONE',  ( 0.000000000000000000, 0.000000000000000000, 0.000000000000000000 ) ) ;
#2511 = SURFACE_STYLE_FILL_AREA ( #2493 ) ;
#2512 = DIRECTION ( 'NONE',  ( -1.000000000000000000, -1.084202172485503941E-16, 0.000000000000000000 ) ) ;
#2513 = LINE ( 'NONE', #49, #2856 ) ;
#2514 = EDGE_LOOP ( 'NONE', ( #3408, #2242, #3469, #1603 ) ) ;
#2515 = CARTESIAN_POINT ( 'NONE',  ( 0.7369233744187166923, 0.3402999999999999914, -0.1845788225785738590 ) ) ;
#2516 = LINE ( 'NONE', #2588, #1171 ) ;
#2517 = CARTESIAN_POINT ( 'NONE',  ( 0.5594815465277973576, 0.3401999999999999469, -0.3217798548428519867 ) ) ;
#2518 = ADVANCED_FACE ( 'NONE', ( #1651 ), #1945, .T. ) ;
#2519 = LINE ( 'NONE', #3319, #1728 ) ;
#2520 = ORIENTED_EDGE ( 'NONE', *, *, #2495, .F. ) ;
#2521 = SURFACE_SIDE_STYLE ('',( #2574 ) ) ;
#2522 = LINE ( 'NONE', #3350, #2862 ) ;
#2523 = ORIENTED_EDGE ( 'NONE', *, *, #3211, .T. ) ;
#2524 = PLANE ( 'NONE',  #1739 ) ;
#2525 = CARTESIAN_POINT ( 'NONE',  ( 0.7117233267490853388, 0.3401999999999999469, -0.2760461774214260089 ) ) ;
#2526 = CARTESIAN_POINT ( 'NONE',  ( 0.7369233744187165813, 0.3402999999999999359, -0.2760461774214260644 ) ) ;
#2527 = ORIENTED_EDGE ( 'NONE', *, *, #142, .F. ) ;
#2528 = LINE ( 'NONE', #274, #1853 ) ;
#2529 =( BOUNDED_SURFACE ( )  B_SPLINE_SURFACE ( 3, 1, ( 
 ( #2585, #184 ),
 ( #1551, #1814 ),
 ( #1260, #2091 ),
 ( #966, #3153 ) ),
 .UNSPECIFIED., .F., .F., .F. ) 
 B_SPLINE_SURFACE_WITH_KNOTS ( ( 4, 4 ),
 ( 2, 2 ),
 ( 0.5000000023867817722, 1.000000000000000000 ),
 ( 0.000000000000000000, 1.000000000000000000 ),
 .UNSPECIFIED. ) 
 GEOMETRIC_REPRESENTATION_ITEM ( )  RATIONAL_B_SPLINE_SURFACE ( (
 ( 1.000000000000000000, 1.000000000000000000),
 ( 0.3333333333333333703, 0.3333333333333333703),
 ( 0.3333333333333333703, 0.3333333333333333703),
 ( 1.000000000000000000, 1.000000000000000000) ) ) 
 REPRESENTATION_ITEM ( '' )  SURFACE ( )  );
#2530 = CARTESIAN_POINT ( 'NONE',  ( 0.3610054844906865346, 0.3401999999999999469, -0.3217798548428519867 ) ) ;
#2531 = EDGE_CURVE ( 'NONE', #755, #3137, #1702, .T. ) ;
#2532 =( NAMED_UNIT ( * ) SI_UNIT ( $, .STERADIAN. ) SOLID_ANGLE_UNIT ( ) );
#2533 = DIRECTION ( 'NONE',  ( 0.000000000000000000, 0.000000000000000000, -1.000000000000000000 ) ) ;
#2534 = ORIENTED_EDGE ( 'NONE', *, *, #983, .T. ) ;
#2535 = ADVANCED_FACE ( 'NONE', ( #78 ), #3043, .T. ) ;
#2536 = ORIENTED_EDGE ( 'NONE', *, *, #1780, .F. ) ;
#2537 = SURFACE_STYLE_USAGE ( .BOTH. , #2521 ) ;
#2538 = ADVANCED_FACE ( 'NONE', ( #335 ), #1425, .T. ) ;
#2539 = DIRECTION ( 'NONE',  ( -0.000000000000000000, 0.000000000000000000, 1.000000000000000000 ) ) ;
#2540 = EDGE_LOOP ( 'NONE', ( #1312, #2731, #1805, #305 ) ) ;
#2541 = CARTESIAN_POINT ( 'NONE',  ( 0.5256956820394330654, 0.3401999999999999469, -0.2648328402104253021 ) ) ;
#2542 = LINE ( 'NONE', #1207, #1401 ) ;
#2543 = UNCERTAINTY_MEASURE_WITH_UNIT (LENGTH_MEASURE( 1.000000000000000082E-05 ), #893, 'distance_accuracy_value', 'NONE');
#2544 = ORIENTED_EDGE ( 'NONE', *, *, #502, .F. ) ;
#2545 = CARTESIAN_POINT ( 'NONE',  ( 0.3358064516129031785, 0.000000000000000000, -0.5500000000000000444 ) ) ;
#2546 =( NAMED_UNIT ( * ) SI_UNIT ( $, .STERADIAN. ) SOLID_ANGLE_UNIT ( ) );
#2547 = DIRECTION ( 'NONE',  ( 0.4782326509744800891, 0.000000000000000000, -0.8782331874518982673 ) ) ;
#2548 = PRESENTATION_LAYER_ASSIGNMENT (  '', '', ( #1725 ) ) ;
#2549 = CARTESIAN_POINT ( 'NONE',  ( 0.7858064516129034116, 0.3402000000000000024, -0.5500000000000000444 ) ) ;
#2550 = CARTESIAN_POINT ( 'NONE',  ( 0.6373231029224781796, 0.3401999999999999469, -0.2658365140879892508 ) ) ;
#2551 =( BOUNDED_CURVE ( )  B_SPLINE_CURVE ( 3, ( #2639, #1323, #2381, #1052, #3347, #3080, #671 ),
 .UNSPECIFIED., .F., .T. ) 
 B_SPLINE_CURVE_WITH_KNOTS ( ( 4, 3, 4 ),
 ( 0.7500000000000002220, 1.000000000000000000, 1.250000000000000000 ),
 .UNSPECIFIED. ) 
 CURVE ( )  GEOMETRIC_REPRESENTATION_ITEM ( )  RATIONAL_B_SPLINE_CURVE ( ( 0.5000000000000000000, 0.5000000000000003331, 0.6666666666666669627, 1.000000000000000000, 0.6666666666666667407, 0.5000000000000000000, 0.5000000000000000000 ) ) 
 REPRESENTATION_ITEM ( '' )  );
#2552 = VECTOR ( 'NONE', #3497, 1000.000000000000000 ) ;
#2553 = VECTOR ( 'NONE', #1334, 1000.000000000000000 ) ;
#2554 = ORIENTED_EDGE ( 'NONE', *, *, #2314, .T. ) ;
#2556 = SURFACE_STYLE_FILL_AREA ( #2873 ) ;
#2555 = STYLED_ITEM ( 'NONE', ( #1113 ), #3018 ) ;
#2557 = DIRECTION ( 'NONE',  ( -1.000000000000000000, 0.000000000000000000, 0.000000000000000000 ) ) ;
#2558 = AXIS2_PLACEMENT_3D ( 'NONE', #425, #188, #3113 ) ;
#2559 = COLOUR_RGB ( '',0.8980392156862745390, 0.9215686274509803377, 0.9294117647058823817 ) ;
#2560 = FACE_OUTER_BOUND ( 'NONE', #2339, .T. ) ;
#2561 = VERTEX_POINT ( 'NONE', #888 ) ;
#2562 = SURFACE_STYLE_USAGE ( .BOTH. , #1546 ) ;
#2563 = EDGE_CURVE ( 'NONE', #1838, #1251, #1439, .T. ) ;
#2564 = AXIS2_PLACEMENT_3D ( 'NONE', #2510, #2990, #600 ) ;
#2565 = DIRECTION ( 'NONE',  ( 1.000000000000000000, 3.580639277029542163E-16, 0.000000000000000000 ) ) ;
#2566 = ORIENTED_EDGE ( 'NONE', *, *, #1974, .F. ) ;
#2567 =( NAMED_UNIT ( * ) PLANE_ANGLE_UNIT ( ) SI_UNIT ( $, .RADIAN. ) );
#2568 = LINE ( 'NONE', #1248, #3312 ) ;
#2569 = PLANE ( 'NONE',  #1613 ) ;
#2570 = FILL_AREA_STYLE ('',( #1831 ) ) ;
#2571 =( NAMED_UNIT ( * ) PLANE_ANGLE_UNIT ( ) SI_UNIT ( $, .RADIAN. ) );
#2572 = ORIENTED_EDGE ( 'NONE', *, *, #3398, .T. ) ;
#2573 = ORIENTED_EDGE ( 'NONE', *, *, #3290, .F. ) ;
#2574 = SURFACE_STYLE_FILL_AREA ( #2789 ) ;
#2575 = FILL_AREA_STYLE ('',( #1489 ) ) ;
#2576 = FILL_AREA_STYLE ('',( #3195 ) ) ;
#2577 = PRESENTATION_STYLE_ASSIGNMENT (( #1204 ) ) ;
#2578 = VERTEX_POINT ( 'NONE', #1915 ) ;
#2579 = EDGE_CURVE ( 'NONE', #2561, #2940, #42, .T. ) ;
#2580 = DIRECTION ( 'NONE',  ( -1.000000000000000000, 0.000000000000000000, 0.000000000000000000 ) ) ;
#2581 = EDGE_CURVE ( 'NONE', #1369, #814, #1771, .T. ) ;
#2582 = UNCERTAINTY_MEASURE_WITH_UNIT (LENGTH_MEASURE( 1.000000000000000082E-05 ), #2630, 'distance_accuracy_value', 'NONE');
#2583 = PLANE ( 'NONE',  #2009 ) ;
#2584 = ORIENTED_EDGE ( 'NONE', *, *, #3376, .F. ) ;
#2585 = CARTESIAN_POINT ( 'NONE',  ( 0.7369233744187166923, 0.3401999999999999469, -0.2760461774214260644 ) ) ;
#2586 = CARTESIAN_POINT ( 'NONE',  ( 1.071612903225806601, 0.000000000000000000, 0.000000000000000000 ) ) ;
#2587 = SURFACE_SIDE_STYLE ('',( #152 ) ) ;
#2588 = CARTESIAN_POINT ( 'NONE',  ( 0.2858064516129031896, 0.3402000000000000024, 0.000000000000000000 ) ) ;
#2589 =( LENGTH_UNIT ( ) NAMED_UNIT ( * ) SI_UNIT ( .MILLI., .METRE. ) );
#2590 = SURFACE_SIDE_STYLE ('',( #2080 ) ) ;
#2591 = ORIENTED_EDGE ( 'NONE', *, *, #1864, .T. ) ;
#2592 = ORIENTED_EDGE ( 'NONE', *, *, #2918, .T. ) ;
#2593 =( LENGTH_UNIT ( ) NAMED_UNIT ( * ) SI_UNIT ( .MILLI., .METRE. ) );
#2594 = DIRECTION ( 'NONE',  ( 0.000000000000000000, -1.000000000000000000, 0.000000000000000000 ) ) ;
#2595 = ORIENTED_EDGE ( 'NONE', *, *, #504, .T. ) ;
#2596 = CARTESIAN_POINT ( 'NONE',  ( 0.6373231029224781796, 0.3401999999999999469, -0.2861521549939672338 ) ) ;
#2597 = VERTEX_POINT ( 'NONE', #2274 ) ;
#2598 = DIRECTION ( 'NONE',  ( 0.000000000000000000, 0.000000000000000000, 1.000000000000000000 ) ) ;
#2599 = DIRECTION ( 'NONE',  ( 0.000000000000000000, 0.000000000000000000, 1.000000000000000000 ) ) ;
#2600 = CARTESIAN_POINT ( 'NONE',  ( 1.071612903225806601, 0.000000000000000000, -0.5500000000000000444 ) ) ;
#2601 = CARTESIAN_POINT ( 'NONE',  ( 0.5992464858753268064, 0.3402999999999999359, -0.2861521549939672338 ) ) ;
#2602 = CARTESIAN_POINT ( 'NONE',  ( 0.3450000000000000289, 0.3206000000000000516, -0.5500000000000000444 ) ) ;
#2603 = EDGE_CURVE ( 'NONE', #1087, #797, #2340, .T. ) ;
#2604 = AXIS2_PLACEMENT_3D ( 'NONE', #2638, #1920, #807 ) ;
#2605 = ORIENTED_EDGE ( 'NONE', *, *, #922, .T. ) ;
#2606 = ORIENTED_EDGE ( 'NONE', *, *, #761, .F. ) ;
#2607 = CARTESIAN_POINT ( 'NONE',  ( 0.5723089745059176670, 0.3401999999999999469, -0.2303125000000000588 ) ) ;
#2608 = MECHANICAL_DESIGN_GEOMETRIC_PRESENTATION_REPRESENTATION (  '', ( #3252 ), #772 ) ;
#2609 =( GEOMETRIC_REPRESENTATION_CONTEXT ( 3 ) GLOBAL_UNCERTAINTY_ASSIGNED_CONTEXT ( ( #2033 ) ) GLOBAL_UNIT_ASSIGNED_CONTEXT ( ( #935, #1753, #959 ) ) REPRESENTATION_CONTEXT ( 'NONE', 'WORKASPACE' ) );
#2610 = ORIENTED_EDGE ( 'NONE', *, *, #2369, .F. ) ;
#2611 = VECTOR ( 'NONE', #1360, 1000.000000000000000 ) ;
#2612 = DIRECTION ( 'NONE',  ( 0.000000000000000000, 1.000000000000000000, 0.000000000000000000 ) ) ;
#2613 = VECTOR ( 'NONE', #2732, 1000.000000000000000 ) ;
#2614 = DIRECTION ( 'NONE',  ( 0.000000000000000000, 0.000000000000000000, -1.000000000000000000 ) ) ;
#2615 = PRESENTATION_LAYER_ASSIGNMENT (  '', '', ( #1005 ) ) ;
#2616 = UNCERTAINTY_MEASURE_WITH_UNIT (LENGTH_MEASURE( 1.000000000000000082E-05 ), #1760, 'distance_accuracy_value', 'NONE');
#2617 = PLANE ( 'NONE',  #1119 ) ;
#2618 = VERTEX_POINT ( 'NONE', #3389 ) ;
#2619 = AXIS2_PLACEMENT_3D ( 'NONE', #79, #874, #1703 ) ;
#2620 = VECTOR ( 'NONE', #3122, 1000.000000000000000 ) ;
#2621 = FILL_AREA_STYLE_COLOUR ( '', #426 ) ;
#2622 = CARTESIAN_POINT ( 'NONE',  ( 0.6420075108103675543, 0.3401999999999999469, -0.2529653581143512242 ) ) ;
#2623 = STYLED_ITEM ( 'NONE', ( #450 ), #2987 ) ;
#2624 = CARTESIAN_POINT ( 'NONE',  ( 0.4600690982237342075, 0.3401999999999999469, -0.3217798548428519867 ) ) ;
#2625 = SURFACE_SIDE_STYLE ('',( #3173 ) ) ;
#2626 = EDGE_CURVE ( 'NONE', #2335, #843, #129, .T. ) ;
#2627 = EDGE_CURVE ( 'NONE', #3102, #1215, #942, .T. ) ;
#2628 = CARTESIAN_POINT ( 'NONE',  ( 0.5723089745059176670, 0.3401999999999999469, -0.2303125000000000588 ) ) ;
#2629 = VERTEX_POINT ( 'NONE', #1532 ) ;
#2630 =( LENGTH_UNIT ( ) NAMED_UNIT ( * ) SI_UNIT ( .MILLI., .METRE. ) );
#2631 = ADVANCED_FACE ( 'NONE', ( #993 ), #247, .F. ) ;
#2632 = EDGE_LOOP ( 'NONE', ( #2953, #1196, #355, #2370 ) ) ;
#2633 = CARTESIAN_POINT ( 'NONE',  ( 0.5992464858753268064, 0.3401999999999999469, -0.2981571804488010735 ) ) ;
#2634 = PRESENTATION_STYLE_ASSIGNMENT (( #2666 ) ) ;
#2635 = EDGE_LOOP ( 'NONE', ( #2835, #1642, #561, #3146, #2441, #235, #2306, #505, #2248 ) ) ;
#2636 = CARTESIAN_POINT ( 'NONE',  ( 0.4331002479627316659, 0.3401999999999999469, -0.2432824071808737110 ) ) ;
#2637 = DIRECTION ( 'NONE',  ( 0.000000000000000000, 0.000000000000000000, 1.000000000000000000 ) ) ;
#2638 = CARTESIAN_POINT ( 'NONE',  ( -0.01419354838709677331, -1.413568856239753217E-19, -0.5500000000000000444 ) ) ;
#2639 = CARTESIAN_POINT ( 'NONE',  ( 0.6449420462155315281, 0.3401999999999999469, -0.2760461774214260089 ) ) ;
#2640 = DIRECTION ( 'NONE',  ( 0.000000000000000000, 1.000000000000000000, 0.000000000000000000 ) ) ;
#2641 = SURFACE_STYLE_USAGE ( .BOTH. , #1585 ) ;
#2642 = ADVANCED_FACE ( 'NONE', ( #1479 ), #2293, .T. ) ;
#2643 = EDGE_LOOP ( 'NONE', ( #1987, #74, #2197, #2646 ) ) ;
#2644 = FILL_AREA_STYLE ('',( #1873 ) ) ;
#2645 = EDGE_CURVE ( 'NONE', #2578, #1911, #2051, .T. ) ;
#2646 = ORIENTED_EDGE ( 'NONE', *, *, #2994, .T. ) ;
#2647 = DIRECTION ( 'NONE',  ( 1.000000000000000000, 0.000000000000000000, 0.000000000000000000 ) ) ;
#2648 =( NAMED_UNIT ( * ) SI_UNIT ( $, .STERADIAN. ) SOLID_ANGLE_UNIT ( ) );
#2649 = ORIENTED_EDGE ( 'NONE', *, *, #2692, .T. ) ;
#2650 = CARTESIAN_POINT ( 'NONE',  ( 1.071612903225806601, 0.000000000000000000, 0.000000000000000000 ) ) ;
#2651 = LINE ( 'NONE', #1897, #2238 ) ;
#2652 = CARTESIAN_POINT ( 'NONE',  ( 0.7117233267490855608, 0.3402999999999999359, -0.2760461774214260644 ) ) ;
#2653 = DIRECTION ( 'NONE',  ( 0.000000000000000000, 0.000000000000000000, 1.000000000000000000 ) ) ;
#2654 = DIRECTION ( 'NONE',  ( -1.000000000000000000, 0.000000000000000000, 0.000000000000000000 ) ) ;
#2655 = CARTESIAN_POINT ( 'NONE',  ( 0.3949295809891197884, 0.3401999999999999469, -0.2616461587604284045 ) ) ;
#2656 = LINE ( 'NONE', #1922, #1402 ) ;
#2657 = ORIENTED_EDGE ( 'NONE', *, *, #3423, .T. ) ;
#2658 = VECTOR ( 'NONE', #2219, 1000.000000000000000 ) ;
#2659 = VECTOR ( 'NONE', #1445, 1000.000000000000000 ) ;
#2660 = VERTEX_POINT ( 'NONE', #1809 ) ;
#2661 = DIRECTION ( 'NONE',  ( 1.000000000000000000, 0.000000000000000000, 0.000000000000000000 ) ) ;
#2662 = DIRECTION ( 'NONE',  ( 0.000000000000000000, 0.000000000000000000, 1.000000000000000000 ) ) ;
#2663 = PRESENTATION_LAYER_ASSIGNMENT (  '', '', ( #3074 ) ) ;
#2664 = ADVANCED_FACE ( 'NONE', ( #2031 ), #2524, .T. ) ;
#2665 =( GEOMETRIC_REPRESENTATION_CONTEXT ( 3 ) GLOBAL_UNCERTAINTY_ASSIGNED_CONTEXT ( ( #25 ) ) GLOBAL_UNIT_ASSIGNED_CONTEXT ( ( #498, #1917, #2471 ) ) REPRESENTATION_CONTEXT ( 'NONE', 'WORKASPACE' ) );
#2666 = SURFACE_STYLE_USAGE ( .BOTH. , #1876 ) ;
#2667 = EDGE_LOOP ( 'NONE', ( #927, #2303, #280, #1564 ) ) ;
#2668 = FILL_AREA_STYLE_COLOUR ( '', #2346 ) ;
#2669 = CARTESIAN_POINT ( 'NONE',  ( 0.6679373782663278192, 0.3402999999999999359, -0.3217798548428522087 ) ) ;
#2670 = VECTOR ( 'NONE', #1395, 1000.000000000000000 ) ;
#2671 = VECTOR ( 'NONE', #5, 1000.000000000000000 ) ;
#2672 = VECTOR ( 'NONE', #2102, 1000.000000000000000 ) ;
#2673 = MECHANICAL_DESIGN_GEOMETRIC_PRESENTATION_REPRESENTATION (  '', ( #3086 ), #2347 ) ;
#2674 = ORIENTED_EDGE ( 'NONE', *, *, #2495, .T. ) ;
#2675 = PLANE ( 'NONE',  #2604 ) ;
#2676 = CARTESIAN_POINT ( 'NONE',  ( 0.000000000000000000, 0.000000000000000000, -0.5500000000000000444 ) ) ;
#2677 = CARTESIAN_POINT ( 'NONE',  ( 0.6701420938851627707, 0.3401999999999999469, -0.2760461774214260644 ) ) ;
#2678 = MECHANICAL_DESIGN_GEOMETRIC_PRESENTATION_REPRESENTATION (  '', ( #2981 ), #1630 ) ;
#2679 =( GEOMETRIC_REPRESENTATION_CONTEXT ( 3 ) GLOBAL_UNCERTAINTY_ASSIGNED_CONTEXT ( ( #1016 ) ) GLOBAL_UNIT_ASSIGNED_CONTEXT ( ( #3325, #3054, #1423 ) ) REPRESENTATION_CONTEXT ( 'NONE', 'WORKASPACE' ) );
#2680 = CARTESIAN_POINT ( 'NONE',  ( 0.6420075108103675543, 0.3402999999999999359, -0.2529653581143512242 ) ) ;
#2681 = ORIENTED_EDGE ( 'NONE', *, *, #728, .F. ) ;
#2682 = CARTESIAN_POINT ( 'NONE',  ( 0.5076839769970602489, 0.3402999999999999914, -0.2746338298333770855 ) ) ;
#2683 = CARTESIAN_POINT ( 'NONE',  ( 0.7139280423679202903, 0.3401999999999999469, -0.3217798548428520977 ) ) ;
#2684 = ORIENTED_EDGE ( 'NONE', *, *, #937, .T. ) ;
#2685 = DIRECTION ( 'NONE',  ( 1.000000000000000000, 0.000000000000000000, 0.000000000000000000 ) ) ;
#2686 = LINE ( 'NONE', #1366, #892 ) ;
#2687 =( LENGTH_UNIT ( ) NAMED_UNIT ( * ) SI_UNIT ( .MILLI., .METRE. ) );
#2688 = EDGE_CURVE ( 'NONE', #3169, #1752, #2307, .T. ) ;
#2689 = ORIENTED_EDGE ( 'NONE', *, *, #2372, .T. ) ;
#2690 = DIRECTION ( 'NONE',  ( 1.000000000000000000, 0.000000000000000000, 0.000000000000000000 ) ) ;
#2691 = FILL_AREA_STYLE ('',( #2946 ) ) ;
#2692 = EDGE_CURVE ( 'NONE', #3051, #1008, #2859, .T. ) ;
#2693 = ORIENTED_EDGE ( 'NONE', *, *, #1391, .T. ) ;
#2694 = LINE ( 'NONE', #534, #1668 ) ;
#2695 = CARTESIAN_POINT ( 'NONE',  ( 0.7117233267490855608, 0.3401999999999999469, -0.2898291391574797649 ) ) ;
#2696 = DIRECTION ( 'NONE',  ( 0.000000000000000000, 0.000000000000000000, 1.000000000000000000 ) ) ;
#2697 = ORIENTED_EDGE ( 'NONE', *, *, #333, .F. ) ;
#2698 = PLANE ( 'NONE',  #3083 ) ;
#2699 = ORIENTED_EDGE ( 'NONE', *, *, #103, .F. ) ;
#2700 = PRESENTATION_STYLE_ASSIGNMENT (( #1697 ) ) ;
#2701 = LINE ( 'NONE', #1685, #2193 ) ;
#2702 = VERTEX_POINT ( 'NONE', #689 ) ;
#2703 = DIRECTION ( 'NONE',  ( -1.000000000000000000, 0.000000000000000000, 0.000000000000000000 ) ) ;
#2704 = DIRECTION ( 'NONE',  ( 1.000000000000000000, 0.000000000000000000, 0.000000000000000000 ) ) ;
#2705 = PLANE ( 'NONE',  #1848 ) ;
#2706 = ORIENTED_EDGE ( 'NONE', *, *, #698, .T. ) ;
#2707 = LINE ( 'NONE', #1807, #1574 ) ;
#2708 = EDGE_CURVE ( 'NONE', #862, #511, #417, .T. ) ;
#2709 = ORIENTED_EDGE ( 'NONE', *, *, #2581, .T. ) ;
#2710 = SURFACE_SIDE_STYLE ('',( #540 ) ) ;
#2711 =( LENGTH_UNIT ( ) NAMED_UNIT ( * ) SI_UNIT ( .MILLI., .METRE. ) );
#2712 = EDGE_LOOP ( 'NONE', ( #1454, #2799, #1488, #1341 ) ) ;
#2713 = ADVANCED_FACE ( 'NONE', ( #3092 ), #1756, .T. ) ;
#2714 = CARTESIAN_POINT ( 'NONE',  ( 0.4828782313453666708, 0.3401999999999998914, -0.2760461774214260644 ) ) ;
#2715 = VECTOR ( 'NONE', #1597, 1000.000000000000000 ) ;
#2716 = LINE ( 'NONE', #319, #842 ) ;
#2717 = ORIENTED_EDGE ( 'NONE', *, *, #1778, .T. ) ;
#2718 = CARTESIAN_POINT ( 'NONE',  ( 0.7266129032258066278, 0.3206000000000000516, 0.000000000000000000 ) ) ;
#2719 = VECTOR ( 'NONE', #3082, 1000.000000000000000 ) ;
#2720 = LINE ( 'NONE', #1406, #1342 ) ;
#2721 = UNCERTAINTY_MEASURE_WITH_UNIT (LENGTH_MEASURE( 1.000000000000000082E-05 ), #1850, 'distance_accuracy_value', 'NONE');
#2722 = LINE ( 'NONE', #2217, #3033 ) ;
#2723 = VERTEX_POINT ( 'NONE', #2961 ) ;
#2724 = AXIS2_PLACEMENT_3D ( 'NONE', #291, #2396, #1102 ) ;
#2725 = FILL_AREA_STYLE_COLOUR ( '', #312 ) ;
#2726 = VECTOR ( 'NONE', #2244, 1000.000000000000000 ) ;
#2727 = MECHANICAL_DESIGN_GEOMETRIC_PRESENTATION_REPRESENTATION (  '', ( #603 ), #159 ) ;
#2728 =( GEOMETRIC_REPRESENTATION_CONTEXT ( 3 ) GLOBAL_UNCERTAINTY_ASSIGNED_CONTEXT ( ( #1758 ) ) GLOBAL_UNIT_ASSIGNED_CONTEXT ( ( #1025, #2855, #178 ) ) REPRESENTATION_CONTEXT ( 'NONE', 'WORKASPACE' ) );
#2729 = EDGE_CURVE ( 'NONE', #3137, #50, #2412, .T. ) ;
#2730 =( NAMED_UNIT ( * ) SI_UNIT ( $, .STERADIAN. ) SOLID_ANGLE_UNIT ( ) );
#2731 = ORIENTED_EDGE ( 'NONE', *, *, #1420, .T. ) ;
#2732 = DIRECTION ( 'NONE',  ( 0.000000000000000000, 1.000000000000000000, 0.000000000000000000 ) ) ;
#2733 = VECTOR ( 'NONE', #3487, 1000.000000000000000 ) ;
#2734 = VECTOR ( 'NONE', #3145, 1000.000000000000114 ) ;
#2735 = ADVANCED_FACE ( 'NONE', ( #1560 ), #264, .T. ) ;
#2736 = DIRECTION ( 'NONE',  ( 0.000000000000000000, -1.000000000000000000, 0.000000000000000000 ) ) ;
#2737 = ORIENTED_EDGE ( 'NONE', *, *, #456, .F. ) ;
#2738 = CARTESIAN_POINT ( 'NONE',  ( 0.5092399751661381702, 0.3402000000000000024, -0.2604799541543775798 ) ) ;
#2739 = FACE_OUTER_BOUND ( 'NONE', #1949, .T. ) ;
#2740 = ORIENTED_EDGE ( 'NONE', *, *, #3115, .F. ) ;
#2741 = DIRECTION ( 'NONE',  ( -0.3650574326394500080, 0.000000000000000000, 0.9309850003489279491 ) ) ;
#2742 = PLANE ( 'NONE',  #1463 ) ;
#2743 = ORIENTED_EDGE ( 'NONE', *, *, #1527, .T. ) ;
#2744 = FILL_AREA_STYLE_COLOUR ( '', #3439 ) ;
#2745 = CARTESIAN_POINT ( 'NONE',  ( 0.7117233267490855608, 0.3401999999999999469, -0.2760461774214260644 ) ) ;
#2746 = ADVANCED_FACE ( 'NONE', ( #3164 ), #3198, .F. ) ;
#2747 = CARTESIAN_POINT ( 'NONE',  ( 0.5723089745059176670, 0.3401999999999999469, -0.3217798548428519867 ) ) ;
#2748 = ORIENTED_EDGE ( 'NONE', *, *, #2439, .F. ) ;
#2749 = EDGE_CURVE ( 'NONE', #331, #1468, #3232, .T. ) ;
#2750 = CARTESIAN_POINT ( 'NONE',  ( 0.7117233267490853388, 0.3402999999999999359, -0.2760461774214260089 ) ) ;
#2751 = EDGE_CURVE ( 'NONE', #2629, #2321, #815, .T. ) ;
#2752 = FACE_OUTER_BOUND ( 'NONE', #1180, .T. ) ;
#2753 = VERTEX_POINT ( 'NONE', #3450 ) ;
#2754 = EDGE_CURVE ( 'NONE', #1325, #882, #232, .T. ) ;
#2755 =( LENGTH_UNIT ( ) NAMED_UNIT ( * ) SI_UNIT ( .MILLI., .METRE. ) );
#2756 = EDGE_CURVE ( 'NONE', #2021, #909, #3436, .T. ) ;
#2757 = PLANE ( 'NONE',  #720 ) ;
#2758 =( LENGTH_UNIT ( ) NAMED_UNIT ( * ) SI_UNIT ( .MILLI., .METRE. ) );
#2759 =( BOUNDED_CURVE ( )  B_SPLINE_CURVE ( 3, ( #734, #2311, #980, #3380 ),
 .UNSPECIFIED., .F., .T. ) 
 B_SPLINE_CURVE_WITH_KNOTS ( ( 4, 4 ),
 ( 0.5357290076124444633, 1.000000000000000000 ),
 .UNSPECIFIED. ) 
 CURVE ( )  GEOMETRIC_REPRESENTATION_ITEM ( )  RATIONAL_B_SPLINE_CURVE ( ( 0.9558867503804097110, 0.7795185758902164475, 0.7942229924300798771, 1.000000000000000000 ) ) 
 REPRESENTATION_ITEM ( '' )  );
#2760 = SURFACE_SIDE_STYLE ('',( #847 ) ) ;
#2761 = ORIENTED_EDGE ( 'NONE', *, *, #3318, .T. ) ;
#2762 = LINE ( 'NONE', #2253, #824 ) ;
#2763 = EDGE_CURVE ( 'NONE', #244, #1369, #3179, .T. ) ;
#2764 = CARTESIAN_POINT ( 'NONE',  ( 0.5256956820394330654, 0.3401999999999999469, -0.2867339163362680465 ) ) ;
#2765 = CARTESIAN_POINT ( 'NONE',  ( 1.071612903225806601, 0.000000000000000000, -0.5500000000000000444 ) ) ;
#2766 = CARTESIAN_POINT ( 'NONE',  ( 0.4273018081360856479, 0.3401999999999999469, -0.2303125000000000588 ) ) ;
#2767 = FACE_OUTER_BOUND ( 'NONE', #1217, .T. ) ;
#2768 = ORIENTED_EDGE ( 'NONE', *, *, #1378, .F. ) ;
#2769 = CARTESIAN_POINT ( 'NONE',  ( 0.4982084527122763173, 0.3401999999999998359, -0.3217798548424227745 ) ) ;
#2770 = DIRECTION ( 'NONE',  ( 0.000000000000000000, 0.000000000000000000, 1.000000000000000000 ) ) ;
#2771 = EDGE_LOOP ( 'NONE', ( #346, #325, #1680, #673 ) ) ;
#2772 =( NAMED_UNIT ( * ) SI_UNIT ( $, .STERADIAN. ) SOLID_ANGLE_UNIT ( ) );
#2773 = CARTESIAN_POINT ( 'NONE',  ( 0.4943893667026557637, 0.3401999999999999469, -0.2303125000000000588 ) ) ;
#2774 = FILL_AREA_STYLE ('',( #3023 ) ) ;
#2775 = VECTOR ( 'NONE', #914, 1000.000000000000000 ) ;
#2776 = EDGE_CURVE ( 'NONE', #819, #1911, #2087, .T. ) ;
#2777 = MECHANICAL_DESIGN_GEOMETRIC_PRESENTATION_REPRESENTATION (  '', ( #1673 ), #2902 ) ;
#2778 =( NAMED_UNIT ( * ) SI_UNIT ( $, .STERADIAN. ) SOLID_ANGLE_UNIT ( ) );
#2779 = ORIENTED_EDGE ( 'NONE', *, *, #1996, .F. ) ;
#2780 =( LENGTH_UNIT ( ) NAMED_UNIT ( * ) SI_UNIT ( .MILLI., .METRE. ) );
#2781 = VECTOR ( 'NONE', #2164, 1000.000000000000000 ) ;
#2782 = CARTESIAN_POINT ( 'NONE',  ( 0.3450000000000000289, 0.3206000000000000516, 0.000000000000000000 ) ) ;
#2783 =( GEOMETRIC_REPRESENTATION_CONTEXT ( 3 ) GLOBAL_UNCERTAINTY_ASSIGNED_CONTEXT ( ( #1157 ) ) GLOBAL_UNIT_ASSIGNED_CONTEXT ( ( #1521, #2838, #3156 ) ) REPRESENTATION_CONTEXT ( 'NONE', 'WORKASPACE' ) );
#2784 = ORIENTED_EDGE ( 'NONE', *, *, #2498, .F. ) ;
#2785 = PRESENTATION_LAYER_ASSIGNMENT (  '', '', ( #2555 ) ) ;
#2786 = VECTOR ( 'NONE', #3187, 1000.000000000000114 ) ;
#2787 = VECTOR ( 'NONE', #620, 1000.000000000000000 ) ;
#2788 = ORIENTED_EDGE ( 'NONE', *, *, #2258, .F. ) ;
#2789 = FILL_AREA_STYLE ('',( #1733 ) ) ;
#2790 = CARTESIAN_POINT ( 'NONE',  ( 0.4828782313453666708, 0.3401999999999998359, -0.2989130161318975798 ) ) ;
#2791 = STYLED_ITEM ( 'NONE', ( #2577 ), #1641 ) ;
#2792 = VECTOR ( 'NONE', #288, 1000.000000000000000 ) ;
#2793 = PRESENTATION_LAYER_ASSIGNMENT (  '', '', ( #1126 ) ) ;
#2794 =( NAMED_UNIT ( * ) PLANE_ANGLE_UNIT ( ) SI_UNIT ( $, .RADIAN. ) );
#2795 = ORIENTED_EDGE ( 'NONE', *, *, #207, .T. ) ;
#2796 = CARTESIAN_POINT ( 'NONE',  ( 0.6420075108103675543, 0.3402999999999999359, -0.3217798548428519867 ) ) ;
#2797 = CARTESIAN_POINT ( 'NONE',  ( 0.4546203154167143823, 0.3401999999999999469, -0.2655248897291799248 ) ) ;
#2798 = ADVANCED_FACE ( 'NONE', ( #245 ), #2389, .T. ) ;
#2799 = ORIENTED_EDGE ( 'NONE', *, *, #519, .F. ) ;
#2800 = CARTESIAN_POINT ( 'NONE',  ( -0.01419354838709677678, 0.3304000000000000270, -0.5500000000000000444 ) ) ;
#2801 = LINE ( 'NONE', #1262, #883 ) ;
#2802 = EDGE_CURVE ( 'NONE', #1219, #2021, #2807, .T. ) ;
#2803 = CARTESIAN_POINT ( 'NONE',  ( 0.5992464858753268064, 0.3401999999999999469, -0.2861521549939672338 ) ) ;
#2804 = AXIS2_PLACEMENT_3D ( 'NONE', #646, #868, #614 ) ;
#2805 = FACE_BOUND ( 'NONE', #2292, .T. ) ;
#2806 = EDGE_LOOP ( 'NONE', ( #1736, #2527, #2706, #742 ) ) ;
#2807 =( BOUNDED_CURVE ( )  B_SPLINE_CURVE ( 3, ( #361, #1912, #2738, #837, #565, #1663, #3249 ),
 .UNSPECIFIED., .F., .T. ) 
 B_SPLINE_CURVE_WITH_KNOTS ( ( 4, 3, 4 ),
 ( 0.000000000000000000, 0.5000000000000000000, 0.5357290076124444633 ),
 .UNSPECIFIED. ) 
 CURVE ( )  GEOMETRIC_REPRESENTATION_ITEM ( )  RATIONAL_B_SPLINE_CURVE ( ( 1.000000000000000000, 0.7783869647857027951, 0.7783869647857027951, 1.000000000000000000, 0.9841639723556229180, 0.9694595558157594883, 0.9558867503804097110 ) ) 
 REPRESENTATION_ITEM ( '' )  );
#2808 = ORIENTED_EDGE ( 'NONE', *, *, #2149, .T. ) ;
#2809 = CARTESIAN_POINT ( 'NONE',  ( 0.4273018081360856479, 0.3401999999999999469, -0.2303125000000000588 ) ) ;
#2810 =( NAMED_UNIT ( * ) PLANE_ANGLE_UNIT ( ) SI_UNIT ( $, .RADIAN. ) );
#2811 = CARTESIAN_POINT ( 'NONE',  ( 0.000000000000000000, 0.000000000000000000, -0.5500000000000000444 ) ) ;
#2812 = VERTEX_POINT ( 'NONE', #3052 ) ;
#2813 = FACE_OUTER_BOUND ( 'NONE', #7, .T. ) ;
#2814 = CARTESIAN_POINT ( 'NONE',  ( 0.6449420462155315281, 0.3401999999999999469, -0.2760461774214260089 ) ) ;
#2815 = FILL_AREA_STYLE_COLOUR ( '', #3317 ) ;
#2816 = FACE_OUTER_BOUND ( 'NONE', #2276, .T. ) ;
#2817 = ORIENTED_EDGE ( 'NONE', *, *, #2331, .F. ) ;
#2818 = SURFACE_STYLE_USAGE ( .BOTH. , #1976 ) ;
#2819 = FACE_OUTER_BOUND ( 'NONE', #2028, .T. ) ;
#2820 = DIRECTION ( 'NONE',  ( -1.000000000000000000, -1.084202172485503941E-16, -0.000000000000000000 ) ) ;
#2821 = FILL_AREA_STYLE ('',( #2898 ) ) ;
#2822 = LINE ( 'NONE', #208, #827 ) ;
#2823 = EDGE_CURVE ( 'NONE', #30, #1387, #2491, .T. ) ;
#2824 = ORIENTED_EDGE ( 'NONE', *, *, #2199, .T. ) ;
#2825 = VERTEX_POINT ( 'NONE', #2428 ) ;
#2826 = CARTESIAN_POINT ( 'NONE',  ( 0.2858064516129031896, 0.3303999999999999715, -0.5500000000000000444 ) ) ;
#2827 = PLANE ( 'NONE',  #727 ) ;
#2828 = EDGE_LOOP ( 'NONE', ( #70, #2681, #2591, #686 ) ) ;
#2829 = CARTESIAN_POINT ( 'NONE',  ( 0.7266129032258066278, 0.000000000000000000, -0.5500000000000000444 ) ) ;
#2830 = LINE ( 'NONE', #3093, #3030 ) ;
#2831 = PLANE ( 'NONE',  #1562 ) ;
#2832 = FILL_AREA_STYLE ('',( #2815 ) ) ;
#2833 = UNCERTAINTY_MEASURE_WITH_UNIT (LENGTH_MEASURE( 1.000000000000000082E-05 ), #1306, 'distance_accuracy_value', 'NONE');
#2834 =( NAMED_UNIT ( * ) PLANE_ANGLE_UNIT ( ) SI_UNIT ( $, .RADIAN. ) );
#2835 = ORIENTED_EDGE ( 'NONE', *, *, #2708, .F. ) ;
#2836 = CARTESIAN_POINT ( 'NONE',  ( 0.5076413463041336005, 0.3402999999999999914, -0.2637734755402476594 ) ) ;
#2837 = CARTESIAN_POINT ( 'NONE',  ( 0.6373231029224781796, 0.3402999999999999359, -0.2658365140879892508 ) ) ;
#2838 =( NAMED_UNIT ( * ) PLANE_ANGLE_UNIT ( ) SI_UNIT ( $, .RADIAN. ) );
#2839 = VECTOR ( 'NONE', #3364, 1000.000000000000000 ) ;
#2840 = EDGE_CURVE ( 'NONE', #1750, #2010, #3280, .T. ) ;
#2841 = FACE_OUTER_BOUND ( 'NONE', #1580, .T. ) ;
#2842 = COLOUR_RGB ( '',0.8980392156862745390, 0.9215686274509803377, 0.9294117647058823817 ) ;
#2843 = MECHANICAL_DESIGN_GEOMETRIC_PRESENTATION_REPRESENTATION (  '', ( #1729 ), #2977 ) ;
#2844 = ADVANCED_FACE ( 'NONE', ( #1714 ), #20, .T. ) ;
#2845 = VECTOR ( 'NONE', #3131, 1000.000000000000000 ) ;
#2846 = CARTESIAN_POINT ( 'NONE',  ( 1.085806451612903567, 0.3304000000000000270, -0.5500000000000000444 ) ) ;
#2847 = VERTEX_POINT ( 'NONE', #1681 ) ;
#2848 = VERTEX_POINT ( 'NONE', #62 ) ;
#2850 = DIRECTION ( 'NONE',  ( 0.000000000000000000, 0.000000000000000000, -1.000000000000000000 ) ) ;
#2849 = VECTOR ( 'NONE', #531, 1000.000000000000000 ) ;
#2851 = ADVANCED_FACE ( 'NONE', ( #1098 ), #3180, .T. ) ;
#2852 = VECTOR ( 'NONE', #3242, 1000.000000000000227 ) ;
#2853 = COLOUR_RGB ( '',0.8980392156862745390, 0.9215686274509803377, 0.9294117647058823817 ) ;
#2854 =( GEOMETRIC_REPRESENTATION_CONTEXT ( 3 ) GLOBAL_UNCERTAINTY_ASSIGNED_CONTEXT ( ( #1302 ) ) GLOBAL_UNIT_ASSIGNED_CONTEXT ( ( #2755, #303, #1967 ) ) REPRESENTATION_CONTEXT ( 'NONE', 'WORKASPACE' ) );
#2855 =( NAMED_UNIT ( * ) PLANE_ANGLE_UNIT ( ) SI_UNIT ( $, .RADIAN. ) );
#2856 = VECTOR ( 'NONE', #623, 1000.000000000000000 ) ;
#2857 = DIRECTION ( 'NONE',  ( -1.000000000000000000, 0.000000000000000000, 0.000000000000000000 ) ) ;
#2858 = VERTEX_POINT ( 'NONE', #2477 ) ;
#2859 = LINE ( 'NONE', #2829, #668 ) ;
#2860 =( LENGTH_UNIT ( ) NAMED_UNIT ( * ) SI_UNIT ( .MILLI., .METRE. ) );
#2861 = VECTOR ( 'NONE', #1878, 1000.000000000000000 ) ;
#2862 = VECTOR ( 'NONE', #2857, 1000.000000000000000 ) ;
#2863 = CARTESIAN_POINT ( 'NONE',  ( 0.4331002479627316659, 0.3402999999999999359, -0.2432824071808737110 ) ) ;
#2864 = ORIENTED_EDGE ( 'NONE', *, *, #796, .T. ) ;
#2865 = DIRECTION ( 'NONE',  ( 0.000000000000000000, 1.000000000000000000, 0.000000000000000000 ) ) ;
#2866 = FILL_AREA_STYLE ('',( #2621 ) ) ;
#2867 = LINE ( 'NONE', #2884, #2963 ) ;
#2868 = FILL_AREA_STYLE_COLOUR ( '', #2908 ) ;
#2869 = LINE ( 'NONE', #1802, #2900 ) ;
#2870 = LINE ( 'NONE', #2094, #2786 ) ;
#2871 = EDGE_LOOP ( 'NONE', ( #2699, #3055, #2573, #3282, #1542, #1525, #1670, #3161, #1145, #2536, #3072, #2345 ) ) ;
#2872 = ORIENTED_EDGE ( 'NONE', *, *, #1913, .T. ) ;
#2873 = FILL_AREA_STYLE ('',( #384 ) ) ;
#2874 = ADVANCED_FACE ( 'NONE', ( #1167 ), #75, .T. ) ;
#2875 = ORIENTED_EDGE ( 'NONE', *, *, #2423, .F. ) ;
#2876 = DIRECTION ( 'NONE',  ( 0.000000000000000000, 1.000000000000000000, 0.000000000000000000 ) ) ;
#2877 = CARTESIAN_POINT ( 'NONE',  ( 0.5992464858753268064, 0.3402999999999999359, -0.2658365140879892508 ) ) ;
#2878 = ADVANCED_FACE ( 'NONE', ( #1252 ), #414, .T. ) ;
#2879 = ADVANCED_FACE ( 'NONE', ( #2506 ), #2319, .T. ) ;
#2880 =( LENGTH_UNIT ( ) NAMED_UNIT ( * ) SI_UNIT ( .MILLI., .METRE. ) );
#2881 = ORIENTED_EDGE ( 'NONE', *, *, #2153, .F. ) ;
#2882 = CARTESIAN_POINT ( 'NONE',  ( -5.759824041329242306E-17, 0.3206000000000000516, 0.000000000000000000 ) ) ;
#2883 = DIRECTION ( 'NONE',  ( -0.000000000000000000, -1.000000000000000000, -0.000000000000000000 ) ) ;
#2884 = CARTESIAN_POINT ( 'NONE',  ( 1.071612903225806601, 0.3304000000000000270, 0.000000000000000000 ) ) ;
#2885 = FILL_AREA_STYLE_COLOUR ( '', #1276 ) ;
#2886 = ORIENTED_EDGE ( 'NONE', *, *, #1913, .F. ) ;
#2887 = ORIENTED_EDGE ( 'NONE', *, *, #766, .F. ) ;
#2888 = CARTESIAN_POINT ( 'NONE',  ( 0.3949295809891197884, 0.3401999999999999469, -0.2616461587604284045 ) ) ;
#2889 =( NAMED_UNIT ( * ) SI_UNIT ( $, .STERADIAN. ) SOLID_ANGLE_UNIT ( ) );
#2890 = ORIENTED_EDGE ( 'NONE', *, *, #2288, .T. ) ;
#2891 = CARTESIAN_POINT ( 'NONE',  ( 0.000000000000000000, 0.000000000000000000, 0.000000000000000000 ) ) ;
#2892 = CARTESIAN_POINT ( 'NONE',  ( 0.000000000000000000, 0.000000000000000000, -0.5500000000000000444 ) ) ;
#2893 = DIRECTION ( 'NONE',  ( 0.000000000000000000, 0.000000000000000000, 1.000000000000000000 ) ) ;
#2894 = EDGE_LOOP ( 'NONE', ( #557, #724, #2189, #2948 ) ) ;
#2895 = SURFACE_SIDE_STYLE ('',( #2377 ) ) ;
#2896 = CARTESIAN_POINT ( 'NONE',  ( 1.071612903225806601, 0.3206000000000000516, -0.5500000000000000444 ) ) ;
#2897 = EDGE_CURVE ( 'NONE', #149, #913, #2046, .T. ) ;
#2898 = FILL_AREA_STYLE_COLOUR ( '', #702 ) ;
#2899 = CARTESIAN_POINT ( 'NONE',  ( 0.5288939577122110380, 0.3402999999999999359, -0.2761733598502854048 ) ) ;
#2900 = VECTOR ( 'NONE', #1818, 1000.000000000000000 ) ;
#2901 = CLOSED_SHELL ( 'NONE', ( #1430, #903, #271, #2921, #2106, #2642, #59, #2735, #165, #1096, #479, #3392, #1534, #897 ) ) ;
#2902 =( GEOMETRIC_REPRESENTATION_CONTEXT ( 3 ) GLOBAL_UNCERTAINTY_ASSIGNED_CONTEXT ( ( #1442 ) ) GLOBAL_UNIT_ASSIGNED_CONTEXT ( ( #189, #2571, #3134 ) ) REPRESENTATION_CONTEXT ( 'NONE', 'WORKASPACE' ) );
#2903 = ORIENTED_EDGE ( 'NONE', *, *, #1426, .T. ) ;
#2904 = SURFACE_STYLE_USAGE ( .BOTH. , #2937 ) ;
#2905 =( BOUNDED_CURVE ( )  B_SPLINE_CURVE ( 3, ( #2432, #1047, #2162, #250, #3256, #1031, #2108 ),
 .UNSPECIFIED., .F., .T. ) 
 B_SPLINE_CURVE_WITH_KNOTS ( ( 4, 3, 4 ),
 ( 0.2499999999999996114, 0.5000000000000000000, 0.7500000000000000000 ),
 .UNSPECIFIED. ) 
 CURVE ( )  GEOMETRIC_REPRESENTATION_ITEM ( )  RATIONAL_B_SPLINE_CURVE ( ( 0.5000000000000000000, 0.4999999999999995559, 0.6666666666666661856, 1.000000000000000000, 0.6666666666666665186, 0.4999999999999998890, 0.5000000000000000000 ) ) 
 REPRESENTATION_ITEM ( '' )  );
#2906 = VECTOR ( 'NONE', #2927, 1000.000000000000000 ) ;
#2907 = ORIENTED_EDGE ( 'NONE', *, *, #3176, .F. ) ;
#2908 = COLOUR_RGB ( '',0.1019607843137254888, 0.1019607843137254888, 0.1019607843137254888 ) ;
#2909 = VECTOR ( 'NONE', #1552, 1000.000000000000000 ) ;
#2910 = VECTOR ( 'NONE', #2140, 1000.000000000000000 ) ;
#2911 = DIRECTION ( 'NONE',  ( -1.571307496355803695E-16, 1.000000000000000000, 0.000000000000000000 ) ) ;
#2912 = ORIENTED_EDGE ( 'NONE', *, *, #1117, .F. ) ;
#2913 = AXIS2_PLACEMENT_3D ( 'NONE', #3166, #440, #1533 ) ;
#2914 = CARTESIAN_POINT ( 'NONE',  ( 0.7858064516129034116, 0.3402000000000000024, 0.000000000000000000 ) ) ;
#2915 =( LENGTH_UNIT ( ) NAMED_UNIT ( * ) SI_UNIT ( .MILLI., .METRE. ) );
#2916 = CARTESIAN_POINT ( 'NONE',  ( 0.7369233744187165813, 0.3402999999999999359, -0.2760461774214260644 ) ) ;
#2917 = VECTOR ( 'NONE', #283, 1000.000000000000000 ) ;
#2918 = EDGE_CURVE ( 'NONE', #1414, #244, #3406, .T. ) ;
#2919 = VECTOR ( 'NONE', #2221, 1000.000000000000000 ) ;
#2920 = FACE_OUTER_BOUND ( 'NONE', #3000, .T. ) ;
#2921 = ADVANCED_FACE ( 'NONE', ( #989 ), #1506, .T. ) ;
#2922 = CARTESIAN_POINT ( 'NONE',  ( 0.6420075108103675543, 0.3401999999999999469, -0.2529653581143512242 ) ) ;
#2923 = CARTESIAN_POINT ( 'NONE',  ( 0.5334857581829244300, 0.3401999999999999469, -0.2555386750974401044 ) ) ;
#2924 = ORIENTED_EDGE ( 'NONE', *, *, #860, .F. ) ;
#2925 = SURFACE_STYLE_USAGE ( .BOTH. , #3175 ) ;
#2926 = ORIENTED_EDGE ( 'NONE', *, *, #2144, .T. ) ;
#2927 = DIRECTION ( 'NONE',  ( -1.000000000000000000, 0.000000000000000000, 0.000000000000000000 ) ) ;
#2928 = DIRECTION ( 'NONE',  ( 0.000000000000000000, 0.000000000000000000, 1.000000000000000000 ) ) ;
#2929 = CARTESIAN_POINT ( 'NONE',  ( 0.000000000000000000, 0.000000000000000000, 0.000000000000000000 ) ) ;
#2930 = DIRECTION ( 'NONE',  ( 0.000000000000000000, 0.000000000000000000, -1.000000000000000000 ) ) ;
#2931 = ORIENTED_EDGE ( 'NONE', *, *, #1887, .F. ) ;
#2932 = CARTESIAN_POINT ( 'NONE',  ( 0.7266129032258066278, 0.3304000000000000825, -0.5500000000000000444 ) ) ;
#2933 = PLANE ( 'NONE',  #885 ) ;
#2934 = FACE_OUTER_BOUND ( 'NONE', #3039, .T. ) ;
#2935 = LINE ( 'NONE', #1885, #1292 ) ;
#2936 = ORIENTED_EDGE ( 'NONE', *, *, #2272, .F. ) ;
#2937 = SURFACE_SIDE_STYLE ('',( #1587 ) ) ;
#2938 = MANIFOLD_SOLID_BREP ( 'Base', #363 ) ;
#2939 = EDGE_CURVE ( 'NONE', #3425, #1906, #2271, .T. ) ;
#2940 = VERTEX_POINT ( 'NONE', #3338 ) ;
#2941 = FILL_AREA_STYLE ('',( #840 ) ) ;
#2942 = CARTESIAN_POINT ( 'NONE',  ( 0.5992464858753268064, 0.3401999999999999469, -0.2529653581143512242 ) ) ;
#2943 = ORIENTED_EDGE ( 'NONE', *, *, #977, .T. ) ;
#2944 = CARTESIAN_POINT ( 'NONE',  ( 0.3999802879656550458, 0.3401999999999999469, -0.3217798548428519867 ) ) ;
#2945 = DIRECTION ( 'NONE',  ( 0.000000000000000000, 1.000000000000000000, 0.000000000000000000 ) ) ;
#2946 = FILL_AREA_STYLE_COLOUR ( '', #261 ) ;
#2947 = UNCERTAINTY_MEASURE_WITH_UNIT (LENGTH_MEASURE( 1.000000000000000082E-05 ), #2344, 'distance_accuracy_value', 'NONE');
#2948 = ORIENTED_EDGE ( 'NONE', *, *, #3142, .T. ) ;
#2949 = CARTESIAN_POINT ( 'NONE',  ( 0.5334857581829244300, 0.3401999999999999469, -0.2648328402104253021 ) ) ;
#2950 = CARTESIAN_POINT ( 'NONE',  ( 0.3358064516129031785, -0.009799999999999937234, -0.5500000000000000444 ) ) ;
#2951 = CARTESIAN_POINT ( 'NONE',  ( 0.6701420938851626596, 0.3401999999999998914, -0.2898291391574797649 ) ) ;
#2952 = CARTESIAN_POINT ( 'NONE',  ( 0.6449420462155315281, 0.3402999999999999359, -0.2455570591404753200 ) ) ;
#2953 = ORIENTED_EDGE ( 'NONE', *, *, #1267, .F. ) ;
#2954 = LINE ( 'NONE', #1434, #2453 ) ;
#2955 = PRESENTATION_LAYER_ASSIGNMENT (  '', '', ( #3129 ) ) ;
#2956 = ADVANCED_FACE ( 'NONE', ( #3068 ), #650, .T. ) ;
#2957 = LINE ( 'NONE', #60, #2239 ) ;
#2958 = VECTOR ( 'NONE', #2640, 1000.000000000000000 ) ;
#2959 = CLOSED_SHELL ( 'NONE', ( #3484, #812, #3293, #279, #2535, #3359, #3135, #2878, #2479, #1785, #616, #1825, #3007 ) ) ;
#2960 = ORIENTED_EDGE ( 'NONE', *, *, #1567, .T. ) ;
#2961 = CARTESIAN_POINT ( 'NONE',  ( 0.3450000000000000289, 0.3206000000000000516, -0.5500000000000000444 ) ) ;
#2962 = EDGE_CURVE ( 'NONE', #1646, #2227, #2368, .T. ) ;
#2963 = VECTOR ( 'NONE', #2057, 1000.000000000000000 ) ;
#2964 = AXIS2_PLACEMENT_3D ( 'NONE', #397, #674, #2850 ) ;
#2965 = VECTOR ( 'NONE', #3160, 1000.000000000000000 ) ;
#2966 = CARTESIAN_POINT ( 'NONE',  ( 0.5058735633961629619, 0.3401999999999999469, -0.2303125000000000033 ) ) ;
#2967 = ORIENTED_EDGE ( 'NONE', *, *, #3012, .F. ) ;
#2968 = CARTESIAN_POINT ( 'NONE',  ( 0.6373231029224781796, 0.3401999999999999469, -0.2861521549939672338 ) ) ;
#2969 = DIRECTION ( 'NONE',  ( 1.000000000000000000, 0.000000000000000000, 0.000000000000000000 ) ) ;
#2970 = CARTESIAN_POINT ( 'NONE',  ( 0.5076413463041337115, 0.3402999999999998249, -0.2761733598502855158 ) ) ;
#2971 = CARTESIAN_POINT ( 'NONE',  ( 0.5147255501065568506, 0.3401999999999998914, -0.2973072158940774923 ) ) ;
#2972 = VECTOR ( 'NONE', #765, 1000.000000000000000 ) ;
#2973 = MECHANICAL_DESIGN_GEOMETRIC_PRESENTATION_REPRESENTATION (  '', ( #1005 ), #46 ) ;
#2974 = VECTOR ( 'NONE', #1480, 1000.000000000000000 ) ;
#2975 = VECTOR ( 'NONE', #422, 1000.000000000000000 ) ;
#2976 = ORIENTED_EDGE ( 'NONE', *, *, #246, .F. ) ;
#2977 =( GEOMETRIC_REPRESENTATION_CONTEXT ( 3 ) GLOBAL_UNCERTAINTY_ASSIGNED_CONTEXT ( ( #1127 ) ) GLOBAL_UNIT_ASSIGNED_CONTEXT ( ( #329, #1187, #918 ) ) REPRESENTATION_CONTEXT ( 'NONE', 'WORKASPACE' ) );
#2978 =( NAMED_UNIT ( * ) SI_UNIT ( $, .STERADIAN. ) SOLID_ANGLE_UNIT ( ) );
#2979 = AXIS2_PLACEMENT_3D ( 'NONE', #2811, #2539, #399 ) ;
#2980 = CARTESIAN_POINT ( 'NONE',  ( 0.5992464858753268064, 0.3401999999999999469, -0.2658365140879892508 ) ) ;
#2981 = STYLED_ITEM ( 'NONE', ( #168 ), #2713 ) ;
#2982 = PRESENTATION_LAYER_ASSIGNMENT (  '', '', ( #2791 ) ) ;
#2983 = DIRECTION ( 'NONE',  ( 0.000000000000000000, 1.000000000000000000, 0.000000000000000000 ) ) ;
#2984 = EDGE_LOOP ( 'NONE', ( #3236, #965, #1030, #2779 ) ) ;
#2985 = ORIENTED_EDGE ( 'NONE', *, *, #16, .T. ) ;
#2986 =( NAMED_UNIT ( * ) SI_UNIT ( $, .STERADIAN. ) SOLID_ANGLE_UNIT ( ) );
#2987 = MANIFOLD_SOLID_BREP ( 'Boss-Extrude4', #1837 ) ;
#2988 = CARTESIAN_POINT ( 'NONE',  ( -3.509026491488932446E-18, -0.009799999999999949377, -0.5500000000000000444 ) ) ;
#2989 = ORIENTED_EDGE ( 'NONE', *, *, #307, .F. ) ;
#2990 = DIRECTION ( 'NONE',  ( -0.000000000000000000, 0.000000000000000000, 1.000000000000000000 ) ) ;
#2991 = LINE ( 'NONE', #786, #2402 ) ;
#2992 = CARTESIAN_POINT ( 'NONE',  ( 1.071612903225806601, 0.000000000000000000, -0.5500000000000000444 ) ) ;
#2993 = EDGE_CURVE ( 'NONE', #774, #3501, #229, .T. ) ;
#2994 = EDGE_CURVE ( 'NONE', #287, #1158, #2357, .T. ) ;
#2995 = DIRECTION ( 'NONE',  ( 0.000000000000000000, 0.000000000000000000, -1.000000000000000000 ) ) ;
#2996 = VERTEX_POINT ( 'NONE', #2607 ) ;
#2997 = CARTESIAN_POINT ( 'NONE',  ( 0.4273018081360856479, 0.3401999999999999469, -0.2303125000000000588 ) ) ;
#2998 = LINE ( 'NONE', #1075, #718 ) ;
#2999 = CARTESIAN_POINT ( 'NONE',  ( 0.3610054844906865346, 0.3401999999999999469, -0.3217798548428519867 ) ) ;
#3000 = EDGE_LOOP ( 'NONE', ( #1380, #1855, #1618, #533 ) ) ;
#3001 = ORIENTED_EDGE ( 'NONE', *, *, #33, .T. ) ;
#3002 = DIRECTION ( 'NONE',  ( 0.000000000000000000, 0.000000000000000000, 1.000000000000000000 ) ) ;
#3003 = MANIFOLD_SOLID_BREP ( 'Scale1[2]', #2901 ) ;
#3004 = VERTEX_POINT ( 'NONE', #1024 ) ;
#3005 = CARTESIAN_POINT ( 'NONE',  ( 0.5594815465277978017, 0.3401999999999999469, -0.2867339163362680465 ) ) ;
#3006 = CARTESIAN_POINT ( 'NONE',  ( 0.6373231029224781796, 0.3402999999999999359, -0.2861521549939672338 ) ) ;
#3007 = ADVANCED_FACE ( 'NONE', ( #2115 ), #192, .F. ) ;
#3008 =( NAMED_UNIT ( * ) PLANE_ANGLE_UNIT ( ) SI_UNIT ( $, .RADIAN. ) );
#3009 = VERTEX_POINT ( 'NONE', #3214 ) ;
#3010 = MANIFOLD_SOLID_BREP ( 'Scale1[5]', #1277 ) ;
#3011 = CARTESIAN_POINT ( 'NONE',  ( 1.071612903225806601, 0.3206000000000000516, 0.000000000000000000 ) ) ;
#3012 = EDGE_CURVE ( 'NONE', #2847, #3501, #2954, .T. ) ;
#3013 = CARTESIAN_POINT ( 'NONE',  ( 0.5992464858753268064, 0.3401999999999999469, -0.2658365140879892508 ) ) ;
#3014 = ORIENTED_EDGE ( 'NONE', *, *, #2993, .F. ) ;
#3015 = CARTESIAN_POINT ( 'NONE',  ( 0.6701420938851627707, 0.3402999999999999914, -0.2760461774214260644 ) ) ;
#3016 = CARTESIAN_POINT ( 'NONE',  ( 0.4943893667026557637, 0.3401999999999999469, -0.2303125000000000588 ) ) ;
#3017 = VECTOR ( 'NONE', #293, 1000.000000000000000 ) ;
#3018 = MANIFOLD_SOLID_BREP ( 'Scale1[3]', #537 ) ;
#3019 = SURFACE_STYLE_USAGE ( .BOTH. , #2480 ) ;
#3020 = VERTEX_POINT ( 'NONE', #2442 ) ;
#3021 =( GEOMETRIC_REPRESENTATION_CONTEXT ( 3 ) GLOBAL_UNCERTAINTY_ASSIGNED_CONTEXT ( ( #370 ) ) GLOBAL_UNIT_ASSIGNED_CONTEXT ( ( #1131, #1183, #880 ) ) REPRESENTATION_CONTEXT ( 'NONE', 'WORKASPACE' ) );
#3022 = DIRECTION ( 'NONE',  ( 0.000000000000000000, 0.000000000000000000, 1.000000000000000000 ) ) ;
#3023 = FILL_AREA_STYLE_COLOUR ( '', #94 ) ;
#3024 = VECTOR ( 'NONE', #752, 1000.000000000000000 ) ;
#3025 = VERTEX_POINT ( 'NONE', #3271 ) ;
#3026 = VECTOR ( 'NONE', #2599, 1000.000000000000000 ) ;
#3027 = SURFACE_SIDE_STYLE ('',( #1988 ) ) ;
#3028 = EDGE_CURVE ( 'NONE', #619, #120, #465, .T. ) ;
#3029 = CARTESIAN_POINT ( 'NONE',  ( 0.3610054844906865346, 0.3401999999999999469, -0.3217798548428519867 ) ) ;
#3030 = VECTOR ( 'NONE', #418, 1000.000000000000000 ) ;
#3031 = ADVANCED_FACE ( 'NONE', ( #1957 ), #2208, .T. ) ;
#3032 = EDGE_CURVE ( 'NONE', #843, #3300, #1163, .T. ) ;
#3033 = VECTOR ( 'NONE', #337, 1000.000000000000000 ) ;
#3034 = EDGE_LOOP ( 'NONE', ( #2788, #449, #2717, #1576 ) ) ;
#3035 = CARTESIAN_POINT ( 'NONE',  ( 0.4600690982237342075, 0.3401999999999999469, -0.3217798548428519867 ) ) ;
#3036 = PRESENTATION_LAYER_ASSIGNMENT (  '', '', ( #3208 ) ) ;
#3037 = EDGE_CURVE ( 'NONE', #1706, #120, #1647, .T. ) ;
#3038 = EDGE_CURVE ( 'NONE', #1468, #909, #866, .T. ) ;
#3039 = EDGE_LOOP ( 'NONE', ( #1625, #3087, #2451, #1379 ) ) ;
#3040 =( LENGTH_UNIT ( ) NAMED_UNIT ( * ) SI_UNIT ( .MILLI., .METRE. ) );
#3041 = FACE_OUTER_BOUND ( 'NONE', #1813, .T. ) ;
#3042 = VERTEX_POINT ( 'NONE', #3035 ) ;
#3043 = PLANE ( 'NONE',  #1796 ) ;
#3044 =( NAMED_UNIT ( * ) PLANE_ANGLE_UNIT ( ) SI_UNIT ( $, .RADIAN. ) );
#3045 = DIRECTION ( 'NONE',  ( 0.000000000000000000, 0.000000000000000000, 1.000000000000000000 ) ) ;
#3046 = ORIENTED_EDGE ( 'NONE', *, *, #164, .T. ) ;
#3047 = CARTESIAN_POINT ( 'NONE',  ( 0.4276747531157042981, 0.3401999999999999469, -0.3217798548428519867 ) ) ;
#3048 =( LENGTH_UNIT ( ) NAMED_UNIT ( * ) SI_UNIT ( .MILLI., .METRE. ) );
#3049 = ADVANCED_FACE ( 'NONE', ( #615 ), #2698, .F. ) ;
#3050 = DIRECTION ( 'NONE',  ( 1.000000000000000000, 0.000000000000000000, 0.000000000000000000 ) ) ;
#3051 = VERTEX_POINT ( 'NONE', #73 ) ;
#3052 = CARTESIAN_POINT ( 'NONE',  ( 0.7266129032258066278, 0.3206000000000000516, -0.5500000000000000444 ) ) ;
#3053 = EDGE_CURVE ( 'NONE', #1094, #3020, #493, .T. ) ;
#3054 =( NAMED_UNIT ( * ) PLANE_ANGLE_UNIT ( ) SI_UNIT ( $, .RADIAN. ) );
#3055 = ORIENTED_EDGE ( 'NONE', *, *, #745, .F. ) ;
#3056 = CARTESIAN_POINT ( 'NONE',  ( -0.006351718067572125967, 0.3401999999999998359, -0.02084885575752082332 ) ) ;
#3057 = CARTESIAN_POINT ( 'NONE',  ( 0.5256956820394330654, 0.3401999999999999469, -0.2648328402104253021 ) ) ;
#3058 = UNCERTAINTY_MEASURE_WITH_UNIT (LENGTH_MEASURE( 1.000000000000000082E-05 ), #684, 'distance_accuracy_value', 'NONE');
#3059 =( NAMED_UNIT ( * ) PLANE_ANGLE_UNIT ( ) SI_UNIT ( $, .RADIAN. ) );
#3060 = ORIENTED_EDGE ( 'NONE', *, *, #2581, .F. ) ;
#3061 = CARTESIAN_POINT ( 'NONE',  ( 0.6909327103171241102, 0.3402999999999999359, -0.2760461774214260644 ) ) ;
#3062 = FACE_OUTER_BOUND ( 'NONE', #3305, .T. ) ;
#3063 = DIRECTION ( 'NONE',  ( -1.000000000000000000, -1.084202172485503941E-16, -0.000000000000000000 ) ) ;
#3064 = FILL_AREA_STYLE ('',( #2744 ) ) ;
#3065 = PLANE ( 'NONE',  #2804 ) ;
#3066 = CARTESIAN_POINT ( 'NONE',  ( 1.085806451612903567, -0.009799999999999944172, -0.5500000000000000444 ) ) ;
#3067 = ORIENTED_EDGE ( 'NONE', *, *, #3446, .F. ) ;
#3068 = FACE_OUTER_BOUND ( 'NONE', #2984, .T. ) ;
#3069 = ADVANCED_FACE ( 'NONE', ( #590 ), #398, .F. ) ;
#3070 = EDGE_CURVE ( 'NONE', #3051, #1414, #1815, .T. ) ;
#3071 = DIRECTION ( 'NONE',  ( 0.000000000000000000, 1.000000000000000000, 0.000000000000000000 ) ) ;
#3072 = ORIENTED_EDGE ( 'NONE', *, *, #1076, .F. ) ;
#3073 = CARTESIAN_POINT ( 'NONE',  ( 0.6701420938851625486, 0.3401999999999999469, -0.2346972922132649075 ) ) ;
#3074 = STYLED_ITEM ( 'NONE', ( #2313 ), #376 ) ;
#3075 = CARTESIAN_POINT ( 'NONE',  ( 0.5256956820394330654, 0.3402999999999999359, -0.2867339163362680465 ) ) ;
#3076 = VERTEX_POINT ( 'NONE', #3154 ) ;
#3077 = CARTESIAN_POINT ( 'NONE',  ( 0.5288688954469592529, 0.3401999999999999469, -0.3217798548428519867 ) ) ;
#3078 = DIRECTION ( 'NONE',  ( 0.000000000000000000, 1.000000000000000000, 0.000000000000000000 ) ) ;
#3079 = DIRECTION ( 'NONE',  ( 0.000000000000000000, -0.000000000000000000, 1.000000000000000000 ) ) ;
#3080 = CARTESIAN_POINT ( 'NONE',  ( 0.7369233744187166923, 0.3401999999999999469, -0.2455570591404753755 ) ) ;
#3081 = VECTOR ( 'NONE', #611, 1000.000000000000000 ) ;
#3082 = DIRECTION ( 'NONE',  ( 0.000000000000000000, 1.000000000000000000, 0.000000000000000000 ) ) ;
#3083 = AXIS2_PLACEMENT_3D ( 'NONE', #299, #3287, #869 ) ;
#3084 = MECHANICAL_DESIGN_GEOMETRIC_PRESENTATION_REPRESENTATION (  '', ( #158 ), #2187 ) ;
#3085 = AXIS2_PLACEMENT_3D ( 'NONE', #1639, #304, #1383 ) ;
#3086 = STYLED_ITEM ( 'NONE', ( #2074 ), #2231 ) ;
#3087 = ORIENTED_EDGE ( 'NONE', *, *, #2751, .F. ) ;
#3088 = DIRECTION ( 'NONE',  ( 0.9129202121788994040, 0.000000000000000000, 0.4081380724647398206 ) ) ;
#3089 = VECTOR ( 'NONE', #960, 1000.000000000000114 ) ;
#3090 = COLOUR_RGB ( '',0.7921568627450980005, 0.8196078431372548767, 0.9333333333333333481 ) ;
#3091 = EDGE_LOOP ( 'NONE', ( #3216, #961, #360, #1888 ) ) ;
#3092 = FACE_OUTER_BOUND ( 'NONE', #1317, .T. ) ;
#3093 = CARTESIAN_POINT ( 'NONE',  ( 0.4360878110004611230, 0.3401999999999999469, -0.3217798548428519867 ) ) ;
#3094 = SURFACE_SIDE_STYLE ('',( #2014 ) ) ;
#3095 = UNCERTAINTY_MEASURE_WITH_UNIT (LENGTH_MEASURE( 1.000000000000000082E-05 ), #2758, 'distance_accuracy_value', 'NONE');
#3096 = SURFACE_SIDE_STYLE ('',( #3412 ) ) ;
#3097 = ORIENTED_EDGE ( 'NONE', *, *, #1356, .T. ) ;
#3098 = DIRECTION ( 'NONE',  ( -1.000000000000000000, 0.000000000000000000, 0.000000000000000000 ) ) ;
#3099 = EDGE_CURVE ( 'NONE', #3163, #3375, #1761, .T. ) ;
#3100 = SURFACE_SIDE_STYLE ('',( #1777 ) ) ;
#3101 = SURFACE_SIDE_STYLE ('',( #409 ) ) ;
#3102 = VERTEX_POINT ( 'NONE', #2348 ) ;
#3103 = DIRECTION ( 'NONE',  ( 0.000000000000000000, 0.000000000000000000, -1.000000000000000000 ) ) ;
#3104 = DIRECTION ( 'NONE',  ( 0.000000000000000000, 1.000000000000000000, 0.000000000000000000 ) ) ;
#3105 = VERTEX_POINT ( 'NONE', #1829 ) ;
#3106 = DIRECTION ( 'NONE',  ( 0.000000000000000000, 0.000000000000000000, 1.000000000000000000 ) ) ;
#3107 =( LENGTH_UNIT ( ) NAMED_UNIT ( * ) SI_UNIT ( .MILLI., .METRE. ) );
#3108 = ORIENTED_EDGE ( 'NONE', *, *, #1674, .F. ) ;
#3109 =( NAMED_UNIT ( * ) SI_UNIT ( $, .STERADIAN. ) SOLID_ANGLE_UNIT ( ) );
#3110 = DIRECTION ( 'NONE',  ( 0.000000000000000000, 0.000000000000000000, 1.000000000000000000 ) ) ;
#3111 = LINE ( 'NONE', #1519, #2553 ) ;
#3112 = EDGE_CURVE ( 'NONE', #1481, #448, #981, .T. ) ;
#3113 = DIRECTION ( 'NONE',  ( -0.3650574326394499525, 0.000000000000000000, 0.9309850003489279491 ) ) ;
#3114 = LINE ( 'NONE', #2354, #1048 ) ;
#3115 = EDGE_CURVE ( 'NONE', #244, #2367, #1537, .T. ) ;
#3116 = CARTESIAN_POINT ( 'NONE',  ( 1.071612903225806601, -0.009799999999999949377, -0.5500000000000000444 ) ) ;
#3117 = EDGE_LOOP ( 'NONE', ( #3213, #1999, #1774, #3351, #3495, #1577, #3405, #10 ) ) ;
#3118 = ORIENTED_EDGE ( 'NONE', *, *, #2897, .F. ) ;
#3119 =( NAMED_UNIT ( * ) SI_UNIT ( $, .STERADIAN. ) SOLID_ANGLE_UNIT ( ) );
#3120 = CARTESIAN_POINT ( 'NONE',  ( 0.4415365938074807817, 0.3402999999999999359, -0.2655248897291799248 ) ) ;
#3121 = EDGE_LOOP ( 'NONE', ( #3046, #2674, #2376, #2035, #2027, #1914, #1404, #2960, #1146 ) ) ;
#3122 = DIRECTION ( 'NONE',  ( -1.000000000000000000, 0.000000000000000000, 0.000000000000000000 ) ) ;
#3123 = FILL_AREA_STYLE ('',( #1256 ) ) ;
#3124 = SURFACE_STYLE_FILL_AREA ( #2832 ) ;
#3125 = UNCERTAINTY_MEASURE_WITH_UNIT (LENGTH_MEASURE( 1.000000000000000082E-05 ), #3437, 'distance_accuracy_value', 'NONE');
#3126 = CARTESIAN_POINT ( 'NONE',  ( 0.2858064516129031896, 0.3303999999999999715, 0.000000000000000000 ) ) ;
#3127 = EDGE_LOOP ( 'NONE', ( #1162, #2050, #2936, #1550, #1961, #1273, #3435, #2610, #3394, #1444, #3455, #3441, #2931 ) ) ;
#3128 = LINE ( 'NONE', #2298, #3431 ) ;
#3129 = STYLED_ITEM ( 'NONE', ( #607 ), #2194 ) ;
#3130 = CARTESIAN_POINT ( 'NONE',  ( 0.4002216716784114392, 0.3401999999999999469, -0.2303125000000000588 ) ) ;
#3131 = DIRECTION ( 'NONE',  ( 1.000000000000000000, 0.000000000000000000, 0.000000000000000000 ) ) ;
#3132 =( GEOMETRIC_REPRESENTATION_CONTEXT ( 3 ) GLOBAL_UNCERTAINTY_ASSIGNED_CONTEXT ( ( #3494 ) ) GLOBAL_UNIT_ASSIGNED_CONTEXT ( ( #3397, #3155, #2038 ) ) REPRESENTATION_CONTEXT ( 'NONE', 'WORKASPACE' ) );
#3133 = FACE_OUTER_BOUND ( 'NONE', #2141, .T. ) ;
#3134 =( NAMED_UNIT ( * ) SI_UNIT ( $, .STERADIAN. ) SOLID_ANGLE_UNIT ( ) );
#3135 = ADVANCED_FACE ( 'NONE', ( #460 ), #694, .T. ) ;
#3136 = PRESENTATION_LAYER_ASSIGNMENT (  '', '', ( #2336 ) ) ;
#3137 = VERTEX_POINT ( 'NONE', #3130 ) ;
#3138 = ORIENTED_EDGE ( 'NONE', *, *, #3028, .T. ) ;
#3140 = CARTESIAN_POINT ( 'NONE',  ( -3.509026491488932446E-18, -0.009799999999999949377, -0.5500000000000000444 ) ) ;
#3139 = VECTOR ( 'NONE', #3185, 1000.000000000000000 ) ;
#3141 = STYLED_ITEM ( 'NONE', ( #1198 ), #838 ) ;
#3142 = EDGE_CURVE ( 'NONE', #199, #1087, #423, .T. ) ;
#3143 = AXIS2_PLACEMENT_3D ( 'NONE', #3005, #637, #2703 ) ;
#3144 = VECTOR ( 'NONE', #1515, 1000.000000000000000 ) ;
#3145 = DIRECTION ( 'NONE',  ( 0.4782326509744800891, 0.000000000000000000, -0.8782331874518982673 ) ) ;
#3146 = ORIENTED_EDGE ( 'NONE', *, *, #1588, .F. ) ;
#3147 = DIRECTION ( 'NONE',  ( 1.000000000000000000, 0.000000000000000000, 0.000000000000000000 ) ) ;
#3148 = CARTESIAN_POINT ( 'NONE',  ( 0.6805374021011434404, 0.3401999999999999469, -0.2553717348173454860 ) ) ;
#3149 = FILL_AREA_STYLE_COLOUR ( '', #1278 ) ;
#3150 = AXIS2_PLACEMENT_3D ( 'NONE', #2, #1300, #543 ) ;
#3151 = CARTESIAN_POINT ( 'NONE',  ( 0.5992464858753268064, 0.3402999999999999359, -0.2529653581143512242 ) ) ;
#3152 = ORIENTED_EDGE ( 'NONE', *, *, #1042, .F. ) ;
#3153 = CARTESIAN_POINT ( 'NONE',  ( 0.6449420462155315281, 0.3403000000000000469, -0.2760461774214260644 ) ) ;
#3154 = CARTESIAN_POINT ( 'NONE',  ( 0.3610054844906865346, 0.3402999999999999359, -0.3217798548428519867 ) ) ;
#3155 =( NAMED_UNIT ( * ) PLANE_ANGLE_UNIT ( ) SI_UNIT ( $, .RADIAN. ) );
#3156 =( NAMED_UNIT ( * ) SI_UNIT ( $, .STERADIAN. ) SOLID_ANGLE_UNIT ( ) );
#3157 = DIRECTION ( 'NONE',  ( -1.000000000000000000, 0.000000000000000000, -1.521815669474874560E-15 ) ) ;
#3158 = CARTESIAN_POINT ( 'NONE',  ( 0.5594815465277973576, 0.3401999999999999469, -0.3217798548428519867 ) ) ;
#3159 = PRESENTATION_STYLE_ASSIGNMENT (( #1803 ) ) ;
#3160 = DIRECTION ( 'NONE',  ( 0.000000000000000000, 0.000000000000000000, 1.000000000000000000 ) ) ;
#3161 = ORIENTED_EDGE ( 'NONE', *, *, #1391, .F. ) ;
#3162 = PLANE ( 'NONE',  #1678 ) ;
#3163 = VERTEX_POINT ( 'NONE', #1565 ) ;
#3164 = FACE_OUTER_BOUND ( 'NONE', #2435, .T. ) ;
#3165 = ADVANCED_FACE ( 'NONE', ( #3171 ), #2037, .T. ) ;
#3166 = CARTESIAN_POINT ( 'NONE',  ( 0.3450000000000000289, 0.3206000000000000516, -0.5500000000000000444 ) ) ;
#3167 = UNCERTAINTY_MEASURE_WITH_UNIT (LENGTH_MEASURE( 1.000000000000000082E-05 ), #2780, 'distance_accuracy_value', 'NONE');
#3168 = LINE ( 'NONE', #1351, #1235 ) ;
#3169 = VERTEX_POINT ( 'NONE', #1518 ) ;
#3170 = CARTESIAN_POINT ( 'NONE',  ( 0.5992464858753268064, 0.3402999999999999359, -0.2658365140879892508 ) ) ;
#3171 = FACE_OUTER_BOUND ( 'NONE', #2327, .T. ) ;
#3172 = CARTESIAN_POINT ( 'NONE',  ( 0.7266129032258066278, 0.3304000000000000825, -0.5500000000000000444 ) ) ;
#3173 = SURFACE_STYLE_FILL_AREA ( #2096 ) ;
#3174 = ORIENTED_EDGE ( 'NONE', *, *, #207, .F. ) ;
#3175 = SURFACE_SIDE_STYLE ('',( #1856 ) ) ;
#3176 = EDGE_CURVE ( 'NONE', #2753, #2100, #2568, .T. ) ;
#3177 = ORIENTED_EDGE ( 'NONE', *, *, #1867, .T. ) ;
#3178 = EDGE_CURVE ( 'NONE', #856, #2847, #1333, .T. ) ;
#3179 = LINE ( 'NONE', #781, #2906 ) ;
#3180 =( BOUNDED_SURFACE ( )  B_SPLINE_SURFACE ( 3, 1, ( 
 ( #2714, #2174 ),
 ( #316, #91 ),
 ( #1400, #2211 ),
 ( #332, #1421 ) ),
 .UNSPECIFIED., .F., .F., .F. ) 
 B_SPLINE_SURFACE_WITH_KNOTS ( ( 4, 4 ),
 ( 2, 2 ),
 ( 0.000000000000000000, 0.2499999999999735489 ),
 ( 0.000000000000000000, 1.000000000000000000 ),
 .UNSPECIFIED. ) 
 GEOMETRIC_REPRESENTATION_ITEM ( )  RATIONAL_B_SPLINE_SURFACE ( (
 ( 1.000000000000000000, 1.000000000000000000),
 ( 0.6666666666667019348, 0.6666666666667019348),
 ( 0.5000000000000353051, 0.5000000000000353051),
 ( 0.5000000000000000000, 0.5000000000000000000) ) ) 
 REPRESENTATION_ITEM ( '' )  SURFACE ( )  );
#3181 = ADVANCED_FACE ( 'NONE', ( #3207 ), #570, .T. ) ;
#3182 = LINE ( 'NONE', #234, #604 ) ;
#3183 = ORIENTED_EDGE ( 'NONE', *, *, #1748, .F. ) ;
#3184 = LINE ( 'NONE', #23, #2861 ) ;
#3185 = DIRECTION ( 'NONE',  ( 0.000000000000000000, 1.000000000000000000, 0.000000000000000000 ) ) ;
#3186 = PRESENTATION_STYLE_ASSIGNMENT (( #2181 ) ) ;
#3187 = DIRECTION ( 'NONE',  ( -0.4114965523852594509, 0.000000000000000000, -0.9114113162425871995 ) ) ;
#3188 = CARTESIAN_POINT ( 'NONE',  ( 0.4415365938074807817, 0.3402999999999999359, -0.2655248897291799248 ) ) ;
#3189 = DIRECTION ( 'NONE',  ( 0.000000000000000000, 0.000000000000000000, 1.000000000000000000 ) ) ;
#3190 = PRESENTATION_LAYER_ASSIGNMENT (  '', '', ( #1673 ) ) ;
#3191 = ORIENTED_EDGE ( 'NONE', *, *, #1716, .F. ) ;
#3192 = CARTESIAN_POINT ( 'NONE',  ( 1.071612903225806601, 0.3304000000000000270, -0.5500000000000000444 ) ) ;
#3193 = AXIS2_PLACEMENT_3D ( 'NONE', #2349, #2278, #3443 ) ;
#3194 = APPLICATION_CONTEXT ( 'automotive_design' ) ;
#3195 = FILL_AREA_STYLE_COLOUR ( '', #1903 ) ;
#3196 = VECTOR ( 'NONE', #1821, 1000.000000000000000 ) ;
#3197 = VERTEX_POINT ( 'NONE', #1582 ) ;
#3198 = PLANE ( 'NONE',  #1007 ) ;
#3199 = STYLED_ITEM ( 'NONE', ( #2047 ), #900 ) ;
#3200 = DIRECTION ( 'NONE',  ( 1.000000000000000000, 0.000000000000000000, 0.000000000000000000 ) ) ;
#3201 = AXIS2_PLACEMENT_3D ( 'NONE', #709, #1246, #1231 ) ;
#3202 = UNCERTAINTY_MEASURE_WITH_UNIT (LENGTH_MEASURE( 1.000000000000000082E-05 ), #2200, 'distance_accuracy_value', 'NONE');
#3203 = DIRECTION ( 'NONE',  ( -1.000000000000000000, 0.000000000000000000, 0.000000000000000000 ) ) ;
#3204 = ORIENTED_EDGE ( 'NONE', *, *, #453, .F. ) ;
#3205 = LINE ( 'NONE', #496, #486 ) ;
#3206 = VECTOR ( 'NONE', #471, 1000.000000000000000 ) ;
#3207 = FACE_OUTER_BOUND ( 'NONE', #2098, .T. ) ;
#3208 = STYLED_ITEM ( 'NONE', ( #2634 ), #1422 ) ;
#3209 = DIRECTION ( 'NONE',  ( 0.000000000000000000, 0.000000000000000000, 1.000000000000000000 ) ) ;
#3210 = PRESENTATION_STYLE_ASSIGNMENT (( #2641 ) ) ;
#3211 = EDGE_CURVE ( 'NONE', #128, #2825, #1879, .T. ) ;
#3212 = LINE ( 'NONE', #2999, #3372 ) ;
#3213 = ORIENTED_EDGE ( 'NONE', *, *, #1674, .T. ) ;
#3214 = CARTESIAN_POINT ( 'NONE',  ( 0.7358064516129033672, -0.009799999999999937234, 0.000000000000000000 ) ) ;
#3215 = EDGE_CURVE ( 'NONE', #2996, #2618, #2109, .T. ) ;
#3216 = ORIENTED_EDGE ( 'NONE', *, *, #375, .F. ) ;
#3217 = FILL_AREA_STYLE_COLOUR ( '', #1575 ) ;
#3218 = CARTESIAN_POINT ( 'NONE',  ( 0.4828782313453667263, 0.3401999999999999469, -0.2760461774214260089 ) ) ;
#3219 = ORIENTED_EDGE ( 'NONE', *, *, #2993, .T. ) ;
#3220 = DIRECTION ( 'NONE',  ( 0.4081380724647398206, 0.000000000000000000, -0.9129202121788994040 ) ) ;
#3221 = SURFACE_STYLE_FILL_AREA ( #1084 ) ;
#3222 = CARTESIAN_POINT ( 'NONE',  ( 0.4546203154167143823, 0.3401999999999999469, -0.2655248897291799248 ) ) ;
#3223 = EDGE_CURVE ( 'NONE', #2321, #693, #2651, .T. ) ;
#3224 = ORIENTED_EDGE ( 'NONE', *, *, #2840, .F. ) ;
#3225 = DIRECTION ( 'NONE',  ( 0.4081380724647398206, 0.000000000000000000, 0.9129202121788994040 ) ) ;
#3226 = DIRECTION ( 'NONE',  ( 0.000000000000000000, 1.000000000000000000, 0.000000000000000000 ) ) ;
#3227 = EDGE_CURVE ( 'NONE', #3137, #1082, #237, .T. ) ;
#3228 = EDGE_CURVE ( 'NONE', #1911, #1121, #1614, .T. ) ;
#3229 = FACE_OUTER_BOUND ( 'NONE', #3117, .T. ) ;
#3230 = ORIENTED_EDGE ( 'NONE', *, *, #527, .T. ) ;
#3231 = ORIENTED_EDGE ( 'NONE', *, *, #1501, .F. ) ;
#3232 = LINE ( 'NONE', #489, #945 ) ;
#3233 = DIRECTION ( 'NONE',  ( 0.000000000000000000, 0.000000000000000000, 1.000000000000000000 ) ) ;
#3234 = LINE ( 'NONE', #219, #1734 ) ;
#3235 = DIRECTION ( 'NONE',  ( 0.000000000000000000, 0.000000000000000000, 1.000000000000000000 ) ) ;
#3236 = ORIENTED_EDGE ( 'NONE', *, *, #2043, .F. ) ;
#3237 = DIRECTION ( 'NONE',  ( 0.000000000000000000, 1.000000000000000000, 0.000000000000000000 ) ) ;
#3238 = DIRECTION ( 'NONE',  ( 0.000000000000000000, 0.000000000000000000, -1.000000000000000000 ) ) ;
#3239 = LINE ( 'NONE', #1049, #1055 ) ;
#3240 = ORIENTED_EDGE ( 'NONE', *, *, #394, .F. ) ;
#3241 = LINE ( 'NONE', #2949, #3017 ) ;
#3242 = DIRECTION ( 'NONE',  ( -0.3513030095030560407, -0.000000000000000000, -0.9362618199596176582 ) ) ;
#3243 = DIRECTION ( 'NONE',  ( 0.000000000000000000, 0.000000000000000000, -1.000000000000000000 ) ) ;
#3244 = ORIENTED_EDGE ( 'NONE', *, *, #2235, .T. ) ;
#3245 = SURFACE_STYLE_USAGE ( .BOTH. , #1418 ) ;
#3246 = COLOUR_RGB ( '',0.8980392156862745390, 0.9215686274509803377, 0.9294117647058823817 ) ;
#3247 = COLOUR_RGB ( '',0.8509803921568627194, 0.8509803921568627194, 0.8509803921568627194 ) ;
#3248 = ORIENTED_EDGE ( 'NONE', *, *, #1790, .T. ) ;
#3249 = CARTESIAN_POINT ( 'NONE',  ( 0.5076413463041337115, 0.3401999999999998914, -0.2761733598502855158 ) ) ;
#3250 =( NAMED_UNIT ( * ) PLANE_ANGLE_UNIT ( ) SI_UNIT ( $, .RADIAN. ) );
#3251 = EDGE_CURVE ( 'NONE', #1648, #3425, #2143, .T. ) ;
#3252 = STYLED_ITEM ( 'NONE', ( #131 ), #636 ) ;
#3253 = STYLED_ITEM ( 'NONE', ( #1190 ), #2938 ) ;
#3254 = VECTOR ( 'NONE', #1499, 1000.000000000000000 ) ;
#3255 = EDGE_LOOP ( 'NONE', ( #1743, #710, #167, #1491 ) ) ;
#3256 = CARTESIAN_POINT ( 'NONE',  ( 0.6805374021011434404, 0.3402999999999999914, -0.2967206200255067539 ) ) ;
#3257 = CARTESIAN_POINT ( 'NONE',  ( 0.5723089745059176670, 0.3401999999999999469, -0.2303125000000000588 ) ) ;
#3258 =( NAMED_UNIT ( * ) SI_UNIT ( $, .STERADIAN. ) SOLID_ANGLE_UNIT ( ) );
#3259 = EDGE_CURVE ( 'NONE', #30, #3102, #2378, .T. ) ;
#3260 = AXIS2_PLACEMENT_3D ( 'NONE', #2472, #861, #1427 ) ;
#3261 = VECTOR ( 'NONE', #944, 1000.000000000000227 ) ;
#3262 = COLOUR_RGB ( '',0.8980392156862745390, 0.9215686274509803377, 0.9294117647058823817 ) ;
#3263 = PLANE ( 'NONE',  #3260 ) ;
#3264 = ORIENTED_EDGE ( 'NONE', *, *, #203, .F. ) ;
#3265 = LINE ( 'NONE', #1643, #2715 ) ;
#3266 = COLOUR_RGB ( '',0.8980392156862745390, 0.9215686274509803377, 0.9294117647058823817 ) ;
#3267 = PRODUCT_DEFINITION_SHAPE ( 'NONE', 'NONE',  #2060 ) ;
#3268 = VECTOR ( 'NONE', #2983, 1000.000000000000000 ) ;
#3269 = CARTESIAN_POINT ( 'NONE',  ( 0.6701420938851627707, 0.3402999999999999914, -0.2760461774214260644 ) ) ;
#3270 = ORIENTED_EDGE ( 'NONE', *, *, #3053, .F. ) ;
#3271 = CARTESIAN_POINT ( 'NONE',  ( 0.7266129032258066278, 0.3304000000000000825, 0.000000000000000000 ) ) ;
#3272 = ORIENTED_EDGE ( 'NONE', *, *, #3402, .T. ) ;
#3273 = CARTESIAN_POINT ( 'NONE',  ( 0.5594815465277973576, 0.3401999999999999469, -0.2973072158944790599 ) ) ;
#3274 = ADVANCED_FACE ( 'NONE', ( #1652 ), #1371, .F. ) ;
#3275 = FILL_AREA_STYLE_COLOUR ( '', #3266 ) ;
#3276 = VERTEX_POINT ( 'NONE', #3471 ) ;
#3277 = CARTESIAN_POINT ( 'NONE',  ( -0.000000000000000000, 0.000000000000000000, 0.000000000000000000 ) ) ;
#3278 = SURFACE_STYLE_USAGE ( .BOTH. , #1968 ) ;
#3279 = FILL_AREA_STYLE ('',( #571 ) ) ;
#3280 =( BOUNDED_CURVE ( )  B_SPLINE_CURVE ( 3, ( #3015, #37, #871, #1926, #347, #593, #2750 ),
 .UNSPECIFIED., .F., .F. ) 
 B_SPLINE_CURVE_WITH_KNOTS ( ( 4, 3, 4 ),
 ( 0.7500000000000001110, 1.000000000000000000, 1.249999999999999556 ),
 .UNSPECIFIED. ) 
 CURVE ( )  GEOMETRIC_REPRESENTATION_ITEM ( )  RATIONAL_B_SPLINE_CURVE ( ( 0.5000000000000000000, 0.5000000000000002220, 0.6666666666666668517, 1.000000000000000000, 0.6666666666666672958, 0.5000000000000006661, 0.5000000000000000000 ) ) 
 REPRESENTATION_ITEM ( '' )  );
#3281 = DIRECTION ( 'NONE',  ( 0.000000000000000000, 0.000000000000000000, 1.000000000000000000 ) ) ;
#3282 = ORIENTED_EDGE ( 'NONE', *, *, #1239, .F. ) ;
#3283 = DIRECTION ( 'NONE',  ( -1.000000000000000000, 0.000000000000000000, 0.000000000000000000 ) ) ;
#3284 = PLANE ( 'NONE',  #2236 ) ;
#3285 = DIRECTION ( 'NONE',  ( 1.000000000000000000, 0.000000000000000000, 0.000000000000000000 ) ) ;
#3286 = ORIENTED_EDGE ( 'NONE', *, *, #1604, .F. ) ;
#3287 = DIRECTION ( 'NONE',  ( 0.000000000000000000, 1.000000000000000000, 0.000000000000000000 ) ) ;
#3288 =( NAMED_UNIT ( * ) SI_UNIT ( $, .STERADIAN. ) SOLID_ANGLE_UNIT ( ) );
#3289 = ORIENTED_EDGE ( 'NONE', *, *, #1149, .F. ) ;
#3290 = EDGE_CURVE ( 'NONE', #2629, #872, #2991, .T. ) ;
#3291 = ORIENTED_EDGE ( 'NONE', *, *, #1604, .T. ) ;
#3292 = DIRECTION ( 'NONE',  ( 1.000000000000000000, 0.000000000000000000, 0.000000000000000000 ) ) ;
#3293 = ADVANCED_FACE ( 'NONE', ( #821 ), #554, .T. ) ;
#3294 = VERTEX_POINT ( 'NONE', #2448 ) ;
#3295 = DIRECTION ( 'NONE',  ( 0.000000000000000000, 1.000000000000000000, 0.000000000000000000 ) ) ;
#3296 = ADVANCED_FACE ( 'NONE', ( #1594 ), #1984, .T. ) ;
#3297 = CARTESIAN_POINT ( 'NONE',  ( 0.3660561914672217365, 0.3401999999999999469, -0.2616461587604284045 ) ) ;
#3298 = CARTESIAN_POINT ( 'NONE',  ( 0.5058735633961629619, 0.3402999999999999914, -0.2303125000000000033 ) ) ;
#3299 =( NAMED_UNIT ( * ) SI_UNIT ( $, .STERADIAN. ) SOLID_ANGLE_UNIT ( ) );
#3300 = VERTEX_POINT ( 'NONE', #2229 ) ;
#3301 = SURFACE_STYLE_FILL_AREA ( #580 ) ;
#3302 = CARTESIAN_POINT ( 'NONE',  ( 0.4630566612614634980, 0.3402999999999999359, -0.2432824071808737110 ) ) ;
#3303 = PRESENTATION_LAYER_ASSIGNMENT (  '', '', ( #2175 ) ) ;
#3304 = FILL_AREA_STYLE ('',( #1368 ) ) ;
#3305 = EDGE_LOOP ( 'NONE', ( #1105, #2333, #90, #2213 ) ) ;
#3306 = CARTESIAN_POINT ( 'NONE',  ( 0.3450000000000000289, 0.000000000000000000, 0.000000000000000000 ) ) ;
#3307 = AXIS2_PLACEMENT_3D ( 'NONE', #2922, #792, #2654 ) ;
#3308 = LINE ( 'NONE', #1931, #1679 ) ;
#3309 = UNCERTAINTY_MEASURE_WITH_UNIT (LENGTH_MEASURE( 1.000000000000000082E-05 ), #2593, 'distance_accuracy_value', 'NONE');
#3310 = FILL_AREA_STYLE_COLOUR ( '', #1345 ) ;
#3311 = ORIENTED_EDGE ( 'NONE', *, *, #16, .F. ) ;
#3312 = VECTOR ( 'NONE', #2312, 1000.000000000000000 ) ;
#3313 = DIRECTION ( 'NONE',  ( -9.158110993746760589E-16, -1.000000000000000000, 0.000000000000000000 ) ) ;
#3314 = SURFACE_SIDE_STYLE ('',( #1446 ) ) ;
#3315 = PRESENTATION_LAYER_ASSIGNMENT (  '', '', ( #2240 ) ) ;
#3316 = VECTOR ( 'NONE', #2741, 1000.000000000000000 ) ;
#3317 = COLOUR_RGB ( '',0.8980392156862745390, 0.9215686274509803377, 0.9294117647058823817 ) ;
#3318 = EDGE_CURVE ( 'NONE', #2723, #2083, #621, .T. ) ;
#3319 = CARTESIAN_POINT ( 'NONE',  ( 0.3358064516129031785, 0.000000000000000000, -0.5500000000000000444 ) ) ;
#3320 = PRODUCT_DEFINITION_FORMATION_WITH_SPECIFIED_SOURCE ( 'ANY', '', #2196, .NOT_KNOWN. ) ;
#3321 = AXIS2_PLACEMENT_3D ( 'NONE', #1768, #1784, #3103 ) ;
#3322 = PRESENTATION_LAYER_ASSIGNMENT (  '', '', ( #3433 ) ) ;
#3323 = CARTESIAN_POINT ( 'NONE',  ( 0.6420075108103675543, 0.3401999999999999469, -0.2981571804488010735 ) ) ;
#3324 = ORIENTED_EDGE ( 'NONE', *, *, #1156, .T. ) ;
#3325 =( LENGTH_UNIT ( ) NAMED_UNIT ( * ) SI_UNIT ( .MILLI., .METRE. ) );
#3326 = ORIENTED_EDGE ( 'NONE', *, *, #678, .F. ) ;
#3327 = DIRECTION ( 'NONE',  ( 0.000000000000000000, 0.000000000000000000, -1.000000000000000000 ) ) ;
#3328 = LINE ( 'NONE', #875, #2392 ) ;
#3329 = VERTEX_POINT ( 'NONE', #2773 ) ;
#3330 = LINE ( 'NONE', #2800, #2775 ) ;
#3331 = CARTESIAN_POINT ( 'NONE',  ( 0.4943893667026557637, 0.3402999999999999359, -0.2303125000000000588 ) ) ;
#3332 = EDGE_CURVE ( 'NONE', #1251, #2072, #43, .T. ) ;
#3333 = CARTESIAN_POINT ( 'NONE',  ( 0.4415365938074807817, 0.3401999999999999469, -0.2655248897291799248 ) ) ;
#3334 = VERTEX_POINT ( 'NONE', #3057 ) ;
#3335 = EDGE_CURVE ( 'NONE', #1706, #1545, #95, .T. ) ;
#3336 = CARTESIAN_POINT ( 'NONE',  ( 1.071612903225806601, 0.3304000000000000270, -0.5500000000000000444 ) ) ;
#3337 = ORIENTED_EDGE ( 'NONE', *, *, #3477, .T. ) ;
#3338 = CARTESIAN_POINT ( 'NONE',  ( 0.2858064516129031896, 0.3402000000000000024, 0.000000000000000000 ) ) ;
#3339 = CARTESIAN_POINT ( 'NONE',  ( 0.4982084527122763173, 0.3402999999999999359, -0.3217798548424227745 ) ) ;
#3340 =( LENGTH_UNIT ( ) NAMED_UNIT ( * ) SI_UNIT ( .MILLI., .METRE. ) );
#3341 = ORIENTED_EDGE ( 'NONE', *, *, #789, .T. ) ;
#3342 = CARTESIAN_POINT ( 'NONE',  ( 0.4688551010881096825, 0.3401999999999999469, -0.2303125000000000588 ) ) ;
#3343 = DIRECTION ( 'NONE',  ( 0.000000000000000000, 1.000000000000000000, 0.000000000000000000 ) ) ;
#3344 = ORIENTED_EDGE ( 'NONE', *, *, #3037, .F. ) ;
#3345 = LINE ( 'NONE', #326, #2280 ) ;
#3346 = CARTESIAN_POINT ( 'NONE',  ( 0.6909327103171241102, 0.3401999999999999469, -0.2760461774214260644 ) ) ;
#3347 = CARTESIAN_POINT ( 'NONE',  ( 0.7139280423679202903, 0.3401999999999998914, -0.2303124999999999756 ) ) ;
#3348 = ORIENTED_EDGE ( 'NONE', *, *, #439, .T. ) ;
#3349 = EDGE_LOOP ( 'NONE', ( #941, #2924, #2136, #2492 ) ) ;
#3350 = CARTESIAN_POINT ( 'NONE',  ( 0.3999802879656550458, 0.3401999999999999469, -0.3217798548428519867 ) ) ;
#3351 = ORIENTED_EDGE ( 'NONE', *, *, #2042, .T. ) ;
#3352 = CARTESIAN_POINT ( 'NONE',  ( 0.7117233267490855608, 0.3401999999999999469, -0.2760461774214260644 ) ) ;
#3353 = EDGE_CURVE ( 'NONE', #1906, #2431, #3308, .T. ) ;
#3354 = VECTOR ( 'NONE', #2204, 1000.000000000000000 ) ;
#3355 = VECTOR ( 'NONE', #770, 1000.000000000000114 ) ;
#3356 = PRESENTATION_STYLE_ASSIGNMENT (( #1494 ) ) ;
#3357 = ORIENTED_EDGE ( 'NONE', *, *, #2011, .F. ) ;
#3358 = DIRECTION ( 'NONE',  ( 1.796576432105190794E-16, -1.000000000000000000, 0.000000000000000000 ) ) ;
#3359 = ADVANCED_FACE ( 'NONE', ( #1688 ), #2742, .T. ) ;
#3360 = FACE_OUTER_BOUND ( 'NONE', #289, .T. ) ;
#3361 = VECTOR ( 'NONE', #1091, 1000.000000000000000 ) ;
#3362 = CARTESIAN_POINT ( 'NONE',  ( 0.5334857581829244300, 0.3401999999999999469, -0.2648328402104253021 ) ) ;
#3363 = VECTOR ( 'NONE', #2685, 1000.000000000000000 ) ;
#3364 = DIRECTION ( 'NONE',  ( -0.000000000000000000, -1.000000000000000000, -0.000000000000000000 ) ) ;
#3365 = VECTOR ( 'NONE', #2883, 1000.000000000000000 ) ;
#3366 = PRESENTATION_LAYER_ASSIGNMENT (  '', '', ( #272 ) ) ;
#3367 = EDGE_LOOP ( 'NONE', ( #3067, #679, #2427, #2903 ) ) ;
#3368 =( GEOMETRIC_REPRESENTATION_CONTEXT ( 3 ) GLOBAL_UNCERTAINTY_ASSIGNED_CONTEXT ( ( #3125 ) ) GLOBAL_UNIT_ASSIGNED_CONTEXT ( ( #3437, #963, #2275 ) ) REPRESENTATION_CONTEXT ( 'NONE', 'WORKASPACE' ) );
#3369 = VERTEX_POINT ( 'NONE', #67 ) ;
#3370 = SURFACE_STYLE_USAGE ( .BOTH. , #435 ) ;
#3371 = SURFACE_STYLE_USAGE ( .BOTH. , #990 ) ;
#3372 = VECTOR ( 'NONE', #2152, 1000.000000000000114 ) ;
#3373 = AXIS2_PLACEMENT_3D ( 'NONE', #3346, #1990, #1213 ) ;
#3374 = LINE ( 'NONE', #112, #3089 ) ;
#3375 = VERTEX_POINT ( 'NONE', #889 ) ;
#3376 = EDGE_CURVE ( 'NONE', #1478, #3300, #1153, .T. ) ;
#3377 = DIRECTION ( 'NONE',  ( 1.000000000000000000, 0.000000000000000000, 0.000000000000000000 ) ) ;
#3378 = ADVANCED_FACE ( 'NONE', ( #657 ), #911, .T. ) ;
#3379 = ORIENTED_EDGE ( 'NONE', *, *, #1974, .T. ) ;
#3380 = CARTESIAN_POINT ( 'NONE',  ( 0.5288939577122110380, 0.3401999999999999469, -0.2973072158944790599 ) ) ;
#3381 = PLANE ( 'NONE',  #995 ) ;
#3382 = FACE_OUTER_BOUND ( 'NONE', #1611, .T. ) ;
#3383 = CARTESIAN_POINT ( 'NONE',  ( 0.000000000000000000, 0.3206000000000000516, -0.5500000000000000444 ) ) ;
#3384 = CARTESIAN_POINT ( 'NONE',  ( 0.000000000000000000, 0.000000000000000000, 0.000000000000000000 ) ) ;
#3385 = ORIENTED_EDGE ( 'NONE', *, *, #3448, .F. ) ;
#3386 = VERTEX_POINT ( 'NONE', #1997 ) ;
#3387 = PLANE ( 'NONE',  #2979 ) ;
#3388 = ORIENTED_EDGE ( 'NONE', *, *, #1239, .T. ) ;
#3389 = CARTESIAN_POINT ( 'NONE',  ( 0.5723089745059176670, 0.3402999999999999359, -0.2303125000000000588 ) ) ;
#3390 = PLANE ( 'NONE',  #267 ) ;
#3391 =( NAMED_UNIT ( * ) PLANE_ANGLE_UNIT ( ) SI_UNIT ( $, .RADIAN. ) );
#3392 = ADVANCED_FACE ( 'NONE', ( #1666 ), #2757, .T. ) ;
#3393 = DIRECTION ( 'NONE',  ( 1.796576432105190794E-16, -1.000000000000000000, -0.000000000000000000 ) ) ;
#3394 = ORIENTED_EDGE ( 'NONE', *, *, #277, .F. ) ;
#3395 = CARTESIAN_POINT ( 'NONE',  ( 1.085806451612903567, 0.3304000000000000270, -0.5500000000000000444 ) ) ;
#3396 = CARTESIAN_POINT ( 'NONE',  ( 0.5334857577498938186, 0.3401999999999998914, -0.2555386750021524378 ) ) ;
#3397 =( LENGTH_UNIT ( ) NAMED_UNIT ( * ) SI_UNIT ( .MILLI., .METRE. ) );
#3398 = EDGE_CURVE ( 'NONE', #1752, #36, #2263, .T. ) ;
#3399 = LINE ( 'NONE', #984, #362 ) ;
#3400 = PRESENTATION_STYLE_ASSIGNMENT (( #174 ) ) ;
#3401 = DIRECTION ( 'NONE',  ( 1.000000000000000000, 0.000000000000000000, 0.000000000000000000 ) ) ;
#3402 = EDGE_CURVE ( 'NONE', #1387, #1215, #2720, .T. ) ;
#3403 = CARTESIAN_POINT ( 'NONE',  ( 0.3804928862281707902, 0.3401999999999999469, -0.2852421765749061922 ) ) ;
#3404 = ORIENTED_EDGE ( 'NONE', *, *, #1747, .F. ) ;
#3405 = ORIENTED_EDGE ( 'NONE', *, *, #3099, .T. ) ;
#3406 = LINE ( 'NONE', #921, #1000 ) ;
#3407 = LINE ( 'NONE', #1490, #2017 ) ;
#3408 = ORIENTED_EDGE ( 'NONE', *, *, #3099, .F. ) ;
#3409 = DIRECTION ( 'NONE',  ( 0.000000000000000000, -1.000000000000000000, 0.000000000000000000 ) ) ;
#3410 = CARTESIAN_POINT ( 'NONE',  ( 0.4600690982237342075, 0.3402999999999999359, -0.3217798548428519867 ) ) ;
#3411 = UNCERTAINTY_MEASURE_WITH_UNIT (LENGTH_MEASURE( 1.000000000000000082E-05 ), #2915, 'distance_accuracy_value', 'NONE');
#3412 = SURFACE_STYLE_FILL_AREA ( #388 ) ;
#3413 = ORIENTED_EDGE ( 'NONE', *, *, #833, .T. ) ;
#3414 = VECTOR ( 'NONE', #2040, 1000.000000000000000 ) ;
#3415 = CARTESIAN_POINT ( 'NONE',  ( 0.5170041700126565276, 0.3402999999999999359, -0.2519119296727944657 ) ) ;
#3416 = FACE_OUTER_BOUND ( 'NONE', #1637, .T. ) ;
#3417 = FACE_OUTER_BOUND ( 'NONE', #2446, .T. ) ;
#3418 = AXIS2_PLACEMENT_3D ( 'NONE', #2899, #955, #1265 ) ;
#3419 = CLOSED_SHELL ( 'NONE', ( #549, #345, #2290, #1851, #2147, #2631 ) ) ;
#3420 = PLANE ( 'NONE',  #2507 ) ;
#3421 = FACE_OUTER_BOUND ( 'NONE', #2297, .T. ) ;
#3422 = PRESENTATION_LAYER_ASSIGNMENT (  '', '', ( #3253 ) ) ;
#3423 = EDGE_CURVE ( 'NONE', #726, #2090, #1223, .T. ) ;
#3424 = COLOUR_RGB ( '',0.8980392156862745390, 0.9215686274509803377, 0.9294117647058823817 ) ;
#3425 = VERTEX_POINT ( 'NONE', #1811 ) ;
#3426 = VERTEX_POINT ( 'NONE', #2892 ) ;
#3428 = DIRECTION ( 'NONE',  ( 0.9114113162425873105, 0.000000000000000000, -0.4114965523852595064 ) ) ;
#3427 = STYLED_ITEM ( 'NONE', ( #756 ), #3010 ) ;
#3429 = AXIS2_PLACEMENT_3D ( 'NONE', #1598, #500, #1937 ) ;
#3430 = STYLED_ITEM ( 'NONE', ( #366 ), #3378 ) ;
#3431 = VECTOR ( 'NONE', #443, 1000.000000000000000 ) ;
#3432 = PRESENTATION_STYLE_ASSIGNMENT (( #2386 ) ) ;
#3433 = STYLED_ITEM ( 'NONE', ( #1437 ), #1487 ) ;
#3434 = LINE ( 'NONE', #1905, #3268 ) ;
#3435 = ORIENTED_EDGE ( 'NONE', *, *, #791, .F. ) ;
#3436 = LINE ( 'NONE', #2117, #2183 ) ;
#3437 =( LENGTH_UNIT ( ) NAMED_UNIT ( * ) SI_UNIT ( .MILLI., .METRE. ) );
#3438 = PRESENTATION_LAYER_ASSIGNMENT (  '', '', ( #1294 ) ) ;
#3439 = COLOUR_RGB ( '',0.7921568627450980005, 0.8196078431372548767, 0.9333333333333333481 ) ;
#3440 = LINE ( 'NONE', #1303, #2130 ) ;
#3441 = ORIENTED_EDGE ( 'NONE', *, *, #523, .F. ) ;
#3442 = CARTESIAN_POINT ( 'NONE',  ( 0.4360878110004611230, 0.3402999999999999359, -0.3217798548428519867 ) ) ;
#3443 = DIRECTION ( 'NONE',  ( 0.4782326509744800891, 0.000000000000000000, 0.8782331874518982673 ) ) ;
#3444 = LINE ( 'NONE', #446, #3414 ) ;
#3445 = FILL_AREA_STYLE ('',( #2885 ) ) ;
#3446 = EDGE_CURVE ( 'NONE', #300, #3163, #976, .T. ) ;
#3447 = ORIENTED_EDGE ( 'NONE', *, *, #2962, .T. ) ;
#3448 = EDGE_CURVE ( 'NONE', #3042, #755, #2830, .T. ) ;
#3449 = VERTEX_POINT ( 'NONE', #2877 ) ;
#3450 = CARTESIAN_POINT ( 'NONE',  ( 0.2858064516129031896, 0.3303999999999999715, -0.5500000000000000444 ) ) ;
#3451 =( LENGTH_UNIT ( ) NAMED_UNIT ( * ) SI_UNIT ( .MILLI., .METRE. ) );
#3452 = PLANE ( 'NONE',  #265 ) ;
#3453 = UNCERTAINTY_MEASURE_WITH_UNIT (LENGTH_MEASURE( 1.000000000000000082E-05 ), #3040, 'distance_accuracy_value', 'NONE');
#3454 = CARTESIAN_POINT ( 'NONE',  ( 1.071612903225806601, 0.3206000000000000516, -0.5500000000000000444 ) ) ;
#3455 = ORIENTED_EDGE ( 'NONE', *, *, #1420, .F. ) ;
#3456 = CARTESIAN_POINT ( 'NONE',  ( 0.5594815465277978017, 0.3401999999999999469, -0.2867339163362680465 ) ) ;
#3457 = CARTESIAN_POINT ( 'NONE',  ( 0.3450000000000000289, 0.3304000000000000825, -0.5500000000000000444 ) ) ;
#3458 = FILL_AREA_STYLE ('',( #254 ) ) ;
#3459 = LINE ( 'NONE', #1034, #938 ) ;
#3460 = CARTESIAN_POINT ( 'NONE',  ( 0.5594815465277978017, 0.3401999999999999469, -0.2303125000000000588 ) ) ;
#3461 = SURFACE_STYLE_USAGE ( .BOTH. , #1791 ) ;
#3462 = ORIENTED_EDGE ( 'NONE', *, *, #1465, .F. ) ;
#3463 = PRESENTATION_STYLE_ASSIGNMENT (( #2904 ) ) ;
#3464 = EDGE_LOOP ( 'NONE', ( #2976, #488, #2082, #1820 ) ) ;
#3465 = CARTESIAN_POINT ( 'NONE',  ( 0.4002216716784114392, 0.3401999999999999469, -0.2303125000000000588 ) ) ;
#3466 = LINE ( 'NONE', #528, #3482 ) ;
#3467 = ADVANCED_FACE ( 'NONE', ( #1512 ), #2323, .T. ) ;
#3468 = CARTESIAN_POINT ( 'NONE',  ( 0.7358064516129033672, 0.000000000000000000, -0.5500000000000000444 ) ) ;
#3469 = ORIENTED_EDGE ( 'NONE', *, *, #3448, .T. ) ;
#3470 = DIRECTION ( 'NONE',  ( 0.000000000000000000, 1.000000000000000000, 0.000000000000000000 ) ) ;
#3471 = CARTESIAN_POINT ( 'NONE',  ( 0.3358064516129031785, -0.009799999999999937234, 0.000000000000000000 ) ) ;
#3472 = CARTESIAN_POINT ( 'NONE',  ( 0.6701420938851626596, 0.3402999999999999359, -0.2760461774214260644 ) ) ;
#3473 = CARTESIAN_POINT ( 'NONE',  ( 0.4828782313453666708, 0.3401999999999999469, -0.2760461774214260644 ) ) ;
#3474 = CARTESIAN_POINT ( 'NONE',  ( 0.7013280185331047800, 0.3401999999999999469, -0.2967206200255066428 ) ) ;
#3475 = VECTOR ( 'NONE', #2380, 1000.000000000000000 ) ;
#3476 = VERTEX_POINT ( 'NONE', #1244 ) ;
#3477 = EDGE_CURVE ( 'NONE', #988, #2996, #2542, .T. ) ;
#3478 = VECTOR ( 'NONE', #514, 1000.000000000000000 ) ;
#3479 = PRESENTATION_LAYER_ASSIGNMENT (  '', '', ( #2623 ) ) ;
#3480 = ADVANCED_FACE ( 'NONE', ( #2813 ), #3390, .F. ) ;
#3481 = VERTEX_POINT ( 'NONE', #545 ) ;
#3482 = VECTOR ( 'NONE', #2614, 1000.000000000000000 ) ;
#3483 = AXIS2_PLACEMENT_3D ( 'NONE', #932, #1751, #2059 ) ;
#3484 = ADVANCED_FACE ( 'NONE', ( #2373 ), #816, .T. ) ;
#3485 = CARTESIAN_POINT ( 'NONE',  ( 0.5288688954469592529, 0.3401999999999999469, -0.2303124999999999756 ) ) ;
#3486 = EDGE_LOOP ( 'NONE', ( #3289, #3286, #1834 ) ) ;
#3487 = DIRECTION ( 'NONE',  ( 0.000000000000000000, 0.000000000000000000, 1.000000000000000000 ) ) ;
#3488 = VECTOR ( 'NONE', #1930, 1000.000000000000000 ) ;
#3489 = DIRECTION ( 'NONE',  ( 0.000000000000000000, 1.000000000000000000, 0.000000000000000000 ) ) ;
#3490 = CARTESIAN_POINT ( 'NONE',  ( 0.5076413463041337115, 0.3401999999999998359, -0.2867402878721563297 ) ) ;
#3491 = COLOUR_RGB ( '',0.8980392156862745390, 0.9215686274509803377, 0.9294117647058823817 ) ;
#3492 = EDGE_CURVE ( 'NONE', #1766, #2072, #1041, .T. ) ;
#3493 = FACE_OUTER_BOUND ( 'NONE', #2360, .T. ) ;
#3494 = UNCERTAINTY_MEASURE_WITH_UNIT (LENGTH_MEASURE( 1.000000000000000082E-05 ), #3397, 'distance_accuracy_value', 'NONE');
#3495 = ORIENTED_EDGE ( 'NONE', *, *, #2330, .T. ) ;
#3496 = CARTESIAN_POINT ( 'NONE',  ( 0.7117233267490853388, 0.3401999999999999469, -0.2760461774214260089 ) ) ;
#3497 = DIRECTION ( 'NONE',  ( 1.000000000000000000, 0.000000000000000000, 0.000000000000000000 ) ) ;
#3498 = CARTESIAN_POINT ( 'NONE',  ( 0.4273018081360856479, 0.3402999999999999359, -0.2303125000000000588 ) ) ;
#3499 = DIRECTION ( 'NONE',  ( 1.000000000000000000, 0.000000000000000000, 0.000000000000000000 ) ) ;
#3500 = DIRECTION ( 'NONE',  ( 1.000000000000000000, 9.158110993746760589E-16, -0.000000000000000000 ) ) ;
#3501 = VERTEX_POINT ( 'NONE', #490 ) ;
ENDSEC;
END-ISO-10303-21;
