ISO-10303-21;
HEADER;
FILE_DESCRIPTION(('Open CASCADE Model'),'2;1');
FILE_NAME('Open CASCADE Shape Model','2026-04-28T10:49:04',('Author'),(
    'Open CASCADE'),'Open CASCADE STEP processor 7.5','Open CASCADE 7.5'
  ,'Unknown');
FILE_SCHEMA(('AUTOMOTIVE_DESIGN { 1 0 10303 214 1 1 1 1 }'));
ENDSEC;
DATA;
#1 = APPLICATION_PROTOCOL_DEFINITION('international standard',
  'automotive_design',2000,#2);
#2 = APPLICATION_CONTEXT(
  'core data for automotive mechanical design processes');
#3 = SHAPE_DEFINITION_REPRESENTATION(#4,#10);
#4 = PRODUCT_DEFINITION_SHAPE('','',#5);
#5 = PRODUCT_DEFINITION('design','',#6,#9);
#6 = PRODUCT_DEFINITION_FORMATION('','',#7);
#7 = PRODUCT('PCB','PCB','',(#8));
#8 = PRODUCT_CONTEXT('',#2,'mechanical');
#9 = PRODUCT_DEFINITION_CONTEXT('part definition',#2,'design');
#10 = SHAPE_REPRESENTATION('',(#11,#15,#19,#23,#27),#31);
#11 = AXIS2_PLACEMENT_3D('',#12,#13,#14);
#12 = CARTESIAN_POINT('',(0.,0.,0.));
#13 = DIRECTION('',(0.,0.,1.));
#14 = DIRECTION('',(1.,0.,-0.));
#15 = AXIS2_PLACEMENT_3D('',#16,#17,#18);
#16 = CARTESIAN_POINT('',(0.,0.,0.));
#17 = DIRECTION('',(0.,0.,1.));
#18 = DIRECTION('',(1.,0.,-0.));
#19 = AXIS2_PLACEMENT_3D('',#20,#21,#22);
#20 = CARTESIAN_POINT('',(0.,0.,0.));
#21 = DIRECTION('',(0.,0.,1.));
#22 = DIRECTION('',(1.,0.,-0.));
#23 = AXIS2_PLACEMENT_3D('',#24,#25,#26);
#24 = CARTESIAN_POINT('',(0.,0.,0.));
#25 = DIRECTION('',(0.,0.,1.));
#26 = DIRECTION('',(1.,0.,-0.));
#27 = AXIS2_PLACEMENT_3D('',#28,#29,#30);
#28 = CARTESIAN_POINT('',(0.,0.,0.));
#29 = DIRECTION('',(0.,0.,1.));
#30 = DIRECTION('',(1.,0.,-0.));
#31 = ( GEOMETRIC_REPRESENTATION_CONTEXT(3) 
GLOBAL_UNCERTAINTY_ASSIGNED_CONTEXT((#35)) GLOBAL_UNIT_ASSIGNED_CONTEXT(
(#32,#33,#34)) REPRESENTATION_CONTEXT('Context #1',
  '3D Context with UNIT and UNCERTAINTY') );
#32 = ( LENGTH_UNIT() NAMED_UNIT(*) SI_UNIT(.MILLI.,.METRE.) );
#33 = ( NAMED_UNIT(*) PLANE_ANGLE_UNIT() SI_UNIT($,.RADIAN.) );
#34 = ( NAMED_UNIT(*) SI_UNIT($,.STERADIAN.) SOLID_ANGLE_UNIT() );
#35 = UNCERTAINTY_MEASURE_WITH_UNIT(LENGTH_MEASURE(1.E-07),#32,
  'distance_accuracy_value','confusion accuracy');
#36 = PRODUCT_RELATED_PRODUCT_CATEGORY('part',$,(#7));
#37 = SHAPE_DEFINITION_REPRESENTATION(#38,#44);
#38 = PRODUCT_DEFINITION_SHAPE('','',#39);
#39 = PRODUCT_DEFINITION('design','',#40,#43);
#40 = PRODUCT_DEFINITION_FORMATION('','',#41);
#41 = PRODUCT('Board','Board','',(#42));
#42 = PRODUCT_CONTEXT('',#2,'mechanical');
#43 = PRODUCT_DEFINITION_CONTEXT('part definition',#2,'design');
#44 = SHAPE_REPRESENTATION('',(#11,#45),#49);
#45 = AXIS2_PLACEMENT_3D('',#46,#47,#48);
#46 = CARTESIAN_POINT('',(0.,0.,-0.41148));
#47 = DIRECTION('',(0.,0.,1.));
#48 = DIRECTION('',(1.,0.,-0.));
#49 = ( GEOMETRIC_REPRESENTATION_CONTEXT(3) 
GLOBAL_UNCERTAINTY_ASSIGNED_CONTEXT((#53)) GLOBAL_UNIT_ASSIGNED_CONTEXT(
(#50,#51,#52)) REPRESENTATION_CONTEXT('Context #1',
  '3D Context with UNIT and UNCERTAINTY') );
#50 = ( LENGTH_UNIT() NAMED_UNIT(*) SI_UNIT(.MILLI.,.METRE.) );
#51 = ( NAMED_UNIT(*) PLANE_ANGLE_UNIT() SI_UNIT($,.RADIAN.) );
#52 = ( NAMED_UNIT(*) SI_UNIT($,.STERADIAN.) SOLID_ANGLE_UNIT() );
#53 = UNCERTAINTY_MEASURE_WITH_UNIT(LENGTH_MEASURE(1.E-07),#50,
  'distance_accuracy_value','confusion accuracy');
#54 = ADVANCED_BREP_SHAPE_REPRESENTATION('',(#11,#55),#520);
#55 = MANIFOLD_SOLID_BREP('',#56);
#56 = CLOSED_SHELL('',(#57,#90,#132,#163,#196,#227,#260,#291,#324,#346,
    #386,#417,#448,#470,#495));
#57 = ADVANCED_FACE('',(#58),#85,.T.);
#58 = FACE_BOUND('',#59,.F.);
#59 = EDGE_LOOP('',(#60,#70,#77,#78));
#60 = ORIENTED_EDGE('',*,*,#61,.T.);
#61 = EDGE_CURVE('',#62,#64,#66,.T.);
#62 = VERTEX_POINT('',#63);
#63 = CARTESIAN_POINT('',(45.,22.5,0.));
#64 = VERTEX_POINT('',#65);
#65 = CARTESIAN_POINT('',(45.,22.5,0.41148));
#66 = LINE('',#67,#68);
#67 = CARTESIAN_POINT('',(45.,22.5,0.));
#68 = VECTOR('',#69,1.);
#69 = DIRECTION('',(0.,0.,1.));
#70 = ORIENTED_EDGE('',*,*,#71,.T.);
#71 = EDGE_CURVE('',#64,#64,#72,.T.);
#72 = CIRCLE('',#73,22.5);
#73 = AXIS2_PLACEMENT_3D('',#74,#75,#76);
#74 = CARTESIAN_POINT('',(22.5,22.5,0.41148));
#75 = DIRECTION('',(0.,0.,1.));
#76 = DIRECTION('',(1.,0.,-0.));
#77 = ORIENTED_EDGE('',*,*,#61,.F.);
#78 = ORIENTED_EDGE('',*,*,#79,.F.);
#79 = EDGE_CURVE('',#62,#62,#80,.T.);
#80 = CIRCLE('',#81,22.5);
#81 = AXIS2_PLACEMENT_3D('',#82,#83,#84);
#82 = CARTESIAN_POINT('',(22.5,22.5,0.));
#83 = DIRECTION('',(0.,0.,1.));
#84 = DIRECTION('',(1.,0.,-0.));
#85 = CYLINDRICAL_SURFACE('',#86,22.5);
#86 = AXIS2_PLACEMENT_3D('',#87,#88,#89);
#87 = CARTESIAN_POINT('',(22.5,22.5,0.));
#88 = DIRECTION('',(-0.,-0.,-1.));
#89 = DIRECTION('',(1.,0.,-0.));
#90 = ADVANCED_FACE('',(#91),#127,.F.);
#91 = FACE_BOUND('',#92,.T.);
#92 = EDGE_LOOP('',(#93,#103,#112,#120));
#93 = ORIENTED_EDGE('',*,*,#94,.T.);
#94 = EDGE_CURVE('',#95,#97,#99,.T.);
#95 = VERTEX_POINT('',#96);
#96 = CARTESIAN_POINT('',(22.025,25.025,0.));
#97 = VERTEX_POINT('',#98);
#98 = CARTESIAN_POINT('',(22.025,25.025,0.41148));
#99 = LINE('',#100,#101);
#100 = CARTESIAN_POINT('',(22.025,25.025,0.));
#101 = VECTOR('',#102,1.);
#102 = DIRECTION('',(0.,0.,1.));
#103 = ORIENTED_EDGE('',*,*,#104,.T.);
#104 = EDGE_CURVE('',#97,#105,#107,.T.);
#105 = VERTEX_POINT('',#106);
#106 = CARTESIAN_POINT('',(19.5,22.5,0.41148));
#107 = CIRCLE('',#108,2.526519595468);
#108 = AXIS2_PLACEMENT_3D('',#109,#110,#111);
#109 = CARTESIAN_POINT('',(22.026519138756,22.498480861244,0.41148));
#110 = DIRECTION('',(0.,0.,1.));
#111 = DIRECTION('',(-6.012772506123E-04,0.999999819233,0.));
#112 = ORIENTED_EDGE('',*,*,#113,.F.);
#113 = EDGE_CURVE('',#114,#105,#116,.T.);
#114 = VERTEX_POINT('',#115);
#115 = CARTESIAN_POINT('',(19.5,22.5,0.));
#116 = LINE('',#117,#118);
#117 = CARTESIAN_POINT('',(19.5,22.5,0.));
#118 = VECTOR('',#119,1.);
#119 = DIRECTION('',(0.,0.,1.));
#120 = ORIENTED_EDGE('',*,*,#121,.F.);
#121 = EDGE_CURVE('',#95,#114,#122,.T.);
#122 = CIRCLE('',#123,2.526519595468);
#123 = AXIS2_PLACEMENT_3D('',#124,#125,#126);
#124 = CARTESIAN_POINT('',(22.026519138756,22.498480861244,0.));
#125 = DIRECTION('',(0.,0.,1.));
#126 = DIRECTION('',(-6.012772506123E-04,0.999999819233,0.));
#127 = CYLINDRICAL_SURFACE('',#128,2.526519595468);
#128 = AXIS2_PLACEMENT_3D('',#129,#130,#131);
#129 = CARTESIAN_POINT('',(22.026519138756,22.498480861244,0.));
#130 = DIRECTION('',(-0.,-0.,-1.));
#131 = DIRECTION('',(-6.012772506123E-04,0.999999819233,0.));
#132 = ADVANCED_FACE('',(#133),#158,.T.);
#133 = FACE_BOUND('',#134,.T.);
#134 = EDGE_LOOP('',(#135,#145,#151,#152));
#135 = ORIENTED_EDGE('',*,*,#136,.T.);
#136 = EDGE_CURVE('',#137,#139,#141,.T.);
#137 = VERTEX_POINT('',#138);
#138 = CARTESIAN_POINT('',(22.975,25.025,0.));
#139 = VERTEX_POINT('',#140);
#140 = CARTESIAN_POINT('',(22.975,25.025,0.41148));
#141 = LINE('',#142,#143);
#142 = CARTESIAN_POINT('',(22.975,25.025,0.));
#143 = VECTOR('',#144,1.);
#144 = DIRECTION('',(0.,0.,1.));
#145 = ORIENTED_EDGE('',*,*,#146,.T.);
#146 = EDGE_CURVE('',#139,#97,#147,.T.);
#147 = LINE('',#148,#149);
#148 = CARTESIAN_POINT('',(22.975,25.025,0.41148));
#149 = VECTOR('',#150,1.);
#150 = DIRECTION('',(-1.,0.,0.));
#151 = ORIENTED_EDGE('',*,*,#94,.F.);
#152 = ORIENTED_EDGE('',*,*,#153,.F.);
#153 = EDGE_CURVE('',#137,#95,#154,.T.);
#154 = LINE('',#155,#156);
#155 = CARTESIAN_POINT('',(22.975,25.025,0.));
#156 = VECTOR('',#157,1.);
#157 = DIRECTION('',(-1.,0.,0.));
#158 = PLANE('',#159);
#159 = AXIS2_PLACEMENT_3D('',#160,#161,#162);
#160 = CARTESIAN_POINT('',(22.975,25.025,0.));
#161 = DIRECTION('',(0.,-1.,0.));
#162 = DIRECTION('',(-1.,0.,0.));
#163 = ADVANCED_FACE('',(#164),#191,.F.);
#164 = FACE_BOUND('',#165,.T.);
#165 = EDGE_LOOP('',(#166,#176,#183,#184));
#166 = ORIENTED_EDGE('',*,*,#167,.T.);
#167 = EDGE_CURVE('',#168,#170,#172,.T.);
#168 = VERTEX_POINT('',#169);
#169 = CARTESIAN_POINT('',(25.5,22.5,0.));
#170 = VERTEX_POINT('',#171);
#171 = CARTESIAN_POINT('',(25.5,22.5,0.41148));
#172 = LINE('',#173,#174);
#173 = CARTESIAN_POINT('',(25.5,22.5,0.));
#174 = VECTOR('',#175,1.);
#175 = DIRECTION('',(0.,0.,1.));
#176 = ORIENTED_EDGE('',*,*,#177,.T.);
#177 = EDGE_CURVE('',#170,#139,#178,.T.);
#178 = CIRCLE('',#179,2.526519595468);
#179 = AXIS2_PLACEMENT_3D('',#180,#181,#182);
#180 = CARTESIAN_POINT('',(22.973480861244,22.498480861244,0.41148));
#181 = DIRECTION('',(0.,0.,1.));
#182 = DIRECTION('',(0.999999819233,6.012772506123E-04,-0.));
#183 = ORIENTED_EDGE('',*,*,#136,.F.);
#184 = ORIENTED_EDGE('',*,*,#185,.F.);
#185 = EDGE_CURVE('',#168,#137,#186,.T.);
#186 = CIRCLE('',#187,2.526519595468);
#187 = AXIS2_PLACEMENT_3D('',#188,#189,#190);
#188 = CARTESIAN_POINT('',(22.973480861244,22.498480861244,0.));
#189 = DIRECTION('',(0.,0.,1.));
#190 = DIRECTION('',(0.999999819233,6.012772506123E-04,-0.));
#191 = CYLINDRICAL_SURFACE('',#192,2.526519595468);
#192 = AXIS2_PLACEMENT_3D('',#193,#194,#195);
#193 = CARTESIAN_POINT('',(22.973480861244,22.498480861244,0.));
#194 = DIRECTION('',(-0.,-0.,-1.));
#195 = DIRECTION('',(0.999999819233,6.012772506123E-04,-0.));
#196 = ADVANCED_FACE('',(#197),#222,.T.);
#197 = FACE_BOUND('',#198,.T.);
#198 = EDGE_LOOP('',(#199,#209,#215,#216));
#199 = ORIENTED_EDGE('',*,*,#200,.T.);
#200 = EDGE_CURVE('',#201,#203,#205,.T.);
#201 = VERTEX_POINT('',#202);
#202 = CARTESIAN_POINT('',(25.5,20.5,0.));
#203 = VERTEX_POINT('',#204);
#204 = CARTESIAN_POINT('',(25.5,20.5,0.41148));
#205 = LINE('',#206,#207);
#206 = CARTESIAN_POINT('',(25.5,20.5,0.));
#207 = VECTOR('',#208,1.);
#208 = DIRECTION('',(0.,0.,1.));
#209 = ORIENTED_EDGE('',*,*,#210,.T.);
#210 = EDGE_CURVE('',#203,#170,#211,.T.);
#211 = LINE('',#212,#213);
#212 = CARTESIAN_POINT('',(25.5,20.5,0.41148));
#213 = VECTOR('',#214,1.);
#214 = DIRECTION('',(0.,1.,0.));
#215 = ORIENTED_EDGE('',*,*,#167,.F.);
#216 = ORIENTED_EDGE('',*,*,#217,.F.);
#217 = EDGE_CURVE('',#201,#168,#218,.T.);
#218 = LINE('',#219,#220);
#219 = CARTESIAN_POINT('',(25.5,20.5,0.));
#220 = VECTOR('',#221,1.);
#221 = DIRECTION('',(0.,1.,0.));
#222 = PLANE('',#223);
#223 = AXIS2_PLACEMENT_3D('',#224,#225,#226);
#224 = CARTESIAN_POINT('',(25.5,20.5,0.));
#225 = DIRECTION('',(-1.,0.,0.));
#226 = DIRECTION('',(0.,1.,0.));
#227 = ADVANCED_FACE('',(#228),#255,.F.);
#228 = FACE_BOUND('',#229,.T.);
#229 = EDGE_LOOP('',(#230,#240,#247,#248));
#230 = ORIENTED_EDGE('',*,*,#231,.T.);
#231 = EDGE_CURVE('',#232,#234,#236,.T.);
#232 = VERTEX_POINT('',#233);
#233 = CARTESIAN_POINT('',(24.975,19.975,0.));
#234 = VERTEX_POINT('',#235);
#235 = CARTESIAN_POINT('',(24.975,19.975,0.41148));
#236 = LINE('',#237,#238);
#237 = CARTESIAN_POINT('',(24.975,19.975,0.));
#238 = VECTOR('',#239,1.);
#239 = DIRECTION('',(0.,0.,1.));
#240 = ORIENTED_EDGE('',*,*,#241,.T.);
#241 = EDGE_CURVE('',#234,#203,#242,.T.);
#242 = CIRCLE('',#243,0.525790916553);
#243 = AXIS2_PLACEMENT_3D('',#244,#245,#246);
#244 = CARTESIAN_POINT('',(24.974209677419,20.500790322581,0.41148));
#245 = DIRECTION('',(0.,0.,1.));
#246 = DIRECTION('',(1.503111894421E-03,-0.999998870327,0.));
#247 = ORIENTED_EDGE('',*,*,#200,.F.);
#248 = ORIENTED_EDGE('',*,*,#249,.F.);
#249 = EDGE_CURVE('',#232,#201,#250,.T.);
#250 = CIRCLE('',#251,0.525790916553);
#251 = AXIS2_PLACEMENT_3D('',#252,#253,#254);
#252 = CARTESIAN_POINT('',(24.974209677419,20.500790322581,0.));
#253 = DIRECTION('',(0.,0.,1.));
#254 = DIRECTION('',(1.503111894421E-03,-0.999998870327,0.));
#255 = CYLINDRICAL_SURFACE('',#256,0.525790916553);
#256 = AXIS2_PLACEMENT_3D('',#257,#258,#259);
#257 = CARTESIAN_POINT('',(24.974209677419,20.500790322581,0.));
#258 = DIRECTION('',(-0.,-0.,-1.));
#259 = DIRECTION('',(1.503111894421E-03,-0.999998870327,0.));
#260 = ADVANCED_FACE('',(#261),#286,.T.);
#261 = FACE_BOUND('',#262,.T.);
#262 = EDGE_LOOP('',(#263,#273,#279,#280));
#263 = ORIENTED_EDGE('',*,*,#264,.T.);
#264 = EDGE_CURVE('',#265,#267,#269,.T.);
#265 = VERTEX_POINT('',#266);
#266 = CARTESIAN_POINT('',(20.025,19.975,0.));
#267 = VERTEX_POINT('',#268);
#268 = CARTESIAN_POINT('',(20.025,19.975,0.41148));
#269 = LINE('',#270,#271);
#270 = CARTESIAN_POINT('',(20.025,19.975,0.));
#271 = VECTOR('',#272,1.);
#272 = DIRECTION('',(0.,0.,1.));
#273 = ORIENTED_EDGE('',*,*,#274,.T.);
#274 = EDGE_CURVE('',#267,#234,#275,.T.);
#275 = LINE('',#276,#277);
#276 = CARTESIAN_POINT('',(20.025,19.975,0.41148));
#277 = VECTOR('',#278,1.);
#278 = DIRECTION('',(1.,0.,0.));
#279 = ORIENTED_EDGE('',*,*,#231,.F.);
#280 = ORIENTED_EDGE('',*,*,#281,.F.);
#281 = EDGE_CURVE('',#265,#232,#282,.T.);
#282 = LINE('',#283,#284);
#283 = CARTESIAN_POINT('',(20.025,19.975,0.));
#284 = VECTOR('',#285,1.);
#285 = DIRECTION('',(1.,0.,0.));
#286 = PLANE('',#287);
#287 = AXIS2_PLACEMENT_3D('',#288,#289,#290);
#288 = CARTESIAN_POINT('',(20.025,19.975,0.));
#289 = DIRECTION('',(0.,1.,0.));
#290 = DIRECTION('',(1.,0.,0.));
#291 = ADVANCED_FACE('',(#292),#319,.F.);
#292 = FACE_BOUND('',#293,.T.);
#293 = EDGE_LOOP('',(#294,#304,#311,#312));
#294 = ORIENTED_EDGE('',*,*,#295,.T.);
#295 = EDGE_CURVE('',#296,#298,#300,.T.);
#296 = VERTEX_POINT('',#297);
#297 = CARTESIAN_POINT('',(19.5,20.5,0.));
#298 = VERTEX_POINT('',#299);
#299 = CARTESIAN_POINT('',(19.5,20.5,0.41148));
#300 = LINE('',#301,#302);
#301 = CARTESIAN_POINT('',(19.5,20.5,0.));
#302 = VECTOR('',#303,1.);
#303 = DIRECTION('',(0.,0.,1.));
#304 = ORIENTED_EDGE('',*,*,#305,.T.);
#305 = EDGE_CURVE('',#298,#267,#306,.T.);
#306 = CIRCLE('',#307,0.525790916553);
#307 = AXIS2_PLACEMENT_3D('',#308,#309,#310);
#308 = CARTESIAN_POINT('',(20.025790322581,20.500790322581,0.41148));
#309 = DIRECTION('',(0.,0.,1.));
#310 = DIRECTION('',(-0.999998870327,-1.503111894421E-03,0.));
#311 = ORIENTED_EDGE('',*,*,#264,.F.);
#312 = ORIENTED_EDGE('',*,*,#313,.F.);
#313 = EDGE_CURVE('',#296,#265,#314,.T.);
#314 = CIRCLE('',#315,0.525790916553);
#315 = AXIS2_PLACEMENT_3D('',#316,#317,#318);
#316 = CARTESIAN_POINT('',(20.025790322581,20.500790322581,0.));
#317 = DIRECTION('',(0.,0.,1.));
#318 = DIRECTION('',(-0.999998870327,-1.503111894421E-03,0.));
#319 = CYLINDRICAL_SURFACE('',#320,0.525790916553);
#320 = AXIS2_PLACEMENT_3D('',#321,#322,#323);
#321 = CARTESIAN_POINT('',(20.025790322581,20.500790322581,0.));
#322 = DIRECTION('',(-0.,-0.,-1.));
#323 = DIRECTION('',(-0.999998870327,-1.503111894421E-03,0.));
#324 = ADVANCED_FACE('',(#325),#341,.T.);
#325 = FACE_BOUND('',#326,.T.);
#326 = EDGE_LOOP('',(#327,#328,#334,#335));
#327 = ORIENTED_EDGE('',*,*,#113,.T.);
#328 = ORIENTED_EDGE('',*,*,#329,.T.);
#329 = EDGE_CURVE('',#105,#298,#330,.T.);
#330 = LINE('',#331,#332);
#331 = CARTESIAN_POINT('',(19.5,22.5,0.41148));
#332 = VECTOR('',#333,1.);
#333 = DIRECTION('',(0.,-1.,0.));
#334 = ORIENTED_EDGE('',*,*,#295,.F.);
#335 = ORIENTED_EDGE('',*,*,#336,.F.);
#336 = EDGE_CURVE('',#114,#296,#337,.T.);
#337 = LINE('',#338,#339);
#338 = CARTESIAN_POINT('',(19.5,22.5,0.));
#339 = VECTOR('',#340,1.);
#340 = DIRECTION('',(0.,-1.,0.));
#341 = PLANE('',#342);
#342 = AXIS2_PLACEMENT_3D('',#343,#344,#345);
#343 = CARTESIAN_POINT('',(19.5,22.5,0.));
#344 = DIRECTION('',(1.,0.,-0.));
#345 = DIRECTION('',(0.,-1.,0.));
#346 = ADVANCED_FACE('',(#347),#381,.T.);
#347 = FACE_BOUND('',#348,.T.);
#348 = EDGE_LOOP('',(#349,#359,#367,#375));
#349 = ORIENTED_EDGE('',*,*,#350,.T.);
#350 = EDGE_CURVE('',#351,#353,#355,.T.);
#351 = VERTEX_POINT('',#352);
#352 = CARTESIAN_POINT('',(42.5,25.,0.));
#353 = VERTEX_POINT('',#354);
#354 = CARTESIAN_POINT('',(42.5,25.,0.41148));
#355 = LINE('',#356,#357);
#356 = CARTESIAN_POINT('',(42.5,25.,0.));
#357 = VECTOR('',#358,1.);
#358 = DIRECTION('',(0.,0.,1.));
#359 = ORIENTED_EDGE('',*,*,#360,.T.);
#360 = EDGE_CURVE('',#353,#361,#363,.T.);
#361 = VERTEX_POINT('',#362);
#362 = CARTESIAN_POINT('',(37.5,25.,0.41148));
#363 = LINE('',#364,#365);
#364 = CARTESIAN_POINT('',(42.5,25.,0.41148));
#365 = VECTOR('',#366,1.);
#366 = DIRECTION('',(-1.,0.,0.));
#367 = ORIENTED_EDGE('',*,*,#368,.F.);
#368 = EDGE_CURVE('',#369,#361,#371,.T.);
#369 = VERTEX_POINT('',#370);
#370 = CARTESIAN_POINT('',(37.5,25.,0.));
#371 = LINE('',#372,#373);
#372 = CARTESIAN_POINT('',(37.5,25.,0.));
#373 = VECTOR('',#374,1.);
#374 = DIRECTION('',(0.,0.,1.));
#375 = ORIENTED_EDGE('',*,*,#376,.F.);
#376 = EDGE_CURVE('',#351,#369,#377,.T.);
#377 = LINE('',#378,#379);
#378 = CARTESIAN_POINT('',(42.5,25.,0.));
#379 = VECTOR('',#380,1.);
#380 = DIRECTION('',(-1.,0.,0.));
#381 = PLANE('',#382);
#382 = AXIS2_PLACEMENT_3D('',#383,#384,#385);
#383 = CARTESIAN_POINT('',(42.5,25.,0.));
#384 = DIRECTION('',(0.,-1.,0.));
#385 = DIRECTION('',(-1.,0.,0.));
#386 = ADVANCED_FACE('',(#387),#412,.T.);
#387 = FACE_BOUND('',#388,.T.);
#388 = EDGE_LOOP('',(#389,#399,#405,#406));
#389 = ORIENTED_EDGE('',*,*,#390,.T.);
#390 = EDGE_CURVE('',#391,#393,#395,.T.);
#391 = VERTEX_POINT('',#392);
#392 = CARTESIAN_POINT('',(42.5,20.,0.));
#393 = VERTEX_POINT('',#394);
#394 = CARTESIAN_POINT('',(42.5,20.,0.41148));
#395 = LINE('',#396,#397);
#396 = CARTESIAN_POINT('',(42.5,20.,0.));
#397 = VECTOR('',#398,1.);
#398 = DIRECTION('',(0.,0.,1.));
#399 = ORIENTED_EDGE('',*,*,#400,.T.);
#400 = EDGE_CURVE('',#393,#353,#401,.T.);
#401 = LINE('',#402,#403);
#402 = CARTESIAN_POINT('',(42.5,20.,0.41148));
#403 = VECTOR('',#404,1.);
#404 = DIRECTION('',(0.,1.,0.));
#405 = ORIENTED_EDGE('',*,*,#350,.F.);
#406 = ORIENTED_EDGE('',*,*,#407,.F.);
#407 = EDGE_CURVE('',#391,#351,#408,.T.);
#408 = LINE('',#409,#410);
#409 = CARTESIAN_POINT('',(42.5,20.,0.));
#410 = VECTOR('',#411,1.);
#411 = DIRECTION('',(0.,1.,0.));
#412 = PLANE('',#413);
#413 = AXIS2_PLACEMENT_3D('',#414,#415,#416);
#414 = CARTESIAN_POINT('',(42.5,20.,0.));
#415 = DIRECTION('',(-1.,0.,0.));
#416 = DIRECTION('',(0.,1.,0.));
#417 = ADVANCED_FACE('',(#418),#443,.T.);
#418 = FACE_BOUND('',#419,.T.);
#419 = EDGE_LOOP('',(#420,#430,#436,#437));
#420 = ORIENTED_EDGE('',*,*,#421,.T.);
#421 = EDGE_CURVE('',#422,#424,#426,.T.);
#422 = VERTEX_POINT('',#423);
#423 = CARTESIAN_POINT('',(37.5,20.,0.));
#424 = VERTEX_POINT('',#425);
#425 = CARTESIAN_POINT('',(37.5,20.,0.41148));
#426 = LINE('',#427,#428);
#427 = CARTESIAN_POINT('',(37.5,20.,0.));
#428 = VECTOR('',#429,1.);
#429 = DIRECTION('',(0.,0.,1.));
#430 = ORIENTED_EDGE('',*,*,#431,.T.);
#431 = EDGE_CURVE('',#424,#393,#432,.T.);
#432 = LINE('',#433,#434);
#433 = CARTESIAN_POINT('',(37.5,20.,0.41148));
#434 = VECTOR('',#435,1.);
#435 = DIRECTION('',(1.,0.,0.));
#436 = ORIENTED_EDGE('',*,*,#390,.F.);
#437 = ORIENTED_EDGE('',*,*,#438,.F.);
#438 = EDGE_CURVE('',#422,#391,#439,.T.);
#439 = LINE('',#440,#441);
#440 = CARTESIAN_POINT('',(37.5,20.,0.));
#441 = VECTOR('',#442,1.);
#442 = DIRECTION('',(1.,0.,0.));
#443 = PLANE('',#444);
#444 = AXIS2_PLACEMENT_3D('',#445,#446,#447);
#445 = CARTESIAN_POINT('',(37.5,20.,0.));
#446 = DIRECTION('',(0.,1.,0.));
#447 = DIRECTION('',(1.,0.,0.));
#448 = ADVANCED_FACE('',(#449),#465,.T.);
#449 = FACE_BOUND('',#450,.T.);
#450 = EDGE_LOOP('',(#451,#452,#458,#459));
#451 = ORIENTED_EDGE('',*,*,#368,.T.);
#452 = ORIENTED_EDGE('',*,*,#453,.T.);
#453 = EDGE_CURVE('',#361,#424,#454,.T.);
#454 = LINE('',#455,#456);
#455 = CARTESIAN_POINT('',(37.5,25.,0.41148));
#456 = VECTOR('',#457,1.);
#457 = DIRECTION('',(0.,-1.,0.));
#458 = ORIENTED_EDGE('',*,*,#421,.F.);
#459 = ORIENTED_EDGE('',*,*,#460,.F.);
#460 = EDGE_CURVE('',#369,#422,#461,.T.);
#461 = LINE('',#462,#463);
#462 = CARTESIAN_POINT('',(37.5,25.,0.));
#463 = VECTOR('',#464,1.);
#464 = DIRECTION('',(0.,-1.,0.));
#465 = PLANE('',#466);
#466 = AXIS2_PLACEMENT_3D('',#467,#468,#469);
#467 = CARTESIAN_POINT('',(37.5,25.,0.));
#468 = DIRECTION('',(1.,0.,-0.));
#469 = DIRECTION('',(0.,-1.,0.));
#470 = ADVANCED_FACE('',(#471,#474,#484),#490,.F.);
#471 = FACE_BOUND('',#472,.F.);
#472 = EDGE_LOOP('',(#473));
#473 = ORIENTED_EDGE('',*,*,#79,.T.);
#474 = FACE_BOUND('',#475,.F.);
#475 = EDGE_LOOP('',(#476,#477,#478,#479,#480,#481,#482,#483));
#476 = ORIENTED_EDGE('',*,*,#121,.F.);
#477 = ORIENTED_EDGE('',*,*,#153,.F.);
#478 = ORIENTED_EDGE('',*,*,#185,.F.);
#479 = ORIENTED_EDGE('',*,*,#217,.F.);
#480 = ORIENTED_EDGE('',*,*,#249,.F.);
#481 = ORIENTED_EDGE('',*,*,#281,.F.);
#482 = ORIENTED_EDGE('',*,*,#313,.F.);
#483 = ORIENTED_EDGE('',*,*,#336,.F.);
#484 = FACE_BOUND('',#485,.F.);
#485 = EDGE_LOOP('',(#486,#487,#488,#489));
#486 = ORIENTED_EDGE('',*,*,#376,.F.);
#487 = ORIENTED_EDGE('',*,*,#407,.F.);
#488 = ORIENTED_EDGE('',*,*,#438,.F.);
#489 = ORIENTED_EDGE('',*,*,#460,.F.);
#490 = PLANE('',#491);
#491 = AXIS2_PLACEMENT_3D('',#492,#493,#494);
#492 = CARTESIAN_POINT('',(22.5,22.5,0.));
#493 = DIRECTION('',(0.,0.,1.));
#494 = DIRECTION('',(1.,0.,-0.));
#495 = ADVANCED_FACE('',(#496,#499,#509),#515,.T.);
#496 = FACE_BOUND('',#497,.T.);
#497 = EDGE_LOOP('',(#498));
#498 = ORIENTED_EDGE('',*,*,#71,.T.);
#499 = FACE_BOUND('',#500,.T.);
#500 = EDGE_LOOP('',(#501,#502,#503,#504,#505,#506,#507,#508));
#501 = ORIENTED_EDGE('',*,*,#104,.F.);
#502 = ORIENTED_EDGE('',*,*,#146,.F.);
#503 = ORIENTED_EDGE('',*,*,#177,.F.);
#504 = ORIENTED_EDGE('',*,*,#210,.F.);
#505 = ORIENTED_EDGE('',*,*,#241,.F.);
#506 = ORIENTED_EDGE('',*,*,#274,.F.);
#507 = ORIENTED_EDGE('',*,*,#305,.F.);
#508 = ORIENTED_EDGE('',*,*,#329,.F.);
#509 = FACE_BOUND('',#510,.T.);
#510 = EDGE_LOOP('',(#511,#512,#513,#514));
#511 = ORIENTED_EDGE('',*,*,#360,.F.);
#512 = ORIENTED_EDGE('',*,*,#400,.F.);
#513 = ORIENTED_EDGE('',*,*,#431,.F.);
#514 = ORIENTED_EDGE('',*,*,#453,.F.);
#515 = PLANE('',#516);
#516 = AXIS2_PLACEMENT_3D('',#517,#518,#519);
#517 = CARTESIAN_POINT('',(22.5,22.5,0.41148));
#518 = DIRECTION('',(0.,0.,1.));
#519 = DIRECTION('',(1.,0.,-0.));
#520 = ( GEOMETRIC_REPRESENTATION_CONTEXT(3) 
GLOBAL_UNCERTAINTY_ASSIGNED_CONTEXT((#524)) GLOBAL_UNIT_ASSIGNED_CONTEXT
((#521,#522,#523)) REPRESENTATION_CONTEXT('Context #1',
  '3D Context with UNIT and UNCERTAINTY') );
#521 = ( LENGTH_UNIT() NAMED_UNIT(*) SI_UNIT(.MILLI.,.METRE.) );
#522 = ( NAMED_UNIT(*) PLANE_ANGLE_UNIT() SI_UNIT($,.RADIAN.) );
#523 = ( NAMED_UNIT(*) SI_UNIT($,.STERADIAN.) SOLID_ANGLE_UNIT() );
#524 = UNCERTAINTY_MEASURE_WITH_UNIT(LENGTH_MEASURE(1.E-07),#521,
  'distance_accuracy_value','confusion accuracy');
#525 = SHAPE_DEFINITION_REPRESENTATION(#526,#54);
#526 = PRODUCT_DEFINITION_SHAPE('','',#527);
#527 = PRODUCT_DEFINITION('design','',#528,#531);
#528 = PRODUCT_DEFINITION_FORMATION('','',#529);
#529 = PRODUCT('Open CASCADE STEP translator 7.5 2.1.1',
  'Open CASCADE STEP translator 7.5 2.1.1','',(#530));
#530 = PRODUCT_CONTEXT('',#2,'mechanical');
#531 = PRODUCT_DEFINITION_CONTEXT('part definition',#2,'design');
#532 = CONTEXT_DEPENDENT_SHAPE_REPRESENTATION(#533,#535);
#533 = ( REPRESENTATION_RELATIONSHIP('','',#54,#44) 
REPRESENTATION_RELATIONSHIP_WITH_TRANSFORMATION(#534) 
SHAPE_REPRESENTATION_RELATIONSHIP() );
#534 = ITEM_DEFINED_TRANSFORMATION('','',#11,#45);
#535 = PRODUCT_DEFINITION_SHAPE('Placement','Placement of an item',#536
  );
#536 = NEXT_ASSEMBLY_USAGE_OCCURRENCE('15','','',#39,#527,$);
#537 = PRODUCT_RELATED_PRODUCT_CATEGORY('part',$,(#529));
#538 = CONTEXT_DEPENDENT_SHAPE_REPRESENTATION(#539,#541);
#539 = ( REPRESENTATION_RELATIONSHIP('','',#44,#10) 
REPRESENTATION_RELATIONSHIP_WITH_TRANSFORMATION(#540) 
SHAPE_REPRESENTATION_RELATIONSHIP() );
#540 = ITEM_DEFINED_TRANSFORMATION('','',#11,#15);
#541 = PRODUCT_DEFINITION_SHAPE('Placement','Placement of an item',#542
  );
#542 = NEXT_ASSEMBLY_USAGE_OCCURRENCE('16','','',#5,#39,$);
#543 = PRODUCT_RELATED_PRODUCT_CATEGORY('part',$,(#41));
#544 = SHAPE_DEFINITION_REPRESENTATION(#545,#551);
#545 = PRODUCT_DEFINITION_SHAPE('','',#546);
#546 = PRODUCT_DEFINITION('design','',#547,#550);
#547 = PRODUCT_DEFINITION_FORMATION('','',#548);
#548 = PRODUCT('J1','J1','',(#549));
#549 = PRODUCT_CONTEXT('',#2,'mechanical');
#550 = PRODUCT_DEFINITION_CONTEXT('part definition',#2,'design');
#551 = SHAPE_REPRESENTATION('',(#11,#552),#556);
#552 = AXIS2_PLACEMENT_3D('',#553,#554,#555);
#553 = CARTESIAN_POINT('',(19.003244400024,25.888530731201,
    -0.411480009556));
#554 = DIRECTION('',(0.707106781187,-0.707106781187,-1.810584902262E-08)
  );
#555 = DIRECTION('',(-0.707106781187,-0.707106781187,-6.181724038537E-08
    ));
#556 = ( GEOMETRIC_REPRESENTATION_CONTEXT(3) 
GLOBAL_UNCERTAINTY_ASSIGNED_CONTEXT((#560)) GLOBAL_UNIT_ASSIGNED_CONTEXT
((#557,#558,#559)) REPRESENTATION_CONTEXT('Context #1',
  '3D Context with UNIT and UNCERTAINTY') );
#557 = ( LENGTH_UNIT() NAMED_UNIT(*) SI_UNIT(.MILLI.,.METRE.) );
#558 = ( NAMED_UNIT(*) PLANE_ANGLE_UNIT() SI_UNIT($,.RADIAN.) );
#559 = ( NAMED_UNIT(*) SI_UNIT($,.STERADIAN.) SOLID_ANGLE_UNIT() );
#560 = UNCERTAINTY_MEASURE_WITH_UNIT(LENGTH_MEASURE(1.E-07),#557,
  'distance_accuracy_value','confusion accuracy');
#561 = SHAPE_DEFINITION_REPRESENTATION(#562,#568);
#562 = PRODUCT_DEFINITION_SHAPE('','',#563);
#563 = PRODUCT_DEFINITION('design','',#564,#567);
#564 = PRODUCT_DEFINITION_FORMATION('','',#565);
#565 = PRODUCT('5034800540','5034800540','',(#566));
#566 = PRODUCT_CONTEXT('',#2,'mechanical');
#567 = PRODUCT_DEFINITION_CONTEXT('part definition',#2,'design');
#568 = SHAPE_REPRESENTATION('',(#11,#569,#573),#577);
#569 = AXIS2_PLACEMENT_3D('',#570,#571,#572);
#570 = CARTESIAN_POINT('',(0.,0.,0.));
#571 = DIRECTION('',(0.,0.,1.));
#572 = DIRECTION('',(1.,0.,-0.));
#573 = AXIS2_PLACEMENT_3D('',#574,#575,#576);
#574 = CARTESIAN_POINT('',(0.,0.,0.));
#575 = DIRECTION('',(0.,0.,1.));
#576 = DIRECTION('',(1.,0.,-0.));
#577 = ( GEOMETRIC_REPRESENTATION_CONTEXT(3) 
GLOBAL_UNCERTAINTY_ASSIGNED_CONTEXT((#581)) GLOBAL_UNIT_ASSIGNED_CONTEXT
((#578,#579,#580)) REPRESENTATION_CONTEXT('Context #1',
  '3D Context with UNIT and UNCERTAINTY') );
#578 = ( LENGTH_UNIT() NAMED_UNIT(*) SI_UNIT(.MILLI.,.METRE.) );
#579 = ( NAMED_UNIT(*) PLANE_ANGLE_UNIT() SI_UNIT($,.RADIAN.) );
#580 = ( NAMED_UNIT(*) SI_UNIT($,.STERADIAN.) SOLID_ANGLE_UNIT() );
#581 = UNCERTAINTY_MEASURE_WITH_UNIT(LENGTH_MEASURE(1.E-07),#578,
  'distance_accuracy_value','confusion accuracy');
#582 = ADVANCED_BREP_SHAPE_REPRESENTATION('',(#11,#583),#10412);
#583 = MANIFOLD_SOLID_BREP('',#584);
#584 = CLOSED_SHELL('',(#585,#644,#703,#745,#787,#859,#899,#930,#994,
    #1089,#1120,#1144,#1168,#1192,#1210,#1234,#1265,#1712,#1767,#1871,
    #1895,#1943,#2047,#2059,#2081,#2098,#2115,#2132,#2144,#2193,#2217,
    #2241,#2265,#2289,#2345,#2362,#2379,#2396,#2413,#2430,#2447,#2459,
    #2501,#2763,#2833,#2883,#2924,#2964,#3003,#3027,#3090,#3140,#3181,
    #3221,#3260,#3291,#3322,#3353,#3384,#3408,#3432,#3510,#3532,#3554,
    #3576,#3649,#3666,#3706,#3764,#3803,#3844,#3894,#3925,#3956,#3987,
    #4045,#4075,#4116,#4166,#4381,#4412,#4436,#4460,#4500,#4512,#4586,
    #4617,#4771,#4802,#4826,#4850,#4867,#4879,#4926,#4966,#4990,#5014,
    #5038,#5055,#5083,#5095,#5148,#5172,#5212,#5413,#5437,#5468,#5507,
    #5524,#5555,#5567,#5589,#5616,#5633,#5645,#5664,#5676,#5725,#5783,
    #5808,#5832,#5859,#5876,#5921,#5977,#6040,#6073,#6097,#6121,#6145,
    #6169,#6186,#6294,#6311,#6328,#6345,#6362,#6379,#6403,#6464,#6489,
    #6539,#6563,#6575,#6587,#6604,#6616,#6628,#6647,#6666,#6678,#6690,
    #6725,#6813,#6860,#7025,#7065,#7077,#7099,#7125,#7142,#7288,#7305,
    #7322,#7334,#7392,#7433,#7465,#7496,#7526,#7550,#7601,#7642,#7674,
    #7705,#7735,#7752,#7769,#7786,#7803,#7815,#7832,#7849,#7866,#7878,
    #7895,#7912,#7924,#7941,#7958,#7975,#7987,#7999,#8011,#8069,#8110,
    #8142,#8173,#8203,#8227,#8278,#8319,#8351,#8382,#8412,#8429,#8446,
    #8463,#8480,#8492,#8509,#8526,#8543,#8555,#8572,#8589,#8601,#8618,
    #8635,#8652,#8664,#8676,#8688,#8746,#8787,#8819,#8850,#8880,#8904,
    #8955,#8996,#9028,#9059,#9089,#9106,#9123,#9140,#9157,#9169,#9186,
    #9203,#9220,#9232,#9249,#9266,#9278,#9295,#9312,#9329,#9341,#9353,
    #9365,#9382,#9399,#9411,#9444,#9498,#9510,#9527,#9543,#9615,#9632,
    #9649,#9666,#9683,#9700,#9717,#9729,#9745,#9775,#9815,#9837,#9853,
    #9871,#9883,#9895,#9912,#9929,#9940,#9957,#9974,#9991,#10003,#10020,
    #10037,#10054,#10066,#10083,#10095,#10112,#10124,#10136,#10153,
    #10165,#10182,#10194,#10211,#10223,#10240,#10257,#10274,#10291,
    #10308,#10320,#10332,#10349,#10366,#10383,#10400));
#585 = ADVANCED_FACE('',(#586),#639,.T.);
#586 = FACE_BOUND('',#587,.T.);
#587 = EDGE_LOOP('',(#588,#598,#607,#615,#624,#632));
#588 = ORIENTED_EDGE('',*,*,#589,.F.);
#589 = EDGE_CURVE('',#590,#592,#594,.T.);
#590 = VERTEX_POINT('',#591);
#591 = CARTESIAN_POINT('',(1.55,0.4,-2.77));
#592 = VERTEX_POINT('',#593);
#593 = CARTESIAN_POINT('',(1.89,0.4,-2.77));
#594 = LINE('',#595,#596);
#595 = CARTESIAN_POINT('',(1.55,0.4,-2.77));
#596 = VECTOR('',#597,1.);
#597 = DIRECTION('',(1.,-0.,-0.));
#598 = ORIENTED_EDGE('',*,*,#599,.T.);
#599 = EDGE_CURVE('',#590,#600,#602,.T.);
#600 = VERTEX_POINT('',#601);
#601 = CARTESIAN_POINT('',(1.55,0.535829225725,-2.702227302805));
#602 = CIRCLE('',#603,0.17);
#603 = AXIS2_PLACEMENT_3D('',#604,#605,#606);
#604 = CARTESIAN_POINT('',(1.55,0.4,-2.6));
#605 = DIRECTION('',(1.,0.,0.));
#606 = DIRECTION('',(0.,-8.715574274766E-02,-0.996194698092));
#607 = ORIENTED_EDGE('',*,*,#608,.T.);
#608 = EDGE_CURVE('',#600,#609,#611,.T.);
#609 = VERTEX_POINT('',#610);
#610 = CARTESIAN_POINT('',(1.6,0.535829225725,-2.702227302805));
#611 = LINE('',#612,#613);
#612 = CARTESIAN_POINT('',(1.55,0.535829225725,-2.702227302805));
#613 = VECTOR('',#614,1.);
#614 = DIRECTION('',(1.,0.,0.));
#615 = ORIENTED_EDGE('',*,*,#616,.T.);
#616 = EDGE_CURVE('',#609,#617,#619,.T.);
#617 = VERTEX_POINT('',#618);
#618 = CARTESIAN_POINT('',(1.6,0.456915846983,-2.439810779507));
#619 = CIRCLE('',#620,0.17);
#620 = AXIS2_PLACEMENT_3D('',#621,#622,#623);
#621 = CARTESIAN_POINT('',(1.6,0.4,-2.6));
#622 = DIRECTION('',(1.,0.,0.));
#623 = DIRECTION('',(0.,0.798995445443,-0.601337075326));
#624 = ORIENTED_EDGE('',*,*,#625,.T.);
#625 = EDGE_CURVE('',#617,#626,#628,.T.);
#626 = VERTEX_POINT('',#627);
#627 = CARTESIAN_POINT('',(1.89,0.456915846983,-2.439810779507));
#628 = LINE('',#629,#630);
#629 = CARTESIAN_POINT('',(1.6,0.456915846983,-2.439810779507));
#630 = VECTOR('',#631,1.);
#631 = DIRECTION('',(1.,0.,0.));
#632 = ORIENTED_EDGE('',*,*,#633,.F.);
#633 = EDGE_CURVE('',#592,#626,#634,.T.);
#634 = CIRCLE('',#635,0.17);
#635 = AXIS2_PLACEMENT_3D('',#636,#637,#638);
#636 = CARTESIAN_POINT('',(1.89,0.4,-2.6));
#637 = DIRECTION('',(1.,0.,0.));
#638 = DIRECTION('',(0.,-8.715574274765E-02,-0.996194698092));
#639 = CYLINDRICAL_SURFACE('',#640,0.17);
#640 = AXIS2_PLACEMENT_3D('',#641,#642,#643);
#641 = CARTESIAN_POINT('',(1.55,0.4,-2.6));
#642 = DIRECTION('',(-1.,0.,-0.));
#643 = DIRECTION('',(0.,0.,-1.));
#644 = ADVANCED_FACE('',(#645),#698,.T.);
#645 = FACE_BOUND('',#646,.T.);
#646 = EDGE_LOOP('',(#647,#657,#666,#674,#683,#691));
#647 = ORIENTED_EDGE('',*,*,#648,.F.);
#648 = EDGE_CURVE('',#649,#651,#653,.T.);
#649 = VERTEX_POINT('',#650);
#650 = CARTESIAN_POINT('',(-1.89,0.4,-2.77));
#651 = VERTEX_POINT('',#652);
#652 = CARTESIAN_POINT('',(-1.55,0.4,-2.77));
#653 = LINE('',#654,#655);
#654 = CARTESIAN_POINT('',(-1.55,0.4,-2.77));
#655 = VECTOR('',#656,1.);
#656 = DIRECTION('',(1.,-0.,-0.));
#657 = ORIENTED_EDGE('',*,*,#658,.T.);
#658 = EDGE_CURVE('',#649,#659,#661,.T.);
#659 = VERTEX_POINT('',#660);
#660 = CARTESIAN_POINT('',(-1.89,0.456915846983,-2.439810779507));
#661 = CIRCLE('',#662,0.17);
#662 = AXIS2_PLACEMENT_3D('',#663,#664,#665);
#663 = CARTESIAN_POINT('',(-1.89,0.4,-2.6));
#664 = DIRECTION('',(1.,0.,0.));
#665 = DIRECTION('',(0.,-8.715574274766E-02,-0.996194698092));
#666 = ORIENTED_EDGE('',*,*,#667,.F.);
#667 = EDGE_CURVE('',#668,#659,#670,.T.);
#668 = VERTEX_POINT('',#669);
#669 = CARTESIAN_POINT('',(-1.6,0.456915846983,-2.439810779507));
#670 = LINE('',#671,#672);
#671 = CARTESIAN_POINT('',(-1.6,0.456915846983,-2.439810779507));
#672 = VECTOR('',#673,1.);
#673 = DIRECTION('',(-1.,0.,0.));
#674 = ORIENTED_EDGE('',*,*,#675,.F.);
#675 = EDGE_CURVE('',#676,#668,#678,.T.);
#676 = VERTEX_POINT('',#677);
#677 = CARTESIAN_POINT('',(-1.6,0.535829225725,-2.702227302805));
#678 = CIRCLE('',#679,0.17);
#679 = AXIS2_PLACEMENT_3D('',#680,#681,#682);
#680 = CARTESIAN_POINT('',(-1.6,0.4,-2.6));
#681 = DIRECTION('',(1.,0.,0.));
#682 = DIRECTION('',(0.,0.798995445443,-0.601337075326));
#683 = ORIENTED_EDGE('',*,*,#684,.T.);
#684 = EDGE_CURVE('',#676,#685,#687,.T.);
#685 = VERTEX_POINT('',#686);
#686 = CARTESIAN_POINT('',(-1.55,0.535829225725,-2.702227302805));
#687 = LINE('',#688,#689);
#688 = CARTESIAN_POINT('',(-1.6,0.535829225725,-2.702227302805));
#689 = VECTOR('',#690,1.);
#690 = DIRECTION('',(1.,0.,0.));
#691 = ORIENTED_EDGE('',*,*,#692,.F.);
#692 = EDGE_CURVE('',#651,#685,#693,.T.);
#693 = CIRCLE('',#694,0.17);
#694 = AXIS2_PLACEMENT_3D('',#695,#696,#697);
#695 = CARTESIAN_POINT('',(-1.55,0.4,-2.6));
#696 = DIRECTION('',(1.,0.,0.));
#697 = DIRECTION('',(0.,-8.715574274766E-02,-0.996194698092));
#698 = CYLINDRICAL_SURFACE('',#699,0.17);
#699 = AXIS2_PLACEMENT_3D('',#700,#701,#702);
#700 = CARTESIAN_POINT('',(-1.55,0.4,-2.6));
#701 = DIRECTION('',(-1.,0.,-0.));
#702 = DIRECTION('',(0.,0.,-1.));
#703 = ADVANCED_FACE('',(#704),#740,.T.);
#704 = FACE_BOUND('',#705,.T.);
#705 = EDGE_LOOP('',(#706,#716,#725,#733));
#706 = ORIENTED_EDGE('',*,*,#707,.F.);
#707 = EDGE_CURVE('',#708,#710,#712,.T.);
#708 = VERTEX_POINT('',#709);
#709 = CARTESIAN_POINT('',(1.715,0.77,-3.27));
#710 = VERTEX_POINT('',#711);
#711 = CARTESIAN_POINT('',(1.865,0.77,-3.27));
#712 = LINE('',#713,#714);
#713 = CARTESIAN_POINT('',(1.715,0.77,-3.27));
#714 = VECTOR('',#715,1.);
#715 = DIRECTION('',(1.,-0.,-0.));
#716 = ORIENTED_EDGE('',*,*,#717,.T.);
#717 = EDGE_CURVE('',#708,#718,#720,.T.);
#718 = VERTEX_POINT('',#719);
#719 = CARTESIAN_POINT('',(1.715,0.82,-3.22));
#720 = CIRCLE('',#721,5.E-02);
#721 = AXIS2_PLACEMENT_3D('',#722,#723,#724);
#722 = CARTESIAN_POINT('',(1.715,0.77,-3.22));
#723 = DIRECTION('',(1.,0.,0.));
#724 = DIRECTION('',(0.,-0.945945945946,-0.324324324324));
#725 = ORIENTED_EDGE('',*,*,#726,.T.);
#726 = EDGE_CURVE('',#718,#727,#729,.T.);
#727 = VERTEX_POINT('',#728);
#728 = CARTESIAN_POINT('',(1.865,0.82,-3.22));
#729 = LINE('',#730,#731);
#730 = CARTESIAN_POINT('',(1.715,0.82,-3.22));
#731 = VECTOR('',#732,1.);
#732 = DIRECTION('',(1.,0.,0.));
#733 = ORIENTED_EDGE('',*,*,#734,.F.);
#734 = EDGE_CURVE('',#710,#727,#735,.T.);
#735 = CIRCLE('',#736,5.E-02);
#736 = AXIS2_PLACEMENT_3D('',#737,#738,#739);
#737 = CARTESIAN_POINT('',(1.865,0.77,-3.22));
#738 = DIRECTION('',(1.,0.,0.));
#739 = DIRECTION('',(0.,-0.945945945946,-0.324324324324));
#740 = CYLINDRICAL_SURFACE('',#741,5.E-02);
#741 = AXIS2_PLACEMENT_3D('',#742,#743,#744);
#742 = CARTESIAN_POINT('',(1.715,0.77,-3.22));
#743 = DIRECTION('',(-1.,0.,-0.));
#744 = DIRECTION('',(0.,0.,-1.));
#745 = ADVANCED_FACE('',(#746),#782,.T.);
#746 = FACE_BOUND('',#747,.T.);
#747 = EDGE_LOOP('',(#748,#758,#767,#775));
#748 = ORIENTED_EDGE('',*,*,#749,.F.);
#749 = EDGE_CURVE('',#750,#752,#754,.T.);
#750 = VERTEX_POINT('',#751);
#751 = CARTESIAN_POINT('',(-1.865,0.77,-3.27));
#752 = VERTEX_POINT('',#753);
#753 = CARTESIAN_POINT('',(-1.715,0.77,-3.27));
#754 = LINE('',#755,#756);
#755 = CARTESIAN_POINT('',(-1.715,0.77,-3.27));
#756 = VECTOR('',#757,1.);
#757 = DIRECTION('',(1.,-0.,-0.));
#758 = ORIENTED_EDGE('',*,*,#759,.T.);
#759 = EDGE_CURVE('',#750,#760,#762,.T.);
#760 = VERTEX_POINT('',#761);
#761 = CARTESIAN_POINT('',(-1.865,0.82,-3.22));
#762 = CIRCLE('',#763,5.E-02);
#763 = AXIS2_PLACEMENT_3D('',#764,#765,#766);
#764 = CARTESIAN_POINT('',(-1.865,0.77,-3.22));
#765 = DIRECTION('',(1.,0.,0.));
#766 = DIRECTION('',(0.,-0.945945945946,-0.324324324324));
#767 = ORIENTED_EDGE('',*,*,#768,.F.);
#768 = EDGE_CURVE('',#769,#760,#771,.T.);
#769 = VERTEX_POINT('',#770);
#770 = CARTESIAN_POINT('',(-1.715,0.82,-3.22));
#771 = LINE('',#772,#773);
#772 = CARTESIAN_POINT('',(-1.715,0.82,-3.22));
#773 = VECTOR('',#774,1.);
#774 = DIRECTION('',(-1.,0.,0.));
#775 = ORIENTED_EDGE('',*,*,#776,.F.);
#776 = EDGE_CURVE('',#752,#769,#777,.T.);
#777 = CIRCLE('',#778,5.E-02);
#778 = AXIS2_PLACEMENT_3D('',#779,#780,#781);
#779 = CARTESIAN_POINT('',(-1.715,0.77,-3.22));
#780 = DIRECTION('',(1.,0.,0.));
#781 = DIRECTION('',(0.,-0.945945945946,-0.324324324324));
#782 = CYLINDRICAL_SURFACE('',#783,5.E-02);
#783 = AXIS2_PLACEMENT_3D('',#784,#785,#786);
#784 = CARTESIAN_POINT('',(-1.715,0.77,-3.22));
#785 = DIRECTION('',(-1.,0.,-0.));
#786 = DIRECTION('',(0.,0.,-1.));
#787 = ADVANCED_FACE('',(#788),#854,.F.);
#788 = FACE_BOUND('',#789,.T.);
#789 = EDGE_LOOP('',(#790,#800,#808,#816,#824,#832,#840,#848));
#790 = ORIENTED_EDGE('',*,*,#791,.F.);
#791 = EDGE_CURVE('',#792,#794,#796,.T.);
#792 = VERTEX_POINT('',#793);
#793 = CARTESIAN_POINT('',(-2.1,1.,-0.45));
#794 = VERTEX_POINT('',#795);
#795 = CARTESIAN_POINT('',(-2.1,0.68,-0.45));
#796 = LINE('',#797,#798);
#797 = CARTESIAN_POINT('',(-2.1,1.,-0.45));
#798 = VECTOR('',#799,1.);
#799 = DIRECTION('',(0.,-1.,0.));
#800 = ORIENTED_EDGE('',*,*,#801,.F.);
#801 = EDGE_CURVE('',#802,#792,#804,.T.);
#802 = VERTEX_POINT('',#803);
#803 = CARTESIAN_POINT('',(-2.1,1.,-3.6));
#804 = LINE('',#805,#806);
#805 = CARTESIAN_POINT('',(-2.1,1.,-3.6));
#806 = VECTOR('',#807,1.);
#807 = DIRECTION('',(0.,0.,1.));
#808 = ORIENTED_EDGE('',*,*,#809,.F.);
#809 = EDGE_CURVE('',#810,#802,#812,.T.);
#810 = VERTEX_POINT('',#811);
#811 = CARTESIAN_POINT('',(-2.1,4.E-02,-3.6));
#812 = LINE('',#813,#814);
#813 = CARTESIAN_POINT('',(-2.1,4.E-02,-3.6));
#814 = VECTOR('',#815,1.);
#815 = DIRECTION('',(0.,1.,0.));
#816 = ORIENTED_EDGE('',*,*,#817,.F.);
#817 = EDGE_CURVE('',#818,#810,#820,.T.);
#818 = VERTEX_POINT('',#819);
#819 = CARTESIAN_POINT('',(-2.1,4.E-02,-1.4));
#820 = LINE('',#821,#822);
#821 = CARTESIAN_POINT('',(-2.1,4.E-02,-1.4));
#822 = VECTOR('',#823,1.);
#823 = DIRECTION('',(0.,0.,-1.));
#824 = ORIENTED_EDGE('',*,*,#825,.F.);
#825 = EDGE_CURVE('',#826,#818,#828,.T.);
#826 = VERTEX_POINT('',#827);
#827 = CARTESIAN_POINT('',(-2.1,0.11,-1.33));
#828 = LINE('',#829,#830);
#829 = CARTESIAN_POINT('',(-2.1,0.11,-1.33));
#830 = VECTOR('',#831,1.);
#831 = DIRECTION('',(0.,-0.707106781187,-0.707106781187));
#832 = ORIENTED_EDGE('',*,*,#833,.F.);
#833 = EDGE_CURVE('',#834,#826,#836,.T.);
#834 = VERTEX_POINT('',#835);
#835 = CARTESIAN_POINT('',(-2.1,0.11,-0.978414762495));
#836 = LINE('',#837,#838);
#837 = CARTESIAN_POINT('',(-2.1,0.11,-0.978414762495));
#838 = VECTOR('',#839,1.);
#839 = DIRECTION('',(0.,0.,-1.));
#840 = ORIENTED_EDGE('',*,*,#841,.F.);
#841 = EDGE_CURVE('',#842,#834,#844,.T.);
#842 = VERTEX_POINT('',#843);
#843 = CARTESIAN_POINT('',(-2.1,0.31,-0.978414762495));
#844 = LINE('',#845,#846);
#845 = CARTESIAN_POINT('',(-2.1,0.31,-0.978414762495));
#846 = VECTOR('',#847,1.);
#847 = DIRECTION('',(0.,-1.,0.));
#848 = ORIENTED_EDGE('',*,*,#849,.F.);
#849 = EDGE_CURVE('',#794,#842,#850,.T.);
#850 = LINE('',#851,#852);
#851 = CARTESIAN_POINT('',(-2.1,0.68,-0.45));
#852 = VECTOR('',#853,1.);
#853 = DIRECTION('',(0.,-0.573576436351,-0.819152044289));
#854 = PLANE('',#855);
#855 = AXIS2_PLACEMENT_3D('',#856,#857,#858);
#856 = CARTESIAN_POINT('',(-2.1,0.,0.));
#857 = DIRECTION('',(1.,0.,0.));
#858 = DIRECTION('',(-0.,1.,0.));
#859 = ADVANCED_FACE('',(#860),#894,.F.);
#860 = FACE_BOUND('',#861,.T.);
#861 = EDGE_LOOP('',(#862,#872,#880,#888));
#862 = ORIENTED_EDGE('',*,*,#863,.T.);
#863 = EDGE_CURVE('',#864,#866,#868,.T.);
#864 = VERTEX_POINT('',#865);
#865 = CARTESIAN_POINT('',(-1.715,0.31,-0.978414762495));
#866 = VERTEX_POINT('',#867);
#867 = CARTESIAN_POINT('',(-1.7,0.31,-0.978414762495));
#868 = LINE('',#869,#870);
#869 = CARTESIAN_POINT('',(-1.715,0.31,-0.978414762495));
#870 = VECTOR('',#871,1.);
#871 = DIRECTION('',(1.,0.,0.));
#872 = ORIENTED_EDGE('',*,*,#873,.F.);
#873 = EDGE_CURVE('',#874,#866,#876,.T.);
#874 = VERTEX_POINT('',#875);
#875 = CARTESIAN_POINT('',(-1.7,0.68,-0.45));
#876 = LINE('',#877,#878);
#877 = CARTESIAN_POINT('',(-1.7,0.68,-0.45));
#878 = VECTOR('',#879,1.);
#879 = DIRECTION('',(0.,-0.573576436351,-0.819152044289));
#880 = ORIENTED_EDGE('',*,*,#881,.F.);
#881 = EDGE_CURVE('',#882,#874,#884,.T.);
#882 = VERTEX_POINT('',#883);
#883 = CARTESIAN_POINT('',(-1.715,0.68,-0.45));
#884 = LINE('',#885,#886);
#885 = CARTESIAN_POINT('',(-1.715,0.68,-0.45));
#886 = VECTOR('',#887,1.);
#887 = DIRECTION('',(1.,0.,0.));
#888 = ORIENTED_EDGE('',*,*,#889,.T.);
#889 = EDGE_CURVE('',#882,#864,#890,.T.);
#890 = LINE('',#891,#892);
#891 = CARTESIAN_POINT('',(-1.715,0.68,-0.45));
#892 = VECTOR('',#893,1.);
#893 = DIRECTION('',(0.,-0.573576436351,-0.819152044289));
#894 = PLANE('',#895);
#895 = AXIS2_PLACEMENT_3D('',#896,#897,#898);
#896 = CARTESIAN_POINT('',(-2.1,0.68,-0.45));
#897 = DIRECTION('',(0.,0.819152044289,-0.573576436351));
#898 = DIRECTION('',(-1.,0.,0.));
#899 = ADVANCED_FACE('',(#900),#925,.F.);
#900 = FACE_BOUND('',#901,.T.);
#901 = EDGE_LOOP('',(#902,#910,#911,#919));
#902 = ORIENTED_EDGE('',*,*,#903,.F.);
#903 = EDGE_CURVE('',#794,#904,#906,.T.);
#904 = VERTEX_POINT('',#905);
#905 = CARTESIAN_POINT('',(-1.865,0.68,-0.45));
#906 = LINE('',#907,#908);
#907 = CARTESIAN_POINT('',(-2.1,0.68,-0.45));
#908 = VECTOR('',#909,1.);
#909 = DIRECTION('',(1.,0.,0.));
#910 = ORIENTED_EDGE('',*,*,#849,.T.);
#911 = ORIENTED_EDGE('',*,*,#912,.T.);
#912 = EDGE_CURVE('',#842,#913,#915,.T.);
#913 = VERTEX_POINT('',#914);
#914 = CARTESIAN_POINT('',(-1.865,0.31,-0.978414762495));
#915 = LINE('',#916,#917);
#916 = CARTESIAN_POINT('',(-2.1,0.31,-0.978414762495));
#917 = VECTOR('',#918,1.);
#918 = DIRECTION('',(1.,0.,0.));
#919 = ORIENTED_EDGE('',*,*,#920,.F.);
#920 = EDGE_CURVE('',#904,#913,#921,.T.);
#921 = LINE('',#922,#923);
#922 = CARTESIAN_POINT('',(-1.865,0.68,-0.45));
#923 = VECTOR('',#924,1.);
#924 = DIRECTION('',(0.,-0.573576436351,-0.819152044289));
#925 = PLANE('',#926);
#926 = AXIS2_PLACEMENT_3D('',#927,#928,#929);
#927 = CARTESIAN_POINT('',(-2.1,0.68,-0.45));
#928 = DIRECTION('',(0.,0.819152044289,-0.573576436351));
#929 = DIRECTION('',(-1.,0.,0.));
#930 = ADVANCED_FACE('',(#931),#989,.T.);
#931 = FACE_BOUND('',#932,.T.);
#932 = EDGE_LOOP('',(#933,#943,#951,#959,#966,#967,#975,#983));
#933 = ORIENTED_EDGE('',*,*,#934,.T.);
#934 = EDGE_CURVE('',#935,#937,#939,.T.);
#935 = VERTEX_POINT('',#936);
#936 = CARTESIAN_POINT('',(-1.715,0.26,-2.31));
#937 = VERTEX_POINT('',#938);
#938 = CARTESIAN_POINT('',(-1.715,0.58,-2.31));
#939 = LINE('',#940,#941);
#940 = CARTESIAN_POINT('',(-1.715,0.26,-2.31));
#941 = VECTOR('',#942,1.);
#942 = DIRECTION('',(0.,1.,0.));
#943 = ORIENTED_EDGE('',*,*,#944,.T.);
#944 = EDGE_CURVE('',#937,#945,#947,.T.);
#945 = VERTEX_POINT('',#946);
#946 = CARTESIAN_POINT('',(-1.715,0.58,-2.82));
#947 = LINE('',#948,#949);
#948 = CARTESIAN_POINT('',(-1.715,0.58,-2.31));
#949 = VECTOR('',#950,1.);
#950 = DIRECTION('',(0.,0.,-1.));
#951 = ORIENTED_EDGE('',*,*,#952,.T.);
#952 = EDGE_CURVE('',#945,#953,#955,.T.);
#953 = VERTEX_POINT('',#954);
#954 = CARTESIAN_POINT('',(-1.715,0.722702702703,-3.236216216216));
#955 = LINE('',#956,#957);
#956 = CARTESIAN_POINT('',(-1.715,0.58,-2.82));
#957 = VECTOR('',#958,1.);
#958 = DIRECTION('',(0.,0.324324324324,-0.945945945946));
#959 = ORIENTED_EDGE('',*,*,#960,.T.);
#960 = EDGE_CURVE('',#953,#752,#961,.T.);
#961 = CIRCLE('',#962,5.E-02);
#962 = AXIS2_PLACEMENT_3D('',#963,#964,#965);
#963 = CARTESIAN_POINT('',(-1.715,0.77,-3.22));
#964 = DIRECTION('',(1.,0.,0.));
#965 = DIRECTION('',(0.,-0.945945945946,-0.324324324324));
#966 = ORIENTED_EDGE('',*,*,#776,.T.);
#967 = ORIENTED_EDGE('',*,*,#968,.T.);
#968 = EDGE_CURVE('',#769,#969,#971,.T.);
#969 = VERTEX_POINT('',#970);
#970 = CARTESIAN_POINT('',(-1.715,0.82,-1.9));
#971 = LINE('',#972,#973);
#972 = CARTESIAN_POINT('',(-1.715,0.82,-3.22));
#973 = VECTOR('',#974,1.);
#974 = DIRECTION('',(0.,0.,1.));
#975 = ORIENTED_EDGE('',*,*,#976,.F.);
#976 = EDGE_CURVE('',#977,#969,#979,.T.);
#977 = VERTEX_POINT('',#978);
#978 = CARTESIAN_POINT('',(-1.715,0.26,-1.9));
#979 = LINE('',#980,#981);
#980 = CARTESIAN_POINT('',(-1.715,0.26,-1.9));
#981 = VECTOR('',#982,1.);
#982 = DIRECTION('',(0.,1.,0.));
#983 = ORIENTED_EDGE('',*,*,#984,.T.);
#984 = EDGE_CURVE('',#977,#935,#985,.T.);
#985 = LINE('',#986,#987);
#986 = CARTESIAN_POINT('',(-1.715,0.26,-1.9));
#987 = VECTOR('',#988,1.);
#988 = DIRECTION('',(0.,0.,-1.));
#989 = PLANE('',#990);
#990 = AXIS2_PLACEMENT_3D('',#991,#992,#993);
#991 = CARTESIAN_POINT('',(-1.715,0.,0.));
#992 = DIRECTION('',(1.,0.,0.));
#993 = DIRECTION('',(-0.,1.,0.));
#994 = ADVANCED_FACE('',(#995),#1084,.T.);
#995 = FACE_BOUND('',#996,.T.);
#996 = EDGE_LOOP('',(#997,#1007,#1015,#1023,#1031,#1039,#1047,#1055,
    #1063,#1069,#1070,#1078));
#997 = ORIENTED_EDGE('',*,*,#998,.T.);
#998 = EDGE_CURVE('',#999,#1001,#1003,.T.);
#999 = VERTEX_POINT('',#1000);
#1000 = CARTESIAN_POINT('',(-1.715,0.82,-0.25));
#1001 = VERTEX_POINT('',#1002);
#1002 = CARTESIAN_POINT('',(-1.715,0.47,-0.25));
#1003 = LINE('',#1004,#1005);
#1004 = CARTESIAN_POINT('',(-1.715,0.82,-0.25));
#1005 = VECTOR('',#1006,1.);
#1006 = DIRECTION('',(0.,-1.,0.));
#1007 = ORIENTED_EDGE('',*,*,#1008,.T.);
#1008 = EDGE_CURVE('',#1001,#1009,#1011,.T.);
#1009 = VERTEX_POINT('',#1010);
#1010 = CARTESIAN_POINT('',(-1.715,0.47,-0.2));
#1011 = LINE('',#1012,#1013);
#1012 = CARTESIAN_POINT('',(-1.715,0.47,-0.25));
#1013 = VECTOR('',#1014,1.);
#1014 = DIRECTION('',(0.,0.,1.));
#1015 = ORIENTED_EDGE('',*,*,#1016,.T.);
#1016 = EDGE_CURVE('',#1009,#1017,#1019,.T.);
#1017 = VERTEX_POINT('',#1018);
#1018 = CARTESIAN_POINT('',(-1.715,0.27,-0.2));
#1019 = LINE('',#1020,#1021);
#1020 = CARTESIAN_POINT('',(-1.715,0.47,-0.2));
#1021 = VECTOR('',#1022,1.);
#1022 = DIRECTION('',(0.,-1.,0.));
#1023 = ORIENTED_EDGE('',*,*,#1024,.T.);
#1024 = EDGE_CURVE('',#1017,#1025,#1027,.T.);
#1025 = VERTEX_POINT('',#1026);
#1026 = CARTESIAN_POINT('',(-1.715,0.27,-0.25));
#1027 = LINE('',#1028,#1029);
#1028 = CARTESIAN_POINT('',(-1.715,0.27,-0.2));
#1029 = VECTOR('',#1030,1.);
#1030 = DIRECTION('',(0.,0.,-1.));
#1031 = ORIENTED_EDGE('',*,*,#1032,.T.);
#1032 = EDGE_CURVE('',#1025,#1033,#1035,.T.);
#1033 = VERTEX_POINT('',#1034);
#1034 = CARTESIAN_POINT('',(-1.715,-2.E-02,-0.25));
#1035 = LINE('',#1036,#1037);
#1036 = CARTESIAN_POINT('',(-1.715,0.27,-0.25));
#1037 = VECTOR('',#1038,1.);
#1038 = DIRECTION('',(0.,-1.,0.));
#1039 = ORIENTED_EDGE('',*,*,#1040,.T.);
#1040 = EDGE_CURVE('',#1033,#1041,#1043,.T.);
#1041 = VERTEX_POINT('',#1042);
#1042 = CARTESIAN_POINT('',(-1.715,-2.E-02,-1.05));
#1043 = LINE('',#1044,#1045);
#1044 = CARTESIAN_POINT('',(-1.715,-2.E-02,-0.25));
#1045 = VECTOR('',#1046,1.);
#1046 = DIRECTION('',(0.,0.,-1.));
#1047 = ORIENTED_EDGE('',*,*,#1048,.T.);
#1048 = EDGE_CURVE('',#1041,#1049,#1051,.T.);
#1049 = VERTEX_POINT('',#1050);
#1050 = CARTESIAN_POINT('',(-1.715,0.11,-1.05));
#1051 = LINE('',#1052,#1053);
#1052 = CARTESIAN_POINT('',(-1.715,-2.E-02,-1.05));
#1053 = VECTOR('',#1054,1.);
#1054 = DIRECTION('',(0.,1.,0.));
#1055 = ORIENTED_EDGE('',*,*,#1056,.T.);
#1056 = EDGE_CURVE('',#1049,#1057,#1059,.T.);
#1057 = VERTEX_POINT('',#1058);
#1058 = CARTESIAN_POINT('',(-1.715,0.11,-0.978414762495));
#1059 = LINE('',#1060,#1061);
#1060 = CARTESIAN_POINT('',(-1.715,0.11,-1.05));
#1061 = VECTOR('',#1062,1.);
#1062 = DIRECTION('',(0.,0.,1.));
#1063 = ORIENTED_EDGE('',*,*,#1064,.F.);
#1064 = EDGE_CURVE('',#864,#1057,#1065,.T.);
#1065 = LINE('',#1066,#1067);
#1066 = CARTESIAN_POINT('',(-1.715,0.31,-0.978414762495));
#1067 = VECTOR('',#1068,1.);
#1068 = DIRECTION('',(0.,-1.,0.));
#1069 = ORIENTED_EDGE('',*,*,#889,.F.);
#1070 = ORIENTED_EDGE('',*,*,#1071,.T.);
#1071 = EDGE_CURVE('',#882,#1072,#1074,.T.);
#1072 = VERTEX_POINT('',#1073);
#1073 = CARTESIAN_POINT('',(-1.715,0.82,-0.45));
#1074 = LINE('',#1075,#1076);
#1075 = CARTESIAN_POINT('',(-1.715,0.68,-0.45));
#1076 = VECTOR('',#1077,1.);
#1077 = DIRECTION('',(0.,1.,0.));
#1078 = ORIENTED_EDGE('',*,*,#1079,.T.);
#1079 = EDGE_CURVE('',#1072,#999,#1080,.T.);
#1080 = LINE('',#1081,#1082);
#1081 = CARTESIAN_POINT('',(-1.715,0.82,-0.45));
#1082 = VECTOR('',#1083,1.);
#1083 = DIRECTION('',(0.,0.,1.));
#1084 = PLANE('',#1085);
#1085 = AXIS2_PLACEMENT_3D('',#1086,#1087,#1088);
#1086 = CARTESIAN_POINT('',(-1.715,0.,0.));
#1087 = DIRECTION('',(1.,0.,0.));
#1088 = DIRECTION('',(-0.,1.,0.));
#1089 = ADVANCED_FACE('',(#1090),#1115,.F.);
#1090 = FACE_BOUND('',#1091,.T.);
#1091 = EDGE_LOOP('',(#1092,#1100,#1108,#1114));
#1092 = ORIENTED_EDGE('',*,*,#1093,.T.);
#1093 = EDGE_CURVE('',#977,#1094,#1096,.T.);
#1094 = VERTEX_POINT('',#1095);
#1095 = CARTESIAN_POINT('',(-1.865,0.26,-1.9));
#1096 = LINE('',#1097,#1098);
#1097 = CARTESIAN_POINT('',(-1.715,0.26,-1.9));
#1098 = VECTOR('',#1099,1.);
#1099 = DIRECTION('',(-1.,0.,0.));
#1100 = ORIENTED_EDGE('',*,*,#1101,.T.);
#1101 = EDGE_CURVE('',#1094,#1102,#1104,.T.);
#1102 = VERTEX_POINT('',#1103);
#1103 = CARTESIAN_POINT('',(-1.865,0.26,-2.31));
#1104 = LINE('',#1105,#1106);
#1105 = CARTESIAN_POINT('',(-1.865,0.26,-1.9));
#1106 = VECTOR('',#1107,1.);
#1107 = DIRECTION('',(0.,0.,-1.));
#1108 = ORIENTED_EDGE('',*,*,#1109,.F.);
#1109 = EDGE_CURVE('',#935,#1102,#1110,.T.);
#1110 = LINE('',#1111,#1112);
#1111 = CARTESIAN_POINT('',(-1.715,0.26,-2.31));
#1112 = VECTOR('',#1113,1.);
#1113 = DIRECTION('',(-1.,0.,0.));
#1114 = ORIENTED_EDGE('',*,*,#984,.F.);
#1115 = PLANE('',#1116);
#1116 = AXIS2_PLACEMENT_3D('',#1117,#1118,#1119);
#1117 = CARTESIAN_POINT('',(-1.715,0.26,-1.05));
#1118 = DIRECTION('',(-0.,1.,0.));
#1119 = DIRECTION('',(1.,0.,0.));
#1120 = ADVANCED_FACE('',(#1121),#1139,.F.);
#1121 = FACE_BOUND('',#1122,.T.);
#1122 = EDGE_LOOP('',(#1123,#1124,#1132,#1138));
#1123 = ORIENTED_EDGE('',*,*,#1109,.T.);
#1124 = ORIENTED_EDGE('',*,*,#1125,.T.);
#1125 = EDGE_CURVE('',#1102,#1126,#1128,.T.);
#1126 = VERTEX_POINT('',#1127);
#1127 = CARTESIAN_POINT('',(-1.865,0.58,-2.31));
#1128 = LINE('',#1129,#1130);
#1129 = CARTESIAN_POINT('',(-1.865,0.26,-2.31));
#1130 = VECTOR('',#1131,1.);
#1131 = DIRECTION('',(0.,1.,0.));
#1132 = ORIENTED_EDGE('',*,*,#1133,.F.);
#1133 = EDGE_CURVE('',#937,#1126,#1134,.T.);
#1134 = LINE('',#1135,#1136);
#1135 = CARTESIAN_POINT('',(-1.715,0.58,-2.31));
#1136 = VECTOR('',#1137,1.);
#1137 = DIRECTION('',(-1.,0.,0.));
#1138 = ORIENTED_EDGE('',*,*,#934,.F.);
#1139 = PLANE('',#1140);
#1140 = AXIS2_PLACEMENT_3D('',#1141,#1142,#1143);
#1141 = CARTESIAN_POINT('',(-1.715,0.26,-2.31));
#1142 = DIRECTION('',(0.,0.,1.));
#1143 = DIRECTION('',(1.,0.,-0.));
#1144 = ADVANCED_FACE('',(#1145),#1163,.F.);
#1145 = FACE_BOUND('',#1146,.T.);
#1146 = EDGE_LOOP('',(#1147,#1148,#1156,#1162));
#1147 = ORIENTED_EDGE('',*,*,#1133,.T.);
#1148 = ORIENTED_EDGE('',*,*,#1149,.T.);
#1149 = EDGE_CURVE('',#1126,#1150,#1152,.T.);
#1150 = VERTEX_POINT('',#1151);
#1151 = CARTESIAN_POINT('',(-1.865,0.58,-2.82));
#1152 = LINE('',#1153,#1154);
#1153 = CARTESIAN_POINT('',(-1.865,0.58,-2.31));
#1154 = VECTOR('',#1155,1.);
#1155 = DIRECTION('',(0.,0.,-1.));
#1156 = ORIENTED_EDGE('',*,*,#1157,.F.);
#1157 = EDGE_CURVE('',#945,#1150,#1158,.T.);
#1158 = LINE('',#1159,#1160);
#1159 = CARTESIAN_POINT('',(-1.715,0.58,-2.82));
#1160 = VECTOR('',#1161,1.);
#1161 = DIRECTION('',(-1.,0.,0.));
#1162 = ORIENTED_EDGE('',*,*,#944,.F.);
#1163 = PLANE('',#1164);
#1164 = AXIS2_PLACEMENT_3D('',#1165,#1166,#1167);
#1165 = CARTESIAN_POINT('',(-1.715,0.58,-2.31));
#1166 = DIRECTION('',(-0.,1.,0.));
#1167 = DIRECTION('',(1.,0.,0.));
#1168 = ADVANCED_FACE('',(#1169),#1187,.F.);
#1169 = FACE_BOUND('',#1170,.T.);
#1170 = EDGE_LOOP('',(#1171,#1172,#1180,#1186));
#1171 = ORIENTED_EDGE('',*,*,#1157,.T.);
#1172 = ORIENTED_EDGE('',*,*,#1173,.T.);
#1173 = EDGE_CURVE('',#1150,#1174,#1176,.T.);
#1174 = VERTEX_POINT('',#1175);
#1175 = CARTESIAN_POINT('',(-1.865,0.722702702703,-3.236216216216));
#1176 = LINE('',#1177,#1178);
#1177 = CARTESIAN_POINT('',(-1.865,0.58,-2.82));
#1178 = VECTOR('',#1179,1.);
#1179 = DIRECTION('',(0.,0.324324324324,-0.945945945946));
#1180 = ORIENTED_EDGE('',*,*,#1181,.F.);
#1181 = EDGE_CURVE('',#953,#1174,#1182,.T.);
#1182 = LINE('',#1183,#1184);
#1183 = CARTESIAN_POINT('',(-1.715,0.722702702703,-3.236216216216));
#1184 = VECTOR('',#1185,1.);
#1185 = DIRECTION('',(-1.,0.,0.));
#1186 = ORIENTED_EDGE('',*,*,#952,.F.);
#1187 = PLANE('',#1188);
#1188 = AXIS2_PLACEMENT_3D('',#1189,#1190,#1191);
#1189 = CARTESIAN_POINT('',(-1.715,0.58,-2.82));
#1190 = DIRECTION('',(0.,0.945945945946,0.324324324324));
#1191 = DIRECTION('',(1.,0.,-0.));
#1192 = ADVANCED_FACE('',(#1193),#1205,.T.);
#1193 = FACE_BOUND('',#1194,.T.);
#1194 = EDGE_LOOP('',(#1195,#1196,#1197,#1198));
#1195 = ORIENTED_EDGE('',*,*,#749,.T.);
#1196 = ORIENTED_EDGE('',*,*,#960,.F.);
#1197 = ORIENTED_EDGE('',*,*,#1181,.T.);
#1198 = ORIENTED_EDGE('',*,*,#1199,.T.);
#1199 = EDGE_CURVE('',#1174,#750,#1200,.T.);
#1200 = CIRCLE('',#1201,5.E-02);
#1201 = AXIS2_PLACEMENT_3D('',#1202,#1203,#1204);
#1202 = CARTESIAN_POINT('',(-1.865,0.77,-3.22));
#1203 = DIRECTION('',(1.,0.,0.));
#1204 = DIRECTION('',(0.,-0.945945945946,-0.324324324324));
#1205 = CYLINDRICAL_SURFACE('',#1206,5.E-02);
#1206 = AXIS2_PLACEMENT_3D('',#1207,#1208,#1209);
#1207 = CARTESIAN_POINT('',(-1.715,0.77,-3.22));
#1208 = DIRECTION('',(-1.,0.,-0.));
#1209 = DIRECTION('',(0.,0.,-1.));
#1210 = ADVANCED_FACE('',(#1211),#1229,.F.);
#1211 = FACE_BOUND('',#1212,.T.);
#1212 = EDGE_LOOP('',(#1213,#1214,#1222,#1228));
#1213 = ORIENTED_EDGE('',*,*,#768,.T.);
#1214 = ORIENTED_EDGE('',*,*,#1215,.T.);
#1215 = EDGE_CURVE('',#760,#1216,#1218,.T.);
#1216 = VERTEX_POINT('',#1217);
#1217 = CARTESIAN_POINT('',(-1.865,0.82,-1.9));
#1218 = LINE('',#1219,#1220);
#1219 = CARTESIAN_POINT('',(-1.865,0.82,-3.22));
#1220 = VECTOR('',#1221,1.);
#1221 = DIRECTION('',(0.,0.,1.));
#1222 = ORIENTED_EDGE('',*,*,#1223,.F.);
#1223 = EDGE_CURVE('',#969,#1216,#1224,.T.);
#1224 = LINE('',#1225,#1226);
#1225 = CARTESIAN_POINT('',(-1.715,0.82,-1.9));
#1226 = VECTOR('',#1227,1.);
#1227 = DIRECTION('',(-1.,0.,0.));
#1228 = ORIENTED_EDGE('',*,*,#968,.F.);
#1229 = PLANE('',#1230);
#1230 = AXIS2_PLACEMENT_3D('',#1231,#1232,#1233);
#1231 = CARTESIAN_POINT('',(-1.715,0.82,-3.22));
#1232 = DIRECTION('',(0.,-1.,0.));
#1233 = DIRECTION('',(0.,0.,-1.));
#1234 = ADVANCED_FACE('',(#1235),#1260,.F.);
#1235 = FACE_BOUND('',#1236,.T.);
#1236 = EDGE_LOOP('',(#1237,#1245,#1253,#1259));
#1237 = ORIENTED_EDGE('',*,*,#1238,.T.);
#1238 = EDGE_CURVE('',#1072,#1239,#1241,.T.);
#1239 = VERTEX_POINT('',#1240);
#1240 = CARTESIAN_POINT('',(-1.865,0.82,-0.45));
#1241 = LINE('',#1242,#1243);
#1242 = CARTESIAN_POINT('',(-1.715,0.82,-0.45));
#1243 = VECTOR('',#1244,1.);
#1244 = DIRECTION('',(-1.,0.,0.));
#1245 = ORIENTED_EDGE('',*,*,#1246,.T.);
#1246 = EDGE_CURVE('',#1239,#1247,#1249,.T.);
#1247 = VERTEX_POINT('',#1248);
#1248 = CARTESIAN_POINT('',(-1.865,0.82,-0.25));
#1249 = LINE('',#1250,#1251);
#1250 = CARTESIAN_POINT('',(-1.865,0.82,-0.45));
#1251 = VECTOR('',#1252,1.);
#1252 = DIRECTION('',(0.,0.,1.));
#1253 = ORIENTED_EDGE('',*,*,#1254,.F.);
#1254 = EDGE_CURVE('',#999,#1247,#1255,.T.);
#1255 = LINE('',#1256,#1257);
#1256 = CARTESIAN_POINT('',(-1.715,0.82,-0.25));
#1257 = VECTOR('',#1258,1.);
#1258 = DIRECTION('',(-1.,0.,0.));
#1259 = ORIENTED_EDGE('',*,*,#1079,.F.);
#1260 = PLANE('',#1261);
#1261 = AXIS2_PLACEMENT_3D('',#1262,#1263,#1264);
#1262 = CARTESIAN_POINT('',(-1.715,0.82,-3.22));
#1263 = DIRECTION('',(0.,-1.,0.));
#1264 = DIRECTION('',(0.,0.,-1.));
#1265 = ADVANCED_FACE('',(#1266,#1492,#1503,#1537,#1571,#1605,#1639,
    #1673),#1707,.F.);
#1266 = FACE_BOUND('',#1267,.T.);
#1267 = EDGE_LOOP('',(#1268,#1278,#1286,#1294,#1302,#1310,#1318,#1326,
    #1334,#1342,#1350,#1358,#1366,#1374,#1382,#1390,#1398,#1406,#1414,
    #1422,#1430,#1438,#1446,#1454,#1462,#1470,#1478,#1486));
#1268 = ORIENTED_EDGE('',*,*,#1269,.F.);
#1269 = EDGE_CURVE('',#1270,#1272,#1274,.T.);
#1270 = VERTEX_POINT('',#1271);
#1271 = CARTESIAN_POINT('',(-1.89,0.25,-1.9));
#1272 = VERTEX_POINT('',#1273);
#1273 = CARTESIAN_POINT('',(-1.075,0.25,-1.9));
#1274 = LINE('',#1275,#1276);
#1275 = CARTESIAN_POINT('',(-1.89,0.25,-1.9));
#1276 = VECTOR('',#1277,1.);
#1277 = DIRECTION('',(1.,0.,0.));
#1278 = ORIENTED_EDGE('',*,*,#1279,.T.);
#1279 = EDGE_CURVE('',#1270,#1280,#1282,.T.);
#1280 = VERTEX_POINT('',#1281);
#1281 = CARTESIAN_POINT('',(-1.89,0.83,-1.9));
#1282 = LINE('',#1283,#1284);
#1283 = CARTESIAN_POINT('',(-1.89,0.25,-1.9));
#1284 = VECTOR('',#1285,1.);
#1285 = DIRECTION('',(0.,1.,0.));
#1286 = ORIENTED_EDGE('',*,*,#1287,.T.);
#1287 = EDGE_CURVE('',#1280,#1288,#1290,.T.);
#1288 = VERTEX_POINT('',#1289);
#1289 = CARTESIAN_POINT('',(-1.6,0.83,-1.9));
#1290 = LINE('',#1291,#1292);
#1291 = CARTESIAN_POINT('',(-1.89,0.83,-1.9));
#1292 = VECTOR('',#1293,1.);
#1293 = DIRECTION('',(1.,0.,0.));
#1294 = ORIENTED_EDGE('',*,*,#1295,.F.);
#1295 = EDGE_CURVE('',#1296,#1288,#1298,.T.);
#1296 = VERTEX_POINT('',#1297);
#1297 = CARTESIAN_POINT('',(-1.6,1.,-1.9));
#1298 = LINE('',#1299,#1300);
#1299 = CARTESIAN_POINT('',(-1.6,1.,-1.9));
#1300 = VECTOR('',#1301,1.);
#1301 = DIRECTION('',(0.,-1.,0.));
#1302 = ORIENTED_EDGE('',*,*,#1303,.T.);
#1303 = EDGE_CURVE('',#1296,#1304,#1306,.T.);
#1304 = VERTEX_POINT('',#1305);
#1305 = CARTESIAN_POINT('',(1.6,1.,-1.9));
#1306 = LINE('',#1307,#1308);
#1307 = CARTESIAN_POINT('',(-1.6,1.,-1.9));
#1308 = VECTOR('',#1309,1.);
#1309 = DIRECTION('',(1.,0.,0.));
#1310 = ORIENTED_EDGE('',*,*,#1311,.T.);
#1311 = EDGE_CURVE('',#1304,#1312,#1314,.T.);
#1312 = VERTEX_POINT('',#1313);
#1313 = CARTESIAN_POINT('',(1.6,0.83,-1.9));
#1314 = LINE('',#1315,#1316);
#1315 = CARTESIAN_POINT('',(1.6,1.,-1.9));
#1316 = VECTOR('',#1317,1.);
#1317 = DIRECTION('',(0.,-1.,0.));
#1318 = ORIENTED_EDGE('',*,*,#1319,.T.);
#1319 = EDGE_CURVE('',#1312,#1320,#1322,.T.);
#1320 = VERTEX_POINT('',#1321);
#1321 = CARTESIAN_POINT('',(1.89,0.83,-1.9));
#1322 = LINE('',#1323,#1324);
#1323 = CARTESIAN_POINT('',(1.6,0.83,-1.9));
#1324 = VECTOR('',#1325,1.);
#1325 = DIRECTION('',(1.,0.,0.));
#1326 = ORIENTED_EDGE('',*,*,#1327,.T.);
#1327 = EDGE_CURVE('',#1320,#1328,#1330,.T.);
#1328 = VERTEX_POINT('',#1329);
#1329 = CARTESIAN_POINT('',(1.89,0.25,-1.9));
#1330 = LINE('',#1331,#1332);
#1331 = CARTESIAN_POINT('',(1.89,0.83,-1.9));
#1332 = VECTOR('',#1333,1.);
#1333 = DIRECTION('',(0.,-1.,0.));
#1334 = ORIENTED_EDGE('',*,*,#1335,.F.);
#1335 = EDGE_CURVE('',#1336,#1328,#1338,.T.);
#1336 = VERTEX_POINT('',#1337);
#1337 = CARTESIAN_POINT('',(1.075,0.25,-1.9));
#1338 = LINE('',#1339,#1340);
#1339 = CARTESIAN_POINT('',(1.075,0.25,-1.9));
#1340 = VECTOR('',#1341,1.);
#1341 = DIRECTION('',(1.,0.,0.));
#1342 = ORIENTED_EDGE('',*,*,#1343,.T.);
#1343 = EDGE_CURVE('',#1336,#1344,#1346,.T.);
#1344 = VERTEX_POINT('',#1345);
#1345 = CARTESIAN_POINT('',(1.075,0.27,-1.9));
#1346 = LINE('',#1347,#1348);
#1347 = CARTESIAN_POINT('',(1.075,0.25,-1.9));
#1348 = VECTOR('',#1349,1.);
#1349 = DIRECTION('',(0.,1.,0.));
#1350 = ORIENTED_EDGE('',*,*,#1351,.F.);
#1351 = EDGE_CURVE('',#1352,#1344,#1354,.T.);
#1352 = VERTEX_POINT('',#1353);
#1353 = CARTESIAN_POINT('',(0.925,0.27,-1.9));
#1354 = LINE('',#1355,#1356);
#1355 = CARTESIAN_POINT('',(0.925,0.27,-1.9));
#1356 = VECTOR('',#1357,1.);
#1357 = DIRECTION('',(1.,0.,0.));
#1358 = ORIENTED_EDGE('',*,*,#1359,.F.);
#1359 = EDGE_CURVE('',#1360,#1352,#1362,.T.);
#1360 = VERTEX_POINT('',#1361);
#1361 = CARTESIAN_POINT('',(0.925,0.25,-1.9));
#1362 = LINE('',#1363,#1364);
#1363 = CARTESIAN_POINT('',(0.925,0.25,-1.9));
#1364 = VECTOR('',#1365,1.);
#1365 = DIRECTION('',(0.,1.,0.));
#1366 = ORIENTED_EDGE('',*,*,#1367,.F.);
#1367 = EDGE_CURVE('',#1368,#1360,#1370,.T.);
#1368 = VERTEX_POINT('',#1369);
#1369 = CARTESIAN_POINT('',(0.575,0.25,-1.9));
#1370 = LINE('',#1371,#1372);
#1371 = CARTESIAN_POINT('',(0.575,0.25,-1.9));
#1372 = VECTOR('',#1373,1.);
#1373 = DIRECTION('',(1.,0.,0.));
#1374 = ORIENTED_EDGE('',*,*,#1375,.T.);
#1375 = EDGE_CURVE('',#1368,#1376,#1378,.T.);
#1376 = VERTEX_POINT('',#1377);
#1377 = CARTESIAN_POINT('',(0.575,0.27,-1.9));
#1378 = LINE('',#1379,#1380);
#1379 = CARTESIAN_POINT('',(0.575,0.25,-1.9));
#1380 = VECTOR('',#1381,1.);
#1381 = DIRECTION('',(-1.110223024625E-14,1.,0.));
#1382 = ORIENTED_EDGE('',*,*,#1383,.F.);
#1383 = EDGE_CURVE('',#1384,#1376,#1386,.T.);
#1384 = VERTEX_POINT('',#1385);
#1385 = CARTESIAN_POINT('',(0.425,0.27,-1.9));
#1386 = LINE('',#1387,#1388);
#1387 = CARTESIAN_POINT('',(0.425,0.27,-1.9));
#1388 = VECTOR('',#1389,1.);
#1389 = DIRECTION('',(1.,0.,0.));
#1390 = ORIENTED_EDGE('',*,*,#1391,.F.);
#1391 = EDGE_CURVE('',#1392,#1384,#1394,.T.);
#1392 = VERTEX_POINT('',#1393);
#1393 = CARTESIAN_POINT('',(0.425,0.25,-1.9));
#1394 = LINE('',#1395,#1396);
#1395 = CARTESIAN_POINT('',(0.425,0.25,-1.9));
#1396 = VECTOR('',#1397,1.);
#1397 = DIRECTION('',(0.,1.,0.));
#1398 = ORIENTED_EDGE('',*,*,#1399,.F.);
#1399 = EDGE_CURVE('',#1400,#1392,#1402,.T.);
#1400 = VERTEX_POINT('',#1401);
#1401 = CARTESIAN_POINT('',(7.5E-02,0.25,-1.9));
#1402 = LINE('',#1403,#1404);
#1403 = CARTESIAN_POINT('',(7.5E-02,0.25,-1.9));
#1404 = VECTOR('',#1405,1.);
#1405 = DIRECTION('',(1.,0.,0.));
#1406 = ORIENTED_EDGE('',*,*,#1407,.T.);
#1407 = EDGE_CURVE('',#1400,#1408,#1410,.T.);
#1408 = VERTEX_POINT('',#1409);
#1409 = CARTESIAN_POINT('',(7.5E-02,0.27,-1.9));
#1410 = LINE('',#1411,#1412);
#1411 = CARTESIAN_POINT('',(7.5E-02,0.25,-1.9));
#1412 = VECTOR('',#1413,1.);
#1413 = DIRECTION('',(0.,1.,0.));
#1414 = ORIENTED_EDGE('',*,*,#1415,.F.);
#1415 = EDGE_CURVE('',#1416,#1408,#1418,.T.);
#1416 = VERTEX_POINT('',#1417);
#1417 = CARTESIAN_POINT('',(-7.5E-02,0.27,-1.9));
#1418 = LINE('',#1419,#1420);
#1419 = CARTESIAN_POINT('',(-7.5E-02,0.27,-1.9));
#1420 = VECTOR('',#1421,1.);
#1421 = DIRECTION('',(1.,0.,0.));
#1422 = ORIENTED_EDGE('',*,*,#1423,.F.);
#1423 = EDGE_CURVE('',#1424,#1416,#1426,.T.);
#1424 = VERTEX_POINT('',#1425);
#1425 = CARTESIAN_POINT('',(-7.5E-02,0.25,-1.9));
#1426 = LINE('',#1427,#1428);
#1427 = CARTESIAN_POINT('',(-7.5E-02,0.25,-1.9));
#1428 = VECTOR('',#1429,1.);
#1429 = DIRECTION('',(0.,1.,0.));
#1430 = ORIENTED_EDGE('',*,*,#1431,.F.);
#1431 = EDGE_CURVE('',#1432,#1424,#1434,.T.);
#1432 = VERTEX_POINT('',#1433);
#1433 = CARTESIAN_POINT('',(-0.425,0.25,-1.9));
#1434 = LINE('',#1435,#1436);
#1435 = CARTESIAN_POINT('',(-0.425,0.25,-1.9));
#1436 = VECTOR('',#1437,1.);
#1437 = DIRECTION('',(1.,0.,0.));
#1438 = ORIENTED_EDGE('',*,*,#1439,.T.);
#1439 = EDGE_CURVE('',#1432,#1440,#1442,.T.);
#1440 = VERTEX_POINT('',#1441);
#1441 = CARTESIAN_POINT('',(-0.425,0.27,-1.9));
#1442 = LINE('',#1443,#1444);
#1443 = CARTESIAN_POINT('',(-0.425,0.25,-1.9));
#1444 = VECTOR('',#1445,1.);
#1445 = DIRECTION('',(0.,1.,0.));
#1446 = ORIENTED_EDGE('',*,*,#1447,.F.);
#1447 = EDGE_CURVE('',#1448,#1440,#1450,.T.);
#1448 = VERTEX_POINT('',#1449);
#1449 = CARTESIAN_POINT('',(-0.575,0.27,-1.9));
#1450 = LINE('',#1451,#1452);
#1451 = CARTESIAN_POINT('',(-0.575,0.27,-1.9));
#1452 = VECTOR('',#1453,1.);
#1453 = DIRECTION('',(1.,0.,0.));
#1454 = ORIENTED_EDGE('',*,*,#1455,.F.);
#1455 = EDGE_CURVE('',#1456,#1448,#1458,.T.);
#1456 = VERTEX_POINT('',#1457);
#1457 = CARTESIAN_POINT('',(-0.575,0.25,-1.9));
#1458 = LINE('',#1459,#1460);
#1459 = CARTESIAN_POINT('',(-0.575,0.25,-1.9));
#1460 = VECTOR('',#1461,1.);
#1461 = DIRECTION('',(0.,1.,0.));
#1462 = ORIENTED_EDGE('',*,*,#1463,.F.);
#1463 = EDGE_CURVE('',#1464,#1456,#1466,.T.);
#1464 = VERTEX_POINT('',#1465);
#1465 = CARTESIAN_POINT('',(-0.925,0.25,-1.9));
#1466 = LINE('',#1467,#1468);
#1467 = CARTESIAN_POINT('',(-0.925,0.25,-1.9));
#1468 = VECTOR('',#1469,1.);
#1469 = DIRECTION('',(1.,0.,0.));
#1470 = ORIENTED_EDGE('',*,*,#1471,.T.);
#1471 = EDGE_CURVE('',#1464,#1472,#1474,.T.);
#1472 = VERTEX_POINT('',#1473);
#1473 = CARTESIAN_POINT('',(-0.925,0.27,-1.9));
#1474 = LINE('',#1475,#1476);
#1475 = CARTESIAN_POINT('',(-0.925,0.25,-1.9));
#1476 = VECTOR('',#1477,1.);
#1477 = DIRECTION('',(0.,1.,0.));
#1478 = ORIENTED_EDGE('',*,*,#1479,.F.);
#1479 = EDGE_CURVE('',#1480,#1472,#1482,.T.);
#1480 = VERTEX_POINT('',#1481);
#1481 = CARTESIAN_POINT('',(-1.075,0.27,-1.9));
#1482 = LINE('',#1483,#1484);
#1483 = CARTESIAN_POINT('',(-1.075,0.27,-1.9));
#1484 = VECTOR('',#1485,1.);
#1485 = DIRECTION('',(1.,0.,0.));
#1486 = ORIENTED_EDGE('',*,*,#1487,.F.);
#1487 = EDGE_CURVE('',#1272,#1480,#1488,.T.);
#1488 = LINE('',#1489,#1490);
#1489 = CARTESIAN_POINT('',(-1.075,0.25,-1.9));
#1490 = VECTOR('',#1491,1.);
#1491 = DIRECTION('',(0.,1.,0.));
#1492 = FACE_BOUND('',#1493,.T.);
#1493 = EDGE_LOOP('',(#1494,#1495,#1501,#1502));
#1494 = ORIENTED_EDGE('',*,*,#1223,.T.);
#1495 = ORIENTED_EDGE('',*,*,#1496,.F.);
#1496 = EDGE_CURVE('',#1094,#1216,#1497,.T.);
#1497 = LINE('',#1498,#1499);
#1498 = CARTESIAN_POINT('',(-1.865,0.26,-1.9));
#1499 = VECTOR('',#1500,1.);
#1500 = DIRECTION('',(0.,1.,0.));
#1501 = ORIENTED_EDGE('',*,*,#1093,.F.);
#1502 = ORIENTED_EDGE('',*,*,#976,.T.);
#1503 = FACE_BOUND('',#1504,.T.);
#1504 = EDGE_LOOP('',(#1505,#1515,#1523,#1531));
#1505 = ORIENTED_EDGE('',*,*,#1506,.T.);
#1506 = EDGE_CURVE('',#1507,#1509,#1511,.T.);
#1507 = VERTEX_POINT('',#1508);
#1508 = CARTESIAN_POINT('',(0.925,0.7,-1.9));
#1509 = VERTEX_POINT('',#1510);
#1510 = CARTESIAN_POINT('',(1.075,0.7,-1.9));
#1511 = LINE('',#1512,#1513);
#1512 = CARTESIAN_POINT('',(0.925,0.7,-1.9));
#1513 = VECTOR('',#1514,1.);
#1514 = DIRECTION('',(1.,0.,0.));
#1515 = ORIENTED_EDGE('',*,*,#1516,.T.);
#1516 = EDGE_CURVE('',#1509,#1517,#1519,.T.);
#1517 = VERTEX_POINT('',#1518);
#1518 = CARTESIAN_POINT('',(1.075,0.88,-1.9));
#1519 = LINE('',#1520,#1521);
#1520 = CARTESIAN_POINT('',(1.075,0.7,-1.9));
#1521 = VECTOR('',#1522,1.);
#1522 = DIRECTION('',(0.,1.,0.));
#1523 = ORIENTED_EDGE('',*,*,#1524,.F.);
#1524 = EDGE_CURVE('',#1525,#1517,#1527,.T.);
#1525 = VERTEX_POINT('',#1526);
#1526 = CARTESIAN_POINT('',(0.925,0.88,-1.9));
#1527 = LINE('',#1528,#1529);
#1528 = CARTESIAN_POINT('',(0.925,0.88,-1.9));
#1529 = VECTOR('',#1530,1.);
#1530 = DIRECTION('',(1.,0.,0.));
#1531 = ORIENTED_EDGE('',*,*,#1532,.F.);
#1532 = EDGE_CURVE('',#1507,#1525,#1533,.T.);
#1533 = LINE('',#1534,#1535);
#1534 = CARTESIAN_POINT('',(0.925,0.7,-1.9));
#1535 = VECTOR('',#1536,1.);
#1536 = DIRECTION('',(0.,1.,0.));
#1537 = FACE_BOUND('',#1538,.T.);
#1538 = EDGE_LOOP('',(#1539,#1549,#1557,#1565));
#1539 = ORIENTED_EDGE('',*,*,#1540,.T.);
#1540 = EDGE_CURVE('',#1541,#1543,#1545,.T.);
#1541 = VERTEX_POINT('',#1542);
#1542 = CARTESIAN_POINT('',(0.425,0.7,-1.9));
#1543 = VERTEX_POINT('',#1544);
#1544 = CARTESIAN_POINT('',(0.575,0.7,-1.9));
#1545 = LINE('',#1546,#1547);
#1546 = CARTESIAN_POINT('',(0.425,0.7,-1.9));
#1547 = VECTOR('',#1548,1.);
#1548 = DIRECTION('',(1.,0.,0.));
#1549 = ORIENTED_EDGE('',*,*,#1550,.T.);
#1550 = EDGE_CURVE('',#1543,#1551,#1553,.T.);
#1551 = VERTEX_POINT('',#1552);
#1552 = CARTESIAN_POINT('',(0.575,0.88,-1.9));
#1553 = LINE('',#1554,#1555);
#1554 = CARTESIAN_POINT('',(0.575,0.7,-1.9));
#1555 = VECTOR('',#1556,1.);
#1556 = DIRECTION('',(0.,1.,0.));
#1557 = ORIENTED_EDGE('',*,*,#1558,.F.);
#1558 = EDGE_CURVE('',#1559,#1551,#1561,.T.);
#1559 = VERTEX_POINT('',#1560);
#1560 = CARTESIAN_POINT('',(0.425,0.88,-1.9));
#1561 = LINE('',#1562,#1563);
#1562 = CARTESIAN_POINT('',(0.425,0.88,-1.9));
#1563 = VECTOR('',#1564,1.);
#1564 = DIRECTION('',(1.,0.,0.));
#1565 = ORIENTED_EDGE('',*,*,#1566,.F.);
#1566 = EDGE_CURVE('',#1541,#1559,#1567,.T.);
#1567 = LINE('',#1568,#1569);
#1568 = CARTESIAN_POINT('',(0.425,0.7,-1.9));
#1569 = VECTOR('',#1570,1.);
#1570 = DIRECTION('',(0.,1.,0.));
#1571 = FACE_BOUND('',#1572,.T.);
#1572 = EDGE_LOOP('',(#1573,#1583,#1591,#1599));
#1573 = ORIENTED_EDGE('',*,*,#1574,.T.);
#1574 = EDGE_CURVE('',#1575,#1577,#1579,.T.);
#1575 = VERTEX_POINT('',#1576);
#1576 = CARTESIAN_POINT('',(-7.5E-02,0.7,-1.9));
#1577 = VERTEX_POINT('',#1578);
#1578 = CARTESIAN_POINT('',(7.5E-02,0.7,-1.9));
#1579 = LINE('',#1580,#1581);
#1580 = CARTESIAN_POINT('',(-7.5E-02,0.7,-1.9));
#1581 = VECTOR('',#1582,1.);
#1582 = DIRECTION('',(1.,0.,0.));
#1583 = ORIENTED_EDGE('',*,*,#1584,.T.);
#1584 = EDGE_CURVE('',#1577,#1585,#1587,.T.);
#1585 = VERTEX_POINT('',#1586);
#1586 = CARTESIAN_POINT('',(7.5E-02,0.88,-1.9));
#1587 = LINE('',#1588,#1589);
#1588 = CARTESIAN_POINT('',(7.5E-02,0.7,-1.9));
#1589 = VECTOR('',#1590,1.);
#1590 = DIRECTION('',(0.,1.,0.));
#1591 = ORIENTED_EDGE('',*,*,#1592,.F.);
#1592 = EDGE_CURVE('',#1593,#1585,#1595,.T.);
#1593 = VERTEX_POINT('',#1594);
#1594 = CARTESIAN_POINT('',(-7.5E-02,0.88,-1.9));
#1595 = LINE('',#1596,#1597);
#1596 = CARTESIAN_POINT('',(-7.5E-02,0.88,-1.9));
#1597 = VECTOR('',#1598,1.);
#1598 = DIRECTION('',(1.,0.,0.));
#1599 = ORIENTED_EDGE('',*,*,#1600,.F.);
#1600 = EDGE_CURVE('',#1575,#1593,#1601,.T.);
#1601 = LINE('',#1602,#1603);
#1602 = CARTESIAN_POINT('',(-7.5E-02,0.7,-1.9));
#1603 = VECTOR('',#1604,1.);
#1604 = DIRECTION('',(0.,1.,0.));
#1605 = FACE_BOUND('',#1606,.T.);
#1606 = EDGE_LOOP('',(#1607,#1617,#1625,#1633));
#1607 = ORIENTED_EDGE('',*,*,#1608,.T.);
#1608 = EDGE_CURVE('',#1609,#1611,#1613,.T.);
#1609 = VERTEX_POINT('',#1610);
#1610 = CARTESIAN_POINT('',(-0.575,0.7,-1.9));
#1611 = VERTEX_POINT('',#1612);
#1612 = CARTESIAN_POINT('',(-0.425,0.7,-1.9));
#1613 = LINE('',#1614,#1615);
#1614 = CARTESIAN_POINT('',(-0.575,0.7,-1.9));
#1615 = VECTOR('',#1616,1.);
#1616 = DIRECTION('',(1.,0.,0.));
#1617 = ORIENTED_EDGE('',*,*,#1618,.T.);
#1618 = EDGE_CURVE('',#1611,#1619,#1621,.T.);
#1619 = VERTEX_POINT('',#1620);
#1620 = CARTESIAN_POINT('',(-0.425,0.88,-1.9));
#1621 = LINE('',#1622,#1623);
#1622 = CARTESIAN_POINT('',(-0.425,0.7,-1.9));
#1623 = VECTOR('',#1624,1.);
#1624 = DIRECTION('',(0.,1.,0.));
#1625 = ORIENTED_EDGE('',*,*,#1626,.F.);
#1626 = EDGE_CURVE('',#1627,#1619,#1629,.T.);
#1627 = VERTEX_POINT('',#1628);
#1628 = CARTESIAN_POINT('',(-0.575,0.88,-1.9));
#1629 = LINE('',#1630,#1631);
#1630 = CARTESIAN_POINT('',(-0.575,0.88,-1.9));
#1631 = VECTOR('',#1632,1.);
#1632 = DIRECTION('',(1.,0.,0.));
#1633 = ORIENTED_EDGE('',*,*,#1634,.F.);
#1634 = EDGE_CURVE('',#1609,#1627,#1635,.T.);
#1635 = LINE('',#1636,#1637);
#1636 = CARTESIAN_POINT('',(-0.575,0.7,-1.9));
#1637 = VECTOR('',#1638,1.);
#1638 = DIRECTION('',(0.,1.,0.));
#1639 = FACE_BOUND('',#1640,.T.);
#1640 = EDGE_LOOP('',(#1641,#1651,#1659,#1667));
#1641 = ORIENTED_EDGE('',*,*,#1642,.T.);
#1642 = EDGE_CURVE('',#1643,#1645,#1647,.T.);
#1643 = VERTEX_POINT('',#1644);
#1644 = CARTESIAN_POINT('',(1.715,0.26,-1.9));
#1645 = VERTEX_POINT('',#1646);
#1646 = CARTESIAN_POINT('',(1.865,0.26,-1.9));
#1647 = LINE('',#1648,#1649);
#1648 = CARTESIAN_POINT('',(1.715,0.26,-1.9));
#1649 = VECTOR('',#1650,1.);
#1650 = DIRECTION('',(1.,0.,0.));
#1651 = ORIENTED_EDGE('',*,*,#1652,.T.);
#1652 = EDGE_CURVE('',#1645,#1653,#1655,.T.);
#1653 = VERTEX_POINT('',#1654);
#1654 = CARTESIAN_POINT('',(1.865,0.82,-1.9));
#1655 = LINE('',#1656,#1657);
#1656 = CARTESIAN_POINT('',(1.865,0.26,-1.9));
#1657 = VECTOR('',#1658,1.);
#1658 = DIRECTION('',(0.,1.,0.));
#1659 = ORIENTED_EDGE('',*,*,#1660,.F.);
#1660 = EDGE_CURVE('',#1661,#1653,#1663,.T.);
#1661 = VERTEX_POINT('',#1662);
#1662 = CARTESIAN_POINT('',(1.715,0.82,-1.9));
#1663 = LINE('',#1664,#1665);
#1664 = CARTESIAN_POINT('',(1.715,0.82,-1.9));
#1665 = VECTOR('',#1666,1.);
#1666 = DIRECTION('',(1.,0.,0.));
#1667 = ORIENTED_EDGE('',*,*,#1668,.F.);
#1668 = EDGE_CURVE('',#1643,#1661,#1669,.T.);
#1669 = LINE('',#1670,#1671);
#1670 = CARTESIAN_POINT('',(1.715,0.26,-1.9));
#1671 = VECTOR('',#1672,1.);
#1672 = DIRECTION('',(0.,1.,0.));
#1673 = FACE_BOUND('',#1674,.T.);
#1674 = EDGE_LOOP('',(#1675,#1685,#1693,#1701));
#1675 = ORIENTED_EDGE('',*,*,#1676,.T.);
#1676 = EDGE_CURVE('',#1677,#1679,#1681,.T.);
#1677 = VERTEX_POINT('',#1678);
#1678 = CARTESIAN_POINT('',(-1.075,0.7,-1.9));
#1679 = VERTEX_POINT('',#1680);
#1680 = CARTESIAN_POINT('',(-0.925,0.7,-1.9));
#1681 = LINE('',#1682,#1683);
#1682 = CARTESIAN_POINT('',(-1.075,0.7,-1.9));
#1683 = VECTOR('',#1684,1.);
#1684 = DIRECTION('',(1.,0.,0.));
#1685 = ORIENTED_EDGE('',*,*,#1686,.T.);
#1686 = EDGE_CURVE('',#1679,#1687,#1689,.T.);
#1687 = VERTEX_POINT('',#1688);
#1688 = CARTESIAN_POINT('',(-0.925,0.88,-1.9));
#1689 = LINE('',#1690,#1691);
#1690 = CARTESIAN_POINT('',(-0.925,0.7,-1.9));
#1691 = VECTOR('',#1692,1.);
#1692 = DIRECTION('',(0.,1.,0.));
#1693 = ORIENTED_EDGE('',*,*,#1694,.F.);
#1694 = EDGE_CURVE('',#1695,#1687,#1697,.T.);
#1695 = VERTEX_POINT('',#1696);
#1696 = CARTESIAN_POINT('',(-1.075,0.88,-1.9));
#1697 = LINE('',#1698,#1699);
#1698 = CARTESIAN_POINT('',(-1.075,0.88,-1.9));
#1699 = VECTOR('',#1700,1.);
#1700 = DIRECTION('',(1.,0.,0.));
#1701 = ORIENTED_EDGE('',*,*,#1702,.F.);
#1702 = EDGE_CURVE('',#1677,#1695,#1703,.T.);
#1703 = LINE('',#1704,#1705);
#1704 = CARTESIAN_POINT('',(-1.075,0.7,-1.9));
#1705 = VECTOR('',#1706,1.);
#1706 = DIRECTION('',(0.,1.,0.));
#1707 = PLANE('',#1708);
#1708 = AXIS2_PLACEMENT_3D('',#1709,#1710,#1711);
#1709 = CARTESIAN_POINT('',(-1.6,1.,-1.9));
#1710 = DIRECTION('',(0.,0.,1.));
#1711 = DIRECTION('',(1.,0.,-0.));
#1712 = ADVANCED_FACE('',(#1713),#1762,.F.);
#1713 = FACE_BOUND('',#1714,.T.);
#1714 = EDGE_LOOP('',(#1715,#1716,#1722,#1723,#1732,#1740,#1748,#1756));
#1715 = ORIENTED_EDGE('',*,*,#1668,.T.);
#1716 = ORIENTED_EDGE('',*,*,#1717,.F.);
#1717 = EDGE_CURVE('',#718,#1661,#1718,.T.);
#1718 = LINE('',#1719,#1720);
#1719 = CARTESIAN_POINT('',(1.715,0.82,-3.22));
#1720 = VECTOR('',#1721,1.);
#1721 = DIRECTION('',(0.,0.,1.));
#1722 = ORIENTED_EDGE('',*,*,#717,.F.);
#1723 = ORIENTED_EDGE('',*,*,#1724,.F.);
#1724 = EDGE_CURVE('',#1725,#708,#1727,.T.);
#1725 = VERTEX_POINT('',#1726);
#1726 = CARTESIAN_POINT('',(1.715,0.722702702703,-3.236216216216));
#1727 = CIRCLE('',#1728,5.E-02);
#1728 = AXIS2_PLACEMENT_3D('',#1729,#1730,#1731);
#1729 = CARTESIAN_POINT('',(1.715,0.77,-3.22));
#1730 = DIRECTION('',(1.,0.,0.));
#1731 = DIRECTION('',(0.,-0.945945945946,-0.324324324324));
#1732 = ORIENTED_EDGE('',*,*,#1733,.F.);
#1733 = EDGE_CURVE('',#1734,#1725,#1736,.T.);
#1734 = VERTEX_POINT('',#1735);
#1735 = CARTESIAN_POINT('',(1.715,0.58,-2.82));
#1736 = LINE('',#1737,#1738);
#1737 = CARTESIAN_POINT('',(1.715,0.58,-2.82));
#1738 = VECTOR('',#1739,1.);
#1739 = DIRECTION('',(0.,0.324324324324,-0.945945945946));
#1740 = ORIENTED_EDGE('',*,*,#1741,.F.);
#1741 = EDGE_CURVE('',#1742,#1734,#1744,.T.);
#1742 = VERTEX_POINT('',#1743);
#1743 = CARTESIAN_POINT('',(1.715,0.58,-2.31));
#1744 = LINE('',#1745,#1746);
#1745 = CARTESIAN_POINT('',(1.715,0.58,-2.31));
#1746 = VECTOR('',#1747,1.);
#1747 = DIRECTION('',(0.,0.,-1.));
#1748 = ORIENTED_EDGE('',*,*,#1749,.F.);
#1749 = EDGE_CURVE('',#1750,#1742,#1752,.T.);
#1750 = VERTEX_POINT('',#1751);
#1751 = CARTESIAN_POINT('',(1.715,0.26,-2.31));
#1752 = LINE('',#1753,#1754);
#1753 = CARTESIAN_POINT('',(1.715,0.26,-2.31));
#1754 = VECTOR('',#1755,1.);
#1755 = DIRECTION('',(0.,1.,0.));
#1756 = ORIENTED_EDGE('',*,*,#1757,.F.);
#1757 = EDGE_CURVE('',#1643,#1750,#1758,.T.);
#1758 = LINE('',#1759,#1760);
#1759 = CARTESIAN_POINT('',(1.715,0.26,-1.9));
#1760 = VECTOR('',#1761,1.);
#1761 = DIRECTION('',(0.,0.,-1.));
#1762 = PLANE('',#1763);
#1763 = AXIS2_PLACEMENT_3D('',#1764,#1765,#1766);
#1764 = CARTESIAN_POINT('',(1.715,0.,0.));
#1765 = DIRECTION('',(1.,0.,0.));
#1766 = DIRECTION('',(-0.,1.,0.));
#1767 = ADVANCED_FACE('',(#1768),#1866,.F.);
#1768 = FACE_BOUND('',#1769,.T.);
#1769 = EDGE_LOOP('',(#1770,#1780,#1788,#1796,#1804,#1812,#1820,#1828,
    #1836,#1844,#1852,#1860));
#1770 = ORIENTED_EDGE('',*,*,#1771,.F.);
#1771 = EDGE_CURVE('',#1772,#1774,#1776,.T.);
#1772 = VERTEX_POINT('',#1773);
#1773 = CARTESIAN_POINT('',(1.715,0.68,-0.45));
#1774 = VERTEX_POINT('',#1775);
#1775 = CARTESIAN_POINT('',(1.715,0.82,-0.45));
#1776 = LINE('',#1777,#1778);
#1777 = CARTESIAN_POINT('',(1.715,0.68,-0.45));
#1778 = VECTOR('',#1779,1.);
#1779 = DIRECTION('',(0.,1.,0.));
#1780 = ORIENTED_EDGE('',*,*,#1781,.F.);
#1781 = EDGE_CURVE('',#1782,#1772,#1784,.T.);
#1782 = VERTEX_POINT('',#1783);
#1783 = CARTESIAN_POINT('',(1.715,0.31,-0.978414762495));
#1784 = LINE('',#1785,#1786);
#1785 = CARTESIAN_POINT('',(1.715,0.31,-0.978414762495));
#1786 = VECTOR('',#1787,1.);
#1787 = DIRECTION('',(0.,0.573576436351,0.819152044289));
#1788 = ORIENTED_EDGE('',*,*,#1789,.F.);
#1789 = EDGE_CURVE('',#1790,#1782,#1792,.T.);
#1790 = VERTEX_POINT('',#1791);
#1791 = CARTESIAN_POINT('',(1.715,0.11,-0.978414762495));
#1792 = LINE('',#1793,#1794);
#1793 = CARTESIAN_POINT('',(1.715,0.11,-0.978414762495));
#1794 = VECTOR('',#1795,1.);
#1795 = DIRECTION('',(0.,1.,0.));
#1796 = ORIENTED_EDGE('',*,*,#1797,.F.);
#1797 = EDGE_CURVE('',#1798,#1790,#1800,.T.);
#1798 = VERTEX_POINT('',#1799);
#1799 = CARTESIAN_POINT('',(1.715,0.11,-1.05));
#1800 = LINE('',#1801,#1802);
#1801 = CARTESIAN_POINT('',(1.715,0.11,-1.05));
#1802 = VECTOR('',#1803,1.);
#1803 = DIRECTION('',(0.,0.,1.));
#1804 = ORIENTED_EDGE('',*,*,#1805,.F.);
#1805 = EDGE_CURVE('',#1806,#1798,#1808,.T.);
#1806 = VERTEX_POINT('',#1807);
#1807 = CARTESIAN_POINT('',(1.715,-2.E-02,-1.05));
#1808 = LINE('',#1809,#1810);
#1809 = CARTESIAN_POINT('',(1.715,-2.E-02,-1.05));
#1810 = VECTOR('',#1811,1.);
#1811 = DIRECTION('',(0.,1.,0.));
#1812 = ORIENTED_EDGE('',*,*,#1813,.F.);
#1813 = EDGE_CURVE('',#1814,#1806,#1816,.T.);
#1814 = VERTEX_POINT('',#1815);
#1815 = CARTESIAN_POINT('',(1.715,-2.E-02,-0.25));
#1816 = LINE('',#1817,#1818);
#1817 = CARTESIAN_POINT('',(1.715,-2.E-02,-0.25));
#1818 = VECTOR('',#1819,1.);
#1819 = DIRECTION('',(0.,0.,-1.));
#1820 = ORIENTED_EDGE('',*,*,#1821,.F.);
#1821 = EDGE_CURVE('',#1822,#1814,#1824,.T.);
#1822 = VERTEX_POINT('',#1823);
#1823 = CARTESIAN_POINT('',(1.715,0.27,-0.25));
#1824 = LINE('',#1825,#1826);
#1825 = CARTESIAN_POINT('',(1.715,0.27,-0.25));
#1826 = VECTOR('',#1827,1.);
#1827 = DIRECTION('',(0.,-1.,0.));
#1828 = ORIENTED_EDGE('',*,*,#1829,.F.);
#1829 = EDGE_CURVE('',#1830,#1822,#1832,.T.);
#1830 = VERTEX_POINT('',#1831);
#1831 = CARTESIAN_POINT('',(1.715,0.27,-0.2));
#1832 = LINE('',#1833,#1834);
#1833 = CARTESIAN_POINT('',(1.715,0.27,-0.2));
#1834 = VECTOR('',#1835,1.);
#1835 = DIRECTION('',(0.,0.,-1.));
#1836 = ORIENTED_EDGE('',*,*,#1837,.F.);
#1837 = EDGE_CURVE('',#1838,#1830,#1840,.T.);
#1838 = VERTEX_POINT('',#1839);
#1839 = CARTESIAN_POINT('',(1.715,0.47,-0.2));
#1840 = LINE('',#1841,#1842);
#1841 = CARTESIAN_POINT('',(1.715,0.47,-0.2));
#1842 = VECTOR('',#1843,1.);
#1843 = DIRECTION('',(0.,-1.,0.));
#1844 = ORIENTED_EDGE('',*,*,#1845,.F.);
#1845 = EDGE_CURVE('',#1846,#1838,#1848,.T.);
#1846 = VERTEX_POINT('',#1847);
#1847 = CARTESIAN_POINT('',(1.715,0.47,-0.25));
#1848 = LINE('',#1849,#1850);
#1849 = CARTESIAN_POINT('',(1.715,0.47,-0.25));
#1850 = VECTOR('',#1851,1.);
#1851 = DIRECTION('',(0.,0.,1.));
#1852 = ORIENTED_EDGE('',*,*,#1853,.F.);
#1853 = EDGE_CURVE('',#1854,#1846,#1856,.T.);
#1854 = VERTEX_POINT('',#1855);
#1855 = CARTESIAN_POINT('',(1.715,0.82,-0.25));
#1856 = LINE('',#1857,#1858);
#1857 = CARTESIAN_POINT('',(1.715,0.82,-0.25));
#1858 = VECTOR('',#1859,1.);
#1859 = DIRECTION('',(0.,-1.,0.));
#1860 = ORIENTED_EDGE('',*,*,#1861,.F.);
#1861 = EDGE_CURVE('',#1774,#1854,#1862,.T.);
#1862 = LINE('',#1863,#1864);
#1863 = CARTESIAN_POINT('',(1.715,0.82,-0.45));
#1864 = VECTOR('',#1865,1.);
#1865 = DIRECTION('',(0.,0.,1.));
#1866 = PLANE('',#1867);
#1867 = AXIS2_PLACEMENT_3D('',#1868,#1869,#1870);
#1868 = CARTESIAN_POINT('',(1.715,0.,0.));
#1869 = DIRECTION('',(1.,0.,0.));
#1870 = DIRECTION('',(-0.,1.,0.));
#1871 = ADVANCED_FACE('',(#1872),#1890,.T.);
#1872 = FACE_BOUND('',#1873,.T.);
#1873 = EDGE_LOOP('',(#1874,#1882,#1888,#1889));
#1874 = ORIENTED_EDGE('',*,*,#1875,.T.);
#1875 = EDGE_CURVE('',#1750,#1876,#1878,.T.);
#1876 = VERTEX_POINT('',#1877);
#1877 = CARTESIAN_POINT('',(1.865,0.26,-2.31));
#1878 = LINE('',#1879,#1880);
#1879 = CARTESIAN_POINT('',(1.715,0.26,-2.31));
#1880 = VECTOR('',#1881,1.);
#1881 = DIRECTION('',(1.,0.,0.));
#1882 = ORIENTED_EDGE('',*,*,#1883,.F.);
#1883 = EDGE_CURVE('',#1645,#1876,#1884,.T.);
#1884 = LINE('',#1885,#1886);
#1885 = CARTESIAN_POINT('',(1.865,0.26,-1.9));
#1886 = VECTOR('',#1887,1.);
#1887 = DIRECTION('',(0.,0.,-1.));
#1888 = ORIENTED_EDGE('',*,*,#1642,.F.);
#1889 = ORIENTED_EDGE('',*,*,#1757,.T.);
#1890 = PLANE('',#1891);
#1891 = AXIS2_PLACEMENT_3D('',#1892,#1893,#1894);
#1892 = CARTESIAN_POINT('',(1.715,0.26,-1.05));
#1893 = DIRECTION('',(0.,-1.,0.));
#1894 = DIRECTION('',(0.,0.,-1.));
#1895 = ADVANCED_FACE('',(#1896),#1938,.T.);
#1896 = FACE_BOUND('',#1897,.T.);
#1897 = EDGE_LOOP('',(#1898,#1906,#1914,#1922,#1929,#1930,#1936,#1937));
#1898 = ORIENTED_EDGE('',*,*,#1899,.T.);
#1899 = EDGE_CURVE('',#1876,#1900,#1902,.T.);
#1900 = VERTEX_POINT('',#1901);
#1901 = CARTESIAN_POINT('',(1.865,0.58,-2.31));
#1902 = LINE('',#1903,#1904);
#1903 = CARTESIAN_POINT('',(1.865,0.26,-2.31));
#1904 = VECTOR('',#1905,1.);
#1905 = DIRECTION('',(0.,1.,0.));
#1906 = ORIENTED_EDGE('',*,*,#1907,.T.);
#1907 = EDGE_CURVE('',#1900,#1908,#1910,.T.);
#1908 = VERTEX_POINT('',#1909);
#1909 = CARTESIAN_POINT('',(1.865,0.58,-2.82));
#1910 = LINE('',#1911,#1912);
#1911 = CARTESIAN_POINT('',(1.865,0.58,-2.31));
#1912 = VECTOR('',#1913,1.);
#1913 = DIRECTION('',(0.,0.,-1.));
#1914 = ORIENTED_EDGE('',*,*,#1915,.T.);
#1915 = EDGE_CURVE('',#1908,#1916,#1918,.T.);
#1916 = VERTEX_POINT('',#1917);
#1917 = CARTESIAN_POINT('',(1.865,0.722702702703,-3.236216216216));
#1918 = LINE('',#1919,#1920);
#1919 = CARTESIAN_POINT('',(1.865,0.58,-2.82));
#1920 = VECTOR('',#1921,1.);
#1921 = DIRECTION('',(0.,0.324324324324,-0.945945945946));
#1922 = ORIENTED_EDGE('',*,*,#1923,.T.);
#1923 = EDGE_CURVE('',#1916,#710,#1924,.T.);
#1924 = CIRCLE('',#1925,5.E-02);
#1925 = AXIS2_PLACEMENT_3D('',#1926,#1927,#1928);
#1926 = CARTESIAN_POINT('',(1.865,0.77,-3.22));
#1927 = DIRECTION('',(1.,0.,0.));
#1928 = DIRECTION('',(0.,-0.945945945946,-0.324324324324));
#1929 = ORIENTED_EDGE('',*,*,#734,.T.);
#1930 = ORIENTED_EDGE('',*,*,#1931,.T.);
#1931 = EDGE_CURVE('',#727,#1653,#1932,.T.);
#1932 = LINE('',#1933,#1934);
#1933 = CARTESIAN_POINT('',(1.865,0.82,-3.22));
#1934 = VECTOR('',#1935,1.);
#1935 = DIRECTION('',(0.,0.,1.));
#1936 = ORIENTED_EDGE('',*,*,#1652,.F.);
#1937 = ORIENTED_EDGE('',*,*,#1883,.T.);
#1938 = PLANE('',#1939);
#1939 = AXIS2_PLACEMENT_3D('',#1940,#1941,#1942);
#1940 = CARTESIAN_POINT('',(1.865,0.,0.));
#1941 = DIRECTION('',(1.,0.,0.));
#1942 = DIRECTION('',(-0.,1.,0.));
#1943 = ADVANCED_FACE('',(#1944),#2042,.T.);
#1944 = FACE_BOUND('',#1945,.T.);
#1945 = EDGE_LOOP('',(#1946,#1956,#1964,#1972,#1980,#1988,#1996,#2004,
    #2012,#2020,#2028,#2036));
#1946 = ORIENTED_EDGE('',*,*,#1947,.T.);
#1947 = EDGE_CURVE('',#1948,#1950,#1952,.T.);
#1948 = VERTEX_POINT('',#1949);
#1949 = CARTESIAN_POINT('',(1.865,0.82,-0.25));
#1950 = VERTEX_POINT('',#1951);
#1951 = CARTESIAN_POINT('',(1.865,0.47,-0.25));
#1952 = LINE('',#1953,#1954);
#1953 = CARTESIAN_POINT('',(1.865,0.82,-0.25));
#1954 = VECTOR('',#1955,1.);
#1955 = DIRECTION('',(0.,-1.,0.));
#1956 = ORIENTED_EDGE('',*,*,#1957,.T.);
#1957 = EDGE_CURVE('',#1950,#1958,#1960,.T.);
#1958 = VERTEX_POINT('',#1959);
#1959 = CARTESIAN_POINT('',(1.865,0.47,-0.2));
#1960 = LINE('',#1961,#1962);
#1961 = CARTESIAN_POINT('',(1.865,0.47,-0.25));
#1962 = VECTOR('',#1963,1.);
#1963 = DIRECTION('',(0.,0.,1.));
#1964 = ORIENTED_EDGE('',*,*,#1965,.T.);
#1965 = EDGE_CURVE('',#1958,#1966,#1968,.T.);
#1966 = VERTEX_POINT('',#1967);
#1967 = CARTESIAN_POINT('',(1.865,0.27,-0.2));
#1968 = LINE('',#1969,#1970);
#1969 = CARTESIAN_POINT('',(1.865,0.47,-0.2));
#1970 = VECTOR('',#1971,1.);
#1971 = DIRECTION('',(0.,-1.,0.));
#1972 = ORIENTED_EDGE('',*,*,#1973,.T.);
#1973 = EDGE_CURVE('',#1966,#1974,#1976,.T.);
#1974 = VERTEX_POINT('',#1975);
#1975 = CARTESIAN_POINT('',(1.865,0.27,-0.25));
#1976 = LINE('',#1977,#1978);
#1977 = CARTESIAN_POINT('',(1.865,0.27,-0.2));
#1978 = VECTOR('',#1979,1.);
#1979 = DIRECTION('',(0.,0.,-1.));
#1980 = ORIENTED_EDGE('',*,*,#1981,.T.);
#1981 = EDGE_CURVE('',#1974,#1982,#1984,.T.);
#1982 = VERTEX_POINT('',#1983);
#1983 = CARTESIAN_POINT('',(1.865,-2.E-02,-0.25));
#1984 = LINE('',#1985,#1986);
#1985 = CARTESIAN_POINT('',(1.865,0.27,-0.25));
#1986 = VECTOR('',#1987,1.);
#1987 = DIRECTION('',(0.,-1.,0.));
#1988 = ORIENTED_EDGE('',*,*,#1989,.T.);
#1989 = EDGE_CURVE('',#1982,#1990,#1992,.T.);
#1990 = VERTEX_POINT('',#1991);
#1991 = CARTESIAN_POINT('',(1.865,-2.E-02,-1.05));
#1992 = LINE('',#1993,#1994);
#1993 = CARTESIAN_POINT('',(1.865,-2.E-02,-0.25));
#1994 = VECTOR('',#1995,1.);
#1995 = DIRECTION('',(0.,0.,-1.));
#1996 = ORIENTED_EDGE('',*,*,#1997,.T.);
#1997 = EDGE_CURVE('',#1990,#1998,#2000,.T.);
#1998 = VERTEX_POINT('',#1999);
#1999 = CARTESIAN_POINT('',(1.865,0.11,-1.05));
#2000 = LINE('',#2001,#2002);
#2001 = CARTESIAN_POINT('',(1.865,-2.E-02,-1.05));
#2002 = VECTOR('',#2003,1.);
#2003 = DIRECTION('',(0.,1.,0.));
#2004 = ORIENTED_EDGE('',*,*,#2005,.T.);
#2005 = EDGE_CURVE('',#1998,#2006,#2008,.T.);
#2006 = VERTEX_POINT('',#2007);
#2007 = CARTESIAN_POINT('',(1.865,0.11,-0.978414762495));
#2008 = LINE('',#2009,#2010);
#2009 = CARTESIAN_POINT('',(1.865,0.11,-1.05));
#2010 = VECTOR('',#2011,1.);
#2011 = DIRECTION('',(0.,0.,1.));
#2012 = ORIENTED_EDGE('',*,*,#2013,.T.);
#2013 = EDGE_CURVE('',#2006,#2014,#2016,.T.);
#2014 = VERTEX_POINT('',#2015);
#2015 = CARTESIAN_POINT('',(1.865,0.31,-0.978414762495));
#2016 = LINE('',#2017,#2018);
#2017 = CARTESIAN_POINT('',(1.865,0.11,-0.978414762495));
#2018 = VECTOR('',#2019,1.);
#2019 = DIRECTION('',(0.,1.,0.));
#2020 = ORIENTED_EDGE('',*,*,#2021,.T.);
#2021 = EDGE_CURVE('',#2014,#2022,#2024,.T.);
#2022 = VERTEX_POINT('',#2023);
#2023 = CARTESIAN_POINT('',(1.865,0.68,-0.45));
#2024 = LINE('',#2025,#2026);
#2025 = CARTESIAN_POINT('',(1.865,0.31,-0.978414762495));
#2026 = VECTOR('',#2027,1.);
#2027 = DIRECTION('',(0.,0.573576436351,0.819152044289));
#2028 = ORIENTED_EDGE('',*,*,#2029,.T.);
#2029 = EDGE_CURVE('',#2022,#2030,#2032,.T.);
#2030 = VERTEX_POINT('',#2031);
#2031 = CARTESIAN_POINT('',(1.865,0.82,-0.45));
#2032 = LINE('',#2033,#2034);
#2033 = CARTESIAN_POINT('',(1.865,0.68,-0.45));
#2034 = VECTOR('',#2035,1.);
#2035 = DIRECTION('',(0.,1.,0.));
#2036 = ORIENTED_EDGE('',*,*,#2037,.T.);
#2037 = EDGE_CURVE('',#2030,#1948,#2038,.T.);
#2038 = LINE('',#2039,#2040);
#2039 = CARTESIAN_POINT('',(1.865,0.82,-0.45));
#2040 = VECTOR('',#2041,1.);
#2041 = DIRECTION('',(0.,0.,1.));
#2042 = PLANE('',#2043);
#2043 = AXIS2_PLACEMENT_3D('',#2044,#2045,#2046);
#2044 = CARTESIAN_POINT('',(1.865,0.,0.));
#2045 = DIRECTION('',(1.,0.,0.));
#2046 = DIRECTION('',(-0.,1.,0.));
#2047 = ADVANCED_FACE('',(#2048),#2054,.T.);
#2048 = FACE_BOUND('',#2049,.T.);
#2049 = EDGE_LOOP('',(#2050,#2051,#2052,#2053));
#2050 = ORIENTED_EDGE('',*,*,#1660,.T.);
#2051 = ORIENTED_EDGE('',*,*,#1931,.F.);
#2052 = ORIENTED_EDGE('',*,*,#726,.F.);
#2053 = ORIENTED_EDGE('',*,*,#1717,.T.);
#2054 = PLANE('',#2055);
#2055 = AXIS2_PLACEMENT_3D('',#2056,#2057,#2058);
#2056 = CARTESIAN_POINT('',(1.715,0.82,-3.22));
#2057 = DIRECTION('',(-0.,1.,0.));
#2058 = DIRECTION('',(1.,0.,0.));
#2059 = ADVANCED_FACE('',(#2060),#2076,.T.);
#2060 = FACE_BOUND('',#2061,.T.);
#2061 = EDGE_LOOP('',(#2062,#2068,#2069,#2075));
#2062 = ORIENTED_EDGE('',*,*,#2063,.T.);
#2063 = EDGE_CURVE('',#1854,#1948,#2064,.T.);
#2064 = LINE('',#2065,#2066);
#2065 = CARTESIAN_POINT('',(1.715,0.82,-0.25));
#2066 = VECTOR('',#2067,1.);
#2067 = DIRECTION('',(1.,0.,0.));
#2068 = ORIENTED_EDGE('',*,*,#2037,.F.);
#2069 = ORIENTED_EDGE('',*,*,#2070,.F.);
#2070 = EDGE_CURVE('',#1774,#2030,#2071,.T.);
#2071 = LINE('',#2072,#2073);
#2072 = CARTESIAN_POINT('',(1.715,0.82,-0.45));
#2073 = VECTOR('',#2074,1.);
#2074 = DIRECTION('',(1.,0.,0.));
#2075 = ORIENTED_EDGE('',*,*,#1861,.T.);
#2076 = PLANE('',#2077);
#2077 = AXIS2_PLACEMENT_3D('',#2078,#2079,#2080);
#2078 = CARTESIAN_POINT('',(1.715,0.82,-3.22));
#2079 = DIRECTION('',(-0.,1.,0.));
#2080 = DIRECTION('',(1.,0.,0.));
#2081 = ADVANCED_FACE('',(#2082),#2093,.T.);
#2082 = FACE_BOUND('',#2083,.T.);
#2083 = EDGE_LOOP('',(#2084,#2085,#2086,#2092));
#2084 = ORIENTED_EDGE('',*,*,#707,.T.);
#2085 = ORIENTED_EDGE('',*,*,#1923,.F.);
#2086 = ORIENTED_EDGE('',*,*,#2087,.F.);
#2087 = EDGE_CURVE('',#1725,#1916,#2088,.T.);
#2088 = LINE('',#2089,#2090);
#2089 = CARTESIAN_POINT('',(1.715,0.722702702703,-3.236216216216));
#2090 = VECTOR('',#2091,1.);
#2091 = DIRECTION('',(1.,0.,0.));
#2092 = ORIENTED_EDGE('',*,*,#1724,.T.);
#2093 = CYLINDRICAL_SURFACE('',#2094,5.E-02);
#2094 = AXIS2_PLACEMENT_3D('',#2095,#2096,#2097);
#2095 = CARTESIAN_POINT('',(1.715,0.77,-3.22));
#2096 = DIRECTION('',(-1.,0.,-0.));
#2097 = DIRECTION('',(0.,0.,-1.));
#2098 = ADVANCED_FACE('',(#2099),#2110,.T.);
#2099 = FACE_BOUND('',#2100,.T.);
#2100 = EDGE_LOOP('',(#2101,#2102,#2103,#2109));
#2101 = ORIENTED_EDGE('',*,*,#2087,.T.);
#2102 = ORIENTED_EDGE('',*,*,#1915,.F.);
#2103 = ORIENTED_EDGE('',*,*,#2104,.F.);
#2104 = EDGE_CURVE('',#1734,#1908,#2105,.T.);
#2105 = LINE('',#2106,#2107);
#2106 = CARTESIAN_POINT('',(1.715,0.58,-2.82));
#2107 = VECTOR('',#2108,1.);
#2108 = DIRECTION('',(1.,0.,0.));
#2109 = ORIENTED_EDGE('',*,*,#1733,.T.);
#2110 = PLANE('',#2111);
#2111 = AXIS2_PLACEMENT_3D('',#2112,#2113,#2114);
#2112 = CARTESIAN_POINT('',(1.715,0.58,-2.82));
#2113 = DIRECTION('',(0.,-0.945945945946,-0.324324324324));
#2114 = DIRECTION('',(0.,0.324324324324,-0.945945945946));
#2115 = ADVANCED_FACE('',(#2116),#2127,.T.);
#2116 = FACE_BOUND('',#2117,.T.);
#2117 = EDGE_LOOP('',(#2118,#2119,#2120,#2126));
#2118 = ORIENTED_EDGE('',*,*,#2104,.T.);
#2119 = ORIENTED_EDGE('',*,*,#1907,.F.);
#2120 = ORIENTED_EDGE('',*,*,#2121,.F.);
#2121 = EDGE_CURVE('',#1742,#1900,#2122,.T.);
#2122 = LINE('',#2123,#2124);
#2123 = CARTESIAN_POINT('',(1.715,0.58,-2.31));
#2124 = VECTOR('',#2125,1.);
#2125 = DIRECTION('',(1.,0.,0.));
#2126 = ORIENTED_EDGE('',*,*,#1741,.T.);
#2127 = PLANE('',#2128);
#2128 = AXIS2_PLACEMENT_3D('',#2129,#2130,#2131);
#2129 = CARTESIAN_POINT('',(1.715,0.58,-2.31));
#2130 = DIRECTION('',(0.,-1.,0.));
#2131 = DIRECTION('',(0.,0.,-1.));
#2132 = ADVANCED_FACE('',(#2133),#2139,.T.);
#2133 = FACE_BOUND('',#2134,.T.);
#2134 = EDGE_LOOP('',(#2135,#2136,#2137,#2138));
#2135 = ORIENTED_EDGE('',*,*,#2121,.T.);
#2136 = ORIENTED_EDGE('',*,*,#1899,.F.);
#2137 = ORIENTED_EDGE('',*,*,#1875,.F.);
#2138 = ORIENTED_EDGE('',*,*,#1749,.T.);
#2139 = PLANE('',#2140);
#2140 = AXIS2_PLACEMENT_3D('',#2141,#2142,#2143);
#2141 = CARTESIAN_POINT('',(1.715,0.26,-2.31));
#2142 = DIRECTION('',(0.,0.,-1.));
#2143 = DIRECTION('',(0.,-1.,0.));
#2144 = ADVANCED_FACE('',(#2145),#2188,.F.);
#2145 = FACE_BOUND('',#2146,.T.);
#2146 = EDGE_LOOP('',(#2147,#2148,#2149,#2157,#2165,#2173,#2181,#2187));
#2147 = ORIENTED_EDGE('',*,*,#2070,.T.);
#2148 = ORIENTED_EDGE('',*,*,#2029,.F.);
#2149 = ORIENTED_EDGE('',*,*,#2150,.F.);
#2150 = EDGE_CURVE('',#2151,#2022,#2153,.T.);
#2151 = VERTEX_POINT('',#2152);
#2152 = CARTESIAN_POINT('',(2.1,0.68,-0.45));
#2153 = LINE('',#2154,#2155);
#2154 = CARTESIAN_POINT('',(2.1,0.68,-0.45));
#2155 = VECTOR('',#2156,1.);
#2156 = DIRECTION('',(-1.,0.,0.));
#2157 = ORIENTED_EDGE('',*,*,#2158,.F.);
#2158 = EDGE_CURVE('',#2159,#2151,#2161,.T.);
#2159 = VERTEX_POINT('',#2160);
#2160 = CARTESIAN_POINT('',(2.1,1.,-0.45));
#2161 = LINE('',#2162,#2163);
#2162 = CARTESIAN_POINT('',(2.1,1.,-0.45));
#2163 = VECTOR('',#2164,1.);
#2164 = DIRECTION('',(0.,-1.,0.));
#2165 = ORIENTED_EDGE('',*,*,#2166,.T.);
#2166 = EDGE_CURVE('',#2159,#2167,#2169,.T.);
#2167 = VERTEX_POINT('',#2168);
#2168 = CARTESIAN_POINT('',(1.7,1.,-0.45));
#2169 = LINE('',#2170,#2171);
#2170 = CARTESIAN_POINT('',(2.1,1.,-0.45));
#2171 = VECTOR('',#2172,1.);
#2172 = DIRECTION('',(-1.,0.,0.));
#2173 = ORIENTED_EDGE('',*,*,#2174,.F.);
#2174 = EDGE_CURVE('',#2175,#2167,#2177,.T.);
#2175 = VERTEX_POINT('',#2176);
#2176 = CARTESIAN_POINT('',(1.7,0.68,-0.45));
#2177 = LINE('',#2178,#2179);
#2178 = CARTESIAN_POINT('',(1.7,0.68,-0.45));
#2179 = VECTOR('',#2180,1.);
#2180 = DIRECTION('',(0.,1.,0.));
#2181 = ORIENTED_EDGE('',*,*,#2182,.F.);
#2182 = EDGE_CURVE('',#1772,#2175,#2183,.T.);
#2183 = LINE('',#2184,#2185);
#2184 = CARTESIAN_POINT('',(1.715,0.68,-0.45));
#2185 = VECTOR('',#2186,1.);
#2186 = DIRECTION('',(-1.,0.,0.));
#2187 = ORIENTED_EDGE('',*,*,#1771,.T.);
#2188 = PLANE('',#2189);
#2189 = AXIS2_PLACEMENT_3D('',#2190,#2191,#2192);
#2190 = CARTESIAN_POINT('',(2.1,0.68,-0.45));
#2191 = DIRECTION('',(0.,0.,-1.));
#2192 = DIRECTION('',(0.,-1.,0.));
#2193 = ADVANCED_FACE('',(#2194),#2212,.F.);
#2194 = FACE_BOUND('',#2195,.T.);
#2195 = EDGE_LOOP('',(#2196,#2197,#2205,#2211));
#2196 = ORIENTED_EDGE('',*,*,#2182,.T.);
#2197 = ORIENTED_EDGE('',*,*,#2198,.F.);
#2198 = EDGE_CURVE('',#2199,#2175,#2201,.T.);
#2199 = VERTEX_POINT('',#2200);
#2200 = CARTESIAN_POINT('',(1.7,0.31,-0.978414762495));
#2201 = LINE('',#2202,#2203);
#2202 = CARTESIAN_POINT('',(1.7,0.31,-0.978414762495));
#2203 = VECTOR('',#2204,1.);
#2204 = DIRECTION('',(0.,0.573576436351,0.819152044289));
#2205 = ORIENTED_EDGE('',*,*,#2206,.F.);
#2206 = EDGE_CURVE('',#1782,#2199,#2207,.T.);
#2207 = LINE('',#2208,#2209);
#2208 = CARTESIAN_POINT('',(1.715,0.31,-0.978414762495));
#2209 = VECTOR('',#2210,1.);
#2210 = DIRECTION('',(-1.,0.,0.));
#2211 = ORIENTED_EDGE('',*,*,#1781,.T.);
#2212 = PLANE('',#2213);
#2213 = AXIS2_PLACEMENT_3D('',#2214,#2215,#2216);
#2214 = CARTESIAN_POINT('',(2.1,0.31,-0.978414762495));
#2215 = DIRECTION('',(0.,0.819152044289,-0.573576436351));
#2216 = DIRECTION('',(-1.,0.,0.));
#2217 = ADVANCED_FACE('',(#2218),#2236,.F.);
#2218 = FACE_BOUND('',#2219,.T.);
#2219 = EDGE_LOOP('',(#2220,#2228,#2234,#2235));
#2220 = ORIENTED_EDGE('',*,*,#2221,.F.);
#2221 = EDGE_CURVE('',#2222,#2014,#2224,.T.);
#2222 = VERTEX_POINT('',#2223);
#2223 = CARTESIAN_POINT('',(2.1,0.31,-0.978414762495));
#2224 = LINE('',#2225,#2226);
#2225 = CARTESIAN_POINT('',(2.1,0.31,-0.978414762495));
#2226 = VECTOR('',#2227,1.);
#2227 = DIRECTION('',(-1.,0.,0.));
#2228 = ORIENTED_EDGE('',*,*,#2229,.T.);
#2229 = EDGE_CURVE('',#2222,#2151,#2230,.T.);
#2230 = LINE('',#2231,#2232);
#2231 = CARTESIAN_POINT('',(2.1,0.31,-0.978414762495));
#2232 = VECTOR('',#2233,1.);
#2233 = DIRECTION('',(0.,0.573576436351,0.819152044289));
#2234 = ORIENTED_EDGE('',*,*,#2150,.T.);
#2235 = ORIENTED_EDGE('',*,*,#2021,.F.);
#2236 = PLANE('',#2237);
#2237 = AXIS2_PLACEMENT_3D('',#2238,#2239,#2240);
#2238 = CARTESIAN_POINT('',(2.1,0.31,-0.978414762495));
#2239 = DIRECTION('',(0.,0.819152044289,-0.573576436351));
#2240 = DIRECTION('',(-1.,0.,0.));
#2241 = ADVANCED_FACE('',(#2242),#2260,.F.);
#2242 = FACE_BOUND('',#2243,.T.);
#2243 = EDGE_LOOP('',(#2244,#2245,#2253,#2259));
#2244 = ORIENTED_EDGE('',*,*,#2206,.T.);
#2245 = ORIENTED_EDGE('',*,*,#2246,.F.);
#2246 = EDGE_CURVE('',#2247,#2199,#2249,.T.);
#2247 = VERTEX_POINT('',#2248);
#2248 = CARTESIAN_POINT('',(1.7,0.11,-0.978414762495));
#2249 = LINE('',#2250,#2251);
#2250 = CARTESIAN_POINT('',(1.7,0.11,-0.978414762495));
#2251 = VECTOR('',#2252,1.);
#2252 = DIRECTION('',(0.,1.,0.));
#2253 = ORIENTED_EDGE('',*,*,#2254,.F.);
#2254 = EDGE_CURVE('',#1790,#2247,#2255,.T.);
#2255 = LINE('',#2256,#2257);
#2256 = CARTESIAN_POINT('',(1.715,0.11,-0.978414762495));
#2257 = VECTOR('',#2258,1.);
#2258 = DIRECTION('',(-1.,0.,0.));
#2259 = ORIENTED_EDGE('',*,*,#1789,.T.);
#2260 = PLANE('',#2261);
#2261 = AXIS2_PLACEMENT_3D('',#2262,#2263,#2264);
#2262 = CARTESIAN_POINT('',(2.1,0.11,-0.978414762495));
#2263 = DIRECTION('',(0.,0.,-1.));
#2264 = DIRECTION('',(0.,-1.,0.));
#2265 = ADVANCED_FACE('',(#2266),#2284,.F.);
#2266 = FACE_BOUND('',#2267,.T.);
#2267 = EDGE_LOOP('',(#2268,#2276,#2282,#2283));
#2268 = ORIENTED_EDGE('',*,*,#2269,.F.);
#2269 = EDGE_CURVE('',#2270,#2006,#2272,.T.);
#2270 = VERTEX_POINT('',#2271);
#2271 = CARTESIAN_POINT('',(2.1,0.11,-0.978414762495));
#2272 = LINE('',#2273,#2274);
#2273 = CARTESIAN_POINT('',(2.1,0.11,-0.978414762495));
#2274 = VECTOR('',#2275,1.);
#2275 = DIRECTION('',(-1.,0.,0.));
#2276 = ORIENTED_EDGE('',*,*,#2277,.T.);
#2277 = EDGE_CURVE('',#2270,#2222,#2278,.T.);
#2278 = LINE('',#2279,#2280);
#2279 = CARTESIAN_POINT('',(2.1,0.11,-0.978414762495));
#2280 = VECTOR('',#2281,1.);
#2281 = DIRECTION('',(0.,1.,0.));
#2282 = ORIENTED_EDGE('',*,*,#2221,.T.);
#2283 = ORIENTED_EDGE('',*,*,#2013,.F.);
#2284 = PLANE('',#2285);
#2285 = AXIS2_PLACEMENT_3D('',#2286,#2287,#2288);
#2286 = CARTESIAN_POINT('',(2.1,0.11,-0.978414762495));
#2287 = DIRECTION('',(0.,0.,-1.));
#2288 = DIRECTION('',(0.,-1.,0.));
#2289 = ADVANCED_FACE('',(#2290),#2340,.F.);
#2290 = FACE_BOUND('',#2291,.T.);
#2291 = EDGE_LOOP('',(#2292,#2293,#2301,#2309,#2317,#2325,#2331,#2332,
    #2333,#2339));
#2292 = ORIENTED_EDGE('',*,*,#2254,.T.);
#2293 = ORIENTED_EDGE('',*,*,#2294,.F.);
#2294 = EDGE_CURVE('',#2295,#2247,#2297,.T.);
#2295 = VERTEX_POINT('',#2296);
#2296 = CARTESIAN_POINT('',(1.7,0.11,0.));
#2297 = LINE('',#2298,#2299);
#2298 = CARTESIAN_POINT('',(1.7,0.11,0.));
#2299 = VECTOR('',#2300,1.);
#2300 = DIRECTION('',(0.,0.,-1.));
#2301 = ORIENTED_EDGE('',*,*,#2302,.T.);
#2302 = EDGE_CURVE('',#2295,#2303,#2305,.T.);
#2303 = VERTEX_POINT('',#2304);
#2304 = CARTESIAN_POINT('',(1.62,0.11,0.));
#2305 = LINE('',#2306,#2307);
#2306 = CARTESIAN_POINT('',(1.7,0.11,0.));
#2307 = VECTOR('',#2308,1.);
#2308 = DIRECTION('',(-1.,0.,0.));
#2309 = ORIENTED_EDGE('',*,*,#2310,.T.);
#2310 = EDGE_CURVE('',#2303,#2311,#2313,.T.);
#2311 = VERTEX_POINT('',#2312);
#2312 = CARTESIAN_POINT('',(1.62,0.11,-1.33));
#2313 = LINE('',#2314,#2315);
#2314 = CARTESIAN_POINT('',(1.62,0.11,0.));
#2315 = VECTOR('',#2316,1.);
#2316 = DIRECTION('',(0.,0.,-1.));
#2317 = ORIENTED_EDGE('',*,*,#2318,.T.);
#2318 = EDGE_CURVE('',#2311,#2319,#2321,.T.);
#2319 = VERTEX_POINT('',#2320);
#2320 = CARTESIAN_POINT('',(2.1,0.11,-1.33));
#2321 = LINE('',#2322,#2323);
#2322 = CARTESIAN_POINT('',(1.62,0.11,-1.33));
#2323 = VECTOR('',#2324,1.);
#2324 = DIRECTION('',(1.,0.,0.));
#2325 = ORIENTED_EDGE('',*,*,#2326,.T.);
#2326 = EDGE_CURVE('',#2319,#2270,#2327,.T.);
#2327 = LINE('',#2328,#2329);
#2328 = CARTESIAN_POINT('',(2.1,0.11,-1.33));
#2329 = VECTOR('',#2330,1.);
#2330 = DIRECTION('',(0.,0.,1.));
#2331 = ORIENTED_EDGE('',*,*,#2269,.T.);
#2332 = ORIENTED_EDGE('',*,*,#2005,.F.);
#2333 = ORIENTED_EDGE('',*,*,#2334,.F.);
#2334 = EDGE_CURVE('',#1798,#1998,#2335,.T.);
#2335 = LINE('',#2336,#2337);
#2336 = CARTESIAN_POINT('',(1.715,0.11,-1.05));
#2337 = VECTOR('',#2338,1.);
#2338 = DIRECTION('',(1.,0.,0.));
#2339 = ORIENTED_EDGE('',*,*,#1797,.T.);
#2340 = PLANE('',#2341);
#2341 = AXIS2_PLACEMENT_3D('',#2342,#2343,#2344);
#2342 = CARTESIAN_POINT('',(2.1,0.11,-1.33));
#2343 = DIRECTION('',(-0.,1.,0.));
#2344 = DIRECTION('',(1.,0.,0.));
#2345 = ADVANCED_FACE('',(#2346),#2357,.T.);
#2346 = FACE_BOUND('',#2347,.T.);
#2347 = EDGE_LOOP('',(#2348,#2349,#2355,#2356));
#2348 = ORIENTED_EDGE('',*,*,#1997,.F.);
#2349 = ORIENTED_EDGE('',*,*,#2350,.F.);
#2350 = EDGE_CURVE('',#1806,#1990,#2351,.T.);
#2351 = LINE('',#2352,#2353);
#2352 = CARTESIAN_POINT('',(1.715,-2.E-02,-1.05));
#2353 = VECTOR('',#2354,1.);
#2354 = DIRECTION('',(1.,0.,0.));
#2355 = ORIENTED_EDGE('',*,*,#1805,.T.);
#2356 = ORIENTED_EDGE('',*,*,#2334,.T.);
#2357 = PLANE('',#2358);
#2358 = AXIS2_PLACEMENT_3D('',#2359,#2360,#2361);
#2359 = CARTESIAN_POINT('',(1.715,-2.E-02,-1.05));
#2360 = DIRECTION('',(0.,0.,-1.));
#2361 = DIRECTION('',(0.,-1.,0.));
#2362 = ADVANCED_FACE('',(#2363),#2374,.T.);
#2363 = FACE_BOUND('',#2364,.T.);
#2364 = EDGE_LOOP('',(#2365,#2366,#2367,#2373));
#2365 = ORIENTED_EDGE('',*,*,#2350,.T.);
#2366 = ORIENTED_EDGE('',*,*,#1989,.F.);
#2367 = ORIENTED_EDGE('',*,*,#2368,.F.);
#2368 = EDGE_CURVE('',#1814,#1982,#2369,.T.);
#2369 = LINE('',#2370,#2371);
#2370 = CARTESIAN_POINT('',(1.715,-2.E-02,-0.25));
#2371 = VECTOR('',#2372,1.);
#2372 = DIRECTION('',(1.,0.,0.));
#2373 = ORIENTED_EDGE('',*,*,#1813,.T.);
#2374 = PLANE('',#2375);
#2375 = AXIS2_PLACEMENT_3D('',#2376,#2377,#2378);
#2376 = CARTESIAN_POINT('',(1.715,-2.E-02,-0.25));
#2377 = DIRECTION('',(0.,-1.,0.));
#2378 = DIRECTION('',(0.,0.,-1.));
#2379 = ADVANCED_FACE('',(#2380),#2391,.T.);
#2380 = FACE_BOUND('',#2381,.T.);
#2381 = EDGE_LOOP('',(#2382,#2383,#2384,#2390));
#2382 = ORIENTED_EDGE('',*,*,#2368,.T.);
#2383 = ORIENTED_EDGE('',*,*,#1981,.F.);
#2384 = ORIENTED_EDGE('',*,*,#2385,.F.);
#2385 = EDGE_CURVE('',#1822,#1974,#2386,.T.);
#2386 = LINE('',#2387,#2388);
#2387 = CARTESIAN_POINT('',(1.715,0.27,-0.25));
#2388 = VECTOR('',#2389,1.);
#2389 = DIRECTION('',(1.,0.,0.));
#2390 = ORIENTED_EDGE('',*,*,#1821,.T.);
#2391 = PLANE('',#2392);
#2392 = AXIS2_PLACEMENT_3D('',#2393,#2394,#2395);
#2393 = CARTESIAN_POINT('',(1.715,0.27,-0.25));
#2394 = DIRECTION('',(0.,0.,1.));
#2395 = DIRECTION('',(1.,0.,-0.));
#2396 = ADVANCED_FACE('',(#2397),#2408,.T.);
#2397 = FACE_BOUND('',#2398,.T.);
#2398 = EDGE_LOOP('',(#2399,#2400,#2401,#2407));
#2399 = ORIENTED_EDGE('',*,*,#2385,.T.);
#2400 = ORIENTED_EDGE('',*,*,#1973,.F.);
#2401 = ORIENTED_EDGE('',*,*,#2402,.F.);
#2402 = EDGE_CURVE('',#1830,#1966,#2403,.T.);
#2403 = LINE('',#2404,#2405);
#2404 = CARTESIAN_POINT('',(1.715,0.27,-0.2));
#2405 = VECTOR('',#2406,1.);
#2406 = DIRECTION('',(1.,0.,0.));
#2407 = ORIENTED_EDGE('',*,*,#1829,.T.);
#2408 = PLANE('',#2409);
#2409 = AXIS2_PLACEMENT_3D('',#2410,#2411,#2412);
#2410 = CARTESIAN_POINT('',(1.715,0.27,-0.2));
#2411 = DIRECTION('',(0.,-1.,0.));
#2412 = DIRECTION('',(0.,0.,-1.));
#2413 = ADVANCED_FACE('',(#2414),#2425,.T.);
#2414 = FACE_BOUND('',#2415,.T.);
#2415 = EDGE_LOOP('',(#2416,#2417,#2418,#2424));
#2416 = ORIENTED_EDGE('',*,*,#2402,.T.);
#2417 = ORIENTED_EDGE('',*,*,#1965,.F.);
#2418 = ORIENTED_EDGE('',*,*,#2419,.F.);
#2419 = EDGE_CURVE('',#1838,#1958,#2420,.T.);
#2420 = LINE('',#2421,#2422);
#2421 = CARTESIAN_POINT('',(1.715,0.47,-0.2));
#2422 = VECTOR('',#2423,1.);
#2423 = DIRECTION('',(1.,0.,0.));
#2424 = ORIENTED_EDGE('',*,*,#1837,.T.);
#2425 = PLANE('',#2426);
#2426 = AXIS2_PLACEMENT_3D('',#2427,#2428,#2429);
#2427 = CARTESIAN_POINT('',(1.715,0.47,-0.2));
#2428 = DIRECTION('',(0.,0.,1.));
#2429 = DIRECTION('',(1.,0.,-0.));
#2430 = ADVANCED_FACE('',(#2431),#2442,.T.);
#2431 = FACE_BOUND('',#2432,.T.);
#2432 = EDGE_LOOP('',(#2433,#2434,#2435,#2441));
#2433 = ORIENTED_EDGE('',*,*,#2419,.T.);
#2434 = ORIENTED_EDGE('',*,*,#1957,.F.);
#2435 = ORIENTED_EDGE('',*,*,#2436,.F.);
#2436 = EDGE_CURVE('',#1846,#1950,#2437,.T.);
#2437 = LINE('',#2438,#2439);
#2438 = CARTESIAN_POINT('',(1.715,0.47,-0.25));
#2439 = VECTOR('',#2440,1.);
#2440 = DIRECTION('',(1.,0.,0.));
#2441 = ORIENTED_EDGE('',*,*,#1845,.T.);
#2442 = PLANE('',#2443);
#2443 = AXIS2_PLACEMENT_3D('',#2444,#2445,#2446);
#2444 = CARTESIAN_POINT('',(1.715,0.47,-0.25));
#2445 = DIRECTION('',(-0.,1.,0.));
#2446 = DIRECTION('',(1.,0.,0.));
#2447 = ADVANCED_FACE('',(#2448),#2454,.T.);
#2448 = FACE_BOUND('',#2449,.T.);
#2449 = EDGE_LOOP('',(#2450,#2451,#2452,#2453));
#2450 = ORIENTED_EDGE('',*,*,#2436,.T.);
#2451 = ORIENTED_EDGE('',*,*,#1947,.F.);
#2452 = ORIENTED_EDGE('',*,*,#2063,.F.);
#2453 = ORIENTED_EDGE('',*,*,#1853,.T.);
#2454 = PLANE('',#2455);
#2455 = AXIS2_PLACEMENT_3D('',#2456,#2457,#2458);
#2456 = CARTESIAN_POINT('',(1.715,0.82,-0.25));
#2457 = DIRECTION('',(0.,0.,1.));
#2458 = DIRECTION('',(1.,0.,-0.));
#2459 = ADVANCED_FACE('',(#2460),#2496,.T.);
#2460 = FACE_BOUND('',#2461,.T.);
#2461 = EDGE_LOOP('',(#2462,#2472,#2478,#2479,#2480,#2481,#2482,#2490));
#2462 = ORIENTED_EDGE('',*,*,#2463,.T.);
#2463 = EDGE_CURVE('',#2464,#2466,#2468,.T.);
#2464 = VERTEX_POINT('',#2465);
#2465 = CARTESIAN_POINT('',(2.1,4.E-02,-3.6));
#2466 = VERTEX_POINT('',#2467);
#2467 = CARTESIAN_POINT('',(2.1,1.,-3.6));
#2468 = LINE('',#2469,#2470);
#2469 = CARTESIAN_POINT('',(2.1,4.E-02,-3.6));
#2470 = VECTOR('',#2471,1.);
#2471 = DIRECTION('',(0.,1.,0.));
#2472 = ORIENTED_EDGE('',*,*,#2473,.T.);
#2473 = EDGE_CURVE('',#2466,#2159,#2474,.T.);
#2474 = LINE('',#2475,#2476);
#2475 = CARTESIAN_POINT('',(2.1,1.,-3.6));
#2476 = VECTOR('',#2477,1.);
#2477 = DIRECTION('',(0.,0.,1.));
#2478 = ORIENTED_EDGE('',*,*,#2158,.T.);
#2479 = ORIENTED_EDGE('',*,*,#2229,.F.);
#2480 = ORIENTED_EDGE('',*,*,#2277,.F.);
#2481 = ORIENTED_EDGE('',*,*,#2326,.F.);
#2482 = ORIENTED_EDGE('',*,*,#2483,.F.);
#2483 = EDGE_CURVE('',#2484,#2319,#2486,.T.);
#2484 = VERTEX_POINT('',#2485);
#2485 = CARTESIAN_POINT('',(2.1,4.E-02,-1.4));
#2486 = LINE('',#2487,#2488);
#2487 = CARTESIAN_POINT('',(2.1,4.E-02,-1.4));
#2488 = VECTOR('',#2489,1.);
#2489 = DIRECTION('',(0.,0.707106781187,0.707106781187));
#2490 = ORIENTED_EDGE('',*,*,#2491,.F.);
#2491 = EDGE_CURVE('',#2464,#2484,#2492,.T.);
#2492 = LINE('',#2493,#2494);
#2493 = CARTESIAN_POINT('',(2.1,4.E-02,-3.6));
#2494 = VECTOR('',#2495,1.);
#2495 = DIRECTION('',(0.,0.,1.));
#2496 = PLANE('',#2497);
#2497 = AXIS2_PLACEMENT_3D('',#2498,#2499,#2500);
#2498 = CARTESIAN_POINT('',(2.1,0.,0.));
#2499 = DIRECTION('',(1.,0.,0.));
#2500 = DIRECTION('',(-0.,1.,0.));
#2501 = ADVANCED_FACE('',(#2502),#2758,.F.);
#2502 = FACE_BOUND('',#2503,.T.);
#2503 = EDGE_LOOP('',(#2504,#2514,#2522,#2530,#2538,#2546,#2554,#2562,
    #2570,#2578,#2586,#2594,#2602,#2610,#2618,#2626,#2634,#2642,#2650,
    #2658,#2666,#2672,#2673,#2681,#2689,#2697,#2705,#2713,#2721,#2727,
    #2728,#2736,#2744,#2752));
#2504 = ORIENTED_EDGE('',*,*,#2505,.T.);
#2505 = EDGE_CURVE('',#2506,#2508,#2510,.T.);
#2506 = VERTEX_POINT('',#2507);
#2507 = CARTESIAN_POINT('',(-1.075,4.E-02,-3.05));
#2508 = VERTEX_POINT('',#2509);
#2509 = CARTESIAN_POINT('',(-0.925,4.E-02,-3.05));
#2510 = LINE('',#2511,#2512);
#2511 = CARTESIAN_POINT('',(-1.075,4.E-02,-3.05));
#2512 = VECTOR('',#2513,1.);
#2513 = DIRECTION('',(1.,0.,0.));
#2514 = ORIENTED_EDGE('',*,*,#2515,.T.);
#2515 = EDGE_CURVE('',#2508,#2516,#2518,.T.);
#2516 = VERTEX_POINT('',#2517);
#2517 = CARTESIAN_POINT('',(-0.925,4.E-02,-3.09));
#2518 = LINE('',#2519,#2520);
#2519 = CARTESIAN_POINT('',(-0.925,4.E-02,-3.05));
#2520 = VECTOR('',#2521,1.);
#2521 = DIRECTION('',(0.,0.,-1.));
#2522 = ORIENTED_EDGE('',*,*,#2523,.T.);
#2523 = EDGE_CURVE('',#2516,#2524,#2526,.T.);
#2524 = VERTEX_POINT('',#2525);
#2525 = CARTESIAN_POINT('',(-0.575,4.E-02,-3.09));
#2526 = LINE('',#2527,#2528);
#2527 = CARTESIAN_POINT('',(-0.925,4.E-02,-3.09));
#2528 = VECTOR('',#2529,1.);
#2529 = DIRECTION('',(1.,0.,0.));
#2530 = ORIENTED_EDGE('',*,*,#2531,.F.);
#2531 = EDGE_CURVE('',#2532,#2524,#2534,.T.);
#2532 = VERTEX_POINT('',#2533);
#2533 = CARTESIAN_POINT('',(-0.575,4.E-02,-3.05));
#2534 = LINE('',#2535,#2536);
#2535 = CARTESIAN_POINT('',(-0.575,4.E-02,-3.05));
#2536 = VECTOR('',#2537,1.);
#2537 = DIRECTION('',(0.,0.,-1.));
#2538 = ORIENTED_EDGE('',*,*,#2539,.T.);
#2539 = EDGE_CURVE('',#2532,#2540,#2542,.T.);
#2540 = VERTEX_POINT('',#2541);
#2541 = CARTESIAN_POINT('',(-0.425,4.E-02,-3.05));
#2542 = LINE('',#2543,#2544);
#2543 = CARTESIAN_POINT('',(-0.575,4.E-02,-3.05));
#2544 = VECTOR('',#2545,1.);
#2545 = DIRECTION('',(1.,0.,0.));
#2546 = ORIENTED_EDGE('',*,*,#2547,.T.);
#2547 = EDGE_CURVE('',#2540,#2548,#2550,.T.);
#2548 = VERTEX_POINT('',#2549);
#2549 = CARTESIAN_POINT('',(-0.425,4.E-02,-3.09));
#2550 = LINE('',#2551,#2552);
#2551 = CARTESIAN_POINT('',(-0.425,4.E-02,-3.05));
#2552 = VECTOR('',#2553,1.);
#2553 = DIRECTION('',(0.,0.,-1.));
#2554 = ORIENTED_EDGE('',*,*,#2555,.T.);
#2555 = EDGE_CURVE('',#2548,#2556,#2558,.T.);
#2556 = VERTEX_POINT('',#2557);
#2557 = CARTESIAN_POINT('',(-7.5E-02,4.E-02,-3.09));
#2558 = LINE('',#2559,#2560);
#2559 = CARTESIAN_POINT('',(-0.425,4.E-02,-3.09));
#2560 = VECTOR('',#2561,1.);
#2561 = DIRECTION('',(1.,0.,0.));
#2562 = ORIENTED_EDGE('',*,*,#2563,.F.);
#2563 = EDGE_CURVE('',#2564,#2556,#2566,.T.);
#2564 = VERTEX_POINT('',#2565);
#2565 = CARTESIAN_POINT('',(-7.5E-02,4.E-02,-3.05));
#2566 = LINE('',#2567,#2568);
#2567 = CARTESIAN_POINT('',(-7.5E-02,4.E-02,-3.05));
#2568 = VECTOR('',#2569,1.);
#2569 = DIRECTION('',(0.,0.,-1.));
#2570 = ORIENTED_EDGE('',*,*,#2571,.T.);
#2571 = EDGE_CURVE('',#2564,#2572,#2574,.T.);
#2572 = VERTEX_POINT('',#2573);
#2573 = CARTESIAN_POINT('',(7.5E-02,4.E-02,-3.05));
#2574 = LINE('',#2575,#2576);
#2575 = CARTESIAN_POINT('',(-7.5E-02,4.E-02,-3.05));
#2576 = VECTOR('',#2577,1.);
#2577 = DIRECTION('',(1.,0.,0.));
#2578 = ORIENTED_EDGE('',*,*,#2579,.T.);
#2579 = EDGE_CURVE('',#2572,#2580,#2582,.T.);
#2580 = VERTEX_POINT('',#2581);
#2581 = CARTESIAN_POINT('',(7.5E-02,4.E-02,-3.09));
#2582 = LINE('',#2583,#2584);
#2583 = CARTESIAN_POINT('',(7.5E-02,4.E-02,-3.05));
#2584 = VECTOR('',#2585,1.);
#2585 = DIRECTION('',(0.,0.,-1.));
#2586 = ORIENTED_EDGE('',*,*,#2587,.T.);
#2587 = EDGE_CURVE('',#2580,#2588,#2590,.T.);
#2588 = VERTEX_POINT('',#2589);
#2589 = CARTESIAN_POINT('',(0.425,4.E-02,-3.09));
#2590 = LINE('',#2591,#2592);
#2591 = CARTESIAN_POINT('',(7.5E-02,4.E-02,-3.09));
#2592 = VECTOR('',#2593,1.);
#2593 = DIRECTION('',(1.,0.,0.));
#2594 = ORIENTED_EDGE('',*,*,#2595,.F.);
#2595 = EDGE_CURVE('',#2596,#2588,#2598,.T.);
#2596 = VERTEX_POINT('',#2597);
#2597 = CARTESIAN_POINT('',(0.425,4.E-02,-3.05));
#2598 = LINE('',#2599,#2600);
#2599 = CARTESIAN_POINT('',(0.425,4.E-02,-3.05));
#2600 = VECTOR('',#2601,1.);
#2601 = DIRECTION('',(0.,0.,-1.));
#2602 = ORIENTED_EDGE('',*,*,#2603,.T.);
#2603 = EDGE_CURVE('',#2596,#2604,#2606,.T.);
#2604 = VERTEX_POINT('',#2605);
#2605 = CARTESIAN_POINT('',(0.575,4.E-02,-3.05));
#2606 = LINE('',#2607,#2608);
#2607 = CARTESIAN_POINT('',(0.425,4.E-02,-3.05));
#2608 = VECTOR('',#2609,1.);
#2609 = DIRECTION('',(1.,0.,0.));
#2610 = ORIENTED_EDGE('',*,*,#2611,.T.);
#2611 = EDGE_CURVE('',#2604,#2612,#2614,.T.);
#2612 = VERTEX_POINT('',#2613);
#2613 = CARTESIAN_POINT('',(0.575,4.E-02,-3.09));
#2614 = LINE('',#2615,#2616);
#2615 = CARTESIAN_POINT('',(0.575,4.E-02,-3.05));
#2616 = VECTOR('',#2617,1.);
#2617 = DIRECTION('',(0.,0.,-1.));
#2618 = ORIENTED_EDGE('',*,*,#2619,.T.);
#2619 = EDGE_CURVE('',#2612,#2620,#2622,.T.);
#2620 = VERTEX_POINT('',#2621);
#2621 = CARTESIAN_POINT('',(0.925,4.E-02,-3.09));
#2622 = LINE('',#2623,#2624);
#2623 = CARTESIAN_POINT('',(0.575,4.E-02,-3.09));
#2624 = VECTOR('',#2625,1.);
#2625 = DIRECTION('',(1.,0.,0.));
#2626 = ORIENTED_EDGE('',*,*,#2627,.F.);
#2627 = EDGE_CURVE('',#2628,#2620,#2630,.T.);
#2628 = VERTEX_POINT('',#2629);
#2629 = CARTESIAN_POINT('',(0.925,4.E-02,-3.05));
#2630 = LINE('',#2631,#2632);
#2631 = CARTESIAN_POINT('',(0.925,4.E-02,-3.05));
#2632 = VECTOR('',#2633,1.);
#2633 = DIRECTION('',(0.,0.,-1.));
#2634 = ORIENTED_EDGE('',*,*,#2635,.T.);
#2635 = EDGE_CURVE('',#2628,#2636,#2638,.T.);
#2636 = VERTEX_POINT('',#2637);
#2637 = CARTESIAN_POINT('',(1.075,4.E-02,-3.05));
#2638 = LINE('',#2639,#2640);
#2639 = CARTESIAN_POINT('',(0.925,4.E-02,-3.05));
#2640 = VECTOR('',#2641,1.);
#2641 = DIRECTION('',(1.,0.,0.));
#2642 = ORIENTED_EDGE('',*,*,#2643,.T.);
#2643 = EDGE_CURVE('',#2636,#2644,#2646,.T.);
#2644 = VERTEX_POINT('',#2645);
#2645 = CARTESIAN_POINT('',(1.075,4.E-02,-3.09));
#2646 = LINE('',#2647,#2648);
#2647 = CARTESIAN_POINT('',(1.075,4.E-02,-3.05));
#2648 = VECTOR('',#2649,1.);
#2649 = DIRECTION('',(0.,0.,-1.));
#2650 = ORIENTED_EDGE('',*,*,#2651,.T.);
#2651 = EDGE_CURVE('',#2644,#2652,#2654,.T.);
#2652 = VERTEX_POINT('',#2653);
#2653 = CARTESIAN_POINT('',(1.3,4.E-02,-3.09));
#2654 = LINE('',#2655,#2656);
#2655 = CARTESIAN_POINT('',(1.075,4.E-02,-3.09));
#2656 = VECTOR('',#2657,1.);
#2657 = DIRECTION('',(1.,0.,0.));
#2658 = ORIENTED_EDGE('',*,*,#2659,.F.);
#2659 = EDGE_CURVE('',#2660,#2652,#2662,.T.);
#2660 = VERTEX_POINT('',#2661);
#2661 = CARTESIAN_POINT('',(1.3,4.E-02,-3.6));
#2662 = LINE('',#2663,#2664);
#2663 = CARTESIAN_POINT('',(1.3,4.E-02,-3.6));
#2664 = VECTOR('',#2665,1.);
#2665 = DIRECTION('',(0.,0.,1.));
#2666 = ORIENTED_EDGE('',*,*,#2667,.F.);
#2667 = EDGE_CURVE('',#2464,#2660,#2668,.T.);
#2668 = LINE('',#2669,#2670);
#2669 = CARTESIAN_POINT('',(2.1,4.E-02,-3.6));
#2670 = VECTOR('',#2671,1.);
#2671 = DIRECTION('',(-1.,0.,0.));
#2672 = ORIENTED_EDGE('',*,*,#2491,.T.);
#2673 = ORIENTED_EDGE('',*,*,#2674,.F.);
#2674 = EDGE_CURVE('',#2675,#2484,#2677,.T.);
#2675 = VERTEX_POINT('',#2676);
#2676 = CARTESIAN_POINT('',(1.55,4.E-02,-1.4));
#2677 = LINE('',#2678,#2679);
#2678 = CARTESIAN_POINT('',(1.55,4.E-02,-1.4));
#2679 = VECTOR('',#2680,1.);
#2680 = DIRECTION('',(1.,0.,0.));
#2681 = ORIENTED_EDGE('',*,*,#2682,.T.);
#2682 = EDGE_CURVE('',#2675,#2683,#2685,.T.);
#2683 = VERTEX_POINT('',#2684);
#2684 = CARTESIAN_POINT('',(1.51,4.E-02,-1.4));
#2685 = LINE('',#2686,#2687);
#2686 = CARTESIAN_POINT('',(1.55,4.E-02,-1.4));
#2687 = VECTOR('',#2688,1.);
#2688 = DIRECTION('',(-1.,0.,0.));
#2689 = ORIENTED_EDGE('',*,*,#2690,.T.);
#2690 = EDGE_CURVE('',#2683,#2691,#2693,.T.);
#2691 = VERTEX_POINT('',#2692);
#2692 = CARTESIAN_POINT('',(1.51,4.E-02,-2.92));
#2693 = LINE('',#2694,#2695);
#2694 = CARTESIAN_POINT('',(1.51,4.E-02,-1.4));
#2695 = VECTOR('',#2696,1.);
#2696 = DIRECTION('',(0.,0.,-1.));
#2697 = ORIENTED_EDGE('',*,*,#2698,.T.);
#2698 = EDGE_CURVE('',#2691,#2699,#2701,.T.);
#2699 = VERTEX_POINT('',#2700);
#2700 = CARTESIAN_POINT('',(-1.51,4.E-02,-2.92));
#2701 = LINE('',#2702,#2703);
#2702 = CARTESIAN_POINT('',(1.51,4.E-02,-2.92));
#2703 = VECTOR('',#2704,1.);
#2704 = DIRECTION('',(-1.,0.,0.));
#2705 = ORIENTED_EDGE('',*,*,#2706,.T.);
#2706 = EDGE_CURVE('',#2699,#2707,#2709,.T.);
#2707 = VERTEX_POINT('',#2708);
#2708 = CARTESIAN_POINT('',(-1.51,4.E-02,-1.4));
#2709 = LINE('',#2710,#2711);
#2710 = CARTESIAN_POINT('',(-1.51,4.E-02,-2.92));
#2711 = VECTOR('',#2712,1.);
#2712 = DIRECTION('',(0.,0.,1.));
#2713 = ORIENTED_EDGE('',*,*,#2714,.T.);
#2714 = EDGE_CURVE('',#2707,#2715,#2717,.T.);
#2715 = VERTEX_POINT('',#2716);
#2716 = CARTESIAN_POINT('',(-1.55,4.E-02,-1.4));
#2717 = LINE('',#2718,#2719);
#2718 = CARTESIAN_POINT('',(-1.51,4.E-02,-1.4));
#2719 = VECTOR('',#2720,1.);
#2720 = DIRECTION('',(-1.,0.,0.));
#2721 = ORIENTED_EDGE('',*,*,#2722,.F.);
#2722 = EDGE_CURVE('',#818,#2715,#2723,.T.);
#2723 = LINE('',#2724,#2725);
#2724 = CARTESIAN_POINT('',(-2.1,4.E-02,-1.4));
#2725 = VECTOR('',#2726,1.);
#2726 = DIRECTION('',(1.,0.,0.));
#2727 = ORIENTED_EDGE('',*,*,#817,.T.);
#2728 = ORIENTED_EDGE('',*,*,#2729,.F.);
#2729 = EDGE_CURVE('',#2730,#810,#2732,.T.);
#2730 = VERTEX_POINT('',#2731);
#2731 = CARTESIAN_POINT('',(-1.3,4.E-02,-3.6));
#2732 = LINE('',#2733,#2734);
#2733 = CARTESIAN_POINT('',(-1.3,4.E-02,-3.6));
#2734 = VECTOR('',#2735,1.);
#2735 = DIRECTION('',(-1.,0.,0.));
#2736 = ORIENTED_EDGE('',*,*,#2737,.T.);
#2737 = EDGE_CURVE('',#2730,#2738,#2740,.T.);
#2738 = VERTEX_POINT('',#2739);
#2739 = CARTESIAN_POINT('',(-1.3,4.E-02,-3.09));
#2740 = LINE('',#2741,#2742);
#2741 = CARTESIAN_POINT('',(-1.3,4.E-02,-3.6));
#2742 = VECTOR('',#2743,1.);
#2743 = DIRECTION('',(0.,0.,1.));
#2744 = ORIENTED_EDGE('',*,*,#2745,.T.);
#2745 = EDGE_CURVE('',#2738,#2746,#2748,.T.);
#2746 = VERTEX_POINT('',#2747);
#2747 = CARTESIAN_POINT('',(-1.075,4.E-02,-3.09));
#2748 = LINE('',#2749,#2750);
#2749 = CARTESIAN_POINT('',(-1.3,4.E-02,-3.09));
#2750 = VECTOR('',#2751,1.);
#2751 = DIRECTION('',(1.,0.,0.));
#2752 = ORIENTED_EDGE('',*,*,#2753,.F.);
#2753 = EDGE_CURVE('',#2506,#2746,#2754,.T.);
#2754 = LINE('',#2755,#2756);
#2755 = CARTESIAN_POINT('',(-1.075,4.E-02,-3.05));
#2756 = VECTOR('',#2757,1.);
#2757 = DIRECTION('',(0.,0.,-1.));
#2758 = PLANE('',#2759);
#2759 = AXIS2_PLACEMENT_3D('',#2760,#2761,#2762);
#2760 = CARTESIAN_POINT('',(2.1,4.E-02,-3.6));
#2761 = DIRECTION('',(-0.,1.,0.));
#2762 = DIRECTION('',(1.,0.,0.));
#2763 = ADVANCED_FACE('',(#2764),#2828,.F.);
#2764 = FACE_BOUND('',#2765,.T.);
#2765 = EDGE_LOOP('',(#2766,#2774,#2780,#2781,#2789,#2797,#2805,#2813,
    #2821,#2827));
#2766 = ORIENTED_EDGE('',*,*,#2767,.T.);
#2767 = EDGE_CURVE('',#2746,#2768,#2770,.T.);
#2768 = VERTEX_POINT('',#2769);
#2769 = CARTESIAN_POINT('',(-1.075,0.25,-3.09));
#2770 = LINE('',#2771,#2772);
#2771 = CARTESIAN_POINT('',(-1.075,4.E-02,-3.09));
#2772 = VECTOR('',#2773,1.);
#2773 = DIRECTION('',(0.,1.,0.));
#2774 = ORIENTED_EDGE('',*,*,#2775,.F.);
#2775 = EDGE_CURVE('',#1272,#2768,#2776,.T.);
#2776 = LINE('',#2777,#2778);
#2777 = CARTESIAN_POINT('',(-1.075,0.25,-1.9));
#2778 = VECTOR('',#2779,1.);
#2779 = DIRECTION('',(0.,0.,-1.));
#2780 = ORIENTED_EDGE('',*,*,#1487,.T.);
#2781 = ORIENTED_EDGE('',*,*,#2782,.F.);
#2782 = EDGE_CURVE('',#2783,#1480,#2785,.T.);
#2783 = VERTEX_POINT('',#2784);
#2784 = CARTESIAN_POINT('',(-1.075,0.27,-3.35));
#2785 = LINE('',#2786,#2787);
#2786 = CARTESIAN_POINT('',(-1.075,0.27,-3.35));
#2787 = VECTOR('',#2788,1.);
#2788 = DIRECTION('',(0.,0.,1.));
#2789 = ORIENTED_EDGE('',*,*,#2790,.F.);
#2790 = EDGE_CURVE('',#2791,#2783,#2793,.T.);
#2791 = VERTEX_POINT('',#2792);
#2792 = CARTESIAN_POINT('',(-1.075,0.17,-3.35));
#2793 = LINE('',#2794,#2795);
#2794 = CARTESIAN_POINT('',(-1.075,0.17,-3.35));
#2795 = VECTOR('',#2796,1.);
#2796 = DIRECTION('',(0.,1.,0.));
#2797 = ORIENTED_EDGE('',*,*,#2798,.F.);
#2798 = EDGE_CURVE('',#2799,#2791,#2801,.T.);
#2799 = VERTEX_POINT('',#2800);
#2800 = CARTESIAN_POINT('',(-1.075,0.17,-3.55));
#2801 = LINE('',#2802,#2803);
#2802 = CARTESIAN_POINT('',(-1.075,0.17,-3.55));
#2803 = VECTOR('',#2804,1.);
#2804 = DIRECTION('',(0.,0.,1.));
#2805 = ORIENTED_EDGE('',*,*,#2806,.F.);
#2806 = EDGE_CURVE('',#2807,#2799,#2809,.T.);
#2807 = VERTEX_POINT('',#2808);
#2808 = CARTESIAN_POINT('',(-1.075,-2.E-02,-3.55));
#2809 = LINE('',#2810,#2811);
#2810 = CARTESIAN_POINT('',(-1.075,-2.E-02,-3.55));
#2811 = VECTOR('',#2812,1.);
#2812 = DIRECTION('',(0.,1.,0.));
#2813 = ORIENTED_EDGE('',*,*,#2814,.F.);
#2814 = EDGE_CURVE('',#2815,#2807,#2817,.T.);
#2815 = VERTEX_POINT('',#2816);
#2816 = CARTESIAN_POINT('',(-1.075,-2.E-02,-3.05));
#2817 = LINE('',#2818,#2819);
#2818 = CARTESIAN_POINT('',(-1.075,-2.E-02,-3.05));
#2819 = VECTOR('',#2820,1.);
#2820 = DIRECTION('',(0.,0.,-1.));
#2821 = ORIENTED_EDGE('',*,*,#2822,.F.);
#2822 = EDGE_CURVE('',#2506,#2815,#2823,.T.);
#2823 = LINE('',#2824,#2825);
#2824 = CARTESIAN_POINT('',(-1.075,4.E-02,-3.05));
#2825 = VECTOR('',#2826,1.);
#2826 = DIRECTION('',(0.,-1.,0.));
#2827 = ORIENTED_EDGE('',*,*,#2753,.T.);
#2828 = PLANE('',#2829);
#2829 = AXIS2_PLACEMENT_3D('',#2830,#2831,#2832);
#2830 = CARTESIAN_POINT('',(-1.075,0.,0.));
#2831 = DIRECTION('',(1.,0.,0.));
#2832 = DIRECTION('',(-0.,1.,0.));
#2833 = ADVANCED_FACE('',(#2834),#2878,.F.);
#2834 = FACE_BOUND('',#2835,.T.);
#2835 = EDGE_LOOP('',(#2836,#2847,#2855,#2864,#2872));
#2836 = ORIENTED_EDGE('',*,*,#2837,.F.);
#2837 = EDGE_CURVE('',#2838,#2840,#2842,.T.);
#2838 = VERTEX_POINT('',#2839);
#2839 = CARTESIAN_POINT('',(-1.075,0.685711504387,-0.632813314642));
#2840 = VERTEX_POINT('',#2841);
#2841 = CARTESIAN_POINT('',(-1.075,0.7,-0.663455092367));
#2842 = CIRCLE('',#2843,4.E-02);
#2843 = AXIS2_PLACEMENT_3D('',#2844,#2845,#2846);
#2844 = CARTESIAN_POINT('',(-1.075,0.66,-0.663455092367));
#2845 = DIRECTION('',(-1.,0.,0.));
#2846 = DIRECTION('',(0.,0.642787609687,0.766044443119));
#2847 = ORIENTED_EDGE('',*,*,#2848,.F.);
#2848 = EDGE_CURVE('',#2849,#2838,#2851,.T.);
#2849 = VERTEX_POINT('',#2850);
#2850 = CARTESIAN_POINT('',(-1.075,0.659288495613,-0.610641777725));
#2851 = LINE('',#2852,#2853);
#2852 = CARTESIAN_POINT('',(-1.075,0.659288495613,-0.610641777725));
#2853 = VECTOR('',#2854,1.);
#2854 = DIRECTION('',(0.,0.766044443119,-0.642787609687));
#2855 = ORIENTED_EDGE('',*,*,#2856,.F.);
#2856 = EDGE_CURVE('',#2857,#2849,#2859,.T.);
#2857 = VERTEX_POINT('',#2858);
#2858 = CARTESIAN_POINT('',(-1.075,0.647587391124,-0.565847378437));
#2859 = CIRCLE('',#2860,4.E-02);
#2860 = AXIS2_PLACEMENT_3D('',#2861,#2862,#2863);
#2861 = CARTESIAN_POINT('',(-1.075,0.685,-0.58));
#2862 = DIRECTION('',(1.,0.,0.));
#2863 = DIRECTION('',(0.,-0.935315221896,0.353815539072));
#2864 = ORIENTED_EDGE('',*,*,#2865,.F.);
#2865 = EDGE_CURVE('',#2866,#2857,#2868,.T.);
#2866 = VERTEX_POINT('',#2867);
#2867 = CARTESIAN_POINT('',(-1.075,0.7,-0.427294077388));
#2868 = LINE('',#2869,#2870);
#2869 = CARTESIAN_POINT('',(-1.075,0.7,-0.427294077388));
#2870 = VECTOR('',#2871,1.);
#2871 = DIRECTION('',(0.,-0.353815539072,-0.935315221896));
#2872 = ORIENTED_EDGE('',*,*,#2873,.F.);
#2873 = EDGE_CURVE('',#2840,#2866,#2874,.T.);
#2874 = LINE('',#2875,#2876);
#2875 = CARTESIAN_POINT('',(-1.075,0.7,-0.663455092367));
#2876 = VECTOR('',#2877,1.);
#2877 = DIRECTION('',(0.,0.,1.));
#2878 = PLANE('',#2879);
#2879 = AXIS2_PLACEMENT_3D('',#2880,#2881,#2882);
#2880 = CARTESIAN_POINT('',(-1.075,0.,0.));
#2881 = DIRECTION('',(1.,0.,0.));
#2882 = DIRECTION('',(-0.,1.,0.));
#2883 = ADVANCED_FACE('',(#2884),#2919,.F.);
#2884 = FACE_BOUND('',#2885,.T.);
#2885 = EDGE_LOOP('',(#2886,#2896,#2905,#2913));
#2886 = ORIENTED_EDGE('',*,*,#2887,.F.);
#2887 = EDGE_CURVE('',#2888,#2890,#2892,.T.);
#2888 = VERTEX_POINT('',#2889);
#2889 = CARTESIAN_POINT('',(-1.075,0.344662000977,-0.560036390902));
#2890 = VERTEX_POINT('',#2891);
#2891 = CARTESIAN_POINT('',(-1.075,0.29,-0.465128986034));
#2892 = LINE('',#2893,#2894);
#2893 = CARTESIAN_POINT('',(-1.075,0.344662000977,-0.560036390902));
#2894 = VECTOR('',#2895,1.);
#2895 = DIRECTION('',(0.,-0.499090227459,0.866550024439));
#2896 = ORIENTED_EDGE('',*,*,#2897,.F.);
#2897 = EDGE_CURVE('',#2898,#2888,#2900,.T.);
#2898 = VERTEX_POINT('',#2899);
#2899 = CARTESIAN_POINT('',(-1.075,0.335711504388,-0.610641777725));
#2900 = CIRCLE('',#2901,4.E-02);
#2901 = AXIS2_PLACEMENT_3D('',#2902,#2903,#2904);
#2902 = CARTESIAN_POINT('',(-1.075,0.31,-0.58));
#2903 = DIRECTION('',(1.,0.,0.));
#2904 = DIRECTION('',(0.,0.642787609687,-0.766044443119));
#2905 = ORIENTED_EDGE('',*,*,#2906,.F.);
#2906 = EDGE_CURVE('',#2907,#2898,#2909,.T.);
#2907 = VERTEX_POINT('',#2908);
#2908 = CARTESIAN_POINT('',(-1.075,0.29,-0.648998284197));
#2909 = LINE('',#2910,#2911);
#2910 = CARTESIAN_POINT('',(-1.075,0.29,-0.648998284197));
#2911 = VECTOR('',#2912,1.);
#2912 = DIRECTION('',(0.,0.766044443119,0.642787609687));
#2913 = ORIENTED_EDGE('',*,*,#2914,.T.);
#2914 = EDGE_CURVE('',#2907,#2890,#2915,.T.);
#2915 = LINE('',#2916,#2917);
#2916 = CARTESIAN_POINT('',(-1.075,0.29,-0.648998284197));
#2917 = VECTOR('',#2918,1.);
#2918 = DIRECTION('',(0.,0.,1.));
#2919 = PLANE('',#2920);
#2920 = AXIS2_PLACEMENT_3D('',#2921,#2922,#2923);
#2921 = CARTESIAN_POINT('',(-1.075,0.,0.));
#2922 = DIRECTION('',(1.,0.,0.));
#2923 = DIRECTION('',(-0.,1.,0.));
#2924 = ADVANCED_FACE('',(#2925),#2959,.F.);
#2925 = FACE_BOUND('',#2926,.T.);
#2926 = EDGE_LOOP('',(#2927,#2937,#2945,#2953));
#2927 = ORIENTED_EDGE('',*,*,#2928,.F.);
#2928 = EDGE_CURVE('',#2929,#2931,#2933,.T.);
#2929 = VERTEX_POINT('',#2930);
#2930 = CARTESIAN_POINT('',(-1.075,0.82,-2.78));
#2931 = VERTEX_POINT('',#2932);
#2932 = CARTESIAN_POINT('',(-1.075,0.824632851817,-2.727494346074));
#2933 = LINE('',#2934,#2935);
#2934 = CARTESIAN_POINT('',(-1.075,0.82,-2.78));
#2935 = VECTOR('',#2936,1.);
#2936 = DIRECTION('',(0.,8.789381029636E-02,0.996129850025));
#2937 = ORIENTED_EDGE('',*,*,#2938,.F.);
#2938 = EDGE_CURVE('',#2939,#2929,#2941,.T.);
#2939 = VERTEX_POINT('',#2940);
#2940 = CARTESIAN_POINT('',(-1.075,0.7,-2.78));
#2941 = LINE('',#2942,#2943);
#2942 = CARTESIAN_POINT('',(-1.075,0.7,-2.78));
#2943 = VECTOR('',#2944,1.);
#2944 = DIRECTION('',(0.,1.,0.));
#2945 = ORIENTED_EDGE('',*,*,#2946,.F.);
#2946 = EDGE_CURVE('',#2947,#2939,#2949,.T.);
#2947 = VERTEX_POINT('',#2948);
#2948 = CARTESIAN_POINT('',(-1.075,0.7,-2.716590384437));
#2949 = LINE('',#2950,#2951);
#2950 = CARTESIAN_POINT('',(-1.075,0.7,-2.716590384437));
#2951 = VECTOR('',#2952,1.);
#2952 = DIRECTION('',(0.,0.,-1.));
#2953 = ORIENTED_EDGE('',*,*,#2954,.T.);
#2954 = EDGE_CURVE('',#2947,#2931,#2955,.T.);
#2955 = LINE('',#2956,#2957);
#2956 = CARTESIAN_POINT('',(-1.075,0.7,-2.716590384437));
#2957 = VECTOR('',#2958,1.);
#2958 = DIRECTION('',(0.,0.996194698092,-8.715574274766E-02));
#2959 = PLANE('',#2960);
#2960 = AXIS2_PLACEMENT_3D('',#2961,#2962,#2963);
#2961 = CARTESIAN_POINT('',(-1.075,0.,0.));
#2962 = DIRECTION('',(1.,0.,0.));
#2963 = DIRECTION('',(-0.,1.,0.));
#2964 = ADVANCED_FACE('',(#2965),#2998,.F.);
#2965 = FACE_BOUND('',#2966,.T.);
#2966 = EDGE_LOOP('',(#2967,#2975,#2976,#2984,#2992));
#2967 = ORIENTED_EDGE('',*,*,#2968,.F.);
#2968 = EDGE_CURVE('',#1677,#2969,#2971,.T.);
#2969 = VERTEX_POINT('',#2970);
#2970 = CARTESIAN_POINT('',(-1.075,0.7,-2.214680465665));
#2971 = LINE('',#2972,#2973);
#2972 = CARTESIAN_POINT('',(-1.075,0.7,-1.9));
#2973 = VECTOR('',#2974,1.);
#2974 = DIRECTION('',(0.,0.,-1.));
#2975 = ORIENTED_EDGE('',*,*,#1702,.T.);
#2976 = ORIENTED_EDGE('',*,*,#2977,.F.);
#2977 = EDGE_CURVE('',#2978,#1695,#2980,.T.);
#2978 = VERTEX_POINT('',#2979);
#2979 = CARTESIAN_POINT('',(-1.075,0.88,-2.1));
#2980 = LINE('',#2981,#2982);
#2981 = CARTESIAN_POINT('',(-1.075,0.88,-2.1));
#2982 = VECTOR('',#2983,1.);
#2983 = DIRECTION('',(0.,0.,1.));
#2984 = ORIENTED_EDGE('',*,*,#2985,.F.);
#2985 = EDGE_CURVE('',#2986,#2978,#2988,.T.);
#2986 = VERTEX_POINT('',#2987);
#2987 = CARTESIAN_POINT('',(-1.075,0.868579769028,-2.229429284355));
#2988 = LINE('',#2989,#2990);
#2989 = CARTESIAN_POINT('',(-1.075,0.868579769028,-2.229429284355));
#2990 = VECTOR('',#2991,1.);
#2991 = DIRECTION('',(0.,8.789381029636E-02,0.996129850025));
#2992 = ORIENTED_EDGE('',*,*,#2993,.F.);
#2993 = EDGE_CURVE('',#2969,#2986,#2994,.T.);
#2994 = LINE('',#2995,#2996);
#2995 = CARTESIAN_POINT('',(-1.075,0.7,-2.214680465665));
#2996 = VECTOR('',#2997,1.);
#2997 = DIRECTION('',(0.,0.996194698092,-8.715574274766E-02));
#2998 = PLANE('',#2999);
#2999 = AXIS2_PLACEMENT_3D('',#3000,#3001,#3002);
#3000 = CARTESIAN_POINT('',(-1.075,0.,0.));
#3001 = DIRECTION('',(1.,0.,0.));
#3002 = DIRECTION('',(-0.,1.,0.));
#3003 = ADVANCED_FACE('',(#3004),#3022,.T.);
#3004 = FACE_BOUND('',#3005,.T.);
#3005 = EDGE_LOOP('',(#3006,#3007,#3015,#3021));
#3006 = ORIENTED_EDGE('',*,*,#2822,.T.);
#3007 = ORIENTED_EDGE('',*,*,#3008,.T.);
#3008 = EDGE_CURVE('',#2815,#3009,#3011,.T.);
#3009 = VERTEX_POINT('',#3010);
#3010 = CARTESIAN_POINT('',(-0.925,-2.E-02,-3.05));
#3011 = LINE('',#3012,#3013);
#3012 = CARTESIAN_POINT('',(-1.075,-2.E-02,-3.05));
#3013 = VECTOR('',#3014,1.);
#3014 = DIRECTION('',(1.,0.,0.));
#3015 = ORIENTED_EDGE('',*,*,#3016,.F.);
#3016 = EDGE_CURVE('',#2508,#3009,#3017,.T.);
#3017 = LINE('',#3018,#3019);
#3018 = CARTESIAN_POINT('',(-0.925,4.E-02,-3.05));
#3019 = VECTOR('',#3020,1.);
#3020 = DIRECTION('',(0.,-1.,0.));
#3021 = ORIENTED_EDGE('',*,*,#2505,.F.);
#3022 = PLANE('',#3023);
#3023 = AXIS2_PLACEMENT_3D('',#3024,#3025,#3026);
#3024 = CARTESIAN_POINT('',(-1.075,0.13,-3.05));
#3025 = DIRECTION('',(0.,0.,1.));
#3026 = DIRECTION('',(1.,0.,-0.));
#3027 = ADVANCED_FACE('',(#3028),#3085,.T.);
#3028 = FACE_BOUND('',#3029,.T.);
#3029 = EDGE_LOOP('',(#3030,#3031,#3039,#3047,#3055,#3063,#3069,#3070,
    #3078,#3084));
#3030 = ORIENTED_EDGE('',*,*,#3016,.T.);
#3031 = ORIENTED_EDGE('',*,*,#3032,.T.);
#3032 = EDGE_CURVE('',#3009,#3033,#3035,.T.);
#3033 = VERTEX_POINT('',#3034);
#3034 = CARTESIAN_POINT('',(-0.925,-2.E-02,-3.55));
#3035 = LINE('',#3036,#3037);
#3036 = CARTESIAN_POINT('',(-0.925,-2.E-02,-3.05));
#3037 = VECTOR('',#3038,1.);
#3038 = DIRECTION('',(0.,0.,-1.));
#3039 = ORIENTED_EDGE('',*,*,#3040,.T.);
#3040 = EDGE_CURVE('',#3033,#3041,#3043,.T.);
#3041 = VERTEX_POINT('',#3042);
#3042 = CARTESIAN_POINT('',(-0.925,0.17,-3.55));
#3043 = LINE('',#3044,#3045);
#3044 = CARTESIAN_POINT('',(-0.925,-2.E-02,-3.55));
#3045 = VECTOR('',#3046,1.);
#3046 = DIRECTION('',(0.,1.,0.));
#3047 = ORIENTED_EDGE('',*,*,#3048,.T.);
#3048 = EDGE_CURVE('',#3041,#3049,#3051,.T.);
#3049 = VERTEX_POINT('',#3050);
#3050 = CARTESIAN_POINT('',(-0.925,0.17,-3.35));
#3051 = LINE('',#3052,#3053);
#3052 = CARTESIAN_POINT('',(-0.925,0.17,-3.55));
#3053 = VECTOR('',#3054,1.);
#3054 = DIRECTION('',(0.,0.,1.));
#3055 = ORIENTED_EDGE('',*,*,#3056,.T.);
#3056 = EDGE_CURVE('',#3049,#3057,#3059,.T.);
#3057 = VERTEX_POINT('',#3058);
#3058 = CARTESIAN_POINT('',(-0.925,0.27,-3.35));
#3059 = LINE('',#3060,#3061);
#3060 = CARTESIAN_POINT('',(-0.925,0.17,-3.35));
#3061 = VECTOR('',#3062,1.);
#3062 = DIRECTION('',(0.,1.,0.));
#3063 = ORIENTED_EDGE('',*,*,#3064,.T.);
#3064 = EDGE_CURVE('',#3057,#1472,#3065,.T.);
#3065 = LINE('',#3066,#3067);
#3066 = CARTESIAN_POINT('',(-0.925,0.27,-3.35));
#3067 = VECTOR('',#3068,1.);
#3068 = DIRECTION('',(0.,0.,1.));
#3069 = ORIENTED_EDGE('',*,*,#1471,.F.);
#3070 = ORIENTED_EDGE('',*,*,#3071,.T.);
#3071 = EDGE_CURVE('',#1464,#3072,#3074,.T.);
#3072 = VERTEX_POINT('',#3073);
#3073 = CARTESIAN_POINT('',(-0.925,0.25,-3.09));
#3074 = LINE('',#3075,#3076);
#3075 = CARTESIAN_POINT('',(-0.925,0.25,-1.9));
#3076 = VECTOR('',#3077,1.);
#3077 = DIRECTION('',(0.,0.,-1.));
#3078 = ORIENTED_EDGE('',*,*,#3079,.F.);
#3079 = EDGE_CURVE('',#2516,#3072,#3080,.T.);
#3080 = LINE('',#3081,#3082);
#3081 = CARTESIAN_POINT('',(-0.925,4.E-02,-3.09));
#3082 = VECTOR('',#3083,1.);
#3083 = DIRECTION('',(0.,1.,0.));
#3084 = ORIENTED_EDGE('',*,*,#2515,.F.);
#3085 = PLANE('',#3086);
#3086 = AXIS2_PLACEMENT_3D('',#3087,#3088,#3089);
#3087 = CARTESIAN_POINT('',(-0.925,0.,0.));
#3088 = DIRECTION('',(1.,0.,0.));
#3089 = DIRECTION('',(-0.,1.,0.));
#3090 = ADVANCED_FACE('',(#3091),#3135,.T.);
#3091 = FACE_BOUND('',#3092,.T.);
#3092 = EDGE_LOOP('',(#3093,#3103,#3112,#3120,#3129));
#3093 = ORIENTED_EDGE('',*,*,#3094,.T.);
#3094 = EDGE_CURVE('',#3095,#3097,#3099,.T.);
#3095 = VERTEX_POINT('',#3096);
#3096 = CARTESIAN_POINT('',(-0.925,0.7,-0.427294077388));
#3097 = VERTEX_POINT('',#3098);
#3098 = CARTESIAN_POINT('',(-0.925,0.647587391124,-0.565847378437));
#3099 = LINE('',#3100,#3101);
#3100 = CARTESIAN_POINT('',(-0.925,0.7,-0.427294077388));
#3101 = VECTOR('',#3102,1.);
#3102 = DIRECTION('',(0.,-0.353815539072,-0.935315221896));
#3103 = ORIENTED_EDGE('',*,*,#3104,.T.);
#3104 = EDGE_CURVE('',#3097,#3105,#3107,.T.);
#3105 = VERTEX_POINT('',#3106);
#3106 = CARTESIAN_POINT('',(-0.925,0.659288495613,-0.610641777725));
#3107 = CIRCLE('',#3108,4.E-02);
#3108 = AXIS2_PLACEMENT_3D('',#3109,#3110,#3111);
#3109 = CARTESIAN_POINT('',(-0.925,0.685,-0.58));
#3110 = DIRECTION('',(1.,0.,0.));
#3111 = DIRECTION('',(0.,-0.935315221896,0.353815539072));
#3112 = ORIENTED_EDGE('',*,*,#3113,.T.);
#3113 = EDGE_CURVE('',#3105,#3114,#3116,.T.);
#3114 = VERTEX_POINT('',#3115);
#3115 = CARTESIAN_POINT('',(-0.925,0.685711504387,-0.632813314642));
#3116 = LINE('',#3117,#3118);
#3117 = CARTESIAN_POINT('',(-0.925,0.659288495613,-0.610641777725));
#3118 = VECTOR('',#3119,1.);
#3119 = DIRECTION('',(0.,0.766044443119,-0.642787609687));
#3120 = ORIENTED_EDGE('',*,*,#3121,.T.);
#3121 = EDGE_CURVE('',#3114,#3122,#3124,.T.);
#3122 = VERTEX_POINT('',#3123);
#3123 = CARTESIAN_POINT('',(-0.925,0.7,-0.663455092367));
#3124 = CIRCLE('',#3125,4.E-02);
#3125 = AXIS2_PLACEMENT_3D('',#3126,#3127,#3128);
#3126 = CARTESIAN_POINT('',(-0.925,0.66,-0.663455092367));
#3127 = DIRECTION('',(-1.,0.,0.));
#3128 = DIRECTION('',(0.,0.642787609687,0.766044443119));
#3129 = ORIENTED_EDGE('',*,*,#3130,.T.);
#3130 = EDGE_CURVE('',#3122,#3095,#3131,.T.);
#3131 = LINE('',#3132,#3133);
#3132 = CARTESIAN_POINT('',(-0.925,0.7,-0.663455092367));
#3133 = VECTOR('',#3134,1.);
#3134 = DIRECTION('',(0.,0.,1.));
#3135 = PLANE('',#3136);
#3136 = AXIS2_PLACEMENT_3D('',#3137,#3138,#3139);
#3137 = CARTESIAN_POINT('',(-0.925,0.,0.));
#3138 = DIRECTION('',(1.,0.,0.));
#3139 = DIRECTION('',(-0.,1.,0.));
#3140 = ADVANCED_FACE('',(#3141),#3176,.T.);
#3141 = FACE_BOUND('',#3142,.T.);
#3142 = EDGE_LOOP('',(#3143,#3153,#3162,#3170));
#3143 = ORIENTED_EDGE('',*,*,#3144,.T.);
#3144 = EDGE_CURVE('',#3145,#3147,#3149,.T.);
#3145 = VERTEX_POINT('',#3146);
#3146 = CARTESIAN_POINT('',(-0.925,0.29,-0.648998284197));
#3147 = VERTEX_POINT('',#3148);
#3148 = CARTESIAN_POINT('',(-0.925,0.335711504388,-0.610641777725));
#3149 = LINE('',#3150,#3151);
#3150 = CARTESIAN_POINT('',(-0.925,0.29,-0.648998284197));
#3151 = VECTOR('',#3152,1.);
#3152 = DIRECTION('',(0.,0.766044443119,0.642787609687));
#3153 = ORIENTED_EDGE('',*,*,#3154,.T.);
#3154 = EDGE_CURVE('',#3147,#3155,#3157,.T.);
#3155 = VERTEX_POINT('',#3156);
#3156 = CARTESIAN_POINT('',(-0.925,0.344662000977,-0.560036390902));
#3157 = CIRCLE('',#3158,4.E-02);
#3158 = AXIS2_PLACEMENT_3D('',#3159,#3160,#3161);
#3159 = CARTESIAN_POINT('',(-0.925,0.31,-0.58));
#3160 = DIRECTION('',(1.,0.,0.));
#3161 = DIRECTION('',(0.,0.642787609687,-0.766044443119));
#3162 = ORIENTED_EDGE('',*,*,#3163,.T.);
#3163 = EDGE_CURVE('',#3155,#3164,#3166,.T.);
#3164 = VERTEX_POINT('',#3165);
#3165 = CARTESIAN_POINT('',(-0.925,0.29,-0.465128986034));
#3166 = LINE('',#3167,#3168);
#3167 = CARTESIAN_POINT('',(-0.925,0.344662000977,-0.560036390902));
#3168 = VECTOR('',#3169,1.);
#3169 = DIRECTION('',(0.,-0.499090227459,0.866550024439));
#3170 = ORIENTED_EDGE('',*,*,#3171,.F.);
#3171 = EDGE_CURVE('',#3145,#3164,#3172,.T.);
#3172 = LINE('',#3173,#3174);
#3173 = CARTESIAN_POINT('',(-0.925,0.29,-0.648998284197));
#3174 = VECTOR('',#3175,1.);
#3175 = DIRECTION('',(0.,0.,1.));
#3176 = PLANE('',#3177);
#3177 = AXIS2_PLACEMENT_3D('',#3178,#3179,#3180);
#3178 = CARTESIAN_POINT('',(-0.925,0.,0.));
#3179 = DIRECTION('',(1.,0.,0.));
#3180 = DIRECTION('',(-0.,1.,0.));
#3181 = ADVANCED_FACE('',(#3182),#3216,.T.);
#3182 = FACE_BOUND('',#3183,.T.);
#3183 = EDGE_LOOP('',(#3184,#3194,#3202,#3210));
#3184 = ORIENTED_EDGE('',*,*,#3185,.T.);
#3185 = EDGE_CURVE('',#3186,#3188,#3190,.T.);
#3186 = VERTEX_POINT('',#3187);
#3187 = CARTESIAN_POINT('',(-0.925,0.7,-2.716590384437));
#3188 = VERTEX_POINT('',#3189);
#3189 = CARTESIAN_POINT('',(-0.925,0.7,-2.78));
#3190 = LINE('',#3191,#3192);
#3191 = CARTESIAN_POINT('',(-0.925,0.7,-2.716590384437));
#3192 = VECTOR('',#3193,1.);
#3193 = DIRECTION('',(0.,0.,-1.));
#3194 = ORIENTED_EDGE('',*,*,#3195,.T.);
#3195 = EDGE_CURVE('',#3188,#3196,#3198,.T.);
#3196 = VERTEX_POINT('',#3197);
#3197 = CARTESIAN_POINT('',(-0.925,0.82,-2.78));
#3198 = LINE('',#3199,#3200);
#3199 = CARTESIAN_POINT('',(-0.925,0.7,-2.78));
#3200 = VECTOR('',#3201,1.);
#3201 = DIRECTION('',(0.,1.,0.));
#3202 = ORIENTED_EDGE('',*,*,#3203,.T.);
#3203 = EDGE_CURVE('',#3196,#3204,#3206,.T.);
#3204 = VERTEX_POINT('',#3205);
#3205 = CARTESIAN_POINT('',(-0.925,0.824632851817,-2.727494346074));
#3206 = LINE('',#3207,#3208);
#3207 = CARTESIAN_POINT('',(-0.925,0.82,-2.78));
#3208 = VECTOR('',#3209,1.);
#3209 = DIRECTION('',(0.,8.789381029636E-02,0.996129850025));
#3210 = ORIENTED_EDGE('',*,*,#3211,.F.);
#3211 = EDGE_CURVE('',#3186,#3204,#3212,.T.);
#3212 = LINE('',#3213,#3214);
#3213 = CARTESIAN_POINT('',(-0.925,0.7,-2.716590384437));
#3214 = VECTOR('',#3215,1.);
#3215 = DIRECTION('',(0.,0.996194698092,-8.715574274766E-02));
#3216 = PLANE('',#3217);
#3217 = AXIS2_PLACEMENT_3D('',#3218,#3219,#3220);
#3218 = CARTESIAN_POINT('',(-0.925,0.,0.));
#3219 = DIRECTION('',(1.,0.,0.));
#3220 = DIRECTION('',(-0.,1.,0.));
#3221 = ADVANCED_FACE('',(#3222),#3255,.T.);
#3222 = FACE_BOUND('',#3223,.T.);
#3223 = EDGE_LOOP('',(#3224,#3234,#3240,#3241,#3249));
#3224 = ORIENTED_EDGE('',*,*,#3225,.T.);
#3225 = EDGE_CURVE('',#3226,#3228,#3230,.T.);
#3226 = VERTEX_POINT('',#3227);
#3227 = CARTESIAN_POINT('',(-0.925,0.868579769028,-2.229429284355));
#3228 = VERTEX_POINT('',#3229);
#3229 = CARTESIAN_POINT('',(-0.925,0.88,-2.1));
#3230 = LINE('',#3231,#3232);
#3231 = CARTESIAN_POINT('',(-0.925,0.868579769028,-2.229429284355));
#3232 = VECTOR('',#3233,1.);
#3233 = DIRECTION('',(0.,8.789381029636E-02,0.996129850025));
#3234 = ORIENTED_EDGE('',*,*,#3235,.T.);
#3235 = EDGE_CURVE('',#3228,#1687,#3236,.T.);
#3236 = LINE('',#3237,#3238);
#3237 = CARTESIAN_POINT('',(-0.925,0.88,-2.1));
#3238 = VECTOR('',#3239,1.);
#3239 = DIRECTION('',(0.,0.,1.));
#3240 = ORIENTED_EDGE('',*,*,#1686,.F.);
#3241 = ORIENTED_EDGE('',*,*,#3242,.T.);
#3242 = EDGE_CURVE('',#1679,#3243,#3245,.T.);
#3243 = VERTEX_POINT('',#3244);
#3244 = CARTESIAN_POINT('',(-0.925,0.7,-2.214680465665));
#3245 = LINE('',#3246,#3247);
#3246 = CARTESIAN_POINT('',(-0.925,0.7,-1.9));
#3247 = VECTOR('',#3248,1.);
#3248 = DIRECTION('',(0.,0.,-1.));
#3249 = ORIENTED_EDGE('',*,*,#3250,.T.);
#3250 = EDGE_CURVE('',#3243,#3226,#3251,.T.);
#3251 = LINE('',#3252,#3253);
#3252 = CARTESIAN_POINT('',(-0.925,0.7,-2.214680465665));
#3253 = VECTOR('',#3254,1.);
#3254 = DIRECTION('',(0.,0.996194698092,-8.715574274766E-02));
#3255 = PLANE('',#3256);
#3256 = AXIS2_PLACEMENT_3D('',#3257,#3258,#3259);
#3257 = CARTESIAN_POINT('',(-0.925,0.,0.));
#3258 = DIRECTION('',(1.,0.,0.));
#3259 = DIRECTION('',(-0.,1.,0.));
#3260 = ADVANCED_FACE('',(#3261),#3286,.F.);
#3261 = FACE_BOUND('',#3262,.T.);
#3262 = EDGE_LOOP('',(#3263,#3271,#3272,#3280));
#3263 = ORIENTED_EDGE('',*,*,#3264,.T.);
#3264 = EDGE_CURVE('',#3265,#2652,#3267,.T.);
#3265 = VERTEX_POINT('',#3266);
#3266 = CARTESIAN_POINT('',(1.3,0.25,-3.09));
#3267 = LINE('',#3268,#3269);
#3268 = CARTESIAN_POINT('',(1.3,0.25,-3.09));
#3269 = VECTOR('',#3270,1.);
#3270 = DIRECTION('',(0.,-1.,0.));
#3271 = ORIENTED_EDGE('',*,*,#2651,.F.);
#3272 = ORIENTED_EDGE('',*,*,#3273,.F.);
#3273 = EDGE_CURVE('',#3274,#2644,#3276,.T.);
#3274 = VERTEX_POINT('',#3275);
#3275 = CARTESIAN_POINT('',(1.075,0.25,-3.09));
#3276 = LINE('',#3277,#3278);
#3277 = CARTESIAN_POINT('',(1.075,0.25,-3.09));
#3278 = VECTOR('',#3279,1.);
#3279 = DIRECTION('',(0.,-1.,0.));
#3280 = ORIENTED_EDGE('',*,*,#3281,.T.);
#3281 = EDGE_CURVE('',#3274,#3265,#3282,.T.);
#3282 = LINE('',#3283,#3284);
#3283 = CARTESIAN_POINT('',(1.075,0.25,-3.09));
#3284 = VECTOR('',#3285,1.);
#3285 = DIRECTION('',(1.,0.,0.));
#3286 = PLANE('',#3287);
#3287 = AXIS2_PLACEMENT_3D('',#3288,#3289,#3290);
#3288 = CARTESIAN_POINT('',(-1.3,0.25,-3.09));
#3289 = DIRECTION('',(0.,0.,1.));
#3290 = DIRECTION('',(1.,0.,-0.));
#3291 = ADVANCED_FACE('',(#3292),#3317,.F.);
#3292 = FACE_BOUND('',#3293,.T.);
#3293 = EDGE_LOOP('',(#3294,#3304,#3310,#3311));
#3294 = ORIENTED_EDGE('',*,*,#3295,.T.);
#3295 = EDGE_CURVE('',#3296,#3298,#3300,.T.);
#3296 = VERTEX_POINT('',#3297);
#3297 = CARTESIAN_POINT('',(0.575,0.25,-3.09));
#3298 = VERTEX_POINT('',#3299);
#3299 = CARTESIAN_POINT('',(0.925,0.25,-3.09));
#3300 = LINE('',#3301,#3302);
#3301 = CARTESIAN_POINT('',(0.575,0.25,-3.09));
#3302 = VECTOR('',#3303,1.);
#3303 = DIRECTION('',(1.,0.,0.));
#3304 = ORIENTED_EDGE('',*,*,#3305,.F.);
#3305 = EDGE_CURVE('',#2620,#3298,#3306,.T.);
#3306 = LINE('',#3307,#3308);
#3307 = CARTESIAN_POINT('',(0.925,4.E-02,-3.09));
#3308 = VECTOR('',#3309,1.);
#3309 = DIRECTION('',(0.,1.,0.));
#3310 = ORIENTED_EDGE('',*,*,#2619,.F.);
#3311 = ORIENTED_EDGE('',*,*,#3312,.T.);
#3312 = EDGE_CURVE('',#2612,#3296,#3313,.T.);
#3313 = LINE('',#3314,#3315);
#3314 = CARTESIAN_POINT('',(0.575,4.E-02,-3.09));
#3315 = VECTOR('',#3316,1.);
#3316 = DIRECTION('',(0.,1.,0.));
#3317 = PLANE('',#3318);
#3318 = AXIS2_PLACEMENT_3D('',#3319,#3320,#3321);
#3319 = CARTESIAN_POINT('',(-1.3,0.25,-3.09));
#3320 = DIRECTION('',(0.,0.,1.));
#3321 = DIRECTION('',(1.,0.,-0.));
#3322 = ADVANCED_FACE('',(#3323),#3348,.F.);
#3323 = FACE_BOUND('',#3324,.T.);
#3324 = EDGE_LOOP('',(#3325,#3335,#3341,#3342));
#3325 = ORIENTED_EDGE('',*,*,#3326,.T.);
#3326 = EDGE_CURVE('',#3327,#3329,#3331,.T.);
#3327 = VERTEX_POINT('',#3328);
#3328 = CARTESIAN_POINT('',(7.5E-02,0.25,-3.09));
#3329 = VERTEX_POINT('',#3330);
#3330 = CARTESIAN_POINT('',(0.425,0.25,-3.09));
#3331 = LINE('',#3332,#3333);
#3332 = CARTESIAN_POINT('',(7.5E-02,0.25,-3.09));
#3333 = VECTOR('',#3334,1.);
#3334 = DIRECTION('',(1.,0.,0.));
#3335 = ORIENTED_EDGE('',*,*,#3336,.F.);
#3336 = EDGE_CURVE('',#2588,#3329,#3337,.T.);
#3337 = LINE('',#3338,#3339);
#3338 = CARTESIAN_POINT('',(0.425,4.E-02,-3.09));
#3339 = VECTOR('',#3340,1.);
#3340 = DIRECTION('',(0.,1.,0.));
#3341 = ORIENTED_EDGE('',*,*,#2587,.F.);
#3342 = ORIENTED_EDGE('',*,*,#3343,.T.);
#3343 = EDGE_CURVE('',#2580,#3327,#3344,.T.);
#3344 = LINE('',#3345,#3346);
#3345 = CARTESIAN_POINT('',(7.5E-02,4.E-02,-3.09));
#3346 = VECTOR('',#3347,1.);
#3347 = DIRECTION('',(0.,1.,0.));
#3348 = PLANE('',#3349);
#3349 = AXIS2_PLACEMENT_3D('',#3350,#3351,#3352);
#3350 = CARTESIAN_POINT('',(-1.3,0.25,-3.09));
#3351 = DIRECTION('',(0.,0.,1.));
#3352 = DIRECTION('',(1.,0.,-0.));
#3353 = ADVANCED_FACE('',(#3354),#3379,.F.);
#3354 = FACE_BOUND('',#3355,.T.);
#3355 = EDGE_LOOP('',(#3356,#3366,#3372,#3373));
#3356 = ORIENTED_EDGE('',*,*,#3357,.T.);
#3357 = EDGE_CURVE('',#3358,#3360,#3362,.T.);
#3358 = VERTEX_POINT('',#3359);
#3359 = CARTESIAN_POINT('',(-0.425,0.25,-3.09));
#3360 = VERTEX_POINT('',#3361);
#3361 = CARTESIAN_POINT('',(-7.5E-02,0.25,-3.09));
#3362 = LINE('',#3363,#3364);
#3363 = CARTESIAN_POINT('',(-0.425,0.25,-3.09));
#3364 = VECTOR('',#3365,1.);
#3365 = DIRECTION('',(1.,0.,0.));
#3366 = ORIENTED_EDGE('',*,*,#3367,.F.);
#3367 = EDGE_CURVE('',#2556,#3360,#3368,.T.);
#3368 = LINE('',#3369,#3370);
#3369 = CARTESIAN_POINT('',(-7.5E-02,4.E-02,-3.09));
#3370 = VECTOR('',#3371,1.);
#3371 = DIRECTION('',(0.,1.,0.));
#3372 = ORIENTED_EDGE('',*,*,#2555,.F.);
#3373 = ORIENTED_EDGE('',*,*,#3374,.T.);
#3374 = EDGE_CURVE('',#2548,#3358,#3375,.T.);
#3375 = LINE('',#3376,#3377);
#3376 = CARTESIAN_POINT('',(-0.425,4.E-02,-3.09));
#3377 = VECTOR('',#3378,1.);
#3378 = DIRECTION('',(0.,1.,0.));
#3379 = PLANE('',#3380);
#3380 = AXIS2_PLACEMENT_3D('',#3381,#3382,#3383);
#3381 = CARTESIAN_POINT('',(-1.3,0.25,-3.09));
#3382 = DIRECTION('',(0.,0.,1.));
#3383 = DIRECTION('',(1.,0.,-0.));
#3384 = ADVANCED_FACE('',(#3385),#3403,.F.);
#3385 = FACE_BOUND('',#3386,.T.);
#3386 = EDGE_LOOP('',(#3387,#3388,#3396,#3402));
#3387 = ORIENTED_EDGE('',*,*,#2745,.F.);
#3388 = ORIENTED_EDGE('',*,*,#3389,.F.);
#3389 = EDGE_CURVE('',#3390,#2738,#3392,.T.);
#3390 = VERTEX_POINT('',#3391);
#3391 = CARTESIAN_POINT('',(-1.3,0.25,-3.09));
#3392 = LINE('',#3393,#3394);
#3393 = CARTESIAN_POINT('',(-1.3,0.25,-3.09));
#3394 = VECTOR('',#3395,1.);
#3395 = DIRECTION('',(0.,-1.,0.));
#3396 = ORIENTED_EDGE('',*,*,#3397,.T.);
#3397 = EDGE_CURVE('',#3390,#2768,#3398,.T.);
#3398 = LINE('',#3399,#3400);
#3399 = CARTESIAN_POINT('',(-1.3,0.25,-3.09));
#3400 = VECTOR('',#3401,1.);
#3401 = DIRECTION('',(1.,0.,0.));
#3402 = ORIENTED_EDGE('',*,*,#2767,.F.);
#3403 = PLANE('',#3404);
#3404 = AXIS2_PLACEMENT_3D('',#3405,#3406,#3407);
#3405 = CARTESIAN_POINT('',(-1.3,0.25,-3.09));
#3406 = DIRECTION('',(0.,0.,1.));
#3407 = DIRECTION('',(1.,0.,-0.));
#3408 = ADVANCED_FACE('',(#3409),#3427,.F.);
#3409 = FACE_BOUND('',#3410,.T.);
#3410 = EDGE_LOOP('',(#3411,#3419,#3425,#3426));
#3411 = ORIENTED_EDGE('',*,*,#3412,.T.);
#3412 = EDGE_CURVE('',#3072,#3413,#3415,.T.);
#3413 = VERTEX_POINT('',#3414);
#3414 = CARTESIAN_POINT('',(-0.575,0.25,-3.09));
#3415 = LINE('',#3416,#3417);
#3416 = CARTESIAN_POINT('',(-0.925,0.25,-3.09));
#3417 = VECTOR('',#3418,1.);
#3418 = DIRECTION('',(1.,0.,0.));
#3419 = ORIENTED_EDGE('',*,*,#3420,.F.);
#3420 = EDGE_CURVE('',#2524,#3413,#3421,.T.);
#3421 = LINE('',#3422,#3423);
#3422 = CARTESIAN_POINT('',(-0.575,4.E-02,-3.09));
#3423 = VECTOR('',#3424,1.);
#3424 = DIRECTION('',(0.,1.,0.));
#3425 = ORIENTED_EDGE('',*,*,#2523,.F.);
#3426 = ORIENTED_EDGE('',*,*,#3079,.T.);
#3427 = PLANE('',#3428);
#3428 = AXIS2_PLACEMENT_3D('',#3429,#3430,#3431);
#3429 = CARTESIAN_POINT('',(-1.3,0.25,-3.09));
#3430 = DIRECTION('',(0.,0.,1.));
#3431 = DIRECTION('',(1.,0.,-0.));
#3432 = ADVANCED_FACE('',(#3433),#3505,.F.);
#3433 = FACE_BOUND('',#3434,.T.);
#3434 = EDGE_LOOP('',(#3435,#3436,#3444,#3452,#3460,#3468,#3476,#3484,
    #3492,#3498,#3499));
#3435 = ORIENTED_EDGE('',*,*,#1335,.T.);
#3436 = ORIENTED_EDGE('',*,*,#3437,.F.);
#3437 = EDGE_CURVE('',#3438,#1328,#3440,.T.);
#3438 = VERTEX_POINT('',#3439);
#3439 = CARTESIAN_POINT('',(1.89,0.25,-2.618889158413));
#3440 = LINE('',#3441,#3442);
#3441 = CARTESIAN_POINT('',(1.89,0.25,-2.618889158413));
#3442 = VECTOR('',#3443,1.);
#3443 = DIRECTION('',(0.,0.,1.));
#3444 = ORIENTED_EDGE('',*,*,#3445,.F.);
#3445 = EDGE_CURVE('',#3446,#3438,#3448,.T.);
#3446 = VERTEX_POINT('',#3447);
#3447 = CARTESIAN_POINT('',(1.55,0.25,-2.618889158413));
#3448 = LINE('',#3449,#3450);
#3449 = CARTESIAN_POINT('',(1.55,0.25,-2.618889158413));
#3450 = VECTOR('',#3451,1.);
#3451 = DIRECTION('',(1.,0.,0.));
#3452 = ORIENTED_EDGE('',*,*,#3453,.T.);
#3453 = EDGE_CURVE('',#3446,#3454,#3456,.T.);
#3454 = VERTEX_POINT('',#3455);
#3455 = CARTESIAN_POINT('',(1.55,0.25,-2.751543715734));
#3456 = LINE('',#3457,#3458);
#3457 = CARTESIAN_POINT('',(1.55,0.25,-2.618889158413));
#3458 = VECTOR('',#3459,1.);
#3459 = DIRECTION('',(0.,0.,-1.));
#3460 = ORIENTED_EDGE('',*,*,#3461,.T.);
#3461 = EDGE_CURVE('',#3454,#3462,#3464,.T.);
#3462 = VERTEX_POINT('',#3463);
#3463 = CARTESIAN_POINT('',(1.89,0.25,-2.751543715734));
#3464 = LINE('',#3465,#3466);
#3465 = CARTESIAN_POINT('',(1.55,0.25,-2.751543715734));
#3466 = VECTOR('',#3467,1.);
#3467 = DIRECTION('',(1.,0.,0.));
#3468 = ORIENTED_EDGE('',*,*,#3469,.F.);
#3469 = EDGE_CURVE('',#3470,#3462,#3472,.T.);
#3470 = VERTEX_POINT('',#3471);
#3471 = CARTESIAN_POINT('',(1.89,0.25,-3.33));
#3472 = LINE('',#3473,#3474);
#3473 = CARTESIAN_POINT('',(1.89,0.25,-3.33));
#3474 = VECTOR('',#3475,1.);
#3475 = DIRECTION('',(0.,0.,1.));
#3476 = ORIENTED_EDGE('',*,*,#3477,.T.);
#3477 = EDGE_CURVE('',#3470,#3478,#3480,.T.);
#3478 = VERTEX_POINT('',#3479);
#3479 = CARTESIAN_POINT('',(1.98,0.25,-3.6));
#3480 = LINE('',#3481,#3482);
#3481 = CARTESIAN_POINT('',(1.89,0.25,-3.33));
#3482 = VECTOR('',#3483,1.);
#3483 = DIRECTION('',(0.316227766017,0.,-0.948683298051));
#3484 = ORIENTED_EDGE('',*,*,#3485,.F.);
#3485 = EDGE_CURVE('',#3486,#3478,#3488,.T.);
#3486 = VERTEX_POINT('',#3487);
#3487 = CARTESIAN_POINT('',(1.3,0.25,-3.6));
#3488 = LINE('',#3489,#3490);
#3489 = CARTESIAN_POINT('',(1.3,0.25,-3.6));
#3490 = VECTOR('',#3491,1.);
#3491 = DIRECTION('',(1.,0.,0.));
#3492 = ORIENTED_EDGE('',*,*,#3493,.T.);
#3493 = EDGE_CURVE('',#3486,#3265,#3494,.T.);
#3494 = LINE('',#3495,#3496);
#3495 = CARTESIAN_POINT('',(1.3,0.25,-3.6));
#3496 = VECTOR('',#3497,1.);
#3497 = DIRECTION('',(0.,0.,1.));
#3498 = ORIENTED_EDGE('',*,*,#3281,.F.);
#3499 = ORIENTED_EDGE('',*,*,#3500,.F.);
#3500 = EDGE_CURVE('',#1336,#3274,#3501,.T.);
#3501 = LINE('',#3502,#3503);
#3502 = CARTESIAN_POINT('',(1.075,0.25,-1.9));
#3503 = VECTOR('',#3504,1.);
#3504 = DIRECTION('',(0.,0.,-1.));
#3505 = PLANE('',#3506);
#3506 = AXIS2_PLACEMENT_3D('',#3507,#3508,#3509);
#3507 = CARTESIAN_POINT('',(-2.1,0.25,0.));
#3508 = DIRECTION('',(0.,-1.,0.));
#3509 = DIRECTION('',(0.,0.,-1.));
#3510 = ADVANCED_FACE('',(#3511),#3527,.F.);
#3511 = FACE_BOUND('',#3512,.T.);
#3512 = EDGE_LOOP('',(#3513,#3514,#3520,#3521));
#3513 = ORIENTED_EDGE('',*,*,#1367,.T.);
#3514 = ORIENTED_EDGE('',*,*,#3515,.T.);
#3515 = EDGE_CURVE('',#1360,#3298,#3516,.T.);
#3516 = LINE('',#3517,#3518);
#3517 = CARTESIAN_POINT('',(0.925,0.25,-1.9));
#3518 = VECTOR('',#3519,1.);
#3519 = DIRECTION('',(0.,0.,-1.));
#3520 = ORIENTED_EDGE('',*,*,#3295,.F.);
#3521 = ORIENTED_EDGE('',*,*,#3522,.F.);
#3522 = EDGE_CURVE('',#1368,#3296,#3523,.T.);
#3523 = LINE('',#3524,#3525);
#3524 = CARTESIAN_POINT('',(0.575,0.25,-1.9));
#3525 = VECTOR('',#3526,1.);
#3526 = DIRECTION('',(0.,0.,-1.));
#3527 = PLANE('',#3528);
#3528 = AXIS2_PLACEMENT_3D('',#3529,#3530,#3531);
#3529 = CARTESIAN_POINT('',(-2.1,0.25,0.));
#3530 = DIRECTION('',(0.,-1.,0.));
#3531 = DIRECTION('',(0.,0.,-1.));
#3532 = ADVANCED_FACE('',(#3533),#3549,.F.);
#3533 = FACE_BOUND('',#3534,.T.);
#3534 = EDGE_LOOP('',(#3535,#3536,#3542,#3543));
#3535 = ORIENTED_EDGE('',*,*,#1399,.T.);
#3536 = ORIENTED_EDGE('',*,*,#3537,.T.);
#3537 = EDGE_CURVE('',#1392,#3329,#3538,.T.);
#3538 = LINE('',#3539,#3540);
#3539 = CARTESIAN_POINT('',(0.425,0.25,-1.9));
#3540 = VECTOR('',#3541,1.);
#3541 = DIRECTION('',(0.,0.,-1.));
#3542 = ORIENTED_EDGE('',*,*,#3326,.F.);
#3543 = ORIENTED_EDGE('',*,*,#3544,.F.);
#3544 = EDGE_CURVE('',#1400,#3327,#3545,.T.);
#3545 = LINE('',#3546,#3547);
#3546 = CARTESIAN_POINT('',(7.5E-02,0.25,-1.9));
#3547 = VECTOR('',#3548,1.);
#3548 = DIRECTION('',(0.,0.,-1.));
#3549 = PLANE('',#3550);
#3550 = AXIS2_PLACEMENT_3D('',#3551,#3552,#3553);
#3551 = CARTESIAN_POINT('',(-2.1,0.25,0.));
#3552 = DIRECTION('',(0.,-1.,0.));
#3553 = DIRECTION('',(0.,0.,-1.));
#3554 = ADVANCED_FACE('',(#3555),#3571,.F.);
#3555 = FACE_BOUND('',#3556,.T.);
#3556 = EDGE_LOOP('',(#3557,#3558,#3564,#3565));
#3557 = ORIENTED_EDGE('',*,*,#1431,.T.);
#3558 = ORIENTED_EDGE('',*,*,#3559,.T.);
#3559 = EDGE_CURVE('',#1424,#3360,#3560,.T.);
#3560 = LINE('',#3561,#3562);
#3561 = CARTESIAN_POINT('',(-7.5E-02,0.25,-1.9));
#3562 = VECTOR('',#3563,1.);
#3563 = DIRECTION('',(0.,0.,-1.));
#3564 = ORIENTED_EDGE('',*,*,#3357,.F.);
#3565 = ORIENTED_EDGE('',*,*,#3566,.F.);
#3566 = EDGE_CURVE('',#1432,#3358,#3567,.T.);
#3567 = LINE('',#3568,#3569);
#3568 = CARTESIAN_POINT('',(-0.425,0.25,-1.9));
#3569 = VECTOR('',#3570,1.);
#3570 = DIRECTION('',(0.,0.,-1.));
#3571 = PLANE('',#3572);
#3572 = AXIS2_PLACEMENT_3D('',#3573,#3574,#3575);
#3573 = CARTESIAN_POINT('',(-2.1,0.25,0.));
#3574 = DIRECTION('',(0.,-1.,0.));
#3575 = DIRECTION('',(0.,0.,-1.));
#3576 = ADVANCED_FACE('',(#3577),#3644,.F.);
#3577 = FACE_BOUND('',#3578,.T.);
#3578 = EDGE_LOOP('',(#3579,#3580,#3588,#3596,#3604,#3612,#3620,#3628,
    #3636,#3642,#3643));
#3579 = ORIENTED_EDGE('',*,*,#3397,.F.);
#3580 = ORIENTED_EDGE('',*,*,#3581,.F.);
#3581 = EDGE_CURVE('',#3582,#3390,#3584,.T.);
#3582 = VERTEX_POINT('',#3583);
#3583 = CARTESIAN_POINT('',(-1.3,0.25,-3.6));
#3584 = LINE('',#3585,#3586);
#3585 = CARTESIAN_POINT('',(-1.3,0.25,-3.6));
#3586 = VECTOR('',#3587,1.);
#3587 = DIRECTION('',(0.,0.,1.));
#3588 = ORIENTED_EDGE('',*,*,#3589,.F.);
#3589 = EDGE_CURVE('',#3590,#3582,#3592,.T.);
#3590 = VERTEX_POINT('',#3591);
#3591 = CARTESIAN_POINT('',(-1.98,0.25,-3.6));
#3592 = LINE('',#3593,#3594);
#3593 = CARTESIAN_POINT('',(-1.98,0.25,-3.6));
#3594 = VECTOR('',#3595,1.);
#3595 = DIRECTION('',(1.,0.,0.));
#3596 = ORIENTED_EDGE('',*,*,#3597,.T.);
#3597 = EDGE_CURVE('',#3590,#3598,#3600,.T.);
#3598 = VERTEX_POINT('',#3599);
#3599 = CARTESIAN_POINT('',(-1.89,0.25,-3.33));
#3600 = LINE('',#3601,#3602);
#3601 = CARTESIAN_POINT('',(-1.98,0.25,-3.6));
#3602 = VECTOR('',#3603,1.);
#3603 = DIRECTION('',(0.316227766017,0.,0.948683298051));
#3604 = ORIENTED_EDGE('',*,*,#3605,.T.);
#3605 = EDGE_CURVE('',#3598,#3606,#3608,.T.);
#3606 = VERTEX_POINT('',#3607);
#3607 = CARTESIAN_POINT('',(-1.89,0.25,-2.751543715734));
#3608 = LINE('',#3609,#3610);
#3609 = CARTESIAN_POINT('',(-1.89,0.25,-3.33));
#3610 = VECTOR('',#3611,1.);
#3611 = DIRECTION('',(0.,0.,1.));
#3612 = ORIENTED_EDGE('',*,*,#3613,.T.);
#3613 = EDGE_CURVE('',#3606,#3614,#3616,.T.);
#3614 = VERTEX_POINT('',#3615);
#3615 = CARTESIAN_POINT('',(-1.55,0.25,-2.751543715734));
#3616 = LINE('',#3617,#3618);
#3617 = CARTESIAN_POINT('',(-1.89,0.25,-2.751543715734));
#3618 = VECTOR('',#3619,1.);
#3619 = DIRECTION('',(1.,0.,0.));
#3620 = ORIENTED_EDGE('',*,*,#3621,.F.);
#3621 = EDGE_CURVE('',#3622,#3614,#3624,.T.);
#3622 = VERTEX_POINT('',#3623);
#3623 = CARTESIAN_POINT('',(-1.55,0.25,-2.618889158413));
#3624 = LINE('',#3625,#3626);
#3625 = CARTESIAN_POINT('',(-1.55,0.25,-2.618889158413));
#3626 = VECTOR('',#3627,1.);
#3627 = DIRECTION('',(0.,0.,-1.));
#3628 = ORIENTED_EDGE('',*,*,#3629,.T.);
#3629 = EDGE_CURVE('',#3622,#3630,#3632,.T.);
#3630 = VERTEX_POINT('',#3631);
#3631 = CARTESIAN_POINT('',(-1.89,0.25,-2.618889158413));
#3632 = LINE('',#3633,#3634);
#3633 = CARTESIAN_POINT('',(-1.55,0.25,-2.618889158413));
#3634 = VECTOR('',#3635,1.);
#3635 = DIRECTION('',(-1.,0.,0.));
#3636 = ORIENTED_EDGE('',*,*,#3637,.T.);
#3637 = EDGE_CURVE('',#3630,#1270,#3638,.T.);
#3638 = LINE('',#3639,#3640);
#3639 = CARTESIAN_POINT('',(-1.89,0.25,-2.618889158413));
#3640 = VECTOR('',#3641,1.);
#3641 = DIRECTION('',(0.,0.,1.));
#3642 = ORIENTED_EDGE('',*,*,#1269,.T.);
#3643 = ORIENTED_EDGE('',*,*,#2775,.T.);
#3644 = PLANE('',#3645);
#3645 = AXIS2_PLACEMENT_3D('',#3646,#3647,#3648);
#3646 = CARTESIAN_POINT('',(-2.1,0.25,0.));
#3647 = DIRECTION('',(0.,-1.,0.));
#3648 = DIRECTION('',(0.,0.,-1.));
#3649 = ADVANCED_FACE('',(#3650),#3661,.F.);
#3650 = FACE_BOUND('',#3651,.T.);
#3651 = EDGE_LOOP('',(#3652,#3653,#3659,#3660));
#3652 = ORIENTED_EDGE('',*,*,#1463,.T.);
#3653 = ORIENTED_EDGE('',*,*,#3654,.T.);
#3654 = EDGE_CURVE('',#1456,#3413,#3655,.T.);
#3655 = LINE('',#3656,#3657);
#3656 = CARTESIAN_POINT('',(-0.575,0.25,-1.9));
#3657 = VECTOR('',#3658,1.);
#3658 = DIRECTION('',(0.,0.,-1.));
#3659 = ORIENTED_EDGE('',*,*,#3412,.F.);
#3660 = ORIENTED_EDGE('',*,*,#3071,.F.);
#3661 = PLANE('',#3662);
#3662 = AXIS2_PLACEMENT_3D('',#3663,#3664,#3665);
#3663 = CARTESIAN_POINT('',(-2.1,0.25,0.));
#3664 = DIRECTION('',(0.,-1.,0.));
#3665 = DIRECTION('',(0.,0.,-1.));
#3666 = ADVANCED_FACE('',(#3667),#3701,.T.);
#3667 = FACE_BOUND('',#3668,.T.);
#3668 = EDGE_LOOP('',(#3669,#3679,#3687,#3695));
#3669 = ORIENTED_EDGE('',*,*,#3670,.F.);
#3670 = EDGE_CURVE('',#3671,#3673,#3675,.T.);
#3671 = VERTEX_POINT('',#3672);
#3672 = CARTESIAN_POINT('',(1.075,0.7,-2.716590384437));
#3673 = VERTEX_POINT('',#3674);
#3674 = CARTESIAN_POINT('',(1.075,0.824632851817,-2.727494346074));
#3675 = LINE('',#3676,#3677);
#3676 = CARTESIAN_POINT('',(1.075,0.7,-2.716590384437));
#3677 = VECTOR('',#3678,1.);
#3678 = DIRECTION('',(0.,0.996194698092,-8.715574274766E-02));
#3679 = ORIENTED_EDGE('',*,*,#3680,.T.);
#3680 = EDGE_CURVE('',#3671,#3681,#3683,.T.);
#3681 = VERTEX_POINT('',#3682);
#3682 = CARTESIAN_POINT('',(1.075,0.7,-2.78));
#3683 = LINE('',#3684,#3685);
#3684 = CARTESIAN_POINT('',(1.075,0.7,-2.716590384437));
#3685 = VECTOR('',#3686,1.);
#3686 = DIRECTION('',(0.,0.,-1.));
#3687 = ORIENTED_EDGE('',*,*,#3688,.T.);
#3688 = EDGE_CURVE('',#3681,#3689,#3691,.T.);
#3689 = VERTEX_POINT('',#3690);
#3690 = CARTESIAN_POINT('',(1.075,0.82,-2.78));
#3691 = LINE('',#3692,#3693);
#3692 = CARTESIAN_POINT('',(1.075,0.7,-2.78));
#3693 = VECTOR('',#3694,1.);
#3694 = DIRECTION('',(0.,1.,0.));
#3695 = ORIENTED_EDGE('',*,*,#3696,.T.);
#3696 = EDGE_CURVE('',#3689,#3673,#3697,.T.);
#3697 = LINE('',#3698,#3699);
#3698 = CARTESIAN_POINT('',(1.075,0.82,-2.78));
#3699 = VECTOR('',#3700,1.);
#3700 = DIRECTION('',(0.,8.789381029636E-02,0.996129850025));
#3701 = PLANE('',#3702);
#3702 = AXIS2_PLACEMENT_3D('',#3703,#3704,#3705);
#3703 = CARTESIAN_POINT('',(1.075,0.,0.));
#3704 = DIRECTION('',(1.,0.,0.));
#3705 = DIRECTION('',(-0.,1.,0.));
#3706 = ADVANCED_FACE('',(#3707),#3759,.T.);
#3707 = FACE_BOUND('',#3708,.T.);
#3708 = EDGE_LOOP('',(#3709,#3710,#3711,#3719,#3727,#3735,#3743,#3751,
    #3757,#3758));
#3709 = ORIENTED_EDGE('',*,*,#3273,.T.);
#3710 = ORIENTED_EDGE('',*,*,#2643,.F.);
#3711 = ORIENTED_EDGE('',*,*,#3712,.T.);
#3712 = EDGE_CURVE('',#2636,#3713,#3715,.T.);
#3713 = VERTEX_POINT('',#3714);
#3714 = CARTESIAN_POINT('',(1.075,-2.E-02,-3.05));
#3715 = LINE('',#3716,#3717);
#3716 = CARTESIAN_POINT('',(1.075,4.E-02,-3.05));
#3717 = VECTOR('',#3718,1.);
#3718 = DIRECTION('',(0.,-1.,0.));
#3719 = ORIENTED_EDGE('',*,*,#3720,.T.);
#3720 = EDGE_CURVE('',#3713,#3721,#3723,.T.);
#3721 = VERTEX_POINT('',#3722);
#3722 = CARTESIAN_POINT('',(1.075,-2.E-02,-3.55));
#3723 = LINE('',#3724,#3725);
#3724 = CARTESIAN_POINT('',(1.075,-2.E-02,-3.05));
#3725 = VECTOR('',#3726,1.);
#3726 = DIRECTION('',(0.,0.,-1.));
#3727 = ORIENTED_EDGE('',*,*,#3728,.T.);
#3728 = EDGE_CURVE('',#3721,#3729,#3731,.T.);
#3729 = VERTEX_POINT('',#3730);
#3730 = CARTESIAN_POINT('',(1.075,0.17,-3.55));
#3731 = LINE('',#3732,#3733);
#3732 = CARTESIAN_POINT('',(1.075,-2.E-02,-3.55));
#3733 = VECTOR('',#3734,1.);
#3734 = DIRECTION('',(0.,1.,0.));
#3735 = ORIENTED_EDGE('',*,*,#3736,.T.);
#3736 = EDGE_CURVE('',#3729,#3737,#3739,.T.);
#3737 = VERTEX_POINT('',#3738);
#3738 = CARTESIAN_POINT('',(1.075,0.17,-3.35));
#3739 = LINE('',#3740,#3741);
#3740 = CARTESIAN_POINT('',(1.075,0.17,-3.55));
#3741 = VECTOR('',#3742,1.);
#3742 = DIRECTION('',(0.,0.,1.));
#3743 = ORIENTED_EDGE('',*,*,#3744,.T.);
#3744 = EDGE_CURVE('',#3737,#3745,#3747,.T.);
#3745 = VERTEX_POINT('',#3746);
#3746 = CARTESIAN_POINT('',(1.075,0.27,-3.35));
#3747 = LINE('',#3748,#3749);
#3748 = CARTESIAN_POINT('',(1.075,0.17,-3.35));
#3749 = VECTOR('',#3750,1.);
#3750 = DIRECTION('',(0.,1.,0.));
#3751 = ORIENTED_EDGE('',*,*,#3752,.T.);
#3752 = EDGE_CURVE('',#3745,#1344,#3753,.T.);
#3753 = LINE('',#3754,#3755);
#3754 = CARTESIAN_POINT('',(1.075,0.27,-3.35));
#3755 = VECTOR('',#3756,1.);
#3756 = DIRECTION('',(0.,0.,1.));
#3757 = ORIENTED_EDGE('',*,*,#1343,.F.);
#3758 = ORIENTED_EDGE('',*,*,#3500,.T.);
#3759 = PLANE('',#3760);
#3760 = AXIS2_PLACEMENT_3D('',#3761,#3762,#3763);
#3761 = CARTESIAN_POINT('',(1.075,0.,0.));
#3762 = DIRECTION('',(1.,0.,0.));
#3763 = DIRECTION('',(-0.,1.,0.));
#3764 = ADVANCED_FACE('',(#3765),#3798,.T.);
#3765 = FACE_BOUND('',#3766,.T.);
#3766 = EDGE_LOOP('',(#3767,#3777,#3783,#3784,#3792));
#3767 = ORIENTED_EDGE('',*,*,#3768,.T.);
#3768 = EDGE_CURVE('',#3769,#3771,#3773,.T.);
#3769 = VERTEX_POINT('',#3770);
#3770 = CARTESIAN_POINT('',(1.075,0.868579769028,-2.229429284355));
#3771 = VERTEX_POINT('',#3772);
#3772 = CARTESIAN_POINT('',(1.075,0.88,-2.1));
#3773 = LINE('',#3774,#3775);
#3774 = CARTESIAN_POINT('',(1.075,0.868579769028,-2.229429284355));
#3775 = VECTOR('',#3776,1.);
#3776 = DIRECTION('',(0.,8.789381029636E-02,0.996129850025));
#3777 = ORIENTED_EDGE('',*,*,#3778,.T.);
#3778 = EDGE_CURVE('',#3771,#1517,#3779,.T.);
#3779 = LINE('',#3780,#3781);
#3780 = CARTESIAN_POINT('',(1.075,0.88,-2.1));
#3781 = VECTOR('',#3782,1.);
#3782 = DIRECTION('',(0.,0.,1.));
#3783 = ORIENTED_EDGE('',*,*,#1516,.F.);
#3784 = ORIENTED_EDGE('',*,*,#3785,.T.);
#3785 = EDGE_CURVE('',#1509,#3786,#3788,.T.);
#3786 = VERTEX_POINT('',#3787);
#3787 = CARTESIAN_POINT('',(1.075,0.7,-2.214680465665));
#3788 = LINE('',#3789,#3790);
#3789 = CARTESIAN_POINT('',(1.075,0.7,-1.9));
#3790 = VECTOR('',#3791,1.);
#3791 = DIRECTION('',(0.,0.,-1.));
#3792 = ORIENTED_EDGE('',*,*,#3793,.T.);
#3793 = EDGE_CURVE('',#3786,#3769,#3794,.T.);
#3794 = LINE('',#3795,#3796);
#3795 = CARTESIAN_POINT('',(1.075,0.7,-2.214680465665));
#3796 = VECTOR('',#3797,1.);
#3797 = DIRECTION('',(0.,0.996194698092,-8.715574274766E-02));
#3798 = PLANE('',#3799);
#3799 = AXIS2_PLACEMENT_3D('',#3800,#3801,#3802);
#3800 = CARTESIAN_POINT('',(1.075,0.,0.));
#3801 = DIRECTION('',(1.,0.,0.));
#3802 = DIRECTION('',(-0.,1.,0.));
#3803 = ADVANCED_FACE('',(#3804),#3839,.T.);
#3804 = FACE_BOUND('',#3805,.T.);
#3805 = EDGE_LOOP('',(#3806,#3817,#3825,#3833));
#3806 = ORIENTED_EDGE('',*,*,#3807,.T.);
#3807 = EDGE_CURVE('',#3808,#3810,#3812,.T.);
#3808 = VERTEX_POINT('',#3809);
#3809 = CARTESIAN_POINT('',(1.075,0.335711504388,-0.610641777725));
#3810 = VERTEX_POINT('',#3811);
#3811 = CARTESIAN_POINT('',(1.075,0.344662000977,-0.560036390902));
#3812 = CIRCLE('',#3813,4.E-02);
#3813 = AXIS2_PLACEMENT_3D('',#3814,#3815,#3816);
#3814 = CARTESIAN_POINT('',(1.075,0.31,-0.58));
#3815 = DIRECTION('',(1.,0.,0.));
#3816 = DIRECTION('',(0.,0.642787609687,-0.766044443119));
#3817 = ORIENTED_EDGE('',*,*,#3818,.T.);
#3818 = EDGE_CURVE('',#3810,#3819,#3821,.T.);
#3819 = VERTEX_POINT('',#3820);
#3820 = CARTESIAN_POINT('',(1.075,0.29,-0.465128986034));
#3821 = LINE('',#3822,#3823);
#3822 = CARTESIAN_POINT('',(1.075,0.344662000977,-0.560036390902));
#3823 = VECTOR('',#3824,1.);
#3824 = DIRECTION('',(0.,-0.499090227459,0.866550024439));
#3825 = ORIENTED_EDGE('',*,*,#3826,.F.);
#3826 = EDGE_CURVE('',#3827,#3819,#3829,.T.);
#3827 = VERTEX_POINT('',#3828);
#3828 = CARTESIAN_POINT('',(1.075,0.29,-0.648998284197));
#3829 = LINE('',#3830,#3831);
#3830 = CARTESIAN_POINT('',(1.075,0.29,-0.648998284197));
#3831 = VECTOR('',#3832,1.);
#3832 = DIRECTION('',(0.,0.,1.));
#3833 = ORIENTED_EDGE('',*,*,#3834,.T.);
#3834 = EDGE_CURVE('',#3827,#3808,#3835,.T.);
#3835 = LINE('',#3836,#3837);
#3836 = CARTESIAN_POINT('',(1.075,0.29,-0.648998284197));
#3837 = VECTOR('',#3838,1.);
#3838 = DIRECTION('',(0.,0.766044443119,0.642787609687));
#3839 = PLANE('',#3840);
#3840 = AXIS2_PLACEMENT_3D('',#3841,#3842,#3843);
#3841 = CARTESIAN_POINT('',(1.075,0.,0.));
#3842 = DIRECTION('',(1.,0.,0.));
#3843 = DIRECTION('',(-0.,1.,0.));
#3844 = ADVANCED_FACE('',(#3845),#3889,.T.);
#3845 = FACE_BOUND('',#3846,.T.);
#3846 = EDGE_LOOP('',(#3847,#3857,#3866,#3874,#3883));
#3847 = ORIENTED_EDGE('',*,*,#3848,.T.);
#3848 = EDGE_CURVE('',#3849,#3851,#3853,.T.);
#3849 = VERTEX_POINT('',#3850);
#3850 = CARTESIAN_POINT('',(1.075,0.7,-0.427294077388));
#3851 = VERTEX_POINT('',#3852);
#3852 = CARTESIAN_POINT('',(1.075,0.647587391124,-0.565847378437));
#3853 = LINE('',#3854,#3855);
#3854 = CARTESIAN_POINT('',(1.075,0.7,-0.427294077388));
#3855 = VECTOR('',#3856,1.);
#3856 = DIRECTION('',(0.,-0.353815539072,-0.935315221896));
#3857 = ORIENTED_EDGE('',*,*,#3858,.T.);
#3858 = EDGE_CURVE('',#3851,#3859,#3861,.T.);
#3859 = VERTEX_POINT('',#3860);
#3860 = CARTESIAN_POINT('',(1.075,0.659288495613,-0.610641777725));
#3861 = CIRCLE('',#3862,4.E-02);
#3862 = AXIS2_PLACEMENT_3D('',#3863,#3864,#3865);
#3863 = CARTESIAN_POINT('',(1.075,0.685,-0.58));
#3864 = DIRECTION('',(1.,0.,0.));
#3865 = DIRECTION('',(0.,-0.935315221896,0.353815539072));
#3866 = ORIENTED_EDGE('',*,*,#3867,.T.);
#3867 = EDGE_CURVE('',#3859,#3868,#3870,.T.);
#3868 = VERTEX_POINT('',#3869);
#3869 = CARTESIAN_POINT('',(1.075,0.685711504387,-0.632813314642));
#3870 = LINE('',#3871,#3872);
#3871 = CARTESIAN_POINT('',(1.075,0.659288495613,-0.610641777725));
#3872 = VECTOR('',#3873,1.);
#3873 = DIRECTION('',(0.,0.766044443119,-0.642787609687));
#3874 = ORIENTED_EDGE('',*,*,#3875,.T.);
#3875 = EDGE_CURVE('',#3868,#3876,#3878,.T.);
#3876 = VERTEX_POINT('',#3877);
#3877 = CARTESIAN_POINT('',(1.075,0.7,-0.663455092367));
#3878 = CIRCLE('',#3879,4.E-02);
#3879 = AXIS2_PLACEMENT_3D('',#3880,#3881,#3882);
#3880 = CARTESIAN_POINT('',(1.075,0.66,-0.663455092367));
#3881 = DIRECTION('',(-1.,0.,0.));
#3882 = DIRECTION('',(0.,0.642787609687,0.766044443119));
#3883 = ORIENTED_EDGE('',*,*,#3884,.T.);
#3884 = EDGE_CURVE('',#3876,#3849,#3885,.T.);
#3885 = LINE('',#3886,#3887);
#3886 = CARTESIAN_POINT('',(1.075,0.7,-0.663455092367));
#3887 = VECTOR('',#3888,1.);
#3888 = DIRECTION('',(0.,0.,1.));
#3889 = PLANE('',#3890);
#3890 = AXIS2_PLACEMENT_3D('',#3891,#3892,#3893);
#3891 = CARTESIAN_POINT('',(1.075,0.,0.));
#3892 = DIRECTION('',(1.,0.,0.));
#3893 = DIRECTION('',(-0.,1.,0.));
#3894 = ADVANCED_FACE('',(#3895),#3920,.T.);
#3895 = FACE_BOUND('',#3896,.T.);
#3896 = EDGE_LOOP('',(#3897,#3905,#3906,#3914));
#3897 = ORIENTED_EDGE('',*,*,#3898,.T.);
#3898 = EDGE_CURVE('',#3899,#3673,#3901,.T.);
#3899 = VERTEX_POINT('',#3900);
#3900 = CARTESIAN_POINT('',(0.925,0.824632851817,-2.727494346074));
#3901 = LINE('',#3902,#3903);
#3902 = CARTESIAN_POINT('',(0.925,0.824632851817,-2.727494346074));
#3903 = VECTOR('',#3904,1.);
#3904 = DIRECTION('',(1.,0.,0.));
#3905 = ORIENTED_EDGE('',*,*,#3696,.F.);
#3906 = ORIENTED_EDGE('',*,*,#3907,.F.);
#3907 = EDGE_CURVE('',#3908,#3689,#3910,.T.);
#3908 = VERTEX_POINT('',#3909);
#3909 = CARTESIAN_POINT('',(0.925,0.82,-2.78));
#3910 = LINE('',#3911,#3912);
#3911 = CARTESIAN_POINT('',(0.925,0.82,-2.78));
#3912 = VECTOR('',#3913,1.);
#3913 = DIRECTION('',(1.,0.,0.));
#3914 = ORIENTED_EDGE('',*,*,#3915,.T.);
#3915 = EDGE_CURVE('',#3908,#3899,#3916,.T.);
#3916 = LINE('',#3917,#3918);
#3917 = CARTESIAN_POINT('',(0.925,0.82,-2.78));
#3918 = VECTOR('',#3919,1.);
#3919 = DIRECTION('',(0.,8.789381029636E-02,0.996129850025));
#3920 = PLANE('',#3921);
#3921 = AXIS2_PLACEMENT_3D('',#3922,#3923,#3924);
#3922 = CARTESIAN_POINT('',(0.925,0.82,-2.78));
#3923 = DIRECTION('',(0.,0.996129850025,-8.789381029636E-02));
#3924 = DIRECTION('',(-1.,0.,0.));
#3925 = ADVANCED_FACE('',(#3926),#3951,.T.);
#3926 = FACE_BOUND('',#3927,.T.);
#3927 = EDGE_LOOP('',(#3928,#3938,#3944,#3945));
#3928 = ORIENTED_EDGE('',*,*,#3929,.T.);
#3929 = EDGE_CURVE('',#3930,#3932,#3934,.T.);
#3930 = VERTEX_POINT('',#3931);
#3931 = CARTESIAN_POINT('',(0.925,0.868579769028,-2.229429284355));
#3932 = VERTEX_POINT('',#3933);
#3933 = CARTESIAN_POINT('',(0.925,0.88,-2.1));
#3934 = LINE('',#3935,#3936);
#3935 = CARTESIAN_POINT('',(0.925,0.868579769028,-2.229429284355));
#3936 = VECTOR('',#3937,1.);
#3937 = DIRECTION('',(0.,8.789381029636E-02,0.996129850025));
#3938 = ORIENTED_EDGE('',*,*,#3939,.T.);
#3939 = EDGE_CURVE('',#3932,#3771,#3940,.T.);
#3940 = LINE('',#3941,#3942);
#3941 = CARTESIAN_POINT('',(0.925,0.88,-2.1));
#3942 = VECTOR('',#3943,1.);
#3943 = DIRECTION('',(1.,0.,0.));
#3944 = ORIENTED_EDGE('',*,*,#3768,.F.);
#3945 = ORIENTED_EDGE('',*,*,#3946,.F.);
#3946 = EDGE_CURVE('',#3930,#3769,#3947,.T.);
#3947 = LINE('',#3948,#3949);
#3948 = CARTESIAN_POINT('',(0.925,0.868579769028,-2.229429284355));
#3949 = VECTOR('',#3950,1.);
#3950 = DIRECTION('',(1.,0.,0.));
#3951 = PLANE('',#3952);
#3952 = AXIS2_PLACEMENT_3D('',#3953,#3954,#3955);
#3953 = CARTESIAN_POINT('',(0.925,0.82,-2.78));
#3954 = DIRECTION('',(0.,0.996129850025,-8.789381029636E-02));
#3955 = DIRECTION('',(-1.,0.,0.));
#3956 = ADVANCED_FACE('',(#3957),#3982,.F.);
#3957 = FACE_BOUND('',#3958,.T.);
#3958 = EDGE_LOOP('',(#3959,#3967,#3975,#3981));
#3959 = ORIENTED_EDGE('',*,*,#3960,.F.);
#3960 = EDGE_CURVE('',#3961,#3908,#3963,.T.);
#3961 = VERTEX_POINT('',#3962);
#3962 = CARTESIAN_POINT('',(0.925,0.7,-2.78));
#3963 = LINE('',#3964,#3965);
#3964 = CARTESIAN_POINT('',(0.925,0.7,-2.78));
#3965 = VECTOR('',#3966,1.);
#3966 = DIRECTION('',(0.,1.,0.));
#3967 = ORIENTED_EDGE('',*,*,#3968,.F.);
#3968 = EDGE_CURVE('',#3969,#3961,#3971,.T.);
#3969 = VERTEX_POINT('',#3970);
#3970 = CARTESIAN_POINT('',(0.925,0.7,-2.716590384437));
#3971 = LINE('',#3972,#3973);
#3972 = CARTESIAN_POINT('',(0.925,0.7,-2.716590384437));
#3973 = VECTOR('',#3974,1.);
#3974 = DIRECTION('',(0.,0.,-1.));
#3975 = ORIENTED_EDGE('',*,*,#3976,.T.);
#3976 = EDGE_CURVE('',#3969,#3899,#3977,.T.);
#3977 = LINE('',#3978,#3979);
#3978 = CARTESIAN_POINT('',(0.925,0.7,-2.716590384437));
#3979 = VECTOR('',#3980,1.);
#3980 = DIRECTION('',(0.,0.996194698092,-8.715574274766E-02));
#3981 = ORIENTED_EDGE('',*,*,#3915,.F.);
#3982 = PLANE('',#3983);
#3983 = AXIS2_PLACEMENT_3D('',#3984,#3985,#3986);
#3984 = CARTESIAN_POINT('',(0.925,0.,0.));
#3985 = DIRECTION('',(1.,0.,0.));
#3986 = DIRECTION('',(-0.,1.,0.));
#3987 = ADVANCED_FACE('',(#3988),#4040,.F.);
#3988 = FACE_BOUND('',#3989,.T.);
#3989 = EDGE_LOOP('',(#3990,#3991,#3999,#4007,#4015,#4023,#4031,#4037,
    #4038,#4039));
#3990 = ORIENTED_EDGE('',*,*,#1359,.T.);
#3991 = ORIENTED_EDGE('',*,*,#3992,.F.);
#3992 = EDGE_CURVE('',#3993,#1352,#3995,.T.);
#3993 = VERTEX_POINT('',#3994);
#3994 = CARTESIAN_POINT('',(0.925,0.27,-3.35));
#3995 = LINE('',#3996,#3997);
#3996 = CARTESIAN_POINT('',(0.925,0.27,-3.35));
#3997 = VECTOR('',#3998,1.);
#3998 = DIRECTION('',(0.,0.,1.));
#3999 = ORIENTED_EDGE('',*,*,#4000,.F.);
#4000 = EDGE_CURVE('',#4001,#3993,#4003,.T.);
#4001 = VERTEX_POINT('',#4002);
#4002 = CARTESIAN_POINT('',(0.925,0.17,-3.35));
#4003 = LINE('',#4004,#4005);
#4004 = CARTESIAN_POINT('',(0.925,0.17,-3.35));
#4005 = VECTOR('',#4006,1.);
#4006 = DIRECTION('',(0.,1.,0.));
#4007 = ORIENTED_EDGE('',*,*,#4008,.F.);
#4008 = EDGE_CURVE('',#4009,#4001,#4011,.T.);
#4009 = VERTEX_POINT('',#4010);
#4010 = CARTESIAN_POINT('',(0.925,0.17,-3.55));
#4011 = LINE('',#4012,#4013);
#4012 = CARTESIAN_POINT('',(0.925,0.17,-3.55));
#4013 = VECTOR('',#4014,1.);
#4014 = DIRECTION('',(0.,0.,1.));
#4015 = ORIENTED_EDGE('',*,*,#4016,.F.);
#4016 = EDGE_CURVE('',#4017,#4009,#4019,.T.);
#4017 = VERTEX_POINT('',#4018);
#4018 = CARTESIAN_POINT('',(0.925,-2.E-02,-3.55));
#4019 = LINE('',#4020,#4021);
#4020 = CARTESIAN_POINT('',(0.925,-2.E-02,-3.55));
#4021 = VECTOR('',#4022,1.);
#4022 = DIRECTION('',(0.,1.,0.));
#4023 = ORIENTED_EDGE('',*,*,#4024,.F.);
#4024 = EDGE_CURVE('',#4025,#4017,#4027,.T.);
#4025 = VERTEX_POINT('',#4026);
#4026 = CARTESIAN_POINT('',(0.925,-2.E-02,-3.05));
#4027 = LINE('',#4028,#4029);
#4028 = CARTESIAN_POINT('',(0.925,-2.E-02,-3.05));
#4029 = VECTOR('',#4030,1.);
#4030 = DIRECTION('',(0.,0.,-1.));
#4031 = ORIENTED_EDGE('',*,*,#4032,.F.);
#4032 = EDGE_CURVE('',#2628,#4025,#4033,.T.);
#4033 = LINE('',#4034,#4035);
#4034 = CARTESIAN_POINT('',(0.925,4.E-02,-3.05));
#4035 = VECTOR('',#4036,1.);
#4036 = DIRECTION('',(0.,-1.,0.));
#4037 = ORIENTED_EDGE('',*,*,#2627,.T.);
#4038 = ORIENTED_EDGE('',*,*,#3305,.T.);
#4039 = ORIENTED_EDGE('',*,*,#3515,.F.);
#4040 = PLANE('',#4041);
#4041 = AXIS2_PLACEMENT_3D('',#4042,#4043,#4044);
#4042 = CARTESIAN_POINT('',(0.925,0.,0.));
#4043 = DIRECTION('',(1.,0.,0.));
#4044 = DIRECTION('',(-0.,1.,0.));
#4045 = ADVANCED_FACE('',(#4046),#4070,.F.);
#4046 = FACE_BOUND('',#4047,.T.);
#4047 = EDGE_LOOP('',(#4048,#4056,#4057,#4063,#4064));
#4048 = ORIENTED_EDGE('',*,*,#4049,.F.);
#4049 = EDGE_CURVE('',#1507,#4050,#4052,.T.);
#4050 = VERTEX_POINT('',#4051);
#4051 = CARTESIAN_POINT('',(0.925,0.7,-2.214680465665));
#4052 = LINE('',#4053,#4054);
#4053 = CARTESIAN_POINT('',(0.925,0.7,-1.9));
#4054 = VECTOR('',#4055,1.);
#4055 = DIRECTION('',(0.,0.,-1.));
#4056 = ORIENTED_EDGE('',*,*,#1532,.T.);
#4057 = ORIENTED_EDGE('',*,*,#4058,.F.);
#4058 = EDGE_CURVE('',#3932,#1525,#4059,.T.);
#4059 = LINE('',#4060,#4061);
#4060 = CARTESIAN_POINT('',(0.925,0.88,-2.1));
#4061 = VECTOR('',#4062,1.);
#4062 = DIRECTION('',(0.,0.,1.));
#4063 = ORIENTED_EDGE('',*,*,#3929,.F.);
#4064 = ORIENTED_EDGE('',*,*,#4065,.F.);
#4065 = EDGE_CURVE('',#4050,#3930,#4066,.T.);
#4066 = LINE('',#4067,#4068);
#4067 = CARTESIAN_POINT('',(0.925,0.7,-2.214680465665));
#4068 = VECTOR('',#4069,1.);
#4069 = DIRECTION('',(0.,0.996194698092,-8.715574274766E-02));
#4070 = PLANE('',#4071);
#4071 = AXIS2_PLACEMENT_3D('',#4072,#4073,#4074);
#4072 = CARTESIAN_POINT('',(0.925,0.,0.));
#4073 = DIRECTION('',(1.,0.,0.));
#4074 = DIRECTION('',(-0.,1.,0.));
#4075 = ADVANCED_FACE('',(#4076),#4111,.F.);
#4076 = FACE_BOUND('',#4077,.T.);
#4077 = EDGE_LOOP('',(#4078,#4088,#4096,#4105));
#4078 = ORIENTED_EDGE('',*,*,#4079,.T.);
#4079 = EDGE_CURVE('',#4080,#4082,#4084,.T.);
#4080 = VERTEX_POINT('',#4081);
#4081 = CARTESIAN_POINT('',(0.925,0.29,-0.648998284197));
#4082 = VERTEX_POINT('',#4083);
#4083 = CARTESIAN_POINT('',(0.925,0.29,-0.465128986034));
#4084 = LINE('',#4085,#4086);
#4085 = CARTESIAN_POINT('',(0.925,0.29,-0.648998284197));
#4086 = VECTOR('',#4087,1.);
#4087 = DIRECTION('',(0.,0.,1.));
#4088 = ORIENTED_EDGE('',*,*,#4089,.F.);
#4089 = EDGE_CURVE('',#4090,#4082,#4092,.T.);
#4090 = VERTEX_POINT('',#4091);
#4091 = CARTESIAN_POINT('',(0.925,0.344662000977,-0.560036390902));
#4092 = LINE('',#4093,#4094);
#4093 = CARTESIAN_POINT('',(0.925,0.344662000977,-0.560036390902));
#4094 = VECTOR('',#4095,1.);
#4095 = DIRECTION('',(0.,-0.499090227459,0.866550024439));
#4096 = ORIENTED_EDGE('',*,*,#4097,.F.);
#4097 = EDGE_CURVE('',#4098,#4090,#4100,.T.);
#4098 = VERTEX_POINT('',#4099);
#4099 = CARTESIAN_POINT('',(0.925,0.335711504388,-0.610641777725));
#4100 = CIRCLE('',#4101,4.E-02);
#4101 = AXIS2_PLACEMENT_3D('',#4102,#4103,#4104);
#4102 = CARTESIAN_POINT('',(0.925,0.31,-0.58));
#4103 = DIRECTION('',(1.,0.,0.));
#4104 = DIRECTION('',(0.,0.642787609687,-0.766044443119));
#4105 = ORIENTED_EDGE('',*,*,#4106,.F.);
#4106 = EDGE_CURVE('',#4080,#4098,#4107,.T.);
#4107 = LINE('',#4108,#4109);
#4108 = CARTESIAN_POINT('',(0.925,0.29,-0.648998284197));
#4109 = VECTOR('',#4110,1.);
#4110 = DIRECTION('',(0.,0.766044443119,0.642787609687));
#4111 = PLANE('',#4112);
#4112 = AXIS2_PLACEMENT_3D('',#4113,#4114,#4115);
#4113 = CARTESIAN_POINT('',(0.925,0.,0.));
#4114 = DIRECTION('',(1.,0.,0.));
#4115 = DIRECTION('',(-0.,1.,0.));
#4116 = ADVANCED_FACE('',(#4117),#4161,.F.);
#4117 = FACE_BOUND('',#4118,.T.);
#4118 = EDGE_LOOP('',(#4119,#4130,#4138,#4147,#4155));
#4119 = ORIENTED_EDGE('',*,*,#4120,.F.);
#4120 = EDGE_CURVE('',#4121,#4123,#4125,.T.);
#4121 = VERTEX_POINT('',#4122);
#4122 = CARTESIAN_POINT('',(0.925,0.685711504387,-0.632813314642));
#4123 = VERTEX_POINT('',#4124);
#4124 = CARTESIAN_POINT('',(0.925,0.7,-0.663455092367));
#4125 = CIRCLE('',#4126,4.E-02);
#4126 = AXIS2_PLACEMENT_3D('',#4127,#4128,#4129);
#4127 = CARTESIAN_POINT('',(0.925,0.66,-0.663455092367));
#4128 = DIRECTION('',(-1.,0.,0.));
#4129 = DIRECTION('',(0.,0.642787609687,0.766044443119));
#4130 = ORIENTED_EDGE('',*,*,#4131,.F.);
#4131 = EDGE_CURVE('',#4132,#4121,#4134,.T.);
#4132 = VERTEX_POINT('',#4133);
#4133 = CARTESIAN_POINT('',(0.925,0.659288495613,-0.610641777725));
#4134 = LINE('',#4135,#4136);
#4135 = CARTESIAN_POINT('',(0.925,0.659288495613,-0.610641777725));
#4136 = VECTOR('',#4137,1.);
#4137 = DIRECTION('',(0.,0.766044443119,-0.642787609687));
#4138 = ORIENTED_EDGE('',*,*,#4139,.F.);
#4139 = EDGE_CURVE('',#4140,#4132,#4142,.T.);
#4140 = VERTEX_POINT('',#4141);
#4141 = CARTESIAN_POINT('',(0.925,0.647587391124,-0.565847378437));
#4142 = CIRCLE('',#4143,4.E-02);
#4143 = AXIS2_PLACEMENT_3D('',#4144,#4145,#4146);
#4144 = CARTESIAN_POINT('',(0.925,0.685,-0.58));
#4145 = DIRECTION('',(1.,0.,0.));
#4146 = DIRECTION('',(0.,-0.935315221896,0.353815539072));
#4147 = ORIENTED_EDGE('',*,*,#4148,.F.);
#4148 = EDGE_CURVE('',#4149,#4140,#4151,.T.);
#4149 = VERTEX_POINT('',#4150);
#4150 = CARTESIAN_POINT('',(0.925,0.7,-0.427294077388));
#4151 = LINE('',#4152,#4153);
#4152 = CARTESIAN_POINT('',(0.925,0.7,-0.427294077388));
#4153 = VECTOR('',#4154,1.);
#4154 = DIRECTION('',(0.,-0.353815539072,-0.935315221896));
#4155 = ORIENTED_EDGE('',*,*,#4156,.F.);
#4156 = EDGE_CURVE('',#4123,#4149,#4157,.T.);
#4157 = LINE('',#4158,#4159);
#4158 = CARTESIAN_POINT('',(0.925,0.7,-0.663455092367));
#4159 = VECTOR('',#4160,1.);
#4160 = DIRECTION('',(0.,0.,1.));
#4161 = PLANE('',#4162);
#4162 = AXIS2_PLACEMENT_3D('',#4163,#4164,#4165);
#4163 = CARTESIAN_POINT('',(0.925,0.,0.));
#4164 = DIRECTION('',(1.,0.,0.));
#4165 = DIRECTION('',(-0.,1.,0.));
#4166 = ADVANCED_FACE('',(#4167,#4247,#4258,#4292,#4326,#4360),#4376,.T.
  );
#4167 = FACE_BOUND('',#4168,.T.);
#4168 = EDGE_LOOP('',(#4169,#4179,#4187,#4195,#4201,#4202,#4210,#4218,
    #4224,#4225,#4233,#4241));
#4169 = ORIENTED_EDGE('',*,*,#4170,.T.);
#4170 = EDGE_CURVE('',#4171,#4173,#4175,.T.);
#4171 = VERTEX_POINT('',#4172);
#4172 = CARTESIAN_POINT('',(-1.25,1.288731211435,-2.768097691301));
#4173 = VERTEX_POINT('',#4174);
#4174 = CARTESIAN_POINT('',(1.25,1.288731211435,-2.768097691301));
#4175 = LINE('',#4176,#4177);
#4176 = CARTESIAN_POINT('',(-1.25,1.288731211435,-2.768097691301));
#4177 = VECTOR('',#4178,1.);
#4178 = DIRECTION('',(1.,0.,0.));
#4179 = ORIENTED_EDGE('',*,*,#4180,.F.);
#4180 = EDGE_CURVE('',#4181,#4173,#4183,.T.);
#4181 = VERTEX_POINT('',#4182);
#4182 = CARTESIAN_POINT('',(1.25,1.487970151054,-2.785528839851));
#4183 = LINE('',#4184,#4185);
#4184 = CARTESIAN_POINT('',(1.25,1.487970151054,-2.785528839851));
#4185 = VECTOR('',#4186,1.);
#4186 = DIRECTION('',(0.,-0.996194698092,8.715574274766E-02));
#4187 = ORIENTED_EDGE('',*,*,#4188,.T.);
#4188 = EDGE_CURVE('',#4181,#4189,#4191,.T.);
#4189 = VERTEX_POINT('',#4190);
#4190 = CARTESIAN_POINT('',(1.6,1.487970151054,-2.785528839851));
#4191 = LINE('',#4192,#4193);
#4192 = CARTESIAN_POINT('',(1.25,1.487970151054,-2.785528839851));
#4193 = VECTOR('',#4194,1.);
#4194 = DIRECTION('',(1.,0.,0.));
#4195 = ORIENTED_EDGE('',*,*,#4196,.F.);
#4196 = EDGE_CURVE('',#609,#4189,#4197,.T.);
#4197 = LINE('',#4198,#4199);
#4198 = CARTESIAN_POINT('',(1.6,0.535829225725,-2.702227302805));
#4199 = VECTOR('',#4200,1.);
#4200 = DIRECTION('',(0.,0.996194698092,-8.715574274766E-02));
#4201 = ORIENTED_EDGE('',*,*,#608,.F.);
#4202 = ORIENTED_EDGE('',*,*,#4203,.F.);
#4203 = EDGE_CURVE('',#4204,#600,#4206,.T.);
#4204 = VERTEX_POINT('',#4205);
#4205 = CARTESIAN_POINT('',(1.55,0.392155983153,-2.689657522828));
#4206 = LINE('',#4207,#4208);
#4207 = CARTESIAN_POINT('',(1.55,0.392155983153,-2.689657522828));
#4208 = VECTOR('',#4209,1.);
#4209 = DIRECTION('',(0.,0.996194698092,-8.715574274766E-02));
#4210 = ORIENTED_EDGE('',*,*,#4211,.F.);
#4211 = EDGE_CURVE('',#4212,#4204,#4214,.T.);
#4212 = VERTEX_POINT('',#4213);
#4213 = CARTESIAN_POINT('',(-1.55,0.392155983153,-2.689657522828));
#4214 = LINE('',#4215,#4216);
#4215 = CARTESIAN_POINT('',(-1.55,0.392155983153,-2.689657522828));
#4216 = VECTOR('',#4217,1.);
#4217 = DIRECTION('',(1.,0.,0.));
#4218 = ORIENTED_EDGE('',*,*,#4219,.T.);
#4219 = EDGE_CURVE('',#4212,#685,#4220,.T.);
#4220 = LINE('',#4221,#4222);
#4221 = CARTESIAN_POINT('',(-1.55,0.392155983153,-2.689657522828));
#4222 = VECTOR('',#4223,1.);
#4223 = DIRECTION('',(0.,0.996194698092,-8.715574274766E-02));
#4224 = ORIENTED_EDGE('',*,*,#684,.F.);
#4225 = ORIENTED_EDGE('',*,*,#4226,.T.);
#4226 = EDGE_CURVE('',#676,#4227,#4229,.T.);
#4227 = VERTEX_POINT('',#4228);
#4228 = CARTESIAN_POINT('',(-1.6,1.487970151054,-2.785528839851));
#4229 = LINE('',#4230,#4231);
#4230 = CARTESIAN_POINT('',(-1.6,0.535829225725,-2.702227302805));
#4231 = VECTOR('',#4232,1.);
#4232 = DIRECTION('',(0.,0.996194698092,-8.715574274766E-02));
#4233 = ORIENTED_EDGE('',*,*,#4234,.T.);
#4234 = EDGE_CURVE('',#4227,#4235,#4237,.T.);
#4235 = VERTEX_POINT('',#4236);
#4236 = CARTESIAN_POINT('',(-1.25,1.487970151054,-2.785528839851));
#4237 = LINE('',#4238,#4239);
#4238 = CARTESIAN_POINT('',(-1.6,1.487970151054,-2.785528839851));
#4239 = VECTOR('',#4240,1.);
#4240 = DIRECTION('',(1.,0.,0.));
#4241 = ORIENTED_EDGE('',*,*,#4242,.T.);
#4242 = EDGE_CURVE('',#4235,#4171,#4243,.T.);
#4243 = LINE('',#4244,#4245);
#4244 = CARTESIAN_POINT('',(-1.25,1.487970151054,-2.785528839851));
#4245 = VECTOR('',#4246,1.);
#4246 = DIRECTION('',(0.,-0.996194698092,8.715574274766E-02));
#4247 = FACE_BOUND('',#4248,.T.);
#4248 = EDGE_LOOP('',(#4249,#4255,#4256,#4257));
#4249 = ORIENTED_EDGE('',*,*,#4250,.T.);
#4250 = EDGE_CURVE('',#3969,#3671,#4251,.T.);
#4251 = LINE('',#4252,#4253);
#4252 = CARTESIAN_POINT('',(0.925,0.7,-2.716590384437));
#4253 = VECTOR('',#4254,1.);
#4254 = DIRECTION('',(1.,0.,0.));
#4255 = ORIENTED_EDGE('',*,*,#3670,.T.);
#4256 = ORIENTED_EDGE('',*,*,#3898,.F.);
#4257 = ORIENTED_EDGE('',*,*,#3976,.F.);
#4258 = FACE_BOUND('',#4259,.T.);
#4259 = EDGE_LOOP('',(#4260,#4270,#4278,#4286));
#4260 = ORIENTED_EDGE('',*,*,#4261,.T.);
#4261 = EDGE_CURVE('',#4262,#4264,#4266,.T.);
#4262 = VERTEX_POINT('',#4263);
#4263 = CARTESIAN_POINT('',(0.425,0.7,-2.716590384437));
#4264 = VERTEX_POINT('',#4265);
#4265 = CARTESIAN_POINT('',(0.575,0.7,-2.716590384437));
#4266 = LINE('',#4267,#4268);
#4267 = CARTESIAN_POINT('',(0.425,0.7,-2.716590384437));
#4268 = VECTOR('',#4269,1.);
#4269 = DIRECTION('',(1.,0.,0.));
#4270 = ORIENTED_EDGE('',*,*,#4271,.T.);
#4271 = EDGE_CURVE('',#4264,#4272,#4274,.T.);
#4272 = VERTEX_POINT('',#4273);
#4273 = CARTESIAN_POINT('',(0.575,0.824632851817,-2.727494346074));
#4274 = LINE('',#4275,#4276);
#4275 = CARTESIAN_POINT('',(0.575,0.7,-2.716590384437));
#4276 = VECTOR('',#4277,1.);
#4277 = DIRECTION('',(0.,0.996194698092,-8.715574274766E-02));
#4278 = ORIENTED_EDGE('',*,*,#4279,.F.);
#4279 = EDGE_CURVE('',#4280,#4272,#4282,.T.);
#4280 = VERTEX_POINT('',#4281);
#4281 = CARTESIAN_POINT('',(0.425,0.824632851817,-2.727494346074));
#4282 = LINE('',#4283,#4284);
#4283 = CARTESIAN_POINT('',(0.425,0.824632851817,-2.727494346074));
#4284 = VECTOR('',#4285,1.);
#4285 = DIRECTION('',(1.,0.,0.));
#4286 = ORIENTED_EDGE('',*,*,#4287,.F.);
#4287 = EDGE_CURVE('',#4262,#4280,#4288,.T.);
#4288 = LINE('',#4289,#4290);
#4289 = CARTESIAN_POINT('',(0.425,0.7,-2.716590384437));
#4290 = VECTOR('',#4291,1.);
#4291 = DIRECTION('',(0.,0.996194698092,-8.715574274766E-02));
#4292 = FACE_BOUND('',#4293,.T.);
#4293 = EDGE_LOOP('',(#4294,#4304,#4312,#4320));
#4294 = ORIENTED_EDGE('',*,*,#4295,.T.);
#4295 = EDGE_CURVE('',#4296,#4298,#4300,.T.);
#4296 = VERTEX_POINT('',#4297);
#4297 = CARTESIAN_POINT('',(-7.5E-02,0.7,-2.716590384437));
#4298 = VERTEX_POINT('',#4299);
#4299 = CARTESIAN_POINT('',(7.5E-02,0.7,-2.716590384437));
#4300 = LINE('',#4301,#4302);
#4301 = CARTESIAN_POINT('',(-7.5E-02,0.7,-2.716590384437));
#4302 = VECTOR('',#4303,1.);
#4303 = DIRECTION('',(1.,0.,0.));
#4304 = ORIENTED_EDGE('',*,*,#4305,.T.);
#4305 = EDGE_CURVE('',#4298,#4306,#4308,.T.);
#4306 = VERTEX_POINT('',#4307);
#4307 = CARTESIAN_POINT('',(7.5E-02,0.824632851817,-2.727494346074));
#4308 = LINE('',#4309,#4310);
#4309 = CARTESIAN_POINT('',(7.5E-02,0.7,-2.716590384437));
#4310 = VECTOR('',#4311,1.);
#4311 = DIRECTION('',(0.,0.996194698092,-8.715574274766E-02));
#4312 = ORIENTED_EDGE('',*,*,#4313,.F.);
#4313 = EDGE_CURVE('',#4314,#4306,#4316,.T.);
#4314 = VERTEX_POINT('',#4315);
#4315 = CARTESIAN_POINT('',(-7.5E-02,0.824632851817,-2.727494346074));
#4316 = LINE('',#4317,#4318);
#4317 = CARTESIAN_POINT('',(-7.5E-02,0.824632851817,-2.727494346074));
#4318 = VECTOR('',#4319,1.);
#4319 = DIRECTION('',(1.,0.,0.));
#4320 = ORIENTED_EDGE('',*,*,#4321,.F.);
#4321 = EDGE_CURVE('',#4296,#4314,#4322,.T.);
#4322 = LINE('',#4323,#4324);
#4323 = CARTESIAN_POINT('',(-7.5E-02,0.7,-2.716590384437));
#4324 = VECTOR('',#4325,1.);
#4325 = DIRECTION('',(0.,0.996194698092,-8.715574274766E-02));
#4326 = FACE_BOUND('',#4327,.T.);
#4327 = EDGE_LOOP('',(#4328,#4338,#4346,#4354));
#4328 = ORIENTED_EDGE('',*,*,#4329,.T.);
#4329 = EDGE_CURVE('',#4330,#4332,#4334,.T.);
#4330 = VERTEX_POINT('',#4331);
#4331 = CARTESIAN_POINT('',(-0.575,0.7,-2.716590384437));
#4332 = VERTEX_POINT('',#4333);
#4333 = CARTESIAN_POINT('',(-0.425,0.7,-2.716590384437));
#4334 = LINE('',#4335,#4336);
#4335 = CARTESIAN_POINT('',(-0.575,0.7,-2.716590384437));
#4336 = VECTOR('',#4337,1.);
#4337 = DIRECTION('',(1.,0.,0.));
#4338 = ORIENTED_EDGE('',*,*,#4339,.T.);
#4339 = EDGE_CURVE('',#4332,#4340,#4342,.T.);
#4340 = VERTEX_POINT('',#4341);
#4341 = CARTESIAN_POINT('',(-0.425,0.824632851817,-2.727494346074));
#4342 = LINE('',#4343,#4344);
#4343 = CARTESIAN_POINT('',(-0.425,0.7,-2.716590384437));
#4344 = VECTOR('',#4345,1.);
#4345 = DIRECTION('',(0.,0.996194698092,-8.715574274766E-02));
#4346 = ORIENTED_EDGE('',*,*,#4347,.F.);
#4347 = EDGE_CURVE('',#4348,#4340,#4350,.T.);
#4348 = VERTEX_POINT('',#4349);
#4349 = CARTESIAN_POINT('',(-0.575,0.824632851817,-2.727494346074));
#4350 = LINE('',#4351,#4352);
#4351 = CARTESIAN_POINT('',(-0.575,0.824632851817,-2.727494346074));
#4352 = VECTOR('',#4353,1.);
#4353 = DIRECTION('',(1.,0.,0.));
#4354 = ORIENTED_EDGE('',*,*,#4355,.F.);
#4355 = EDGE_CURVE('',#4330,#4348,#4356,.T.);
#4356 = LINE('',#4357,#4358);
#4357 = CARTESIAN_POINT('',(-0.575,0.7,-2.716590384437));
#4358 = VECTOR('',#4359,1.);
#4359 = DIRECTION('',(0.,0.996194698092,-8.715574274766E-02));
#4360 = FACE_BOUND('',#4361,.T.);
#4361 = EDGE_LOOP('',(#4362,#4368,#4369,#4375));
#4362 = ORIENTED_EDGE('',*,*,#4363,.T.);
#4363 = EDGE_CURVE('',#2947,#3186,#4364,.T.);
#4364 = LINE('',#4365,#4366);
#4365 = CARTESIAN_POINT('',(-1.075,0.7,-2.716590384437));
#4366 = VECTOR('',#4367,1.);
#4367 = DIRECTION('',(1.,0.,0.));
#4368 = ORIENTED_EDGE('',*,*,#3211,.T.);
#4369 = ORIENTED_EDGE('',*,*,#4370,.F.);
#4370 = EDGE_CURVE('',#2931,#3204,#4371,.T.);
#4371 = LINE('',#4372,#4373);
#4372 = CARTESIAN_POINT('',(-1.075,0.824632851817,-2.727494346074));
#4373 = VECTOR('',#4374,1.);
#4374 = DIRECTION('',(1.,0.,0.));
#4375 = ORIENTED_EDGE('',*,*,#2954,.F.);
#4376 = PLANE('',#4377);
#4377 = AXIS2_PLACEMENT_3D('',#4378,#4379,#4380);
#4378 = CARTESIAN_POINT('',(-1.6,0.392155983153,-2.689657522828));
#4379 = DIRECTION('',(0.,-8.715574274766E-02,-0.996194698092));
#4380 = DIRECTION('',(0.,-0.996194698092,8.715574274766E-02));
#4381 = ADVANCED_FACE('',(#4382),#4407,.F.);
#4382 = FACE_BOUND('',#4383,.T.);
#4383 = EDGE_LOOP('',(#4384,#4392,#4400,#4406));
#4384 = ORIENTED_EDGE('',*,*,#4385,.F.);
#4385 = EDGE_CURVE('',#4386,#4235,#4388,.T.);
#4386 = VERTEX_POINT('',#4387);
#4387 = CARTESIAN_POINT('',(-1.25,1.483612363916,-2.835338574755));
#4388 = LINE('',#4389,#4390);
#4389 = CARTESIAN_POINT('',(-1.25,1.483612363916,-2.835338574755));
#4390 = VECTOR('',#4391,1.);
#4391 = DIRECTION('',(0.,8.715574274766E-02,0.996194698092));
#4392 = ORIENTED_EDGE('',*,*,#4393,.F.);
#4393 = EDGE_CURVE('',#4394,#4386,#4396,.T.);
#4394 = VERTEX_POINT('',#4395);
#4395 = CARTESIAN_POINT('',(-1.25,1.284373424298,-2.817907426206));
#4396 = LINE('',#4397,#4398);
#4397 = CARTESIAN_POINT('',(-1.25,1.284373424298,-2.817907426206));
#4398 = VECTOR('',#4399,1.);
#4399 = DIRECTION('',(0.,0.996194698092,-8.715574274766E-02));
#4400 = ORIENTED_EDGE('',*,*,#4401,.F.);
#4401 = EDGE_CURVE('',#4171,#4394,#4402,.T.);
#4402 = LINE('',#4403,#4404);
#4403 = CARTESIAN_POINT('',(-1.25,1.288731211435,-2.768097691301));
#4404 = VECTOR('',#4405,1.);
#4405 = DIRECTION('',(0.,-8.715574274766E-02,-0.996194698092));
#4406 = ORIENTED_EDGE('',*,*,#4242,.F.);
#4407 = PLANE('',#4408);
#4408 = AXIS2_PLACEMENT_3D('',#4409,#4410,#4411);
#4409 = CARTESIAN_POINT('',(-1.25,0.,0.));
#4410 = DIRECTION('',(1.,0.,0.));
#4411 = DIRECTION('',(-0.,1.,0.));
#4412 = ADVANCED_FACE('',(#4413),#4431,.T.);
#4413 = FACE_BOUND('',#4414,.T.);
#4414 = EDGE_LOOP('',(#4415,#4416,#4424,#4430));
#4415 = ORIENTED_EDGE('',*,*,#4401,.T.);
#4416 = ORIENTED_EDGE('',*,*,#4417,.T.);
#4417 = EDGE_CURVE('',#4394,#4418,#4420,.T.);
#4418 = VERTEX_POINT('',#4419);
#4419 = CARTESIAN_POINT('',(1.25,1.284373424298,-2.817907426206));
#4420 = LINE('',#4421,#4422);
#4421 = CARTESIAN_POINT('',(-1.25,1.284373424298,-2.817907426206));
#4422 = VECTOR('',#4423,1.);
#4423 = DIRECTION('',(1.,0.,0.));
#4424 = ORIENTED_EDGE('',*,*,#4425,.F.);
#4425 = EDGE_CURVE('',#4173,#4418,#4426,.T.);
#4426 = LINE('',#4427,#4428);
#4427 = CARTESIAN_POINT('',(1.25,1.288731211435,-2.768097691301));
#4428 = VECTOR('',#4429,1.);
#4429 = DIRECTION('',(0.,-8.715574274766E-02,-0.996194698092));
#4430 = ORIENTED_EDGE('',*,*,#4170,.F.);
#4431 = PLANE('',#4432);
#4432 = AXIS2_PLACEMENT_3D('',#4433,#4434,#4435);
#4433 = CARTESIAN_POINT('',(-1.25,1.288731211435,-2.768097691301));
#4434 = DIRECTION('',(0.,-0.996194698092,8.715574274766E-02));
#4435 = DIRECTION('',(-1.,0.,0.));
#4436 = ADVANCED_FACE('',(#4437),#4455,.T.);
#4437 = FACE_BOUND('',#4438,.T.);
#4438 = EDGE_LOOP('',(#4439,#4440,#4448,#4454));
#4439 = ORIENTED_EDGE('',*,*,#4425,.T.);
#4440 = ORIENTED_EDGE('',*,*,#4441,.T.);
#4441 = EDGE_CURVE('',#4418,#4442,#4444,.T.);
#4442 = VERTEX_POINT('',#4443);
#4443 = CARTESIAN_POINT('',(1.25,1.483612363916,-2.835338574755));
#4444 = LINE('',#4445,#4446);
#4445 = CARTESIAN_POINT('',(1.25,1.284373424298,-2.817907426206));
#4446 = VECTOR('',#4447,1.);
#4447 = DIRECTION('',(0.,0.996194698092,-8.715574274766E-02));
#4448 = ORIENTED_EDGE('',*,*,#4449,.T.);
#4449 = EDGE_CURVE('',#4442,#4181,#4450,.T.);
#4450 = LINE('',#4451,#4452);
#4451 = CARTESIAN_POINT('',(1.25,1.483612363916,-2.835338574755));
#4452 = VECTOR('',#4453,1.);
#4453 = DIRECTION('',(0.,8.715574274766E-02,0.996194698092));
#4454 = ORIENTED_EDGE('',*,*,#4180,.T.);
#4455 = PLANE('',#4456);
#4456 = AXIS2_PLACEMENT_3D('',#4457,#4458,#4459);
#4457 = CARTESIAN_POINT('',(1.25,0.,0.));
#4458 = DIRECTION('',(1.,0.,0.));
#4459 = DIRECTION('',(-0.,1.,0.));
#4460 = ADVANCED_FACE('',(#4461),#4495,.T.);
#4461 = FACE_BOUND('',#4462,.T.);
#4462 = EDGE_LOOP('',(#4463,#4471,#4479,#4485,#4486,#4487,#4493,#4494));
#4463 = ORIENTED_EDGE('',*,*,#4464,.T.);
#4464 = EDGE_CURVE('',#4227,#4465,#4467,.T.);
#4465 = VERTEX_POINT('',#4466);
#4466 = CARTESIAN_POINT('',(-1.6,1.506865073264,-2.569558890727));
#4467 = LINE('',#4468,#4469);
#4468 = CARTESIAN_POINT('',(-1.6,1.487970151054,-2.785528839851));
#4469 = VECTOR('',#4470,1.);
#4470 = DIRECTION('',(0.,8.715574274766E-02,0.996194698092));
#4471 = ORIENTED_EDGE('',*,*,#4472,.T.);
#4472 = EDGE_CURVE('',#4465,#4473,#4475,.T.);
#4473 = VERTEX_POINT('',#4474);
#4474 = CARTESIAN_POINT('',(1.6,1.506865073264,-2.569558890727));
#4475 = LINE('',#4476,#4477);
#4476 = CARTESIAN_POINT('',(-1.6,1.506865073264,-2.569558890727));
#4477 = VECTOR('',#4478,1.);
#4478 = DIRECTION('',(1.,0.,0.));
#4479 = ORIENTED_EDGE('',*,*,#4480,.F.);
#4480 = EDGE_CURVE('',#4189,#4473,#4481,.T.);
#4481 = LINE('',#4482,#4483);
#4482 = CARTESIAN_POINT('',(1.6,1.487970151054,-2.785528839851));
#4483 = VECTOR('',#4484,1.);
#4484 = DIRECTION('',(0.,8.715574274766E-02,0.996194698092));
#4485 = ORIENTED_EDGE('',*,*,#4188,.F.);
#4486 = ORIENTED_EDGE('',*,*,#4449,.F.);
#4487 = ORIENTED_EDGE('',*,*,#4488,.F.);
#4488 = EDGE_CURVE('',#4386,#4442,#4489,.T.);
#4489 = LINE('',#4490,#4491);
#4490 = CARTESIAN_POINT('',(-1.25,1.483612363916,-2.835338574755));
#4491 = VECTOR('',#4492,1.);
#4492 = DIRECTION('',(1.,0.,0.));
#4493 = ORIENTED_EDGE('',*,*,#4385,.T.);
#4494 = ORIENTED_EDGE('',*,*,#4234,.F.);
#4495 = PLANE('',#4496);
#4496 = AXIS2_PLACEMENT_3D('',#4497,#4498,#4499);
#4497 = CARTESIAN_POINT('',(-1.6,1.487970151054,-2.785528839851));
#4498 = DIRECTION('',(0.,0.996194698092,-8.715574274766E-02));
#4499 = DIRECTION('',(-1.,0.,0.));
#4500 = ADVANCED_FACE('',(#4501),#4507,.T.);
#4501 = FACE_BOUND('',#4502,.T.);
#4502 = EDGE_LOOP('',(#4503,#4504,#4505,#4506));
#4503 = ORIENTED_EDGE('',*,*,#4488,.T.);
#4504 = ORIENTED_EDGE('',*,*,#4441,.F.);
#4505 = ORIENTED_EDGE('',*,*,#4417,.F.);
#4506 = ORIENTED_EDGE('',*,*,#4393,.T.);
#4507 = PLANE('',#4508);
#4508 = AXIS2_PLACEMENT_3D('',#4509,#4510,#4511);
#4509 = CARTESIAN_POINT('',(-1.25,1.284373424298,-2.817907426206));
#4510 = DIRECTION('',(0.,-8.715574274766E-02,-0.996194698092));
#4511 = DIRECTION('',(0.,-0.996194698092,8.715574274766E-02));
#4512 = ADVANCED_FACE('',(#4513),#4581,.T.);
#4513 = FACE_BOUND('',#4514,.T.);
#4514 = EDGE_LOOP('',(#4515,#4525,#4533,#4541,#4549,#4558,#4564,#4565,
    #4566,#4567,#4575));
#4515 = ORIENTED_EDGE('',*,*,#4516,.T.);
#4516 = EDGE_CURVE('',#4517,#4519,#4521,.T.);
#4517 = VERTEX_POINT('',#4518);
#4518 = CARTESIAN_POINT('',(1.6,1.697536818263,-2.11122785958));
#4519 = VERTEX_POINT('',#4520);
#4520 = CARTESIAN_POINT('',(1.6,1.249717581387,-2.072048753044));
#4521 = LINE('',#4522,#4523);
#4522 = CARTESIAN_POINT('',(1.6,1.697536818263,-2.11122785958));
#4523 = VECTOR('',#4524,1.);
#4524 = DIRECTION('',(0.,-0.996194698092,8.715574274766E-02));
#4525 = ORIENTED_EDGE('',*,*,#4526,.F.);
#4526 = EDGE_CURVE('',#4527,#4519,#4529,.T.);
#4527 = VERTEX_POINT('',#4528);
#4528 = CARTESIAN_POINT('',(1.6,1.043880997627,-2.244766154559));
#4529 = LINE('',#4530,#4531);
#4530 = CARTESIAN_POINT('',(1.6,1.043880997627,-2.244766154559));
#4531 = VECTOR('',#4532,1.);
#4532 = DIRECTION('',(0.,0.766044443119,0.642787609687));
#4533 = ORIENTED_EDGE('',*,*,#4534,.T.);
#4534 = EDGE_CURVE('',#4527,#4535,#4537,.T.);
#4535 = VERTEX_POINT('',#4536);
#4536 = CARTESIAN_POINT('',(1.6,0.416712181249,-2.189895993009));
#4537 = LINE('',#4538,#4539);
#4538 = CARTESIAN_POINT('',(1.6,1.043880997627,-2.244766154559));
#4539 = VECTOR('',#4540,1.);
#4540 = DIRECTION('',(0.,-0.996194698092,8.715574274766E-02));
#4541 = ORIENTED_EDGE('',*,*,#4542,.T.);
#4542 = EDGE_CURVE('',#4535,#4543,#4545,.T.);
#4543 = VERTEX_POINT('',#4544);
#4544 = CARTESIAN_POINT('',(1.6,0.340821926097,-2.473122281038));
#4545 = LINE('',#4546,#4547);
#4546 = CARTESIAN_POINT('',(1.6,0.416712181249,-2.189895993009));
#4547 = VECTOR('',#4548,1.);
#4548 = DIRECTION('',(0.,-0.258819045102,-0.965925826289));
#4549 = ORIENTED_EDGE('',*,*,#4550,.F.);
#4550 = EDGE_CURVE('',#4551,#4543,#4553,.T.);
#4551 = VERTEX_POINT('',#4552);
#4552 = CARTESIAN_POINT('',(1.6,0.363765333686,-2.46477038432));
#4553 = CIRCLE('',#4554,0.14);
#4554 = AXIS2_PLACEMENT_3D('',#4555,#4556,#4557);
#4555 = CARTESIAN_POINT('',(1.6,0.4,-2.6));
#4556 = DIRECTION('',(1.,0.,0.));
#4557 = DIRECTION('',(0.,-0.258819045102,0.965925826289));
#4558 = ORIENTED_EDGE('',*,*,#4559,.F.);
#4559 = EDGE_CURVE('',#617,#4551,#4560,.T.);
#4560 = LINE('',#4561,#4562);
#4561 = CARTESIAN_POINT('',(1.6,0.456915846983,-2.439810779507));
#4562 = VECTOR('',#4563,1.);
#4563 = DIRECTION('',(0.,-0.965925826289,-0.258819045102));
#4564 = ORIENTED_EDGE('',*,*,#616,.F.);
#4565 = ORIENTED_EDGE('',*,*,#4196,.T.);
#4566 = ORIENTED_EDGE('',*,*,#4480,.T.);
#4567 = ORIENTED_EDGE('',*,*,#4568,.T.);
#4568 = EDGE_CURVE('',#4473,#4569,#4571,.T.);
#4569 = VERTEX_POINT('',#4570);
#4570 = CARTESIAN_POINT('',(1.6,1.663842186708,-2.496359260573));
#4571 = LINE('',#4572,#4573);
#4572 = CARTESIAN_POINT('',(1.6,1.506865073264,-2.569558890727));
#4573 = VECTOR('',#4574,1.);
#4574 = DIRECTION('',(0.,0.906307787037,0.422618261741));
#4575 = ORIENTED_EDGE('',*,*,#4576,.T.);
#4576 = EDGE_CURVE('',#4569,#4517,#4577,.T.);
#4577 = LINE('',#4578,#4579);
#4578 = CARTESIAN_POINT('',(1.6,1.663842186708,-2.496359260573));
#4579 = VECTOR('',#4580,1.);
#4580 = DIRECTION('',(0.,8.715574274766E-02,0.996194698092));
#4581 = PLANE('',#4582);
#4582 = AXIS2_PLACEMENT_3D('',#4583,#4584,#4585);
#4583 = CARTESIAN_POINT('',(1.6,0.,0.));
#4584 = DIRECTION('',(1.,0.,0.));
#4585 = DIRECTION('',(-0.,1.,0.));
#4586 = ADVANCED_FACE('',(#4587),#4612,.T.);
#4587 = FACE_BOUND('',#4588,.T.);
#4588 = EDGE_LOOP('',(#4589,#4590,#4598,#4606));
#4589 = ORIENTED_EDGE('',*,*,#4576,.F.);
#4590 = ORIENTED_EDGE('',*,*,#4591,.F.);
#4591 = EDGE_CURVE('',#4592,#4569,#4594,.T.);
#4592 = VERTEX_POINT('',#4593);
#4593 = CARTESIAN_POINT('',(1.45,1.820819300153,-2.423159630419));
#4594 = LINE('',#4595,#4596);
#4595 = CARTESIAN_POINT('',(1.45,1.820819300153,-2.423159630419));
#4596 = VECTOR('',#4597,1.);
#4597 = DIRECTION('',(0.654653670708,-0.685104290223,-0.319469377166));
#4598 = ORIENTED_EDGE('',*,*,#4599,.T.);
#4599 = EDGE_CURVE('',#4592,#4600,#4602,.T.);
#4600 = VERTEX_POINT('',#4601);
#4601 = CARTESIAN_POINT('',(1.45,1.846966022977,-2.124301220992));
#4602 = LINE('',#4603,#4604);
#4603 = CARTESIAN_POINT('',(1.45,1.820819300153,-2.423159630419));
#4604 = VECTOR('',#4605,1.);
#4605 = DIRECTION('',(0.,8.715574274766E-02,0.996194698092));
#4606 = ORIENTED_EDGE('',*,*,#4607,.F.);
#4607 = EDGE_CURVE('',#4517,#4600,#4608,.T.);
#4608 = LINE('',#4609,#4610);
#4609 = CARTESIAN_POINT('',(1.6,1.697536818263,-2.11122785958));
#4610 = VECTOR('',#4611,1.);
#4611 = DIRECTION('',(-0.707106781187,0.704416026403,-6.162841671622E-02
    ));
#4612 = PLANE('',#4613);
#4613 = AXIS2_PLACEMENT_3D('',#4614,#4615,#4616);
#4614 = CARTESIAN_POINT('',(1.525,1.759178059208,-2.267193744999));
#4615 = DIRECTION('',(0.707106781187,0.704416026403,-6.162841671622E-02)
  );
#4616 = DIRECTION('',(4.163336342344E-17,-8.715574274765E-02,
    -0.996194698092));
#4617 = ADVANCED_FACE('',(#4618,#4732),#4766,.T.);
#4618 = FACE_BOUND('',#4619,.T.);
#4619 = EDGE_LOOP('',(#4620,#4630,#4638,#4646,#4654,#4662,#4670,#4678,
    #4686,#4694,#4700,#4701,#4702,#4710,#4718,#4726));
#4620 = ORIENTED_EDGE('',*,*,#4621,.T.);
#4621 = EDGE_CURVE('',#4622,#4624,#4626,.T.);
#4622 = VERTEX_POINT('',#4623);
#4623 = CARTESIAN_POINT('',(-1.6,1.697536818263,-2.11122785958));
#4624 = VERTEX_POINT('',#4625);
#4625 = CARTESIAN_POINT('',(-1.6,1.249717581387,-2.072048753044));
#4626 = LINE('',#4627,#4628);
#4627 = CARTESIAN_POINT('',(-1.6,1.697536818263,-2.11122785958));
#4628 = VECTOR('',#4629,1.);
#4629 = DIRECTION('',(0.,-0.996194698092,8.715574274766E-02));
#4630 = ORIENTED_EDGE('',*,*,#4631,.T.);
#4631 = EDGE_CURVE('',#4624,#4632,#4634,.T.);
#4632 = VERTEX_POINT('',#4633);
#4633 = CARTESIAN_POINT('',(-1.5,1.249717581387,-2.072048753044));
#4634 = LINE('',#4635,#4636);
#4635 = CARTESIAN_POINT('',(-1.6,1.249717581387,-2.072048753044));
#4636 = VECTOR('',#4637,1.);
#4637 = DIRECTION('',(1.,0.,0.));
#4638 = ORIENTED_EDGE('',*,*,#4639,.F.);
#4639 = EDGE_CURVE('',#4640,#4632,#4642,.T.);
#4640 = VERTEX_POINT('',#4641);
#4641 = CARTESIAN_POINT('',(-1.5,0.980276635637,-2.048475724801));
#4642 = LINE('',#4643,#4644);
#4643 = CARTESIAN_POINT('',(-1.5,0.980276635637,-2.048475724801));
#4644 = VECTOR('',#4645,1.);
#4645 = DIRECTION('',(0.,0.996194698092,-8.715574274766E-02));
#4646 = ORIENTED_EDGE('',*,*,#4647,.T.);
#4647 = EDGE_CURVE('',#4640,#4648,#4650,.T.);
#4648 = VERTEX_POINT('',#4649);
#4649 = CARTESIAN_POINT('',(-1.29,0.980276635637,-2.048475724801));
#4650 = LINE('',#4651,#4652);
#4651 = CARTESIAN_POINT('',(-1.5,0.980276635637,-2.048475724801));
#4652 = VECTOR('',#4653,1.);
#4653 = DIRECTION('',(1.,0.,0.));
#4654 = ORIENTED_EDGE('',*,*,#4655,.T.);
#4655 = EDGE_CURVE('',#4648,#4656,#4658,.T.);
#4656 = VERTEX_POINT('',#4657);
#4657 = CARTESIAN_POINT('',(-1.29,1.184855864014,-2.066374088077));
#4658 = LINE('',#4659,#4660);
#4659 = CARTESIAN_POINT('',(-1.29,0.980276635637,-2.048475724801));
#4660 = VECTOR('',#4661,1.);
#4661 = DIRECTION('',(0.,0.996194698092,-8.715574274766E-02));
#4662 = ORIENTED_EDGE('',*,*,#4663,.T.);
#4663 = EDGE_CURVE('',#4656,#4664,#4666,.T.);
#4664 = VERTEX_POINT('',#4665);
#4665 = CARTESIAN_POINT('',(1.29,1.184855864014,-2.066374088077));
#4666 = LINE('',#4667,#4668);
#4667 = CARTESIAN_POINT('',(-1.29,1.184855864014,-2.066374088077));
#4668 = VECTOR('',#4669,1.);
#4669 = DIRECTION('',(1.,0.,0.));
#4670 = ORIENTED_EDGE('',*,*,#4671,.F.);
#4671 = EDGE_CURVE('',#4672,#4664,#4674,.T.);
#4672 = VERTEX_POINT('',#4673);
#4673 = CARTESIAN_POINT('',(1.29,0.980276635637,-2.048475724801));
#4674 = LINE('',#4675,#4676);
#4675 = CARTESIAN_POINT('',(1.29,0.980276635637,-2.048475724801));
#4676 = VECTOR('',#4677,1.);
#4677 = DIRECTION('',(0.,0.996194698092,-8.715574274766E-02));
#4678 = ORIENTED_EDGE('',*,*,#4679,.T.);
#4679 = EDGE_CURVE('',#4672,#4680,#4682,.T.);
#4680 = VERTEX_POINT('',#4681);
#4681 = CARTESIAN_POINT('',(1.5,0.980276635637,-2.048475724801));
#4682 = LINE('',#4683,#4684);
#4683 = CARTESIAN_POINT('',(1.29,0.980276635637,-2.048475724801));
#4684 = VECTOR('',#4685,1.);
#4685 = DIRECTION('',(1.,0.,0.));
#4686 = ORIENTED_EDGE('',*,*,#4687,.T.);
#4687 = EDGE_CURVE('',#4680,#4688,#4690,.T.);
#4688 = VERTEX_POINT('',#4689);
#4689 = CARTESIAN_POINT('',(1.5,1.249717581387,-2.072048753044));
#4690 = LINE('',#4691,#4692);
#4691 = CARTESIAN_POINT('',(1.5,0.980276635637,-2.048475724801));
#4692 = VECTOR('',#4693,1.);
#4693 = DIRECTION('',(0.,0.996194698092,-8.715574274766E-02));
#4694 = ORIENTED_EDGE('',*,*,#4695,.F.);
#4695 = EDGE_CURVE('',#4519,#4688,#4696,.T.);
#4696 = LINE('',#4697,#4698);
#4697 = CARTESIAN_POINT('',(1.6,1.249717581387,-2.072048753044));
#4698 = VECTOR('',#4699,1.);
#4699 = DIRECTION('',(-1.,0.,0.));
#4700 = ORIENTED_EDGE('',*,*,#4516,.F.);
#4701 = ORIENTED_EDGE('',*,*,#4607,.T.);
#4702 = ORIENTED_EDGE('',*,*,#4703,.F.);
#4703 = EDGE_CURVE('',#4704,#4600,#4706,.T.);
#4704 = VERTEX_POINT('',#4705);
#4705 = CARTESIAN_POINT('',(0.73,1.846966022977,-2.124301220992));
#4706 = LINE('',#4707,#4708);
#4707 = CARTESIAN_POINT('',(0.73,1.846966022977,-2.124301220992));
#4708 = VECTOR('',#4709,1.);
#4709 = DIRECTION('',(1.,0.,0.));
#4710 = ORIENTED_EDGE('',*,*,#4711,.T.);
#4711 = EDGE_CURVE('',#4704,#4712,#4714,.T.);
#4712 = VERTEX_POINT('',#4713);
#4713 = CARTESIAN_POINT('',(0.73,1.797156288072,-2.119943433854));
#4714 = LINE('',#4715,#4716);
#4715 = CARTESIAN_POINT('',(0.73,1.846966022977,-2.124301220992));
#4716 = VECTOR('',#4717,1.);
#4717 = DIRECTION('',(0.,-0.996194698092,8.715574274766E-02));
#4718 = ORIENTED_EDGE('',*,*,#4719,.T.);
#4719 = EDGE_CURVE('',#4712,#4720,#4722,.T.);
#4720 = VERTEX_POINT('',#4721);
#4721 = CARTESIAN_POINT('',(-1.5,1.797156288072,-2.119943433854));
#4722 = LINE('',#4723,#4724);
#4723 = CARTESIAN_POINT('',(0.73,1.797156288072,-2.119943433854));
#4724 = VECTOR('',#4725,1.);
#4725 = DIRECTION('',(-1.,0.,0.));
#4726 = ORIENTED_EDGE('',*,*,#4727,.T.);
#4727 = EDGE_CURVE('',#4720,#4622,#4728,.T.);
#4728 = LINE('',#4729,#4730);
#4729 = CARTESIAN_POINT('',(-1.5,1.797156288072,-2.119943433854));
#4730 = VECTOR('',#4731,1.);
#4731 = DIRECTION('',(-0.707106781187,-0.704416026403,6.162841671622E-02
    ));
#4732 = FACE_BOUND('',#4733,.T.);
#4733 = EDGE_LOOP('',(#4734,#4744,#4752,#4760));
#4734 = ORIENTED_EDGE('',*,*,#4735,.T.);
#4735 = EDGE_CURVE('',#4736,#4738,#4740,.T.);
#4736 = VERTEX_POINT('',#4737);
#4737 = CARTESIAN_POINT('',(-0.62,1.647727083359,-2.106870072442));
#4738 = VERTEX_POINT('',#4739);
#4739 = CARTESIAN_POINT('',(0.62,1.647727083359,-2.106870072442));
#4740 = LINE('',#4741,#4742);
#4741 = CARTESIAN_POINT('',(-0.62,1.647727083359,-2.106870072442));
#4742 = VECTOR('',#4743,1.);
#4743 = DIRECTION('',(1.,0.,0.));
#4744 = ORIENTED_EDGE('',*,*,#4745,.F.);
#4745 = EDGE_CURVE('',#4746,#4738,#4748,.T.);
#4746 = VERTEX_POINT('',#4747);
#4747 = CARTESIAN_POINT('',(0.62,1.249249204122,-2.072007775343));
#4748 = LINE('',#4749,#4750);
#4749 = CARTESIAN_POINT('',(0.62,1.249249204122,-2.072007775343));
#4750 = VECTOR('',#4751,1.);
#4751 = DIRECTION('',(0.,0.996194698092,-8.715574274766E-02));
#4752 = ORIENTED_EDGE('',*,*,#4753,.F.);
#4753 = EDGE_CURVE('',#4754,#4746,#4756,.T.);
#4754 = VERTEX_POINT('',#4755);
#4755 = CARTESIAN_POINT('',(-0.62,1.249249204122,-2.072007775343));
#4756 = LINE('',#4757,#4758);
#4757 = CARTESIAN_POINT('',(-0.62,1.249249204122,-2.072007775343));
#4758 = VECTOR('',#4759,1.);
#4759 = DIRECTION('',(1.,0.,0.));
#4760 = ORIENTED_EDGE('',*,*,#4761,.T.);
#4761 = EDGE_CURVE('',#4754,#4736,#4762,.T.);
#4762 = LINE('',#4763,#4764);
#4763 = CARTESIAN_POINT('',(-0.62,1.249249204122,-2.072007775343));
#4764 = VECTOR('',#4765,1.);
#4765 = DIRECTION('',(0.,0.996194698092,-8.715574274766E-02));
#4766 = PLANE('',#4767);
#4767 = AXIS2_PLACEMENT_3D('',#4768,#4769,#4770);
#4768 = CARTESIAN_POINT('',(-1.6,1.846966022977,-2.124301220992));
#4769 = DIRECTION('',(0.,8.715574274766E-02,0.996194698092));
#4770 = DIRECTION('',(1.,-0.,0.));
#4771 = ADVANCED_FACE('',(#4772),#4797,.T.);
#4772 = FACE_BOUND('',#4773,.T.);
#4773 = EDGE_LOOP('',(#4774,#4782,#4790,#4796));
#4774 = ORIENTED_EDGE('',*,*,#4775,.T.);
#4775 = EDGE_CURVE('',#4754,#4776,#4778,.T.);
#4776 = VERTEX_POINT('',#4777);
#4777 = CARTESIAN_POINT('',(-0.62,1.294701151889,-2.126175297385));
#4778 = LINE('',#4779,#4780);
#4779 = CARTESIAN_POINT('',(-0.62,1.249249204122,-2.072007775343));
#4780 = VECTOR('',#4781,1.);
#4781 = DIRECTION('',(0.,0.642787609687,-0.766044443119));
#4782 = ORIENTED_EDGE('',*,*,#4783,.F.);
#4783 = EDGE_CURVE('',#4784,#4776,#4786,.T.);
#4784 = VERTEX_POINT('',#4785);
#4785 = CARTESIAN_POINT('',(-0.62,1.643369296221,-2.156679807347));
#4786 = LINE('',#4787,#4788);
#4787 = CARTESIAN_POINT('',(-0.62,1.643369296221,-2.156679807347));
#4788 = VECTOR('',#4789,1.);
#4789 = DIRECTION('',(0.,-0.996194698092,8.715574274766E-02));
#4790 = ORIENTED_EDGE('',*,*,#4791,.T.);
#4791 = EDGE_CURVE('',#4784,#4736,#4792,.T.);
#4792 = LINE('',#4793,#4794);
#4793 = CARTESIAN_POINT('',(-0.62,1.643369296221,-2.156679807347));
#4794 = VECTOR('',#4795,1.);
#4795 = DIRECTION('',(0.,8.715574274765E-02,0.996194698092));
#4796 = ORIENTED_EDGE('',*,*,#4761,.F.);
#4797 = PLANE('',#4798);
#4798 = AXIS2_PLACEMENT_3D('',#4799,#4800,#4801);
#4799 = CARTESIAN_POINT('',(-0.62,0.,0.));
#4800 = DIRECTION('',(1.,0.,0.));
#4801 = DIRECTION('',(-0.,1.,0.));
#4802 = ADVANCED_FACE('',(#4803),#4821,.F.);
#4803 = FACE_BOUND('',#4804,.T.);
#4804 = EDGE_LOOP('',(#4805,#4806,#4814,#4820));
#4805 = ORIENTED_EDGE('',*,*,#4791,.F.);
#4806 = ORIENTED_EDGE('',*,*,#4807,.F.);
#4807 = EDGE_CURVE('',#4808,#4784,#4810,.T.);
#4808 = VERTEX_POINT('',#4809);
#4809 = CARTESIAN_POINT('',(0.62,1.643369296221,-2.156679807347));
#4810 = LINE('',#4811,#4812);
#4811 = CARTESIAN_POINT('',(0.62,1.643369296221,-2.156679807347));
#4812 = VECTOR('',#4813,1.);
#4813 = DIRECTION('',(-1.,0.,0.));
#4814 = ORIENTED_EDGE('',*,*,#4815,.T.);
#4815 = EDGE_CURVE('',#4808,#4738,#4816,.T.);
#4816 = LINE('',#4817,#4818);
#4817 = CARTESIAN_POINT('',(0.62,1.643369296221,-2.156679807347));
#4818 = VECTOR('',#4819,1.);
#4819 = DIRECTION('',(0.,8.715574274765E-02,0.996194698092));
#4820 = ORIENTED_EDGE('',*,*,#4735,.F.);
#4821 = PLANE('',#4822);
#4822 = AXIS2_PLACEMENT_3D('',#4823,#4824,#4825);
#4823 = CARTESIAN_POINT('',(-0.62,1.643369296221,-2.156679807347));
#4824 = DIRECTION('',(0.,0.996194698092,-8.715574274766E-02));
#4825 = DIRECTION('',(-1.,0.,0.));
#4826 = ADVANCED_FACE('',(#4827),#4845,.F.);
#4827 = FACE_BOUND('',#4828,.T.);
#4828 = EDGE_LOOP('',(#4829,#4830,#4838,#4844));
#4829 = ORIENTED_EDGE('',*,*,#4815,.F.);
#4830 = ORIENTED_EDGE('',*,*,#4831,.T.);
#4831 = EDGE_CURVE('',#4808,#4832,#4834,.T.);
#4832 = VERTEX_POINT('',#4833);
#4833 = CARTESIAN_POINT('',(0.62,1.294701151889,-2.126175297385));
#4834 = LINE('',#4835,#4836);
#4835 = CARTESIAN_POINT('',(0.62,1.643369296221,-2.156679807347));
#4836 = VECTOR('',#4837,1.);
#4837 = DIRECTION('',(0.,-0.996194698092,8.715574274766E-02));
#4838 = ORIENTED_EDGE('',*,*,#4839,.F.);
#4839 = EDGE_CURVE('',#4746,#4832,#4840,.T.);
#4840 = LINE('',#4841,#4842);
#4841 = CARTESIAN_POINT('',(0.62,1.249249204122,-2.072007775343));
#4842 = VECTOR('',#4843,1.);
#4843 = DIRECTION('',(0.,0.642787609687,-0.766044443119));
#4844 = ORIENTED_EDGE('',*,*,#4745,.T.);
#4845 = PLANE('',#4846);
#4846 = AXIS2_PLACEMENT_3D('',#4847,#4848,#4849);
#4847 = CARTESIAN_POINT('',(0.62,0.,0.));
#4848 = DIRECTION('',(1.,0.,0.));
#4849 = DIRECTION('',(-0.,1.,0.));
#4850 = ADVANCED_FACE('',(#4851),#4862,.F.);
#4851 = FACE_BOUND('',#4852,.T.);
#4852 = EDGE_LOOP('',(#4853,#4854,#4860,#4861));
#4853 = ORIENTED_EDGE('',*,*,#4839,.T.);
#4854 = ORIENTED_EDGE('',*,*,#4855,.T.);
#4855 = EDGE_CURVE('',#4832,#4776,#4856,.T.);
#4856 = LINE('',#4857,#4858);
#4857 = CARTESIAN_POINT('',(0.62,1.294701151889,-2.126175297385));
#4858 = VECTOR('',#4859,1.);
#4859 = DIRECTION('',(-1.,0.,0.));
#4860 = ORIENTED_EDGE('',*,*,#4775,.F.);
#4861 = ORIENTED_EDGE('',*,*,#4753,.T.);
#4862 = PLANE('',#4863);
#4863 = AXIS2_PLACEMENT_3D('',#4864,#4865,#4866);
#4864 = CARTESIAN_POINT('',(-0.62,1.249249204122,-2.072007775343));
#4865 = DIRECTION('',(0.,-0.766044443119,-0.642787609687));
#4866 = DIRECTION('',(0.,0.642787609687,-0.766044443119));
#4867 = ADVANCED_FACE('',(#4868),#4874,.F.);
#4868 = FACE_BOUND('',#4869,.T.);
#4869 = EDGE_LOOP('',(#4870,#4871,#4872,#4873));
#4870 = ORIENTED_EDGE('',*,*,#4855,.F.);
#4871 = ORIENTED_EDGE('',*,*,#4831,.F.);
#4872 = ORIENTED_EDGE('',*,*,#4807,.T.);
#4873 = ORIENTED_EDGE('',*,*,#4783,.T.);
#4874 = PLANE('',#4875);
#4875 = AXIS2_PLACEMENT_3D('',#4876,#4877,#4878);
#4876 = CARTESIAN_POINT('',(-0.62,1.294701151889,-2.126175297385));
#4877 = DIRECTION('',(0.,-8.715574274766E-02,-0.996194698092));
#4878 = DIRECTION('',(0.,-0.996194698092,8.715574274766E-02));
#4879 = ADVANCED_FACE('',(#4880),#4921,.T.);
#4880 = FACE_BOUND('',#4881,.T.);
#4881 = EDGE_LOOP('',(#4882,#4892,#4900,#4908,#4914,#4915));
#4882 = ORIENTED_EDGE('',*,*,#4883,.F.);
#4883 = EDGE_CURVE('',#4884,#4886,#4888,.T.);
#4884 = VERTEX_POINT('',#4885);
#4885 = CARTESIAN_POINT('',(-1.45,1.831277989282,-2.303616266648));
#4886 = VERTEX_POINT('',#4887);
#4887 = CARTESIAN_POINT('',(-1.5,1.781468254378,-2.299258479511));
#4888 = LINE('',#4889,#4890);
#4889 = CARTESIAN_POINT('',(-1.45,1.831277989282,-2.303616266648));
#4890 = VECTOR('',#4891,1.);
#4891 = DIRECTION('',(-0.707106781187,-0.704416026403,6.162841671623E-02
    ));
#4892 = ORIENTED_EDGE('',*,*,#4893,.T.);
#4893 = EDGE_CURVE('',#4884,#4894,#4896,.T.);
#4894 = VERTEX_POINT('',#4895);
#4895 = CARTESIAN_POINT('',(-1.45,1.820819300153,-2.423159630419));
#4896 = LINE('',#4897,#4898);
#4897 = CARTESIAN_POINT('',(-1.45,1.831277989282,-2.303616266648));
#4898 = VECTOR('',#4899,1.);
#4899 = DIRECTION('',(0.,-8.715574274766E-02,-0.996194698092));
#4900 = ORIENTED_EDGE('',*,*,#4901,.F.);
#4901 = EDGE_CURVE('',#4902,#4894,#4904,.T.);
#4902 = VERTEX_POINT('',#4903);
#4903 = CARTESIAN_POINT('',(-1.6,1.663842186708,-2.496359260573));
#4904 = LINE('',#4905,#4906);
#4905 = CARTESIAN_POINT('',(-1.6,1.663842186708,-2.496359260573));
#4906 = VECTOR('',#4907,1.);
#4907 = DIRECTION('',(0.654653670708,0.685104290223,0.319469377166));
#4908 = ORIENTED_EDGE('',*,*,#4909,.F.);
#4909 = EDGE_CURVE('',#4622,#4902,#4910,.T.);
#4910 = LINE('',#4911,#4912);
#4911 = CARTESIAN_POINT('',(-1.6,1.697536818263,-2.11122785958));
#4912 = VECTOR('',#4913,1.);
#4913 = DIRECTION('',(0.,-8.715574274766E-02,-0.996194698092));
#4914 = ORIENTED_EDGE('',*,*,#4727,.F.);
#4915 = ORIENTED_EDGE('',*,*,#4916,.T.);
#4916 = EDGE_CURVE('',#4720,#4886,#4917,.T.);
#4917 = LINE('',#4918,#4919);
#4918 = CARTESIAN_POINT('',(-1.5,1.797156288072,-2.119943433854));
#4919 = VECTOR('',#4920,1.);
#4920 = DIRECTION('',(0.,-8.715574274766E-02,-0.996194698092));
#4921 = PLANE('',#4922);
#4922 = AXIS2_PLACEMENT_3D('',#4923,#4924,#4925);
#4923 = CARTESIAN_POINT('',(-1.525,1.759178059208,-2.267193744999));
#4924 = DIRECTION('',(-0.707106781187,0.704416026403,-6.162841671622E-02
    ));
#4925 = DIRECTION('',(-8.682659386425E-02,0.,0.996223440097));
#4926 = ADVANCED_FACE('',(#4927),#4961,.F.);
#4927 = FACE_BOUND('',#4928,.T.);
#4928 = EDGE_LOOP('',(#4929,#4937,#4945,#4953,#4959,#4960));
#4929 = ORIENTED_EDGE('',*,*,#4930,.F.);
#4930 = EDGE_CURVE('',#4931,#4712,#4933,.T.);
#4931 = VERTEX_POINT('',#4932);
#4932 = CARTESIAN_POINT('',(0.73,1.768493595671,-2.447559507137));
#4933 = LINE('',#4934,#4935);
#4934 = CARTESIAN_POINT('',(0.73,1.768493595671,-2.447559507137));
#4935 = VECTOR('',#4936,1.);
#4936 = DIRECTION('',(0.,8.715574274766E-02,0.996194698092));
#4937 = ORIENTED_EDGE('',*,*,#4938,.T.);
#4938 = EDGE_CURVE('',#4931,#4939,#4941,.T.);
#4939 = VERTEX_POINT('',#4940);
#4940 = CARTESIAN_POINT('',(-0.38,1.768493595671,-2.447559507137));
#4941 = LINE('',#4942,#4943);
#4942 = CARTESIAN_POINT('',(0.73,1.768493595671,-2.447559507137));
#4943 = VECTOR('',#4944,1.);
#4944 = DIRECTION('',(-1.,0.,0.));
#4945 = ORIENTED_EDGE('',*,*,#4946,.T.);
#4946 = EDGE_CURVE('',#4939,#4947,#4949,.T.);
#4947 = VERTEX_POINT('',#4948);
#4948 = CARTESIAN_POINT('',(-0.38,1.781468254378,-2.299258479511));
#4949 = LINE('',#4950,#4951);
#4950 = CARTESIAN_POINT('',(-0.38,1.768493595671,-2.447559507137));
#4951 = VECTOR('',#4952,1.);
#4952 = DIRECTION('',(0.,8.715574274766E-02,0.996194698092));
#4953 = ORIENTED_EDGE('',*,*,#4954,.F.);
#4954 = EDGE_CURVE('',#4886,#4947,#4955,.T.);
#4955 = LINE('',#4956,#4957);
#4956 = CARTESIAN_POINT('',(-1.5,1.781468254378,-2.299258479511));
#4957 = VECTOR('',#4958,1.);
#4958 = DIRECTION('',(1.,0.,0.));
#4959 = ORIENTED_EDGE('',*,*,#4916,.F.);
#4960 = ORIENTED_EDGE('',*,*,#4719,.F.);
#4961 = PLANE('',#4962);
#4962 = AXIS2_PLACEMENT_3D('',#4963,#4964,#4965);
#4963 = CARTESIAN_POINT('',(0.73,1.768493595671,-2.447559507137));
#4964 = DIRECTION('',(0.,-0.996194698092,8.715574274766E-02));
#4965 = DIRECTION('',(-1.,0.,0.));
#4966 = ADVANCED_FACE('',(#4967),#4985,.F.);
#4967 = FACE_BOUND('',#4968,.T.);
#4968 = EDGE_LOOP('',(#4969,#4970,#4971,#4979));
#4969 = ORIENTED_EDGE('',*,*,#4883,.T.);
#4970 = ORIENTED_EDGE('',*,*,#4954,.T.);
#4971 = ORIENTED_EDGE('',*,*,#4972,.T.);
#4972 = EDGE_CURVE('',#4947,#4973,#4975,.T.);
#4973 = VERTEX_POINT('',#4974);
#4974 = CARTESIAN_POINT('',(-0.38,1.831277989282,-2.303616266648));
#4975 = LINE('',#4976,#4977);
#4976 = CARTESIAN_POINT('',(-0.38,1.781468254378,-2.299258479511));
#4977 = VECTOR('',#4978,1.);
#4978 = DIRECTION('',(0.,0.996194698092,-8.715574274767E-02));
#4979 = ORIENTED_EDGE('',*,*,#4980,.F.);
#4980 = EDGE_CURVE('',#4884,#4973,#4981,.T.);
#4981 = LINE('',#4982,#4983);
#4982 = CARTESIAN_POINT('',(-1.45,1.831277989282,-2.303616266648));
#4983 = VECTOR('',#4984,1.);
#4984 = DIRECTION('',(1.,0.,0.));
#4985 = PLANE('',#4986);
#4986 = AXIS2_PLACEMENT_3D('',#4987,#4988,#4989);
#4987 = CARTESIAN_POINT('',(-1.85,1.781468254378,-2.299258479511));
#4988 = DIRECTION('',(0.,-8.715574274767E-02,-0.996194698092));
#4989 = DIRECTION('',(0.,-0.996194698092,8.715574274767E-02));
#4990 = ADVANCED_FACE('',(#4991),#5009,.T.);
#4991 = FACE_BOUND('',#4992,.T.);
#4992 = EDGE_LOOP('',(#4993,#4994,#4995,#5003));
#4993 = ORIENTED_EDGE('',*,*,#4703,.T.);
#4994 = ORIENTED_EDGE('',*,*,#4599,.F.);
#4995 = ORIENTED_EDGE('',*,*,#4996,.F.);
#4996 = EDGE_CURVE('',#4997,#4592,#4999,.T.);
#4997 = VERTEX_POINT('',#4998);
#4998 = CARTESIAN_POINT('',(0.73,1.820819300153,-2.423159630419));
#4999 = LINE('',#5000,#5001);
#5000 = CARTESIAN_POINT('',(0.73,1.820819300153,-2.423159630419));
#5001 = VECTOR('',#5002,1.);
#5002 = DIRECTION('',(1.,0.,0.));
#5003 = ORIENTED_EDGE('',*,*,#5004,.T.);
#5004 = EDGE_CURVE('',#4997,#4704,#5005,.T.);
#5005 = LINE('',#5006,#5007);
#5006 = CARTESIAN_POINT('',(0.73,1.820819300153,-2.423159630419));
#5007 = VECTOR('',#5008,1.);
#5008 = DIRECTION('',(0.,8.715574274766E-02,0.996194698092));
#5009 = PLANE('',#5010);
#5010 = AXIS2_PLACEMENT_3D('',#5011,#5012,#5013);
#5011 = CARTESIAN_POINT('',(-1.6,1.820819300153,-2.423159630419));
#5012 = DIRECTION('',(0.,0.996194698092,-8.715574274766E-02));
#5013 = DIRECTION('',(-1.,0.,0.));
#5014 = ADVANCED_FACE('',(#5015),#5033,.T.);
#5015 = FACE_BOUND('',#5016,.T.);
#5016 = EDGE_LOOP('',(#5017,#5025,#5031,#5032));
#5017 = ORIENTED_EDGE('',*,*,#5018,.F.);
#5018 = EDGE_CURVE('',#5019,#4973,#5021,.T.);
#5019 = VERTEX_POINT('',#5020);
#5020 = CARTESIAN_POINT('',(-0.38,1.820819300153,-2.423159630419));
#5021 = LINE('',#5022,#5023);
#5022 = CARTESIAN_POINT('',(-0.38,1.820819300153,-2.423159630419));
#5023 = VECTOR('',#5024,1.);
#5024 = DIRECTION('',(0.,8.715574274766E-02,0.996194698092));
#5025 = ORIENTED_EDGE('',*,*,#5026,.F.);
#5026 = EDGE_CURVE('',#4894,#5019,#5027,.T.);
#5027 = LINE('',#5028,#5029);
#5028 = CARTESIAN_POINT('',(-1.45,1.820819300153,-2.423159630419));
#5029 = VECTOR('',#5030,1.);
#5030 = DIRECTION('',(1.,0.,0.));
#5031 = ORIENTED_EDGE('',*,*,#4893,.F.);
#5032 = ORIENTED_EDGE('',*,*,#4980,.T.);
#5033 = PLANE('',#5034);
#5034 = AXIS2_PLACEMENT_3D('',#5035,#5036,#5037);
#5035 = CARTESIAN_POINT('',(-1.6,1.820819300153,-2.423159630419));
#5036 = DIRECTION('',(0.,0.996194698092,-8.715574274766E-02));
#5037 = DIRECTION('',(-1.,0.,0.));
#5038 = ADVANCED_FACE('',(#5039),#5050,.T.);
#5039 = FACE_BOUND('',#5040,.T.);
#5040 = EDGE_LOOP('',(#5041,#5042,#5043,#5044));
#5041 = ORIENTED_EDGE('',*,*,#4930,.T.);
#5042 = ORIENTED_EDGE('',*,*,#4711,.F.);
#5043 = ORIENTED_EDGE('',*,*,#5004,.F.);
#5044 = ORIENTED_EDGE('',*,*,#5045,.T.);
#5045 = EDGE_CURVE('',#4997,#4931,#5046,.T.);
#5046 = LINE('',#5047,#5048);
#5047 = CARTESIAN_POINT('',(0.73,1.820819300153,-2.423159630419));
#5048 = VECTOR('',#5049,1.);
#5049 = DIRECTION('',(0.,-0.906307787037,-0.422618261741));
#5050 = PLANE('',#5051);
#5051 = AXIS2_PLACEMENT_3D('',#5052,#5053,#5054);
#5052 = CARTESIAN_POINT('',(0.73,0.,0.));
#5053 = DIRECTION('',(-1.,0.,0.));
#5054 = DIRECTION('',(0.,0.,1.));
#5055 = ADVANCED_FACE('',(#5056),#5078,.T.);
#5056 = FACE_BOUND('',#5057,.T.);
#5057 = EDGE_LOOP('',(#5058,#5059,#5060,#5061,#5062,#5068,#5069,#5070,
    #5076,#5077));
#5058 = ORIENTED_EDGE('',*,*,#4996,.T.);
#5059 = ORIENTED_EDGE('',*,*,#4591,.T.);
#5060 = ORIENTED_EDGE('',*,*,#4568,.F.);
#5061 = ORIENTED_EDGE('',*,*,#4472,.F.);
#5062 = ORIENTED_EDGE('',*,*,#5063,.T.);
#5063 = EDGE_CURVE('',#4465,#4902,#5064,.T.);
#5064 = LINE('',#5065,#5066);
#5065 = CARTESIAN_POINT('',(-1.6,1.506865073264,-2.569558890727));
#5066 = VECTOR('',#5067,1.);
#5067 = DIRECTION('',(0.,0.906307787037,0.422618261741));
#5068 = ORIENTED_EDGE('',*,*,#4901,.T.);
#5069 = ORIENTED_EDGE('',*,*,#5026,.T.);
#5070 = ORIENTED_EDGE('',*,*,#5071,.T.);
#5071 = EDGE_CURVE('',#5019,#4939,#5072,.T.);
#5072 = LINE('',#5073,#5074);
#5073 = CARTESIAN_POINT('',(-0.38,1.820819300153,-2.423159630419));
#5074 = VECTOR('',#5075,1.);
#5075 = DIRECTION('',(0.,-0.906307787037,-0.422618261741));
#5076 = ORIENTED_EDGE('',*,*,#4938,.F.);
#5077 = ORIENTED_EDGE('',*,*,#5045,.F.);
#5078 = PLANE('',#5079);
#5079 = AXIS2_PLACEMENT_3D('',#5080,#5081,#5082);
#5080 = CARTESIAN_POINT('',(-1.6,1.506865073264,-2.569558890727));
#5081 = DIRECTION('',(0.,0.422618261741,-0.906307787037));
#5082 = DIRECTION('',(-1.,0.,0.));
#5083 = ADVANCED_FACE('',(#5084),#5090,.F.);
#5084 = FACE_BOUND('',#5085,.T.);
#5085 = EDGE_LOOP('',(#5086,#5087,#5088,#5089));
#5086 = ORIENTED_EDGE('',*,*,#4946,.F.);
#5087 = ORIENTED_EDGE('',*,*,#5071,.F.);
#5088 = ORIENTED_EDGE('',*,*,#5018,.T.);
#5089 = ORIENTED_EDGE('',*,*,#4972,.F.);
#5090 = PLANE('',#5091);
#5091 = AXIS2_PLACEMENT_3D('',#5092,#5093,#5094);
#5092 = CARTESIAN_POINT('',(-0.38,0.,0.));
#5093 = DIRECTION('',(-1.,0.,0.));
#5094 = DIRECTION('',(0.,0.,1.));
#5095 = ADVANCED_FACE('',(#5096),#5143,.F.);
#5096 = FACE_BOUND('',#5097,.T.);
#5097 = EDGE_LOOP('',(#5098,#5099,#5100,#5101,#5102,#5110,#5119,#5127,
    #5135,#5141,#5142));
#5098 = ORIENTED_EDGE('',*,*,#5063,.F.);
#5099 = ORIENTED_EDGE('',*,*,#4464,.F.);
#5100 = ORIENTED_EDGE('',*,*,#4226,.F.);
#5101 = ORIENTED_EDGE('',*,*,#675,.T.);
#5102 = ORIENTED_EDGE('',*,*,#5103,.T.);
#5103 = EDGE_CURVE('',#668,#5104,#5106,.T.);
#5104 = VERTEX_POINT('',#5105);
#5105 = CARTESIAN_POINT('',(-1.6,0.363765333686,-2.46477038432));
#5106 = LINE('',#5107,#5108);
#5107 = CARTESIAN_POINT('',(-1.6,0.456915846983,-2.439810779507));
#5108 = VECTOR('',#5109,1.);
#5109 = DIRECTION('',(0.,-0.965925826289,-0.258819045102));
#5110 = ORIENTED_EDGE('',*,*,#5111,.T.);
#5111 = EDGE_CURVE('',#5104,#5112,#5114,.T.);
#5112 = VERTEX_POINT('',#5113);
#5113 = CARTESIAN_POINT('',(-1.6,0.340821926097,-2.473122281038));
#5114 = CIRCLE('',#5115,0.14);
#5115 = AXIS2_PLACEMENT_3D('',#5116,#5117,#5118);
#5116 = CARTESIAN_POINT('',(-1.6,0.4,-2.6));
#5117 = DIRECTION('',(1.,0.,0.));
#5118 = DIRECTION('',(0.,-0.258819045102,0.965925826289));
#5119 = ORIENTED_EDGE('',*,*,#5120,.F.);
#5120 = EDGE_CURVE('',#5121,#5112,#5123,.T.);
#5121 = VERTEX_POINT('',#5122);
#5122 = CARTESIAN_POINT('',(-1.6,0.416712181249,-2.189895993009));
#5123 = LINE('',#5124,#5125);
#5124 = CARTESIAN_POINT('',(-1.6,0.416712181249,-2.189895993009));
#5125 = VECTOR('',#5126,1.);
#5126 = DIRECTION('',(0.,-0.258819045102,-0.965925826289));
#5127 = ORIENTED_EDGE('',*,*,#5128,.T.);
#5128 = EDGE_CURVE('',#5121,#5129,#5131,.T.);
#5129 = VERTEX_POINT('',#5130);
#5130 = CARTESIAN_POINT('',(-1.6,1.043880997627,-2.244766154559));
#5131 = LINE('',#5132,#5133);
#5132 = CARTESIAN_POINT('',(-1.6,0.416712181249,-2.189895993009));
#5133 = VECTOR('',#5134,1.);
#5134 = DIRECTION('',(0.,0.996194698092,-8.715574274766E-02));
#5135 = ORIENTED_EDGE('',*,*,#5136,.T.);
#5136 = EDGE_CURVE('',#5129,#4624,#5137,.T.);
#5137 = LINE('',#5138,#5139);
#5138 = CARTESIAN_POINT('',(-1.6,1.043880997627,-2.244766154559));
#5139 = VECTOR('',#5140,1.);
#5140 = DIRECTION('',(0.,0.766044443119,0.642787609687));
#5141 = ORIENTED_EDGE('',*,*,#4621,.F.);
#5142 = ORIENTED_EDGE('',*,*,#4909,.T.);
#5143 = PLANE('',#5144);
#5144 = AXIS2_PLACEMENT_3D('',#5145,#5146,#5147);
#5145 = CARTESIAN_POINT('',(-1.6,0.,0.));
#5146 = DIRECTION('',(1.,0.,0.));
#5147 = DIRECTION('',(-0.,1.,0.));
#5148 = ADVANCED_FACE('',(#5149),#5167,.T.);
#5149 = FACE_BOUND('',#5150,.T.);
#5150 = EDGE_LOOP('',(#5151,#5152,#5153,#5161));
#5151 = ORIENTED_EDGE('',*,*,#4631,.F.);
#5152 = ORIENTED_EDGE('',*,*,#5136,.F.);
#5153 = ORIENTED_EDGE('',*,*,#5154,.T.);
#5154 = EDGE_CURVE('',#5129,#5155,#5157,.T.);
#5155 = VERTEX_POINT('',#5156);
#5156 = CARTESIAN_POINT('',(-1.5,1.043880997627,-2.244766154559));
#5157 = LINE('',#5158,#5159);
#5158 = CARTESIAN_POINT('',(-1.6,1.043880997627,-2.244766154559));
#5159 = VECTOR('',#5160,1.);
#5160 = DIRECTION('',(1.,0.,0.));
#5161 = ORIENTED_EDGE('',*,*,#5162,.T.);
#5162 = EDGE_CURVE('',#5155,#4632,#5163,.T.);
#5163 = LINE('',#5164,#5165);
#5164 = CARTESIAN_POINT('',(-1.5,1.043880997627,-2.244766154559));
#5165 = VECTOR('',#5166,1.);
#5166 = DIRECTION('',(0.,0.766044443119,0.642787609687));
#5167 = PLANE('',#5168);
#5168 = AXIS2_PLACEMENT_3D('',#5169,#5170,#5171);
#5169 = CARTESIAN_POINT('',(-1.6,1.043880997627,-2.244766154559));
#5170 = DIRECTION('',(0.,-0.642787609687,0.766044443119));
#5171 = DIRECTION('',(-1.,0.,0.));
#5172 = ADVANCED_FACE('',(#5173),#5207,.F.);
#5173 = FACE_BOUND('',#5174,.T.);
#5174 = EDGE_LOOP('',(#5175,#5185,#5193,#5199,#5200,#5201));
#5175 = ORIENTED_EDGE('',*,*,#5176,.F.);
#5176 = EDGE_CURVE('',#5177,#5179,#5181,.T.);
#5177 = VERTEX_POINT('',#5178);
#5178 = CARTESIAN_POINT('',(-1.5,0.628497076874,-2.168271976981));
#5179 = VERTEX_POINT('',#5180);
#5180 = CARTESIAN_POINT('',(-1.5,0.566141385963,-2.202969354421));
#5181 = LINE('',#5182,#5183);
#5182 = CARTESIAN_POINT('',(-1.5,0.628497076874,-2.168271976981));
#5183 = VECTOR('',#5184,1.);
#5184 = DIRECTION('',(0.,-0.873827925936,-0.486235288574));
#5185 = ORIENTED_EDGE('',*,*,#5186,.F.);
#5186 = EDGE_CURVE('',#5187,#5177,#5189,.T.);
#5187 = VERTEX_POINT('',#5188);
#5188 = CARTESIAN_POINT('',(-1.5,0.708192652721,-2.175244436401));
#5189 = LINE('',#5190,#5191);
#5190 = CARTESIAN_POINT('',(-1.5,0.708192652721,-2.175244436401));
#5191 = VECTOR('',#5192,1.);
#5192 = DIRECTION('',(0.,-0.996194698092,8.715574274766E-02));
#5193 = ORIENTED_EDGE('',*,*,#5194,.F.);
#5194 = EDGE_CURVE('',#4640,#5187,#5195,.T.);
#5195 = LINE('',#5196,#5197);
#5196 = CARTESIAN_POINT('',(-1.5,0.980276635637,-2.048475724801));
#5197 = VECTOR('',#5198,1.);
#5198 = DIRECTION('',(0.,-0.906443169987,-0.422327810574));
#5199 = ORIENTED_EDGE('',*,*,#4639,.T.);
#5200 = ORIENTED_EDGE('',*,*,#5162,.F.);
#5201 = ORIENTED_EDGE('',*,*,#5202,.F.);
#5202 = EDGE_CURVE('',#5179,#5155,#5203,.T.);
#5203 = LINE('',#5204,#5205);
#5204 = CARTESIAN_POINT('',(-1.5,0.566141385963,-2.202969354421));
#5205 = VECTOR('',#5206,1.);
#5206 = DIRECTION('',(0.,0.996194698092,-8.715574274766E-02));
#5207 = PLANE('',#5208);
#5208 = AXIS2_PLACEMENT_3D('',#5209,#5210,#5211);
#5209 = CARTESIAN_POINT('',(-1.5,0.,0.));
#5210 = DIRECTION('',(1.,0.,0.));
#5211 = DIRECTION('',(-0.,1.,0.));
#5212 = ADVANCED_FACE('',(#5213,#5279,#5290,#5324,#5358,#5392),#5408,.T.
  );
#5213 = FACE_BOUND('',#5214,.T.);
#5214 = EDGE_LOOP('',(#5215,#5216,#5217,#5218,#5224,#5225,#5233,#5241,
    #5249,#5257,#5265,#5273));
#5215 = ORIENTED_EDGE('',*,*,#5202,.T.);
#5216 = ORIENTED_EDGE('',*,*,#5154,.F.);
#5217 = ORIENTED_EDGE('',*,*,#5128,.F.);
#5218 = ORIENTED_EDGE('',*,*,#5219,.T.);
#5219 = EDGE_CURVE('',#5121,#4535,#5220,.T.);
#5220 = LINE('',#5221,#5222);
#5221 = CARTESIAN_POINT('',(-1.6,0.416712181249,-2.189895993009));
#5222 = VECTOR('',#5223,1.);
#5223 = DIRECTION('',(1.,0.,0.));
#5224 = ORIENTED_EDGE('',*,*,#4534,.F.);
#5225 = ORIENTED_EDGE('',*,*,#5226,.T.);
#5226 = EDGE_CURVE('',#4527,#5227,#5229,.T.);
#5227 = VERTEX_POINT('',#5228);
#5228 = CARTESIAN_POINT('',(1.5,1.043880997627,-2.244766154559));
#5229 = LINE('',#5230,#5231);
#5230 = CARTESIAN_POINT('',(1.6,1.043880997627,-2.244766154559));
#5231 = VECTOR('',#5232,1.);
#5232 = DIRECTION('',(-1.,0.,0.));
#5233 = ORIENTED_EDGE('',*,*,#5234,.F.);
#5234 = EDGE_CURVE('',#5235,#5227,#5237,.T.);
#5235 = VERTEX_POINT('',#5236);
#5236 = CARTESIAN_POINT('',(1.5,0.566141385963,-2.202969354421));
#5237 = LINE('',#5238,#5239);
#5238 = CARTESIAN_POINT('',(1.5,0.566141385963,-2.202969354421));
#5239 = VECTOR('',#5240,1.);
#5240 = DIRECTION('',(0.,0.996194698092,-8.715574274766E-02));
#5241 = ORIENTED_EDGE('',*,*,#5242,.F.);
#5242 = EDGE_CURVE('',#5243,#5235,#5245,.T.);
#5243 = VERTEX_POINT('',#5244);
#5244 = CARTESIAN_POINT('',(1.29,0.566141385963,-2.202969354421));
#5245 = LINE('',#5246,#5247);
#5246 = CARTESIAN_POINT('',(1.29,0.566141385963,-2.202969354421));
#5247 = VECTOR('',#5248,1.);
#5248 = DIRECTION('',(1.,0.,0.));
#5249 = ORIENTED_EDGE('',*,*,#5250,.T.);
#5250 = EDGE_CURVE('',#5243,#5251,#5253,.T.);
#5251 = VERTEX_POINT('',#5252);
#5252 = CARTESIAN_POINT('',(1.29,1.013534119416,-2.242111146742));
#5253 = LINE('',#5254,#5255);
#5254 = CARTESIAN_POINT('',(1.29,0.566141385963,-2.202969354421));
#5255 = VECTOR('',#5256,1.);
#5256 = DIRECTION('',(0.,0.996194698092,-8.715574274766E-02));
#5257 = ORIENTED_EDGE('',*,*,#5258,.T.);
#5258 = EDGE_CURVE('',#5251,#5259,#5261,.T.);
#5259 = VERTEX_POINT('',#5260);
#5260 = CARTESIAN_POINT('',(-1.29,1.013534119416,-2.242111146742));
#5261 = LINE('',#5262,#5263);
#5262 = CARTESIAN_POINT('',(1.29,1.013534119416,-2.242111146742));
#5263 = VECTOR('',#5264,1.);
#5264 = DIRECTION('',(-1.,0.,0.));
#5265 = ORIENTED_EDGE('',*,*,#5266,.F.);
#5266 = EDGE_CURVE('',#5267,#5259,#5269,.T.);
#5267 = VERTEX_POINT('',#5268);
#5268 = CARTESIAN_POINT('',(-1.29,0.566141385963,-2.202969354421));
#5269 = LINE('',#5270,#5271);
#5270 = CARTESIAN_POINT('',(-1.29,0.566141385963,-2.202969354421));
#5271 = VECTOR('',#5272,1.);
#5272 = DIRECTION('',(0.,0.996194698092,-8.715574274766E-02));
#5273 = ORIENTED_EDGE('',*,*,#5274,.F.);
#5274 = EDGE_CURVE('',#5179,#5267,#5275,.T.);
#5275 = LINE('',#5276,#5277);
#5276 = CARTESIAN_POINT('',(-1.5,0.566141385963,-2.202969354421));
#5277 = VECTOR('',#5278,1.);
#5278 = DIRECTION('',(1.,0.,0.));
#5279 = FACE_BOUND('',#5280,.T.);
#5280 = EDGE_LOOP('',(#5281,#5282,#5283,#5289));
#5281 = ORIENTED_EDGE('',*,*,#3946,.T.);
#5282 = ORIENTED_EDGE('',*,*,#3793,.F.);
#5283 = ORIENTED_EDGE('',*,*,#5284,.F.);
#5284 = EDGE_CURVE('',#4050,#3786,#5285,.T.);
#5285 = LINE('',#5286,#5287);
#5286 = CARTESIAN_POINT('',(0.925,0.7,-2.214680465665));
#5287 = VECTOR('',#5288,1.);
#5288 = DIRECTION('',(1.,0.,0.));
#5289 = ORIENTED_EDGE('',*,*,#4065,.T.);
#5290 = FACE_BOUND('',#5291,.T.);
#5291 = EDGE_LOOP('',(#5292,#5302,#5310,#5318));
#5292 = ORIENTED_EDGE('',*,*,#5293,.T.);
#5293 = EDGE_CURVE('',#5294,#5296,#5298,.T.);
#5294 = VERTEX_POINT('',#5295);
#5295 = CARTESIAN_POINT('',(0.425,0.868579769028,-2.229429284355));
#5296 = VERTEX_POINT('',#5297);
#5297 = CARTESIAN_POINT('',(0.575,0.868579769028,-2.229429284355));
#5298 = LINE('',#5299,#5300);
#5299 = CARTESIAN_POINT('',(0.425,0.868579769028,-2.229429284355));
#5300 = VECTOR('',#5301,1.);
#5301 = DIRECTION('',(1.,0.,0.));
#5302 = ORIENTED_EDGE('',*,*,#5303,.F.);
#5303 = EDGE_CURVE('',#5304,#5296,#5306,.T.);
#5304 = VERTEX_POINT('',#5305);
#5305 = CARTESIAN_POINT('',(0.575,0.7,-2.214680465665));
#5306 = LINE('',#5307,#5308);
#5307 = CARTESIAN_POINT('',(0.575,0.7,-2.214680465665));
#5308 = VECTOR('',#5309,1.);
#5309 = DIRECTION('',(0.,0.996194698092,-8.715574274766E-02));
#5310 = ORIENTED_EDGE('',*,*,#5311,.F.);
#5311 = EDGE_CURVE('',#5312,#5304,#5314,.T.);
#5312 = VERTEX_POINT('',#5313);
#5313 = CARTESIAN_POINT('',(0.425,0.7,-2.214680465665));
#5314 = LINE('',#5315,#5316);
#5315 = CARTESIAN_POINT('',(0.425,0.7,-2.214680465665));
#5316 = VECTOR('',#5317,1.);
#5317 = DIRECTION('',(1.,0.,0.));
#5318 = ORIENTED_EDGE('',*,*,#5319,.T.);
#5319 = EDGE_CURVE('',#5312,#5294,#5320,.T.);
#5320 = LINE('',#5321,#5322);
#5321 = CARTESIAN_POINT('',(0.425,0.7,-2.214680465665));
#5322 = VECTOR('',#5323,1.);
#5323 = DIRECTION('',(0.,0.996194698092,-8.715574274766E-02));
#5324 = FACE_BOUND('',#5325,.T.);
#5325 = EDGE_LOOP('',(#5326,#5336,#5344,#5352));
#5326 = ORIENTED_EDGE('',*,*,#5327,.T.);
#5327 = EDGE_CURVE('',#5328,#5330,#5332,.T.);
#5328 = VERTEX_POINT('',#5329);
#5329 = CARTESIAN_POINT('',(-7.5E-02,0.868579769028,-2.229429284355));
#5330 = VERTEX_POINT('',#5331);
#5331 = CARTESIAN_POINT('',(7.5E-02,0.868579769028,-2.229429284355));
#5332 = LINE('',#5333,#5334);
#5333 = CARTESIAN_POINT('',(-7.5E-02,0.868579769028,-2.229429284355));
#5334 = VECTOR('',#5335,1.);
#5335 = DIRECTION('',(1.,0.,0.));
#5336 = ORIENTED_EDGE('',*,*,#5337,.F.);
#5337 = EDGE_CURVE('',#5338,#5330,#5340,.T.);
#5338 = VERTEX_POINT('',#5339);
#5339 = CARTESIAN_POINT('',(7.5E-02,0.7,-2.214680465665));
#5340 = LINE('',#5341,#5342);
#5341 = CARTESIAN_POINT('',(7.5E-02,0.7,-2.214680465665));
#5342 = VECTOR('',#5343,1.);
#5343 = DIRECTION('',(0.,0.996194698092,-8.715574274766E-02));
#5344 = ORIENTED_EDGE('',*,*,#5345,.F.);
#5345 = EDGE_CURVE('',#5346,#5338,#5348,.T.);
#5346 = VERTEX_POINT('',#5347);
#5347 = CARTESIAN_POINT('',(-7.5E-02,0.7,-2.214680465665));
#5348 = LINE('',#5349,#5350);
#5349 = CARTESIAN_POINT('',(-7.5E-02,0.7,-2.214680465665));
#5350 = VECTOR('',#5351,1.);
#5351 = DIRECTION('',(1.,0.,0.));
#5352 = ORIENTED_EDGE('',*,*,#5353,.T.);
#5353 = EDGE_CURVE('',#5346,#5328,#5354,.T.);
#5354 = LINE('',#5355,#5356);
#5355 = CARTESIAN_POINT('',(-7.5E-02,0.7,-2.214680465665));
#5356 = VECTOR('',#5357,1.);
#5357 = DIRECTION('',(0.,0.996194698092,-8.715574274766E-02));
#5358 = FACE_BOUND('',#5359,.T.);
#5359 = EDGE_LOOP('',(#5360,#5370,#5378,#5386));
#5360 = ORIENTED_EDGE('',*,*,#5361,.T.);
#5361 = EDGE_CURVE('',#5362,#5364,#5366,.T.);
#5362 = VERTEX_POINT('',#5363);
#5363 = CARTESIAN_POINT('',(-0.575,0.868579769028,-2.229429284355));
#5364 = VERTEX_POINT('',#5365);
#5365 = CARTESIAN_POINT('',(-0.425,0.868579769028,-2.229429284355));
#5366 = LINE('',#5367,#5368);
#5367 = CARTESIAN_POINT('',(-0.575,0.868579769028,-2.229429284355));
#5368 = VECTOR('',#5369,1.);
#5369 = DIRECTION('',(1.,0.,0.));
#5370 = ORIENTED_EDGE('',*,*,#5371,.F.);
#5371 = EDGE_CURVE('',#5372,#5364,#5374,.T.);
#5372 = VERTEX_POINT('',#5373);
#5373 = CARTESIAN_POINT('',(-0.425,0.7,-2.214680465665));
#5374 = LINE('',#5375,#5376);
#5375 = CARTESIAN_POINT('',(-0.425,0.7,-2.214680465665));
#5376 = VECTOR('',#5377,1.);
#5377 = DIRECTION('',(0.,0.996194698092,-8.715574274766E-02));
#5378 = ORIENTED_EDGE('',*,*,#5379,.F.);
#5379 = EDGE_CURVE('',#5380,#5372,#5382,.T.);
#5380 = VERTEX_POINT('',#5381);
#5381 = CARTESIAN_POINT('',(-0.575,0.7,-2.214680465665));
#5382 = LINE('',#5383,#5384);
#5383 = CARTESIAN_POINT('',(-0.575,0.7,-2.214680465665));
#5384 = VECTOR('',#5385,1.);
#5385 = DIRECTION('',(1.,0.,0.));
#5386 = ORIENTED_EDGE('',*,*,#5387,.T.);
#5387 = EDGE_CURVE('',#5380,#5362,#5388,.T.);
#5388 = LINE('',#5389,#5390);
#5389 = CARTESIAN_POINT('',(-0.575,0.7,-2.214680465665));
#5390 = VECTOR('',#5391,1.);
#5391 = DIRECTION('',(0.,0.996194698092,-8.715574274766E-02));
#5392 = FACE_BOUND('',#5393,.T.);
#5393 = EDGE_LOOP('',(#5394,#5400,#5401,#5407));
#5394 = ORIENTED_EDGE('',*,*,#5395,.T.);
#5395 = EDGE_CURVE('',#2986,#3226,#5396,.T.);
#5396 = LINE('',#5397,#5398);
#5397 = CARTESIAN_POINT('',(-1.075,0.868579769028,-2.229429284355));
#5398 = VECTOR('',#5399,1.);
#5399 = DIRECTION('',(1.,0.,0.));
#5400 = ORIENTED_EDGE('',*,*,#3250,.F.);
#5401 = ORIENTED_EDGE('',*,*,#5402,.F.);
#5402 = EDGE_CURVE('',#2969,#3243,#5403,.T.);
#5403 = LINE('',#5404,#5405);
#5404 = CARTESIAN_POINT('',(-1.075,0.7,-2.214680465665));
#5405 = VECTOR('',#5406,1.);
#5406 = DIRECTION('',(1.,0.,0.));
#5407 = ORIENTED_EDGE('',*,*,#2993,.T.);
#5408 = PLANE('',#5409);
#5409 = AXIS2_PLACEMENT_3D('',#5410,#5411,#5412);
#5410 = CARTESIAN_POINT('',(-1.6,0.566141385963,-2.202969354421));
#5411 = DIRECTION('',(0.,8.715574274766E-02,0.996194698092));
#5412 = DIRECTION('',(1.,-0.,0.));
#5413 = ADVANCED_FACE('',(#5414),#5432,.T.);
#5414 = FACE_BOUND('',#5415,.T.);
#5415 = EDGE_LOOP('',(#5416,#5424,#5425,#5426));
#5416 = ORIENTED_EDGE('',*,*,#5417,.F.);
#5417 = EDGE_CURVE('',#5177,#5418,#5420,.T.);
#5418 = VERTEX_POINT('',#5419);
#5419 = CARTESIAN_POINT('',(-1.29,0.628497076874,-2.168271976981));
#5420 = LINE('',#5421,#5422);
#5421 = CARTESIAN_POINT('',(-1.5,0.628497076874,-2.168271976981));
#5422 = VECTOR('',#5423,1.);
#5423 = DIRECTION('',(1.,0.,0.));
#5424 = ORIENTED_EDGE('',*,*,#5176,.T.);
#5425 = ORIENTED_EDGE('',*,*,#5274,.T.);
#5426 = ORIENTED_EDGE('',*,*,#5427,.F.);
#5427 = EDGE_CURVE('',#5418,#5267,#5428,.T.);
#5428 = LINE('',#5429,#5430);
#5429 = CARTESIAN_POINT('',(-1.29,0.628497076874,-2.168271976981));
#5430 = VECTOR('',#5431,1.);
#5431 = DIRECTION('',(0.,-0.873827925936,-0.486235288574));
#5432 = PLANE('',#5433);
#5433 = AXIS2_PLACEMENT_3D('',#5434,#5435,#5436);
#5434 = CARTESIAN_POINT('',(-1.6,0.628497076874,-2.168271976981));
#5435 = DIRECTION('',(0.,-0.486235288574,0.873827925936));
#5436 = DIRECTION('',(-1.,0.,0.));
#5437 = ADVANCED_FACE('',(#5438),#5463,.T.);
#5438 = FACE_BOUND('',#5439,.T.);
#5439 = EDGE_LOOP('',(#5440,#5441,#5449,#5457));
#5440 = ORIENTED_EDGE('',*,*,#5242,.T.);
#5441 = ORIENTED_EDGE('',*,*,#5442,.F.);
#5442 = EDGE_CURVE('',#5443,#5235,#5445,.T.);
#5443 = VERTEX_POINT('',#5444);
#5444 = CARTESIAN_POINT('',(1.5,0.628497076874,-2.168271976981));
#5445 = LINE('',#5446,#5447);
#5446 = CARTESIAN_POINT('',(1.5,0.628497076874,-2.168271976981));
#5447 = VECTOR('',#5448,1.);
#5448 = DIRECTION('',(0.,-0.873827925936,-0.486235288574));
#5449 = ORIENTED_EDGE('',*,*,#5450,.F.);
#5450 = EDGE_CURVE('',#5451,#5443,#5453,.T.);
#5451 = VERTEX_POINT('',#5452);
#5452 = CARTESIAN_POINT('',(1.29,0.628497076874,-2.168271976981));
#5453 = LINE('',#5454,#5455);
#5454 = CARTESIAN_POINT('',(1.29,0.628497076874,-2.168271976981));
#5455 = VECTOR('',#5456,1.);
#5456 = DIRECTION('',(1.,0.,0.));
#5457 = ORIENTED_EDGE('',*,*,#5458,.T.);
#5458 = EDGE_CURVE('',#5451,#5243,#5459,.T.);
#5459 = LINE('',#5460,#5461);
#5460 = CARTESIAN_POINT('',(1.29,0.628497076874,-2.168271976981));
#5461 = VECTOR('',#5462,1.);
#5462 = DIRECTION('',(0.,-0.873827925936,-0.486235288574));
#5463 = PLANE('',#5464);
#5464 = AXIS2_PLACEMENT_3D('',#5465,#5466,#5467);
#5465 = CARTESIAN_POINT('',(-1.6,0.628497076874,-2.168271976981));
#5466 = DIRECTION('',(0.,-0.486235288574,0.873827925936));
#5467 = DIRECTION('',(-1.,0.,0.));
#5468 = ADVANCED_FACE('',(#5469),#5502,.T.);
#5469 = FACE_BOUND('',#5470,.T.);
#5470 = EDGE_LOOP('',(#5471,#5479,#5480,#5481,#5489,#5495,#5496));
#5471 = ORIENTED_EDGE('',*,*,#5472,.T.);
#5472 = EDGE_CURVE('',#5473,#5418,#5475,.T.);
#5473 = VERTEX_POINT('',#5474);
#5474 = CARTESIAN_POINT('',(-1.29,0.708192652721,-2.175244436401));
#5475 = LINE('',#5476,#5477);
#5476 = CARTESIAN_POINT('',(-1.29,0.708192652721,-2.175244436401));
#5477 = VECTOR('',#5478,1.);
#5478 = DIRECTION('',(0.,-0.996194698092,8.715574274766E-02));
#5479 = ORIENTED_EDGE('',*,*,#5427,.T.);
#5480 = ORIENTED_EDGE('',*,*,#5266,.T.);
#5481 = ORIENTED_EDGE('',*,*,#5482,.F.);
#5482 = EDGE_CURVE('',#5483,#5259,#5485,.T.);
#5483 = VERTEX_POINT('',#5484);
#5484 = CARTESIAN_POINT('',(-1.29,1.037886479447,-2.151226901819));
#5485 = LINE('',#5486,#5487);
#5486 = CARTESIAN_POINT('',(-1.29,1.037886479447,-2.151226901819));
#5487 = VECTOR('',#5488,1.);
#5488 = DIRECTION('',(0.,-0.258819045102,-0.965925826289));
#5489 = ORIENTED_EDGE('',*,*,#5490,.T.);
#5490 = EDGE_CURVE('',#5483,#4656,#5491,.T.);
#5491 = LINE('',#5492,#5493);
#5492 = CARTESIAN_POINT('',(-1.29,1.037886479447,-2.151226901819));
#5493 = VECTOR('',#5494,1.);
#5494 = DIRECTION('',(0.,0.866025403784,0.5));
#5495 = ORIENTED_EDGE('',*,*,#4655,.F.);
#5496 = ORIENTED_EDGE('',*,*,#5497,.T.);
#5497 = EDGE_CURVE('',#4648,#5473,#5498,.T.);
#5498 = LINE('',#5499,#5500);
#5499 = CARTESIAN_POINT('',(-1.29,0.980276635637,-2.048475724801));
#5500 = VECTOR('',#5501,1.);
#5501 = DIRECTION('',(0.,-0.906443169987,-0.422327810574));
#5502 = PLANE('',#5503);
#5503 = AXIS2_PLACEMENT_3D('',#5504,#5505,#5506);
#5504 = CARTESIAN_POINT('',(-1.29,0.,0.));
#5505 = DIRECTION('',(1.,0.,0.));
#5506 = DIRECTION('',(-0.,1.,0.));
#5507 = ADVANCED_FACE('',(#5508),#5519,.T.);
#5508 = FACE_BOUND('',#5509,.T.);
#5509 = EDGE_LOOP('',(#5510,#5511,#5512,#5518));
#5510 = ORIENTED_EDGE('',*,*,#4647,.F.);
#5511 = ORIENTED_EDGE('',*,*,#5194,.T.);
#5512 = ORIENTED_EDGE('',*,*,#5513,.T.);
#5513 = EDGE_CURVE('',#5187,#5473,#5514,.T.);
#5514 = LINE('',#5515,#5516);
#5515 = CARTESIAN_POINT('',(-1.5,0.708192652721,-2.175244436401));
#5516 = VECTOR('',#5517,1.);
#5517 = DIRECTION('',(1.,0.,0.));
#5518 = ORIENTED_EDGE('',*,*,#5497,.F.);
#5519 = PLANE('',#5520);
#5520 = AXIS2_PLACEMENT_3D('',#5521,#5522,#5523);
#5521 = CARTESIAN_POINT('',(-1.6,0.980276635637,-2.048475724801));
#5522 = DIRECTION('',(0.,-0.422327810574,0.906443169987));
#5523 = DIRECTION('',(-1.,0.,0.));
#5524 = ADVANCED_FACE('',(#5525),#5550,.T.);
#5525 = FACE_BOUND('',#5526,.T.);
#5526 = EDGE_LOOP('',(#5527,#5537,#5543,#5544));
#5527 = ORIENTED_EDGE('',*,*,#5528,.T.);
#5528 = EDGE_CURVE('',#5529,#5531,#5533,.T.);
#5529 = VERTEX_POINT('',#5530);
#5530 = CARTESIAN_POINT('',(1.29,0.708192652721,-2.175244436401));
#5531 = VERTEX_POINT('',#5532);
#5532 = CARTESIAN_POINT('',(1.5,0.708192652721,-2.175244436401));
#5533 = LINE('',#5534,#5535);
#5534 = CARTESIAN_POINT('',(1.29,0.708192652721,-2.175244436401));
#5535 = VECTOR('',#5536,1.);
#5536 = DIRECTION('',(1.,0.,0.));
#5537 = ORIENTED_EDGE('',*,*,#5538,.F.);
#5538 = EDGE_CURVE('',#4680,#5531,#5539,.T.);
#5539 = LINE('',#5540,#5541);
#5540 = CARTESIAN_POINT('',(1.5,0.980276635637,-2.048475724801));
#5541 = VECTOR('',#5542,1.);
#5542 = DIRECTION('',(0.,-0.906443169987,-0.422327810574));
#5543 = ORIENTED_EDGE('',*,*,#4679,.F.);
#5544 = ORIENTED_EDGE('',*,*,#5545,.T.);
#5545 = EDGE_CURVE('',#4672,#5529,#5546,.T.);
#5546 = LINE('',#5547,#5548);
#5547 = CARTESIAN_POINT('',(1.29,0.980276635637,-2.048475724801));
#5548 = VECTOR('',#5549,1.);
#5549 = DIRECTION('',(0.,-0.906443169987,-0.422327810574));
#5550 = PLANE('',#5551);
#5551 = AXIS2_PLACEMENT_3D('',#5552,#5553,#5554);
#5552 = CARTESIAN_POINT('',(-1.6,0.980276635637,-2.048475724801));
#5553 = DIRECTION('',(0.,-0.422327810574,0.906443169987));
#5554 = DIRECTION('',(-1.,0.,0.));
#5555 = ADVANCED_FACE('',(#5556),#5562,.T.);
#5556 = FACE_BOUND('',#5557,.T.);
#5557 = EDGE_LOOP('',(#5558,#5559,#5560,#5561));
#5558 = ORIENTED_EDGE('',*,*,#5513,.F.);
#5559 = ORIENTED_EDGE('',*,*,#5186,.T.);
#5560 = ORIENTED_EDGE('',*,*,#5417,.T.);
#5561 = ORIENTED_EDGE('',*,*,#5472,.F.);
#5562 = PLANE('',#5563);
#5563 = AXIS2_PLACEMENT_3D('',#5564,#5565,#5566);
#5564 = CARTESIAN_POINT('',(-1.6,0.708192652721,-2.175244436401));
#5565 = DIRECTION('',(0.,8.715574274766E-02,0.996194698092));
#5566 = DIRECTION('',(1.,-0.,0.));
#5567 = ADVANCED_FACE('',(#5568),#5584,.T.);
#5568 = FACE_BOUND('',#5569,.T.);
#5569 = EDGE_LOOP('',(#5570,#5571,#5577,#5578));
#5570 = ORIENTED_EDGE('',*,*,#5450,.T.);
#5571 = ORIENTED_EDGE('',*,*,#5572,.F.);
#5572 = EDGE_CURVE('',#5531,#5443,#5573,.T.);
#5573 = LINE('',#5574,#5575);
#5574 = CARTESIAN_POINT('',(1.5,0.708192652721,-2.175244436401));
#5575 = VECTOR('',#5576,1.);
#5576 = DIRECTION('',(0.,-0.996194698092,8.715574274766E-02));
#5577 = ORIENTED_EDGE('',*,*,#5528,.F.);
#5578 = ORIENTED_EDGE('',*,*,#5579,.T.);
#5579 = EDGE_CURVE('',#5529,#5451,#5580,.T.);
#5580 = LINE('',#5581,#5582);
#5581 = CARTESIAN_POINT('',(1.29,0.708192652721,-2.175244436401));
#5582 = VECTOR('',#5583,1.);
#5583 = DIRECTION('',(0.,-0.996194698092,8.715574274766E-02));
#5584 = PLANE('',#5585);
#5585 = AXIS2_PLACEMENT_3D('',#5586,#5587,#5588);
#5586 = CARTESIAN_POINT('',(-1.6,0.708192652721,-2.175244436401));
#5587 = DIRECTION('',(0.,8.715574274766E-02,0.996194698092));
#5588 = DIRECTION('',(1.,-0.,0.));
#5589 = ADVANCED_FACE('',(#5590),#5611,.F.);
#5590 = FACE_BOUND('',#5591,.T.);
#5591 = EDGE_LOOP('',(#5592,#5593,#5601,#5607,#5608,#5609,#5610));
#5592 = ORIENTED_EDGE('',*,*,#4671,.T.);
#5593 = ORIENTED_EDGE('',*,*,#5594,.F.);
#5594 = EDGE_CURVE('',#5595,#4664,#5597,.T.);
#5595 = VERTEX_POINT('',#5596);
#5596 = CARTESIAN_POINT('',(1.29,1.037886479447,-2.151226901819));
#5597 = LINE('',#5598,#5599);
#5598 = CARTESIAN_POINT('',(1.29,1.037886479447,-2.151226901819));
#5599 = VECTOR('',#5600,1.);
#5600 = DIRECTION('',(0.,0.866025403784,0.5));
#5601 = ORIENTED_EDGE('',*,*,#5602,.T.);
#5602 = EDGE_CURVE('',#5595,#5251,#5603,.T.);
#5603 = LINE('',#5604,#5605);
#5604 = CARTESIAN_POINT('',(1.29,1.037886479447,-2.151226901819));
#5605 = VECTOR('',#5606,1.);
#5606 = DIRECTION('',(0.,-0.258819045102,-0.965925826289));
#5607 = ORIENTED_EDGE('',*,*,#5250,.F.);
#5608 = ORIENTED_EDGE('',*,*,#5458,.F.);
#5609 = ORIENTED_EDGE('',*,*,#5579,.F.);
#5610 = ORIENTED_EDGE('',*,*,#5545,.F.);
#5611 = PLANE('',#5612);
#5612 = AXIS2_PLACEMENT_3D('',#5613,#5614,#5615);
#5613 = CARTESIAN_POINT('',(1.29,0.,0.));
#5614 = DIRECTION('',(1.,0.,0.));
#5615 = DIRECTION('',(-0.,1.,0.));
#5616 = ADVANCED_FACE('',(#5617),#5628,.F.);
#5617 = FACE_BOUND('',#5618,.T.);
#5618 = EDGE_LOOP('',(#5619,#5620,#5621,#5627));
#5619 = ORIENTED_EDGE('',*,*,#5258,.F.);
#5620 = ORIENTED_EDGE('',*,*,#5602,.F.);
#5621 = ORIENTED_EDGE('',*,*,#5622,.T.);
#5622 = EDGE_CURVE('',#5595,#5483,#5623,.T.);
#5623 = LINE('',#5624,#5625);
#5624 = CARTESIAN_POINT('',(1.29,1.037886479447,-2.151226901819));
#5625 = VECTOR('',#5626,1.);
#5626 = DIRECTION('',(-1.,0.,0.));
#5627 = ORIENTED_EDGE('',*,*,#5482,.T.);
#5628 = PLANE('',#5629);
#5629 = AXIS2_PLACEMENT_3D('',#5630,#5631,#5632);
#5630 = CARTESIAN_POINT('',(-1.29,1.013534119416,-2.242111146742));
#5631 = DIRECTION('',(0.,0.965925826289,-0.258819045102));
#5632 = DIRECTION('',(-1.,0.,0.));
#5633 = ADVANCED_FACE('',(#5634),#5640,.F.);
#5634 = FACE_BOUND('',#5635,.T.);
#5635 = EDGE_LOOP('',(#5636,#5637,#5638,#5639));
#5636 = ORIENTED_EDGE('',*,*,#5490,.F.);
#5637 = ORIENTED_EDGE('',*,*,#5622,.F.);
#5638 = ORIENTED_EDGE('',*,*,#5594,.T.);
#5639 = ORIENTED_EDGE('',*,*,#4663,.F.);
#5640 = PLANE('',#5641);
#5641 = AXIS2_PLACEMENT_3D('',#5642,#5643,#5644);
#5642 = CARTESIAN_POINT('',(-1.29,1.037886479447,-2.151226901819));
#5643 = DIRECTION('',(0.,0.5,-0.866025403784));
#5644 = DIRECTION('',(-1.,0.,0.));
#5645 = ADVANCED_FACE('',(#5646),#5659,.T.);
#5646 = FACE_BOUND('',#5647,.T.);
#5647 = EDGE_LOOP('',(#5648,#5649,#5650,#5651,#5652,#5658));
#5648 = ORIENTED_EDGE('',*,*,#5538,.T.);
#5649 = ORIENTED_EDGE('',*,*,#5572,.T.);
#5650 = ORIENTED_EDGE('',*,*,#5442,.T.);
#5651 = ORIENTED_EDGE('',*,*,#5234,.T.);
#5652 = ORIENTED_EDGE('',*,*,#5653,.T.);
#5653 = EDGE_CURVE('',#5227,#4688,#5654,.T.);
#5654 = LINE('',#5655,#5656);
#5655 = CARTESIAN_POINT('',(1.5,1.043880997627,-2.244766154559));
#5656 = VECTOR('',#5657,1.);
#5657 = DIRECTION('',(0.,0.766044443119,0.642787609687));
#5658 = ORIENTED_EDGE('',*,*,#4687,.F.);
#5659 = PLANE('',#5660);
#5660 = AXIS2_PLACEMENT_3D('',#5661,#5662,#5663);
#5661 = CARTESIAN_POINT('',(1.5,0.,0.));
#5662 = DIRECTION('',(1.,0.,0.));
#5663 = DIRECTION('',(-0.,1.,0.));
#5664 = ADVANCED_FACE('',(#5665),#5671,.F.);
#5665 = FACE_BOUND('',#5666,.T.);
#5666 = EDGE_LOOP('',(#5667,#5668,#5669,#5670));
#5667 = ORIENTED_EDGE('',*,*,#4695,.T.);
#5668 = ORIENTED_EDGE('',*,*,#5653,.F.);
#5669 = ORIENTED_EDGE('',*,*,#5226,.F.);
#5670 = ORIENTED_EDGE('',*,*,#4526,.T.);
#5671 = PLANE('',#5672);
#5672 = AXIS2_PLACEMENT_3D('',#5673,#5674,#5675);
#5673 = CARTESIAN_POINT('',(1.6,1.043880997627,-2.244766154559));
#5674 = DIRECTION('',(0.,0.642787609687,-0.766044443119));
#5675 = DIRECTION('',(-1.,0.,0.));
#5676 = ADVANCED_FACE('',(#5677),#5720,.T.);
#5677 = FACE_BOUND('',#5678,.T.);
#5678 = EDGE_LOOP('',(#5679,#5689,#5697,#5703,#5704,#5705,#5706,#5714));
#5679 = ORIENTED_EDGE('',*,*,#5680,.T.);
#5680 = EDGE_CURVE('',#5681,#5683,#5685,.T.);
#5681 = VERTEX_POINT('',#5682);
#5682 = CARTESIAN_POINT('',(-1.55,0.313066675634,-2.576706285941));
#5683 = VERTEX_POINT('',#5684);
#5684 = CARTESIAN_POINT('',(1.55,0.313066675634,-2.576706285941));
#5685 = LINE('',#5686,#5687);
#5686 = CARTESIAN_POINT('',(-1.55,0.313066675634,-2.576706285941));
#5687 = VECTOR('',#5688,1.);
#5688 = DIRECTION('',(1.,0.,0.));
#5689 = ORIENTED_EDGE('',*,*,#5690,.T.);
#5690 = EDGE_CURVE('',#5683,#5691,#5693,.T.);
#5691 = VERTEX_POINT('',#5692);
#5692 = CARTESIAN_POINT('',(1.55,0.340821926097,-2.473122281038));
#5693 = LINE('',#5694,#5695);
#5694 = CARTESIAN_POINT('',(1.55,0.313066675634,-2.576706285941));
#5695 = VECTOR('',#5696,1.);
#5696 = DIRECTION('',(0.,0.258819045102,0.965925826289));
#5697 = ORIENTED_EDGE('',*,*,#5698,.T.);
#5698 = EDGE_CURVE('',#5691,#4543,#5699,.T.);
#5699 = LINE('',#5700,#5701);
#5700 = CARTESIAN_POINT('',(1.55,0.340821926097,-2.473122281038));
#5701 = VECTOR('',#5702,1.);
#5702 = DIRECTION('',(1.,0.,0.));
#5703 = ORIENTED_EDGE('',*,*,#4542,.F.);
#5704 = ORIENTED_EDGE('',*,*,#5219,.F.);
#5705 = ORIENTED_EDGE('',*,*,#5120,.T.);
#5706 = ORIENTED_EDGE('',*,*,#5707,.T.);
#5707 = EDGE_CURVE('',#5112,#5708,#5710,.T.);
#5708 = VERTEX_POINT('',#5709);
#5709 = CARTESIAN_POINT('',(-1.55,0.340821926097,-2.473122281038));
#5710 = LINE('',#5711,#5712);
#5711 = CARTESIAN_POINT('',(-1.6,0.340821926097,-2.473122281038));
#5712 = VECTOR('',#5713,1.);
#5713 = DIRECTION('',(1.,0.,0.));
#5714 = ORIENTED_EDGE('',*,*,#5715,.F.);
#5715 = EDGE_CURVE('',#5681,#5708,#5716,.T.);
#5716 = LINE('',#5717,#5718);
#5717 = CARTESIAN_POINT('',(-1.55,0.313066675634,-2.576706285941));
#5718 = VECTOR('',#5719,1.);
#5719 = DIRECTION('',(0.,0.258819045102,0.965925826289));
#5720 = PLANE('',#5721);
#5721 = AXIS2_PLACEMENT_3D('',#5722,#5723,#5724);
#5722 = CARTESIAN_POINT('',(-1.6,0.416712181249,-2.189895993009));
#5723 = DIRECTION('',(0.,-0.965925826289,0.258819045102));
#5724 = DIRECTION('',(-1.,0.,0.));
#5725 = ADVANCED_FACE('',(#5726),#5778,.T.);
#5726 = FACE_BOUND('',#5727,.T.);
#5727 = EDGE_LOOP('',(#5728,#5729,#5736,#5737,#5746,#5752,#5753,#5762,
    #5770,#5777));
#5728 = ORIENTED_EDGE('',*,*,#4219,.F.);
#5729 = ORIENTED_EDGE('',*,*,#5730,.F.);
#5730 = EDGE_CURVE('',#5681,#4212,#5731,.T.);
#5731 = CIRCLE('',#5732,9.E-02);
#5732 = AXIS2_PLACEMENT_3D('',#5733,#5734,#5735);
#5733 = CARTESIAN_POINT('',(-1.55,0.4,-2.6));
#5734 = DIRECTION('',(1.,0.,0.));
#5735 = DIRECTION('',(0.,-0.965925826289,0.258819045102));
#5736 = ORIENTED_EDGE('',*,*,#5715,.T.);
#5737 = ORIENTED_EDGE('',*,*,#5738,.T.);
#5738 = EDGE_CURVE('',#5708,#5739,#5741,.T.);
#5739 = VERTEX_POINT('',#5740);
#5740 = CARTESIAN_POINT('',(-1.55,0.26477038432,-2.563765333686));
#5741 = CIRCLE('',#5742,0.14);
#5742 = AXIS2_PLACEMENT_3D('',#5743,#5744,#5745);
#5743 = CARTESIAN_POINT('',(-1.55,0.4,-2.6));
#5744 = DIRECTION('',(1.,0.,0.));
#5745 = DIRECTION('',(0.,-0.422700527882,0.906269421159));
#5746 = ORIENTED_EDGE('',*,*,#5747,.T.);
#5747 = EDGE_CURVE('',#5739,#3622,#5748,.T.);
#5748 = LINE('',#5749,#5750);
#5749 = CARTESIAN_POINT('',(-1.55,0.26477038432,-2.563765333686));
#5750 = VECTOR('',#5751,1.);
#5751 = DIRECTION('',(0.,-0.258819045102,-0.965925826289));
#5752 = ORIENTED_EDGE('',*,*,#3621,.T.);
#5753 = ORIENTED_EDGE('',*,*,#5754,.T.);
#5754 = EDGE_CURVE('',#3614,#5755,#5757,.T.);
#5755 = VERTEX_POINT('',#5756);
#5756 = CARTESIAN_POINT('',(-1.55,0.2730641687,-2.759543926148));
#5757 = CIRCLE('',#5758,5.E-02);
#5758 = AXIS2_PLACEMENT_3D('',#5759,#5760,#5761);
#5759 = CARTESIAN_POINT('',(-1.55,0.277421955837,-2.709734191244));
#5760 = DIRECTION('',(1.,0.,0.));
#5761 = DIRECTION('',(0.,-0.548439116745,-0.836190489795));
#5762 = ORIENTED_EDGE('',*,*,#5763,.T.);
#5763 = EDGE_CURVE('',#5755,#5764,#5766,.T.);
#5764 = VERTEX_POINT('',#5765);
#5765 = CARTESIAN_POINT('',(-1.55,0.385183523733,-2.769353098676));
#5766 = LINE('',#5767,#5768);
#5767 = CARTESIAN_POINT('',(-1.55,0.2730641687,-2.759543926148));
#5768 = VECTOR('',#5769,1.);
#5769 = DIRECTION('',(0.,0.996194698092,-8.715574274766E-02));
#5770 = ORIENTED_EDGE('',*,*,#5771,.T.);
#5771 = EDGE_CURVE('',#5764,#651,#5772,.T.);
#5772 = CIRCLE('',#5773,0.17);
#5773 = AXIS2_PLACEMENT_3D('',#5774,#5775,#5776);
#5774 = CARTESIAN_POINT('',(-1.55,0.4,-2.6));
#5775 = DIRECTION('',(1.,0.,0.));
#5776 = DIRECTION('',(0.,-8.715574274766E-02,-0.996194698092));
#5777 = ORIENTED_EDGE('',*,*,#692,.T.);
#5778 = PLANE('',#5779);
#5779 = AXIS2_PLACEMENT_3D('',#5780,#5781,#5782);
#5780 = CARTESIAN_POINT('',(-1.55,0.,0.));
#5781 = DIRECTION('',(1.,0.,0.));
#5782 = DIRECTION('',(-0.,1.,0.));
#5783 = ADVANCED_FACE('',(#5784),#5803,.T.);
#5784 = FACE_BOUND('',#5785,.T.);
#5785 = EDGE_LOOP('',(#5786,#5787,#5788,#5796));
#5786 = ORIENTED_EDGE('',*,*,#648,.T.);
#5787 = ORIENTED_EDGE('',*,*,#5771,.F.);
#5788 = ORIENTED_EDGE('',*,*,#5789,.T.);
#5789 = EDGE_CURVE('',#5764,#5790,#5792,.T.);
#5790 = VERTEX_POINT('',#5791);
#5791 = CARTESIAN_POINT('',(-1.89,0.385183523733,-2.769353098676));
#5792 = LINE('',#5793,#5794);
#5793 = CARTESIAN_POINT('',(-1.55,0.385183523733,-2.769353098676));
#5794 = VECTOR('',#5795,1.);
#5795 = DIRECTION('',(-1.,0.,0.));
#5796 = ORIENTED_EDGE('',*,*,#5797,.T.);
#5797 = EDGE_CURVE('',#5790,#649,#5798,.T.);
#5798 = CIRCLE('',#5799,0.17);
#5799 = AXIS2_PLACEMENT_3D('',#5800,#5801,#5802);
#5800 = CARTESIAN_POINT('',(-1.89,0.4,-2.6));
#5801 = DIRECTION('',(1.,0.,0.));
#5802 = DIRECTION('',(0.,-8.715574274766E-02,-0.996194698092));
#5803 = CYLINDRICAL_SURFACE('',#5804,0.17);
#5804 = AXIS2_PLACEMENT_3D('',#5805,#5806,#5807);
#5805 = CARTESIAN_POINT('',(-1.55,0.4,-2.6));
#5806 = DIRECTION('',(-1.,0.,-0.));
#5807 = DIRECTION('',(0.,0.,-1.));
#5808 = ADVANCED_FACE('',(#5809),#5827,.F.);
#5809 = FACE_BOUND('',#5810,.T.);
#5810 = EDGE_LOOP('',(#5811,#5819,#5825,#5826));
#5811 = ORIENTED_EDGE('',*,*,#5812,.T.);
#5812 = EDGE_CURVE('',#659,#5813,#5815,.T.);
#5813 = VERTEX_POINT('',#5814);
#5814 = CARTESIAN_POINT('',(-1.89,0.363765333686,-2.46477038432));
#5815 = LINE('',#5816,#5817);
#5816 = CARTESIAN_POINT('',(-1.89,0.456915846983,-2.439810779507));
#5817 = VECTOR('',#5818,1.);
#5818 = DIRECTION('',(0.,-0.965925826289,-0.258819045102));
#5819 = ORIENTED_EDGE('',*,*,#5820,.F.);
#5820 = EDGE_CURVE('',#5104,#5813,#5821,.T.);
#5821 = LINE('',#5822,#5823);
#5822 = CARTESIAN_POINT('',(-1.6,0.363765333686,-2.46477038432));
#5823 = VECTOR('',#5824,1.);
#5824 = DIRECTION('',(-1.,0.,0.));
#5825 = ORIENTED_EDGE('',*,*,#5103,.F.);
#5826 = ORIENTED_EDGE('',*,*,#667,.T.);
#5827 = PLANE('',#5828);
#5828 = AXIS2_PLACEMENT_3D('',#5829,#5830,#5831);
#5829 = CARTESIAN_POINT('',(-1.55,0.456915846983,-2.439810779507));
#5830 = DIRECTION('',(0.,0.258819045102,-0.965925826289));
#5831 = DIRECTION('',(-1.,0.,0.));
#5832 = ADVANCED_FACE('',(#5833),#5854,.T.);
#5833 = FACE_BOUND('',#5834,.T.);
#5834 = EDGE_LOOP('',(#5835,#5836,#5837,#5838,#5847,#5853));
#5835 = ORIENTED_EDGE('',*,*,#5707,.F.);
#5836 = ORIENTED_EDGE('',*,*,#5111,.F.);
#5837 = ORIENTED_EDGE('',*,*,#5820,.T.);
#5838 = ORIENTED_EDGE('',*,*,#5839,.T.);
#5839 = EDGE_CURVE('',#5813,#5840,#5842,.T.);
#5840 = VERTEX_POINT('',#5841);
#5841 = CARTESIAN_POINT('',(-1.89,0.26477038432,-2.563765333686));
#5842 = CIRCLE('',#5843,0.14);
#5843 = AXIS2_PLACEMENT_3D('',#5844,#5845,#5846);
#5844 = CARTESIAN_POINT('',(-1.89,0.4,-2.6));
#5845 = DIRECTION('',(1.,0.,0.));
#5846 = DIRECTION('',(0.,-0.258819045102,0.965925826289));
#5847 = ORIENTED_EDGE('',*,*,#5848,.F.);
#5848 = EDGE_CURVE('',#5739,#5840,#5849,.T.);
#5849 = LINE('',#5850,#5851);
#5850 = CARTESIAN_POINT('',(-1.55,0.26477038432,-2.563765333686));
#5851 = VECTOR('',#5852,1.);
#5852 = DIRECTION('',(-1.,0.,0.));
#5853 = ORIENTED_EDGE('',*,*,#5738,.F.);
#5854 = CYLINDRICAL_SURFACE('',#5855,0.14);
#5855 = AXIS2_PLACEMENT_3D('',#5856,#5857,#5858);
#5856 = CARTESIAN_POINT('',(-1.55,0.4,-2.6));
#5857 = DIRECTION('',(-1.,0.,-0.));
#5858 = DIRECTION('',(0.,0.,-1.));
#5859 = ADVANCED_FACE('',(#5860),#5871,.F.);
#5860 = FACE_BOUND('',#5861,.T.);
#5861 = EDGE_LOOP('',(#5862,#5863,#5869,#5870));
#5862 = ORIENTED_EDGE('',*,*,#5848,.T.);
#5863 = ORIENTED_EDGE('',*,*,#5864,.T.);
#5864 = EDGE_CURVE('',#5840,#3630,#5865,.T.);
#5865 = LINE('',#5866,#5867);
#5866 = CARTESIAN_POINT('',(-1.89,0.26477038432,-2.563765333686));
#5867 = VECTOR('',#5868,1.);
#5868 = DIRECTION('',(0.,-0.258819045102,-0.965925826289));
#5869 = ORIENTED_EDGE('',*,*,#3629,.F.);
#5870 = ORIENTED_EDGE('',*,*,#5747,.F.);
#5871 = PLANE('',#5872);
#5872 = AXIS2_PLACEMENT_3D('',#5873,#5874,#5875);
#5873 = CARTESIAN_POINT('',(-1.55,0.26477038432,-2.563765333686));
#5874 = DIRECTION('',(0.,0.965925826289,-0.258819045102));
#5875 = DIRECTION('',(-1.,0.,0.));
#5876 = ADVANCED_FACE('',(#5877),#5916,.F.);
#5877 = FACE_BOUND('',#5878,.T.);
#5878 = EDGE_LOOP('',(#5879,#5880,#5881,#5882,#5883,#5891,#5898,#5899,
    #5907,#5913,#5914,#5915));
#5879 = ORIENTED_EDGE('',*,*,#5839,.F.);
#5880 = ORIENTED_EDGE('',*,*,#5812,.F.);
#5881 = ORIENTED_EDGE('',*,*,#658,.F.);
#5882 = ORIENTED_EDGE('',*,*,#5797,.F.);
#5883 = ORIENTED_EDGE('',*,*,#5884,.F.);
#5884 = EDGE_CURVE('',#5885,#5790,#5887,.T.);
#5885 = VERTEX_POINT('',#5886);
#5886 = CARTESIAN_POINT('',(-1.89,0.2730641687,-2.759543926148));
#5887 = LINE('',#5888,#5889);
#5888 = CARTESIAN_POINT('',(-1.89,0.2730641687,-2.759543926148));
#5889 = VECTOR('',#5890,1.);
#5890 = DIRECTION('',(0.,0.996194698092,-8.715574274766E-02));
#5891 = ORIENTED_EDGE('',*,*,#5892,.F.);
#5892 = EDGE_CURVE('',#3606,#5885,#5893,.T.);
#5893 = CIRCLE('',#5894,5.E-02);
#5894 = AXIS2_PLACEMENT_3D('',#5895,#5896,#5897);
#5895 = CARTESIAN_POINT('',(-1.89,0.277421955837,-2.709734191244));
#5896 = DIRECTION('',(1.,0.,0.));
#5897 = DIRECTION('',(0.,-0.548439116745,-0.836190489795));
#5898 = ORIENTED_EDGE('',*,*,#3605,.F.);
#5899 = ORIENTED_EDGE('',*,*,#5900,.T.);
#5900 = EDGE_CURVE('',#3598,#5901,#5903,.T.);
#5901 = VERTEX_POINT('',#5902);
#5902 = CARTESIAN_POINT('',(-1.89,0.83,-3.33));
#5903 = LINE('',#5904,#5905);
#5904 = CARTESIAN_POINT('',(-1.89,0.25,-3.33));
#5905 = VECTOR('',#5906,1.);
#5906 = DIRECTION('',(0.,1.,0.));
#5907 = ORIENTED_EDGE('',*,*,#5908,.T.);
#5908 = EDGE_CURVE('',#5901,#1280,#5909,.T.);
#5909 = LINE('',#5910,#5911);
#5910 = CARTESIAN_POINT('',(-1.89,0.83,-3.33));
#5911 = VECTOR('',#5912,1.);
#5912 = DIRECTION('',(0.,0.,1.));
#5913 = ORIENTED_EDGE('',*,*,#1279,.F.);
#5914 = ORIENTED_EDGE('',*,*,#3637,.F.);
#5915 = ORIENTED_EDGE('',*,*,#5864,.F.);
#5916 = PLANE('',#5917);
#5917 = AXIS2_PLACEMENT_3D('',#5918,#5919,#5920);
#5918 = CARTESIAN_POINT('',(-1.89,0.25,-3.6));
#5919 = DIRECTION('',(-1.,0.,0.));
#5920 = DIRECTION('',(0.,0.,1.));
#5921 = ADVANCED_FACE('',(#5922),#5972,.F.);
#5922 = FACE_BOUND('',#5923,.T.);
#5923 = EDGE_LOOP('',(#5924,#5934,#5942,#5950,#5958,#5964,#5965,#5966));
#5924 = ORIENTED_EDGE('',*,*,#5925,.T.);
#5925 = EDGE_CURVE('',#5926,#5928,#5930,.T.);
#5926 = VERTEX_POINT('',#5927);
#5927 = CARTESIAN_POINT('',(-1.88,0.83,-3.3));
#5928 = VERTEX_POINT('',#5929);
#5929 = CARTESIAN_POINT('',(-1.88,0.83,-3.));
#5930 = LINE('',#5931,#5932);
#5931 = CARTESIAN_POINT('',(-1.88,0.83,-3.3));
#5932 = VECTOR('',#5933,1.);
#5933 = DIRECTION('',(0.,0.,1.));
#5934 = ORIENTED_EDGE('',*,*,#5935,.T.);
#5935 = EDGE_CURVE('',#5928,#5936,#5938,.T.);
#5936 = VERTEX_POINT('',#5937);
#5937 = CARTESIAN_POINT('',(-1.7,0.83,-2.82));
#5938 = LINE('',#5939,#5940);
#5939 = CARTESIAN_POINT('',(-1.88,0.83,-3.));
#5940 = VECTOR('',#5941,1.);
#5941 = DIRECTION('',(0.707106781187,0.,0.707106781186));
#5942 = ORIENTED_EDGE('',*,*,#5943,.T.);
#5943 = EDGE_CURVE('',#5936,#5944,#5946,.T.);
#5944 = VERTEX_POINT('',#5945);
#5945 = CARTESIAN_POINT('',(-1.7,0.83,-2.11));
#5946 = LINE('',#5947,#5948);
#5947 = CARTESIAN_POINT('',(-1.7,0.83,-2.82));
#5948 = VECTOR('',#5949,1.);
#5949 = DIRECTION('',(0.,0.,1.));
#5950 = ORIENTED_EDGE('',*,*,#5951,.T.);
#5951 = EDGE_CURVE('',#5944,#5952,#5954,.T.);
#5952 = VERTEX_POINT('',#5953);
#5953 = CARTESIAN_POINT('',(-1.6,0.83,-2.11));
#5954 = LINE('',#5955,#5956);
#5955 = CARTESIAN_POINT('',(-1.7,0.83,-2.11));
#5956 = VECTOR('',#5957,1.);
#5957 = DIRECTION('',(1.,0.,0.));
#5958 = ORIENTED_EDGE('',*,*,#5959,.T.);
#5959 = EDGE_CURVE('',#5952,#1288,#5960,.T.);
#5960 = LINE('',#5961,#5962);
#5961 = CARTESIAN_POINT('',(-1.6,0.83,-2.11));
#5962 = VECTOR('',#5963,1.);
#5963 = DIRECTION('',(0.,0.,1.));
#5964 = ORIENTED_EDGE('',*,*,#1287,.F.);
#5965 = ORIENTED_EDGE('',*,*,#5908,.F.);
#5966 = ORIENTED_EDGE('',*,*,#5967,.F.);
#5967 = EDGE_CURVE('',#5926,#5901,#5968,.T.);
#5968 = LINE('',#5969,#5970);
#5969 = CARTESIAN_POINT('',(-1.88,0.83,-3.3));
#5970 = VECTOR('',#5971,1.);
#5971 = DIRECTION('',(-0.316227766017,0.,-0.94868329805));
#5972 = PLANE('',#5973);
#5973 = AXIS2_PLACEMENT_3D('',#5974,#5975,#5976);
#5974 = CARTESIAN_POINT('',(-1.89,0.83,-3.6));
#5975 = DIRECTION('',(-0.,1.,0.));
#5976 = DIRECTION('',(1.,0.,0.));
#5977 = ADVANCED_FACE('',(#5978),#6035,.F.);
#5978 = FACE_BOUND('',#5979,.T.);
#5979 = EDGE_LOOP('',(#5980,#5990,#5998,#6006,#6014,#6022,#6028,#6029));
#5980 = ORIENTED_EDGE('',*,*,#5981,.T.);
#5981 = EDGE_CURVE('',#5982,#5984,#5986,.T.);
#5982 = VERTEX_POINT('',#5983);
#5983 = CARTESIAN_POINT('',(1.6,0.83,-2.11));
#5984 = VERTEX_POINT('',#5985);
#5985 = CARTESIAN_POINT('',(1.7,0.83,-2.11));
#5986 = LINE('',#5987,#5988);
#5987 = CARTESIAN_POINT('',(1.6,0.83,-2.11));
#5988 = VECTOR('',#5989,1.);
#5989 = DIRECTION('',(1.,0.,0.));
#5990 = ORIENTED_EDGE('',*,*,#5991,.T.);
#5991 = EDGE_CURVE('',#5984,#5992,#5994,.T.);
#5992 = VERTEX_POINT('',#5993);
#5993 = CARTESIAN_POINT('',(1.7,0.83,-2.82));
#5994 = LINE('',#5995,#5996);
#5995 = CARTESIAN_POINT('',(1.7,0.83,-2.11));
#5996 = VECTOR('',#5997,1.);
#5997 = DIRECTION('',(0.,0.,-1.));
#5998 = ORIENTED_EDGE('',*,*,#5999,.T.);
#5999 = EDGE_CURVE('',#5992,#6000,#6002,.T.);
#6000 = VERTEX_POINT('',#6001);
#6001 = CARTESIAN_POINT('',(1.88,0.83,-3.));
#6002 = LINE('',#6003,#6004);
#6003 = CARTESIAN_POINT('',(1.7,0.83,-2.82));
#6004 = VECTOR('',#6005,1.);
#6005 = DIRECTION('',(0.707106781187,0.,-0.707106781186));
#6006 = ORIENTED_EDGE('',*,*,#6007,.T.);
#6007 = EDGE_CURVE('',#6000,#6008,#6010,.T.);
#6008 = VERTEX_POINT('',#6009);
#6009 = CARTESIAN_POINT('',(1.88,0.83,-3.3));
#6010 = LINE('',#6011,#6012);
#6011 = CARTESIAN_POINT('',(1.88,0.83,-3.));
#6012 = VECTOR('',#6013,1.);
#6013 = DIRECTION('',(0.,0.,-1.));
#6014 = ORIENTED_EDGE('',*,*,#6015,.T.);
#6015 = EDGE_CURVE('',#6008,#6016,#6018,.T.);
#6016 = VERTEX_POINT('',#6017);
#6017 = CARTESIAN_POINT('',(1.89,0.83,-3.33));
#6018 = LINE('',#6019,#6020);
#6019 = CARTESIAN_POINT('',(1.88,0.83,-3.3));
#6020 = VECTOR('',#6021,1.);
#6021 = DIRECTION('',(0.316227766017,0.,-0.948683298051));
#6022 = ORIENTED_EDGE('',*,*,#6023,.T.);
#6023 = EDGE_CURVE('',#6016,#1320,#6024,.T.);
#6024 = LINE('',#6025,#6026);
#6025 = CARTESIAN_POINT('',(1.89,0.83,-3.33));
#6026 = VECTOR('',#6027,1.);
#6027 = DIRECTION('',(0.,0.,1.));
#6028 = ORIENTED_EDGE('',*,*,#1319,.F.);
#6029 = ORIENTED_EDGE('',*,*,#6030,.T.);
#6030 = EDGE_CURVE('',#1312,#5982,#6031,.T.);
#6031 = LINE('',#6032,#6033);
#6032 = CARTESIAN_POINT('',(1.6,0.83,-1.9));
#6033 = VECTOR('',#6034,1.);
#6034 = DIRECTION('',(0.,0.,-1.));
#6035 = PLANE('',#6036);
#6036 = AXIS2_PLACEMENT_3D('',#6037,#6038,#6039);
#6037 = CARTESIAN_POINT('',(-1.89,0.83,-3.6));
#6038 = DIRECTION('',(-0.,1.,0.));
#6039 = DIRECTION('',(1.,0.,0.));
#6040 = ADVANCED_FACE('',(#6041),#6068,.F.);
#6041 = FACE_BOUND('',#6042,.T.);
#6042 = EDGE_LOOP('',(#6043,#6044,#6052,#6060,#6066,#6067));
#6043 = ORIENTED_EDGE('',*,*,#3597,.F.);
#6044 = ORIENTED_EDGE('',*,*,#6045,.F.);
#6045 = EDGE_CURVE('',#6046,#3590,#6048,.T.);
#6046 = VERTEX_POINT('',#6047);
#6047 = CARTESIAN_POINT('',(-1.98,1.,-3.6));
#6048 = LINE('',#6049,#6050);
#6049 = CARTESIAN_POINT('',(-1.98,1.,-3.6));
#6050 = VECTOR('',#6051,1.);
#6051 = DIRECTION('',(0.,-1.,0.));
#6052 = ORIENTED_EDGE('',*,*,#6053,.T.);
#6053 = EDGE_CURVE('',#6046,#6054,#6056,.T.);
#6054 = VERTEX_POINT('',#6055);
#6055 = CARTESIAN_POINT('',(-1.88,1.,-3.3));
#6056 = LINE('',#6057,#6058);
#6057 = CARTESIAN_POINT('',(-1.98,1.,-3.6));
#6058 = VECTOR('',#6059,1.);
#6059 = DIRECTION('',(0.316227766017,0.,0.948683298051));
#6060 = ORIENTED_EDGE('',*,*,#6061,.T.);
#6061 = EDGE_CURVE('',#6054,#5926,#6062,.T.);
#6062 = LINE('',#6063,#6064);
#6063 = CARTESIAN_POINT('',(-1.88,1.,-3.3));
#6064 = VECTOR('',#6065,1.);
#6065 = DIRECTION('',(0.,-1.,0.));
#6066 = ORIENTED_EDGE('',*,*,#5967,.T.);
#6067 = ORIENTED_EDGE('',*,*,#5900,.F.);
#6068 = PLANE('',#6069);
#6069 = AXIS2_PLACEMENT_3D('',#6070,#6071,#6072);
#6070 = CARTESIAN_POINT('',(-1.98,1.,-3.6));
#6071 = DIRECTION('',(-0.948683298051,0.,0.316227766017));
#6072 = DIRECTION('',(0.,1.,0.));
#6073 = ADVANCED_FACE('',(#6074),#6092,.F.);
#6074 = FACE_BOUND('',#6075,.T.);
#6075 = EDGE_LOOP('',(#6076,#6077,#6085,#6091));
#6076 = ORIENTED_EDGE('',*,*,#6061,.F.);
#6077 = ORIENTED_EDGE('',*,*,#6078,.T.);
#6078 = EDGE_CURVE('',#6054,#6079,#6081,.T.);
#6079 = VERTEX_POINT('',#6080);
#6080 = CARTESIAN_POINT('',(-1.88,1.,-3.));
#6081 = LINE('',#6082,#6083);
#6082 = CARTESIAN_POINT('',(-1.88,1.,-3.3));
#6083 = VECTOR('',#6084,1.);
#6084 = DIRECTION('',(0.,0.,1.));
#6085 = ORIENTED_EDGE('',*,*,#6086,.T.);
#6086 = EDGE_CURVE('',#6079,#5928,#6087,.T.);
#6087 = LINE('',#6088,#6089);
#6088 = CARTESIAN_POINT('',(-1.88,1.,-3.));
#6089 = VECTOR('',#6090,1.);
#6090 = DIRECTION('',(0.,-1.,0.));
#6091 = ORIENTED_EDGE('',*,*,#5925,.F.);
#6092 = PLANE('',#6093);
#6093 = AXIS2_PLACEMENT_3D('',#6094,#6095,#6096);
#6094 = CARTESIAN_POINT('',(-1.88,1.,-3.3));
#6095 = DIRECTION('',(-1.,0.,0.));
#6096 = DIRECTION('',(0.,0.,1.));
#6097 = ADVANCED_FACE('',(#6098),#6116,.F.);
#6098 = FACE_BOUND('',#6099,.T.);
#6099 = EDGE_LOOP('',(#6100,#6101,#6109,#6115));
#6100 = ORIENTED_EDGE('',*,*,#6086,.F.);
#6101 = ORIENTED_EDGE('',*,*,#6102,.T.);
#6102 = EDGE_CURVE('',#6079,#6103,#6105,.T.);
#6103 = VERTEX_POINT('',#6104);
#6104 = CARTESIAN_POINT('',(-1.7,1.,-2.82));
#6105 = LINE('',#6106,#6107);
#6106 = CARTESIAN_POINT('',(-1.88,1.,-3.));
#6107 = VECTOR('',#6108,1.);
#6108 = DIRECTION('',(0.707106781187,0.,0.707106781186));
#6109 = ORIENTED_EDGE('',*,*,#6110,.T.);
#6110 = EDGE_CURVE('',#6103,#5936,#6111,.T.);
#6111 = LINE('',#6112,#6113);
#6112 = CARTESIAN_POINT('',(-1.7,1.,-2.82));
#6113 = VECTOR('',#6114,1.);
#6114 = DIRECTION('',(0.,-1.,0.));
#6115 = ORIENTED_EDGE('',*,*,#5935,.F.);
#6116 = PLANE('',#6117);
#6117 = AXIS2_PLACEMENT_3D('',#6118,#6119,#6120);
#6118 = CARTESIAN_POINT('',(-1.88,1.,-3.));
#6119 = DIRECTION('',(-0.707106781186,0.,0.707106781187));
#6120 = DIRECTION('',(0.,1.,0.));
#6121 = ADVANCED_FACE('',(#6122),#6140,.F.);
#6122 = FACE_BOUND('',#6123,.T.);
#6123 = EDGE_LOOP('',(#6124,#6125,#6133,#6139));
#6124 = ORIENTED_EDGE('',*,*,#6110,.F.);
#6125 = ORIENTED_EDGE('',*,*,#6126,.T.);
#6126 = EDGE_CURVE('',#6103,#6127,#6129,.T.);
#6127 = VERTEX_POINT('',#6128);
#6128 = CARTESIAN_POINT('',(-1.7,1.,-2.11));
#6129 = LINE('',#6130,#6131);
#6130 = CARTESIAN_POINT('',(-1.7,1.,-2.82));
#6131 = VECTOR('',#6132,1.);
#6132 = DIRECTION('',(0.,0.,1.));
#6133 = ORIENTED_EDGE('',*,*,#6134,.T.);
#6134 = EDGE_CURVE('',#6127,#5944,#6135,.T.);
#6135 = LINE('',#6136,#6137);
#6136 = CARTESIAN_POINT('',(-1.7,1.,-2.11));
#6137 = VECTOR('',#6138,1.);
#6138 = DIRECTION('',(0.,-1.,0.));
#6139 = ORIENTED_EDGE('',*,*,#5943,.F.);
#6140 = PLANE('',#6141);
#6141 = AXIS2_PLACEMENT_3D('',#6142,#6143,#6144);
#6142 = CARTESIAN_POINT('',(-1.7,1.,-2.82));
#6143 = DIRECTION('',(-1.,0.,0.));
#6144 = DIRECTION('',(0.,0.,1.));
#6145 = ADVANCED_FACE('',(#6146),#6164,.F.);
#6146 = FACE_BOUND('',#6147,.T.);
#6147 = EDGE_LOOP('',(#6148,#6149,#6150,#6158));
#6148 = ORIENTED_EDGE('',*,*,#5951,.F.);
#6149 = ORIENTED_EDGE('',*,*,#6134,.F.);
#6150 = ORIENTED_EDGE('',*,*,#6151,.T.);
#6151 = EDGE_CURVE('',#6127,#6152,#6154,.T.);
#6152 = VERTEX_POINT('',#6153);
#6153 = CARTESIAN_POINT('',(-1.6,1.,-2.11));
#6154 = LINE('',#6155,#6156);
#6155 = CARTESIAN_POINT('',(-1.7,1.,-2.11));
#6156 = VECTOR('',#6157,1.);
#6157 = DIRECTION('',(1.,0.,0.));
#6158 = ORIENTED_EDGE('',*,*,#6159,.T.);
#6159 = EDGE_CURVE('',#6152,#5952,#6160,.T.);
#6160 = LINE('',#6161,#6162);
#6161 = CARTESIAN_POINT('',(-1.6,1.,-2.11));
#6162 = VECTOR('',#6163,1.);
#6163 = DIRECTION('',(0.,-1.,0.));
#6164 = PLANE('',#6165);
#6165 = AXIS2_PLACEMENT_3D('',#6166,#6167,#6168);
#6166 = CARTESIAN_POINT('',(-1.7,1.,-2.11));
#6167 = DIRECTION('',(0.,0.,1.));
#6168 = DIRECTION('',(1.,0.,-0.));
#6169 = ADVANCED_FACE('',(#6170),#6181,.F.);
#6170 = FACE_BOUND('',#6171,.T.);
#6171 = EDGE_LOOP('',(#6172,#6173,#6174,#6175));
#6172 = ORIENTED_EDGE('',*,*,#1295,.T.);
#6173 = ORIENTED_EDGE('',*,*,#5959,.F.);
#6174 = ORIENTED_EDGE('',*,*,#6159,.F.);
#6175 = ORIENTED_EDGE('',*,*,#6176,.F.);
#6176 = EDGE_CURVE('',#1296,#6152,#6177,.T.);
#6177 = LINE('',#6178,#6179);
#6178 = CARTESIAN_POINT('',(-1.6,1.,-1.9));
#6179 = VECTOR('',#6180,1.);
#6180 = DIRECTION('',(0.,0.,-1.));
#6181 = PLANE('',#6182);
#6182 = AXIS2_PLACEMENT_3D('',#6183,#6184,#6185);
#6183 = CARTESIAN_POINT('',(-1.6,1.,-2.11));
#6184 = DIRECTION('',(-1.,0.,0.));
#6185 = DIRECTION('',(0.,0.,1.));
#6186 = ADVANCED_FACE('',(#6187),#6289,.T.);
#6187 = FACE_BOUND('',#6188,.T.);
#6188 = EDGE_LOOP('',(#6189,#6190,#6191,#6192,#6193,#6194,#6200,#6201,
    #6209,#6217,#6225,#6231,#6232,#6233,#6241,#6249,#6257,#6265,#6273,
    #6281,#6287,#6288));
#6189 = ORIENTED_EDGE('',*,*,#6151,.F.);
#6190 = ORIENTED_EDGE('',*,*,#6126,.F.);
#6191 = ORIENTED_EDGE('',*,*,#6102,.F.);
#6192 = ORIENTED_EDGE('',*,*,#6078,.F.);
#6193 = ORIENTED_EDGE('',*,*,#6053,.F.);
#6194 = ORIENTED_EDGE('',*,*,#6195,.F.);
#6195 = EDGE_CURVE('',#802,#6046,#6196,.T.);
#6196 = LINE('',#6197,#6198);
#6197 = CARTESIAN_POINT('',(-2.1,1.,-3.6));
#6198 = VECTOR('',#6199,1.);
#6199 = DIRECTION('',(1.,0.,0.));
#6200 = ORIENTED_EDGE('',*,*,#801,.T.);
#6201 = ORIENTED_EDGE('',*,*,#6202,.T.);
#6202 = EDGE_CURVE('',#792,#6203,#6205,.T.);
#6203 = VERTEX_POINT('',#6204);
#6204 = CARTESIAN_POINT('',(-1.7,1.,-0.45));
#6205 = LINE('',#6206,#6207);
#6206 = CARTESIAN_POINT('',(-2.1,1.,-0.45));
#6207 = VECTOR('',#6208,1.);
#6208 = DIRECTION('',(1.,0.,0.));
#6209 = ORIENTED_EDGE('',*,*,#6210,.T.);
#6210 = EDGE_CURVE('',#6203,#6211,#6213,.T.);
#6211 = VERTEX_POINT('',#6212);
#6212 = CARTESIAN_POINT('',(-1.7,1.,-0.25));
#6213 = LINE('',#6214,#6215);
#6214 = CARTESIAN_POINT('',(-1.7,1.,-0.45));
#6215 = VECTOR('',#6216,1.);
#6216 = DIRECTION('',(0.,0.,1.));
#6217 = ORIENTED_EDGE('',*,*,#6218,.T.);
#6218 = EDGE_CURVE('',#6211,#6219,#6221,.T.);
#6219 = VERTEX_POINT('',#6220);
#6220 = CARTESIAN_POINT('',(1.7,1.,-0.25));
#6221 = LINE('',#6222,#6223);
#6222 = CARTESIAN_POINT('',(-1.7,1.,-0.25));
#6223 = VECTOR('',#6224,1.);
#6224 = DIRECTION('',(1.,0.,0.));
#6225 = ORIENTED_EDGE('',*,*,#6226,.F.);
#6226 = EDGE_CURVE('',#2167,#6219,#6227,.T.);
#6227 = LINE('',#6228,#6229);
#6228 = CARTESIAN_POINT('',(1.7,1.,-0.45));
#6229 = VECTOR('',#6230,1.);
#6230 = DIRECTION('',(0.,0.,1.));
#6231 = ORIENTED_EDGE('',*,*,#2166,.F.);
#6232 = ORIENTED_EDGE('',*,*,#2473,.F.);
#6233 = ORIENTED_EDGE('',*,*,#6234,.F.);
#6234 = EDGE_CURVE('',#6235,#2466,#6237,.T.);
#6235 = VERTEX_POINT('',#6236);
#6236 = CARTESIAN_POINT('',(1.98,1.,-3.6));
#6237 = LINE('',#6238,#6239);
#6238 = CARTESIAN_POINT('',(1.98,1.,-3.6));
#6239 = VECTOR('',#6240,1.);
#6240 = DIRECTION('',(1.,0.,0.));
#6241 = ORIENTED_EDGE('',*,*,#6242,.F.);
#6242 = EDGE_CURVE('',#6243,#6235,#6245,.T.);
#6243 = VERTEX_POINT('',#6244);
#6244 = CARTESIAN_POINT('',(1.88,1.,-3.3));
#6245 = LINE('',#6246,#6247);
#6246 = CARTESIAN_POINT('',(1.88,1.,-3.3));
#6247 = VECTOR('',#6248,1.);
#6248 = DIRECTION('',(0.316227766017,0.,-0.948683298051));
#6249 = ORIENTED_EDGE('',*,*,#6250,.F.);
#6250 = EDGE_CURVE('',#6251,#6243,#6253,.T.);
#6251 = VERTEX_POINT('',#6252);
#6252 = CARTESIAN_POINT('',(1.88,1.,-3.));
#6253 = LINE('',#6254,#6255);
#6254 = CARTESIAN_POINT('',(1.88,1.,-3.));
#6255 = VECTOR('',#6256,1.);
#6256 = DIRECTION('',(0.,0.,-1.));
#6257 = ORIENTED_EDGE('',*,*,#6258,.F.);
#6258 = EDGE_CURVE('',#6259,#6251,#6261,.T.);
#6259 = VERTEX_POINT('',#6260);
#6260 = CARTESIAN_POINT('',(1.7,1.,-2.82));
#6261 = LINE('',#6262,#6263);
#6262 = CARTESIAN_POINT('',(1.7,1.,-2.82));
#6263 = VECTOR('',#6264,1.);
#6264 = DIRECTION('',(0.707106781187,0.,-0.707106781186));
#6265 = ORIENTED_EDGE('',*,*,#6266,.F.);
#6266 = EDGE_CURVE('',#6267,#6259,#6269,.T.);
#6267 = VERTEX_POINT('',#6268);
#6268 = CARTESIAN_POINT('',(1.7,1.,-2.11));
#6269 = LINE('',#6270,#6271);
#6270 = CARTESIAN_POINT('',(1.7,1.,-2.11));
#6271 = VECTOR('',#6272,1.);
#6272 = DIRECTION('',(0.,0.,-1.));
#6273 = ORIENTED_EDGE('',*,*,#6274,.F.);
#6274 = EDGE_CURVE('',#6275,#6267,#6277,.T.);
#6275 = VERTEX_POINT('',#6276);
#6276 = CARTESIAN_POINT('',(1.6,1.,-2.11));
#6277 = LINE('',#6278,#6279);
#6278 = CARTESIAN_POINT('',(1.6,1.,-2.11));
#6279 = VECTOR('',#6280,1.);
#6280 = DIRECTION('',(1.,0.,0.));
#6281 = ORIENTED_EDGE('',*,*,#6282,.T.);
#6282 = EDGE_CURVE('',#6275,#1304,#6283,.T.);
#6283 = LINE('',#6284,#6285);
#6284 = CARTESIAN_POINT('',(1.6,1.,-2.11));
#6285 = VECTOR('',#6286,1.);
#6286 = DIRECTION('',(0.,0.,1.));
#6287 = ORIENTED_EDGE('',*,*,#1303,.F.);
#6288 = ORIENTED_EDGE('',*,*,#6176,.T.);
#6289 = PLANE('',#6290);
#6290 = AXIS2_PLACEMENT_3D('',#6291,#6292,#6293);
#6291 = CARTESIAN_POINT('',(-2.1,1.,-3.6));
#6292 = DIRECTION('',(-0.,1.,0.));
#6293 = DIRECTION('',(1.,0.,0.));
#6294 = ADVANCED_FACE('',(#6295),#6306,.F.);
#6295 = FACE_BOUND('',#6296,.T.);
#6296 = EDGE_LOOP('',(#6297,#6298,#6299,#6300));
#6297 = ORIENTED_EDGE('',*,*,#6030,.F.);
#6298 = ORIENTED_EDGE('',*,*,#1311,.F.);
#6299 = ORIENTED_EDGE('',*,*,#6282,.F.);
#6300 = ORIENTED_EDGE('',*,*,#6301,.F.);
#6301 = EDGE_CURVE('',#5982,#6275,#6302,.T.);
#6302 = LINE('',#6303,#6304);
#6303 = CARTESIAN_POINT('',(1.6,0.83,-2.11));
#6304 = VECTOR('',#6305,1.);
#6305 = DIRECTION('',(0.,1.,0.));
#6306 = PLANE('',#6307);
#6307 = AXIS2_PLACEMENT_3D('',#6308,#6309,#6310);
#6308 = CARTESIAN_POINT('',(1.6,1.,-1.9));
#6309 = DIRECTION('',(1.,0.,0.));
#6310 = DIRECTION('',(-0.,1.,0.));
#6311 = ADVANCED_FACE('',(#6312),#6323,.F.);
#6312 = FACE_BOUND('',#6313,.T.);
#6313 = EDGE_LOOP('',(#6314,#6315,#6321,#6322));
#6314 = ORIENTED_EDGE('',*,*,#6274,.T.);
#6315 = ORIENTED_EDGE('',*,*,#6316,.T.);
#6316 = EDGE_CURVE('',#6267,#5984,#6317,.T.);
#6317 = LINE('',#6318,#6319);
#6318 = CARTESIAN_POINT('',(1.7,1.,-2.11));
#6319 = VECTOR('',#6320,1.);
#6320 = DIRECTION('',(0.,-1.,0.));
#6321 = ORIENTED_EDGE('',*,*,#5981,.F.);
#6322 = ORIENTED_EDGE('',*,*,#6301,.T.);
#6323 = PLANE('',#6324);
#6324 = AXIS2_PLACEMENT_3D('',#6325,#6326,#6327);
#6325 = CARTESIAN_POINT('',(1.6,1.,-2.11));
#6326 = DIRECTION('',(0.,0.,1.));
#6327 = DIRECTION('',(1.,0.,-0.));
#6328 = ADVANCED_FACE('',(#6329),#6340,.F.);
#6329 = FACE_BOUND('',#6330,.T.);
#6330 = EDGE_LOOP('',(#6331,#6332,#6333,#6339));
#6331 = ORIENTED_EDGE('',*,*,#6316,.F.);
#6332 = ORIENTED_EDGE('',*,*,#6266,.T.);
#6333 = ORIENTED_EDGE('',*,*,#6334,.T.);
#6334 = EDGE_CURVE('',#6259,#5992,#6335,.T.);
#6335 = LINE('',#6336,#6337);
#6336 = CARTESIAN_POINT('',(1.7,1.,-2.82));
#6337 = VECTOR('',#6338,1.);
#6338 = DIRECTION('',(0.,-1.,0.));
#6339 = ORIENTED_EDGE('',*,*,#5991,.F.);
#6340 = PLANE('',#6341);
#6341 = AXIS2_PLACEMENT_3D('',#6342,#6343,#6344);
#6342 = CARTESIAN_POINT('',(1.7,1.,-2.11));
#6343 = DIRECTION('',(1.,0.,0.));
#6344 = DIRECTION('',(-0.,1.,0.));
#6345 = ADVANCED_FACE('',(#6346),#6357,.F.);
#6346 = FACE_BOUND('',#6347,.T.);
#6347 = EDGE_LOOP('',(#6348,#6349,#6350,#6356));
#6348 = ORIENTED_EDGE('',*,*,#6334,.F.);
#6349 = ORIENTED_EDGE('',*,*,#6258,.T.);
#6350 = ORIENTED_EDGE('',*,*,#6351,.T.);
#6351 = EDGE_CURVE('',#6251,#6000,#6352,.T.);
#6352 = LINE('',#6353,#6354);
#6353 = CARTESIAN_POINT('',(1.88,1.,-3.));
#6354 = VECTOR('',#6355,1.);
#6355 = DIRECTION('',(0.,-1.,0.));
#6356 = ORIENTED_EDGE('',*,*,#5999,.F.);
#6357 = PLANE('',#6358);
#6358 = AXIS2_PLACEMENT_3D('',#6359,#6360,#6361);
#6359 = CARTESIAN_POINT('',(1.7,1.,-2.82));
#6360 = DIRECTION('',(0.707106781186,0.,0.707106781187));
#6361 = DIRECTION('',(0.,-1.,0.));
#6362 = ADVANCED_FACE('',(#6363),#6374,.F.);
#6363 = FACE_BOUND('',#6364,.T.);
#6364 = EDGE_LOOP('',(#6365,#6366,#6367,#6373));
#6365 = ORIENTED_EDGE('',*,*,#6351,.F.);
#6366 = ORIENTED_EDGE('',*,*,#6250,.T.);
#6367 = ORIENTED_EDGE('',*,*,#6368,.T.);
#6368 = EDGE_CURVE('',#6243,#6008,#6369,.T.);
#6369 = LINE('',#6370,#6371);
#6370 = CARTESIAN_POINT('',(1.88,1.,-3.3));
#6371 = VECTOR('',#6372,1.);
#6372 = DIRECTION('',(0.,-1.,0.));
#6373 = ORIENTED_EDGE('',*,*,#6007,.F.);
#6374 = PLANE('',#6375);
#6375 = AXIS2_PLACEMENT_3D('',#6376,#6377,#6378);
#6376 = CARTESIAN_POINT('',(1.88,1.,-3.));
#6377 = DIRECTION('',(1.,0.,0.));
#6378 = DIRECTION('',(-0.,1.,0.));
#6379 = ADVANCED_FACE('',(#6380),#6398,.F.);
#6380 = FACE_BOUND('',#6381,.T.);
#6381 = EDGE_LOOP('',(#6382,#6383,#6384,#6390,#6391,#6397));
#6382 = ORIENTED_EDGE('',*,*,#6368,.F.);
#6383 = ORIENTED_EDGE('',*,*,#6242,.T.);
#6384 = ORIENTED_EDGE('',*,*,#6385,.T.);
#6385 = EDGE_CURVE('',#6235,#3478,#6386,.T.);
#6386 = LINE('',#6387,#6388);
#6387 = CARTESIAN_POINT('',(1.98,1.,-3.6));
#6388 = VECTOR('',#6389,1.);
#6389 = DIRECTION('',(0.,-1.,0.));
#6390 = ORIENTED_EDGE('',*,*,#3477,.F.);
#6391 = ORIENTED_EDGE('',*,*,#6392,.T.);
#6392 = EDGE_CURVE('',#3470,#6016,#6393,.T.);
#6393 = LINE('',#6394,#6395);
#6394 = CARTESIAN_POINT('',(1.89,0.25,-3.33));
#6395 = VECTOR('',#6396,1.);
#6396 = DIRECTION('',(0.,1.,0.));
#6397 = ORIENTED_EDGE('',*,*,#6015,.F.);
#6398 = PLANE('',#6399);
#6399 = AXIS2_PLACEMENT_3D('',#6400,#6401,#6402);
#6400 = CARTESIAN_POINT('',(1.88,1.,-3.3));
#6401 = DIRECTION('',(0.948683298051,0.,0.316227766017));
#6402 = DIRECTION('',(0.,-1.,0.));
#6403 = ADVANCED_FACE('',(#6404),#6459,.F.);
#6404 = FACE_BOUND('',#6405,.T.);
#6405 = EDGE_LOOP('',(#6406,#6414,#6423,#6429,#6430,#6431,#6432,#6433,
    #6434,#6443,#6451,#6458));
#6406 = ORIENTED_EDGE('',*,*,#6407,.T.);
#6407 = EDGE_CURVE('',#626,#6408,#6410,.T.);
#6408 = VERTEX_POINT('',#6409);
#6409 = CARTESIAN_POINT('',(1.89,0.363765333686,-2.46477038432));
#6410 = LINE('',#6411,#6412);
#6411 = CARTESIAN_POINT('',(1.89,0.456915846983,-2.439810779507));
#6412 = VECTOR('',#6413,1.);
#6413 = DIRECTION('',(0.,-0.965925826289,-0.258819045102));
#6414 = ORIENTED_EDGE('',*,*,#6415,.T.);
#6415 = EDGE_CURVE('',#6408,#6416,#6418,.T.);
#6416 = VERTEX_POINT('',#6417);
#6417 = CARTESIAN_POINT('',(1.89,0.26477038432,-2.563765333686));
#6418 = CIRCLE('',#6419,0.14);
#6419 = AXIS2_PLACEMENT_3D('',#6420,#6421,#6422);
#6420 = CARTESIAN_POINT('',(1.89,0.4,-2.6));
#6421 = DIRECTION('',(1.,0.,0.));
#6422 = DIRECTION('',(0.,-0.258819045102,0.965925826289));
#6423 = ORIENTED_EDGE('',*,*,#6424,.T.);
#6424 = EDGE_CURVE('',#6416,#3438,#6425,.T.);
#6425 = LINE('',#6426,#6427);
#6426 = CARTESIAN_POINT('',(1.89,0.26477038432,-2.563765333686));
#6427 = VECTOR('',#6428,1.);
#6428 = DIRECTION('',(0.,-0.258819045102,-0.965925826289));
#6429 = ORIENTED_EDGE('',*,*,#3437,.T.);
#6430 = ORIENTED_EDGE('',*,*,#1327,.F.);
#6431 = ORIENTED_EDGE('',*,*,#6023,.F.);
#6432 = ORIENTED_EDGE('',*,*,#6392,.F.);
#6433 = ORIENTED_EDGE('',*,*,#3469,.T.);
#6434 = ORIENTED_EDGE('',*,*,#6435,.T.);
#6435 = EDGE_CURVE('',#3462,#6436,#6438,.T.);
#6436 = VERTEX_POINT('',#6437);
#6437 = CARTESIAN_POINT('',(1.89,0.2730641687,-2.759543926148));
#6438 = CIRCLE('',#6439,5.E-02);
#6439 = AXIS2_PLACEMENT_3D('',#6440,#6441,#6442);
#6440 = CARTESIAN_POINT('',(1.89,0.277421955837,-2.709734191244));
#6441 = DIRECTION('',(1.,0.,0.));
#6442 = DIRECTION('',(0.,-0.548439116745,-0.836190489795));
#6443 = ORIENTED_EDGE('',*,*,#6444,.T.);
#6444 = EDGE_CURVE('',#6436,#6445,#6447,.T.);
#6445 = VERTEX_POINT('',#6446);
#6446 = CARTESIAN_POINT('',(1.89,0.385183523733,-2.769353098676));
#6447 = LINE('',#6448,#6449);
#6448 = CARTESIAN_POINT('',(1.89,0.2730641687,-2.759543926148));
#6449 = VECTOR('',#6450,1.);
#6450 = DIRECTION('',(0.,0.996194698092,-8.715574274766E-02));
#6451 = ORIENTED_EDGE('',*,*,#6452,.T.);
#6452 = EDGE_CURVE('',#6445,#592,#6453,.T.);
#6453 = CIRCLE('',#6454,0.17);
#6454 = AXIS2_PLACEMENT_3D('',#6455,#6456,#6457);
#6455 = CARTESIAN_POINT('',(1.89,0.4,-2.6));
#6456 = DIRECTION('',(1.,0.,0.));
#6457 = DIRECTION('',(0.,-8.715574274765E-02,-0.996194698092));
#6458 = ORIENTED_EDGE('',*,*,#633,.T.);
#6459 = PLANE('',#6460);
#6460 = AXIS2_PLACEMENT_3D('',#6461,#6462,#6463);
#6461 = CARTESIAN_POINT('',(1.89,0.83,-3.6));
#6462 = DIRECTION('',(1.,0.,0.));
#6463 = DIRECTION('',(-0.,1.,0.));
#6464 = ADVANCED_FACE('',(#6465),#6484,.T.);
#6465 = FACE_BOUND('',#6466,.T.);
#6466 = EDGE_LOOP('',(#6467,#6468,#6469,#6477));
#6467 = ORIENTED_EDGE('',*,*,#589,.T.);
#6468 = ORIENTED_EDGE('',*,*,#6452,.F.);
#6469 = ORIENTED_EDGE('',*,*,#6470,.F.);
#6470 = EDGE_CURVE('',#6471,#6445,#6473,.T.);
#6471 = VERTEX_POINT('',#6472);
#6472 = CARTESIAN_POINT('',(1.55,0.385183523733,-2.769353098676));
#6473 = LINE('',#6474,#6475);
#6474 = CARTESIAN_POINT('',(1.55,0.385183523733,-2.769353098676));
#6475 = VECTOR('',#6476,1.);
#6476 = DIRECTION('',(1.,0.,0.));
#6477 = ORIENTED_EDGE('',*,*,#6478,.T.);
#6478 = EDGE_CURVE('',#6471,#590,#6479,.T.);
#6479 = CIRCLE('',#6480,0.17);
#6480 = AXIS2_PLACEMENT_3D('',#6481,#6482,#6483);
#6481 = CARTESIAN_POINT('',(1.55,0.4,-2.6));
#6482 = DIRECTION('',(1.,0.,0.));
#6483 = DIRECTION('',(0.,-8.715574274766E-02,-0.996194698092));
#6484 = CYLINDRICAL_SURFACE('',#6485,0.17);
#6485 = AXIS2_PLACEMENT_3D('',#6486,#6487,#6488);
#6486 = CARTESIAN_POINT('',(1.55,0.4,-2.6));
#6487 = DIRECTION('',(-1.,0.,-0.));
#6488 = DIRECTION('',(0.,0.,-1.));
#6489 = ADVANCED_FACE('',(#6490),#6534,.F.);
#6490 = FACE_BOUND('',#6491,.T.);
#6491 = EDGE_LOOP('',(#6492,#6499,#6500,#6501,#6502,#6510,#6517,#6518,
    #6526,#6533));
#6492 = ORIENTED_EDGE('',*,*,#6493,.T.);
#6493 = EDGE_CURVE('',#5683,#4204,#6494,.T.);
#6494 = CIRCLE('',#6495,9.E-02);
#6495 = AXIS2_PLACEMENT_3D('',#6496,#6497,#6498);
#6496 = CARTESIAN_POINT('',(1.55,0.4,-2.6));
#6497 = DIRECTION('',(1.,0.,0.));
#6498 = DIRECTION('',(0.,-0.965925826289,0.258819045102));
#6499 = ORIENTED_EDGE('',*,*,#4203,.T.);
#6500 = ORIENTED_EDGE('',*,*,#599,.F.);
#6501 = ORIENTED_EDGE('',*,*,#6478,.F.);
#6502 = ORIENTED_EDGE('',*,*,#6503,.F.);
#6503 = EDGE_CURVE('',#6504,#6471,#6506,.T.);
#6504 = VERTEX_POINT('',#6505);
#6505 = CARTESIAN_POINT('',(1.55,0.2730641687,-2.759543926148));
#6506 = LINE('',#6507,#6508);
#6507 = CARTESIAN_POINT('',(1.55,0.2730641687,-2.759543926148));
#6508 = VECTOR('',#6509,1.);
#6509 = DIRECTION('',(0.,0.996194698092,-8.715574274766E-02));
#6510 = ORIENTED_EDGE('',*,*,#6511,.F.);
#6511 = EDGE_CURVE('',#3454,#6504,#6512,.T.);
#6512 = CIRCLE('',#6513,5.E-02);
#6513 = AXIS2_PLACEMENT_3D('',#6514,#6515,#6516);
#6514 = CARTESIAN_POINT('',(1.55,0.277421955837,-2.709734191244));
#6515 = DIRECTION('',(1.,0.,0.));
#6516 = DIRECTION('',(0.,-0.548439116745,-0.836190489795));
#6517 = ORIENTED_EDGE('',*,*,#3453,.F.);
#6518 = ORIENTED_EDGE('',*,*,#6519,.F.);
#6519 = EDGE_CURVE('',#6520,#3446,#6522,.T.);
#6520 = VERTEX_POINT('',#6521);
#6521 = CARTESIAN_POINT('',(1.55,0.26477038432,-2.563765333686));
#6522 = LINE('',#6523,#6524);
#6523 = CARTESIAN_POINT('',(1.55,0.26477038432,-2.563765333686));
#6524 = VECTOR('',#6525,1.);
#6525 = DIRECTION('',(0.,-0.258819045102,-0.965925826289));
#6526 = ORIENTED_EDGE('',*,*,#6527,.F.);
#6527 = EDGE_CURVE('',#5691,#6520,#6528,.T.);
#6528 = CIRCLE('',#6529,0.14);
#6529 = AXIS2_PLACEMENT_3D('',#6530,#6531,#6532);
#6530 = CARTESIAN_POINT('',(1.55,0.4,-2.6));
#6531 = DIRECTION('',(1.,0.,0.));
#6532 = DIRECTION('',(0.,-0.422700527882,0.906269421159));
#6533 = ORIENTED_EDGE('',*,*,#5690,.F.);
#6534 = PLANE('',#6535);
#6535 = AXIS2_PLACEMENT_3D('',#6536,#6537,#6538);
#6536 = CARTESIAN_POINT('',(1.55,0.,0.));
#6537 = DIRECTION('',(1.,0.,0.));
#6538 = DIRECTION('',(-0.,1.,0.));
#6539 = ADVANCED_FACE('',(#6540),#6558,.T.);
#6540 = FACE_BOUND('',#6541,.T.);
#6541 = EDGE_LOOP('',(#6542,#6543,#6544,#6550,#6551,#6557));
#6542 = ORIENTED_EDGE('',*,*,#5698,.F.);
#6543 = ORIENTED_EDGE('',*,*,#6527,.T.);
#6544 = ORIENTED_EDGE('',*,*,#6545,.T.);
#6545 = EDGE_CURVE('',#6520,#6416,#6546,.T.);
#6546 = LINE('',#6547,#6548);
#6547 = CARTESIAN_POINT('',(1.55,0.26477038432,-2.563765333686));
#6548 = VECTOR('',#6549,1.);
#6549 = DIRECTION('',(1.,0.,0.));
#6550 = ORIENTED_EDGE('',*,*,#6415,.F.);
#6551 = ORIENTED_EDGE('',*,*,#6552,.F.);
#6552 = EDGE_CURVE('',#4551,#6408,#6553,.T.);
#6553 = LINE('',#6554,#6555);
#6554 = CARTESIAN_POINT('',(1.6,0.363765333686,-2.46477038432));
#6555 = VECTOR('',#6556,1.);
#6556 = DIRECTION('',(1.,0.,0.));
#6557 = ORIENTED_EDGE('',*,*,#4550,.T.);
#6558 = CYLINDRICAL_SURFACE('',#6559,0.14);
#6559 = AXIS2_PLACEMENT_3D('',#6560,#6561,#6562);
#6560 = CARTESIAN_POINT('',(1.55,0.4,-2.6));
#6561 = DIRECTION('',(-1.,0.,-0.));
#6562 = DIRECTION('',(0.,0.,-1.));
#6563 = ADVANCED_FACE('',(#6564),#6570,.T.);
#6564 = FACE_BOUND('',#6565,.T.);
#6565 = EDGE_LOOP('',(#6566,#6567,#6568,#6569));
#6566 = ORIENTED_EDGE('',*,*,#6552,.T.);
#6567 = ORIENTED_EDGE('',*,*,#6407,.F.);
#6568 = ORIENTED_EDGE('',*,*,#625,.F.);
#6569 = ORIENTED_EDGE('',*,*,#4559,.T.);
#6570 = PLANE('',#6571);
#6571 = AXIS2_PLACEMENT_3D('',#6572,#6573,#6574);
#6572 = CARTESIAN_POINT('',(1.55,0.456915846983,-2.439810779507));
#6573 = DIRECTION('',(0.,-0.258819045102,0.965925826289));
#6574 = DIRECTION('',(-1.,0.,0.));
#6575 = ADVANCED_FACE('',(#6576),#6582,.T.);
#6576 = FACE_BOUND('',#6577,.T.);
#6577 = EDGE_LOOP('',(#6578,#6579,#6580,#6581));
#6578 = ORIENTED_EDGE('',*,*,#6424,.F.);
#6579 = ORIENTED_EDGE('',*,*,#6545,.F.);
#6580 = ORIENTED_EDGE('',*,*,#6519,.T.);
#6581 = ORIENTED_EDGE('',*,*,#3445,.T.);
#6582 = PLANE('',#6583);
#6583 = AXIS2_PLACEMENT_3D('',#6584,#6585,#6586);
#6584 = CARTESIAN_POINT('',(1.55,0.26477038432,-2.563765333686));
#6585 = DIRECTION('',(0.,-0.965925826289,0.258819045102));
#6586 = DIRECTION('',(-1.,0.,0.));
#6587 = ADVANCED_FACE('',(#6588),#6599,.T.);
#6588 = FACE_BOUND('',#6589,.T.);
#6589 = EDGE_LOOP('',(#6590,#6591,#6597,#6598));
#6590 = ORIENTED_EDGE('',*,*,#6511,.T.);
#6591 = ORIENTED_EDGE('',*,*,#6592,.T.);
#6592 = EDGE_CURVE('',#6504,#6436,#6593,.T.);
#6593 = LINE('',#6594,#6595);
#6594 = CARTESIAN_POINT('',(1.55,0.2730641687,-2.759543926148));
#6595 = VECTOR('',#6596,1.);
#6596 = DIRECTION('',(1.,0.,0.));
#6597 = ORIENTED_EDGE('',*,*,#6435,.F.);
#6598 = ORIENTED_EDGE('',*,*,#3461,.F.);
#6599 = CYLINDRICAL_SURFACE('',#6600,5.E-02);
#6600 = AXIS2_PLACEMENT_3D('',#6601,#6602,#6603);
#6601 = CARTESIAN_POINT('',(1.55,0.277421955837,-2.709734191244));
#6602 = DIRECTION('',(-1.,0.,-0.));
#6603 = DIRECTION('',(0.,0.,-1.));
#6604 = ADVANCED_FACE('',(#6605),#6611,.T.);
#6605 = FACE_BOUND('',#6606,.T.);
#6606 = EDGE_LOOP('',(#6607,#6608,#6609,#6610));
#6607 = ORIENTED_EDGE('',*,*,#6592,.F.);
#6608 = ORIENTED_EDGE('',*,*,#6503,.T.);
#6609 = ORIENTED_EDGE('',*,*,#6470,.T.);
#6610 = ORIENTED_EDGE('',*,*,#6444,.F.);
#6611 = PLANE('',#6612);
#6612 = AXIS2_PLACEMENT_3D('',#6613,#6614,#6615);
#6613 = CARTESIAN_POINT('',(1.55,0.2730641687,-2.759543926148));
#6614 = DIRECTION('',(0.,-8.715574274766E-02,-0.996194698092));
#6615 = DIRECTION('',(0.,-0.996194698092,8.715574274766E-02));
#6616 = ADVANCED_FACE('',(#6617),#6623,.T.);
#6617 = FACE_BOUND('',#6618,.T.);
#6618 = EDGE_LOOP('',(#6619,#6620,#6621,#6622));
#6619 = ORIENTED_EDGE('',*,*,#4211,.T.);
#6620 = ORIENTED_EDGE('',*,*,#6493,.F.);
#6621 = ORIENTED_EDGE('',*,*,#5680,.F.);
#6622 = ORIENTED_EDGE('',*,*,#5730,.T.);
#6623 = CYLINDRICAL_SURFACE('',#6624,9.E-02);
#6624 = AXIS2_PLACEMENT_3D('',#6625,#6626,#6627);
#6625 = CARTESIAN_POINT('',(-1.6,0.4,-2.6));
#6626 = DIRECTION('',(-1.,0.,-0.));
#6627 = DIRECTION('',(0.,0.,-1.));
#6628 = ADVANCED_FACE('',(#6629),#6642,.T.);
#6629 = FACE_BOUND('',#6630,.T.);
#6630 = EDGE_LOOP('',(#6631,#6632,#6633,#6634,#6635,#6636));
#6631 = ORIENTED_EDGE('',*,*,#2729,.T.);
#6632 = ORIENTED_EDGE('',*,*,#809,.T.);
#6633 = ORIENTED_EDGE('',*,*,#6195,.T.);
#6634 = ORIENTED_EDGE('',*,*,#6045,.T.);
#6635 = ORIENTED_EDGE('',*,*,#3589,.T.);
#6636 = ORIENTED_EDGE('',*,*,#6637,.F.);
#6637 = EDGE_CURVE('',#2730,#3582,#6638,.T.);
#6638 = LINE('',#6639,#6640);
#6639 = CARTESIAN_POINT('',(-1.3,4.E-02,-3.6));
#6640 = VECTOR('',#6641,1.);
#6641 = DIRECTION('',(0.,1.,0.));
#6642 = PLANE('',#6643);
#6643 = AXIS2_PLACEMENT_3D('',#6644,#6645,#6646);
#6644 = CARTESIAN_POINT('',(-2.1,0.,-3.6));
#6645 = DIRECTION('',(0.,0.,-1.));
#6646 = DIRECTION('',(0.,-1.,0.));
#6647 = ADVANCED_FACE('',(#6648),#6661,.T.);
#6648 = FACE_BOUND('',#6649,.T.);
#6649 = EDGE_LOOP('',(#6650,#6651,#6652,#6653,#6654,#6655));
#6650 = ORIENTED_EDGE('',*,*,#3485,.T.);
#6651 = ORIENTED_EDGE('',*,*,#6385,.F.);
#6652 = ORIENTED_EDGE('',*,*,#6234,.T.);
#6653 = ORIENTED_EDGE('',*,*,#2463,.F.);
#6654 = ORIENTED_EDGE('',*,*,#2667,.T.);
#6655 = ORIENTED_EDGE('',*,*,#6656,.T.);
#6656 = EDGE_CURVE('',#2660,#3486,#6657,.T.);
#6657 = LINE('',#6658,#6659);
#6658 = CARTESIAN_POINT('',(1.3,4.E-02,-3.6));
#6659 = VECTOR('',#6660,1.);
#6660 = DIRECTION('',(0.,1.,0.));
#6661 = PLANE('',#6662);
#6662 = AXIS2_PLACEMENT_3D('',#6663,#6664,#6665);
#6663 = CARTESIAN_POINT('',(-2.1,0.,-3.6));
#6664 = DIRECTION('',(0.,0.,-1.));
#6665 = DIRECTION('',(0.,-1.,0.));
#6666 = ADVANCED_FACE('',(#6667),#6673,.F.);
#6667 = FACE_BOUND('',#6668,.T.);
#6668 = EDGE_LOOP('',(#6669,#6670,#6671,#6672));
#6669 = ORIENTED_EDGE('',*,*,#3581,.T.);
#6670 = ORIENTED_EDGE('',*,*,#3389,.T.);
#6671 = ORIENTED_EDGE('',*,*,#2737,.F.);
#6672 = ORIENTED_EDGE('',*,*,#6637,.T.);
#6673 = PLANE('',#6674);
#6674 = AXIS2_PLACEMENT_3D('',#6675,#6676,#6677);
#6675 = CARTESIAN_POINT('',(-1.3,0.25,-3.6));
#6676 = DIRECTION('',(-1.,0.,0.));
#6677 = DIRECTION('',(0.,0.,1.));
#6678 = ADVANCED_FACE('',(#6679),#6685,.F.);
#6679 = FACE_BOUND('',#6680,.T.);
#6680 = EDGE_LOOP('',(#6681,#6682,#6683,#6684));
#6681 = ORIENTED_EDGE('',*,*,#2659,.T.);
#6682 = ORIENTED_EDGE('',*,*,#3264,.F.);
#6683 = ORIENTED_EDGE('',*,*,#3493,.F.);
#6684 = ORIENTED_EDGE('',*,*,#6656,.F.);
#6685 = PLANE('',#6686);
#6686 = AXIS2_PLACEMENT_3D('',#6687,#6688,#6689);
#6687 = CARTESIAN_POINT('',(1.3,0.25,-3.09));
#6688 = DIRECTION('',(1.,0.,0.));
#6689 = DIRECTION('',(-0.,1.,0.));
#6690 = ADVANCED_FACE('',(#6691),#6720,.T.);
#6691 = FACE_BOUND('',#6692,.T.);
#6692 = EDGE_LOOP('',(#6693,#6694,#6695,#6696,#6697,#6705,#6713,#6719));
#6693 = ORIENTED_EDGE('',*,*,#2246,.T.);
#6694 = ORIENTED_EDGE('',*,*,#2198,.T.);
#6695 = ORIENTED_EDGE('',*,*,#2174,.T.);
#6696 = ORIENTED_EDGE('',*,*,#6226,.T.);
#6697 = ORIENTED_EDGE('',*,*,#6698,.T.);
#6698 = EDGE_CURVE('',#6219,#6699,#6701,.T.);
#6699 = VERTEX_POINT('',#6700);
#6700 = CARTESIAN_POINT('',(1.7,0.9,-0.25));
#6701 = LINE('',#6702,#6703);
#6702 = CARTESIAN_POINT('',(1.7,1.,-0.25));
#6703 = VECTOR('',#6704,1.);
#6704 = DIRECTION('',(0.,-1.,0.));
#6705 = ORIENTED_EDGE('',*,*,#6706,.T.);
#6706 = EDGE_CURVE('',#6699,#6707,#6709,.T.);
#6707 = VERTEX_POINT('',#6708);
#6708 = CARTESIAN_POINT('',(1.7,0.9,0.));
#6709 = LINE('',#6710,#6711);
#6710 = CARTESIAN_POINT('',(1.7,0.9,-0.25));
#6711 = VECTOR('',#6712,1.);
#6712 = DIRECTION('',(0.,0.,1.));
#6713 = ORIENTED_EDGE('',*,*,#6714,.T.);
#6714 = EDGE_CURVE('',#6707,#2295,#6715,.T.);
#6715 = LINE('',#6716,#6717);
#6716 = CARTESIAN_POINT('',(1.7,0.9,0.));
#6717 = VECTOR('',#6718,1.);
#6718 = DIRECTION('',(0.,-1.,0.));
#6719 = ORIENTED_EDGE('',*,*,#2294,.T.);
#6720 = PLANE('',#6721);
#6721 = AXIS2_PLACEMENT_3D('',#6722,#6723,#6724);
#6722 = CARTESIAN_POINT('',(1.7,0.,0.));
#6723 = DIRECTION('',(1.,0.,0.));
#6724 = DIRECTION('',(-0.,1.,0.));
#6725 = ADVANCED_FACE('',(#6726),#6808,.T.);
#6726 = FACE_BOUND('',#6727,.T.);
#6727 = EDGE_LOOP('',(#6728,#6738,#6746,#6754,#6762,#6770,#6778,#6786,
    #6792,#6793,#6794,#6802));
#6728 = ORIENTED_EDGE('',*,*,#6729,.F.);
#6729 = EDGE_CURVE('',#6730,#6732,#6734,.T.);
#6730 = VERTEX_POINT('',#6731);
#6731 = CARTESIAN_POINT('',(-1.5,0.29,0.));
#6732 = VERTEX_POINT('',#6733);
#6733 = CARTESIAN_POINT('',(1.5,0.29,0.));
#6734 = LINE('',#6735,#6736);
#6735 = CARTESIAN_POINT('',(-1.5,0.29,0.));
#6736 = VECTOR('',#6737,1.);
#6737 = DIRECTION('',(1.,0.,0.));
#6738 = ORIENTED_EDGE('',*,*,#6739,.T.);
#6739 = EDGE_CURVE('',#6730,#6740,#6742,.T.);
#6740 = VERTEX_POINT('',#6741);
#6741 = CARTESIAN_POINT('',(-1.5,0.9,0.));
#6742 = LINE('',#6743,#6744);
#6743 = CARTESIAN_POINT('',(-1.5,0.29,0.));
#6744 = VECTOR('',#6745,1.);
#6745 = DIRECTION('',(0.,1.,0.));
#6746 = ORIENTED_EDGE('',*,*,#6747,.F.);
#6747 = EDGE_CURVE('',#6748,#6740,#6750,.T.);
#6748 = VERTEX_POINT('',#6749);
#6749 = CARTESIAN_POINT('',(-1.7,0.9,0.));
#6750 = LINE('',#6751,#6752);
#6751 = CARTESIAN_POINT('',(-1.7,0.9,0.));
#6752 = VECTOR('',#6753,1.);
#6753 = DIRECTION('',(1.,0.,0.));
#6754 = ORIENTED_EDGE('',*,*,#6755,.T.);
#6755 = EDGE_CURVE('',#6748,#6756,#6758,.T.);
#6756 = VERTEX_POINT('',#6757);
#6757 = CARTESIAN_POINT('',(-1.7,0.11,0.));
#6758 = LINE('',#6759,#6760);
#6759 = CARTESIAN_POINT('',(-1.7,0.9,0.));
#6760 = VECTOR('',#6761,1.);
#6761 = DIRECTION('',(0.,-1.,0.));
#6762 = ORIENTED_EDGE('',*,*,#6763,.T.);
#6763 = EDGE_CURVE('',#6756,#6764,#6766,.T.);
#6764 = VERTEX_POINT('',#6765);
#6765 = CARTESIAN_POINT('',(-1.62,0.11,0.));
#6766 = LINE('',#6767,#6768);
#6767 = CARTESIAN_POINT('',(-1.7,0.11,0.));
#6768 = VECTOR('',#6769,1.);
#6769 = DIRECTION('',(1.,0.,0.));
#6770 = ORIENTED_EDGE('',*,*,#6771,.F.);
#6771 = EDGE_CURVE('',#6772,#6764,#6774,.T.);
#6772 = VERTEX_POINT('',#6773);
#6773 = CARTESIAN_POINT('',(-1.51,0.,0.));
#6774 = LINE('',#6775,#6776);
#6775 = CARTESIAN_POINT('',(-1.51,0.,0.));
#6776 = VECTOR('',#6777,1.);
#6777 = DIRECTION('',(-0.707106781187,0.707106781187,0.));
#6778 = ORIENTED_EDGE('',*,*,#6779,.T.);
#6779 = EDGE_CURVE('',#6772,#6780,#6782,.T.);
#6780 = VERTEX_POINT('',#6781);
#6781 = CARTESIAN_POINT('',(1.51,0.,0.));
#6782 = LINE('',#6783,#6784);
#6783 = CARTESIAN_POINT('',(-1.51,0.,0.));
#6784 = VECTOR('',#6785,1.);
#6785 = DIRECTION('',(1.,0.,0.));
#6786 = ORIENTED_EDGE('',*,*,#6787,.F.);
#6787 = EDGE_CURVE('',#2303,#6780,#6788,.T.);
#6788 = LINE('',#6789,#6790);
#6789 = CARTESIAN_POINT('',(1.62,0.11,0.));
#6790 = VECTOR('',#6791,1.);
#6791 = DIRECTION('',(-0.707106781187,-0.707106781187,0.));
#6792 = ORIENTED_EDGE('',*,*,#2302,.F.);
#6793 = ORIENTED_EDGE('',*,*,#6714,.F.);
#6794 = ORIENTED_EDGE('',*,*,#6795,.F.);
#6795 = EDGE_CURVE('',#6796,#6707,#6798,.T.);
#6796 = VERTEX_POINT('',#6797);
#6797 = CARTESIAN_POINT('',(1.5,0.9,0.));
#6798 = LINE('',#6799,#6800);
#6799 = CARTESIAN_POINT('',(1.5,0.9,0.));
#6800 = VECTOR('',#6801,1.);
#6801 = DIRECTION('',(1.,0.,0.));
#6802 = ORIENTED_EDGE('',*,*,#6803,.T.);
#6803 = EDGE_CURVE('',#6796,#6732,#6804,.T.);
#6804 = LINE('',#6805,#6806);
#6805 = CARTESIAN_POINT('',(1.5,0.9,0.));
#6806 = VECTOR('',#6807,1.);
#6807 = DIRECTION('',(0.,-1.,0.));
#6808 = PLANE('',#6809);
#6809 = AXIS2_PLACEMENT_3D('',#6810,#6811,#6812);
#6810 = CARTESIAN_POINT('',(-2.1,0.9,0.));
#6811 = DIRECTION('',(0.,0.,1.));
#6812 = DIRECTION('',(1.,0.,-0.));
#6813 = ADVANCED_FACE('',(#6814),#6855,.F.);
#6814 = FACE_BOUND('',#6815,.T.);
#6815 = EDGE_LOOP('',(#6816,#6826,#6832,#6833,#6841,#6849));
#6816 = ORIENTED_EDGE('',*,*,#6817,.F.);
#6817 = EDGE_CURVE('',#6818,#6820,#6822,.T.);
#6818 = VERTEX_POINT('',#6819);
#6819 = CARTESIAN_POINT('',(1.5,0.29,-1.58));
#6820 = VERTEX_POINT('',#6821);
#6821 = CARTESIAN_POINT('',(1.5,0.7,-1.58));
#6822 = LINE('',#6823,#6824);
#6823 = CARTESIAN_POINT('',(1.5,0.29,-1.58));
#6824 = VECTOR('',#6825,1.);
#6825 = DIRECTION('',(0.,1.,0.));
#6826 = ORIENTED_EDGE('',*,*,#6827,.F.);
#6827 = EDGE_CURVE('',#6732,#6818,#6828,.T.);
#6828 = LINE('',#6829,#6830);
#6829 = CARTESIAN_POINT('',(1.5,0.29,0.));
#6830 = VECTOR('',#6831,1.);
#6831 = DIRECTION('',(0.,0.,-1.));
#6832 = ORIENTED_EDGE('',*,*,#6803,.F.);
#6833 = ORIENTED_EDGE('',*,*,#6834,.F.);
#6834 = EDGE_CURVE('',#6835,#6796,#6837,.T.);
#6835 = VERTEX_POINT('',#6836);
#6836 = CARTESIAN_POINT('',(1.5,0.9,-0.25));
#6837 = LINE('',#6838,#6839);
#6838 = CARTESIAN_POINT('',(1.5,0.9,-0.25));
#6839 = VECTOR('',#6840,1.);
#6840 = DIRECTION('',(0.,0.,1.));
#6841 = ORIENTED_EDGE('',*,*,#6842,.F.);
#6842 = EDGE_CURVE('',#6843,#6835,#6845,.T.);
#6843 = VERTEX_POINT('',#6844);
#6844 = CARTESIAN_POINT('',(1.5,0.7,-0.25));
#6845 = LINE('',#6846,#6847);
#6846 = CARTESIAN_POINT('',(1.5,0.7,-0.25));
#6847 = VECTOR('',#6848,1.);
#6848 = DIRECTION('',(0.,1.,0.));
#6849 = ORIENTED_EDGE('',*,*,#6850,.T.);
#6850 = EDGE_CURVE('',#6843,#6820,#6851,.T.);
#6851 = LINE('',#6852,#6853);
#6852 = CARTESIAN_POINT('',(1.5,0.7,-0.25));
#6853 = VECTOR('',#6854,1.);
#6854 = DIRECTION('',(0.,0.,-1.));
#6855 = PLANE('',#6856);
#6856 = AXIS2_PLACEMENT_3D('',#6857,#6858,#6859);
#6857 = CARTESIAN_POINT('',(1.5,0.29,0.));
#6858 = DIRECTION('',(1.,0.,0.));
#6859 = DIRECTION('',(-0.,1.,0.));
#6860 = ADVANCED_FACE('',(#6861,#6886,#6902,#6936,#6970,#7004),#7020,.F.
  );
#6861 = FACE_BOUND('',#6862,.T.);
#6862 = EDGE_LOOP('',(#6863,#6873,#6879,#6880));
#6863 = ORIENTED_EDGE('',*,*,#6864,.T.);
#6864 = EDGE_CURVE('',#6865,#6867,#6869,.T.);
#6865 = VERTEX_POINT('',#6866);
#6866 = CARTESIAN_POINT('',(-1.5,0.7,-0.25));
#6867 = VERTEX_POINT('',#6868);
#6868 = CARTESIAN_POINT('',(-1.5,0.7,-1.58));
#6869 = LINE('',#6870,#6871);
#6870 = CARTESIAN_POINT('',(-1.5,0.7,-0.25));
#6871 = VECTOR('',#6872,1.);
#6872 = DIRECTION('',(0.,0.,-1.));
#6873 = ORIENTED_EDGE('',*,*,#6874,.F.);
#6874 = EDGE_CURVE('',#6820,#6867,#6875,.T.);
#6875 = LINE('',#6876,#6877);
#6876 = CARTESIAN_POINT('',(1.5,0.7,-1.58));
#6877 = VECTOR('',#6878,1.);
#6878 = DIRECTION('',(-1.,0.,0.));
#6879 = ORIENTED_EDGE('',*,*,#6850,.F.);
#6880 = ORIENTED_EDGE('',*,*,#6881,.T.);
#6881 = EDGE_CURVE('',#6843,#6865,#6882,.T.);
#6882 = LINE('',#6883,#6884);
#6883 = CARTESIAN_POINT('',(1.5,0.7,-0.25));
#6884 = VECTOR('',#6885,1.);
#6885 = DIRECTION('',(-1.,0.,0.));
#6886 = FACE_BOUND('',#6887,.T.);
#6887 = EDGE_LOOP('',(#6888,#6894,#6895,#6901));
#6888 = ORIENTED_EDGE('',*,*,#6889,.T.);
#6889 = EDGE_CURVE('',#4149,#3849,#6890,.T.);
#6890 = LINE('',#6891,#6892);
#6891 = CARTESIAN_POINT('',(0.925,0.7,-0.427294077388));
#6892 = VECTOR('',#6893,1.);
#6893 = DIRECTION('',(1.,0.,0.));
#6894 = ORIENTED_EDGE('',*,*,#3884,.F.);
#6895 = ORIENTED_EDGE('',*,*,#6896,.F.);
#6896 = EDGE_CURVE('',#4123,#3876,#6897,.T.);
#6897 = LINE('',#6898,#6899);
#6898 = CARTESIAN_POINT('',(0.925,0.7,-0.663455092367));
#6899 = VECTOR('',#6900,1.);
#6900 = DIRECTION('',(1.,0.,0.));
#6901 = ORIENTED_EDGE('',*,*,#4156,.T.);
#6902 = FACE_BOUND('',#6903,.T.);
#6903 = EDGE_LOOP('',(#6904,#6914,#6922,#6930));
#6904 = ORIENTED_EDGE('',*,*,#6905,.T.);
#6905 = EDGE_CURVE('',#6906,#6908,#6910,.T.);
#6906 = VERTEX_POINT('',#6907);
#6907 = CARTESIAN_POINT('',(0.425,0.7,-0.427294077388));
#6908 = VERTEX_POINT('',#6909);
#6909 = CARTESIAN_POINT('',(0.575,0.7,-0.427294077388));
#6910 = LINE('',#6911,#6912);
#6911 = CARTESIAN_POINT('',(0.425,0.7,-0.427294077388));
#6912 = VECTOR('',#6913,1.);
#6913 = DIRECTION('',(1.,0.,0.));
#6914 = ORIENTED_EDGE('',*,*,#6915,.F.);
#6915 = EDGE_CURVE('',#6916,#6908,#6918,.T.);
#6916 = VERTEX_POINT('',#6917);
#6917 = CARTESIAN_POINT('',(0.575,0.7,-0.663455092367));
#6918 = LINE('',#6919,#6920);
#6919 = CARTESIAN_POINT('',(0.575,0.7,-0.663455092367));
#6920 = VECTOR('',#6921,1.);
#6921 = DIRECTION('',(0.,0.,1.));
#6922 = ORIENTED_EDGE('',*,*,#6923,.F.);
#6923 = EDGE_CURVE('',#6924,#6916,#6926,.T.);
#6924 = VERTEX_POINT('',#6925);
#6925 = CARTESIAN_POINT('',(0.425,0.7,-0.663455092367));
#6926 = LINE('',#6927,#6928);
#6927 = CARTESIAN_POINT('',(0.425,0.7,-0.663455092367));
#6928 = VECTOR('',#6929,1.);
#6929 = DIRECTION('',(1.,0.,0.));
#6930 = ORIENTED_EDGE('',*,*,#6931,.T.);
#6931 = EDGE_CURVE('',#6924,#6906,#6932,.T.);
#6932 = LINE('',#6933,#6934);
#6933 = CARTESIAN_POINT('',(0.425,0.7,-0.663455092367));
#6934 = VECTOR('',#6935,1.);
#6935 = DIRECTION('',(0.,0.,1.));
#6936 = FACE_BOUND('',#6937,.T.);
#6937 = EDGE_LOOP('',(#6938,#6948,#6956,#6964));
#6938 = ORIENTED_EDGE('',*,*,#6939,.T.);
#6939 = EDGE_CURVE('',#6940,#6942,#6944,.T.);
#6940 = VERTEX_POINT('',#6941);
#6941 = CARTESIAN_POINT('',(-7.5E-02,0.7,-0.427294077388));
#6942 = VERTEX_POINT('',#6943);
#6943 = CARTESIAN_POINT('',(7.5E-02,0.7,-0.427294077388));
#6944 = LINE('',#6945,#6946);
#6945 = CARTESIAN_POINT('',(-7.5E-02,0.7,-0.427294077388));
#6946 = VECTOR('',#6947,1.);
#6947 = DIRECTION('',(1.,0.,0.));
#6948 = ORIENTED_EDGE('',*,*,#6949,.F.);
#6949 = EDGE_CURVE('',#6950,#6942,#6952,.T.);
#6950 = VERTEX_POINT('',#6951);
#6951 = CARTESIAN_POINT('',(7.5E-02,0.7,-0.663455092367));
#6952 = LINE('',#6953,#6954);
#6953 = CARTESIAN_POINT('',(7.5E-02,0.7,-0.663455092367));
#6954 = VECTOR('',#6955,1.);
#6955 = DIRECTION('',(0.,0.,1.));
#6956 = ORIENTED_EDGE('',*,*,#6957,.F.);
#6957 = EDGE_CURVE('',#6958,#6950,#6960,.T.);
#6958 = VERTEX_POINT('',#6959);
#6959 = CARTESIAN_POINT('',(-7.5E-02,0.7,-0.663455092367));
#6960 = LINE('',#6961,#6962);
#6961 = CARTESIAN_POINT('',(-7.5E-02,0.7,-0.663455092367));
#6962 = VECTOR('',#6963,1.);
#6963 = DIRECTION('',(1.,0.,0.));
#6964 = ORIENTED_EDGE('',*,*,#6965,.T.);
#6965 = EDGE_CURVE('',#6958,#6940,#6966,.T.);
#6966 = LINE('',#6967,#6968);
#6967 = CARTESIAN_POINT('',(-7.5E-02,0.7,-0.663455092367));
#6968 = VECTOR('',#6969,1.);
#6969 = DIRECTION('',(0.,0.,1.));
#6970 = FACE_BOUND('',#6971,.T.);
#6971 = EDGE_LOOP('',(#6972,#6982,#6990,#6998));
#6972 = ORIENTED_EDGE('',*,*,#6973,.T.);
#6973 = EDGE_CURVE('',#6974,#6976,#6978,.T.);
#6974 = VERTEX_POINT('',#6975);
#6975 = CARTESIAN_POINT('',(-0.575,0.7,-0.427294077388));
#6976 = VERTEX_POINT('',#6977);
#6977 = CARTESIAN_POINT('',(-0.425,0.7,-0.427294077388));
#6978 = LINE('',#6979,#6980);
#6979 = CARTESIAN_POINT('',(-0.575,0.7,-0.427294077388));
#6980 = VECTOR('',#6981,1.);
#6981 = DIRECTION('',(1.,0.,0.));
#6982 = ORIENTED_EDGE('',*,*,#6983,.F.);
#6983 = EDGE_CURVE('',#6984,#6976,#6986,.T.);
#6984 = VERTEX_POINT('',#6985);
#6985 = CARTESIAN_POINT('',(-0.425,0.7,-0.663455092367));
#6986 = LINE('',#6987,#6988);
#6987 = CARTESIAN_POINT('',(-0.425,0.7,-0.663455092367));
#6988 = VECTOR('',#6989,1.);
#6989 = DIRECTION('',(0.,0.,1.));
#6990 = ORIENTED_EDGE('',*,*,#6991,.F.);
#6991 = EDGE_CURVE('',#6992,#6984,#6994,.T.);
#6992 = VERTEX_POINT('',#6993);
#6993 = CARTESIAN_POINT('',(-0.575,0.7,-0.663455092367));
#6994 = LINE('',#6995,#6996);
#6995 = CARTESIAN_POINT('',(-0.575,0.7,-0.663455092367));
#6996 = VECTOR('',#6997,1.);
#6997 = DIRECTION('',(1.,0.,0.));
#6998 = ORIENTED_EDGE('',*,*,#6999,.T.);
#6999 = EDGE_CURVE('',#6992,#6974,#7000,.T.);
#7000 = LINE('',#7001,#7002);
#7001 = CARTESIAN_POINT('',(-0.575,0.7,-0.663455092367));
#7002 = VECTOR('',#7003,1.);
#7003 = DIRECTION('',(0.,0.,1.));
#7004 = FACE_BOUND('',#7005,.T.);
#7005 = EDGE_LOOP('',(#7006,#7012,#7013,#7019));
#7006 = ORIENTED_EDGE('',*,*,#7007,.T.);
#7007 = EDGE_CURVE('',#2866,#3095,#7008,.T.);
#7008 = LINE('',#7009,#7010);
#7009 = CARTESIAN_POINT('',(-1.075,0.7,-0.427294077388));
#7010 = VECTOR('',#7011,1.);
#7011 = DIRECTION('',(1.,0.,0.));
#7012 = ORIENTED_EDGE('',*,*,#3130,.F.);
#7013 = ORIENTED_EDGE('',*,*,#7014,.F.);
#7014 = EDGE_CURVE('',#2840,#3122,#7015,.T.);
#7015 = LINE('',#7016,#7017);
#7016 = CARTESIAN_POINT('',(-1.075,0.7,-0.663455092367));
#7017 = VECTOR('',#7018,1.);
#7018 = DIRECTION('',(1.,0.,0.));
#7019 = ORIENTED_EDGE('',*,*,#2873,.T.);
#7020 = PLANE('',#7021);
#7021 = AXIS2_PLACEMENT_3D('',#7022,#7023,#7024);
#7022 = CARTESIAN_POINT('',(1.5,0.7,0.));
#7023 = DIRECTION('',(-0.,1.,0.));
#7024 = DIRECTION('',(1.,0.,0.));
#7025 = ADVANCED_FACE('',(#7026),#7060,.T.);
#7026 = FACE_BOUND('',#7027,.T.);
#7027 = EDGE_LOOP('',(#7028,#7029,#7030,#7038,#7046,#7052,#7053,#7054));
#7028 = ORIENTED_EDGE('',*,*,#6698,.F.);
#7029 = ORIENTED_EDGE('',*,*,#6218,.F.);
#7030 = ORIENTED_EDGE('',*,*,#7031,.T.);
#7031 = EDGE_CURVE('',#6211,#7032,#7034,.T.);
#7032 = VERTEX_POINT('',#7033);
#7033 = CARTESIAN_POINT('',(-1.7,0.9,-0.25));
#7034 = LINE('',#7035,#7036);
#7035 = CARTESIAN_POINT('',(-1.7,1.,-0.25));
#7036 = VECTOR('',#7037,1.);
#7037 = DIRECTION('',(0.,-1.,0.));
#7038 = ORIENTED_EDGE('',*,*,#7039,.T.);
#7039 = EDGE_CURVE('',#7032,#7040,#7042,.T.);
#7040 = VERTEX_POINT('',#7041);
#7041 = CARTESIAN_POINT('',(-1.5,0.9,-0.25));
#7042 = LINE('',#7043,#7044);
#7043 = CARTESIAN_POINT('',(-1.7,0.9,-0.25));
#7044 = VECTOR('',#7045,1.);
#7045 = DIRECTION('',(1.,0.,0.));
#7046 = ORIENTED_EDGE('',*,*,#7047,.T.);
#7047 = EDGE_CURVE('',#7040,#6865,#7048,.T.);
#7048 = LINE('',#7049,#7050);
#7049 = CARTESIAN_POINT('',(-1.5,0.9,-0.25));
#7050 = VECTOR('',#7051,1.);
#7051 = DIRECTION('',(0.,-1.,0.));
#7052 = ORIENTED_EDGE('',*,*,#6881,.F.);
#7053 = ORIENTED_EDGE('',*,*,#6842,.T.);
#7054 = ORIENTED_EDGE('',*,*,#7055,.T.);
#7055 = EDGE_CURVE('',#6835,#6699,#7056,.T.);
#7056 = LINE('',#7057,#7058);
#7057 = CARTESIAN_POINT('',(1.5,0.9,-0.25));
#7058 = VECTOR('',#7059,1.);
#7059 = DIRECTION('',(1.,0.,0.));
#7060 = PLANE('',#7061);
#7061 = AXIS2_PLACEMENT_3D('',#7062,#7063,#7064);
#7062 = CARTESIAN_POINT('',(-2.1,1.,-0.25));
#7063 = DIRECTION('',(0.,0.,1.));
#7064 = DIRECTION('',(1.,0.,-0.));
#7065 = ADVANCED_FACE('',(#7066),#7072,.T.);
#7066 = FACE_BOUND('',#7067,.T.);
#7067 = EDGE_LOOP('',(#7068,#7069,#7070,#7071));
#7068 = ORIENTED_EDGE('',*,*,#6795,.T.);
#7069 = ORIENTED_EDGE('',*,*,#6706,.F.);
#7070 = ORIENTED_EDGE('',*,*,#7055,.F.);
#7071 = ORIENTED_EDGE('',*,*,#6834,.T.);
#7072 = PLANE('',#7073);
#7073 = AXIS2_PLACEMENT_3D('',#7074,#7075,#7076);
#7074 = CARTESIAN_POINT('',(-2.1,0.9,-0.25));
#7075 = DIRECTION('',(-0.,1.,0.));
#7076 = DIRECTION('',(1.,0.,0.));
#7077 = ADVANCED_FACE('',(#7078),#7094,.T.);
#7078 = FACE_BOUND('',#7079,.T.);
#7079 = EDGE_LOOP('',(#7080,#7081,#7087,#7088));
#7080 = ORIENTED_EDGE('',*,*,#7039,.F.);
#7081 = ORIENTED_EDGE('',*,*,#7082,.T.);
#7082 = EDGE_CURVE('',#7032,#6748,#7083,.T.);
#7083 = LINE('',#7084,#7085);
#7084 = CARTESIAN_POINT('',(-1.7,0.9,-0.25));
#7085 = VECTOR('',#7086,1.);
#7086 = DIRECTION('',(0.,0.,1.));
#7087 = ORIENTED_EDGE('',*,*,#6747,.T.);
#7088 = ORIENTED_EDGE('',*,*,#7089,.F.);
#7089 = EDGE_CURVE('',#7040,#6740,#7090,.T.);
#7090 = LINE('',#7091,#7092);
#7091 = CARTESIAN_POINT('',(-1.5,0.9,-0.25));
#7092 = VECTOR('',#7093,1.);
#7093 = DIRECTION('',(0.,0.,1.));
#7094 = PLANE('',#7095);
#7095 = AXIS2_PLACEMENT_3D('',#7096,#7097,#7098);
#7096 = CARTESIAN_POINT('',(-2.1,0.9,-0.25));
#7097 = DIRECTION('',(-0.,1.,0.));
#7098 = DIRECTION('',(1.,0.,0.));
#7099 = ADVANCED_FACE('',(#7100),#7120,.F.);
#7100 = FACE_BOUND('',#7101,.T.);
#7101 = EDGE_LOOP('',(#7102,#7110,#7116,#7117,#7118,#7119));
#7102 = ORIENTED_EDGE('',*,*,#7103,.T.);
#7103 = EDGE_CURVE('',#6730,#7104,#7106,.T.);
#7104 = VERTEX_POINT('',#7105);
#7105 = CARTESIAN_POINT('',(-1.5,0.29,-1.58));
#7106 = LINE('',#7107,#7108);
#7107 = CARTESIAN_POINT('',(-1.5,0.29,0.));
#7108 = VECTOR('',#7109,1.);
#7109 = DIRECTION('',(0.,0.,-1.));
#7110 = ORIENTED_EDGE('',*,*,#7111,.F.);
#7111 = EDGE_CURVE('',#6867,#7104,#7112,.T.);
#7112 = LINE('',#7113,#7114);
#7113 = CARTESIAN_POINT('',(-1.5,0.7,-1.58));
#7114 = VECTOR('',#7115,1.);
#7115 = DIRECTION('',(0.,-1.,0.));
#7116 = ORIENTED_EDGE('',*,*,#6864,.F.);
#7117 = ORIENTED_EDGE('',*,*,#7047,.F.);
#7118 = ORIENTED_EDGE('',*,*,#7089,.T.);
#7119 = ORIENTED_EDGE('',*,*,#6739,.F.);
#7120 = PLANE('',#7121);
#7121 = AXIS2_PLACEMENT_3D('',#7122,#7123,#7124);
#7122 = CARTESIAN_POINT('',(-1.5,0.7,0.));
#7123 = DIRECTION('',(-1.,0.,0.));
#7124 = DIRECTION('',(0.,0.,1.));
#7125 = ADVANCED_FACE('',(#7126),#7137,.T.);
#7126 = FACE_BOUND('',#7127,.T.);
#7127 = EDGE_LOOP('',(#7128,#7129,#7135,#7136));
#7128 = ORIENTED_EDGE('',*,*,#7111,.T.);
#7129 = ORIENTED_EDGE('',*,*,#7130,.T.);
#7130 = EDGE_CURVE('',#7104,#6818,#7131,.T.);
#7131 = LINE('',#7132,#7133);
#7132 = CARTESIAN_POINT('',(-1.5,0.29,-1.58));
#7133 = VECTOR('',#7134,1.);
#7134 = DIRECTION('',(1.,0.,0.));
#7135 = ORIENTED_EDGE('',*,*,#6817,.T.);
#7136 = ORIENTED_EDGE('',*,*,#6874,.T.);
#7137 = PLANE('',#7138);
#7138 = AXIS2_PLACEMENT_3D('',#7139,#7140,#7141);
#7139 = CARTESIAN_POINT('',(0.,0.,-1.58));
#7140 = DIRECTION('',(0.,0.,1.));
#7141 = DIRECTION('',(1.,0.,-0.));
#7142 = ADVANCED_FACE('',(#7143,#7149,#7165,#7199,#7233,#7267),#7283,.F.
  );
#7143 = FACE_BOUND('',#7144,.T.);
#7144 = EDGE_LOOP('',(#7145,#7146,#7147,#7148));
#7145 = ORIENTED_EDGE('',*,*,#6827,.T.);
#7146 = ORIENTED_EDGE('',*,*,#7130,.F.);
#7147 = ORIENTED_EDGE('',*,*,#7103,.F.);
#7148 = ORIENTED_EDGE('',*,*,#6729,.T.);
#7149 = FACE_BOUND('',#7150,.T.);
#7150 = EDGE_LOOP('',(#7151,#7157,#7158,#7164));
#7151 = ORIENTED_EDGE('',*,*,#7152,.T.);
#7152 = EDGE_CURVE('',#4080,#3827,#7153,.T.);
#7153 = LINE('',#7154,#7155);
#7154 = CARTESIAN_POINT('',(0.925,0.29,-0.648998284197));
#7155 = VECTOR('',#7156,1.);
#7156 = DIRECTION('',(1.,0.,0.));
#7157 = ORIENTED_EDGE('',*,*,#3826,.T.);
#7158 = ORIENTED_EDGE('',*,*,#7159,.F.);
#7159 = EDGE_CURVE('',#4082,#3819,#7160,.T.);
#7160 = LINE('',#7161,#7162);
#7161 = CARTESIAN_POINT('',(0.925,0.29,-0.465128986034));
#7162 = VECTOR('',#7163,1.);
#7163 = DIRECTION('',(1.,0.,0.));
#7164 = ORIENTED_EDGE('',*,*,#4079,.F.);
#7165 = FACE_BOUND('',#7166,.T.);
#7166 = EDGE_LOOP('',(#7167,#7177,#7185,#7193));
#7167 = ORIENTED_EDGE('',*,*,#7168,.T.);
#7168 = EDGE_CURVE('',#7169,#7171,#7173,.T.);
#7169 = VERTEX_POINT('',#7170);
#7170 = CARTESIAN_POINT('',(0.425,0.29,-0.648998284197));
#7171 = VERTEX_POINT('',#7172);
#7172 = CARTESIAN_POINT('',(0.575,0.29,-0.648998284197));
#7173 = LINE('',#7174,#7175);
#7174 = CARTESIAN_POINT('',(0.425,0.29,-0.648998284197));
#7175 = VECTOR('',#7176,1.);
#7176 = DIRECTION('',(1.,0.,0.));
#7177 = ORIENTED_EDGE('',*,*,#7178,.T.);
#7178 = EDGE_CURVE('',#7171,#7179,#7181,.T.);
#7179 = VERTEX_POINT('',#7180);
#7180 = CARTESIAN_POINT('',(0.575,0.29,-0.465128986034));
#7181 = LINE('',#7182,#7183);
#7182 = CARTESIAN_POINT('',(0.575,0.29,-0.648998284197));
#7183 = VECTOR('',#7184,1.);
#7184 = DIRECTION('',(0.,0.,1.));
#7185 = ORIENTED_EDGE('',*,*,#7186,.F.);
#7186 = EDGE_CURVE('',#7187,#7179,#7189,.T.);
#7187 = VERTEX_POINT('',#7188);
#7188 = CARTESIAN_POINT('',(0.425,0.29,-0.465128986034));
#7189 = LINE('',#7190,#7191);
#7190 = CARTESIAN_POINT('',(0.425,0.29,-0.465128986034));
#7191 = VECTOR('',#7192,1.);
#7192 = DIRECTION('',(1.,0.,0.));
#7193 = ORIENTED_EDGE('',*,*,#7194,.F.);
#7194 = EDGE_CURVE('',#7169,#7187,#7195,.T.);
#7195 = LINE('',#7196,#7197);
#7196 = CARTESIAN_POINT('',(0.425,0.29,-0.648998284197));
#7197 = VECTOR('',#7198,1.);
#7198 = DIRECTION('',(0.,0.,1.));
#7199 = FACE_BOUND('',#7200,.T.);
#7200 = EDGE_LOOP('',(#7201,#7211,#7219,#7227));
#7201 = ORIENTED_EDGE('',*,*,#7202,.T.);
#7202 = EDGE_CURVE('',#7203,#7205,#7207,.T.);
#7203 = VERTEX_POINT('',#7204);
#7204 = CARTESIAN_POINT('',(-7.5E-02,0.29,-0.648998284197));
#7205 = VERTEX_POINT('',#7206);
#7206 = CARTESIAN_POINT('',(7.5E-02,0.29,-0.648998284197));
#7207 = LINE('',#7208,#7209);
#7208 = CARTESIAN_POINT('',(-7.5E-02,0.29,-0.648998284197));
#7209 = VECTOR('',#7210,1.);
#7210 = DIRECTION('',(1.,0.,0.));
#7211 = ORIENTED_EDGE('',*,*,#7212,.T.);
#7212 = EDGE_CURVE('',#7205,#7213,#7215,.T.);
#7213 = VERTEX_POINT('',#7214);
#7214 = CARTESIAN_POINT('',(7.5E-02,0.29,-0.465128986034));
#7215 = LINE('',#7216,#7217);
#7216 = CARTESIAN_POINT('',(7.5E-02,0.29,-0.648998284197));
#7217 = VECTOR('',#7218,1.);
#7218 = DIRECTION('',(0.,0.,1.));
#7219 = ORIENTED_EDGE('',*,*,#7220,.F.);
#7220 = EDGE_CURVE('',#7221,#7213,#7223,.T.);
#7221 = VERTEX_POINT('',#7222);
#7222 = CARTESIAN_POINT('',(-7.5E-02,0.29,-0.465128986034));
#7223 = LINE('',#7224,#7225);
#7224 = CARTESIAN_POINT('',(-7.5E-02,0.29,-0.465128986034));
#7225 = VECTOR('',#7226,1.);
#7226 = DIRECTION('',(1.,0.,0.));
#7227 = ORIENTED_EDGE('',*,*,#7228,.F.);
#7228 = EDGE_CURVE('',#7203,#7221,#7229,.T.);
#7229 = LINE('',#7230,#7231);
#7230 = CARTESIAN_POINT('',(-7.5E-02,0.29,-0.648998284197));
#7231 = VECTOR('',#7232,1.);
#7232 = DIRECTION('',(0.,0.,1.));
#7233 = FACE_BOUND('',#7234,.T.);
#7234 = EDGE_LOOP('',(#7235,#7245,#7253,#7261));
#7235 = ORIENTED_EDGE('',*,*,#7236,.T.);
#7236 = EDGE_CURVE('',#7237,#7239,#7241,.T.);
#7237 = VERTEX_POINT('',#7238);
#7238 = CARTESIAN_POINT('',(-0.575,0.29,-0.648998284197));
#7239 = VERTEX_POINT('',#7240);
#7240 = CARTESIAN_POINT('',(-0.425,0.29,-0.648998284197));
#7241 = LINE('',#7242,#7243);
#7242 = CARTESIAN_POINT('',(-0.575,0.29,-0.648998284197));
#7243 = VECTOR('',#7244,1.);
#7244 = DIRECTION('',(1.,0.,0.));
#7245 = ORIENTED_EDGE('',*,*,#7246,.T.);
#7246 = EDGE_CURVE('',#7239,#7247,#7249,.T.);
#7247 = VERTEX_POINT('',#7248);
#7248 = CARTESIAN_POINT('',(-0.425,0.29,-0.465128986034));
#7249 = LINE('',#7250,#7251);
#7250 = CARTESIAN_POINT('',(-0.425,0.29,-0.648998284197));
#7251 = VECTOR('',#7252,1.);
#7252 = DIRECTION('',(0.,0.,1.));
#7253 = ORIENTED_EDGE('',*,*,#7254,.F.);
#7254 = EDGE_CURVE('',#7255,#7247,#7257,.T.);
#7255 = VERTEX_POINT('',#7256);
#7256 = CARTESIAN_POINT('',(-0.575,0.29,-0.465128986034));
#7257 = LINE('',#7258,#7259);
#7258 = CARTESIAN_POINT('',(-0.575,0.29,-0.465128986034));
#7259 = VECTOR('',#7260,1.);
#7260 = DIRECTION('',(1.,0.,0.));
#7261 = ORIENTED_EDGE('',*,*,#7262,.F.);
#7262 = EDGE_CURVE('',#7237,#7255,#7263,.T.);
#7263 = LINE('',#7264,#7265);
#7264 = CARTESIAN_POINT('',(-0.575,0.29,-0.648998284197));
#7265 = VECTOR('',#7266,1.);
#7266 = DIRECTION('',(0.,0.,1.));
#7267 = FACE_BOUND('',#7268,.T.);
#7268 = EDGE_LOOP('',(#7269,#7275,#7276,#7282));
#7269 = ORIENTED_EDGE('',*,*,#7270,.T.);
#7270 = EDGE_CURVE('',#2907,#3145,#7271,.T.);
#7271 = LINE('',#7272,#7273);
#7272 = CARTESIAN_POINT('',(-1.075,0.29,-0.648998284197));
#7273 = VECTOR('',#7274,1.);
#7274 = DIRECTION('',(1.,0.,0.));
#7275 = ORIENTED_EDGE('',*,*,#3171,.T.);
#7276 = ORIENTED_EDGE('',*,*,#7277,.F.);
#7277 = EDGE_CURVE('',#2890,#3164,#7278,.T.);
#7278 = LINE('',#7279,#7280);
#7279 = CARTESIAN_POINT('',(-1.075,0.29,-0.465128986034));
#7280 = VECTOR('',#7281,1.);
#7281 = DIRECTION('',(1.,0.,0.));
#7282 = ORIENTED_EDGE('',*,*,#2914,.F.);
#7283 = PLANE('',#7284);
#7284 = AXIS2_PLACEMENT_3D('',#7285,#7286,#7287);
#7285 = CARTESIAN_POINT('',(-1.5,0.29,0.));
#7286 = DIRECTION('',(0.,-1.,0.));
#7287 = DIRECTION('',(0.,0.,-1.));
#7288 = ADVANCED_FACE('',(#7289),#7300,.T.);
#7289 = FACE_BOUND('',#7290,.T.);
#7290 = EDGE_LOOP('',(#7291,#7292,#7293,#7299));
#7291 = ORIENTED_EDGE('',*,*,#7159,.T.);
#7292 = ORIENTED_EDGE('',*,*,#3818,.F.);
#7293 = ORIENTED_EDGE('',*,*,#7294,.F.);
#7294 = EDGE_CURVE('',#4090,#3810,#7295,.T.);
#7295 = LINE('',#7296,#7297);
#7296 = CARTESIAN_POINT('',(0.925,0.344662000977,-0.560036390902));
#7297 = VECTOR('',#7298,1.);
#7298 = DIRECTION('',(1.,0.,0.));
#7299 = ORIENTED_EDGE('',*,*,#4089,.T.);
#7300 = PLANE('',#7301);
#7301 = AXIS2_PLACEMENT_3D('',#7302,#7303,#7304);
#7302 = CARTESIAN_POINT('',(0.925,0.344662000977,-0.560036390902));
#7303 = DIRECTION('',(0.,0.866550024439,0.499090227459));
#7304 = DIRECTION('',(1.,0.,-0.));
#7305 = ADVANCED_FACE('',(#7306),#7317,.T.);
#7306 = FACE_BOUND('',#7307,.T.);
#7307 = EDGE_LOOP('',(#7308,#7309,#7310,#7316));
#7308 = ORIENTED_EDGE('',*,*,#7294,.T.);
#7309 = ORIENTED_EDGE('',*,*,#3807,.F.);
#7310 = ORIENTED_EDGE('',*,*,#7311,.F.);
#7311 = EDGE_CURVE('',#4098,#3808,#7312,.T.);
#7312 = LINE('',#7313,#7314);
#7313 = CARTESIAN_POINT('',(0.925,0.335711504388,-0.610641777725));
#7314 = VECTOR('',#7315,1.);
#7315 = DIRECTION('',(1.,0.,0.));
#7316 = ORIENTED_EDGE('',*,*,#4097,.T.);
#7317 = CYLINDRICAL_SURFACE('',#7318,4.E-02);
#7318 = AXIS2_PLACEMENT_3D('',#7319,#7320,#7321);
#7319 = CARTESIAN_POINT('',(0.925,0.31,-0.58));
#7320 = DIRECTION('',(-1.,0.,-0.));
#7321 = DIRECTION('',(0.,0.,-1.));
#7322 = ADVANCED_FACE('',(#7323),#7329,.T.);
#7323 = FACE_BOUND('',#7324,.T.);
#7324 = EDGE_LOOP('',(#7325,#7326,#7327,#7328));
#7325 = ORIENTED_EDGE('',*,*,#7311,.T.);
#7326 = ORIENTED_EDGE('',*,*,#3834,.F.);
#7327 = ORIENTED_EDGE('',*,*,#7152,.F.);
#7328 = ORIENTED_EDGE('',*,*,#4106,.T.);
#7329 = PLANE('',#7330);
#7330 = AXIS2_PLACEMENT_3D('',#7331,#7332,#7333);
#7331 = CARTESIAN_POINT('',(0.925,0.27,-0.66578027682));
#7332 = DIRECTION('',(0.,0.642787609687,-0.766044443119));
#7333 = DIRECTION('',(-1.,0.,0.));
#7334 = ADVANCED_FACE('',(#7335),#7387,.F.);
#7335 = FACE_BOUND('',#7336,.T.);
#7336 = EDGE_LOOP('',(#7337,#7338,#7339,#7340,#7348,#7356,#7364,#7372,
    #7380,#7386));
#7337 = ORIENTED_EDGE('',*,*,#3336,.T.);
#7338 = ORIENTED_EDGE('',*,*,#3537,.F.);
#7339 = ORIENTED_EDGE('',*,*,#1391,.T.);
#7340 = ORIENTED_EDGE('',*,*,#7341,.F.);
#7341 = EDGE_CURVE('',#7342,#1384,#7344,.T.);
#7342 = VERTEX_POINT('',#7343);
#7343 = CARTESIAN_POINT('',(0.425,0.27,-3.35));
#7344 = LINE('',#7345,#7346);
#7345 = CARTESIAN_POINT('',(0.425,0.27,-3.35));
#7346 = VECTOR('',#7347,1.);
#7347 = DIRECTION('',(0.,0.,1.));
#7348 = ORIENTED_EDGE('',*,*,#7349,.F.);
#7349 = EDGE_CURVE('',#7350,#7342,#7352,.T.);
#7350 = VERTEX_POINT('',#7351);
#7351 = CARTESIAN_POINT('',(0.425,0.17,-3.35));
#7352 = LINE('',#7353,#7354);
#7353 = CARTESIAN_POINT('',(0.425,0.17,-3.35));
#7354 = VECTOR('',#7355,1.);
#7355 = DIRECTION('',(0.,1.,0.));
#7356 = ORIENTED_EDGE('',*,*,#7357,.F.);
#7357 = EDGE_CURVE('',#7358,#7350,#7360,.T.);
#7358 = VERTEX_POINT('',#7359);
#7359 = CARTESIAN_POINT('',(0.425,0.17,-3.55));
#7360 = LINE('',#7361,#7362);
#7361 = CARTESIAN_POINT('',(0.425,0.17,-3.55));
#7362 = VECTOR('',#7363,1.);
#7363 = DIRECTION('',(0.,0.,1.));
#7364 = ORIENTED_EDGE('',*,*,#7365,.F.);
#7365 = EDGE_CURVE('',#7366,#7358,#7368,.T.);
#7366 = VERTEX_POINT('',#7367);
#7367 = CARTESIAN_POINT('',(0.425,-2.E-02,-3.55));
#7368 = LINE('',#7369,#7370);
#7369 = CARTESIAN_POINT('',(0.425,-2.E-02,-3.55));
#7370 = VECTOR('',#7371,1.);
#7371 = DIRECTION('',(0.,1.,0.));
#7372 = ORIENTED_EDGE('',*,*,#7373,.F.);
#7373 = EDGE_CURVE('',#7374,#7366,#7376,.T.);
#7374 = VERTEX_POINT('',#7375);
#7375 = CARTESIAN_POINT('',(0.425,-2.E-02,-3.05));
#7376 = LINE('',#7377,#7378);
#7377 = CARTESIAN_POINT('',(0.425,-2.E-02,-3.05));
#7378 = VECTOR('',#7379,1.);
#7379 = DIRECTION('',(0.,0.,-1.));
#7380 = ORIENTED_EDGE('',*,*,#7381,.F.);
#7381 = EDGE_CURVE('',#2596,#7374,#7382,.T.);
#7382 = LINE('',#7383,#7384);
#7383 = CARTESIAN_POINT('',(0.425,4.E-02,-3.05));
#7384 = VECTOR('',#7385,1.);
#7385 = DIRECTION('',(0.,-1.,0.));
#7386 = ORIENTED_EDGE('',*,*,#2595,.T.);
#7387 = PLANE('',#7388);
#7388 = AXIS2_PLACEMENT_3D('',#7389,#7390,#7391);
#7389 = CARTESIAN_POINT('',(0.425,0.,0.));
#7390 = DIRECTION('',(1.,0.,0.));
#7391 = DIRECTION('',(-0.,1.,0.));
#7392 = ADVANCED_FACE('',(#7393),#7428,.F.);
#7393 = FACE_BOUND('',#7394,.T.);
#7394 = EDGE_LOOP('',(#7395,#7404,#7412,#7421,#7427));
#7395 = ORIENTED_EDGE('',*,*,#7396,.F.);
#7396 = EDGE_CURVE('',#7397,#6924,#7399,.T.);
#7397 = VERTEX_POINT('',#7398);
#7398 = CARTESIAN_POINT('',(0.425,0.685711504387,-0.632813314642));
#7399 = CIRCLE('',#7400,4.E-02);
#7400 = AXIS2_PLACEMENT_3D('',#7401,#7402,#7403);
#7401 = CARTESIAN_POINT('',(0.425,0.66,-0.663455092367));
#7402 = DIRECTION('',(-1.,0.,0.));
#7403 = DIRECTION('',(0.,0.642787609687,0.766044443119));
#7404 = ORIENTED_EDGE('',*,*,#7405,.F.);
#7405 = EDGE_CURVE('',#7406,#7397,#7408,.T.);
#7406 = VERTEX_POINT('',#7407);
#7407 = CARTESIAN_POINT('',(0.425,0.659288495613,-0.610641777725));
#7408 = LINE('',#7409,#7410);
#7409 = CARTESIAN_POINT('',(0.425,0.659288495613,-0.610641777725));
#7410 = VECTOR('',#7411,1.);
#7411 = DIRECTION('',(0.,0.766044443119,-0.642787609687));
#7412 = ORIENTED_EDGE('',*,*,#7413,.F.);
#7413 = EDGE_CURVE('',#7414,#7406,#7416,.T.);
#7414 = VERTEX_POINT('',#7415);
#7415 = CARTESIAN_POINT('',(0.425,0.647587391124,-0.565847378437));
#7416 = CIRCLE('',#7417,4.E-02);
#7417 = AXIS2_PLACEMENT_3D('',#7418,#7419,#7420);
#7418 = CARTESIAN_POINT('',(0.425,0.685,-0.58));
#7419 = DIRECTION('',(1.,0.,0.));
#7420 = DIRECTION('',(0.,-0.935315221896,0.353815539072));
#7421 = ORIENTED_EDGE('',*,*,#7422,.F.);
#7422 = EDGE_CURVE('',#6906,#7414,#7423,.T.);
#7423 = LINE('',#7424,#7425);
#7424 = CARTESIAN_POINT('',(0.425,0.7,-0.427294077388));
#7425 = VECTOR('',#7426,1.);
#7426 = DIRECTION('',(0.,-0.353815539072,-0.935315221896));
#7427 = ORIENTED_EDGE('',*,*,#6931,.F.);
#7428 = PLANE('',#7429);
#7429 = AXIS2_PLACEMENT_3D('',#7430,#7431,#7432);
#7430 = CARTESIAN_POINT('',(0.425,0.,0.));
#7431 = DIRECTION('',(1.,0.,0.));
#7432 = DIRECTION('',(-0.,1.,0.));
#7433 = ADVANCED_FACE('',(#7434),#7460,.F.);
#7434 = FACE_BOUND('',#7435,.T.);
#7435 = EDGE_LOOP('',(#7436,#7444,#7453,#7459));
#7436 = ORIENTED_EDGE('',*,*,#7437,.F.);
#7437 = EDGE_CURVE('',#7438,#7187,#7440,.T.);
#7438 = VERTEX_POINT('',#7439);
#7439 = CARTESIAN_POINT('',(0.425,0.344662000977,-0.560036390902));
#7440 = LINE('',#7441,#7442);
#7441 = CARTESIAN_POINT('',(0.425,0.344662000977,-0.560036390902));
#7442 = VECTOR('',#7443,1.);
#7443 = DIRECTION('',(0.,-0.499090227459,0.866550024439));
#7444 = ORIENTED_EDGE('',*,*,#7445,.F.);
#7445 = EDGE_CURVE('',#7446,#7438,#7448,.T.);
#7446 = VERTEX_POINT('',#7447);
#7447 = CARTESIAN_POINT('',(0.425,0.335711504388,-0.610641777725));
#7448 = CIRCLE('',#7449,4.E-02);
#7449 = AXIS2_PLACEMENT_3D('',#7450,#7451,#7452);
#7450 = CARTESIAN_POINT('',(0.425,0.31,-0.58));
#7451 = DIRECTION('',(1.,0.,0.));
#7452 = DIRECTION('',(0.,0.642787609687,-0.766044443119));
#7453 = ORIENTED_EDGE('',*,*,#7454,.F.);
#7454 = EDGE_CURVE('',#7169,#7446,#7455,.T.);
#7455 = LINE('',#7456,#7457);
#7456 = CARTESIAN_POINT('',(0.425,0.29,-0.648998284197));
#7457 = VECTOR('',#7458,1.);
#7458 = DIRECTION('',(0.,0.766044443119,0.642787609687));
#7459 = ORIENTED_EDGE('',*,*,#7194,.T.);
#7460 = PLANE('',#7461);
#7461 = AXIS2_PLACEMENT_3D('',#7462,#7463,#7464);
#7462 = CARTESIAN_POINT('',(0.425,0.,0.));
#7463 = DIRECTION('',(1.,0.,0.));
#7464 = DIRECTION('',(-0.,1.,0.));
#7465 = ADVANCED_FACE('',(#7466),#7491,.F.);
#7466 = FACE_BOUND('',#7467,.T.);
#7467 = EDGE_LOOP('',(#7468,#7476,#7484,#7490));
#7468 = ORIENTED_EDGE('',*,*,#7469,.F.);
#7469 = EDGE_CURVE('',#7470,#4280,#7472,.T.);
#7470 = VERTEX_POINT('',#7471);
#7471 = CARTESIAN_POINT('',(0.425,0.82,-2.78));
#7472 = LINE('',#7473,#7474);
#7473 = CARTESIAN_POINT('',(0.425,0.82,-2.78));
#7474 = VECTOR('',#7475,1.);
#7475 = DIRECTION('',(0.,8.789381029636E-02,0.996129850025));
#7476 = ORIENTED_EDGE('',*,*,#7477,.F.);
#7477 = EDGE_CURVE('',#7478,#7470,#7480,.T.);
#7478 = VERTEX_POINT('',#7479);
#7479 = CARTESIAN_POINT('',(0.425,0.7,-2.78));
#7480 = LINE('',#7481,#7482);
#7481 = CARTESIAN_POINT('',(0.425,0.7,-2.78));
#7482 = VECTOR('',#7483,1.);
#7483 = DIRECTION('',(0.,1.,0.));
#7484 = ORIENTED_EDGE('',*,*,#7485,.F.);
#7485 = EDGE_CURVE('',#4262,#7478,#7486,.T.);
#7486 = LINE('',#7487,#7488);
#7487 = CARTESIAN_POINT('',(0.425,0.7,-2.716590384437));
#7488 = VECTOR('',#7489,1.);
#7489 = DIRECTION('',(0.,0.,-1.));
#7490 = ORIENTED_EDGE('',*,*,#4287,.T.);
#7491 = PLANE('',#7492);
#7492 = AXIS2_PLACEMENT_3D('',#7493,#7494,#7495);
#7493 = CARTESIAN_POINT('',(0.425,0.,0.));
#7494 = DIRECTION('',(1.,0.,0.));
#7495 = DIRECTION('',(-0.,1.,0.));
#7496 = ADVANCED_FACE('',(#7497),#7521,.F.);
#7497 = FACE_BOUND('',#7498,.T.);
#7498 = EDGE_LOOP('',(#7499,#7505,#7506,#7514,#7520));
#7499 = ORIENTED_EDGE('',*,*,#7500,.F.);
#7500 = EDGE_CURVE('',#1541,#5312,#7501,.T.);
#7501 = LINE('',#7502,#7503);
#7502 = CARTESIAN_POINT('',(0.425,0.7,-1.9));
#7503 = VECTOR('',#7504,1.);
#7504 = DIRECTION('',(0.,0.,-1.));
#7505 = ORIENTED_EDGE('',*,*,#1566,.T.);
#7506 = ORIENTED_EDGE('',*,*,#7507,.F.);
#7507 = EDGE_CURVE('',#7508,#1559,#7510,.T.);
#7508 = VERTEX_POINT('',#7509);
#7509 = CARTESIAN_POINT('',(0.425,0.88,-2.1));
#7510 = LINE('',#7511,#7512);
#7511 = CARTESIAN_POINT('',(0.425,0.88,-2.1));
#7512 = VECTOR('',#7513,1.);
#7513 = DIRECTION('',(0.,0.,1.));
#7514 = ORIENTED_EDGE('',*,*,#7515,.F.);
#7515 = EDGE_CURVE('',#5294,#7508,#7516,.T.);
#7516 = LINE('',#7517,#7518);
#7517 = CARTESIAN_POINT('',(0.425,0.868579769028,-2.229429284355));
#7518 = VECTOR('',#7519,1.);
#7519 = DIRECTION('',(0.,8.789381029636E-02,0.996129850025));
#7520 = ORIENTED_EDGE('',*,*,#5319,.F.);
#7521 = PLANE('',#7522);
#7522 = AXIS2_PLACEMENT_3D('',#7523,#7524,#7525);
#7523 = CARTESIAN_POINT('',(0.425,0.,0.));
#7524 = DIRECTION('',(1.,0.,0.));
#7525 = DIRECTION('',(-0.,1.,0.));
#7526 = ADVANCED_FACE('',(#7527),#7545,.T.);
#7527 = FACE_BOUND('',#7528,.T.);
#7528 = EDGE_LOOP('',(#7529,#7530,#7538,#7544));
#7529 = ORIENTED_EDGE('',*,*,#7381,.T.);
#7530 = ORIENTED_EDGE('',*,*,#7531,.T.);
#7531 = EDGE_CURVE('',#7374,#7532,#7534,.T.);
#7532 = VERTEX_POINT('',#7533);
#7533 = CARTESIAN_POINT('',(0.575,-2.E-02,-3.05));
#7534 = LINE('',#7535,#7536);
#7535 = CARTESIAN_POINT('',(0.425,-2.E-02,-3.05));
#7536 = VECTOR('',#7537,1.);
#7537 = DIRECTION('',(1.,0.,0.));
#7538 = ORIENTED_EDGE('',*,*,#7539,.F.);
#7539 = EDGE_CURVE('',#2604,#7532,#7540,.T.);
#7540 = LINE('',#7541,#7542);
#7541 = CARTESIAN_POINT('',(0.575,4.E-02,-3.05));
#7542 = VECTOR('',#7543,1.);
#7543 = DIRECTION('',(0.,-1.,0.));
#7544 = ORIENTED_EDGE('',*,*,#2603,.F.);
#7545 = PLANE('',#7546);
#7546 = AXIS2_PLACEMENT_3D('',#7547,#7548,#7549);
#7547 = CARTESIAN_POINT('',(0.425,0.13,-3.05));
#7548 = DIRECTION('',(0.,0.,1.));
#7549 = DIRECTION('',(1.,0.,-0.));
#7550 = ADVANCED_FACE('',(#7551),#7596,.T.);
#7551 = FACE_BOUND('',#7552,.T.);
#7552 = EDGE_LOOP('',(#7553,#7554,#7562,#7570,#7578,#7586,#7592,#7593,
    #7594,#7595));
#7553 = ORIENTED_EDGE('',*,*,#7539,.T.);
#7554 = ORIENTED_EDGE('',*,*,#7555,.T.);
#7555 = EDGE_CURVE('',#7532,#7556,#7558,.T.);
#7556 = VERTEX_POINT('',#7557);
#7557 = CARTESIAN_POINT('',(0.575,-2.E-02,-3.55));
#7558 = LINE('',#7559,#7560);
#7559 = CARTESIAN_POINT('',(0.575,-2.E-02,-3.05));
#7560 = VECTOR('',#7561,1.);
#7561 = DIRECTION('',(0.,0.,-1.));
#7562 = ORIENTED_EDGE('',*,*,#7563,.T.);
#7563 = EDGE_CURVE('',#7556,#7564,#7566,.T.);
#7564 = VERTEX_POINT('',#7565);
#7565 = CARTESIAN_POINT('',(0.575,0.17,-3.55));
#7566 = LINE('',#7567,#7568);
#7567 = CARTESIAN_POINT('',(0.575,-2.E-02,-3.55));
#7568 = VECTOR('',#7569,1.);
#7569 = DIRECTION('',(0.,1.,0.));
#7570 = ORIENTED_EDGE('',*,*,#7571,.T.);
#7571 = EDGE_CURVE('',#7564,#7572,#7574,.T.);
#7572 = VERTEX_POINT('',#7573);
#7573 = CARTESIAN_POINT('',(0.575,0.17,-3.35));
#7574 = LINE('',#7575,#7576);
#7575 = CARTESIAN_POINT('',(0.575,0.17,-3.55));
#7576 = VECTOR('',#7577,1.);
#7577 = DIRECTION('',(0.,0.,1.));
#7578 = ORIENTED_EDGE('',*,*,#7579,.T.);
#7579 = EDGE_CURVE('',#7572,#7580,#7582,.T.);
#7580 = VERTEX_POINT('',#7581);
#7581 = CARTESIAN_POINT('',(0.575,0.27,-3.35));
#7582 = LINE('',#7583,#7584);
#7583 = CARTESIAN_POINT('',(0.575,0.17,-3.35));
#7584 = VECTOR('',#7585,1.);
#7585 = DIRECTION('',(0.,1.,0.));
#7586 = ORIENTED_EDGE('',*,*,#7587,.T.);
#7587 = EDGE_CURVE('',#7580,#1376,#7588,.T.);
#7588 = LINE('',#7589,#7590);
#7589 = CARTESIAN_POINT('',(0.575,0.27,-3.35));
#7590 = VECTOR('',#7591,1.);
#7591 = DIRECTION('',(0.,0.,1.));
#7592 = ORIENTED_EDGE('',*,*,#1375,.F.);
#7593 = ORIENTED_EDGE('',*,*,#3522,.T.);
#7594 = ORIENTED_EDGE('',*,*,#3312,.F.);
#7595 = ORIENTED_EDGE('',*,*,#2611,.F.);
#7596 = PLANE('',#7597);
#7597 = AXIS2_PLACEMENT_3D('',#7598,#7599,#7600);
#7598 = CARTESIAN_POINT('',(0.575,0.,0.));
#7599 = DIRECTION('',(1.,0.,0.));
#7600 = DIRECTION('',(-0.,1.,0.));
#7601 = ADVANCED_FACE('',(#7602),#7637,.T.);
#7602 = FACE_BOUND('',#7603,.T.);
#7603 = EDGE_LOOP('',(#7604,#7612,#7621,#7629,#7636));
#7604 = ORIENTED_EDGE('',*,*,#7605,.T.);
#7605 = EDGE_CURVE('',#6908,#7606,#7608,.T.);
#7606 = VERTEX_POINT('',#7607);
#7607 = CARTESIAN_POINT('',(0.575,0.647587391124,-0.565847378437));
#7608 = LINE('',#7609,#7610);
#7609 = CARTESIAN_POINT('',(0.575,0.7,-0.427294077388));
#7610 = VECTOR('',#7611,1.);
#7611 = DIRECTION('',(0.,-0.353815539072,-0.935315221896));
#7612 = ORIENTED_EDGE('',*,*,#7613,.T.);
#7613 = EDGE_CURVE('',#7606,#7614,#7616,.T.);
#7614 = VERTEX_POINT('',#7615);
#7615 = CARTESIAN_POINT('',(0.575,0.659288495613,-0.610641777725));
#7616 = CIRCLE('',#7617,4.E-02);
#7617 = AXIS2_PLACEMENT_3D('',#7618,#7619,#7620);
#7618 = CARTESIAN_POINT('',(0.575,0.685,-0.58));
#7619 = DIRECTION('',(1.,0.,0.));
#7620 = DIRECTION('',(0.,-0.935315221896,0.353815539072));
#7621 = ORIENTED_EDGE('',*,*,#7622,.T.);
#7622 = EDGE_CURVE('',#7614,#7623,#7625,.T.);
#7623 = VERTEX_POINT('',#7624);
#7624 = CARTESIAN_POINT('',(0.575,0.685711504387,-0.632813314642));
#7625 = LINE('',#7626,#7627);
#7626 = CARTESIAN_POINT('',(0.575,0.659288495613,-0.610641777725));
#7627 = VECTOR('',#7628,1.);
#7628 = DIRECTION('',(0.,0.766044443119,-0.642787609687));
#7629 = ORIENTED_EDGE('',*,*,#7630,.T.);
#7630 = EDGE_CURVE('',#7623,#6916,#7631,.T.);
#7631 = CIRCLE('',#7632,4.E-02);
#7632 = AXIS2_PLACEMENT_3D('',#7633,#7634,#7635);
#7633 = CARTESIAN_POINT('',(0.575,0.66,-0.663455092367));
#7634 = DIRECTION('',(-1.,0.,0.));
#7635 = DIRECTION('',(0.,0.642787609687,0.766044443119));
#7636 = ORIENTED_EDGE('',*,*,#6915,.T.);
#7637 = PLANE('',#7638);
#7638 = AXIS2_PLACEMENT_3D('',#7639,#7640,#7641);
#7639 = CARTESIAN_POINT('',(0.575,0.,0.));
#7640 = DIRECTION('',(1.,0.,0.));
#7641 = DIRECTION('',(-0.,1.,0.));
#7642 = ADVANCED_FACE('',(#7643),#7669,.T.);
#7643 = FACE_BOUND('',#7644,.T.);
#7644 = EDGE_LOOP('',(#7645,#7653,#7662,#7668));
#7645 = ORIENTED_EDGE('',*,*,#7646,.T.);
#7646 = EDGE_CURVE('',#7171,#7647,#7649,.T.);
#7647 = VERTEX_POINT('',#7648);
#7648 = CARTESIAN_POINT('',(0.575,0.335711504388,-0.610641777725));
#7649 = LINE('',#7650,#7651);
#7650 = CARTESIAN_POINT('',(0.575,0.29,-0.648998284197));
#7651 = VECTOR('',#7652,1.);
#7652 = DIRECTION('',(0.,0.766044443119,0.642787609687));
#7653 = ORIENTED_EDGE('',*,*,#7654,.T.);
#7654 = EDGE_CURVE('',#7647,#7655,#7657,.T.);
#7655 = VERTEX_POINT('',#7656);
#7656 = CARTESIAN_POINT('',(0.575,0.344662000977,-0.560036390902));
#7657 = CIRCLE('',#7658,4.E-02);
#7658 = AXIS2_PLACEMENT_3D('',#7659,#7660,#7661);
#7659 = CARTESIAN_POINT('',(0.575,0.31,-0.58));
#7660 = DIRECTION('',(1.,0.,0.));
#7661 = DIRECTION('',(0.,0.642787609687,-0.766044443119));
#7662 = ORIENTED_EDGE('',*,*,#7663,.T.);
#7663 = EDGE_CURVE('',#7655,#7179,#7664,.T.);
#7664 = LINE('',#7665,#7666);
#7665 = CARTESIAN_POINT('',(0.575,0.344662000977,-0.560036390902));
#7666 = VECTOR('',#7667,1.);
#7667 = DIRECTION('',(0.,-0.499090227459,0.866550024439));
#7668 = ORIENTED_EDGE('',*,*,#7178,.F.);
#7669 = PLANE('',#7670);
#7670 = AXIS2_PLACEMENT_3D('',#7671,#7672,#7673);
#7671 = CARTESIAN_POINT('',(0.575,0.,0.));
#7672 = DIRECTION('',(1.,0.,0.));
#7673 = DIRECTION('',(-0.,1.,0.));
#7674 = ADVANCED_FACE('',(#7675),#7700,.T.);
#7675 = FACE_BOUND('',#7676,.T.);
#7676 = EDGE_LOOP('',(#7677,#7685,#7693,#7699));
#7677 = ORIENTED_EDGE('',*,*,#7678,.T.);
#7678 = EDGE_CURVE('',#4264,#7679,#7681,.T.);
#7679 = VERTEX_POINT('',#7680);
#7680 = CARTESIAN_POINT('',(0.575,0.7,-2.78));
#7681 = LINE('',#7682,#7683);
#7682 = CARTESIAN_POINT('',(0.575,0.7,-2.716590384437));
#7683 = VECTOR('',#7684,1.);
#7684 = DIRECTION('',(0.,0.,-1.));
#7685 = ORIENTED_EDGE('',*,*,#7686,.T.);
#7686 = EDGE_CURVE('',#7679,#7687,#7689,.T.);
#7687 = VERTEX_POINT('',#7688);
#7688 = CARTESIAN_POINT('',(0.575,0.82,-2.78));
#7689 = LINE('',#7690,#7691);
#7690 = CARTESIAN_POINT('',(0.575,0.7,-2.78));
#7691 = VECTOR('',#7692,1.);
#7692 = DIRECTION('',(0.,1.,0.));
#7693 = ORIENTED_EDGE('',*,*,#7694,.T.);
#7694 = EDGE_CURVE('',#7687,#4272,#7695,.T.);
#7695 = LINE('',#7696,#7697);
#7696 = CARTESIAN_POINT('',(0.575,0.82,-2.78));
#7697 = VECTOR('',#7698,1.);
#7698 = DIRECTION('',(0.,8.789381029636E-02,0.996129850025));
#7699 = ORIENTED_EDGE('',*,*,#4271,.F.);
#7700 = PLANE('',#7701);
#7701 = AXIS2_PLACEMENT_3D('',#7702,#7703,#7704);
#7702 = CARTESIAN_POINT('',(0.575,0.,0.));
#7703 = DIRECTION('',(1.,0.,0.));
#7704 = DIRECTION('',(-0.,1.,0.));
#7705 = ADVANCED_FACE('',(#7706),#7730,.T.);
#7706 = FACE_BOUND('',#7707,.T.);
#7707 = EDGE_LOOP('',(#7708,#7716,#7722,#7723,#7729));
#7708 = ORIENTED_EDGE('',*,*,#7709,.T.);
#7709 = EDGE_CURVE('',#5296,#7710,#7712,.T.);
#7710 = VERTEX_POINT('',#7711);
#7711 = CARTESIAN_POINT('',(0.575,0.88,-2.1));
#7712 = LINE('',#7713,#7714);
#7713 = CARTESIAN_POINT('',(0.575,0.868579769028,-2.229429284355));
#7714 = VECTOR('',#7715,1.);
#7715 = DIRECTION('',(0.,8.789381029636E-02,0.996129850025));
#7716 = ORIENTED_EDGE('',*,*,#7717,.T.);
#7717 = EDGE_CURVE('',#7710,#1551,#7718,.T.);
#7718 = LINE('',#7719,#7720);
#7719 = CARTESIAN_POINT('',(0.575,0.88,-2.1));
#7720 = VECTOR('',#7721,1.);
#7721 = DIRECTION('',(0.,0.,1.));
#7722 = ORIENTED_EDGE('',*,*,#1550,.F.);
#7723 = ORIENTED_EDGE('',*,*,#7724,.T.);
#7724 = EDGE_CURVE('',#1543,#5304,#7725,.T.);
#7725 = LINE('',#7726,#7727);
#7726 = CARTESIAN_POINT('',(0.575,0.7,-1.9));
#7727 = VECTOR('',#7728,1.);
#7728 = DIRECTION('',(0.,0.,-1.));
#7729 = ORIENTED_EDGE('',*,*,#5303,.T.);
#7730 = PLANE('',#7731);
#7731 = AXIS2_PLACEMENT_3D('',#7732,#7733,#7734);
#7732 = CARTESIAN_POINT('',(0.575,0.,0.));
#7733 = DIRECTION('',(1.,0.,0.));
#7734 = DIRECTION('',(-0.,1.,0.));
#7735 = ADVANCED_FACE('',(#7736),#7747,.T.);
#7736 = FACE_BOUND('',#7737,.T.);
#7737 = EDGE_LOOP('',(#7738,#7739,#7745,#7746));
#7738 = ORIENTED_EDGE('',*,*,#7587,.F.);
#7739 = ORIENTED_EDGE('',*,*,#7740,.F.);
#7740 = EDGE_CURVE('',#7342,#7580,#7741,.T.);
#7741 = LINE('',#7742,#7743);
#7742 = CARTESIAN_POINT('',(0.425,0.27,-3.35));
#7743 = VECTOR('',#7744,1.);
#7744 = DIRECTION('',(1.,0.,0.));
#7745 = ORIENTED_EDGE('',*,*,#7341,.T.);
#7746 = ORIENTED_EDGE('',*,*,#1383,.T.);
#7747 = PLANE('',#7748);
#7748 = AXIS2_PLACEMENT_3D('',#7749,#7750,#7751);
#7749 = CARTESIAN_POINT('',(0.425,0.27,-3.35));
#7750 = DIRECTION('',(-0.,1.,0.));
#7751 = DIRECTION('',(1.,0.,0.));
#7752 = ADVANCED_FACE('',(#7753),#7764,.T.);
#7753 = FACE_BOUND('',#7754,.T.);
#7754 = EDGE_LOOP('',(#7755,#7756,#7757,#7763));
#7755 = ORIENTED_EDGE('',*,*,#7740,.T.);
#7756 = ORIENTED_EDGE('',*,*,#7579,.F.);
#7757 = ORIENTED_EDGE('',*,*,#7758,.F.);
#7758 = EDGE_CURVE('',#7350,#7572,#7759,.T.);
#7759 = LINE('',#7760,#7761);
#7760 = CARTESIAN_POINT('',(0.425,0.17,-3.35));
#7761 = VECTOR('',#7762,1.);
#7762 = DIRECTION('',(1.,0.,0.));
#7763 = ORIENTED_EDGE('',*,*,#7349,.T.);
#7764 = PLANE('',#7765);
#7765 = AXIS2_PLACEMENT_3D('',#7766,#7767,#7768);
#7766 = CARTESIAN_POINT('',(0.425,0.17,-3.35));
#7767 = DIRECTION('',(0.,0.,-1.));
#7768 = DIRECTION('',(0.,-1.,0.));
#7769 = ADVANCED_FACE('',(#7770),#7781,.T.);
#7770 = FACE_BOUND('',#7771,.T.);
#7771 = EDGE_LOOP('',(#7772,#7773,#7774,#7780));
#7772 = ORIENTED_EDGE('',*,*,#7758,.T.);
#7773 = ORIENTED_EDGE('',*,*,#7571,.F.);
#7774 = ORIENTED_EDGE('',*,*,#7775,.F.);
#7775 = EDGE_CURVE('',#7358,#7564,#7776,.T.);
#7776 = LINE('',#7777,#7778);
#7777 = CARTESIAN_POINT('',(0.425,0.17,-3.55));
#7778 = VECTOR('',#7779,1.);
#7779 = DIRECTION('',(1.,0.,0.));
#7780 = ORIENTED_EDGE('',*,*,#7357,.T.);
#7781 = PLANE('',#7782);
#7782 = AXIS2_PLACEMENT_3D('',#7783,#7784,#7785);
#7783 = CARTESIAN_POINT('',(0.425,0.17,-3.55));
#7784 = DIRECTION('',(-0.,1.,0.));
#7785 = DIRECTION('',(1.,0.,0.));
#7786 = ADVANCED_FACE('',(#7787),#7798,.T.);
#7787 = FACE_BOUND('',#7788,.T.);
#7788 = EDGE_LOOP('',(#7789,#7790,#7791,#7797));
#7789 = ORIENTED_EDGE('',*,*,#7775,.T.);
#7790 = ORIENTED_EDGE('',*,*,#7563,.F.);
#7791 = ORIENTED_EDGE('',*,*,#7792,.F.);
#7792 = EDGE_CURVE('',#7366,#7556,#7793,.T.);
#7793 = LINE('',#7794,#7795);
#7794 = CARTESIAN_POINT('',(0.425,-2.E-02,-3.55));
#7795 = VECTOR('',#7796,1.);
#7796 = DIRECTION('',(1.,0.,0.));
#7797 = ORIENTED_EDGE('',*,*,#7365,.T.);
#7798 = PLANE('',#7799);
#7799 = AXIS2_PLACEMENT_3D('',#7800,#7801,#7802);
#7800 = CARTESIAN_POINT('',(0.425,-2.E-02,-3.55));
#7801 = DIRECTION('',(0.,0.,-1.));
#7802 = DIRECTION('',(0.,-1.,0.));
#7803 = ADVANCED_FACE('',(#7804),#7810,.T.);
#7804 = FACE_BOUND('',#7805,.T.);
#7805 = EDGE_LOOP('',(#7806,#7807,#7808,#7809));
#7806 = ORIENTED_EDGE('',*,*,#7792,.T.);
#7807 = ORIENTED_EDGE('',*,*,#7555,.F.);
#7808 = ORIENTED_EDGE('',*,*,#7531,.F.);
#7809 = ORIENTED_EDGE('',*,*,#7373,.T.);
#7810 = PLANE('',#7811);
#7811 = AXIS2_PLACEMENT_3D('',#7812,#7813,#7814);
#7812 = CARTESIAN_POINT('',(0.425,-2.E-02,-3.05));
#7813 = DIRECTION('',(0.,-1.,0.));
#7814 = DIRECTION('',(0.,0.,-1.));
#7815 = ADVANCED_FACE('',(#7816),#7827,.F.);
#7816 = FACE_BOUND('',#7817,.F.);
#7817 = EDGE_LOOP('',(#7818,#7819,#7820,#7826));
#7818 = ORIENTED_EDGE('',*,*,#6923,.F.);
#7819 = ORIENTED_EDGE('',*,*,#7396,.F.);
#7820 = ORIENTED_EDGE('',*,*,#7821,.T.);
#7821 = EDGE_CURVE('',#7397,#7623,#7822,.T.);
#7822 = LINE('',#7823,#7824);
#7823 = CARTESIAN_POINT('',(0.425,0.685711504387,-0.632813314642));
#7824 = VECTOR('',#7825,1.);
#7825 = DIRECTION('',(1.,0.,0.));
#7826 = ORIENTED_EDGE('',*,*,#7630,.T.);
#7827 = CYLINDRICAL_SURFACE('',#7828,4.E-02);
#7828 = AXIS2_PLACEMENT_3D('',#7829,#7830,#7831);
#7829 = CARTESIAN_POINT('',(0.425,0.66,-0.663455092367));
#7830 = DIRECTION('',(-1.,0.,-0.));
#7831 = DIRECTION('',(0.,0.,-1.));
#7832 = ADVANCED_FACE('',(#7833),#7844,.T.);
#7833 = FACE_BOUND('',#7834,.T.);
#7834 = EDGE_LOOP('',(#7835,#7836,#7837,#7843));
#7835 = ORIENTED_EDGE('',*,*,#7821,.T.);
#7836 = ORIENTED_EDGE('',*,*,#7622,.F.);
#7837 = ORIENTED_EDGE('',*,*,#7838,.F.);
#7838 = EDGE_CURVE('',#7406,#7614,#7839,.T.);
#7839 = LINE('',#7840,#7841);
#7840 = CARTESIAN_POINT('',(0.425,0.659288495613,-0.610641777725));
#7841 = VECTOR('',#7842,1.);
#7842 = DIRECTION('',(1.,0.,0.));
#7843 = ORIENTED_EDGE('',*,*,#7405,.T.);
#7844 = PLANE('',#7845);
#7845 = AXIS2_PLACEMENT_3D('',#7846,#7847,#7848);
#7846 = CARTESIAN_POINT('',(0.425,0.659288495613,-0.610641777725));
#7847 = DIRECTION('',(0.,-0.642787609687,-0.766044443119));
#7848 = DIRECTION('',(0.,-0.766044443119,0.642787609687));
#7849 = ADVANCED_FACE('',(#7850),#7861,.T.);
#7850 = FACE_BOUND('',#7851,.T.);
#7851 = EDGE_LOOP('',(#7852,#7853,#7854,#7860));
#7852 = ORIENTED_EDGE('',*,*,#7838,.T.);
#7853 = ORIENTED_EDGE('',*,*,#7613,.F.);
#7854 = ORIENTED_EDGE('',*,*,#7855,.F.);
#7855 = EDGE_CURVE('',#7414,#7606,#7856,.T.);
#7856 = LINE('',#7857,#7858);
#7857 = CARTESIAN_POINT('',(0.425,0.647587391124,-0.565847378437));
#7858 = VECTOR('',#7859,1.);
#7859 = DIRECTION('',(1.,0.,0.));
#7860 = ORIENTED_EDGE('',*,*,#7413,.T.);
#7861 = CYLINDRICAL_SURFACE('',#7862,4.E-02);
#7862 = AXIS2_PLACEMENT_3D('',#7863,#7864,#7865);
#7863 = CARTESIAN_POINT('',(0.425,0.685,-0.58));
#7864 = DIRECTION('',(-1.,0.,-0.));
#7865 = DIRECTION('',(0.,0.,-1.));
#7866 = ADVANCED_FACE('',(#7867),#7873,.T.);
#7867 = FACE_BOUND('',#7868,.T.);
#7868 = EDGE_LOOP('',(#7869,#7870,#7871,#7872));
#7869 = ORIENTED_EDGE('',*,*,#7422,.T.);
#7870 = ORIENTED_EDGE('',*,*,#7855,.T.);
#7871 = ORIENTED_EDGE('',*,*,#7605,.F.);
#7872 = ORIENTED_EDGE('',*,*,#6905,.F.);
#7873 = PLANE('',#7874);
#7874 = AXIS2_PLACEMENT_3D('',#7875,#7876,#7877);
#7875 = CARTESIAN_POINT('',(0.425,0.713234238905,-0.392309223046));
#7876 = DIRECTION('',(0.,-0.935315221896,0.353815539072));
#7877 = DIRECTION('',(-1.,0.,0.));
#7878 = ADVANCED_FACE('',(#7879),#7890,.T.);
#7879 = FACE_BOUND('',#7880,.T.);
#7880 = EDGE_LOOP('',(#7881,#7882,#7888,#7889));
#7881 = ORIENTED_EDGE('',*,*,#7663,.F.);
#7882 = ORIENTED_EDGE('',*,*,#7883,.F.);
#7883 = EDGE_CURVE('',#7438,#7655,#7884,.T.);
#7884 = LINE('',#7885,#7886);
#7885 = CARTESIAN_POINT('',(0.425,0.344662000977,-0.560036390902));
#7886 = VECTOR('',#7887,1.);
#7887 = DIRECTION('',(1.,0.,0.));
#7888 = ORIENTED_EDGE('',*,*,#7437,.T.);
#7889 = ORIENTED_EDGE('',*,*,#7186,.T.);
#7890 = PLANE('',#7891);
#7891 = AXIS2_PLACEMENT_3D('',#7892,#7893,#7894);
#7892 = CARTESIAN_POINT('',(0.425,0.344662000977,-0.560036390902));
#7893 = DIRECTION('',(0.,0.866550024439,0.499090227459));
#7894 = DIRECTION('',(1.,0.,-0.));
#7895 = ADVANCED_FACE('',(#7896),#7907,.T.);
#7896 = FACE_BOUND('',#7897,.T.);
#7897 = EDGE_LOOP('',(#7898,#7899,#7900,#7906));
#7898 = ORIENTED_EDGE('',*,*,#7883,.T.);
#7899 = ORIENTED_EDGE('',*,*,#7654,.F.);
#7900 = ORIENTED_EDGE('',*,*,#7901,.F.);
#7901 = EDGE_CURVE('',#7446,#7647,#7902,.T.);
#7902 = LINE('',#7903,#7904);
#7903 = CARTESIAN_POINT('',(0.425,0.335711504388,-0.610641777725));
#7904 = VECTOR('',#7905,1.);
#7905 = DIRECTION('',(1.,0.,0.));
#7906 = ORIENTED_EDGE('',*,*,#7445,.T.);
#7907 = CYLINDRICAL_SURFACE('',#7908,4.E-02);
#7908 = AXIS2_PLACEMENT_3D('',#7909,#7910,#7911);
#7909 = CARTESIAN_POINT('',(0.425,0.31,-0.58));
#7910 = DIRECTION('',(-1.,0.,-0.));
#7911 = DIRECTION('',(0.,0.,-1.));
#7912 = ADVANCED_FACE('',(#7913),#7919,.T.);
#7913 = FACE_BOUND('',#7914,.T.);
#7914 = EDGE_LOOP('',(#7915,#7916,#7917,#7918));
#7915 = ORIENTED_EDGE('',*,*,#7454,.T.);
#7916 = ORIENTED_EDGE('',*,*,#7901,.T.);
#7917 = ORIENTED_EDGE('',*,*,#7646,.F.);
#7918 = ORIENTED_EDGE('',*,*,#7168,.F.);
#7919 = PLANE('',#7920);
#7920 = AXIS2_PLACEMENT_3D('',#7921,#7922,#7923);
#7921 = CARTESIAN_POINT('',(0.425,0.27,-0.66578027682));
#7922 = DIRECTION('',(0.,0.642787609687,-0.766044443119));
#7923 = DIRECTION('',(-1.,0.,0.));
#7924 = ADVANCED_FACE('',(#7925),#7936,.T.);
#7925 = FACE_BOUND('',#7926,.T.);
#7926 = EDGE_LOOP('',(#7927,#7928,#7934,#7935));
#7927 = ORIENTED_EDGE('',*,*,#7694,.F.);
#7928 = ORIENTED_EDGE('',*,*,#7929,.F.);
#7929 = EDGE_CURVE('',#7470,#7687,#7930,.T.);
#7930 = LINE('',#7931,#7932);
#7931 = CARTESIAN_POINT('',(0.425,0.82,-2.78));
#7932 = VECTOR('',#7933,1.);
#7933 = DIRECTION('',(1.,0.,0.));
#7934 = ORIENTED_EDGE('',*,*,#7469,.T.);
#7935 = ORIENTED_EDGE('',*,*,#4279,.T.);
#7936 = PLANE('',#7937);
#7937 = AXIS2_PLACEMENT_3D('',#7938,#7939,#7940);
#7938 = CARTESIAN_POINT('',(0.425,0.82,-2.78));
#7939 = DIRECTION('',(0.,0.996129850025,-8.789381029636E-02));
#7940 = DIRECTION('',(-1.,0.,0.));
#7941 = ADVANCED_FACE('',(#7942),#7953,.T.);
#7942 = FACE_BOUND('',#7943,.T.);
#7943 = EDGE_LOOP('',(#7944,#7945,#7951,#7952));
#7944 = ORIENTED_EDGE('',*,*,#7515,.T.);
#7945 = ORIENTED_EDGE('',*,*,#7946,.T.);
#7946 = EDGE_CURVE('',#7508,#7710,#7947,.T.);
#7947 = LINE('',#7948,#7949);
#7948 = CARTESIAN_POINT('',(0.425,0.88,-2.1));
#7949 = VECTOR('',#7950,1.);
#7950 = DIRECTION('',(1.,0.,0.));
#7951 = ORIENTED_EDGE('',*,*,#7709,.F.);
#7952 = ORIENTED_EDGE('',*,*,#5293,.F.);
#7953 = PLANE('',#7954);
#7954 = AXIS2_PLACEMENT_3D('',#7955,#7956,#7957);
#7955 = CARTESIAN_POINT('',(0.425,0.82,-2.78));
#7956 = DIRECTION('',(0.,0.996129850025,-8.789381029636E-02));
#7957 = DIRECTION('',(-1.,0.,0.));
#7958 = ADVANCED_FACE('',(#7959),#7970,.T.);
#7959 = FACE_BOUND('',#7960,.T.);
#7960 = EDGE_LOOP('',(#7961,#7962,#7963,#7969));
#7961 = ORIENTED_EDGE('',*,*,#7929,.T.);
#7962 = ORIENTED_EDGE('',*,*,#7686,.F.);
#7963 = ORIENTED_EDGE('',*,*,#7964,.F.);
#7964 = EDGE_CURVE('',#7478,#7679,#7965,.T.);
#7965 = LINE('',#7966,#7967);
#7966 = CARTESIAN_POINT('',(0.425,0.7,-2.78));
#7967 = VECTOR('',#7968,1.);
#7968 = DIRECTION('',(1.,0.,0.));
#7969 = ORIENTED_EDGE('',*,*,#7477,.T.);
#7970 = PLANE('',#7971);
#7971 = AXIS2_PLACEMENT_3D('',#7972,#7973,#7974);
#7972 = CARTESIAN_POINT('',(0.425,0.7,-2.78));
#7973 = DIRECTION('',(0.,0.,-1.));
#7974 = DIRECTION('',(0.,-1.,0.));
#7975 = ADVANCED_FACE('',(#7976),#7982,.T.);
#7976 = FACE_BOUND('',#7977,.T.);
#7977 = EDGE_LOOP('',(#7978,#7979,#7980,#7981));
#7978 = ORIENTED_EDGE('',*,*,#7485,.T.);
#7979 = ORIENTED_EDGE('',*,*,#7964,.T.);
#7980 = ORIENTED_EDGE('',*,*,#7678,.F.);
#7981 = ORIENTED_EDGE('',*,*,#4261,.F.);
#7982 = PLANE('',#7983);
#7983 = AXIS2_PLACEMENT_3D('',#7984,#7985,#7986);
#7984 = CARTESIAN_POINT('',(0.425,0.7,-0.663455092367));
#7985 = DIRECTION('',(0.,-1.,0.));
#7986 = DIRECTION('',(0.,0.,-1.));
#7987 = ADVANCED_FACE('',(#7988),#7994,.T.);
#7988 = FACE_BOUND('',#7989,.T.);
#7989 = EDGE_LOOP('',(#7990,#7991,#7992,#7993));
#7990 = ORIENTED_EDGE('',*,*,#7724,.F.);
#7991 = ORIENTED_EDGE('',*,*,#1540,.F.);
#7992 = ORIENTED_EDGE('',*,*,#7500,.T.);
#7993 = ORIENTED_EDGE('',*,*,#5311,.T.);
#7994 = PLANE('',#7995);
#7995 = AXIS2_PLACEMENT_3D('',#7996,#7997,#7998);
#7996 = CARTESIAN_POINT('',(0.425,0.7,-0.663455092367));
#7997 = DIRECTION('',(0.,-1.,0.));
#7998 = DIRECTION('',(0.,0.,-1.));
#7999 = ADVANCED_FACE('',(#8000),#8006,.T.);
#8000 = FACE_BOUND('',#8001,.T.);
#8001 = EDGE_LOOP('',(#8002,#8003,#8004,#8005));
#8002 = ORIENTED_EDGE('',*,*,#1558,.T.);
#8003 = ORIENTED_EDGE('',*,*,#7717,.F.);
#8004 = ORIENTED_EDGE('',*,*,#7946,.F.);
#8005 = ORIENTED_EDGE('',*,*,#7507,.T.);
#8006 = PLANE('',#8007);
#8007 = AXIS2_PLACEMENT_3D('',#8008,#8009,#8010);
#8008 = CARTESIAN_POINT('',(0.425,0.88,-2.1));
#8009 = DIRECTION('',(-0.,1.,0.));
#8010 = DIRECTION('',(1.,0.,0.));
#8011 = ADVANCED_FACE('',(#8012),#8064,.F.);
#8012 = FACE_BOUND('',#8013,.T.);
#8013 = EDGE_LOOP('',(#8014,#8015,#8016,#8017,#8025,#8033,#8041,#8049,
    #8057,#8063));
#8014 = ORIENTED_EDGE('',*,*,#3367,.T.);
#8015 = ORIENTED_EDGE('',*,*,#3559,.F.);
#8016 = ORIENTED_EDGE('',*,*,#1423,.T.);
#8017 = ORIENTED_EDGE('',*,*,#8018,.F.);
#8018 = EDGE_CURVE('',#8019,#1416,#8021,.T.);
#8019 = VERTEX_POINT('',#8020);
#8020 = CARTESIAN_POINT('',(-7.5E-02,0.27,-3.35));
#8021 = LINE('',#8022,#8023);
#8022 = CARTESIAN_POINT('',(-7.5E-02,0.27,-3.35));
#8023 = VECTOR('',#8024,1.);
#8024 = DIRECTION('',(0.,0.,1.));
#8025 = ORIENTED_EDGE('',*,*,#8026,.F.);
#8026 = EDGE_CURVE('',#8027,#8019,#8029,.T.);
#8027 = VERTEX_POINT('',#8028);
#8028 = CARTESIAN_POINT('',(-7.5E-02,0.17,-3.35));
#8029 = LINE('',#8030,#8031);
#8030 = CARTESIAN_POINT('',(-7.5E-02,0.17,-3.35));
#8031 = VECTOR('',#8032,1.);
#8032 = DIRECTION('',(0.,1.,0.));
#8033 = ORIENTED_EDGE('',*,*,#8034,.F.);
#8034 = EDGE_CURVE('',#8035,#8027,#8037,.T.);
#8035 = VERTEX_POINT('',#8036);
#8036 = CARTESIAN_POINT('',(-7.5E-02,0.17,-3.55));
#8037 = LINE('',#8038,#8039);
#8038 = CARTESIAN_POINT('',(-7.5E-02,0.17,-3.55));
#8039 = VECTOR('',#8040,1.);
#8040 = DIRECTION('',(0.,0.,1.));
#8041 = ORIENTED_EDGE('',*,*,#8042,.F.);
#8042 = EDGE_CURVE('',#8043,#8035,#8045,.T.);
#8043 = VERTEX_POINT('',#8044);
#8044 = CARTESIAN_POINT('',(-7.5E-02,-2.E-02,-3.55));
#8045 = LINE('',#8046,#8047);
#8046 = CARTESIAN_POINT('',(-7.5E-02,-2.E-02,-3.55));
#8047 = VECTOR('',#8048,1.);
#8048 = DIRECTION('',(0.,1.,0.));
#8049 = ORIENTED_EDGE('',*,*,#8050,.F.);
#8050 = EDGE_CURVE('',#8051,#8043,#8053,.T.);
#8051 = VERTEX_POINT('',#8052);
#8052 = CARTESIAN_POINT('',(-7.5E-02,-2.E-02,-3.05));
#8053 = LINE('',#8054,#8055);
#8054 = CARTESIAN_POINT('',(-7.5E-02,-2.E-02,-3.05));
#8055 = VECTOR('',#8056,1.);
#8056 = DIRECTION('',(0.,0.,-1.));
#8057 = ORIENTED_EDGE('',*,*,#8058,.F.);
#8058 = EDGE_CURVE('',#2564,#8051,#8059,.T.);
#8059 = LINE('',#8060,#8061);
#8060 = CARTESIAN_POINT('',(-7.5E-02,4.E-02,-3.05));
#8061 = VECTOR('',#8062,1.);
#8062 = DIRECTION('',(0.,-1.,0.));
#8063 = ORIENTED_EDGE('',*,*,#2563,.T.);
#8064 = PLANE('',#8065);
#8065 = AXIS2_PLACEMENT_3D('',#8066,#8067,#8068);
#8066 = CARTESIAN_POINT('',(-7.5E-02,0.,0.));
#8067 = DIRECTION('',(1.,0.,0.));
#8068 = DIRECTION('',(-0.,1.,0.));
#8069 = ADVANCED_FACE('',(#8070),#8105,.F.);
#8070 = FACE_BOUND('',#8071,.T.);
#8071 = EDGE_LOOP('',(#8072,#8081,#8089,#8098,#8104));
#8072 = ORIENTED_EDGE('',*,*,#8073,.F.);
#8073 = EDGE_CURVE('',#8074,#6958,#8076,.T.);
#8074 = VERTEX_POINT('',#8075);
#8075 = CARTESIAN_POINT('',(-7.5E-02,0.685711504387,-0.632813314642));
#8076 = CIRCLE('',#8077,4.E-02);
#8077 = AXIS2_PLACEMENT_3D('',#8078,#8079,#8080);
#8078 = CARTESIAN_POINT('',(-7.5E-02,0.66,-0.663455092367));
#8079 = DIRECTION('',(-1.,0.,0.));
#8080 = DIRECTION('',(0.,0.642787609687,0.766044443119));
#8081 = ORIENTED_EDGE('',*,*,#8082,.F.);
#8082 = EDGE_CURVE('',#8083,#8074,#8085,.T.);
#8083 = VERTEX_POINT('',#8084);
#8084 = CARTESIAN_POINT('',(-7.5E-02,0.659288495613,-0.610641777725));
#8085 = LINE('',#8086,#8087);
#8086 = CARTESIAN_POINT('',(-7.5E-02,0.659288495613,-0.610641777725));
#8087 = VECTOR('',#8088,1.);
#8088 = DIRECTION('',(0.,0.766044443119,-0.642787609687));
#8089 = ORIENTED_EDGE('',*,*,#8090,.F.);
#8090 = EDGE_CURVE('',#8091,#8083,#8093,.T.);
#8091 = VERTEX_POINT('',#8092);
#8092 = CARTESIAN_POINT('',(-7.5E-02,0.647587391124,-0.565847378437));
#8093 = CIRCLE('',#8094,4.E-02);
#8094 = AXIS2_PLACEMENT_3D('',#8095,#8096,#8097);
#8095 = CARTESIAN_POINT('',(-7.5E-02,0.685,-0.58));
#8096 = DIRECTION('',(1.,0.,0.));
#8097 = DIRECTION('',(0.,-0.935315221896,0.353815539072));
#8098 = ORIENTED_EDGE('',*,*,#8099,.F.);
#8099 = EDGE_CURVE('',#6940,#8091,#8100,.T.);
#8100 = LINE('',#8101,#8102);
#8101 = CARTESIAN_POINT('',(-7.5E-02,0.7,-0.427294077388));
#8102 = VECTOR('',#8103,1.);
#8103 = DIRECTION('',(0.,-0.353815539072,-0.935315221896));
#8104 = ORIENTED_EDGE('',*,*,#6965,.F.);
#8105 = PLANE('',#8106);
#8106 = AXIS2_PLACEMENT_3D('',#8107,#8108,#8109);
#8107 = CARTESIAN_POINT('',(-7.5E-02,0.,0.));
#8108 = DIRECTION('',(1.,0.,0.));
#8109 = DIRECTION('',(-0.,1.,0.));
#8110 = ADVANCED_FACE('',(#8111),#8137,.F.);
#8111 = FACE_BOUND('',#8112,.T.);
#8112 = EDGE_LOOP('',(#8113,#8121,#8130,#8136));
#8113 = ORIENTED_EDGE('',*,*,#8114,.F.);
#8114 = EDGE_CURVE('',#8115,#7221,#8117,.T.);
#8115 = VERTEX_POINT('',#8116);
#8116 = CARTESIAN_POINT('',(-7.5E-02,0.344662000977,-0.560036390902));
#8117 = LINE('',#8118,#8119);
#8118 = CARTESIAN_POINT('',(-7.5E-02,0.344662000977,-0.560036390902));
#8119 = VECTOR('',#8120,1.);
#8120 = DIRECTION('',(0.,-0.499090227459,0.866550024439));
#8121 = ORIENTED_EDGE('',*,*,#8122,.F.);
#8122 = EDGE_CURVE('',#8123,#8115,#8125,.T.);
#8123 = VERTEX_POINT('',#8124);
#8124 = CARTESIAN_POINT('',(-7.5E-02,0.335711504388,-0.610641777725));
#8125 = CIRCLE('',#8126,4.E-02);
#8126 = AXIS2_PLACEMENT_3D('',#8127,#8128,#8129);
#8127 = CARTESIAN_POINT('',(-7.5E-02,0.31,-0.58));
#8128 = DIRECTION('',(1.,0.,0.));
#8129 = DIRECTION('',(0.,0.642787609687,-0.766044443119));
#8130 = ORIENTED_EDGE('',*,*,#8131,.F.);
#8131 = EDGE_CURVE('',#7203,#8123,#8132,.T.);
#8132 = LINE('',#8133,#8134);
#8133 = CARTESIAN_POINT('',(-7.5E-02,0.29,-0.648998284197));
#8134 = VECTOR('',#8135,1.);
#8135 = DIRECTION('',(0.,0.766044443119,0.642787609687));
#8136 = ORIENTED_EDGE('',*,*,#7228,.T.);
#8137 = PLANE('',#8138);
#8138 = AXIS2_PLACEMENT_3D('',#8139,#8140,#8141);
#8139 = CARTESIAN_POINT('',(-7.5E-02,0.,0.));
#8140 = DIRECTION('',(1.,0.,0.));
#8141 = DIRECTION('',(-0.,1.,0.));
#8142 = ADVANCED_FACE('',(#8143),#8168,.F.);
#8143 = FACE_BOUND('',#8144,.T.);
#8144 = EDGE_LOOP('',(#8145,#8153,#8161,#8167));
#8145 = ORIENTED_EDGE('',*,*,#8146,.F.);
#8146 = EDGE_CURVE('',#8147,#4314,#8149,.T.);
#8147 = VERTEX_POINT('',#8148);
#8148 = CARTESIAN_POINT('',(-7.5E-02,0.82,-2.78));
#8149 = LINE('',#8150,#8151);
#8150 = CARTESIAN_POINT('',(-7.5E-02,0.82,-2.78));
#8151 = VECTOR('',#8152,1.);
#8152 = DIRECTION('',(0.,8.789381029636E-02,0.996129850025));
#8153 = ORIENTED_EDGE('',*,*,#8154,.F.);
#8154 = EDGE_CURVE('',#8155,#8147,#8157,.T.);
#8155 = VERTEX_POINT('',#8156);
#8156 = CARTESIAN_POINT('',(-7.5E-02,0.7,-2.78));
#8157 = LINE('',#8158,#8159);
#8158 = CARTESIAN_POINT('',(-7.5E-02,0.7,-2.78));
#8159 = VECTOR('',#8160,1.);
#8160 = DIRECTION('',(0.,1.,0.));
#8161 = ORIENTED_EDGE('',*,*,#8162,.F.);
#8162 = EDGE_CURVE('',#4296,#8155,#8163,.T.);
#8163 = LINE('',#8164,#8165);
#8164 = CARTESIAN_POINT('',(-7.5E-02,0.7,-2.716590384437));
#8165 = VECTOR('',#8166,1.);
#8166 = DIRECTION('',(0.,0.,-1.));
#8167 = ORIENTED_EDGE('',*,*,#4321,.T.);
#8168 = PLANE('',#8169);
#8169 = AXIS2_PLACEMENT_3D('',#8170,#8171,#8172);
#8170 = CARTESIAN_POINT('',(-7.5E-02,0.,0.));
#8171 = DIRECTION('',(1.,0.,0.));
#8172 = DIRECTION('',(-0.,1.,0.));
#8173 = ADVANCED_FACE('',(#8174),#8198,.F.);
#8174 = FACE_BOUND('',#8175,.T.);
#8175 = EDGE_LOOP('',(#8176,#8182,#8183,#8191,#8197));
#8176 = ORIENTED_EDGE('',*,*,#8177,.F.);
#8177 = EDGE_CURVE('',#1575,#5346,#8178,.T.);
#8178 = LINE('',#8179,#8180);
#8179 = CARTESIAN_POINT('',(-7.5E-02,0.7,-1.9));
#8180 = VECTOR('',#8181,1.);
#8181 = DIRECTION('',(0.,0.,-1.));
#8182 = ORIENTED_EDGE('',*,*,#1600,.T.);
#8183 = ORIENTED_EDGE('',*,*,#8184,.F.);
#8184 = EDGE_CURVE('',#8185,#1593,#8187,.T.);
#8185 = VERTEX_POINT('',#8186);
#8186 = CARTESIAN_POINT('',(-7.5E-02,0.88,-2.1));
#8187 = LINE('',#8188,#8189);
#8188 = CARTESIAN_POINT('',(-7.5E-02,0.88,-2.1));
#8189 = VECTOR('',#8190,1.);
#8190 = DIRECTION('',(0.,0.,1.));
#8191 = ORIENTED_EDGE('',*,*,#8192,.F.);
#8192 = EDGE_CURVE('',#5328,#8185,#8193,.T.);
#8193 = LINE('',#8194,#8195);
#8194 = CARTESIAN_POINT('',(-7.5E-02,0.868579769028,-2.229429284355));
#8195 = VECTOR('',#8196,1.);
#8196 = DIRECTION('',(0.,8.789381029636E-02,0.996129850025));
#8197 = ORIENTED_EDGE('',*,*,#5353,.F.);
#8198 = PLANE('',#8199);
#8199 = AXIS2_PLACEMENT_3D('',#8200,#8201,#8202);
#8200 = CARTESIAN_POINT('',(-7.5E-02,0.,0.));
#8201 = DIRECTION('',(1.,0.,0.));
#8202 = DIRECTION('',(-0.,1.,0.));
#8203 = ADVANCED_FACE('',(#8204),#8222,.T.);
#8204 = FACE_BOUND('',#8205,.T.);
#8205 = EDGE_LOOP('',(#8206,#8207,#8215,#8221));
#8206 = ORIENTED_EDGE('',*,*,#8058,.T.);
#8207 = ORIENTED_EDGE('',*,*,#8208,.T.);
#8208 = EDGE_CURVE('',#8051,#8209,#8211,.T.);
#8209 = VERTEX_POINT('',#8210);
#8210 = CARTESIAN_POINT('',(7.5E-02,-2.E-02,-3.05));
#8211 = LINE('',#8212,#8213);
#8212 = CARTESIAN_POINT('',(-7.5E-02,-2.E-02,-3.05));
#8213 = VECTOR('',#8214,1.);
#8214 = DIRECTION('',(1.,0.,0.));
#8215 = ORIENTED_EDGE('',*,*,#8216,.F.);
#8216 = EDGE_CURVE('',#2572,#8209,#8217,.T.);
#8217 = LINE('',#8218,#8219);
#8218 = CARTESIAN_POINT('',(7.5E-02,4.E-02,-3.05));
#8219 = VECTOR('',#8220,1.);
#8220 = DIRECTION('',(0.,-1.,0.));
#8221 = ORIENTED_EDGE('',*,*,#2571,.F.);
#8222 = PLANE('',#8223);
#8223 = AXIS2_PLACEMENT_3D('',#8224,#8225,#8226);
#8224 = CARTESIAN_POINT('',(-7.5E-02,0.13,-3.05));
#8225 = DIRECTION('',(0.,0.,1.));
#8226 = DIRECTION('',(1.,0.,-0.));
#8227 = ADVANCED_FACE('',(#8228),#8273,.T.);
#8228 = FACE_BOUND('',#8229,.T.);
#8229 = EDGE_LOOP('',(#8230,#8231,#8239,#8247,#8255,#8263,#8269,#8270,
    #8271,#8272));
#8230 = ORIENTED_EDGE('',*,*,#8216,.T.);
#8231 = ORIENTED_EDGE('',*,*,#8232,.T.);
#8232 = EDGE_CURVE('',#8209,#8233,#8235,.T.);
#8233 = VERTEX_POINT('',#8234);
#8234 = CARTESIAN_POINT('',(7.5E-02,-2.E-02,-3.55));
#8235 = LINE('',#8236,#8237);
#8236 = CARTESIAN_POINT('',(7.5E-02,-2.E-02,-3.05));
#8237 = VECTOR('',#8238,1.);
#8238 = DIRECTION('',(0.,0.,-1.));
#8239 = ORIENTED_EDGE('',*,*,#8240,.T.);
#8240 = EDGE_CURVE('',#8233,#8241,#8243,.T.);
#8241 = VERTEX_POINT('',#8242);
#8242 = CARTESIAN_POINT('',(7.5E-02,0.17,-3.55));
#8243 = LINE('',#8244,#8245);
#8244 = CARTESIAN_POINT('',(7.5E-02,-2.E-02,-3.55));
#8245 = VECTOR('',#8246,1.);
#8246 = DIRECTION('',(0.,1.,0.));
#8247 = ORIENTED_EDGE('',*,*,#8248,.T.);
#8248 = EDGE_CURVE('',#8241,#8249,#8251,.T.);
#8249 = VERTEX_POINT('',#8250);
#8250 = CARTESIAN_POINT('',(7.5E-02,0.17,-3.35));
#8251 = LINE('',#8252,#8253);
#8252 = CARTESIAN_POINT('',(7.5E-02,0.17,-3.55));
#8253 = VECTOR('',#8254,1.);
#8254 = DIRECTION('',(0.,0.,1.));
#8255 = ORIENTED_EDGE('',*,*,#8256,.T.);
#8256 = EDGE_CURVE('',#8249,#8257,#8259,.T.);
#8257 = VERTEX_POINT('',#8258);
#8258 = CARTESIAN_POINT('',(7.5E-02,0.27,-3.35));
#8259 = LINE('',#8260,#8261);
#8260 = CARTESIAN_POINT('',(7.5E-02,0.17,-3.35));
#8261 = VECTOR('',#8262,1.);
#8262 = DIRECTION('',(0.,1.,0.));
#8263 = ORIENTED_EDGE('',*,*,#8264,.T.);
#8264 = EDGE_CURVE('',#8257,#1408,#8265,.T.);
#8265 = LINE('',#8266,#8267);
#8266 = CARTESIAN_POINT('',(7.5E-02,0.27,-3.35));
#8267 = VECTOR('',#8268,1.);
#8268 = DIRECTION('',(0.,0.,1.));
#8269 = ORIENTED_EDGE('',*,*,#1407,.F.);
#8270 = ORIENTED_EDGE('',*,*,#3544,.T.);
#8271 = ORIENTED_EDGE('',*,*,#3343,.F.);
#8272 = ORIENTED_EDGE('',*,*,#2579,.F.);
#8273 = PLANE('',#8274);
#8274 = AXIS2_PLACEMENT_3D('',#8275,#8276,#8277);
#8275 = CARTESIAN_POINT('',(7.5E-02,0.,0.));
#8276 = DIRECTION('',(1.,0.,0.));
#8277 = DIRECTION('',(-0.,1.,0.));
#8278 = ADVANCED_FACE('',(#8279),#8314,.T.);
#8279 = FACE_BOUND('',#8280,.T.);
#8280 = EDGE_LOOP('',(#8281,#8289,#8298,#8306,#8313));
#8281 = ORIENTED_EDGE('',*,*,#8282,.T.);
#8282 = EDGE_CURVE('',#6942,#8283,#8285,.T.);
#8283 = VERTEX_POINT('',#8284);
#8284 = CARTESIAN_POINT('',(7.5E-02,0.647587391124,-0.565847378437));
#8285 = LINE('',#8286,#8287);
#8286 = CARTESIAN_POINT('',(7.5E-02,0.7,-0.427294077388));
#8287 = VECTOR('',#8288,1.);
#8288 = DIRECTION('',(0.,-0.353815539072,-0.935315221896));
#8289 = ORIENTED_EDGE('',*,*,#8290,.T.);
#8290 = EDGE_CURVE('',#8283,#8291,#8293,.T.);
#8291 = VERTEX_POINT('',#8292);
#8292 = CARTESIAN_POINT('',(7.5E-02,0.659288495613,-0.610641777725));
#8293 = CIRCLE('',#8294,4.E-02);
#8294 = AXIS2_PLACEMENT_3D('',#8295,#8296,#8297);
#8295 = CARTESIAN_POINT('',(7.5E-02,0.685,-0.58));
#8296 = DIRECTION('',(1.,0.,0.));
#8297 = DIRECTION('',(0.,-0.935315221896,0.353815539072));
#8298 = ORIENTED_EDGE('',*,*,#8299,.T.);
#8299 = EDGE_CURVE('',#8291,#8300,#8302,.T.);
#8300 = VERTEX_POINT('',#8301);
#8301 = CARTESIAN_POINT('',(7.5E-02,0.685711504387,-0.632813314642));
#8302 = LINE('',#8303,#8304);
#8303 = CARTESIAN_POINT('',(7.5E-02,0.659288495613,-0.610641777725));
#8304 = VECTOR('',#8305,1.);
#8305 = DIRECTION('',(0.,0.766044443119,-0.642787609687));
#8306 = ORIENTED_EDGE('',*,*,#8307,.T.);
#8307 = EDGE_CURVE('',#8300,#6950,#8308,.T.);
#8308 = CIRCLE('',#8309,4.E-02);
#8309 = AXIS2_PLACEMENT_3D('',#8310,#8311,#8312);
#8310 = CARTESIAN_POINT('',(7.5E-02,0.66,-0.663455092367));
#8311 = DIRECTION('',(-1.,0.,0.));
#8312 = DIRECTION('',(0.,0.642787609687,0.766044443119));
#8313 = ORIENTED_EDGE('',*,*,#6949,.T.);
#8314 = PLANE('',#8315);
#8315 = AXIS2_PLACEMENT_3D('',#8316,#8317,#8318);
#8316 = CARTESIAN_POINT('',(7.5E-02,0.,0.));
#8317 = DIRECTION('',(1.,0.,0.));
#8318 = DIRECTION('',(-0.,1.,0.));
#8319 = ADVANCED_FACE('',(#8320),#8346,.T.);
#8320 = FACE_BOUND('',#8321,.T.);
#8321 = EDGE_LOOP('',(#8322,#8330,#8339,#8345));
#8322 = ORIENTED_EDGE('',*,*,#8323,.T.);
#8323 = EDGE_CURVE('',#7205,#8324,#8326,.T.);
#8324 = VERTEX_POINT('',#8325);
#8325 = CARTESIAN_POINT('',(7.5E-02,0.335711504388,-0.610641777725));
#8326 = LINE('',#8327,#8328);
#8327 = CARTESIAN_POINT('',(7.5E-02,0.29,-0.648998284197));
#8328 = VECTOR('',#8329,1.);
#8329 = DIRECTION('',(0.,0.766044443119,0.642787609687));
#8330 = ORIENTED_EDGE('',*,*,#8331,.T.);
#8331 = EDGE_CURVE('',#8324,#8332,#8334,.T.);
#8332 = VERTEX_POINT('',#8333);
#8333 = CARTESIAN_POINT('',(7.5E-02,0.344662000977,-0.560036390902));
#8334 = CIRCLE('',#8335,4.E-02);
#8335 = AXIS2_PLACEMENT_3D('',#8336,#8337,#8338);
#8336 = CARTESIAN_POINT('',(7.5E-02,0.31,-0.58));
#8337 = DIRECTION('',(1.,0.,0.));
#8338 = DIRECTION('',(0.,0.642787609687,-0.766044443119));
#8339 = ORIENTED_EDGE('',*,*,#8340,.T.);
#8340 = EDGE_CURVE('',#8332,#7213,#8341,.T.);
#8341 = LINE('',#8342,#8343);
#8342 = CARTESIAN_POINT('',(7.5E-02,0.344662000977,-0.560036390902));
#8343 = VECTOR('',#8344,1.);
#8344 = DIRECTION('',(0.,-0.499090227459,0.866550024439));
#8345 = ORIENTED_EDGE('',*,*,#7212,.F.);
#8346 = PLANE('',#8347);
#8347 = AXIS2_PLACEMENT_3D('',#8348,#8349,#8350);
#8348 = CARTESIAN_POINT('',(7.5E-02,0.,0.));
#8349 = DIRECTION('',(1.,0.,0.));
#8350 = DIRECTION('',(-0.,1.,0.));
#8351 = ADVANCED_FACE('',(#8352),#8377,.T.);
#8352 = FACE_BOUND('',#8353,.T.);
#8353 = EDGE_LOOP('',(#8354,#8362,#8370,#8376));
#8354 = ORIENTED_EDGE('',*,*,#8355,.T.);
#8355 = EDGE_CURVE('',#4298,#8356,#8358,.T.);
#8356 = VERTEX_POINT('',#8357);
#8357 = CARTESIAN_POINT('',(7.5E-02,0.7,-2.78));
#8358 = LINE('',#8359,#8360);
#8359 = CARTESIAN_POINT('',(7.5E-02,0.7,-2.716590384437));
#8360 = VECTOR('',#8361,1.);
#8361 = DIRECTION('',(0.,0.,-1.));
#8362 = ORIENTED_EDGE('',*,*,#8363,.T.);
#8363 = EDGE_CURVE('',#8356,#8364,#8366,.T.);
#8364 = VERTEX_POINT('',#8365);
#8365 = CARTESIAN_POINT('',(7.5E-02,0.82,-2.78));
#8366 = LINE('',#8367,#8368);
#8367 = CARTESIAN_POINT('',(7.5E-02,0.7,-2.78));
#8368 = VECTOR('',#8369,1.);
#8369 = DIRECTION('',(0.,1.,0.));
#8370 = ORIENTED_EDGE('',*,*,#8371,.T.);
#8371 = EDGE_CURVE('',#8364,#4306,#8372,.T.);
#8372 = LINE('',#8373,#8374);
#8373 = CARTESIAN_POINT('',(7.5E-02,0.82,-2.78));
#8374 = VECTOR('',#8375,1.);
#8375 = DIRECTION('',(0.,8.789381029636E-02,0.996129850025));
#8376 = ORIENTED_EDGE('',*,*,#4305,.F.);
#8377 = PLANE('',#8378);
#8378 = AXIS2_PLACEMENT_3D('',#8379,#8380,#8381);
#8379 = CARTESIAN_POINT('',(7.5E-02,0.,0.));
#8380 = DIRECTION('',(1.,0.,0.));
#8381 = DIRECTION('',(-0.,1.,0.));
#8382 = ADVANCED_FACE('',(#8383),#8407,.T.);
#8383 = FACE_BOUND('',#8384,.T.);
#8384 = EDGE_LOOP('',(#8385,#8393,#8399,#8400,#8406));
#8385 = ORIENTED_EDGE('',*,*,#8386,.T.);
#8386 = EDGE_CURVE('',#5330,#8387,#8389,.T.);
#8387 = VERTEX_POINT('',#8388);
#8388 = CARTESIAN_POINT('',(7.5E-02,0.88,-2.1));
#8389 = LINE('',#8390,#8391);
#8390 = CARTESIAN_POINT('',(7.5E-02,0.868579769028,-2.229429284355));
#8391 = VECTOR('',#8392,1.);
#8392 = DIRECTION('',(0.,8.789381029636E-02,0.996129850025));
#8393 = ORIENTED_EDGE('',*,*,#8394,.T.);
#8394 = EDGE_CURVE('',#8387,#1585,#8395,.T.);
#8395 = LINE('',#8396,#8397);
#8396 = CARTESIAN_POINT('',(7.5E-02,0.88,-2.1));
#8397 = VECTOR('',#8398,1.);
#8398 = DIRECTION('',(0.,0.,1.));
#8399 = ORIENTED_EDGE('',*,*,#1584,.F.);
#8400 = ORIENTED_EDGE('',*,*,#8401,.T.);
#8401 = EDGE_CURVE('',#1577,#5338,#8402,.T.);
#8402 = LINE('',#8403,#8404);
#8403 = CARTESIAN_POINT('',(7.5E-02,0.7,-1.9));
#8404 = VECTOR('',#8405,1.);
#8405 = DIRECTION('',(0.,0.,-1.));
#8406 = ORIENTED_EDGE('',*,*,#5337,.T.);
#8407 = PLANE('',#8408);
#8408 = AXIS2_PLACEMENT_3D('',#8409,#8410,#8411);
#8409 = CARTESIAN_POINT('',(7.5E-02,0.,0.));
#8410 = DIRECTION('',(1.,0.,0.));
#8411 = DIRECTION('',(-0.,1.,0.));
#8412 = ADVANCED_FACE('',(#8413),#8424,.T.);
#8413 = FACE_BOUND('',#8414,.T.);
#8414 = EDGE_LOOP('',(#8415,#8416,#8422,#8423));
#8415 = ORIENTED_EDGE('',*,*,#8264,.F.);
#8416 = ORIENTED_EDGE('',*,*,#8417,.F.);
#8417 = EDGE_CURVE('',#8019,#8257,#8418,.T.);
#8418 = LINE('',#8419,#8420);
#8419 = CARTESIAN_POINT('',(-7.5E-02,0.27,-3.35));
#8420 = VECTOR('',#8421,1.);
#8421 = DIRECTION('',(1.,0.,0.));
#8422 = ORIENTED_EDGE('',*,*,#8018,.T.);
#8423 = ORIENTED_EDGE('',*,*,#1415,.T.);
#8424 = PLANE('',#8425);
#8425 = AXIS2_PLACEMENT_3D('',#8426,#8427,#8428);
#8426 = CARTESIAN_POINT('',(-7.5E-02,0.27,-3.35));
#8427 = DIRECTION('',(-0.,1.,0.));
#8428 = DIRECTION('',(1.,0.,0.));
#8429 = ADVANCED_FACE('',(#8430),#8441,.T.);
#8430 = FACE_BOUND('',#8431,.T.);
#8431 = EDGE_LOOP('',(#8432,#8433,#8434,#8440));
#8432 = ORIENTED_EDGE('',*,*,#8417,.T.);
#8433 = ORIENTED_EDGE('',*,*,#8256,.F.);
#8434 = ORIENTED_EDGE('',*,*,#8435,.F.);
#8435 = EDGE_CURVE('',#8027,#8249,#8436,.T.);
#8436 = LINE('',#8437,#8438);
#8437 = CARTESIAN_POINT('',(-7.5E-02,0.17,-3.35));
#8438 = VECTOR('',#8439,1.);
#8439 = DIRECTION('',(1.,0.,0.));
#8440 = ORIENTED_EDGE('',*,*,#8026,.T.);
#8441 = PLANE('',#8442);
#8442 = AXIS2_PLACEMENT_3D('',#8443,#8444,#8445);
#8443 = CARTESIAN_POINT('',(-7.5E-02,0.17,-3.35));
#8444 = DIRECTION('',(0.,0.,-1.));
#8445 = DIRECTION('',(0.,-1.,0.));
#8446 = ADVANCED_FACE('',(#8447),#8458,.T.);
#8447 = FACE_BOUND('',#8448,.T.);
#8448 = EDGE_LOOP('',(#8449,#8450,#8451,#8457));
#8449 = ORIENTED_EDGE('',*,*,#8435,.T.);
#8450 = ORIENTED_EDGE('',*,*,#8248,.F.);
#8451 = ORIENTED_EDGE('',*,*,#8452,.F.);
#8452 = EDGE_CURVE('',#8035,#8241,#8453,.T.);
#8453 = LINE('',#8454,#8455);
#8454 = CARTESIAN_POINT('',(-7.5E-02,0.17,-3.55));
#8455 = VECTOR('',#8456,1.);
#8456 = DIRECTION('',(1.,0.,0.));
#8457 = ORIENTED_EDGE('',*,*,#8034,.T.);
#8458 = PLANE('',#8459);
#8459 = AXIS2_PLACEMENT_3D('',#8460,#8461,#8462);
#8460 = CARTESIAN_POINT('',(-7.5E-02,0.17,-3.55));
#8461 = DIRECTION('',(-0.,1.,0.));
#8462 = DIRECTION('',(1.,0.,0.));
#8463 = ADVANCED_FACE('',(#8464),#8475,.T.);
#8464 = FACE_BOUND('',#8465,.T.);
#8465 = EDGE_LOOP('',(#8466,#8467,#8468,#8474));
#8466 = ORIENTED_EDGE('',*,*,#8452,.T.);
#8467 = ORIENTED_EDGE('',*,*,#8240,.F.);
#8468 = ORIENTED_EDGE('',*,*,#8469,.F.);
#8469 = EDGE_CURVE('',#8043,#8233,#8470,.T.);
#8470 = LINE('',#8471,#8472);
#8471 = CARTESIAN_POINT('',(-7.5E-02,-2.E-02,-3.55));
#8472 = VECTOR('',#8473,1.);
#8473 = DIRECTION('',(1.,0.,0.));
#8474 = ORIENTED_EDGE('',*,*,#8042,.T.);
#8475 = PLANE('',#8476);
#8476 = AXIS2_PLACEMENT_3D('',#8477,#8478,#8479);
#8477 = CARTESIAN_POINT('',(-7.5E-02,-2.E-02,-3.55));
#8478 = DIRECTION('',(0.,0.,-1.));
#8479 = DIRECTION('',(0.,-1.,0.));
#8480 = ADVANCED_FACE('',(#8481),#8487,.T.);
#8481 = FACE_BOUND('',#8482,.T.);
#8482 = EDGE_LOOP('',(#8483,#8484,#8485,#8486));
#8483 = ORIENTED_EDGE('',*,*,#8469,.T.);
#8484 = ORIENTED_EDGE('',*,*,#8232,.F.);
#8485 = ORIENTED_EDGE('',*,*,#8208,.F.);
#8486 = ORIENTED_EDGE('',*,*,#8050,.T.);
#8487 = PLANE('',#8488);
#8488 = AXIS2_PLACEMENT_3D('',#8489,#8490,#8491);
#8489 = CARTESIAN_POINT('',(-7.5E-02,-2.E-02,-3.05));
#8490 = DIRECTION('',(0.,-1.,0.));
#8491 = DIRECTION('',(0.,0.,-1.));
#8492 = ADVANCED_FACE('',(#8493),#8504,.F.);
#8493 = FACE_BOUND('',#8494,.F.);
#8494 = EDGE_LOOP('',(#8495,#8496,#8497,#8503));
#8495 = ORIENTED_EDGE('',*,*,#6957,.F.);
#8496 = ORIENTED_EDGE('',*,*,#8073,.F.);
#8497 = ORIENTED_EDGE('',*,*,#8498,.T.);
#8498 = EDGE_CURVE('',#8074,#8300,#8499,.T.);
#8499 = LINE('',#8500,#8501);
#8500 = CARTESIAN_POINT('',(-7.5E-02,0.685711504387,-0.632813314642));
#8501 = VECTOR('',#8502,1.);
#8502 = DIRECTION('',(1.,0.,0.));
#8503 = ORIENTED_EDGE('',*,*,#8307,.T.);
#8504 = CYLINDRICAL_SURFACE('',#8505,4.E-02);
#8505 = AXIS2_PLACEMENT_3D('',#8506,#8507,#8508);
#8506 = CARTESIAN_POINT('',(-7.5E-02,0.66,-0.663455092367));
#8507 = DIRECTION('',(-1.,0.,-0.));
#8508 = DIRECTION('',(0.,0.,-1.));
#8509 = ADVANCED_FACE('',(#8510),#8521,.T.);
#8510 = FACE_BOUND('',#8511,.T.);
#8511 = EDGE_LOOP('',(#8512,#8513,#8514,#8520));
#8512 = ORIENTED_EDGE('',*,*,#8498,.T.);
#8513 = ORIENTED_EDGE('',*,*,#8299,.F.);
#8514 = ORIENTED_EDGE('',*,*,#8515,.F.);
#8515 = EDGE_CURVE('',#8083,#8291,#8516,.T.);
#8516 = LINE('',#8517,#8518);
#8517 = CARTESIAN_POINT('',(-7.5E-02,0.659288495613,-0.610641777725));
#8518 = VECTOR('',#8519,1.);
#8519 = DIRECTION('',(1.,0.,0.));
#8520 = ORIENTED_EDGE('',*,*,#8082,.T.);
#8521 = PLANE('',#8522);
#8522 = AXIS2_PLACEMENT_3D('',#8523,#8524,#8525);
#8523 = CARTESIAN_POINT('',(-7.5E-02,0.659288495613,-0.610641777725));
#8524 = DIRECTION('',(0.,-0.642787609687,-0.766044443119));
#8525 = DIRECTION('',(0.,-0.766044443119,0.642787609687));
#8526 = ADVANCED_FACE('',(#8527),#8538,.T.);
#8527 = FACE_BOUND('',#8528,.T.);
#8528 = EDGE_LOOP('',(#8529,#8530,#8531,#8537));
#8529 = ORIENTED_EDGE('',*,*,#8515,.T.);
#8530 = ORIENTED_EDGE('',*,*,#8290,.F.);
#8531 = ORIENTED_EDGE('',*,*,#8532,.F.);
#8532 = EDGE_CURVE('',#8091,#8283,#8533,.T.);
#8533 = LINE('',#8534,#8535);
#8534 = CARTESIAN_POINT('',(-7.5E-02,0.647587391124,-0.565847378437));
#8535 = VECTOR('',#8536,1.);
#8536 = DIRECTION('',(1.,0.,0.));
#8537 = ORIENTED_EDGE('',*,*,#8090,.T.);
#8538 = CYLINDRICAL_SURFACE('',#8539,4.E-02);
#8539 = AXIS2_PLACEMENT_3D('',#8540,#8541,#8542);
#8540 = CARTESIAN_POINT('',(-7.5E-02,0.685,-0.58));
#8541 = DIRECTION('',(-1.,0.,-0.));
#8542 = DIRECTION('',(0.,0.,-1.));
#8543 = ADVANCED_FACE('',(#8544),#8550,.T.);
#8544 = FACE_BOUND('',#8545,.T.);
#8545 = EDGE_LOOP('',(#8546,#8547,#8548,#8549));
#8546 = ORIENTED_EDGE('',*,*,#8099,.T.);
#8547 = ORIENTED_EDGE('',*,*,#8532,.T.);
#8548 = ORIENTED_EDGE('',*,*,#8282,.F.);
#8549 = ORIENTED_EDGE('',*,*,#6939,.F.);
#8550 = PLANE('',#8551);
#8551 = AXIS2_PLACEMENT_3D('',#8552,#8553,#8554);
#8552 = CARTESIAN_POINT('',(-7.5E-02,0.713234238905,-0.392309223046));
#8553 = DIRECTION('',(0.,-0.935315221896,0.353815539072));
#8554 = DIRECTION('',(-1.,0.,0.));
#8555 = ADVANCED_FACE('',(#8556),#8567,.T.);
#8556 = FACE_BOUND('',#8557,.T.);
#8557 = EDGE_LOOP('',(#8558,#8559,#8565,#8566));
#8558 = ORIENTED_EDGE('',*,*,#8340,.F.);
#8559 = ORIENTED_EDGE('',*,*,#8560,.F.);
#8560 = EDGE_CURVE('',#8115,#8332,#8561,.T.);
#8561 = LINE('',#8562,#8563);
#8562 = CARTESIAN_POINT('',(-7.5E-02,0.344662000977,-0.560036390902));
#8563 = VECTOR('',#8564,1.);
#8564 = DIRECTION('',(1.,0.,0.));
#8565 = ORIENTED_EDGE('',*,*,#8114,.T.);
#8566 = ORIENTED_EDGE('',*,*,#7220,.T.);
#8567 = PLANE('',#8568);
#8568 = AXIS2_PLACEMENT_3D('',#8569,#8570,#8571);
#8569 = CARTESIAN_POINT('',(-7.5E-02,0.344662000977,-0.560036390902));
#8570 = DIRECTION('',(0.,0.866550024439,0.499090227459));
#8571 = DIRECTION('',(1.,0.,-0.));
#8572 = ADVANCED_FACE('',(#8573),#8584,.T.);
#8573 = FACE_BOUND('',#8574,.T.);
#8574 = EDGE_LOOP('',(#8575,#8576,#8577,#8583));
#8575 = ORIENTED_EDGE('',*,*,#8560,.T.);
#8576 = ORIENTED_EDGE('',*,*,#8331,.F.);
#8577 = ORIENTED_EDGE('',*,*,#8578,.F.);
#8578 = EDGE_CURVE('',#8123,#8324,#8579,.T.);
#8579 = LINE('',#8580,#8581);
#8580 = CARTESIAN_POINT('',(-7.5E-02,0.335711504388,-0.610641777725));
#8581 = VECTOR('',#8582,1.);
#8582 = DIRECTION('',(1.,0.,0.));
#8583 = ORIENTED_EDGE('',*,*,#8122,.T.);
#8584 = CYLINDRICAL_SURFACE('',#8585,4.E-02);
#8585 = AXIS2_PLACEMENT_3D('',#8586,#8587,#8588);
#8586 = CARTESIAN_POINT('',(-7.5E-02,0.31,-0.58));
#8587 = DIRECTION('',(-1.,0.,-0.));
#8588 = DIRECTION('',(0.,0.,-1.));
#8589 = ADVANCED_FACE('',(#8590),#8596,.T.);
#8590 = FACE_BOUND('',#8591,.T.);
#8591 = EDGE_LOOP('',(#8592,#8593,#8594,#8595));
#8592 = ORIENTED_EDGE('',*,*,#8131,.T.);
#8593 = ORIENTED_EDGE('',*,*,#8578,.T.);
#8594 = ORIENTED_EDGE('',*,*,#8323,.F.);
#8595 = ORIENTED_EDGE('',*,*,#7202,.F.);
#8596 = PLANE('',#8597);
#8597 = AXIS2_PLACEMENT_3D('',#8598,#8599,#8600);
#8598 = CARTESIAN_POINT('',(-7.5E-02,0.27,-0.66578027682));
#8599 = DIRECTION('',(0.,0.642787609687,-0.766044443119));
#8600 = DIRECTION('',(-1.,0.,0.));
#8601 = ADVANCED_FACE('',(#8602),#8613,.T.);
#8602 = FACE_BOUND('',#8603,.T.);
#8603 = EDGE_LOOP('',(#8604,#8605,#8611,#8612));
#8604 = ORIENTED_EDGE('',*,*,#8371,.F.);
#8605 = ORIENTED_EDGE('',*,*,#8606,.F.);
#8606 = EDGE_CURVE('',#8147,#8364,#8607,.T.);
#8607 = LINE('',#8608,#8609);
#8608 = CARTESIAN_POINT('',(-7.5E-02,0.82,-2.78));
#8609 = VECTOR('',#8610,1.);
#8610 = DIRECTION('',(1.,0.,0.));
#8611 = ORIENTED_EDGE('',*,*,#8146,.T.);
#8612 = ORIENTED_EDGE('',*,*,#4313,.T.);
#8613 = PLANE('',#8614);
#8614 = AXIS2_PLACEMENT_3D('',#8615,#8616,#8617);
#8615 = CARTESIAN_POINT('',(-7.5E-02,0.82,-2.78));
#8616 = DIRECTION('',(0.,0.996129850025,-8.789381029636E-02));
#8617 = DIRECTION('',(-1.,0.,0.));
#8618 = ADVANCED_FACE('',(#8619),#8630,.T.);
#8619 = FACE_BOUND('',#8620,.T.);
#8620 = EDGE_LOOP('',(#8621,#8622,#8628,#8629));
#8621 = ORIENTED_EDGE('',*,*,#8192,.T.);
#8622 = ORIENTED_EDGE('',*,*,#8623,.T.);
#8623 = EDGE_CURVE('',#8185,#8387,#8624,.T.);
#8624 = LINE('',#8625,#8626);
#8625 = CARTESIAN_POINT('',(-7.5E-02,0.88,-2.1));
#8626 = VECTOR('',#8627,1.);
#8627 = DIRECTION('',(1.,0.,0.));
#8628 = ORIENTED_EDGE('',*,*,#8386,.F.);
#8629 = ORIENTED_EDGE('',*,*,#5327,.F.);
#8630 = PLANE('',#8631);
#8631 = AXIS2_PLACEMENT_3D('',#8632,#8633,#8634);
#8632 = CARTESIAN_POINT('',(-7.5E-02,0.82,-2.78));
#8633 = DIRECTION('',(0.,0.996129850025,-8.789381029636E-02));
#8634 = DIRECTION('',(-1.,0.,0.));
#8635 = ADVANCED_FACE('',(#8636),#8647,.T.);
#8636 = FACE_BOUND('',#8637,.T.);
#8637 = EDGE_LOOP('',(#8638,#8639,#8640,#8646));
#8638 = ORIENTED_EDGE('',*,*,#8606,.T.);
#8639 = ORIENTED_EDGE('',*,*,#8363,.F.);
#8640 = ORIENTED_EDGE('',*,*,#8641,.F.);
#8641 = EDGE_CURVE('',#8155,#8356,#8642,.T.);
#8642 = LINE('',#8643,#8644);
#8643 = CARTESIAN_POINT('',(-7.5E-02,0.7,-2.78));
#8644 = VECTOR('',#8645,1.);
#8645 = DIRECTION('',(1.,0.,0.));
#8646 = ORIENTED_EDGE('',*,*,#8154,.T.);
#8647 = PLANE('',#8648);
#8648 = AXIS2_PLACEMENT_3D('',#8649,#8650,#8651);
#8649 = CARTESIAN_POINT('',(-7.5E-02,0.7,-2.78));
#8650 = DIRECTION('',(0.,0.,-1.));
#8651 = DIRECTION('',(0.,-1.,0.));
#8652 = ADVANCED_FACE('',(#8653),#8659,.T.);
#8653 = FACE_BOUND('',#8654,.T.);
#8654 = EDGE_LOOP('',(#8655,#8656,#8657,#8658));
#8655 = ORIENTED_EDGE('',*,*,#8162,.T.);
#8656 = ORIENTED_EDGE('',*,*,#8641,.T.);
#8657 = ORIENTED_EDGE('',*,*,#8355,.F.);
#8658 = ORIENTED_EDGE('',*,*,#4295,.F.);
#8659 = PLANE('',#8660);
#8660 = AXIS2_PLACEMENT_3D('',#8661,#8662,#8663);
#8661 = CARTESIAN_POINT('',(-7.5E-02,0.7,-0.663455092367));
#8662 = DIRECTION('',(0.,-1.,0.));
#8663 = DIRECTION('',(0.,0.,-1.));
#8664 = ADVANCED_FACE('',(#8665),#8671,.T.);
#8665 = FACE_BOUND('',#8666,.T.);
#8666 = EDGE_LOOP('',(#8667,#8668,#8669,#8670));
#8667 = ORIENTED_EDGE('',*,*,#8401,.F.);
#8668 = ORIENTED_EDGE('',*,*,#1574,.F.);
#8669 = ORIENTED_EDGE('',*,*,#8177,.T.);
#8670 = ORIENTED_EDGE('',*,*,#5345,.T.);
#8671 = PLANE('',#8672);
#8672 = AXIS2_PLACEMENT_3D('',#8673,#8674,#8675);
#8673 = CARTESIAN_POINT('',(-7.5E-02,0.7,-0.663455092367));
#8674 = DIRECTION('',(0.,-1.,0.));
#8675 = DIRECTION('',(0.,0.,-1.));
#8676 = ADVANCED_FACE('',(#8677),#8683,.T.);
#8677 = FACE_BOUND('',#8678,.T.);
#8678 = EDGE_LOOP('',(#8679,#8680,#8681,#8682));
#8679 = ORIENTED_EDGE('',*,*,#1592,.T.);
#8680 = ORIENTED_EDGE('',*,*,#8394,.F.);
#8681 = ORIENTED_EDGE('',*,*,#8623,.F.);
#8682 = ORIENTED_EDGE('',*,*,#8184,.T.);
#8683 = PLANE('',#8684);
#8684 = AXIS2_PLACEMENT_3D('',#8685,#8686,#8687);
#8685 = CARTESIAN_POINT('',(-7.5E-02,0.88,-2.1));
#8686 = DIRECTION('',(-0.,1.,0.));
#8687 = DIRECTION('',(1.,0.,0.));
#8688 = ADVANCED_FACE('',(#8689),#8741,.F.);
#8689 = FACE_BOUND('',#8690,.T.);
#8690 = EDGE_LOOP('',(#8691,#8692,#8693,#8694,#8702,#8710,#8718,#8726,
    #8734,#8740));
#8691 = ORIENTED_EDGE('',*,*,#3420,.T.);
#8692 = ORIENTED_EDGE('',*,*,#3654,.F.);
#8693 = ORIENTED_EDGE('',*,*,#1455,.T.);
#8694 = ORIENTED_EDGE('',*,*,#8695,.F.);
#8695 = EDGE_CURVE('',#8696,#1448,#8698,.T.);
#8696 = VERTEX_POINT('',#8697);
#8697 = CARTESIAN_POINT('',(-0.575,0.27,-3.35));
#8698 = LINE('',#8699,#8700);
#8699 = CARTESIAN_POINT('',(-0.575,0.27,-3.35));
#8700 = VECTOR('',#8701,1.);
#8701 = DIRECTION('',(0.,0.,1.));
#8702 = ORIENTED_EDGE('',*,*,#8703,.F.);
#8703 = EDGE_CURVE('',#8704,#8696,#8706,.T.);
#8704 = VERTEX_POINT('',#8705);
#8705 = CARTESIAN_POINT('',(-0.575,0.17,-3.35));
#8706 = LINE('',#8707,#8708);
#8707 = CARTESIAN_POINT('',(-0.575,0.17,-3.35));
#8708 = VECTOR('',#8709,1.);
#8709 = DIRECTION('',(0.,1.,0.));
#8710 = ORIENTED_EDGE('',*,*,#8711,.F.);
#8711 = EDGE_CURVE('',#8712,#8704,#8714,.T.);
#8712 = VERTEX_POINT('',#8713);
#8713 = CARTESIAN_POINT('',(-0.575,0.17,-3.55));
#8714 = LINE('',#8715,#8716);
#8715 = CARTESIAN_POINT('',(-0.575,0.17,-3.55));
#8716 = VECTOR('',#8717,1.);
#8717 = DIRECTION('',(0.,0.,1.));
#8718 = ORIENTED_EDGE('',*,*,#8719,.F.);
#8719 = EDGE_CURVE('',#8720,#8712,#8722,.T.);
#8720 = VERTEX_POINT('',#8721);
#8721 = CARTESIAN_POINT('',(-0.575,-2.E-02,-3.55));
#8722 = LINE('',#8723,#8724);
#8723 = CARTESIAN_POINT('',(-0.575,-2.E-02,-3.55));
#8724 = VECTOR('',#8725,1.);
#8725 = DIRECTION('',(0.,1.,0.));
#8726 = ORIENTED_EDGE('',*,*,#8727,.F.);
#8727 = EDGE_CURVE('',#8728,#8720,#8730,.T.);
#8728 = VERTEX_POINT('',#8729);
#8729 = CARTESIAN_POINT('',(-0.575,-2.E-02,-3.05));
#8730 = LINE('',#8731,#8732);
#8731 = CARTESIAN_POINT('',(-0.575,-2.E-02,-3.05));
#8732 = VECTOR('',#8733,1.);
#8733 = DIRECTION('',(0.,0.,-1.));
#8734 = ORIENTED_EDGE('',*,*,#8735,.F.);
#8735 = EDGE_CURVE('',#2532,#8728,#8736,.T.);
#8736 = LINE('',#8737,#8738);
#8737 = CARTESIAN_POINT('',(-0.575,4.E-02,-3.05));
#8738 = VECTOR('',#8739,1.);
#8739 = DIRECTION('',(0.,-1.,0.));
#8740 = ORIENTED_EDGE('',*,*,#2531,.T.);
#8741 = PLANE('',#8742);
#8742 = AXIS2_PLACEMENT_3D('',#8743,#8744,#8745);
#8743 = CARTESIAN_POINT('',(-0.575,0.,0.));
#8744 = DIRECTION('',(1.,0.,0.));
#8745 = DIRECTION('',(-0.,1.,0.));
#8746 = ADVANCED_FACE('',(#8747),#8782,.F.);
#8747 = FACE_BOUND('',#8748,.T.);
#8748 = EDGE_LOOP('',(#8749,#8758,#8766,#8775,#8781));
#8749 = ORIENTED_EDGE('',*,*,#8750,.F.);
#8750 = EDGE_CURVE('',#8751,#6992,#8753,.T.);
#8751 = VERTEX_POINT('',#8752);
#8752 = CARTESIAN_POINT('',(-0.575,0.685711504387,-0.632813314642));
#8753 = CIRCLE('',#8754,4.E-02);
#8754 = AXIS2_PLACEMENT_3D('',#8755,#8756,#8757);
#8755 = CARTESIAN_POINT('',(-0.575,0.66,-0.663455092367));
#8756 = DIRECTION('',(-1.,0.,0.));
#8757 = DIRECTION('',(0.,0.642787609687,0.766044443119));
#8758 = ORIENTED_EDGE('',*,*,#8759,.F.);
#8759 = EDGE_CURVE('',#8760,#8751,#8762,.T.);
#8760 = VERTEX_POINT('',#8761);
#8761 = CARTESIAN_POINT('',(-0.575,0.659288495613,-0.610641777725));
#8762 = LINE('',#8763,#8764);
#8763 = CARTESIAN_POINT('',(-0.575,0.659288495613,-0.610641777725));
#8764 = VECTOR('',#8765,1.);
#8765 = DIRECTION('',(0.,0.766044443119,-0.642787609687));
#8766 = ORIENTED_EDGE('',*,*,#8767,.F.);
#8767 = EDGE_CURVE('',#8768,#8760,#8770,.T.);
#8768 = VERTEX_POINT('',#8769);
#8769 = CARTESIAN_POINT('',(-0.575,0.647587391124,-0.565847378437));
#8770 = CIRCLE('',#8771,4.E-02);
#8771 = AXIS2_PLACEMENT_3D('',#8772,#8773,#8774);
#8772 = CARTESIAN_POINT('',(-0.575,0.685,-0.58));
#8773 = DIRECTION('',(1.,0.,0.));
#8774 = DIRECTION('',(0.,-0.935315221896,0.353815539072));
#8775 = ORIENTED_EDGE('',*,*,#8776,.F.);
#8776 = EDGE_CURVE('',#6974,#8768,#8777,.T.);
#8777 = LINE('',#8778,#8779);
#8778 = CARTESIAN_POINT('',(-0.575,0.7,-0.427294077388));
#8779 = VECTOR('',#8780,1.);
#8780 = DIRECTION('',(0.,-0.353815539072,-0.935315221896));
#8781 = ORIENTED_EDGE('',*,*,#6999,.F.);
#8782 = PLANE('',#8783);
#8783 = AXIS2_PLACEMENT_3D('',#8784,#8785,#8786);
#8784 = CARTESIAN_POINT('',(-0.575,0.,0.));
#8785 = DIRECTION('',(1.,0.,0.));
#8786 = DIRECTION('',(-0.,1.,0.));
#8787 = ADVANCED_FACE('',(#8788),#8814,.F.);
#8788 = FACE_BOUND('',#8789,.T.);
#8789 = EDGE_LOOP('',(#8790,#8798,#8807,#8813));
#8790 = ORIENTED_EDGE('',*,*,#8791,.F.);
#8791 = EDGE_CURVE('',#8792,#7255,#8794,.T.);
#8792 = VERTEX_POINT('',#8793);
#8793 = CARTESIAN_POINT('',(-0.575,0.344662000977,-0.560036390902));
#8794 = LINE('',#8795,#8796);
#8795 = CARTESIAN_POINT('',(-0.575,0.344662000977,-0.560036390902));
#8796 = VECTOR('',#8797,1.);
#8797 = DIRECTION('',(0.,-0.499090227459,0.866550024439));
#8798 = ORIENTED_EDGE('',*,*,#8799,.F.);
#8799 = EDGE_CURVE('',#8800,#8792,#8802,.T.);
#8800 = VERTEX_POINT('',#8801);
#8801 = CARTESIAN_POINT('',(-0.575,0.335711504388,-0.610641777725));
#8802 = CIRCLE('',#8803,4.E-02);
#8803 = AXIS2_PLACEMENT_3D('',#8804,#8805,#8806);
#8804 = CARTESIAN_POINT('',(-0.575,0.31,-0.58));
#8805 = DIRECTION('',(1.,0.,0.));
#8806 = DIRECTION('',(0.,0.642787609687,-0.766044443119));
#8807 = ORIENTED_EDGE('',*,*,#8808,.F.);
#8808 = EDGE_CURVE('',#7237,#8800,#8809,.T.);
#8809 = LINE('',#8810,#8811);
#8810 = CARTESIAN_POINT('',(-0.575,0.29,-0.648998284197));
#8811 = VECTOR('',#8812,1.);
#8812 = DIRECTION('',(0.,0.766044443119,0.642787609687));
#8813 = ORIENTED_EDGE('',*,*,#7262,.T.);
#8814 = PLANE('',#8815);
#8815 = AXIS2_PLACEMENT_3D('',#8816,#8817,#8818);
#8816 = CARTESIAN_POINT('',(-0.575,0.,0.));
#8817 = DIRECTION('',(1.,0.,0.));
#8818 = DIRECTION('',(-0.,1.,0.));
#8819 = ADVANCED_FACE('',(#8820),#8845,.F.);
#8820 = FACE_BOUND('',#8821,.T.);
#8821 = EDGE_LOOP('',(#8822,#8830,#8838,#8844));
#8822 = ORIENTED_EDGE('',*,*,#8823,.F.);
#8823 = EDGE_CURVE('',#8824,#4348,#8826,.T.);
#8824 = VERTEX_POINT('',#8825);
#8825 = CARTESIAN_POINT('',(-0.575,0.82,-2.78));
#8826 = LINE('',#8827,#8828);
#8827 = CARTESIAN_POINT('',(-0.575,0.82,-2.78));
#8828 = VECTOR('',#8829,1.);
#8829 = DIRECTION('',(0.,8.789381029636E-02,0.996129850025));
#8830 = ORIENTED_EDGE('',*,*,#8831,.F.);
#8831 = EDGE_CURVE('',#8832,#8824,#8834,.T.);
#8832 = VERTEX_POINT('',#8833);
#8833 = CARTESIAN_POINT('',(-0.575,0.7,-2.78));
#8834 = LINE('',#8835,#8836);
#8835 = CARTESIAN_POINT('',(-0.575,0.7,-2.78));
#8836 = VECTOR('',#8837,1.);
#8837 = DIRECTION('',(0.,1.,0.));
#8838 = ORIENTED_EDGE('',*,*,#8839,.F.);
#8839 = EDGE_CURVE('',#4330,#8832,#8840,.T.);
#8840 = LINE('',#8841,#8842);
#8841 = CARTESIAN_POINT('',(-0.575,0.7,-2.716590384437));
#8842 = VECTOR('',#8843,1.);
#8843 = DIRECTION('',(0.,0.,-1.));
#8844 = ORIENTED_EDGE('',*,*,#4355,.T.);
#8845 = PLANE('',#8846);
#8846 = AXIS2_PLACEMENT_3D('',#8847,#8848,#8849);
#8847 = CARTESIAN_POINT('',(-0.575,0.,0.));
#8848 = DIRECTION('',(1.,0.,0.));
#8849 = DIRECTION('',(-0.,1.,0.));
#8850 = ADVANCED_FACE('',(#8851),#8875,.F.);
#8851 = FACE_BOUND('',#8852,.T.);
#8852 = EDGE_LOOP('',(#8853,#8859,#8860,#8868,#8874));
#8853 = ORIENTED_EDGE('',*,*,#8854,.F.);
#8854 = EDGE_CURVE('',#1609,#5380,#8855,.T.);
#8855 = LINE('',#8856,#8857);
#8856 = CARTESIAN_POINT('',(-0.575,0.7,-1.9));
#8857 = VECTOR('',#8858,1.);
#8858 = DIRECTION('',(0.,0.,-1.));
#8859 = ORIENTED_EDGE('',*,*,#1634,.T.);
#8860 = ORIENTED_EDGE('',*,*,#8861,.F.);
#8861 = EDGE_CURVE('',#8862,#1627,#8864,.T.);
#8862 = VERTEX_POINT('',#8863);
#8863 = CARTESIAN_POINT('',(-0.575,0.88,-2.1));
#8864 = LINE('',#8865,#8866);
#8865 = CARTESIAN_POINT('',(-0.575,0.88,-2.1));
#8866 = VECTOR('',#8867,1.);
#8867 = DIRECTION('',(0.,0.,1.));
#8868 = ORIENTED_EDGE('',*,*,#8869,.F.);
#8869 = EDGE_CURVE('',#5362,#8862,#8870,.T.);
#8870 = LINE('',#8871,#8872);
#8871 = CARTESIAN_POINT('',(-0.575,0.868579769028,-2.229429284355));
#8872 = VECTOR('',#8873,1.);
#8873 = DIRECTION('',(0.,8.789381029636E-02,0.996129850025));
#8874 = ORIENTED_EDGE('',*,*,#5387,.F.);
#8875 = PLANE('',#8876);
#8876 = AXIS2_PLACEMENT_3D('',#8877,#8878,#8879);
#8877 = CARTESIAN_POINT('',(-0.575,0.,0.));
#8878 = DIRECTION('',(1.,0.,0.));
#8879 = DIRECTION('',(-0.,1.,0.));
#8880 = ADVANCED_FACE('',(#8881),#8899,.T.);
#8881 = FACE_BOUND('',#8882,.T.);
#8882 = EDGE_LOOP('',(#8883,#8884,#8892,#8898));
#8883 = ORIENTED_EDGE('',*,*,#8735,.T.);
#8884 = ORIENTED_EDGE('',*,*,#8885,.T.);
#8885 = EDGE_CURVE('',#8728,#8886,#8888,.T.);
#8886 = VERTEX_POINT('',#8887);
#8887 = CARTESIAN_POINT('',(-0.425,-2.E-02,-3.05));
#8888 = LINE('',#8889,#8890);
#8889 = CARTESIAN_POINT('',(-0.575,-2.E-02,-3.05));
#8890 = VECTOR('',#8891,1.);
#8891 = DIRECTION('',(1.,0.,0.));
#8892 = ORIENTED_EDGE('',*,*,#8893,.F.);
#8893 = EDGE_CURVE('',#2540,#8886,#8894,.T.);
#8894 = LINE('',#8895,#8896);
#8895 = CARTESIAN_POINT('',(-0.425,4.E-02,-3.05));
#8896 = VECTOR('',#8897,1.);
#8897 = DIRECTION('',(0.,-1.,0.));
#8898 = ORIENTED_EDGE('',*,*,#2539,.F.);
#8899 = PLANE('',#8900);
#8900 = AXIS2_PLACEMENT_3D('',#8901,#8902,#8903);
#8901 = CARTESIAN_POINT('',(-0.575,0.13,-3.05));
#8902 = DIRECTION('',(0.,0.,1.));
#8903 = DIRECTION('',(1.,0.,-0.));
#8904 = ADVANCED_FACE('',(#8905),#8950,.T.);
#8905 = FACE_BOUND('',#8906,.T.);
#8906 = EDGE_LOOP('',(#8907,#8908,#8916,#8924,#8932,#8940,#8946,#8947,
    #8948,#8949));
#8907 = ORIENTED_EDGE('',*,*,#8893,.T.);
#8908 = ORIENTED_EDGE('',*,*,#8909,.T.);
#8909 = EDGE_CURVE('',#8886,#8910,#8912,.T.);
#8910 = VERTEX_POINT('',#8911);
#8911 = CARTESIAN_POINT('',(-0.425,-2.E-02,-3.55));
#8912 = LINE('',#8913,#8914);
#8913 = CARTESIAN_POINT('',(-0.425,-2.E-02,-3.05));
#8914 = VECTOR('',#8915,1.);
#8915 = DIRECTION('',(0.,0.,-1.));
#8916 = ORIENTED_EDGE('',*,*,#8917,.T.);
#8917 = EDGE_CURVE('',#8910,#8918,#8920,.T.);
#8918 = VERTEX_POINT('',#8919);
#8919 = CARTESIAN_POINT('',(-0.425,0.17,-3.55));
#8920 = LINE('',#8921,#8922);
#8921 = CARTESIAN_POINT('',(-0.425,-2.E-02,-3.55));
#8922 = VECTOR('',#8923,1.);
#8923 = DIRECTION('',(0.,1.,0.));
#8924 = ORIENTED_EDGE('',*,*,#8925,.T.);
#8925 = EDGE_CURVE('',#8918,#8926,#8928,.T.);
#8926 = VERTEX_POINT('',#8927);
#8927 = CARTESIAN_POINT('',(-0.425,0.17,-3.35));
#8928 = LINE('',#8929,#8930);
#8929 = CARTESIAN_POINT('',(-0.425,0.17,-3.55));
#8930 = VECTOR('',#8931,1.);
#8931 = DIRECTION('',(0.,0.,1.));
#8932 = ORIENTED_EDGE('',*,*,#8933,.T.);
#8933 = EDGE_CURVE('',#8926,#8934,#8936,.T.);
#8934 = VERTEX_POINT('',#8935);
#8935 = CARTESIAN_POINT('',(-0.425,0.27,-3.35));
#8936 = LINE('',#8937,#8938);
#8937 = CARTESIAN_POINT('',(-0.425,0.17,-3.35));
#8938 = VECTOR('',#8939,1.);
#8939 = DIRECTION('',(0.,1.,0.));
#8940 = ORIENTED_EDGE('',*,*,#8941,.T.);
#8941 = EDGE_CURVE('',#8934,#1440,#8942,.T.);
#8942 = LINE('',#8943,#8944);
#8943 = CARTESIAN_POINT('',(-0.425,0.27,-3.35));
#8944 = VECTOR('',#8945,1.);
#8945 = DIRECTION('',(0.,0.,1.));
#8946 = ORIENTED_EDGE('',*,*,#1439,.F.);
#8947 = ORIENTED_EDGE('',*,*,#3566,.T.);
#8948 = ORIENTED_EDGE('',*,*,#3374,.F.);
#8949 = ORIENTED_EDGE('',*,*,#2547,.F.);
#8950 = PLANE('',#8951);
#8951 = AXIS2_PLACEMENT_3D('',#8952,#8953,#8954);
#8952 = CARTESIAN_POINT('',(-0.425,0.,0.));
#8953 = DIRECTION('',(1.,0.,0.));
#8954 = DIRECTION('',(-0.,1.,0.));
#8955 = ADVANCED_FACE('',(#8956),#8991,.T.);
#8956 = FACE_BOUND('',#8957,.T.);
#8957 = EDGE_LOOP('',(#8958,#8966,#8975,#8983,#8990));
#8958 = ORIENTED_EDGE('',*,*,#8959,.T.);
#8959 = EDGE_CURVE('',#6976,#8960,#8962,.T.);
#8960 = VERTEX_POINT('',#8961);
#8961 = CARTESIAN_POINT('',(-0.425,0.647587391124,-0.565847378437));
#8962 = LINE('',#8963,#8964);
#8963 = CARTESIAN_POINT('',(-0.425,0.7,-0.427294077388));
#8964 = VECTOR('',#8965,1.);
#8965 = DIRECTION('',(0.,-0.353815539072,-0.935315221896));
#8966 = ORIENTED_EDGE('',*,*,#8967,.T.);
#8967 = EDGE_CURVE('',#8960,#8968,#8970,.T.);
#8968 = VERTEX_POINT('',#8969);
#8969 = CARTESIAN_POINT('',(-0.425,0.659288495613,-0.610641777725));
#8970 = CIRCLE('',#8971,4.E-02);
#8971 = AXIS2_PLACEMENT_3D('',#8972,#8973,#8974);
#8972 = CARTESIAN_POINT('',(-0.425,0.685,-0.58));
#8973 = DIRECTION('',(1.,0.,0.));
#8974 = DIRECTION('',(0.,-0.935315221896,0.353815539072));
#8975 = ORIENTED_EDGE('',*,*,#8976,.T.);
#8976 = EDGE_CURVE('',#8968,#8977,#8979,.T.);
#8977 = VERTEX_POINT('',#8978);
#8978 = CARTESIAN_POINT('',(-0.425,0.685711504387,-0.632813314642));
#8979 = LINE('',#8980,#8981);
#8980 = CARTESIAN_POINT('',(-0.425,0.659288495613,-0.610641777725));
#8981 = VECTOR('',#8982,1.);
#8982 = DIRECTION('',(0.,0.766044443119,-0.642787609687));
#8983 = ORIENTED_EDGE('',*,*,#8984,.T.);
#8984 = EDGE_CURVE('',#8977,#6984,#8985,.T.);
#8985 = CIRCLE('',#8986,4.E-02);
#8986 = AXIS2_PLACEMENT_3D('',#8987,#8988,#8989);
#8987 = CARTESIAN_POINT('',(-0.425,0.66,-0.663455092367));
#8988 = DIRECTION('',(-1.,0.,0.));
#8989 = DIRECTION('',(0.,0.642787609687,0.766044443119));
#8990 = ORIENTED_EDGE('',*,*,#6983,.T.);
#8991 = PLANE('',#8992);
#8992 = AXIS2_PLACEMENT_3D('',#8993,#8994,#8995);
#8993 = CARTESIAN_POINT('',(-0.425,0.,0.));
#8994 = DIRECTION('',(1.,0.,0.));
#8995 = DIRECTION('',(-0.,1.,0.));
#8996 = ADVANCED_FACE('',(#8997),#9023,.T.);
#8997 = FACE_BOUND('',#8998,.T.);
#8998 = EDGE_LOOP('',(#8999,#9007,#9016,#9022));
#8999 = ORIENTED_EDGE('',*,*,#9000,.T.);
#9000 = EDGE_CURVE('',#7239,#9001,#9003,.T.);
#9001 = VERTEX_POINT('',#9002);
#9002 = CARTESIAN_POINT('',(-0.425,0.335711504388,-0.610641777725));
#9003 = LINE('',#9004,#9005);
#9004 = CARTESIAN_POINT('',(-0.425,0.29,-0.648998284197));
#9005 = VECTOR('',#9006,1.);
#9006 = DIRECTION('',(0.,0.766044443119,0.642787609687));
#9007 = ORIENTED_EDGE('',*,*,#9008,.T.);
#9008 = EDGE_CURVE('',#9001,#9009,#9011,.T.);
#9009 = VERTEX_POINT('',#9010);
#9010 = CARTESIAN_POINT('',(-0.425,0.344662000977,-0.560036390902));
#9011 = CIRCLE('',#9012,4.E-02);
#9012 = AXIS2_PLACEMENT_3D('',#9013,#9014,#9015);
#9013 = CARTESIAN_POINT('',(-0.425,0.31,-0.58));
#9014 = DIRECTION('',(1.,0.,0.));
#9015 = DIRECTION('',(0.,0.642787609687,-0.766044443119));
#9016 = ORIENTED_EDGE('',*,*,#9017,.T.);
#9017 = EDGE_CURVE('',#9009,#7247,#9018,.T.);
#9018 = LINE('',#9019,#9020);
#9019 = CARTESIAN_POINT('',(-0.425,0.344662000977,-0.560036390902));
#9020 = VECTOR('',#9021,1.);
#9021 = DIRECTION('',(0.,-0.499090227459,0.866550024439));
#9022 = ORIENTED_EDGE('',*,*,#7246,.F.);
#9023 = PLANE('',#9024);
#9024 = AXIS2_PLACEMENT_3D('',#9025,#9026,#9027);
#9025 = CARTESIAN_POINT('',(-0.425,0.,0.));
#9026 = DIRECTION('',(1.,0.,0.));
#9027 = DIRECTION('',(-0.,1.,0.));
#9028 = ADVANCED_FACE('',(#9029),#9054,.T.);
#9029 = FACE_BOUND('',#9030,.T.);
#9030 = EDGE_LOOP('',(#9031,#9039,#9047,#9053));
#9031 = ORIENTED_EDGE('',*,*,#9032,.T.);
#9032 = EDGE_CURVE('',#4332,#9033,#9035,.T.);
#9033 = VERTEX_POINT('',#9034);
#9034 = CARTESIAN_POINT('',(-0.425,0.7,-2.78));
#9035 = LINE('',#9036,#9037);
#9036 = CARTESIAN_POINT('',(-0.425,0.7,-2.716590384437));
#9037 = VECTOR('',#9038,1.);
#9038 = DIRECTION('',(0.,0.,-1.));
#9039 = ORIENTED_EDGE('',*,*,#9040,.T.);
#9040 = EDGE_CURVE('',#9033,#9041,#9043,.T.);
#9041 = VERTEX_POINT('',#9042);
#9042 = CARTESIAN_POINT('',(-0.425,0.82,-2.78));
#9043 = LINE('',#9044,#9045);
#9044 = CARTESIAN_POINT('',(-0.425,0.7,-2.78));
#9045 = VECTOR('',#9046,1.);
#9046 = DIRECTION('',(0.,1.,0.));
#9047 = ORIENTED_EDGE('',*,*,#9048,.T.);
#9048 = EDGE_CURVE('',#9041,#4340,#9049,.T.);
#9049 = LINE('',#9050,#9051);
#9050 = CARTESIAN_POINT('',(-0.425,0.82,-2.78));
#9051 = VECTOR('',#9052,1.);
#9052 = DIRECTION('',(0.,8.789381029636E-02,0.996129850025));
#9053 = ORIENTED_EDGE('',*,*,#4339,.F.);
#9054 = PLANE('',#9055);
#9055 = AXIS2_PLACEMENT_3D('',#9056,#9057,#9058);
#9056 = CARTESIAN_POINT('',(-0.425,0.,0.));
#9057 = DIRECTION('',(1.,0.,0.));
#9058 = DIRECTION('',(-0.,1.,0.));
#9059 = ADVANCED_FACE('',(#9060),#9084,.T.);
#9060 = FACE_BOUND('',#9061,.T.);
#9061 = EDGE_LOOP('',(#9062,#9070,#9076,#9077,#9083));
#9062 = ORIENTED_EDGE('',*,*,#9063,.T.);
#9063 = EDGE_CURVE('',#5364,#9064,#9066,.T.);
#9064 = VERTEX_POINT('',#9065);
#9065 = CARTESIAN_POINT('',(-0.425,0.88,-2.1));
#9066 = LINE('',#9067,#9068);
#9067 = CARTESIAN_POINT('',(-0.425,0.868579769028,-2.229429284355));
#9068 = VECTOR('',#9069,1.);
#9069 = DIRECTION('',(0.,8.789381029636E-02,0.996129850025));
#9070 = ORIENTED_EDGE('',*,*,#9071,.T.);
#9071 = EDGE_CURVE('',#9064,#1619,#9072,.T.);
#9072 = LINE('',#9073,#9074);
#9073 = CARTESIAN_POINT('',(-0.425,0.88,-2.1));
#9074 = VECTOR('',#9075,1.);
#9075 = DIRECTION('',(0.,0.,1.));
#9076 = ORIENTED_EDGE('',*,*,#1618,.F.);
#9077 = ORIENTED_EDGE('',*,*,#9078,.T.);
#9078 = EDGE_CURVE('',#1611,#5372,#9079,.T.);
#9079 = LINE('',#9080,#9081);
#9080 = CARTESIAN_POINT('',(-0.425,0.7,-1.9));
#9081 = VECTOR('',#9082,1.);
#9082 = DIRECTION('',(0.,0.,-1.));
#9083 = ORIENTED_EDGE('',*,*,#5371,.T.);
#9084 = PLANE('',#9085);
#9085 = AXIS2_PLACEMENT_3D('',#9086,#9087,#9088);
#9086 = CARTESIAN_POINT('',(-0.425,0.,0.));
#9087 = DIRECTION('',(1.,0.,0.));
#9088 = DIRECTION('',(-0.,1.,0.));
#9089 = ADVANCED_FACE('',(#9090),#9101,.T.);
#9090 = FACE_BOUND('',#9091,.T.);
#9091 = EDGE_LOOP('',(#9092,#9093,#9099,#9100));
#9092 = ORIENTED_EDGE('',*,*,#8941,.F.);
#9093 = ORIENTED_EDGE('',*,*,#9094,.F.);
#9094 = EDGE_CURVE('',#8696,#8934,#9095,.T.);
#9095 = LINE('',#9096,#9097);
#9096 = CARTESIAN_POINT('',(-0.575,0.27,-3.35));
#9097 = VECTOR('',#9098,1.);
#9098 = DIRECTION('',(1.,0.,0.));
#9099 = ORIENTED_EDGE('',*,*,#8695,.T.);
#9100 = ORIENTED_EDGE('',*,*,#1447,.T.);
#9101 = PLANE('',#9102);
#9102 = AXIS2_PLACEMENT_3D('',#9103,#9104,#9105);
#9103 = CARTESIAN_POINT('',(-0.575,0.27,-3.35));
#9104 = DIRECTION('',(-0.,1.,0.));
#9105 = DIRECTION('',(1.,0.,0.));
#9106 = ADVANCED_FACE('',(#9107),#9118,.T.);
#9107 = FACE_BOUND('',#9108,.T.);
#9108 = EDGE_LOOP('',(#9109,#9110,#9111,#9117));
#9109 = ORIENTED_EDGE('',*,*,#9094,.T.);
#9110 = ORIENTED_EDGE('',*,*,#8933,.F.);
#9111 = ORIENTED_EDGE('',*,*,#9112,.F.);
#9112 = EDGE_CURVE('',#8704,#8926,#9113,.T.);
#9113 = LINE('',#9114,#9115);
#9114 = CARTESIAN_POINT('',(-0.575,0.17,-3.35));
#9115 = VECTOR('',#9116,1.);
#9116 = DIRECTION('',(1.,0.,0.));
#9117 = ORIENTED_EDGE('',*,*,#8703,.T.);
#9118 = PLANE('',#9119);
#9119 = AXIS2_PLACEMENT_3D('',#9120,#9121,#9122);
#9120 = CARTESIAN_POINT('',(-0.575,0.17,-3.35));
#9121 = DIRECTION('',(0.,0.,-1.));
#9122 = DIRECTION('',(0.,-1.,0.));
#9123 = ADVANCED_FACE('',(#9124),#9135,.T.);
#9124 = FACE_BOUND('',#9125,.T.);
#9125 = EDGE_LOOP('',(#9126,#9127,#9128,#9134));
#9126 = ORIENTED_EDGE('',*,*,#9112,.T.);
#9127 = ORIENTED_EDGE('',*,*,#8925,.F.);
#9128 = ORIENTED_EDGE('',*,*,#9129,.F.);
#9129 = EDGE_CURVE('',#8712,#8918,#9130,.T.);
#9130 = LINE('',#9131,#9132);
#9131 = CARTESIAN_POINT('',(-0.575,0.17,-3.55));
#9132 = VECTOR('',#9133,1.);
#9133 = DIRECTION('',(1.,0.,0.));
#9134 = ORIENTED_EDGE('',*,*,#8711,.T.);
#9135 = PLANE('',#9136);
#9136 = AXIS2_PLACEMENT_3D('',#9137,#9138,#9139);
#9137 = CARTESIAN_POINT('',(-0.575,0.17,-3.55));
#9138 = DIRECTION('',(-0.,1.,0.));
#9139 = DIRECTION('',(1.,0.,0.));
#9140 = ADVANCED_FACE('',(#9141),#9152,.T.);
#9141 = FACE_BOUND('',#9142,.T.);
#9142 = EDGE_LOOP('',(#9143,#9144,#9145,#9151));
#9143 = ORIENTED_EDGE('',*,*,#9129,.T.);
#9144 = ORIENTED_EDGE('',*,*,#8917,.F.);
#9145 = ORIENTED_EDGE('',*,*,#9146,.F.);
#9146 = EDGE_CURVE('',#8720,#8910,#9147,.T.);
#9147 = LINE('',#9148,#9149);
#9148 = CARTESIAN_POINT('',(-0.575,-2.E-02,-3.55));
#9149 = VECTOR('',#9150,1.);
#9150 = DIRECTION('',(1.,0.,0.));
#9151 = ORIENTED_EDGE('',*,*,#8719,.T.);
#9152 = PLANE('',#9153);
#9153 = AXIS2_PLACEMENT_3D('',#9154,#9155,#9156);
#9154 = CARTESIAN_POINT('',(-0.575,-2.E-02,-3.55));
#9155 = DIRECTION('',(0.,0.,-1.));
#9156 = DIRECTION('',(0.,-1.,0.));
#9157 = ADVANCED_FACE('',(#9158),#9164,.T.);
#9158 = FACE_BOUND('',#9159,.T.);
#9159 = EDGE_LOOP('',(#9160,#9161,#9162,#9163));
#9160 = ORIENTED_EDGE('',*,*,#9146,.T.);
#9161 = ORIENTED_EDGE('',*,*,#8909,.F.);
#9162 = ORIENTED_EDGE('',*,*,#8885,.F.);
#9163 = ORIENTED_EDGE('',*,*,#8727,.T.);
#9164 = PLANE('',#9165);
#9165 = AXIS2_PLACEMENT_3D('',#9166,#9167,#9168);
#9166 = CARTESIAN_POINT('',(-0.575,-2.E-02,-3.05));
#9167 = DIRECTION('',(0.,-1.,0.));
#9168 = DIRECTION('',(0.,0.,-1.));
#9169 = ADVANCED_FACE('',(#9170),#9181,.F.);
#9170 = FACE_BOUND('',#9171,.F.);
#9171 = EDGE_LOOP('',(#9172,#9173,#9174,#9180));
#9172 = ORIENTED_EDGE('',*,*,#6991,.F.);
#9173 = ORIENTED_EDGE('',*,*,#8750,.F.);
#9174 = ORIENTED_EDGE('',*,*,#9175,.T.);
#9175 = EDGE_CURVE('',#8751,#8977,#9176,.T.);
#9176 = LINE('',#9177,#9178);
#9177 = CARTESIAN_POINT('',(-0.575,0.685711504387,-0.632813314642));
#9178 = VECTOR('',#9179,1.);
#9179 = DIRECTION('',(1.,0.,0.));
#9180 = ORIENTED_EDGE('',*,*,#8984,.T.);
#9181 = CYLINDRICAL_SURFACE('',#9182,4.E-02);
#9182 = AXIS2_PLACEMENT_3D('',#9183,#9184,#9185);
#9183 = CARTESIAN_POINT('',(-0.575,0.66,-0.663455092367));
#9184 = DIRECTION('',(-1.,0.,-0.));
#9185 = DIRECTION('',(0.,0.,-1.));
#9186 = ADVANCED_FACE('',(#9187),#9198,.T.);
#9187 = FACE_BOUND('',#9188,.T.);
#9188 = EDGE_LOOP('',(#9189,#9190,#9191,#9197));
#9189 = ORIENTED_EDGE('',*,*,#9175,.T.);
#9190 = ORIENTED_EDGE('',*,*,#8976,.F.);
#9191 = ORIENTED_EDGE('',*,*,#9192,.F.);
#9192 = EDGE_CURVE('',#8760,#8968,#9193,.T.);
#9193 = LINE('',#9194,#9195);
#9194 = CARTESIAN_POINT('',(-0.575,0.659288495613,-0.610641777725));
#9195 = VECTOR('',#9196,1.);
#9196 = DIRECTION('',(1.,0.,0.));
#9197 = ORIENTED_EDGE('',*,*,#8759,.T.);
#9198 = PLANE('',#9199);
#9199 = AXIS2_PLACEMENT_3D('',#9200,#9201,#9202);
#9200 = CARTESIAN_POINT('',(-0.575,0.659288495613,-0.610641777725));
#9201 = DIRECTION('',(0.,-0.642787609687,-0.766044443119));
#9202 = DIRECTION('',(0.,-0.766044443119,0.642787609687));
#9203 = ADVANCED_FACE('',(#9204),#9215,.T.);
#9204 = FACE_BOUND('',#9205,.T.);
#9205 = EDGE_LOOP('',(#9206,#9207,#9208,#9214));
#9206 = ORIENTED_EDGE('',*,*,#9192,.T.);
#9207 = ORIENTED_EDGE('',*,*,#8967,.F.);
#9208 = ORIENTED_EDGE('',*,*,#9209,.F.);
#9209 = EDGE_CURVE('',#8768,#8960,#9210,.T.);
#9210 = LINE('',#9211,#9212);
#9211 = CARTESIAN_POINT('',(-0.575,0.647587391124,-0.565847378437));
#9212 = VECTOR('',#9213,1.);
#9213 = DIRECTION('',(1.,0.,0.));
#9214 = ORIENTED_EDGE('',*,*,#8767,.T.);
#9215 = CYLINDRICAL_SURFACE('',#9216,4.E-02);
#9216 = AXIS2_PLACEMENT_3D('',#9217,#9218,#9219);
#9217 = CARTESIAN_POINT('',(-0.575,0.685,-0.58));
#9218 = DIRECTION('',(-1.,0.,-0.));
#9219 = DIRECTION('',(0.,0.,-1.));
#9220 = ADVANCED_FACE('',(#9221),#9227,.T.);
#9221 = FACE_BOUND('',#9222,.T.);
#9222 = EDGE_LOOP('',(#9223,#9224,#9225,#9226));
#9223 = ORIENTED_EDGE('',*,*,#8776,.T.);
#9224 = ORIENTED_EDGE('',*,*,#9209,.T.);
#9225 = ORIENTED_EDGE('',*,*,#8959,.F.);
#9226 = ORIENTED_EDGE('',*,*,#6973,.F.);
#9227 = PLANE('',#9228);
#9228 = AXIS2_PLACEMENT_3D('',#9229,#9230,#9231);
#9229 = CARTESIAN_POINT('',(-0.575,0.713234238905,-0.392309223046));
#9230 = DIRECTION('',(0.,-0.935315221896,0.353815539072));
#9231 = DIRECTION('',(-1.,0.,0.));
#9232 = ADVANCED_FACE('',(#9233),#9244,.T.);
#9233 = FACE_BOUND('',#9234,.T.);
#9234 = EDGE_LOOP('',(#9235,#9236,#9242,#9243));
#9235 = ORIENTED_EDGE('',*,*,#9017,.F.);
#9236 = ORIENTED_EDGE('',*,*,#9237,.F.);
#9237 = EDGE_CURVE('',#8792,#9009,#9238,.T.);
#9238 = LINE('',#9239,#9240);
#9239 = CARTESIAN_POINT('',(-0.575,0.344662000977,-0.560036390902));
#9240 = VECTOR('',#9241,1.);
#9241 = DIRECTION('',(1.,0.,0.));
#9242 = ORIENTED_EDGE('',*,*,#8791,.T.);
#9243 = ORIENTED_EDGE('',*,*,#7254,.T.);
#9244 = PLANE('',#9245);
#9245 = AXIS2_PLACEMENT_3D('',#9246,#9247,#9248);
#9246 = CARTESIAN_POINT('',(-0.575,0.344662000977,-0.560036390902));
#9247 = DIRECTION('',(0.,0.866550024439,0.499090227459));
#9248 = DIRECTION('',(1.,0.,-0.));
#9249 = ADVANCED_FACE('',(#9250),#9261,.T.);
#9250 = FACE_BOUND('',#9251,.T.);
#9251 = EDGE_LOOP('',(#9252,#9253,#9254,#9260));
#9252 = ORIENTED_EDGE('',*,*,#9237,.T.);
#9253 = ORIENTED_EDGE('',*,*,#9008,.F.);
#9254 = ORIENTED_EDGE('',*,*,#9255,.F.);
#9255 = EDGE_CURVE('',#8800,#9001,#9256,.T.);
#9256 = LINE('',#9257,#9258);
#9257 = CARTESIAN_POINT('',(-0.575,0.335711504388,-0.610641777725));
#9258 = VECTOR('',#9259,1.);
#9259 = DIRECTION('',(1.,0.,0.));
#9260 = ORIENTED_EDGE('',*,*,#8799,.T.);
#9261 = CYLINDRICAL_SURFACE('',#9262,4.E-02);
#9262 = AXIS2_PLACEMENT_3D('',#9263,#9264,#9265);
#9263 = CARTESIAN_POINT('',(-0.575,0.31,-0.58));
#9264 = DIRECTION('',(-1.,0.,-0.));
#9265 = DIRECTION('',(0.,0.,-1.));
#9266 = ADVANCED_FACE('',(#9267),#9273,.T.);
#9267 = FACE_BOUND('',#9268,.T.);
#9268 = EDGE_LOOP('',(#9269,#9270,#9271,#9272));
#9269 = ORIENTED_EDGE('',*,*,#8808,.T.);
#9270 = ORIENTED_EDGE('',*,*,#9255,.T.);
#9271 = ORIENTED_EDGE('',*,*,#9000,.F.);
#9272 = ORIENTED_EDGE('',*,*,#7236,.F.);
#9273 = PLANE('',#9274);
#9274 = AXIS2_PLACEMENT_3D('',#9275,#9276,#9277);
#9275 = CARTESIAN_POINT('',(-0.575,0.27,-0.66578027682));
#9276 = DIRECTION('',(0.,0.642787609687,-0.766044443119));
#9277 = DIRECTION('',(-1.,0.,0.));
#9278 = ADVANCED_FACE('',(#9279),#9290,.T.);
#9279 = FACE_BOUND('',#9280,.T.);
#9280 = EDGE_LOOP('',(#9281,#9282,#9288,#9289));
#9281 = ORIENTED_EDGE('',*,*,#9048,.F.);
#9282 = ORIENTED_EDGE('',*,*,#9283,.F.);
#9283 = EDGE_CURVE('',#8824,#9041,#9284,.T.);
#9284 = LINE('',#9285,#9286);
#9285 = CARTESIAN_POINT('',(-0.575,0.82,-2.78));
#9286 = VECTOR('',#9287,1.);
#9287 = DIRECTION('',(1.,0.,0.));
#9288 = ORIENTED_EDGE('',*,*,#8823,.T.);
#9289 = ORIENTED_EDGE('',*,*,#4347,.T.);
#9290 = PLANE('',#9291);
#9291 = AXIS2_PLACEMENT_3D('',#9292,#9293,#9294);
#9292 = CARTESIAN_POINT('',(-0.575,0.82,-2.78));
#9293 = DIRECTION('',(0.,0.996129850025,-8.789381029636E-02));
#9294 = DIRECTION('',(-1.,0.,0.));
#9295 = ADVANCED_FACE('',(#9296),#9307,.T.);
#9296 = FACE_BOUND('',#9297,.T.);
#9297 = EDGE_LOOP('',(#9298,#9299,#9305,#9306));
#9298 = ORIENTED_EDGE('',*,*,#8869,.T.);
#9299 = ORIENTED_EDGE('',*,*,#9300,.T.);
#9300 = EDGE_CURVE('',#8862,#9064,#9301,.T.);
#9301 = LINE('',#9302,#9303);
#9302 = CARTESIAN_POINT('',(-0.575,0.88,-2.1));
#9303 = VECTOR('',#9304,1.);
#9304 = DIRECTION('',(1.,0.,0.));
#9305 = ORIENTED_EDGE('',*,*,#9063,.F.);
#9306 = ORIENTED_EDGE('',*,*,#5361,.F.);
#9307 = PLANE('',#9308);
#9308 = AXIS2_PLACEMENT_3D('',#9309,#9310,#9311);
#9309 = CARTESIAN_POINT('',(-0.575,0.82,-2.78));
#9310 = DIRECTION('',(0.,0.996129850025,-8.789381029636E-02));
#9311 = DIRECTION('',(-1.,0.,0.));
#9312 = ADVANCED_FACE('',(#9313),#9324,.T.);
#9313 = FACE_BOUND('',#9314,.T.);
#9314 = EDGE_LOOP('',(#9315,#9316,#9317,#9323));
#9315 = ORIENTED_EDGE('',*,*,#9283,.T.);
#9316 = ORIENTED_EDGE('',*,*,#9040,.F.);
#9317 = ORIENTED_EDGE('',*,*,#9318,.F.);
#9318 = EDGE_CURVE('',#8832,#9033,#9319,.T.);
#9319 = LINE('',#9320,#9321);
#9320 = CARTESIAN_POINT('',(-0.575,0.7,-2.78));
#9321 = VECTOR('',#9322,1.);
#9322 = DIRECTION('',(1.,0.,0.));
#9323 = ORIENTED_EDGE('',*,*,#8831,.T.);
#9324 = PLANE('',#9325);
#9325 = AXIS2_PLACEMENT_3D('',#9326,#9327,#9328);
#9326 = CARTESIAN_POINT('',(-0.575,0.7,-2.78));
#9327 = DIRECTION('',(0.,0.,-1.));
#9328 = DIRECTION('',(0.,-1.,0.));
#9329 = ADVANCED_FACE('',(#9330),#9336,.T.);
#9330 = FACE_BOUND('',#9331,.T.);
#9331 = EDGE_LOOP('',(#9332,#9333,#9334,#9335));
#9332 = ORIENTED_EDGE('',*,*,#8839,.T.);
#9333 = ORIENTED_EDGE('',*,*,#9318,.T.);
#9334 = ORIENTED_EDGE('',*,*,#9032,.F.);
#9335 = ORIENTED_EDGE('',*,*,#4329,.F.);
#9336 = PLANE('',#9337);
#9337 = AXIS2_PLACEMENT_3D('',#9338,#9339,#9340);
#9338 = CARTESIAN_POINT('',(-0.575,0.7,-0.663455092367));
#9339 = DIRECTION('',(0.,-1.,0.));
#9340 = DIRECTION('',(0.,0.,-1.));
#9341 = ADVANCED_FACE('',(#9342),#9348,.T.);
#9342 = FACE_BOUND('',#9343,.T.);
#9343 = EDGE_LOOP('',(#9344,#9345,#9346,#9347));
#9344 = ORIENTED_EDGE('',*,*,#9078,.F.);
#9345 = ORIENTED_EDGE('',*,*,#1608,.F.);
#9346 = ORIENTED_EDGE('',*,*,#8854,.T.);
#9347 = ORIENTED_EDGE('',*,*,#5379,.T.);
#9348 = PLANE('',#9349);
#9349 = AXIS2_PLACEMENT_3D('',#9350,#9351,#9352);
#9350 = CARTESIAN_POINT('',(-0.575,0.7,-0.663455092367));
#9351 = DIRECTION('',(0.,-1.,0.));
#9352 = DIRECTION('',(0.,0.,-1.));
#9353 = ADVANCED_FACE('',(#9354),#9360,.T.);
#9354 = FACE_BOUND('',#9355,.T.);
#9355 = EDGE_LOOP('',(#9356,#9357,#9358,#9359));
#9356 = ORIENTED_EDGE('',*,*,#1626,.T.);
#9357 = ORIENTED_EDGE('',*,*,#9071,.F.);
#9358 = ORIENTED_EDGE('',*,*,#9300,.F.);
#9359 = ORIENTED_EDGE('',*,*,#8861,.T.);
#9360 = PLANE('',#9361);
#9361 = AXIS2_PLACEMENT_3D('',#9362,#9363,#9364);
#9362 = CARTESIAN_POINT('',(-0.575,0.88,-2.1));
#9363 = DIRECTION('',(-0.,1.,0.));
#9364 = DIRECTION('',(1.,0.,0.));
#9365 = ADVANCED_FACE('',(#9366),#9377,.T.);
#9366 = FACE_BOUND('',#9367,.T.);
#9367 = EDGE_LOOP('',(#9368,#9369,#9375,#9376));
#9368 = ORIENTED_EDGE('',*,*,#3163,.F.);
#9369 = ORIENTED_EDGE('',*,*,#9370,.F.);
#9370 = EDGE_CURVE('',#2888,#3155,#9371,.T.);
#9371 = LINE('',#9372,#9373);
#9372 = CARTESIAN_POINT('',(-1.075,0.344662000977,-0.560036390902));
#9373 = VECTOR('',#9374,1.);
#9374 = DIRECTION('',(1.,0.,0.));
#9375 = ORIENTED_EDGE('',*,*,#2887,.T.);
#9376 = ORIENTED_EDGE('',*,*,#7277,.T.);
#9377 = PLANE('',#9378);
#9378 = AXIS2_PLACEMENT_3D('',#9379,#9380,#9381);
#9379 = CARTESIAN_POINT('',(-1.075,0.344662000977,-0.560036390902));
#9380 = DIRECTION('',(0.,0.866550024439,0.499090227459));
#9381 = DIRECTION('',(1.,0.,-0.));
#9382 = ADVANCED_FACE('',(#9383),#9394,.T.);
#9383 = FACE_BOUND('',#9384,.T.);
#9384 = EDGE_LOOP('',(#9385,#9386,#9387,#9393));
#9385 = ORIENTED_EDGE('',*,*,#9370,.T.);
#9386 = ORIENTED_EDGE('',*,*,#3154,.F.);
#9387 = ORIENTED_EDGE('',*,*,#9388,.F.);
#9388 = EDGE_CURVE('',#2898,#3147,#9389,.T.);
#9389 = LINE('',#9390,#9391);
#9390 = CARTESIAN_POINT('',(-1.075,0.335711504388,-0.610641777725));
#9391 = VECTOR('',#9392,1.);
#9392 = DIRECTION('',(1.,0.,0.));
#9393 = ORIENTED_EDGE('',*,*,#2897,.T.);
#9394 = CYLINDRICAL_SURFACE('',#9395,4.E-02);
#9395 = AXIS2_PLACEMENT_3D('',#9396,#9397,#9398);
#9396 = CARTESIAN_POINT('',(-1.075,0.31,-0.58));
#9397 = DIRECTION('',(-1.,0.,-0.));
#9398 = DIRECTION('',(0.,0.,-1.));
#9399 = ADVANCED_FACE('',(#9400),#9406,.T.);
#9400 = FACE_BOUND('',#9401,.T.);
#9401 = EDGE_LOOP('',(#9402,#9403,#9404,#9405));
#9402 = ORIENTED_EDGE('',*,*,#2906,.T.);
#9403 = ORIENTED_EDGE('',*,*,#9388,.T.);
#9404 = ORIENTED_EDGE('',*,*,#3144,.F.);
#9405 = ORIENTED_EDGE('',*,*,#7270,.F.);
#9406 = PLANE('',#9407);
#9407 = AXIS2_PLACEMENT_3D('',#9408,#9409,#9410);
#9408 = CARTESIAN_POINT('',(-1.075,0.27,-0.66578027682));
#9409 = DIRECTION('',(0.,0.642787609687,-0.766044443119));
#9410 = DIRECTION('',(-1.,0.,0.));
#9411 = ADVANCED_FACE('',(#9412),#9439,.T.);
#9412 = FACE_BOUND('',#9413,.T.);
#9413 = EDGE_LOOP('',(#9414,#9415,#9416,#9417,#9418,#9424,#9425,#9433));
#9414 = ORIENTED_EDGE('',*,*,#6755,.F.);
#9415 = ORIENTED_EDGE('',*,*,#7082,.F.);
#9416 = ORIENTED_EDGE('',*,*,#7031,.F.);
#9417 = ORIENTED_EDGE('',*,*,#6210,.F.);
#9418 = ORIENTED_EDGE('',*,*,#9419,.T.);
#9419 = EDGE_CURVE('',#6203,#874,#9420,.T.);
#9420 = LINE('',#9421,#9422);
#9421 = CARTESIAN_POINT('',(-1.7,1.,-0.45));
#9422 = VECTOR('',#9423,1.);
#9423 = DIRECTION('',(0.,-1.,0.));
#9424 = ORIENTED_EDGE('',*,*,#873,.T.);
#9425 = ORIENTED_EDGE('',*,*,#9426,.T.);
#9426 = EDGE_CURVE('',#866,#9427,#9429,.T.);
#9427 = VERTEX_POINT('',#9428);
#9428 = CARTESIAN_POINT('',(-1.7,0.11,-0.978414762495));
#9429 = LINE('',#9430,#9431);
#9430 = CARTESIAN_POINT('',(-1.7,0.31,-0.978414762495));
#9431 = VECTOR('',#9432,1.);
#9432 = DIRECTION('',(0.,-1.,0.));
#9433 = ORIENTED_EDGE('',*,*,#9434,.F.);
#9434 = EDGE_CURVE('',#6756,#9427,#9435,.T.);
#9435 = LINE('',#9436,#9437);
#9436 = CARTESIAN_POINT('',(-1.7,0.11,0.));
#9437 = VECTOR('',#9438,1.);
#9438 = DIRECTION('',(0.,0.,-1.));
#9439 = PLANE('',#9440);
#9440 = AXIS2_PLACEMENT_3D('',#9441,#9442,#9443);
#9441 = CARTESIAN_POINT('',(-1.7,0.,0.));
#9442 = DIRECTION('',(-1.,0.,0.));
#9443 = DIRECTION('',(0.,0.,1.));
#9444 = ADVANCED_FACE('',(#9445),#9493,.F.);
#9445 = FACE_BOUND('',#9446,.T.);
#9446 = EDGE_LOOP('',(#9447,#9455,#9463,#9469,#9470,#9478,#9484,#9485,
    #9486,#9492));
#9447 = ORIENTED_EDGE('',*,*,#9448,.T.);
#9448 = EDGE_CURVE('',#1049,#9449,#9451,.T.);
#9449 = VERTEX_POINT('',#9450);
#9450 = CARTESIAN_POINT('',(-1.865,0.11,-1.05));
#9451 = LINE('',#9452,#9453);
#9452 = CARTESIAN_POINT('',(-1.715,0.11,-1.05));
#9453 = VECTOR('',#9454,1.);
#9454 = DIRECTION('',(-1.,0.,0.));
#9455 = ORIENTED_EDGE('',*,*,#9456,.T.);
#9456 = EDGE_CURVE('',#9449,#9457,#9459,.T.);
#9457 = VERTEX_POINT('',#9458);
#9458 = CARTESIAN_POINT('',(-1.865,0.11,-0.978414762495));
#9459 = LINE('',#9460,#9461);
#9460 = CARTESIAN_POINT('',(-1.865,0.11,-1.05));
#9461 = VECTOR('',#9462,1.);
#9462 = DIRECTION('',(0.,0.,1.));
#9463 = ORIENTED_EDGE('',*,*,#9464,.F.);
#9464 = EDGE_CURVE('',#834,#9457,#9465,.T.);
#9465 = LINE('',#9466,#9467);
#9466 = CARTESIAN_POINT('',(-2.1,0.11,-0.978414762495));
#9467 = VECTOR('',#9468,1.);
#9468 = DIRECTION('',(1.,0.,0.));
#9469 = ORIENTED_EDGE('',*,*,#833,.T.);
#9470 = ORIENTED_EDGE('',*,*,#9471,.T.);
#9471 = EDGE_CURVE('',#826,#9472,#9474,.T.);
#9472 = VERTEX_POINT('',#9473);
#9473 = CARTESIAN_POINT('',(-1.62,0.11,-1.33));
#9474 = LINE('',#9475,#9476);
#9475 = CARTESIAN_POINT('',(-2.1,0.11,-1.33));
#9476 = VECTOR('',#9477,1.);
#9477 = DIRECTION('',(1.,0.,0.));
#9478 = ORIENTED_EDGE('',*,*,#9479,.F.);
#9479 = EDGE_CURVE('',#6764,#9472,#9480,.T.);
#9480 = LINE('',#9481,#9482);
#9481 = CARTESIAN_POINT('',(-1.62,0.11,0.));
#9482 = VECTOR('',#9483,1.);
#9483 = DIRECTION('',(0.,0.,-1.));
#9484 = ORIENTED_EDGE('',*,*,#6763,.F.);
#9485 = ORIENTED_EDGE('',*,*,#9434,.T.);
#9486 = ORIENTED_EDGE('',*,*,#9487,.F.);
#9487 = EDGE_CURVE('',#1057,#9427,#9488,.T.);
#9488 = LINE('',#9489,#9490);
#9489 = CARTESIAN_POINT('',(-1.715,0.11,-0.978414762495));
#9490 = VECTOR('',#9491,1.);
#9491 = DIRECTION('',(1.,0.,0.));
#9492 = ORIENTED_EDGE('',*,*,#1056,.F.);
#9493 = PLANE('',#9494);
#9494 = AXIS2_PLACEMENT_3D('',#9495,#9496,#9497);
#9495 = CARTESIAN_POINT('',(-2.1,0.11,-0.978414762495));
#9496 = DIRECTION('',(-0.,1.,0.));
#9497 = DIRECTION('',(1.,0.,0.));
#9498 = ADVANCED_FACE('',(#9499),#9505,.F.);
#9499 = FACE_BOUND('',#9500,.T.);
#9500 = EDGE_LOOP('',(#9501,#9502,#9503,#9504));
#9501 = ORIENTED_EDGE('',*,*,#9487,.T.);
#9502 = ORIENTED_EDGE('',*,*,#9426,.F.);
#9503 = ORIENTED_EDGE('',*,*,#863,.F.);
#9504 = ORIENTED_EDGE('',*,*,#1064,.T.);
#9505 = PLANE('',#9506);
#9506 = AXIS2_PLACEMENT_3D('',#9507,#9508,#9509);
#9507 = CARTESIAN_POINT('',(-2.1,0.31,-0.978414762495));
#9508 = DIRECTION('',(0.,0.,-1.));
#9509 = DIRECTION('',(0.,-1.,0.));
#9510 = ADVANCED_FACE('',(#9511),#9522,.F.);
#9511 = FACE_BOUND('',#9512,.T.);
#9512 = EDGE_LOOP('',(#9513,#9514,#9515,#9516));
#9513 = ORIENTED_EDGE('',*,*,#912,.F.);
#9514 = ORIENTED_EDGE('',*,*,#841,.T.);
#9515 = ORIENTED_EDGE('',*,*,#9464,.T.);
#9516 = ORIENTED_EDGE('',*,*,#9517,.F.);
#9517 = EDGE_CURVE('',#913,#9457,#9518,.T.);
#9518 = LINE('',#9519,#9520);
#9519 = CARTESIAN_POINT('',(-1.865,0.31,-0.978414762495));
#9520 = VECTOR('',#9521,1.);
#9521 = DIRECTION('',(0.,-1.,0.));
#9522 = PLANE('',#9523);
#9523 = AXIS2_PLACEMENT_3D('',#9524,#9525,#9526);
#9524 = CARTESIAN_POINT('',(-2.1,0.31,-0.978414762495));
#9525 = DIRECTION('',(0.,0.,-1.));
#9526 = DIRECTION('',(0.,-1.,0.));
#9527 = ADVANCED_FACE('',(#9528),#9538,.F.);
#9528 = FACE_BOUND('',#9529,.T.);
#9529 = EDGE_LOOP('',(#9530,#9531,#9532,#9533,#9534,#9535,#9536,#9537));
#9530 = ORIENTED_EDGE('',*,*,#1496,.T.);
#9531 = ORIENTED_EDGE('',*,*,#1215,.F.);
#9532 = ORIENTED_EDGE('',*,*,#759,.F.);
#9533 = ORIENTED_EDGE('',*,*,#1199,.F.);
#9534 = ORIENTED_EDGE('',*,*,#1173,.F.);
#9535 = ORIENTED_EDGE('',*,*,#1149,.F.);
#9536 = ORIENTED_EDGE('',*,*,#1125,.F.);
#9537 = ORIENTED_EDGE('',*,*,#1101,.F.);
#9538 = PLANE('',#9539);
#9539 = AXIS2_PLACEMENT_3D('',#9540,#9541,#9542);
#9540 = CARTESIAN_POINT('',(-1.865,0.,0.));
#9541 = DIRECTION('',(1.,0.,0.));
#9542 = DIRECTION('',(-0.,1.,0.));
#9543 = ADVANCED_FACE('',(#9544),#9610,.F.);
#9544 = FACE_BOUND('',#9545,.T.);
#9545 = EDGE_LOOP('',(#9546,#9552,#9553,#9554,#9555,#9563,#9571,#9579,
    #9587,#9595,#9603,#9609));
#9546 = ORIENTED_EDGE('',*,*,#9547,.F.);
#9547 = EDGE_CURVE('',#904,#1239,#9548,.T.);
#9548 = LINE('',#9549,#9550);
#9549 = CARTESIAN_POINT('',(-1.865,0.68,-0.45));
#9550 = VECTOR('',#9551,1.);
#9551 = DIRECTION('',(0.,1.,0.));
#9552 = ORIENTED_EDGE('',*,*,#920,.T.);
#9553 = ORIENTED_EDGE('',*,*,#9517,.T.);
#9554 = ORIENTED_EDGE('',*,*,#9456,.F.);
#9555 = ORIENTED_EDGE('',*,*,#9556,.F.);
#9556 = EDGE_CURVE('',#9557,#9449,#9559,.T.);
#9557 = VERTEX_POINT('',#9558);
#9558 = CARTESIAN_POINT('',(-1.865,-2.E-02,-1.05));
#9559 = LINE('',#9560,#9561);
#9560 = CARTESIAN_POINT('',(-1.865,-2.E-02,-1.05));
#9561 = VECTOR('',#9562,1.);
#9562 = DIRECTION('',(0.,1.,0.));
#9563 = ORIENTED_EDGE('',*,*,#9564,.F.);
#9564 = EDGE_CURVE('',#9565,#9557,#9567,.T.);
#9565 = VERTEX_POINT('',#9566);
#9566 = CARTESIAN_POINT('',(-1.865,-2.E-02,-0.25));
#9567 = LINE('',#9568,#9569);
#9568 = CARTESIAN_POINT('',(-1.865,-2.E-02,-0.25));
#9569 = VECTOR('',#9570,1.);
#9570 = DIRECTION('',(0.,0.,-1.));
#9571 = ORIENTED_EDGE('',*,*,#9572,.F.);
#9572 = EDGE_CURVE('',#9573,#9565,#9575,.T.);
#9573 = VERTEX_POINT('',#9574);
#9574 = CARTESIAN_POINT('',(-1.865,0.27,-0.25));
#9575 = LINE('',#9576,#9577);
#9576 = CARTESIAN_POINT('',(-1.865,0.27,-0.25));
#9577 = VECTOR('',#9578,1.);
#9578 = DIRECTION('',(0.,-1.,0.));
#9579 = ORIENTED_EDGE('',*,*,#9580,.F.);
#9580 = EDGE_CURVE('',#9581,#9573,#9583,.T.);
#9581 = VERTEX_POINT('',#9582);
#9582 = CARTESIAN_POINT('',(-1.865,0.27,-0.2));
#9583 = LINE('',#9584,#9585);
#9584 = CARTESIAN_POINT('',(-1.865,0.27,-0.2));
#9585 = VECTOR('',#9586,1.);
#9586 = DIRECTION('',(0.,0.,-1.));
#9587 = ORIENTED_EDGE('',*,*,#9588,.F.);
#9588 = EDGE_CURVE('',#9589,#9581,#9591,.T.);
#9589 = VERTEX_POINT('',#9590);
#9590 = CARTESIAN_POINT('',(-1.865,0.47,-0.2));
#9591 = LINE('',#9592,#9593);
#9592 = CARTESIAN_POINT('',(-1.865,0.47,-0.2));
#9593 = VECTOR('',#9594,1.);
#9594 = DIRECTION('',(0.,-1.,0.));
#9595 = ORIENTED_EDGE('',*,*,#9596,.F.);
#9596 = EDGE_CURVE('',#9597,#9589,#9599,.T.);
#9597 = VERTEX_POINT('',#9598);
#9598 = CARTESIAN_POINT('',(-1.865,0.47,-0.25));
#9599 = LINE('',#9600,#9601);
#9600 = CARTESIAN_POINT('',(-1.865,0.47,-0.25));
#9601 = VECTOR('',#9602,1.);
#9602 = DIRECTION('',(0.,0.,1.));
#9603 = ORIENTED_EDGE('',*,*,#9604,.F.);
#9604 = EDGE_CURVE('',#1247,#9597,#9605,.T.);
#9605 = LINE('',#9606,#9607);
#9606 = CARTESIAN_POINT('',(-1.865,0.82,-0.25));
#9607 = VECTOR('',#9608,1.);
#9608 = DIRECTION('',(0.,-1.,0.));
#9609 = ORIENTED_EDGE('',*,*,#1246,.F.);
#9610 = PLANE('',#9611);
#9611 = AXIS2_PLACEMENT_3D('',#9612,#9613,#9614);
#9612 = CARTESIAN_POINT('',(-1.865,0.,0.));
#9613 = DIRECTION('',(1.,0.,0.));
#9614 = DIRECTION('',(-0.,1.,0.));
#9615 = ADVANCED_FACE('',(#9616),#9627,.F.);
#9616 = FACE_BOUND('',#9617,.T.);
#9617 = EDGE_LOOP('',(#9618,#9619,#9620,#9626));
#9618 = ORIENTED_EDGE('',*,*,#1254,.T.);
#9619 = ORIENTED_EDGE('',*,*,#9604,.T.);
#9620 = ORIENTED_EDGE('',*,*,#9621,.F.);
#9621 = EDGE_CURVE('',#1001,#9597,#9622,.T.);
#9622 = LINE('',#9623,#9624);
#9623 = CARTESIAN_POINT('',(-1.715,0.47,-0.25));
#9624 = VECTOR('',#9625,1.);
#9625 = DIRECTION('',(-1.,0.,0.));
#9626 = ORIENTED_EDGE('',*,*,#998,.F.);
#9627 = PLANE('',#9628);
#9628 = AXIS2_PLACEMENT_3D('',#9629,#9630,#9631);
#9629 = CARTESIAN_POINT('',(-1.715,0.82,-0.25));
#9630 = DIRECTION('',(0.,0.,-1.));
#9631 = DIRECTION('',(0.,-1.,0.));
#9632 = ADVANCED_FACE('',(#9633),#9644,.F.);
#9633 = FACE_BOUND('',#9634,.T.);
#9634 = EDGE_LOOP('',(#9635,#9636,#9637,#9643));
#9635 = ORIENTED_EDGE('',*,*,#9621,.T.);
#9636 = ORIENTED_EDGE('',*,*,#9596,.T.);
#9637 = ORIENTED_EDGE('',*,*,#9638,.F.);
#9638 = EDGE_CURVE('',#1009,#9589,#9639,.T.);
#9639 = LINE('',#9640,#9641);
#9640 = CARTESIAN_POINT('',(-1.715,0.47,-0.2));
#9641 = VECTOR('',#9642,1.);
#9642 = DIRECTION('',(-1.,0.,0.));
#9643 = ORIENTED_EDGE('',*,*,#1008,.F.);
#9644 = PLANE('',#9645);
#9645 = AXIS2_PLACEMENT_3D('',#9646,#9647,#9648);
#9646 = CARTESIAN_POINT('',(-1.715,0.47,-0.25));
#9647 = DIRECTION('',(0.,-1.,0.));
#9648 = DIRECTION('',(0.,0.,-1.));
#9649 = ADVANCED_FACE('',(#9650),#9661,.F.);
#9650 = FACE_BOUND('',#9651,.T.);
#9651 = EDGE_LOOP('',(#9652,#9653,#9654,#9660));
#9652 = ORIENTED_EDGE('',*,*,#9638,.T.);
#9653 = ORIENTED_EDGE('',*,*,#9588,.T.);
#9654 = ORIENTED_EDGE('',*,*,#9655,.F.);
#9655 = EDGE_CURVE('',#1017,#9581,#9656,.T.);
#9656 = LINE('',#9657,#9658);
#9657 = CARTESIAN_POINT('',(-1.715,0.27,-0.2));
#9658 = VECTOR('',#9659,1.);
#9659 = DIRECTION('',(-1.,0.,0.));
#9660 = ORIENTED_EDGE('',*,*,#1016,.F.);
#9661 = PLANE('',#9662);
#9662 = AXIS2_PLACEMENT_3D('',#9663,#9664,#9665);
#9663 = CARTESIAN_POINT('',(-1.715,0.47,-0.2));
#9664 = DIRECTION('',(0.,0.,-1.));
#9665 = DIRECTION('',(0.,-1.,0.));
#9666 = ADVANCED_FACE('',(#9667),#9678,.F.);
#9667 = FACE_BOUND('',#9668,.T.);
#9668 = EDGE_LOOP('',(#9669,#9670,#9671,#9677));
#9669 = ORIENTED_EDGE('',*,*,#9655,.T.);
#9670 = ORIENTED_EDGE('',*,*,#9580,.T.);
#9671 = ORIENTED_EDGE('',*,*,#9672,.F.);
#9672 = EDGE_CURVE('',#1025,#9573,#9673,.T.);
#9673 = LINE('',#9674,#9675);
#9674 = CARTESIAN_POINT('',(-1.715,0.27,-0.25));
#9675 = VECTOR('',#9676,1.);
#9676 = DIRECTION('',(-1.,0.,0.));
#9677 = ORIENTED_EDGE('',*,*,#1024,.F.);
#9678 = PLANE('',#9679);
#9679 = AXIS2_PLACEMENT_3D('',#9680,#9681,#9682);
#9680 = CARTESIAN_POINT('',(-1.715,0.27,-0.2));
#9681 = DIRECTION('',(-0.,1.,0.));
#9682 = DIRECTION('',(1.,0.,0.));
#9683 = ADVANCED_FACE('',(#9684),#9695,.F.);
#9684 = FACE_BOUND('',#9685,.T.);
#9685 = EDGE_LOOP('',(#9686,#9687,#9688,#9694));
#9686 = ORIENTED_EDGE('',*,*,#9672,.T.);
#9687 = ORIENTED_EDGE('',*,*,#9572,.T.);
#9688 = ORIENTED_EDGE('',*,*,#9689,.F.);
#9689 = EDGE_CURVE('',#1033,#9565,#9690,.T.);
#9690 = LINE('',#9691,#9692);
#9691 = CARTESIAN_POINT('',(-1.715,-2.E-02,-0.25));
#9692 = VECTOR('',#9693,1.);
#9693 = DIRECTION('',(-1.,0.,0.));
#9694 = ORIENTED_EDGE('',*,*,#1032,.F.);
#9695 = PLANE('',#9696);
#9696 = AXIS2_PLACEMENT_3D('',#9697,#9698,#9699);
#9697 = CARTESIAN_POINT('',(-1.715,0.27,-0.25));
#9698 = DIRECTION('',(0.,0.,-1.));
#9699 = DIRECTION('',(0.,-1.,0.));
#9700 = ADVANCED_FACE('',(#9701),#9712,.F.);
#9701 = FACE_BOUND('',#9702,.T.);
#9702 = EDGE_LOOP('',(#9703,#9704,#9705,#9711));
#9703 = ORIENTED_EDGE('',*,*,#9689,.T.);
#9704 = ORIENTED_EDGE('',*,*,#9564,.T.);
#9705 = ORIENTED_EDGE('',*,*,#9706,.F.);
#9706 = EDGE_CURVE('',#1041,#9557,#9707,.T.);
#9707 = LINE('',#9708,#9709);
#9708 = CARTESIAN_POINT('',(-1.715,-2.E-02,-1.05));
#9709 = VECTOR('',#9710,1.);
#9710 = DIRECTION('',(-1.,0.,0.));
#9711 = ORIENTED_EDGE('',*,*,#1040,.F.);
#9712 = PLANE('',#9713);
#9713 = AXIS2_PLACEMENT_3D('',#9714,#9715,#9716);
#9714 = CARTESIAN_POINT('',(-1.715,-2.E-02,-0.25));
#9715 = DIRECTION('',(-0.,1.,0.));
#9716 = DIRECTION('',(1.,0.,0.));
#9717 = ADVANCED_FACE('',(#9718),#9724,.F.);
#9718 = FACE_BOUND('',#9719,.T.);
#9719 = EDGE_LOOP('',(#9720,#9721,#9722,#9723));
#9720 = ORIENTED_EDGE('',*,*,#9706,.T.);
#9721 = ORIENTED_EDGE('',*,*,#9556,.T.);
#9722 = ORIENTED_EDGE('',*,*,#9448,.F.);
#9723 = ORIENTED_EDGE('',*,*,#1048,.F.);
#9724 = PLANE('',#9725);
#9725 = AXIS2_PLACEMENT_3D('',#9726,#9727,#9728);
#9726 = CARTESIAN_POINT('',(-1.715,-2.E-02,-1.05));
#9727 = DIRECTION('',(0.,0.,1.));
#9728 = DIRECTION('',(1.,0.,-0.));
#9729 = ADVANCED_FACE('',(#9730),#9740,.F.);
#9730 = FACE_BOUND('',#9731,.T.);
#9731 = EDGE_LOOP('',(#9732,#9733,#9734,#9735,#9736,#9737,#9738,#9739));
#9732 = ORIENTED_EDGE('',*,*,#881,.T.);
#9733 = ORIENTED_EDGE('',*,*,#9419,.F.);
#9734 = ORIENTED_EDGE('',*,*,#6202,.F.);
#9735 = ORIENTED_EDGE('',*,*,#791,.T.);
#9736 = ORIENTED_EDGE('',*,*,#903,.T.);
#9737 = ORIENTED_EDGE('',*,*,#9547,.T.);
#9738 = ORIENTED_EDGE('',*,*,#1238,.F.);
#9739 = ORIENTED_EDGE('',*,*,#1071,.F.);
#9740 = PLANE('',#9741);
#9741 = AXIS2_PLACEMENT_3D('',#9742,#9743,#9744);
#9742 = CARTESIAN_POINT('',(-2.1,1.,-0.45));
#9743 = DIRECTION('',(0.,0.,-1.));
#9744 = DIRECTION('',(0.,-1.,0.));
#9745 = ADVANCED_FACE('',(#9746),#9770,.F.);
#9746 = FACE_BOUND('',#9747,.T.);
#9747 = EDGE_LOOP('',(#9748,#9749,#9750,#9756,#9764));
#9748 = ORIENTED_EDGE('',*,*,#6771,.T.);
#9749 = ORIENTED_EDGE('',*,*,#9479,.T.);
#9750 = ORIENTED_EDGE('',*,*,#9751,.F.);
#9751 = EDGE_CURVE('',#2715,#9472,#9752,.T.);
#9752 = LINE('',#9753,#9754);
#9753 = CARTESIAN_POINT('',(-1.55,4.E-02,-1.4));
#9754 = VECTOR('',#9755,1.);
#9755 = DIRECTION('',(-0.57735026919,0.57735026919,0.57735026919));
#9756 = ORIENTED_EDGE('',*,*,#9757,.F.);
#9757 = EDGE_CURVE('',#9758,#2715,#9760,.T.);
#9758 = VERTEX_POINT('',#9759);
#9759 = CARTESIAN_POINT('',(-1.51,0.,-1.4));
#9760 = LINE('',#9761,#9762);
#9761 = CARTESIAN_POINT('',(-1.51,0.,-1.4));
#9762 = VECTOR('',#9763,1.);
#9763 = DIRECTION('',(-0.707106781187,0.707106781187,0.));
#9764 = ORIENTED_EDGE('',*,*,#9765,.F.);
#9765 = EDGE_CURVE('',#6772,#9758,#9766,.T.);
#9766 = LINE('',#9767,#9768);
#9767 = CARTESIAN_POINT('',(-1.51,0.,0.));
#9768 = VECTOR('',#9769,1.);
#9769 = DIRECTION('',(0.,0.,-1.));
#9770 = PLANE('',#9771);
#9771 = AXIS2_PLACEMENT_3D('',#9772,#9773,#9774);
#9772 = CARTESIAN_POINT('',(-1.51,0.,0.));
#9773 = DIRECTION('',(0.707106781187,0.707106781187,0.));
#9774 = DIRECTION('',(0.,0.,-1.));
#9775 = ADVANCED_FACE('',(#9776),#9810,.T.);
#9776 = FACE_BOUND('',#9777,.T.);
#9777 = EDGE_LOOP('',(#9778,#9786,#9787,#9788,#9796,#9804));
#9778 = ORIENTED_EDGE('',*,*,#9779,.F.);
#9779 = EDGE_CURVE('',#6780,#9780,#9782,.T.);
#9780 = VERTEX_POINT('',#9781);
#9781 = CARTESIAN_POINT('',(1.51,0.,-1.4));
#9782 = LINE('',#9783,#9784);
#9783 = CARTESIAN_POINT('',(1.51,0.,0.));
#9784 = VECTOR('',#9785,1.);
#9785 = DIRECTION('',(0.,0.,-1.));
#9786 = ORIENTED_EDGE('',*,*,#6779,.F.);
#9787 = ORIENTED_EDGE('',*,*,#9765,.T.);
#9788 = ORIENTED_EDGE('',*,*,#9789,.F.);
#9789 = EDGE_CURVE('',#9790,#9758,#9792,.T.);
#9790 = VERTEX_POINT('',#9791);
#9791 = CARTESIAN_POINT('',(-1.51,0.,-2.92));
#9792 = LINE('',#9793,#9794);
#9793 = CARTESIAN_POINT('',(-1.51,0.,-2.92));
#9794 = VECTOR('',#9795,1.);
#9795 = DIRECTION('',(0.,0.,1.));
#9796 = ORIENTED_EDGE('',*,*,#9797,.F.);
#9797 = EDGE_CURVE('',#9798,#9790,#9800,.T.);
#9798 = VERTEX_POINT('',#9799);
#9799 = CARTESIAN_POINT('',(1.51,0.,-2.92));
#9800 = LINE('',#9801,#9802);
#9801 = CARTESIAN_POINT('',(1.51,0.,-2.92));
#9802 = VECTOR('',#9803,1.);
#9803 = DIRECTION('',(-1.,0.,0.));
#9804 = ORIENTED_EDGE('',*,*,#9805,.T.);
#9805 = EDGE_CURVE('',#9798,#9780,#9806,.T.);
#9806 = LINE('',#9807,#9808);
#9807 = CARTESIAN_POINT('',(1.51,0.,-2.92));
#9808 = VECTOR('',#9809,1.);
#9809 = DIRECTION('',(0.,0.,1.));
#9810 = PLANE('',#9811);
#9811 = AXIS2_PLACEMENT_3D('',#9812,#9813,#9814);
#9812 = CARTESIAN_POINT('',(-2.1,0.,0.));
#9813 = DIRECTION('',(0.,-1.,0.));
#9814 = DIRECTION('',(0.,0.,-1.));
#9815 = ADVANCED_FACE('',(#9816),#9832,.F.);
#9816 = FACE_BOUND('',#9817,.T.);
#9817 = EDGE_LOOP('',(#9818,#9824,#9825,#9831));
#9818 = ORIENTED_EDGE('',*,*,#9819,.T.);
#9819 = EDGE_CURVE('',#9798,#2691,#9820,.T.);
#9820 = LINE('',#9821,#9822);
#9821 = CARTESIAN_POINT('',(1.51,0.,-2.92));
#9822 = VECTOR('',#9823,1.);
#9823 = DIRECTION('',(0.,1.,2.22044604925E-14));
#9824 = ORIENTED_EDGE('',*,*,#2690,.F.);
#9825 = ORIENTED_EDGE('',*,*,#9826,.F.);
#9826 = EDGE_CURVE('',#9780,#2683,#9827,.T.);
#9827 = LINE('',#9828,#9829);
#9828 = CARTESIAN_POINT('',(1.51,0.,-1.4));
#9829 = VECTOR('',#9830,1.);
#9830 = DIRECTION('',(0.,1.,0.));
#9831 = ORIENTED_EDGE('',*,*,#9805,.F.);
#9832 = PLANE('',#9833);
#9833 = AXIS2_PLACEMENT_3D('',#9834,#9835,#9836);
#9834 = CARTESIAN_POINT('',(1.51,0.,-1.4));
#9835 = DIRECTION('',(-1.,0.,0.));
#9836 = DIRECTION('',(0.,0.,1.));
#9837 = ADVANCED_FACE('',(#9838),#9848,.F.);
#9838 = FACE_BOUND('',#9839,.T.);
#9839 = EDGE_LOOP('',(#9840,#9841,#9842));
#9840 = ORIENTED_EDGE('',*,*,#9826,.T.);
#9841 = ORIENTED_EDGE('',*,*,#2682,.F.);
#9842 = ORIENTED_EDGE('',*,*,#9843,.F.);
#9843 = EDGE_CURVE('',#9780,#2675,#9844,.T.);
#9844 = LINE('',#9845,#9846);
#9845 = CARTESIAN_POINT('',(1.51,0.,-1.4));
#9846 = VECTOR('',#9847,1.);
#9847 = DIRECTION('',(0.707106781187,0.707106781187,0.));
#9848 = PLANE('',#9849);
#9849 = AXIS2_PLACEMENT_3D('',#9850,#9851,#9852);
#9850 = CARTESIAN_POINT('',(2.1,0.,-1.4));
#9851 = DIRECTION('',(0.,0.,1.));
#9852 = DIRECTION('',(1.,0.,-0.));
#9853 = ADVANCED_FACE('',(#9854),#9866,.F.);
#9854 = FACE_BOUND('',#9855,.T.);
#9855 = EDGE_LOOP('',(#9856,#9857,#9863,#9864,#9865));
#9856 = ORIENTED_EDGE('',*,*,#9843,.T.);
#9857 = ORIENTED_EDGE('',*,*,#9858,.F.);
#9858 = EDGE_CURVE('',#2311,#2675,#9859,.T.);
#9859 = LINE('',#9860,#9861);
#9860 = CARTESIAN_POINT('',(1.62,0.11,-1.33));
#9861 = VECTOR('',#9862,1.);
#9862 = DIRECTION('',(-0.57735026919,-0.57735026919,-0.57735026919));
#9863 = ORIENTED_EDGE('',*,*,#2310,.F.);
#9864 = ORIENTED_EDGE('',*,*,#6787,.T.);
#9865 = ORIENTED_EDGE('',*,*,#9779,.T.);
#9866 = PLANE('',#9867);
#9867 = AXIS2_PLACEMENT_3D('',#9868,#9869,#9870);
#9868 = CARTESIAN_POINT('',(1.62,0.11,0.));
#9869 = DIRECTION('',(-0.707106781187,0.707106781187,0.));
#9870 = DIRECTION('',(0.,0.,1.));
#9871 = ADVANCED_FACE('',(#9872),#9878,.F.);
#9872 = FACE_BOUND('',#9873,.T.);
#9873 = EDGE_LOOP('',(#9874,#9875,#9876,#9877));
#9874 = ORIENTED_EDGE('',*,*,#2674,.T.);
#9875 = ORIENTED_EDGE('',*,*,#2483,.T.);
#9876 = ORIENTED_EDGE('',*,*,#2318,.F.);
#9877 = ORIENTED_EDGE('',*,*,#9858,.T.);
#9878 = PLANE('',#9879);
#9879 = AXIS2_PLACEMENT_3D('',#9880,#9881,#9882);
#9880 = CARTESIAN_POINT('',(2.1,4.E-02,-1.4));
#9881 = DIRECTION('',(0.,0.707106781187,-0.707106781187));
#9882 = DIRECTION('',(-1.,0.,0.));
#9883 = ADVANCED_FACE('',(#9884),#9890,.F.);
#9884 = FACE_BOUND('',#9885,.T.);
#9885 = EDGE_LOOP('',(#9886,#9887,#9888,#9889));
#9886 = ORIENTED_EDGE('',*,*,#9471,.F.);
#9887 = ORIENTED_EDGE('',*,*,#825,.T.);
#9888 = ORIENTED_EDGE('',*,*,#2722,.T.);
#9889 = ORIENTED_EDGE('',*,*,#9751,.T.);
#9890 = PLANE('',#9891);
#9891 = AXIS2_PLACEMENT_3D('',#9892,#9893,#9894);
#9892 = CARTESIAN_POINT('',(2.1,4.E-02,-1.4));
#9893 = DIRECTION('',(0.,0.707106781187,-0.707106781187));
#9894 = DIRECTION('',(-1.,0.,0.));
#9895 = ADVANCED_FACE('',(#9896),#9907,.F.);
#9896 = FACE_BOUND('',#9897,.T.);
#9897 = EDGE_LOOP('',(#9898,#9904,#9905,#9906));
#9898 = ORIENTED_EDGE('',*,*,#9899,.T.);
#9899 = EDGE_CURVE('',#9790,#2699,#9900,.T.);
#9900 = LINE('',#9901,#9902);
#9901 = CARTESIAN_POINT('',(-1.51,0.,-2.92));
#9902 = VECTOR('',#9903,1.);
#9903 = DIRECTION('',(0.,1.,0.));
#9904 = ORIENTED_EDGE('',*,*,#2698,.F.);
#9905 = ORIENTED_EDGE('',*,*,#9819,.F.);
#9906 = ORIENTED_EDGE('',*,*,#9797,.T.);
#9907 = PLANE('',#9908);
#9908 = AXIS2_PLACEMENT_3D('',#9909,#9910,#9911);
#9909 = CARTESIAN_POINT('',(1.51,0.,-2.92));
#9910 = DIRECTION('',(0.,0.,1.));
#9911 = DIRECTION('',(1.,0.,-0.));
#9912 = ADVANCED_FACE('',(#9913),#9924,.F.);
#9913 = FACE_BOUND('',#9914,.T.);
#9914 = EDGE_LOOP('',(#9915,#9921,#9922,#9923));
#9915 = ORIENTED_EDGE('',*,*,#9916,.T.);
#9916 = EDGE_CURVE('',#9758,#2707,#9917,.T.);
#9917 = LINE('',#9918,#9919);
#9918 = CARTESIAN_POINT('',(-1.51,0.,-1.4));
#9919 = VECTOR('',#9920,1.);
#9920 = DIRECTION('',(0.,1.,0.));
#9921 = ORIENTED_EDGE('',*,*,#2706,.F.);
#9922 = ORIENTED_EDGE('',*,*,#9899,.F.);
#9923 = ORIENTED_EDGE('',*,*,#9789,.T.);
#9924 = PLANE('',#9925);
#9925 = AXIS2_PLACEMENT_3D('',#9926,#9927,#9928);
#9926 = CARTESIAN_POINT('',(-1.51,0.,-2.92));
#9927 = DIRECTION('',(1.,0.,0.));
#9928 = DIRECTION('',(-0.,1.,0.));
#9929 = ADVANCED_FACE('',(#9930),#9935,.F.);
#9930 = FACE_BOUND('',#9931,.T.);
#9931 = EDGE_LOOP('',(#9932,#9933,#9934));
#9932 = ORIENTED_EDGE('',*,*,#2714,.F.);
#9933 = ORIENTED_EDGE('',*,*,#9916,.F.);
#9934 = ORIENTED_EDGE('',*,*,#9757,.T.);
#9935 = PLANE('',#9936);
#9936 = AXIS2_PLACEMENT_3D('',#9937,#9938,#9939);
#9937 = CARTESIAN_POINT('',(-1.51,0.,-1.4));
#9938 = DIRECTION('',(0.,0.,1.));
#9939 = DIRECTION('',(1.,0.,-0.));
#9940 = ADVANCED_FACE('',(#9941),#9952,.F.);
#9941 = FACE_BOUND('',#9942,.F.);
#9942 = EDGE_LOOP('',(#9943,#9944,#9945,#9951));
#9943 = ORIENTED_EDGE('',*,*,#6896,.F.);
#9944 = ORIENTED_EDGE('',*,*,#4120,.F.);
#9945 = ORIENTED_EDGE('',*,*,#9946,.T.);
#9946 = EDGE_CURVE('',#4121,#3868,#9947,.T.);
#9947 = LINE('',#9948,#9949);
#9948 = CARTESIAN_POINT('',(0.925,0.685711504387,-0.632813314642));
#9949 = VECTOR('',#9950,1.);
#9950 = DIRECTION('',(1.,0.,0.));
#9951 = ORIENTED_EDGE('',*,*,#3875,.T.);
#9952 = CYLINDRICAL_SURFACE('',#9953,4.E-02);
#9953 = AXIS2_PLACEMENT_3D('',#9954,#9955,#9956);
#9954 = CARTESIAN_POINT('',(0.925,0.66,-0.663455092367));
#9955 = DIRECTION('',(-1.,0.,-0.));
#9956 = DIRECTION('',(0.,0.,-1.));
#9957 = ADVANCED_FACE('',(#9958),#9969,.T.);
#9958 = FACE_BOUND('',#9959,.T.);
#9959 = EDGE_LOOP('',(#9960,#9961,#9962,#9968));
#9960 = ORIENTED_EDGE('',*,*,#9946,.T.);
#9961 = ORIENTED_EDGE('',*,*,#3867,.F.);
#9962 = ORIENTED_EDGE('',*,*,#9963,.F.);
#9963 = EDGE_CURVE('',#4132,#3859,#9964,.T.);
#9964 = LINE('',#9965,#9966);
#9965 = CARTESIAN_POINT('',(0.925,0.659288495613,-0.610641777725));
#9966 = VECTOR('',#9967,1.);
#9967 = DIRECTION('',(1.,0.,0.));
#9968 = ORIENTED_EDGE('',*,*,#4131,.T.);
#9969 = PLANE('',#9970);
#9970 = AXIS2_PLACEMENT_3D('',#9971,#9972,#9973);
#9971 = CARTESIAN_POINT('',(0.925,0.659288495613,-0.610641777725));
#9972 = DIRECTION('',(0.,-0.642787609687,-0.766044443119));
#9973 = DIRECTION('',(0.,-0.766044443119,0.642787609687));
#9974 = ADVANCED_FACE('',(#9975),#9986,.T.);
#9975 = FACE_BOUND('',#9976,.T.);
#9976 = EDGE_LOOP('',(#9977,#9978,#9979,#9985));
#9977 = ORIENTED_EDGE('',*,*,#9963,.T.);
#9978 = ORIENTED_EDGE('',*,*,#3858,.F.);
#9979 = ORIENTED_EDGE('',*,*,#9980,.F.);
#9980 = EDGE_CURVE('',#4140,#3851,#9981,.T.);
#9981 = LINE('',#9982,#9983);
#9982 = CARTESIAN_POINT('',(0.925,0.647587391124,-0.565847378437));
#9983 = VECTOR('',#9984,1.);
#9984 = DIRECTION('',(1.,0.,0.));
#9985 = ORIENTED_EDGE('',*,*,#4139,.T.);
#9986 = CYLINDRICAL_SURFACE('',#9987,4.E-02);
#9987 = AXIS2_PLACEMENT_3D('',#9988,#9989,#9990);
#9988 = CARTESIAN_POINT('',(0.925,0.685,-0.58));
#9989 = DIRECTION('',(-1.,0.,-0.));
#9990 = DIRECTION('',(0.,0.,-1.));
#9991 = ADVANCED_FACE('',(#9992),#9998,.T.);
#9992 = FACE_BOUND('',#9993,.T.);
#9993 = EDGE_LOOP('',(#9994,#9995,#9996,#9997));
#9994 = ORIENTED_EDGE('',*,*,#4148,.T.);
#9995 = ORIENTED_EDGE('',*,*,#9980,.T.);
#9996 = ORIENTED_EDGE('',*,*,#3848,.F.);
#9997 = ORIENTED_EDGE('',*,*,#6889,.F.);
#9998 = PLANE('',#9999);
#9999 = AXIS2_PLACEMENT_3D('',#10000,#10001,#10002);
#10000 = CARTESIAN_POINT('',(0.925,0.713234238905,-0.392309223046));
#10001 = DIRECTION('',(0.,-0.935315221896,0.353815539072));
#10002 = DIRECTION('',(-1.,0.,0.));
#10003 = ADVANCED_FACE('',(#10004),#10015,.F.);
#10004 = FACE_BOUND('',#10005,.F.);
#10005 = EDGE_LOOP('',(#10006,#10007,#10008,#10014));
#10006 = ORIENTED_EDGE('',*,*,#7014,.F.);
#10007 = ORIENTED_EDGE('',*,*,#2837,.F.);
#10008 = ORIENTED_EDGE('',*,*,#10009,.T.);
#10009 = EDGE_CURVE('',#2838,#3114,#10010,.T.);
#10010 = LINE('',#10011,#10012);
#10011 = CARTESIAN_POINT('',(-1.075,0.685711504387,-0.632813314642));
#10012 = VECTOR('',#10013,1.);
#10013 = DIRECTION('',(1.,0.,0.));
#10014 = ORIENTED_EDGE('',*,*,#3121,.T.);
#10015 = CYLINDRICAL_SURFACE('',#10016,4.E-02);
#10016 = AXIS2_PLACEMENT_3D('',#10017,#10018,#10019);
#10017 = CARTESIAN_POINT('',(-1.075,0.66,-0.663455092367));
#10018 = DIRECTION('',(-1.,0.,-0.));
#10019 = DIRECTION('',(0.,0.,-1.));
#10020 = ADVANCED_FACE('',(#10021),#10032,.T.);
#10021 = FACE_BOUND('',#10022,.T.);
#10022 = EDGE_LOOP('',(#10023,#10024,#10025,#10031));
#10023 = ORIENTED_EDGE('',*,*,#10009,.T.);
#10024 = ORIENTED_EDGE('',*,*,#3113,.F.);
#10025 = ORIENTED_EDGE('',*,*,#10026,.F.);
#10026 = EDGE_CURVE('',#2849,#3105,#10027,.T.);
#10027 = LINE('',#10028,#10029);
#10028 = CARTESIAN_POINT('',(-1.075,0.659288495613,-0.610641777725));
#10029 = VECTOR('',#10030,1.);
#10030 = DIRECTION('',(1.,0.,0.));
#10031 = ORIENTED_EDGE('',*,*,#2848,.T.);
#10032 = PLANE('',#10033);
#10033 = AXIS2_PLACEMENT_3D('',#10034,#10035,#10036);
#10034 = CARTESIAN_POINT('',(-1.075,0.659288495613,-0.610641777725));
#10035 = DIRECTION('',(0.,-0.642787609687,-0.766044443119));
#10036 = DIRECTION('',(0.,-0.766044443119,0.642787609687));
#10037 = ADVANCED_FACE('',(#10038),#10049,.T.);
#10038 = FACE_BOUND('',#10039,.T.);
#10039 = EDGE_LOOP('',(#10040,#10041,#10042,#10048));
#10040 = ORIENTED_EDGE('',*,*,#10026,.T.);
#10041 = ORIENTED_EDGE('',*,*,#3104,.F.);
#10042 = ORIENTED_EDGE('',*,*,#10043,.F.);
#10043 = EDGE_CURVE('',#2857,#3097,#10044,.T.);
#10044 = LINE('',#10045,#10046);
#10045 = CARTESIAN_POINT('',(-1.075,0.647587391124,-0.565847378437));
#10046 = VECTOR('',#10047,1.);
#10047 = DIRECTION('',(1.,0.,0.));
#10048 = ORIENTED_EDGE('',*,*,#2856,.T.);
#10049 = CYLINDRICAL_SURFACE('',#10050,4.E-02);
#10050 = AXIS2_PLACEMENT_3D('',#10051,#10052,#10053);
#10051 = CARTESIAN_POINT('',(-1.075,0.685,-0.58));
#10052 = DIRECTION('',(-1.,0.,-0.));
#10053 = DIRECTION('',(0.,0.,-1.));
#10054 = ADVANCED_FACE('',(#10055),#10061,.T.);
#10055 = FACE_BOUND('',#10056,.T.);
#10056 = EDGE_LOOP('',(#10057,#10058,#10059,#10060));
#10057 = ORIENTED_EDGE('',*,*,#2865,.T.);
#10058 = ORIENTED_EDGE('',*,*,#10043,.T.);
#10059 = ORIENTED_EDGE('',*,*,#3094,.F.);
#10060 = ORIENTED_EDGE('',*,*,#7007,.F.);
#10061 = PLANE('',#10062);
#10062 = AXIS2_PLACEMENT_3D('',#10063,#10064,#10065);
#10063 = CARTESIAN_POINT('',(-1.075,0.713234238905,-0.392309223046));
#10064 = DIRECTION('',(0.,-0.935315221896,0.353815539072));
#10065 = DIRECTION('',(-1.,0.,0.));
#10066 = ADVANCED_FACE('',(#10067),#10078,.T.);
#10067 = FACE_BOUND('',#10068,.T.);
#10068 = EDGE_LOOP('',(#10069,#10070,#10071,#10077));
#10069 = ORIENTED_EDGE('',*,*,#3613,.F.);
#10070 = ORIENTED_EDGE('',*,*,#5892,.T.);
#10071 = ORIENTED_EDGE('',*,*,#10072,.F.);
#10072 = EDGE_CURVE('',#5755,#5885,#10073,.T.);
#10073 = LINE('',#10074,#10075);
#10074 = CARTESIAN_POINT('',(-1.55,0.2730641687,-2.759543926148));
#10075 = VECTOR('',#10076,1.);
#10076 = DIRECTION('',(-1.,0.,0.));
#10077 = ORIENTED_EDGE('',*,*,#5754,.F.);
#10078 = CYLINDRICAL_SURFACE('',#10079,5.E-02);
#10079 = AXIS2_PLACEMENT_3D('',#10080,#10081,#10082);
#10080 = CARTESIAN_POINT('',(-1.55,0.277421955837,-2.709734191244));
#10081 = DIRECTION('',(-1.,0.,-0.));
#10082 = DIRECTION('',(0.,0.,-1.));
#10083 = ADVANCED_FACE('',(#10084),#10090,.F.);
#10084 = FACE_BOUND('',#10085,.T.);
#10085 = EDGE_LOOP('',(#10086,#10087,#10088,#10089));
#10086 = ORIENTED_EDGE('',*,*,#5763,.F.);
#10087 = ORIENTED_EDGE('',*,*,#10072,.T.);
#10088 = ORIENTED_EDGE('',*,*,#5884,.T.);
#10089 = ORIENTED_EDGE('',*,*,#5789,.F.);
#10090 = PLANE('',#10091);
#10091 = AXIS2_PLACEMENT_3D('',#10092,#10093,#10094);
#10092 = CARTESIAN_POINT('',(-1.55,0.2730641687,-2.759543926148));
#10093 = DIRECTION('',(0.,8.715574274766E-02,0.996194698092));
#10094 = DIRECTION('',(1.,-0.,0.));
#10095 = ADVANCED_FACE('',(#10096),#10107,.T.);
#10096 = FACE_BOUND('',#10097,.T.);
#10097 = EDGE_LOOP('',(#10098,#10099,#10105,#10106));
#10098 = ORIENTED_EDGE('',*,*,#3968,.T.);
#10099 = ORIENTED_EDGE('',*,*,#10100,.T.);
#10100 = EDGE_CURVE('',#3961,#3681,#10101,.T.);
#10101 = LINE('',#10102,#10103);
#10102 = CARTESIAN_POINT('',(0.925,0.7,-2.78));
#10103 = VECTOR('',#10104,1.);
#10104 = DIRECTION('',(1.,0.,0.));
#10105 = ORIENTED_EDGE('',*,*,#3680,.F.);
#10106 = ORIENTED_EDGE('',*,*,#4250,.F.);
#10107 = PLANE('',#10108);
#10108 = AXIS2_PLACEMENT_3D('',#10109,#10110,#10111);
#10109 = CARTESIAN_POINT('',(0.925,0.7,-0.663455092367));
#10110 = DIRECTION('',(0.,-1.,0.));
#10111 = DIRECTION('',(0.,0.,-1.));
#10112 = ADVANCED_FACE('',(#10113),#10119,.T.);
#10113 = FACE_BOUND('',#10114,.T.);
#10114 = EDGE_LOOP('',(#10115,#10116,#10117,#10118));
#10115 = ORIENTED_EDGE('',*,*,#5284,.T.);
#10116 = ORIENTED_EDGE('',*,*,#3785,.F.);
#10117 = ORIENTED_EDGE('',*,*,#1506,.F.);
#10118 = ORIENTED_EDGE('',*,*,#4049,.T.);
#10119 = PLANE('',#10120);
#10120 = AXIS2_PLACEMENT_3D('',#10121,#10122,#10123);
#10121 = CARTESIAN_POINT('',(0.925,0.7,-0.663455092367));
#10122 = DIRECTION('',(0.,-1.,0.));
#10123 = DIRECTION('',(0.,0.,-1.));
#10124 = ADVANCED_FACE('',(#10125),#10131,.T.);
#10125 = FACE_BOUND('',#10126,.T.);
#10126 = EDGE_LOOP('',(#10127,#10128,#10129,#10130));
#10127 = ORIENTED_EDGE('',*,*,#3907,.T.);
#10128 = ORIENTED_EDGE('',*,*,#3688,.F.);
#10129 = ORIENTED_EDGE('',*,*,#10100,.F.);
#10130 = ORIENTED_EDGE('',*,*,#3960,.T.);
#10131 = PLANE('',#10132);
#10132 = AXIS2_PLACEMENT_3D('',#10133,#10134,#10135);
#10133 = CARTESIAN_POINT('',(0.925,0.7,-2.78));
#10134 = DIRECTION('',(0.,0.,-1.));
#10135 = DIRECTION('',(0.,-1.,0.));
#10136 = ADVANCED_FACE('',(#10137),#10148,.T.);
#10137 = FACE_BOUND('',#10138,.T.);
#10138 = EDGE_LOOP('',(#10139,#10140,#10146,#10147));
#10139 = ORIENTED_EDGE('',*,*,#2946,.T.);
#10140 = ORIENTED_EDGE('',*,*,#10141,.T.);
#10141 = EDGE_CURVE('',#2939,#3188,#10142,.T.);
#10142 = LINE('',#10143,#10144);
#10143 = CARTESIAN_POINT('',(-1.075,0.7,-2.78));
#10144 = VECTOR('',#10145,1.);
#10145 = DIRECTION('',(1.,0.,0.));
#10146 = ORIENTED_EDGE('',*,*,#3185,.F.);
#10147 = ORIENTED_EDGE('',*,*,#4363,.F.);
#10148 = PLANE('',#10149);
#10149 = AXIS2_PLACEMENT_3D('',#10150,#10151,#10152);
#10150 = CARTESIAN_POINT('',(-1.075,0.7,-0.663455092367));
#10151 = DIRECTION('',(0.,-1.,0.));
#10152 = DIRECTION('',(0.,0.,-1.));
#10153 = ADVANCED_FACE('',(#10154),#10160,.T.);
#10154 = FACE_BOUND('',#10155,.T.);
#10155 = EDGE_LOOP('',(#10156,#10157,#10158,#10159));
#10156 = ORIENTED_EDGE('',*,*,#3242,.F.);
#10157 = ORIENTED_EDGE('',*,*,#1676,.F.);
#10158 = ORIENTED_EDGE('',*,*,#2968,.T.);
#10159 = ORIENTED_EDGE('',*,*,#5402,.T.);
#10160 = PLANE('',#10161);
#10161 = AXIS2_PLACEMENT_3D('',#10162,#10163,#10164);
#10162 = CARTESIAN_POINT('',(-1.075,0.7,-0.663455092367));
#10163 = DIRECTION('',(0.,-1.,0.));
#10164 = DIRECTION('',(0.,0.,-1.));
#10165 = ADVANCED_FACE('',(#10166),#10177,.T.);
#10166 = FACE_BOUND('',#10167,.T.);
#10167 = EDGE_LOOP('',(#10168,#10174,#10175,#10176));
#10168 = ORIENTED_EDGE('',*,*,#10169,.T.);
#10169 = EDGE_CURVE('',#2929,#3196,#10170,.T.);
#10170 = LINE('',#10171,#10172);
#10171 = CARTESIAN_POINT('',(-1.075,0.82,-2.78));
#10172 = VECTOR('',#10173,1.);
#10173 = DIRECTION('',(1.,0.,0.));
#10174 = ORIENTED_EDGE('',*,*,#3195,.F.);
#10175 = ORIENTED_EDGE('',*,*,#10141,.F.);
#10176 = ORIENTED_EDGE('',*,*,#2938,.T.);
#10177 = PLANE('',#10178);
#10178 = AXIS2_PLACEMENT_3D('',#10179,#10180,#10181);
#10179 = CARTESIAN_POINT('',(-1.075,0.7,-2.78));
#10180 = DIRECTION('',(0.,0.,-1.));
#10181 = DIRECTION('',(0.,-1.,0.));
#10182 = ADVANCED_FACE('',(#10183),#10189,.T.);
#10183 = FACE_BOUND('',#10184,.T.);
#10184 = EDGE_LOOP('',(#10185,#10186,#10187,#10188));
#10185 = ORIENTED_EDGE('',*,*,#3203,.F.);
#10186 = ORIENTED_EDGE('',*,*,#10169,.F.);
#10187 = ORIENTED_EDGE('',*,*,#2928,.T.);
#10188 = ORIENTED_EDGE('',*,*,#4370,.T.);
#10189 = PLANE('',#10190);
#10190 = AXIS2_PLACEMENT_3D('',#10191,#10192,#10193);
#10191 = CARTESIAN_POINT('',(-1.075,0.82,-2.78));
#10192 = DIRECTION('',(0.,0.996129850025,-8.789381029636E-02));
#10193 = DIRECTION('',(-1.,0.,0.));
#10194 = ADVANCED_FACE('',(#10195),#10206,.T.);
#10195 = FACE_BOUND('',#10196,.T.);
#10196 = EDGE_LOOP('',(#10197,#10198,#10204,#10205));
#10197 = ORIENTED_EDGE('',*,*,#2985,.T.);
#10198 = ORIENTED_EDGE('',*,*,#10199,.T.);
#10199 = EDGE_CURVE('',#2978,#3228,#10200,.T.);
#10200 = LINE('',#10201,#10202);
#10201 = CARTESIAN_POINT('',(-1.075,0.88,-2.1));
#10202 = VECTOR('',#10203,1.);
#10203 = DIRECTION('',(1.,0.,0.));
#10204 = ORIENTED_EDGE('',*,*,#3225,.F.);
#10205 = ORIENTED_EDGE('',*,*,#5395,.F.);
#10206 = PLANE('',#10207);
#10207 = AXIS2_PLACEMENT_3D('',#10208,#10209,#10210);
#10208 = CARTESIAN_POINT('',(-1.075,0.82,-2.78));
#10209 = DIRECTION('',(0.,0.996129850025,-8.789381029636E-02));
#10210 = DIRECTION('',(-1.,0.,0.));
#10211 = ADVANCED_FACE('',(#10212),#10218,.T.);
#10212 = FACE_BOUND('',#10213,.T.);
#10213 = EDGE_LOOP('',(#10214,#10215,#10216,#10217));
#10214 = ORIENTED_EDGE('',*,*,#1694,.T.);
#10215 = ORIENTED_EDGE('',*,*,#3235,.F.);
#10216 = ORIENTED_EDGE('',*,*,#10199,.F.);
#10217 = ORIENTED_EDGE('',*,*,#2977,.T.);
#10218 = PLANE('',#10219);
#10219 = AXIS2_PLACEMENT_3D('',#10220,#10221,#10222);
#10220 = CARTESIAN_POINT('',(-1.075,0.88,-2.1));
#10221 = DIRECTION('',(-0.,1.,0.));
#10222 = DIRECTION('',(1.,0.,0.));
#10223 = ADVANCED_FACE('',(#10224),#10235,.T.);
#10224 = FACE_BOUND('',#10225,.T.);
#10225 = EDGE_LOOP('',(#10226,#10232,#10233,#10234));
#10226 = ORIENTED_EDGE('',*,*,#10227,.T.);
#10227 = EDGE_CURVE('',#4025,#3713,#10228,.T.);
#10228 = LINE('',#10229,#10230);
#10229 = CARTESIAN_POINT('',(0.925,-2.E-02,-3.05));
#10230 = VECTOR('',#10231,1.);
#10231 = DIRECTION('',(1.,0.,0.));
#10232 = ORIENTED_EDGE('',*,*,#3712,.F.);
#10233 = ORIENTED_EDGE('',*,*,#2635,.F.);
#10234 = ORIENTED_EDGE('',*,*,#4032,.T.);
#10235 = PLANE('',#10236);
#10236 = AXIS2_PLACEMENT_3D('',#10237,#10238,#10239);
#10237 = CARTESIAN_POINT('',(0.925,0.13,-3.05));
#10238 = DIRECTION('',(0.,0.,1.));
#10239 = DIRECTION('',(1.,0.,-0.));
#10240 = ADVANCED_FACE('',(#10241),#10252,.T.);
#10241 = FACE_BOUND('',#10242,.T.);
#10242 = EDGE_LOOP('',(#10243,#10249,#10250,#10251));
#10243 = ORIENTED_EDGE('',*,*,#10244,.T.);
#10244 = EDGE_CURVE('',#4017,#3721,#10245,.T.);
#10245 = LINE('',#10246,#10247);
#10246 = CARTESIAN_POINT('',(0.925,-2.E-02,-3.55));
#10247 = VECTOR('',#10248,1.);
#10248 = DIRECTION('',(1.,0.,0.));
#10249 = ORIENTED_EDGE('',*,*,#3720,.F.);
#10250 = ORIENTED_EDGE('',*,*,#10227,.F.);
#10251 = ORIENTED_EDGE('',*,*,#4024,.T.);
#10252 = PLANE('',#10253);
#10253 = AXIS2_PLACEMENT_3D('',#10254,#10255,#10256);
#10254 = CARTESIAN_POINT('',(0.925,-2.E-02,-3.05));
#10255 = DIRECTION('',(0.,-1.,0.));
#10256 = DIRECTION('',(0.,0.,-1.));
#10257 = ADVANCED_FACE('',(#10258),#10269,.T.);
#10258 = FACE_BOUND('',#10259,.T.);
#10259 = EDGE_LOOP('',(#10260,#10266,#10267,#10268));
#10260 = ORIENTED_EDGE('',*,*,#10261,.T.);
#10261 = EDGE_CURVE('',#4009,#3729,#10262,.T.);
#10262 = LINE('',#10263,#10264);
#10263 = CARTESIAN_POINT('',(0.925,0.17,-3.55));
#10264 = VECTOR('',#10265,1.);
#10265 = DIRECTION('',(1.,0.,0.));
#10266 = ORIENTED_EDGE('',*,*,#3728,.F.);
#10267 = ORIENTED_EDGE('',*,*,#10244,.F.);
#10268 = ORIENTED_EDGE('',*,*,#4016,.T.);
#10269 = PLANE('',#10270);
#10270 = AXIS2_PLACEMENT_3D('',#10271,#10272,#10273);
#10271 = CARTESIAN_POINT('',(0.925,-2.E-02,-3.55));
#10272 = DIRECTION('',(0.,0.,-1.));
#10273 = DIRECTION('',(0.,-1.,0.));
#10274 = ADVANCED_FACE('',(#10275),#10286,.T.);
#10275 = FACE_BOUND('',#10276,.T.);
#10276 = EDGE_LOOP('',(#10277,#10283,#10284,#10285));
#10277 = ORIENTED_EDGE('',*,*,#10278,.T.);
#10278 = EDGE_CURVE('',#4001,#3737,#10279,.T.);
#10279 = LINE('',#10280,#10281);
#10280 = CARTESIAN_POINT('',(0.925,0.17,-3.35));
#10281 = VECTOR('',#10282,1.);
#10282 = DIRECTION('',(1.,0.,0.));
#10283 = ORIENTED_EDGE('',*,*,#3736,.F.);
#10284 = ORIENTED_EDGE('',*,*,#10261,.F.);
#10285 = ORIENTED_EDGE('',*,*,#4008,.T.);
#10286 = PLANE('',#10287);
#10287 = AXIS2_PLACEMENT_3D('',#10288,#10289,#10290);
#10288 = CARTESIAN_POINT('',(0.925,0.17,-3.55));
#10289 = DIRECTION('',(-0.,1.,0.));
#10290 = DIRECTION('',(1.,0.,0.));
#10291 = ADVANCED_FACE('',(#10292),#10303,.T.);
#10292 = FACE_BOUND('',#10293,.T.);
#10293 = EDGE_LOOP('',(#10294,#10300,#10301,#10302));
#10294 = ORIENTED_EDGE('',*,*,#10295,.T.);
#10295 = EDGE_CURVE('',#3993,#3745,#10296,.T.);
#10296 = LINE('',#10297,#10298);
#10297 = CARTESIAN_POINT('',(0.925,0.27,-3.35));
#10298 = VECTOR('',#10299,1.);
#10299 = DIRECTION('',(1.,0.,0.));
#10300 = ORIENTED_EDGE('',*,*,#3744,.F.);
#10301 = ORIENTED_EDGE('',*,*,#10278,.F.);
#10302 = ORIENTED_EDGE('',*,*,#4000,.T.);
#10303 = PLANE('',#10304);
#10304 = AXIS2_PLACEMENT_3D('',#10305,#10306,#10307);
#10305 = CARTESIAN_POINT('',(0.925,0.17,-3.35));
#10306 = DIRECTION('',(0.,0.,-1.));
#10307 = DIRECTION('',(0.,-1.,0.));
#10308 = ADVANCED_FACE('',(#10309),#10315,.T.);
#10309 = FACE_BOUND('',#10310,.T.);
#10310 = EDGE_LOOP('',(#10311,#10312,#10313,#10314));
#10311 = ORIENTED_EDGE('',*,*,#3752,.F.);
#10312 = ORIENTED_EDGE('',*,*,#10295,.F.);
#10313 = ORIENTED_EDGE('',*,*,#3992,.T.);
#10314 = ORIENTED_EDGE('',*,*,#1351,.T.);
#10315 = PLANE('',#10316);
#10316 = AXIS2_PLACEMENT_3D('',#10317,#10318,#10319);
#10317 = CARTESIAN_POINT('',(0.925,0.27,-3.35));
#10318 = DIRECTION('',(-0.,1.,0.));
#10319 = DIRECTION('',(1.,0.,0.));
#10320 = ADVANCED_FACE('',(#10321),#10327,.T.);
#10321 = FACE_BOUND('',#10322,.T.);
#10322 = EDGE_LOOP('',(#10323,#10324,#10325,#10326));
#10323 = ORIENTED_EDGE('',*,*,#1524,.T.);
#10324 = ORIENTED_EDGE('',*,*,#3778,.F.);
#10325 = ORIENTED_EDGE('',*,*,#3939,.F.);
#10326 = ORIENTED_EDGE('',*,*,#4058,.T.);
#10327 = PLANE('',#10328);
#10328 = AXIS2_PLACEMENT_3D('',#10329,#10330,#10331);
#10329 = CARTESIAN_POINT('',(0.925,0.88,-2.1));
#10330 = DIRECTION('',(-0.,1.,0.));
#10331 = DIRECTION('',(1.,0.,0.));
#10332 = ADVANCED_FACE('',(#10333),#10344,.T.);
#10333 = FACE_BOUND('',#10334,.T.);
#10334 = EDGE_LOOP('',(#10335,#10336,#10342,#10343));
#10335 = ORIENTED_EDGE('',*,*,#3064,.F.);
#10336 = ORIENTED_EDGE('',*,*,#10337,.F.);
#10337 = EDGE_CURVE('',#2783,#3057,#10338,.T.);
#10338 = LINE('',#10339,#10340);
#10339 = CARTESIAN_POINT('',(-1.075,0.27,-3.35));
#10340 = VECTOR('',#10341,1.);
#10341 = DIRECTION('',(1.,0.,0.));
#10342 = ORIENTED_EDGE('',*,*,#2782,.T.);
#10343 = ORIENTED_EDGE('',*,*,#1479,.T.);
#10344 = PLANE('',#10345);
#10345 = AXIS2_PLACEMENT_3D('',#10346,#10347,#10348);
#10346 = CARTESIAN_POINT('',(-1.075,0.27,-3.35));
#10347 = DIRECTION('',(-0.,1.,0.));
#10348 = DIRECTION('',(1.,0.,0.));
#10349 = ADVANCED_FACE('',(#10350),#10361,.T.);
#10350 = FACE_BOUND('',#10351,.T.);
#10351 = EDGE_LOOP('',(#10352,#10353,#10354,#10360));
#10352 = ORIENTED_EDGE('',*,*,#10337,.T.);
#10353 = ORIENTED_EDGE('',*,*,#3056,.F.);
#10354 = ORIENTED_EDGE('',*,*,#10355,.F.);
#10355 = EDGE_CURVE('',#2791,#3049,#10356,.T.);
#10356 = LINE('',#10357,#10358);
#10357 = CARTESIAN_POINT('',(-1.075,0.17,-3.35));
#10358 = VECTOR('',#10359,1.);
#10359 = DIRECTION('',(1.,0.,0.));
#10360 = ORIENTED_EDGE('',*,*,#2790,.T.);
#10361 = PLANE('',#10362);
#10362 = AXIS2_PLACEMENT_3D('',#10363,#10364,#10365);
#10363 = CARTESIAN_POINT('',(-1.075,0.17,-3.35));
#10364 = DIRECTION('',(0.,0.,-1.));
#10365 = DIRECTION('',(0.,-1.,0.));
#10366 = ADVANCED_FACE('',(#10367),#10378,.T.);
#10367 = FACE_BOUND('',#10368,.T.);
#10368 = EDGE_LOOP('',(#10369,#10370,#10371,#10377));
#10369 = ORIENTED_EDGE('',*,*,#10355,.T.);
#10370 = ORIENTED_EDGE('',*,*,#3048,.F.);
#10371 = ORIENTED_EDGE('',*,*,#10372,.F.);
#10372 = EDGE_CURVE('',#2799,#3041,#10373,.T.);
#10373 = LINE('',#10374,#10375);
#10374 = CARTESIAN_POINT('',(-1.075,0.17,-3.55));
#10375 = VECTOR('',#10376,1.);
#10376 = DIRECTION('',(1.,0.,0.));
#10377 = ORIENTED_EDGE('',*,*,#2798,.T.);
#10378 = PLANE('',#10379);
#10379 = AXIS2_PLACEMENT_3D('',#10380,#10381,#10382);
#10380 = CARTESIAN_POINT('',(-1.075,0.17,-3.55));
#10381 = DIRECTION('',(-0.,1.,0.));
#10382 = DIRECTION('',(1.,0.,0.));
#10383 = ADVANCED_FACE('',(#10384),#10395,.T.);
#10384 = FACE_BOUND('',#10385,.T.);
#10385 = EDGE_LOOP('',(#10386,#10387,#10388,#10394));
#10386 = ORIENTED_EDGE('',*,*,#10372,.T.);
#10387 = ORIENTED_EDGE('',*,*,#3040,.F.);
#10388 = ORIENTED_EDGE('',*,*,#10389,.F.);
#10389 = EDGE_CURVE('',#2807,#3033,#10390,.T.);
#10390 = LINE('',#10391,#10392);
#10391 = CARTESIAN_POINT('',(-1.075,-2.E-02,-3.55));
#10392 = VECTOR('',#10393,1.);
#10393 = DIRECTION('',(1.,0.,0.));
#10394 = ORIENTED_EDGE('',*,*,#2806,.T.);
#10395 = PLANE('',#10396);
#10396 = AXIS2_PLACEMENT_3D('',#10397,#10398,#10399);
#10397 = CARTESIAN_POINT('',(-1.075,-2.E-02,-3.55));
#10398 = DIRECTION('',(0.,0.,-1.));
#10399 = DIRECTION('',(0.,-1.,0.));
#10400 = ADVANCED_FACE('',(#10401),#10407,.T.);
#10401 = FACE_BOUND('',#10402,.T.);
#10402 = EDGE_LOOP('',(#10403,#10404,#10405,#10406));
#10403 = ORIENTED_EDGE('',*,*,#10389,.T.);
#10404 = ORIENTED_EDGE('',*,*,#3032,.F.);
#10405 = ORIENTED_EDGE('',*,*,#3008,.F.);
#10406 = ORIENTED_EDGE('',*,*,#2814,.T.);
#10407 = PLANE('',#10408);
#10408 = AXIS2_PLACEMENT_3D('',#10409,#10410,#10411);
#10409 = CARTESIAN_POINT('',(-1.075,-2.E-02,-3.05));
#10410 = DIRECTION('',(0.,-1.,0.));
#10411 = DIRECTION('',(0.,0.,-1.));
#10412 = ( GEOMETRIC_REPRESENTATION_CONTEXT(3) 
GLOBAL_UNCERTAINTY_ASSIGNED_CONTEXT((#10416)) 
GLOBAL_UNIT_ASSIGNED_CONTEXT((#10413,#10414,#10415)) 
REPRESENTATION_CONTEXT('Context #1',
  '3D Context with UNIT and UNCERTAINTY') );
#10413 = ( LENGTH_UNIT() NAMED_UNIT(*) SI_UNIT(.MILLI.,.METRE.) );
#10414 = ( NAMED_UNIT(*) PLANE_ANGLE_UNIT() SI_UNIT($,.RADIAN.) );
#10415 = ( NAMED_UNIT(*) SI_UNIT($,.STERADIAN.) SOLID_ANGLE_UNIT() );
#10416 = UNCERTAINTY_MEASURE_WITH_UNIT(LENGTH_MEASURE(1.E-07),#10413,
  'distance_accuracy_value','confusion accuracy');
#10417 = SHAPE_DEFINITION_REPRESENTATION(#10418,#582);
#10418 = PRODUCT_DEFINITION_SHAPE('','',#10419);
#10419 = PRODUCT_DEFINITION('design','',#10420,#10423);
#10420 = PRODUCT_DEFINITION_FORMATION('','',#10421);
#10421 = PRODUCT('Open CASCADE STEP translator 7.5 2.2.1.1',
  'Open CASCADE STEP translator 7.5 2.2.1.1','',(#10422));
#10422 = PRODUCT_CONTEXT('',#2,'mechanical');
#10423 = PRODUCT_DEFINITION_CONTEXT('part definition',#2,'design');
#10424 = CONTEXT_DEPENDENT_SHAPE_REPRESENTATION(#10425,#10427);
#10425 = ( REPRESENTATION_RELATIONSHIP('','',#582,#568) 
REPRESENTATION_RELATIONSHIP_WITH_TRANSFORMATION(#10426) 
SHAPE_REPRESENTATION_RELATIONSHIP() );
#10426 = ITEM_DEFINED_TRANSFORMATION('','',#11,#569);
#10427 = PRODUCT_DEFINITION_SHAPE('Placement','Placement of an item',
  #10428);
#10428 = NEXT_ASSEMBLY_USAGE_OCCURRENCE('17','','',#563,#10419,$);
#10429 = PRODUCT_RELATED_PRODUCT_CATEGORY('part',$,(#10421));
#10430 = SHAPE_REPRESENTATION('',(#11,#10431,#10439,#10447,#10455,#10463
    ,#10471,#10479,#10487,#10495,#10503,#10511,#10519,#10527,#10535,
    #10543,#10551,#10559,#10567,#10575,#10583,#10591,#10599,#10607,
    #10615,#10623,#10631,#10639,#10647),#10655);
#10431 = GEOMETRIC_CURVE_SET('',(#10432));
#10432 = TRIMMED_CURVE('',#10433,(#10437,PARAMETER_VALUE(0.)),(#10438,
    PARAMETER_VALUE(1.)),.T.,.PARAMETER.);
#10433 = LINE('',#10434,#10435);
#10434 = CARTESIAN_POINT('',(-1.64,0.,-1.15));
#10435 = VECTOR('',#10436,1.);
#10436 = DIRECTION('',(0.,0.,1.));
#10437 = CARTESIAN_POINT('',(-1.64,0.,-1.15));
#10438 = CARTESIAN_POINT('',(-1.64,0.,-0.15));
#10439 = GEOMETRIC_CURVE_SET('',(#10440));
#10440 = TRIMMED_CURVE('',#10441,(#10445,PARAMETER_VALUE(0.)),(#10446,
    PARAMETER_VALUE(0.3)),.T.,.PARAMETER.);
#10441 = LINE('',#10442,#10443);
#10442 = CARTESIAN_POINT('',(-1.64,0.,-0.15));
#10443 = VECTOR('',#10444,1.);
#10444 = DIRECTION('',(-1.,0.,0.));
#10445 = CARTESIAN_POINT('',(-1.64,0.,-0.15));
#10446 = CARTESIAN_POINT('',(-1.94,0.,-0.15));
#10447 = GEOMETRIC_CURVE_SET('',(#10448));
#10448 = TRIMMED_CURVE('',#10449,(#10453,PARAMETER_VALUE(0.)),(#10454,
    PARAMETER_VALUE(1.)),.T.,.PARAMETER.);
#10449 = LINE('',#10450,#10451);
#10450 = CARTESIAN_POINT('',(-1.94,0.,-0.15));
#10451 = VECTOR('',#10452,1.);
#10452 = DIRECTION('',(0.,0.,-1.));
#10453 = CARTESIAN_POINT('',(-1.94,0.,-0.15));
#10454 = CARTESIAN_POINT('',(-1.94,0.,-1.15));
#10455 = GEOMETRIC_CURVE_SET('',(#10456));
#10456 = TRIMMED_CURVE('',#10457,(#10461,PARAMETER_VALUE(0.)),(#10462,
    PARAMETER_VALUE(0.3)),.T.,.PARAMETER.);
#10457 = LINE('',#10458,#10459);
#10458 = CARTESIAN_POINT('',(-1.94,0.,-1.15));
#10459 = VECTOR('',#10460,1.);
#10460 = DIRECTION('',(1.,0.,0.));
#10461 = CARTESIAN_POINT('',(-1.94,0.,-1.15));
#10462 = CARTESIAN_POINT('',(-1.64,0.,-1.15));
#10463 = GEOMETRIC_CURVE_SET('',(#10464));
#10464 = TRIMMED_CURVE('',#10465,(#10469,PARAMETER_VALUE(0.)),(#10470,
    PARAMETER_VALUE(0.3)),.T.,.PARAMETER.);
#10465 = LINE('',#10466,#10467);
#10466 = CARTESIAN_POINT('',(1.64,0.,-1.15));
#10467 = VECTOR('',#10468,1.);
#10468 = DIRECTION('',(1.,0.,0.));
#10469 = CARTESIAN_POINT('',(1.64,0.,-1.15));
#10470 = CARTESIAN_POINT('',(1.94,0.,-1.15));
#10471 = GEOMETRIC_CURVE_SET('',(#10472));
#10472 = TRIMMED_CURVE('',#10473,(#10477,PARAMETER_VALUE(0.)),(#10478,
    PARAMETER_VALUE(1.)),.T.,.PARAMETER.);
#10473 = LINE('',#10474,#10475);
#10474 = CARTESIAN_POINT('',(1.94,0.,-1.15));
#10475 = VECTOR('',#10476,1.);
#10476 = DIRECTION('',(0.,0.,1.));
#10477 = CARTESIAN_POINT('',(1.94,0.,-1.15));
#10478 = CARTESIAN_POINT('',(1.94,0.,-0.15));
#10479 = GEOMETRIC_CURVE_SET('',(#10480));
#10480 = TRIMMED_CURVE('',#10481,(#10485,PARAMETER_VALUE(0.)),(#10486,
    PARAMETER_VALUE(0.3)),.T.,.PARAMETER.);
#10481 = LINE('',#10482,#10483);
#10482 = CARTESIAN_POINT('',(1.94,0.,-0.15));
#10483 = VECTOR('',#10484,1.);
#10484 = DIRECTION('',(-1.,0.,0.));
#10485 = CARTESIAN_POINT('',(1.94,0.,-0.15));
#10486 = CARTESIAN_POINT('',(1.64,0.,-0.15));
#10487 = GEOMETRIC_CURVE_SET('',(#10488));
#10488 = TRIMMED_CURVE('',#10489,(#10493,PARAMETER_VALUE(0.)),(#10494,
    PARAMETER_VALUE(1.)),.T.,.PARAMETER.);
#10489 = LINE('',#10490,#10491);
#10490 = CARTESIAN_POINT('',(1.64,0.,-0.15));
#10491 = VECTOR('',#10492,1.);
#10492 = DIRECTION('',(0.,0.,-1.));
#10493 = CARTESIAN_POINT('',(1.64,0.,-0.15));
#10494 = CARTESIAN_POINT('',(1.64,0.,-1.15));
#10495 = GEOMETRIC_CURVE_SET('',(#10496));
#10496 = TRIMMED_CURVE('',#10497,(#10501,PARAMETER_VALUE(0.)),(#10502,
    PARAMETER_VALUE(0.7)),.T.,.PARAMETER.);
#10497 = LINE('',#10498,#10499);
#10498 = CARTESIAN_POINT('',(1.15,0.,-3.65));
#10499 = VECTOR('',#10500,1.);
#10500 = DIRECTION('',(0.,0.,1.));
#10501 = CARTESIAN_POINT('',(1.15,0.,-3.65));
#10502 = CARTESIAN_POINT('',(1.15,0.,-2.95));
#10503 = GEOMETRIC_CURVE_SET('',(#10504));
#10504 = TRIMMED_CURVE('',#10505,(#10509,PARAMETER_VALUE(0.)),(#10510,
    PARAMETER_VALUE(0.3)),.T.,.PARAMETER.);
#10505 = LINE('',#10506,#10507);
#10506 = CARTESIAN_POINT('',(1.15,0.,-2.95));
#10507 = VECTOR('',#10508,1.);
#10508 = DIRECTION('',(-1.,0.,0.));
#10509 = CARTESIAN_POINT('',(1.15,0.,-2.95));
#10510 = CARTESIAN_POINT('',(0.85,0.,-2.95));
#10511 = GEOMETRIC_CURVE_SET('',(#10512));
#10512 = TRIMMED_CURVE('',#10513,(#10517,PARAMETER_VALUE(0.)),(#10518,
    PARAMETER_VALUE(0.7)),.T.,.PARAMETER.);
#10513 = LINE('',#10514,#10515);
#10514 = CARTESIAN_POINT('',(0.85,0.,-2.95));
#10515 = VECTOR('',#10516,1.);
#10516 = DIRECTION('',(0.,0.,-1.));
#10517 = CARTESIAN_POINT('',(0.85,0.,-2.95));
#10518 = CARTESIAN_POINT('',(0.85,0.,-3.65));
#10519 = GEOMETRIC_CURVE_SET('',(#10520));
#10520 = TRIMMED_CURVE('',#10521,(#10525,PARAMETER_VALUE(0.)),(#10526,
    PARAMETER_VALUE(0.3)),.T.,.PARAMETER.);
#10521 = LINE('',#10522,#10523);
#10522 = CARTESIAN_POINT('',(0.85,0.,-3.65));
#10523 = VECTOR('',#10524,1.);
#10524 = DIRECTION('',(1.,0.,0.));
#10525 = CARTESIAN_POINT('',(0.85,0.,-3.65));
#10526 = CARTESIAN_POINT('',(1.15,0.,-3.65));
#10527 = GEOMETRIC_CURVE_SET('',(#10528));
#10528 = TRIMMED_CURVE('',#10529,(#10533,PARAMETER_VALUE(0.)),(#10534,
    PARAMETER_VALUE(0.7)),.T.,.PARAMETER.);
#10529 = LINE('',#10530,#10531);
#10530 = CARTESIAN_POINT('',(0.65,0.,-3.65));
#10531 = VECTOR('',#10532,1.);
#10532 = DIRECTION('',(0.,0.,1.));
#10533 = CARTESIAN_POINT('',(0.65,0.,-3.65));
#10534 = CARTESIAN_POINT('',(0.65,0.,-2.95));
#10535 = GEOMETRIC_CURVE_SET('',(#10536));
#10536 = TRIMMED_CURVE('',#10537,(#10541,PARAMETER_VALUE(0.)),(#10542,
    PARAMETER_VALUE(0.3)),.T.,.PARAMETER.);
#10537 = LINE('',#10538,#10539);
#10538 = CARTESIAN_POINT('',(0.65,0.,-2.95));
#10539 = VECTOR('',#10540,1.);
#10540 = DIRECTION('',(-1.,0.,0.));
#10541 = CARTESIAN_POINT('',(0.65,0.,-2.95));
#10542 = CARTESIAN_POINT('',(0.35,0.,-2.95));
#10543 = GEOMETRIC_CURVE_SET('',(#10544));
#10544 = TRIMMED_CURVE('',#10545,(#10549,PARAMETER_VALUE(0.)),(#10550,
    PARAMETER_VALUE(0.7)),.T.,.PARAMETER.);
#10545 = LINE('',#10546,#10547);
#10546 = CARTESIAN_POINT('',(0.35,0.,-2.95));
#10547 = VECTOR('',#10548,1.);
#10548 = DIRECTION('',(0.,0.,-1.));
#10549 = CARTESIAN_POINT('',(0.35,0.,-2.95));
#10550 = CARTESIAN_POINT('',(0.35,0.,-3.65));
#10551 = GEOMETRIC_CURVE_SET('',(#10552));
#10552 = TRIMMED_CURVE('',#10553,(#10557,PARAMETER_VALUE(0.)),(#10558,
    PARAMETER_VALUE(0.3)),.T.,.PARAMETER.);
#10553 = LINE('',#10554,#10555);
#10554 = CARTESIAN_POINT('',(0.35,0.,-3.65));
#10555 = VECTOR('',#10556,1.);
#10556 = DIRECTION('',(1.,0.,0.));
#10557 = CARTESIAN_POINT('',(0.35,0.,-3.65));
#10558 = CARTESIAN_POINT('',(0.65,0.,-3.65));
#10559 = GEOMETRIC_CURVE_SET('',(#10560));
#10560 = TRIMMED_CURVE('',#10561,(#10565,PARAMETER_VALUE(0.)),(#10566,
    PARAMETER_VALUE(0.7)),.T.,.PARAMETER.);
#10561 = LINE('',#10562,#10563);
#10562 = CARTESIAN_POINT('',(0.15,0.,-3.65));
#10563 = VECTOR('',#10564,1.);
#10564 = DIRECTION('',(0.,0.,1.));
#10565 = CARTESIAN_POINT('',(0.15,0.,-3.65));
#10566 = CARTESIAN_POINT('',(0.15,0.,-2.95));
#10567 = GEOMETRIC_CURVE_SET('',(#10568));
#10568 = TRIMMED_CURVE('',#10569,(#10573,PARAMETER_VALUE(0.)),(#10574,
    PARAMETER_VALUE(0.3)),.T.,.PARAMETER.);
#10569 = LINE('',#10570,#10571);
#10570 = CARTESIAN_POINT('',(0.15,0.,-2.95));
#10571 = VECTOR('',#10572,1.);
#10572 = DIRECTION('',(-1.,0.,0.));
#10573 = CARTESIAN_POINT('',(0.15,0.,-2.95));
#10574 = CARTESIAN_POINT('',(-0.15,0.,-2.95));
#10575 = GEOMETRIC_CURVE_SET('',(#10576));
#10576 = TRIMMED_CURVE('',#10577,(#10581,PARAMETER_VALUE(0.)),(#10582,
    PARAMETER_VALUE(0.7)),.T.,.PARAMETER.);
#10577 = LINE('',#10578,#10579);
#10578 = CARTESIAN_POINT('',(-0.15,0.,-2.95));
#10579 = VECTOR('',#10580,1.);
#10580 = DIRECTION('',(0.,0.,-1.));
#10581 = CARTESIAN_POINT('',(-0.15,0.,-2.95));
#10582 = CARTESIAN_POINT('',(-0.15,0.,-3.65));
#10583 = GEOMETRIC_CURVE_SET('',(#10584));
#10584 = TRIMMED_CURVE('',#10585,(#10589,PARAMETER_VALUE(0.)),(#10590,
    PARAMETER_VALUE(0.3)),.T.,.PARAMETER.);
#10585 = LINE('',#10586,#10587);
#10586 = CARTESIAN_POINT('',(-0.15,0.,-3.65));
#10587 = VECTOR('',#10588,1.);
#10588 = DIRECTION('',(1.,0.,0.));
#10589 = CARTESIAN_POINT('',(-0.15,0.,-3.65));
#10590 = CARTESIAN_POINT('',(0.15,0.,-3.65));
#10591 = GEOMETRIC_CURVE_SET('',(#10592));
#10592 = TRIMMED_CURVE('',#10593,(#10597,PARAMETER_VALUE(0.)),(#10598,
    PARAMETER_VALUE(0.7)),.T.,.PARAMETER.);
#10593 = LINE('',#10594,#10595);
#10594 = CARTESIAN_POINT('',(-0.35,0.,-3.65));
#10595 = VECTOR('',#10596,1.);
#10596 = DIRECTION('',(0.,0.,1.));
#10597 = CARTESIAN_POINT('',(-0.35,0.,-3.65));
#10598 = CARTESIAN_POINT('',(-0.35,0.,-2.95));
#10599 = GEOMETRIC_CURVE_SET('',(#10600));
#10600 = TRIMMED_CURVE('',#10601,(#10605,PARAMETER_VALUE(0.)),(#10606,
    PARAMETER_VALUE(0.3)),.T.,.PARAMETER.);
#10601 = LINE('',#10602,#10603);
#10602 = CARTESIAN_POINT('',(-0.35,0.,-2.95));
#10603 = VECTOR('',#10604,1.);
#10604 = DIRECTION('',(-1.,0.,0.));
#10605 = CARTESIAN_POINT('',(-0.35,0.,-2.95));
#10606 = CARTESIAN_POINT('',(-0.65,0.,-2.95));
#10607 = GEOMETRIC_CURVE_SET('',(#10608));
#10608 = TRIMMED_CURVE('',#10609,(#10613,PARAMETER_VALUE(0.)),(#10614,
    PARAMETER_VALUE(0.7)),.T.,.PARAMETER.);
#10609 = LINE('',#10610,#10611);
#10610 = CARTESIAN_POINT('',(-0.65,0.,-2.95));
#10611 = VECTOR('',#10612,1.);
#10612 = DIRECTION('',(0.,0.,-1.));
#10613 = CARTESIAN_POINT('',(-0.65,0.,-2.95));
#10614 = CARTESIAN_POINT('',(-0.65,0.,-3.65));
#10615 = GEOMETRIC_CURVE_SET('',(#10616));
#10616 = TRIMMED_CURVE('',#10617,(#10621,PARAMETER_VALUE(0.)),(#10622,
    PARAMETER_VALUE(0.3)),.T.,.PARAMETER.);
#10617 = LINE('',#10618,#10619);
#10618 = CARTESIAN_POINT('',(-0.65,0.,-3.65));
#10619 = VECTOR('',#10620,1.);
#10620 = DIRECTION('',(1.,0.,0.));
#10621 = CARTESIAN_POINT('',(-0.65,0.,-3.65));
#10622 = CARTESIAN_POINT('',(-0.35,0.,-3.65));
#10623 = GEOMETRIC_CURVE_SET('',(#10624));
#10624 = TRIMMED_CURVE('',#10625,(#10629,PARAMETER_VALUE(0.)),(#10630,
    PARAMETER_VALUE(0.7)),.T.,.PARAMETER.);
#10625 = LINE('',#10626,#10627);
#10626 = CARTESIAN_POINT('',(-0.85,0.,-3.65));
#10627 = VECTOR('',#10628,1.);
#10628 = DIRECTION('',(0.,0.,1.));
#10629 = CARTESIAN_POINT('',(-0.85,0.,-3.65));
#10630 = CARTESIAN_POINT('',(-0.85,0.,-2.95));
#10631 = GEOMETRIC_CURVE_SET('',(#10632));
#10632 = TRIMMED_CURVE('',#10633,(#10637,PARAMETER_VALUE(0.)),(#10638,
    PARAMETER_VALUE(0.3)),.T.,.PARAMETER.);
#10633 = LINE('',#10634,#10635);
#10634 = CARTESIAN_POINT('',(-0.85,0.,-2.95));
#10635 = VECTOR('',#10636,1.);
#10636 = DIRECTION('',(-1.,0.,0.));
#10637 = CARTESIAN_POINT('',(-0.85,0.,-2.95));
#10638 = CARTESIAN_POINT('',(-1.15,0.,-2.95));
#10639 = GEOMETRIC_CURVE_SET('',(#10640));
#10640 = TRIMMED_CURVE('',#10641,(#10645,PARAMETER_VALUE(0.)),(#10646,
    PARAMETER_VALUE(0.7)),.T.,.PARAMETER.);
#10641 = LINE('',#10642,#10643);
#10642 = CARTESIAN_POINT('',(-1.15,0.,-2.95));
#10643 = VECTOR('',#10644,1.);
#10644 = DIRECTION('',(0.,0.,-1.));
#10645 = CARTESIAN_POINT('',(-1.15,0.,-2.95));
#10646 = CARTESIAN_POINT('',(-1.15,0.,-3.65));
#10647 = GEOMETRIC_CURVE_SET('',(#10648));
#10648 = TRIMMED_CURVE('',#10649,(#10653,PARAMETER_VALUE(0.)),(#10654,
    PARAMETER_VALUE(0.3)),.T.,.PARAMETER.);
#10649 = LINE('',#10650,#10651);
#10650 = CARTESIAN_POINT('',(-1.15,0.,-3.65));
#10651 = VECTOR('',#10652,1.);
#10652 = DIRECTION('',(1.,0.,0.));
#10653 = CARTESIAN_POINT('',(-1.15,0.,-3.65));
#10654 = CARTESIAN_POINT('',(-0.85,0.,-3.65));
#10655 = ( GEOMETRIC_REPRESENTATION_CONTEXT(3) 
GLOBAL_UNCERTAINTY_ASSIGNED_CONTEXT((#10659)) 
GLOBAL_UNIT_ASSIGNED_CONTEXT((#10656,#10657,#10658)) 
REPRESENTATION_CONTEXT('Context #1',
  '3D Context with UNIT and UNCERTAINTY') );
#10656 = ( LENGTH_UNIT() NAMED_UNIT(*) SI_UNIT(.MILLI.,.METRE.) );
#10657 = ( NAMED_UNIT(*) PLANE_ANGLE_UNIT() SI_UNIT($,.RADIAN.) );
#10658 = ( NAMED_UNIT(*) SI_UNIT($,.STERADIAN.) SOLID_ANGLE_UNIT() );
#10659 = UNCERTAINTY_MEASURE_WITH_UNIT(LENGTH_MEASURE(1.E-07),#10656,
  'distance_accuracy_value','confusion accuracy');
#10660 = SHAPE_DEFINITION_REPRESENTATION(#10661,#10430);
#10661 = PRODUCT_DEFINITION_SHAPE('','',#10662);
#10662 = PRODUCT_DEFINITION('design','',#10663,#10666);
#10663 = PRODUCT_DEFINITION_FORMATION('','',#10664);
#10664 = PRODUCT('Open CASCADE STEP translator 7.5 2.2.1.2',
  'Open CASCADE STEP translator 7.5 2.2.1.2','',(#10665));
#10665 = PRODUCT_CONTEXT('',#2,'mechanical');
#10666 = PRODUCT_DEFINITION_CONTEXT('part definition',#2,'design');
#10667 = CONTEXT_DEPENDENT_SHAPE_REPRESENTATION(#10668,#10670);
#10668 = ( REPRESENTATION_RELATIONSHIP('','',#10430,#568) 
REPRESENTATION_RELATIONSHIP_WITH_TRANSFORMATION(#10669) 
SHAPE_REPRESENTATION_RELATIONSHIP() );
#10669 = ITEM_DEFINED_TRANSFORMATION('','',#11,#573);
#10670 = PRODUCT_DEFINITION_SHAPE('Placement','Placement of an item',
  #10671);
#10671 = NEXT_ASSEMBLY_USAGE_OCCURRENCE('18','','',#563,#10662,$);
#10672 = PRODUCT_RELATED_PRODUCT_CATEGORY('part',$,(#10664));
#10673 = CONTEXT_DEPENDENT_SHAPE_REPRESENTATION(#10674,#10676);
#10674 = ( REPRESENTATION_RELATIONSHIP('','',#568,#551) 
REPRESENTATION_RELATIONSHIP_WITH_TRANSFORMATION(#10675) 
SHAPE_REPRESENTATION_RELATIONSHIP() );
#10675 = ITEM_DEFINED_TRANSFORMATION('','',#11,#552);
#10676 = PRODUCT_DEFINITION_SHAPE('Placement','Placement of an item',
  #10677);
#10677 = NEXT_ASSEMBLY_USAGE_OCCURRENCE('19','','',#546,#563,$);
#10678 = PRODUCT_RELATED_PRODUCT_CATEGORY('part',$,(#565));
#10679 = CONTEXT_DEPENDENT_SHAPE_REPRESENTATION(#10680,#10682);
#10680 = ( REPRESENTATION_RELATIONSHIP('','',#551,#10) 
REPRESENTATION_RELATIONSHIP_WITH_TRANSFORMATION(#10681) 
SHAPE_REPRESENTATION_RELATIONSHIP() );
#10681 = ITEM_DEFINED_TRANSFORMATION('','',#11,#19);
#10682 = PRODUCT_DEFINITION_SHAPE('Placement','Placement of an item',
  #10683);
#10683 = NEXT_ASSEMBLY_USAGE_OCCURRENCE('20','','',#5,#546,$);
#10684 = PRODUCT_RELATED_PRODUCT_CATEGORY('part',$,(#548));
#10685 = SHAPE_DEFINITION_REPRESENTATION(#10686,#10692);
#10686 = PRODUCT_DEFINITION_SHAPE('','',#10687);
#10687 = PRODUCT_DEFINITION('design','',#10688,#10691);
#10688 = PRODUCT_DEFINITION_FORMATION('','',#10689);
#10689 = PRODUCT('D2','D2','',(#10690));
#10690 = PRODUCT_CONTEXT('',#2,'mechanical');
#10691 = PRODUCT_DEFINITION_CONTEXT('part definition',#2,'design');
#10692 = SHAPE_REPRESENTATION('',(#11,#10693),#10697);
#10693 = AXIS2_PLACEMENT_3D('',#10694,#10695,#10696);
#10694 = CARTESIAN_POINT('',(15.901870727539,30.199129104614,
    -0.411480009556));
#10695 = DIRECTION('',(0.,8.742277974146E-08,-1.));
#10696 = DIRECTION('',(0.707106781187,-0.707106781187,
    -6.181724038537E-08));
#10697 = ( GEOMETRIC_REPRESENTATION_CONTEXT(3) 
GLOBAL_UNCERTAINTY_ASSIGNED_CONTEXT((#10701)) 
GLOBAL_UNIT_ASSIGNED_CONTEXT((#10698,#10699,#10700)) 
REPRESENTATION_CONTEXT('Context #1',
  '3D Context with UNIT and UNCERTAINTY') );
#10698 = ( LENGTH_UNIT() NAMED_UNIT(*) SI_UNIT(.MILLI.,.METRE.) );
#10699 = ( NAMED_UNIT(*) PLANE_ANGLE_UNIT() SI_UNIT($,.RADIAN.) );
#10700 = ( NAMED_UNIT(*) SI_UNIT($,.STERADIAN.) SOLID_ANGLE_UNIT() );
#10701 = UNCERTAINTY_MEASURE_WITH_UNIT(LENGTH_MEASURE(1.E-07),#10698,
  'distance_accuracy_value','confusion accuracy');
#10702 = SHAPE_DEFINITION_REPRESENTATION(#10703,#10709);
#10703 = PRODUCT_DEFINITION_SHAPE('','',#10704);
#10704 = PRODUCT_DEFINITION('design','',#10705,#10708);
#10705 = PRODUCT_DEFINITION_FORMATION('','',#10706);
#10706 = PRODUCT('BAT54KFILM','BAT54KFILM','',(#10707));
#10707 = PRODUCT_CONTEXT('',#2,'mechanical');
#10708 = PRODUCT_DEFINITION_CONTEXT('part definition',#2,'design');
#10709 = SHAPE_REPRESENTATION('',(#11,#10710,#10714,#10718,#10722),
  #10726);
#10710 = AXIS2_PLACEMENT_3D('',#10711,#10712,#10713);
#10711 = CARTESIAN_POINT('',(0.,0.,0.));
#10712 = DIRECTION('',(0.,0.,1.));
#10713 = DIRECTION('',(1.,0.,0.));
#10714 = AXIS2_PLACEMENT_3D('',#10715,#10716,#10717);
#10715 = CARTESIAN_POINT('',(-0.49,-0.35,0.698));
#10716 = DIRECTION('',(0.,0.,1.));
#10717 = DIRECTION('',(1.,0.,0.));
#10718 = AXIS2_PLACEMENT_3D('',#10719,#10720,#10721);
#10719 = CARTESIAN_POINT('',(-0.8,-0.15,0.));
#10720 = DIRECTION('',(0.,0.,1.));
#10721 = DIRECTION('',(1.,0.,0.));
#10722 = AXIS2_PLACEMENT_3D('',#10723,#10724,#10725);
#10723 = CARTESIAN_POINT('',(0.5,-0.15,0.));
#10724 = DIRECTION('',(0.,0.,1.));
#10725 = DIRECTION('',(1.,0.,0.));
#10726 = ( GEOMETRIC_REPRESENTATION_CONTEXT(3) 
GLOBAL_UNCERTAINTY_ASSIGNED_CONTEXT((#10730)) 
GLOBAL_UNIT_ASSIGNED_CONTEXT((#10727,#10728,#10729)) 
REPRESENTATION_CONTEXT('Context #1',
  '3D Context with UNIT and UNCERTAINTY') );
#10727 = ( LENGTH_UNIT() NAMED_UNIT(*) SI_UNIT(.MILLI.,.METRE.) );
#10728 = ( NAMED_UNIT(*) PLANE_ANGLE_UNIT() SI_UNIT($,.RADIAN.) );
#10729 = ( NAMED_UNIT(*) SI_UNIT($,.STERADIAN.) SOLID_ANGLE_UNIT() );
#10730 = UNCERTAINTY_MEASURE_WITH_UNIT(LENGTH_MEASURE(1.E-07),#10727,
  'distance_accuracy_value','confusion accuracy');
#10731 = ADVANCED_BREP_SHAPE_REPRESENTATION('',(#11,#10732),#10978);
#10732 = MANIFOLD_SOLID_BREP('',#10733);
#10733 = CLOSED_SHELL('',(#10734,#10774,#10805,#10836,#10860,#10884,
    #10901,#10925,#10949,#10966));
#10734 = ADVANCED_FACE('',(#10735),#10769,.F.);
#10735 = FACE_BOUND('',#10736,.F.);
#10736 = EDGE_LOOP('',(#10737,#10747,#10755,#10763));
#10737 = ORIENTED_EDGE('',*,*,#10738,.F.);
#10738 = EDGE_CURVE('',#10739,#10741,#10743,.T.);
#10739 = VERTEX_POINT('',#10740);
#10740 = CARTESIAN_POINT('',(-0.6,-0.4,2.E-03));
#10741 = VERTEX_POINT('',#10742);
#10742 = CARTESIAN_POINT('',(-0.6,-0.4,8.55E-02));
#10743 = LINE('',#10744,#10745);
#10744 = CARTESIAN_POINT('',(-0.6,-0.4,2.E-03));
#10745 = VECTOR('',#10746,1.);
#10746 = DIRECTION('',(0.,0.,1.));
#10747 = ORIENTED_EDGE('',*,*,#10748,.T.);
#10748 = EDGE_CURVE('',#10739,#10749,#10751,.T.);
#10749 = VERTEX_POINT('',#10750);
#10750 = CARTESIAN_POINT('',(-0.6,0.4,2.E-03));
#10751 = LINE('',#10752,#10753);
#10752 = CARTESIAN_POINT('',(-0.6,-0.4,2.E-03));
#10753 = VECTOR('',#10754,1.);
#10754 = DIRECTION('',(0.,1.,0.));
#10755 = ORIENTED_EDGE('',*,*,#10756,.T.);
#10756 = EDGE_CURVE('',#10749,#10757,#10759,.T.);
#10757 = VERTEX_POINT('',#10758);
#10758 = CARTESIAN_POINT('',(-0.6,0.4,8.55E-02));
#10759 = LINE('',#10760,#10761);
#10760 = CARTESIAN_POINT('',(-0.6,0.4,2.E-03));
#10761 = VECTOR('',#10762,1.);
#10762 = DIRECTION('',(0.,0.,1.));
#10763 = ORIENTED_EDGE('',*,*,#10764,.F.);
#10764 = EDGE_CURVE('',#10741,#10757,#10765,.T.);
#10765 = LINE('',#10766,#10767);
#10766 = CARTESIAN_POINT('',(-0.6,-0.4,8.55E-02));
#10767 = VECTOR('',#10768,1.);
#10768 = DIRECTION('',(0.,1.,0.));
#10769 = PLANE('',#10770);
#10770 = AXIS2_PLACEMENT_3D('',#10771,#10772,#10773);
#10771 = CARTESIAN_POINT('',(-0.6,-0.4,2.E-03));
#10772 = DIRECTION('',(1.,0.,0.));
#10773 = DIRECTION('',(0.,0.,1.));
#10774 = ADVANCED_FACE('',(#10775),#10800,.F.);
#10775 = FACE_BOUND('',#10776,.F.);
#10776 = EDGE_LOOP('',(#10777,#10787,#10793,#10794));
#10777 = ORIENTED_EDGE('',*,*,#10778,.F.);
#10778 = EDGE_CURVE('',#10779,#10781,#10783,.T.);
#10779 = VERTEX_POINT('',#10780);
#10780 = CARTESIAN_POINT('',(0.6,-0.4,2.E-03));
#10781 = VERTEX_POINT('',#10782);
#10782 = CARTESIAN_POINT('',(0.6,-0.4,8.55E-02));
#10783 = LINE('',#10784,#10785);
#10784 = CARTESIAN_POINT('',(0.6,-0.4,2.E-03));
#10785 = VECTOR('',#10786,1.);
#10786 = DIRECTION('',(0.,0.,1.));
#10787 = ORIENTED_EDGE('',*,*,#10788,.F.);
#10788 = EDGE_CURVE('',#10739,#10779,#10789,.T.);
#10789 = LINE('',#10790,#10791);
#10790 = CARTESIAN_POINT('',(-0.6,-0.4,2.E-03));
#10791 = VECTOR('',#10792,1.);
#10792 = DIRECTION('',(1.,0.,0.));
#10793 = ORIENTED_EDGE('',*,*,#10738,.T.);
#10794 = ORIENTED_EDGE('',*,*,#10795,.T.);
#10795 = EDGE_CURVE('',#10741,#10781,#10796,.T.);
#10796 = LINE('',#10797,#10798);
#10797 = CARTESIAN_POINT('',(-0.6,-0.4,8.55E-02));
#10798 = VECTOR('',#10799,1.);
#10799 = DIRECTION('',(1.,0.,0.));
#10800 = PLANE('',#10801);
#10801 = AXIS2_PLACEMENT_3D('',#10802,#10803,#10804);
#10802 = CARTESIAN_POINT('',(-0.6,-0.4,2.E-03));
#10803 = DIRECTION('',(0.,1.,0.));
#10804 = DIRECTION('',(0.,-0.,1.));
#10805 = ADVANCED_FACE('',(#10806),#10831,.F.);
#10806 = FACE_BOUND('',#10807,.F.);
#10807 = EDGE_LOOP('',(#10808,#10816,#10817,#10825));
#10808 = ORIENTED_EDGE('',*,*,#10809,.F.);
#10809 = EDGE_CURVE('',#10741,#10810,#10812,.T.);
#10810 = VERTEX_POINT('',#10811);
#10811 = CARTESIAN_POINT('',(-0.55,-0.35,0.698));
#10812 = LINE('',#10813,#10814);
#10813 = CARTESIAN_POINT('',(-0.575164406083,-0.375164406083,
    0.389736025483));
#10814 = VECTOR('',#10815,1.);
#10815 = DIRECTION('',(8.109403998445E-02,8.109403998445E-02,
    0.99340198981));
#10816 = ORIENTED_EDGE('',*,*,#10764,.T.);
#10817 = ORIENTED_EDGE('',*,*,#10818,.T.);
#10818 = EDGE_CURVE('',#10757,#10819,#10821,.T.);
#10819 = VERTEX_POINT('',#10820);
#10820 = CARTESIAN_POINT('',(-0.55,0.35,0.698));
#10821 = LINE('',#10822,#10823);
#10822 = CARTESIAN_POINT('',(-0.572533908755,0.372533908755,
    0.421959617756));
#10823 = VECTOR('',#10824,1.);
#10824 = DIRECTION('',(8.109403998445E-02,-8.109403998445E-02,
    0.99340198981));
#10825 = ORIENTED_EDGE('',*,*,#10826,.F.);
#10826 = EDGE_CURVE('',#10810,#10819,#10827,.T.);
#10827 = LINE('',#10828,#10829);
#10828 = CARTESIAN_POINT('',(-0.55,-0.4,0.698));
#10829 = VECTOR('',#10830,1.);
#10830 = DIRECTION('',(0.,1.,0.));
#10831 = PLANE('',#10832);
#10832 = AXIS2_PLACEMENT_3D('',#10833,#10834,#10835);
#10833 = CARTESIAN_POINT('',(-0.575,-0.4,0.39175));
#10834 = DIRECTION('',(0.996684615823,0.,-8.136200945488E-02));
#10835 = DIRECTION('',(0.,1.,0.));
#10836 = ADVANCED_FACE('',(#10837),#10855,.F.);
#10837 = FACE_BOUND('',#10838,.F.);
#10838 = EDGE_LOOP('',(#10839,#10840,#10841,#10849));
#10839 = ORIENTED_EDGE('',*,*,#10748,.F.);
#10840 = ORIENTED_EDGE('',*,*,#10788,.T.);
#10841 = ORIENTED_EDGE('',*,*,#10842,.T.);
#10842 = EDGE_CURVE('',#10779,#10843,#10845,.T.);
#10843 = VERTEX_POINT('',#10844);
#10844 = CARTESIAN_POINT('',(0.6,0.4,2.E-03));
#10845 = LINE('',#10846,#10847);
#10846 = CARTESIAN_POINT('',(0.6,-0.4,2.E-03));
#10847 = VECTOR('',#10848,1.);
#10848 = DIRECTION('',(0.,1.,0.));
#10849 = ORIENTED_EDGE('',*,*,#10850,.F.);
#10850 = EDGE_CURVE('',#10749,#10843,#10851,.T.);
#10851 = LINE('',#10852,#10853);
#10852 = CARTESIAN_POINT('',(-0.6,0.4,2.E-03));
#10853 = VECTOR('',#10854,1.);
#10854 = DIRECTION('',(1.,0.,0.));
#10855 = PLANE('',#10856);
#10856 = AXIS2_PLACEMENT_3D('',#10857,#10858,#10859);
#10857 = CARTESIAN_POINT('',(-0.6,-0.4,2.E-03));
#10858 = DIRECTION('',(0.,0.,1.));
#10859 = DIRECTION('',(1.,0.,-0.));
#10860 = ADVANCED_FACE('',(#10861),#10879,.T.);
#10861 = FACE_BOUND('',#10862,.T.);
#10862 = EDGE_LOOP('',(#10863,#10871,#10872,#10873));
#10863 = ORIENTED_EDGE('',*,*,#10864,.F.);
#10864 = EDGE_CURVE('',#10843,#10865,#10867,.T.);
#10865 = VERTEX_POINT('',#10866);
#10866 = CARTESIAN_POINT('',(0.6,0.4,8.55E-02));
#10867 = LINE('',#10868,#10869);
#10868 = CARTESIAN_POINT('',(0.6,0.4,2.E-03));
#10869 = VECTOR('',#10870,1.);
#10870 = DIRECTION('',(0.,0.,1.));
#10871 = ORIENTED_EDGE('',*,*,#10850,.F.);
#10872 = ORIENTED_EDGE('',*,*,#10756,.T.);
#10873 = ORIENTED_EDGE('',*,*,#10874,.T.);
#10874 = EDGE_CURVE('',#10757,#10865,#10875,.T.);
#10875 = LINE('',#10876,#10877);
#10876 = CARTESIAN_POINT('',(-0.6,0.4,8.55E-02));
#10877 = VECTOR('',#10878,1.);
#10878 = DIRECTION('',(1.,0.,0.));
#10879 = PLANE('',#10880);
#10880 = AXIS2_PLACEMENT_3D('',#10881,#10882,#10883);
#10881 = CARTESIAN_POINT('',(-0.6,0.4,2.E-03));
#10882 = DIRECTION('',(0.,1.,0.));
#10883 = DIRECTION('',(0.,-0.,1.));
#10884 = ADVANCED_FACE('',(#10885),#10896,.T.);
#10885 = FACE_BOUND('',#10886,.T.);
#10886 = EDGE_LOOP('',(#10887,#10888,#10889,#10890));
#10887 = ORIENTED_EDGE('',*,*,#10778,.F.);
#10888 = ORIENTED_EDGE('',*,*,#10842,.T.);
#10889 = ORIENTED_EDGE('',*,*,#10864,.T.);
#10890 = ORIENTED_EDGE('',*,*,#10891,.F.);
#10891 = EDGE_CURVE('',#10781,#10865,#10892,.T.);
#10892 = LINE('',#10893,#10894);
#10893 = CARTESIAN_POINT('',(0.6,-0.4,8.55E-02));
#10894 = VECTOR('',#10895,1.);
#10895 = DIRECTION('',(0.,1.,0.));
#10896 = PLANE('',#10897);
#10897 = AXIS2_PLACEMENT_3D('',#10898,#10899,#10900);
#10898 = CARTESIAN_POINT('',(0.6,-0.4,2.E-03));
#10899 = DIRECTION('',(1.,0.,0.));
#10900 = DIRECTION('',(0.,0.,1.));
#10901 = ADVANCED_FACE('',(#10902),#10920,.F.);
#10902 = FACE_BOUND('',#10903,.T.);
#10903 = EDGE_LOOP('',(#10904,#10905,#10906,#10914));
#10904 = ORIENTED_EDGE('',*,*,#10809,.F.);
#10905 = ORIENTED_EDGE('',*,*,#10795,.T.);
#10906 = ORIENTED_EDGE('',*,*,#10907,.T.);
#10907 = EDGE_CURVE('',#10781,#10908,#10910,.T.);
#10908 = VERTEX_POINT('',#10909);
#10909 = CARTESIAN_POINT('',(0.55,-0.35,0.698));
#10910 = LINE('',#10911,#10912);
#10911 = CARTESIAN_POINT('',(0.57121866009,-0.37121866009,0.438071413892
    ));
#10912 = VECTOR('',#10913,1.);
#10913 = DIRECTION('',(-8.109403998445E-02,8.109403998445E-02,
    0.99340198981));
#10914 = ORIENTED_EDGE('',*,*,#10915,.F.);
#10915 = EDGE_CURVE('',#10810,#10908,#10916,.T.);
#10916 = LINE('',#10917,#10918);
#10917 = CARTESIAN_POINT('',(-0.6,-0.35,0.698));
#10918 = VECTOR('',#10919,1.);
#10919 = DIRECTION('',(1.,0.,0.));
#10920 = PLANE('',#10921);
#10921 = AXIS2_PLACEMENT_3D('',#10922,#10923,#10924);
#10922 = CARTESIAN_POINT('',(-0.6,-0.375,0.39175));
#10923 = DIRECTION('',(8.689980174728E-19,0.996684615823,
    -8.136200945488E-02));
#10924 = DIRECTION('',(-1.,8.661169551954E-19,-7.070342491391E-20));
#10925 = ADVANCED_FACE('',(#10926),#10944,.T.);
#10926 = FACE_BOUND('',#10927,.T.);
#10927 = EDGE_LOOP('',(#10928,#10929,#10930,#10938));
#10928 = ORIENTED_EDGE('',*,*,#10826,.F.);
#10929 = ORIENTED_EDGE('',*,*,#10915,.T.);
#10930 = ORIENTED_EDGE('',*,*,#10931,.T.);
#10931 = EDGE_CURVE('',#10908,#10932,#10934,.T.);
#10932 = VERTEX_POINT('',#10933);
#10933 = CARTESIAN_POINT('',(0.55,0.35,0.698));
#10934 = LINE('',#10935,#10936);
#10935 = CARTESIAN_POINT('',(0.55,-0.4,0.698));
#10936 = VECTOR('',#10937,1.);
#10937 = DIRECTION('',(0.,1.,0.));
#10938 = ORIENTED_EDGE('',*,*,#10939,.F.);
#10939 = EDGE_CURVE('',#10819,#10932,#10940,.T.);
#10940 = LINE('',#10941,#10942);
#10941 = CARTESIAN_POINT('',(-0.6,0.35,0.698));
#10942 = VECTOR('',#10943,1.);
#10943 = DIRECTION('',(1.,0.,0.));
#10944 = PLANE('',#10945);
#10945 = AXIS2_PLACEMENT_3D('',#10946,#10947,#10948);
#10946 = CARTESIAN_POINT('',(-0.6,-0.4,0.698));
#10947 = DIRECTION('',(0.,0.,1.));
#10948 = DIRECTION('',(1.,0.,-0.));
#10949 = ADVANCED_FACE('',(#10950),#10961,.T.);
#10950 = FACE_BOUND('',#10951,.F.);
#10951 = EDGE_LOOP('',(#10952,#10953,#10954,#10960));
#10952 = ORIENTED_EDGE('',*,*,#10818,.F.);
#10953 = ORIENTED_EDGE('',*,*,#10874,.T.);
#10954 = ORIENTED_EDGE('',*,*,#10955,.T.);
#10955 = EDGE_CURVE('',#10865,#10932,#10956,.T.);
#10956 = LINE('',#10957,#10958);
#10957 = CARTESIAN_POINT('',(0.568588162762,0.368588162762,
    0.470295006165));
#10958 = VECTOR('',#10959,1.);
#10959 = DIRECTION('',(-8.109403998445E-02,-8.109403998445E-02,
    0.99340198981));
#10960 = ORIENTED_EDGE('',*,*,#10939,.F.);
#10961 = PLANE('',#10962);
#10962 = AXIS2_PLACEMENT_3D('',#10963,#10964,#10965);
#10963 = CARTESIAN_POINT('',(-0.6,0.375,0.39175));
#10964 = DIRECTION('',(-8.689980174728E-19,0.996684615823,
    8.136200945488E-02));
#10965 = DIRECTION('',(-1.,-8.661169551954E-19,-7.070342491391E-20));
#10966 = ADVANCED_FACE('',(#10967),#10973,.T.);
#10967 = FACE_BOUND('',#10968,.T.);
#10968 = EDGE_LOOP('',(#10969,#10970,#10971,#10972));
#10969 = ORIENTED_EDGE('',*,*,#10907,.F.);
#10970 = ORIENTED_EDGE('',*,*,#10891,.T.);
#10971 = ORIENTED_EDGE('',*,*,#10955,.T.);
#10972 = ORIENTED_EDGE('',*,*,#10931,.F.);
#10973 = PLANE('',#10974);
#10974 = AXIS2_PLACEMENT_3D('',#10975,#10976,#10977);
#10975 = CARTESIAN_POINT('',(0.575,-0.4,0.39175));
#10976 = DIRECTION('',(0.996684615823,0.,8.136200945488E-02));
#10977 = DIRECTION('',(-0.,1.,0.));
#10978 = ( GEOMETRIC_REPRESENTATION_CONTEXT(3) 
GLOBAL_UNCERTAINTY_ASSIGNED_CONTEXT((#10982)) 
GLOBAL_UNIT_ASSIGNED_CONTEXT((#10979,#10980,#10981)) 
REPRESENTATION_CONTEXT('Context #1',
  '3D Context with UNIT and UNCERTAINTY') );
#10979 = ( LENGTH_UNIT() NAMED_UNIT(*) SI_UNIT(.MILLI.,.METRE.) );
#10980 = ( NAMED_UNIT(*) PLANE_ANGLE_UNIT() SI_UNIT($,.RADIAN.) );
#10981 = ( NAMED_UNIT(*) SI_UNIT($,.STERADIAN.) SOLID_ANGLE_UNIT() );
#10982 = UNCERTAINTY_MEASURE_WITH_UNIT(LENGTH_MEASURE(1.E-07),#10979,
  'distance_accuracy_value','confusion accuracy');
#10983 = SHAPE_DEFINITION_REPRESENTATION(#10984,#10731);
#10984 = PRODUCT_DEFINITION_SHAPE('','',#10985);
#10985 = PRODUCT_DEFINITION('design','',#10986,#10989);
#10986 = PRODUCT_DEFINITION_FORMATION('','',#10987);
#10987 = PRODUCT('Body','Body','',(#10988));
#10988 = PRODUCT_CONTEXT('',#2,'mechanical');
#10989 = PRODUCT_DEFINITION_CONTEXT('part definition',#2,'design');
#10990 = CONTEXT_DEPENDENT_SHAPE_REPRESENTATION(#10991,#10993);
#10991 = ( REPRESENTATION_RELATIONSHIP('','',#10731,#10709) 
REPRESENTATION_RELATIONSHIP_WITH_TRANSFORMATION(#10992) 
SHAPE_REPRESENTATION_RELATIONSHIP() );
#10992 = ITEM_DEFINED_TRANSFORMATION('','',#11,#10710);
#10993 = PRODUCT_DEFINITION_SHAPE('Placement','Placement of an item',
  #10994);
#10994 = NEXT_ASSEMBLY_USAGE_OCCURRENCE('21','=>[0:1:1:2]','',#10704,
  #10985,$);
#10995 = PRODUCT_RELATED_PRODUCT_CATEGORY('part',$,(#10987));
#10996 = ADVANCED_BREP_SHAPE_REPRESENTATION('',(#11,#10997),#11147);
#10997 = MANIFOLD_SOLID_BREP('',#10998);
#10998 = CLOSED_SHELL('',(#10999,#11039,#11079,#11101,#11123,#11135));
#10999 = ADVANCED_FACE('',(#11000),#11034,.F.);
#11000 = FACE_BOUND('',#11001,.F.);
#11001 = EDGE_LOOP('',(#11002,#11012,#11020,#11028));
#11002 = ORIENTED_EDGE('',*,*,#11003,.F.);
#11003 = EDGE_CURVE('',#11004,#11006,#11008,.T.);
#11004 = VERTEX_POINT('',#11005);
#11005 = CARTESIAN_POINT('',(0.,0.,0.));
#11006 = VERTEX_POINT('',#11007);
#11007 = CARTESIAN_POINT('',(0.,0.,2.E-03));
#11008 = LINE('',#11009,#11010);
#11009 = CARTESIAN_POINT('',(0.,0.,0.));
#11010 = VECTOR('',#11011,1.);
#11011 = DIRECTION('',(0.,0.,1.));
#11012 = ORIENTED_EDGE('',*,*,#11013,.T.);
#11013 = EDGE_CURVE('',#11004,#11014,#11016,.T.);
#11014 = VERTEX_POINT('',#11015);
#11015 = CARTESIAN_POINT('',(0.,0.7,0.));
#11016 = LINE('',#11017,#11018);
#11017 = CARTESIAN_POINT('',(0.,0.,0.));
#11018 = VECTOR('',#11019,1.);
#11019 = DIRECTION('',(-0.,1.,0.));
#11020 = ORIENTED_EDGE('',*,*,#11021,.T.);
#11021 = EDGE_CURVE('',#11014,#11022,#11024,.T.);
#11022 = VERTEX_POINT('',#11023);
#11023 = CARTESIAN_POINT('',(0.,0.7,2.E-03));
#11024 = LINE('',#11025,#11026);
#11025 = CARTESIAN_POINT('',(0.,0.7,0.));
#11026 = VECTOR('',#11027,1.);
#11027 = DIRECTION('',(0.,0.,1.));
#11028 = ORIENTED_EDGE('',*,*,#11029,.F.);
#11029 = EDGE_CURVE('',#11006,#11022,#11030,.T.);
#11030 = LINE('',#11031,#11032);
#11031 = CARTESIAN_POINT('',(0.,0.,2.E-03));
#11032 = VECTOR('',#11033,1.);
#11033 = DIRECTION('',(-0.,1.,0.));
#11034 = PLANE('',#11035);
#11035 = AXIS2_PLACEMENT_3D('',#11036,#11037,#11038);
#11036 = CARTESIAN_POINT('',(0.,0.,0.));
#11037 = DIRECTION('',(1.,0.,-0.));
#11038 = DIRECTION('',(0.,0.,1.));
#11039 = ADVANCED_FACE('',(#11040),#11074,.T.);
#11040 = FACE_BOUND('',#11041,.T.);
#11041 = EDGE_LOOP('',(#11042,#11052,#11060,#11068));
#11042 = ORIENTED_EDGE('',*,*,#11043,.F.);
#11043 = EDGE_CURVE('',#11044,#11046,#11048,.T.);
#11044 = VERTEX_POINT('',#11045);
#11045 = CARTESIAN_POINT('',(0.12,0.,0.));
#11046 = VERTEX_POINT('',#11047);
#11047 = CARTESIAN_POINT('',(0.12,0.,2.E-03));
#11048 = LINE('',#11049,#11050);
#11049 = CARTESIAN_POINT('',(0.12,0.,0.));
#11050 = VECTOR('',#11051,1.);
#11051 = DIRECTION('',(0.,0.,1.));
#11052 = ORIENTED_EDGE('',*,*,#11053,.T.);
#11053 = EDGE_CURVE('',#11044,#11054,#11056,.T.);
#11054 = VERTEX_POINT('',#11055);
#11055 = CARTESIAN_POINT('',(0.12,0.7,0.));
#11056 = LINE('',#11057,#11058);
#11057 = CARTESIAN_POINT('',(0.12,0.,0.));
#11058 = VECTOR('',#11059,1.);
#11059 = DIRECTION('',(-0.,1.,0.));
#11060 = ORIENTED_EDGE('',*,*,#11061,.T.);
#11061 = EDGE_CURVE('',#11054,#11062,#11064,.T.);
#11062 = VERTEX_POINT('',#11063);
#11063 = CARTESIAN_POINT('',(0.12,0.7,2.E-03));
#11064 = LINE('',#11065,#11066);
#11065 = CARTESIAN_POINT('',(0.12,0.7,0.));
#11066 = VECTOR('',#11067,1.);
#11067 = DIRECTION('',(0.,0.,1.));
#11068 = ORIENTED_EDGE('',*,*,#11069,.F.);
#11069 = EDGE_CURVE('',#11046,#11062,#11070,.T.);
#11070 = LINE('',#11071,#11072);
#11071 = CARTESIAN_POINT('',(0.12,0.,2.E-03));
#11072 = VECTOR('',#11073,1.);
#11073 = DIRECTION('',(0.,1.,0.));
#11074 = PLANE('',#11075);
#11075 = AXIS2_PLACEMENT_3D('',#11076,#11077,#11078);
#11076 = CARTESIAN_POINT('',(0.12,0.,0.));
#11077 = DIRECTION('',(1.,0.,-0.));
#11078 = DIRECTION('',(0.,0.,1.));
#11079 = ADVANCED_FACE('',(#11080),#11096,.F.);
#11080 = FACE_BOUND('',#11081,.F.);
#11081 = EDGE_LOOP('',(#11082,#11088,#11089,#11095));
#11082 = ORIENTED_EDGE('',*,*,#11083,.F.);
#11083 = EDGE_CURVE('',#11004,#11044,#11084,.T.);
#11084 = LINE('',#11085,#11086);
#11085 = CARTESIAN_POINT('',(0.,0.,0.));
#11086 = VECTOR('',#11087,1.);
#11087 = DIRECTION('',(1.,0.,-0.));
#11088 = ORIENTED_EDGE('',*,*,#11003,.T.);
#11089 = ORIENTED_EDGE('',*,*,#11090,.T.);
#11090 = EDGE_CURVE('',#11006,#11046,#11091,.T.);
#11091 = LINE('',#11092,#11093);
#11092 = CARTESIAN_POINT('',(0.,0.,2.E-03));
#11093 = VECTOR('',#11094,1.);
#11094 = DIRECTION('',(1.,0.,-0.));
#11095 = ORIENTED_EDGE('',*,*,#11043,.F.);
#11096 = PLANE('',#11097);
#11097 = AXIS2_PLACEMENT_3D('',#11098,#11099,#11100);
#11098 = CARTESIAN_POINT('',(0.,0.,0.));
#11099 = DIRECTION('',(-0.,1.,0.));
#11100 = DIRECTION('',(0.,0.,1.));
#11101 = ADVANCED_FACE('',(#11102),#11118,.T.);
#11102 = FACE_BOUND('',#11103,.T.);
#11103 = EDGE_LOOP('',(#11104,#11110,#11111,#11117));
#11104 = ORIENTED_EDGE('',*,*,#11105,.F.);
#11105 = EDGE_CURVE('',#11014,#11054,#11106,.T.);
#11106 = LINE('',#11107,#11108);
#11107 = CARTESIAN_POINT('',(0.,0.7,0.));
#11108 = VECTOR('',#11109,1.);
#11109 = DIRECTION('',(1.,0.,-0.));
#11110 = ORIENTED_EDGE('',*,*,#11021,.T.);
#11111 = ORIENTED_EDGE('',*,*,#11112,.T.);
#11112 = EDGE_CURVE('',#11022,#11062,#11113,.T.);
#11113 = LINE('',#11114,#11115);
#11114 = CARTESIAN_POINT('',(0.,0.7,2.E-03));
#11115 = VECTOR('',#11116,1.);
#11116 = DIRECTION('',(1.,0.,-0.));
#11117 = ORIENTED_EDGE('',*,*,#11061,.F.);
#11118 = PLANE('',#11119);
#11119 = AXIS2_PLACEMENT_3D('',#11120,#11121,#11122);
#11120 = CARTESIAN_POINT('',(0.,0.7,0.));
#11121 = DIRECTION('',(-0.,1.,0.));
#11122 = DIRECTION('',(0.,0.,1.));
#11123 = ADVANCED_FACE('',(#11124),#11130,.F.);
#11124 = FACE_BOUND('',#11125,.F.);
#11125 = EDGE_LOOP('',(#11126,#11127,#11128,#11129));
#11126 = ORIENTED_EDGE('',*,*,#11013,.F.);
#11127 = ORIENTED_EDGE('',*,*,#11083,.T.);
#11128 = ORIENTED_EDGE('',*,*,#11053,.T.);
#11129 = ORIENTED_EDGE('',*,*,#11105,.F.);
#11130 = PLANE('',#11131);
#11131 = AXIS2_PLACEMENT_3D('',#11132,#11133,#11134);
#11132 = CARTESIAN_POINT('',(0.,0.,0.));
#11133 = DIRECTION('',(0.,0.,1.));
#11134 = DIRECTION('',(1.,0.,-0.));
#11135 = ADVANCED_FACE('',(#11136),#11142,.T.);
#11136 = FACE_BOUND('',#11137,.T.);
#11137 = EDGE_LOOP('',(#11138,#11139,#11140,#11141));
#11138 = ORIENTED_EDGE('',*,*,#11029,.F.);
#11139 = ORIENTED_EDGE('',*,*,#11090,.T.);
#11140 = ORIENTED_EDGE('',*,*,#11069,.T.);
#11141 = ORIENTED_EDGE('',*,*,#11112,.F.);
#11142 = PLANE('',#11143);
#11143 = AXIS2_PLACEMENT_3D('',#11144,#11145,#11146);
#11144 = CARTESIAN_POINT('',(0.,0.,2.E-03));
#11145 = DIRECTION('',(0.,0.,1.));
#11146 = DIRECTION('',(1.,0.,-0.));
#11147 = ( GEOMETRIC_REPRESENTATION_CONTEXT(3) 
GLOBAL_UNCERTAINTY_ASSIGNED_CONTEXT((#11151)) 
GLOBAL_UNIT_ASSIGNED_CONTEXT((#11148,#11149,#11150)) 
REPRESENTATION_CONTEXT('Context #1',
  '3D Context with UNIT and UNCERTAINTY') );
#11148 = ( LENGTH_UNIT() NAMED_UNIT(*) SI_UNIT(.MILLI.,.METRE.) );
#11149 = ( NAMED_UNIT(*) PLANE_ANGLE_UNIT() SI_UNIT($,.RADIAN.) );
#11150 = ( NAMED_UNIT(*) SI_UNIT($,.STERADIAN.) SOLID_ANGLE_UNIT() );
#11151 = UNCERTAINTY_MEASURE_WITH_UNIT(LENGTH_MEASURE(1.E-07),#11148,
  'distance_accuracy_value','confusion accuracy');
#11152 = SHAPE_DEFINITION_REPRESENTATION(#11153,#10996);
#11153 = PRODUCT_DEFINITION_SHAPE('','',#11154);
#11154 = PRODUCT_DEFINITION('design','',#11155,#11158);
#11155 = PRODUCT_DEFINITION_FORMATION('','',#11156);
#11156 = PRODUCT('PinKIdent','PinKIdent','',(#11157));
#11157 = PRODUCT_CONTEXT('',#2,'mechanical');
#11158 = PRODUCT_DEFINITION_CONTEXT('part definition',#2,'design');
#11159 = CONTEXT_DEPENDENT_SHAPE_REPRESENTATION(#11160,#11162);
#11160 = ( REPRESENTATION_RELATIONSHIP('','',#10996,#10709) 
REPRESENTATION_RELATIONSHIP_WITH_TRANSFORMATION(#11161) 
SHAPE_REPRESENTATION_RELATIONSHIP() );
#11161 = ITEM_DEFINED_TRANSFORMATION('','',#11,#10714);
#11162 = PRODUCT_DEFINITION_SHAPE('Placement','Placement of an item',
  #11163);
#11163 = NEXT_ASSEMBLY_USAGE_OCCURRENCE('22','=>[0:1:1:3]','',#10704,
  #11154,$);
#11164 = PRODUCT_RELATED_PRODUCT_CATEGORY('part',$,(#11156));
#11165 = ADVANCED_BREP_SHAPE_REPRESENTATION('',(#11,#11166),#11316);
#11166 = MANIFOLD_SOLID_BREP('',#11167);
#11167 = CLOSED_SHELL('',(#11168,#11208,#11248,#11270,#11292,#11304));
#11168 = ADVANCED_FACE('',(#11169),#11203,.F.);
#11169 = FACE_BOUND('',#11170,.F.);
#11170 = EDGE_LOOP('',(#11171,#11181,#11189,#11197));
#11171 = ORIENTED_EDGE('',*,*,#11172,.F.);
#11172 = EDGE_CURVE('',#11173,#11175,#11177,.T.);
#11173 = VERTEX_POINT('',#11174);
#11174 = CARTESIAN_POINT('',(0.,0.,0.));
#11175 = VERTEX_POINT('',#11176);
#11176 = CARTESIAN_POINT('',(0.,0.,8.75E-02));
#11177 = LINE('',#11178,#11179);
#11178 = CARTESIAN_POINT('',(0.,0.,0.));
#11179 = VECTOR('',#11180,1.);
#11180 = DIRECTION('',(0.,0.,1.));
#11181 = ORIENTED_EDGE('',*,*,#11182,.T.);
#11182 = EDGE_CURVE('',#11173,#11183,#11185,.T.);
#11183 = VERTEX_POINT('',#11184);
#11184 = CARTESIAN_POINT('',(0.,0.3,0.));
#11185 = LINE('',#11186,#11187);
#11186 = CARTESIAN_POINT('',(0.,0.,0.));
#11187 = VECTOR('',#11188,1.);
#11188 = DIRECTION('',(-0.,1.,0.));
#11189 = ORIENTED_EDGE('',*,*,#11190,.T.);
#11190 = EDGE_CURVE('',#11183,#11191,#11193,.T.);
#11191 = VERTEX_POINT('',#11192);
#11192 = CARTESIAN_POINT('',(0.,0.3,8.75E-02));
#11193 = LINE('',#11194,#11195);
#11194 = CARTESIAN_POINT('',(0.,0.3,0.));
#11195 = VECTOR('',#11196,1.);
#11196 = DIRECTION('',(0.,0.,1.));
#11197 = ORIENTED_EDGE('',*,*,#11198,.F.);
#11198 = EDGE_CURVE('',#11175,#11191,#11199,.T.);
#11199 = LINE('',#11200,#11201);
#11200 = CARTESIAN_POINT('',(0.,0.,8.75E-02));
#11201 = VECTOR('',#11202,1.);
#11202 = DIRECTION('',(-0.,1.,0.));
#11203 = PLANE('',#11204);
#11204 = AXIS2_PLACEMENT_3D('',#11205,#11206,#11207);
#11205 = CARTESIAN_POINT('',(0.,0.,0.));
#11206 = DIRECTION('',(1.,0.,-0.));
#11207 = DIRECTION('',(0.,0.,1.));
#11208 = ADVANCED_FACE('',(#11209),#11243,.T.);
#11209 = FACE_BOUND('',#11210,.T.);
#11210 = EDGE_LOOP('',(#11211,#11221,#11229,#11237));
#11211 = ORIENTED_EDGE('',*,*,#11212,.F.);
#11212 = EDGE_CURVE('',#11213,#11215,#11217,.T.);
#11213 = VERTEX_POINT('',#11214);
#11214 = CARTESIAN_POINT('',(0.3,0.,0.));
#11215 = VERTEX_POINT('',#11216);
#11216 = CARTESIAN_POINT('',(0.3,0.,8.75E-02));
#11217 = LINE('',#11218,#11219);
#11218 = CARTESIAN_POINT('',(0.3,0.,0.));
#11219 = VECTOR('',#11220,1.);
#11220 = DIRECTION('',(0.,0.,1.));
#11221 = ORIENTED_EDGE('',*,*,#11222,.T.);
#11222 = EDGE_CURVE('',#11213,#11223,#11225,.T.);
#11223 = VERTEX_POINT('',#11224);
#11224 = CARTESIAN_POINT('',(0.3,0.3,0.));
#11225 = LINE('',#11226,#11227);
#11226 = CARTESIAN_POINT('',(0.3,0.,0.));
#11227 = VECTOR('',#11228,1.);
#11228 = DIRECTION('',(-0.,1.,0.));
#11229 = ORIENTED_EDGE('',*,*,#11230,.T.);
#11230 = EDGE_CURVE('',#11223,#11231,#11233,.T.);
#11231 = VERTEX_POINT('',#11232);
#11232 = CARTESIAN_POINT('',(0.3,0.3,8.75E-02));
#11233 = LINE('',#11234,#11235);
#11234 = CARTESIAN_POINT('',(0.3,0.3,0.));
#11235 = VECTOR('',#11236,1.);
#11236 = DIRECTION('',(0.,0.,1.));
#11237 = ORIENTED_EDGE('',*,*,#11238,.F.);
#11238 = EDGE_CURVE('',#11215,#11231,#11239,.T.);
#11239 = LINE('',#11240,#11241);
#11240 = CARTESIAN_POINT('',(0.3,0.,8.75E-02));
#11241 = VECTOR('',#11242,1.);
#11242 = DIRECTION('',(0.,1.,0.));
#11243 = PLANE('',#11244);
#11244 = AXIS2_PLACEMENT_3D('',#11245,#11246,#11247);
#11245 = CARTESIAN_POINT('',(0.3,0.,0.));
#11246 = DIRECTION('',(1.,0.,-0.));
#11247 = DIRECTION('',(0.,0.,1.));
#11248 = ADVANCED_FACE('',(#11249),#11265,.F.);
#11249 = FACE_BOUND('',#11250,.F.);
#11250 = EDGE_LOOP('',(#11251,#11257,#11258,#11264));
#11251 = ORIENTED_EDGE('',*,*,#11252,.F.);
#11252 = EDGE_CURVE('',#11173,#11213,#11253,.T.);
#11253 = LINE('',#11254,#11255);
#11254 = CARTESIAN_POINT('',(0.,0.,0.));
#11255 = VECTOR('',#11256,1.);
#11256 = DIRECTION('',(1.,0.,-0.));
#11257 = ORIENTED_EDGE('',*,*,#11172,.T.);
#11258 = ORIENTED_EDGE('',*,*,#11259,.T.);
#11259 = EDGE_CURVE('',#11175,#11215,#11260,.T.);
#11260 = LINE('',#11261,#11262);
#11261 = CARTESIAN_POINT('',(0.,0.,8.75E-02));
#11262 = VECTOR('',#11263,1.);
#11263 = DIRECTION('',(1.,0.,-0.));
#11264 = ORIENTED_EDGE('',*,*,#11212,.F.);
#11265 = PLANE('',#11266);
#11266 = AXIS2_PLACEMENT_3D('',#11267,#11268,#11269);
#11267 = CARTESIAN_POINT('',(0.,0.,0.));
#11268 = DIRECTION('',(-0.,1.,0.));
#11269 = DIRECTION('',(0.,0.,1.));
#11270 = ADVANCED_FACE('',(#11271),#11287,.T.);
#11271 = FACE_BOUND('',#11272,.T.);
#11272 = EDGE_LOOP('',(#11273,#11279,#11280,#11286));
#11273 = ORIENTED_EDGE('',*,*,#11274,.F.);
#11274 = EDGE_CURVE('',#11183,#11223,#11275,.T.);
#11275 = LINE('',#11276,#11277);
#11276 = CARTESIAN_POINT('',(0.,0.3,0.));
#11277 = VECTOR('',#11278,1.);
#11278 = DIRECTION('',(1.,0.,-0.));
#11279 = ORIENTED_EDGE('',*,*,#11190,.T.);
#11280 = ORIENTED_EDGE('',*,*,#11281,.T.);
#11281 = EDGE_CURVE('',#11191,#11231,#11282,.T.);
#11282 = LINE('',#11283,#11284);
#11283 = CARTESIAN_POINT('',(0.,0.3,8.75E-02));
#11284 = VECTOR('',#11285,1.);
#11285 = DIRECTION('',(1.,0.,-0.));
#11286 = ORIENTED_EDGE('',*,*,#11230,.F.);
#11287 = PLANE('',#11288);
#11288 = AXIS2_PLACEMENT_3D('',#11289,#11290,#11291);
#11289 = CARTESIAN_POINT('',(0.,0.3,0.));
#11290 = DIRECTION('',(-0.,1.,0.));
#11291 = DIRECTION('',(0.,0.,1.));
#11292 = ADVANCED_FACE('',(#11293),#11299,.F.);
#11293 = FACE_BOUND('',#11294,.F.);
#11294 = EDGE_LOOP('',(#11295,#11296,#11297,#11298));
#11295 = ORIENTED_EDGE('',*,*,#11182,.F.);
#11296 = ORIENTED_EDGE('',*,*,#11252,.T.);
#11297 = ORIENTED_EDGE('',*,*,#11222,.T.);
#11298 = ORIENTED_EDGE('',*,*,#11274,.F.);
#11299 = PLANE('',#11300);
#11300 = AXIS2_PLACEMENT_3D('',#11301,#11302,#11303);
#11301 = CARTESIAN_POINT('',(0.,0.,0.));
#11302 = DIRECTION('',(0.,0.,1.));
#11303 = DIRECTION('',(1.,0.,-0.));
#11304 = ADVANCED_FACE('',(#11305),#11311,.T.);
#11305 = FACE_BOUND('',#11306,.T.);
#11306 = EDGE_LOOP('',(#11307,#11308,#11309,#11310));
#11307 = ORIENTED_EDGE('',*,*,#11198,.F.);
#11308 = ORIENTED_EDGE('',*,*,#11259,.T.);
#11309 = ORIENTED_EDGE('',*,*,#11238,.T.);
#11310 = ORIENTED_EDGE('',*,*,#11281,.F.);
#11311 = PLANE('',#11312);
#11312 = AXIS2_PLACEMENT_3D('',#11313,#11314,#11315);
#11313 = CARTESIAN_POINT('',(0.,0.,8.75E-02));
#11314 = DIRECTION('',(0.,0.,1.));
#11315 = DIRECTION('',(1.,0.,-0.));
#11316 = ( GEOMETRIC_REPRESENTATION_CONTEXT(3) 
GLOBAL_UNCERTAINTY_ASSIGNED_CONTEXT((#11320)) 
GLOBAL_UNIT_ASSIGNED_CONTEXT((#11317,#11318,#11319)) 
REPRESENTATION_CONTEXT('Context #1',
  '3D Context with UNIT and UNCERTAINTY') );
#11317 = ( LENGTH_UNIT() NAMED_UNIT(*) SI_UNIT(.MILLI.,.METRE.) );
#11318 = ( NAMED_UNIT(*) PLANE_ANGLE_UNIT() SI_UNIT($,.RADIAN.) );
#11319 = ( NAMED_UNIT(*) SI_UNIT($,.STERADIAN.) SOLID_ANGLE_UNIT() );
#11320 = UNCERTAINTY_MEASURE_WITH_UNIT(LENGTH_MEASURE(1.E-07),#11317,
  'distance_accuracy_value','confusion accuracy');
#11321 = SHAPE_DEFINITION_REPRESENTATION(#11322,#11165);
#11322 = PRODUCT_DEFINITION_SHAPE('','',#11323);
#11323 = PRODUCT_DEFINITION('design','',#11324,#11327);
#11324 = PRODUCT_DEFINITION_FORMATION('','',#11325);
#11325 = PRODUCT('PinK','PinK','',(#11326));
#11326 = PRODUCT_CONTEXT('',#2,'mechanical');
#11327 = PRODUCT_DEFINITION_CONTEXT('part definition',#2,'design');
#11328 = CONTEXT_DEPENDENT_SHAPE_REPRESENTATION(#11329,#11331);
#11329 = ( REPRESENTATION_RELATIONSHIP('','',#11165,#10709) 
REPRESENTATION_RELATIONSHIP_WITH_TRANSFORMATION(#11330) 
SHAPE_REPRESENTATION_RELATIONSHIP() );
#11330 = ITEM_DEFINED_TRANSFORMATION('','',#11,#10718);
#11331 = PRODUCT_DEFINITION_SHAPE('Placement','Placement of an item',
  #11332);
#11332 = NEXT_ASSEMBLY_USAGE_OCCURRENCE('23','=>[0:1:1:4]','',#10704,
  #11323,$);
#11333 = PRODUCT_RELATED_PRODUCT_CATEGORY('part',$,(#11325));
#11334 = ADVANCED_BREP_SHAPE_REPRESENTATION('',(#11,#11335),#11485);
#11335 = MANIFOLD_SOLID_BREP('',#11336);
#11336 = CLOSED_SHELL('',(#11337,#11377,#11417,#11439,#11461,#11473));
#11337 = ADVANCED_FACE('',(#11338),#11372,.F.);
#11338 = FACE_BOUND('',#11339,.F.);
#11339 = EDGE_LOOP('',(#11340,#11350,#11358,#11366));
#11340 = ORIENTED_EDGE('',*,*,#11341,.F.);
#11341 = EDGE_CURVE('',#11342,#11344,#11346,.T.);
#11342 = VERTEX_POINT('',#11343);
#11343 = CARTESIAN_POINT('',(0.,0.,0.));
#11344 = VERTEX_POINT('',#11345);
#11345 = CARTESIAN_POINT('',(0.,0.,8.75E-02));
#11346 = LINE('',#11347,#11348);
#11347 = CARTESIAN_POINT('',(0.,0.,0.));
#11348 = VECTOR('',#11349,1.);
#11349 = DIRECTION('',(0.,0.,1.));
#11350 = ORIENTED_EDGE('',*,*,#11351,.T.);
#11351 = EDGE_CURVE('',#11342,#11352,#11354,.T.);
#11352 = VERTEX_POINT('',#11353);
#11353 = CARTESIAN_POINT('',(0.,0.3,0.));
#11354 = LINE('',#11355,#11356);
#11355 = CARTESIAN_POINT('',(0.,0.,0.));
#11356 = VECTOR('',#11357,1.);
#11357 = DIRECTION('',(-0.,1.,0.));
#11358 = ORIENTED_EDGE('',*,*,#11359,.T.);
#11359 = EDGE_CURVE('',#11352,#11360,#11362,.T.);
#11360 = VERTEX_POINT('',#11361);
#11361 = CARTESIAN_POINT('',(0.,0.3,8.75E-02));
#11362 = LINE('',#11363,#11364);
#11363 = CARTESIAN_POINT('',(0.,0.3,0.));
#11364 = VECTOR('',#11365,1.);
#11365 = DIRECTION('',(0.,0.,1.));
#11366 = ORIENTED_EDGE('',*,*,#11367,.F.);
#11367 = EDGE_CURVE('',#11344,#11360,#11368,.T.);
#11368 = LINE('',#11369,#11370);
#11369 = CARTESIAN_POINT('',(0.,0.,8.75E-02));
#11370 = VECTOR('',#11371,1.);
#11371 = DIRECTION('',(-0.,1.,0.));
#11372 = PLANE('',#11373);
#11373 = AXIS2_PLACEMENT_3D('',#11374,#11375,#11376);
#11374 = CARTESIAN_POINT('',(0.,0.,0.));
#11375 = DIRECTION('',(1.,0.,-0.));
#11376 = DIRECTION('',(0.,0.,1.));
#11377 = ADVANCED_FACE('',(#11378),#11412,.T.);
#11378 = FACE_BOUND('',#11379,.T.);
#11379 = EDGE_LOOP('',(#11380,#11390,#11398,#11406));
#11380 = ORIENTED_EDGE('',*,*,#11381,.F.);
#11381 = EDGE_CURVE('',#11382,#11384,#11386,.T.);
#11382 = VERTEX_POINT('',#11383);
#11383 = CARTESIAN_POINT('',(0.3,0.,0.));
#11384 = VERTEX_POINT('',#11385);
#11385 = CARTESIAN_POINT('',(0.3,0.,8.75E-02));
#11386 = LINE('',#11387,#11388);
#11387 = CARTESIAN_POINT('',(0.3,0.,0.));
#11388 = VECTOR('',#11389,1.);
#11389 = DIRECTION('',(0.,0.,1.));
#11390 = ORIENTED_EDGE('',*,*,#11391,.T.);
#11391 = EDGE_CURVE('',#11382,#11392,#11394,.T.);
#11392 = VERTEX_POINT('',#11393);
#11393 = CARTESIAN_POINT('',(0.3,0.3,0.));
#11394 = LINE('',#11395,#11396);
#11395 = CARTESIAN_POINT('',(0.3,0.,0.));
#11396 = VECTOR('',#11397,1.);
#11397 = DIRECTION('',(-0.,1.,0.));
#11398 = ORIENTED_EDGE('',*,*,#11399,.T.);
#11399 = EDGE_CURVE('',#11392,#11400,#11402,.T.);
#11400 = VERTEX_POINT('',#11401);
#11401 = CARTESIAN_POINT('',(0.3,0.3,8.75E-02));
#11402 = LINE('',#11403,#11404);
#11403 = CARTESIAN_POINT('',(0.3,0.3,0.));
#11404 = VECTOR('',#11405,1.);
#11405 = DIRECTION('',(0.,0.,1.));
#11406 = ORIENTED_EDGE('',*,*,#11407,.F.);
#11407 = EDGE_CURVE('',#11384,#11400,#11408,.T.);
#11408 = LINE('',#11409,#11410);
#11409 = CARTESIAN_POINT('',(0.3,0.,8.75E-02));
#11410 = VECTOR('',#11411,1.);
#11411 = DIRECTION('',(0.,1.,0.));
#11412 = PLANE('',#11413);
#11413 = AXIS2_PLACEMENT_3D('',#11414,#11415,#11416);
#11414 = CARTESIAN_POINT('',(0.3,0.,0.));
#11415 = DIRECTION('',(1.,0.,-0.));
#11416 = DIRECTION('',(0.,0.,1.));
#11417 = ADVANCED_FACE('',(#11418),#11434,.F.);
#11418 = FACE_BOUND('',#11419,.F.);
#11419 = EDGE_LOOP('',(#11420,#11426,#11427,#11433));
#11420 = ORIENTED_EDGE('',*,*,#11421,.F.);
#11421 = EDGE_CURVE('',#11342,#11382,#11422,.T.);
#11422 = LINE('',#11423,#11424);
#11423 = CARTESIAN_POINT('',(0.,0.,0.));
#11424 = VECTOR('',#11425,1.);
#11425 = DIRECTION('',(1.,0.,-0.));
#11426 = ORIENTED_EDGE('',*,*,#11341,.T.);
#11427 = ORIENTED_EDGE('',*,*,#11428,.T.);
#11428 = EDGE_CURVE('',#11344,#11384,#11429,.T.);
#11429 = LINE('',#11430,#11431);
#11430 = CARTESIAN_POINT('',(0.,0.,8.75E-02));
#11431 = VECTOR('',#11432,1.);
#11432 = DIRECTION('',(1.,0.,-0.));
#11433 = ORIENTED_EDGE('',*,*,#11381,.F.);
#11434 = PLANE('',#11435);
#11435 = AXIS2_PLACEMENT_3D('',#11436,#11437,#11438);
#11436 = CARTESIAN_POINT('',(0.,0.,0.));
#11437 = DIRECTION('',(-0.,1.,0.));
#11438 = DIRECTION('',(0.,0.,1.));
#11439 = ADVANCED_FACE('',(#11440),#11456,.T.);
#11440 = FACE_BOUND('',#11441,.T.);
#11441 = EDGE_LOOP('',(#11442,#11448,#11449,#11455));
#11442 = ORIENTED_EDGE('',*,*,#11443,.F.);
#11443 = EDGE_CURVE('',#11352,#11392,#11444,.T.);
#11444 = LINE('',#11445,#11446);
#11445 = CARTESIAN_POINT('',(0.,0.3,0.));
#11446 = VECTOR('',#11447,1.);
#11447 = DIRECTION('',(1.,0.,-0.));
#11448 = ORIENTED_EDGE('',*,*,#11359,.T.);
#11449 = ORIENTED_EDGE('',*,*,#11450,.T.);
#11450 = EDGE_CURVE('',#11360,#11400,#11451,.T.);
#11451 = LINE('',#11452,#11453);
#11452 = CARTESIAN_POINT('',(0.,0.3,8.75E-02));
#11453 = VECTOR('',#11454,1.);
#11454 = DIRECTION('',(1.,0.,-0.));
#11455 = ORIENTED_EDGE('',*,*,#11399,.F.);
#11456 = PLANE('',#11457);
#11457 = AXIS2_PLACEMENT_3D('',#11458,#11459,#11460);
#11458 = CARTESIAN_POINT('',(0.,0.3,0.));
#11459 = DIRECTION('',(-0.,1.,0.));
#11460 = DIRECTION('',(0.,0.,1.));
#11461 = ADVANCED_FACE('',(#11462),#11468,.F.);
#11462 = FACE_BOUND('',#11463,.F.);
#11463 = EDGE_LOOP('',(#11464,#11465,#11466,#11467));
#11464 = ORIENTED_EDGE('',*,*,#11351,.F.);
#11465 = ORIENTED_EDGE('',*,*,#11421,.T.);
#11466 = ORIENTED_EDGE('',*,*,#11391,.T.);
#11467 = ORIENTED_EDGE('',*,*,#11443,.F.);
#11468 = PLANE('',#11469);
#11469 = AXIS2_PLACEMENT_3D('',#11470,#11471,#11472);
#11470 = CARTESIAN_POINT('',(0.,0.,0.));
#11471 = DIRECTION('',(0.,0.,1.));
#11472 = DIRECTION('',(1.,0.,-0.));
#11473 = ADVANCED_FACE('',(#11474),#11480,.T.);
#11474 = FACE_BOUND('',#11475,.T.);
#11475 = EDGE_LOOP('',(#11476,#11477,#11478,#11479));
#11476 = ORIENTED_EDGE('',*,*,#11367,.F.);
#11477 = ORIENTED_EDGE('',*,*,#11428,.T.);
#11478 = ORIENTED_EDGE('',*,*,#11407,.T.);
#11479 = ORIENTED_EDGE('',*,*,#11450,.F.);
#11480 = PLANE('',#11481);
#11481 = AXIS2_PLACEMENT_3D('',#11482,#11483,#11484);
#11482 = CARTESIAN_POINT('',(0.,0.,8.75E-02));
#11483 = DIRECTION('',(0.,0.,1.));
#11484 = DIRECTION('',(1.,0.,-0.));
#11485 = ( GEOMETRIC_REPRESENTATION_CONTEXT(3) 
GLOBAL_UNCERTAINTY_ASSIGNED_CONTEXT((#11489)) 
GLOBAL_UNIT_ASSIGNED_CONTEXT((#11486,#11487,#11488)) 
REPRESENTATION_CONTEXT('Context #1',
  '3D Context with UNIT and UNCERTAINTY') );
#11486 = ( LENGTH_UNIT() NAMED_UNIT(*) SI_UNIT(.MILLI.,.METRE.) );
#11487 = ( NAMED_UNIT(*) PLANE_ANGLE_UNIT() SI_UNIT($,.RADIAN.) );
#11488 = ( NAMED_UNIT(*) SI_UNIT($,.STERADIAN.) SOLID_ANGLE_UNIT() );
#11489 = UNCERTAINTY_MEASURE_WITH_UNIT(LENGTH_MEASURE(1.E-07),#11486,
  'distance_accuracy_value','confusion accuracy');
#11490 = SHAPE_DEFINITION_REPRESENTATION(#11491,#11334);
#11491 = PRODUCT_DEFINITION_SHAPE('','',#11492);
#11492 = PRODUCT_DEFINITION('design','',#11493,#11496);
#11493 = PRODUCT_DEFINITION_FORMATION('','',#11494);
#11494 = PRODUCT('PinA','PinA','',(#11495));
#11495 = PRODUCT_CONTEXT('',#2,'mechanical');
#11496 = PRODUCT_DEFINITION_CONTEXT('part definition',#2,'design');
#11497 = CONTEXT_DEPENDENT_SHAPE_REPRESENTATION(#11498,#11500);
#11498 = ( REPRESENTATION_RELATIONSHIP('','',#11334,#10709) 
REPRESENTATION_RELATIONSHIP_WITH_TRANSFORMATION(#11499) 
SHAPE_REPRESENTATION_RELATIONSHIP() );
#11499 = ITEM_DEFINED_TRANSFORMATION('','',#11,#10722);
#11500 = PRODUCT_DEFINITION_SHAPE('Placement','Placement of an item',
  #11501);
#11501 = NEXT_ASSEMBLY_USAGE_OCCURRENCE('24','=>[0:1:1:5]','',#10704,
  #11492,$);
#11502 = PRODUCT_RELATED_PRODUCT_CATEGORY('part',$,(#11494));
#11503 = CONTEXT_DEPENDENT_SHAPE_REPRESENTATION(#11504,#11506);
#11504 = ( REPRESENTATION_RELATIONSHIP('','',#10709,#10692) 
REPRESENTATION_RELATIONSHIP_WITH_TRANSFORMATION(#11505) 
SHAPE_REPRESENTATION_RELATIONSHIP() );
#11505 = ITEM_DEFINED_TRANSFORMATION('','',#11,#10693);
#11506 = PRODUCT_DEFINITION_SHAPE('Placement','Placement of an item',
  #11507);
#11507 = NEXT_ASSEMBLY_USAGE_OCCURRENCE('25','','',#10687,#10704,$);
#11508 = PRODUCT_RELATED_PRODUCT_CATEGORY('part',$,(#10706));
#11509 = CONTEXT_DEPENDENT_SHAPE_REPRESENTATION(#11510,#11512);
#11510 = ( REPRESENTATION_RELATIONSHIP('','',#10692,#10) 
REPRESENTATION_RELATIONSHIP_WITH_TRANSFORMATION(#11511) 
SHAPE_REPRESENTATION_RELATIONSHIP() );
#11511 = ITEM_DEFINED_TRANSFORMATION('','',#11,#23);
#11512 = PRODUCT_DEFINITION_SHAPE('Placement','Placement of an item',
  #11513);
#11513 = NEXT_ASSEMBLY_USAGE_OCCURRENCE('26','','',#5,#10687,$);
#11514 = PRODUCT_RELATED_PRODUCT_CATEGORY('part',$,(#10689));
#11515 = SHAPE_DEFINITION_REPRESENTATION(#11516,#11522);
#11516 = PRODUCT_DEFINITION_SHAPE('','',#11517);
#11517 = PRODUCT_DEFINITION('design','',#11518,#11521);
#11518 = PRODUCT_DEFINITION_FORMATION('','',#11519);
#11519 = PRODUCT('D1','D1','',(#11520));
#11520 = PRODUCT_CONTEXT('',#2,'mechanical');
#11521 = PRODUCT_DEFINITION_CONTEXT('part definition',#2,'design');
#11522 = SHAPE_REPRESENTATION('',(#11,#11523),#11527);
#11523 = AXIS2_PLACEMENT_3D('',#11524,#11525,#11526);
#11524 = CARTESIAN_POINT('',(14.631870269775,28.929128646851,
    -0.411480009556));
#11525 = DIRECTION('',(0.,8.742277974146E-08,-1.));
#11526 = DIRECTION('',(0.707106781187,-0.707106781187,
    -6.181724038537E-08));
#11527 = ( GEOMETRIC_REPRESENTATION_CONTEXT(3) 
GLOBAL_UNCERTAINTY_ASSIGNED_CONTEXT((#11531)) 
GLOBAL_UNIT_ASSIGNED_CONTEXT((#11528,#11529,#11530)) 
REPRESENTATION_CONTEXT('Context #1',
  '3D Context with UNIT and UNCERTAINTY') );
#11528 = ( LENGTH_UNIT() NAMED_UNIT(*) SI_UNIT(.MILLI.,.METRE.) );
#11529 = ( NAMED_UNIT(*) PLANE_ANGLE_UNIT() SI_UNIT($,.RADIAN.) );
#11530 = ( NAMED_UNIT(*) SI_UNIT($,.STERADIAN.) SOLID_ANGLE_UNIT() );
#11531 = UNCERTAINTY_MEASURE_WITH_UNIT(LENGTH_MEASURE(1.E-07),#11528,
  'distance_accuracy_value','confusion accuracy');
#11532 = CONTEXT_DEPENDENT_SHAPE_REPRESENTATION(#11533,#11535);
#11533 = ( REPRESENTATION_RELATIONSHIP('','',#10709,#11522) 
REPRESENTATION_RELATIONSHIP_WITH_TRANSFORMATION(#11534) 
SHAPE_REPRESENTATION_RELATIONSHIP() );
#11534 = ITEM_DEFINED_TRANSFORMATION('','',#11,#11523);
#11535 = PRODUCT_DEFINITION_SHAPE('Placement','Placement of an item',
  #11536);
#11536 = NEXT_ASSEMBLY_USAGE_OCCURRENCE('27','','',#11517,#10704,$);
#11537 = CONTEXT_DEPENDENT_SHAPE_REPRESENTATION(#11538,#11540);
#11538 = ( REPRESENTATION_RELATIONSHIP('','',#11522,#10) 
REPRESENTATION_RELATIONSHIP_WITH_TRANSFORMATION(#11539) 
SHAPE_REPRESENTATION_RELATIONSHIP() );
#11539 = ITEM_DEFINED_TRANSFORMATION('','',#11,#27);
#11540 = PRODUCT_DEFINITION_SHAPE('Placement','Placement of an item',
  #11541);
#11541 = NEXT_ASSEMBLY_USAGE_OCCURRENCE('28','','',#5,#11517,$);
#11542 = PRODUCT_RELATED_PRODUCT_CATEGORY('part',$,(#11519));
#11543 = MECHANICAL_DESIGN_GEOMETRIC_PRESENTATION_REPRESENTATION('',(
    #11544),#11316);
#11544 = STYLED_ITEM('color',(#11545),#11166);
#11545 = PRESENTATION_STYLE_ASSIGNMENT((#11546,#11552));
#11546 = SURFACE_STYLE_USAGE(.BOTH.,#11547);
#11547 = SURFACE_SIDE_STYLE('',(#11548));
#11548 = SURFACE_STYLE_FILL_AREA(#11549);
#11549 = FILL_AREA_STYLE('',(#11550));
#11550 = FILL_AREA_STYLE_COLOUR('',#11551);
#11551 = COLOUR_RGB('',0.734000028196,0.773000013638,0.796999989372);
#11552 = CURVE_STYLE('',#11553,POSITIVE_LENGTH_MEASURE(0.1),#11551);
#11553 = DRAUGHTING_PRE_DEFINED_CURVE_FONT('continuous');
#11554 = MECHANICAL_DESIGN_GEOMETRIC_PRESENTATION_REPRESENTATION('',(
    #11555),#520);
#11555 = STYLED_ITEM('color',(#11556),#55);
#11556 = PRESENTATION_STYLE_ASSIGNMENT((#11557,#11563));
#11557 = SURFACE_STYLE_USAGE(.BOTH.,#11558);
#11558 = SURFACE_SIDE_STYLE('',(#11559));
#11559 = SURFACE_STYLE_FILL_AREA(#11560);
#11560 = FILL_AREA_STYLE('',(#11561));
#11561 = FILL_AREA_STYLE_COLOUR('',#11562);
#11562 = COLOUR_RGB('',0.,0.501960785193,0.);
#11563 = CURVE_STYLE('',#11564,POSITIVE_LENGTH_MEASURE(0.1),#11562);
#11564 = DRAUGHTING_PRE_DEFINED_CURVE_FONT('continuous');
#11565 = MECHANICAL_DESIGN_GEOMETRIC_PRESENTATION_REPRESENTATION('',(
    #11566),#11147);
#11566 = STYLED_ITEM('color',(#11567),#10997);
#11567 = PRESENTATION_STYLE_ASSIGNMENT((#11568,#11574));
#11568 = SURFACE_STYLE_USAGE(.BOTH.,#11569);
#11569 = SURFACE_SIDE_STYLE('',(#11570));
#11570 = SURFACE_STYLE_FILL_AREA(#11571);
#11571 = FILL_AREA_STYLE('',(#11572));
#11572 = FILL_AREA_STYLE_COLOUR('',#11573);
#11573 = COLOUR_RGB('',0.990000016933,0.990000016933,0.990000016933);
#11574 = CURVE_STYLE('',#11575,POSITIVE_LENGTH_MEASURE(0.1),#11573);
#11575 = DRAUGHTING_PRE_DEFINED_CURVE_FONT('continuous');
#11576 = MECHANICAL_DESIGN_GEOMETRIC_PRESENTATION_REPRESENTATION('',(
    #11577),#10978);
#11577 = STYLED_ITEM('color',(#11578),#10732);
#11578 = PRESENTATION_STYLE_ASSIGNMENT((#11579,#11585));
#11579 = SURFACE_STYLE_USAGE(.BOTH.,#11580);
#11580 = SURFACE_SIDE_STYLE('',(#11581));
#11581 = SURFACE_STYLE_FILL_AREA(#11582);
#11582 = FILL_AREA_STYLE('',(#11583));
#11583 = FILL_AREA_STYLE_COLOUR('',#11584);
#11584 = COLOUR_RGB('',0.300000011149,0.300000011149,0.300000011149);
#11585 = CURVE_STYLE('',#11586,POSITIVE_LENGTH_MEASURE(0.1),#11584);
#11586 = DRAUGHTING_PRE_DEFINED_CURVE_FONT('continuous');
#11587 = MECHANICAL_DESIGN_GEOMETRIC_PRESENTATION_REPRESENTATION('',(
    #11588),#11485);
#11588 = STYLED_ITEM('color',(#11589),#11335);
#11589 = PRESENTATION_STYLE_ASSIGNMENT((#11590,#11595));
#11590 = SURFACE_STYLE_USAGE(.BOTH.,#11591);
#11591 = SURFACE_SIDE_STYLE('',(#11592));
#11592 = SURFACE_STYLE_FILL_AREA(#11593);
#11593 = FILL_AREA_STYLE('',(#11594));
#11594 = FILL_AREA_STYLE_COLOUR('',#11551);
#11595 = CURVE_STYLE('',#11596,POSITIVE_LENGTH_MEASURE(0.1),#11551);
#11596 = DRAUGHTING_PRE_DEFINED_CURVE_FONT('continuous');
ENDSEC;
END-ISO-10303-21;
