ISO-10303-21;
HEADER;
FILE_DESCRIPTION(('STEP AP242'),'1');
FILE_NAME('0527450497.stp','2025-01-23T06:51:52',('TraceParts'),('TraceParts S.A.'),'Spatial InterOp 3D',' ',' ');
FILE_SCHEMA(('AP242_MANAGED_MODEL_BASED_3D_ENGINEERING_MIM_LF  {1 0 10303 442 1 1 4}'));
ENDSEC;
DATA;
#1=MECHANICAL_DESIGN_GEOMETRIC_PRESENTATION_REPRESENTATION(' ',(#10),#6);
#2=PRODUCT_DEFINITION_CONTEXT('',#11,'design');
#3=APPLICATION_PROTOCOL_DEFINITION('INTERNATIONAL STANDARD','ap242_managed_model_based_3d_engineering',2014,#11);
#4=PRODUCT_CATEGORY_RELATIONSHIP('NONE','NONE',#12,#13);
#5=SHAPE_DEFINITION_REPRESENTATION(#14,#15);
#6= (GEOMETRIC_REPRESENTATION_CONTEXT(3)GLOBAL_UNCERTAINTY_ASSIGNED_CONTEXT((#18))GLOBAL_UNIT_ASSIGNED_CONTEXT((#20,#21,#22))REPRESENTATION_CONTEXT('NONE','WORKSPACE'));
#10=STYLED_ITEM('',(#24),#25);
#11=APPLICATION_CONTEXT('managed model based 3d engineering');
#12=PRODUCT_CATEGORY('part','NONE');
#13=PRODUCT_RELATED_PRODUCT_CATEGORY('detail',' ',(#26));
#14=PRODUCT_DEFINITION_SHAPE('NONE','NONE',#27);
#15=ADVANCED_BREP_SHAPE_REPRESENTATION('0527450497',(#25,#28),#6);
#18=UNCERTAINTY_MEASURE_WITH_UNIT(LENGTH_MEASURE(1.0E-06),#20,'','');
#20= (CONVERSION_BASED_UNIT('MILLIMETRE',#31)LENGTH_UNIT()NAMED_UNIT(#34));
#21= (NAMED_UNIT(#36)PLANE_ANGLE_UNIT()SI_UNIT($,.RADIAN.));
#22= (NAMED_UNIT(#36)SOLID_ANGLE_UNIT()SI_UNIT($,.STERADIAN.));
#24=PRESENTATION_STYLE_ASSIGNMENT((#42));
#25=MANIFOLD_SOLID_BREP('0527450497',#43);
#26=PRODUCT('0527450497','','PART--DESC',(#44));
#27=PRODUCT_DEFINITION('','NONE',#45,#2);
#28=AXIS2_PLACEMENT_3D('',#46,#47,#48);
#31=LENGTH_MEASURE_WITH_UNIT(LENGTH_MEASURE(1.0),#49);
#34=DIMENSIONAL_EXPONENTS(1.0,0.0,0.0,0.0,0.0,0.0,0.0);
#36=DIMENSIONAL_EXPONENTS(0.0,0.0,0.0,0.0,0.0,0.0,0.0);
#42=SURFACE_STYLE_USAGE(.BOTH.,#50);
#43=CLOSED_SHELL('',(#51,#52,#53,#54,#55,#56,#57,#58,#59,#60,#61,#62,#63,#64,#65,#66,#67,#68,#69,#70,#71,#72,#73,#74,#75,#76,#77,#78,#79,#80,#81,#82,#83,#84,#85,#86,#87,#88,#89,#90,#91,#92,#93,#94,#95,#96,#97,#98,#99,#100,#101,#102,#103,#104,#105,#106,#107,#108,#109,#110,#111,#112,#113,#114,#115,#116,#117,#118,#119,#120,#121,#122,#123,#124,#125,#126,#127,#128,#129,#130,#131,#132,#133,#134,#135,#136,#137,#138,#139,#140,#141,#142,#143,#144,#145,#146,#147,#148,#149,#150,#151,#152,#153,#154,#155,#156,#157,#158,#159,#160,#161,#162,#163,#164,#165,#166,#167,#168,#169,#170,#171,#172,#173,#174,#175,#176,#177,#178,#179,#180,#181,#182,#183,#184,#185,#186,#187,#188,#189,#190,#191,#192,#193,#194,#195,#196,#197,#198,#199,#200,#201,#202,#203,#204,#205,#206,#207,#208,#209,#210,#211,#212,#213,#214,#215,#216,#217,#218,#219,#220,#221,#222,#223,#224,#225,#226,#227,#228,#229,#230,#231,#232,#233,#234,#235,#236,#237,#238,#239,#240,#241,#242,#243,#244,#245,#246,#247,#248,#249,#250,#251,#252,#253,#254,#255,#256,#257,#258,#259,#260,#261,#262,#263,#264,#265,#266,#267,#268,#269,#270));
#44=PRODUCT_CONTEXT('',#11,'mechanical');
#45=PRODUCT_DEFINITION_FORMATION_WITH_SPECIFIED_SOURCE(' ','NONE',#26,.NOT_KNOWN.);
#46=CARTESIAN_POINT('',(0.0,0.0,0.0));
#47=DIRECTION('',(0.0,0.0,1.0));
#48=DIRECTION('',(1.0,0.0,0.0));
#49= (NAMED_UNIT(#34)LENGTH_UNIT()SI_UNIT(.MILLI.,.METRE.));
#50=SURFACE_SIDE_STYLE('',(#272));
#51=ADVANCED_FACE('',(#273),#274,.T.);
#52=ADVANCED_FACE('',(#275),#276,.T.);
#53=ADVANCED_FACE('',(#277),#278,.T.);
#54=ADVANCED_FACE('',(#279),#280,.T.);
#55=ADVANCED_FACE('',(#281,#282),#283,.F.);
#56=ADVANCED_FACE('',(#284),#285,.F.);
#57=ADVANCED_FACE('',(#286),#287,.F.);
#58=ADVANCED_FACE('',(#288,#289),#290,.F.);
#59=ADVANCED_FACE('',(#291),#292,.T.);
#60=ADVANCED_FACE('',(#293),#294,.T.);
#61=ADVANCED_FACE('',(#295),#296,.T.);
#62=ADVANCED_FACE('',(#297),#298,.F.);
#63=ADVANCED_FACE('',(#299),#300,.T.);
#64=ADVANCED_FACE('',(#301),#302,.F.);
#65=ADVANCED_FACE('',(#303),#304,.T.);
#66=ADVANCED_FACE('',(#305),#306,.F.);
#67=ADVANCED_FACE('',(#307),#308,.F.);
#68=ADVANCED_FACE('',(#309),#310,.T.);
#69=ADVANCED_FACE('',(#311),#312,.F.);
#70=ADVANCED_FACE('',(#313),#314,.F.);
#71=ADVANCED_FACE('',(#315),#316,.F.);
#72=ADVANCED_FACE('',(#317),#318,.F.);
#73=ADVANCED_FACE('',(#319),#320,.F.);
#74=ADVANCED_FACE('',(#321),#322,.F.);
#75=ADVANCED_FACE('',(#323),#324,.F.);
#76=ADVANCED_FACE('',(#325),#326,.F.);
#77=ADVANCED_FACE('',(#327),#328,.F.);
#78=ADVANCED_FACE('',(#329),#330,.T.);
#79=ADVANCED_FACE('',(#331),#332,.T.);
#80=ADVANCED_FACE('',(#333),#334,.T.);
#81=ADVANCED_FACE('',(#335),#336,.T.);
#82=ADVANCED_FACE('',(#337),#338,.T.);
#83=ADVANCED_FACE('',(#339),#340,.T.);
#84=ADVANCED_FACE('',(#341),#342,.T.);
#85=ADVANCED_FACE('',(#343),#344,.T.);
#86=ADVANCED_FACE('',(#345),#346,.T.);
#87=ADVANCED_FACE('',(#347),#348,.T.);
#88=ADVANCED_FACE('',(#349),#350,.T.);
#89=ADVANCED_FACE('',(#351),#352,.T.);
#90=ADVANCED_FACE('',(#353),#354,.T.);
#91=ADVANCED_FACE('',(#355),#356,.T.);
#92=ADVANCED_FACE('',(#357),#358,.T.);
#93=ADVANCED_FACE('',(#359),#360,.T.);
#94=ADVANCED_FACE('',(#361),#362,.T.);
#95=ADVANCED_FACE('',(#363),#364,.T.);
#96=ADVANCED_FACE('',(#365),#366,.T.);
#97=ADVANCED_FACE('',(#367),#368,.T.);
#98=ADVANCED_FACE('',(#369),#370,.T.);
#99=ADVANCED_FACE('',(#371),#372,.T.);
#100=ADVANCED_FACE('',(#373),#374,.T.);
#101=ADVANCED_FACE('',(#375),#376,.T.);
#102=ADVANCED_FACE('',(#377),#378,.F.);
#103=ADVANCED_FACE('',(#379),#380,.F.);
#104=ADVANCED_FACE('',(#381),#382,.T.);
#105=ADVANCED_FACE('',(#383),#384,.T.);
#106=ADVANCED_FACE('',(#385),#386,.F.);
#107=ADVANCED_FACE('',(#387),#388,.F.);
#108=ADVANCED_FACE('',(#389),#390,.F.);
#109=ADVANCED_FACE('',(#391),#392,.F.);
#110=ADVANCED_FACE('',(#393),#394,.F.);
#111=ADVANCED_FACE('',(#395),#396,.F.);
#112=ADVANCED_FACE('',(#397),#398,.F.);
#113=ADVANCED_FACE('',(#399),#400,.T.);
#114=ADVANCED_FACE('',(#401),#402,.F.);
#115=ADVANCED_FACE('',(#403),#404,.T.);
#116=ADVANCED_FACE('',(#405),#406,.F.);
#117=ADVANCED_FACE('',(#407),#408,.T.);
#118=ADVANCED_FACE('',(#409),#410,.F.);
#119=ADVANCED_FACE('',(#411),#412,.F.);
#120=ADVANCED_FACE('',(#413),#414,.T.);
#121=ADVANCED_FACE('',(#415),#416,.F.);
#122=ADVANCED_FACE('',(#417),#418,.T.);
#123=ADVANCED_FACE('',(#419),#420,.T.);
#124=ADVANCED_FACE('',(#421),#422,.F.);
#125=ADVANCED_FACE('',(#423),#424,.T.);
#126=ADVANCED_FACE('',(#425),#426,.T.);
#127=ADVANCED_FACE('',(#427),#428,.F.);
#128=ADVANCED_FACE('',(#429),#430,.T.);
#129=ADVANCED_FACE('',(#431),#432,.T.);
#130=ADVANCED_FACE('',(#433),#434,.F.);
#131=ADVANCED_FACE('',(#435),#436,.T.);
#132=ADVANCED_FACE('',(#437),#438,.T.);
#133=ADVANCED_FACE('',(#439),#440,.T.);
#134=ADVANCED_FACE('',(#441),#442,.T.);
#135=ADVANCED_FACE('',(#443),#444,.T.);
#136=ADVANCED_FACE('',(#445),#446,.T.);
#137=ADVANCED_FACE('',(#447),#448,.T.);
#138=ADVANCED_FACE('',(#449),#450,.F.);
#139=ADVANCED_FACE('',(#451),#452,.T.);
#140=ADVANCED_FACE('',(#453),#454,.T.);
#141=ADVANCED_FACE('',(#455),#456,.F.);
#142=ADVANCED_FACE('',(#457),#458,.T.);
#143=ADVANCED_FACE('',(#459),#460,.F.);
#144=ADVANCED_FACE('',(#461),#462,.F.);
#145=ADVANCED_FACE('',(#463),#464,.T.);
#146=ADVANCED_FACE('',(#465),#466,.F.);
#147=ADVANCED_FACE('',(#467),#468,.F.);
#148=ADVANCED_FACE('',(#469),#470,.F.);
#149=ADVANCED_FACE('',(#471),#472,.T.);
#150=ADVANCED_FACE('',(#473),#474,.T.);
#151=ADVANCED_FACE('',(#475),#476,.T.);
#152=ADVANCED_FACE('',(#477),#478,.T.);
#153=ADVANCED_FACE('',(#479),#480,.T.);
#154=ADVANCED_FACE('',(#481),#482,.F.);
#155=ADVANCED_FACE('',(#483),#484,.T.);
#156=ADVANCED_FACE('',(#485),#486,.F.);
#157=ADVANCED_FACE('',(#487),#488,.T.);
#158=ADVANCED_FACE('',(#489),#490,.T.);
#159=ADVANCED_FACE('',(#491),#492,.T.);
#160=ADVANCED_FACE('',(#493),#494,.F.);
#161=ADVANCED_FACE('',(#495),#496,.T.);
#162=ADVANCED_FACE('',(#497),#498,.T.);
#163=ADVANCED_FACE('',(#499),#500,.F.);
#164=ADVANCED_FACE('',(#501),#502,.T.);
#165=ADVANCED_FACE('',(#503),#504,.F.);
#166=ADVANCED_FACE('',(#505),#506,.T.);
#167=ADVANCED_FACE('',(#507),#508,.F.);
#168=ADVANCED_FACE('',(#509),#510,.F.);
#169=ADVANCED_FACE('',(#511),#512,.F.);
#170=ADVANCED_FACE('',(#513,#514,#515,#516,#517),#518,.F.);
#171=ADVANCED_FACE('',(#519),#520,.T.);
#172=ADVANCED_FACE('',(#521),#522,.T.);
#173=ADVANCED_FACE('',(#523),#524,.T.);
#174=ADVANCED_FACE('',(#525),#526,.F.);
#175=ADVANCED_FACE('',(#527),#528,.T.);
#176=ADVANCED_FACE('',(#529),#530,.F.);
#177=ADVANCED_FACE('',(#531),#532,.T.);
#178=ADVANCED_FACE('',(#533),#534,.F.);
#179=ADVANCED_FACE('',(#535),#536,.T.);
#180=ADVANCED_FACE('',(#537),#538,.F.);
#181=ADVANCED_FACE('',(#539),#540,.F.);
#182=ADVANCED_FACE('',(#541),#542,.F.);
#183=ADVANCED_FACE('',(#543),#544,.F.);
#184=ADVANCED_FACE('',(#545),#546,.F.);
#185=ADVANCED_FACE('',(#547),#548,.F.);
#186=ADVANCED_FACE('',(#549),#550,.F.);
#187=ADVANCED_FACE('',(#551),#552,.F.);
#188=ADVANCED_FACE('',(#553),#554,.F.);
#189=ADVANCED_FACE('',(#555),#556,.F.);
#190=ADVANCED_FACE('',(#557),#558,.F.);
#191=ADVANCED_FACE('',(#559),#560,.F.);
#192=ADVANCED_FACE('',(#561),#562,.F.);
#193=ADVANCED_FACE('',(#563),#564,.T.);
#194=ADVANCED_FACE('',(#565),#566,.F.);
#195=ADVANCED_FACE('',(#567),#568,.T.);
#196=ADVANCED_FACE('',(#569),#570,.F.);
#197=ADVANCED_FACE('',(#571),#572,.F.);
#198=ADVANCED_FACE('',(#573),#574,.F.);
#199=ADVANCED_FACE('',(#575),#576,.T.);
#200=ADVANCED_FACE('',(#577),#578,.F.);
#201=ADVANCED_FACE('',(#579),#580,.F.);
#202=ADVANCED_FACE('',(#581),#582,.F.);
#203=ADVANCED_FACE('',(#583),#584,.F.);
#204=ADVANCED_FACE('',(#585),#586,.F.);
#205=ADVANCED_FACE('',(#587),#588,.T.);
#206=ADVANCED_FACE('',(#589),#590,.F.);
#207=ADVANCED_FACE('',(#591),#592,.T.);
#208=ADVANCED_FACE('',(#593),#594,.F.);
#209=ADVANCED_FACE('',(#595),#596,.F.);
#210=ADVANCED_FACE('',(#597),#598,.F.);
#211=ADVANCED_FACE('',(#599),#600,.T.);
#212=ADVANCED_FACE('',(#601),#602,.F.);
#213=ADVANCED_FACE('',(#603),#604,.F.);
#214=ADVANCED_FACE('',(#605),#606,.F.);
#215=ADVANCED_FACE('',(#607),#608,.F.);
#216=ADVANCED_FACE('',(#609),#610,.F.);
#217=ADVANCED_FACE('',(#611),#612,.T.);
#218=ADVANCED_FACE('',(#613),#614,.F.);
#219=ADVANCED_FACE('',(#615),#616,.T.);
#220=ADVANCED_FACE('',(#617),#618,.F.);
#221=ADVANCED_FACE('',(#619),#620,.F.);
#222=ADVANCED_FACE('',(#621),#622,.F.);
#223=ADVANCED_FACE('',(#623),#624,.T.);
#224=ADVANCED_FACE('',(#625),#626,.F.);
#225=ADVANCED_FACE('',(#627),#628,.F.);
#226=ADVANCED_FACE('',(#629),#630,.F.);
#227=ADVANCED_FACE('',(#631),#632,.F.);
#228=ADVANCED_FACE('',(#633),#634,.F.);
#229=ADVANCED_FACE('',(#635),#636,.T.);
#230=ADVANCED_FACE('',(#637),#638,.F.);
#231=ADVANCED_FACE('',(#639),#640,.T.);
#232=ADVANCED_FACE('',(#641),#642,.F.);
#233=ADVANCED_FACE('',(#643),#644,.F.);
#234=ADVANCED_FACE('',(#645),#646,.F.);
#235=ADVANCED_FACE('',(#647),#648,.T.);
#236=ADVANCED_FACE('',(#649),#650,.F.);
#237=ADVANCED_FACE('',(#651),#652,.F.);
#238=ADVANCED_FACE('',(#653),#654,.F.);
#239=ADVANCED_FACE('',(#655),#656,.F.);
#240=ADVANCED_FACE('',(#657),#658,.F.);
#241=ADVANCED_FACE('',(#659),#660,.T.);
#242=ADVANCED_FACE('',(#661),#662,.T.);
#243=ADVANCED_FACE('',(#663),#664,.T.);
#244=ADVANCED_FACE('',(#665),#666,.F.);
#245=ADVANCED_FACE('',(#667),#668,.F.);
#246=ADVANCED_FACE('',(#669),#670,.F.);
#247=ADVANCED_FACE('',(#671),#672,.F.);
#248=ADVANCED_FACE('',(#673),#674,.F.);
#249=ADVANCED_FACE('',(#675),#676,.F.);
#250=ADVANCED_FACE('',(#677),#678,.F.);
#251=ADVANCED_FACE('',(#679),#680,.F.);
#252=ADVANCED_FACE('',(#681),#682,.F.);
#253=ADVANCED_FACE('',(#683),#684,.F.);
#254=ADVANCED_FACE('',(#685),#686,.F.);
#255=ADVANCED_FACE('',(#687),#688,.F.);
#256=ADVANCED_FACE('',(#689),#690,.F.);
#257=ADVANCED_FACE('',(#691),#692,.F.);
#258=ADVANCED_FACE('',(#693),#694,.F.);
#259=ADVANCED_FACE('',(#695),#696,.F.);
#260=ADVANCED_FACE('',(#697),#698,.F.);
#261=ADVANCED_FACE('',(#699),#700,.F.);
#262=ADVANCED_FACE('',(#701),#702,.F.);
#263=ADVANCED_FACE('',(#703),#704,.F.);
#264=ADVANCED_FACE('',(#705),#706,.F.);
#265=ADVANCED_FACE('',(#707),#708,.F.);
#266=ADVANCED_FACE('',(#709),#710,.F.);
#267=ADVANCED_FACE('',(#711),#712,.F.);
#268=ADVANCED_FACE('',(#713),#714,.F.);
#269=ADVANCED_FACE('',(#715),#716,.F.);
#270=ADVANCED_FACE('',(#717),#718,.F.);
#272=SURFACE_STYLE_FILL_AREA(#719);
#273=FACE_OUTER_BOUND('',#720,.T.);
#274=CYLINDRICAL_SURFACE('',#721,0.0500000000000001);
#275=FACE_OUTER_BOUND('',#722,.T.);
#276=CYLINDRICAL_SURFACE('',#723,0.0500000000000001);
#277=FACE_OUTER_BOUND('',#724,.T.);
#278=CYLINDRICAL_SURFACE('',#725,0.0500000000000001);
#279=FACE_OUTER_BOUND('',#726,.T.);
#280=CYLINDRICAL_SURFACE('',#727,0.0500000000000001);
#281=FACE_BOUND('',#728,.T.);
#282=FACE_OUTER_BOUND('',#729,.T.);
#283=PLANE('',#730);
#284=FACE_OUTER_BOUND('',#731,.T.);
#285=PLANE('',#732);
#286=FACE_OUTER_BOUND('',#733,.T.);
#287=PLANE('',#734);
#288=FACE_OUTER_BOUND('',#735,.T.);
#289=FACE_BOUND('',#736,.T.);
#290=PLANE('',#737);
#291=FACE_OUTER_BOUND('',#738,.T.);
#292=PLANE('',#739);
#293=FACE_OUTER_BOUND('',#740,.T.);
#294=PLANE('',#741);
#295=FACE_OUTER_BOUND('',#742,.T.);
#296=PLANE('',#743);
#297=FACE_OUTER_BOUND('',#744,.T.);
#298=PLANE('',#745);
#299=FACE_OUTER_BOUND('',#746,.T.);
#300=PLANE('',#747);
#301=FACE_OUTER_BOUND('',#748,.T.);
#302=PLANE('',#749);
#303=FACE_OUTER_BOUND('',#750,.T.);
#304=PLANE('',#751);
#305=FACE_OUTER_BOUND('',#752,.T.);
#306=PLANE('',#753);
#307=FACE_OUTER_BOUND('',#754,.T.);
#308=PLANE('',#755);
#309=FACE_OUTER_BOUND('',#756,.T.);
#310=PLANE('',#757);
#311=FACE_OUTER_BOUND('',#758,.T.);
#312=PLANE('',#759);
#313=FACE_OUTER_BOUND('',#760,.T.);
#314=PLANE('',#761);
#315=FACE_OUTER_BOUND('',#762,.T.);
#316=PLANE('',#763);
#317=FACE_OUTER_BOUND('',#764,.T.);
#318=PLANE('',#765);
#319=FACE_OUTER_BOUND('',#766,.T.);
#320=PLANE('',#767);
#321=FACE_OUTER_BOUND('',#768,.T.);
#322=PLANE('',#769);
#323=FACE_OUTER_BOUND('',#770,.T.);
#324=PLANE('',#771);
#325=FACE_OUTER_BOUND('',#772,.T.);
#326=PLANE('',#773);
#327=FACE_OUTER_BOUND('',#774,.T.);
#328=PLANE('',#775);
#329=FACE_OUTER_BOUND('',#776,.T.);
#330=PLANE('',#777);
#331=FACE_OUTER_BOUND('',#778,.T.);
#332=PLANE('',#779);
#333=FACE_OUTER_BOUND('',#780,.T.);
#334=PLANE('',#781);
#335=FACE_OUTER_BOUND('',#782,.T.);
#336=PLANE('',#783);
#337=FACE_OUTER_BOUND('',#784,.T.);
#338=PLANE('',#785);
#339=FACE_OUTER_BOUND('',#786,.T.);
#340=PLANE('',#787);
#341=FACE_OUTER_BOUND('',#788,.T.);
#342=PLANE('',#789);
#343=FACE_OUTER_BOUND('',#790,.T.);
#344=PLANE('',#791);
#345=FACE_OUTER_BOUND('',#792,.T.);
#346=PLANE('',#793);
#347=FACE_OUTER_BOUND('',#794,.T.);
#348=PLANE('',#795);
#349=FACE_OUTER_BOUND('',#796,.T.);
#350=PLANE('',#797);
#351=FACE_OUTER_BOUND('',#798,.T.);
#352=PLANE('',#799);
#353=FACE_OUTER_BOUND('',#800,.T.);
#354=PLANE('',#801);
#355=FACE_OUTER_BOUND('',#802,.T.);
#356=PLANE('',#803);
#357=FACE_OUTER_BOUND('',#804,.T.);
#358=PLANE('',#805);
#359=FACE_OUTER_BOUND('',#806,.T.);
#360=PLANE('',#807);
#361=FACE_OUTER_BOUND('',#808,.T.);
#362=PLANE('',#809);
#363=FACE_OUTER_BOUND('',#810,.T.);
#364=PLANE('',#811);
#365=FACE_OUTER_BOUND('',#812,.T.);
#366=PLANE('',#813);
#367=FACE_OUTER_BOUND('',#814,.T.);
#368=PLANE('',#815);
#369=FACE_OUTER_BOUND('',#816,.T.);
#370=PLANE('',#817);
#371=FACE_OUTER_BOUND('',#818,.T.);
#372=PLANE('',#819);
#373=FACE_OUTER_BOUND('',#820,.T.);
#374=PLANE('',#821);
#375=FACE_OUTER_BOUND('',#822,.T.);
#376=PLANE('',#823);
#377=FACE_OUTER_BOUND('',#824,.T.);
#378=PLANE('',#825);
#379=FACE_OUTER_BOUND('',#826,.T.);
#380=PLANE('',#827);
#381=FACE_OUTER_BOUND('',#828,.T.);
#382=PLANE('',#829);
#383=FACE_OUTER_BOUND('',#830,.T.);
#384=PLANE('',#831);
#385=FACE_OUTER_BOUND('',#832,.T.);
#386=PLANE('',#833);
#387=FACE_OUTER_BOUND('',#834,.T.);
#388=PLANE('',#835);
#389=FACE_OUTER_BOUND('',#836,.T.);
#390=PLANE('',#837);
#391=FACE_OUTER_BOUND('',#838,.T.);
#392=PLANE('',#839);
#393=FACE_OUTER_BOUND('',#840,.T.);
#394=PLANE('',#841);
#395=FACE_OUTER_BOUND('',#842,.T.);
#396=PLANE('',#843);
#397=FACE_OUTER_BOUND('',#844,.T.);
#398=PLANE('',#845);
#399=FACE_OUTER_BOUND('',#846,.T.);
#400=PLANE('',#847);
#401=FACE_OUTER_BOUND('',#848,.T.);
#402=PLANE('',#849);
#403=FACE_OUTER_BOUND('',#850,.T.);
#404=PLANE('',#851);
#405=FACE_OUTER_BOUND('',#852,.T.);
#406=PLANE('',#853);
#407=FACE_OUTER_BOUND('',#854,.T.);
#408=PLANE('',#855);
#409=FACE_OUTER_BOUND('',#856,.T.);
#410=PLANE('',#857);
#411=FACE_OUTER_BOUND('',#858,.T.);
#412=PLANE('',#859);
#413=FACE_OUTER_BOUND('',#860,.T.);
#414=PLANE('',#861);
#415=FACE_OUTER_BOUND('',#862,.T.);
#416=PLANE('',#863);
#417=FACE_OUTER_BOUND('',#864,.T.);
#418=CYLINDRICAL_SURFACE('',#865,0.120000000000001);
#419=FACE_OUTER_BOUND('',#866,.T.);
#420=PLANE('',#867);
#421=FACE_OUTER_BOUND('',#868,.T.);
#422=PLANE('',#869);
#423=FACE_OUTER_BOUND('',#870,.T.);
#424=CYLINDRICAL_SURFACE('',#871,0.120000000000001);
#425=FACE_OUTER_BOUND('',#872,.T.);
#426=PLANE('',#873);
#427=FACE_OUTER_BOUND('',#874,.T.);
#428=PLANE('',#875);
#429=FACE_OUTER_BOUND('',#876,.T.);
#430=CYLINDRICAL_SURFACE('',#877,0.120000000000001);
#431=FACE_OUTER_BOUND('',#878,.T.);
#432=PLANE('',#879);
#433=FACE_OUTER_BOUND('',#880,.T.);
#434=PLANE('',#881);
#435=FACE_OUTER_BOUND('',#882,.T.);
#436=CYLINDRICAL_SURFACE('',#883,0.120000000000001);
#437=FACE_OUTER_BOUND('',#884,.T.);
#438=PLANE('',#885);
#439=FACE_OUTER_BOUND('',#886,.T.);
#440=PLANE('',#887);
#441=FACE_OUTER_BOUND('',#888,.T.);
#442=PLANE('',#889);
#443=FACE_OUTER_BOUND('',#890,.T.);
#444=PLANE('',#891);
#445=FACE_OUTER_BOUND('',#892,.T.);
#446=PLANE('',#893);
#447=FACE_OUTER_BOUND('',#894,.T.);
#448=PLANE('',#895);
#449=FACE_OUTER_BOUND('',#896,.T.);
#450=PLANE('',#897);
#451=FACE_OUTER_BOUND('',#898,.T.);
#452=PLANE('',#899);
#453=FACE_OUTER_BOUND('',#900,.T.);
#454=PLANE('',#901);
#455=FACE_OUTER_BOUND('',#902,.T.);
#456=PLANE('',#903);
#457=FACE_OUTER_BOUND('',#904,.T.);
#458=PLANE('',#905);
#459=FACE_OUTER_BOUND('',#906,.T.);
#460=PLANE('',#907);
#461=FACE_OUTER_BOUND('',#908,.T.);
#462=PLANE('',#909);
#463=FACE_OUTER_BOUND('',#910,.T.);
#464=PLANE('',#911);
#465=FACE_OUTER_BOUND('',#912,.T.);
#466=PLANE('',#913);
#467=FACE_OUTER_BOUND('',#914,.T.);
#468=PLANE('',#915);
#469=FACE_OUTER_BOUND('',#916,.T.);
#470=PLANE('',#917);
#471=FACE_OUTER_BOUND('',#918,.T.);
#472=PLANE('',#919);
#473=FACE_OUTER_BOUND('',#920,.T.);
#474=PLANE('',#921);
#475=FACE_OUTER_BOUND('',#922,.T.);
#476=PLANE('',#923);
#477=FACE_OUTER_BOUND('',#924,.T.);
#478=PLANE('',#925);
#479=FACE_OUTER_BOUND('',#926,.T.);
#480=PLANE('',#927);
#481=FACE_OUTER_BOUND('',#928,.T.);
#482=CYLINDRICAL_SURFACE('',#929,0.15);
#483=FACE_OUTER_BOUND('',#930,.T.);
#484=PLANE('',#931);
#485=FACE_OUTER_BOUND('',#932,.T.);
#486=CYLINDRICAL_SURFACE('',#933,0.15);
#487=FACE_OUTER_BOUND('',#934,.T.);
#488=PLANE('',#935);
#489=FACE_OUTER_BOUND('',#936,.T.);
#490=PLANE('',#937);
#491=FACE_OUTER_BOUND('',#938,.T.);
#492=PLANE('',#939);
#493=FACE_OUTER_BOUND('',#940,.T.);
#494=PLANE('',#941);
#495=FACE_OUTER_BOUND('',#942,.T.);
#496=PLANE('',#943);
#497=FACE_OUTER_BOUND('',#944,.T.);
#498=PLANE('',#945);
#499=FACE_OUTER_BOUND('',#946,.T.);
#500=CYLINDRICAL_SURFACE('',#947,0.15);
#501=FACE_OUTER_BOUND('',#948,.T.);
#502=PLANE('',#949);
#503=FACE_OUTER_BOUND('',#950,.T.);
#504=CYLINDRICAL_SURFACE('',#951,0.15);
#505=FACE_OUTER_BOUND('',#952,.T.);
#506=PLANE('',#953);
#507=FACE_OUTER_BOUND('',#954,.T.);
#508=PLANE('',#955);
#509=FACE_OUTER_BOUND('',#956,.T.);
#510=PLANE('',#957);
#511=FACE_OUTER_BOUND('',#958,.T.);
#512=PLANE('',#959);
#513=FACE_BOUND('',#960,.T.);
#514=FACE_BOUND('',#961,.T.);
#515=FACE_BOUND('',#962,.T.);
#516=FACE_BOUND('',#963,.T.);
#517=FACE_OUTER_BOUND('',#964,.T.);
#518=PLANE('',#965);
#519=FACE_OUTER_BOUND('',#966,.T.);
#520=PLANE('',#967);
#521=FACE_OUTER_BOUND('',#968,.T.);
#522=PLANE('',#969);
#523=FACE_OUTER_BOUND('',#970,.T.);
#524=PLANE('',#971);
#525=FACE_OUTER_BOUND('',#972,.T.);
#526=PLANE('',#973);
#527=FACE_OUTER_BOUND('',#974,.T.);
#528=PLANE('',#975);
#529=FACE_OUTER_BOUND('',#976,.T.);
#530=PLANE('',#977);
#531=FACE_OUTER_BOUND('',#978,.T.);
#532=PLANE('',#979);
#533=FACE_OUTER_BOUND('',#980,.T.);
#534=PLANE('',#981);
#535=FACE_OUTER_BOUND('',#982,.T.);
#536=PLANE('',#983);
#537=FACE_OUTER_BOUND('',#984,.T.);
#538=PLANE('',#985);
#539=FACE_OUTER_BOUND('',#986,.T.);
#540=PLANE('',#987);
#541=FACE_OUTER_BOUND('',#988,.T.);
#542=PLANE('',#989);
#543=FACE_OUTER_BOUND('',#990,.T.);
#544=PLANE('',#991);
#545=FACE_OUTER_BOUND('',#992,.T.);
#546=PLANE('',#993);
#547=FACE_OUTER_BOUND('',#994,.T.);
#548=PLANE('',#995);
#549=FACE_OUTER_BOUND('',#996,.T.);
#550=PLANE('',#997);
#551=FACE_OUTER_BOUND('',#998,.T.);
#552=PLANE('',#999);
#553=FACE_OUTER_BOUND('',#1000,.T.);
#554=PLANE('',#1001);
#555=FACE_OUTER_BOUND('',#1002,.T.);
#556=PLANE('',#1003);
#557=FACE_OUTER_BOUND('',#1004,.T.);
#558=PLANE('',#1005);
#559=FACE_OUTER_BOUND('',#1006,.T.);
#560=PLANE('',#1007);
#561=FACE_OUTER_BOUND('',#1008,.T.);
#562=PLANE('',#1009);
#563=FACE_OUTER_BOUND('',#1010,.T.);
#564=CYLINDRICAL_SURFACE('',#1011,0.0500000000000001);
#565=FACE_OUTER_BOUND('',#1012,.T.);
#566=PLANE('',#1013);
#567=FACE_OUTER_BOUND('',#1014,.T.);
#568=PLANE('',#1015);
#569=FACE_OUTER_BOUND('',#1016,.T.);
#570=PLANE('',#1017);
#571=FACE_OUTER_BOUND('',#1018,.T.);
#572=PLANE('',#1019);
#573=FACE_OUTER_BOUND('',#1020,.T.);
#574=PLANE('',#1021);
#575=FACE_OUTER_BOUND('',#1022,.T.);
#576=PLANE('',#1023);
#577=FACE_OUTER_BOUND('',#1024,.T.);
#578=PLANE('',#1025);
#579=FACE_OUTER_BOUND('',#1026,.T.);
#580=PLANE('',#1027);
#581=FACE_OUTER_BOUND('',#1028,.T.);
#582=PLANE('',#1029);
#583=FACE_OUTER_BOUND('',#1030,.T.);
#584=PLANE('',#1031);
#585=FACE_OUTER_BOUND('',#1032,.T.);
#586=PLANE('',#1033);
#587=FACE_OUTER_BOUND('',#1034,.T.);
#588=CYLINDRICAL_SURFACE('',#1035,0.0500000000000001);
#589=FACE_OUTER_BOUND('',#1036,.T.);
#590=PLANE('',#1037);
#591=FACE_OUTER_BOUND('',#1038,.T.);
#592=PLANE('',#1039);
#593=FACE_OUTER_BOUND('',#1040,.T.);
#594=PLANE('',#1041);
#595=FACE_OUTER_BOUND('',#1042,.T.);
#596=PLANE('',#1043);
#597=FACE_OUTER_BOUND('',#1044,.T.);
#598=PLANE('',#1045);
#599=FACE_OUTER_BOUND('',#1046,.T.);
#600=PLANE('',#1047);
#601=FACE_OUTER_BOUND('',#1048,.T.);
#602=PLANE('',#1049);
#603=FACE_OUTER_BOUND('',#1050,.T.);
#604=PLANE('',#1051);
#605=FACE_OUTER_BOUND('',#1052,.T.);
#606=PLANE('',#1053);
#607=FACE_OUTER_BOUND('',#1054,.T.);
#608=PLANE('',#1055);
#609=FACE_OUTER_BOUND('',#1056,.T.);
#610=PLANE('',#1057);
#611=FACE_OUTER_BOUND('',#1058,.T.);
#612=CYLINDRICAL_SURFACE('',#1059,0.0500000000000001);
#613=FACE_OUTER_BOUND('',#1060,.T.);
#614=PLANE('',#1061);
#615=FACE_OUTER_BOUND('',#1062,.T.);
#616=PLANE('',#1063);
#617=FACE_OUTER_BOUND('',#1064,.T.);
#618=PLANE('',#1065);
#619=FACE_OUTER_BOUND('',#1066,.T.);
#620=PLANE('',#1067);
#621=FACE_OUTER_BOUND('',#1068,.T.);
#622=PLANE('',#1069);
#623=FACE_OUTER_BOUND('',#1070,.T.);
#624=PLANE('',#1071);
#625=FACE_OUTER_BOUND('',#1072,.T.);
#626=PLANE('',#1073);
#627=FACE_OUTER_BOUND('',#1074,.T.);
#628=PLANE('',#1075);
#629=FACE_OUTER_BOUND('',#1076,.T.);
#630=PLANE('',#1077);
#631=FACE_OUTER_BOUND('',#1078,.T.);
#632=PLANE('',#1079);
#633=FACE_OUTER_BOUND('',#1080,.T.);
#634=PLANE('',#1081);
#635=FACE_OUTER_BOUND('',#1082,.T.);
#636=CYLINDRICAL_SURFACE('',#1083,0.0500000000000001);
#637=FACE_OUTER_BOUND('',#1084,.T.);
#638=PLANE('',#1085);
#639=FACE_OUTER_BOUND('',#1086,.T.);
#640=PLANE('',#1087);
#641=FACE_OUTER_BOUND('',#1088,.T.);
#642=PLANE('',#1089);
#643=FACE_OUTER_BOUND('',#1090,.T.);
#644=PLANE('',#1091);
#645=FACE_OUTER_BOUND('',#1092,.T.);
#646=PLANE('',#1093);
#647=FACE_OUTER_BOUND('',#1094,.T.);
#648=PLANE('',#1095);
#649=FACE_OUTER_BOUND('',#1096,.T.);
#650=PLANE('',#1097);
#651=FACE_OUTER_BOUND('',#1098,.T.);
#652=PLANE('',#1099);
#653=FACE_OUTER_BOUND('',#1100,.T.);
#654=PLANE('',#1101);
#655=FACE_OUTER_BOUND('',#1102,.T.);
#656=PLANE('',#1103);
#657=FACE_OUTER_BOUND('',#1104,.T.);
#658=PLANE('',#1105);
#659=FACE_OUTER_BOUND('',#1106,.T.);
#660=PLANE('',#1107);
#661=FACE_OUTER_BOUND('',#1108,.T.);
#662=PLANE('',#1109);
#663=FACE_OUTER_BOUND('',#1110,.T.);
#664=PLANE('',#1111);
#665=FACE_OUTER_BOUND('',#1112,.T.);
#666=PLANE('',#1113);
#667=FACE_OUTER_BOUND('',#1114,.T.);
#668=PLANE('',#1115);
#669=FACE_OUTER_BOUND('',#1116,.T.);
#670=PLANE('',#1117);
#671=FACE_OUTER_BOUND('',#1118,.T.);
#672=PLANE('',#1119);
#673=FACE_OUTER_BOUND('',#1120,.T.);
#674=PLANE('',#1121);
#675=FACE_OUTER_BOUND('',#1122,.T.);
#676=PLANE('',#1123);
#677=FACE_OUTER_BOUND('',#1124,.T.);
#678=PLANE('',#1125);
#679=FACE_OUTER_BOUND('',#1126,.T.);
#680=PLANE('',#1127);
#681=FACE_OUTER_BOUND('',#1128,.T.);
#682=PLANE('',#1129);
#683=FACE_OUTER_BOUND('',#1130,.T.);
#684=PLANE('',#1131);
#685=FACE_OUTER_BOUND('',#1132,.T.);
#686=PLANE('',#1133);
#687=FACE_OUTER_BOUND('',#1134,.T.);
#688=PLANE('',#1135);
#689=FACE_OUTER_BOUND('',#1136,.T.);
#690=PLANE('',#1137);
#691=FACE_OUTER_BOUND('',#1138,.T.);
#692=PLANE('',#1139);
#693=FACE_OUTER_BOUND('',#1140,.T.);
#694=PLANE('',#1141);
#695=FACE_OUTER_BOUND('',#1142,.T.);
#696=PLANE('',#1143);
#697=FACE_OUTER_BOUND('',#1144,.T.);
#698=PLANE('',#1145);
#699=FACE_OUTER_BOUND('',#1146,.T.);
#700=PLANE('',#1147);
#701=FACE_OUTER_BOUND('',#1148,.T.);
#702=PLANE('',#1149);
#703=FACE_OUTER_BOUND('',#1150,.T.);
#704=PLANE('',#1151);
#705=FACE_OUTER_BOUND('',#1152,.T.);
#706=PLANE('',#1153);
#707=FACE_OUTER_BOUND('',#1154,.T.);
#708=PLANE('',#1155);
#709=FACE_OUTER_BOUND('',#1156,.T.);
#710=PLANE('',#1157);
#711=FACE_OUTER_BOUND('',#1158,.T.);
#712=PLANE('',#1159);
#713=FACE_OUTER_BOUND('',#1160,.T.);
#714=PLANE('',#1161);
#715=FACE_OUTER_BOUND('',#1162,.T.);
#716=PLANE('',#1163);
#717=FACE_OUTER_BOUND('',#1164,.T.);
#718=PLANE('',#1165);
#719=FILL_AREA_STYLE('',(#1166));
#720=EDGE_LOOP('',(#1167,#1168,#1169,#1170));
#721=AXIS2_PLACEMENT_3D('',#1171,#1172,#1173);
#722=EDGE_LOOP('',(#1174,#1175,#1176,#1177));
#723=AXIS2_PLACEMENT_3D('',#1178,#1179,#1180);
#724=EDGE_LOOP('',(#1181,#1182,#1183,#1184));
#725=AXIS2_PLACEMENT_3D('',#1185,#1186,#1187);
#726=EDGE_LOOP('',(#1188,#1189,#1190,#1191));
#727=AXIS2_PLACEMENT_3D('',#1192,#1193,#1194);
#728=EDGE_LOOP('',(#1195,#1196,#1197,#1198,#1199,#1200,#1201,#1202));
#729=EDGE_LOOP('',(#1203,#1204,#1205,#1206,#1207,#1208,#1209,#1210,#1211,#1212,#1213,#1214,#1215,#1216,#1217,#1218));
#730=AXIS2_PLACEMENT_3D('',#1219,#1220,#1221);
#731=EDGE_LOOP('',(#1222,#1223,#1224,#1225,#1226,#1227,#1228,#1229));
#732=AXIS2_PLACEMENT_3D('',#1230,#1231,#1232);
#733=EDGE_LOOP('',(#1233,#1234,#1235,#1236,#1237,#1238,#1239,#1240));
#734=AXIS2_PLACEMENT_3D('',#1241,#1242,#1243);
#735=EDGE_LOOP('',(#1244,#1245,#1246,#1247,#1248,#1249,#1250,#1251,#1252,#1253,#1254,#1255,#1256,#1257,#1258,#1259));
#736=EDGE_LOOP('',(#1260,#1261,#1262,#1263,#1264,#1265,#1266,#1267));
#737=AXIS2_PLACEMENT_3D('',#1268,#1269,#1270);
#738=EDGE_LOOP('',(#1271,#1272,#1273,#1274,#1275,#1276,#1277,#1278,#1279,#1280,#1281,#1282));
#739=AXIS2_PLACEMENT_3D('',#1283,#1284,#1285);
#740=EDGE_LOOP('',(#1286,#1287,#1288,#1289,#1290,#1291,#1292,#1293,#1294,#1295,#1296,#1297));
#741=AXIS2_PLACEMENT_3D('',#1298,#1299,#1300);
#742=EDGE_LOOP('',(#1301,#1302,#1303,#1304,#1305,#1306,#1307,#1308,#1309,#1310));
#743=AXIS2_PLACEMENT_3D('',#1311,#1312,#1313);
#744=EDGE_LOOP('',(#1314,#1315,#1316,#1317,#1318,#1319,#1320,#1321,#1322,#1323));
#745=AXIS2_PLACEMENT_3D('',#1324,#1325,#1326);
#746=EDGE_LOOP('',(#1327,#1328,#1329,#1330,#1331,#1332));
#747=AXIS2_PLACEMENT_3D('',#1333,#1334,#1335);
#748=EDGE_LOOP('',(#1336,#1337,#1338,#1339,#1340,#1341));
#749=AXIS2_PLACEMENT_3D('',#1342,#1343,#1344);
#750=EDGE_LOOP('',(#1345,#1346,#1347,#1348,#1349,#1350,#1351,#1352,#1353,#1354,#1355,#1356,#1357,#1358,#1359));
#751=AXIS2_PLACEMENT_3D('',#1360,#1361,#1362);
#752=EDGE_LOOP('',(#1363,#1364,#1365,#1366,#1367,#1368,#1369,#1370,#1371,#1372,#1373,#1374,#1375,#1376,#1377));
#753=AXIS2_PLACEMENT_3D('',#1378,#1379,#1380);
#754=EDGE_LOOP('',(#1381,#1382,#1383,#1384,#1385,#1386,#1387,#1388,#1389,#1390,#1391,#1392,#1393,#1394,#1395));
#755=AXIS2_PLACEMENT_3D('',#1396,#1397,#1398);
#756=EDGE_LOOP('',(#1399,#1400,#1401,#1402,#1403,#1404,#1405));
#757=AXIS2_PLACEMENT_3D('',#1406,#1407,#1408);
#758=EDGE_LOOP('',(#1409,#1410,#1411,#1412,#1413,#1414,#1415));
#759=AXIS2_PLACEMENT_3D('',#1416,#1417,#1418);
#760=EDGE_LOOP('',(#1419,#1420,#1421,#1422,#1423,#1424,#1425,#1426,#1427,#1428));
#761=AXIS2_PLACEMENT_3D('',#1429,#1430,#1431);
#762=EDGE_LOOP('',(#1432,#1433,#1434,#1435));
#763=AXIS2_PLACEMENT_3D('',#1436,#1437,#1438);
#764=EDGE_LOOP('',(#1439,#1440,#1441,#1442,#1443));
#765=AXIS2_PLACEMENT_3D('',#1444,#1445,#1446);
#766=EDGE_LOOP('',(#1447,#1448,#1449,#1450));
#767=AXIS2_PLACEMENT_3D('',#1451,#1452,#1453);
#768=EDGE_LOOP('',(#1454,#1455,#1456,#1457));
#769=AXIS2_PLACEMENT_3D('',#1458,#1459,#1460);
#770=EDGE_LOOP('',(#1461,#1462,#1463,#1464,#1465));
#771=AXIS2_PLACEMENT_3D('',#1466,#1467,#1468);
#772=EDGE_LOOP('',(#1469,#1470,#1471,#1472,#1473,#1474,#1475,#1476,#1477,#1478));
#773=AXIS2_PLACEMENT_3D('',#1479,#1480,#1481);
#774=EDGE_LOOP('',(#1482,#1483,#1484,#1485,#1486,#1487,#1488,#1489));
#775=AXIS2_PLACEMENT_3D('',#1490,#1491,#1492);
#776=EDGE_LOOP('',(#1493,#1494,#1495,#1496,#1497,#1498,#1499,#1500,#1501,#1502,#1503));
#777=AXIS2_PLACEMENT_3D('',#1504,#1505,#1506);
#778=EDGE_LOOP('',(#1507,#1508,#1509,#1510));
#779=AXIS2_PLACEMENT_3D('',#1511,#1512,#1513);
#780=EDGE_LOOP('',(#1514,#1515,#1516,#1517));
#781=AXIS2_PLACEMENT_3D('',#1518,#1519,#1520);
#782=EDGE_LOOP('',(#1521,#1522,#1523,#1524));
#783=AXIS2_PLACEMENT_3D('',#1525,#1526,#1527);
#784=EDGE_LOOP('',(#1528,#1529,#1530,#1531));
#785=AXIS2_PLACEMENT_3D('',#1532,#1533,#1534);
#786=EDGE_LOOP('',(#1535,#1536,#1537,#1538));
#787=AXIS2_PLACEMENT_3D('',#1539,#1540,#1541);
#788=EDGE_LOOP('',(#1542,#1543,#1544,#1545));
#789=AXIS2_PLACEMENT_3D('',#1546,#1547,#1548);
#790=EDGE_LOOP('',(#1549,#1550,#1551,#1552));
#791=AXIS2_PLACEMENT_3D('',#1553,#1554,#1555);
#792=EDGE_LOOP('',(#1556,#1557,#1558,#1559));
#793=AXIS2_PLACEMENT_3D('',#1560,#1561,#1562);
#794=EDGE_LOOP('',(#1563,#1564,#1565,#1566));
#795=AXIS2_PLACEMENT_3D('',#1567,#1568,#1569);
#796=EDGE_LOOP('',(#1570,#1571,#1572,#1573));
#797=AXIS2_PLACEMENT_3D('',#1574,#1575,#1576);
#798=EDGE_LOOP('',(#1577,#1578,#1579,#1580));
#799=AXIS2_PLACEMENT_3D('',#1581,#1582,#1583);
#800=EDGE_LOOP('',(#1584,#1585,#1586,#1587));
#801=AXIS2_PLACEMENT_3D('',#1588,#1589,#1590);
#802=EDGE_LOOP('',(#1591,#1592,#1593,#1594));
#803=AXIS2_PLACEMENT_3D('',#1595,#1596,#1597);
#804=EDGE_LOOP('',(#1598,#1599,#1600,#1601));
#805=AXIS2_PLACEMENT_3D('',#1602,#1603,#1604);
#806=EDGE_LOOP('',(#1605,#1606,#1607,#1608));
#807=AXIS2_PLACEMENT_3D('',#1609,#1610,#1611);
#808=EDGE_LOOP('',(#1612,#1613,#1614,#1615));
#809=AXIS2_PLACEMENT_3D('',#1616,#1617,#1618);
#810=EDGE_LOOP('',(#1619,#1620,#1621,#1622));
#811=AXIS2_PLACEMENT_3D('',#1623,#1624,#1625);
#812=EDGE_LOOP('',(#1626,#1627,#1628,#1629));
#813=AXIS2_PLACEMENT_3D('',#1630,#1631,#1632);
#814=EDGE_LOOP('',(#1633,#1634,#1635,#1636));
#815=AXIS2_PLACEMENT_3D('',#1637,#1638,#1639);
#816=EDGE_LOOP('',(#1640,#1641,#1642,#1643));
#817=AXIS2_PLACEMENT_3D('',#1644,#1645,#1646);
#818=EDGE_LOOP('',(#1647,#1648,#1649,#1650));
#819=AXIS2_PLACEMENT_3D('',#1651,#1652,#1653);
#820=EDGE_LOOP('',(#1654,#1655,#1656,#1657));
#821=AXIS2_PLACEMENT_3D('',#1658,#1659,#1660);
#822=EDGE_LOOP('',(#1661,#1662,#1663,#1664,#1665,#1666,#1667,#1668,#1669,#1670,#1671,#1672,#1673,#1674,#1675));
#823=AXIS2_PLACEMENT_3D('',#1676,#1677,#1678);
#824=EDGE_LOOP('',(#1679,#1680,#1681,#1682,#1683,#1684,#1685,#1686,#1687,#1688,#1689,#1690,#1691,#1692,#1693,#1694,#1695,#1696,#1697,#1698,#1699,#1700,#1701,#1702));
#825=AXIS2_PLACEMENT_3D('',#1703,#1704,#1705);
#826=EDGE_LOOP('',(#1706,#1707,#1708,#1709));
#827=AXIS2_PLACEMENT_3D('',#1710,#1711,#1712);
#828=EDGE_LOOP('',(#1713,#1714,#1715,#1716));
#829=AXIS2_PLACEMENT_3D('',#1717,#1718,#1719);
#830=EDGE_LOOP('',(#1720,#1721,#1722,#1723,#1724,#1725,#1726,#1727));
#831=AXIS2_PLACEMENT_3D('',#1728,#1729,#1730);
#832=EDGE_LOOP('',(#1731,#1732,#1733,#1734));
#833=AXIS2_PLACEMENT_3D('',#1735,#1736,#1737);
#834=EDGE_LOOP('',(#1738,#1739,#1740,#1741));
#835=AXIS2_PLACEMENT_3D('',#1742,#1743,#1744);
#836=EDGE_LOOP('',(#1745,#1746,#1747,#1748,#1749,#1750));
#837=AXIS2_PLACEMENT_3D('',#1751,#1752,#1753);
#838=EDGE_LOOP('',(#1754,#1755,#1756,#1757,#1758,#1759));
#839=AXIS2_PLACEMENT_3D('',#1760,#1761,#1762);
#840=EDGE_LOOP('',(#1763,#1764,#1765,#1766));
#841=AXIS2_PLACEMENT_3D('',#1767,#1768,#1769);
#842=EDGE_LOOP('',(#1770,#1771,#1772,#1773,#1774,#1775,#1776,#1777,#1778,#1779,#1780,#1781));
#843=AXIS2_PLACEMENT_3D('',#1782,#1783,#1784);
#844=EDGE_LOOP('',(#1785,#1786,#1787,#1788));
#845=AXIS2_PLACEMENT_3D('',#1789,#1790,#1791);
#846=EDGE_LOOP('',(#1792,#1793,#1794,#1795,#1796,#1797));
#847=AXIS2_PLACEMENT_3D('',#1798,#1799,#1800);
#848=EDGE_LOOP('',(#1801,#1802,#1803));
#849=AXIS2_PLACEMENT_3D('',#1804,#1805,#1806);
#850=EDGE_LOOP('',(#1807,#1808,#1809));
#851=AXIS2_PLACEMENT_3D('',#1810,#1811,#1812);
#852=EDGE_LOOP('',(#1813,#1814,#1815,#1816,#1817,#1818));
#853=AXIS2_PLACEMENT_3D('',#1819,#1820,#1821);
#854=EDGE_LOOP('',(#1822,#1823,#1824));
#855=AXIS2_PLACEMENT_3D('',#1825,#1826,#1827);
#856=EDGE_LOOP('',(#1828,#1829,#1830));
#857=AXIS2_PLACEMENT_3D('',#1831,#1832,#1833);
#858=EDGE_LOOP('',(#1834,#1835,#1836,#1837));
#859=AXIS2_PLACEMENT_3D('',#1838,#1839,#1840);
#860=EDGE_LOOP('',(#1841,#1842,#1843,#1844));
#861=AXIS2_PLACEMENT_3D('',#1845,#1846,#1847);
#862=EDGE_LOOP('',(#1848,#1849,#1850,#1851));
#863=AXIS2_PLACEMENT_3D('',#1852,#1853,#1854);
#864=EDGE_LOOP('',(#1855,#1856,#1857,#1858));
#865=AXIS2_PLACEMENT_3D('',#1859,#1860,#1861);
#866=EDGE_LOOP('',(#1862,#1863,#1864,#1865));
#867=AXIS2_PLACEMENT_3D('',#1866,#1867,#1868);
#868=EDGE_LOOP('',(#1869,#1870,#1871,#1872));
#869=AXIS2_PLACEMENT_3D('',#1873,#1874,#1875);
#870=EDGE_LOOP('',(#1876,#1877,#1878,#1879));
#871=AXIS2_PLACEMENT_3D('',#1880,#1881,#1882);
#872=EDGE_LOOP('',(#1883,#1884,#1885,#1886));
#873=AXIS2_PLACEMENT_3D('',#1887,#1888,#1889);
#874=EDGE_LOOP('',(#1890,#1891,#1892,#1893));
#875=AXIS2_PLACEMENT_3D('',#1894,#1895,#1896);
#876=EDGE_LOOP('',(#1897,#1898,#1899,#1900));
#877=AXIS2_PLACEMENT_3D('',#1901,#1902,#1903);
#878=EDGE_LOOP('',(#1904,#1905,#1906,#1907));
#879=AXIS2_PLACEMENT_3D('',#1908,#1909,#1910);
#880=EDGE_LOOP('',(#1911,#1912,#1913,#1914));
#881=AXIS2_PLACEMENT_3D('',#1915,#1916,#1917);
#882=EDGE_LOOP('',(#1918,#1919,#1920,#1921));
#883=AXIS2_PLACEMENT_3D('',#1922,#1923,#1924);
#884=EDGE_LOOP('',(#1925,#1926,#1927,#1928));
#885=AXIS2_PLACEMENT_3D('',#1929,#1930,#1931);
#886=EDGE_LOOP('',(#1932,#1933,#1934,#1935));
#887=AXIS2_PLACEMENT_3D('',#1936,#1937,#1938);
#888=EDGE_LOOP('',(#1939,#1940,#1941,#1942));
#889=AXIS2_PLACEMENT_3D('',#1943,#1944,#1945);
#890=EDGE_LOOP('',(#1946,#1947,#1948,#1949,#1950,#1951,#1952,#1953,#1954,#1955,#1956,#1957));
#891=AXIS2_PLACEMENT_3D('',#1958,#1959,#1960);
#892=EDGE_LOOP('',(#1961,#1962,#1963,#1964,#1965));
#893=AXIS2_PLACEMENT_3D('',#1966,#1967,#1968);
#894=EDGE_LOOP('',(#1969,#1970,#1971,#1972,#1973,#1974,#1975));
#895=AXIS2_PLACEMENT_3D('',#1976,#1977,#1978);
#896=EDGE_LOOP('',(#1979,#1980,#1981,#1982));
#897=AXIS2_PLACEMENT_3D('',#1983,#1984,#1985);
#898=EDGE_LOOP('',(#1986,#1987,#1988,#1989));
#899=AXIS2_PLACEMENT_3D('',#1990,#1991,#1992);
#900=EDGE_LOOP('',(#1993,#1994,#1995,#1996));
#901=AXIS2_PLACEMENT_3D('',#1997,#1998,#1999);
#902=EDGE_LOOP('',(#2000,#2001,#2002,#2003));
#903=AXIS2_PLACEMENT_3D('',#2004,#2005,#2006);
#904=EDGE_LOOP('',(#2007,#2008,#2009,#2010));
#905=AXIS2_PLACEMENT_3D('',#2011,#2012,#2013);
#906=EDGE_LOOP('',(#2014,#2015,#2016,#2017,#2018,#2019,#2020,#2021,#2022));
#907=AXIS2_PLACEMENT_3D('',#2023,#2024,#2025);
#908=EDGE_LOOP('',(#2026,#2027,#2028,#2029,#2030,#2031,#2032,#2033,#2034));
#909=AXIS2_PLACEMENT_3D('',#2035,#2036,#2037);
#910=EDGE_LOOP('',(#2038,#2039,#2040,#2041,#2042,#2043,#2044));
#911=AXIS2_PLACEMENT_3D('',#2045,#2046,#2047);
#912=EDGE_LOOP('',(#2048,#2049,#2050,#2051,#2052,#2053,#2054,#2055,#2056,#2057,#2058,#2059,#2060,#2061));
#913=AXIS2_PLACEMENT_3D('',#2062,#2063,#2064);
#914=EDGE_LOOP('',(#2065,#2066,#2067,#2068,#2069,#2070));
#915=AXIS2_PLACEMENT_3D('',#2071,#2072,#2073);
#916=EDGE_LOOP('',(#2074,#2075,#2076,#2077,#2078,#2079,#2080,#2081,#2082,#2083,#2084,#2085,#2086,#2087));
#917=AXIS2_PLACEMENT_3D('',#2088,#2089,#2090);
#918=EDGE_LOOP('',(#2091,#2092,#2093,#2094,#2095,#2096,#2097,#2098,#2099,#2100));
#919=AXIS2_PLACEMENT_3D('',#2101,#2102,#2103);
#920=EDGE_LOOP('',(#2104,#2105,#2106,#2107,#2108,#2109,#2110,#2111,#2112,#2113));
#921=AXIS2_PLACEMENT_3D('',#2114,#2115,#2116);
#922=EDGE_LOOP('',(#2117,#2118,#2119,#2120,#2121,#2122));
#923=AXIS2_PLACEMENT_3D('',#2123,#2124,#2125);
#924=EDGE_LOOP('',(#2126,#2127,#2128,#2129,#2130,#2131));
#925=AXIS2_PLACEMENT_3D('',#2132,#2133,#2134);
#926=EDGE_LOOP('',(#2135,#2136,#2137,#2138));
#927=AXIS2_PLACEMENT_3D('',#2139,#2140,#2141);
#928=EDGE_LOOP('',(#2142,#2143,#2144,#2145));
#929=AXIS2_PLACEMENT_3D('',#2146,#2147,#2148);
#930=EDGE_LOOP('',(#2149,#2150,#2151,#2152));
#931=AXIS2_PLACEMENT_3D('',#2153,#2154,#2155);
#932=EDGE_LOOP('',(#2156,#2157,#2158,#2159));
#933=AXIS2_PLACEMENT_3D('',#2160,#2161,#2162);
#934=EDGE_LOOP('',(#2163,#2164,#2165,#2166,#2167,#2168,#2169,#2170,#2171,#2172,#2173,#2174,#2175,#2176,#2177,#2178,#2179,#2180,#2181,#2182,#2183,#2184,#2185,#2186,#2187,#2188,#2189,#2190,#2191,#2192,#2193,#2194));
#935=AXIS2_PLACEMENT_3D('',#2195,#2196,#2197);
#936=EDGE_LOOP('',(#2198,#2199,#2200,#2201,#2202,#2203,#2204,#2205,#2206,#2207,#2208,#2209,#2210,#2211,#2212,#2213,#2214,#2215,#2216,#2217,#2218,#2219,#2220,#2221,#2222,#2223,#2224,#2225,#2226,#2227,#2228,#2229,#2230,#2231,#2232,#2233,#2234,#2235,#2236,#2237,#2238,#2239,#2240,#2241,#2242,#2243,#2244,#2245,#2246,#2247,#2248,#2249));
#937=AXIS2_PLACEMENT_3D('',#2250,#2251,#2252);
#938=EDGE_LOOP('',(#2253,#2254,#2255,#2256,#2257,#2258,#2259,#2260,#2261,#2262,#2263,#2264,#2265,#2266,#2267,#2268,#2269,#2270));
#939=AXIS2_PLACEMENT_3D('',#2271,#2272,#2273);
#940=EDGE_LOOP('',(#2274,#2275,#2276,#2277));
#941=AXIS2_PLACEMENT_3D('',#2278,#2279,#2280);
#942=EDGE_LOOP('',(#2281,#2282,#2283,#2284));
#943=AXIS2_PLACEMENT_3D('',#2285,#2286,#2287);
#944=EDGE_LOOP('',(#2288,#2289,#2290,#2291,#2292));
#945=AXIS2_PLACEMENT_3D('',#2293,#2294,#2295);
#946=EDGE_LOOP('',(#2296,#2297,#2298,#2299));
#947=AXIS2_PLACEMENT_3D('',#2300,#2301,#2302);
#948=EDGE_LOOP('',(#2303,#2304,#2305,#2306));
#949=AXIS2_PLACEMENT_3D('',#2307,#2308,#2309);
#950=EDGE_LOOP('',(#2310,#2311,#2312,#2313));
#951=AXIS2_PLACEMENT_3D('',#2314,#2315,#2316);
#952=EDGE_LOOP('',(#2317,#2318,#2319,#2320));
#953=AXIS2_PLACEMENT_3D('',#2321,#2322,#2323);
#954=EDGE_LOOP('',(#2324,#2325,#2326,#2327));
#955=AXIS2_PLACEMENT_3D('',#2328,#2329,#2330);
#956=EDGE_LOOP('',(#2331,#2332,#2333,#2334));
#957=AXIS2_PLACEMENT_3D('',#2335,#2336,#2337);
#958=EDGE_LOOP('',(#2338,#2339,#2340,#2341));
#959=AXIS2_PLACEMENT_3D('',#2342,#2343,#2344);
#960=EDGE_LOOP('',(#2345,#2346,#2347,#2348));
#961=EDGE_LOOP('',(#2349,#2350,#2351,#2352));
#962=EDGE_LOOP('',(#2353,#2354,#2355,#2356));
#963=EDGE_LOOP('',(#2357,#2358,#2359,#2360));
#964=EDGE_LOOP('',(#2361,#2362,#2363,#2364,#2365,#2366,#2367,#2368));
#965=AXIS2_PLACEMENT_3D('',#2369,#2370,#2371);
#966=EDGE_LOOP('',(#2372,#2373,#2374,#2375,#2376,#2377,#2378,#2379,#2380,#2381,#2382,#2383,#2384,#2385,#2386,#2387,#2388,#2389,#2390,#2391,#2392,#2393,#2394,#2395));
#967=AXIS2_PLACEMENT_3D('',#2396,#2397,#2398);
#968=EDGE_LOOP('',(#2399,#2400,#2401,#2402));
#969=AXIS2_PLACEMENT_3D('',#2403,#2404,#2405);
#970=EDGE_LOOP('',(#2406,#2407,#2408,#2409));
#971=AXIS2_PLACEMENT_3D('',#2410,#2411,#2412);
#972=EDGE_LOOP('',(#2413,#2414,#2415,#2416,#2417,#2418,#2419,#2420,#2421));
#973=AXIS2_PLACEMENT_3D('',#2422,#2423,#2424);
#974=EDGE_LOOP('',(#2425,#2426,#2427,#2428,#2429,#2430,#2431,#2432,#2433));
#975=AXIS2_PLACEMENT_3D('',#2434,#2435,#2436);
#976=EDGE_LOOP('',(#2437,#2438,#2439,#2440));
#977=AXIS2_PLACEMENT_3D('',#2441,#2442,#2443);
#978=EDGE_LOOP('',(#2444,#2445,#2446,#2447,#2448,#2449,#2450,#2451));
#979=AXIS2_PLACEMENT_3D('',#2452,#2453,#2454);
#980=EDGE_LOOP('',(#2455,#2456,#2457,#2458));
#981=AXIS2_PLACEMENT_3D('',#2459,#2460,#2461);
#982=EDGE_LOOP('',(#2462,#2463,#2464,#2465,#2466,#2467,#2468,#2469));
#983=AXIS2_PLACEMENT_3D('',#2470,#2471,#2472);
#984=EDGE_LOOP('',(#2473,#2474,#2475,#2476,#2477,#2478,#2479,#2480));
#985=AXIS2_PLACEMENT_3D('',#2481,#2482,#2483);
#986=EDGE_LOOP('',(#2484,#2485,#2486,#2487,#2488,#2489,#2490,#2491));
#987=AXIS2_PLACEMENT_3D('',#2492,#2493,#2494);
#988=EDGE_LOOP('',(#2495,#2496,#2497,#2498));
#989=AXIS2_PLACEMENT_3D('',#2499,#2500,#2501);
#990=EDGE_LOOP('',(#2502,#2503,#2504,#2505,#2506,#2507,#2508,#2509,#2510,#2511,#2512,#2513,#2514,#2515));
#991=AXIS2_PLACEMENT_3D('',#2516,#2517,#2518);
#992=EDGE_LOOP('',(#2519,#2520,#2521,#2522,#2523,#2524));
#993=AXIS2_PLACEMENT_3D('',#2525,#2526,#2527);
#994=EDGE_LOOP('',(#2528,#2529,#2530,#2531));
#995=AXIS2_PLACEMENT_3D('',#2532,#2533,#2534);
#996=EDGE_LOOP('',(#2535,#2536,#2537,#2538,#2539,#2540,#2541,#2542,#2543,#2544,#2545,#2546,#2547,#2548));
#997=AXIS2_PLACEMENT_3D('',#2549,#2550,#2551);
#998=EDGE_LOOP('',(#2552,#2553,#2554,#2555));
#999=AXIS2_PLACEMENT_3D('',#2556,#2557,#2558);
#1000=EDGE_LOOP('',(#2559,#2560,#2561,#2562));
#1001=AXIS2_PLACEMENT_3D('',#2563,#2564,#2565);
#1002=EDGE_LOOP('',(#2566,#2567,#2568,#2569));
#1003=AXIS2_PLACEMENT_3D('',#2570,#2571,#2572);
#1004=EDGE_LOOP('',(#2573,#2574,#2575,#2576));
#1005=AXIS2_PLACEMENT_3D('',#2577,#2578,#2579);
#1006=EDGE_LOOP('',(#2580,#2581,#2582,#2583));
#1007=AXIS2_PLACEMENT_3D('',#2584,#2585,#2586);
#1008=EDGE_LOOP('',(#2587,#2588,#2589,#2590));
#1009=AXIS2_PLACEMENT_3D('',#2591,#2592,#2593);
#1010=EDGE_LOOP('',(#2594,#2595,#2596,#2597));
#1011=AXIS2_PLACEMENT_3D('',#2598,#2599,#2600);
#1012=EDGE_LOOP('',(#2601,#2602,#2603,#2604));
#1013=AXIS2_PLACEMENT_3D('',#2605,#2606,#2607);
#1014=EDGE_LOOP('',(#2608,#2609,#2610,#2611,#2612,#2613));
#1015=AXIS2_PLACEMENT_3D('',#2614,#2615,#2616);
#1016=EDGE_LOOP('',(#2617,#2618,#2619,#2620,#2621,#2622));
#1017=AXIS2_PLACEMENT_3D('',#2623,#2624,#2625);
#1018=EDGE_LOOP('',(#2626,#2627,#2628,#2629));
#1019=AXIS2_PLACEMENT_3D('',#2630,#2631,#2632);
#1020=EDGE_LOOP('',(#2633,#2634,#2635,#2636));
#1021=AXIS2_PLACEMENT_3D('',#2637,#2638,#2639);
#1022=EDGE_LOOP('',(#2640,#2641,#2642,#2643,#2644,#2645));
#1023=AXIS2_PLACEMENT_3D('',#2646,#2647,#2648);
#1024=EDGE_LOOP('',(#2649,#2650,#2651,#2652,#2653,#2654));
#1025=AXIS2_PLACEMENT_3D('',#2655,#2656,#2657);
#1026=EDGE_LOOP('',(#2658,#2659,#2660,#2661));
#1027=AXIS2_PLACEMENT_3D('',#2662,#2663,#2664);
#1028=EDGE_LOOP('',(#2665,#2666,#2667,#2668));
#1029=AXIS2_PLACEMENT_3D('',#2669,#2670,#2671);
#1030=EDGE_LOOP('',(#2672,#2673,#2674,#2675));
#1031=AXIS2_PLACEMENT_3D('',#2676,#2677,#2678);
#1032=EDGE_LOOP('',(#2679,#2680,#2681,#2682));
#1033=AXIS2_PLACEMENT_3D('',#2683,#2684,#2685);
#1034=EDGE_LOOP('',(#2686,#2687,#2688,#2689));
#1035=AXIS2_PLACEMENT_3D('',#2690,#2691,#2692);
#1036=EDGE_LOOP('',(#2693,#2694,#2695,#2696));
#1037=AXIS2_PLACEMENT_3D('',#2697,#2698,#2699);
#1038=EDGE_LOOP('',(#2700,#2701,#2702,#2703,#2704,#2705));
#1039=AXIS2_PLACEMENT_3D('',#2706,#2707,#2708);
#1040=EDGE_LOOP('',(#2709,#2710,#2711,#2712,#2713,#2714));
#1041=AXIS2_PLACEMENT_3D('',#2715,#2716,#2717);
#1042=EDGE_LOOP('',(#2718,#2719,#2720,#2721));
#1043=AXIS2_PLACEMENT_3D('',#2722,#2723,#2724);
#1044=EDGE_LOOP('',(#2725,#2726,#2727,#2728));
#1045=AXIS2_PLACEMENT_3D('',#2729,#2730,#2731);
#1046=EDGE_LOOP('',(#2732,#2733,#2734,#2735,#2736,#2737));
#1047=AXIS2_PLACEMENT_3D('',#2738,#2739,#2740);
#1048=EDGE_LOOP('',(#2741,#2742,#2743,#2744,#2745,#2746));
#1049=AXIS2_PLACEMENT_3D('',#2747,#2748,#2749);
#1050=EDGE_LOOP('',(#2750,#2751,#2752,#2753));
#1051=AXIS2_PLACEMENT_3D('',#2754,#2755,#2756);
#1052=EDGE_LOOP('',(#2757,#2758,#2759,#2760));
#1053=AXIS2_PLACEMENT_3D('',#2761,#2762,#2763);
#1054=EDGE_LOOP('',(#2764,#2765,#2766,#2767));
#1055=AXIS2_PLACEMENT_3D('',#2768,#2769,#2770);
#1056=EDGE_LOOP('',(#2771,#2772,#2773,#2774));
#1057=AXIS2_PLACEMENT_3D('',#2775,#2776,#2777);
#1058=EDGE_LOOP('',(#2778,#2779,#2780,#2781));
#1059=AXIS2_PLACEMENT_3D('',#2782,#2783,#2784);
#1060=EDGE_LOOP('',(#2785,#2786,#2787,#2788));
#1061=AXIS2_PLACEMENT_3D('',#2789,#2790,#2791);
#1062=EDGE_LOOP('',(#2792,#2793,#2794,#2795,#2796,#2797));
#1063=AXIS2_PLACEMENT_3D('',#2798,#2799,#2800);
#1064=EDGE_LOOP('',(#2801,#2802,#2803,#2804,#2805,#2806));
#1065=AXIS2_PLACEMENT_3D('',#2807,#2808,#2809);
#1066=EDGE_LOOP('',(#2810,#2811,#2812,#2813));
#1067=AXIS2_PLACEMENT_3D('',#2814,#2815,#2816);
#1068=EDGE_LOOP('',(#2817,#2818,#2819,#2820));
#1069=AXIS2_PLACEMENT_3D('',#2821,#2822,#2823);
#1070=EDGE_LOOP('',(#2824,#2825,#2826,#2827,#2828,#2829));
#1071=AXIS2_PLACEMENT_3D('',#2830,#2831,#2832);
#1072=EDGE_LOOP('',(#2833,#2834,#2835,#2836,#2837,#2838));
#1073=AXIS2_PLACEMENT_3D('',#2839,#2840,#2841);
#1074=EDGE_LOOP('',(#2842,#2843,#2844,#2845));
#1075=AXIS2_PLACEMENT_3D('',#2846,#2847,#2848);
#1076=EDGE_LOOP('',(#2849,#2850,#2851,#2852));
#1077=AXIS2_PLACEMENT_3D('',#2853,#2854,#2855);
#1078=EDGE_LOOP('',(#2856,#2857,#2858,#2859));
#1079=AXIS2_PLACEMENT_3D('',#2860,#2861,#2862);
#1080=EDGE_LOOP('',(#2863,#2864,#2865,#2866));
#1081=AXIS2_PLACEMENT_3D('',#2867,#2868,#2869);
#1082=EDGE_LOOP('',(#2870,#2871,#2872,#2873));
#1083=AXIS2_PLACEMENT_3D('',#2874,#2875,#2876);
#1084=EDGE_LOOP('',(#2877,#2878,#2879,#2880));
#1085=AXIS2_PLACEMENT_3D('',#2881,#2882,#2883);
#1086=EDGE_LOOP('',(#2884,#2885,#2886,#2887,#2888,#2889));
#1087=AXIS2_PLACEMENT_3D('',#2890,#2891,#2892);
#1088=EDGE_LOOP('',(#2893,#2894,#2895,#2896,#2897,#2898));
#1089=AXIS2_PLACEMENT_3D('',#2899,#2900,#2901);
#1090=EDGE_LOOP('',(#2902,#2903,#2904,#2905));
#1091=AXIS2_PLACEMENT_3D('',#2906,#2907,#2908);
#1092=EDGE_LOOP('',(#2909,#2910,#2911,#2912));
#1093=AXIS2_PLACEMENT_3D('',#2913,#2914,#2915);
#1094=EDGE_LOOP('',(#2916,#2917,#2918,#2919,#2920,#2921));
#1095=AXIS2_PLACEMENT_3D('',#2922,#2923,#2924);
#1096=EDGE_LOOP('',(#2925,#2926,#2927,#2928,#2929,#2930));
#1097=AXIS2_PLACEMENT_3D('',#2931,#2932,#2933);
#1098=EDGE_LOOP('',(#2934,#2935,#2936,#2937));
#1099=AXIS2_PLACEMENT_3D('',#2938,#2939,#2940);
#1100=EDGE_LOOP('',(#2941,#2942,#2943,#2944));
#1101=AXIS2_PLACEMENT_3D('',#2945,#2946,#2947);
#1102=EDGE_LOOP('',(#2948,#2949,#2950,#2951));
#1103=AXIS2_PLACEMENT_3D('',#2952,#2953,#2954);
#1104=EDGE_LOOP('',(#2955,#2956,#2957,#2958));
#1105=AXIS2_PLACEMENT_3D('',#2959,#2960,#2961);
#1106=EDGE_LOOP('',(#2962,#2963,#2964,#2965,#2966,#2967,#2968,#2969,#2970,#2971,#2972,#2973,#2974,#2975,#2976,#2977));
#1107=AXIS2_PLACEMENT_3D('',#2978,#2979,#2980);
#1108=EDGE_LOOP('',(#2981,#2982,#2983,#2984,#2985,#2986,#2987,#2988,#2989,#2990,#2991,#2992,#2993,#2994,#2995,#2996));
#1109=AXIS2_PLACEMENT_3D('',#2997,#2998,#2999);
#1110=EDGE_LOOP('',(#3000,#3001,#3002,#3003));
#1111=AXIS2_PLACEMENT_3D('',#3004,#3005,#3006);
#1112=EDGE_LOOP('',(#3007,#3008,#3009,#3010));
#1113=AXIS2_PLACEMENT_3D('',#3011,#3012,#3013);
#1114=EDGE_LOOP('',(#3014,#3015,#3016,#3017));
#1115=AXIS2_PLACEMENT_3D('',#3018,#3019,#3020);
#1116=EDGE_LOOP('',(#3021,#3022,#3023,#3024));
#1117=AXIS2_PLACEMENT_3D('',#3025,#3026,#3027);
#1118=EDGE_LOOP('',(#3028,#3029,#3030,#3031));
#1119=AXIS2_PLACEMENT_3D('',#3032,#3033,#3034);
#1120=EDGE_LOOP('',(#3035,#3036,#3037,#3038));
#1121=AXIS2_PLACEMENT_3D('',#3039,#3040,#3041);
#1122=EDGE_LOOP('',(#3042,#3043,#3044,#3045));
#1123=AXIS2_PLACEMENT_3D('',#3046,#3047,#3048);
#1124=EDGE_LOOP('',(#3049,#3050,#3051,#3052));
#1125=AXIS2_PLACEMENT_3D('',#3053,#3054,#3055);
#1126=EDGE_LOOP('',(#3056,#3057,#3058,#3059));
#1127=AXIS2_PLACEMENT_3D('',#3060,#3061,#3062);
#1128=EDGE_LOOP('',(#3063,#3064,#3065,#3066));
#1129=AXIS2_PLACEMENT_3D('',#3067,#3068,#3069);
#1130=EDGE_LOOP('',(#3070,#3071,#3072,#3073));
#1131=AXIS2_PLACEMENT_3D('',#3074,#3075,#3076);
#1132=EDGE_LOOP('',(#3077,#3078,#3079,#3080));
#1133=AXIS2_PLACEMENT_3D('',#3081,#3082,#3083);
#1134=EDGE_LOOP('',(#3084,#3085,#3086,#3087));
#1135=AXIS2_PLACEMENT_3D('',#3088,#3089,#3090);
#1136=EDGE_LOOP('',(#3091,#3092,#3093,#3094));
#1137=AXIS2_PLACEMENT_3D('',#3095,#3096,#3097);
#1138=EDGE_LOOP('',(#3098,#3099,#3100,#3101));
#1139=AXIS2_PLACEMENT_3D('',#3102,#3103,#3104);
#1140=EDGE_LOOP('',(#3105,#3106,#3107,#3108));
#1141=AXIS2_PLACEMENT_3D('',#3109,#3110,#3111);
#1142=EDGE_LOOP('',(#3112,#3113,#3114,#3115));
#1143=AXIS2_PLACEMENT_3D('',#3116,#3117,#3118);
#1144=EDGE_LOOP('',(#3119,#3120,#3121,#3122));
#1145=AXIS2_PLACEMENT_3D('',#3123,#3124,#3125);
#1146=EDGE_LOOP('',(#3126,#3127,#3128,#3129));
#1147=AXIS2_PLACEMENT_3D('',#3130,#3131,#3132);
#1148=EDGE_LOOP('',(#3133,#3134,#3135,#3136));
#1149=AXIS2_PLACEMENT_3D('',#3137,#3138,#3139);
#1150=EDGE_LOOP('',(#3140,#3141,#3142,#3143));
#1151=AXIS2_PLACEMENT_3D('',#3144,#3145,#3146);
#1152=EDGE_LOOP('',(#3147,#3148,#3149,#3150));
#1153=AXIS2_PLACEMENT_3D('',#3151,#3152,#3153);
#1154=EDGE_LOOP('',(#3154,#3155,#3156,#3157));
#1155=AXIS2_PLACEMENT_3D('',#3158,#3159,#3160);
#1156=EDGE_LOOP('',(#3161,#3162,#3163,#3164));
#1157=AXIS2_PLACEMENT_3D('',#3165,#3166,#3167);
#1158=EDGE_LOOP('',(#3168,#3169,#3170,#3171));
#1159=AXIS2_PLACEMENT_3D('',#3172,#3173,#3174);
#1160=EDGE_LOOP('',(#3175,#3176,#3177,#3178));
#1161=AXIS2_PLACEMENT_3D('',#3179,#3180,#3181);
#1162=EDGE_LOOP('',(#3182,#3183,#3184,#3185));
#1163=AXIS2_PLACEMENT_3D('',#3186,#3187,#3188);
#1164=EDGE_LOOP('',(#3189,#3190,#3191));
#1165=AXIS2_PLACEMENT_3D('',#3192,#3193,#3194);
#1166=FILL_AREA_STYLE_COLOUR('',#3195);
#1167=ORIENTED_EDGE('',*,*,#3196,.F.);
#1168=ORIENTED_EDGE('',*,*,#3197,.F.);
#1169=ORIENTED_EDGE('',*,*,#3198,.T.);
#1170=ORIENTED_EDGE('',*,*,#3199,.T.);
#1171=CARTESIAN_POINT('',(-0.65,0.399999999999999,1.2000539022124));
#1172=DIRECTION('',(1.0,-0.0,0.0));
#1173=DIRECTION('',(0.0,0.0,1.0));
#1174=ORIENTED_EDGE('',*,*,#3200,.F.);
#1175=ORIENTED_EDGE('',*,*,#3201,.F.);
#1176=ORIENTED_EDGE('',*,*,#3202,.T.);
#1177=ORIENTED_EDGE('',*,*,#3203,.T.);
#1178=CARTESIAN_POINT('',(-0.15,0.399999999999999,1.2000539022124));
#1179=DIRECTION('',(1.0,-0.0,0.0));
#1180=DIRECTION('',(0.0,0.0,1.0));
#1181=ORIENTED_EDGE('',*,*,#3204,.F.);
#1182=ORIENTED_EDGE('',*,*,#3205,.F.);
#1183=ORIENTED_EDGE('',*,*,#3206,.T.);
#1184=ORIENTED_EDGE('',*,*,#3207,.T.);
#1185=CARTESIAN_POINT('',(0.35,0.399999999999999,1.2000539022124));
#1186=DIRECTION('',(1.0,-0.0,0.0));
#1187=DIRECTION('',(0.0,0.0,1.0));
#1188=ORIENTED_EDGE('',*,*,#3208,.F.);
#1189=ORIENTED_EDGE('',*,*,#3209,.F.);
#1190=ORIENTED_EDGE('',*,*,#3210,.T.);
#1191=ORIENTED_EDGE('',*,*,#3211,.T.);
#1192=CARTESIAN_POINT('',(0.85,0.399999999999999,1.2000539022124));
#1193=DIRECTION('',(1.0,-0.0,0.0));
#1194=DIRECTION('',(0.0,0.0,1.0));
#1195=ORIENTED_EDGE('',*,*,#3212,.F.);
#1196=ORIENTED_EDGE('',*,*,#3213,.T.);
#1197=ORIENTED_EDGE('',*,*,#3214,.T.);
#1198=ORIENTED_EDGE('',*,*,#3215,.T.);
#1199=ORIENTED_EDGE('',*,*,#3216,.T.);
#1200=ORIENTED_EDGE('',*,*,#3217,.T.);
#1201=ORIENTED_EDGE('',*,*,#3218,.T.);
#1202=ORIENTED_EDGE('',*,*,#3219,.T.);
#1203=ORIENTED_EDGE('',*,*,#3220,.F.);
#1204=ORIENTED_EDGE('',*,*,#3221,.T.);
#1205=ORIENTED_EDGE('',*,*,#3222,.T.);
#1206=ORIENTED_EDGE('',*,*,#3223,.T.);
#1207=ORIENTED_EDGE('',*,*,#3224,.T.);
#1208=ORIENTED_EDGE('',*,*,#3225,.F.);
#1209=ORIENTED_EDGE('',*,*,#3226,.F.);
#1210=ORIENTED_EDGE('',*,*,#3227,.T.);
#1211=ORIENTED_EDGE('',*,*,#3228,.F.);
#1212=ORIENTED_EDGE('',*,*,#3229,.F.);
#1213=ORIENTED_EDGE('',*,*,#3230,.F.);
#1214=ORIENTED_EDGE('',*,*,#3231,.T.);
#1215=ORIENTED_EDGE('',*,*,#3232,.T.);
#1216=ORIENTED_EDGE('',*,*,#3233,.F.);
#1217=ORIENTED_EDGE('',*,*,#3234,.F.);
#1218=ORIENTED_EDGE('',*,*,#3235,.T.);
#1219=CARTESIAN_POINT('',(0.0,0.0,0.0));
#1220=DIRECTION('',(0.0,-1.0,0.0));
#1221=DIRECTION('',(0.0,0.0,-1.0));
#1222=ORIENTED_EDGE('',*,*,#3236,.T.);
#1223=ORIENTED_EDGE('',*,*,#3237,.T.);
#1224=ORIENTED_EDGE('',*,*,#3238,.T.);
#1225=ORIENTED_EDGE('',*,*,#3239,.T.);
#1226=ORIENTED_EDGE('',*,*,#3240,.F.);
#1227=ORIENTED_EDGE('',*,*,#3241,.T.);
#1228=ORIENTED_EDGE('',*,*,#3242,.T.);
#1229=ORIENTED_EDGE('',*,*,#3243,.T.);
#1230=CARTESIAN_POINT('',(0.0,0.0,0.0));
#1231=DIRECTION('',(0.0,-1.0,0.0));
#1232=DIRECTION('',(0.0,0.0,-1.0));
#1233=ORIENTED_EDGE('',*,*,#3244,.T.);
#1234=ORIENTED_EDGE('',*,*,#3245,.T.);
#1235=ORIENTED_EDGE('',*,*,#3246,.T.);
#1236=ORIENTED_EDGE('',*,*,#3247,.T.);
#1237=ORIENTED_EDGE('',*,*,#3248,.F.);
#1238=ORIENTED_EDGE('',*,*,#3249,.T.);
#1239=ORIENTED_EDGE('',*,*,#3250,.T.);
#1240=ORIENTED_EDGE('',*,*,#3251,.T.);
#1241=CARTESIAN_POINT('',(0.0,0.0,0.0));
#1242=DIRECTION('',(0.0,-1.0,0.0));
#1243=DIRECTION('',(0.0,0.0,-1.0));
#1244=ORIENTED_EDGE('',*,*,#3252,.T.);
#1245=ORIENTED_EDGE('',*,*,#3253,.T.);
#1246=ORIENTED_EDGE('',*,*,#3254,.T.);
#1247=ORIENTED_EDGE('',*,*,#3255,.F.);
#1248=ORIENTED_EDGE('',*,*,#3256,.F.);
#1249=ORIENTED_EDGE('',*,*,#3257,.F.);
#1250=ORIENTED_EDGE('',*,*,#3258,.T.);
#1251=ORIENTED_EDGE('',*,*,#3259,.F.);
#1252=ORIENTED_EDGE('',*,*,#3260,.F.);
#1253=ORIENTED_EDGE('',*,*,#3261,.T.);
#1254=ORIENTED_EDGE('',*,*,#3262,.T.);
#1255=ORIENTED_EDGE('',*,*,#3263,.F.);
#1256=ORIENTED_EDGE('',*,*,#3264,.F.);
#1257=ORIENTED_EDGE('',*,*,#3265,.T.);
#1258=ORIENTED_EDGE('',*,*,#3266,.T.);
#1259=ORIENTED_EDGE('',*,*,#3267,.T.);
#1260=ORIENTED_EDGE('',*,*,#3268,.F.);
#1261=ORIENTED_EDGE('',*,*,#3269,.T.);
#1262=ORIENTED_EDGE('',*,*,#3270,.T.);
#1263=ORIENTED_EDGE('',*,*,#3271,.T.);
#1264=ORIENTED_EDGE('',*,*,#3272,.F.);
#1265=ORIENTED_EDGE('',*,*,#3273,.T.);
#1266=ORIENTED_EDGE('',*,*,#3274,.T.);
#1267=ORIENTED_EDGE('',*,*,#3275,.F.);
#1268=CARTESIAN_POINT('',(0.0,0.0,0.0));
#1269=DIRECTION('',(0.0,-1.0,0.0));
#1270=DIRECTION('',(0.0,0.0,-1.0));
#1271=ORIENTED_EDGE('',*,*,#3276,.F.);
#1272=ORIENTED_EDGE('',*,*,#3277,.T.);
#1273=ORIENTED_EDGE('',*,*,#3278,.F.);
#1274=ORIENTED_EDGE('',*,*,#3279,.F.);
#1275=ORIENTED_EDGE('',*,*,#3280,.T.);
#1276=ORIENTED_EDGE('',*,*,#3281,.T.);
#1277=ORIENTED_EDGE('',*,*,#3238,.F.);
#1278=ORIENTED_EDGE('',*,*,#3282,.T.);
#1279=ORIENTED_EDGE('',*,*,#3283,.F.);
#1280=ORIENTED_EDGE('',*,*,#3284,.F.);
#1281=ORIENTED_EDGE('',*,*,#3285,.F.);
#1282=ORIENTED_EDGE('',*,*,#3286,.T.);
#1283=CARTESIAN_POINT('',(1.95,1.9,0.755));
#1284=DIRECTION('',(-1.0,-6.67201336914157E-16,0.0));
#1285=DIRECTION('',(-6.67201336914157E-16,1.0,0.0));
#1286=ORIENTED_EDGE('',*,*,#3287,.F.);
#1287=ORIENTED_EDGE('',*,*,#3288,.T.);
#1288=ORIENTED_EDGE('',*,*,#3289,.F.);
#1289=ORIENTED_EDGE('',*,*,#3290,.T.);
#1290=ORIENTED_EDGE('',*,*,#3291,.T.);
#1291=ORIENTED_EDGE('',*,*,#3292,.F.);
#1292=ORIENTED_EDGE('',*,*,#3293,.F.);
#1293=ORIENTED_EDGE('',*,*,#3294,.T.);
#1294=ORIENTED_EDGE('',*,*,#3244,.F.);
#1295=ORIENTED_EDGE('',*,*,#3295,.T.);
#1296=ORIENTED_EDGE('',*,*,#3296,.T.);
#1297=ORIENTED_EDGE('',*,*,#3297,.F.);
#1298=CARTESIAN_POINT('',(-1.95,0.6,0.755));
#1299=DIRECTION('',(1.0,-6.67201336914157E-16,0.0));
#1300=DIRECTION('',(-6.67201336914157E-16,-1.0,0.0));
#1301=ORIENTED_EDGE('',*,*,#3289,.T.);
#1302=ORIENTED_EDGE('',*,*,#3298,.T.);
#1303=ORIENTED_EDGE('',*,*,#3299,.F.);
#1304=ORIENTED_EDGE('',*,*,#3300,.F.);
#1305=ORIENTED_EDGE('',*,*,#3297,.T.);
#1306=ORIENTED_EDGE('',*,*,#3301,.F.);
#1307=ORIENTED_EDGE('',*,*,#3302,.F.);
#1308=ORIENTED_EDGE('',*,*,#3260,.T.);
#1309=ORIENTED_EDGE('',*,*,#3303,.F.);
#1310=ORIENTED_EDGE('',*,*,#3304,.F.);
#1311=CARTESIAN_POINT('',(-2.45,0.0,0.676410302764679));
#1312=DIRECTION('',(0.0,0.0436193873653361,-0.999048221581858));
#1313=DIRECTION('',(-1.0,0.0,0.0));
#1314=ORIENTED_EDGE('',*,*,#3305,.F.);
#1315=ORIENTED_EDGE('',*,*,#3276,.T.);
#1316=ORIENTED_EDGE('',*,*,#3306,.F.);
#1317=ORIENTED_EDGE('',*,*,#3307,.T.);
#1318=ORIENTED_EDGE('',*,*,#3229,.T.);
#1319=ORIENTED_EDGE('',*,*,#3308,.F.);
#1320=ORIENTED_EDGE('',*,*,#3309,.T.);
#1321=ORIENTED_EDGE('',*,*,#3279,.T.);
#1322=ORIENTED_EDGE('',*,*,#3310,.T.);
#1323=ORIENTED_EDGE('',*,*,#3311,.T.);
#1324=CARTESIAN_POINT('',(2.45,0.0,0.676410302764679));
#1325=DIRECTION('',(0.0,-0.0436193873653361,0.999048221581858));
#1326=DIRECTION('',(-1.0,0.0,0.0));
#1327=ORIENTED_EDGE('',*,*,#3312,.T.);
#1328=ORIENTED_EDGE('',*,*,#3308,.T.);
#1329=ORIENTED_EDGE('',*,*,#3228,.T.);
#1330=ORIENTED_EDGE('',*,*,#3313,.T.);
#1331=ORIENTED_EDGE('',*,*,#3314,.T.);
#1332=ORIENTED_EDGE('',*,*,#3315,.F.);
#1333=CARTESIAN_POINT('',(2.3,0.0,0.0));
#1334=DIRECTION('',(1.0,0.0,0.0));
#1335=DIRECTION('',(0.0,1.0,0.0));
#1336=ORIENTED_EDGE('',*,*,#3309,.F.);
#1337=ORIENTED_EDGE('',*,*,#3312,.F.);
#1338=ORIENTED_EDGE('',*,*,#3316,.T.);
#1339=ORIENTED_EDGE('',*,*,#3317,.F.);
#1340=ORIENTED_EDGE('',*,*,#3318,.F.);
#1341=ORIENTED_EDGE('',*,*,#3280,.F.);
#1342=CARTESIAN_POINT('',(2.3,0.65,0.505000000000001));
#1343=DIRECTION('',(0.0,-1.0,-6.57092225748791E-16));
#1344=DIRECTION('',(0.0,6.57092225748791E-16,-1.0));
#1345=ORIENTED_EDGE('',*,*,#3284,.T.);
#1346=ORIENTED_EDGE('',*,*,#3319,.F.);
#1347=ORIENTED_EDGE('',*,*,#3320,.F.);
#1348=ORIENTED_EDGE('',*,*,#3233,.T.);
#1349=ORIENTED_EDGE('',*,*,#3321,.T.);
#1350=ORIENTED_EDGE('',*,*,#3322,.T.);
#1351=ORIENTED_EDGE('',*,*,#3323,.T.);
#1352=ORIENTED_EDGE('',*,*,#3324,.T.);
#1353=ORIENTED_EDGE('',*,*,#3325,.T.);
#1354=ORIENTED_EDGE('',*,*,#3326,.T.);
#1355=ORIENTED_EDGE('',*,*,#3327,.T.);
#1356=ORIENTED_EDGE('',*,*,#3328,.T.);
#1357=ORIENTED_EDGE('',*,*,#3329,.T.);
#1358=ORIENTED_EDGE('',*,*,#3330,.T.);
#1359=ORIENTED_EDGE('',*,*,#3331,.T.);
#1360=CARTESIAN_POINT('',(0.0,0.0,1.355));
#1361=DIRECTION('',(0.0,0.0,1.0));
#1362=DIRECTION('',(1.0,0.0,0.0));
#1363=ORIENTED_EDGE('',*,*,#3290,.F.);
#1364=ORIENTED_EDGE('',*,*,#3304,.T.);
#1365=ORIENTED_EDGE('',*,*,#3332,.F.);
#1366=ORIENTED_EDGE('',*,*,#3258,.F.);
#1367=ORIENTED_EDGE('',*,*,#3333,.F.);
#1368=ORIENTED_EDGE('',*,*,#3334,.F.);
#1369=ORIENTED_EDGE('',*,*,#3335,.F.);
#1370=ORIENTED_EDGE('',*,*,#3336,.F.);
#1371=ORIENTED_EDGE('',*,*,#3337,.F.);
#1372=ORIENTED_EDGE('',*,*,#3338,.F.);
#1373=ORIENTED_EDGE('',*,*,#3339,.F.);
#1374=ORIENTED_EDGE('',*,*,#3340,.F.);
#1375=ORIENTED_EDGE('',*,*,#3341,.F.);
#1376=ORIENTED_EDGE('',*,*,#3342,.F.);
#1377=ORIENTED_EDGE('',*,*,#3343,.F.);
#1378=CARTESIAN_POINT('',(0.0,0.0,0.755));
#1379=DIRECTION('',(0.0,0.0,1.0));
#1380=DIRECTION('',(1.0,0.0,0.0));
#1381=ORIENTED_EDGE('',*,*,#3231,.F.);
#1382=ORIENTED_EDGE('',*,*,#3344,.F.);
#1383=ORIENTED_EDGE('',*,*,#3306,.T.);
#1384=ORIENTED_EDGE('',*,*,#3286,.F.);
#1385=ORIENTED_EDGE('',*,*,#3345,.F.);
#1386=ORIENTED_EDGE('',*,*,#3346,.F.);
#1387=ORIENTED_EDGE('',*,*,#3347,.F.);
#1388=ORIENTED_EDGE('',*,*,#3348,.F.);
#1389=ORIENTED_EDGE('',*,*,#3349,.F.);
#1390=ORIENTED_EDGE('',*,*,#3350,.F.);
#1391=ORIENTED_EDGE('',*,*,#3351,.F.);
#1392=ORIENTED_EDGE('',*,*,#3352,.F.);
#1393=ORIENTED_EDGE('',*,*,#3353,.F.);
#1394=ORIENTED_EDGE('',*,*,#3354,.F.);
#1395=ORIENTED_EDGE('',*,*,#3355,.F.);
#1396=CARTESIAN_POINT('',(0.0,0.0,0.755));
#1397=DIRECTION('',(0.0,0.0,1.0));
#1398=DIRECTION('',(1.0,0.0,0.0));
#1399=ORIENTED_EDGE('',*,*,#3356,.F.);
#1400=ORIENTED_EDGE('',*,*,#3357,.T.);
#1401=ORIENTED_EDGE('',*,*,#3358,.T.);
#1402=ORIENTED_EDGE('',*,*,#3240,.T.);
#1403=ORIENTED_EDGE('',*,*,#3359,.T.);
#1404=ORIENTED_EDGE('',*,*,#3317,.T.);
#1405=ORIENTED_EDGE('',*,*,#3360,.T.);
#1406=CARTESIAN_POINT('',(1.15,0.0,0.0));
#1407=DIRECTION('',(1.0,0.0,0.0));
#1408=DIRECTION('',(0.0,1.0,0.0));
#1409=ORIENTED_EDGE('',*,*,#3361,.F.);
#1410=ORIENTED_EDGE('',*,*,#3362,.T.);
#1411=ORIENTED_EDGE('',*,*,#3363,.F.);
#1412=ORIENTED_EDGE('',*,*,#3364,.F.);
#1413=ORIENTED_EDGE('',*,*,#3365,.F.);
#1414=ORIENTED_EDGE('',*,*,#3250,.F.);
#1415=ORIENTED_EDGE('',*,*,#3366,.F.);
#1416=CARTESIAN_POINT('',(-1.15,0.0,0.0));
#1417=DIRECTION('',(1.0,0.0,0.0));
#1418=DIRECTION('',(0.0,1.0,0.0));
#1419=ORIENTED_EDGE('',*,*,#3367,.F.);
#1420=ORIENTED_EDGE('',*,*,#3262,.F.);
#1421=ORIENTED_EDGE('',*,*,#3368,.T.);
#1422=ORIENTED_EDGE('',*,*,#3369,.F.);
#1423=ORIENTED_EDGE('',*,*,#3370,.F.);
#1424=ORIENTED_EDGE('',*,*,#3371,.F.);
#1425=ORIENTED_EDGE('',*,*,#3313,.F.);
#1426=ORIENTED_EDGE('',*,*,#3227,.F.);
#1427=ORIENTED_EDGE('',*,*,#3372,.T.);
#1428=ORIENTED_EDGE('',*,*,#3373,.T.);
#1429=CARTESIAN_POINT('',(-4.05,-0.8,0.204999999999999));
#1430=DIRECTION('',(-1.84046665082416E-16,0.0,1.0));
#1431=DIRECTION('',(1.0,-0.0,1.84046665082416E-16));
#1432=ORIENTED_EDGE('',*,*,#3374,.F.);
#1433=ORIENTED_EDGE('',*,*,#3224,.F.);
#1434=ORIENTED_EDGE('',*,*,#3375,.T.);
#1435=ORIENTED_EDGE('',*,*,#3376,.T.);
#1436=CARTESIAN_POINT('',(4.05,-0.8,0.205));
#1437=DIRECTION('',(-1.0,0.0,5.10212787052002E-16));
#1438=DIRECTION('',(0.0,1.0,0.0));
#1439=ORIENTED_EDGE('',*,*,#3377,.F.);
#1440=ORIENTED_EDGE('',*,*,#3378,.F.);
#1441=ORIENTED_EDGE('',*,*,#3267,.F.);
#1442=ORIENTED_EDGE('',*,*,#3379,.T.);
#1443=ORIENTED_EDGE('',*,*,#3380,.T.);
#1444=CARTESIAN_POINT('',(-1.325,-0.8,0.995));
#1445=DIRECTION('',(-1.0,0.0,-2.38286191755056E-16));
#1446=DIRECTION('',(-2.38286191755056E-16,0.0,1.0));
#1447=ORIENTED_EDGE('',*,*,#3265,.F.);
#1448=ORIENTED_EDGE('',*,*,#3381,.T.);
#1449=ORIENTED_EDGE('',*,*,#3382,.T.);
#1450=ORIENTED_EDGE('',*,*,#3383,.F.);
#1451=CARTESIAN_POINT('',(-4.05,-0.8,1.905));
#1452=DIRECTION('',(1.0,0.0,5.10212787052002E-16));
#1453=DIRECTION('',(-5.10212787052002E-16,0.0,1.0));
#1454=ORIENTED_EDGE('',*,*,#3223,.F.);
#1455=ORIENTED_EDGE('',*,*,#3384,.T.);
#1456=ORIENTED_EDGE('',*,*,#3385,.T.);
#1457=ORIENTED_EDGE('',*,*,#3375,.F.);
#1458=CARTESIAN_POINT('',(4.05,-0.8,1.905));
#1459=DIRECTION('',(-7.95744713750829E-17,0.0,-1.0));
#1460=DIRECTION('',(-1.0,0.0,7.95744713750829E-17));
#1461=ORIENTED_EDGE('',*,*,#3386,.F.);
#1462=ORIENTED_EDGE('',*,*,#3387,.T.);
#1463=ORIENTED_EDGE('',*,*,#3388,.T.);
#1464=ORIENTED_EDGE('',*,*,#3384,.F.);
#1465=ORIENTED_EDGE('',*,*,#3222,.F.);
#1466=CARTESIAN_POINT('',(1.325,-0.8,1.905));
#1467=DIRECTION('',(1.0,0.0,-2.38286191755056E-16));
#1468=DIRECTION('',(-2.38286191755056E-16,0.0,-1.0));
#1469=ORIENTED_EDGE('',*,*,#3387,.F.);
#1470=ORIENTED_EDGE('',*,*,#3389,.T.);
#1471=ORIENTED_EDGE('',*,*,#3241,.F.);
#1472=ORIENTED_EDGE('',*,*,#3358,.F.);
#1473=ORIENTED_EDGE('',*,*,#3390,.T.);
#1474=ORIENTED_EDGE('',*,*,#3366,.T.);
#1475=ORIENTED_EDGE('',*,*,#3249,.F.);
#1476=ORIENTED_EDGE('',*,*,#3391,.T.);
#1477=ORIENTED_EDGE('',*,*,#3377,.T.);
#1478=ORIENTED_EDGE('',*,*,#3392,.T.);
#1479=CARTESIAN_POINT('',(1.325,-0.8,0.995));
#1480=DIRECTION('',(0.0,0.0,-1.0));
#1481=DIRECTION('',(0.0,-1.0,0.0));
#1482=ORIENTED_EDGE('',*,*,#3393,.F.);
#1483=ORIENTED_EDGE('',*,*,#3394,.T.);
#1484=ORIENTED_EDGE('',*,*,#3395,.T.);
#1485=ORIENTED_EDGE('',*,*,#3379,.F.);
#1486=ORIENTED_EDGE('',*,*,#3266,.F.);
#1487=ORIENTED_EDGE('',*,*,#3383,.T.);
#1488=ORIENTED_EDGE('',*,*,#3396,.T.);
#1489=ORIENTED_EDGE('',*,*,#3397,.F.);
#1490=CARTESIAN_POINT('',(-1.325,-0.8,1.905));
#1491=DIRECTION('',(7.95744713750829E-17,0.0,-1.0));
#1492=DIRECTION('',(0.0,-1.0,0.0));
#1493=ORIENTED_EDGE('',*,*,#3398,.F.);
#1494=ORIENTED_EDGE('',*,*,#3396,.F.);
#1495=ORIENTED_EDGE('',*,*,#3382,.F.);
#1496=ORIENTED_EDGE('',*,*,#3399,.F.);
#1497=ORIENTED_EDGE('',*,*,#3376,.F.);
#1498=ORIENTED_EDGE('',*,*,#3385,.F.);
#1499=ORIENTED_EDGE('',*,*,#3388,.F.);
#1500=ORIENTED_EDGE('',*,*,#3392,.F.);
#1501=ORIENTED_EDGE('',*,*,#3380,.F.);
#1502=ORIENTED_EDGE('',*,*,#3395,.F.);
#1503=ORIENTED_EDGE('',*,*,#3400,.F.);
#1504=CARTESIAN_POINT('',(0.0,-0.8,0.0));
#1505=DIRECTION('',(0.0,-1.0,0.0));
#1506=DIRECTION('',(0.0,0.0,-1.0));
#1507=ORIENTED_EDGE('',*,*,#3321,.F.);
#1508=ORIENTED_EDGE('',*,*,#3232,.F.);
#1509=ORIENTED_EDGE('',*,*,#3355,.T.);
#1510=ORIENTED_EDGE('',*,*,#3401,.T.);
#1511=CARTESIAN_POINT('',(2.65,0.0,0.755));
#1512=DIRECTION('',(1.0,0.0,0.0));
#1513=DIRECTION('',(0.0,1.0,0.0));
#1514=ORIENTED_EDGE('',*,*,#3322,.F.);
#1515=ORIENTED_EDGE('',*,*,#3401,.F.);
#1516=ORIENTED_EDGE('',*,*,#3354,.T.);
#1517=ORIENTED_EDGE('',*,*,#3402,.T.);
#1518=CARTESIAN_POINT('',(2.65,0.6,0.755));
#1519=DIRECTION('',(0.866025403784439,-0.5,0.0));
#1520=DIRECTION('',(0.0,0.0,-1.0));
#1521=ORIENTED_EDGE('',*,*,#3323,.F.);
#1522=ORIENTED_EDGE('',*,*,#3402,.F.);
#1523=ORIENTED_EDGE('',*,*,#3353,.T.);
#1524=ORIENTED_EDGE('',*,*,#3403,.T.);
#1525=CARTESIAN_POINT('',(2.82,0.894448637286709,0.755));
#1526=DIRECTION('',(1.0,0.0,0.0));
#1527=DIRECTION('',(0.0,1.0,0.0));
#1528=ORIENTED_EDGE('',*,*,#3324,.F.);
#1529=ORIENTED_EDGE('',*,*,#3403,.F.);
#1530=ORIENTED_EDGE('',*,*,#3352,.T.);
#1531=ORIENTED_EDGE('',*,*,#3404,.T.);
#1532=CARTESIAN_POINT('',(2.82,1.33,0.755));
#1533=DIRECTION('',(0.707106781186547,0.707106781186548,0.0));
#1534=DIRECTION('',(0.0,0.0,-1.0));
#1535=ORIENTED_EDGE('',*,*,#3325,.F.);
#1536=ORIENTED_EDGE('',*,*,#3404,.F.);
#1537=ORIENTED_EDGE('',*,*,#3351,.T.);
#1538=ORIENTED_EDGE('',*,*,#3405,.T.);
#1539=CARTESIAN_POINT('',(2.65,1.5,0.755));
#1540=DIRECTION('',(1.0,0.0,0.0));
#1541=DIRECTION('',(0.0,1.0,0.0));
#1542=ORIENTED_EDGE('',*,*,#3326,.F.);
#1543=ORIENTED_EDGE('',*,*,#3405,.F.);
#1544=ORIENTED_EDGE('',*,*,#3350,.T.);
#1545=ORIENTED_EDGE('',*,*,#3406,.T.);
#1546=CARTESIAN_POINT('',(2.65,1.95,0.755));
#1547=DIRECTION('',(-1.03257349760524E-15,-1.0,0.0));
#1548=DIRECTION('',(-1.0,1.03257349760524E-15,0.0));
#1549=ORIENTED_EDGE('',*,*,#3327,.F.);
#1550=ORIENTED_EDGE('',*,*,#3406,.F.);
#1551=ORIENTED_EDGE('',*,*,#3349,.T.);
#1552=ORIENTED_EDGE('',*,*,#3407,.T.);
#1553=CARTESIAN_POINT('',(3.07,1.95,0.755));
#1554=DIRECTION('',(0.97439119569462,0.224859506698757,0.0));
#1555=DIRECTION('',(0.0,0.0,-1.0));
#1556=ORIENTED_EDGE('',*,*,#3328,.F.);
#1557=ORIENTED_EDGE('',*,*,#3407,.F.);
#1558=ORIENTED_EDGE('',*,*,#3348,.T.);
#1559=ORIENTED_EDGE('',*,*,#3408,.T.);
#1560=CARTESIAN_POINT('',(2.92,2.6,0.755));
#1561=DIRECTION('',(1.0,0.0,0.0));
#1562=DIRECTION('',(0.0,1.0,0.0));
#1563=ORIENTED_EDGE('',*,*,#3329,.F.);
#1564=ORIENTED_EDGE('',*,*,#3408,.F.);
#1565=ORIENTED_EDGE('',*,*,#3347,.T.);
#1566=ORIENTED_EDGE('',*,*,#3409,.T.);
#1567=CARTESIAN_POINT('',(2.92,3.1,0.755));
#1568=DIRECTION('',(-0.0,1.0,0.0));
#1569=DIRECTION('',(1.0,0.0,0.0));
#1570=ORIENTED_EDGE('',*,*,#3330,.F.);
#1571=ORIENTED_EDGE('',*,*,#3409,.F.);
#1572=ORIENTED_EDGE('',*,*,#3346,.T.);
#1573=ORIENTED_EDGE('',*,*,#3410,.T.);
#1574=CARTESIAN_POINT('',(2.1,3.1,0.755));
#1575=DIRECTION('',(-1.0,-4.8186763221578E-16,0.0));
#1576=DIRECTION('',(-4.8186763221578E-16,1.0,0.0));
#1577=ORIENTED_EDGE('',*,*,#3331,.F.);
#1578=ORIENTED_EDGE('',*,*,#3410,.F.);
#1579=ORIENTED_EDGE('',*,*,#3345,.T.);
#1580=ORIENTED_EDGE('',*,*,#3285,.T.);
#1581=CARTESIAN_POINT('',(2.1,2.2,0.755));
#1582=DIRECTION('',(-0.894427190999915,0.447213595499961,0.0));
#1583=DIRECTION('',(0.0,0.0,1.0));
#1584=ORIENTED_EDGE('',*,*,#3411,.F.);
#1585=ORIENTED_EDGE('',*,*,#3412,.F.);
#1586=ORIENTED_EDGE('',*,*,#3339,.T.);
#1587=ORIENTED_EDGE('',*,*,#3413,.T.);
#1588=CARTESIAN_POINT('',(-2.92,2.6,0.755));
#1589=DIRECTION('',(-0.97439119569462,0.224859506698757,0.0));
#1590=DIRECTION('',(0.0,0.0,1.0));
#1591=ORIENTED_EDGE('',*,*,#3414,.F.);
#1592=ORIENTED_EDGE('',*,*,#3413,.F.);
#1593=ORIENTED_EDGE('',*,*,#3338,.T.);
#1594=ORIENTED_EDGE('',*,*,#3415,.T.);
#1595=CARTESIAN_POINT('',(-3.07,1.95,0.755));
#1596=DIRECTION('',(1.03257349760524E-15,-1.0,0.0));
#1597=DIRECTION('',(0.0,0.0,-1.0));
#1598=ORIENTED_EDGE('',*,*,#3416,.F.);
#1599=ORIENTED_EDGE('',*,*,#3415,.F.);
#1600=ORIENTED_EDGE('',*,*,#3337,.T.);
#1601=ORIENTED_EDGE('',*,*,#3417,.T.);
#1602=CARTESIAN_POINT('',(-2.65,1.95,0.755));
#1603=DIRECTION('',(-1.0,0.0,0.0));
#1604=DIRECTION('',(0.0,0.0,1.0));
#1605=ORIENTED_EDGE('',*,*,#3418,.F.);
#1606=ORIENTED_EDGE('',*,*,#3417,.F.);
#1607=ORIENTED_EDGE('',*,*,#3336,.T.);
#1608=ORIENTED_EDGE('',*,*,#3419,.T.);
#1609=CARTESIAN_POINT('',(-2.65,1.5,0.755));
#1610=DIRECTION('',(-0.707106781186547,0.707106781186548,0.0));
#1611=DIRECTION('',(0.0,0.0,1.0));
#1612=ORIENTED_EDGE('',*,*,#3420,.F.);
#1613=ORIENTED_EDGE('',*,*,#3419,.F.);
#1614=ORIENTED_EDGE('',*,*,#3335,.T.);
#1615=ORIENTED_EDGE('',*,*,#3421,.T.);
#1616=CARTESIAN_POINT('',(-2.82,1.33,0.755));
#1617=DIRECTION('',(-1.0,0.0,0.0));
#1618=DIRECTION('',(0.0,0.0,1.0));
#1619=ORIENTED_EDGE('',*,*,#3422,.F.);
#1620=ORIENTED_EDGE('',*,*,#3421,.F.);
#1621=ORIENTED_EDGE('',*,*,#3334,.T.);
#1622=ORIENTED_EDGE('',*,*,#3423,.T.);
#1623=CARTESIAN_POINT('',(-2.82,0.894448637286709,0.755));
#1624=DIRECTION('',(-0.866025403784439,-0.5,0.0));
#1625=DIRECTION('',(-0.5,0.866025403784439,0.0));
#1626=ORIENTED_EDGE('',*,*,#3424,.F.);
#1627=ORIENTED_EDGE('',*,*,#3423,.F.);
#1628=ORIENTED_EDGE('',*,*,#3333,.T.);
#1629=ORIENTED_EDGE('',*,*,#3257,.T.);
#1630=CARTESIAN_POINT('',(-2.65,0.6,0.755));
#1631=DIRECTION('',(-1.0,0.0,0.0));
#1632=DIRECTION('',(0.0,0.0,1.0));
#1633=ORIENTED_EDGE('',*,*,#3425,.F.);
#1634=ORIENTED_EDGE('',*,*,#3291,.F.);
#1635=ORIENTED_EDGE('',*,*,#3343,.T.);
#1636=ORIENTED_EDGE('',*,*,#3426,.T.);
#1637=CARTESIAN_POINT('',(-1.95,1.9,0.755));
#1638=DIRECTION('',(0.894427190999915,0.44721359549996,0.0));
#1639=DIRECTION('',(0.0,0.0,-1.0));
#1640=ORIENTED_EDGE('',*,*,#3427,.F.);
#1641=ORIENTED_EDGE('',*,*,#3426,.F.);
#1642=ORIENTED_EDGE('',*,*,#3342,.T.);
#1643=ORIENTED_EDGE('',*,*,#3428,.T.);
#1644=CARTESIAN_POINT('',(-2.1,2.2,0.755));
#1645=DIRECTION('',(1.0,4.81867632215781E-16,0.0));
#1646=DIRECTION('',(-4.81867632215781E-16,1.0,0.0));
#1647=ORIENTED_EDGE('',*,*,#3429,.F.);
#1648=ORIENTED_EDGE('',*,*,#3428,.F.);
#1649=ORIENTED_EDGE('',*,*,#3341,.T.);
#1650=ORIENTED_EDGE('',*,*,#3430,.T.);
#1651=CARTESIAN_POINT('',(-2.1,3.1,0.755));
#1652=DIRECTION('',(3.70215375970661E-15,1.0,0.0));
#1653=DIRECTION('',(1.0,-3.70215375970661E-15,0.0));
#1654=ORIENTED_EDGE('',*,*,#3431,.F.);
#1655=ORIENTED_EDGE('',*,*,#3430,.F.);
#1656=ORIENTED_EDGE('',*,*,#3340,.T.);
#1657=ORIENTED_EDGE('',*,*,#3412,.T.);
#1658=CARTESIAN_POINT('',(-2.92,3.1,0.755));
#1659=DIRECTION('',(-1.0,0.0,0.0));
#1660=DIRECTION('',(0.0,0.0,1.0));
#1661=ORIENTED_EDGE('',*,*,#3432,.F.);
#1662=ORIENTED_EDGE('',*,*,#3433,.F.);
#1663=ORIENTED_EDGE('',*,*,#3292,.T.);
#1664=ORIENTED_EDGE('',*,*,#3425,.T.);
#1665=ORIENTED_EDGE('',*,*,#3427,.T.);
#1666=ORIENTED_EDGE('',*,*,#3429,.T.);
#1667=ORIENTED_EDGE('',*,*,#3431,.T.);
#1668=ORIENTED_EDGE('',*,*,#3411,.T.);
#1669=ORIENTED_EDGE('',*,*,#3414,.T.);
#1670=ORIENTED_EDGE('',*,*,#3416,.T.);
#1671=ORIENTED_EDGE('',*,*,#3418,.T.);
#1672=ORIENTED_EDGE('',*,*,#3420,.T.);
#1673=ORIENTED_EDGE('',*,*,#3422,.T.);
#1674=ORIENTED_EDGE('',*,*,#3424,.T.);
#1675=ORIENTED_EDGE('',*,*,#3256,.T.);
#1676=CARTESIAN_POINT('',(0.0,0.0,1.355));
#1677=DIRECTION('',(0.0,0.0,1.0));
#1678=DIRECTION('',(1.0,0.0,0.0));
#1679=ORIENTED_EDGE('',*,*,#3434,.F.);
#1680=ORIENTED_EDGE('',*,*,#3435,.T.);
#1681=ORIENTED_EDGE('',*,*,#3360,.F.);
#1682=ORIENTED_EDGE('',*,*,#3316,.F.);
#1683=ORIENTED_EDGE('',*,*,#3315,.T.);
#1684=ORIENTED_EDGE('',*,*,#3436,.T.);
#1685=ORIENTED_EDGE('',*,*,#3437,.F.);
#1686=ORIENTED_EDGE('',*,*,#3438,.F.);
#1687=ORIENTED_EDGE('',*,*,#3363,.T.);
#1688=ORIENTED_EDGE('',*,*,#3439,.T.);
#1689=ORIENTED_EDGE('',*,*,#3440,.T.);
#1690=ORIENTED_EDGE('',*,*,#3441,.F.);
#1691=ORIENTED_EDGE('',*,*,#3442,.F.);
#1692=ORIENTED_EDGE('',*,*,#3443,.T.);
#1693=ORIENTED_EDGE('',*,*,#3444,.T.);
#1694=ORIENTED_EDGE('',*,*,#3445,.F.);
#1695=ORIENTED_EDGE('',*,*,#3446,.F.);
#1696=ORIENTED_EDGE('',*,*,#3447,.T.);
#1697=ORIENTED_EDGE('',*,*,#3448,.T.);
#1698=ORIENTED_EDGE('',*,*,#3449,.F.);
#1699=ORIENTED_EDGE('',*,*,#3450,.F.);
#1700=ORIENTED_EDGE('',*,*,#3451,.T.);
#1701=ORIENTED_EDGE('',*,*,#3452,.T.);
#1702=ORIENTED_EDGE('',*,*,#3453,.F.);
#1703=CARTESIAN_POINT('',(1.15,0.0,0.504999999999999));
#1704=DIRECTION('',(0.0,-3.71726459137887E-16,1.0));
#1705=DIRECTION('',(0.0,-1.0,-3.71726459137887E-16));
#1706=ORIENTED_EDGE('',*,*,#3357,.F.);
#1707=ORIENTED_EDGE('',*,*,#3454,.T.);
#1708=ORIENTED_EDGE('',*,*,#3361,.T.);
#1709=ORIENTED_EDGE('',*,*,#3390,.F.);
#1710=CARTESIAN_POINT('',(1.15,1.75,0.504999999999999));
#1711=DIRECTION('',(0.0,-1.0,-4.42531498973675E-16));
#1712=DIRECTION('',(0.0,4.42531498973675E-16,-1.0));
#1713=ORIENTED_EDGE('',*,*,#3455,.F.);
#1714=ORIENTED_EDGE('',*,*,#3373,.F.);
#1715=ORIENTED_EDGE('',*,*,#3456,.F.);
#1716=ORIENTED_EDGE('',*,*,#3457,.F.);
#1717=CARTESIAN_POINT('',(4.05,-0.55,0.205));
#1718=DIRECTION('',(0.0,-0.707106781186547,-0.707106781186548));
#1719=DIRECTION('',(0.0,-0.707106781186548,0.707106781186547));
#1720=ORIENTED_EDGE('',*,*,#3399,.T.);
#1721=ORIENTED_EDGE('',*,*,#3381,.F.);
#1722=ORIENTED_EDGE('',*,*,#3264,.T.);
#1723=ORIENTED_EDGE('',*,*,#3458,.T.);
#1724=ORIENTED_EDGE('',*,*,#3457,.T.);
#1725=ORIENTED_EDGE('',*,*,#3459,.F.);
#1726=ORIENTED_EDGE('',*,*,#3225,.T.);
#1727=ORIENTED_EDGE('',*,*,#3374,.T.);
#1728=CARTESIAN_POINT('',(4.05,-0.7,0.355));
#1729=DIRECTION('',(0.0,0.0,-1.0));
#1730=DIRECTION('',(0.0,-1.0,0.0));
#1731=ORIENTED_EDGE('',*,*,#3456,.T.);
#1732=ORIENTED_EDGE('',*,*,#3372,.F.);
#1733=ORIENTED_EDGE('',*,*,#3226,.T.);
#1734=ORIENTED_EDGE('',*,*,#3459,.T.);
#1735=CARTESIAN_POINT('',(3.7,7.12,0.354999999999997));
#1736=DIRECTION('',(-1.0,0.0,0.0));
#1737=DIRECTION('',(0.0,0.0,1.0));
#1738=ORIENTED_EDGE('',*,*,#3455,.T.);
#1739=ORIENTED_EDGE('',*,*,#3458,.F.);
#1740=ORIENTED_EDGE('',*,*,#3263,.T.);
#1741=ORIENTED_EDGE('',*,*,#3367,.T.);
#1742=CARTESIAN_POINT('',(-3.7,7.12,0.205));
#1743=DIRECTION('',(1.0,0.0,0.0));
#1744=DIRECTION('',(0.0,1.0,0.0));
#1745=ORIENTED_EDGE('',*,*,#3261,.F.);
#1746=ORIENTED_EDGE('',*,*,#3302,.T.);
#1747=ORIENTED_EDGE('',*,*,#3460,.F.);
#1748=ORIENTED_EDGE('',*,*,#3437,.T.);
#1749=ORIENTED_EDGE('',*,*,#3461,.F.);
#1750=ORIENTED_EDGE('',*,*,#3368,.F.);
#1751=CARTESIAN_POINT('',(-2.3,0.0,0.0));
#1752=DIRECTION('',(1.0,0.0,0.0));
#1753=DIRECTION('',(0.0,1.0,0.0));
#1754=ORIENTED_EDGE('',*,*,#3460,.T.);
#1755=ORIENTED_EDGE('',*,*,#3301,.T.);
#1756=ORIENTED_EDGE('',*,*,#3296,.F.);
#1757=ORIENTED_EDGE('',*,*,#3462,.F.);
#1758=ORIENTED_EDGE('',*,*,#3364,.T.);
#1759=ORIENTED_EDGE('',*,*,#3438,.T.);
#1760=CARTESIAN_POINT('',(2.3,0.65,0.505000000000001));
#1761=DIRECTION('',(0.0,-1.0,-6.57092225748791E-16));
#1762=DIRECTION('',(0.0,6.57092225748791E-16,-1.0));
#1763=ORIENTED_EDGE('',*,*,#3281,.F.);
#1764=ORIENTED_EDGE('',*,*,#3318,.T.);
#1765=ORIENTED_EDGE('',*,*,#3359,.F.);
#1766=ORIENTED_EDGE('',*,*,#3239,.F.);
#1767=CARTESIAN_POINT('',(2.3,0.65,0.835));
#1768=DIRECTION('',(0.0,0.0,-1.0));
#1769=DIRECTION('',(0.0,-1.0,0.0));
#1770=ORIENTED_EDGE('',*,*,#3463,.F.);
#1771=ORIENTED_EDGE('',*,*,#3464,.T.);
#1772=ORIENTED_EDGE('',*,*,#3465,.F.);
#1773=ORIENTED_EDGE('',*,*,#3466,.F.);
#1774=ORIENTED_EDGE('',*,*,#3467,.F.);
#1775=ORIENTED_EDGE('',*,*,#3369,.T.);
#1776=ORIENTED_EDGE('',*,*,#3461,.T.);
#1777=ORIENTED_EDGE('',*,*,#3436,.F.);
#1778=ORIENTED_EDGE('',*,*,#3314,.F.);
#1779=ORIENTED_EDGE('',*,*,#3371,.T.);
#1780=ORIENTED_EDGE('',*,*,#3468,.F.);
#1781=ORIENTED_EDGE('',*,*,#3469,.F.);
#1782=CARTESIAN_POINT('',(2.3,0.15,0.205));
#1783=DIRECTION('',(0.0,-1.0,0.0));
#1784=DIRECTION('',(0.0,0.0,-1.0));
#1785=ORIENTED_EDGE('',*,*,#3295,.F.);
#1786=ORIENTED_EDGE('',*,*,#3251,.F.);
#1787=ORIENTED_EDGE('',*,*,#3365,.T.);
#1788=ORIENTED_EDGE('',*,*,#3462,.T.);
#1789=CARTESIAN_POINT('',(2.3,0.65,0.835));
#1790=DIRECTION('',(0.0,0.0,-1.0));
#1791=DIRECTION('',(0.0,-1.0,0.0));
#1792=ORIENTED_EDGE('',*,*,#3470,.F.);
#1793=ORIENTED_EDGE('',*,*,#3471,.T.);
#1794=ORIENTED_EDGE('',*,*,#3293,.T.);
#1795=ORIENTED_EDGE('',*,*,#3433,.T.);
#1796=ORIENTED_EDGE('',*,*,#3472,.F.);
#1797=ORIENTED_EDGE('',*,*,#3254,.F.);
#1798=CARTESIAN_POINT('',(-2.45,1.8,1.355));
#1799=DIRECTION('',(0.0,0.0436193873653358,0.999048221581858));
#1800=DIRECTION('',(1.0,-0.0,0.0));
#1801=ORIENTED_EDGE('',*,*,#3255,.T.);
#1802=ORIENTED_EDGE('',*,*,#3472,.T.);
#1803=ORIENTED_EDGE('',*,*,#3432,.T.);
#1804=CARTESIAN_POINT('',(-2.45,0.0,0.0));
#1805=DIRECTION('',(1.0,0.0,0.0));
#1806=DIRECTION('',(0.0,1.0,0.0));
#1807=ORIENTED_EDGE('',*,*,#3259,.T.);
#1808=ORIENTED_EDGE('',*,*,#3332,.T.);
#1809=ORIENTED_EDGE('',*,*,#3303,.T.);
#1810=CARTESIAN_POINT('',(-2.45,0.0,0.0));
#1811=DIRECTION('',(-1.0,0.0,0.0));
#1812=DIRECTION('',(0.0,0.0,1.0));
#1813=ORIENTED_EDGE('',*,*,#3473,.F.);
#1814=ORIENTED_EDGE('',*,*,#3474,.T.);
#1815=ORIENTED_EDGE('',*,*,#3235,.F.);
#1816=ORIENTED_EDGE('',*,*,#3475,.T.);
#1817=ORIENTED_EDGE('',*,*,#3319,.T.);
#1818=ORIENTED_EDGE('',*,*,#3283,.T.);
#1819=CARTESIAN_POINT('',(2.45,1.8,1.355));
#1820=DIRECTION('',(0.0,-0.0436193873653358,-0.999048221581858));
#1821=DIRECTION('',(0.0,-0.999048221581858,0.0436193873653358));
#1822=ORIENTED_EDGE('',*,*,#3234,.T.);
#1823=ORIENTED_EDGE('',*,*,#3320,.T.);
#1824=ORIENTED_EDGE('',*,*,#3475,.F.);
#1825=CARTESIAN_POINT('',(2.45,0.0,0.0));
#1826=DIRECTION('',(1.0,0.0,0.0));
#1827=DIRECTION('',(0.0,1.0,0.0));
#1828=ORIENTED_EDGE('',*,*,#3230,.T.);
#1829=ORIENTED_EDGE('',*,*,#3307,.F.);
#1830=ORIENTED_EDGE('',*,*,#3344,.T.);
#1831=CARTESIAN_POINT('',(2.45,0.0,0.0));
#1832=DIRECTION('',(-1.0,0.0,0.0));
#1833=DIRECTION('',(0.0,0.0,1.0));
#1834=ORIENTED_EDGE('',*,*,#3476,.F.);
#1835=ORIENTED_EDGE('',*,*,#3370,.T.);
#1836=ORIENTED_EDGE('',*,*,#3477,.F.);
#1837=ORIENTED_EDGE('',*,*,#3478,.T.);
#1838=CARTESIAN_POINT('',(-22.275,0.15,0.0));
#1839=DIRECTION('',(0.0,1.0,1.62630325872826E-16));
#1840=DIRECTION('',(0.0,1.62630325872826E-16,-1.0));
#1841=ORIENTED_EDGE('',*,*,#3434,.T.);
#1842=ORIENTED_EDGE('',*,*,#3479,.F.);
#1843=ORIENTED_EDGE('',*,*,#3480,.F.);
#1844=ORIENTED_EDGE('',*,*,#3481,.F.);
#1845=CARTESIAN_POINT('',(0.85,0.32,0.42));
#1846=DIRECTION('',(1.0,0.0,0.0));
#1847=DIRECTION('',(0.0,1.0,0.0));
#1848=ORIENTED_EDGE('',*,*,#3482,.T.);
#1849=ORIENTED_EDGE('',*,*,#3452,.F.);
#1850=ORIENTED_EDGE('',*,*,#3483,.T.);
#1851=ORIENTED_EDGE('',*,*,#3484,.T.);
#1852=CARTESIAN_POINT('',(0.65,0.32,0.42));
#1853=DIRECTION('',(1.0,0.0,0.0));
#1854=DIRECTION('',(0.0,1.0,0.0));
#1855=ORIENTED_EDGE('',*,*,#3479,.T.);
#1856=ORIENTED_EDGE('',*,*,#3453,.T.);
#1857=ORIENTED_EDGE('',*,*,#3482,.F.);
#1858=ORIENTED_EDGE('',*,*,#3485,.F.);
#1859=CARTESIAN_POINT('',(0.85,0.32,0.42));
#1860=DIRECTION('',(1.0,-0.0,0.0));
#1861=DIRECTION('',(0.0,0.0,1.0));
#1862=ORIENTED_EDGE('',*,*,#3450,.T.);
#1863=ORIENTED_EDGE('',*,*,#3486,.F.);
#1864=ORIENTED_EDGE('',*,*,#3487,.F.);
#1865=ORIENTED_EDGE('',*,*,#3488,.F.);
#1866=CARTESIAN_POINT('',(0.35,0.32,0.42));
#1867=DIRECTION('',(1.0,0.0,0.0));
#1868=DIRECTION('',(0.0,1.0,0.0));
#1869=ORIENTED_EDGE('',*,*,#3489,.T.);
#1870=ORIENTED_EDGE('',*,*,#3448,.F.);
#1871=ORIENTED_EDGE('',*,*,#3490,.T.);
#1872=ORIENTED_EDGE('',*,*,#3491,.T.);
#1873=CARTESIAN_POINT('',(0.15,0.32,0.42));
#1874=DIRECTION('',(1.0,0.0,0.0));
#1875=DIRECTION('',(0.0,1.0,0.0));
#1876=ORIENTED_EDGE('',*,*,#3486,.T.);
#1877=ORIENTED_EDGE('',*,*,#3449,.T.);
#1878=ORIENTED_EDGE('',*,*,#3489,.F.);
#1879=ORIENTED_EDGE('',*,*,#3492,.F.);
#1880=CARTESIAN_POINT('',(0.35,0.32,0.42));
#1881=DIRECTION('',(1.0,-0.0,0.0));
#1882=DIRECTION('',(0.0,0.0,1.0));
#1883=ORIENTED_EDGE('',*,*,#3446,.T.);
#1884=ORIENTED_EDGE('',*,*,#3493,.F.);
#1885=ORIENTED_EDGE('',*,*,#3494,.F.);
#1886=ORIENTED_EDGE('',*,*,#3495,.F.);
#1887=CARTESIAN_POINT('',(-0.15,0.32,0.42));
#1888=DIRECTION('',(1.0,0.0,0.0));
#1889=DIRECTION('',(0.0,1.0,0.0));
#1890=ORIENTED_EDGE('',*,*,#3496,.T.);
#1891=ORIENTED_EDGE('',*,*,#3444,.F.);
#1892=ORIENTED_EDGE('',*,*,#3497,.T.);
#1893=ORIENTED_EDGE('',*,*,#3498,.T.);
#1894=CARTESIAN_POINT('',(-0.35,0.32,0.42));
#1895=DIRECTION('',(1.0,0.0,0.0));
#1896=DIRECTION('',(0.0,1.0,0.0));
#1897=ORIENTED_EDGE('',*,*,#3493,.T.);
#1898=ORIENTED_EDGE('',*,*,#3445,.T.);
#1899=ORIENTED_EDGE('',*,*,#3496,.F.);
#1900=ORIENTED_EDGE('',*,*,#3499,.F.);
#1901=CARTESIAN_POINT('',(-0.15,0.32,0.42));
#1902=DIRECTION('',(1.0,-0.0,0.0));
#1903=DIRECTION('',(0.0,0.0,1.0));
#1904=ORIENTED_EDGE('',*,*,#3442,.T.);
#1905=ORIENTED_EDGE('',*,*,#3500,.F.);
#1906=ORIENTED_EDGE('',*,*,#3501,.F.);
#1907=ORIENTED_EDGE('',*,*,#3502,.F.);
#1908=CARTESIAN_POINT('',(-0.65,0.32,0.42));
#1909=DIRECTION('',(1.0,0.0,0.0));
#1910=DIRECTION('',(0.0,1.0,0.0));
#1911=ORIENTED_EDGE('',*,*,#3503,.T.);
#1912=ORIENTED_EDGE('',*,*,#3440,.F.);
#1913=ORIENTED_EDGE('',*,*,#3504,.T.);
#1914=ORIENTED_EDGE('',*,*,#3505,.T.);
#1915=CARTESIAN_POINT('',(-0.85,0.32,0.42));
#1916=DIRECTION('',(1.0,0.0,0.0));
#1917=DIRECTION('',(0.0,1.0,0.0));
#1918=ORIENTED_EDGE('',*,*,#3500,.T.);
#1919=ORIENTED_EDGE('',*,*,#3441,.T.);
#1920=ORIENTED_EDGE('',*,*,#3503,.F.);
#1921=ORIENTED_EDGE('',*,*,#3506,.F.);
#1922=CARTESIAN_POINT('',(-0.65,0.32,0.42));
#1923=DIRECTION('',(1.0,-0.0,0.0));
#1924=DIRECTION('',(0.0,0.0,1.0));
#1925=ORIENTED_EDGE('',*,*,#3443,.F.);
#1926=ORIENTED_EDGE('',*,*,#3502,.T.);
#1927=ORIENTED_EDGE('',*,*,#3507,.T.);
#1928=ORIENTED_EDGE('',*,*,#3497,.F.);
#1929=CARTESIAN_POINT('',(1.238,1.58,0.460000000000009));
#1930=DIRECTION('',(0.0,-0.685801146497094,0.727788971792835));
#1931=DIRECTION('',(-1.0,0.0,0.0));
#1932=ORIENTED_EDGE('',*,*,#3447,.F.);
#1933=ORIENTED_EDGE('',*,*,#3495,.T.);
#1934=ORIENTED_EDGE('',*,*,#3508,.T.);
#1935=ORIENTED_EDGE('',*,*,#3490,.F.);
#1936=CARTESIAN_POINT('',(1.238,1.58,0.460000000000009));
#1937=DIRECTION('',(0.0,-0.685801146497094,0.727788971792835));
#1938=DIRECTION('',(-1.0,0.0,0.0));
#1939=ORIENTED_EDGE('',*,*,#3451,.F.);
#1940=ORIENTED_EDGE('',*,*,#3488,.T.);
#1941=ORIENTED_EDGE('',*,*,#3509,.T.);
#1942=ORIENTED_EDGE('',*,*,#3483,.F.);
#1943=CARTESIAN_POINT('',(1.238,1.58,0.460000000000009));
#1944=DIRECTION('',(0.0,-0.685801146497094,0.727788971792835));
#1945=DIRECTION('',(-1.0,0.0,0.0));
#1946=ORIENTED_EDGE('',*,*,#3439,.F.);
#1947=ORIENTED_EDGE('',*,*,#3362,.F.);
#1948=ORIENTED_EDGE('',*,*,#3454,.F.);
#1949=ORIENTED_EDGE('',*,*,#3356,.T.);
#1950=ORIENTED_EDGE('',*,*,#3435,.F.);
#1951=ORIENTED_EDGE('',*,*,#3481,.T.);
#1952=ORIENTED_EDGE('',*,*,#3510,.T.);
#1953=ORIENTED_EDGE('',*,*,#3511,.F.);
#1954=ORIENTED_EDGE('',*,*,#3512,.F.);
#1955=ORIENTED_EDGE('',*,*,#3513,.T.);
#1956=ORIENTED_EDGE('',*,*,#3514,.T.);
#1957=ORIENTED_EDGE('',*,*,#3504,.F.);
#1958=CARTESIAN_POINT('',(1.238,1.58,0.460000000000009));
#1959=DIRECTION('',(0.0,-0.685801146497094,0.727788971792835));
#1960=DIRECTION('',(-1.0,0.0,0.0));
#1961=ORIENTED_EDGE('',*,*,#3474,.F.);
#1962=ORIENTED_EDGE('',*,*,#3515,.F.);
#1963=ORIENTED_EDGE('',*,*,#3516,.T.);
#1964=ORIENTED_EDGE('',*,*,#3517,.T.);
#1965=ORIENTED_EDGE('',*,*,#3220,.T.);
#1966=CARTESIAN_POINT('',(2.25,2.75,18.81));
#1967=DIRECTION('',(1.0,1.5770213417971E-16,0.0));
#1968=DIRECTION('',(-1.5770213417971E-16,1.0,0.0));
#1969=ORIENTED_EDGE('',*,*,#3311,.F.);
#1970=ORIENTED_EDGE('',*,*,#3518,.T.);
#1971=ORIENTED_EDGE('',*,*,#3519,.F.);
#1972=ORIENTED_EDGE('',*,*,#3463,.T.);
#1973=ORIENTED_EDGE('',*,*,#3520,.F.);
#1974=ORIENTED_EDGE('',*,*,#3521,.T.);
#1975=ORIENTED_EDGE('',*,*,#3522,.F.);
#1976=CARTESIAN_POINT('',(2.25,2.75,18.81));
#1977=DIRECTION('',(1.0,1.5770213417971E-16,0.0));
#1978=DIRECTION('',(-1.5770213417971E-16,1.0,0.0));
#1979=ORIENTED_EDGE('',*,*,#3523,.F.);
#1980=ORIENTED_EDGE('',*,*,#3524,.T.);
#1981=ORIENTED_EDGE('',*,*,#3525,.T.);
#1982=ORIENTED_EDGE('',*,*,#3526,.T.);
#1983=CARTESIAN_POINT('',(-1.698,2.75,0.303));
#1984=DIRECTION('',(0.0,-1.0,0.0));
#1985=DIRECTION('',(0.0,0.0,-1.0));
#1986=ORIENTED_EDGE('',*,*,#3527,.F.);
#1987=ORIENTED_EDGE('',*,*,#3528,.T.);
#1988=ORIENTED_EDGE('',*,*,#3529,.F.);
#1989=ORIENTED_EDGE('',*,*,#3530,.F.);
#1990=CARTESIAN_POINT('',(-1.698,2.01,0.303));
#1991=DIRECTION('',(0.0,-1.0,0.0));
#1992=DIRECTION('',(0.0,0.0,-1.0));
#1993=ORIENTED_EDGE('',*,*,#3531,.T.);
#1994=ORIENTED_EDGE('',*,*,#3532,.T.);
#1995=ORIENTED_EDGE('',*,*,#3533,.F.);
#1996=ORIENTED_EDGE('',*,*,#3534,.F.);
#1997=CARTESIAN_POINT('',(-3.0,2.75,0.202999999999996));
#1998=DIRECTION('',(-1.0,0.0,0.0));
#1999=DIRECTION('',(0.0,0.0,1.0));
#2000=ORIENTED_EDGE('',*,*,#3535,.F.);
#2001=ORIENTED_EDGE('',*,*,#3536,.T.);
#2002=ORIENTED_EDGE('',*,*,#3537,.T.);
#2003=ORIENTED_EDGE('',*,*,#3538,.T.);
#2004=CARTESIAN_POINT('',(1.698,2.75,0.303));
#2005=DIRECTION('',(0.0,-1.0,0.0));
#2006=DIRECTION('',(0.0,0.0,-1.0));
#2007=ORIENTED_EDGE('',*,*,#3539,.F.);
#2008=ORIENTED_EDGE('',*,*,#3540,.T.);
#2009=ORIENTED_EDGE('',*,*,#3541,.F.);
#2010=ORIENTED_EDGE('',*,*,#3542,.F.);
#2011=CARTESIAN_POINT('',(1.698,2.01,0.303));
#2012=DIRECTION('',(0.0,-1.0,0.0));
#2013=DIRECTION('',(0.0,0.0,-1.0));
#2014=ORIENTED_EDGE('',*,*,#3537,.F.);
#2015=ORIENTED_EDGE('',*,*,#3543,.F.);
#2016=ORIENTED_EDGE('',*,*,#3544,.F.);
#2017=ORIENTED_EDGE('',*,*,#3545,.F.);
#2018=ORIENTED_EDGE('',*,*,#3468,.T.);
#2019=ORIENTED_EDGE('',*,*,#3476,.T.);
#2020=ORIENTED_EDGE('',*,*,#3546,.F.);
#2021=ORIENTED_EDGE('',*,*,#3542,.T.);
#2022=ORIENTED_EDGE('',*,*,#3547,.T.);
#2023=CARTESIAN_POINT('',(1.815,33.165,0.239999999999997));
#2024=DIRECTION('',(-1.0,0.0,0.0));
#2025=DIRECTION('',(0.0,0.0,1.0));
#2026=ORIENTED_EDGE('',*,*,#3525,.F.);
#2027=ORIENTED_EDGE('',*,*,#3548,.T.);
#2028=ORIENTED_EDGE('',*,*,#3530,.T.);
#2029=ORIENTED_EDGE('',*,*,#3549,.T.);
#2030=ORIENTED_EDGE('',*,*,#3477,.T.);
#2031=ORIENTED_EDGE('',*,*,#3467,.T.);
#2032=ORIENTED_EDGE('',*,*,#3550,.T.);
#2033=ORIENTED_EDGE('',*,*,#3551,.F.);
#2034=ORIENTED_EDGE('',*,*,#3552,.T.);
#2035=CARTESIAN_POINT('',(-1.815,33.165,-4.44089209850063E-16));
#2036=DIRECTION('',(1.0,0.0,0.0));
#2037=DIRECTION('',(0.0,1.0,0.0));
#2038=ORIENTED_EDGE('',*,*,#3553,.T.);
#2039=ORIENTED_EDGE('',*,*,#3299,.T.);
#2040=ORIENTED_EDGE('',*,*,#3554,.F.);
#2041=ORIENTED_EDGE('',*,*,#3555,.F.);
#2042=ORIENTED_EDGE('',*,*,#3556,.F.);
#2043=ORIENTED_EDGE('',*,*,#3465,.T.);
#2044=ORIENTED_EDGE('',*,*,#3557,.T.);
#2045=CARTESIAN_POINT('',(-2.25,-4.44089209850063E-16,18.81));
#2046=DIRECTION('',(-1.0,1.5770213417971E-16,0.0));
#2047=DIRECTION('',(0.0,0.0,1.0));
#2048=ORIENTED_EDGE('',*,*,#3288,.F.);
#2049=ORIENTED_EDGE('',*,*,#3558,.T.);
#2050=ORIENTED_EDGE('',*,*,#3559,.F.);
#2051=ORIENTED_EDGE('',*,*,#3560,.F.);
#2052=ORIENTED_EDGE('',*,*,#3561,.F.);
#2053=ORIENTED_EDGE('',*,*,#3562,.T.);
#2054=ORIENTED_EDGE('',*,*,#3563,.T.);
#2055=ORIENTED_EDGE('',*,*,#3564,.T.);
#2056=ORIENTED_EDGE('',*,*,#3565,.T.);
#2057=ORIENTED_EDGE('',*,*,#3269,.F.);
#2058=ORIENTED_EDGE('',*,*,#3566,.T.);
#2059=ORIENTED_EDGE('',*,*,#3567,.T.);
#2060=ORIENTED_EDGE('',*,*,#3554,.T.);
#2061=ORIENTED_EDGE('',*,*,#3298,.F.);
#2062=CARTESIAN_POINT('',(-2.653,33.165,0.729999999999999));
#2063=DIRECTION('',(-1.35525271560688E-16,0.0,-1.0));
#2064=DIRECTION('',(-1.0,0.0,1.35525271560688E-16));
#2065=ORIENTED_EDGE('',*,*,#3568,.T.);
#2066=ORIENTED_EDGE('',*,*,#3569,.T.);
#2067=ORIENTED_EDGE('',*,*,#3236,.F.);
#2068=ORIENTED_EDGE('',*,*,#3570,.F.);
#2069=ORIENTED_EDGE('',*,*,#3571,.T.);
#2070=ORIENTED_EDGE('',*,*,#3572,.F.);
#2071=CARTESIAN_POINT('',(1.853,33.165,1.38));
#2072=DIRECTION('',(-1.0,0.0,3.33600668457076E-16));
#2073=DIRECTION('',(0.0,1.0,0.0));
#2074=ORIENTED_EDGE('',*,*,#3277,.F.);
#2075=ORIENTED_EDGE('',*,*,#3305,.T.);
#2076=ORIENTED_EDGE('',*,*,#3522,.T.);
#2077=ORIENTED_EDGE('',*,*,#3573,.T.);
#2078=ORIENTED_EDGE('',*,*,#3574,.T.);
#2079=ORIENTED_EDGE('',*,*,#3218,.F.);
#2080=ORIENTED_EDGE('',*,*,#3575,.F.);
#2081=ORIENTED_EDGE('',*,*,#3576,.T.);
#2082=ORIENTED_EDGE('',*,*,#3577,.F.);
#2083=ORIENTED_EDGE('',*,*,#3578,.T.);
#2084=ORIENTED_EDGE('',*,*,#3579,.F.);
#2085=ORIENTED_EDGE('',*,*,#3580,.F.);
#2086=ORIENTED_EDGE('',*,*,#3572,.T.);
#2087=ORIENTED_EDGE('',*,*,#3581,.T.);
#2088=CARTESIAN_POINT('',(1.853,33.165,0.729999999999996));
#2089=DIRECTION('',(-3.3881317890172E-15,0.0,-1.0));
#2090=DIRECTION('',(-1.0,0.0,3.3881317890172E-15));
#2091=ORIENTED_EDGE('',*,*,#3582,.T.);
#2092=ORIENTED_EDGE('',*,*,#3583,.T.);
#2093=ORIENTED_EDGE('',*,*,#3584,.T.);
#2094=ORIENTED_EDGE('',*,*,#3563,.F.);
#2095=ORIENTED_EDGE('',*,*,#3585,.T.);
#2096=ORIENTED_EDGE('',*,*,#3586,.T.);
#2097=ORIENTED_EDGE('',*,*,#3274,.F.);
#2098=ORIENTED_EDGE('',*,*,#3587,.F.);
#2099=ORIENTED_EDGE('',*,*,#3588,.T.);
#2100=ORIENTED_EDGE('',*,*,#3589,.T.);
#2101=CARTESIAN_POINT('',(-3.15,3.5,1.9));
#2102=DIRECTION('',(-1.0,0.0,-2.28253088944317E-16));
#2103=DIRECTION('',(-2.28253088944317E-16,0.0,1.0));
#2104=ORIENTED_EDGE('',*,*,#3590,.F.);
#2105=ORIENTED_EDGE('',*,*,#3577,.T.);
#2106=ORIENTED_EDGE('',*,*,#3591,.T.);
#2107=ORIENTED_EDGE('',*,*,#3592,.F.);
#2108=ORIENTED_EDGE('',*,*,#3593,.F.);
#2109=ORIENTED_EDGE('',*,*,#3594,.F.);
#2110=ORIENTED_EDGE('',*,*,#3595,.T.);
#2111=ORIENTED_EDGE('',*,*,#3596,.T.);
#2112=ORIENTED_EDGE('',*,*,#3213,.F.);
#2113=ORIENTED_EDGE('',*,*,#3597,.F.);
#2114=CARTESIAN_POINT('',(3.15,3.5,2.22044604925031E-16));
#2115=DIRECTION('',(1.0,0.0,0.0));
#2116=DIRECTION('',(0.0,1.0,0.0));
#2117=ORIENTED_EDGE('',*,*,#3598,.T.);
#2118=ORIENTED_EDGE('',*,*,#3378,.T.);
#2119=ORIENTED_EDGE('',*,*,#3391,.F.);
#2120=ORIENTED_EDGE('',*,*,#3599,.F.);
#2121=ORIENTED_EDGE('',*,*,#3600,.T.);
#2122=ORIENTED_EDGE('',*,*,#3601,.F.);
#2123=CARTESIAN_POINT('',(0.0,0.0,0.0));
#2124=DIRECTION('',(0.0,-1.0,0.0));
#2125=DIRECTION('',(0.0,0.0,-1.0));
#2126=ORIENTED_EDGE('',*,*,#3389,.F.);
#2127=ORIENTED_EDGE('',*,*,#3386,.T.);
#2128=ORIENTED_EDGE('',*,*,#3602,.T.);
#2129=ORIENTED_EDGE('',*,*,#3603,.T.);
#2130=ORIENTED_EDGE('',*,*,#3604,.T.);
#2131=ORIENTED_EDGE('',*,*,#3605,.T.);
#2132=CARTESIAN_POINT('',(0.0,0.0,0.0));
#2133=DIRECTION('',(0.0,-1.0,0.0));
#2134=DIRECTION('',(0.0,0.0,-1.0));
#2135=ORIENTED_EDGE('',*,*,#3566,.F.);
#2136=ORIENTED_EDGE('',*,*,#3268,.T.);
#2137=ORIENTED_EDGE('',*,*,#3606,.F.);
#2138=ORIENTED_EDGE('',*,*,#3607,.T.);
#2139=CARTESIAN_POINT('',(-2.55,2.75,18.81));
#2140=DIRECTION('',(1.0,-6.30808536718839E-16,0.0));
#2141=DIRECTION('',(-6.30808536718839E-16,-1.0,0.0));
#2142=ORIENTED_EDGE('',*,*,#3567,.F.);
#2143=ORIENTED_EDGE('',*,*,#3607,.F.);
#2144=ORIENTED_EDGE('',*,*,#3608,.F.);
#2145=ORIENTED_EDGE('',*,*,#3555,.T.);
#2146=CARTESIAN_POINT('',(-2.4,2.75,18.81));
#2147=DIRECTION('',(0.0,0.0,1.0));
#2148=DIRECTION('',(-1.0,0.0,0.0));
#2149=ORIENTED_EDGE('',*,*,#3574,.F.);
#2150=ORIENTED_EDGE('',*,*,#3609,.F.);
#2151=ORIENTED_EDGE('',*,*,#3610,.F.);
#2152=ORIENTED_EDGE('',*,*,#3219,.F.);
#2153=CARTESIAN_POINT('',(2.55,0.0,18.81));
#2154=DIRECTION('',(-1.0,-6.30808536718839E-16,0.0));
#2155=DIRECTION('',(-6.30808536718839E-16,1.0,0.0));
#2156=ORIENTED_EDGE('',*,*,#3573,.F.);
#2157=ORIENTED_EDGE('',*,*,#3521,.F.);
#2158=ORIENTED_EDGE('',*,*,#3611,.F.);
#2159=ORIENTED_EDGE('',*,*,#3609,.T.);
#2160=CARTESIAN_POINT('',(2.4,2.75,18.81));
#2161=DIRECTION('',(0.0,0.0,1.0));
#2162=DIRECTION('',(-1.0,0.0,0.0));
#2163=ORIENTED_EDGE('',*,*,#3612,.T.);
#2164=ORIENTED_EDGE('',*,*,#3613,.T.);
#2165=ORIENTED_EDGE('',*,*,#3614,.F.);
#2166=ORIENTED_EDGE('',*,*,#3615,.T.);
#2167=ORIENTED_EDGE('',*,*,#3551,.T.);
#2168=ORIENTED_EDGE('',*,*,#3616,.T.);
#2169=ORIENTED_EDGE('',*,*,#3585,.F.);
#2170=ORIENTED_EDGE('',*,*,#3562,.F.);
#2171=ORIENTED_EDGE('',*,*,#3617,.T.);
#2172=ORIENTED_EDGE('',*,*,#3618,.F.);
#2173=ORIENTED_EDGE('',*,*,#3582,.F.);
#2174=ORIENTED_EDGE('',*,*,#3619,.T.);
#2175=ORIENTED_EDGE('',*,*,#3593,.T.);
#2176=ORIENTED_EDGE('',*,*,#3620,.F.);
#2177=ORIENTED_EDGE('',*,*,#3621,.T.);
#2178=ORIENTED_EDGE('',*,*,#3578,.F.);
#2179=ORIENTED_EDGE('',*,*,#3590,.T.);
#2180=ORIENTED_EDGE('',*,*,#3622,.T.);
#2181=ORIENTED_EDGE('',*,*,#3544,.T.);
#2182=ORIENTED_EDGE('',*,*,#3623,.T.);
#2183=ORIENTED_EDGE('',*,*,#3624,.T.);
#2184=ORIENTED_EDGE('',*,*,#3625,.T.);
#2185=ORIENTED_EDGE('',*,*,#3626,.F.);
#2186=ORIENTED_EDGE('',*,*,#3627,.T.);
#2187=ORIENTED_EDGE('',*,*,#3628,.T.);
#2188=ORIENTED_EDGE('',*,*,#3629,.T.);
#2189=ORIENTED_EDGE('',*,*,#3630,.F.);
#2190=ORIENTED_EDGE('',*,*,#3631,.T.);
#2191=ORIENTED_EDGE('',*,*,#3632,.T.);
#2192=ORIENTED_EDGE('',*,*,#3633,.T.);
#2193=ORIENTED_EDGE('',*,*,#3634,.F.);
#2194=ORIENTED_EDGE('',*,*,#3635,.T.);
#2195=CARTESIAN_POINT('',(3.15,3.35,1.60000000000001));
#2196=DIRECTION('',(-0.0,1.0,0.0));
#2197=DIRECTION('',(1.0,0.0,0.0));
#2198=ORIENTED_EDGE('',*,*,#3636,.F.);
#2199=ORIENTED_EDGE('',*,*,#3526,.F.);
#2200=ORIENTED_EDGE('',*,*,#3552,.F.);
#2201=ORIENTED_EDGE('',*,*,#3615,.F.);
#2202=ORIENTED_EDGE('',*,*,#3637,.T.);
#2203=ORIENTED_EDGE('',*,*,#3638,.F.);
#2204=ORIENTED_EDGE('',*,*,#3639,.F.);
#2205=ORIENTED_EDGE('',*,*,#3635,.F.);
#2206=ORIENTED_EDGE('',*,*,#3640,.T.);
#2207=ORIENTED_EDGE('',*,*,#3641,.F.);
#2208=ORIENTED_EDGE('',*,*,#3642,.F.);
#2209=ORIENTED_EDGE('',*,*,#3631,.F.);
#2210=ORIENTED_EDGE('',*,*,#3643,.T.);
#2211=ORIENTED_EDGE('',*,*,#3644,.F.);
#2212=ORIENTED_EDGE('',*,*,#3645,.F.);
#2213=ORIENTED_EDGE('',*,*,#3627,.F.);
#2214=ORIENTED_EDGE('',*,*,#3646,.F.);
#2215=ORIENTED_EDGE('',*,*,#3647,.F.);
#2216=ORIENTED_EDGE('',*,*,#3648,.T.);
#2217=ORIENTED_EDGE('',*,*,#3623,.F.);
#2218=ORIENTED_EDGE('',*,*,#3543,.T.);
#2219=ORIENTED_EDGE('',*,*,#3536,.F.);
#2220=ORIENTED_EDGE('',*,*,#3649,.T.);
#2221=ORIENTED_EDGE('',*,*,#3650,.T.);
#2222=ORIENTED_EDGE('',*,*,#3651,.T.);
#2223=ORIENTED_EDGE('',*,*,#3652,.T.);
#2224=ORIENTED_EDGE('',*,*,#3653,.T.);
#2225=ORIENTED_EDGE('',*,*,#3654,.T.);
#2226=ORIENTED_EDGE('',*,*,#3655,.T.);
#2227=ORIENTED_EDGE('',*,*,#3656,.T.);
#2228=ORIENTED_EDGE('',*,*,#3657,.T.);
#2229=ORIENTED_EDGE('',*,*,#3658,.T.);
#2230=ORIENTED_EDGE('',*,*,#3659,.F.);
#2231=ORIENTED_EDGE('',*,*,#3660,.T.);
#2232=ORIENTED_EDGE('',*,*,#3661,.T.);
#2233=ORIENTED_EDGE('',*,*,#3539,.T.);
#2234=ORIENTED_EDGE('',*,*,#3546,.T.);
#2235=ORIENTED_EDGE('',*,*,#3478,.F.);
#2236=ORIENTED_EDGE('',*,*,#3549,.F.);
#2237=ORIENTED_EDGE('',*,*,#3529,.T.);
#2238=ORIENTED_EDGE('',*,*,#3662,.F.);
#2239=ORIENTED_EDGE('',*,*,#3663,.F.);
#2240=ORIENTED_EDGE('',*,*,#3533,.T.);
#2241=ORIENTED_EDGE('',*,*,#3664,.F.);
#2242=ORIENTED_EDGE('',*,*,#3665,.F.);
#2243=ORIENTED_EDGE('',*,*,#3666,.F.);
#2244=ORIENTED_EDGE('',*,*,#3667,.F.);
#2245=ORIENTED_EDGE('',*,*,#3668,.F.);
#2246=ORIENTED_EDGE('',*,*,#3669,.F.);
#2247=ORIENTED_EDGE('',*,*,#3670,.F.);
#2248=ORIENTED_EDGE('',*,*,#3671,.F.);
#2249=ORIENTED_EDGE('',*,*,#3672,.F.);
#2250=CARTESIAN_POINT('',(-3.15,3.5,1.92881870865708E-16));
#2251=DIRECTION('',(0.0,0.0,-1.0));
#2252=DIRECTION('',(0.0,-1.0,0.0));
#2253=ORIENTED_EDGE('',*,*,#3517,.F.);
#2254=ORIENTED_EDGE('',*,*,#3673,.F.);
#2255=ORIENTED_EDGE('',*,*,#3674,.F.);
#2256=ORIENTED_EDGE('',*,*,#3214,.F.);
#2257=ORIENTED_EDGE('',*,*,#3596,.F.);
#2258=ORIENTED_EDGE('',*,*,#3675,.T.);
#2259=ORIENTED_EDGE('',*,*,#3587,.T.);
#2260=ORIENTED_EDGE('',*,*,#3273,.F.);
#2261=ORIENTED_EDGE('',*,*,#3676,.F.);
#2262=ORIENTED_EDGE('',*,*,#3677,.F.);
#2263=ORIENTED_EDGE('',*,*,#3678,.F.);
#2264=ORIENTED_EDGE('',*,*,#3252,.F.);
#2265=ORIENTED_EDGE('',*,*,#3598,.F.);
#2266=ORIENTED_EDGE('',*,*,#3679,.T.);
#2267=ORIENTED_EDGE('',*,*,#3680,.T.);
#2268=ORIENTED_EDGE('',*,*,#3681,.T.);
#2269=ORIENTED_EDGE('',*,*,#3602,.F.);
#2270=ORIENTED_EDGE('',*,*,#3221,.F.);
#2271=CARTESIAN_POINT('',(3.15,3.5,1.9));
#2272=DIRECTION('',(-3.78610282455256E-16,0.0,1.0));
#2273=DIRECTION('',(1.0,-0.0,3.78610282455256E-16));
#2274=ORIENTED_EDGE('',*,*,#3595,.F.);
#2275=ORIENTED_EDGE('',*,*,#3682,.T.);
#2276=ORIENTED_EDGE('',*,*,#3588,.F.);
#2277=ORIENTED_EDGE('',*,*,#3675,.F.);
#2278=CARTESIAN_POINT('',(0.0,3.5,0.0));
#2279=DIRECTION('',(0.0,-1.0,0.0));
#2280=DIRECTION('',(0.0,0.0,-1.0));
#2281=ORIENTED_EDGE('',*,*,#3683,.F.);
#2282=ORIENTED_EDGE('',*,*,#3684,.T.);
#2283=ORIENTED_EDGE('',*,*,#3676,.T.);
#2284=ORIENTED_EDGE('',*,*,#3272,.T.);
#2285=CARTESIAN_POINT('',(-2.55,2.75,18.81));
#2286=DIRECTION('',(1.0,-6.30808536718839E-16,0.0));
#2287=DIRECTION('',(-6.30808536718839E-16,-1.0,0.0));
#2288=ORIENTED_EDGE('',*,*,#3685,.F.);
#2289=ORIENTED_EDGE('',*,*,#3470,.T.);
#2290=ORIENTED_EDGE('',*,*,#3253,.F.);
#2291=ORIENTED_EDGE('',*,*,#3678,.T.);
#2292=ORIENTED_EDGE('',*,*,#3686,.F.);
#2293=CARTESIAN_POINT('',(-2.25,-4.44089209850063E-16,18.81));
#2294=DIRECTION('',(-1.0,1.5770213417971E-16,0.0));
#2295=DIRECTION('',(0.0,0.0,1.0));
#2296=ORIENTED_EDGE('',*,*,#3687,.F.);
#2297=ORIENTED_EDGE('',*,*,#3686,.T.);
#2298=ORIENTED_EDGE('',*,*,#3677,.T.);
#2299=ORIENTED_EDGE('',*,*,#3684,.F.);
#2300=CARTESIAN_POINT('',(-2.4,2.75,18.81));
#2301=DIRECTION('',(0.0,0.0,1.0));
#2302=DIRECTION('',(-1.0,0.0,0.0));
#2303=ORIENTED_EDGE('',*,*,#3688,.F.);
#2304=ORIENTED_EDGE('',*,*,#3215,.F.);
#2305=ORIENTED_EDGE('',*,*,#3674,.T.);
#2306=ORIENTED_EDGE('',*,*,#3689,.F.);
#2307=CARTESIAN_POINT('',(2.55,0.0,18.81));
#2308=DIRECTION('',(-1.0,-6.30808536718839E-16,0.0));
#2309=DIRECTION('',(-6.30808536718839E-16,1.0,0.0));
#2310=ORIENTED_EDGE('',*,*,#3690,.F.);
#2311=ORIENTED_EDGE('',*,*,#3689,.T.);
#2312=ORIENTED_EDGE('',*,*,#3673,.T.);
#2313=ORIENTED_EDGE('',*,*,#3516,.F.);
#2314=CARTESIAN_POINT('',(2.4,2.75,18.81));
#2315=DIRECTION('',(0.0,0.0,1.0));
#2316=DIRECTION('',(-1.0,0.0,0.0));
#2317=ORIENTED_EDGE('',*,*,#3589,.F.);
#2318=ORIENTED_EDGE('',*,*,#3682,.F.);
#2319=ORIENTED_EDGE('',*,*,#3594,.T.);
#2320=ORIENTED_EDGE('',*,*,#3619,.F.);
#2321=CARTESIAN_POINT('',(3.15,3.5,1.75000000000001));
#2322=DIRECTION('',(0.0,0.707106781186548,-0.707106781186548));
#2323=DIRECTION('',(-1.0,0.0,0.0));
#2324=ORIENTED_EDGE('',*,*,#3691,.T.);
#2325=ORIENTED_EDGE('',*,*,#3692,.F.);
#2326=ORIENTED_EDGE('',*,*,#3679,.F.);
#2327=ORIENTED_EDGE('',*,*,#3601,.T.);
#2328=CARTESIAN_POINT('',(-1.203,-1.55431223447522E-15,1.9));
#2329=DIRECTION('',(1.0,5.42101086242754E-16,0.0));
#2330=DIRECTION('',(-5.42101086242754E-16,1.0,0.0));
#2331=ORIENTED_EDGE('',*,*,#3693,.T.);
#2332=ORIENTED_EDGE('',*,*,#3694,.F.);
#2333=ORIENTED_EDGE('',*,*,#3680,.F.);
#2334=ORIENTED_EDGE('',*,*,#3692,.T.);
#2335=CARTESIAN_POINT('',(-1.203,-0.799999999999999,1.9));
#2336=DIRECTION('',(-3.15437041039008E-16,1.0,0.0));
#2337=DIRECTION('',(1.0,3.15437041039008E-16,-0.0));
#2338=ORIENTED_EDGE('',*,*,#3695,.T.);
#2339=ORIENTED_EDGE('',*,*,#3603,.F.);
#2340=ORIENTED_EDGE('',*,*,#3681,.F.);
#2341=ORIENTED_EDGE('',*,*,#3694,.T.);
#2342=CARTESIAN_POINT('',(1.203,-0.799999999999998,1.9));
#2343=DIRECTION('',(-1.0,-5.42101086242753E-16,0.0));
#2344=DIRECTION('',(-5.42101086242753E-16,1.0,0.0));
#2345=ORIENTED_EDGE('',*,*,#3696,.F.);
#2346=ORIENTED_EDGE('',*,*,#3697,.F.);
#2347=ORIENTED_EDGE('',*,*,#3698,.F.);
#2348=ORIENTED_EDGE('',*,*,#3699,.T.);
#2349=ORIENTED_EDGE('',*,*,#3700,.F.);
#2350=ORIENTED_EDGE('',*,*,#3701,.F.);
#2351=ORIENTED_EDGE('',*,*,#3702,.F.);
#2352=ORIENTED_EDGE('',*,*,#3703,.T.);
#2353=ORIENTED_EDGE('',*,*,#3704,.F.);
#2354=ORIENTED_EDGE('',*,*,#3705,.F.);
#2355=ORIENTED_EDGE('',*,*,#3706,.F.);
#2356=ORIENTED_EDGE('',*,*,#3707,.T.);
#2357=ORIENTED_EDGE('',*,*,#3708,.F.);
#2358=ORIENTED_EDGE('',*,*,#3709,.F.);
#2359=ORIENTED_EDGE('',*,*,#3710,.F.);
#2360=ORIENTED_EDGE('',*,*,#3711,.T.);
#2361=ORIENTED_EDGE('',*,*,#3691,.F.);
#2362=ORIENTED_EDGE('',*,*,#3600,.F.);
#2363=ORIENTED_EDGE('',*,*,#3712,.F.);
#2364=ORIENTED_EDGE('',*,*,#3713,.F.);
#2365=ORIENTED_EDGE('',*,*,#3714,.T.);
#2366=ORIENTED_EDGE('',*,*,#3604,.F.);
#2367=ORIENTED_EDGE('',*,*,#3695,.F.);
#2368=ORIENTED_EDGE('',*,*,#3693,.F.);
#2369=CARTESIAN_POINT('',(0.0,0.0,1.29));
#2370=DIRECTION('',(0.0,0.0,1.0));
#2371=DIRECTION('',(1.0,0.0,0.0));
#2372=ORIENTED_EDGE('',*,*,#3501,.T.);
#2373=ORIENTED_EDGE('',*,*,#3506,.T.);
#2374=ORIENTED_EDGE('',*,*,#3505,.F.);
#2375=ORIENTED_EDGE('',*,*,#3514,.F.);
#2376=ORIENTED_EDGE('',*,*,#3715,.T.);
#2377=ORIENTED_EDGE('',*,*,#3716,.T.);
#2378=ORIENTED_EDGE('',*,*,#3557,.F.);
#2379=ORIENTED_EDGE('',*,*,#3464,.F.);
#2380=ORIENTED_EDGE('',*,*,#3519,.T.);
#2381=ORIENTED_EDGE('',*,*,#3717,.T.);
#2382=ORIENTED_EDGE('',*,*,#3718,.F.);
#2383=ORIENTED_EDGE('',*,*,#3510,.F.);
#2384=ORIENTED_EDGE('',*,*,#3480,.T.);
#2385=ORIENTED_EDGE('',*,*,#3485,.T.);
#2386=ORIENTED_EDGE('',*,*,#3484,.F.);
#2387=ORIENTED_EDGE('',*,*,#3509,.F.);
#2388=ORIENTED_EDGE('',*,*,#3487,.T.);
#2389=ORIENTED_EDGE('',*,*,#3492,.T.);
#2390=ORIENTED_EDGE('',*,*,#3491,.F.);
#2391=ORIENTED_EDGE('',*,*,#3508,.F.);
#2392=ORIENTED_EDGE('',*,*,#3494,.T.);
#2393=ORIENTED_EDGE('',*,*,#3499,.T.);
#2394=ORIENTED_EDGE('',*,*,#3498,.F.);
#2395=ORIENTED_EDGE('',*,*,#3507,.F.);
#2396=CARTESIAN_POINT('',(1.238,0.0,0.460000000000009));
#2397=DIRECTION('',(0.0,0.0,1.0));
#2398=DIRECTION('',(1.0,0.0,0.0));
#2399=ORIENTED_EDGE('',*,*,#3719,.T.);
#2400=ORIENTED_EDGE('',*,*,#3512,.T.);
#2401=ORIENTED_EDGE('',*,*,#3720,.F.);
#2402=ORIENTED_EDGE('',*,*,#3721,.F.);
#2403=CARTESIAN_POINT('',(1.238,2.1,0.950000000000009));
#2404=DIRECTION('',(0.0,-1.0,0.0));
#2405=DIRECTION('',(0.0,0.0,-1.0));
#2406=ORIENTED_EDGE('',*,*,#3722,.T.);
#2407=ORIENTED_EDGE('',*,*,#3721,.T.);
#2408=ORIENTED_EDGE('',*,*,#3723,.F.);
#2409=ORIENTED_EDGE('',*,*,#3713,.T.);
#2410=CARTESIAN_POINT('',(1.238,2.1,1.25000000000001));
#2411=DIRECTION('',(0.0,-0.10202886549857,-0.994781438611052));
#2412=DIRECTION('',(0.0,-0.994781438611052,0.10202886549857));
#2413=ORIENTED_EDGE('',*,*,#3724,.F.);
#2414=ORIENTED_EDGE('',*,*,#3725,.T.);
#2415=ORIENTED_EDGE('',*,*,#3242,.F.);
#2416=ORIENTED_EDGE('',*,*,#3605,.F.);
#2417=ORIENTED_EDGE('',*,*,#3714,.F.);
#2418=ORIENTED_EDGE('',*,*,#3723,.T.);
#2419=ORIENTED_EDGE('',*,*,#3720,.T.);
#2420=ORIENTED_EDGE('',*,*,#3511,.T.);
#2421=ORIENTED_EDGE('',*,*,#3718,.T.);
#2422=CARTESIAN_POINT('',(1.238,0.0,0.0));
#2423=DIRECTION('',(1.0,0.0,0.0));
#2424=DIRECTION('',(0.0,1.0,0.0));
#2425=ORIENTED_EDGE('',*,*,#3726,.F.);
#2426=ORIENTED_EDGE('',*,*,#3727,.T.);
#2427=ORIENTED_EDGE('',*,*,#3715,.F.);
#2428=ORIENTED_EDGE('',*,*,#3513,.F.);
#2429=ORIENTED_EDGE('',*,*,#3719,.F.);
#2430=ORIENTED_EDGE('',*,*,#3722,.F.);
#2431=ORIENTED_EDGE('',*,*,#3712,.T.);
#2432=ORIENTED_EDGE('',*,*,#3599,.T.);
#2433=ORIENTED_EDGE('',*,*,#3248,.T.);
#2434=CARTESIAN_POINT('',(-1.238,0.0,0.0));
#2435=DIRECTION('',(1.0,0.0,0.0));
#2436=DIRECTION('',(0.0,1.0,0.0));
#2437=ORIENTED_EDGE('',*,*,#3247,.F.);
#2438=ORIENTED_EDGE('',*,*,#3728,.T.);
#2439=ORIENTED_EDGE('',*,*,#3729,.F.);
#2440=ORIENTED_EDGE('',*,*,#3726,.T.);
#2441=CARTESIAN_POINT('',(-1.235,0.8,0.910000000000008));
#2442=DIRECTION('',(-5.34089740140643E-16,0.0,1.0));
#2443=DIRECTION('',(1.0,-0.0,5.34089740140643E-16));
#2444=ORIENTED_EDGE('',*,*,#3558,.F.);
#2445=ORIENTED_EDGE('',*,*,#3287,.T.);
#2446=ORIENTED_EDGE('',*,*,#3300,.T.);
#2447=ORIENTED_EDGE('',*,*,#3553,.F.);
#2448=ORIENTED_EDGE('',*,*,#3716,.F.);
#2449=ORIENTED_EDGE('',*,*,#3727,.F.);
#2450=ORIENTED_EDGE('',*,*,#3729,.T.);
#2451=ORIENTED_EDGE('',*,*,#3730,.F.);
#2452=CARTESIAN_POINT('',(0.0,0.8,0.0));
#2453=DIRECTION('',(0.0,-1.0,0.0));
#2454=DIRECTION('',(0.0,0.0,-1.0));
#2455=ORIENTED_EDGE('',*,*,#3731,.F.);
#2456=ORIENTED_EDGE('',*,*,#3570,.T.);
#2457=ORIENTED_EDGE('',*,*,#3243,.F.);
#2458=ORIENTED_EDGE('',*,*,#3725,.F.);
#2459=CARTESIAN_POINT('',(2.25,0.8,0.910000000000007));
#2460=DIRECTION('',(5.34089740140643E-16,0.0,1.0));
#2461=DIRECTION('',(1.0,0.0,-5.34089740140643E-16));
#2462=ORIENTED_EDGE('',*,*,#3310,.F.);
#2463=ORIENTED_EDGE('',*,*,#3278,.T.);
#2464=ORIENTED_EDGE('',*,*,#3581,.F.);
#2465=ORIENTED_EDGE('',*,*,#3571,.F.);
#2466=ORIENTED_EDGE('',*,*,#3731,.T.);
#2467=ORIENTED_EDGE('',*,*,#3724,.T.);
#2468=ORIENTED_EDGE('',*,*,#3717,.F.);
#2469=ORIENTED_EDGE('',*,*,#3518,.F.);
#2470=CARTESIAN_POINT('',(0.0,0.8,0.0));
#2471=DIRECTION('',(0.0,-1.0,0.0));
#2472=DIRECTION('',(0.0,0.0,-1.0));
#2473=ORIENTED_EDGE('',*,*,#3520,.T.);
#2474=ORIENTED_EDGE('',*,*,#3469,.T.);
#2475=ORIENTED_EDGE('',*,*,#3545,.T.);
#2476=ORIENTED_EDGE('',*,*,#3622,.F.);
#2477=ORIENTED_EDGE('',*,*,#3597,.T.);
#2478=ORIENTED_EDGE('',*,*,#3212,.T.);
#2479=ORIENTED_EDGE('',*,*,#3610,.T.);
#2480=ORIENTED_EDGE('',*,*,#3611,.T.);
#2481=CARTESIAN_POINT('',(3.15,33.165,0.239999999999997));
#2482=DIRECTION('',(6.0910234409298E-16,0.0,1.0));
#2483=DIRECTION('',(1.0,0.0,-6.0910234409298E-16));
#2484=ORIENTED_EDGE('',*,*,#3550,.F.);
#2485=ORIENTED_EDGE('',*,*,#3466,.T.);
#2486=ORIENTED_EDGE('',*,*,#3556,.T.);
#2487=ORIENTED_EDGE('',*,*,#3608,.T.);
#2488=ORIENTED_EDGE('',*,*,#3606,.T.);
#2489=ORIENTED_EDGE('',*,*,#3275,.T.);
#2490=ORIENTED_EDGE('',*,*,#3586,.F.);
#2491=ORIENTED_EDGE('',*,*,#3616,.F.);
#2492=CARTESIAN_POINT('',(-1.815,33.165,0.239999999999997));
#2493=DIRECTION('',(-6.0910234409298E-16,0.0,1.0));
#2494=DIRECTION('',(1.0,-0.0,6.0910234409298E-16));
#2495=ORIENTED_EDGE('',*,*,#3732,.F.);
#2496=ORIENTED_EDGE('',*,*,#3733,.T.);
#2497=ORIENTED_EDGE('',*,*,#3575,.T.);
#2498=ORIENTED_EDGE('',*,*,#3217,.F.);
#2499=CARTESIAN_POINT('',(2.653,33.165,0.729999999999993));
#2500=DIRECTION('',(1.0,0.0,6.6720133691415E-16));
#2501=DIRECTION('',(-6.6720133691415E-16,0.0,1.0));
#2502=ORIENTED_EDGE('',*,*,#3282,.F.);
#2503=ORIENTED_EDGE('',*,*,#3237,.F.);
#2504=ORIENTED_EDGE('',*,*,#3569,.F.);
#2505=ORIENTED_EDGE('',*,*,#3734,.F.);
#2506=ORIENTED_EDGE('',*,*,#3735,.F.);
#2507=ORIENTED_EDGE('',*,*,#3620,.T.);
#2508=ORIENTED_EDGE('',*,*,#3592,.T.);
#2509=ORIENTED_EDGE('',*,*,#3736,.T.);
#2510=ORIENTED_EDGE('',*,*,#3732,.T.);
#2511=ORIENTED_EDGE('',*,*,#3216,.F.);
#2512=ORIENTED_EDGE('',*,*,#3688,.T.);
#2513=ORIENTED_EDGE('',*,*,#3690,.T.);
#2514=ORIENTED_EDGE('',*,*,#3515,.T.);
#2515=ORIENTED_EDGE('',*,*,#3473,.T.);
#2516=CARTESIAN_POINT('',(2.653,33.165,1.38));
#2517=DIRECTION('',(-5.42101086242753E-16,0.0,1.0));
#2518=DIRECTION('',(1.0,-0.0,5.42101086242753E-16));
#2519=ORIENTED_EDGE('',*,*,#3737,.F.);
#2520=ORIENTED_EDGE('',*,*,#3738,.F.);
#2521=ORIENTED_EDGE('',*,*,#3559,.T.);
#2522=ORIENTED_EDGE('',*,*,#3730,.T.);
#2523=ORIENTED_EDGE('',*,*,#3728,.F.);
#2524=ORIENTED_EDGE('',*,*,#3246,.F.);
#2525=CARTESIAN_POINT('',(-1.853,33.165,0.729999999999998));
#2526=DIRECTION('',(1.0,0.0,-3.33600668457078E-16));
#2527=DIRECTION('',(-3.33600668457078E-16,0.0,-1.0));
#2528=ORIENTED_EDGE('',*,*,#3565,.F.);
#2529=ORIENTED_EDGE('',*,*,#3739,.T.);
#2530=ORIENTED_EDGE('',*,*,#3740,.T.);
#2531=ORIENTED_EDGE('',*,*,#3270,.F.);
#2532=CARTESIAN_POINT('',(-2.653,33.165,1.38));
#2533=DIRECTION('',(-1.0,0.0,6.67201336914156E-16));
#2534=DIRECTION('',(0.0,1.0,0.0));
#2535=ORIENTED_EDGE('',*,*,#3294,.F.);
#2536=ORIENTED_EDGE('',*,*,#3471,.F.);
#2537=ORIENTED_EDGE('',*,*,#3685,.T.);
#2538=ORIENTED_EDGE('',*,*,#3687,.T.);
#2539=ORIENTED_EDGE('',*,*,#3683,.T.);
#2540=ORIENTED_EDGE('',*,*,#3271,.F.);
#2541=ORIENTED_EDGE('',*,*,#3740,.F.);
#2542=ORIENTED_EDGE('',*,*,#3741,.T.);
#2543=ORIENTED_EDGE('',*,*,#3583,.F.);
#2544=ORIENTED_EDGE('',*,*,#3618,.T.);
#2545=ORIENTED_EDGE('',*,*,#3742,.F.);
#2546=ORIENTED_EDGE('',*,*,#3743,.F.);
#2547=ORIENTED_EDGE('',*,*,#3737,.T.);
#2548=ORIENTED_EDGE('',*,*,#3245,.F.);
#2549=CARTESIAN_POINT('',(-1.853,33.165,1.38));
#2550=DIRECTION('',(5.42101086242753E-16,0.0,1.0));
#2551=DIRECTION('',(1.0,0.0,-5.42101086242753E-16));
#2552=ORIENTED_EDGE('',*,*,#3733,.F.);
#2553=ORIENTED_EDGE('',*,*,#3736,.F.);
#2554=ORIENTED_EDGE('',*,*,#3591,.F.);
#2555=ORIENTED_EDGE('',*,*,#3576,.F.);
#2556=CARTESIAN_POINT('',(0.0,0.5,0.0));
#2557=DIRECTION('',(0.0,-1.0,0.0));
#2558=DIRECTION('',(0.0,0.0,-1.0));
#2559=ORIENTED_EDGE('',*,*,#3584,.F.);
#2560=ORIENTED_EDGE('',*,*,#3741,.F.);
#2561=ORIENTED_EDGE('',*,*,#3739,.F.);
#2562=ORIENTED_EDGE('',*,*,#3564,.F.);
#2563=CARTESIAN_POINT('',(0.0,0.5,0.0));
#2564=DIRECTION('',(0.0,-1.0,0.0));
#2565=DIRECTION('',(0.0,0.0,-1.0));
#2566=ORIENTED_EDGE('',*,*,#3734,.T.);
#2567=ORIENTED_EDGE('',*,*,#3568,.F.);
#2568=ORIENTED_EDGE('',*,*,#3580,.T.);
#2569=ORIENTED_EDGE('',*,*,#3744,.F.);
#2570=CARTESIAN_POINT('',(1.853,1.95,13.662));
#2571=DIRECTION('',(-0.894427190999916,0.447213595499957,0.0));
#2572=DIRECTION('',(0.0,0.0,1.0));
#2573=ORIENTED_EDGE('',*,*,#3735,.T.);
#2574=ORIENTED_EDGE('',*,*,#3744,.T.);
#2575=ORIENTED_EDGE('',*,*,#3579,.T.);
#2576=ORIENTED_EDGE('',*,*,#3621,.F.);
#2577=CARTESIAN_POINT('',(2.003,2.25,13.662));
#2578=DIRECTION('',(-1.0,-3.94255335449274E-16,0.0));
#2579=DIRECTION('',(-3.94255335449274E-16,1.0,0.0));
#2580=ORIENTED_EDGE('',*,*,#3742,.T.);
#2581=ORIENTED_EDGE('',*,*,#3617,.F.);
#2582=ORIENTED_EDGE('',*,*,#3561,.T.);
#2583=ORIENTED_EDGE('',*,*,#3745,.F.);
#2584=CARTESIAN_POINT('',(-2.003,3.35,13.662));
#2585=DIRECTION('',(1.0,-3.94255335449274E-16,0.0));
#2586=DIRECTION('',(-3.94255335449274E-16,-1.0,0.0));
#2587=ORIENTED_EDGE('',*,*,#3743,.T.);
#2588=ORIENTED_EDGE('',*,*,#3745,.T.);
#2589=ORIENTED_EDGE('',*,*,#3560,.T.);
#2590=ORIENTED_EDGE('',*,*,#3738,.T.);
#2591=CARTESIAN_POINT('',(-2.003,2.25,13.662));
#2592=DIRECTION('',(0.894427190999916,0.447213595499957,0.0));
#2593=DIRECTION('',(0.0,0.0,-1.0));
#2594=ORIENTED_EDGE('',*,*,#3208,.T.);
#2595=ORIENTED_EDGE('',*,*,#3746,.T.);
#2596=ORIENTED_EDGE('',*,*,#3747,.F.);
#2597=ORIENTED_EDGE('',*,*,#3748,.F.);
#2598=CARTESIAN_POINT('',(0.85,0.399999999999999,1.2000539022124));
#2599=DIRECTION('',(1.0,-0.0,0.0));
#2600=DIRECTION('',(0.0,0.0,1.0));
#2601=ORIENTED_EDGE('',*,*,#3749,.F.);
#2602=ORIENTED_EDGE('',*,*,#3750,.T.);
#2603=ORIENTED_EDGE('',*,*,#3751,.T.);
#2604=ORIENTED_EDGE('',*,*,#3210,.F.);
#2605=CARTESIAN_POINT('',(0.85,0.445006857667709,1.17827357248857));
#2606=DIRECTION('',(0.0,-0.900137153354154,0.435606594476577));
#2607=DIRECTION('',(-1.0,0.0,0.0));
#2608=ORIENTED_EDGE('',*,*,#3709,.T.);
#2609=ORIENTED_EDGE('',*,*,#3752,.F.);
#2610=ORIENTED_EDGE('',*,*,#3746,.F.);
#2611=ORIENTED_EDGE('',*,*,#3211,.F.);
#2612=ORIENTED_EDGE('',*,*,#3751,.F.);
#2613=ORIENTED_EDGE('',*,*,#3753,.F.);
#2614=CARTESIAN_POINT('',(0.85,0.32,0.42));
#2615=DIRECTION('',(1.0,0.0,0.0));
#2616=DIRECTION('',(0.0,1.0,0.0));
#2617=ORIENTED_EDGE('',*,*,#3754,.T.);
#2618=ORIENTED_EDGE('',*,*,#3711,.F.);
#2619=ORIENTED_EDGE('',*,*,#3755,.T.);
#2620=ORIENTED_EDGE('',*,*,#3749,.T.);
#2621=ORIENTED_EDGE('',*,*,#3209,.T.);
#2622=ORIENTED_EDGE('',*,*,#3748,.T.);
#2623=CARTESIAN_POINT('',(0.65,0.32,0.42));
#2624=DIRECTION('',(1.0,0.0,0.0));
#2625=DIRECTION('',(0.0,1.0,0.0));
#2626=ORIENTED_EDGE('',*,*,#3755,.F.);
#2627=ORIENTED_EDGE('',*,*,#3710,.T.);
#2628=ORIENTED_EDGE('',*,*,#3753,.T.);
#2629=ORIENTED_EDGE('',*,*,#3750,.F.);
#2630=CARTESIAN_POINT('',(0.85,0.470039012877312,1.23));
#2631=DIRECTION('',(0.0,-0.0513270966819648,0.998681895873856));
#2632=DIRECTION('',(-1.0,0.0,0.0));
#2633=ORIENTED_EDGE('',*,*,#3752,.T.);
#2634=ORIENTED_EDGE('',*,*,#3708,.T.);
#2635=ORIENTED_EDGE('',*,*,#3754,.F.);
#2636=ORIENTED_EDGE('',*,*,#3747,.T.);
#2637=CARTESIAN_POINT('',(0.85,-0.0159610837432329,1.40237106504143));
#2638=DIRECTION('',(0.0,0.53203612477443,0.846721655525006));
#2639=DIRECTION('',(1.0,-0.0,0.0));
#2640=ORIENTED_EDGE('',*,*,#3756,.F.);
#2641=ORIENTED_EDGE('',*,*,#3624,.F.);
#2642=ORIENTED_EDGE('',*,*,#3648,.F.);
#2643=ORIENTED_EDGE('',*,*,#3757,.F.);
#2644=ORIENTED_EDGE('',*,*,#3758,.F.);
#2645=ORIENTED_EDGE('',*,*,#3759,.F.);
#2646=CARTESIAN_POINT('',(0.85,0.32,0.42));
#2647=DIRECTION('',(1.0,0.0,0.0));
#2648=DIRECTION('',(0.0,1.0,0.0));
#2649=ORIENTED_EDGE('',*,*,#3626,.T.);
#2650=ORIENTED_EDGE('',*,*,#3760,.T.);
#2651=ORIENTED_EDGE('',*,*,#3761,.T.);
#2652=ORIENTED_EDGE('',*,*,#3762,.T.);
#2653=ORIENTED_EDGE('',*,*,#3763,.T.);
#2654=ORIENTED_EDGE('',*,*,#3646,.T.);
#2655=CARTESIAN_POINT('',(0.65,0.32,0.42));
#2656=DIRECTION('',(1.0,0.0,0.0));
#2657=DIRECTION('',(0.0,1.0,0.0));
#2658=ORIENTED_EDGE('',*,*,#3763,.F.);
#2659=ORIENTED_EDGE('',*,*,#3764,.F.);
#2660=ORIENTED_EDGE('',*,*,#3757,.T.);
#2661=ORIENTED_EDGE('',*,*,#3647,.T.);
#2662=CARTESIAN_POINT('',(0.85,4.2,0.0));
#2663=DIRECTION('',(0.0,-1.0,0.0));
#2664=DIRECTION('',(0.0,0.0,-1.0));
#2665=ORIENTED_EDGE('',*,*,#3762,.F.);
#2666=ORIENTED_EDGE('',*,*,#3765,.F.);
#2667=ORIENTED_EDGE('',*,*,#3758,.T.);
#2668=ORIENTED_EDGE('',*,*,#3764,.T.);
#2669=CARTESIAN_POINT('',(0.85,4.2,0.18));
#2670=DIRECTION('',(0.0,5.42101086242751E-17,-1.0));
#2671=DIRECTION('',(-1.0,0.0,0.0));
#2672=ORIENTED_EDGE('',*,*,#3761,.F.);
#2673=ORIENTED_EDGE('',*,*,#3766,.F.);
#2674=ORIENTED_EDGE('',*,*,#3759,.T.);
#2675=ORIENTED_EDGE('',*,*,#3765,.T.);
#2676=CARTESIAN_POINT('',(0.85,3.7,0.18));
#2677=DIRECTION('',(0.0,-1.0,0.0));
#2678=DIRECTION('',(0.0,0.0,-1.0));
#2679=ORIENTED_EDGE('',*,*,#3760,.F.);
#2680=ORIENTED_EDGE('',*,*,#3625,.F.);
#2681=ORIENTED_EDGE('',*,*,#3756,.T.);
#2682=ORIENTED_EDGE('',*,*,#3766,.T.);
#2683=CARTESIAN_POINT('',(0.85,3.7,0.79));
#2684=DIRECTION('',(0.0,0.0,-1.0));
#2685=DIRECTION('',(0.0,-1.0,0.0));
#2686=ORIENTED_EDGE('',*,*,#3204,.T.);
#2687=ORIENTED_EDGE('',*,*,#3767,.T.);
#2688=ORIENTED_EDGE('',*,*,#3768,.F.);
#2689=ORIENTED_EDGE('',*,*,#3769,.F.);
#2690=CARTESIAN_POINT('',(0.35,0.399999999999999,1.2000539022124));
#2691=DIRECTION('',(1.0,-0.0,0.0));
#2692=DIRECTION('',(0.0,0.0,1.0));
#2693=ORIENTED_EDGE('',*,*,#3770,.F.);
#2694=ORIENTED_EDGE('',*,*,#3771,.T.);
#2695=ORIENTED_EDGE('',*,*,#3772,.T.);
#2696=ORIENTED_EDGE('',*,*,#3206,.F.);
#2697=CARTESIAN_POINT('',(0.35,0.445006857667709,1.17827357248857));
#2698=DIRECTION('',(0.0,-0.900137153354154,0.435606594476577));
#2699=DIRECTION('',(-1.0,0.0,0.0));
#2700=ORIENTED_EDGE('',*,*,#3705,.T.);
#2701=ORIENTED_EDGE('',*,*,#3773,.F.);
#2702=ORIENTED_EDGE('',*,*,#3767,.F.);
#2703=ORIENTED_EDGE('',*,*,#3207,.F.);
#2704=ORIENTED_EDGE('',*,*,#3772,.F.);
#2705=ORIENTED_EDGE('',*,*,#3774,.F.);
#2706=CARTESIAN_POINT('',(0.35,0.32,0.42));
#2707=DIRECTION('',(1.0,0.0,0.0));
#2708=DIRECTION('',(0.0,1.0,0.0));
#2709=ORIENTED_EDGE('',*,*,#3775,.T.);
#2710=ORIENTED_EDGE('',*,*,#3707,.F.);
#2711=ORIENTED_EDGE('',*,*,#3776,.T.);
#2712=ORIENTED_EDGE('',*,*,#3770,.T.);
#2713=ORIENTED_EDGE('',*,*,#3205,.T.);
#2714=ORIENTED_EDGE('',*,*,#3769,.T.);
#2715=CARTESIAN_POINT('',(0.15,0.32,0.42));
#2716=DIRECTION('',(1.0,0.0,0.0));
#2717=DIRECTION('',(0.0,1.0,0.0));
#2718=ORIENTED_EDGE('',*,*,#3776,.F.);
#2719=ORIENTED_EDGE('',*,*,#3706,.T.);
#2720=ORIENTED_EDGE('',*,*,#3774,.T.);
#2721=ORIENTED_EDGE('',*,*,#3771,.F.);
#2722=CARTESIAN_POINT('',(0.35,0.470039012877312,1.23));
#2723=DIRECTION('',(0.0,-0.0513270966819648,0.998681895873856));
#2724=DIRECTION('',(-1.0,0.0,0.0));
#2725=ORIENTED_EDGE('',*,*,#3773,.T.);
#2726=ORIENTED_EDGE('',*,*,#3704,.T.);
#2727=ORIENTED_EDGE('',*,*,#3775,.F.);
#2728=ORIENTED_EDGE('',*,*,#3768,.T.);
#2729=CARTESIAN_POINT('',(0.35,-0.0159610837432329,1.40237106504143));
#2730=DIRECTION('',(0.0,0.53203612477443,0.846721655525006));
#2731=DIRECTION('',(1.0,-0.0,0.0));
#2732=ORIENTED_EDGE('',*,*,#3777,.F.);
#2733=ORIENTED_EDGE('',*,*,#3628,.F.);
#2734=ORIENTED_EDGE('',*,*,#3645,.T.);
#2735=ORIENTED_EDGE('',*,*,#3778,.F.);
#2736=ORIENTED_EDGE('',*,*,#3779,.F.);
#2737=ORIENTED_EDGE('',*,*,#3780,.F.);
#2738=CARTESIAN_POINT('',(0.35,0.32,0.42));
#2739=DIRECTION('',(1.0,0.0,0.0));
#2740=DIRECTION('',(0.0,1.0,0.0));
#2741=ORIENTED_EDGE('',*,*,#3630,.T.);
#2742=ORIENTED_EDGE('',*,*,#3781,.T.);
#2743=ORIENTED_EDGE('',*,*,#3782,.T.);
#2744=ORIENTED_EDGE('',*,*,#3783,.T.);
#2745=ORIENTED_EDGE('',*,*,#3784,.T.);
#2746=ORIENTED_EDGE('',*,*,#3643,.F.);
#2747=CARTESIAN_POINT('',(0.15,0.32,0.42));
#2748=DIRECTION('',(1.0,0.0,0.0));
#2749=DIRECTION('',(0.0,1.0,0.0));
#2750=ORIENTED_EDGE('',*,*,#3784,.F.);
#2751=ORIENTED_EDGE('',*,*,#3785,.F.);
#2752=ORIENTED_EDGE('',*,*,#3778,.T.);
#2753=ORIENTED_EDGE('',*,*,#3644,.T.);
#2754=CARTESIAN_POINT('',(0.35,4.2,0.0));
#2755=DIRECTION('',(0.0,-1.0,0.0));
#2756=DIRECTION('',(0.0,0.0,-1.0));
#2757=ORIENTED_EDGE('',*,*,#3783,.F.);
#2758=ORIENTED_EDGE('',*,*,#3786,.F.);
#2759=ORIENTED_EDGE('',*,*,#3779,.T.);
#2760=ORIENTED_EDGE('',*,*,#3785,.T.);
#2761=CARTESIAN_POINT('',(0.35,4.2,0.18));
#2762=DIRECTION('',(0.0,5.42101086242751E-17,-1.0));
#2763=DIRECTION('',(-1.0,0.0,0.0));
#2764=ORIENTED_EDGE('',*,*,#3782,.F.);
#2765=ORIENTED_EDGE('',*,*,#3787,.F.);
#2766=ORIENTED_EDGE('',*,*,#3780,.T.);
#2767=ORIENTED_EDGE('',*,*,#3786,.T.);
#2768=CARTESIAN_POINT('',(0.35,3.7,0.18));
#2769=DIRECTION('',(0.0,-1.0,0.0));
#2770=DIRECTION('',(0.0,0.0,-1.0));
#2771=ORIENTED_EDGE('',*,*,#3781,.F.);
#2772=ORIENTED_EDGE('',*,*,#3629,.F.);
#2773=ORIENTED_EDGE('',*,*,#3777,.T.);
#2774=ORIENTED_EDGE('',*,*,#3787,.T.);
#2775=CARTESIAN_POINT('',(0.35,3.7,0.79));
#2776=DIRECTION('',(0.0,0.0,-1.0));
#2777=DIRECTION('',(0.0,-1.0,0.0));
#2778=ORIENTED_EDGE('',*,*,#3200,.T.);
#2779=ORIENTED_EDGE('',*,*,#3788,.T.);
#2780=ORIENTED_EDGE('',*,*,#3789,.F.);
#2781=ORIENTED_EDGE('',*,*,#3790,.F.);
#2782=CARTESIAN_POINT('',(-0.15,0.399999999999999,1.2000539022124));
#2783=DIRECTION('',(1.0,-0.0,0.0));
#2784=DIRECTION('',(0.0,0.0,1.0));
#2785=ORIENTED_EDGE('',*,*,#3791,.F.);
#2786=ORIENTED_EDGE('',*,*,#3792,.T.);
#2787=ORIENTED_EDGE('',*,*,#3793,.T.);
#2788=ORIENTED_EDGE('',*,*,#3202,.F.);
#2789=CARTESIAN_POINT('',(-0.15,0.445006857667709,1.17827357248857));
#2790=DIRECTION('',(0.0,-0.900137153354154,0.435606594476577));
#2791=DIRECTION('',(-1.0,0.0,0.0));
#2792=ORIENTED_EDGE('',*,*,#3701,.T.);
#2793=ORIENTED_EDGE('',*,*,#3794,.F.);
#2794=ORIENTED_EDGE('',*,*,#3788,.F.);
#2795=ORIENTED_EDGE('',*,*,#3203,.F.);
#2796=ORIENTED_EDGE('',*,*,#3793,.F.);
#2797=ORIENTED_EDGE('',*,*,#3795,.F.);
#2798=CARTESIAN_POINT('',(-0.15,0.32,0.42));
#2799=DIRECTION('',(1.0,0.0,0.0));
#2800=DIRECTION('',(0.0,1.0,0.0));
#2801=ORIENTED_EDGE('',*,*,#3796,.T.);
#2802=ORIENTED_EDGE('',*,*,#3703,.F.);
#2803=ORIENTED_EDGE('',*,*,#3797,.T.);
#2804=ORIENTED_EDGE('',*,*,#3791,.T.);
#2805=ORIENTED_EDGE('',*,*,#3201,.T.);
#2806=ORIENTED_EDGE('',*,*,#3790,.T.);
#2807=CARTESIAN_POINT('',(-0.35,0.32,0.42));
#2808=DIRECTION('',(1.0,0.0,0.0));
#2809=DIRECTION('',(0.0,1.0,0.0));
#2810=ORIENTED_EDGE('',*,*,#3797,.F.);
#2811=ORIENTED_EDGE('',*,*,#3702,.T.);
#2812=ORIENTED_EDGE('',*,*,#3795,.T.);
#2813=ORIENTED_EDGE('',*,*,#3792,.F.);
#2814=CARTESIAN_POINT('',(-0.15,0.470039012877312,1.23));
#2815=DIRECTION('',(0.0,-0.0513270966819648,0.998681895873856));
#2816=DIRECTION('',(-1.0,0.0,0.0));
#2817=ORIENTED_EDGE('',*,*,#3794,.T.);
#2818=ORIENTED_EDGE('',*,*,#3700,.T.);
#2819=ORIENTED_EDGE('',*,*,#3796,.F.);
#2820=ORIENTED_EDGE('',*,*,#3789,.T.);
#2821=CARTESIAN_POINT('',(-0.15,-0.0159610837432329,1.40237106504143));
#2822=DIRECTION('',(0.0,0.53203612477443,0.846721655525006));
#2823=DIRECTION('',(1.0,-0.0,0.0));
#2824=ORIENTED_EDGE('',*,*,#3798,.F.);
#2825=ORIENTED_EDGE('',*,*,#3632,.F.);
#2826=ORIENTED_EDGE('',*,*,#3642,.T.);
#2827=ORIENTED_EDGE('',*,*,#3799,.F.);
#2828=ORIENTED_EDGE('',*,*,#3800,.F.);
#2829=ORIENTED_EDGE('',*,*,#3801,.F.);
#2830=CARTESIAN_POINT('',(-0.15,0.32,0.42));
#2831=DIRECTION('',(1.0,0.0,0.0));
#2832=DIRECTION('',(0.0,1.0,0.0));
#2833=ORIENTED_EDGE('',*,*,#3634,.T.);
#2834=ORIENTED_EDGE('',*,*,#3802,.T.);
#2835=ORIENTED_EDGE('',*,*,#3803,.T.);
#2836=ORIENTED_EDGE('',*,*,#3804,.T.);
#2837=ORIENTED_EDGE('',*,*,#3805,.T.);
#2838=ORIENTED_EDGE('',*,*,#3640,.F.);
#2839=CARTESIAN_POINT('',(-0.35,0.32,0.42));
#2840=DIRECTION('',(1.0,0.0,0.0));
#2841=DIRECTION('',(0.0,1.0,0.0));
#2842=ORIENTED_EDGE('',*,*,#3805,.F.);
#2843=ORIENTED_EDGE('',*,*,#3806,.F.);
#2844=ORIENTED_EDGE('',*,*,#3799,.T.);
#2845=ORIENTED_EDGE('',*,*,#3641,.T.);
#2846=CARTESIAN_POINT('',(-0.15,4.2,0.0));
#2847=DIRECTION('',(0.0,-1.0,0.0));
#2848=DIRECTION('',(0.0,0.0,-1.0));
#2849=ORIENTED_EDGE('',*,*,#3804,.F.);
#2850=ORIENTED_EDGE('',*,*,#3807,.F.);
#2851=ORIENTED_EDGE('',*,*,#3800,.T.);
#2852=ORIENTED_EDGE('',*,*,#3806,.T.);
#2853=CARTESIAN_POINT('',(-0.15,4.2,0.18));
#2854=DIRECTION('',(0.0,5.42101086242751E-17,-1.0));
#2855=DIRECTION('',(-1.0,0.0,0.0));
#2856=ORIENTED_EDGE('',*,*,#3803,.F.);
#2857=ORIENTED_EDGE('',*,*,#3808,.F.);
#2858=ORIENTED_EDGE('',*,*,#3801,.T.);
#2859=ORIENTED_EDGE('',*,*,#3807,.T.);
#2860=CARTESIAN_POINT('',(-0.15,3.7,0.18));
#2861=DIRECTION('',(0.0,-1.0,0.0));
#2862=DIRECTION('',(0.0,0.0,-1.0));
#2863=ORIENTED_EDGE('',*,*,#3802,.F.);
#2864=ORIENTED_EDGE('',*,*,#3633,.F.);
#2865=ORIENTED_EDGE('',*,*,#3798,.T.);
#2866=ORIENTED_EDGE('',*,*,#3808,.T.);
#2867=CARTESIAN_POINT('',(-0.15,3.7,0.79));
#2868=DIRECTION('',(0.0,0.0,-1.0));
#2869=DIRECTION('',(0.0,-1.0,0.0));
#2870=ORIENTED_EDGE('',*,*,#3196,.T.);
#2871=ORIENTED_EDGE('',*,*,#3809,.T.);
#2872=ORIENTED_EDGE('',*,*,#3810,.F.);
#2873=ORIENTED_EDGE('',*,*,#3811,.F.);
#2874=CARTESIAN_POINT('',(-0.65,0.399999999999999,1.2000539022124));
#2875=DIRECTION('',(1.0,-0.0,0.0));
#2876=DIRECTION('',(0.0,0.0,1.0));
#2877=ORIENTED_EDGE('',*,*,#3812,.F.);
#2878=ORIENTED_EDGE('',*,*,#3813,.T.);
#2879=ORIENTED_EDGE('',*,*,#3814,.T.);
#2880=ORIENTED_EDGE('',*,*,#3198,.F.);
#2881=CARTESIAN_POINT('',(-0.65,0.445006857667709,1.17827357248857));
#2882=DIRECTION('',(0.0,-0.900137153354154,0.435606594476577));
#2883=DIRECTION('',(-1.0,0.0,0.0));
#2884=ORIENTED_EDGE('',*,*,#3697,.T.);
#2885=ORIENTED_EDGE('',*,*,#3815,.F.);
#2886=ORIENTED_EDGE('',*,*,#3809,.F.);
#2887=ORIENTED_EDGE('',*,*,#3199,.F.);
#2888=ORIENTED_EDGE('',*,*,#3814,.F.);
#2889=ORIENTED_EDGE('',*,*,#3816,.F.);
#2890=CARTESIAN_POINT('',(-0.65,0.32,0.42));
#2891=DIRECTION('',(1.0,0.0,0.0));
#2892=DIRECTION('',(0.0,1.0,0.0));
#2893=ORIENTED_EDGE('',*,*,#3817,.T.);
#2894=ORIENTED_EDGE('',*,*,#3699,.F.);
#2895=ORIENTED_EDGE('',*,*,#3818,.T.);
#2896=ORIENTED_EDGE('',*,*,#3812,.T.);
#2897=ORIENTED_EDGE('',*,*,#3197,.T.);
#2898=ORIENTED_EDGE('',*,*,#3811,.T.);
#2899=CARTESIAN_POINT('',(-0.85,0.32,0.42));
#2900=DIRECTION('',(1.0,0.0,0.0));
#2901=DIRECTION('',(0.0,1.0,0.0));
#2902=ORIENTED_EDGE('',*,*,#3818,.F.);
#2903=ORIENTED_EDGE('',*,*,#3698,.T.);
#2904=ORIENTED_EDGE('',*,*,#3816,.T.);
#2905=ORIENTED_EDGE('',*,*,#3813,.F.);
#2906=CARTESIAN_POINT('',(-0.65,0.470039012877312,1.23));
#2907=DIRECTION('',(0.0,-0.0513270966819648,0.998681895873856));
#2908=DIRECTION('',(-1.0,0.0,0.0));
#2909=ORIENTED_EDGE('',*,*,#3815,.T.);
#2910=ORIENTED_EDGE('',*,*,#3696,.T.);
#2911=ORIENTED_EDGE('',*,*,#3817,.F.);
#2912=ORIENTED_EDGE('',*,*,#3810,.T.);
#2913=CARTESIAN_POINT('',(-0.65,-0.0159610837432329,1.40237106504143));
#2914=DIRECTION('',(0.0,0.53203612477443,0.846721655525006));
#2915=DIRECTION('',(1.0,-0.0,0.0));
#2916=ORIENTED_EDGE('',*,*,#3819,.F.);
#2917=ORIENTED_EDGE('',*,*,#3612,.F.);
#2918=ORIENTED_EDGE('',*,*,#3639,.T.);
#2919=ORIENTED_EDGE('',*,*,#3820,.F.);
#2920=ORIENTED_EDGE('',*,*,#3821,.F.);
#2921=ORIENTED_EDGE('',*,*,#3822,.F.);
#2922=CARTESIAN_POINT('',(-0.65,0.32,0.42));
#2923=DIRECTION('',(1.0,0.0,0.0));
#2924=DIRECTION('',(0.0,1.0,0.0));
#2925=ORIENTED_EDGE('',*,*,#3614,.T.);
#2926=ORIENTED_EDGE('',*,*,#3823,.T.);
#2927=ORIENTED_EDGE('',*,*,#3824,.T.);
#2928=ORIENTED_EDGE('',*,*,#3825,.T.);
#2929=ORIENTED_EDGE('',*,*,#3826,.T.);
#2930=ORIENTED_EDGE('',*,*,#3637,.F.);
#2931=CARTESIAN_POINT('',(-0.85,0.32,0.42));
#2932=DIRECTION('',(1.0,0.0,0.0));
#2933=DIRECTION('',(0.0,1.0,0.0));
#2934=ORIENTED_EDGE('',*,*,#3826,.F.);
#2935=ORIENTED_EDGE('',*,*,#3827,.F.);
#2936=ORIENTED_EDGE('',*,*,#3820,.T.);
#2937=ORIENTED_EDGE('',*,*,#3638,.T.);
#2938=CARTESIAN_POINT('',(-0.65,4.2,0.0));
#2939=DIRECTION('',(0.0,-1.0,0.0));
#2940=DIRECTION('',(0.0,0.0,-1.0));
#2941=ORIENTED_EDGE('',*,*,#3825,.F.);
#2942=ORIENTED_EDGE('',*,*,#3828,.F.);
#2943=ORIENTED_EDGE('',*,*,#3821,.T.);
#2944=ORIENTED_EDGE('',*,*,#3827,.T.);
#2945=CARTESIAN_POINT('',(-0.65,4.2,0.18));
#2946=DIRECTION('',(0.0,5.42101086242751E-17,-1.0));
#2947=DIRECTION('',(-1.0,0.0,0.0));
#2948=ORIENTED_EDGE('',*,*,#3824,.F.);
#2949=ORIENTED_EDGE('',*,*,#3829,.F.);
#2950=ORIENTED_EDGE('',*,*,#3822,.T.);
#2951=ORIENTED_EDGE('',*,*,#3828,.T.);
#2952=CARTESIAN_POINT('',(-0.65,3.7,0.18));
#2953=DIRECTION('',(0.0,-1.0,0.0));
#2954=DIRECTION('',(0.0,0.0,-1.0));
#2955=ORIENTED_EDGE('',*,*,#3823,.F.);
#2956=ORIENTED_EDGE('',*,*,#3613,.F.);
#2957=ORIENTED_EDGE('',*,*,#3819,.T.);
#2958=ORIENTED_EDGE('',*,*,#3829,.T.);
#2959=CARTESIAN_POINT('',(-0.65,3.7,0.79));
#2960=DIRECTION('',(0.0,0.0,-1.0));
#2961=DIRECTION('',(0.0,-1.0,0.0));
#2962=ORIENTED_EDGE('',*,*,#3524,.F.);
#2963=ORIENTED_EDGE('',*,*,#3830,.T.);
#2964=ORIENTED_EDGE('',*,*,#3831,.T.);
#2965=ORIENTED_EDGE('',*,*,#3832,.T.);
#2966=ORIENTED_EDGE('',*,*,#3833,.T.);
#2967=ORIENTED_EDGE('',*,*,#3834,.T.);
#2968=ORIENTED_EDGE('',*,*,#3835,.T.);
#2969=ORIENTED_EDGE('',*,*,#3836,.T.);
#2970=ORIENTED_EDGE('',*,*,#3837,.T.);
#2971=ORIENTED_EDGE('',*,*,#3838,.T.);
#2972=ORIENTED_EDGE('',*,*,#3839,.T.);
#2973=ORIENTED_EDGE('',*,*,#3531,.F.);
#2974=ORIENTED_EDGE('',*,*,#3840,.T.);
#2975=ORIENTED_EDGE('',*,*,#3841,.T.);
#2976=ORIENTED_EDGE('',*,*,#3527,.T.);
#2977=ORIENTED_EDGE('',*,*,#3548,.F.);
#2978=CARTESIAN_POINT('',(-1.698,2.75,0.203));
#2979=DIRECTION('',(-2.81043189872395E-15,0.0,1.0));
#2980=DIRECTION('',(1.0,-0.0,2.81043189872395E-15));
#2981=ORIENTED_EDGE('',*,*,#3541,.T.);
#2982=ORIENTED_EDGE('',*,*,#3842,.F.);
#2983=ORIENTED_EDGE('',*,*,#3843,.F.);
#2984=ORIENTED_EDGE('',*,*,#3844,.T.);
#2985=ORIENTED_EDGE('',*,*,#3845,.F.);
#2986=ORIENTED_EDGE('',*,*,#3846,.F.);
#2987=ORIENTED_EDGE('',*,*,#3847,.F.);
#2988=ORIENTED_EDGE('',*,*,#3848,.F.);
#2989=ORIENTED_EDGE('',*,*,#3849,.F.);
#2990=ORIENTED_EDGE('',*,*,#3850,.F.);
#2991=ORIENTED_EDGE('',*,*,#3851,.F.);
#2992=ORIENTED_EDGE('',*,*,#3852,.F.);
#2993=ORIENTED_EDGE('',*,*,#3853,.F.);
#2994=ORIENTED_EDGE('',*,*,#3854,.F.);
#2995=ORIENTED_EDGE('',*,*,#3538,.F.);
#2996=ORIENTED_EDGE('',*,*,#3547,.F.);
#2997=CARTESIAN_POINT('',(3.0,2.75,0.203));
#2998=DIRECTION('',(-2.08180140646218E-17,0.0,1.0));
#2999=DIRECTION('',(1.0,-0.0,2.08180140646218E-17));
#3000=ORIENTED_EDGE('',*,*,#3855,.T.);
#3001=ORIENTED_EDGE('',*,*,#3844,.F.);
#3002=ORIENTED_EDGE('',*,*,#3856,.F.);
#3003=ORIENTED_EDGE('',*,*,#3659,.T.);
#3004=CARTESIAN_POINT('',(3.0,2.75,-2.22044604925031E-16));
#3005=DIRECTION('',(1.0,0.0,0.0));
#3006=DIRECTION('',(0.0,1.0,0.0));
#3007=ORIENTED_EDGE('',*,*,#3846,.T.);
#3008=ORIENTED_EDGE('',*,*,#3857,.F.);
#3009=ORIENTED_EDGE('',*,*,#3657,.F.);
#3010=ORIENTED_EDGE('',*,*,#3858,.T.);
#3011=CARTESIAN_POINT('',(3.85,2.3,2.0097));
#3012=DIRECTION('',(-1.0,0.0,0.0));
#3013=DIRECTION('',(0.0,0.0,1.0));
#3014=ORIENTED_EDGE('',*,*,#3847,.T.);
#3015=ORIENTED_EDGE('',*,*,#3858,.F.);
#3016=ORIENTED_EDGE('',*,*,#3656,.F.);
#3017=ORIENTED_EDGE('',*,*,#3859,.T.);
#3018=CARTESIAN_POINT('',(3.85,2.5,2.0097));
#3019=DIRECTION('',(0.0,-1.0,0.0));
#3020=DIRECTION('',(0.0,0.0,-1.0));
#3021=ORIENTED_EDGE('',*,*,#3848,.T.);
#3022=ORIENTED_EDGE('',*,*,#3859,.F.);
#3023=ORIENTED_EDGE('',*,*,#3655,.F.);
#3024=ORIENTED_EDGE('',*,*,#3860,.T.);
#3025=CARTESIAN_POINT('',(3.35,2.5,2.0097));
#3026=DIRECTION('',(-1.0,0.0,0.0));
#3027=DIRECTION('',(0.0,0.0,1.0));
#3028=ORIENTED_EDGE('',*,*,#3849,.T.);
#3029=ORIENTED_EDGE('',*,*,#3860,.F.);
#3030=ORIENTED_EDGE('',*,*,#3654,.F.);
#3031=ORIENTED_EDGE('',*,*,#3861,.T.);
#3032=CARTESIAN_POINT('',(3.35,2.8,2.0097));
#3033=DIRECTION('',(-0.0,1.0,0.0));
#3034=DIRECTION('',(1.0,0.0,0.0));
#3035=ORIENTED_EDGE('',*,*,#3850,.T.);
#3036=ORIENTED_EDGE('',*,*,#3861,.F.);
#3037=ORIENTED_EDGE('',*,*,#3653,.F.);
#3038=ORIENTED_EDGE('',*,*,#3862,.T.);
#3039=CARTESIAN_POINT('',(3.85,2.8,2.0097));
#3040=DIRECTION('',(-1.0,0.0,0.0));
#3041=DIRECTION('',(0.0,0.0,1.0));
#3042=ORIENTED_EDGE('',*,*,#3851,.T.);
#3043=ORIENTED_EDGE('',*,*,#3862,.F.);
#3044=ORIENTED_EDGE('',*,*,#3652,.F.);
#3045=ORIENTED_EDGE('',*,*,#3863,.T.);
#3046=CARTESIAN_POINT('',(3.85,3.0,2.0097));
#3047=DIRECTION('',(0.0,-1.0,0.0));
#3048=DIRECTION('',(0.0,0.0,-1.0));
#3049=ORIENTED_EDGE('',*,*,#3852,.T.);
#3050=ORIENTED_EDGE('',*,*,#3863,.F.);
#3051=ORIENTED_EDGE('',*,*,#3651,.F.);
#3052=ORIENTED_EDGE('',*,*,#3864,.T.);
#3053=CARTESIAN_POINT('',(3.35,3.0,2.0097));
#3054=DIRECTION('',(-1.0,3.85494105772624E-15,0.0));
#3055=DIRECTION('',(0.0,0.0,1.0));
#3056=ORIENTED_EDGE('',*,*,#3853,.T.);
#3057=ORIENTED_EDGE('',*,*,#3864,.F.);
#3058=ORIENTED_EDGE('',*,*,#3650,.F.);
#3059=ORIENTED_EDGE('',*,*,#3865,.F.);
#3060=CARTESIAN_POINT('',(3.35,3.45,2.0097));
#3061=DIRECTION('',(3.36186720150544E-16,-1.0,0.0));
#3062=DIRECTION('',(0.0,0.0,-1.0));
#3063=ORIENTED_EDGE('',*,*,#3649,.F.);
#3064=ORIENTED_EDGE('',*,*,#3535,.T.);
#3065=ORIENTED_EDGE('',*,*,#3854,.T.);
#3066=ORIENTED_EDGE('',*,*,#3865,.T.);
#3067=CARTESIAN_POINT('',(2.06,3.45,2.0097));
#3068=DIRECTION('',(1.0,3.77113799125393E-16,0.0));
#3069=DIRECTION('',(-3.77113799125393E-16,1.0,0.0));
#3070=ORIENTED_EDGE('',*,*,#3845,.T.);
#3071=ORIENTED_EDGE('',*,*,#3855,.F.);
#3072=ORIENTED_EDGE('',*,*,#3658,.F.);
#3073=ORIENTED_EDGE('',*,*,#3857,.T.);
#3074=CARTESIAN_POINT('',(3.0,2.3,2.0097));
#3075=DIRECTION('',(-0.0,1.0,0.0));
#3076=DIRECTION('',(1.0,0.0,0.0));
#3077=ORIENTED_EDGE('',*,*,#3540,.F.);
#3078=ORIENTED_EDGE('',*,*,#3661,.F.);
#3079=ORIENTED_EDGE('',*,*,#3866,.T.);
#3080=ORIENTED_EDGE('',*,*,#3842,.T.);
#3081=CARTESIAN_POINT('',(2.06,3.45,2.0097));
#3082=DIRECTION('',(1.0,3.77113799125393E-16,0.0));
#3083=DIRECTION('',(-3.77113799125393E-16,1.0,0.0));
#3084=ORIENTED_EDGE('',*,*,#3843,.T.);
#3085=ORIENTED_EDGE('',*,*,#3866,.F.);
#3086=ORIENTED_EDGE('',*,*,#3660,.F.);
#3087=ORIENTED_EDGE('',*,*,#3856,.T.);
#3088=CARTESIAN_POINT('',(2.06,1.15,2.0097));
#3089=DIRECTION('',(-0.0,1.0,0.0));
#3090=DIRECTION('',(1.0,0.0,0.0));
#3091=ORIENTED_EDGE('',*,*,#3831,.F.);
#3092=ORIENTED_EDGE('',*,*,#3867,.T.);
#3093=ORIENTED_EDGE('',*,*,#3672,.T.);
#3094=ORIENTED_EDGE('',*,*,#3868,.F.);
#3095=CARTESIAN_POINT('',(-2.06,3.45,2.0097));
#3096=DIRECTION('',(-3.36186720150544E-16,-1.0,0.0));
#3097=DIRECTION('',(-1.0,3.36186720150544E-16,0.0));
#3098=ORIENTED_EDGE('',*,*,#3832,.F.);
#3099=ORIENTED_EDGE('',*,*,#3868,.T.);
#3100=ORIENTED_EDGE('',*,*,#3671,.T.);
#3101=ORIENTED_EDGE('',*,*,#3869,.F.);
#3102=CARTESIAN_POINT('',(-3.35,3.45,2.0097));
#3103=DIRECTION('',(1.0,3.85494105772621E-15,0.0));
#3104=DIRECTION('',(-3.85494105772621E-15,1.0,0.0));
#3105=ORIENTED_EDGE('',*,*,#3833,.F.);
#3106=ORIENTED_EDGE('',*,*,#3869,.T.);
#3107=ORIENTED_EDGE('',*,*,#3670,.T.);
#3108=ORIENTED_EDGE('',*,*,#3870,.F.);
#3109=CARTESIAN_POINT('',(-3.35,3.0,2.0097));
#3110=DIRECTION('',(0.0,-1.0,0.0));
#3111=DIRECTION('',(0.0,0.0,-1.0));
#3112=ORIENTED_EDGE('',*,*,#3834,.F.);
#3113=ORIENTED_EDGE('',*,*,#3870,.T.);
#3114=ORIENTED_EDGE('',*,*,#3669,.T.);
#3115=ORIENTED_EDGE('',*,*,#3871,.F.);
#3116=CARTESIAN_POINT('',(-3.85,3.0,2.0097));
#3117=DIRECTION('',(1.0,0.0,0.0));
#3118=DIRECTION('',(0.0,1.0,0.0));
#3119=ORIENTED_EDGE('',*,*,#3835,.F.);
#3120=ORIENTED_EDGE('',*,*,#3871,.T.);
#3121=ORIENTED_EDGE('',*,*,#3668,.T.);
#3122=ORIENTED_EDGE('',*,*,#3872,.F.);
#3123=CARTESIAN_POINT('',(-3.85,2.8,2.0097));
#3124=DIRECTION('',(-0.0,1.0,0.0));
#3125=DIRECTION('',(1.0,0.0,0.0));
#3126=ORIENTED_EDGE('',*,*,#3836,.F.);
#3127=ORIENTED_EDGE('',*,*,#3872,.T.);
#3128=ORIENTED_EDGE('',*,*,#3667,.T.);
#3129=ORIENTED_EDGE('',*,*,#3873,.F.);
#3130=CARTESIAN_POINT('',(-3.35,2.8,2.0097));
#3131=DIRECTION('',(1.0,0.0,0.0));
#3132=DIRECTION('',(0.0,1.0,0.0));
#3133=ORIENTED_EDGE('',*,*,#3837,.F.);
#3134=ORIENTED_EDGE('',*,*,#3873,.T.);
#3135=ORIENTED_EDGE('',*,*,#3666,.T.);
#3136=ORIENTED_EDGE('',*,*,#3874,.F.);
#3137=CARTESIAN_POINT('',(-3.35,2.5,2.0097));
#3138=DIRECTION('',(5.20417042793041E-15,-1.0,0.0));
#3139=DIRECTION('',(0.0,0.0,-1.0));
#3140=ORIENTED_EDGE('',*,*,#3838,.F.);
#3141=ORIENTED_EDGE('',*,*,#3874,.T.);
#3142=ORIENTED_EDGE('',*,*,#3665,.T.);
#3143=ORIENTED_EDGE('',*,*,#3875,.F.);
#3144=CARTESIAN_POINT('',(-3.85,2.5,2.0097));
#3145=DIRECTION('',(1.0,0.0,0.0));
#3146=DIRECTION('',(0.0,1.0,0.0));
#3147=ORIENTED_EDGE('',*,*,#3830,.F.);
#3148=ORIENTED_EDGE('',*,*,#3523,.T.);
#3149=ORIENTED_EDGE('',*,*,#3636,.T.);
#3150=ORIENTED_EDGE('',*,*,#3867,.F.);
#3151=CARTESIAN_POINT('',(-2.06,1.15,2.0097));
#3152=DIRECTION('',(-1.0,-3.77113799125393E-16,0.0));
#3153=DIRECTION('',(-3.77113799125393E-16,1.0,0.0));
#3154=ORIENTED_EDGE('',*,*,#3839,.F.);
#3155=ORIENTED_EDGE('',*,*,#3875,.T.);
#3156=ORIENTED_EDGE('',*,*,#3664,.T.);
#3157=ORIENTED_EDGE('',*,*,#3532,.F.);
#3158=CARTESIAN_POINT('',(-3.85,2.3,2.0097));
#3159=DIRECTION('',(-0.0,1.0,0.0));
#3160=DIRECTION('',(1.0,0.0,0.0));
#3161=ORIENTED_EDGE('',*,*,#3840,.F.);
#3162=ORIENTED_EDGE('',*,*,#3534,.T.);
#3163=ORIENTED_EDGE('',*,*,#3663,.T.);
#3164=ORIENTED_EDGE('',*,*,#3876,.F.);
#3165=CARTESIAN_POINT('',(-3.0,1.15,2.0097));
#3166=DIRECTION('',(2.76817575953745E-15,1.0,0.0));
#3167=DIRECTION('',(1.0,-2.76817575953745E-15,0.0));
#3168=ORIENTED_EDGE('',*,*,#3528,.F.);
#3169=ORIENTED_EDGE('',*,*,#3841,.F.);
#3170=ORIENTED_EDGE('',*,*,#3876,.T.);
#3171=ORIENTED_EDGE('',*,*,#3662,.T.);
#3172=CARTESIAN_POINT('',(-2.06,1.15,2.0097));
#3173=DIRECTION('',(-1.0,-3.77113799125393E-16,0.0));
#3174=DIRECTION('',(-3.77113799125393E-16,1.0,0.0));
#3175=ORIENTED_EDGE('',*,*,#3398,.T.);
#3176=ORIENTED_EDGE('',*,*,#3877,.T.);
#3177=ORIENTED_EDGE('',*,*,#3878,.T.);
#3178=ORIENTED_EDGE('',*,*,#3397,.T.);
#3179=CARTESIAN_POINT('',(-2.725,-0.79,1.905));
#3180=DIRECTION('',(-0.8661855860486,0.0,-0.499722453489577));
#3181=DIRECTION('',(-0.499722453489577,0.0,0.8661855860486));
#3182=ORIENTED_EDGE('',*,*,#3400,.T.);
#3183=ORIENTED_EDGE('',*,*,#3394,.F.);
#3184=ORIENTED_EDGE('',*,*,#3879,.T.);
#3185=ORIENTED_EDGE('',*,*,#3877,.F.);
#3186=CARTESIAN_POINT('',(-2.425,-0.79,1.385));
#3187=DIRECTION('',(0.866185586048601,0.0,-0.499722453489577));
#3188=DIRECTION('',(0.0,-1.0,0.0));
#3189=ORIENTED_EDGE('',*,*,#3878,.F.);
#3190=ORIENTED_EDGE('',*,*,#3879,.F.);
#3191=ORIENTED_EDGE('',*,*,#3393,.T.);
#3192=CARTESIAN_POINT('',(0.0,-0.79,0.0));
#3193=DIRECTION('',(-0.0,1.0,0.0));
#3194=DIRECTION('',(1.0,0.0,0.0));
#3195=COLOUR_RGB('',0.596063196659088,0.666666686534882,0.686259269714355);
#3196=EDGE_CURVE('',#3880,#3881,#3882,.T.);
#3197=EDGE_CURVE('',#3883,#3880,#3884,.T.);
#3198=EDGE_CURVE('',#3883,#3885,#3886,.T.);
#3199=EDGE_CURVE('',#3885,#3881,#3887,.T.);
#3200=EDGE_CURVE('',#3888,#3889,#3890,.T.);
#3201=EDGE_CURVE('',#3891,#3888,#3892,.T.);
#3202=EDGE_CURVE('',#3891,#3893,#3894,.T.);
#3203=EDGE_CURVE('',#3893,#3889,#3895,.T.);
#3204=EDGE_CURVE('',#3896,#3897,#3898,.T.);
#3205=EDGE_CURVE('',#3899,#3896,#3900,.T.);
#3206=EDGE_CURVE('',#3899,#3901,#3902,.T.);
#3207=EDGE_CURVE('',#3901,#3897,#3903,.T.);
#3208=EDGE_CURVE('',#3904,#3905,#3906,.T.);
#3209=EDGE_CURVE('',#3907,#3904,#3908,.T.);
#3210=EDGE_CURVE('',#3907,#3909,#3910,.T.);
#3211=EDGE_CURVE('',#3909,#3905,#3911,.T.);
#3212=EDGE_CURVE('',#3912,#3913,#3914,.T.);
#3213=EDGE_CURVE('',#3912,#3915,#3916,.T.);
#3214=EDGE_CURVE('',#3915,#3917,#3918,.T.);
#3215=EDGE_CURVE('',#3917,#3919,#3920,.T.);
#3216=EDGE_CURVE('',#3919,#3921,#3922,.T.);
#3217=EDGE_CURVE('',#3921,#3923,#3924,.T.);
#3218=EDGE_CURVE('',#3923,#3925,#3926,.T.);
#3219=EDGE_CURVE('',#3925,#3913,#3927,.T.);
#3220=EDGE_CURVE('',#3928,#3929,#3930,.T.);
#3221=EDGE_CURVE('',#3928,#3931,#3932,.T.);
#3222=EDGE_CURVE('',#3931,#3933,#3934,.T.);
#3223=EDGE_CURVE('',#3933,#3935,#3936,.T.);
#3224=EDGE_CURVE('',#3935,#3937,#3938,.T.);
#3225=EDGE_CURVE('',#3939,#3937,#3940,.T.);
#3226=EDGE_CURVE('',#3941,#3939,#3942,.T.);
#3227=EDGE_CURVE('',#3941,#3943,#3944,.T.);
#3228=EDGE_CURVE('',#3945,#3943,#3946,.T.);
#3229=EDGE_CURVE('',#3947,#3945,#3948,.T.);
#3230=EDGE_CURVE('',#3949,#3947,#3950,.T.);
#3231=EDGE_CURVE('',#3949,#3951,#3952,.T.);
#3232=EDGE_CURVE('',#3951,#3953,#3954,.T.);
#3233=EDGE_CURVE('',#3955,#3953,#3956,.T.);
#3234=EDGE_CURVE('',#3957,#3955,#3958,.T.);
#3235=EDGE_CURVE('',#3957,#3929,#3959,.T.);
#3236=EDGE_CURVE('',#3960,#3961,#3962,.T.);
#3237=EDGE_CURVE('',#3961,#3963,#3964,.T.);
#3238=EDGE_CURVE('',#3963,#3965,#3966,.T.);
#3239=EDGE_CURVE('',#3965,#3967,#3968,.T.);
#3240=EDGE_CURVE('',#3969,#3967,#3970,.T.);
#3241=EDGE_CURVE('',#3969,#3971,#3972,.T.);
#3242=EDGE_CURVE('',#3971,#3973,#3974,.T.);
#3243=EDGE_CURVE('',#3973,#3960,#3975,.T.);
#3244=EDGE_CURVE('',#3976,#3977,#3978,.T.);
#3245=EDGE_CURVE('',#3977,#3979,#3980,.T.);
#3246=EDGE_CURVE('',#3979,#3981,#3982,.T.);
#3247=EDGE_CURVE('',#3981,#3983,#3984,.T.);
#3248=EDGE_CURVE('',#3985,#3983,#3986,.T.);
#3249=EDGE_CURVE('',#3985,#3987,#3988,.T.);
#3250=EDGE_CURVE('',#3987,#3989,#3990,.T.);
#3251=EDGE_CURVE('',#3989,#3976,#3991,.T.);
#3252=EDGE_CURVE('',#3992,#3993,#3994,.T.);
#3253=EDGE_CURVE('',#3993,#3995,#3996,.T.);
#3254=EDGE_CURVE('',#3995,#3997,#3998,.T.);
#3255=EDGE_CURVE('',#3999,#3997,#4000,.T.);
#3256=EDGE_CURVE('',#4001,#3999,#4002,.T.);
#3257=EDGE_CURVE('',#4003,#4001,#4004,.T.);
#3258=EDGE_CURVE('',#4003,#4005,#4006,.T.);
#3259=EDGE_CURVE('',#4007,#4005,#4008,.T.);
#3260=EDGE_CURVE('',#4009,#4007,#4010,.T.);
#3261=EDGE_CURVE('',#4009,#4011,#4012,.T.);
#3262=EDGE_CURVE('',#4011,#4013,#4014,.T.);
#3263=EDGE_CURVE('',#4015,#4013,#4016,.T.);
#3264=EDGE_CURVE('',#4017,#4015,#4018,.T.);
#3265=EDGE_CURVE('',#4017,#4019,#4020,.T.);
#3266=EDGE_CURVE('',#4019,#4021,#4022,.T.);
#3267=EDGE_CURVE('',#4021,#3992,#4023,.T.);
#3268=EDGE_CURVE('',#4024,#4025,#4026,.T.);
#3269=EDGE_CURVE('',#4024,#4027,#4028,.T.);
#3270=EDGE_CURVE('',#4027,#4029,#4030,.T.);
#3271=EDGE_CURVE('',#4029,#4031,#4032,.T.);
#3272=EDGE_CURVE('',#4033,#4031,#4034,.T.);
#3273=EDGE_CURVE('',#4033,#4035,#4036,.T.);
#3274=EDGE_CURVE('',#4035,#4037,#4038,.T.);
#3275=EDGE_CURVE('',#4025,#4037,#4039,.T.);
#3276=EDGE_CURVE('',#4040,#4041,#4042,.T.);
#3277=EDGE_CURVE('',#4040,#4043,#4044,.T.);
#3278=EDGE_CURVE('',#4045,#4043,#4046,.T.);
#3279=EDGE_CURVE('',#4047,#4045,#4048,.T.);
#3280=EDGE_CURVE('',#4047,#4049,#4050,.T.);
#3281=EDGE_CURVE('',#4049,#3965,#4051,.T.);
#3282=EDGE_CURVE('',#3963,#4052,#4053,.T.);
#3283=EDGE_CURVE('',#4054,#4052,#4055,.T.);
#3284=EDGE_CURVE('',#4056,#4054,#4057,.T.);
#3285=EDGE_CURVE('',#4058,#4056,#4059,.T.);
#3286=EDGE_CURVE('',#4058,#4041,#4060,.T.);
#3287=EDGE_CURVE('',#4061,#4062,#4063,.T.);
#3288=EDGE_CURVE('',#4061,#4064,#4065,.T.);
#3289=EDGE_CURVE('',#4066,#4064,#4067,.T.);
#3290=EDGE_CURVE('',#4066,#4068,#4069,.T.);
#3291=EDGE_CURVE('',#4068,#4070,#4071,.T.);
#3292=EDGE_CURVE('',#4072,#4070,#4073,.T.);
#3293=EDGE_CURVE('',#4074,#4072,#4075,.T.);
#3294=EDGE_CURVE('',#4074,#3977,#4076,.T.);
#3295=EDGE_CURVE('',#3976,#4077,#4078,.T.);
#3296=EDGE_CURVE('',#4077,#4079,#4080,.T.);
#3297=EDGE_CURVE('',#4062,#4079,#4081,.T.);
#3298=EDGE_CURVE('',#4064,#4082,#4083,.T.);
#3299=EDGE_CURVE('',#4084,#4082,#4085,.T.);
#3300=EDGE_CURVE('',#4062,#4084,#4086,.T.);
#3301=EDGE_CURVE('',#4087,#4079,#4088,.T.);
#3302=EDGE_CURVE('',#4009,#4087,#4089,.T.);
#3303=EDGE_CURVE('',#4090,#4007,#4091,.T.);
#3304=EDGE_CURVE('',#4066,#4090,#4092,.T.);
#3305=EDGE_CURVE('',#4040,#4093,#4094,.T.);
#3306=EDGE_CURVE('',#4095,#4041,#4096,.T.);
#3307=EDGE_CURVE('',#4095,#3947,#4097,.T.);
#3308=EDGE_CURVE('',#4098,#3945,#4099,.T.);
#3309=EDGE_CURVE('',#4098,#4047,#4100,.T.);
#3310=EDGE_CURVE('',#4045,#4101,#4102,.T.);
#3311=EDGE_CURVE('',#4101,#4093,#4103,.T.);
#3312=EDGE_CURVE('',#4104,#4098,#4105,.T.);
#3313=EDGE_CURVE('',#3943,#4106,#4107,.T.);
#3314=EDGE_CURVE('',#4106,#4108,#4109,.T.);
#3315=EDGE_CURVE('',#4104,#4108,#4110,.T.);
#3316=EDGE_CURVE('',#4104,#4111,#4112,.T.);
#3317=EDGE_CURVE('',#4113,#4111,#4114,.T.);
#3318=EDGE_CURVE('',#4049,#4113,#4115,.T.);
#3319=EDGE_CURVE('',#4116,#4054,#4117,.T.);
#3320=EDGE_CURVE('',#3955,#4116,#4118,.T.);
#3321=EDGE_CURVE('',#3953,#4119,#4120,.T.);
#3322=EDGE_CURVE('',#4119,#4121,#4122,.T.);
#3323=EDGE_CURVE('',#4121,#4123,#4124,.T.);
#3324=EDGE_CURVE('',#4123,#4125,#4126,.T.);
#3325=EDGE_CURVE('',#4125,#4127,#4128,.T.);
#3326=EDGE_CURVE('',#4127,#4129,#4130,.T.);
#3327=EDGE_CURVE('',#4129,#4131,#4132,.T.);
#3328=EDGE_CURVE('',#4131,#4133,#4134,.T.);
#3329=EDGE_CURVE('',#4133,#4135,#4136,.T.);
#3330=EDGE_CURVE('',#4135,#4137,#4138,.T.);
#3331=EDGE_CURVE('',#4137,#4056,#4139,.T.);
#3332=EDGE_CURVE('',#4005,#4090,#4140,.T.);
#3333=EDGE_CURVE('',#4141,#4003,#4142,.T.);
#3334=EDGE_CURVE('',#4143,#4141,#4144,.T.);
#3335=EDGE_CURVE('',#4145,#4143,#4146,.T.);
#3336=EDGE_CURVE('',#4147,#4145,#4148,.T.);
#3337=EDGE_CURVE('',#4149,#4147,#4150,.T.);
#3338=EDGE_CURVE('',#4151,#4149,#4152,.T.);
#3339=EDGE_CURVE('',#4153,#4151,#4154,.T.);
#3340=EDGE_CURVE('',#4155,#4153,#4156,.T.);
#3341=EDGE_CURVE('',#4157,#4155,#4158,.T.);
#3342=EDGE_CURVE('',#4159,#4157,#4160,.T.);
#3343=EDGE_CURVE('',#4068,#4159,#4161,.T.);
#3344=EDGE_CURVE('',#4095,#3949,#4162,.T.);
#3345=EDGE_CURVE('',#4163,#4058,#4164,.T.);
#3346=EDGE_CURVE('',#4165,#4163,#4166,.T.);
#3347=EDGE_CURVE('',#4167,#4165,#4168,.T.);
#3348=EDGE_CURVE('',#4169,#4167,#4170,.T.);
#3349=EDGE_CURVE('',#4171,#4169,#4172,.T.);
#3350=EDGE_CURVE('',#4173,#4171,#4174,.T.);
#3351=EDGE_CURVE('',#4175,#4173,#4176,.T.);
#3352=EDGE_CURVE('',#4177,#4175,#4178,.T.);
#3353=EDGE_CURVE('',#4179,#4177,#4180,.T.);
#3354=EDGE_CURVE('',#4181,#4179,#4182,.T.);
#3355=EDGE_CURVE('',#3951,#4181,#4183,.T.);
#3356=EDGE_CURVE('',#4184,#4185,#4186,.T.);
#3357=EDGE_CURVE('',#4184,#4187,#4188,.T.);
#3358=EDGE_CURVE('',#4187,#3969,#4189,.T.);
#3359=EDGE_CURVE('',#3967,#4113,#4190,.T.);
#3360=EDGE_CURVE('',#4111,#4185,#4191,.T.);
#3361=EDGE_CURVE('',#4192,#4193,#4194,.T.);
#3362=EDGE_CURVE('',#4192,#4195,#4196,.T.);
#3363=EDGE_CURVE('',#4197,#4195,#4198,.T.);
#3364=EDGE_CURVE('',#4199,#4197,#4200,.T.);
#3365=EDGE_CURVE('',#3989,#4199,#4201,.T.);
#3366=EDGE_CURVE('',#4193,#3987,#4202,.T.);
#3367=EDGE_CURVE('',#4013,#4203,#4204,.T.);
#3368=EDGE_CURVE('',#4011,#4205,#4206,.T.);
#3369=EDGE_CURVE('',#4207,#4205,#4208,.T.);
#3370=EDGE_CURVE('',#4209,#4207,#4210,.T.);
#3371=EDGE_CURVE('',#4106,#4209,#4211,.T.);
#3372=EDGE_CURVE('',#3941,#4212,#4213,.T.);
#3373=EDGE_CURVE('',#4212,#4203,#4214,.T.);
#3374=EDGE_CURVE('',#3937,#4215,#4216,.T.);
#3375=EDGE_CURVE('',#3935,#4217,#4218,.T.);
#3376=EDGE_CURVE('',#4217,#4215,#4219,.T.);
#3377=EDGE_CURVE('',#4220,#4221,#4222,.T.);
#3378=EDGE_CURVE('',#3992,#4220,#4223,.T.);
#3379=EDGE_CURVE('',#4021,#4224,#4225,.T.);
#3380=EDGE_CURVE('',#4224,#4221,#4226,.T.);
#3381=EDGE_CURVE('',#4017,#4227,#4228,.T.);
#3382=EDGE_CURVE('',#4227,#4229,#4230,.T.);
#3383=EDGE_CURVE('',#4019,#4229,#4231,.T.);
#3384=EDGE_CURVE('',#3933,#4232,#4233,.T.);
#3385=EDGE_CURVE('',#4232,#4217,#4234,.T.);
#3386=EDGE_CURVE('',#4235,#3931,#4236,.T.);
#3387=EDGE_CURVE('',#4235,#4237,#4238,.T.);
#3388=EDGE_CURVE('',#4237,#4232,#4239,.T.);
#3389=EDGE_CURVE('',#4235,#3971,#4240,.T.);
#3390=EDGE_CURVE('',#4187,#4193,#4241,.T.);
#3391=EDGE_CURVE('',#3985,#4220,#4242,.T.);
#3392=EDGE_CURVE('',#4221,#4237,#4243,.T.);
#3393=EDGE_CURVE('',#4244,#4245,#4246,.T.);
#3394=EDGE_CURVE('',#4244,#4247,#4248,.T.);
#3395=EDGE_CURVE('',#4247,#4224,#4249,.T.);
#3396=EDGE_CURVE('',#4229,#4250,#4251,.T.);
#3397=EDGE_CURVE('',#4245,#4250,#4252,.T.);
#3398=EDGE_CURVE('',#4250,#4253,#4254,.T.);
#3399=EDGE_CURVE('',#4215,#4227,#4255,.T.);
#3400=EDGE_CURVE('',#4253,#4247,#4256,.T.);
#3401=EDGE_CURVE('',#4181,#4119,#4257,.T.);
#3402=EDGE_CURVE('',#4179,#4121,#4258,.T.);
#3403=EDGE_CURVE('',#4177,#4123,#4259,.T.);
#3404=EDGE_CURVE('',#4175,#4125,#4260,.T.);
#3405=EDGE_CURVE('',#4173,#4127,#4261,.T.);
#3406=EDGE_CURVE('',#4171,#4129,#4262,.T.);
#3407=EDGE_CURVE('',#4169,#4131,#4263,.T.);
#3408=EDGE_CURVE('',#4167,#4133,#4264,.T.);
#3409=EDGE_CURVE('',#4165,#4135,#4265,.T.);
#3410=EDGE_CURVE('',#4163,#4137,#4266,.T.);
#3411=EDGE_CURVE('',#4267,#4268,#4269,.T.);
#3412=EDGE_CURVE('',#4153,#4267,#4270,.T.);
#3413=EDGE_CURVE('',#4151,#4268,#4271,.T.);
#3414=EDGE_CURVE('',#4268,#4272,#4273,.T.);
#3415=EDGE_CURVE('',#4149,#4272,#4274,.T.);
#3416=EDGE_CURVE('',#4272,#4275,#4276,.T.);
#3417=EDGE_CURVE('',#4147,#4275,#4277,.T.);
#3418=EDGE_CURVE('',#4275,#4278,#4279,.T.);
#3419=EDGE_CURVE('',#4145,#4278,#4280,.T.);
#3420=EDGE_CURVE('',#4278,#4281,#4282,.T.);
#3421=EDGE_CURVE('',#4143,#4281,#4283,.T.);
#3422=EDGE_CURVE('',#4281,#4284,#4285,.T.);
#3423=EDGE_CURVE('',#4141,#4284,#4286,.T.);
#3424=EDGE_CURVE('',#4284,#4001,#4287,.T.);
#3425=EDGE_CURVE('',#4070,#4288,#4289,.T.);
#3426=EDGE_CURVE('',#4159,#4288,#4290,.T.);
#3427=EDGE_CURVE('',#4288,#4291,#4292,.T.);
#3428=EDGE_CURVE('',#4157,#4291,#4293,.T.);
#3429=EDGE_CURVE('',#4291,#4294,#4295,.T.);
#3430=EDGE_CURVE('',#4155,#4294,#4296,.T.);
#3431=EDGE_CURVE('',#4294,#4267,#4297,.T.);
#3432=EDGE_CURVE('',#4298,#3999,#4299,.T.);
#3433=EDGE_CURVE('',#4072,#4298,#4300,.T.);
#3434=EDGE_CURVE('',#4301,#4302,#4303,.T.);
#3435=EDGE_CURVE('',#4301,#4185,#4304,.T.);
#3436=EDGE_CURVE('',#4108,#4305,#4306,.T.);
#3437=EDGE_CURVE('',#4307,#4305,#4308,.T.);
#3438=EDGE_CURVE('',#4197,#4307,#4309,.T.);
#3439=EDGE_CURVE('',#4195,#4310,#4311,.T.);
#3440=EDGE_CURVE('',#4310,#4312,#4313,.T.);
#3441=EDGE_CURVE('',#4314,#4312,#4315,.T.);
#3442=EDGE_CURVE('',#4316,#4314,#4317,.T.);
#3443=EDGE_CURVE('',#4316,#4318,#4319,.T.);
#3444=EDGE_CURVE('',#4318,#4320,#4321,.T.);
#3445=EDGE_CURVE('',#4322,#4320,#4323,.T.);
#3446=EDGE_CURVE('',#4324,#4322,#4325,.T.);
#3447=EDGE_CURVE('',#4324,#4326,#4327,.T.);
#3448=EDGE_CURVE('',#4326,#4328,#4329,.T.);
#3449=EDGE_CURVE('',#4330,#4328,#4331,.T.);
#3450=EDGE_CURVE('',#4332,#4330,#4333,.T.);
#3451=EDGE_CURVE('',#4332,#4334,#4335,.T.);
#3452=EDGE_CURVE('',#4334,#4336,#4337,.T.);
#3453=EDGE_CURVE('',#4302,#4336,#4338,.T.);
#3454=EDGE_CURVE('',#4184,#4192,#4339,.T.);
#3455=EDGE_CURVE('',#4203,#4340,#4341,.T.);
#3456=EDGE_CURVE('',#4342,#4212,#4343,.T.);
#3457=EDGE_CURVE('',#4340,#4342,#4344,.T.);
#3458=EDGE_CURVE('',#4015,#4340,#4345,.T.);
#3459=EDGE_CURVE('',#3939,#4342,#4346,.T.);
#3460=EDGE_CURVE('',#4307,#4087,#4347,.T.);
#3461=EDGE_CURVE('',#4205,#4305,#4348,.T.);
#3462=EDGE_CURVE('',#4199,#4077,#4349,.T.);
#3463=EDGE_CURVE('',#4350,#4351,#4352,.T.);
#3464=EDGE_CURVE('',#4350,#4353,#4354,.T.);
#3465=EDGE_CURVE('',#4355,#4353,#4356,.T.);
#3466=EDGE_CURVE('',#4357,#4355,#4358,.T.);
#3467=EDGE_CURVE('',#4207,#4357,#4359,.T.);
#3468=EDGE_CURVE('',#4360,#4209,#4361,.T.);
#3469=EDGE_CURVE('',#4351,#4360,#4362,.T.);
#3470=EDGE_CURVE('',#4363,#3995,#4364,.T.);
#3471=EDGE_CURVE('',#4363,#4074,#4365,.T.);
#3472=EDGE_CURVE('',#3997,#4298,#4366,.T.);
#3473=EDGE_CURVE('',#4367,#4052,#4368,.T.);
#3474=EDGE_CURVE('',#4367,#3929,#4369,.T.);
#3475=EDGE_CURVE('',#3957,#4116,#4370,.T.);
#3476=EDGE_CURVE('',#4209,#4371,#4372,.T.);
#3477=EDGE_CURVE('',#4373,#4207,#4374,.T.);
#3478=EDGE_CURVE('',#4373,#4371,#4375,.T.);
#3479=EDGE_CURVE('',#4376,#4302,#4377,.T.);
#3480=EDGE_CURVE('',#4378,#4376,#4379,.T.);
#3481=EDGE_CURVE('',#4301,#4378,#4380,.T.);
#3482=EDGE_CURVE('',#4381,#4336,#4382,.T.);
#3483=EDGE_CURVE('',#4334,#4383,#4384,.T.);
#3484=EDGE_CURVE('',#4383,#4381,#4385,.T.);
#3485=EDGE_CURVE('',#4376,#4381,#4386,.T.);
#3486=EDGE_CURVE('',#4387,#4330,#4388,.T.);
#3487=EDGE_CURVE('',#4389,#4387,#4390,.T.);
#3488=EDGE_CURVE('',#4332,#4389,#4391,.T.);
#3489=EDGE_CURVE('',#4392,#4328,#4393,.T.);
#3490=EDGE_CURVE('',#4326,#4394,#4395,.T.);
#3491=EDGE_CURVE('',#4394,#4392,#4396,.T.);
#3492=EDGE_CURVE('',#4387,#4392,#4397,.T.);
#3493=EDGE_CURVE('',#4398,#4322,#4399,.T.);
#3494=EDGE_CURVE('',#4400,#4398,#4401,.T.);
#3495=EDGE_CURVE('',#4324,#4400,#4402,.T.);
#3496=EDGE_CURVE('',#4403,#4320,#4404,.T.);
#3497=EDGE_CURVE('',#4318,#4405,#4406,.T.);
#3498=EDGE_CURVE('',#4405,#4403,#4407,.T.);
#3499=EDGE_CURVE('',#4398,#4403,#4408,.T.);
#3500=EDGE_CURVE('',#4409,#4314,#4410,.T.);
#3501=EDGE_CURVE('',#4411,#4409,#4412,.T.);
#3502=EDGE_CURVE('',#4316,#4411,#4413,.T.);
#3503=EDGE_CURVE('',#4414,#4312,#4415,.T.);
#3504=EDGE_CURVE('',#4310,#4416,#4417,.T.);
#3505=EDGE_CURVE('',#4416,#4414,#4418,.T.);
#3506=EDGE_CURVE('',#4409,#4414,#4419,.T.);
#3507=EDGE_CURVE('',#4411,#4405,#4420,.T.);
#3508=EDGE_CURVE('',#4400,#4394,#4421,.T.);
#3509=EDGE_CURVE('',#4389,#4383,#4422,.T.);
#3510=EDGE_CURVE('',#4378,#4423,#4424,.T.);
#3511=EDGE_CURVE('',#4425,#4423,#4426,.T.);
#3512=EDGE_CURVE('',#4427,#4425,#4428,.T.);
#3513=EDGE_CURVE('',#4427,#4429,#4430,.T.);
#3514=EDGE_CURVE('',#4429,#4416,#4431,.T.);
#3515=EDGE_CURVE('',#4432,#4367,#4433,.T.);
#3516=EDGE_CURVE('',#4432,#4434,#4435,.T.);
#3517=EDGE_CURVE('',#4434,#3928,#4436,.T.);
#3518=EDGE_CURVE('',#4101,#4437,#4438,.T.);
#3519=EDGE_CURVE('',#4350,#4437,#4439,.T.);
#3520=EDGE_CURVE('',#4440,#4351,#4441,.T.);
#3521=EDGE_CURVE('',#4440,#4442,#4443,.T.);
#3522=EDGE_CURVE('',#4093,#4442,#4444,.T.);
#3523=EDGE_CURVE('',#4445,#4446,#4447,.T.);
#3524=EDGE_CURVE('',#4445,#4448,#4449,.T.);
#3525=EDGE_CURVE('',#4448,#4450,#4451,.T.);
#3526=EDGE_CURVE('',#4450,#4446,#4452,.T.);
#3527=EDGE_CURVE('',#4453,#4454,#4455,.T.);
#3528=EDGE_CURVE('',#4453,#4456,#4457,.T.);
#3529=EDGE_CURVE('',#4458,#4456,#4459,.T.);
#3530=EDGE_CURVE('',#4454,#4458,#4460,.T.);
#3531=EDGE_CURVE('',#4461,#4462,#4463,.T.);
#3532=EDGE_CURVE('',#4462,#4464,#4465,.T.);
#3533=EDGE_CURVE('',#4466,#4464,#4467,.T.);
#3534=EDGE_CURVE('',#4461,#4466,#4468,.T.);
#3535=EDGE_CURVE('',#4469,#4470,#4471,.T.);
#3536=EDGE_CURVE('',#4469,#4472,#4473,.T.);
#3537=EDGE_CURVE('',#4472,#4474,#4475,.T.);
#3538=EDGE_CURVE('',#4474,#4470,#4476,.T.);
#3539=EDGE_CURVE('',#4477,#4478,#4479,.T.);
#3540=EDGE_CURVE('',#4477,#4480,#4481,.T.);
#3541=EDGE_CURVE('',#4482,#4480,#4483,.T.);
#3542=EDGE_CURVE('',#4478,#4482,#4484,.T.);
#3543=EDGE_CURVE('',#4485,#4472,#4486,.T.);
#3544=EDGE_CURVE('',#4487,#4485,#4488,.T.);
#3545=EDGE_CURVE('',#4360,#4487,#4489,.T.);
#3546=EDGE_CURVE('',#4478,#4371,#4490,.T.);
#3547=EDGE_CURVE('',#4482,#4474,#4491,.T.);
#3548=EDGE_CURVE('',#4448,#4454,#4492,.T.);
#3549=EDGE_CURVE('',#4458,#4373,#4493,.T.);
#3550=EDGE_CURVE('',#4357,#4494,#4495,.T.);
#3551=EDGE_CURVE('',#4496,#4494,#4497,.T.);
#3552=EDGE_CURVE('',#4496,#4450,#4498,.T.);
#3553=EDGE_CURVE('',#4499,#4084,#4500,.T.);
#3554=EDGE_CURVE('',#4501,#4082,#4502,.T.);
#3555=EDGE_CURVE('',#4503,#4501,#4504,.T.);
#3556=EDGE_CURVE('',#4355,#4503,#4505,.T.);
#3557=EDGE_CURVE('',#4353,#4499,#4506,.T.);
#3558=EDGE_CURVE('',#4061,#4507,#4508,.T.);
#3559=EDGE_CURVE('',#4509,#4507,#4510,.T.);
#3560=EDGE_CURVE('',#4511,#4509,#4512,.T.);
#3561=EDGE_CURVE('',#4513,#4511,#4514,.T.);
#3562=EDGE_CURVE('',#4513,#4515,#4516,.T.);
#3563=EDGE_CURVE('',#4515,#4517,#4518,.T.);
#3564=EDGE_CURVE('',#4517,#4519,#4520,.T.);
#3565=EDGE_CURVE('',#4519,#4027,#4521,.T.);
#3566=EDGE_CURVE('',#4024,#4522,#4523,.T.);
#3567=EDGE_CURVE('',#4522,#4501,#4524,.T.);
#3568=EDGE_CURVE('',#4525,#4526,#4527,.T.);
#3569=EDGE_CURVE('',#4526,#3961,#4528,.T.);
#3570=EDGE_CURVE('',#4529,#3960,#4530,.T.);
#3571=EDGE_CURVE('',#4529,#4531,#4532,.T.);
#3572=EDGE_CURVE('',#4525,#4531,#4533,.T.);
#3573=EDGE_CURVE('',#4442,#4534,#4535,.T.);
#3574=EDGE_CURVE('',#4534,#3925,#4536,.T.);
#3575=EDGE_CURVE('',#4537,#3923,#4538,.T.);
#3576=EDGE_CURVE('',#4537,#4539,#4540,.T.);
#3577=EDGE_CURVE('',#4541,#4539,#4542,.T.);
#3578=EDGE_CURVE('',#4541,#4543,#4544,.T.);
#3579=EDGE_CURVE('',#4545,#4543,#4546,.T.);
#3580=EDGE_CURVE('',#4525,#4545,#4547,.T.);
#3581=EDGE_CURVE('',#4531,#4043,#4548,.T.);
#3582=EDGE_CURVE('',#4549,#4550,#4551,.T.);
#3583=EDGE_CURVE('',#4550,#4552,#4553,.T.);
#3584=EDGE_CURVE('',#4552,#4517,#4554,.T.);
#3585=EDGE_CURVE('',#4515,#4555,#4556,.T.);
#3586=EDGE_CURVE('',#4555,#4037,#4557,.T.);
#3587=EDGE_CURVE('',#4558,#4035,#4559,.T.);
#3588=EDGE_CURVE('',#4558,#4560,#4561,.T.);
#3589=EDGE_CURVE('',#4560,#4549,#4562,.T.);
#3590=EDGE_CURVE('',#4541,#4563,#4564,.T.);
#3591=EDGE_CURVE('',#4539,#4565,#4566,.T.);
#3592=EDGE_CURVE('',#4567,#4565,#4568,.T.);
#3593=EDGE_CURVE('',#4569,#4567,#4570,.T.);
#3594=EDGE_CURVE('',#4571,#4569,#4572,.T.);
#3595=EDGE_CURVE('',#4571,#4573,#4574,.T.);
#3596=EDGE_CURVE('',#4573,#3915,#4575,.T.);
#3597=EDGE_CURVE('',#4563,#3912,#4576,.T.);
#3598=EDGE_CURVE('',#4577,#3992,#4578,.T.);
#3599=EDGE_CURVE('',#4579,#3985,#4580,.T.);
#3600=EDGE_CURVE('',#4579,#4581,#4582,.T.);
#3601=EDGE_CURVE('',#4577,#4581,#4583,.T.);
#3602=EDGE_CURVE('',#3931,#4584,#4585,.T.);
#3603=EDGE_CURVE('',#4584,#4586,#4587,.T.);
#3604=EDGE_CURVE('',#4586,#4588,#4589,.T.);
#3605=EDGE_CURVE('',#4588,#3971,#4590,.T.);
#3606=EDGE_CURVE('',#4591,#4025,#4592,.T.);
#3607=EDGE_CURVE('',#4591,#4522,#4593,.T.);
#3608=EDGE_CURVE('',#4503,#4591,#4594,.T.);
#3609=EDGE_CURVE('',#4595,#4534,#4596,.T.);
#3610=EDGE_CURVE('',#3913,#4595,#4597,.T.);
#3611=EDGE_CURVE('',#4595,#4440,#4598,.T.);
#3612=EDGE_CURVE('',#4599,#4600,#4601,.T.);
#3613=EDGE_CURVE('',#4600,#4602,#4603,.T.);
#3614=EDGE_CURVE('',#4604,#4602,#4605,.T.);
#3615=EDGE_CURVE('',#4604,#4496,#4606,.T.);
#3616=EDGE_CURVE('',#4494,#4555,#4607,.T.);
#3617=EDGE_CURVE('',#4513,#4608,#4609,.T.);
#3618=EDGE_CURVE('',#4550,#4608,#4610,.T.);
#3619=EDGE_CURVE('',#4549,#4569,#4611,.T.);
#3620=EDGE_CURVE('',#4612,#4567,#4613,.T.);
#3621=EDGE_CURVE('',#4612,#4543,#4614,.T.);
#3622=EDGE_CURVE('',#4563,#4487,#4615,.T.);
#3623=EDGE_CURVE('',#4485,#4616,#4617,.T.);
#3624=EDGE_CURVE('',#4616,#4618,#4619,.T.);
#3625=EDGE_CURVE('',#4618,#4620,#4621,.T.);
#3626=EDGE_CURVE('',#4622,#4620,#4623,.T.);
#3627=EDGE_CURVE('',#4622,#4624,#4625,.T.);
#3628=EDGE_CURVE('',#4624,#4626,#4627,.T.);
#3629=EDGE_CURVE('',#4626,#4628,#4629,.T.);
#3630=EDGE_CURVE('',#4630,#4628,#4631,.T.);
#3631=EDGE_CURVE('',#4630,#4632,#4633,.T.);
#3632=EDGE_CURVE('',#4632,#4634,#4635,.T.);
#3633=EDGE_CURVE('',#4634,#4636,#4637,.T.);
#3634=EDGE_CURVE('',#4638,#4636,#4639,.T.);
#3635=EDGE_CURVE('',#4638,#4599,#4640,.T.);
#3636=EDGE_CURVE('',#4446,#4641,#4642,.T.);
#3637=EDGE_CURVE('',#4604,#4643,#4644,.T.);
#3638=EDGE_CURVE('',#4645,#4643,#4646,.T.);
#3639=EDGE_CURVE('',#4599,#4645,#4647,.T.);
#3640=EDGE_CURVE('',#4638,#4648,#4649,.T.);
#3641=EDGE_CURVE('',#4650,#4648,#4651,.T.);
#3642=EDGE_CURVE('',#4632,#4650,#4652,.T.);
#3643=EDGE_CURVE('',#4630,#4653,#4654,.T.);
#3644=EDGE_CURVE('',#4655,#4653,#4656,.T.);
#3645=EDGE_CURVE('',#4624,#4655,#4657,.T.);
#3646=EDGE_CURVE('',#4658,#4622,#4659,.T.);
#3647=EDGE_CURVE('',#4660,#4658,#4661,.T.);
#3648=EDGE_CURVE('',#4660,#4616,#4662,.T.);
#3649=EDGE_CURVE('',#4469,#4663,#4664,.T.);
#3650=EDGE_CURVE('',#4663,#4665,#4666,.T.);
#3651=EDGE_CURVE('',#4665,#4667,#4668,.T.);
#3652=EDGE_CURVE('',#4667,#4669,#4670,.T.);
#3653=EDGE_CURVE('',#4669,#4671,#4672,.T.);
#3654=EDGE_CURVE('',#4671,#4673,#4674,.T.);
#3655=EDGE_CURVE('',#4673,#4675,#4676,.T.);
#3656=EDGE_CURVE('',#4675,#4677,#4678,.T.);
#3657=EDGE_CURVE('',#4677,#4679,#4680,.T.);
#3658=EDGE_CURVE('',#4679,#4681,#4682,.T.);
#3659=EDGE_CURVE('',#4683,#4681,#4684,.T.);
#3660=EDGE_CURVE('',#4683,#4685,#4686,.T.);
#3661=EDGE_CURVE('',#4685,#4477,#4687,.T.);
#3662=EDGE_CURVE('',#4688,#4456,#4689,.T.);
#3663=EDGE_CURVE('',#4466,#4688,#4690,.T.);
#3664=EDGE_CURVE('',#4691,#4464,#4692,.T.);
#3665=EDGE_CURVE('',#4693,#4691,#4694,.T.);
#3666=EDGE_CURVE('',#4695,#4693,#4696,.T.);
#3667=EDGE_CURVE('',#4697,#4695,#4698,.T.);
#3668=EDGE_CURVE('',#4699,#4697,#4700,.T.);
#3669=EDGE_CURVE('',#4701,#4699,#4702,.T.);
#3670=EDGE_CURVE('',#4703,#4701,#4704,.T.);
#3671=EDGE_CURVE('',#4705,#4703,#4706,.T.);
#3672=EDGE_CURVE('',#4641,#4705,#4707,.T.);
#3673=EDGE_CURVE('',#4708,#4434,#4709,.T.);
#3674=EDGE_CURVE('',#3917,#4708,#4710,.T.);
#3675=EDGE_CURVE('',#4573,#4558,#4711,.T.);
#3676=EDGE_CURVE('',#4712,#4033,#4713,.T.);
#3677=EDGE_CURVE('',#4714,#4712,#4715,.T.);
#3678=EDGE_CURVE('',#3993,#4714,#4716,.T.);
#3679=EDGE_CURVE('',#4577,#4717,#4718,.T.);
#3680=EDGE_CURVE('',#4717,#4719,#4720,.T.);
#3681=EDGE_CURVE('',#4719,#4584,#4721,.T.);
#3682=EDGE_CURVE('',#4571,#4560,#4722,.T.);
#3683=EDGE_CURVE('',#4723,#4031,#4724,.T.);
#3684=EDGE_CURVE('',#4723,#4712,#4725,.T.);
#3685=EDGE_CURVE('',#4363,#4726,#4727,.T.);
#3686=EDGE_CURVE('',#4726,#4714,#4728,.T.);
#3687=EDGE_CURVE('',#4726,#4723,#4729,.T.);
#3688=EDGE_CURVE('',#3919,#4730,#4731,.T.);
#3689=EDGE_CURVE('',#4730,#4708,#4732,.T.);
#3690=EDGE_CURVE('',#4730,#4432,#4733,.T.);
#3691=EDGE_CURVE('',#4581,#4734,#4735,.T.);
#3692=EDGE_CURVE('',#4717,#4734,#4736,.T.);
#3693=EDGE_CURVE('',#4734,#4737,#4738,.T.);
#3694=EDGE_CURVE('',#4719,#4737,#4739,.T.);
#3695=EDGE_CURVE('',#4737,#4586,#4740,.T.);
#3696=EDGE_CURVE('',#4741,#4742,#4743,.T.);
#3697=EDGE_CURVE('',#4744,#4741,#4745,.T.);
#3698=EDGE_CURVE('',#4746,#4744,#4747,.T.);
#3699=EDGE_CURVE('',#4746,#4742,#4748,.T.);
#3700=EDGE_CURVE('',#4749,#4750,#4751,.T.);
#3701=EDGE_CURVE('',#4752,#4749,#4753,.T.);
#3702=EDGE_CURVE('',#4754,#4752,#4755,.T.);
#3703=EDGE_CURVE('',#4754,#4750,#4756,.T.);
#3704=EDGE_CURVE('',#4757,#4758,#4759,.T.);
#3705=EDGE_CURVE('',#4760,#4757,#4761,.T.);
#3706=EDGE_CURVE('',#4762,#4760,#4763,.T.);
#3707=EDGE_CURVE('',#4762,#4758,#4764,.T.);
#3708=EDGE_CURVE('',#4765,#4766,#4767,.T.);
#3709=EDGE_CURVE('',#4768,#4765,#4769,.T.);
#3710=EDGE_CURVE('',#4770,#4768,#4771,.T.);
#3711=EDGE_CURVE('',#4770,#4766,#4772,.T.);
#3712=EDGE_CURVE('',#4773,#4579,#4774,.T.);
#3713=EDGE_CURVE('',#4775,#4773,#4776,.T.);
#3714=EDGE_CURVE('',#4775,#4588,#4777,.T.);
#3715=EDGE_CURVE('',#4429,#4778,#4779,.T.);
#3716=EDGE_CURVE('',#4778,#4499,#4780,.T.);
#3717=EDGE_CURVE('',#4437,#4781,#4782,.T.);
#3718=EDGE_CURVE('',#4423,#4781,#4783,.T.);
#3719=EDGE_CURVE('',#4784,#4427,#4785,.T.);
#3720=EDGE_CURVE('',#4786,#4425,#4787,.T.);
#3721=EDGE_CURVE('',#4784,#4786,#4788,.T.);
#3722=EDGE_CURVE('',#4773,#4784,#4789,.T.);
#3723=EDGE_CURVE('',#4775,#4786,#4790,.T.);
#3724=EDGE_CURVE('',#4791,#4781,#4792,.T.);
#3725=EDGE_CURVE('',#4791,#3973,#4793,.T.);
#3726=EDGE_CURVE('',#4794,#3983,#4795,.T.);
#3727=EDGE_CURVE('',#4794,#4778,#4796,.T.);
#3728=EDGE_CURVE('',#3981,#4797,#4798,.T.);
#3729=EDGE_CURVE('',#4794,#4797,#4799,.T.);
#3730=EDGE_CURVE('',#4507,#4797,#4800,.T.);
#3731=EDGE_CURVE('',#4529,#4791,#4801,.T.);
#3732=EDGE_CURVE('',#4802,#3921,#4803,.T.);
#3733=EDGE_CURVE('',#4802,#4537,#4804,.T.);
#3734=EDGE_CURVE('',#4805,#4526,#4806,.T.);
#3735=EDGE_CURVE('',#4612,#4805,#4807,.T.);
#3736=EDGE_CURVE('',#4565,#4802,#4808,.T.);
#3737=EDGE_CURVE('',#4809,#3979,#4810,.T.);
#3738=EDGE_CURVE('',#4509,#4809,#4811,.T.);
#3739=EDGE_CURVE('',#4519,#4812,#4813,.T.);
#3740=EDGE_CURVE('',#4812,#4029,#4814,.T.);
#3741=EDGE_CURVE('',#4812,#4552,#4815,.T.);
#3742=EDGE_CURVE('',#4816,#4608,#4817,.T.);
#3743=EDGE_CURVE('',#4809,#4816,#4818,.T.);
#3744=EDGE_CURVE('',#4805,#4545,#4819,.T.);
#3745=EDGE_CURVE('',#4816,#4511,#4820,.T.);
#3746=EDGE_CURVE('',#3905,#4821,#4822,.T.);
#3747=EDGE_CURVE('',#4823,#4821,#4824,.T.);
#3748=EDGE_CURVE('',#3904,#4823,#4825,.T.);
#3749=EDGE_CURVE('',#4826,#3907,#4827,.T.);
#3750=EDGE_CURVE('',#4826,#4828,#4829,.T.);
#3751=EDGE_CURVE('',#4828,#3909,#4830,.T.);
#3752=EDGE_CURVE('',#4821,#4765,#4831,.T.);
#3753=EDGE_CURVE('',#4768,#4828,#4832,.T.);
#3754=EDGE_CURVE('',#4823,#4766,#4833,.T.);
#3755=EDGE_CURVE('',#4770,#4826,#4834,.T.);
#3756=EDGE_CURVE('',#4618,#4835,#4836,.T.);
#3757=EDGE_CURVE('',#4837,#4660,#4838,.T.);
#3758=EDGE_CURVE('',#4839,#4837,#4840,.T.);
#3759=EDGE_CURVE('',#4835,#4839,#4841,.T.);
#3760=EDGE_CURVE('',#4620,#4842,#4843,.T.);
#3761=EDGE_CURVE('',#4842,#4844,#4845,.T.);
#3762=EDGE_CURVE('',#4844,#4846,#4847,.T.);
#3763=EDGE_CURVE('',#4846,#4658,#4848,.T.);
#3764=EDGE_CURVE('',#4837,#4846,#4849,.T.);
#3765=EDGE_CURVE('',#4839,#4844,#4850,.T.);
#3766=EDGE_CURVE('',#4835,#4842,#4851,.T.);
#3767=EDGE_CURVE('',#3897,#4852,#4853,.T.);
#3768=EDGE_CURVE('',#4854,#4852,#4855,.T.);
#3769=EDGE_CURVE('',#3896,#4854,#4856,.T.);
#3770=EDGE_CURVE('',#4857,#3899,#4858,.T.);
#3771=EDGE_CURVE('',#4857,#4859,#4860,.T.);
#3772=EDGE_CURVE('',#4859,#3901,#4861,.T.);
#3773=EDGE_CURVE('',#4852,#4757,#4862,.T.);
#3774=EDGE_CURVE('',#4760,#4859,#4863,.T.);
#3775=EDGE_CURVE('',#4854,#4758,#4864,.T.);
#3776=EDGE_CURVE('',#4762,#4857,#4865,.T.);
#3777=EDGE_CURVE('',#4626,#4866,#4867,.T.);
#3778=EDGE_CURVE('',#4868,#4655,#4869,.T.);
#3779=EDGE_CURVE('',#4870,#4868,#4871,.T.);
#3780=EDGE_CURVE('',#4866,#4870,#4872,.T.);
#3781=EDGE_CURVE('',#4628,#4873,#4874,.T.);
#3782=EDGE_CURVE('',#4873,#4875,#4876,.T.);
#3783=EDGE_CURVE('',#4875,#4877,#4878,.T.);
#3784=EDGE_CURVE('',#4877,#4653,#4879,.T.);
#3785=EDGE_CURVE('',#4868,#4877,#4880,.T.);
#3786=EDGE_CURVE('',#4870,#4875,#4881,.T.);
#3787=EDGE_CURVE('',#4866,#4873,#4882,.T.);
#3788=EDGE_CURVE('',#3889,#4883,#4884,.T.);
#3789=EDGE_CURVE('',#4885,#4883,#4886,.T.);
#3790=EDGE_CURVE('',#3888,#4885,#4887,.T.);
#3791=EDGE_CURVE('',#4888,#3891,#4889,.T.);
#3792=EDGE_CURVE('',#4888,#4890,#4891,.T.);
#3793=EDGE_CURVE('',#4890,#3893,#4892,.T.);
#3794=EDGE_CURVE('',#4883,#4749,#4893,.T.);
#3795=EDGE_CURVE('',#4752,#4890,#4894,.T.);
#3796=EDGE_CURVE('',#4885,#4750,#4895,.T.);
#3797=EDGE_CURVE('',#4754,#4888,#4896,.T.);
#3798=EDGE_CURVE('',#4634,#4897,#4898,.T.);
#3799=EDGE_CURVE('',#4899,#4650,#4900,.T.);
#3800=EDGE_CURVE('',#4901,#4899,#4902,.T.);
#3801=EDGE_CURVE('',#4897,#4901,#4903,.T.);
#3802=EDGE_CURVE('',#4636,#4904,#4905,.T.);
#3803=EDGE_CURVE('',#4904,#4906,#4907,.T.);
#3804=EDGE_CURVE('',#4906,#4908,#4909,.T.);
#3805=EDGE_CURVE('',#4908,#4648,#4910,.T.);
#3806=EDGE_CURVE('',#4899,#4908,#4911,.T.);
#3807=EDGE_CURVE('',#4901,#4906,#4912,.T.);
#3808=EDGE_CURVE('',#4897,#4904,#4913,.T.);
#3809=EDGE_CURVE('',#3881,#4914,#4915,.T.);
#3810=EDGE_CURVE('',#4916,#4914,#4917,.T.);
#3811=EDGE_CURVE('',#3880,#4916,#4918,.T.);
#3812=EDGE_CURVE('',#4919,#3883,#4920,.T.);
#3813=EDGE_CURVE('',#4919,#4921,#4922,.T.);
#3814=EDGE_CURVE('',#4921,#3885,#4923,.T.);
#3815=EDGE_CURVE('',#4914,#4741,#4924,.T.);
#3816=EDGE_CURVE('',#4744,#4921,#4925,.T.);
#3817=EDGE_CURVE('',#4916,#4742,#4926,.T.);
#3818=EDGE_CURVE('',#4746,#4919,#4927,.T.);
#3819=EDGE_CURVE('',#4600,#4928,#4929,.T.);
#3820=EDGE_CURVE('',#4930,#4645,#4931,.T.);
#3821=EDGE_CURVE('',#4932,#4930,#4933,.T.);
#3822=EDGE_CURVE('',#4928,#4932,#4934,.T.);
#3823=EDGE_CURVE('',#4602,#4935,#4936,.T.);
#3824=EDGE_CURVE('',#4935,#4937,#4938,.T.);
#3825=EDGE_CURVE('',#4937,#4939,#4940,.T.);
#3826=EDGE_CURVE('',#4939,#4643,#4941,.T.);
#3827=EDGE_CURVE('',#4930,#4939,#4942,.T.);
#3828=EDGE_CURVE('',#4932,#4937,#4943,.T.);
#3829=EDGE_CURVE('',#4928,#4935,#4944,.T.);
#3830=EDGE_CURVE('',#4445,#4945,#4946,.T.);
#3831=EDGE_CURVE('',#4945,#4947,#4948,.T.);
#3832=EDGE_CURVE('',#4947,#4949,#4950,.T.);
#3833=EDGE_CURVE('',#4949,#4951,#4952,.T.);
#3834=EDGE_CURVE('',#4951,#4953,#4954,.T.);
#3835=EDGE_CURVE('',#4953,#4955,#4956,.T.);
#3836=EDGE_CURVE('',#4955,#4957,#4958,.T.);
#3837=EDGE_CURVE('',#4957,#4959,#4960,.T.);
#3838=EDGE_CURVE('',#4959,#4961,#4962,.T.);
#3839=EDGE_CURVE('',#4961,#4462,#4963,.T.);
#3840=EDGE_CURVE('',#4461,#4964,#4965,.T.);
#3841=EDGE_CURVE('',#4964,#4453,#4966,.T.);
#3842=EDGE_CURVE('',#4967,#4480,#4968,.T.);
#3843=EDGE_CURVE('',#4969,#4967,#4970,.T.);
#3844=EDGE_CURVE('',#4969,#4971,#4972,.T.);
#3845=EDGE_CURVE('',#4973,#4971,#4974,.T.);
#3846=EDGE_CURVE('',#4975,#4973,#4976,.T.);
#3847=EDGE_CURVE('',#4977,#4975,#4978,.T.);
#3848=EDGE_CURVE('',#4979,#4977,#4980,.T.);
#3849=EDGE_CURVE('',#4981,#4979,#4982,.T.);
#3850=EDGE_CURVE('',#4983,#4981,#4984,.T.);
#3851=EDGE_CURVE('',#4985,#4983,#4986,.T.);
#3852=EDGE_CURVE('',#4987,#4985,#4988,.T.);
#3853=EDGE_CURVE('',#4989,#4987,#4990,.T.);
#3854=EDGE_CURVE('',#4470,#4989,#4991,.T.);
#3855=EDGE_CURVE('',#4681,#4971,#4992,.T.);
#3856=EDGE_CURVE('',#4683,#4969,#4993,.T.);
#3857=EDGE_CURVE('',#4679,#4973,#4994,.T.);
#3858=EDGE_CURVE('',#4677,#4975,#4995,.T.);
#3859=EDGE_CURVE('',#4675,#4977,#4996,.T.);
#3860=EDGE_CURVE('',#4673,#4979,#4997,.T.);
#3861=EDGE_CURVE('',#4671,#4981,#4998,.T.);
#3862=EDGE_CURVE('',#4669,#4983,#4999,.T.);
#3863=EDGE_CURVE('',#4667,#4985,#5000,.T.);
#3864=EDGE_CURVE('',#4665,#4987,#5001,.T.);
#3865=EDGE_CURVE('',#4989,#4663,#5002,.T.);
#3866=EDGE_CURVE('',#4685,#4967,#5003,.T.);
#3867=EDGE_CURVE('',#4945,#4641,#5004,.T.);
#3868=EDGE_CURVE('',#4947,#4705,#5005,.T.);
#3869=EDGE_CURVE('',#4949,#4703,#5006,.T.);
#3870=EDGE_CURVE('',#4951,#4701,#5007,.T.);
#3871=EDGE_CURVE('',#4953,#4699,#5008,.T.);
#3872=EDGE_CURVE('',#4955,#4697,#5009,.T.);
#3873=EDGE_CURVE('',#4957,#4695,#5010,.T.);
#3874=EDGE_CURVE('',#4959,#4693,#5011,.T.);
#3875=EDGE_CURVE('',#4961,#4691,#5012,.T.);
#3876=EDGE_CURVE('',#4964,#4688,#5013,.T.);
#3877=EDGE_CURVE('',#4253,#5014,#5015,.T.);
#3878=EDGE_CURVE('',#5014,#4245,#5016,.T.);
#3879=EDGE_CURVE('',#4244,#5014,#5017,.T.);
#3880=VERTEX_POINT('',#5018);
#3881=VERTEX_POINT('',#5019);
#3882=LINE('',#5020,#5021);
#3883=VERTEX_POINT('',#5022);
#3884=CIRCLE('',#5023,0.0500000000000001);
#3885=VERTEX_POINT('',#5024);
#3886=LINE('',#5025,#5026);
#3887=CIRCLE('',#5027,0.0500000000000001);
#3888=VERTEX_POINT('',#5028);
#3889=VERTEX_POINT('',#5029);
#3890=LINE('',#5030,#5031);
#3891=VERTEX_POINT('',#5032);
#3892=CIRCLE('',#5033,0.0500000000000001);
#3893=VERTEX_POINT('',#5034);
#3894=LINE('',#5035,#5036);
#3895=CIRCLE('',#5037,0.0500000000000001);
#3896=VERTEX_POINT('',#5038);
#3897=VERTEX_POINT('',#5039);
#3898=LINE('',#5040,#5041);
#3899=VERTEX_POINT('',#5042);
#3900=CIRCLE('',#5043,0.0500000000000001);
#3901=VERTEX_POINT('',#5044);
#3902=LINE('',#5045,#5046);
#3903=CIRCLE('',#5047,0.0500000000000001);
#3904=VERTEX_POINT('',#5048);
#3905=VERTEX_POINT('',#5049);
#3906=LINE('',#5050,#5051);
#3907=VERTEX_POINT('',#5052);
#3908=CIRCLE('',#5053,0.0500000000000001);
#3909=VERTEX_POINT('',#5054);
#3910=LINE('',#5055,#5056);
#3911=CIRCLE('',#5057,0.0500000000000001);
#3912=VERTEX_POINT('',#5058);
#3913=VERTEX_POINT('',#5059);
#3914=LINE('',#5060,#5061);
#3915=VERTEX_POINT('',#5062);
#3916=LINE('',#5063,#5064);
#3917=VERTEX_POINT('',#5065);
#3918=LINE('',#5066,#5067);
#3919=VERTEX_POINT('',#5068);
#3920=LINE('',#5069,#5070);
#3921=VERTEX_POINT('',#5071);
#3922=LINE('',#5072,#5073);
#3923=VERTEX_POINT('',#5074);
#3924=LINE('',#5075,#5076);
#3925=VERTEX_POINT('',#5077);
#3926=LINE('',#5078,#5079);
#3927=LINE('',#5080,#5081);
#3928=VERTEX_POINT('',#5082);
#3929=VERTEX_POINT('',#5083);
#3930=LINE('',#5084,#5085);
#3931=VERTEX_POINT('',#5086);
#3932=LINE('',#5087,#5088);
#3933=VERTEX_POINT('',#5089);
#3934=LINE('',#5090,#5091);
#3935=VERTEX_POINT('',#5092);
#3936=LINE('',#5093,#5094);
#3937=VERTEX_POINT('',#5095);
#3938=LINE('',#5096,#5097);
#3939=VERTEX_POINT('',#5098);
#3940=LINE('',#5099,#5100);
#3941=VERTEX_POINT('',#5101);
#3942=LINE('',#5102,#5103);
#3943=VERTEX_POINT('',#5104);
#3944=LINE('',#5105,#5106);
#3945=VERTEX_POINT('',#5107);
#3946=LINE('',#5108,#5109);
#3947=VERTEX_POINT('',#5110);
#3948=LINE('',#5111,#5112);
#3949=VERTEX_POINT('',#5113);
#3950=LINE('',#5114,#5115);
#3951=VERTEX_POINT('',#5116);
#3952=LINE('',#5117,#5118);
#3953=VERTEX_POINT('',#5119);
#3954=LINE('',#5120,#5121);
#3955=VERTEX_POINT('',#5122);
#3956=LINE('',#5123,#5124);
#3957=VERTEX_POINT('',#5125);
#3958=LINE('',#5126,#5127);
#3959=LINE('',#5128,#5129);
#3960=VERTEX_POINT('',#5130);
#3961=VERTEX_POINT('',#5131);
#3962=LINE('',#5132,#5133);
#3963=VERTEX_POINT('',#5134);
#3964=LINE('',#5135,#5136);
#3965=VERTEX_POINT('',#5137);
#3966=LINE('',#5138,#5139);
#3967=VERTEX_POINT('',#5140);
#3968=LINE('',#5141,#5142);
#3969=VERTEX_POINT('',#5143);
#3970=LINE('',#5144,#5145);
#3971=VERTEX_POINT('',#5146);
#3972=LINE('',#5147,#5148);
#3973=VERTEX_POINT('',#5149);
#3974=LINE('',#5150,#5151);
#3975=LINE('',#5152,#5153);
#3976=VERTEX_POINT('',#5154);
#3977=VERTEX_POINT('',#5155);
#3978=LINE('',#5156,#5157);
#3979=VERTEX_POINT('',#5158);
#3980=LINE('',#5159,#5160);
#3981=VERTEX_POINT('',#5161);
#3982=LINE('',#5162,#5163);
#3983=VERTEX_POINT('',#5164);
#3984=LINE('',#5165,#5166);
#3985=VERTEX_POINT('',#5167);
#3986=LINE('',#5168,#5169);
#3987=VERTEX_POINT('',#5170);
#3988=LINE('',#5171,#5172);
#3989=VERTEX_POINT('',#5173);
#3990=LINE('',#5174,#5175);
#3991=LINE('',#5176,#5177);
#3992=VERTEX_POINT('',#5178);
#3993=VERTEX_POINT('',#5179);
#3994=LINE('',#5180,#5181);
#3995=VERTEX_POINT('',#5182);
#3996=LINE('',#5183,#5184);
#3997=VERTEX_POINT('',#5185);
#3998=LINE('',#5186,#5187);
#3999=VERTEX_POINT('',#5188);
#4000=LINE('',#5189,#5190);
#4001=VERTEX_POINT('',#5191);
#4002=LINE('',#5192,#5193);
#4003=VERTEX_POINT('',#5194);
#4004=LINE('',#5195,#5196);
#4005=VERTEX_POINT('',#5197);
#4006=LINE('',#5198,#5199);
#4007=VERTEX_POINT('',#5200);
#4008=LINE('',#5201,#5202);
#4009=VERTEX_POINT('',#5203);
#4010=LINE('',#5204,#5205);
#4011=VERTEX_POINT('',#5206);
#4012=LINE('',#5207,#5208);
#4013=VERTEX_POINT('',#5209);
#4014=LINE('',#5210,#5211);
#4015=VERTEX_POINT('',#5212);
#4016=LINE('',#5213,#5214);
#4017=VERTEX_POINT('',#5215);
#4018=LINE('',#5216,#5217);
#4019=VERTEX_POINT('',#5218);
#4020=LINE('',#5219,#5220);
#4021=VERTEX_POINT('',#5221);
#4022=LINE('',#5222,#5223);
#4023=LINE('',#5224,#5225);
#4024=VERTEX_POINT('',#5226);
#4025=VERTEX_POINT('',#5227);
#4026=LINE('',#5228,#5229);
#4027=VERTEX_POINT('',#5230);
#4028=LINE('',#5231,#5232);
#4029=VERTEX_POINT('',#5233);
#4030=LINE('',#5234,#5235);
#4031=VERTEX_POINT('',#5236);
#4032=LINE('',#5237,#5238);
#4033=VERTEX_POINT('',#5239);
#4034=LINE('',#5240,#5241);
#4035=VERTEX_POINT('',#5242);
#4036=LINE('',#5243,#5244);
#4037=VERTEX_POINT('',#5245);
#4038=LINE('',#5246,#5247);
#4039=LINE('',#5248,#5249);
#4040=VERTEX_POINT('',#5250);
#4041=VERTEX_POINT('',#5251);
#4042=LINE('',#5252,#5253);
#4043=VERTEX_POINT('',#5254);
#4044=LINE('',#5255,#5256);
#4045=VERTEX_POINT('',#5257);
#4046=LINE('',#5258,#5259);
#4047=VERTEX_POINT('',#5260);
#4048=LINE('',#5261,#5262);
#4049=VERTEX_POINT('',#5263);
#4050=LINE('',#5264,#5265);
#4051=LINE('',#5266,#5267);
#4052=VERTEX_POINT('',#5268);
#4053=LINE('',#5269,#5270);
#4054=VERTEX_POINT('',#5271);
#4055=LINE('',#5272,#5273);
#4056=VERTEX_POINT('',#5274);
#4057=LINE('',#5275,#5276);
#4058=VERTEX_POINT('',#5277);
#4059=LINE('',#5278,#5279);
#4060=LINE('',#5280,#5281);
#4061=VERTEX_POINT('',#5282);
#4062=VERTEX_POINT('',#5283);
#4063=LINE('',#5284,#5285);
#4064=VERTEX_POINT('',#5286);
#4065=LINE('',#5287,#5288);
#4066=VERTEX_POINT('',#5289);
#4067=LINE('',#5290,#5291);
#4068=VERTEX_POINT('',#5292);
#4069=LINE('',#5293,#5294);
#4070=VERTEX_POINT('',#5295);
#4071=LINE('',#5296,#5297);
#4072=VERTEX_POINT('',#5298);
#4073=LINE('',#5299,#5300);
#4074=VERTEX_POINT('',#5301);
#4075=LINE('',#5302,#5303);
#4076=LINE('',#5304,#5305);
#4077=VERTEX_POINT('',#5306);
#4078=LINE('',#5307,#5308);
#4079=VERTEX_POINT('',#5309);
#4080=LINE('',#5310,#5311);
#4081=LINE('',#5312,#5313);
#4082=VERTEX_POINT('',#5314);
#4083=LINE('',#5315,#5316);
#4084=VERTEX_POINT('',#5317);
#4085=LINE('',#5318,#5319);
#4086=LINE('',#5320,#5321);
#4087=VERTEX_POINT('',#5322);
#4088=LINE('',#5323,#5324);
#4089=LINE('',#5325,#5326);
#4090=VERTEX_POINT('',#5327);
#4091=LINE('',#5328,#5329);
#4092=LINE('',#5330,#5331);
#4093=VERTEX_POINT('',#5332);
#4094=LINE('',#5333,#5334);
#4095=VERTEX_POINT('',#5335);
#4096=LINE('',#5336,#5337);
#4097=LINE('',#5338,#5339);
#4098=VERTEX_POINT('',#5340);
#4099=LINE('',#5341,#5342);
#4100=LINE('',#5343,#5344);
#4101=VERTEX_POINT('',#5345);
#4102=LINE('',#5346,#5347);
#4103=LINE('',#5348,#5349);
#4104=VERTEX_POINT('',#5350);
#4105=LINE('',#5351,#5352);
#4106=VERTEX_POINT('',#5353);
#4107=LINE('',#5354,#5355);
#4108=VERTEX_POINT('',#5356);
#4109=LINE('',#5357,#5358);
#4110=LINE('',#5359,#5360);
#4111=VERTEX_POINT('',#5361);
#4112=LINE('',#5362,#5363);
#4113=VERTEX_POINT('',#5364);
#4114=LINE('',#5365,#5366);
#4115=LINE('',#5367,#5368);
#4116=VERTEX_POINT('',#5369);
#4117=LINE('',#5370,#5371);
#4118=LINE('',#5372,#5373);
#4119=VERTEX_POINT('',#5374);
#4120=LINE('',#5375,#5376);
#4121=VERTEX_POINT('',#5377);
#4122=LINE('',#5378,#5379);
#4123=VERTEX_POINT('',#5380);
#4124=LINE('',#5381,#5382);
#4125=VERTEX_POINT('',#5383);
#4126=LINE('',#5384,#5385);
#4127=VERTEX_POINT('',#5386);
#4128=LINE('',#5387,#5388);
#4129=VERTEX_POINT('',#5389);
#4130=LINE('',#5390,#5391);
#4131=VERTEX_POINT('',#5392);
#4132=LINE('',#5393,#5394);
#4133=VERTEX_POINT('',#5395);
#4134=LINE('',#5396,#5397);
#4135=VERTEX_POINT('',#5398);
#4136=LINE('',#5399,#5400);
#4137=VERTEX_POINT('',#5401);
#4138=LINE('',#5402,#5403);
#4139=LINE('',#5404,#5405);
#4140=LINE('',#5406,#5407);
#4141=VERTEX_POINT('',#5408);
#4142=LINE('',#5409,#5410);
#4143=VERTEX_POINT('',#5411);
#4144=LINE('',#5412,#5413);
#4145=VERTEX_POINT('',#5414);
#4146=LINE('',#5415,#5416);
#4147=VERTEX_POINT('',#5417);
#4148=LINE('',#5418,#5419);
#4149=VERTEX_POINT('',#5420);
#4150=LINE('',#5421,#5422);
#4151=VERTEX_POINT('',#5423);
#4152=LINE('',#5424,#5425);
#4153=VERTEX_POINT('',#5426);
#4154=LINE('',#5427,#5428);
#4155=VERTEX_POINT('',#5429);
#4156=LINE('',#5430,#5431);
#4157=VERTEX_POINT('',#5432);
#4158=LINE('',#5433,#5434);
#4159=VERTEX_POINT('',#5435);
#4160=LINE('',#5436,#5437);
#4161=LINE('',#5438,#5439);
#4162=LINE('',#5440,#5441);
#4163=VERTEX_POINT('',#5442);
#4164=LINE('',#5443,#5444);
#4165=VERTEX_POINT('',#5445);
#4166=LINE('',#5446,#5447);
#4167=VERTEX_POINT('',#5448);
#4168=LINE('',#5449,#5450);
#4169=VERTEX_POINT('',#5451);
#4170=LINE('',#5452,#5453);
#4171=VERTEX_POINT('',#5454);
#4172=LINE('',#5455,#5456);
#4173=VERTEX_POINT('',#5457);
#4174=LINE('',#5458,#5459);
#4175=VERTEX_POINT('',#5460);
#4176=LINE('',#5461,#5462);
#4177=VERTEX_POINT('',#5463);
#4178=LINE('',#5464,#5465);
#4179=VERTEX_POINT('',#5466);
#4180=LINE('',#5467,#5468);
#4181=VERTEX_POINT('',#5469);
#4182=LINE('',#5470,#5471);
#4183=LINE('',#5472,#5473);
#4184=VERTEX_POINT('',#5474);
#4185=VERTEX_POINT('',#5475);
#4186=LINE('',#5476,#5477);
#4187=VERTEX_POINT('',#5478);
#4188=LINE('',#5479,#5480);
#4189=LINE('',#5481,#5482);
#4190=LINE('',#5483,#5484);
#4191=LINE('',#5485,#5486);
#4192=VERTEX_POINT('',#5487);
#4193=VERTEX_POINT('',#5488);
#4194=LINE('',#5489,#5490);
#4195=VERTEX_POINT('',#5491);
#4196=LINE('',#5492,#5493);
#4197=VERTEX_POINT('',#5494);
#4198=LINE('',#5495,#5496);
#4199=VERTEX_POINT('',#5497);
#4200=LINE('',#5498,#5499);
#4201=LINE('',#5500,#5501);
#4202=LINE('',#5502,#5503);
#4203=VERTEX_POINT('',#5504);
#4204=LINE('',#5505,#5506);
#4205=VERTEX_POINT('',#5507);
#4206=LINE('',#5508,#5509);
#4207=VERTEX_POINT('',#5510);
#4208=LINE('',#5511,#5512);
#4209=VERTEX_POINT('',#5513);
#4210=LINE('',#5514,#5515);
#4211=LINE('',#5516,#5517);
#4212=VERTEX_POINT('',#5518);
#4213=LINE('',#5519,#5520);
#4214=LINE('',#5521,#5522);
#4215=VERTEX_POINT('',#5523);
#4216=LINE('',#5524,#5525);
#4217=VERTEX_POINT('',#5526);
#4218=LINE('',#5527,#5528);
#4219=LINE('',#5529,#5530);
#4220=VERTEX_POINT('',#5531);
#4221=VERTEX_POINT('',#5532);
#4222=LINE('',#5533,#5534);
#4223=LINE('',#5535,#5536);
#4224=VERTEX_POINT('',#5537);
#4225=LINE('',#5538,#5539);
#4226=LINE('',#5540,#5541);
#4227=VERTEX_POINT('',#5542);
#4228=LINE('',#5543,#5544);
#4229=VERTEX_POINT('',#5545);
#4230=LINE('',#5546,#5547);
#4231=LINE('',#5548,#5549);
#4232=VERTEX_POINT('',#5550);
#4233=LINE('',#5551,#5552);
#4234=LINE('',#5553,#5554);
#4235=VERTEX_POINT('',#5555);
#4236=LINE('',#5556,#5557);
#4237=VERTEX_POINT('',#5558);
#4238=LINE('',#5559,#5560);
#4239=LINE('',#5561,#5562);
#4240=LINE('',#5563,#5564);
#4241=LINE('',#5565,#5566);
#4242=LINE('',#5567,#5568);
#4243=LINE('',#5569,#5570);
#4244=VERTEX_POINT('',#5571);
#4245=VERTEX_POINT('',#5572);
#4246=LINE('',#5573,#5574);
#4247=VERTEX_POINT('',#5575);
#4248=LINE('',#5576,#5577);
#4249=LINE('',#5578,#5579);
#4250=VERTEX_POINT('',#5580);
#4251=LINE('',#5581,#5582);
#4252=LINE('',#5583,#5584);
#4253=VERTEX_POINT('',#5585);
#4254=LINE('',#5586,#5587);
#4255=LINE('',#5588,#5589);
#4256=LINE('',#5590,#5591);
#4257=LINE('',#5592,#5593);
#4258=LINE('',#5594,#5595);
#4259=LINE('',#5596,#5597);
#4260=LINE('',#5598,#5599);
#4261=LINE('',#5600,#5601);
#4262=LINE('',#5602,#5603);
#4263=LINE('',#5604,#5605);
#4264=LINE('',#5606,#5607);
#4265=LINE('',#5608,#5609);
#4266=LINE('',#5610,#5611);
#4267=VERTEX_POINT('',#5612);
#4268=VERTEX_POINT('',#5613);
#4269=LINE('',#5614,#5615);
#4270=LINE('',#5616,#5617);
#4271=LINE('',#5618,#5619);
#4272=VERTEX_POINT('',#5620);
#4273=LINE('',#5621,#5622);
#4274=LINE('',#5623,#5624);
#4275=VERTEX_POINT('',#5625);
#4276=LINE('',#5626,#5627);
#4277=LINE('',#5628,#5629);
#4278=VERTEX_POINT('',#5630);
#4279=LINE('',#5631,#5632);
#4280=LINE('',#5633,#5634);
#4281=VERTEX_POINT('',#5635);
#4282=LINE('',#5636,#5637);
#4283=LINE('',#5638,#5639);
#4284=VERTEX_POINT('',#5640);
#4285=LINE('',#5641,#5642);
#4286=LINE('',#5643,#5644);
#4287=LINE('',#5645,#5646);
#4288=VERTEX_POINT('',#5647);
#4289=LINE('',#5648,#5649);
#4290=LINE('',#5650,#5651);
#4291=VERTEX_POINT('',#5652);
#4292=LINE('',#5653,#5654);
#4293=LINE('',#5655,#5656);
#4294=VERTEX_POINT('',#5657);
#4295=LINE('',#5658,#5659);
#4296=LINE('',#5660,#5661);
#4297=LINE('',#5662,#5663);
#4298=VERTEX_POINT('',#5664);
#4299=LINE('',#5665,#5666);
#4300=LINE('',#5667,#5668);
#4301=VERTEX_POINT('',#5669);
#4302=VERTEX_POINT('',#5670);
#4303=LINE('',#5671,#5672);
#4304=LINE('',#5673,#5674);
#4305=VERTEX_POINT('',#5675);
#4306=LINE('',#5676,#5677);
#4307=VERTEX_POINT('',#5678);
#4308=LINE('',#5679,#5680);
#4309=LINE('',#5681,#5682);
#4310=VERTEX_POINT('',#5683);
#4311=LINE('',#5684,#5685);
#4312=VERTEX_POINT('',#5686);
#4313=LINE('',#5687,#5688);
#4314=VERTEX_POINT('',#5689);
#4315=LINE('',#5690,#5691);
#4316=VERTEX_POINT('',#5692);
#4317=LINE('',#5693,#5694);
#4318=VERTEX_POINT('',#5695);
#4319=LINE('',#5696,#5697);
#4320=VERTEX_POINT('',#5698);
#4321=LINE('',#5699,#5700);
#4322=VERTEX_POINT('',#5701);
#4323=LINE('',#5702,#5703);
#4324=VERTEX_POINT('',#5704);
#4325=LINE('',#5705,#5706);
#4326=VERTEX_POINT('',#5707);
#4327=LINE('',#5708,#5709);
#4328=VERTEX_POINT('',#5710);
#4329=LINE('',#5711,#5712);
#4330=VERTEX_POINT('',#5713);
#4331=LINE('',#5714,#5715);
#4332=VERTEX_POINT('',#5716);
#4333=LINE('',#5717,#5718);
#4334=VERTEX_POINT('',#5719);
#4335=LINE('',#5720,#5721);
#4336=VERTEX_POINT('',#5722);
#4337=LINE('',#5723,#5724);
#4338=LINE('',#5725,#5726);
#4339=LINE('',#5727,#5728);
#4340=VERTEX_POINT('',#5729);
#4341=LINE('',#5730,#5731);
#4342=VERTEX_POINT('',#5732);
#4343=LINE('',#5733,#5734);
#4344=LINE('',#5735,#5736);
#4345=LINE('',#5737,#5738);
#4346=LINE('',#5739,#5740);
#4347=LINE('',#5741,#5742);
#4348=LINE('',#5743,#5744);
#4349=LINE('',#5745,#5746);
#4350=VERTEX_POINT('',#5747);
#4351=VERTEX_POINT('',#5748);
#4352=LINE('',#5749,#5750);
#4353=VERTEX_POINT('',#5751);
#4354=LINE('',#5752,#5753);
#4355=VERTEX_POINT('',#5754);
#4356=LINE('',#5755,#5756);
#4357=VERTEX_POINT('',#5757);
#4358=LINE('',#5758,#5759);
#4359=LINE('',#5760,#5761);
#4360=VERTEX_POINT('',#5762);
#4361=LINE('',#5763,#5764);
#4362=LINE('',#5765,#5766);
#4363=VERTEX_POINT('',#5767);
#4364=LINE('',#5768,#5769);
#4365=LINE('',#5770,#5771);
#4366=LINE('',#5772,#5773);
#4367=VERTEX_POINT('',#5774);
#4368=LINE('',#5775,#5776);
#4369=LINE('',#5777,#5778);
#4370=LINE('',#5779,#5780);
#4371=VERTEX_POINT('',#5781);
#4372=LINE('',#5782,#5783);
#4373=VERTEX_POINT('',#5784);
#4374=LINE('',#5785,#5786);
#4375=LINE('',#5787,#5788);
#4376=VERTEX_POINT('',#5789);
#4377=CIRCLE('',#5790,0.120000000000001);
#4378=VERTEX_POINT('',#5791);
#4379=LINE('',#5792,#5793);
#4380=LINE('',#5794,#5795);
#4381=VERTEX_POINT('',#5796);
#4382=CIRCLE('',#5797,0.120000000000001);
#4383=VERTEX_POINT('',#5798);
#4384=LINE('',#5799,#5800);
#4385=LINE('',#5801,#5802);
#4386=LINE('',#5803,#5804);
#4387=VERTEX_POINT('',#5805);
#4388=CIRCLE('',#5806,0.120000000000001);
#4389=VERTEX_POINT('',#5807);
#4390=LINE('',#5808,#5809);
#4391=LINE('',#5810,#5811);
#4392=VERTEX_POINT('',#5812);
#4393=CIRCLE('',#5813,0.120000000000001);
#4394=VERTEX_POINT('',#5814);
#4395=LINE('',#5815,#5816);
#4396=LINE('',#5817,#5818);
#4397=LINE('',#5819,#5820);
#4398=VERTEX_POINT('',#5821);
#4399=CIRCLE('',#5822,0.120000000000001);
#4400=VERTEX_POINT('',#5823);
#4401=LINE('',#5824,#5825);
#4402=LINE('',#5826,#5827);
#4403=VERTEX_POINT('',#5828);
#4404=CIRCLE('',#5829,0.120000000000001);
#4405=VERTEX_POINT('',#5830);
#4406=LINE('',#5831,#5832);
#4407=LINE('',#5833,#5834);
#4408=LINE('',#5835,#5836);
#4409=VERTEX_POINT('',#5837);
#4410=CIRCLE('',#5838,0.120000000000001);
#4411=VERTEX_POINT('',#5839);
#4412=LINE('',#5840,#5841);
#4413=LINE('',#5842,#5843);
#4414=VERTEX_POINT('',#5844);
#4415=CIRCLE('',#5845,0.120000000000001);
#4416=VERTEX_POINT('',#5846);
#4417=LINE('',#5847,#5848);
#4418=LINE('',#5849,#5850);
#4419=LINE('',#5851,#5852);
#4420=LINE('',#5853,#5854);
#4421=LINE('',#5855,#5856);
#4422=LINE('',#5857,#5858);
#4423=VERTEX_POINT('',#5859);
#4424=LINE('',#5860,#5861);
#4425=VERTEX_POINT('',#5862);
#4426=LINE('',#5863,#5864);
#4427=VERTEX_POINT('',#5865);
#4428=LINE('',#5866,#5867);
#4429=VERTEX_POINT('',#5868);
#4430=LINE('',#5869,#5870);
#4431=LINE('',#5871,#5872);
#4432=VERTEX_POINT('',#5873);
#4433=LINE('',#5874,#5875);
#4434=VERTEX_POINT('',#5876);
#4435=LINE('',#5877,#5878);
#4436=LINE('',#5879,#5880);
#4437=VERTEX_POINT('',#5881);
#4438=LINE('',#5882,#5883);
#4439=LINE('',#5884,#5885);
#4440=VERTEX_POINT('',#5886);
#4441=LINE('',#5887,#5888);
#4442=VERTEX_POINT('',#5889);
#4443=LINE('',#5890,#5891);
#4444=LINE('',#5892,#5893);
#4445=VERTEX_POINT('',#5894);
#4446=VERTEX_POINT('',#5895);
#4447=LINE('',#5896,#5897);
#4448=VERTEX_POINT('',#5898);
#4449=LINE('',#5899,#5900);
#4450=VERTEX_POINT('',#5901);
#4451=LINE('',#5902,#5903);
#4452=LINE('',#5904,#5905);
#4453=VERTEX_POINT('',#5906);
#4454=VERTEX_POINT('',#5907);
#4455=LINE('',#5908,#5909);
#4456=VERTEX_POINT('',#5910);
#4457=LINE('',#5911,#5912);
#4458=VERTEX_POINT('',#5913);
#4459=LINE('',#5914,#5915);
#4460=LINE('',#5916,#5917);
#4461=VERTEX_POINT('',#5918);
#4462=VERTEX_POINT('',#5919);
#4463=LINE('',#5920,#5921);
#4464=VERTEX_POINT('',#5922);
#4465=LINE('',#5923,#5924);
#4466=VERTEX_POINT('',#5925);
#4467=LINE('',#5926,#5927);
#4468=LINE('',#5928,#5929);
#4469=VERTEX_POINT('',#5930);
#4470=VERTEX_POINT('',#5931);
#4471=LINE('',#5932,#5933);
#4472=VERTEX_POINT('',#5934);
#4473=LINE('',#5935,#5936);
#4474=VERTEX_POINT('',#5937);
#4475=LINE('',#5938,#5939);
#4476=LINE('',#5940,#5941);
#4477=VERTEX_POINT('',#5942);
#4478=VERTEX_POINT('',#5943);
#4479=LINE('',#5944,#5945);
#4480=VERTEX_POINT('',#5946);
#4481=LINE('',#5947,#5948);
#4482=VERTEX_POINT('',#5949);
#4483=LINE('',#5950,#5951);
#4484=LINE('',#5952,#5953);
#4485=VERTEX_POINT('',#5954);
#4486=LINE('',#5955,#5956);
#4487=VERTEX_POINT('',#5957);
#4488=LINE('',#5958,#5959);
#4489=LINE('',#5960,#5961);
#4490=LINE('',#5962,#5963);
#4491=LINE('',#5964,#5965);
#4492=LINE('',#5966,#5967);
#4493=LINE('',#5968,#5969);
#4494=VERTEX_POINT('',#5970);
#4495=LINE('',#5971,#5972);
#4496=VERTEX_POINT('',#5973);
#4497=LINE('',#5974,#5975);
#4498=LINE('',#5976,#5977);
#4499=VERTEX_POINT('',#5978);
#4500=LINE('',#5979,#5980);
#4501=VERTEX_POINT('',#5981);
#4502=LINE('',#5982,#5983);
#4503=VERTEX_POINT('',#5984);
#4504=LINE('',#5985,#5986);
#4505=LINE('',#5987,#5988);
#4506=LINE('',#5989,#5990);
#4507=VERTEX_POINT('',#5991);
#4508=LINE('',#5992,#5993);
#4509=VERTEX_POINT('',#5994);
#4510=LINE('',#5995,#5996);
#4511=VERTEX_POINT('',#5997);
#4512=LINE('',#5998,#5999);
#4513=VERTEX_POINT('',#6000);
#4514=LINE('',#6001,#6002);
#4515=VERTEX_POINT('',#6003);
#4516=LINE('',#6004,#6005);
#4517=VERTEX_POINT('',#6006);
#4518=LINE('',#6007,#6008);
#4519=VERTEX_POINT('',#6009);
#4520=LINE('',#6010,#6011);
#4521=LINE('',#6012,#6013);
#4522=VERTEX_POINT('',#6014);
#4523=LINE('',#6015,#6016);
#4524=CIRCLE('',#6017,0.15);
#4525=VERTEX_POINT('',#6018);
#4526=VERTEX_POINT('',#6019);
#4527=LINE('',#6020,#6021);
#4528=LINE('',#6022,#6023);
#4529=VERTEX_POINT('',#6024);
#4530=LINE('',#6025,#6026);
#4531=VERTEX_POINT('',#6027);
#4532=LINE('',#6028,#6029);
#4533=LINE('',#6030,#6031);
#4534=VERTEX_POINT('',#6032);
#4535=CIRCLE('',#6033,0.15);
#4536=LINE('',#6034,#6035);
#4537=VERTEX_POINT('',#6036);
#4538=LINE('',#6037,#6038);
#4539=VERTEX_POINT('',#6039);
#4540=LINE('',#6040,#6041);
#4541=VERTEX_POINT('',#6042);
#4542=LINE('',#6043,#6044);
#4543=VERTEX_POINT('',#6045);
#4544=LINE('',#6046,#6047);
#4545=VERTEX_POINT('',#6048);
#4546=LINE('',#6049,#6050);
#4547=LINE('',#6051,#6052);
#4548=LINE('',#6053,#6054);
#4549=VERTEX_POINT('',#6055);
#4550=VERTEX_POINT('',#6056);
#4551=LINE('',#6057,#6058);
#4552=VERTEX_POINT('',#6059);
#4553=LINE('',#6060,#6061);
#4554=LINE('',#6062,#6063);
#4555=VERTEX_POINT('',#6064);
#4556=LINE('',#6065,#6066);
#4557=LINE('',#6067,#6068);
#4558=VERTEX_POINT('',#6069);
#4559=LINE('',#6070,#6071);
#4560=VERTEX_POINT('',#6072);
#4561=LINE('',#6073,#6074);
#4562=LINE('',#6075,#6076);
#4563=VERTEX_POINT('',#6077);
#4564=LINE('',#6078,#6079);
#4565=VERTEX_POINT('',#6080);
#4566=LINE('',#6081,#6082);
#4567=VERTEX_POINT('',#6083);
#4568=LINE('',#6084,#6085);
#4569=VERTEX_POINT('',#6086);
#4570=LINE('',#6087,#6088);
#4571=VERTEX_POINT('',#6089);
#4572=LINE('',#6090,#6091);
#4573=VERTEX_POINT('',#6092);
#4574=LINE('',#6093,#6094);
#4575=LINE('',#6095,#6096);
#4576=LINE('',#6097,#6098);
#4577=VERTEX_POINT('',#6099);
#4578=LINE('',#6100,#6101);
#4579=VERTEX_POINT('',#6102);
#4580=LINE('',#6103,#6104);
#4581=VERTEX_POINT('',#6105);
#4582=LINE('',#6106,#6107);
#4583=LINE('',#6108,#6109);
#4584=VERTEX_POINT('',#6110);
#4585=LINE('',#6111,#6112);
#4586=VERTEX_POINT('',#6113);
#4587=LINE('',#6114,#6115);
#4588=VERTEX_POINT('',#6116);
#4589=LINE('',#6117,#6118);
#4590=LINE('',#6119,#6120);
#4591=VERTEX_POINT('',#6121);
#4592=LINE('',#6122,#6123);
#4593=LINE('',#6124,#6125);
#4594=CIRCLE('',#6126,0.15);
#4595=VERTEX_POINT('',#6127);
#4596=LINE('',#6128,#6129);
#4597=LINE('',#6130,#6131);
#4598=CIRCLE('',#6132,0.15);
#4599=VERTEX_POINT('',#6133);
#4600=VERTEX_POINT('',#6134);
#4601=LINE('',#6135,#6136);
#4602=VERTEX_POINT('',#6137);
#4603=LINE('',#6138,#6139);
#4604=VERTEX_POINT('',#6140);
#4605=LINE('',#6141,#6142);
#4606=LINE('',#6143,#6144);
#4607=LINE('',#6145,#6146);
#4608=VERTEX_POINT('',#6147);
#4609=LINE('',#6148,#6149);
#4610=LINE('',#6150,#6151);
#4611=LINE('',#6152,#6153);
#4612=VERTEX_POINT('',#6154);
#4613=LINE('',#6155,#6156);
#4614=LINE('',#6157,#6158);
#4615=LINE('',#6159,#6160);
#4616=VERTEX_POINT('',#6161);
#4617=LINE('',#6162,#6163);
#4618=VERTEX_POINT('',#6164);
#4619=LINE('',#6165,#6166);
#4620=VERTEX_POINT('',#6167);
#4621=LINE('',#6168,#6169);
#4622=VERTEX_POINT('',#6170);
#4623=LINE('',#6171,#6172);
#4624=VERTEX_POINT('',#6173);
#4625=LINE('',#6174,#6175);
#4626=VERTEX_POINT('',#6176);
#4627=LINE('',#6177,#6178);
#4628=VERTEX_POINT('',#6179);
#4629=LINE('',#6180,#6181);
#4630=VERTEX_POINT('',#6182);
#4631=LINE('',#6183,#6184);
#4632=VERTEX_POINT('',#6185);
#4633=LINE('',#6186,#6187);
#4634=VERTEX_POINT('',#6188);
#4635=LINE('',#6189,#6190);
#4636=VERTEX_POINT('',#6191);
#4637=LINE('',#6192,#6193);
#4638=VERTEX_POINT('',#6194);
#4639=LINE('',#6195,#6196);
#4640=LINE('',#6197,#6198);
#4641=VERTEX_POINT('',#6199);
#4642=LINE('',#6200,#6201);
#4643=VERTEX_POINT('',#6202);
#4644=LINE('',#6203,#6204);
#4645=VERTEX_POINT('',#6205);
#4646=LINE('',#6206,#6207);
#4647=LINE('',#6208,#6209);
#4648=VERTEX_POINT('',#6210);
#4649=LINE('',#6211,#6212);
#4650=VERTEX_POINT('',#6213);
#4651=LINE('',#6214,#6215);
#4652=LINE('',#6216,#6217);
#4653=VERTEX_POINT('',#6218);
#4654=LINE('',#6219,#6220);
#4655=VERTEX_POINT('',#6221);
#4656=LINE('',#6222,#6223);
#4657=LINE('',#6224,#6225);
#4658=VERTEX_POINT('',#6226);
#4659=LINE('',#6227,#6228);
#4660=VERTEX_POINT('',#6229);
#4661=LINE('',#6230,#6231);
#4662=LINE('',#6232,#6233);
#4663=VERTEX_POINT('',#6234);
#4664=LINE('',#6235,#6236);
#4665=VERTEX_POINT('',#6237);
#4666=LINE('',#6238,#6239);
#4667=VERTEX_POINT('',#6240);
#4668=LINE('',#6241,#6242);
#4669=VERTEX_POINT('',#6243);
#4670=LINE('',#6244,#6245);
#4671=VERTEX_POINT('',#6246);
#4672=LINE('',#6247,#6248);
#4673=VERTEX_POINT('',#6249);
#4674=LINE('',#6250,#6251);
#4675=VERTEX_POINT('',#6252);
#4676=LINE('',#6253,#6254);
#4677=VERTEX_POINT('',#6255);
#4678=LINE('',#6256,#6257);
#4679=VERTEX_POINT('',#6258);
#4680=LINE('',#6259,#6260);
#4681=VERTEX_POINT('',#6261);
#4682=LINE('',#6262,#6263);
#4683=VERTEX_POINT('',#6264);
#4684=LINE('',#6265,#6266);
#4685=VERTEX_POINT('',#6267);
#4686=LINE('',#6268,#6269);
#4687=LINE('',#6270,#6271);
#4688=VERTEX_POINT('',#6272);
#4689=LINE('',#6273,#6274);
#4690=LINE('',#6275,#6276);
#4691=VERTEX_POINT('',#6277);
#4692=LINE('',#6278,#6279);
#4693=VERTEX_POINT('',#6280);
#4694=LINE('',#6281,#6282);
#4695=VERTEX_POINT('',#6283);
#4696=LINE('',#6284,#6285);
#4697=VERTEX_POINT('',#6286);
#4698=LINE('',#6287,#6288);
#4699=VERTEX_POINT('',#6289);
#4700=LINE('',#6290,#6291);
#4701=VERTEX_POINT('',#6292);
#4702=LINE('',#6293,#6294);
#4703=VERTEX_POINT('',#6295);
#4704=LINE('',#6296,#6297);
#4705=VERTEX_POINT('',#6298);
#4706=LINE('',#6299,#6300);
#4707=LINE('',#6301,#6302);
#4708=VERTEX_POINT('',#6303);
#4709=CIRCLE('',#6304,0.15);
#4710=LINE('',#6305,#6306);
#4711=LINE('',#6307,#6308);
#4712=VERTEX_POINT('',#6309);
#4713=LINE('',#6310,#6311);
#4714=VERTEX_POINT('',#6312);
#4715=CIRCLE('',#6313,0.15);
#4716=LINE('',#6314,#6315);
#4717=VERTEX_POINT('',#6316);
#4718=LINE('',#6317,#6318);
#4719=VERTEX_POINT('',#6319);
#4720=LINE('',#6320,#6321);
#4721=LINE('',#6322,#6323);
#4722=LINE('',#6324,#6325);
#4723=VERTEX_POINT('',#6326);
#4724=LINE('',#6327,#6328);
#4725=LINE('',#6329,#6330);
#4726=VERTEX_POINT('',#6331);
#4727=LINE('',#6332,#6333);
#4728=LINE('',#6334,#6335);
#4729=CIRCLE('',#6336,0.15);
#4730=VERTEX_POINT('',#6337);
#4731=LINE('',#6338,#6339);
#4732=LINE('',#6340,#6341);
#4733=CIRCLE('',#6342,0.15);
#4734=VERTEX_POINT('',#6343);
#4735=LINE('',#6344,#6345);
#4736=LINE('',#6346,#6347);
#4737=VERTEX_POINT('',#6348);
#4738=LINE('',#6349,#6350);
#4739=LINE('',#6351,#6352);
#4740=LINE('',#6353,#6354);
#4741=VERTEX_POINT('',#6355);
#4742=VERTEX_POINT('',#6356);
#4743=LINE('',#6357,#6358);
#4744=VERTEX_POINT('',#6359);
#4745=LINE('',#6360,#6361);
#4746=VERTEX_POINT('',#6362);
#4747=LINE('',#6363,#6364);
#4748=LINE('',#6365,#6366);
#4749=VERTEX_POINT('',#6367);
#4750=VERTEX_POINT('',#6368);
#4751=LINE('',#6369,#6370);
#4752=VERTEX_POINT('',#6371);
#4753=LINE('',#6372,#6373);
#4754=VERTEX_POINT('',#6374);
#4755=LINE('',#6375,#6376);
#4756=LINE('',#6377,#6378);
#4757=VERTEX_POINT('',#6379);
#4758=VERTEX_POINT('',#6380);
#4759=LINE('',#6381,#6382);
#4760=VERTEX_POINT('',#6383);
#4761=LINE('',#6384,#6385);
#4762=VERTEX_POINT('',#6386);
#4763=LINE('',#6387,#6388);
#4764=LINE('',#6389,#6390);
#4765=VERTEX_POINT('',#6391);
#4766=VERTEX_POINT('',#6392);
#4767=LINE('',#6393,#6394);
#4768=VERTEX_POINT('',#6395);
#4769=LINE('',#6396,#6397);
#4770=VERTEX_POINT('',#6398);
#4771=LINE('',#6399,#6400);
#4772=LINE('',#6401,#6402);
#4773=VERTEX_POINT('',#6403);
#4774=LINE('',#6404,#6405);
#4775=VERTEX_POINT('',#6406);
#4776=LINE('',#6407,#6408);
#4777=LINE('',#6409,#6410);
#4778=VERTEX_POINT('',#6411);
#4779=LINE('',#6412,#6413);
#4780=LINE('',#6414,#6415);
#4781=VERTEX_POINT('',#6416);
#4782=LINE('',#6417,#6418);
#4783=LINE('',#6419,#6420);
#4784=VERTEX_POINT('',#6421);
#4785=LINE('',#6422,#6423);
#4786=VERTEX_POINT('',#6424);
#4787=LINE('',#6425,#6426);
#4788=LINE('',#6427,#6428);
#4789=LINE('',#6429,#6430);
#4790=LINE('',#6431,#6432);
#4791=VERTEX_POINT('',#6433);
#4792=LINE('',#6434,#6435);
#4793=LINE('',#6436,#6437);
#4794=VERTEX_POINT('',#6438);
#4795=LINE('',#6439,#6440);
#4796=LINE('',#6441,#6442);
#4797=VERTEX_POINT('',#6443);
#4798=LINE('',#6444,#6445);
#4799=LINE('',#6446,#6447);
#4800=LINE('',#6448,#6449);
#4801=LINE('',#6450,#6451);
#4802=VERTEX_POINT('',#6452);
#4803=LINE('',#6453,#6454);
#4804=LINE('',#6455,#6456);
#4805=VERTEX_POINT('',#6457);
#4806=LINE('',#6458,#6459);
#4807=LINE('',#6460,#6461);
#4808=LINE('',#6462,#6463);
#4809=VERTEX_POINT('',#6464);
#4810=LINE('',#6465,#6466);
#4811=LINE('',#6467,#6468);
#4812=VERTEX_POINT('',#6469);
#4813=LINE('',#6470,#6471);
#4814=LINE('',#6472,#6473);
#4815=LINE('',#6474,#6475);
#4816=VERTEX_POINT('',#6476);
#4817=LINE('',#6477,#6478);
#4818=LINE('',#6479,#6480);
#4819=LINE('',#6481,#6482);
#4820=LINE('',#6483,#6484);
#4821=VERTEX_POINT('',#6485);
#4822=CIRCLE('',#6486,0.0500000000000001);
#4823=VERTEX_POINT('',#6487);
#4824=LINE('',#6488,#6489);
#4825=CIRCLE('',#6490,0.0500000000000001);
#4826=VERTEX_POINT('',#6491);
#4827=LINE('',#6492,#6493);
#4828=VERTEX_POINT('',#6494);
#4829=LINE('',#6495,#6496);
#4830=LINE('',#6497,#6498);
#4831=LINE('',#6499,#6500);
#4832=LINE('',#6501,#6502);
#4833=LINE('',#6503,#6504);
#4834=LINE('',#6505,#6506);
#4835=VERTEX_POINT('',#6507);
#4836=LINE('',#6508,#6509);
#4837=VERTEX_POINT('',#6510);
#4838=LINE('',#6511,#6512);
#4839=VERTEX_POINT('',#6513);
#4840=LINE('',#6514,#6515);
#4841=LINE('',#6516,#6517);
#4842=VERTEX_POINT('',#6518);
#4843=LINE('',#6519,#6520);
#4844=VERTEX_POINT('',#6521);
#4845=LINE('',#6522,#6523);
#4846=VERTEX_POINT('',#6524);
#4847=LINE('',#6525,#6526);
#4848=LINE('',#6527,#6528);
#4849=LINE('',#6529,#6530);
#4850=LINE('',#6531,#6532);
#4851=LINE('',#6533,#6534);
#4852=VERTEX_POINT('',#6535);
#4853=CIRCLE('',#6536,0.0500000000000001);
#4854=VERTEX_POINT('',#6537);
#4855=LINE('',#6538,#6539);
#4856=CIRCLE('',#6540,0.0500000000000001);
#4857=VERTEX_POINT('',#6541);
#4858=LINE('',#6542,#6543);
#4859=VERTEX_POINT('',#6544);
#4860=LINE('',#6545,#6546);
#4861=LINE('',#6547,#6548);
#4862=LINE('',#6549,#6550);
#4863=LINE('',#6551,#6552);
#4864=LINE('',#6553,#6554);
#4865=LINE('',#6555,#6556);
#4866=VERTEX_POINT('',#6557);
#4867=LINE('',#6558,#6559);
#4868=VERTEX_POINT('',#6560);
#4869=LINE('',#6561,#6562);
#4870=VERTEX_POINT('',#6563);
#4871=LINE('',#6564,#6565);
#4872=LINE('',#6566,#6567);
#4873=VERTEX_POINT('',#6568);
#4874=LINE('',#6569,#6570);
#4875=VERTEX_POINT('',#6571);
#4876=LINE('',#6572,#6573);
#4877=VERTEX_POINT('',#6574);
#4878=LINE('',#6575,#6576);
#4879=LINE('',#6577,#6578);
#4880=LINE('',#6579,#6580);
#4881=LINE('',#6581,#6582);
#4882=LINE('',#6583,#6584);
#4883=VERTEX_POINT('',#6585);
#4884=CIRCLE('',#6586,0.0500000000000001);
#4885=VERTEX_POINT('',#6587);
#4886=LINE('',#6588,#6589);
#4887=CIRCLE('',#6590,0.0500000000000001);
#4888=VERTEX_POINT('',#6591);
#4889=LINE('',#6592,#6593);
#4890=VERTEX_POINT('',#6594);
#4891=LINE('',#6595,#6596);
#4892=LINE('',#6597,#6598);
#4893=LINE('',#6599,#6600);
#4894=LINE('',#6601,#6602);
#4895=LINE('',#6603,#6604);
#4896=LINE('',#6605,#6606);
#4897=VERTEX_POINT('',#6607);
#4898=LINE('',#6608,#6609);
#4899=VERTEX_POINT('',#6610);
#4900=LINE('',#6611,#6612);
#4901=VERTEX_POINT('',#6613);
#4902=LINE('',#6614,#6615);
#4903=LINE('',#6616,#6617);
#4904=VERTEX_POINT('',#6618);
#4905=LINE('',#6619,#6620);
#4906=VERTEX_POINT('',#6621);
#4907=LINE('',#6622,#6623);
#4908=VERTEX_POINT('',#6624);
#4909=LINE('',#6625,#6626);
#4910=LINE('',#6627,#6628);
#4911=LINE('',#6629,#6630);
#4912=LINE('',#6631,#6632);
#4913=LINE('',#6633,#6634);
#4914=VERTEX_POINT('',#6635);
#4915=CIRCLE('',#6636,0.0500000000000001);
#4916=VERTEX_POINT('',#6637);
#4917=LINE('',#6638,#6639);
#4918=CIRCLE('',#6640,0.0500000000000001);
#4919=VERTEX_POINT('',#6641);
#4920=LINE('',#6642,#6643);
#4921=VERTEX_POINT('',#6644);
#4922=LINE('',#6645,#6646);
#4923=LINE('',#6647,#6648);
#4924=LINE('',#6649,#6650);
#4925=LINE('',#6651,#6652);
#4926=LINE('',#6653,#6654);
#4927=LINE('',#6655,#6656);
#4928=VERTEX_POINT('',#6657);
#4929=LINE('',#6658,#6659);
#4930=VERTEX_POINT('',#6660);
#4931=LINE('',#6661,#6662);
#4932=VERTEX_POINT('',#6663);
#4933=LINE('',#6664,#6665);
#4934=LINE('',#6666,#6667);
#4935=VERTEX_POINT('',#6668);
#4936=LINE('',#6669,#6670);
#4937=VERTEX_POINT('',#6671);
#4938=LINE('',#6672,#6673);
#4939=VERTEX_POINT('',#6674);
#4940=LINE('',#6675,#6676);
#4941=LINE('',#6677,#6678);
#4942=LINE('',#6679,#6680);
#4943=LINE('',#6681,#6682);
#4944=LINE('',#6683,#6684);
#4945=VERTEX_POINT('',#6685);
#4946=LINE('',#6686,#6687);
#4947=VERTEX_POINT('',#6688);
#4948=LINE('',#6689,#6690);
#4949=VERTEX_POINT('',#6691);
#4950=LINE('',#6692,#6693);
#4951=VERTEX_POINT('',#6694);
#4952=LINE('',#6695,#6696);
#4953=VERTEX_POINT('',#6697);
#4954=LINE('',#6698,#6699);
#4955=VERTEX_POINT('',#6700);
#4956=LINE('',#6701,#6702);
#4957=VERTEX_POINT('',#6703);
#4958=LINE('',#6704,#6705);
#4959=VERTEX_POINT('',#6706);
#4960=LINE('',#6707,#6708);
#4961=VERTEX_POINT('',#6709);
#4962=LINE('',#6710,#6711);
#4963=LINE('',#6712,#6713);
#4964=VERTEX_POINT('',#6714);
#4965=LINE('',#6715,#6716);
#4966=LINE('',#6717,#6718);
#4967=VERTEX_POINT('',#6719);
#4968=LINE('',#6720,#6721);
#4969=VERTEX_POINT('',#6722);
#4970=LINE('',#6723,#6724);
#4971=VERTEX_POINT('',#6725);
#4972=LINE('',#6726,#6727);
#4973=VERTEX_POINT('',#6728);
#4974=LINE('',#6729,#6730);
#4975=VERTEX_POINT('',#6731);
#4976=LINE('',#6732,#6733);
#4977=VERTEX_POINT('',#6734);
#4978=LINE('',#6735,#6736);
#4979=VERTEX_POINT('',#6737);
#4980=LINE('',#6738,#6739);
#4981=VERTEX_POINT('',#6740);
#4982=LINE('',#6741,#6742);
#4983=VERTEX_POINT('',#6743);
#4984=LINE('',#6744,#6745);
#4985=VERTEX_POINT('',#6746);
#4986=LINE('',#6747,#6748);
#4987=VERTEX_POINT('',#6749);
#4988=LINE('',#6750,#6751);
#4989=VERTEX_POINT('',#6752);
#4990=LINE('',#6753,#6754);
#4991=LINE('',#6755,#6756);
#4992=LINE('',#6757,#6758);
#4993=LINE('',#6759,#6760);
#4994=LINE('',#6761,#6762);
#4995=LINE('',#6763,#6764);
#4996=LINE('',#6765,#6766);
#4997=LINE('',#6767,#6768);
#4998=LINE('',#6769,#6770);
#4999=LINE('',#6771,#6772);
#5000=LINE('',#6773,#6774);
#5001=LINE('',#6775,#6776);
#5002=LINE('',#6777,#6778);
#5003=LINE('',#6779,#6780);
#5004=LINE('',#6781,#6782);
#5005=LINE('',#6783,#6784);
#5006=LINE('',#6785,#6786);
#5007=LINE('',#6787,#6788);
#5008=LINE('',#6789,#6790);
#5009=LINE('',#6791,#6792);
#5010=LINE('',#6793,#6794);
#5011=LINE('',#6795,#6796);
#5012=LINE('',#6797,#6798);
#5013=LINE('',#6799,#6800);
#5014=VERTEX_POINT('',#6801);
#5015=LINE('',#6802,#6803);
#5016=LINE('',#6804,#6805);
#5017=LINE('',#6806,#6807);
#5018=CARTESIAN_POINT('',(-0.85,0.399999999999999,1.1500539022124));
#5019=CARTESIAN_POINT('',(-0.65,0.399999999999999,1.1500539022124));
#5020=CARTESIAN_POINT('',(-0.75,0.399999999999999,1.1500539022124));
#5021=VECTOR('',#6808,1.0);
#5022=CARTESIAN_POINT('',(-0.85,0.445006857667709,1.17827357248857));
#5023=AXIS2_PLACEMENT_3D('',#6809,#6810,#6811);
#5024=CARTESIAN_POINT('',(-0.65,0.445006857667709,1.17827357248857));
#5025=CARTESIAN_POINT('',(-0.65,0.445006857667709,1.17827357248857));
#5026=VECTOR('',#6812,1.0);
#5027=AXIS2_PLACEMENT_3D('',#6813,#6814,#6815);
#5028=CARTESIAN_POINT('',(-0.35,0.399999999999999,1.1500539022124));
#5029=CARTESIAN_POINT('',(-0.15,0.399999999999999,1.1500539022124));
#5030=CARTESIAN_POINT('',(-0.25,0.399999999999999,1.1500539022124));
#5031=VECTOR('',#6816,1.0);
#5032=CARTESIAN_POINT('',(-0.35,0.445006857667709,1.17827357248857));
#5033=AXIS2_PLACEMENT_3D('',#6817,#6818,#6819);
#5034=CARTESIAN_POINT('',(-0.15,0.445006857667709,1.17827357248857));
#5035=CARTESIAN_POINT('',(-0.15,0.445006857667709,1.17827357248857));
#5036=VECTOR('',#6820,1.0);
#5037=AXIS2_PLACEMENT_3D('',#6821,#6822,#6823);
#5038=CARTESIAN_POINT('',(0.15,0.399999999999999,1.1500539022124));
#5039=CARTESIAN_POINT('',(0.35,0.399999999999999,1.1500539022124));
#5040=CARTESIAN_POINT('',(0.25,0.399999999999999,1.1500539022124));
#5041=VECTOR('',#6824,1.0);
#5042=CARTESIAN_POINT('',(0.15,0.445006857667709,1.17827357248857));
#5043=AXIS2_PLACEMENT_3D('',#6825,#6826,#6827);
#5044=CARTESIAN_POINT('',(0.35,0.445006857667709,1.17827357248857));
#5045=CARTESIAN_POINT('',(0.35,0.445006857667709,1.17827357248857));
#5046=VECTOR('',#6828,1.0);
#5047=AXIS2_PLACEMENT_3D('',#6829,#6830,#6831);
#5048=CARTESIAN_POINT('',(0.65,0.399999999999999,1.1500539022124));
#5049=CARTESIAN_POINT('',(0.85,0.399999999999999,1.1500539022124));
#5050=CARTESIAN_POINT('',(0.75,0.399999999999999,1.1500539022124));
#5051=VECTOR('',#6832,1.0);
#5052=CARTESIAN_POINT('',(0.65,0.445006857667709,1.17827357248857));
#5053=AXIS2_PLACEMENT_3D('',#6833,#6834,#6835);
#5054=CARTESIAN_POINT('',(0.85,0.445006857667709,1.17827357248857));
#5055=CARTESIAN_POINT('',(0.85,0.445006857667709,1.17827357248857));
#5056=VECTOR('',#6836,1.0);
#5057=AXIS2_PLACEMENT_3D('',#6837,#6838,#6839);
#5058=CARTESIAN_POINT('',(3.15,0.0,0.239999999999997));
#5059=CARTESIAN_POINT('',(2.55,0.0,0.239999999999997));
#5060=CARTESIAN_POINT('',(3.15,0.0,0.239999999999997));
#5061=VECTOR('',#6840,1.0);
#5062=CARTESIAN_POINT('',(3.15,0.0,1.9));
#5063=CARTESIAN_POINT('',(3.15,0.0,2.22044604925031E-16));
#5064=VECTOR('',#6841,1.0);
#5065=CARTESIAN_POINT('',(2.55,0.0,1.9));
#5066=CARTESIAN_POINT('',(3.15,0.0,1.9));
#5067=VECTOR('',#6842,1.0);
#5068=CARTESIAN_POINT('',(2.55,0.0,1.38));
#5069=CARTESIAN_POINT('',(2.55,-1.56142466891287E-16,18.81));
#5070=VECTOR('',#6843,1.0);
#5071=CARTESIAN_POINT('',(2.653,0.0,1.38));
#5072=CARTESIAN_POINT('',(2.653,0.0,1.38));
#5073=VECTOR('',#6844,1.0);
#5074=CARTESIAN_POINT('',(2.653,0.0,0.729999999999993));
#5075=CARTESIAN_POINT('',(2.653,0.0,0.729999999999993));
#5076=VECTOR('',#6845,1.0);
#5077=CARTESIAN_POINT('',(2.55,0.0,0.729999999999993));
#5078=CARTESIAN_POINT('',(1.853,0.0,0.729999999999996));
#5079=VECTOR('',#6846,1.0);
#5080=CARTESIAN_POINT('',(2.55,-1.56142466891287E-16,18.81));
#5081=VECTOR('',#6847,1.0);
#5082=CARTESIAN_POINT('',(2.25,0.0,1.9));
#5083=CARTESIAN_POINT('',(2.25,0.0,1.43358969723532));
#5084=CARTESIAN_POINT('',(2.25,-4.33680868994202E-16,18.81));
#5085=VECTOR('',#6848,1.0);
#5086=CARTESIAN_POINT('',(1.325,0.0,1.9));
#5087=CARTESIAN_POINT('',(3.15,0.0,1.9));
#5088=VECTOR('',#6849,1.0);
#5089=CARTESIAN_POINT('',(1.325,0.0,1.905));
#5090=CARTESIAN_POINT('',(1.325,0.0,1.905));
#5091=VECTOR('',#6850,1.0);
#5092=CARTESIAN_POINT('',(4.05,0.0,1.905));
#5093=CARTESIAN_POINT('',(4.05,0.0,1.905));
#5094=VECTOR('',#6851,1.0);
#5095=CARTESIAN_POINT('',(4.05,0.0,0.354999999999997));
#5096=CARTESIAN_POINT('',(4.05,0.0,0.205));
#5097=VECTOR('',#6852,1.0);
#5098=CARTESIAN_POINT('',(3.7,0.0,0.354999999999997));
#5099=CARTESIAN_POINT('',(4.05,0.0,0.354999999999997));
#5100=VECTOR('',#6853,1.0);
#5101=CARTESIAN_POINT('',(3.7,0.0,0.205));
#5102=CARTESIAN_POINT('',(3.7,0.0,0.354999999999997));
#5103=VECTOR('',#6854,1.0);
#5104=CARTESIAN_POINT('',(2.3,0.0,0.205));
#5105=CARTESIAN_POINT('',(-4.05,0.0,0.204999999999999));
#5106=VECTOR('',#6855,1.0);
#5107=CARTESIAN_POINT('',(2.3,0.0,0.676410302764679));
#5108=CARTESIAN_POINT('',(2.3,0.0,0.835));
#5109=VECTOR('',#6856,1.0);
#5110=CARTESIAN_POINT('',(2.45,0.0,0.676410302764679));
#5111=CARTESIAN_POINT('',(2.45,0.0,0.676410302764679));
#5112=VECTOR('',#6857,1.0);
#5113=CARTESIAN_POINT('',(2.45,0.0,0.755));
#5114=CARTESIAN_POINT('',(2.45,0.0,0.755));
#5115=VECTOR('',#6858,1.0);
#5116=CARTESIAN_POINT('',(2.65,-4.13318294712233E-17,0.755));
#5117=CARTESIAN_POINT('',(1.325,-2.22044604925031E-16,0.755));
#5118=VECTOR('',#6859,1.0);
#5119=CARTESIAN_POINT('',(2.65,-4.13318294712233E-17,1.355));
#5120=CARTESIAN_POINT('',(2.65,-4.13318294712233E-17,0.755));
#5121=VECTOR('',#6860,1.0);
#5122=CARTESIAN_POINT('',(2.45,-6.86092295397227E-17,1.355));
#5123=CARTESIAN_POINT('',(1.325,-2.22044604925031E-16,1.355));
#5124=VECTOR('',#6861,1.0);
#5125=CARTESIAN_POINT('',(2.45,0.0,1.43358969723532));
#5126=CARTESIAN_POINT('',(2.45,0.0,1.43358969723532));
#5127=VECTOR('',#6862,1.0);
#5128=CARTESIAN_POINT('',(2.45,0.0,1.43358969723532));
#5129=VECTOR('',#6863,1.0);
#5130=CARTESIAN_POINT('',(1.853,0.0,0.910000000000008));
#5131=CARTESIAN_POINT('',(1.853,0.0,1.38));
#5132=CARTESIAN_POINT('',(1.853,0.0,1.38));
#5133=VECTOR('',#6864,1.0);
#5134=CARTESIAN_POINT('',(1.95,0.0,1.38));
#5135=CARTESIAN_POINT('',(2.653,0.0,1.38));
#5136=VECTOR('',#6865,1.0);
#5137=CARTESIAN_POINT('',(1.95,-1.73472347597681E-15,0.835));
#5138=CARTESIAN_POINT('',(1.95,0.0,1.43358969723532));
#5139=VECTOR('',#6866,1.0);
#5140=CARTESIAN_POINT('',(1.15,-1.73472347597681E-15,0.835000000000001));
#5141=CARTESIAN_POINT('',(1.95,0.0,0.835));
#5142=VECTOR('',#6867,1.0);
#5143=CARTESIAN_POINT('',(1.15,0.0,0.995));
#5144=CARTESIAN_POINT('',(1.15,0.0,0.835000000000001));
#5145=VECTOR('',#6868,1.0);
#5146=CARTESIAN_POINT('',(1.238,0.0,0.995));
#5147=CARTESIAN_POINT('',(1.325,0.0,0.995));
#5148=VECTOR('',#6869,1.0);
#5149=CARTESIAN_POINT('',(1.238,0.0,0.910000000000008));
#5150=CARTESIAN_POINT('',(1.238,0.0,1.29000000000001));
#5151=VECTOR('',#6870,1.0);
#5152=CARTESIAN_POINT('',(2.25,0.0,0.910000000000007));
#5153=VECTOR('',#6871,1.0);
#5154=CARTESIAN_POINT('',(-1.95,-1.73472347597681E-15,0.835));
#5155=CARTESIAN_POINT('',(-1.95,0.0,1.38));
#5156=CARTESIAN_POINT('',(-1.95,0.0,1.43358969723532));
#5157=VECTOR('',#6872,1.0);
#5158=CARTESIAN_POINT('',(-1.853,0.0,1.38));
#5159=CARTESIAN_POINT('',(-1.853,0.0,1.38));
#5160=VECTOR('',#6873,1.0);
#5161=CARTESIAN_POINT('',(-1.853,0.0,0.910000000000008));
#5162=CARTESIAN_POINT('',(-1.853,0.0,0.729999999999998));
#5163=VECTOR('',#6874,1.0);
#5164=CARTESIAN_POINT('',(-1.238,0.0,0.910000000000008));
#5165=CARTESIAN_POINT('',(-1.235,0.0,0.910000000000008));
#5166=VECTOR('',#6875,1.0);
#5167=CARTESIAN_POINT('',(-1.238,0.0,0.995));
#5168=CARTESIAN_POINT('',(-1.238,0.0,1.29000000000001));
#5169=VECTOR('',#6876,1.0);
#5170=CARTESIAN_POINT('',(-1.15,-1.73472347597681E-15,0.995));
#5171=CARTESIAN_POINT('',(1.325,0.0,0.995));
#5172=VECTOR('',#6877,1.0);
#5173=CARTESIAN_POINT('',(-1.15,-1.73472347597681E-15,0.835));
#5174=CARTESIAN_POINT('',(-1.15,0.0,1.355));
#5175=VECTOR('',#6878,1.0);
#5176=CARTESIAN_POINT('',(-1.15,0.0,0.835));
#5177=VECTOR('',#6879,1.0);
#5178=CARTESIAN_POINT('',(-1.325,0.0,1.9));
#5179=CARTESIAN_POINT('',(-2.25,-2.6636067881455E-16,1.9));
#5180=CARTESIAN_POINT('',(3.15,0.0,1.9));
#5181=VECTOR('',#6880,1.0);
#5182=CARTESIAN_POINT('',(-2.25,-7.83701642898578E-16,1.43358969723533));
#5183=CARTESIAN_POINT('',(-2.25,-2.6636067881455E-16,18.81));
#5184=VECTOR('',#6881,1.0);
#5185=CARTESIAN_POINT('',(-2.45,0.0,1.43358969723532));
#5186=CARTESIAN_POINT('',(-2.45,0.0,1.43358969723532));
#5187=VECTOR('',#6882,1.0);
#5188=CARTESIAN_POINT('',(-2.45,0.0,1.355));
#5189=CARTESIAN_POINT('',(-2.45,0.0,1.43358969723532));
#5190=VECTOR('',#6883,1.0);
#5191=CARTESIAN_POINT('',(-2.65,0.0,1.355));
#5192=CARTESIAN_POINT('',(-2.65,-4.13318294712233E-17,1.355));
#5193=VECTOR('',#6884,1.0);
#5194=CARTESIAN_POINT('',(-2.65,0.0,0.755));
#5195=CARTESIAN_POINT('',(-2.65,0.0,0.755));
#5196=VECTOR('',#6885,1.0);
#5197=CARTESIAN_POINT('',(-2.45,-7.36905531217956E-16,0.755));
#5198=CARTESIAN_POINT('',(1.325,-2.22044604925031E-16,0.755));
#5199=VECTOR('',#6886,1.0);
#5200=CARTESIAN_POINT('',(-2.45,0.0,0.676410302764679));
#5201=CARTESIAN_POINT('',(-2.45,0.0,0.755));
#5202=VECTOR('',#6887,1.0);
#5203=CARTESIAN_POINT('',(-2.3,-3.3881317890172E-18,0.676410302764679));
#5204=CARTESIAN_POINT('',(-2.45,0.0,0.676410302764679));
#5205=VECTOR('',#6888,1.0);
#5206=CARTESIAN_POINT('',(-2.3,0.0,0.204999999999999));
#5207=CARTESIAN_POINT('',(-2.3,0.0,0.835));
#5208=VECTOR('',#6889,1.0);
#5209=CARTESIAN_POINT('',(-3.7,0.0,0.205));
#5210=CARTESIAN_POINT('',(-4.05,0.0,0.204999999999999));
#5211=VECTOR('',#6890,1.0);
#5212=CARTESIAN_POINT('',(-3.7,0.0,0.354999999999997));
#5213=CARTESIAN_POINT('',(-3.7,0.0,0.205));
#5214=VECTOR('',#6891,1.0);
#5215=CARTESIAN_POINT('',(-4.05,0.0,0.354999999999997));
#5216=CARTESIAN_POINT('',(-3.7,0.0,0.354999999999997));
#5217=VECTOR('',#6892,1.0);
#5218=CARTESIAN_POINT('',(-4.05,0.0,1.905));
#5219=CARTESIAN_POINT('',(-4.05,0.0,1.905));
#5220=VECTOR('',#6893,1.0);
#5221=CARTESIAN_POINT('',(-1.325,0.0,1.905));
#5222=CARTESIAN_POINT('',(-1.325,0.0,1.905));
#5223=VECTOR('',#6894,1.0);
#5224=CARTESIAN_POINT('',(-1.325,0.0,0.995));
#5225=VECTOR('',#6895,1.0);
#5226=CARTESIAN_POINT('',(-2.55,0.0,0.729999999999999));
#5227=CARTESIAN_POINT('',(-2.55,0.0,0.239999999999997));
#5228=CARTESIAN_POINT('',(-2.55,0.0,18.81));
#5229=VECTOR('',#6896,1.0);
#5230=CARTESIAN_POINT('',(-2.653,0.0,0.729999999999999));
#5231=CARTESIAN_POINT('',(-2.653,0.0,0.729999999999999));
#5232=VECTOR('',#6897,1.0);
#5233=CARTESIAN_POINT('',(-2.653,0.0,1.38));
#5234=CARTESIAN_POINT('',(-2.653,0.0,1.38));
#5235=VECTOR('',#6898,1.0);
#5236=CARTESIAN_POINT('',(-2.55,0.0,1.38));
#5237=CARTESIAN_POINT('',(-1.853,0.0,1.38));
#5238=VECTOR('',#6899,1.0);
#5239=CARTESIAN_POINT('',(-2.55,0.0,1.9));
#5240=CARTESIAN_POINT('',(-2.55,0.0,18.81));
#5241=VECTOR('',#6900,1.0);
#5242=CARTESIAN_POINT('',(-3.15,0.0,1.9));
#5243=CARTESIAN_POINT('',(3.15,0.0,1.9));
#5244=VECTOR('',#6901,1.0);
#5245=CARTESIAN_POINT('',(-3.15,0.0,0.239999999999997));
#5246=CARTESIAN_POINT('',(-3.15,0.0,1.9));
#5247=VECTOR('',#6902,1.0);
#5248=CARTESIAN_POINT('',(-1.815,0.0,0.239999999999997));
#5249=VECTOR('',#6903,1.0);
#5250=CARTESIAN_POINT('',(1.95,1.2274058612891,0.729999999999995));
#5251=CARTESIAN_POINT('',(1.95,1.8,0.755000000000001));
#5252=CARTESIAN_POINT('',(1.95,0.0,0.676410302764679));
#5253=VECTOR('',#6904,1.0);
#5254=CARTESIAN_POINT('',(1.95,0.8,0.729999999999995));
#5255=CARTESIAN_POINT('',(1.95,1.9,0.729999999999995));
#5256=VECTOR('',#6905,1.0);
#5257=CARTESIAN_POINT('',(1.95,0.8,0.711339057091488));
#5258=CARTESIAN_POINT('',(1.95,0.8,0.755));
#5259=VECTOR('',#6906,1.0);
#5260=CARTESIAN_POINT('',(1.95,0.65,0.704789915655212));
#5261=CARTESIAN_POINT('',(1.95,0.0,0.676410302764679));
#5262=VECTOR('',#6907,1.0);
#5263=CARTESIAN_POINT('',(1.95,0.65,0.835));
#5264=CARTESIAN_POINT('',(1.95,0.65,0.755));
#5265=VECTOR('',#6908,1.0);
#5266=CARTESIAN_POINT('',(1.95,1.9,0.835));
#5267=VECTOR('',#6909,1.0);
#5268=CARTESIAN_POINT('',(1.95,1.22740586128924,1.38));
#5269=CARTESIAN_POINT('',(1.95,1.9,1.38));
#5270=VECTOR('',#6910,1.0);
#5271=CARTESIAN_POINT('',(1.95,1.8,1.355));
#5272=CARTESIAN_POINT('',(1.95,1.8,1.355));
#5273=VECTOR('',#6911,1.0);
#5274=CARTESIAN_POINT('',(1.95,1.9,1.355));
#5275=CARTESIAN_POINT('',(1.95,1.9,1.355));
#5276=VECTOR('',#6912,1.0);
#5277=CARTESIAN_POINT('',(1.95,1.9,0.755));
#5278=CARTESIAN_POINT('',(1.95,1.9,0.755));
#5279=VECTOR('',#6913,1.0);
#5280=CARTESIAN_POINT('',(1.95,1.9,0.755));
#5281=VECTOR('',#6914,1.0);
#5282=CARTESIAN_POINT('',(-1.95,0.8,0.729999999999998));
#5283=CARTESIAN_POINT('',(-1.95,0.8,0.711339057091488));
#5284=CARTESIAN_POINT('',(-1.95,0.8,0.755));
#5285=VECTOR('',#6915,1.0);
#5286=CARTESIAN_POINT('',(-1.95,1.22740586128917,0.729999999999998));
#5287=CARTESIAN_POINT('',(-1.95,0.6,0.729999999999998));
#5288=VECTOR('',#6916,1.0);
#5289=CARTESIAN_POINT('',(-1.95,1.8,0.755));
#5290=CARTESIAN_POINT('',(-1.95,0.0,0.676410302764679));
#5291=VECTOR('',#6917,1.0);
#5292=CARTESIAN_POINT('',(-1.95,1.9,0.755));
#5293=CARTESIAN_POINT('',(-1.95,0.6,0.755));
#5294=VECTOR('',#6918,1.0);
#5295=CARTESIAN_POINT('',(-1.95,1.9,1.355));
#5296=CARTESIAN_POINT('',(-1.95,1.9,0.755));
#5297=VECTOR('',#6919,1.0);
#5298=CARTESIAN_POINT('',(-1.95,1.8,1.355));
#5299=CARTESIAN_POINT('',(-1.95,0.6,1.355));
#5300=VECTOR('',#6920,1.0);
#5301=CARTESIAN_POINT('',(-1.95,1.22740586128924,1.38));
#5302=CARTESIAN_POINT('',(-1.95,1.8,1.355));
#5303=VECTOR('',#6921,1.0);
#5304=CARTESIAN_POINT('',(-1.95,0.6,1.38));
#5305=VECTOR('',#6922,1.0);
#5306=CARTESIAN_POINT('',(-1.95,0.65,0.835));
#5307=CARTESIAN_POINT('',(-1.95,0.6,0.835));
#5308=VECTOR('',#6923,1.0);
#5309=CARTESIAN_POINT('',(-1.95,0.65,0.704789915655212));
#5310=CARTESIAN_POINT('',(-1.95,0.65,0.755));
#5311=VECTOR('',#6924,1.0);
#5312=CARTESIAN_POINT('',(-1.95,0.0,0.676410302764679));
#5313=VECTOR('',#6925,1.0);
#5314=CARTESIAN_POINT('',(-2.25,1.22740586128917,0.729999999999998));
#5315=CARTESIAN_POINT('',(-2.45,1.22740586128917,0.729999999999999));
#5316=VECTOR('',#6926,1.0);
#5317=CARTESIAN_POINT('',(-2.25,0.8,0.711339057091488));
#5318=CARTESIAN_POINT('',(-2.25,-3.1480416412729E-17,0.676410302764679));
#5319=VECTOR('',#6927,1.0);
#5320=CARTESIAN_POINT('',(-2.45,0.8,0.711339057091488));
#5321=VECTOR('',#6928,1.0);
#5322=CARTESIAN_POINT('',(-2.3,0.65,0.704789915655212));
#5323=CARTESIAN_POINT('',(2.3,0.65,0.704789915655212));
#5324=VECTOR('',#6929,1.0);
#5325=CARTESIAN_POINT('',(-2.3,-0.029476521169812,0.675123330056742));
#5326=VECTOR('',#6930,1.0);
#5327=CARTESIAN_POINT('',(-2.45,1.8,0.755000000000001));
#5328=CARTESIAN_POINT('',(-2.45,0.0,0.676410302764679));
#5329=VECTOR('',#6931,1.0);
#5330=CARTESIAN_POINT('',(-2.45,1.8,0.755000000000001));
#5331=VECTOR('',#6932,1.0);
#5332=CARTESIAN_POINT('',(2.25,1.22740586128908,0.729999999999995));
#5333=CARTESIAN_POINT('',(2.4500000000001,1.22740586128906,0.729999999999994));
#5334=VECTOR('',#6933,1.0);
#5335=CARTESIAN_POINT('',(2.45,1.8,0.755000000000001));
#5336=CARTESIAN_POINT('',(2.45,1.8,0.755000000000001));
#5337=VECTOR('',#6934,1.0);
#5338=CARTESIAN_POINT('',(2.45,0.0,0.676410302764679));
#5339=VECTOR('',#6935,1.0);
#5340=CARTESIAN_POINT('',(2.3,0.65,0.704789915655212));
#5341=CARTESIAN_POINT('',(2.3,-0.029476521169812,0.675123330056742));
#5342=VECTOR('',#6936,1.0);
#5343=CARTESIAN_POINT('',(2.3,0.65,0.704789915655212));
#5344=VECTOR('',#6937,1.0);
#5345=CARTESIAN_POINT('',(2.25,0.8,0.711339057091488));
#5346=CARTESIAN_POINT('',(2.45,0.8,0.711339057091488));
#5347=VECTOR('',#6938,1.0);
#5348=CARTESIAN_POINT('',(2.25,-3.1480416412729E-17,0.676410302764679));
#5349=VECTOR('',#6939,1.0);
#5350=CARTESIAN_POINT('',(2.3,0.65,0.505000000000001));
#5351=CARTESIAN_POINT('',(2.3,0.65,0.505000000000001));
#5352=VECTOR('',#6940,1.0);
#5353=CARTESIAN_POINT('',(2.3,0.15,0.205));
#5354=CARTESIAN_POINT('',(2.3,0.0,0.205));
#5355=VECTOR('',#6941,1.0);
#5356=CARTESIAN_POINT('',(2.3,0.15,0.505000000000001));
#5357=CARTESIAN_POINT('',(2.3,0.15,0.205));
#5358=VECTOR('',#6942,1.0);
#5359=CARTESIAN_POINT('',(2.3,0.15,0.505000000000001));
#5360=VECTOR('',#6943,1.0);
#5361=CARTESIAN_POINT('',(1.15,0.65,0.504999999999999));
#5362=CARTESIAN_POINT('',(2.3,0.65,0.505000000000001));
#5363=VECTOR('',#6944,1.0);
#5364=CARTESIAN_POINT('',(1.15,0.65,0.835));
#5365=CARTESIAN_POINT('',(1.15,0.650000000000001,4.27109946736715E-16));
#5366=VECTOR('',#6945,1.0);
#5367=CARTESIAN_POINT('',(2.3,0.65,0.835));
#5368=VECTOR('',#6946,1.0);
#5369=CARTESIAN_POINT('',(2.45,1.8,1.355));
#5370=CARTESIAN_POINT('',(2.45,1.8,1.355));
#5371=VECTOR('',#6947,1.0);
#5372=CARTESIAN_POINT('',(2.45,0.0,1.355));
#5373=VECTOR('',#6948,1.0);
#5374=CARTESIAN_POINT('',(2.65,0.6,1.355));
#5375=CARTESIAN_POINT('',(2.65,0.0,1.355));
#5376=VECTOR('',#6949,1.0);
#5377=CARTESIAN_POINT('',(2.82,0.894448637286709,1.355));
#5378=CARTESIAN_POINT('',(2.65,0.6,1.355));
#5379=VECTOR('',#6950,1.0);
#5380=CARTESIAN_POINT('',(2.82,1.33,1.355));
#5381=CARTESIAN_POINT('',(2.82,0.894448637286709,1.355));
#5382=VECTOR('',#6951,1.0);
#5383=CARTESIAN_POINT('',(2.65,1.5,1.355));
#5384=CARTESIAN_POINT('',(2.82,1.33,1.355));
#5385=VECTOR('',#6952,1.0);
#5386=CARTESIAN_POINT('',(2.65,1.95,1.355));
#5387=CARTESIAN_POINT('',(2.65,1.5,1.355));
#5388=VECTOR('',#6953,1.0);
#5389=CARTESIAN_POINT('',(3.07,1.95,1.355));
#5390=CARTESIAN_POINT('',(2.65,1.95,1.355));
#5391=VECTOR('',#6954,1.0);
#5392=CARTESIAN_POINT('',(2.92,2.6,1.355));
#5393=CARTESIAN_POINT('',(3.07,1.95,1.355));
#5394=VECTOR('',#6955,1.0);
#5395=CARTESIAN_POINT('',(2.92,3.1,1.355));
#5396=CARTESIAN_POINT('',(2.92,2.6,1.355));
#5397=VECTOR('',#6956,1.0);
#5398=CARTESIAN_POINT('',(2.1,3.1,1.355));
#5399=CARTESIAN_POINT('',(2.92,3.1,1.355));
#5400=VECTOR('',#6957,1.0);
#5401=CARTESIAN_POINT('',(2.1,2.2,1.355));
#5402=CARTESIAN_POINT('',(2.1,3.1,1.355));
#5403=VECTOR('',#6958,1.0);
#5404=CARTESIAN_POINT('',(2.1,2.2,1.355));
#5405=VECTOR('',#6959,1.0);
#5406=CARTESIAN_POINT('',(-2.45,1.8,0.755000000000001));
#5407=VECTOR('',#6960,1.0);
#5408=CARTESIAN_POINT('',(-2.65,0.6,0.755));
#5409=CARTESIAN_POINT('',(-2.65,0.6,0.755));
#5410=VECTOR('',#6961,1.0);
#5411=CARTESIAN_POINT('',(-2.82,0.894448637286709,0.755));
#5412=CARTESIAN_POINT('',(-2.82,0.894448637286709,0.755));
#5413=VECTOR('',#6962,1.0);
#5414=CARTESIAN_POINT('',(-2.82,1.33,0.755));
#5415=CARTESIAN_POINT('',(-2.82,1.33,0.755));
#5416=VECTOR('',#6963,1.0);
#5417=CARTESIAN_POINT('',(-2.65,1.5,0.755));
#5418=CARTESIAN_POINT('',(-2.65,1.5,0.755));
#5419=VECTOR('',#6964,1.0);
#5420=CARTESIAN_POINT('',(-2.65,1.95,0.755));
#5421=CARTESIAN_POINT('',(-2.65,1.95,0.755));
#5422=VECTOR('',#6965,1.0);
#5423=CARTESIAN_POINT('',(-3.07,1.95,0.755));
#5424=CARTESIAN_POINT('',(-3.07,1.95,0.755));
#5425=VECTOR('',#6966,1.0);
#5426=CARTESIAN_POINT('',(-2.92,2.6,0.755));
#5427=CARTESIAN_POINT('',(-2.92,2.6,0.755));
#5428=VECTOR('',#6967,1.0);
#5429=CARTESIAN_POINT('',(-2.92,3.1,0.755));
#5430=CARTESIAN_POINT('',(-2.92,3.1,0.755));
#5431=VECTOR('',#6968,1.0);
#5432=CARTESIAN_POINT('',(-2.1,3.1,0.755));
#5433=CARTESIAN_POINT('',(-2.1,3.1,0.755));
#5434=VECTOR('',#6969,1.0);
#5435=CARTESIAN_POINT('',(-2.1,2.2,0.755));
#5436=CARTESIAN_POINT('',(-2.1,2.2,0.755));
#5437=VECTOR('',#6970,1.0);
#5438=CARTESIAN_POINT('',(-1.95,1.9,0.755));
#5439=VECTOR('',#6971,1.0);
#5440=CARTESIAN_POINT('',(2.45,1.8,0.755000000000001));
#5441=VECTOR('',#6972,1.0);
#5442=CARTESIAN_POINT('',(2.1,2.2,0.755));
#5443=CARTESIAN_POINT('',(2.1,2.2,0.755));
#5444=VECTOR('',#6973,1.0);
#5445=CARTESIAN_POINT('',(2.1,3.1,0.755));
#5446=CARTESIAN_POINT('',(2.1,3.1,0.755));
#5447=VECTOR('',#6974,1.0);
#5448=CARTESIAN_POINT('',(2.92,3.1,0.755));
#5449=CARTESIAN_POINT('',(2.92,3.1,0.755));
#5450=VECTOR('',#6975,1.0);
#5451=CARTESIAN_POINT('',(2.92,2.6,0.755));
#5452=CARTESIAN_POINT('',(2.92,2.6,0.755));
#5453=VECTOR('',#6976,1.0);
#5454=CARTESIAN_POINT('',(3.07,1.95,0.755));
#5455=CARTESIAN_POINT('',(3.07,1.95,0.755));
#5456=VECTOR('',#6977,1.0);
#5457=CARTESIAN_POINT('',(2.65,1.95,0.755));
#5458=CARTESIAN_POINT('',(2.65,1.95,0.755));
#5459=VECTOR('',#6978,1.0);
#5460=CARTESIAN_POINT('',(2.65,1.5,0.755));
#5461=CARTESIAN_POINT('',(2.65,1.5,0.755));
#5462=VECTOR('',#6979,1.0);
#5463=CARTESIAN_POINT('',(2.82,1.33,0.755));
#5464=CARTESIAN_POINT('',(2.82,1.33,0.755));
#5465=VECTOR('',#6980,1.0);
#5466=CARTESIAN_POINT('',(2.82,0.894448637286709,0.755));
#5467=CARTESIAN_POINT('',(2.82,0.894448637286709,0.755));
#5468=VECTOR('',#6981,1.0);
#5469=CARTESIAN_POINT('',(2.65,0.6,0.755));
#5470=CARTESIAN_POINT('',(2.65,0.6,0.755));
#5471=VECTOR('',#6982,1.0);
#5472=CARTESIAN_POINT('',(2.65,0.0,0.755));
#5473=VECTOR('',#6983,1.0);
#5474=CARTESIAN_POINT('',(1.15,1.75,0.620192307692316));
#5475=CARTESIAN_POINT('',(1.15,1.62775510204081,0.504999999999999));
#5476=CARTESIAN_POINT('',(1.15,0.513516160626833,-0.544955925563169));
#5477=VECTOR('',#6984,1.0);
#5478=CARTESIAN_POINT('',(1.15,1.75,0.994999999999999));
#5479=CARTESIAN_POINT('',(1.15,1.75,0.504999999999999));
#5480=VECTOR('',#6985,1.0);
#5481=CARTESIAN_POINT('',(1.15,1.75,0.994999999999999));
#5482=VECTOR('',#6986,1.0);
#5483=CARTESIAN_POINT('',(1.15,0.0,0.835));
#5484=VECTOR('',#6987,1.0);
#5485=CARTESIAN_POINT('',(1.15,0.0,0.504999999999999));
#5486=VECTOR('',#6988,1.0);
#5487=CARTESIAN_POINT('',(-1.15,1.75,0.620192307692316));
#5488=CARTESIAN_POINT('',(-1.15,1.75,0.994999999999999));
#5489=CARTESIAN_POINT('',(-1.15,1.75,0.504999999999999));
#5490=VECTOR('',#6989,1.0);
#5491=CARTESIAN_POINT('',(-1.15,1.62775510204081,0.504999999999999));
#5492=CARTESIAN_POINT('',(-1.15,0.513516160626833,-0.544955925563169));
#5493=VECTOR('',#6990,1.0);
#5494=CARTESIAN_POINT('',(-1.15,0.65,0.504999999999999));
#5495=CARTESIAN_POINT('',(-1.15,0.0,0.504999999999999));
#5496=VECTOR('',#6991,1.0);
#5497=CARTESIAN_POINT('',(-1.15,0.65,0.835));
#5498=CARTESIAN_POINT('',(-1.15,0.650000000000001,4.27109946736715E-16));
#5499=VECTOR('',#6992,1.0);
#5500=CARTESIAN_POINT('',(-1.15,0.0,0.835));
#5501=VECTOR('',#6993,1.0);
#5502=CARTESIAN_POINT('',(-1.15,1.75,0.994999999999999));
#5503=VECTOR('',#6994,1.0);
#5504=CARTESIAN_POINT('',(-3.7,-0.55,0.205));
#5505=CARTESIAN_POINT('',(-3.7,7.12,0.205));
#5506=VECTOR('',#6995,1.0);
#5507=CARTESIAN_POINT('',(-2.3,0.15,0.205));
#5508=CARTESIAN_POINT('',(-2.3,0.0,0.205));
#5509=VECTOR('',#6996,1.0);
#5510=CARTESIAN_POINT('',(-1.815,0.15,0.205));
#5511=CARTESIAN_POINT('',(2.3,0.15,0.205));
#5512=VECTOR('',#6997,1.0);
#5513=CARTESIAN_POINT('',(1.815,0.15,0.205));
#5514=CARTESIAN_POINT('',(2.3,0.15,0.205));
#5515=VECTOR('',#6998,1.0);
#5516=CARTESIAN_POINT('',(2.3,0.15,0.205));
#5517=VECTOR('',#6999,1.0);
#5518=CARTESIAN_POINT('',(3.7,-0.550000000000001,0.205));
#5519=CARTESIAN_POINT('',(3.7,7.12,0.205));
#5520=VECTOR('',#7000,1.0);
#5521=CARTESIAN_POINT('',(4.05,-0.55,0.205));
#5522=VECTOR('',#7001,1.0);
#5523=CARTESIAN_POINT('',(4.05,-0.8,0.355));
#5524=CARTESIAN_POINT('',(4.05,-0.7,0.355));
#5525=VECTOR('',#7002,1.0);
#5526=CARTESIAN_POINT('',(4.05,-0.8,1.905));
#5527=CARTESIAN_POINT('',(4.05,-0.8,1.905));
#5528=VECTOR('',#7003,1.0);
#5529=CARTESIAN_POINT('',(4.05,-0.8,0.205));
#5530=VECTOR('',#7004,1.0);
#5531=CARTESIAN_POINT('',(-1.325,0.0,0.995));
#5532=CARTESIAN_POINT('',(-1.325,-0.8,0.995));
#5533=CARTESIAN_POINT('',(-1.325,-0.8,0.995));
#5534=VECTOR('',#7005,1.0);
#5535=CARTESIAN_POINT('',(-1.325,0.0,0.995));
#5536=VECTOR('',#7006,1.0);
#5537=CARTESIAN_POINT('',(-1.325,-0.8,1.905));
#5538=CARTESIAN_POINT('',(-1.325,-0.8,1.905));
#5539=VECTOR('',#7007,1.0);
#5540=CARTESIAN_POINT('',(-1.325,-0.8,0.995));
#5541=VECTOR('',#7008,1.0);
#5542=CARTESIAN_POINT('',(-4.05,-0.8,0.355));
#5543=CARTESIAN_POINT('',(-4.05,-0.7,0.355));
#5544=VECTOR('',#7009,1.0);
#5545=CARTESIAN_POINT('',(-4.05,-0.8,1.905));
#5546=CARTESIAN_POINT('',(-4.05,-0.8,1.905));
#5547=VECTOR('',#7010,1.0);
#5548=CARTESIAN_POINT('',(-4.05,-0.8,1.905));
#5549=VECTOR('',#7011,1.0);
#5550=CARTESIAN_POINT('',(1.325,-0.8,1.905));
#5551=CARTESIAN_POINT('',(1.325,-0.8,1.905));
#5552=VECTOR('',#7012,1.0);
#5553=CARTESIAN_POINT('',(4.05,-0.8,1.905));
#5554=VECTOR('',#7013,1.0);
#5555=CARTESIAN_POINT('',(1.325,0.0,0.995));
#5556=CARTESIAN_POINT('',(1.325,0.0,1.905));
#5557=VECTOR('',#7014,1.0);
#5558=CARTESIAN_POINT('',(1.325,-0.8,0.995));
#5559=CARTESIAN_POINT('',(1.325,-0.8,0.995));
#5560=VECTOR('',#7015,1.0);
#5561=CARTESIAN_POINT('',(1.325,-0.8,1.905));
#5562=VECTOR('',#7016,1.0);
#5563=CARTESIAN_POINT('',(1.325,0.0,0.995));
#5564=VECTOR('',#7017,1.0);
#5565=CARTESIAN_POINT('',(1.15,1.75,0.994999999999999));
#5566=VECTOR('',#7018,1.0);
#5567=CARTESIAN_POINT('',(1.325,0.0,0.995));
#5568=VECTOR('',#7019,1.0);
#5569=CARTESIAN_POINT('',(1.325,-0.8,0.995));
#5570=VECTOR('',#7020,1.0);
#5571=CARTESIAN_POINT('',(-2.125,-0.79,1.905));
#5572=CARTESIAN_POINT('',(-2.725,-0.79,1.905));
#5573=CARTESIAN_POINT('',(-2.125,-0.79,1.905));
#5574=VECTOR('',#7021,1.0);
#5575=CARTESIAN_POINT('',(-2.125,-0.8,1.905));
#5576=CARTESIAN_POINT('',(-2.125,-0.79,1.905));
#5577=VECTOR('',#7022,1.0);
#5578=CARTESIAN_POINT('',(-1.325,-0.8,1.905));
#5579=VECTOR('',#7023,1.0);
#5580=CARTESIAN_POINT('',(-2.725,-0.8,1.905));
#5581=CARTESIAN_POINT('',(-1.325,-0.8,1.905));
#5582=VECTOR('',#7024,1.0);
#5583=CARTESIAN_POINT('',(-2.725,-0.79,1.905));
#5584=VECTOR('',#7025,1.0);
#5585=CARTESIAN_POINT('',(-2.425,-0.8,1.385));
#5586=CARTESIAN_POINT('',(-2.725,-0.8,1.905));
#5587=VECTOR('',#7026,1.0);
#5588=CARTESIAN_POINT('',(4.05,-0.8,0.355));
#5589=VECTOR('',#7027,1.0);
#5590=CARTESIAN_POINT('',(-2.425,-0.8,1.385));
#5591=VECTOR('',#7028,1.0);
#5592=CARTESIAN_POINT('',(2.65,0.6,0.755));
#5593=VECTOR('',#7029,1.0);
#5594=CARTESIAN_POINT('',(2.82,0.894448637286709,0.755));
#5595=VECTOR('',#7030,1.0);
#5596=CARTESIAN_POINT('',(2.82,1.33,0.755));
#5597=VECTOR('',#7031,1.0);
#5598=CARTESIAN_POINT('',(2.65,1.5,0.755));
#5599=VECTOR('',#7032,1.0);
#5600=CARTESIAN_POINT('',(2.65,1.95,0.755));
#5601=VECTOR('',#7033,1.0);
#5602=CARTESIAN_POINT('',(3.07,1.95,0.755));
#5603=VECTOR('',#7034,1.0);
#5604=CARTESIAN_POINT('',(2.92,2.6,0.755));
#5605=VECTOR('',#7035,1.0);
#5606=CARTESIAN_POINT('',(2.92,3.1,0.755));
#5607=VECTOR('',#7036,1.0);
#5608=CARTESIAN_POINT('',(2.1,3.1,0.755));
#5609=VECTOR('',#7037,1.0);
#5610=CARTESIAN_POINT('',(2.1,2.2,0.755));
#5611=VECTOR('',#7038,1.0);
#5612=CARTESIAN_POINT('',(-2.92,2.6,1.355));
#5613=CARTESIAN_POINT('',(-3.07,1.95,1.355));
#5614=CARTESIAN_POINT('',(-2.92,2.6,1.355));
#5615=VECTOR('',#7039,1.0);
#5616=CARTESIAN_POINT('',(-2.92,2.6,0.755));
#5617=VECTOR('',#7040,1.0);
#5618=CARTESIAN_POINT('',(-3.07,1.95,0.755));
#5619=VECTOR('',#7041,1.0);
#5620=CARTESIAN_POINT('',(-2.65,1.95,1.355));
#5621=CARTESIAN_POINT('',(-3.07,1.95,1.355));
#5622=VECTOR('',#7042,1.0);
#5623=CARTESIAN_POINT('',(-2.65,1.95,0.755));
#5624=VECTOR('',#7043,1.0);
#5625=CARTESIAN_POINT('',(-2.65,1.5,1.355));
#5626=CARTESIAN_POINT('',(-2.65,1.95,1.355));
#5627=VECTOR('',#7044,1.0);
#5628=CARTESIAN_POINT('',(-2.65,1.5,0.755));
#5629=VECTOR('',#7045,1.0);
#5630=CARTESIAN_POINT('',(-2.82,1.33,1.355));
#5631=CARTESIAN_POINT('',(-2.65,1.5,1.355));
#5632=VECTOR('',#7046,1.0);
#5633=CARTESIAN_POINT('',(-2.82,1.33,0.755));
#5634=VECTOR('',#7047,1.0);
#5635=CARTESIAN_POINT('',(-2.82,0.894448637286709,1.355));
#5636=CARTESIAN_POINT('',(-2.82,1.33,1.355));
#5637=VECTOR('',#7048,1.0);
#5638=CARTESIAN_POINT('',(-2.82,0.894448637286709,0.755));
#5639=VECTOR('',#7049,1.0);
#5640=CARTESIAN_POINT('',(-2.65,0.6,1.355));
#5641=CARTESIAN_POINT('',(-2.82,0.894448637286709,1.355));
#5642=VECTOR('',#7050,1.0);
#5643=CARTESIAN_POINT('',(-2.65,0.6,0.755));
#5644=VECTOR('',#7051,1.0);
#5645=CARTESIAN_POINT('',(-2.65,0.6,1.355));
#5646=VECTOR('',#7052,1.0);
#5647=CARTESIAN_POINT('',(-2.1,2.2,1.355));
#5648=CARTESIAN_POINT('',(-1.95,1.9,1.355));
#5649=VECTOR('',#7053,1.0);
#5650=CARTESIAN_POINT('',(-2.1,2.2,0.755));
#5651=VECTOR('',#7054,1.0);
#5652=CARTESIAN_POINT('',(-2.1,3.1,1.355));
#5653=CARTESIAN_POINT('',(-2.1,2.2,1.355));
#5654=VECTOR('',#7055,1.0);
#5655=CARTESIAN_POINT('',(-2.1,3.1,0.755));
#5656=VECTOR('',#7056,1.0);
#5657=CARTESIAN_POINT('',(-2.92,3.1,1.355));
#5658=CARTESIAN_POINT('',(-2.1,3.1,1.355));
#5659=VECTOR('',#7057,1.0);
#5660=CARTESIAN_POINT('',(-2.92,3.1,0.755));
#5661=VECTOR('',#7058,1.0);
#5662=CARTESIAN_POINT('',(-2.92,3.1,1.355));
#5663=VECTOR('',#7059,1.0);
#5664=CARTESIAN_POINT('',(-2.45,1.8,1.355));
#5665=CARTESIAN_POINT('',(-2.45,0.0,1.355));
#5666=VECTOR('',#7060,1.0);
#5667=CARTESIAN_POINT('',(-2.45,1.8,1.355));
#5668=VECTOR('',#7061,1.0);
#5669=CARTESIAN_POINT('',(0.85,1.62775510204081,0.504999999999999));
#5670=CARTESIAN_POINT('',(0.85,0.235294628269511,0.504999999999999));
#5671=CARTESIAN_POINT('',(0.85,0.0,0.504999999999999));
#5672=VECTOR('',#7062,1.0);
#5673=CARTESIAN_POINT('',(1.15,1.62775510204081,0.504999999999999));
#5674=VECTOR('',#7063,1.0);
#5675=CARTESIAN_POINT('',(-2.3,0.15,0.505000000000001));
#5676=CARTESIAN_POINT('',(2.3,0.15,0.505000000000001));
#5677=VECTOR('',#7064,1.0);
#5678=CARTESIAN_POINT('',(-2.3,0.65,0.505000000000001));
#5679=CARTESIAN_POINT('',(-2.3,0.15,0.505000000000001));
#5680=VECTOR('',#7065,1.0);
#5681=CARTESIAN_POINT('',(2.3,0.65,0.505000000000001));
#5682=VECTOR('',#7066,1.0);
#5683=CARTESIAN_POINT('',(-0.85,1.62775510204081,0.504999999999999));
#5684=CARTESIAN_POINT('',(1.15,1.62775510204081,0.504999999999999));
#5685=VECTOR('',#7067,1.0);
#5686=CARTESIAN_POINT('',(-0.85,0.235294628269511,0.504999999999999));
#5687=CARTESIAN_POINT('',(-0.85,0.0,0.504999999999999));
#5688=VECTOR('',#7068,1.0);
#5689=CARTESIAN_POINT('',(-0.65,0.235294628269511,0.504999999999999));
#5690=CARTESIAN_POINT('',(-0.65,0.235294628269511,0.504999999999999));
#5691=VECTOR('',#7069,1.0);
#5692=CARTESIAN_POINT('',(-0.65,1.62775510204081,0.504999999999999));
#5693=CARTESIAN_POINT('',(-0.65,0.0,0.504999999999999));
#5694=VECTOR('',#7070,1.0);
#5695=CARTESIAN_POINT('',(-0.35,1.62775510204081,0.504999999999999));
#5696=CARTESIAN_POINT('',(1.15,1.62775510204081,0.504999999999999));
#5697=VECTOR('',#7071,1.0);
#5698=CARTESIAN_POINT('',(-0.35,0.235294628269511,0.504999999999999));
#5699=CARTESIAN_POINT('',(-0.35,0.0,0.504999999999999));
#5700=VECTOR('',#7072,1.0);
#5701=CARTESIAN_POINT('',(-0.15,0.235294628269511,0.504999999999999));
#5702=CARTESIAN_POINT('',(-0.15,0.235294628269511,0.504999999999999));
#5703=VECTOR('',#7073,1.0);
#5704=CARTESIAN_POINT('',(-0.15,1.62775510204081,0.504999999999999));
#5705=CARTESIAN_POINT('',(-0.15,0.0,0.504999999999999));
#5706=VECTOR('',#7074,1.0);
#5707=CARTESIAN_POINT('',(0.15,1.62775510204081,0.504999999999999));
#5708=CARTESIAN_POINT('',(1.15,1.62775510204081,0.504999999999999));
#5709=VECTOR('',#7075,1.0);
#5710=CARTESIAN_POINT('',(0.15,0.235294628269511,0.504999999999999));
#5711=CARTESIAN_POINT('',(0.15,0.0,0.504999999999999));
#5712=VECTOR('',#7076,1.0);
#5713=CARTESIAN_POINT('',(0.35,0.235294628269511,0.504999999999999));
#5714=CARTESIAN_POINT('',(0.35,0.235294628269511,0.504999999999999));
#5715=VECTOR('',#7077,1.0);
#5716=CARTESIAN_POINT('',(0.35,1.62775510204081,0.504999999999999));
#5717=CARTESIAN_POINT('',(0.35,0.0,0.504999999999999));
#5718=VECTOR('',#7078,1.0);
#5719=CARTESIAN_POINT('',(0.65,1.62775510204081,0.504999999999999));
#5720=CARTESIAN_POINT('',(1.15,1.62775510204081,0.504999999999999));
#5721=VECTOR('',#7079,1.0);
#5722=CARTESIAN_POINT('',(0.65,0.235294628269511,0.504999999999999));
#5723=CARTESIAN_POINT('',(0.65,0.0,0.504999999999999));
#5724=VECTOR('',#7080,1.0);
#5725=CARTESIAN_POINT('',(0.85,0.235294628269511,0.504999999999999));
#5726=VECTOR('',#7081,1.0);
#5727=CARTESIAN_POINT('',(1.15,1.75,0.620192307692316));
#5728=VECTOR('',#7082,1.0);
#5729=CARTESIAN_POINT('',(-3.7,-0.699999999999997,0.354999999999997));
#5730=CARTESIAN_POINT('',(-3.7,-0.55,0.205));
#5731=VECTOR('',#7083,1.0);
#5732=CARTESIAN_POINT('',(3.7,-0.7,0.355));
#5733=CARTESIAN_POINT('',(3.7,-0.55,0.205));
#5734=VECTOR('',#7084,1.0);
#5735=CARTESIAN_POINT('',(4.05,-0.7,0.355));
#5736=VECTOR('',#7085,1.0);
#5737=CARTESIAN_POINT('',(-3.7,7.12,0.354999999999997));
#5738=VECTOR('',#7086,1.0);
#5739=CARTESIAN_POINT('',(3.7,7.12,0.354999999999997));
#5740=VECTOR('',#7087,1.0);
#5741=CARTESIAN_POINT('',(-2.3,0.65,0.505000000000001));
#5742=VECTOR('',#7088,1.0);
#5743=CARTESIAN_POINT('',(-2.3,0.15,0.205));
#5744=VECTOR('',#7089,1.0);
#5745=CARTESIAN_POINT('',(2.3,0.65,0.835));
#5746=VECTOR('',#7090,1.0);
#5747=CARTESIAN_POINT('',(2.25,0.15,0.460000000000009));
#5748=CARTESIAN_POINT('',(2.25,0.15,0.239999999999997));
#5749=CARTESIAN_POINT('',(2.25,0.15,-6.28996340812725E-31));
#5750=VECTOR('',#7091,1.0);
#5751=CARTESIAN_POINT('',(-2.25,0.15,0.460000000000009));
#5752=CARTESIAN_POINT('',(1.238,0.15,0.460000000000009));
#5753=VECTOR('',#7092,1.0);
#5754=CARTESIAN_POINT('',(-2.25,0.149999999999997,0.239999999999997));
#5755=CARTESIAN_POINT('',(-2.25,0.15,5.13584168186537E-31));
#5756=VECTOR('',#7093,1.0);
#5757=CARTESIAN_POINT('',(-1.815,0.15,0.239999999999997));
#5758=CARTESIAN_POINT('',(-1.815,0.149999999999997,0.239999999999997));
#5759=VECTOR('',#7094,1.0);
#5760=CARTESIAN_POINT('',(-1.815,0.149999999999997,-5.8133294185414E-15));
#5761=VECTOR('',#7095,1.0);
#5762=CARTESIAN_POINT('',(1.815,0.15,0.239999999999997));
#5763=CARTESIAN_POINT('',(1.815,0.149999999999997,0.239999999999992));
#5764=VECTOR('',#7096,1.0);
#5765=CARTESIAN_POINT('',(3.15,0.149999999999997,0.239999999999997));
#5766=VECTOR('',#7097,1.0);
#5767=CARTESIAN_POINT('',(-2.25,1.22740586128924,1.38));
#5768=CARTESIAN_POINT('',(-2.25,1.8,1.355));
#5769=VECTOR('',#7098,1.0);
#5770=CARTESIAN_POINT('',(-2.44999999999999,1.22740586128924,1.38));
#5771=VECTOR('',#7099,1.0);
#5772=CARTESIAN_POINT('',(-2.45,1.8,1.355));
#5773=VECTOR('',#7100,1.0);
#5774=CARTESIAN_POINT('',(2.25,1.22740586128924,1.38));
#5775=CARTESIAN_POINT('',(2.44999999999999,1.22740586128924,1.38));
#5776=VECTOR('',#7101,1.0);
#5777=CARTESIAN_POINT('',(2.25,1.8,1.355));
#5778=VECTOR('',#7102,1.0);
#5779=CARTESIAN_POINT('',(2.45,1.8,1.355));
#5780=VECTOR('',#7103,1.0);
#5781=CARTESIAN_POINT('',(1.815,0.15,0.0));
#5782=CARTESIAN_POINT('',(1.815,0.149999999999997,0.239999999999992));
#5783=VECTOR('',#7104,1.0);
#5784=CARTESIAN_POINT('',(-1.815,0.15,0.0));
#5785=CARTESIAN_POINT('',(-1.815,0.149999999999997,-5.8133294185414E-15));
#5786=VECTOR('',#7105,1.0);
#5787=CARTESIAN_POINT('',(-22.275,0.15,0.0));
#5788=VECTOR('',#7106,1.0);
#5789=CARTESIAN_POINT('',(0.85,0.206862915010155,0.460000000000009));
#5790=AXIS2_PLACEMENT_3D('',#7107,#7108,#7109);
#5791=CARTESIAN_POINT('',(0.85,1.58,0.460000000000009));
#5792=CARTESIAN_POINT('',(0.85,0.0,0.460000000000009));
#5793=VECTOR('',#7110,1.0);
#5794=CARTESIAN_POINT('',(0.85,1.58,0.460000000000009));
#5795=VECTOR('',#7111,1.0);
#5796=CARTESIAN_POINT('',(0.65,0.206862915010155,0.460000000000009));
#5797=AXIS2_PLACEMENT_3D('',#7112,#7113,#7114);
#5798=CARTESIAN_POINT('',(0.65,1.58,0.460000000000009));
#5799=CARTESIAN_POINT('',(0.65,1.58,0.460000000000009));
#5800=VECTOR('',#7115,1.0);
#5801=CARTESIAN_POINT('',(0.65,0.0,0.460000000000009));
#5802=VECTOR('',#7116,1.0);
#5803=CARTESIAN_POINT('',(0.85,0.206862915010155,0.460000000000009));
#5804=VECTOR('',#7117,1.0);
#5805=CARTESIAN_POINT('',(0.35,0.206862915010155,0.460000000000009));
#5806=AXIS2_PLACEMENT_3D('',#7118,#7119,#7120);
#5807=CARTESIAN_POINT('',(0.35,1.58,0.460000000000009));
#5808=CARTESIAN_POINT('',(0.35,0.0,0.460000000000009));
#5809=VECTOR('',#7121,1.0);
#5810=CARTESIAN_POINT('',(0.35,1.58,0.460000000000009));
#5811=VECTOR('',#7122,1.0);
#5812=CARTESIAN_POINT('',(0.15,0.206862915010155,0.460000000000009));
#5813=AXIS2_PLACEMENT_3D('',#7123,#7124,#7125);
#5814=CARTESIAN_POINT('',(0.15,1.58,0.460000000000009));
#5815=CARTESIAN_POINT('',(0.15,1.58,0.460000000000009));
#5816=VECTOR('',#7126,1.0);
#5817=CARTESIAN_POINT('',(0.15,0.0,0.460000000000009));
#5818=VECTOR('',#7127,1.0);
#5819=CARTESIAN_POINT('',(0.35,0.206862915010155,0.460000000000009));
#5820=VECTOR('',#7128,1.0);
#5821=CARTESIAN_POINT('',(-0.15,0.206862915010155,0.460000000000009));
#5822=AXIS2_PLACEMENT_3D('',#7129,#7130,#7131);
#5823=CARTESIAN_POINT('',(-0.15,1.58,0.460000000000009));
#5824=CARTESIAN_POINT('',(-0.15,0.0,0.460000000000009));
#5825=VECTOR('',#7132,1.0);
#5826=CARTESIAN_POINT('',(-0.15,1.58,0.460000000000009));
#5827=VECTOR('',#7133,1.0);
#5828=CARTESIAN_POINT('',(-0.35,0.206862915010155,0.460000000000009));
#5829=AXIS2_PLACEMENT_3D('',#7134,#7135,#7136);
#5830=CARTESIAN_POINT('',(-0.35,1.58,0.460000000000009));
#5831=CARTESIAN_POINT('',(-0.35,1.58,0.460000000000009));
#5832=VECTOR('',#7137,1.0);
#5833=CARTESIAN_POINT('',(-0.35,0.0,0.460000000000009));
#5834=VECTOR('',#7138,1.0);
#5835=CARTESIAN_POINT('',(-0.15,0.206862915010155,0.460000000000009));
#5836=VECTOR('',#7139,1.0);
#5837=CARTESIAN_POINT('',(-0.65,0.206862915010155,0.460000000000009));
#5838=AXIS2_PLACEMENT_3D('',#7140,#7141,#7142);
#5839=CARTESIAN_POINT('',(-0.65,1.58,0.460000000000009));
#5840=CARTESIAN_POINT('',(-0.65,0.0,0.460000000000009));
#5841=VECTOR('',#7143,1.0);
#5842=CARTESIAN_POINT('',(-0.65,1.58,0.460000000000009));
#5843=VECTOR('',#7144,1.0);
#5844=CARTESIAN_POINT('',(-0.85,0.206862915010155,0.460000000000009));
#5845=AXIS2_PLACEMENT_3D('',#7145,#7146,#7147);
#5846=CARTESIAN_POINT('',(-0.85,1.58,0.460000000000009));
#5847=CARTESIAN_POINT('',(-0.85,1.58,0.460000000000009));
#5848=VECTOR('',#7148,1.0);
#5849=CARTESIAN_POINT('',(-0.85,0.0,0.460000000000009));
#5850=VECTOR('',#7149,1.0);
#5851=CARTESIAN_POINT('',(-0.65,0.206862915010155,0.460000000000009));
#5852=VECTOR('',#7150,1.0);
#5853=CARTESIAN_POINT('',(1.238,1.58,0.460000000000009));
#5854=VECTOR('',#7151,1.0);
#5855=CARTESIAN_POINT('',(1.238,1.58,0.460000000000009));
#5856=VECTOR('',#7152,1.0);
#5857=CARTESIAN_POINT('',(1.238,1.58,0.460000000000009));
#5858=VECTOR('',#7153,1.0);
#5859=CARTESIAN_POINT('',(1.238,1.58,0.460000000000009));
#5860=CARTESIAN_POINT('',(1.238,1.58,0.460000000000009));
#5861=VECTOR('',#7154,1.0);
#5862=CARTESIAN_POINT('',(1.238,2.1,0.950000000000009));
#5863=CARTESIAN_POINT('',(1.238,1.58,0.460000000000009));
#5864=VECTOR('',#7155,1.0);
#5865=CARTESIAN_POINT('',(-1.238,2.1,0.950000000000009));
#5866=CARTESIAN_POINT('',(1.238,2.1,0.950000000000009));
#5867=VECTOR('',#7156,1.0);
#5868=CARTESIAN_POINT('',(-1.238,1.58,0.460000000000009));
#5869=CARTESIAN_POINT('',(-1.238,1.58,0.460000000000009));
#5870=VECTOR('',#7157,1.0);
#5871=CARTESIAN_POINT('',(1.238,1.58,0.460000000000009));
#5872=VECTOR('',#7158,1.0);
#5873=CARTESIAN_POINT('',(2.25,2.75,1.38));
#5874=CARTESIAN_POINT('',(2.25,2.75,1.38));
#5875=VECTOR('',#7159,1.0);
#5876=CARTESIAN_POINT('',(2.25,2.75,1.9));
#5877=CARTESIAN_POINT('',(2.25,2.75,18.81));
#5878=VECTOR('',#7160,1.0);
#5879=CARTESIAN_POINT('',(2.25,2.75,1.9));
#5880=VECTOR('',#7161,1.0);
#5881=CARTESIAN_POINT('',(2.25,0.8,0.460000000000009));
#5882=CARTESIAN_POINT('',(2.25,0.8,0.460000000000009));
#5883=VECTOR('',#7162,1.0);
#5884=CARTESIAN_POINT('',(2.25,0.8,0.460000000000009));
#5885=VECTOR('',#7163,1.0);
#5886=CARTESIAN_POINT('',(2.25,2.75,0.239999999999997));
#5887=CARTESIAN_POINT('',(2.25,2.75,0.239999999999997));
#5888=VECTOR('',#7164,1.0);
#5889=CARTESIAN_POINT('',(2.25,2.75,0.729999999999995));
#5890=CARTESIAN_POINT('',(2.25,2.75,18.81));
#5891=VECTOR('',#7165,1.0);
#5892=CARTESIAN_POINT('',(2.25,2.75,0.729999999999995));
#5893=VECTOR('',#7166,1.0);
#5894=CARTESIAN_POINT('',(-2.06,2.75,0.203));
#5895=CARTESIAN_POINT('',(-2.06,2.75,0.0));
#5896=CARTESIAN_POINT('',(-2.06,2.75,0.303));
#5897=VECTOR('',#7167,1.0);
#5898=CARTESIAN_POINT('',(-1.815,2.75,0.203));
#5899=CARTESIAN_POINT('',(-1.698,2.75,0.203));
#5900=VECTOR('',#7168,1.0);
#5901=CARTESIAN_POINT('',(-1.815,2.75,-1.99533170324337E-17));
#5902=CARTESIAN_POINT('',(-1.815,2.75,-4.44089209850063E-16));
#5903=VECTOR('',#7169,1.0);
#5904=CARTESIAN_POINT('',(-3.0,2.75,-2.22044604925031E-16));
#5905=VECTOR('',#7170,1.0);
#5906=CARTESIAN_POINT('',(-2.06,2.01,0.203));
#5907=CARTESIAN_POINT('',(-1.815,2.01,0.203));
#5908=CARTESIAN_POINT('',(-1.698,2.01,0.203));
#5909=VECTOR('',#7171,1.0);
#5910=CARTESIAN_POINT('',(-2.06,2.01,-6.17359039806921E-17));
#5911=CARTESIAN_POINT('',(-2.06,2.01,0.303));
#5912=VECTOR('',#7172,1.0);
#5913=CARTESIAN_POINT('',(-1.815,2.01,-4.44546788090489E-16));
#5914=CARTESIAN_POINT('',(-3.0,2.01,-2.22044604925031E-16));
#5915=VECTOR('',#7173,1.0);
#5916=CARTESIAN_POINT('',(-1.815,2.01,-4.44089209850063E-16));
#5917=VECTOR('',#7174,1.0);
#5918=CARTESIAN_POINT('',(-3.0,1.15,0.203));
#5919=CARTESIAN_POINT('',(-3.0,2.3,0.203));
#5920=CARTESIAN_POINT('',(-3.0,2.75,0.202999999999996));
#5921=VECTOR('',#7175,1.0);
#5922=CARTESIAN_POINT('',(-3.0,2.3,0.0));
#5923=CARTESIAN_POINT('',(-3.0,2.3,2.0097));
#5924=VECTOR('',#7176,1.0);
#5925=CARTESIAN_POINT('',(-3.0,1.15,0.0));
#5926=CARTESIAN_POINT('',(-3.0,2.75,-2.16840434497101E-16));
#5927=VECTOR('',#7177,1.0);
#5928=CARTESIAN_POINT('',(-3.0,1.15,2.0097));
#5929=VECTOR('',#7178,1.0);
#5930=CARTESIAN_POINT('',(2.06,2.75,0.0));
#5931=CARTESIAN_POINT('',(2.06,2.75,0.203));
#5932=CARTESIAN_POINT('',(2.06,2.75,0.303));
#5933=VECTOR('',#7179,1.0);
#5934=CARTESIAN_POINT('',(1.815,2.75,0.0));
#5935=CARTESIAN_POINT('',(1.698,2.75,0.0));
#5936=VECTOR('',#7180,1.0);
#5937=CARTESIAN_POINT('',(1.815,2.75,0.203));
#5938=CARTESIAN_POINT('',(1.815,2.75,0.239999999999997));
#5939=VECTOR('',#7181,1.0);
#5940=CARTESIAN_POINT('',(3.0,2.75,0.203));
#5941=VECTOR('',#7182,1.0);
#5942=CARTESIAN_POINT('',(2.06,2.01,0.0));
#5943=CARTESIAN_POINT('',(1.815,2.01,0.0));
#5944=CARTESIAN_POINT('',(1.698,2.01,0.0));
#5945=VECTOR('',#7183,1.0);
#5946=CARTESIAN_POINT('',(2.06,2.01,0.203));
#5947=CARTESIAN_POINT('',(2.06,2.01,0.303));
#5948=VECTOR('',#7184,1.0);
#5949=CARTESIAN_POINT('',(1.815,2.01,0.203));
#5950=CARTESIAN_POINT('',(3.0,2.01,0.203));
#5951=VECTOR('',#7185,1.0);
#5952=CARTESIAN_POINT('',(1.815,2.01,0.239999999999997));
#5953=VECTOR('',#7186,1.0);
#5954=CARTESIAN_POINT('',(1.815,3.35,-4.33680868994202E-16));
#5955=CARTESIAN_POINT('',(1.815,33.165,-4.33680868994202E-16));
#5956=VECTOR('',#7187,1.0);
#5957=CARTESIAN_POINT('',(1.815,3.35,0.239999999999997));
#5958=CARTESIAN_POINT('',(1.815,3.35,0.239999999999997));
#5959=VECTOR('',#7188,1.0);
#5960=CARTESIAN_POINT('',(1.815,33.165,0.239999999999997));
#5961=VECTOR('',#7189,1.0);
#5962=CARTESIAN_POINT('',(1.815,33.165,-4.33680868994202E-16));
#5963=VECTOR('',#7190,1.0);
#5964=CARTESIAN_POINT('',(1.815,33.165,0.203));
#5965=VECTOR('',#7191,1.0);
#5966=CARTESIAN_POINT('',(-1.815,33.165,0.203));
#5967=VECTOR('',#7192,1.0);
#5968=CARTESIAN_POINT('',(-1.815,33.165,-4.44546788090489E-16));
#5969=VECTOR('',#7193,1.0);
#5970=CARTESIAN_POINT('',(-1.815,3.35,0.239999999999997));
#5971=CARTESIAN_POINT('',(-1.815,33.165,0.239999999999997));
#5972=VECTOR('',#7194,1.0);
#5973=CARTESIAN_POINT('',(-1.815,3.35,-4.44546788090489E-16));
#5974=CARTESIAN_POINT('',(-1.815,3.35,-4.44089209850063E-16));
#5975=VECTOR('',#7195,1.0);
#5976=CARTESIAN_POINT('',(-1.815,33.165,-4.44546788090489E-16));
#5977=VECTOR('',#7196,1.0);
#5978=CARTESIAN_POINT('',(-2.25,0.8,0.460000000000009));
#5979=CARTESIAN_POINT('',(-2.25,0.8,0.910000000000007));
#5980=VECTOR('',#7197,1.0);
#5981=CARTESIAN_POINT('',(-2.25,2.75,0.729999999999998));
#5982=CARTESIAN_POINT('',(-2.25,-4.44089209850063E-16,0.729999999999998));
#5983=VECTOR('',#7198,1.0);
#5984=CARTESIAN_POINT('',(-2.25,2.75,0.239999999999997));
#5985=CARTESIAN_POINT('',(-2.25,2.75,18.81));
#5986=VECTOR('',#7199,1.0);
#5987=CARTESIAN_POINT('',(-2.25,-4.44089209850061E-16,0.239999999999997));
#5988=VECTOR('',#7200,1.0);
#5989=CARTESIAN_POINT('',(-2.25,0.8,0.460000000000009));
#5990=VECTOR('',#7201,1.0);
#5991=CARTESIAN_POINT('',(-1.853,0.8,0.729999999999998));
#5992=CARTESIAN_POINT('',(9.89334482393021E-17,0.8,0.729999999999998));
#5993=VECTOR('',#7202,1.0);
#5994=CARTESIAN_POINT('',(-1.853,1.95,0.730000000000008));
#5995=CARTESIAN_POINT('',(-1.853,33.165,0.729999999999998));
#5996=VECTOR('',#7203,1.0);
#5997=CARTESIAN_POINT('',(-2.003,2.25,0.73000000000001));
#5998=CARTESIAN_POINT('',(-2.00300000000001,2.25000000000002,0.73000000000001));
#5999=VECTOR('',#7204,1.0);
#6000=CARTESIAN_POINT('',(-2.003,3.35,0.730000000000008));
#6001=CARTESIAN_POINT('',(-2.003,3.35,0.73000000000001));
#6002=VECTOR('',#7205,1.0);
#6003=CARTESIAN_POINT('',(-3.15,3.35,0.730000000000001));
#6004=CARTESIAN_POINT('',(-2.653,3.35,0.729999999999999));
#6005=VECTOR('',#7206,1.0);
#6006=CARTESIAN_POINT('',(-3.15,0.5,0.730000000000001));
#6007=CARTESIAN_POINT('',(-3.15,3.5,0.730000000000001));
#6008=VECTOR('',#7207,1.0);
#6009=CARTESIAN_POINT('',(-2.653,0.5,0.730000000000001));
#6010=CARTESIAN_POINT('',(-3.15,0.5,0.730000000000001));
#6011=VECTOR('',#7208,1.0);
#6012=CARTESIAN_POINT('',(-2.653,33.165,0.729999999999999));
#6013=VECTOR('',#7209,1.0);
#6014=CARTESIAN_POINT('',(-2.55,2.75,0.729999999999998));
#6015=CARTESIAN_POINT('',(-2.55,2.75,0.729999999999998));
#6016=VECTOR('',#7210,1.0);
#6017=AXIS2_PLACEMENT_3D('',#7211,#7212,#7213);
#6018=CARTESIAN_POINT('',(1.853,1.95,0.729999999999996));
#6019=CARTESIAN_POINT('',(1.853,1.95,1.38));
#6020=CARTESIAN_POINT('',(1.853,1.95,13.662));
#6021=VECTOR('',#7214,1.0);
#6022=CARTESIAN_POINT('',(1.853,33.165,1.38));
#6023=VECTOR('',#7215,1.0);
#6024=CARTESIAN_POINT('',(1.853,0.8,0.910000000000008));
#6025=CARTESIAN_POINT('',(1.853,0.8,0.910000000000008));
#6026=VECTOR('',#7216,1.0);
#6027=CARTESIAN_POINT('',(1.853,0.800000000000002,0.729999999999996));
#6028=CARTESIAN_POINT('',(1.853,0.8,-6.18162038650963E-16));
#6029=VECTOR('',#7217,1.0);
#6030=CARTESIAN_POINT('',(1.853,33.165,0.729999999999996));
#6031=VECTOR('',#7218,1.0);
#6032=CARTESIAN_POINT('',(2.55,2.75,0.729999999999991));
#6033=AXIS2_PLACEMENT_3D('',#7219,#7220,#7221);
#6034=CARTESIAN_POINT('',(2.55,3.86417052052127E-29,0.729999999999991));
#6035=VECTOR('',#7222,1.0);
#6036=CARTESIAN_POINT('',(2.653,0.5,0.730000000000001));
#6037=CARTESIAN_POINT('',(2.653,33.165,0.729999999999993));
#6038=VECTOR('',#7223,1.0);
#6039=CARTESIAN_POINT('',(3.15,0.5,0.730000000000001));
#6040=CARTESIAN_POINT('',(2.653,0.5,0.730000000000001));
#6041=VECTOR('',#7224,1.0);
#6042=CARTESIAN_POINT('',(3.15,3.35,0.730000000000001));
#6043=CARTESIAN_POINT('',(3.15,3.5,0.730000000000001));
#6044=VECTOR('',#7225,1.0);
#6045=CARTESIAN_POINT('',(2.003,3.35,0.729999999999996));
#6046=CARTESIAN_POINT('',(1.853,3.35,0.729999999999996));
#6047=VECTOR('',#7226,1.0);
#6048=CARTESIAN_POINT('',(2.003,2.25,0.729999999999996));
#6049=CARTESIAN_POINT('',(2.003,2.25,0.729999999999996));
#6050=VECTOR('',#7227,1.0);
#6051=CARTESIAN_POINT('',(1.85299999999999,1.94999999999998,0.729999999999996));
#6052=VECTOR('',#7228,1.0);
#6053=CARTESIAN_POINT('',(2.47333620598257E-15,0.8,0.730000000000002));
#6054=VECTOR('',#7229,1.0);
#6055=CARTESIAN_POINT('',(-3.15,3.35,1.60000000000001));
#6056=CARTESIAN_POINT('',(-3.15,3.35,1.38));
#6057=CARTESIAN_POINT('',(-3.15,3.35,1.60000000000001));
#6058=VECTOR('',#7230,1.0);
#6059=CARTESIAN_POINT('',(-3.15,0.5,1.38));
#6060=CARTESIAN_POINT('',(-3.15,3.5,1.38));
#6061=VECTOR('',#7231,1.0);
#6062=CARTESIAN_POINT('',(-3.15,0.5,1.38));
#6063=VECTOR('',#7232,1.0);
#6064=CARTESIAN_POINT('',(-3.15,3.35,0.239999999999997));
#6065=CARTESIAN_POINT('',(-3.15,3.35,1.60000000000001));
#6066=VECTOR('',#7233,1.0);
#6067=CARTESIAN_POINT('',(-3.15,33.165,0.239999999999997));
#6068=VECTOR('',#7234,1.0);
#6069=CARTESIAN_POINT('',(-3.15,3.5,1.9));
#6070=CARTESIAN_POINT('',(-3.15,3.5,1.9));
#6071=VECTOR('',#7235,1.0);
#6072=CARTESIAN_POINT('',(-3.15,3.5,1.75000000000001));
#6073=CARTESIAN_POINT('',(-3.15,3.5,1.9));
#6074=VECTOR('',#7236,1.0);
#6075=CARTESIAN_POINT('',(-3.15,3.5,1.75000000000001));
#6076=VECTOR('',#7237,1.0);
#6077=CARTESIAN_POINT('',(3.15,3.35,0.239999999999997));
#6078=CARTESIAN_POINT('',(3.15,3.35,1.60000000000001));
#6079=VECTOR('',#7238,1.0);
#6080=CARTESIAN_POINT('',(3.15,0.5,1.38));
#6081=CARTESIAN_POINT('',(3.15,0.5,0.730000000000001));
#6082=VECTOR('',#7239,1.0);
#6083=CARTESIAN_POINT('',(3.15,3.35,1.38));
#6084=CARTESIAN_POINT('',(3.15,3.5,1.38));
#6085=VECTOR('',#7240,1.0);
#6086=CARTESIAN_POINT('',(3.15,3.35,1.60000000000001));
#6087=CARTESIAN_POINT('',(3.15,3.35,1.60000000000001));
#6088=VECTOR('',#7241,1.0);
#6089=CARTESIAN_POINT('',(3.15,3.5,1.75000000000001));
#6090=CARTESIAN_POINT('',(3.15,3.5,1.75000000000001));
#6091=VECTOR('',#7242,1.0);
#6092=CARTESIAN_POINT('',(3.15,3.5,1.9));
#6093=CARTESIAN_POINT('',(3.15,3.5,2.22044604925031E-16));
#6094=VECTOR('',#7243,1.0);
#6095=CARTESIAN_POINT('',(3.15,3.5,1.9));
#6096=VECTOR('',#7244,1.0);
#6097=CARTESIAN_POINT('',(3.15,33.165,0.239999999999997));
#6098=VECTOR('',#7245,1.0);
#6099=CARTESIAN_POINT('',(-1.203,-1.55431223447522E-15,1.9));
#6100=CARTESIAN_POINT('',(3.15,0.0,1.9));
#6101=VECTOR('',#7246,1.0);
#6102=CARTESIAN_POINT('',(-1.238,0.0,1.29000000000001));
#6103=CARTESIAN_POINT('',(-1.238,0.0,1.29000000000001));
#6104=VECTOR('',#7247,1.0);
#6105=CARTESIAN_POINT('',(-1.203,0.0,1.29000000000001));
#6106=CARTESIAN_POINT('',(1.238,0.0,1.29000000000001));
#6107=VECTOR('',#7248,1.0);
#6108=CARTESIAN_POINT('',(-1.203,-1.55431223447522E-15,1.9));
#6109=VECTOR('',#7249,1.0);
#6110=CARTESIAN_POINT('',(1.203,8.67361737988404E-16,1.9));
#6111=CARTESIAN_POINT('',(3.15,0.0,1.9));
#6112=VECTOR('',#7250,1.0);
#6113=CARTESIAN_POINT('',(1.203,0.0,1.29000000000001));
#6114=CARTESIAN_POINT('',(1.203,8.67361737988404E-16,1.9));
#6115=VECTOR('',#7251,1.0);
#6116=CARTESIAN_POINT('',(1.238,0.0,1.29000000000001));
#6117=CARTESIAN_POINT('',(1.238,0.0,1.29000000000001));
#6118=VECTOR('',#7252,1.0);
#6119=CARTESIAN_POINT('',(1.238,0.0,1.29000000000001));
#6120=VECTOR('',#7253,1.0);
#6121=CARTESIAN_POINT('',(-2.55,2.75,0.239999999999997));
#6122=CARTESIAN_POINT('',(-2.55,2.75,0.239999999999997));
#6123=VECTOR('',#7254,1.0);
#6124=CARTESIAN_POINT('',(-2.55,2.75,18.81));
#6125=VECTOR('',#7255,1.0);
#6126=AXIS2_PLACEMENT_3D('',#7256,#7257,#7258);
#6127=CARTESIAN_POINT('',(2.55,2.75,0.239999999999997));
#6128=CARTESIAN_POINT('',(2.55,2.75,18.81));
#6129=VECTOR('',#7259,1.0);
#6130=CARTESIAN_POINT('',(2.55,7.13509461728944E-30,0.239999999999997));
#6131=VECTOR('',#7260,1.0);
#6132=AXIS2_PLACEMENT_3D('',#7261,#7262,#7263);
#6133=CARTESIAN_POINT('',(-0.65,3.35,-1.62630325872826E-16));
#6134=CARTESIAN_POINT('',(-0.65,3.35,0.79));
#6135=CARTESIAN_POINT('',(-0.65,3.35,1.60000000000001));
#6136=VECTOR('',#7264,1.0);
#6137=CARTESIAN_POINT('',(-0.85,3.35,0.79));
#6138=CARTESIAN_POINT('',(-0.65,3.35,0.79));
#6139=VECTOR('',#7265,1.0);
#6140=CARTESIAN_POINT('',(-0.85,3.35,-1.73472347597681E-15));
#6141=CARTESIAN_POINT('',(-0.85,3.35,1.60000000000001));
#6142=VECTOR('',#7266,1.0);
#6143=CARTESIAN_POINT('',(3.15,3.35,-1.73472347597681E-15));
#6144=VECTOR('',#7267,1.0);
#6145=CARTESIAN_POINT('',(-1.815,3.35,0.239999999999997));
#6146=VECTOR('',#7268,1.0);
#6147=CARTESIAN_POINT('',(-2.003,3.35,1.38));
#6148=CARTESIAN_POINT('',(-2.003,3.35,13.662));
#6149=VECTOR('',#7269,1.0);
#6150=CARTESIAN_POINT('',(-1.853,3.35,1.38));
#6151=VECTOR('',#7270,1.0);
#6152=CARTESIAN_POINT('',(3.15,3.35,1.60000000000001));
#6153=VECTOR('',#7271,1.0);
#6154=CARTESIAN_POINT('',(2.003,3.35,1.38));
#6155=CARTESIAN_POINT('',(2.653,3.35,1.38));
#6156=VECTOR('',#7272,1.0);
#6157=CARTESIAN_POINT('',(2.003,3.35,13.662));
#6158=VECTOR('',#7273,1.0);
#6159=CARTESIAN_POINT('',(3.15,3.35,0.239999999999997));
#6160=VECTOR('',#7274,1.0);
#6161=CARTESIAN_POINT('',(0.85,3.35,-1.62630325872826E-16));
#6162=CARTESIAN_POINT('',(3.15,3.35,-1.73472347597681E-15));
#6163=VECTOR('',#7275,1.0);
#6164=CARTESIAN_POINT('',(0.85,3.35,0.79));
#6165=CARTESIAN_POINT('',(0.85,3.35,1.60000000000001));
#6166=VECTOR('',#7276,1.0);
#6167=CARTESIAN_POINT('',(0.65,3.35,0.79));
#6168=CARTESIAN_POINT('',(0.85,3.35,0.79));
#6169=VECTOR('',#7277,1.0);
#6170=CARTESIAN_POINT('',(0.65,3.35,-1.73472347597681E-15));
#6171=CARTESIAN_POINT('',(0.65,3.35,1.60000000000001));
#6172=VECTOR('',#7278,1.0);
#6173=CARTESIAN_POINT('',(0.35,3.35,-1.62630325872826E-16));
#6174=CARTESIAN_POINT('',(3.15,3.35,-1.73472347597681E-15));
#6175=VECTOR('',#7279,1.0);
#6176=CARTESIAN_POINT('',(0.35,3.35,0.79));
#6177=CARTESIAN_POINT('',(0.35,3.35,1.60000000000001));
#6178=VECTOR('',#7280,1.0);
#6179=CARTESIAN_POINT('',(0.15,3.35,0.79));
#6180=CARTESIAN_POINT('',(0.35,3.35,0.79));
#6181=VECTOR('',#7281,1.0);
#6182=CARTESIAN_POINT('',(0.15,3.35,-1.73472347597681E-15));
#6183=CARTESIAN_POINT('',(0.15,3.35,1.60000000000001));
#6184=VECTOR('',#7282,1.0);
#6185=CARTESIAN_POINT('',(-0.15,3.35,-1.62630325872826E-16));
#6186=CARTESIAN_POINT('',(3.15,3.35,-1.73472347597681E-15));
#6187=VECTOR('',#7283,1.0);
#6188=CARTESIAN_POINT('',(-0.15,3.35,0.79));
#6189=CARTESIAN_POINT('',(-0.15,3.35,1.60000000000001));
#6190=VECTOR('',#7284,1.0);
#6191=CARTESIAN_POINT('',(-0.35,3.35,0.79));
#6192=CARTESIAN_POINT('',(-0.15,3.35,0.79));
#6193=VECTOR('',#7285,1.0);
#6194=CARTESIAN_POINT('',(-0.35,3.35,-1.73472347597681E-15));
#6195=CARTESIAN_POINT('',(-0.35,3.35,1.60000000000001));
#6196=VECTOR('',#7286,1.0);
#6197=CARTESIAN_POINT('',(3.15,3.35,-1.73472347597681E-15));
#6198=VECTOR('',#7287,1.0);
#6199=CARTESIAN_POINT('',(-2.06,3.45,0.0));
#6200=CARTESIAN_POINT('',(-2.06,1.15,0.0));
#6201=VECTOR('',#7288,1.0);
#6202=CARTESIAN_POINT('',(-0.85,4.2,2.40741243048404E-32));
#6203=CARTESIAN_POINT('',(-0.85,3.35,-1.52655665885959E-16));
#6204=VECTOR('',#7289,1.0);
#6205=CARTESIAN_POINT('',(-0.65,4.2,2.40741243048404E-32));
#6206=CARTESIAN_POINT('',(-0.65,4.2,2.40741243048404E-32));
#6207=VECTOR('',#7290,1.0);
#6208=CARTESIAN_POINT('',(-0.65,3.35,-1.52655665885959E-16));
#6209=VECTOR('',#7291,1.0);
#6210=CARTESIAN_POINT('',(-0.35,4.2,2.40741243048404E-32));
#6211=CARTESIAN_POINT('',(-0.35,3.35,-1.52655665885959E-16));
#6212=VECTOR('',#7292,1.0);
#6213=CARTESIAN_POINT('',(-0.15,4.2,2.40741243048404E-32));
#6214=CARTESIAN_POINT('',(-0.15,4.2,2.40741243048404E-32));
#6215=VECTOR('',#7293,1.0);
#6216=CARTESIAN_POINT('',(-0.15,3.35,-1.52655665885959E-16));
#6217=VECTOR('',#7294,1.0);
#6218=CARTESIAN_POINT('',(0.15,4.2,2.40741243048404E-32));
#6219=CARTESIAN_POINT('',(0.15,3.35,-1.52655665885959E-16));
#6220=VECTOR('',#7295,1.0);
#6221=CARTESIAN_POINT('',(0.35,4.2,2.40741243048404E-32));
#6222=CARTESIAN_POINT('',(0.35,4.2,2.40741243048404E-32));
#6223=VECTOR('',#7296,1.0);
#6224=CARTESIAN_POINT('',(0.35,3.35,-1.52655665885959E-16));
#6225=VECTOR('',#7297,1.0);
#6226=CARTESIAN_POINT('',(0.65,4.2,2.40741243048404E-32));
#6227=CARTESIAN_POINT('',(0.65,3.35,-1.52655665885959E-16));
#6228=VECTOR('',#7298,1.0);
#6229=CARTESIAN_POINT('',(0.85,4.2,2.40741243048404E-32));
#6230=CARTESIAN_POINT('',(0.85,4.2,2.40741243048404E-32));
#6231=VECTOR('',#7299,1.0);
#6232=CARTESIAN_POINT('',(0.85,3.35,-1.52655665885959E-16));
#6233=VECTOR('',#7300,1.0);
#6234=CARTESIAN_POINT('',(2.06,3.45,0.0));
#6235=CARTESIAN_POINT('',(2.06,3.45,0.0));
#6236=VECTOR('',#7301,1.0);
#6237=CARTESIAN_POINT('',(3.35,3.45,0.0));
#6238=CARTESIAN_POINT('',(3.35,3.45,0.0));
#6239=VECTOR('',#7302,1.0);
#6240=CARTESIAN_POINT('',(3.35,3.0,0.0));
#6241=CARTESIAN_POINT('',(3.35,3.0,0.0));
#6242=VECTOR('',#7303,1.0);
#6243=CARTESIAN_POINT('',(3.85,3.0,0.0));
#6244=CARTESIAN_POINT('',(3.85,3.0,0.0));
#6245=VECTOR('',#7304,1.0);
#6246=CARTESIAN_POINT('',(3.85,2.8,0.0));
#6247=CARTESIAN_POINT('',(3.85,2.8,0.0));
#6248=VECTOR('',#7305,1.0);
#6249=CARTESIAN_POINT('',(3.35,2.8,0.0));
#6250=CARTESIAN_POINT('',(3.35,2.8,0.0));
#6251=VECTOR('',#7306,1.0);
#6252=CARTESIAN_POINT('',(3.35,2.5,0.0));
#6253=CARTESIAN_POINT('',(3.35,2.5,0.0));
#6254=VECTOR('',#7307,1.0);
#6255=CARTESIAN_POINT('',(3.85,2.5,0.0));
#6256=CARTESIAN_POINT('',(3.85,2.5,0.0));
#6257=VECTOR('',#7308,1.0);
#6258=CARTESIAN_POINT('',(3.85,2.3,0.0));
#6259=CARTESIAN_POINT('',(3.85,2.3,0.0));
#6260=VECTOR('',#7309,1.0);
#6261=CARTESIAN_POINT('',(3.0,2.3,0.0));
#6262=CARTESIAN_POINT('',(3.0,2.3,0.0));
#6263=VECTOR('',#7310,1.0);
#6264=CARTESIAN_POINT('',(3.0,1.15,0.0));
#6265=CARTESIAN_POINT('',(3.0,2.75,0.0));
#6266=VECTOR('',#7311,1.0);
#6267=CARTESIAN_POINT('',(2.06,1.15,0.0));
#6268=CARTESIAN_POINT('',(2.06,1.15,0.0));
#6269=VECTOR('',#7312,1.0);
#6270=CARTESIAN_POINT('',(2.06,3.45,0.0));
#6271=VECTOR('',#7313,1.0);
#6272=CARTESIAN_POINT('',(-2.06,1.15,0.0));
#6273=CARTESIAN_POINT('',(-2.06,1.15,0.0));
#6274=VECTOR('',#7314,1.0);
#6275=CARTESIAN_POINT('',(-3.0,1.15,0.0));
#6276=VECTOR('',#7315,1.0);
#6277=CARTESIAN_POINT('',(-3.85,2.3,0.0));
#6278=CARTESIAN_POINT('',(-3.85,2.3,0.0));
#6279=VECTOR('',#7316,1.0);
#6280=CARTESIAN_POINT('',(-3.85,2.5,0.0));
#6281=CARTESIAN_POINT('',(-3.85,2.5,0.0));
#6282=VECTOR('',#7317,1.0);
#6283=CARTESIAN_POINT('',(-3.35,2.5,0.0));
#6284=CARTESIAN_POINT('',(-3.35,2.5,0.0));
#6285=VECTOR('',#7318,1.0);
#6286=CARTESIAN_POINT('',(-3.35,2.8,0.0));
#6287=CARTESIAN_POINT('',(-3.35,2.8,0.0));
#6288=VECTOR('',#7319,1.0);
#6289=CARTESIAN_POINT('',(-3.85,2.8,0.0));
#6290=CARTESIAN_POINT('',(-3.85,2.8,0.0));
#6291=VECTOR('',#7320,1.0);
#6292=CARTESIAN_POINT('',(-3.85,3.0,0.0));
#6293=CARTESIAN_POINT('',(-3.85,3.0,0.0));
#6294=VECTOR('',#7321,1.0);
#6295=CARTESIAN_POINT('',(-3.35,3.0,0.0));
#6296=CARTESIAN_POINT('',(-3.35,3.0,0.0));
#6297=VECTOR('',#7322,1.0);
#6298=CARTESIAN_POINT('',(-3.35,3.45,0.0));
#6299=CARTESIAN_POINT('',(-3.35,3.45,0.0));
#6300=VECTOR('',#7323,1.0);
#6301=CARTESIAN_POINT('',(-2.06,3.45,0.0));
#6302=VECTOR('',#7324,1.0);
#6303=CARTESIAN_POINT('',(2.55,2.75,1.9));
#6304=AXIS2_PLACEMENT_3D('',#7325,#7326,#7327);
#6305=CARTESIAN_POINT('',(2.55,-4.0386254166156E-30,1.9));
#6306=VECTOR('',#7328,1.0);
#6307=CARTESIAN_POINT('',(3.15,3.5,1.9));
#6308=VECTOR('',#7329,1.0);
#6309=CARTESIAN_POINT('',(-2.55,2.75,1.9));
#6310=CARTESIAN_POINT('',(-2.55,2.75,1.9));
#6311=VECTOR('',#7330,1.0);
#6312=CARTESIAN_POINT('',(-2.25,2.75,1.9));
#6313=AXIS2_PLACEMENT_3D('',#7331,#7332,#7333);
#6314=CARTESIAN_POINT('',(-2.25,-4.44089209850062E-16,1.9));
#6315=VECTOR('',#7334,1.0);
#6316=CARTESIAN_POINT('',(-1.203,-0.799999999999999,1.9));
#6317=CARTESIAN_POINT('',(-1.203,-1.55431223447522E-15,1.9));
#6318=VECTOR('',#7335,1.0);
#6319=CARTESIAN_POINT('',(1.203,-0.799999999999998,1.9));
#6320=CARTESIAN_POINT('',(-1.203,-0.799999999999999,1.9));
#6321=VECTOR('',#7336,1.0);
#6322=CARTESIAN_POINT('',(1.203,-0.799999999999998,1.9));
#6323=VECTOR('',#7337,1.0);
#6324=CARTESIAN_POINT('',(3.15,3.5,1.75000000000001));
#6325=VECTOR('',#7338,1.0);
#6326=CARTESIAN_POINT('',(-2.55,2.75,1.38));
#6327=CARTESIAN_POINT('',(-2.55,2.75,1.38));
#6328=VECTOR('',#7339,1.0);
#6329=CARTESIAN_POINT('',(-2.55,2.75,18.81));
#6330=VECTOR('',#7340,1.0);
#6331=CARTESIAN_POINT('',(-2.25,2.75,1.38));
#6332=CARTESIAN_POINT('',(-2.25,-4.44089209850064E-16,1.38));
#6333=VECTOR('',#7341,1.0);
#6334=CARTESIAN_POINT('',(-2.25,2.75,18.81));
#6335=VECTOR('',#7342,1.0);
#6336=AXIS2_PLACEMENT_3D('',#7343,#7344,#7345);
#6337=CARTESIAN_POINT('',(2.55,2.75,1.38));
#6338=CARTESIAN_POINT('',(2.55,-5.96039753740582E-30,1.38));
#6339=VECTOR('',#7346,1.0);
#6340=CARTESIAN_POINT('',(2.55,2.75,18.81));
#6341=VECTOR('',#7347,1.0);
#6342=AXIS2_PLACEMENT_3D('',#7348,#7349,#7350);
#6343=CARTESIAN_POINT('',(-1.203,-0.799999999999999,1.29));
#6344=CARTESIAN_POINT('',(-1.203,-1.55431223447522E-15,1.29));
#6345=VECTOR('',#7351,1.0);
#6346=CARTESIAN_POINT('',(-1.203,-0.799999999999999,1.9));
#6347=VECTOR('',#7352,1.0);
#6348=CARTESIAN_POINT('',(1.203,-0.799999999999998,1.29));
#6349=CARTESIAN_POINT('',(-1.203,-0.799999999999999,1.29));
#6350=VECTOR('',#7353,1.0);
#6351=CARTESIAN_POINT('',(1.203,-0.799999999999998,1.9));
#6352=VECTOR('',#7354,1.0);
#6353=CARTESIAN_POINT('',(1.203,-0.799999999999998,1.29));
#6354=VECTOR('',#7355,1.0);
#6355=CARTESIAN_POINT('',(-0.65,0.162874543753545,1.29));
#6356=CARTESIAN_POINT('',(-0.85,0.162874543753545,1.29));
#6357=CARTESIAN_POINT('',(0.0,0.162874543753545,1.29));
#6358=VECTOR('',#7356,1.0);
#6359=CARTESIAN_POINT('',(-0.65,1.63747137562551,1.29));
#6360=CARTESIAN_POINT('',(-0.65,0.0,1.29));
#6361=VECTOR('',#7357,1.0);
#6362=CARTESIAN_POINT('',(-0.85,1.63747137562551,1.29));
#6363=CARTESIAN_POINT('',(0.0,1.63747137562551,1.29));
#6364=VECTOR('',#7358,1.0);
#6365=CARTESIAN_POINT('',(-0.85,0.0,1.29));
#6366=VECTOR('',#7359,1.0);
#6367=CARTESIAN_POINT('',(-0.15,0.162874543753545,1.29));
#6368=CARTESIAN_POINT('',(-0.35,0.162874543753545,1.29));
#6369=CARTESIAN_POINT('',(0.0,0.162874543753545,1.29));
#6370=VECTOR('',#7360,1.0);
#6371=CARTESIAN_POINT('',(-0.15,1.63747137562551,1.29));
#6372=CARTESIAN_POINT('',(-0.15,0.0,1.29));
#6373=VECTOR('',#7361,1.0);
#6374=CARTESIAN_POINT('',(-0.35,1.63747137562551,1.29));
#6375=CARTESIAN_POINT('',(0.0,1.63747137562551,1.29));
#6376=VECTOR('',#7362,1.0);
#6377=CARTESIAN_POINT('',(-0.35,0.0,1.29));
#6378=VECTOR('',#7363,1.0);
#6379=CARTESIAN_POINT('',(0.35,0.162874543753545,1.29));
#6380=CARTESIAN_POINT('',(0.15,0.162874543753545,1.29));
#6381=CARTESIAN_POINT('',(0.0,0.162874543753545,1.29));
#6382=VECTOR('',#7364,1.0);
#6383=CARTESIAN_POINT('',(0.35,1.63747137562551,1.29));
#6384=CARTESIAN_POINT('',(0.35,0.0,1.29));
#6385=VECTOR('',#7365,1.0);
#6386=CARTESIAN_POINT('',(0.15,1.63747137562551,1.29));
#6387=CARTESIAN_POINT('',(0.0,1.63747137562551,1.29));
#6388=VECTOR('',#7366,1.0);
#6389=CARTESIAN_POINT('',(0.15,0.0,1.29));
#6390=VECTOR('',#7367,1.0);
#6391=CARTESIAN_POINT('',(0.85,0.162874543753545,1.29));
#6392=CARTESIAN_POINT('',(0.65,0.162874543753545,1.29));
#6393=CARTESIAN_POINT('',(0.0,0.162874543753545,1.29));
#6394=VECTOR('',#7368,1.0);
#6395=CARTESIAN_POINT('',(0.85,1.63747137562551,1.29));
#6396=CARTESIAN_POINT('',(0.85,0.0,1.29));
#6397=VECTOR('',#7369,1.0);
#6398=CARTESIAN_POINT('',(0.65,1.63747137562551,1.29));
#6399=CARTESIAN_POINT('',(0.0,1.63747137562551,1.29));
#6400=VECTOR('',#7370,1.0);
#6401=CARTESIAN_POINT('',(0.65,0.0,1.29));
#6402=VECTOR('',#7371,1.0);
#6403=CARTESIAN_POINT('',(-1.238,1.71,1.29000000000001));
#6404=CARTESIAN_POINT('',(-1.238,1.71,1.29000000000001));
#6405=VECTOR('',#7372,1.0);
#6406=CARTESIAN_POINT('',(1.238,1.71,1.29000000000001));
#6407=CARTESIAN_POINT('',(1.238,1.71,1.29000000000001));
#6408=VECTOR('',#7373,1.0);
#6409=CARTESIAN_POINT('',(1.238,1.71,1.29000000000001));
#6410=VECTOR('',#7374,1.0);
#6411=CARTESIAN_POINT('',(-1.238,0.8,0.460000000000009));
#6412=CARTESIAN_POINT('',(-1.238,0.0,0.460000000000009));
#6413=VECTOR('',#7375,1.0);
#6414=CARTESIAN_POINT('',(-2.25,0.8,0.460000000000009));
#6415=VECTOR('',#7376,1.0);
#6416=CARTESIAN_POINT('',(1.238,0.8,0.460000000000009));
#6417=CARTESIAN_POINT('',(1.235,0.8,0.460000000000009));
#6418=VECTOR('',#7377,1.0);
#6419=CARTESIAN_POINT('',(1.238,0.0,0.460000000000009));
#6420=VECTOR('',#7378,1.0);
#6421=CARTESIAN_POINT('',(-1.238,2.1,1.25000000000001));
#6422=CARTESIAN_POINT('',(-1.238,2.1,0.950000000000009));
#6423=VECTOR('',#7379,1.0);
#6424=CARTESIAN_POINT('',(1.238,2.1,1.25000000000001));
#6425=CARTESIAN_POINT('',(1.238,2.1,0.950000000000009));
#6426=VECTOR('',#7380,1.0);
#6427=CARTESIAN_POINT('',(1.238,2.1,1.25000000000001));
#6428=VECTOR('',#7381,1.0);
#6429=CARTESIAN_POINT('',(-1.238,2.1,1.25000000000001));
#6430=VECTOR('',#7382,1.0);
#6431=CARTESIAN_POINT('',(1.238,2.1,1.25000000000001));
#6432=VECTOR('',#7383,1.0);
#6433=CARTESIAN_POINT('',(1.238,0.8,0.910000000000008));
#6434=CARTESIAN_POINT('',(1.238,0.8,0.0));
#6435=VECTOR('',#7384,1.0);
#6436=CARTESIAN_POINT('',(1.238,0.0,0.910000000000008));
#6437=VECTOR('',#7385,1.0);
#6438=CARTESIAN_POINT('',(-1.238,0.8,0.910000000000008));
#6439=CARTESIAN_POINT('',(-1.238,0.0,0.910000000000008));
#6440=VECTOR('',#7386,1.0);
#6441=CARTESIAN_POINT('',(-1.238,0.8,0.0));
#6442=VECTOR('',#7387,1.0);
#6443=CARTESIAN_POINT('',(-1.853,0.8,0.910000000000008));
#6444=CARTESIAN_POINT('',(-1.853,0.8,0.910000000000008));
#6445=VECTOR('',#7388,1.0);
#6446=CARTESIAN_POINT('',(-1.235,0.8,0.910000000000008));
#6447=VECTOR('',#7389,1.0);
#6448=CARTESIAN_POINT('',(-1.853,0.8,6.18162038650966E-16));
#6449=VECTOR('',#7390,1.0);
#6450=CARTESIAN_POINT('',(2.25,0.8,0.910000000000007));
#6451=VECTOR('',#7391,1.0);
#6452=CARTESIAN_POINT('',(2.653,0.5,1.38));
#6453=CARTESIAN_POINT('',(2.653,33.165,1.38));
#6454=VECTOR('',#7392,1.0);
#6455=CARTESIAN_POINT('',(2.653,0.5,1.38));
#6456=VECTOR('',#7393,1.0);
#6457=CARTESIAN_POINT('',(2.003,2.25,1.38));
#6458=CARTESIAN_POINT('',(1.853,1.95,1.38));
#6459=VECTOR('',#7394,1.0);
#6460=CARTESIAN_POINT('',(2.003,2.25,1.38));
#6461=VECTOR('',#7395,1.0);
#6462=CARTESIAN_POINT('',(3.15,0.5,1.38));
#6463=VECTOR('',#7396,1.0);
#6464=CARTESIAN_POINT('',(-1.85300000000001,1.95000000000006,1.38));
#6465=CARTESIAN_POINT('',(-1.853,33.165,1.38));
#6466=VECTOR('',#7397,1.0);
#6467=CARTESIAN_POINT('',(-1.853,1.95,13.662));
#6468=VECTOR('',#7398,1.0);
#6469=CARTESIAN_POINT('',(-2.653,0.5,1.38));
#6470=CARTESIAN_POINT('',(-2.653,0.5,0.730000000000001));
#6471=VECTOR('',#7399,1.0);
#6472=CARTESIAN_POINT('',(-2.653,33.165,1.38));
#6473=VECTOR('',#7400,1.0);
#6474=CARTESIAN_POINT('',(-2.653,0.5,1.38));
#6475=VECTOR('',#7401,1.0);
#6476=CARTESIAN_POINT('',(-2.003,2.25,1.38));
#6477=CARTESIAN_POINT('',(-2.003,3.35,1.38));
#6478=VECTOR('',#7402,1.0);
#6479=CARTESIAN_POINT('',(-2.003,2.25,1.38));
#6480=VECTOR('',#7403,1.0);
#6481=CARTESIAN_POINT('',(2.003,2.25,13.662));
#6482=VECTOR('',#7404,1.0);
#6483=CARTESIAN_POINT('',(-2.003,2.25,13.662));
#6484=VECTOR('',#7405,1.0);
#6485=CARTESIAN_POINT('',(0.85,0.373398193761278,1.15771781943615));
#6486=AXIS2_PLACEMENT_3D('',#7406,#7407,#7408);
#6487=CARTESIAN_POINT('',(0.65,0.373398193761278,1.15771781943615));
#6488=CARTESIAN_POINT('',(0.85,0.373398193761278,1.15771781943615));
#6489=VECTOR('',#7409,1.0);
#6490=AXIS2_PLACEMENT_3D('',#7410,#7411,#7412);
#6491=CARTESIAN_POINT('',(0.65,0.470039012877313,1.23));
#6492=CARTESIAN_POINT('',(0.65,0.445006857667709,1.17827357248857));
#6493=VECTOR('',#7413,1.0);
#6494=CARTESIAN_POINT('',(0.85,0.470039012877313,1.23));
#6495=CARTESIAN_POINT('',(0.85,0.470039012877313,1.23));
#6496=VECTOR('',#7414,1.0);
#6497=CARTESIAN_POINT('',(0.85,0.445006857667709,1.17827357248857));
#6498=VECTOR('',#7415,1.0);
#6499=CARTESIAN_POINT('',(0.85,-0.0159610837432329,1.40237106504143));
#6500=VECTOR('',#7416,1.0);
#6501=CARTESIAN_POINT('',(0.85,0.470039012877312,1.23));
#6502=VECTOR('',#7417,1.0);
#6503=CARTESIAN_POINT('',(0.65,-0.0159610837432329,1.40237106504143));
#6504=VECTOR('',#7418,1.0);
#6505=CARTESIAN_POINT('',(0.65,0.470039012877312,1.23));
#6506=VECTOR('',#7419,1.0);
#6507=CARTESIAN_POINT('',(0.85,3.7,0.79));
#6508=CARTESIAN_POINT('',(0.85,3.7,0.79));
#6509=VECTOR('',#7420,1.0);
#6510=CARTESIAN_POINT('',(0.85,4.2,0.18));
#6511=CARTESIAN_POINT('',(0.85,4.2,0.0));
#6512=VECTOR('',#7421,1.0);
#6513=CARTESIAN_POINT('',(0.85,3.7,0.18));
#6514=CARTESIAN_POINT('',(0.85,4.2,0.18));
#6515=VECTOR('',#7422,1.0);
#6516=CARTESIAN_POINT('',(0.85,3.7,0.18));
#6517=VECTOR('',#7423,1.0);
#6518=CARTESIAN_POINT('',(0.65,3.7,0.79));
#6519=CARTESIAN_POINT('',(0.65,3.7,0.79));
#6520=VECTOR('',#7424,1.0);
#6521=CARTESIAN_POINT('',(0.65,3.7,0.18));
#6522=CARTESIAN_POINT('',(0.65,3.7,0.18));
#6523=VECTOR('',#7425,1.0);
#6524=CARTESIAN_POINT('',(0.65,4.2,0.18));
#6525=CARTESIAN_POINT('',(0.65,4.2,0.18));
#6526=VECTOR('',#7426,1.0);
#6527=CARTESIAN_POINT('',(0.65,4.2,0.0));
#6528=VECTOR('',#7427,1.0);
#6529=CARTESIAN_POINT('',(0.85,4.2,0.18));
#6530=VECTOR('',#7428,1.0);
#6531=CARTESIAN_POINT('',(0.85,3.7,0.18));
#6532=VECTOR('',#7429,1.0);
#6533=CARTESIAN_POINT('',(0.85,3.7,0.79));
#6534=VECTOR('',#7430,1.0);
#6535=CARTESIAN_POINT('',(0.35,0.373398193761278,1.15771781943615));
#6536=AXIS2_PLACEMENT_3D('',#7431,#7432,#7433);
#6537=CARTESIAN_POINT('',(0.15,0.373398193761278,1.15771781943615));
#6538=CARTESIAN_POINT('',(0.35,0.373398193761278,1.15771781943615));
#6539=VECTOR('',#7434,1.0);
#6540=AXIS2_PLACEMENT_3D('',#7435,#7436,#7437);
#6541=CARTESIAN_POINT('',(0.15,0.470039012877313,1.23));
#6542=CARTESIAN_POINT('',(0.15,0.445006857667709,1.17827357248857));
#6543=VECTOR('',#7438,1.0);
#6544=CARTESIAN_POINT('',(0.35,0.470039012877313,1.23));
#6545=CARTESIAN_POINT('',(0.35,0.470039012877313,1.23));
#6546=VECTOR('',#7439,1.0);
#6547=CARTESIAN_POINT('',(0.35,0.445006857667709,1.17827357248857));
#6548=VECTOR('',#7440,1.0);
#6549=CARTESIAN_POINT('',(0.35,-0.0159610837432329,1.40237106504143));
#6550=VECTOR('',#7441,1.0);
#6551=CARTESIAN_POINT('',(0.35,0.470039012877312,1.23));
#6552=VECTOR('',#7442,1.0);
#6553=CARTESIAN_POINT('',(0.15,-0.0159610837432329,1.40237106504143));
#6554=VECTOR('',#7443,1.0);
#6555=CARTESIAN_POINT('',(0.15,0.470039012877312,1.23));
#6556=VECTOR('',#7444,1.0);
#6557=CARTESIAN_POINT('',(0.35,3.7,0.79));
#6558=CARTESIAN_POINT('',(0.35,3.7,0.79));
#6559=VECTOR('',#7445,1.0);
#6560=CARTESIAN_POINT('',(0.35,4.2,0.18));
#6561=CARTESIAN_POINT('',(0.35,4.2,0.0));
#6562=VECTOR('',#7446,1.0);
#6563=CARTESIAN_POINT('',(0.35,3.7,0.18));
#6564=CARTESIAN_POINT('',(0.35,4.2,0.18));
#6565=VECTOR('',#7447,1.0);
#6566=CARTESIAN_POINT('',(0.35,3.7,0.18));
#6567=VECTOR('',#7448,1.0);
#6568=CARTESIAN_POINT('',(0.15,3.7,0.79));
#6569=CARTESIAN_POINT('',(0.15,3.7,0.79));
#6570=VECTOR('',#7449,1.0);
#6571=CARTESIAN_POINT('',(0.15,3.7,0.18));
#6572=CARTESIAN_POINT('',(0.15,3.7,0.18));
#6573=VECTOR('',#7450,1.0);
#6574=CARTESIAN_POINT('',(0.15,4.2,0.18));
#6575=CARTESIAN_POINT('',(0.15,4.2,0.18));
#6576=VECTOR('',#7451,1.0);
#6577=CARTESIAN_POINT('',(0.15,4.2,0.0));
#6578=VECTOR('',#7452,1.0);
#6579=CARTESIAN_POINT('',(0.35,4.2,0.18));
#6580=VECTOR('',#7453,1.0);
#6581=CARTESIAN_POINT('',(0.35,3.7,0.18));
#6582=VECTOR('',#7454,1.0);
#6583=CARTESIAN_POINT('',(0.35,3.7,0.79));
#6584=VECTOR('',#7455,1.0);
#6585=CARTESIAN_POINT('',(-0.15,0.373398193761278,1.15771781943615));
#6586=AXIS2_PLACEMENT_3D('',#7456,#7457,#7458);
#6587=CARTESIAN_POINT('',(-0.35,0.373398193761278,1.15771781943615));
#6588=CARTESIAN_POINT('',(-0.15,0.373398193761278,1.15771781943615));
#6589=VECTOR('',#7459,1.0);
#6590=AXIS2_PLACEMENT_3D('',#7460,#7461,#7462);
#6591=CARTESIAN_POINT('',(-0.35,0.470039012877313,1.23));
#6592=CARTESIAN_POINT('',(-0.35,0.445006857667709,1.17827357248857));
#6593=VECTOR('',#7463,1.0);
#6594=CARTESIAN_POINT('',(-0.15,0.470039012877313,1.23));
#6595=CARTESIAN_POINT('',(-0.15,0.470039012877313,1.23));
#6596=VECTOR('',#7464,1.0);
#6597=CARTESIAN_POINT('',(-0.15,0.445006857667709,1.17827357248857));
#6598=VECTOR('',#7465,1.0);
#6599=CARTESIAN_POINT('',(-0.15,-0.0159610837432329,1.40237106504143));
#6600=VECTOR('',#7466,1.0);
#6601=CARTESIAN_POINT('',(-0.15,0.470039012877312,1.23));
#6602=VECTOR('',#7467,1.0);
#6603=CARTESIAN_POINT('',(-0.35,-0.0159610837432329,1.40237106504143));
#6604=VECTOR('',#7468,1.0);
#6605=CARTESIAN_POINT('',(-0.35,0.470039012877312,1.23));
#6606=VECTOR('',#7469,1.0);
#6607=CARTESIAN_POINT('',(-0.15,3.7,0.79));
#6608=CARTESIAN_POINT('',(-0.15,3.7,0.79));
#6609=VECTOR('',#7470,1.0);
#6610=CARTESIAN_POINT('',(-0.15,4.2,0.18));
#6611=CARTESIAN_POINT('',(-0.15,4.2,0.0));
#6612=VECTOR('',#7471,1.0);
#6613=CARTESIAN_POINT('',(-0.15,3.7,0.18));
#6614=CARTESIAN_POINT('',(-0.15,4.2,0.18));
#6615=VECTOR('',#7472,1.0);
#6616=CARTESIAN_POINT('',(-0.15,3.7,0.18));
#6617=VECTOR('',#7473,1.0);
#6618=CARTESIAN_POINT('',(-0.35,3.7,0.79));
#6619=CARTESIAN_POINT('',(-0.35,3.7,0.79));
#6620=VECTOR('',#7474,1.0);
#6621=CARTESIAN_POINT('',(-0.35,3.7,0.18));
#6622=CARTESIAN_POINT('',(-0.35,3.7,0.18));
#6623=VECTOR('',#7475,1.0);
#6624=CARTESIAN_POINT('',(-0.35,4.2,0.18));
#6625=CARTESIAN_POINT('',(-0.35,4.2,0.18));
#6626=VECTOR('',#7476,1.0);
#6627=CARTESIAN_POINT('',(-0.35,4.2,0.0));
#6628=VECTOR('',#7477,1.0);
#6629=CARTESIAN_POINT('',(-0.15,4.2,0.18));
#6630=VECTOR('',#7478,1.0);
#6631=CARTESIAN_POINT('',(-0.15,3.7,0.18));
#6632=VECTOR('',#7479,1.0);
#6633=CARTESIAN_POINT('',(-0.15,3.7,0.79));
#6634=VECTOR('',#7480,1.0);
#6635=CARTESIAN_POINT('',(-0.65,0.373398193761278,1.15771781943615));
#6636=AXIS2_PLACEMENT_3D('',#7481,#7482,#7483);
#6637=CARTESIAN_POINT('',(-0.85,0.373398193761278,1.15771781943615));
#6638=CARTESIAN_POINT('',(-0.65,0.373398193761278,1.15771781943615));
#6639=VECTOR('',#7484,1.0);
#6640=AXIS2_PLACEMENT_3D('',#7485,#7486,#7487);
#6641=CARTESIAN_POINT('',(-0.85,0.470039012877313,1.23));
#6642=CARTESIAN_POINT('',(-0.85,0.445006857667709,1.17827357248857));
#6643=VECTOR('',#7488,1.0);
#6644=CARTESIAN_POINT('',(-0.65,0.470039012877313,1.23));
#6645=CARTESIAN_POINT('',(-0.65,0.470039012877313,1.23));
#6646=VECTOR('',#7489,1.0);
#6647=CARTESIAN_POINT('',(-0.65,0.445006857667709,1.17827357248857));
#6648=VECTOR('',#7490,1.0);
#6649=CARTESIAN_POINT('',(-0.65,-0.0159610837432329,1.40237106504143));
#6650=VECTOR('',#7491,1.0);
#6651=CARTESIAN_POINT('',(-0.65,0.470039012877312,1.23));
#6652=VECTOR('',#7492,1.0);
#6653=CARTESIAN_POINT('',(-0.85,-0.0159610837432329,1.40237106504143));
#6654=VECTOR('',#7493,1.0);
#6655=CARTESIAN_POINT('',(-0.85,0.470039012877312,1.23));
#6656=VECTOR('',#7494,1.0);
#6657=CARTESIAN_POINT('',(-0.65,3.7,0.79));
#6658=CARTESIAN_POINT('',(-0.65,3.7,0.79));
#6659=VECTOR('',#7495,1.0);
#6660=CARTESIAN_POINT('',(-0.65,4.2,0.18));
#6661=CARTESIAN_POINT('',(-0.65,4.2,0.0));
#6662=VECTOR('',#7496,1.0);
#6663=CARTESIAN_POINT('',(-0.65,3.7,0.18));
#6664=CARTESIAN_POINT('',(-0.65,4.2,0.18));
#6665=VECTOR('',#7497,1.0);
#6666=CARTESIAN_POINT('',(-0.65,3.7,0.18));
#6667=VECTOR('',#7498,1.0);
#6668=CARTESIAN_POINT('',(-0.85,3.7,0.79));
#6669=CARTESIAN_POINT('',(-0.85,3.7,0.79));
#6670=VECTOR('',#7499,1.0);
#6671=CARTESIAN_POINT('',(-0.85,3.7,0.18));
#6672=CARTESIAN_POINT('',(-0.85,3.7,0.18));
#6673=VECTOR('',#7500,1.0);
#6674=CARTESIAN_POINT('',(-0.85,4.2,0.18));
#6675=CARTESIAN_POINT('',(-0.85,4.2,0.18));
#6676=VECTOR('',#7501,1.0);
#6677=CARTESIAN_POINT('',(-0.85,4.2,0.0));
#6678=VECTOR('',#7502,1.0);
#6679=CARTESIAN_POINT('',(-0.65,4.2,0.18));
#6680=VECTOR('',#7503,1.0);
#6681=CARTESIAN_POINT('',(-0.65,3.7,0.18));
#6682=VECTOR('',#7504,1.0);
#6683=CARTESIAN_POINT('',(-0.65,3.7,0.79));
#6684=VECTOR('',#7505,1.0);
#6685=CARTESIAN_POINT('',(-2.06,3.45,0.203));
#6686=CARTESIAN_POINT('',(-2.06,1.15,0.203));
#6687=VECTOR('',#7506,1.0);
#6688=CARTESIAN_POINT('',(-3.35,3.45,0.203));
#6689=CARTESIAN_POINT('',(-2.06,3.45,0.203));
#6690=VECTOR('',#7507,1.0);
#6691=CARTESIAN_POINT('',(-3.35,3.0,0.203));
#6692=CARTESIAN_POINT('',(-3.35,3.45,0.203));
#6693=VECTOR('',#7508,1.0);
#6694=CARTESIAN_POINT('',(-3.85,3.0,0.203));
#6695=CARTESIAN_POINT('',(-3.35,3.0,0.203));
#6696=VECTOR('',#7509,1.0);
#6697=CARTESIAN_POINT('',(-3.85,2.8,0.203));
#6698=CARTESIAN_POINT('',(-3.85,3.0,0.203));
#6699=VECTOR('',#7510,1.0);
#6700=CARTESIAN_POINT('',(-3.35,2.8,0.203));
#6701=CARTESIAN_POINT('',(-3.85,2.8,0.203));
#6702=VECTOR('',#7511,1.0);
#6703=CARTESIAN_POINT('',(-3.35,2.5,0.203));
#6704=CARTESIAN_POINT('',(-3.35,2.8,0.203));
#6705=VECTOR('',#7512,1.0);
#6706=CARTESIAN_POINT('',(-3.85,2.5,0.203));
#6707=CARTESIAN_POINT('',(-3.35,2.5,0.203));
#6708=VECTOR('',#7513,1.0);
#6709=CARTESIAN_POINT('',(-3.85,2.3,0.203));
#6710=CARTESIAN_POINT('',(-3.85,2.5,0.203));
#6711=VECTOR('',#7514,1.0);
#6712=CARTESIAN_POINT('',(-3.85,2.3,0.203));
#6713=VECTOR('',#7515,1.0);
#6714=CARTESIAN_POINT('',(-2.06,1.15,0.203));
#6715=CARTESIAN_POINT('',(-3.0,1.15,0.203));
#6716=VECTOR('',#7516,1.0);
#6717=CARTESIAN_POINT('',(-2.06,1.15,0.203));
#6718=VECTOR('',#7517,1.0);
#6719=CARTESIAN_POINT('',(2.06,1.15,0.203));
#6720=CARTESIAN_POINT('',(2.06,3.45,0.203));
#6721=VECTOR('',#7518,1.0);
#6722=CARTESIAN_POINT('',(3.0,1.15,0.203));
#6723=CARTESIAN_POINT('',(2.06,1.15,0.203));
#6724=VECTOR('',#7519,1.0);
#6725=CARTESIAN_POINT('',(3.0,2.3,0.203));
#6726=CARTESIAN_POINT('',(3.0,2.75,0.203));
#6727=VECTOR('',#7520,1.0);
#6728=CARTESIAN_POINT('',(3.85,2.3,0.203));
#6729=CARTESIAN_POINT('',(3.0,2.3,0.203));
#6730=VECTOR('',#7521,1.0);
#6731=CARTESIAN_POINT('',(3.85,2.5,0.203));
#6732=CARTESIAN_POINT('',(3.85,2.3,0.203));
#6733=VECTOR('',#7522,1.0);
#6734=CARTESIAN_POINT('',(3.35,2.5,0.203));
#6735=CARTESIAN_POINT('',(3.85,2.5,0.203));
#6736=VECTOR('',#7523,1.0);
#6737=CARTESIAN_POINT('',(3.35,2.8,0.203));
#6738=CARTESIAN_POINT('',(3.35,2.5,0.203));
#6739=VECTOR('',#7524,1.0);
#6740=CARTESIAN_POINT('',(3.85,2.8,0.203));
#6741=CARTESIAN_POINT('',(3.35,2.8,0.203));
#6742=VECTOR('',#7525,1.0);
#6743=CARTESIAN_POINT('',(3.85,3.0,0.203));
#6744=CARTESIAN_POINT('',(3.85,2.8,0.203));
#6745=VECTOR('',#7526,1.0);
#6746=CARTESIAN_POINT('',(3.35,3.0,0.203));
#6747=CARTESIAN_POINT('',(3.85,3.0,0.203));
#6748=VECTOR('',#7527,1.0);
#6749=CARTESIAN_POINT('',(3.35,3.45,0.203));
#6750=CARTESIAN_POINT('',(3.35,3.0,0.203));
#6751=VECTOR('',#7528,1.0);
#6752=CARTESIAN_POINT('',(2.06,3.45,0.203));
#6753=CARTESIAN_POINT('',(3.35,3.45,0.203));
#6754=VECTOR('',#7529,1.0);
#6755=CARTESIAN_POINT('',(2.06,3.45,0.203));
#6756=VECTOR('',#7530,1.0);
#6757=CARTESIAN_POINT('',(3.0,2.3,2.0097));
#6758=VECTOR('',#7531,1.0);
#6759=CARTESIAN_POINT('',(3.0,1.15,2.0097));
#6760=VECTOR('',#7532,1.0);
#6761=CARTESIAN_POINT('',(3.85,2.3,2.0097));
#6762=VECTOR('',#7533,1.0);
#6763=CARTESIAN_POINT('',(3.85,2.5,2.0097));
#6764=VECTOR('',#7534,1.0);
#6765=CARTESIAN_POINT('',(3.35,2.5,2.0097));
#6766=VECTOR('',#7535,1.0);
#6767=CARTESIAN_POINT('',(3.35,2.8,2.0097));
#6768=VECTOR('',#7536,1.0);
#6769=CARTESIAN_POINT('',(3.85,2.8,2.0097));
#6770=VECTOR('',#7537,1.0);
#6771=CARTESIAN_POINT('',(3.85,3.0,2.0097));
#6772=VECTOR('',#7538,1.0);
#6773=CARTESIAN_POINT('',(3.35,3.0,2.0097));
#6774=VECTOR('',#7539,1.0);
#6775=CARTESIAN_POINT('',(3.35,3.45,2.0097));
#6776=VECTOR('',#7540,1.0);
#6777=CARTESIAN_POINT('',(2.06,3.45,2.0097));
#6778=VECTOR('',#7541,1.0);
#6779=CARTESIAN_POINT('',(2.06,1.15,2.0097));
#6780=VECTOR('',#7542,1.0);
#6781=CARTESIAN_POINT('',(-2.06,3.45,2.0097));
#6782=VECTOR('',#7543,1.0);
#6783=CARTESIAN_POINT('',(-3.35,3.45,2.0097));
#6784=VECTOR('',#7544,1.0);
#6785=CARTESIAN_POINT('',(-3.35,3.0,2.0097));
#6786=VECTOR('',#7545,1.0);
#6787=CARTESIAN_POINT('',(-3.85,3.0,2.0097));
#6788=VECTOR('',#7546,1.0);
#6789=CARTESIAN_POINT('',(-3.85,2.8,2.0097));
#6790=VECTOR('',#7547,1.0);
#6791=CARTESIAN_POINT('',(-3.35,2.8,2.0097));
#6792=VECTOR('',#7548,1.0);
#6793=CARTESIAN_POINT('',(-3.35,2.5,2.0097));
#6794=VECTOR('',#7549,1.0);
#6795=CARTESIAN_POINT('',(-3.85,2.5,2.0097));
#6796=VECTOR('',#7550,1.0);
#6797=CARTESIAN_POINT('',(-3.85,2.3,2.0097));
#6798=VECTOR('',#7551,1.0);
#6799=CARTESIAN_POINT('',(-2.06,1.15,2.0097));
#6800=VECTOR('',#7552,1.0);
#6801=CARTESIAN_POINT('',(-2.425,-0.79,1.385));
#6802=CARTESIAN_POINT('',(-2.425,-0.79,1.385));
#6803=VECTOR('',#7553,1.0);
#6804=CARTESIAN_POINT('',(-2.725,-0.79,1.905));
#6805=VECTOR('',#7554,1.0);
#6806=CARTESIAN_POINT('',(-2.425,-0.79,1.385));
#6807=VECTOR('',#7555,1.0);
#6808=DIRECTION('',(1.0,-0.0,0.0));
#6809=CARTESIAN_POINT('',(-0.85,0.399999999999999,1.2000539022124));
#6810=DIRECTION('',(-1.0,0.0,0.0));
#6811=DIRECTION('',(0.0,1.0,0.0));
#6812=DIRECTION('',(1.0,0.0,0.0));
#6813=CARTESIAN_POINT('',(-0.65,0.399999999999999,1.2000539022124));
#6814=DIRECTION('',(-1.0,0.0,0.0));
#6815=DIRECTION('',(0.0,1.0,0.0));
#6816=DIRECTION('',(1.0,-0.0,0.0));
#6817=CARTESIAN_POINT('',(-0.35,0.399999999999999,1.2000539022124));
#6818=DIRECTION('',(-1.0,0.0,0.0));
#6819=DIRECTION('',(0.0,1.0,0.0));
#6820=DIRECTION('',(1.0,0.0,0.0));
#6821=CARTESIAN_POINT('',(-0.15,0.399999999999999,1.2000539022124));
#6822=DIRECTION('',(-1.0,0.0,0.0));
#6823=DIRECTION('',(0.0,1.0,0.0));
#6824=DIRECTION('',(1.0,-0.0,0.0));
#6825=CARTESIAN_POINT('',(0.15,0.399999999999999,1.2000539022124));
#6826=DIRECTION('',(-1.0,0.0,0.0));
#6827=DIRECTION('',(0.0,1.0,0.0));
#6828=DIRECTION('',(1.0,0.0,0.0));
#6829=CARTESIAN_POINT('',(0.35,0.399999999999999,1.2000539022124));
#6830=DIRECTION('',(-1.0,0.0,0.0));
#6831=DIRECTION('',(0.0,1.0,0.0));
#6832=DIRECTION('',(1.0,-0.0,0.0));
#6833=CARTESIAN_POINT('',(0.65,0.399999999999999,1.2000539022124));
#6834=DIRECTION('',(-1.0,0.0,0.0));
#6835=DIRECTION('',(0.0,1.0,0.0));
#6836=DIRECTION('',(1.0,0.0,0.0));
#6837=CARTESIAN_POINT('',(0.85,0.399999999999999,1.2000539022124));
#6838=DIRECTION('',(-1.0,0.0,0.0));
#6839=DIRECTION('',(0.0,1.0,0.0));
#6840=DIRECTION('',(-1.0,0.0,6.0910234409298E-16));
#6841=DIRECTION('',(0.0,0.0,1.0));
#6842=DIRECTION('',(-1.0,0.0,-3.78610282455255E-16));
#6843=DIRECTION('',(0.0,0.0,-1.0));
#6844=DIRECTION('',(1.0,0.0,5.42101086242753E-16));
#6845=DIRECTION('',(6.6720133691415E-16,0.0,-1.0));
#6846=DIRECTION('',(-1.0,0.0,3.3881317890172E-15));
#6847=DIRECTION('',(0.0,0.0,-1.0));
#6848=DIRECTION('',(0.0,0.0,-1.0));
#6849=DIRECTION('',(-1.0,0.0,-3.78610282455255E-16));
#6850=DIRECTION('',(2.38286191755056E-16,0.0,1.0));
#6851=DIRECTION('',(1.0,0.0,-7.95744713750829E-17));
#6852=DIRECTION('',(-5.10212787052002E-16,0.0,-1.0));
#6853=DIRECTION('',(1.0,0.0,-4.64658073922357E-16));
#6854=DIRECTION('',(0.0,0.0,1.0));
#6855=DIRECTION('',(-1.0,0.0,-1.84046665082416E-16));
#6856=DIRECTION('',(0.0,0.0,-1.0));
#6857=DIRECTION('',(-1.0,0.0,0.0));
#6858=DIRECTION('',(0.0,0.0,-1.0));
#6859=DIRECTION('',(1.0,1.36387000342497E-16,0.0));
#6860=DIRECTION('',(0.0,0.0,1.0));
#6861=DIRECTION('',(1.0,1.36387000342497E-16,0.0));
#6862=DIRECTION('',(0.0,0.0,-1.0));
#6863=DIRECTION('',(-1.0,0.0,0.0));
#6864=DIRECTION('',(3.33600668457076E-16,0.0,1.0));
#6865=DIRECTION('',(1.0,0.0,5.42101086242753E-16));
#6866=DIRECTION('',(0.0,0.0,-1.0));
#6867=DIRECTION('',(-1.0,0.0,2.71050543121376E-16));
#6868=DIRECTION('',(0.0,0.0,-1.0));
#6869=DIRECTION('',(1.0,0.0,0.0));
#6870=DIRECTION('',(0.0,0.0,-1.0));
#6871=DIRECTION('',(1.0,0.0,-5.34089740140643E-16));
#6872=DIRECTION('',(0.0,0.0,1.0));
#6873=DIRECTION('',(1.0,0.0,-5.42101086242753E-16));
#6874=DIRECTION('',(-3.33600668457078E-16,0.0,-1.0));
#6875=DIRECTION('',(1.0,0.0,5.34089740140643E-16));
#6876=DIRECTION('',(0.0,0.0,-1.0));
#6877=DIRECTION('',(1.0,0.0,0.0));
#6878=DIRECTION('',(0.0,0.0,-1.0));
#6879=DIRECTION('',(-1.0,0.0,0.0));
#6880=DIRECTION('',(-1.0,0.0,-3.78610282455255E-16));
#6881=DIRECTION('',(0.0,0.0,-1.0));
#6882=DIRECTION('',(-1.0,0.0,0.0));
#6883=DIRECTION('',(0.0,0.0,1.0));
#6884=DIRECTION('',(1.0,-1.36387000342497E-16,0.0));
#6885=DIRECTION('',(0.0,0.0,1.0));
#6886=DIRECTION('',(1.0,1.36387000342497E-16,0.0));
#6887=DIRECTION('',(0.0,0.0,1.0));
#6888=DIRECTION('',(-1.0,0.0,0.0));
#6889=DIRECTION('',(0.0,0.0,-1.0));
#6890=DIRECTION('',(-1.0,0.0,-1.84046665082416E-16));
#6891=DIRECTION('',(0.0,0.0,-1.0));
#6892=DIRECTION('',(1.0,0.0,4.64658073922357E-16));
#6893=DIRECTION('',(-5.10212787052002E-16,0.0,1.0));
#6894=DIRECTION('',(1.0,0.0,7.95744713750829E-17));
#6895=DIRECTION('',(2.38286191755056E-16,0.0,-1.0));
#6896=DIRECTION('',(0.0,0.0,-1.0));
#6897=DIRECTION('',(-1.0,0.0,1.35525271560688E-16));
#6898=DIRECTION('',(6.67201336914156E-16,0.0,1.0));
#6899=DIRECTION('',(1.0,0.0,-5.42101086242753E-16));
#6900=DIRECTION('',(0.0,0.0,-1.0));
#6901=DIRECTION('',(-1.0,0.0,-3.78610282455255E-16));
#6902=DIRECTION('',(2.28253088944317E-16,0.0,-1.0));
#6903=DIRECTION('',(-1.0,0.0,-6.0910234409298E-16));
#6904=DIRECTION('',(0.0,0.999048221581858,0.0436193873653361));
#6905=DIRECTION('',(6.67201336914157E-16,-1.0,-2.26056605927363E-30));
#6906=DIRECTION('',(0.0,0.0,1.0));
#6907=DIRECTION('',(0.0,0.999048221581858,0.0436193873653361));
#6908=DIRECTION('',(4.38412811495492E-31,-6.57092225748791E-16,1.0));
#6909=DIRECTION('',(6.67201336914157E-16,-1.0,0.0));
#6910=DIRECTION('',(-6.67201336914157E-16,1.0,-3.61690569483781E-31));
#6911=DIRECTION('',(0.0,-0.999048221581858,0.0436193873653358));
#6912=DIRECTION('',(6.67201336914157E-16,-1.0,0.0));
#6913=DIRECTION('',(0.0,0.0,1.0));
#6914=DIRECTION('',(6.67201336914157E-16,-1.0,0.0));
#6915=DIRECTION('',(0.0,0.0,-1.0));
#6916=DIRECTION('',(6.67201336914157E-16,1.0,-9.04226423709453E-32));
#6917=DIRECTION('',(0.0,-0.999048221581858,-0.0436193873653361));
#6918=DIRECTION('',(6.67201336914157E-16,1.0,0.0));
#6919=DIRECTION('',(0.0,0.0,1.0));
#6920=DIRECTION('',(6.67201336914157E-16,1.0,0.0));
#6921=DIRECTION('',(0.0,0.999048221581858,-0.0436193873653358));
#6922=DIRECTION('',(-6.67201336914157E-16,-1.0,3.61690569483781E-31));
#6923=DIRECTION('',(6.67201336914157E-16,1.0,0.0));
#6924=DIRECTION('',(4.38412811495492E-31,6.57092225748791E-16,-1.0));
#6925=DIRECTION('',(0.0,-0.999048221581858,-0.0436193873653361));
#6926=DIRECTION('',(-1.0,3.10403904571347E-15,1.35525271560688E-16));
#6927=DIRECTION('',(1.57552036691903E-16,0.999048221581858,0.0436193873653361));
#6928=DIRECTION('',(-1.0,0.0,0.0));
#6929=DIRECTION('',(1.0,0.0,0.0));
#6930=DIRECTION('',(0.0,0.999048221581858,0.0436193873653361));
#6931=DIRECTION('',(0.0,-0.999048221581858,-0.0436193873653361));
#6932=DIRECTION('',(-1.0,0.0,0.0));
#6933=DIRECTION('',(1.0,-7.76009761428366E-14,-3.3881317890172E-15));
#6934=DIRECTION('',(-1.0,0.0,0.0));
#6935=DIRECTION('',(0.0,-0.999048221581858,-0.0436193873653361));
#6936=DIRECTION('',(0.0,-0.999048221581858,-0.0436193873653361));
#6937=DIRECTION('',(-1.0,0.0,0.0));
#6938=DIRECTION('',(1.0,0.0,0.0));
#6939=DIRECTION('',(-1.57552036691903E-16,0.999048221581858,0.0436193873653361));
#6940=DIRECTION('',(0.0,-6.57092225748791E-16,1.0));
#6941=DIRECTION('',(0.0,1.0,0.0));
#6942=DIRECTION('',(0.0,0.0,1.0));
#6943=DIRECTION('',(0.0,-1.0,-2.16840434497101E-16));
#6944=DIRECTION('',(-1.0,0.0,0.0));
#6945=DIRECTION('',(0.0,6.57092225748791E-16,-1.0));
#6946=DIRECTION('',(-1.0,0.0,0.0));
#6947=DIRECTION('',(-1.0,0.0,0.0));
#6948=DIRECTION('',(0.0,1.0,0.0));
#6949=DIRECTION('',(0.0,1.0,0.0));
#6950=DIRECTION('',(0.5,0.866025403784438,0.0));
#6951=DIRECTION('',(0.0,1.0,0.0));
#6952=DIRECTION('',(-0.707106781186548,0.707106781186547,0.0));
#6953=DIRECTION('',(0.0,1.0,0.0));
#6954=DIRECTION('',(1.0,-1.03257349760524E-15,0.0));
#6955=DIRECTION('',(-0.224859506698757,0.97439119569462,0.0));
#6956=DIRECTION('',(0.0,1.0,0.0));
#6957=DIRECTION('',(-1.0,0.0,0.0));
#6958=DIRECTION('',(4.8186763221578E-16,-1.0,0.0));
#6959=DIRECTION('',(-0.447213595499961,-0.894427190999914,0.0));
#6960=DIRECTION('',(0.0,1.0,2.4093381610789E-16));
#6961=DIRECTION('',(0.0,-1.0,0.0));
#6962=DIRECTION('',(0.5,-0.866025403784438,0.0));
#6963=DIRECTION('',(0.0,-1.0,0.0));
#6964=DIRECTION('',(-0.707106781186548,-0.707106781186547,0.0));
#6965=DIRECTION('',(0.0,-1.0,0.0));
#6966=DIRECTION('',(1.0,1.03257349760524E-15,0.0));
#6967=DIRECTION('',(-0.224859506698757,-0.97439119569462,0.0));
#6968=DIRECTION('',(0.0,-1.0,0.0));
#6969=DIRECTION('',(-1.0,3.70215375970661E-15,0.0));
#6970=DIRECTION('',(-4.81867632215781E-16,1.0,0.0));
#6971=DIRECTION('',(-0.44721359549996,0.894427190999915,0.0));
#6972=DIRECTION('',(0.0,-1.0,-2.4093381610789E-16));
#6973=DIRECTION('',(-0.447213595499961,-0.894427190999914,0.0));
#6974=DIRECTION('',(4.8186763221578E-16,-1.0,0.0));
#6975=DIRECTION('',(-1.0,0.0,0.0));
#6976=DIRECTION('',(0.0,1.0,0.0));
#6977=DIRECTION('',(-0.224859506698757,0.97439119569462,0.0));
#6978=DIRECTION('',(1.0,-1.03257349760524E-15,0.0));
#6979=DIRECTION('',(0.0,1.0,0.0));
#6980=DIRECTION('',(-0.707106781186548,0.707106781186547,0.0));
#6981=DIRECTION('',(0.0,1.0,0.0));
#6982=DIRECTION('',(0.5,0.866025403784438,0.0));
#6983=DIRECTION('',(0.0,1.0,0.0));
#6984=DIRECTION('',(0.0,-0.727788971792835,-0.685801146497094));
#6985=DIRECTION('',(0.0,-4.42531498973675E-16,1.0));
#6986=DIRECTION('',(0.0,-1.0,-2.47817639425258E-16));
#6987=DIRECTION('',(0.0,1.0,0.0));
#6988=DIRECTION('',(0.0,1.0,3.71726459137887E-16));
#6989=DIRECTION('',(0.0,-4.42531498973675E-16,1.0));
#6990=DIRECTION('',(0.0,-0.727788971792835,-0.685801146497094));
#6991=DIRECTION('',(0.0,1.0,3.71726459137887E-16));
#6992=DIRECTION('',(0.0,6.57092225748791E-16,-1.0));
#6993=DIRECTION('',(0.0,1.0,0.0));
#6994=DIRECTION('',(0.0,-1.0,-2.47817639425258E-16));
#6995=DIRECTION('',(0.0,-1.0,0.0));
#6996=DIRECTION('',(0.0,1.0,0.0));
#6997=DIRECTION('',(-1.0,0.0,0.0));
#6998=DIRECTION('',(-1.0,0.0,0.0));
#6999=DIRECTION('',(-1.0,0.0,0.0));
#7000=DIRECTION('',(0.0,-1.0,0.0));
#7001=DIRECTION('',(-1.0,0.0,0.0));
#7002=DIRECTION('',(0.0,-1.0,0.0));
#7003=DIRECTION('',(0.0,-1.0,0.0));
#7004=DIRECTION('',(-5.10212787052002E-16,0.0,-1.0));
#7005=DIRECTION('',(0.0,-1.0,0.0));
#7006=DIRECTION('',(2.38286191755056E-16,0.0,-1.0));
#7007=DIRECTION('',(0.0,-1.0,0.0));
#7008=DIRECTION('',(2.38286191755056E-16,0.0,-1.0));
#7009=DIRECTION('',(0.0,-1.0,0.0));
#7010=DIRECTION('',(-5.10212787052002E-16,0.0,1.0));
#7011=DIRECTION('',(0.0,-1.0,0.0));
#7012=DIRECTION('',(0.0,-1.0,0.0));
#7013=DIRECTION('',(1.0,0.0,-7.95744713750829E-17));
#7014=DIRECTION('',(2.38286191755056E-16,0.0,1.0));
#7015=DIRECTION('',(0.0,-1.0,0.0));
#7016=DIRECTION('',(2.38286191755056E-16,0.0,1.0));
#7017=DIRECTION('',(-1.0,0.0,0.0));
#7018=DIRECTION('',(-1.0,0.0,0.0));
#7019=DIRECTION('',(-1.0,0.0,0.0));
#7020=DIRECTION('',(1.0,0.0,0.0));
#7021=DIRECTION('',(-1.0,0.0,0.0));
#7022=DIRECTION('',(0.0,-1.0,0.0));
#7023=DIRECTION('',(1.0,0.0,7.95744713750829E-17));
#7024=DIRECTION('',(1.0,0.0,7.95744713750829E-17));
#7025=DIRECTION('',(0.0,-1.0,0.0));
#7026=DIRECTION('',(0.499722453489577,0.0,-0.866185586048601));
#7027=DIRECTION('',(-1.0,0.0,0.0));
#7028=DIRECTION('',(0.499722453489577,0.0,0.866185586048601));
#7029=DIRECTION('',(0.0,0.0,1.0));
#7030=DIRECTION('',(0.0,0.0,1.0));
#7031=DIRECTION('',(0.0,0.0,1.0));
#7032=DIRECTION('',(0.0,0.0,1.0));
#7033=DIRECTION('',(0.0,0.0,1.0));
#7034=DIRECTION('',(0.0,0.0,1.0));
#7035=DIRECTION('',(0.0,0.0,1.0));
#7036=DIRECTION('',(0.0,0.0,1.0));
#7037=DIRECTION('',(0.0,0.0,1.0));
#7038=DIRECTION('',(0.0,0.0,1.0));
#7039=DIRECTION('',(-0.224859506698757,-0.97439119569462,0.0));
#7040=DIRECTION('',(0.0,0.0,1.0));
#7041=DIRECTION('',(0.0,0.0,1.0));
#7042=DIRECTION('',(1.0,1.03257349760524E-15,0.0));
#7043=DIRECTION('',(0.0,0.0,1.0));
#7044=DIRECTION('',(0.0,-1.0,0.0));
#7045=DIRECTION('',(0.0,0.0,1.0));
#7046=DIRECTION('',(-0.707106781186548,-0.707106781186547,0.0));
#7047=DIRECTION('',(0.0,0.0,1.0));
#7048=DIRECTION('',(0.0,-1.0,0.0));
#7049=DIRECTION('',(0.0,0.0,1.0));
#7050=DIRECTION('',(0.5,-0.866025403784438,0.0));
#7051=DIRECTION('',(0.0,0.0,1.0));
#7052=DIRECTION('',(0.0,-1.0,0.0));
#7053=DIRECTION('',(-0.44721359549996,0.894427190999915,0.0));
#7054=DIRECTION('',(0.0,0.0,1.0));
#7055=DIRECTION('',(-4.81867632215781E-16,1.0,0.0));
#7056=DIRECTION('',(0.0,0.0,1.0));
#7057=DIRECTION('',(-1.0,3.70215375970661E-15,0.0));
#7058=DIRECTION('',(0.0,0.0,1.0));
#7059=DIRECTION('',(0.0,-1.0,0.0));
#7060=DIRECTION('',(0.0,-1.0,0.0));
#7061=DIRECTION('',(-1.0,0.0,0.0));
#7062=DIRECTION('',(0.0,-1.0,-3.71726459137887E-16));
#7063=DIRECTION('',(1.0,0.0,0.0));
#7064=DIRECTION('',(-1.0,0.0,0.0));
#7065=DIRECTION('',(0.0,-1.0,-2.16840434497101E-16));
#7066=DIRECTION('',(-1.0,0.0,0.0));
#7067=DIRECTION('',(1.0,0.0,0.0));
#7068=DIRECTION('',(0.0,-1.0,-3.71726459137887E-16));
#7069=DIRECTION('',(-1.0,0.0,0.0));
#7070=DIRECTION('',(0.0,-1.0,-3.71726459137887E-16));
#7071=DIRECTION('',(1.0,0.0,0.0));
#7072=DIRECTION('',(0.0,-1.0,-3.71726459137887E-16));
#7073=DIRECTION('',(-1.0,0.0,0.0));
#7074=DIRECTION('',(0.0,-1.0,-3.71726459137887E-16));
#7075=DIRECTION('',(1.0,0.0,0.0));
#7076=DIRECTION('',(0.0,-1.0,-3.71726459137887E-16));
#7077=DIRECTION('',(-1.0,0.0,0.0));
#7078=DIRECTION('',(0.0,-1.0,-3.71726459137887E-16));
#7079=DIRECTION('',(1.0,0.0,0.0));
#7080=DIRECTION('',(0.0,-1.0,-3.71726459137887E-16));
#7081=DIRECTION('',(-1.0,0.0,0.0));
#7082=DIRECTION('',(-1.0,0.0,0.0));
#7083=DIRECTION('',(0.0,-0.707106781186548,0.707106781186547));
#7084=DIRECTION('',(0.0,0.707106781186548,-0.707106781186547));
#7085=DIRECTION('',(1.0,0.0,0.0));
#7086=DIRECTION('',(0.0,-1.0,0.0));
#7087=DIRECTION('',(0.0,-1.0,0.0));
#7088=DIRECTION('',(0.0,-6.57092225748791E-16,1.0));
#7089=DIRECTION('',(0.0,0.0,1.0));
#7090=DIRECTION('',(-1.0,0.0,0.0));
#7091=DIRECTION('',(-2.56471494724863E-32,1.62630325872826E-16,-1.0));
#7092=DIRECTION('',(-1.0,0.0,0.0));
#7093=DIRECTION('',(-2.56471494724863E-32,-1.62630325872826E-16,1.0));
#7094=DIRECTION('',(-1.0,9.90585127097433E-32,-6.0910234409298E-16));
#7095=DIRECTION('',(0.0,-1.62630325872826E-16,1.0));
#7096=DIRECTION('',(0.0,1.62630325872826E-16,-1.0));
#7097=DIRECTION('',(-1.0,-9.90585127097433E-32,6.0910234409298E-16));
#7098=DIRECTION('',(-1.57552036691903E-16,-0.999048221581858,0.0436193873653358));
#7099=DIRECTION('',(1.0,1.2416156182854E-14,-5.42101086242753E-16));
#7100=DIRECTION('',(0.0,0.999048221581858,-0.0436193873653358));
#7101=DIRECTION('',(-1.0,1.2416156182854E-14,-5.42101086242753E-16));
#7102=DIRECTION('',(1.57552036691903E-16,-0.999048221581858,0.0436193873653358));
#7103=DIRECTION('',(0.0,0.999048221581858,-0.0436193873653358));
#7104=DIRECTION('',(0.0,1.62630325872826E-16,-1.0));
#7105=DIRECTION('',(0.0,-1.62630325872826E-16,1.0));
#7106=DIRECTION('',(1.0,0.0,0.0));
#7107=CARTESIAN_POINT('',(0.85,0.32,0.42));
#7108=DIRECTION('',(-1.0,0.0,0.0));
#7109=DIRECTION('',(0.0,1.0,0.0));
#7110=DIRECTION('',(0.0,-1.0,0.0));
#7111=DIRECTION('',(0.0,-0.727788971792835,-0.685801146497094));
#7112=CARTESIAN_POINT('',(0.65,0.32,0.42));
#7113=DIRECTION('',(-1.0,0.0,0.0));
#7114=DIRECTION('',(0.0,1.0,0.0));
#7115=DIRECTION('',(0.0,-0.727788971792835,-0.685801146497094));
#7116=DIRECTION('',(0.0,-1.0,0.0));
#7117=DIRECTION('',(-1.0,0.0,0.0));
#7118=CARTESIAN_POINT('',(0.35,0.32,0.42));
#7119=DIRECTION('',(-1.0,0.0,0.0));
#7120=DIRECTION('',(0.0,1.0,0.0));
#7121=DIRECTION('',(0.0,-1.0,0.0));
#7122=DIRECTION('',(0.0,-0.727788971792835,-0.685801146497094));
#7123=CARTESIAN_POINT('',(0.15,0.32,0.42));
#7124=DIRECTION('',(-1.0,0.0,0.0));
#7125=DIRECTION('',(0.0,1.0,0.0));
#7126=DIRECTION('',(0.0,-0.727788971792835,-0.685801146497094));
#7127=DIRECTION('',(0.0,-1.0,0.0));
#7128=DIRECTION('',(-1.0,0.0,0.0));
#7129=CARTESIAN_POINT('',(-0.15,0.32,0.42));
#7130=DIRECTION('',(-1.0,0.0,0.0));
#7131=DIRECTION('',(0.0,1.0,0.0));
#7132=DIRECTION('',(0.0,-1.0,0.0));
#7133=DIRECTION('',(0.0,-0.727788971792835,-0.685801146497094));
#7134=CARTESIAN_POINT('',(-0.35,0.32,0.42));
#7135=DIRECTION('',(-1.0,0.0,0.0));
#7136=DIRECTION('',(0.0,1.0,0.0));
#7137=DIRECTION('',(0.0,-0.727788971792835,-0.685801146497094));
#7138=DIRECTION('',(0.0,-1.0,0.0));
#7139=DIRECTION('',(-1.0,0.0,0.0));
#7140=CARTESIAN_POINT('',(-0.65,0.32,0.42));
#7141=DIRECTION('',(-1.0,0.0,0.0));
#7142=DIRECTION('',(0.0,1.0,0.0));
#7143=DIRECTION('',(0.0,-1.0,0.0));
#7144=DIRECTION('',(0.0,-0.727788971792835,-0.685801146497094));
#7145=CARTESIAN_POINT('',(-0.85,0.32,0.42));
#7146=DIRECTION('',(-1.0,0.0,0.0));
#7147=DIRECTION('',(0.0,1.0,0.0));
#7148=DIRECTION('',(0.0,-0.727788971792835,-0.685801146497094));
#7149=DIRECTION('',(0.0,-1.0,0.0));
#7150=DIRECTION('',(-1.0,0.0,0.0));
#7151=DIRECTION('',(1.0,0.0,0.0));
#7152=DIRECTION('',(1.0,0.0,0.0));
#7153=DIRECTION('',(1.0,0.0,0.0));
#7154=DIRECTION('',(1.0,0.0,0.0));
#7155=DIRECTION('',(0.0,-0.727788971792834,-0.685801146497094));
#7156=DIRECTION('',(1.0,0.0,0.0));
#7157=DIRECTION('',(0.0,-0.727788971792834,-0.685801146497094));
#7158=DIRECTION('',(1.0,0.0,0.0));
#7159=DIRECTION('',(1.5770213417971E-16,-1.0,8.5490498241621E-32));
#7160=DIRECTION('',(0.0,0.0,1.0));
#7161=DIRECTION('',(1.5770213417971E-16,-1.0,5.97076495655765E-32));
#7162=DIRECTION('',(0.0,0.0,-1.0));
#7163=DIRECTION('',(0.0,1.0,0.0));
#7164=DIRECTION('',(1.5770213417971E-16,-1.0,-9.60567395973269E-32));
#7165=DIRECTION('',(0.0,0.0,1.0));
#7166=DIRECTION('',(-1.5770213417971E-16,1.0,5.34315614010131E-31));
#7167=DIRECTION('',(0.0,0.0,-1.0));
#7168=DIRECTION('',(1.0,0.0,2.81043189872395E-15));
#7169=DIRECTION('',(0.0,0.0,-1.0));
#7170=DIRECTION('',(-1.0,0.0,-1.70541171217382E-16));
#7171=DIRECTION('',(1.0,0.0,2.81043189872395E-15));
#7172=DIRECTION('',(0.0,0.0,-1.0));
#7173=DIRECTION('',(-1.0,0.0,-1.70541171217382E-16));
#7174=DIRECTION('',(0.0,0.0,-1.0));
#7175=DIRECTION('',(0.0,1.0,0.0));
#7176=DIRECTION('',(0.0,0.0,-1.0));
#7177=DIRECTION('',(0.0,1.0,0.0));
#7178=DIRECTION('',(0.0,0.0,-1.0));
#7179=DIRECTION('',(0.0,0.0,1.0));
#7180=DIRECTION('',(-1.0,0.0,0.0));
#7181=DIRECTION('',(0.0,0.0,1.0));
#7182=DIRECTION('',(1.0,0.0,2.08180140646218E-17));
#7183=DIRECTION('',(-1.0,0.0,0.0));
#7184=DIRECTION('',(0.0,0.0,1.0));
#7185=DIRECTION('',(1.0,0.0,2.08180140646218E-17));
#7186=DIRECTION('',(0.0,0.0,1.0));
#7187=DIRECTION('',(0.0,-1.0,0.0));
#7188=DIRECTION('',(0.0,0.0,-1.0));
#7189=DIRECTION('',(0.0,1.0,0.0));
#7190=DIRECTION('',(0.0,-1.0,0.0));
#7191=DIRECTION('',(0.0,1.0,0.0));
#7192=DIRECTION('',(0.0,-1.0,0.0));
#7193=DIRECTION('',(0.0,-1.0,0.0));
#7194=DIRECTION('',(0.0,1.0,0.0));
#7195=DIRECTION('',(0.0,0.0,1.0));
#7196=DIRECTION('',(0.0,-1.0,0.0));
#7197=DIRECTION('',(0.0,0.0,1.0));
#7198=DIRECTION('',(-1.5770213417971E-16,-1.0,2.13726245604052E-32));
#7199=DIRECTION('',(0.0,0.0,1.0));
#7200=DIRECTION('',(1.5770213417971E-16,1.0,9.60567395973269E-32));
#7201=DIRECTION('',(0.0,1.0,0.0));
#7202=DIRECTION('',(1.0,0.0,-1.35525271560688E-16));
#7203=DIRECTION('',(0.0,-1.0,0.0));
#7204=DIRECTION('',(0.447213595499958,-0.894427190999916,-1.51521859939409E-15));
#7205=DIRECTION('',(-3.94255335449274E-16,-1.0,1.33578903502533E-30));
#7206=DIRECTION('',(-1.0,0.0,1.35525271560688E-16));
#7207=DIRECTION('',(0.0,-1.0,0.0));
#7208=DIRECTION('',(1.0,0.0,-4.36298660959961E-16));
#7209=DIRECTION('',(0.0,-1.0,0.0));
#7210=DIRECTION('',(6.30808536718839E-16,1.0,-8.5490498241621E-32));
#7211=CARTESIAN_POINT('',(-2.4,2.75,0.729999999999998));
#7212=DIRECTION('',(0.0,0.0,-1.0));
#7213=DIRECTION('',(-1.0,0.0,0.0));
#7214=DIRECTION('',(0.0,0.0,1.0));
#7215=DIRECTION('',(0.0,-1.0,0.0));
#7216=DIRECTION('',(0.0,-1.0,0.0));
#7217=DIRECTION('',(-3.33600668457076E-16,0.0,-1.0));
#7218=DIRECTION('',(0.0,-1.0,0.0));
#7219=CARTESIAN_POINT('',(2.4,2.75,0.729999999999991));
#7220=DIRECTION('',(-3.61400724161835E-15,0.0,-1.0));
#7221=DIRECTION('',(-1.0,0.0,3.61400724161835E-15));
#7222=DIRECTION('',(6.30808536718839E-16,-1.0,-2.13726245604052E-30));
#7223=DIRECTION('',(0.0,-1.0,0.0));
#7224=DIRECTION('',(1.0,0.0,4.36298660959961E-16));
#7225=DIRECTION('',(0.0,-1.0,0.0));
#7226=DIRECTION('',(-1.0,0.0,3.3881317890172E-15));
#7227=DIRECTION('',(-3.94255335449274E-16,1.0,1.33578903502533E-30));
#7228=DIRECTION('',(0.447213595499958,0.894427190999916,-1.51521859939409E-15));
#7229=DIRECTION('',(1.0,0.0,-3.3881317890172E-15));
#7230=DIRECTION('',(0.0,0.0,-1.0));
#7231=DIRECTION('',(0.0,-1.0,0.0));
#7232=DIRECTION('',(0.0,0.0,-1.0));
#7233=DIRECTION('',(0.0,0.0,-1.0));
#7234=DIRECTION('',(0.0,-1.0,0.0));
#7235=DIRECTION('',(0.0,-1.0,0.0));
#7236=DIRECTION('',(2.28253088944317E-16,0.0,-1.0));
#7237=DIRECTION('',(0.0,-0.707106781186548,-0.707106781186548));
#7238=DIRECTION('',(0.0,0.0,-1.0));
#7239=DIRECTION('',(0.0,0.0,1.0));
#7240=DIRECTION('',(0.0,-1.0,0.0));
#7241=DIRECTION('',(0.0,0.0,-1.0));
#7242=DIRECTION('',(0.0,-0.707106781186548,-0.707106781186548));
#7243=DIRECTION('',(0.0,0.0,1.0));
#7244=DIRECTION('',(0.0,-1.0,0.0));
#7245=DIRECTION('',(0.0,-1.0,0.0));
#7246=DIRECTION('',(-1.0,0.0,-3.78610282455255E-16));
#7247=DIRECTION('',(0.0,0.0,-1.0));
#7248=DIRECTION('',(1.0,0.0,0.0));
#7249=DIRECTION('',(0.0,0.0,-1.0));
#7250=DIRECTION('',(-1.0,0.0,-3.78610282455255E-16));
#7251=DIRECTION('',(0.0,0.0,-1.0));
#7252=DIRECTION('',(1.0,0.0,0.0));
#7253=DIRECTION('',(0.0,0.0,-1.0));
#7254=DIRECTION('',(-6.30808536718839E-16,-1.0,-3.84226958389308E-31));
#7255=DIRECTION('',(0.0,0.0,1.0));
#7256=CARTESIAN_POINT('',(-2.4,2.75,0.239999999999997));
#7257=DIRECTION('',(-5.42101086242753E-16,0.0,1.0));
#7258=DIRECTION('',(1.0,0.0,5.42101086242753E-16));
#7259=DIRECTION('',(0.0,0.0,1.0));
#7260=DIRECTION('',(-6.30808536718839E-16,1.0,3.84226958389308E-31));
#7261=CARTESIAN_POINT('',(2.4,2.75,0.239999999999997));
#7262=DIRECTION('',(5.42101086242753E-16,0.0,1.0));
#7263=DIRECTION('',(1.0,0.0,-5.42101086242753E-16));
#7264=DIRECTION('',(0.0,0.0,1.0));
#7265=DIRECTION('',(-1.0,0.0,0.0));
#7266=DIRECTION('',(0.0,0.0,1.0));
#7267=DIRECTION('',(-1.0,0.0,0.0));
#7268=DIRECTION('',(-1.0,0.0,-6.0910234409298E-16));
#7269=DIRECTION('',(0.0,0.0,1.0));
#7270=DIRECTION('',(1.0,0.0,-5.42101086242753E-16));
#7271=DIRECTION('',(1.0,0.0,0.0));
#7272=DIRECTION('',(1.0,0.0,5.42101086242753E-16));
#7273=DIRECTION('',(0.0,0.0,-1.0));
#7274=DIRECTION('',(-1.0,0.0,6.0910234409298E-16));
#7275=DIRECTION('',(-1.0,0.0,0.0));
#7276=DIRECTION('',(0.0,0.0,1.0));
#7277=DIRECTION('',(-1.0,0.0,0.0));
#7278=DIRECTION('',(0.0,0.0,1.0));
#7279=DIRECTION('',(-1.0,0.0,0.0));
#7280=DIRECTION('',(0.0,0.0,1.0));
#7281=DIRECTION('',(-1.0,0.0,0.0));
#7282=DIRECTION('',(0.0,0.0,1.0));
#7283=DIRECTION('',(-1.0,0.0,0.0));
#7284=DIRECTION('',(0.0,0.0,1.0));
#7285=DIRECTION('',(-1.0,0.0,0.0));
#7286=DIRECTION('',(0.0,0.0,1.0));
#7287=DIRECTION('',(-1.0,0.0,0.0));
#7288=DIRECTION('',(-3.77113799125393E-16,1.0,0.0));
#7289=DIRECTION('',(0.0,1.0,1.79594901042305E-16));
#7290=DIRECTION('',(-1.0,0.0,0.0));
#7291=DIRECTION('',(0.0,1.0,1.79594901042305E-16));
#7292=DIRECTION('',(0.0,1.0,1.79594901042305E-16));
#7293=DIRECTION('',(-1.0,0.0,0.0));
#7294=DIRECTION('',(0.0,1.0,1.79594901042305E-16));
#7295=DIRECTION('',(0.0,1.0,1.79594901042305E-16));
#7296=DIRECTION('',(-1.0,0.0,0.0));
#7297=DIRECTION('',(0.0,1.0,1.79594901042305E-16));
#7298=DIRECTION('',(0.0,-1.0,-1.79594901042305E-16));
#7299=DIRECTION('',(-1.0,0.0,0.0));
#7300=DIRECTION('',(0.0,-1.0,-1.79594901042305E-16));
#7301=DIRECTION('',(-3.77113799125393E-16,1.0,0.0));
#7302=DIRECTION('',(1.0,3.36186720150544E-16,0.0));
#7303=DIRECTION('',(-3.85494105772624E-15,-1.0,0.0));
#7304=DIRECTION('',(1.0,0.0,0.0));
#7305=DIRECTION('',(0.0,-1.0,0.0));
#7306=DIRECTION('',(-1.0,0.0,0.0));
#7307=DIRECTION('',(0.0,-1.0,0.0));
#7308=DIRECTION('',(1.0,0.0,0.0));
#7309=DIRECTION('',(0.0,-1.0,0.0));
#7310=DIRECTION('',(-1.0,0.0,0.0));
#7311=DIRECTION('',(0.0,1.0,0.0));
#7312=DIRECTION('',(-1.0,0.0,0.0));
#7313=DIRECTION('',(-3.77113799125393E-16,1.0,0.0));
#7314=DIRECTION('',(-3.77113799125393E-16,1.0,0.0));
#7315=DIRECTION('',(1.0,-2.76817575953745E-15,0.0));
#7316=DIRECTION('',(1.0,0.0,0.0));
#7317=DIRECTION('',(0.0,-1.0,0.0));
#7318=DIRECTION('',(-1.0,-5.20417042793041E-15,0.0));
#7319=DIRECTION('',(0.0,-1.0,0.0));
#7320=DIRECTION('',(1.0,0.0,0.0));
#7321=DIRECTION('',(0.0,-1.0,0.0));
#7322=DIRECTION('',(-1.0,0.0,0.0));
#7323=DIRECTION('',(3.85494105772621E-15,-1.0,0.0));
#7324=DIRECTION('',(-1.0,3.36186720150544E-16,0.0));
#7325=CARTESIAN_POINT('',(2.4,2.75,1.9));
#7326=DIRECTION('',(-0.0,0.0,1.0));
#7327=DIRECTION('',(1.0,0.0,0.0));
#7328=DIRECTION('',(-6.30808536718839E-16,1.0,-2.38830598262306E-31));
#7329=DIRECTION('',(-1.0,0.0,-3.78610282455255E-16));
#7330=DIRECTION('',(-6.30808536718839E-16,-1.0,-2.38830598262306E-31));
#7331=CARTESIAN_POINT('',(-2.4,2.75,1.9));
#7332=DIRECTION('',(-0.0,0.0,1.0));
#7333=DIRECTION('',(1.0,0.0,0.0));
#7334=DIRECTION('',(1.5770213417971E-16,1.0,5.97076495655765E-32));
#7335=DIRECTION('',(5.42101086242754E-16,-1.0,0.0));
#7336=DIRECTION('',(1.0,3.15437041039008E-16,0.0));
#7337=DIRECTION('',(-5.42101086242753E-16,1.0,0.0));
#7338=DIRECTION('',(-1.0,0.0,0.0));
#7339=DIRECTION('',(-6.30808536718839E-16,-1.0,3.41961992966484E-31));
#7340=DIRECTION('',(0.0,0.0,1.0));
#7341=DIRECTION('',(1.5770213417971E-16,1.0,-8.5490498241621E-32));
#7342=DIRECTION('',(0.0,0.0,1.0));
#7343=CARTESIAN_POINT('',(-2.4,2.75,1.38));
#7344=DIRECTION('',(0.0,0.0,1.0));
#7345=DIRECTION('',(1.0,0.0,0.0));
#7346=DIRECTION('',(-6.30808536718839E-16,1.0,-3.41961992966484E-31));
#7347=DIRECTION('',(0.0,0.0,1.0));
#7348=CARTESIAN_POINT('',(2.4,2.75,1.38));
#7349=DIRECTION('',(-0.0,0.0,1.0));
#7350=DIRECTION('',(1.0,0.0,0.0));
#7351=DIRECTION('',(5.42101086242754E-16,-1.0,0.0));
#7352=DIRECTION('',(0.0,0.0,-1.0));
#7353=DIRECTION('',(1.0,3.15437041039008E-16,0.0));
#7354=DIRECTION('',(0.0,0.0,-1.0));
#7355=DIRECTION('',(-5.42101086242753E-16,1.0,0.0));
#7356=DIRECTION('',(-1.0,0.0,0.0));
#7357=DIRECTION('',(0.0,-1.0,0.0));
#7358=DIRECTION('',(1.0,0.0,0.0));
#7359=DIRECTION('',(0.0,-1.0,0.0));
#7360=DIRECTION('',(-1.0,0.0,0.0));
#7361=DIRECTION('',(0.0,-1.0,0.0));
#7362=DIRECTION('',(1.0,0.0,0.0));
#7363=DIRECTION('',(0.0,-1.0,0.0));
#7364=DIRECTION('',(-1.0,0.0,0.0));
#7365=DIRECTION('',(0.0,-1.0,0.0));
#7366=DIRECTION('',(1.0,0.0,0.0));
#7367=DIRECTION('',(0.0,-1.0,0.0));
#7368=DIRECTION('',(-1.0,0.0,0.0));
#7369=DIRECTION('',(0.0,-1.0,0.0));
#7370=DIRECTION('',(1.0,0.0,0.0));
#7371=DIRECTION('',(0.0,-1.0,0.0));
#7372=DIRECTION('',(0.0,-1.0,0.0));
#7373=DIRECTION('',(-1.0,0.0,0.0));
#7374=DIRECTION('',(0.0,-1.0,0.0));
#7375=DIRECTION('',(0.0,-1.0,0.0));
#7376=DIRECTION('',(-1.0,0.0,-1.06817948028129E-16));
#7377=DIRECTION('',(-1.0,0.0,1.06817948028129E-16));
#7378=DIRECTION('',(0.0,-1.0,0.0));
#7379=DIRECTION('',(0.0,0.0,-1.0));
#7380=DIRECTION('',(0.0,0.0,-1.0));
#7381=DIRECTION('',(1.0,0.0,0.0));
#7382=DIRECTION('',(0.0,0.994781438611052,-0.10202886549857));
#7383=DIRECTION('',(0.0,0.994781438611052,-0.10202886549857));
#7384=DIRECTION('',(0.0,0.0,-1.0));
#7385=DIRECTION('',(0.0,-1.0,0.0));
#7386=DIRECTION('',(0.0,-1.0,0.0));
#7387=DIRECTION('',(0.0,0.0,-1.0));
#7388=DIRECTION('',(0.0,1.0,0.0));
#7389=DIRECTION('',(-1.0,0.0,-5.34089740140643E-16));
#7390=DIRECTION('',(3.33600668457078E-16,0.0,1.0));
#7391=DIRECTION('',(-1.0,0.0,5.34089740140643E-16));
#7392=DIRECTION('',(0.0,-1.0,0.0));
#7393=DIRECTION('',(0.0,0.0,-1.0));
#7394=DIRECTION('',(-0.447213595499958,-0.894427190999916,-2.42434975903054E-16));
#7395=DIRECTION('',(3.94255335449274E-16,-1.0,2.13726245604052E-31));
#7396=DIRECTION('',(-1.0,0.0,0.0));
#7397=DIRECTION('',(0.0,-1.0,0.0));
#7398=DIRECTION('',(0.0,0.0,1.0));
#7399=DIRECTION('',(0.0,0.0,1.0));
#7400=DIRECTION('',(0.0,-1.0,0.0));
#7401=DIRECTION('',(-1.0,0.0,0.0));
#7402=DIRECTION('',(3.94255335449274E-16,1.0,2.13726245604052E-31));
#7403=DIRECTION('',(-0.447213595499958,0.894427190999916,-2.42434975903054E-16));
#7404=DIRECTION('',(0.0,0.0,-1.0));
#7405=DIRECTION('',(0.0,0.0,-1.0));
#7406=CARTESIAN_POINT('',(0.85,0.399999999999999,1.2000539022124));
#7407=DIRECTION('',(-1.0,0.0,0.0));
#7408=DIRECTION('',(0.0,1.0,0.0));
#7409=DIRECTION('',(1.0,0.0,0.0));
#7410=CARTESIAN_POINT('',(0.65,0.399999999999999,1.2000539022124));
#7411=DIRECTION('',(-1.0,0.0,0.0));
#7412=DIRECTION('',(0.0,1.0,0.0));
#7413=DIRECTION('',(0.0,-0.435606594476577,-0.900137153354154));
#7414=DIRECTION('',(1.0,0.0,0.0));
#7415=DIRECTION('',(0.0,-0.435606594476577,-0.900137153354154));
#7416=DIRECTION('',(0.0,-0.846721655525006,0.53203612477443));
#7417=DIRECTION('',(0.0,-0.998681895873856,-0.0513270966819648));
#7418=DIRECTION('',(0.0,-0.846721655525006,0.53203612477443));
#7419=DIRECTION('',(0.0,-0.998681895873856,-0.0513270966819648));
#7420=DIRECTION('',(0.0,1.0,0.0));
#7421=DIRECTION('',(0.0,0.0,-1.0));
#7422=DIRECTION('',(0.0,1.0,5.42101086242751E-17));
#7423=DIRECTION('',(0.0,0.0,-1.0));
#7424=DIRECTION('',(0.0,1.0,0.0));
#7425=DIRECTION('',(0.0,0.0,-1.0));
#7426=DIRECTION('',(0.0,1.0,5.42101086242751E-17));
#7427=DIRECTION('',(0.0,0.0,-1.0));
#7428=DIRECTION('',(-1.0,0.0,0.0));
#7429=DIRECTION('',(-1.0,0.0,0.0));
#7430=DIRECTION('',(-1.0,0.0,0.0));
#7431=CARTESIAN_POINT('',(0.35,0.399999999999999,1.2000539022124));
#7432=DIRECTION('',(-1.0,0.0,0.0));
#7433=DIRECTION('',(0.0,1.0,0.0));
#7434=DIRECTION('',(1.0,0.0,0.0));
#7435=CARTESIAN_POINT('',(0.15,0.399999999999999,1.2000539022124));
#7436=DIRECTION('',(-1.0,0.0,0.0));
#7437=DIRECTION('',(0.0,1.0,0.0));
#7438=DIRECTION('',(0.0,-0.435606594476577,-0.900137153354154));
#7439=DIRECTION('',(1.0,0.0,0.0));
#7440=DIRECTION('',(0.0,-0.435606594476577,-0.900137153354154));
#7441=DIRECTION('',(0.0,-0.846721655525006,0.53203612477443));
#7442=DIRECTION('',(0.0,-0.998681895873856,-0.0513270966819648));
#7443=DIRECTION('',(0.0,-0.846721655525006,0.53203612477443));
#7444=DIRECTION('',(0.0,-0.998681895873856,-0.0513270966819648));
#7445=DIRECTION('',(0.0,1.0,0.0));
#7446=DIRECTION('',(0.0,0.0,-1.0));
#7447=DIRECTION('',(0.0,1.0,5.42101086242751E-17));
#7448=DIRECTION('',(0.0,0.0,-1.0));
#7449=DIRECTION('',(0.0,1.0,0.0));
#7450=DIRECTION('',(0.0,0.0,-1.0));
#7451=DIRECTION('',(0.0,1.0,5.42101086242751E-17));
#7452=DIRECTION('',(0.0,0.0,-1.0));
#7453=DIRECTION('',(-1.0,0.0,0.0));
#7454=DIRECTION('',(-1.0,0.0,0.0));
#7455=DIRECTION('',(-1.0,0.0,0.0));
#7456=CARTESIAN_POINT('',(-0.15,0.399999999999999,1.2000539022124));
#7457=DIRECTION('',(-1.0,0.0,0.0));
#7458=DIRECTION('',(0.0,1.0,0.0));
#7459=DIRECTION('',(1.0,0.0,0.0));
#7460=CARTESIAN_POINT('',(-0.35,0.399999999999999,1.2000539022124));
#7461=DIRECTION('',(-1.0,0.0,0.0));
#7462=DIRECTION('',(0.0,1.0,0.0));
#7463=DIRECTION('',(0.0,-0.435606594476577,-0.900137153354154));
#7464=DIRECTION('',(1.0,0.0,0.0));
#7465=DIRECTION('',(0.0,-0.435606594476577,-0.900137153354154));
#7466=DIRECTION('',(0.0,-0.846721655525006,0.53203612477443));
#7467=DIRECTION('',(0.0,-0.998681895873856,-0.0513270966819648));
#7468=DIRECTION('',(0.0,-0.846721655525006,0.53203612477443));
#7469=DIRECTION('',(0.0,-0.998681895873856,-0.0513270966819648));
#7470=DIRECTION('',(0.0,1.0,0.0));
#7471=DIRECTION('',(0.0,0.0,-1.0));
#7472=DIRECTION('',(0.0,1.0,5.42101086242751E-17));
#7473=DIRECTION('',(0.0,0.0,-1.0));
#7474=DIRECTION('',(0.0,1.0,0.0));
#7475=DIRECTION('',(0.0,0.0,-1.0));
#7476=DIRECTION('',(0.0,1.0,5.42101086242751E-17));
#7477=DIRECTION('',(0.0,0.0,-1.0));
#7478=DIRECTION('',(-1.0,0.0,0.0));
#7479=DIRECTION('',(-1.0,0.0,0.0));
#7480=DIRECTION('',(-1.0,0.0,0.0));
#7481=CARTESIAN_POINT('',(-0.65,0.399999999999999,1.2000539022124));
#7482=DIRECTION('',(-1.0,0.0,0.0));
#7483=DIRECTION('',(0.0,1.0,0.0));
#7484=DIRECTION('',(1.0,0.0,0.0));
#7485=CARTESIAN_POINT('',(-0.85,0.399999999999999,1.2000539022124));
#7486=DIRECTION('',(-1.0,0.0,0.0));
#7487=DIRECTION('',(0.0,1.0,0.0));
#7488=DIRECTION('',(0.0,-0.435606594476577,-0.900137153354154));
#7489=DIRECTION('',(1.0,0.0,0.0));
#7490=DIRECTION('',(0.0,-0.435606594476577,-0.900137153354154));
#7491=DIRECTION('',(0.0,-0.846721655525006,0.53203612477443));
#7492=DIRECTION('',(0.0,-0.998681895873856,-0.0513270966819648));
#7493=DIRECTION('',(0.0,-0.846721655525006,0.53203612477443));
#7494=DIRECTION('',(0.0,-0.998681895873856,-0.0513270966819648));
#7495=DIRECTION('',(0.0,1.0,0.0));
#7496=DIRECTION('',(0.0,0.0,-1.0));
#7497=DIRECTION('',(0.0,1.0,5.42101086242751E-17));
#7498=DIRECTION('',(0.0,0.0,-1.0));
#7499=DIRECTION('',(0.0,1.0,0.0));
#7500=DIRECTION('',(0.0,0.0,-1.0));
#7501=DIRECTION('',(0.0,1.0,5.42101086242751E-17));
#7502=DIRECTION('',(0.0,0.0,-1.0));
#7503=DIRECTION('',(-1.0,0.0,0.0));
#7504=DIRECTION('',(-1.0,0.0,0.0));
#7505=DIRECTION('',(-1.0,0.0,0.0));
#7506=DIRECTION('',(-3.77113799125393E-16,1.0,-7.85076037415539E-33));
#7507=DIRECTION('',(-1.0,3.36186720150544E-16,-2.08180140646218E-17));
#7508=DIRECTION('',(3.85494105772621E-15,-1.0,8.02522171580324E-32));
#7509=DIRECTION('',(-1.0,0.0,-2.08180140646218E-17));
#7510=DIRECTION('',(0.0,-1.0,0.0));
#7511=DIRECTION('',(1.0,0.0,2.08180140646218E-17));
#7512=DIRECTION('',(0.0,-1.0,0.0));
#7513=DIRECTION('',(-1.0,-5.20417042793041E-15,-2.08180140646218E-17));
#7514=DIRECTION('',(0.0,-1.0,0.0));
#7515=DIRECTION('',(1.0,0.0,2.08180140646218E-17));
#7516=DIRECTION('',(1.0,-2.76817575953745E-15,2.08180140646218E-17));
#7517=DIRECTION('',(-3.77113799125393E-16,1.0,-7.85076037415539E-33));
#7518=DIRECTION('',(-3.77113799125393E-16,1.0,-7.8507603741554E-33));
#7519=DIRECTION('',(-1.0,0.0,-2.08180140646218E-17));
#7520=DIRECTION('',(0.0,1.0,0.0));
#7521=DIRECTION('',(-1.0,0.0,-2.08180140646218E-17));
#7522=DIRECTION('',(0.0,-1.0,0.0));
#7523=DIRECTION('',(1.0,0.0,2.08180140646218E-17));
#7524=DIRECTION('',(0.0,-1.0,0.0));
#7525=DIRECTION('',(-1.0,0.0,-2.08180140646218E-17));
#7526=DIRECTION('',(0.0,-1.0,0.0));
#7527=DIRECTION('',(1.0,0.0,2.08180140646218E-17));
#7528=DIRECTION('',(-3.85494105772624E-15,-1.0,-8.02522171580329E-32));
#7529=DIRECTION('',(1.0,3.36186720150544E-16,2.08180140646218E-17));
#7530=DIRECTION('',(-3.77113799125393E-16,1.0,-7.8507603741554E-33));
#7531=DIRECTION('',(0.0,0.0,1.0));
#7532=DIRECTION('',(0.0,0.0,1.0));
#7533=DIRECTION('',(0.0,0.0,1.0));
#7534=DIRECTION('',(0.0,0.0,1.0));
#7535=DIRECTION('',(0.0,0.0,1.0));
#7536=DIRECTION('',(0.0,0.0,1.0));
#7537=DIRECTION('',(0.0,0.0,1.0));
#7538=DIRECTION('',(0.0,0.0,1.0));
#7539=DIRECTION('',(0.0,0.0,1.0));
#7540=DIRECTION('',(0.0,0.0,1.0));
#7541=DIRECTION('',(0.0,0.0,-1.0));
#7542=DIRECTION('',(0.0,0.0,1.0));
#7543=DIRECTION('',(0.0,0.0,-1.0));
#7544=DIRECTION('',(0.0,0.0,-1.0));
#7545=DIRECTION('',(0.0,0.0,-1.0));
#7546=DIRECTION('',(0.0,0.0,-1.0));
#7547=DIRECTION('',(0.0,0.0,-1.0));
#7548=DIRECTION('',(0.0,0.0,-1.0));
#7549=DIRECTION('',(0.0,0.0,-1.0));
#7550=DIRECTION('',(0.0,0.0,-1.0));
#7551=DIRECTION('',(0.0,0.0,-1.0));
#7552=DIRECTION('',(0.0,0.0,-1.0));
#7553=DIRECTION('',(0.0,1.0,0.0));
#7554=DIRECTION('',(-0.499722453489577,0.0,0.866185586048601));
#7555=DIRECTION('',(-0.499722453489577,0.0,-0.866185586048601));
#7556=PRESENTATION_LAYER_ASSIGNMENT('1','Layer 1',(#25));
ENDSEC;
END-ISO-10303-21;
