ISO-10303-21;
HEADER;
FILE_DESCRIPTION(('STEP AP242'),'1');
FILE_NAME('0532610371.stp','2024-11-14T06:17:15',('TraceParts'),('TraceParts S.A.'),'Spatial InterOp 3D',' ',' ');
FILE_SCHEMA(('AP242_MANAGED_MODEL_BASED_3D_ENGINEERING_MIM_LF  {1 0 10303 442 1 1 4}'));
ENDSEC;
DATA;
#1=MECHANICAL_DESIGN_GEOMETRIC_PRESENTATION_REPRESENTATION(' ',(#10),#6);
#2=PRODUCT_DEFINITION_CONTEXT('',#11,'design');
#3=APPLICATION_PROTOCOL_DEFINITION('INTERNATIONAL STANDARD','ap242_managed_model_based_3d_engineering',2014,#11);
#4=PRODUCT_CATEGORY_RELATIONSHIP('NONE','NONE',#12,#13);
#5=SHAPE_DEFINITION_REPRESENTATION(#14,#15);
#6= (GEOMETRIC_REPRESENTATION_CONTEXT(3)GLOBAL_UNCERTAINTY_ASSIGNED_CONTEXT((#18))GLOBAL_UNIT_ASSIGNED_CONTEXT((#20,#21,#22))REPRESENTATION_CONTEXT('NONE','WORKSPACE'));
#10=STYLED_ITEM('',(#24),#25);
#11=APPLICATION_CONTEXT('managed model based 3d engineering');
#12=PRODUCT_CATEGORY('part','NONE');
#13=PRODUCT_RELATED_PRODUCT_CATEGORY('detail',' ',(#26));
#14=PRODUCT_DEFINITION_SHAPE('NONE','NONE',#27);
#15=ADVANCED_BREP_SHAPE_REPRESENTATION('0532610371',(#25,#28),#6);
#18=UNCERTAINTY_MEASURE_WITH_UNIT(LENGTH_MEASURE(1.0E-06),#20,'','');
#20= (CONVERSION_BASED_UNIT('MILLIMETRE',#31)LENGTH_UNIT()NAMED_UNIT(#34));
#21= (NAMED_UNIT(#36)PLANE_ANGLE_UNIT()SI_UNIT($,.RADIAN.));
#22= (NAMED_UNIT(#36)SOLID_ANGLE_UNIT()SI_UNIT($,.STERADIAN.));
#24=PRESENTATION_STYLE_ASSIGNMENT((#42));
#25=MANIFOLD_SOLID_BREP('0532610371',#43);
#26=PRODUCT('0532610371','','PART--DESC',(#44));
#27=PRODUCT_DEFINITION('','NONE',#45,#2);
#28=AXIS2_PLACEMENT_3D('',#46,#47,#48);
#31=LENGTH_MEASURE_WITH_UNIT(LENGTH_MEASURE(1.0),#49);
#34=DIMENSIONAL_EXPONENTS(1.0,0.0,0.0,0.0,0.0,0.0,0.0);
#36=DIMENSIONAL_EXPONENTS(0.0,0.0,0.0,0.0,0.0,0.0,0.0);
#42=SURFACE_STYLE_USAGE(.BOTH.,#50);
#43=CLOSED_SHELL('',(#51,#52,#53,#54,#55,#56,#57,#58,#59,#60,#61,#62,#63,#64,#65,#66,#67,#68,#69,#70,#71,#72,#73,#74,#75,#76,#77,#78,#79,#80,#81,#82,#83,#84,#85,#86,#87,#88,#89,#90,#91,#92,#93,#94,#95,#96,#97,#98,#99,#100,#101,#102,#103,#104,#105,#106,#107,#108,#109,#110,#111,#112,#113,#114,#115,#116,#117,#118,#119,#120,#121,#122,#123,#124,#125,#126,#127,#128,#129,#130,#131,#132,#133,#134,#135,#136,#137,#138,#139,#140,#141,#142,#143,#144,#145,#146,#147,#148,#149,#150,#151,#152,#153,#154,#155,#156,#157,#158,#159,#160,#161,#162,#163,#164,#165,#166,#167,#168,#169,#170,#171,#172,#173,#174,#175,#176,#177,#178,#179,#180,#181,#182,#183,#184,#185,#186,#187,#188,#189,#190,#191,#192,#193,#194,#195,#196,#197,#198,#199,#200,#201,#202,#203));
#44=PRODUCT_CONTEXT('',#11,'mechanical');
#45=PRODUCT_DEFINITION_FORMATION_WITH_SPECIFIED_SOURCE(' ','NONE',#26,.NOT_KNOWN.);
#46=CARTESIAN_POINT('',(0.0,0.0,0.0));
#47=DIRECTION('',(0.0,0.0,1.0));
#48=DIRECTION('',(1.0,0.0,0.0));
#49= (NAMED_UNIT(#34)LENGTH_UNIT()SI_UNIT(.MILLI.,.METRE.));
#50=SURFACE_SIDE_STYLE('',(#205));
#51=ADVANCED_FACE('',(#206),#207,.T.);
#52=ADVANCED_FACE('',(#208),#209,.T.);
#53=ADVANCED_FACE('',(#210),#211,.T.);
#54=ADVANCED_FACE('',(#212),#213,.T.);
#55=ADVANCED_FACE('',(#214),#215,.F.);
#56=ADVANCED_FACE('',(#216),#217,.F.);
#57=ADVANCED_FACE('',(#218),#219,.F.);
#58=ADVANCED_FACE('',(#220),#221,.F.);
#59=ADVANCED_FACE('',(#222,#223),#224,.F.);
#60=ADVANCED_FACE('',(#225),#226,.F.);
#61=ADVANCED_FACE('',(#227),#228,.F.);
#62=ADVANCED_FACE('',(#229,#230,#231,#232),#233,.F.);
#63=ADVANCED_FACE('',(#234,#235),#236,.T.);
#64=ADVANCED_FACE('',(#237),#238,.F.);
#65=ADVANCED_FACE('',(#239),#240,.F.);
#66=ADVANCED_FACE('',(#241),#242,.F.);
#67=ADVANCED_FACE('',(#243),#244,.T.);
#68=ADVANCED_FACE('',(#245),#246,.F.);
#69=ADVANCED_FACE('',(#247),#248,.F.);
#70=ADVANCED_FACE('',(#249),#250,.F.);
#71=ADVANCED_FACE('',(#251),#252,.T.);
#72=ADVANCED_FACE('',(#253),#254,.F.);
#73=ADVANCED_FACE('',(#255),#256,.F.);
#74=ADVANCED_FACE('',(#257),#258,.F.);
#75=ADVANCED_FACE('',(#259),#260,.T.);
#76=ADVANCED_FACE('',(#261),#262,.F.);
#77=ADVANCED_FACE('',(#263),#264,.F.);
#78=ADVANCED_FACE('',(#265),#266,.F.);
#79=ADVANCED_FACE('',(#267),#268,.T.);
#80=ADVANCED_FACE('',(#269),#270,.F.);
#81=ADVANCED_FACE('',(#271),#272,.F.);
#82=ADVANCED_FACE('',(#273),#274,.T.);
#83=ADVANCED_FACE('',(#275),#276,.F.);
#84=ADVANCED_FACE('',(#277),#278,.F.);
#85=ADVANCED_FACE('',(#279),#280,.T.);
#86=ADVANCED_FACE('',(#281),#282,.F.);
#87=ADVANCED_FACE('',(#283),#284,.F.);
#88=ADVANCED_FACE('',(#285),#286,.F.);
#89=ADVANCED_FACE('',(#287),#288,.T.);
#90=ADVANCED_FACE('',(#289),#290,.F.);
#91=ADVANCED_FACE('',(#291),#292,.F.);
#92=ADVANCED_FACE('',(#293),#294,.F.);
#93=ADVANCED_FACE('',(#295),#296,.T.);
#94=ADVANCED_FACE('',(#297),#298,.F.);
#95=ADVANCED_FACE('',(#299,#300,#301,#302),#303,.F.);
#96=ADVANCED_FACE('',(#304),#305,.T.);
#97=ADVANCED_FACE('',(#306),#307,.F.);
#98=ADVANCED_FACE('',(#308),#309,.F.);
#99=ADVANCED_FACE('',(#310),#311,.F.);
#100=ADVANCED_FACE('',(#312),#313,.F.);
#101=ADVANCED_FACE('',(#314),#315,.F.);
#102=ADVANCED_FACE('',(#316),#317,.T.);
#103=ADVANCED_FACE('',(#318),#319,.T.);
#104=ADVANCED_FACE('',(#320),#321,.T.);
#105=ADVANCED_FACE('',(#322),#323,.T.);
#106=ADVANCED_FACE('',(#324),#325,.T.);
#107=ADVANCED_FACE('',(#326),#327,.T.);
#108=ADVANCED_FACE('',(#328),#329,.T.);
#109=ADVANCED_FACE('',(#330),#331,.F.);
#110=ADVANCED_FACE('',(#332),#333,.T.);
#111=ADVANCED_FACE('',(#334),#335,.T.);
#112=ADVANCED_FACE('',(#336),#337,.T.);
#113=ADVANCED_FACE('',(#338),#339,.T.);
#114=ADVANCED_FACE('',(#340),#341,.T.);
#115=ADVANCED_FACE('',(#342),#343,.T.);
#116=ADVANCED_FACE('',(#344),#345,.T.);
#117=ADVANCED_FACE('',(#346),#347,.F.);
#118=ADVANCED_FACE('',(#348),#349,.T.);
#119=ADVANCED_FACE('',(#350),#351,.F.);
#120=ADVANCED_FACE('',(#352),#353,.F.);
#121=ADVANCED_FACE('',(#354),#355,.F.);
#122=ADVANCED_FACE('',(#356),#357,.F.);
#123=ADVANCED_FACE('',(#358),#359,.F.);
#124=ADVANCED_FACE('',(#360),#361,.F.);
#125=ADVANCED_FACE('',(#362),#363,.F.);
#126=ADVANCED_FACE('',(#364),#365,.F.);
#127=ADVANCED_FACE('',(#366),#367,.F.);
#128=ADVANCED_FACE('',(#368),#369,.F.);
#129=ADVANCED_FACE('',(#370),#371,.F.);
#130=ADVANCED_FACE('',(#372),#373,.F.);
#131=ADVANCED_FACE('',(#374),#375,.F.);
#132=ADVANCED_FACE('',(#376),#377,.F.);
#133=ADVANCED_FACE('',(#378),#379,.F.);
#134=ADVANCED_FACE('',(#380),#381,.F.);
#135=ADVANCED_FACE('',(#382),#383,.F.);
#136=ADVANCED_FACE('',(#384),#385,.F.);
#137=ADVANCED_FACE('',(#386),#387,.F.);
#138=ADVANCED_FACE('',(#388),#389,.T.);
#139=ADVANCED_FACE('',(#390),#391,.F.);
#140=ADVANCED_FACE('',(#392),#393,.F.);
#141=ADVANCED_FACE('',(#394),#395,.F.);
#142=ADVANCED_FACE('',(#396),#397,.F.);
#143=ADVANCED_FACE('',(#398),#399,.T.);
#144=ADVANCED_FACE('',(#400),#401,.F.);
#145=ADVANCED_FACE('',(#402),#403,.F.);
#146=ADVANCED_FACE('',(#404),#405,.F.);
#147=ADVANCED_FACE('',(#406),#407,.F.);
#148=ADVANCED_FACE('',(#408),#409,.F.);
#149=ADVANCED_FACE('',(#410),#411,.F.);
#150=ADVANCED_FACE('',(#412),#413,.F.);
#151=ADVANCED_FACE('',(#414),#415,.F.);
#152=ADVANCED_FACE('',(#416),#417,.F.);
#153=ADVANCED_FACE('',(#418),#419,.T.);
#154=ADVANCED_FACE('',(#420),#421,.T.);
#155=ADVANCED_FACE('',(#422),#423,.T.);
#156=ADVANCED_FACE('',(#424),#425,.T.);
#157=ADVANCED_FACE('',(#426),#427,.T.);
#158=ADVANCED_FACE('',(#428),#429,.T.);
#159=ADVANCED_FACE('',(#430),#431,.T.);
#160=ADVANCED_FACE('',(#432),#433,.F.);
#161=ADVANCED_FACE('',(#434),#435,.T.);
#162=ADVANCED_FACE('',(#436),#437,.T.);
#163=ADVANCED_FACE('',(#438),#439,.T.);
#164=ADVANCED_FACE('',(#440),#441,.F.);
#165=ADVANCED_FACE('',(#442),#443,.F.);
#166=ADVANCED_FACE('',(#444),#445,.F.);
#167=ADVANCED_FACE('',(#446),#447,.F.);
#168=ADVANCED_FACE('',(#448),#449,.F.);
#169=ADVANCED_FACE('',(#450),#451,.F.);
#170=ADVANCED_FACE('',(#452),#453,.F.);
#171=ADVANCED_FACE('',(#454),#455,.F.);
#172=ADVANCED_FACE('',(#456),#457,.T.);
#173=ADVANCED_FACE('',(#458),#459,.F.);
#174=ADVANCED_FACE('',(#460),#461,.F.);
#175=ADVANCED_FACE('',(#462),#463,.F.);
#176=ADVANCED_FACE('',(#464),#465,.F.);
#177=ADVANCED_FACE('',(#466),#467,.F.);
#178=ADVANCED_FACE('',(#468),#469,.F.);
#179=ADVANCED_FACE('',(#470),#471,.T.);
#180=ADVANCED_FACE('',(#472),#473,.F.);
#181=ADVANCED_FACE('',(#474),#475,.F.);
#182=ADVANCED_FACE('',(#476),#477,.F.);
#183=ADVANCED_FACE('',(#478),#479,.F.);
#184=ADVANCED_FACE('',(#480),#481,.T.);
#185=ADVANCED_FACE('',(#482),#483,.F.);
#186=ADVANCED_FACE('',(#484),#485,.F.);
#187=ADVANCED_FACE('',(#486),#487,.F.);
#188=ADVANCED_FACE('',(#488),#489,.F.);
#189=ADVANCED_FACE('',(#490),#491,.F.);
#190=ADVANCED_FACE('',(#492),#493,.F.);
#191=ADVANCED_FACE('',(#494),#495,.F.);
#192=ADVANCED_FACE('',(#496),#497,.F.);
#193=ADVANCED_FACE('',(#498),#499,.F.);
#194=ADVANCED_FACE('',(#500),#501,.F.);
#195=ADVANCED_FACE('',(#502),#503,.T.);
#196=ADVANCED_FACE('',(#504),#505,.F.);
#197=ADVANCED_FACE('',(#506),#507,.F.);
#198=ADVANCED_FACE('',(#508),#509,.F.);
#199=ADVANCED_FACE('',(#510),#511,.F.);
#200=ADVANCED_FACE('',(#512),#513,.F.);
#201=ADVANCED_FACE('',(#514),#515,.F.);
#202=ADVANCED_FACE('',(#516),#517,.F.);
#203=ADVANCED_FACE('',(#518),#519,.F.);
#205=SURFACE_STYLE_FILL_AREA(#520);
#206=FACE_OUTER_BOUND('',#521,.T.);
#207=CYLINDRICAL_SURFACE('',#522,0.1);
#208=FACE_OUTER_BOUND('',#523,.T.);
#209=CYLINDRICAL_SURFACE('',#524,0.1);
#210=FACE_OUTER_BOUND('',#525,.T.);
#211=CYLINDRICAL_SURFACE('',#526,0.0999999999999997);
#212=FACE_OUTER_BOUND('',#527,.T.);
#213=CYLINDRICAL_SURFACE('',#528,0.0999999999999997);
#214=FACE_OUTER_BOUND('',#529,.T.);
#215=PLANE('',#530);
#216=FACE_OUTER_BOUND('',#531,.T.);
#217=PLANE('',#532);
#218=FACE_OUTER_BOUND('',#533,.T.);
#219=PLANE('',#534);
#220=FACE_OUTER_BOUND('',#535,.T.);
#221=PLANE('',#536);
#222=FACE_OUTER_BOUND('',#537,.T.);
#223=FACE_BOUND('',#538,.T.);
#224=PLANE('',#539);
#225=FACE_OUTER_BOUND('',#540,.T.);
#226=PLANE('',#541);
#227=FACE_OUTER_BOUND('',#542,.T.);
#228=PLANE('',#543);
#229=FACE_BOUND('',#544,.T.);
#230=FACE_BOUND('',#545,.T.);
#231=FACE_BOUND('',#546,.T.);
#232=FACE_OUTER_BOUND('',#547,.T.);
#233=PLANE('',#548);
#234=FACE_BOUND('',#549,.T.);
#235=FACE_OUTER_BOUND('',#550,.T.);
#236=PLANE('',#551);
#237=FACE_OUTER_BOUND('',#552,.T.);
#238=PLANE('',#553);
#239=FACE_OUTER_BOUND('',#554,.T.);
#240=PLANE('',#555);
#241=FACE_OUTER_BOUND('',#556,.T.);
#242=PLANE('',#557);
#243=FACE_OUTER_BOUND('',#558,.T.);
#244=PLANE('',#559);
#245=FACE_OUTER_BOUND('',#560,.T.);
#246=PLANE('',#561);
#247=FACE_OUTER_BOUND('',#562,.T.);
#248=PLANE('',#563);
#249=FACE_OUTER_BOUND('',#564,.T.);
#250=PLANE('',#565);
#251=FACE_OUTER_BOUND('',#566,.T.);
#252=PLANE('',#567);
#253=FACE_OUTER_BOUND('',#568,.T.);
#254=PLANE('',#569);
#255=FACE_OUTER_BOUND('',#570,.T.);
#256=PLANE('',#571);
#257=FACE_OUTER_BOUND('',#572,.T.);
#258=PLANE('',#573);
#259=FACE_OUTER_BOUND('',#574,.T.);
#260=PLANE('',#575);
#261=FACE_OUTER_BOUND('',#576,.T.);
#262=PLANE('',#577);
#263=FACE_OUTER_BOUND('',#578,.T.);
#264=PLANE('',#579);
#265=FACE_OUTER_BOUND('',#580,.T.);
#266=PLANE('',#581);
#267=FACE_OUTER_BOUND('',#582,.T.);
#268=PLANE('',#583);
#269=FACE_OUTER_BOUND('',#584,.T.);
#270=PLANE('',#585);
#271=FACE_OUTER_BOUND('',#586,.T.);
#272=PLANE('',#587);
#273=FACE_OUTER_BOUND('',#588,.T.);
#274=CYLINDRICAL_SURFACE('',#589,0.0999999999999997);
#275=FACE_OUTER_BOUND('',#590,.T.);
#276=PLANE('',#591);
#277=FACE_OUTER_BOUND('',#592,.T.);
#278=PLANE('',#593);
#279=FACE_OUTER_BOUND('',#594,.T.);
#280=CYLINDRICAL_SURFACE('',#595,0.0999999999999997);
#281=FACE_OUTER_BOUND('',#596,.T.);
#282=PLANE('',#597);
#283=FACE_OUTER_BOUND('',#598,.T.);
#284=PLANE('',#599);
#285=FACE_OUTER_BOUND('',#600,.T.);
#286=PLANE('',#601);
#287=FACE_OUTER_BOUND('',#602,.T.);
#288=CYLINDRICAL_SURFACE('',#603,0.1);
#289=FACE_OUTER_BOUND('',#604,.T.);
#290=PLANE('',#605);
#291=FACE_OUTER_BOUND('',#606,.T.);
#292=PLANE('',#607);
#293=FACE_OUTER_BOUND('',#608,.T.);
#294=PLANE('',#609);
#295=FACE_OUTER_BOUND('',#610,.T.);
#296=CYLINDRICAL_SURFACE('',#611,0.1);
#297=FACE_OUTER_BOUND('',#612,.T.);
#298=PLANE('',#613);
#299=FACE_BOUND('',#614,.T.);
#300=FACE_BOUND('',#615,.T.);
#301=FACE_BOUND('',#616,.T.);
#302=FACE_OUTER_BOUND('',#617,.T.);
#303=PLANE('',#618);
#304=FACE_OUTER_BOUND('',#619,.T.);
#305=PLANE('',#620);
#306=FACE_OUTER_BOUND('',#621,.T.);
#307=PLANE('',#622);
#308=FACE_OUTER_BOUND('',#623,.T.);
#309=PLANE('',#624);
#310=FACE_OUTER_BOUND('',#625,.T.);
#311=PLANE('',#626);
#312=FACE_OUTER_BOUND('',#627,.T.);
#313=PLANE('',#628);
#314=FACE_OUTER_BOUND('',#629,.T.);
#315=PLANE('',#630);
#316=FACE_OUTER_BOUND('',#631,.T.);
#317=PLANE('',#632);
#318=FACE_OUTER_BOUND('',#633,.T.);
#319=PLANE('',#634);
#320=FACE_OUTER_BOUND('',#635,.T.);
#321=PLANE('',#636);
#322=FACE_OUTER_BOUND('',#637,.T.);
#323=PLANE('',#638);
#324=FACE_OUTER_BOUND('',#639,.T.);
#325=PLANE('',#640);
#326=FACE_OUTER_BOUND('',#641,.T.);
#327=PLANE('',#642);
#328=FACE_OUTER_BOUND('',#643,.T.);
#329=PLANE('',#644);
#330=FACE_OUTER_BOUND('',#645,.T.);
#331=PLANE('',#646);
#332=FACE_OUTER_BOUND('',#647,.T.);
#333=PLANE('',#648);
#334=FACE_OUTER_BOUND('',#649,.T.);
#335=PLANE('',#650);
#336=FACE_OUTER_BOUND('',#651,.T.);
#337=PLANE('',#652);
#338=FACE_OUTER_BOUND('',#653,.T.);
#339=PLANE('',#654);
#340=FACE_OUTER_BOUND('',#655,.T.);
#341=PLANE('',#656);
#342=FACE_OUTER_BOUND('',#657,.T.);
#343=PLANE('',#658);
#344=FACE_OUTER_BOUND('',#659,.T.);
#345=PLANE('',#660);
#346=FACE_OUTER_BOUND('',#661,.T.);
#347=PLANE('',#662);
#348=FACE_OUTER_BOUND('',#663,.T.);
#349=PLANE('',#664);
#350=FACE_OUTER_BOUND('',#665,.T.);
#351=PLANE('',#666);
#352=FACE_OUTER_BOUND('',#667,.T.);
#353=PLANE('',#668);
#354=FACE_OUTER_BOUND('',#669,.T.);
#355=PLANE('',#670);
#356=FACE_OUTER_BOUND('',#671,.T.);
#357=PLANE('',#672);
#358=FACE_OUTER_BOUND('',#673,.T.);
#359=PLANE('',#674);
#360=FACE_OUTER_BOUND('',#675,.T.);
#361=PLANE('',#676);
#362=FACE_OUTER_BOUND('',#677,.T.);
#363=PLANE('',#678);
#364=FACE_OUTER_BOUND('',#679,.T.);
#365=PLANE('',#680);
#366=FACE_OUTER_BOUND('',#681,.T.);
#367=PLANE('',#682);
#368=FACE_OUTER_BOUND('',#683,.T.);
#369=PLANE('',#684);
#370=FACE_OUTER_BOUND('',#685,.T.);
#371=PLANE('',#686);
#372=FACE_OUTER_BOUND('',#687,.T.);
#373=PLANE('',#688);
#374=FACE_OUTER_BOUND('',#689,.T.);
#375=PLANE('',#690);
#376=FACE_OUTER_BOUND('',#691,.T.);
#377=PLANE('',#692);
#378=FACE_OUTER_BOUND('',#693,.T.);
#379=PLANE('',#694);
#380=FACE_OUTER_BOUND('',#695,.T.);
#381=PLANE('',#696);
#382=FACE_OUTER_BOUND('',#697,.T.);
#383=PLANE('',#698);
#384=FACE_OUTER_BOUND('',#699,.T.);
#385=PLANE('',#700);
#386=FACE_OUTER_BOUND('',#701,.T.);
#387=PLANE('',#702);
#388=FACE_OUTER_BOUND('',#703,.T.);
#389=PLANE('',#704);
#390=FACE_OUTER_BOUND('',#705,.T.);
#391=PLANE('',#706);
#392=FACE_OUTER_BOUND('',#707,.T.);
#393=PLANE('',#708);
#394=FACE_OUTER_BOUND('',#709,.T.);
#395=PLANE('',#710);
#396=FACE_OUTER_BOUND('',#711,.T.);
#397=PLANE('',#712);
#398=FACE_OUTER_BOUND('',#713,.T.);
#399=PLANE('',#714);
#400=FACE_OUTER_BOUND('',#715,.T.);
#401=PLANE('',#716);
#402=FACE_OUTER_BOUND('',#717,.T.);
#403=PLANE('',#718);
#404=FACE_OUTER_BOUND('',#719,.T.);
#405=PLANE('',#720);
#406=FACE_OUTER_BOUND('',#721,.T.);
#407=PLANE('',#722);
#408=FACE_OUTER_BOUND('',#723,.T.);
#409=PLANE('',#724);
#410=FACE_OUTER_BOUND('',#725,.T.);
#411=PLANE('',#726);
#412=FACE_OUTER_BOUND('',#727,.T.);
#413=PLANE('',#728);
#414=FACE_OUTER_BOUND('',#729,.T.);
#415=PLANE('',#730);
#416=FACE_OUTER_BOUND('',#731,.T.);
#417=CYLINDRICAL_SURFACE('',#732,0.2);
#418=FACE_OUTER_BOUND('',#733,.T.);
#419=PLANE('',#734);
#420=FACE_OUTER_BOUND('',#735,.T.);
#421=PLANE('',#736);
#422=FACE_OUTER_BOUND('',#737,.T.);
#423=PLANE('',#738);
#424=FACE_OUTER_BOUND('',#739,.T.);
#425=CYLINDRICAL_SURFACE('',#740,0.45);
#426=FACE_OUTER_BOUND('',#741,.T.);
#427=PLANE('',#742);
#428=FACE_OUTER_BOUND('',#743,.T.);
#429=PLANE('',#744);
#430=FACE_OUTER_BOUND('',#745,.T.);
#431=PLANE('',#746);
#432=FACE_OUTER_BOUND('',#747,.T.);
#433=CYLINDRICAL_SURFACE('',#748,0.2);
#434=FACE_OUTER_BOUND('',#749,.T.);
#435=CYLINDRICAL_SURFACE('',#750,0.45);
#436=FACE_OUTER_BOUND('',#751,.T.);
#437=PLANE('',#752);
#438=FACE_OUTER_BOUND('',#753,.T.);
#439=PLANE('',#754);
#440=FACE_OUTER_BOUND('',#755,.T.);
#441=PLANE('',#756);
#442=FACE_OUTER_BOUND('',#757,.T.);
#443=PLANE('',#758);
#444=FACE_OUTER_BOUND('',#759,.T.);
#445=PLANE('',#760);
#446=FACE_OUTER_BOUND('',#761,.T.);
#447=PLANE('',#762);
#448=FACE_OUTER_BOUND('',#763,.T.);
#449=PLANE('',#764);
#450=FACE_OUTER_BOUND('',#765,.T.);
#451=PLANE('',#766);
#452=FACE_OUTER_BOUND('',#767,.T.);
#453=PLANE('',#768);
#454=FACE_OUTER_BOUND('',#769,.T.);
#455=PLANE('',#770);
#456=FACE_OUTER_BOUND('',#771,.T.);
#457=PLANE('',#772);
#458=FACE_OUTER_BOUND('',#773,.T.);
#459=PLANE('',#774);
#460=FACE_OUTER_BOUND('',#775,.T.);
#461=PLANE('',#776);
#462=FACE_OUTER_BOUND('',#777,.T.);
#463=PLANE('',#778);
#464=FACE_OUTER_BOUND('',#779,.T.);
#465=PLANE('',#780);
#466=FACE_OUTER_BOUND('',#781,.T.);
#467=PLANE('',#782);
#468=FACE_OUTER_BOUND('',#783,.T.);
#469=PLANE('',#784);
#470=FACE_OUTER_BOUND('',#785,.T.);
#471=PLANE('',#786);
#472=FACE_OUTER_BOUND('',#787,.T.);
#473=PLANE('',#788);
#474=FACE_OUTER_BOUND('',#789,.T.);
#475=PLANE('',#790);
#476=FACE_OUTER_BOUND('',#791,.T.);
#477=PLANE('',#792);
#478=FACE_OUTER_BOUND('',#793,.T.);
#479=PLANE('',#794);
#480=FACE_OUTER_BOUND('',#795,.T.);
#481=PLANE('',#796);
#482=FACE_OUTER_BOUND('',#797,.T.);
#483=PLANE('',#798);
#484=FACE_OUTER_BOUND('',#799,.T.);
#485=PLANE('',#800);
#486=FACE_OUTER_BOUND('',#801,.T.);
#487=PLANE('',#802);
#488=FACE_OUTER_BOUND('',#803,.T.);
#489=PLANE('',#804);
#490=FACE_OUTER_BOUND('',#805,.T.);
#491=PLANE('',#806);
#492=FACE_OUTER_BOUND('',#807,.T.);
#493=PLANE('',#808);
#494=FACE_OUTER_BOUND('',#809,.T.);
#495=PLANE('',#810);
#496=FACE_OUTER_BOUND('',#811,.T.);
#497=PLANE('',#812);
#498=FACE_OUTER_BOUND('',#813,.T.);
#499=PLANE('',#814);
#500=FACE_OUTER_BOUND('',#815,.T.);
#501=PLANE('',#816);
#502=FACE_OUTER_BOUND('',#817,.T.);
#503=PLANE('',#818);
#504=FACE_OUTER_BOUND('',#819,.T.);
#505=PLANE('',#820);
#506=FACE_OUTER_BOUND('',#821,.T.);
#507=PLANE('',#822);
#508=FACE_OUTER_BOUND('',#823,.T.);
#509=PLANE('',#824);
#510=FACE_OUTER_BOUND('',#825,.T.);
#511=PLANE('',#826);
#512=FACE_OUTER_BOUND('',#827,.T.);
#513=PLANE('',#828);
#514=FACE_OUTER_BOUND('',#829,.T.);
#515=PLANE('',#830);
#516=FACE_OUTER_BOUND('',#831,.T.);
#517=PLANE('',#832);
#518=FACE_OUTER_BOUND('',#833,.T.);
#519=PLANE('',#834);
#520=FILL_AREA_STYLE('',(#835));
#521=EDGE_LOOP('',(#836,#837,#838,#839));
#522=AXIS2_PLACEMENT_3D('',#840,#841,#842);
#523=EDGE_LOOP('',(#843,#844,#845,#846));
#524=AXIS2_PLACEMENT_3D('',#847,#848,#849);
#525=EDGE_LOOP('',(#850,#851,#852,#853));
#526=AXIS2_PLACEMENT_3D('',#854,#855,#856);
#527=EDGE_LOOP('',(#857,#858,#859,#860));
#528=AXIS2_PLACEMENT_3D('',#861,#862,#863);
#529=EDGE_LOOP('',(#864,#865,#866,#867,#868,#869,#870,#871,#872,#873,#874,#875));
#530=AXIS2_PLACEMENT_3D('',#876,#877,#878);
#531=EDGE_LOOP('',(#879,#880,#881,#882,#883,#884,#885,#886,#887,#888,#889,#890,#891,#892,#893,#894,#895,#896,#897,#898,#899,#900,#901,#902,#903,#904,#905,#906));
#532=AXIS2_PLACEMENT_3D('',#907,#908,#909);
#533=EDGE_LOOP('',(#910,#911,#912,#913,#914,#915,#916,#917,#918,#919,#920,#921));
#534=AXIS2_PLACEMENT_3D('',#922,#923,#924);
#535=EDGE_LOOP('',(#925,#926,#927,#928));
#536=AXIS2_PLACEMENT_3D('',#929,#930,#931);
#537=EDGE_LOOP('',(#932,#933,#934,#935,#936,#937));
#538=EDGE_LOOP('',(#938,#939,#940,#941));
#539=AXIS2_PLACEMENT_3D('',#942,#943,#944);
#540=EDGE_LOOP('',(#945,#946,#947,#948,#949,#950,#951,#952,#953,#954,#955,#956));
#541=AXIS2_PLACEMENT_3D('',#957,#958,#959);
#542=EDGE_LOOP('',(#960,#961,#962,#963,#964,#965,#966,#967));
#543=AXIS2_PLACEMENT_3D('',#968,#969,#970);
#544=EDGE_LOOP('',(#971,#972,#973,#974));
#545=EDGE_LOOP('',(#975,#976,#977,#978));
#546=EDGE_LOOP('',(#979,#980,#981,#982));
#547=EDGE_LOOP('',(#983,#984,#985,#986,#987,#988,#989,#990,#991,#992,#993,#994));
#548=AXIS2_PLACEMENT_3D('',#995,#996,#997);
#549=EDGE_LOOP('',(#998,#999,#1000,#1001));
#550=EDGE_LOOP('',(#1002,#1003,#1004,#1005,#1006,#1007));
#551=AXIS2_PLACEMENT_3D('',#1008,#1009,#1010);
#552=EDGE_LOOP('',(#1011,#1012,#1013,#1014));
#553=AXIS2_PLACEMENT_3D('',#1015,#1016,#1017);
#554=EDGE_LOOP('',(#1018,#1019,#1020,#1021));
#555=AXIS2_PLACEMENT_3D('',#1022,#1023,#1024);
#556=EDGE_LOOP('',(#1025,#1026,#1027,#1028));
#557=AXIS2_PLACEMENT_3D('',#1029,#1030,#1031);
#558=EDGE_LOOP('',(#1032,#1033,#1034,#1035));
#559=AXIS2_PLACEMENT_3D('',#1036,#1037,#1038);
#560=EDGE_LOOP('',(#1039,#1040,#1041,#1042));
#561=AXIS2_PLACEMENT_3D('',#1043,#1044,#1045);
#562=EDGE_LOOP('',(#1046,#1047,#1048,#1049));
#563=AXIS2_PLACEMENT_3D('',#1050,#1051,#1052);
#564=EDGE_LOOP('',(#1053,#1054,#1055,#1056));
#565=AXIS2_PLACEMENT_3D('',#1057,#1058,#1059);
#566=EDGE_LOOP('',(#1060,#1061,#1062,#1063));
#567=AXIS2_PLACEMENT_3D('',#1064,#1065,#1066);
#568=EDGE_LOOP('',(#1067,#1068,#1069,#1070));
#569=AXIS2_PLACEMENT_3D('',#1071,#1072,#1073);
#570=EDGE_LOOP('',(#1074,#1075,#1076,#1077));
#571=AXIS2_PLACEMENT_3D('',#1078,#1079,#1080);
#572=EDGE_LOOP('',(#1081,#1082,#1083,#1084));
#573=AXIS2_PLACEMENT_3D('',#1085,#1086,#1087);
#574=EDGE_LOOP('',(#1088,#1089,#1090,#1091));
#575=AXIS2_PLACEMENT_3D('',#1092,#1093,#1094);
#576=EDGE_LOOP('',(#1095,#1096,#1097,#1098));
#577=AXIS2_PLACEMENT_3D('',#1099,#1100,#1101);
#578=EDGE_LOOP('',(#1102,#1103,#1104,#1105));
#579=AXIS2_PLACEMENT_3D('',#1106,#1107,#1108);
#580=EDGE_LOOP('',(#1109,#1110,#1111,#1112));
#581=AXIS2_PLACEMENT_3D('',#1113,#1114,#1115);
#582=EDGE_LOOP('',(#1116,#1117,#1118,#1119));
#583=AXIS2_PLACEMENT_3D('',#1120,#1121,#1122);
#584=EDGE_LOOP('',(#1123,#1124,#1125,#1126));
#585=AXIS2_PLACEMENT_3D('',#1127,#1128,#1129);
#586=EDGE_LOOP('',(#1130,#1131,#1132,#1133));
#587=AXIS2_PLACEMENT_3D('',#1134,#1135,#1136);
#588=EDGE_LOOP('',(#1137,#1138,#1139,#1140));
#589=AXIS2_PLACEMENT_3D('',#1141,#1142,#1143);
#590=EDGE_LOOP('',(#1144,#1145,#1146,#1147));
#591=AXIS2_PLACEMENT_3D('',#1148,#1149,#1150);
#592=EDGE_LOOP('',(#1151,#1152,#1153,#1154));
#593=AXIS2_PLACEMENT_3D('',#1155,#1156,#1157);
#594=EDGE_LOOP('',(#1158,#1159,#1160,#1161));
#595=AXIS2_PLACEMENT_3D('',#1162,#1163,#1164);
#596=EDGE_LOOP('',(#1165,#1166,#1167,#1168));
#597=AXIS2_PLACEMENT_3D('',#1169,#1170,#1171);
#598=EDGE_LOOP('',(#1172,#1173,#1174,#1175));
#599=AXIS2_PLACEMENT_3D('',#1176,#1177,#1178);
#600=EDGE_LOOP('',(#1179,#1180,#1181,#1182));
#601=AXIS2_PLACEMENT_3D('',#1183,#1184,#1185);
#602=EDGE_LOOP('',(#1186,#1187,#1188,#1189));
#603=AXIS2_PLACEMENT_3D('',#1190,#1191,#1192);
#604=EDGE_LOOP('',(#1193,#1194,#1195,#1196,#1197,#1198,#1199));
#605=AXIS2_PLACEMENT_3D('',#1200,#1201,#1202);
#606=EDGE_LOOP('',(#1203,#1204,#1205,#1206,#1207,#1208,#1209,#1210));
#607=AXIS2_PLACEMENT_3D('',#1211,#1212,#1213);
#608=EDGE_LOOP('',(#1214,#1215,#1216,#1217,#1218,#1219,#1220));
#609=AXIS2_PLACEMENT_3D('',#1221,#1222,#1223);
#610=EDGE_LOOP('',(#1224,#1225,#1226,#1227));
#611=AXIS2_PLACEMENT_3D('',#1228,#1229,#1230);
#612=EDGE_LOOP('',(#1231,#1232,#1233,#1234));
#613=AXIS2_PLACEMENT_3D('',#1235,#1236,#1237);
#614=EDGE_LOOP('',(#1238,#1239,#1240,#1241));
#615=EDGE_LOOP('',(#1242,#1243,#1244,#1245));
#616=EDGE_LOOP('',(#1246,#1247,#1248,#1249));
#617=EDGE_LOOP('',(#1250,#1251,#1252,#1253,#1254,#1255,#1256,#1257,#1258,#1259,#1260,#1261,#1262,#1263,#1264,#1265,#1266,#1267,#1268,#1269));
#618=AXIS2_PLACEMENT_3D('',#1270,#1271,#1272);
#619=EDGE_LOOP('',(#1273,#1274,#1275,#1276,#1277));
#620=AXIS2_PLACEMENT_3D('',#1278,#1279,#1280);
#621=EDGE_LOOP('',(#1281,#1282,#1283,#1284,#1285,#1286));
#622=AXIS2_PLACEMENT_3D('',#1287,#1288,#1289);
#623=EDGE_LOOP('',(#1290,#1291,#1292,#1293,#1294,#1295));
#624=AXIS2_PLACEMENT_3D('',#1296,#1297,#1298);
#625=EDGE_LOOP('',(#1299,#1300,#1301,#1302));
#626=AXIS2_PLACEMENT_3D('',#1303,#1304,#1305);
#627=EDGE_LOOP('',(#1306,#1307,#1308,#1309,#1310,#1311));
#628=AXIS2_PLACEMENT_3D('',#1312,#1313,#1314);
#629=EDGE_LOOP('',(#1315,#1316,#1317,#1318,#1319,#1320));
#630=AXIS2_PLACEMENT_3D('',#1321,#1322,#1323);
#631=EDGE_LOOP('',(#1324,#1325,#1326,#1327,#1328));
#632=AXIS2_PLACEMENT_3D('',#1329,#1330,#1331);
#633=EDGE_LOOP('',(#1332,#1333,#1334,#1335));
#634=AXIS2_PLACEMENT_3D('',#1336,#1337,#1338);
#635=EDGE_LOOP('',(#1339,#1340,#1341,#1342));
#636=AXIS2_PLACEMENT_3D('',#1343,#1344,#1345);
#637=EDGE_LOOP('',(#1346,#1347,#1348,#1349));
#638=AXIS2_PLACEMENT_3D('',#1350,#1351,#1352);
#639=EDGE_LOOP('',(#1353,#1354,#1355,#1356));
#640=AXIS2_PLACEMENT_3D('',#1357,#1358,#1359);
#641=EDGE_LOOP('',(#1360,#1361,#1362,#1363));
#642=AXIS2_PLACEMENT_3D('',#1364,#1365,#1366);
#643=EDGE_LOOP('',(#1367,#1368,#1369,#1370,#1371,#1372,#1373,#1374));
#644=AXIS2_PLACEMENT_3D('',#1375,#1376,#1377);
#645=EDGE_LOOP('',(#1378,#1379,#1380,#1381,#1382,#1383,#1384));
#646=AXIS2_PLACEMENT_3D('',#1385,#1386,#1387);
#647=EDGE_LOOP('',(#1388,#1389,#1390,#1391,#1392,#1393,#1394,#1395,#1396,#1397,#1398,#1399,#1400));
#648=AXIS2_PLACEMENT_3D('',#1401,#1402,#1403);
#649=EDGE_LOOP('',(#1404,#1405,#1406,#1407));
#650=AXIS2_PLACEMENT_3D('',#1408,#1409,#1410);
#651=EDGE_LOOP('',(#1411,#1412,#1413,#1414));
#652=AXIS2_PLACEMENT_3D('',#1415,#1416,#1417);
#653=EDGE_LOOP('',(#1418,#1419,#1420,#1421));
#654=AXIS2_PLACEMENT_3D('',#1422,#1423,#1424);
#655=EDGE_LOOP('',(#1425,#1426,#1427,#1428));
#656=AXIS2_PLACEMENT_3D('',#1429,#1430,#1431);
#657=EDGE_LOOP('',(#1432,#1433,#1434,#1435,#1436,#1437,#1438,#1439));
#658=AXIS2_PLACEMENT_3D('',#1440,#1441,#1442);
#659=EDGE_LOOP('',(#1443,#1444,#1445,#1446));
#660=AXIS2_PLACEMENT_3D('',#1447,#1448,#1449);
#661=EDGE_LOOP('',(#1450,#1451,#1452,#1453,#1454,#1455,#1456));
#662=AXIS2_PLACEMENT_3D('',#1457,#1458,#1459);
#663=EDGE_LOOP('',(#1460,#1461,#1462,#1463,#1464,#1465,#1466,#1467,#1468,#1469,#1470,#1471,#1472));
#664=AXIS2_PLACEMENT_3D('',#1473,#1474,#1475);
#665=EDGE_LOOP('',(#1476,#1477,#1478,#1479,#1480,#1481));
#666=AXIS2_PLACEMENT_3D('',#1482,#1483,#1484);
#667=EDGE_LOOP('',(#1485,#1486,#1487,#1488,#1489,#1490));
#668=AXIS2_PLACEMENT_3D('',#1491,#1492,#1493);
#669=EDGE_LOOP('',(#1494,#1495,#1496,#1497));
#670=AXIS2_PLACEMENT_3D('',#1498,#1499,#1500);
#671=EDGE_LOOP('',(#1501,#1502,#1503,#1504,#1505,#1506));
#672=AXIS2_PLACEMENT_3D('',#1507,#1508,#1509);
#673=EDGE_LOOP('',(#1510,#1511,#1512,#1513,#1514,#1515));
#674=AXIS2_PLACEMENT_3D('',#1516,#1517,#1518);
#675=EDGE_LOOP('',(#1519,#1520,#1521,#1522));
#676=AXIS2_PLACEMENT_3D('',#1523,#1524,#1525);
#677=EDGE_LOOP('',(#1526,#1527,#1528,#1529));
#678=AXIS2_PLACEMENT_3D('',#1530,#1531,#1532);
#679=EDGE_LOOP('',(#1533,#1534,#1535,#1536));
#680=AXIS2_PLACEMENT_3D('',#1537,#1538,#1539);
#681=EDGE_LOOP('',(#1540,#1541,#1542,#1543));
#682=AXIS2_PLACEMENT_3D('',#1544,#1545,#1546);
#683=EDGE_LOOP('',(#1547,#1548,#1549,#1550));
#684=AXIS2_PLACEMENT_3D('',#1551,#1552,#1553);
#685=EDGE_LOOP('',(#1554,#1555,#1556,#1557,#1558));
#686=AXIS2_PLACEMENT_3D('',#1559,#1560,#1561);
#687=EDGE_LOOP('',(#1562,#1563,#1564,#1565,#1566));
#688=AXIS2_PLACEMENT_3D('',#1567,#1568,#1569);
#689=EDGE_LOOP('',(#1570,#1571,#1572,#1573));
#690=AXIS2_PLACEMENT_3D('',#1574,#1575,#1576);
#691=EDGE_LOOP('',(#1577,#1578,#1579,#1580));
#692=AXIS2_PLACEMENT_3D('',#1581,#1582,#1583);
#693=EDGE_LOOP('',(#1584,#1585,#1586,#1587));
#694=AXIS2_PLACEMENT_3D('',#1588,#1589,#1590);
#695=EDGE_LOOP('',(#1591,#1592,#1593,#1594));
#696=AXIS2_PLACEMENT_3D('',#1595,#1596,#1597);
#697=EDGE_LOOP('',(#1598,#1599,#1600,#1601));
#698=AXIS2_PLACEMENT_3D('',#1602,#1603,#1604);
#699=EDGE_LOOP('',(#1605,#1606,#1607,#1608));
#700=AXIS2_PLACEMENT_3D('',#1609,#1610,#1611);
#701=EDGE_LOOP('',(#1612,#1613,#1614,#1615,#1616,#1617));
#702=AXIS2_PLACEMENT_3D('',#1618,#1619,#1620);
#703=EDGE_LOOP('',(#1621,#1622,#1623,#1624,#1625,#1626));
#704=AXIS2_PLACEMENT_3D('',#1627,#1628,#1629);
#705=EDGE_LOOP('',(#1630,#1631,#1632,#1633));
#706=AXIS2_PLACEMENT_3D('',#1634,#1635,#1636);
#707=EDGE_LOOP('',(#1637,#1638,#1639,#1640));
#708=AXIS2_PLACEMENT_3D('',#1641,#1642,#1643);
#709=EDGE_LOOP('',(#1644,#1645,#1646,#1647));
#710=AXIS2_PLACEMENT_3D('',#1648,#1649,#1650);
#711=EDGE_LOOP('',(#1651,#1652,#1653,#1654));
#712=AXIS2_PLACEMENT_3D('',#1655,#1656,#1657);
#713=EDGE_LOOP('',(#1658,#1659,#1660,#1661,#1662,#1663,#1664,#1665,#1666,#1667));
#714=AXIS2_PLACEMENT_3D('',#1668,#1669,#1670);
#715=EDGE_LOOP('',(#1671,#1672,#1673,#1674,#1675,#1676,#1677,#1678,#1679,#1680));
#716=AXIS2_PLACEMENT_3D('',#1681,#1682,#1683);
#717=EDGE_LOOP('',(#1684,#1685,#1686,#1687));
#718=AXIS2_PLACEMENT_3D('',#1688,#1689,#1690);
#719=EDGE_LOOP('',(#1691,#1692,#1693,#1694));
#720=AXIS2_PLACEMENT_3D('',#1695,#1696,#1697);
#721=EDGE_LOOP('',(#1698,#1699,#1700,#1701));
#722=AXIS2_PLACEMENT_3D('',#1702,#1703,#1704);
#723=EDGE_LOOP('',(#1705,#1706,#1707,#1708));
#724=AXIS2_PLACEMENT_3D('',#1709,#1710,#1711);
#725=EDGE_LOOP('',(#1712,#1713,#1714,#1715));
#726=AXIS2_PLACEMENT_3D('',#1716,#1717,#1718);
#727=EDGE_LOOP('',(#1719,#1720,#1721,#1722));
#728=AXIS2_PLACEMENT_3D('',#1723,#1724,#1725);
#729=EDGE_LOOP('',(#1726,#1727,#1728,#1729));
#730=AXIS2_PLACEMENT_3D('',#1730,#1731,#1732);
#731=EDGE_LOOP('',(#1733,#1734,#1735,#1736));
#732=AXIS2_PLACEMENT_3D('',#1737,#1738,#1739);
#733=EDGE_LOOP('',(#1740,#1741,#1742,#1743,#1744,#1745));
#734=AXIS2_PLACEMENT_3D('',#1746,#1747,#1748);
#735=EDGE_LOOP('',(#1749,#1750,#1751,#1752));
#736=AXIS2_PLACEMENT_3D('',#1753,#1754,#1755);
#737=EDGE_LOOP('',(#1756,#1757,#1758,#1759,#1760,#1761));
#738=AXIS2_PLACEMENT_3D('',#1762,#1763,#1764);
#739=EDGE_LOOP('',(#1765,#1766,#1767,#1768));
#740=AXIS2_PLACEMENT_3D('',#1769,#1770,#1771);
#741=EDGE_LOOP('',(#1772,#1773,#1774,#1775,#1776,#1777));
#742=AXIS2_PLACEMENT_3D('',#1778,#1779,#1780);
#743=EDGE_LOOP('',(#1781,#1782,#1783,#1784));
#744=AXIS2_PLACEMENT_3D('',#1785,#1786,#1787);
#745=EDGE_LOOP('',(#1788,#1789,#1790,#1791,#1792,#1793));
#746=AXIS2_PLACEMENT_3D('',#1794,#1795,#1796);
#747=EDGE_LOOP('',(#1797,#1798,#1799,#1800));
#748=AXIS2_PLACEMENT_3D('',#1801,#1802,#1803);
#749=EDGE_LOOP('',(#1804,#1805,#1806,#1807));
#750=AXIS2_PLACEMENT_3D('',#1808,#1809,#1810);
#751=EDGE_LOOP('',(#1811,#1812,#1813,#1814,#1815,#1816));
#752=AXIS2_PLACEMENT_3D('',#1817,#1818,#1819);
#753=EDGE_LOOP('',(#1820,#1821,#1822,#1823,#1824,#1825));
#754=AXIS2_PLACEMENT_3D('',#1826,#1827,#1828);
#755=EDGE_LOOP('',(#1829,#1830,#1831,#1832));
#756=AXIS2_PLACEMENT_3D('',#1833,#1834,#1835);
#757=EDGE_LOOP('',(#1836,#1837,#1838,#1839));
#758=AXIS2_PLACEMENT_3D('',#1840,#1841,#1842);
#759=EDGE_LOOP('',(#1843,#1844,#1845,#1846));
#760=AXIS2_PLACEMENT_3D('',#1847,#1848,#1849);
#761=EDGE_LOOP('',(#1850,#1851,#1852,#1853));
#762=AXIS2_PLACEMENT_3D('',#1854,#1855,#1856);
#763=EDGE_LOOP('',(#1857,#1858,#1859,#1860));
#764=AXIS2_PLACEMENT_3D('',#1861,#1862,#1863);
#765=EDGE_LOOP('',(#1864,#1865,#1866,#1867));
#766=AXIS2_PLACEMENT_3D('',#1868,#1869,#1870);
#767=EDGE_LOOP('',(#1871,#1872,#1873,#1874));
#768=AXIS2_PLACEMENT_3D('',#1875,#1876,#1877);
#769=EDGE_LOOP('',(#1878,#1879,#1880,#1881,#1882,#1883));
#770=AXIS2_PLACEMENT_3D('',#1884,#1885,#1886);
#771=EDGE_LOOP('',(#1887,#1888,#1889,#1890,#1891,#1892));
#772=AXIS2_PLACEMENT_3D('',#1893,#1894,#1895);
#773=EDGE_LOOP('',(#1896,#1897,#1898,#1899));
#774=AXIS2_PLACEMENT_3D('',#1900,#1901,#1902);
#775=EDGE_LOOP('',(#1903,#1904,#1905,#1906));
#776=AXIS2_PLACEMENT_3D('',#1907,#1908,#1909);
#777=EDGE_LOOP('',(#1910,#1911,#1912,#1913));
#778=AXIS2_PLACEMENT_3D('',#1914,#1915,#1916);
#779=EDGE_LOOP('',(#1917,#1918,#1919,#1920));
#780=AXIS2_PLACEMENT_3D('',#1921,#1922,#1923);
#781=EDGE_LOOP('',(#1924,#1925,#1926,#1927));
#782=AXIS2_PLACEMENT_3D('',#1928,#1929,#1930);
#783=EDGE_LOOP('',(#1931,#1932,#1933,#1934,#1935,#1936));
#784=AXIS2_PLACEMENT_3D('',#1937,#1938,#1939);
#785=EDGE_LOOP('',(#1940,#1941,#1942,#1943,#1944,#1945));
#786=AXIS2_PLACEMENT_3D('',#1946,#1947,#1948);
#787=EDGE_LOOP('',(#1949,#1950,#1951,#1952));
#788=AXIS2_PLACEMENT_3D('',#1953,#1954,#1955);
#789=EDGE_LOOP('',(#1956,#1957,#1958,#1959));
#790=AXIS2_PLACEMENT_3D('',#1960,#1961,#1962);
#791=EDGE_LOOP('',(#1963,#1964,#1965,#1966));
#792=AXIS2_PLACEMENT_3D('',#1967,#1968,#1969);
#793=EDGE_LOOP('',(#1970,#1971,#1972,#1973));
#794=AXIS2_PLACEMENT_3D('',#1974,#1975,#1976);
#795=EDGE_LOOP('',(#1977,#1978,#1979,#1980,#1981,#1982,#1983,#1984,#1985,#1986));
#796=AXIS2_PLACEMENT_3D('',#1987,#1988,#1989);
#797=EDGE_LOOP('',(#1990,#1991,#1992,#1993,#1994,#1995,#1996,#1997,#1998,#1999));
#798=AXIS2_PLACEMENT_3D('',#2000,#2001,#2002);
#799=EDGE_LOOP('',(#2003,#2004,#2005,#2006));
#800=AXIS2_PLACEMENT_3D('',#2007,#2008,#2009);
#801=EDGE_LOOP('',(#2010,#2011,#2012,#2013));
#802=AXIS2_PLACEMENT_3D('',#2014,#2015,#2016);
#803=EDGE_LOOP('',(#2017,#2018,#2019,#2020));
#804=AXIS2_PLACEMENT_3D('',#2021,#2022,#2023);
#805=EDGE_LOOP('',(#2024,#2025,#2026,#2027));
#806=AXIS2_PLACEMENT_3D('',#2028,#2029,#2030);
#807=EDGE_LOOP('',(#2031,#2032,#2033,#2034));
#808=AXIS2_PLACEMENT_3D('',#2035,#2036,#2037);
#809=EDGE_LOOP('',(#2038,#2039,#2040,#2041));
#810=AXIS2_PLACEMENT_3D('',#2042,#2043,#2044);
#811=EDGE_LOOP('',(#2045,#2046,#2047,#2048));
#812=AXIS2_PLACEMENT_3D('',#2049,#2050,#2051);
#813=EDGE_LOOP('',(#2052,#2053,#2054,#2055));
#814=AXIS2_PLACEMENT_3D('',#2056,#2057,#2058);
#815=EDGE_LOOP('',(#2059,#2060,#2061,#2062));
#816=AXIS2_PLACEMENT_3D('',#2063,#2064,#2065);
#817=EDGE_LOOP('',(#2066,#2067,#2068,#2069,#2070,#2071,#2072,#2073,#2074,#2075));
#818=AXIS2_PLACEMENT_3D('',#2076,#2077,#2078);
#819=EDGE_LOOP('',(#2079,#2080,#2081,#2082,#2083,#2084,#2085,#2086,#2087,#2088));
#820=AXIS2_PLACEMENT_3D('',#2089,#2090,#2091);
#821=EDGE_LOOP('',(#2092,#2093,#2094,#2095));
#822=AXIS2_PLACEMENT_3D('',#2096,#2097,#2098);
#823=EDGE_LOOP('',(#2099,#2100,#2101,#2102));
#824=AXIS2_PLACEMENT_3D('',#2103,#2104,#2105);
#825=EDGE_LOOP('',(#2106,#2107,#2108,#2109));
#826=AXIS2_PLACEMENT_3D('',#2110,#2111,#2112);
#827=EDGE_LOOP('',(#2113,#2114,#2115,#2116));
#828=AXIS2_PLACEMENT_3D('',#2117,#2118,#2119);
#829=EDGE_LOOP('',(#2120,#2121,#2122,#2123));
#830=AXIS2_PLACEMENT_3D('',#2124,#2125,#2126);
#831=EDGE_LOOP('',(#2127,#2128,#2129,#2130));
#832=AXIS2_PLACEMENT_3D('',#2131,#2132,#2133);
#833=EDGE_LOOP('',(#2134,#2135,#2136,#2137));
#834=AXIS2_PLACEMENT_3D('',#2138,#2139,#2140);
#835=FILL_AREA_STYLE_COLOUR('',#2141);
#836=ORIENTED_EDGE('',*,*,#2142,.F.);
#837=ORIENTED_EDGE('',*,*,#2143,.T.);
#838=ORIENTED_EDGE('',*,*,#2144,.F.);
#839=ORIENTED_EDGE('',*,*,#2145,.T.);
#840=CARTESIAN_POINT('',(-2.25,3.95,2.075));
#841=DIRECTION('',(0.0,1.0,0.0));
#842=DIRECTION('',(0.0,0.0,-1.0));
#843=ORIENTED_EDGE('',*,*,#2146,.F.);
#844=ORIENTED_EDGE('',*,*,#2147,.T.);
#845=ORIENTED_EDGE('',*,*,#2148,.F.);
#846=ORIENTED_EDGE('',*,*,#2149,.T.);
#847=CARTESIAN_POINT('',(2.25,3.95,2.075));
#848=DIRECTION('',(0.0,1.0,0.0));
#849=DIRECTION('',(0.0,0.0,-1.0));
#850=ORIENTED_EDGE('',*,*,#2150,.F.);
#851=ORIENTED_EDGE('',*,*,#2151,.T.);
#852=ORIENTED_EDGE('',*,*,#2152,.T.);
#853=ORIENTED_EDGE('',*,*,#2153,.T.);
#854=CARTESIAN_POINT('',(2.25,3.95,1.125));
#855=DIRECTION('',(0.0,1.0,0.0));
#856=DIRECTION('',(0.0,0.0,-1.0));
#857=ORIENTED_EDGE('',*,*,#2154,.F.);
#858=ORIENTED_EDGE('',*,*,#2155,.T.);
#859=ORIENTED_EDGE('',*,*,#2156,.T.);
#860=ORIENTED_EDGE('',*,*,#2157,.T.);
#861=CARTESIAN_POINT('',(-2.25,3.95,1.125));
#862=DIRECTION('',(0.0,1.0,0.0));
#863=DIRECTION('',(0.0,0.0,-1.0));
#864=ORIENTED_EDGE('',*,*,#2158,.F.);
#865=ORIENTED_EDGE('',*,*,#2159,.F.);
#866=ORIENTED_EDGE('',*,*,#2160,.F.);
#867=ORIENTED_EDGE('',*,*,#2161,.F.);
#868=ORIENTED_EDGE('',*,*,#2162,.T.);
#869=ORIENTED_EDGE('',*,*,#2163,.F.);
#870=ORIENTED_EDGE('',*,*,#2164,.F.);
#871=ORIENTED_EDGE('',*,*,#2165,.F.);
#872=ORIENTED_EDGE('',*,*,#2166,.T.);
#873=ORIENTED_EDGE('',*,*,#2167,.F.);
#874=ORIENTED_EDGE('',*,*,#2168,.T.);
#875=ORIENTED_EDGE('',*,*,#2169,.T.);
#876=CARTESIAN_POINT('',(2.75,1.0,3.2));
#877=DIRECTION('',(0.0,1.0,1.35525271560688E-16));
#878=DIRECTION('',(0.0,1.35525271560688E-16,-1.0));
#879=ORIENTED_EDGE('',*,*,#2170,.F.);
#880=ORIENTED_EDGE('',*,*,#2171,.F.);
#881=ORIENTED_EDGE('',*,*,#2172,.F.);
#882=ORIENTED_EDGE('',*,*,#2173,.F.);
#883=ORIENTED_EDGE('',*,*,#2174,.F.);
#884=ORIENTED_EDGE('',*,*,#2175,.F.);
#885=ORIENTED_EDGE('',*,*,#2176,.F.);
#886=ORIENTED_EDGE('',*,*,#2177,.T.);
#887=ORIENTED_EDGE('',*,*,#2178,.F.);
#888=ORIENTED_EDGE('',*,*,#2179,.F.);
#889=ORIENTED_EDGE('',*,*,#2180,.F.);
#890=ORIENTED_EDGE('',*,*,#2181,.T.);
#891=ORIENTED_EDGE('',*,*,#2182,.T.);
#892=ORIENTED_EDGE('',*,*,#2183,.F.);
#893=ORIENTED_EDGE('',*,*,#2184,.F.);
#894=ORIENTED_EDGE('',*,*,#2185,.F.);
#895=ORIENTED_EDGE('',*,*,#2186,.F.);
#896=ORIENTED_EDGE('',*,*,#2187,.F.);
#897=ORIENTED_EDGE('',*,*,#2188,.F.);
#898=ORIENTED_EDGE('',*,*,#2189,.F.);
#899=ORIENTED_EDGE('',*,*,#2190,.F.);
#900=ORIENTED_EDGE('',*,*,#2191,.F.);
#901=ORIENTED_EDGE('',*,*,#2192,.F.);
#902=ORIENTED_EDGE('',*,*,#2163,.T.);
#903=ORIENTED_EDGE('',*,*,#2193,.F.);
#904=ORIENTED_EDGE('',*,*,#2194,.F.);
#905=ORIENTED_EDGE('',*,*,#2195,.F.);
#906=ORIENTED_EDGE('',*,*,#2159,.T.);
#907=CARTESIAN_POINT('',(2.75,1.0,-6.66133814775094E-16));
#908=DIRECTION('',(0.0,-3.41988342406856E-16,1.0));
#909=DIRECTION('',(0.0,-1.0,-3.41988342406856E-16));
#910=ORIENTED_EDGE('',*,*,#2196,.F.);
#911=ORIENTED_EDGE('',*,*,#2197,.F.);
#912=ORIENTED_EDGE('',*,*,#2198,.F.);
#913=ORIENTED_EDGE('',*,*,#2199,.F.);
#914=ORIENTED_EDGE('',*,*,#2200,.F.);
#915=ORIENTED_EDGE('',*,*,#2201,.F.);
#916=ORIENTED_EDGE('',*,*,#2202,.F.);
#917=ORIENTED_EDGE('',*,*,#2203,.T.);
#918=ORIENTED_EDGE('',*,*,#2204,.T.);
#919=ORIENTED_EDGE('',*,*,#2205,.T.);
#920=ORIENTED_EDGE('',*,*,#2206,.F.);
#921=ORIENTED_EDGE('',*,*,#2207,.T.);
#922=CARTESIAN_POINT('',(-2.15,3.95,0.399999999999999));
#923=DIRECTION('',(5.04280080225816E-17,0.0,-1.0));
#924=DIRECTION('',(0.0,-1.0,0.0));
#925=ORIENTED_EDGE('',*,*,#2208,.F.);
#926=ORIENTED_EDGE('',*,*,#2207,.F.);
#927=ORIENTED_EDGE('',*,*,#2209,.F.);
#928=ORIENTED_EDGE('',*,*,#2210,.F.);
#929=CARTESIAN_POINT('',(-2.15,1.2,0.399999999999999));
#930=DIRECTION('',(3.56579864344971E-17,0.707106781186547,-0.707106781186548));
#931=DIRECTION('',(-1.0,0.0,-5.04280080225816E-17));
#932=ORIENTED_EDGE('',*,*,#2211,.F.);
#933=ORIENTED_EDGE('',*,*,#2212,.T.);
#934=ORIENTED_EDGE('',*,*,#2213,.F.);
#935=ORIENTED_EDGE('',*,*,#2214,.F.);
#936=ORIENTED_EDGE('',*,*,#2182,.F.);
#937=ORIENTED_EDGE('',*,*,#2215,.F.);
#938=ORIENTED_EDGE('',*,*,#2216,.F.);
#939=ORIENTED_EDGE('',*,*,#2217,.F.);
#940=ORIENTED_EDGE('',*,*,#2218,.T.);
#941=ORIENTED_EDGE('',*,*,#2219,.T.);
#942=CARTESIAN_POINT('',(-2.75,0.0,0.0));
#943=DIRECTION('',(1.0,0.0,0.0));
#944=DIRECTION('',(0.0,1.0,0.0));
#945=ORIENTED_EDGE('',*,*,#2177,.F.);
#946=ORIENTED_EDGE('',*,*,#2220,.T.);
#947=ORIENTED_EDGE('',*,*,#2210,.T.);
#948=ORIENTED_EDGE('',*,*,#2221,.T.);
#949=ORIENTED_EDGE('',*,*,#2222,.F.);
#950=ORIENTED_EDGE('',*,*,#2223,.T.);
#951=ORIENTED_EDGE('',*,*,#2224,.F.);
#952=ORIENTED_EDGE('',*,*,#2215,.T.);
#953=ORIENTED_EDGE('',*,*,#2181,.F.);
#954=ORIENTED_EDGE('',*,*,#2225,.F.);
#955=ORIENTED_EDGE('',*,*,#2226,.F.);
#956=ORIENTED_EDGE('',*,*,#2227,.T.);
#957=CARTESIAN_POINT('',(2.75,1.0,3.2));
#958=DIRECTION('',(0.0,1.0,1.35525271560688E-16));
#959=DIRECTION('',(0.0,1.35525271560688E-16,-1.0));
#960=ORIENTED_EDGE('',*,*,#2228,.F.);
#961=ORIENTED_EDGE('',*,*,#2229,.F.);
#962=ORIENTED_EDGE('',*,*,#2230,.T.);
#963=ORIENTED_EDGE('',*,*,#2213,.T.);
#964=ORIENTED_EDGE('',*,*,#2231,.F.);
#965=ORIENTED_EDGE('',*,*,#2232,.F.);
#966=ORIENTED_EDGE('',*,*,#2233,.F.);
#967=ORIENTED_EDGE('',*,*,#2234,.F.);
#968=CARTESIAN_POINT('',(2.75,5.2,3.2));
#969=DIRECTION('',(0.0,0.0,-1.0));
#970=DIRECTION('',(0.0,-1.0,0.0));
#971=ORIENTED_EDGE('',*,*,#2235,.F.);
#972=ORIENTED_EDGE('',*,*,#2236,.T.);
#973=ORIENTED_EDGE('',*,*,#2237,.F.);
#974=ORIENTED_EDGE('',*,*,#2238,.F.);
#975=ORIENTED_EDGE('',*,*,#2239,.F.);
#976=ORIENTED_EDGE('',*,*,#2240,.T.);
#977=ORIENTED_EDGE('',*,*,#2241,.F.);
#978=ORIENTED_EDGE('',*,*,#2242,.F.);
#979=ORIENTED_EDGE('',*,*,#2243,.F.);
#980=ORIENTED_EDGE('',*,*,#2244,.T.);
#981=ORIENTED_EDGE('',*,*,#2245,.F.);
#982=ORIENTED_EDGE('',*,*,#2246,.F.);
#983=ORIENTED_EDGE('',*,*,#2214,.T.);
#984=ORIENTED_EDGE('',*,*,#2230,.F.);
#985=ORIENTED_EDGE('',*,*,#2247,.F.);
#986=ORIENTED_EDGE('',*,*,#2191,.T.);
#987=ORIENTED_EDGE('',*,*,#2248,.F.);
#988=ORIENTED_EDGE('',*,*,#2249,.F.);
#989=ORIENTED_EDGE('',*,*,#2250,.T.);
#990=ORIENTED_EDGE('',*,*,#2187,.T.);
#991=ORIENTED_EDGE('',*,*,#2251,.F.);
#992=ORIENTED_EDGE('',*,*,#2252,.F.);
#993=ORIENTED_EDGE('',*,*,#2253,.T.);
#994=ORIENTED_EDGE('',*,*,#2183,.T.);
#995=CARTESIAN_POINT('',(2.75,5.2,8.88178419700125E-16));
#996=DIRECTION('',(0.0,-1.0,-5.42101086242752E-16));
#997=DIRECTION('',(0.0,5.42101086242752E-16,-1.0));
#998=ORIENTED_EDGE('',*,*,#2254,.F.);
#999=ORIENTED_EDGE('',*,*,#2255,.F.);
#1000=ORIENTED_EDGE('',*,*,#2256,.T.);
#1001=ORIENTED_EDGE('',*,*,#2257,.T.);
#1002=ORIENTED_EDGE('',*,*,#2258,.F.);
#1003=ORIENTED_EDGE('',*,*,#2164,.T.);
#1004=ORIENTED_EDGE('',*,*,#2192,.T.);
#1005=ORIENTED_EDGE('',*,*,#2247,.T.);
#1006=ORIENTED_EDGE('',*,*,#2229,.T.);
#1007=ORIENTED_EDGE('',*,*,#2259,.F.);
#1008=CARTESIAN_POINT('',(2.75,0.0,0.0));
#1009=DIRECTION('',(1.0,0.0,0.0));
#1010=DIRECTION('',(0.0,1.0,0.0));
#1011=ORIENTED_EDGE('',*,*,#2180,.T.);
#1012=ORIENTED_EDGE('',*,*,#2260,.F.);
#1013=ORIENTED_EDGE('',*,*,#2261,.F.);
#1014=ORIENTED_EDGE('',*,*,#2225,.T.);
#1015=CARTESIAN_POINT('',(-2.55,1.0,-0.200000000000006));
#1016=DIRECTION('',(1.0,0.0,0.0));
#1017=DIRECTION('',(0.0,1.0,0.0));
#1018=ORIENTED_EDGE('',*,*,#2179,.T.);
#1019=ORIENTED_EDGE('',*,*,#2262,.F.);
#1020=ORIENTED_EDGE('',*,*,#2263,.F.);
#1021=ORIENTED_EDGE('',*,*,#2260,.T.);
#1022=CARTESIAN_POINT('',(-2.55,2.0,-0.200000000000005));
#1023=DIRECTION('',(0.0,-1.0,0.0));
#1024=DIRECTION('',(0.0,0.0,-1.0));
#1025=ORIENTED_EDGE('',*,*,#2178,.T.);
#1026=ORIENTED_EDGE('',*,*,#2227,.F.);
#1027=ORIENTED_EDGE('',*,*,#2264,.F.);
#1028=ORIENTED_EDGE('',*,*,#2262,.T.);
#1029=CARTESIAN_POINT('',(-2.05,2.0,-0.200000000000005));
#1030=DIRECTION('',(-1.0,4.33680868994202E-16,0.0));
#1031=DIRECTION('',(0.0,0.0,1.0));
#1032=ORIENTED_EDGE('',*,*,#2261,.T.);
#1033=ORIENTED_EDGE('',*,*,#2263,.T.);
#1034=ORIENTED_EDGE('',*,*,#2264,.T.);
#1035=ORIENTED_EDGE('',*,*,#2226,.T.);
#1036=CARTESIAN_POINT('',(0.0,1.38872568669791E-29,-0.200000000000008));
#1037=DIRECTION('',(0.0,1.70994171203428E-15,-1.0));
#1038=DIRECTION('',(-1.0,0.0,0.0));
#1039=ORIENTED_EDGE('',*,*,#2184,.T.);
#1040=ORIENTED_EDGE('',*,*,#2253,.F.);
#1041=ORIENTED_EDGE('',*,*,#2265,.F.);
#1042=ORIENTED_EDGE('',*,*,#2266,.T.);
#1043=CARTESIAN_POINT('',(-2.55,4.2,-0.200000000000001));
#1044=DIRECTION('',(1.0,0.0,0.0));
#1045=DIRECTION('',(0.0,1.0,0.0));
#1046=ORIENTED_EDGE('',*,*,#2186,.T.);
#1047=ORIENTED_EDGE('',*,*,#2267,.F.);
#1048=ORIENTED_EDGE('',*,*,#2268,.F.);
#1049=ORIENTED_EDGE('',*,*,#2251,.T.);
#1050=CARTESIAN_POINT('',(-2.05,5.2,-0.199999999999999));
#1051=DIRECTION('',(-1.0,-4.33680868994202E-16,0.0));
#1052=DIRECTION('',(-4.33680868994202E-16,1.0,0.0));
#1053=ORIENTED_EDGE('',*,*,#2185,.T.);
#1054=ORIENTED_EDGE('',*,*,#2266,.F.);
#1055=ORIENTED_EDGE('',*,*,#2269,.F.);
#1056=ORIENTED_EDGE('',*,*,#2267,.T.);
#1057=CARTESIAN_POINT('',(-2.05,4.2,-0.200000000000001));
#1058=DIRECTION('',(-0.0,1.0,0.0));
#1059=DIRECTION('',(1.0,0.0,0.0));
#1060=ORIENTED_EDGE('',*,*,#2265,.T.);
#1061=ORIENTED_EDGE('',*,*,#2252,.T.);
#1062=ORIENTED_EDGE('',*,*,#2268,.T.);
#1063=ORIENTED_EDGE('',*,*,#2269,.T.);
#1064=CARTESIAN_POINT('',(0.0,1.38872568669791E-29,-0.200000000000008));
#1065=DIRECTION('',(0.0,1.70994171203428E-15,-1.0));
#1066=DIRECTION('',(-1.0,0.0,0.0));
#1067=ORIENTED_EDGE('',*,*,#2195,.T.);
#1068=ORIENTED_EDGE('',*,*,#2270,.F.);
#1069=ORIENTED_EDGE('',*,*,#2271,.F.);
#1070=ORIENTED_EDGE('',*,*,#2160,.T.);
#1071=CARTESIAN_POINT('',(2.05,1.0,-0.200000000000006));
#1072=DIRECTION('',(1.0,8.67361737988403E-16,0.0));
#1073=DIRECTION('',(-8.67361737988403E-16,1.0,0.0));
#1074=ORIENTED_EDGE('',*,*,#2194,.T.);
#1075=ORIENTED_EDGE('',*,*,#2272,.F.);
#1076=ORIENTED_EDGE('',*,*,#2273,.F.);
#1077=ORIENTED_EDGE('',*,*,#2270,.T.);
#1078=CARTESIAN_POINT('',(2.05,2.0,-0.200000000000005));
#1079=DIRECTION('',(-8.67361737988404E-16,-1.0,0.0));
#1080=DIRECTION('',(-1.0,8.67361737988404E-16,0.0));
#1081=ORIENTED_EDGE('',*,*,#2193,.T.);
#1082=ORIENTED_EDGE('',*,*,#2162,.F.);
#1083=ORIENTED_EDGE('',*,*,#2274,.F.);
#1084=ORIENTED_EDGE('',*,*,#2272,.T.);
#1085=CARTESIAN_POINT('',(2.55,2.0,-0.200000000000005));
#1086=DIRECTION('',(-1.0,0.0,0.0));
#1087=DIRECTION('',(0.0,0.0,1.0));
#1088=ORIENTED_EDGE('',*,*,#2271,.T.);
#1089=ORIENTED_EDGE('',*,*,#2273,.T.);
#1090=ORIENTED_EDGE('',*,*,#2274,.T.);
#1091=ORIENTED_EDGE('',*,*,#2161,.T.);
#1092=CARTESIAN_POINT('',(1.20452752520344E-44,1.38872568669791E-29,-0.200000000000008));
#1093=DIRECTION('',(1.48313801520892E-30,1.70994171203428E-15,-1.0));
#1094=DIRECTION('',(-1.0,0.0,-1.48313801520892E-30));
#1095=ORIENTED_EDGE('',*,*,#2188,.T.);
#1096=ORIENTED_EDGE('',*,*,#2250,.F.);
#1097=ORIENTED_EDGE('',*,*,#2275,.F.);
#1098=ORIENTED_EDGE('',*,*,#2276,.T.);
#1099=CARTESIAN_POINT('',(2.05,4.2,-0.200000000000001));
#1100=DIRECTION('',(1.0,-1.73472347597681E-15,0.0));
#1101=DIRECTION('',(-1.73472347597681E-15,-1.0,0.0));
#1102=ORIENTED_EDGE('',*,*,#2190,.T.);
#1103=ORIENTED_EDGE('',*,*,#2277,.F.);
#1104=ORIENTED_EDGE('',*,*,#2278,.F.);
#1105=ORIENTED_EDGE('',*,*,#2248,.T.);
#1106=CARTESIAN_POINT('',(2.55,5.2,-0.199999999999999));
#1107=DIRECTION('',(-1.0,8.67361737988404E-16,0.0));
#1108=DIRECTION('',(0.0,0.0,1.0));
#1109=ORIENTED_EDGE('',*,*,#2189,.T.);
#1110=ORIENTED_EDGE('',*,*,#2276,.F.);
#1111=ORIENTED_EDGE('',*,*,#2279,.F.);
#1112=ORIENTED_EDGE('',*,*,#2277,.T.);
#1113=CARTESIAN_POINT('',(2.55,4.2,-0.200000000000001));
#1114=DIRECTION('',(-0.0,1.0,0.0));
#1115=DIRECTION('',(1.0,0.0,0.0));
#1116=ORIENTED_EDGE('',*,*,#2275,.T.);
#1117=ORIENTED_EDGE('',*,*,#2249,.T.);
#1118=ORIENTED_EDGE('',*,*,#2278,.T.);
#1119=ORIENTED_EDGE('',*,*,#2279,.T.);
#1120=CARTESIAN_POINT('',(0.0,1.38872568669791E-29,-0.200000000000008));
#1121=DIRECTION('',(0.0,1.70994171203428E-15,-1.0));
#1122=DIRECTION('',(-1.0,0.0,0.0));
#1123=ORIENTED_EDGE('',*,*,#2222,.T.);
#1124=ORIENTED_EDGE('',*,*,#2280,.T.);
#1125=ORIENTED_EDGE('',*,*,#2281,.T.);
#1126=ORIENTED_EDGE('',*,*,#2282,.F.);
#1127=CARTESIAN_POINT('',(-2.45,3.95,2.025));
#1128=DIRECTION('',(-1.0,0.0,0.0));
#1129=DIRECTION('',(0.0,0.0,1.0));
#1130=ORIENTED_EDGE('',*,*,#2280,.F.);
#1131=ORIENTED_EDGE('',*,*,#2283,.T.);
#1132=ORIENTED_EDGE('',*,*,#2284,.T.);
#1133=ORIENTED_EDGE('',*,*,#2285,.T.);
#1134=CARTESIAN_POINT('',(-2.45,3.95,1.175));
#1135=DIRECTION('',(0.258496983796229,0.0,-0.966012064815058));
#1136=DIRECTION('',(0.0,-1.0,0.0));
#1137=ORIENTED_EDGE('',*,*,#2154,.T.);
#1138=ORIENTED_EDGE('',*,*,#2286,.T.);
#1139=ORIENTED_EDGE('',*,*,#2284,.F.);
#1140=ORIENTED_EDGE('',*,*,#2287,.T.);
#1141=CARTESIAN_POINT('',(-2.25,3.95,1.125));
#1142=DIRECTION('',(0.0,1.0,0.0));
#1143=DIRECTION('',(0.0,0.0,-1.0));
#1144=ORIENTED_EDGE('',*,*,#2156,.F.);
#1145=ORIENTED_EDGE('',*,*,#2288,.T.);
#1146=ORIENTED_EDGE('',*,*,#2206,.T.);
#1147=ORIENTED_EDGE('',*,*,#2289,.T.);
#1148=CARTESIAN_POINT('',(-2.15,3.95,1.125));
#1149=DIRECTION('',(-1.0,0.0,0.0));
#1150=DIRECTION('',(0.0,0.0,1.0));
#1151=ORIENTED_EDGE('',*,*,#2204,.F.);
#1152=ORIENTED_EDGE('',*,*,#2290,.T.);
#1153=ORIENTED_EDGE('',*,*,#2291,.T.);
#1154=ORIENTED_EDGE('',*,*,#2292,.T.);
#1155=CARTESIAN_POINT('',(2.15,3.95,0.399999999999999));
#1156=DIRECTION('',(1.0,0.0,0.0));
#1157=DIRECTION('',(0.0,1.0,0.0));
#1158=ORIENTED_EDGE('',*,*,#2150,.T.);
#1159=ORIENTED_EDGE('',*,*,#2293,.T.);
#1160=ORIENTED_EDGE('',*,*,#2291,.F.);
#1161=ORIENTED_EDGE('',*,*,#2294,.T.);
#1162=CARTESIAN_POINT('',(2.25,3.95,1.125));
#1163=DIRECTION('',(0.0,1.0,0.0));
#1164=DIRECTION('',(0.0,0.0,-1.0));
#1165=ORIENTED_EDGE('',*,*,#2152,.F.);
#1166=ORIENTED_EDGE('',*,*,#2295,.T.);
#1167=ORIENTED_EDGE('',*,*,#2296,.T.);
#1168=ORIENTED_EDGE('',*,*,#2297,.T.);
#1169=CARTESIAN_POINT('',(2.27584969837962,3.95,1.22160120648151));
#1170=DIRECTION('',(-0.25849698379624,0.0,-0.966012064815055));
#1171=DIRECTION('',(-0.966012064815055,0.0,0.25849698379624));
#1172=ORIENTED_EDGE('',*,*,#2167,.T.);
#1173=ORIENTED_EDGE('',*,*,#2298,.T.);
#1174=ORIENTED_EDGE('',*,*,#2299,.T.);
#1175=ORIENTED_EDGE('',*,*,#2296,.F.);
#1176=CARTESIAN_POINT('',(2.45,3.95,1.175));
#1177=DIRECTION('',(1.0,0.0,-1.020425574104E-15));
#1178=DIRECTION('',(-1.020425574104E-15,0.0,-1.0));
#1179=ORIENTED_EDGE('',*,*,#2298,.F.);
#1180=ORIENTED_EDGE('',*,*,#2300,.T.);
#1181=ORIENTED_EDGE('',*,*,#2148,.T.);
#1182=ORIENTED_EDGE('',*,*,#2301,.T.);
#1183=CARTESIAN_POINT('',(2.45,3.95,2.025));
#1184=DIRECTION('',(-0.258496983796237,0.0,0.966012064815056));
#1185=DIRECTION('',(0.0,1.0,0.0));
#1186=ORIENTED_EDGE('',*,*,#2146,.T.);
#1187=ORIENTED_EDGE('',*,*,#2302,.T.);
#1188=ORIENTED_EDGE('',*,*,#2303,.T.);
#1189=ORIENTED_EDGE('',*,*,#2304,.T.);
#1190=CARTESIAN_POINT('',(2.25,3.95,2.075));
#1191=DIRECTION('',(0.0,1.0,0.0));
#1192=DIRECTION('',(0.0,0.0,-1.0));
#1193=ORIENTED_EDGE('',*,*,#2303,.F.);
#1194=ORIENTED_EDGE('',*,*,#2305,.T.);
#1195=ORIENTED_EDGE('',*,*,#2306,.T.);
#1196=ORIENTED_EDGE('',*,*,#2307,.F.);
#1197=ORIENTED_EDGE('',*,*,#2308,.T.);
#1198=ORIENTED_EDGE('',*,*,#2309,.T.);
#1199=ORIENTED_EDGE('',*,*,#2310,.T.);
#1200=CARTESIAN_POINT('',(2.15,3.95,2.075));
#1201=DIRECTION('',(1.0,0.0,1.19636101791504E-15));
#1202=DIRECTION('',(-1.19636101791504E-15,0.0,1.0));
#1203=ORIENTED_EDGE('',*,*,#2311,.T.);
#1204=ORIENTED_EDGE('',*,*,#2312,.T.);
#1205=ORIENTED_EDGE('',*,*,#2313,.T.);
#1206=ORIENTED_EDGE('',*,*,#2314,.T.);
#1207=ORIENTED_EDGE('',*,*,#2309,.F.);
#1208=ORIENTED_EDGE('',*,*,#2315,.T.);
#1209=ORIENTED_EDGE('',*,*,#2316,.T.);
#1210=ORIENTED_EDGE('',*,*,#2317,.T.);
#1211=CARTESIAN_POINT('',(2.15,3.95,2.8));
#1212=DIRECTION('',(-1.00856016045163E-16,0.0,1.0));
#1213=DIRECTION('',(1.0,-0.0,1.00856016045163E-16));
#1214=ORIENTED_EDGE('',*,*,#2318,.F.);
#1215=ORIENTED_EDGE('',*,*,#2319,.T.);
#1216=ORIENTED_EDGE('',*,*,#2144,.T.);
#1217=ORIENTED_EDGE('',*,*,#2320,.T.);
#1218=ORIENTED_EDGE('',*,*,#2313,.F.);
#1219=ORIENTED_EDGE('',*,*,#2321,.T.);
#1220=ORIENTED_EDGE('',*,*,#2322,.F.);
#1221=CARTESIAN_POINT('',(-2.15,3.95,2.8));
#1222=DIRECTION('',(-1.0,0.0,0.0));
#1223=DIRECTION('',(0.0,0.0,1.0));
#1224=ORIENTED_EDGE('',*,*,#2142,.T.);
#1225=ORIENTED_EDGE('',*,*,#2323,.T.);
#1226=ORIENTED_EDGE('',*,*,#2324,.T.);
#1227=ORIENTED_EDGE('',*,*,#2325,.T.);
#1228=CARTESIAN_POINT('',(-2.25,3.95,2.075));
#1229=DIRECTION('',(0.0,1.0,0.0));
#1230=DIRECTION('',(0.0,0.0,-1.0));
#1231=ORIENTED_EDGE('',*,*,#2324,.F.);
#1232=ORIENTED_EDGE('',*,*,#2326,.T.);
#1233=ORIENTED_EDGE('',*,*,#2282,.T.);
#1234=ORIENTED_EDGE('',*,*,#2327,.T.);
#1235=CARTESIAN_POINT('',(-2.27584969837962,3.95,1.97839879351849));
#1236=DIRECTION('',(0.258496983796228,0.0,0.966012064815059));
#1237=DIRECTION('',(0.0,-1.0,0.0));
#1238=ORIENTED_EDGE('',*,*,#2328,.F.);
#1239=ORIENTED_EDGE('',*,*,#2329,.T.);
#1240=ORIENTED_EDGE('',*,*,#2330,.F.);
#1241=ORIENTED_EDGE('',*,*,#2331,.F.);
#1242=ORIENTED_EDGE('',*,*,#2332,.F.);
#1243=ORIENTED_EDGE('',*,*,#2333,.T.);
#1244=ORIENTED_EDGE('',*,*,#2334,.F.);
#1245=ORIENTED_EDGE('',*,*,#2335,.F.);
#1246=ORIENTED_EDGE('',*,*,#2336,.F.);
#1247=ORIENTED_EDGE('',*,*,#2337,.T.);
#1248=ORIENTED_EDGE('',*,*,#2338,.F.);
#1249=ORIENTED_EDGE('',*,*,#2339,.F.);
#1250=ORIENTED_EDGE('',*,*,#2281,.F.);
#1251=ORIENTED_EDGE('',*,*,#2285,.F.);
#1252=ORIENTED_EDGE('',*,*,#2286,.F.);
#1253=ORIENTED_EDGE('',*,*,#2157,.F.);
#1254=ORIENTED_EDGE('',*,*,#2289,.F.);
#1255=ORIENTED_EDGE('',*,*,#2205,.F.);
#1256=ORIENTED_EDGE('',*,*,#2292,.F.);
#1257=ORIENTED_EDGE('',*,*,#2293,.F.);
#1258=ORIENTED_EDGE('',*,*,#2153,.F.);
#1259=ORIENTED_EDGE('',*,*,#2297,.F.);
#1260=ORIENTED_EDGE('',*,*,#2299,.F.);
#1261=ORIENTED_EDGE('',*,*,#2301,.F.);
#1262=ORIENTED_EDGE('',*,*,#2147,.F.);
#1263=ORIENTED_EDGE('',*,*,#2304,.F.);
#1264=ORIENTED_EDGE('',*,*,#2310,.F.);
#1265=ORIENTED_EDGE('',*,*,#2314,.F.);
#1266=ORIENTED_EDGE('',*,*,#2320,.F.);
#1267=ORIENTED_EDGE('',*,*,#2143,.F.);
#1268=ORIENTED_EDGE('',*,*,#2325,.F.);
#1269=ORIENTED_EDGE('',*,*,#2327,.F.);
#1270=CARTESIAN_POINT('',(-2.25,3.95,1.125));
#1271=DIRECTION('',(-0.0,1.0,0.0));
#1272=DIRECTION('',(1.0,0.0,0.0));
#1273=ORIENTED_EDGE('',*,*,#2224,.T.);
#1274=ORIENTED_EDGE('',*,*,#2340,.T.);
#1275=ORIENTED_EDGE('',*,*,#2318,.T.);
#1276=ORIENTED_EDGE('',*,*,#2341,.F.);
#1277=ORIENTED_EDGE('',*,*,#2211,.T.);
#1278=CARTESIAN_POINT('',(0.0,0.0,2.8));
#1279=DIRECTION('',(0.0,0.0,1.0));
#1280=DIRECTION('',(1.0,0.0,0.0));
#1281=ORIENTED_EDGE('',*,*,#2342,.T.);
#1282=ORIENTED_EDGE('',*,*,#2343,.T.);
#1283=ORIENTED_EDGE('',*,*,#2307,.T.);
#1284=ORIENTED_EDGE('',*,*,#2344,.T.);
#1285=ORIENTED_EDGE('',*,*,#2259,.T.);
#1286=ORIENTED_EDGE('',*,*,#2228,.T.);
#1287=CARTESIAN_POINT('',(2.75,2.0,2.8));
#1288=DIRECTION('',(-0.0,1.0,0.0));
#1289=DIRECTION('',(1.0,0.0,0.0));
#1290=ORIENTED_EDGE('',*,*,#2316,.F.);
#1291=ORIENTED_EDGE('',*,*,#2345,.T.);
#1292=ORIENTED_EDGE('',*,*,#2342,.F.);
#1293=ORIENTED_EDGE('',*,*,#2234,.T.);
#1294=ORIENTED_EDGE('',*,*,#2346,.T.);
#1295=ORIENTED_EDGE('',*,*,#2347,.T.);
#1296=CARTESIAN_POINT('',(1.8,2.0,2.8));
#1297=DIRECTION('',(1.0,0.0,0.0));
#1298=DIRECTION('',(0.0,1.0,0.0));
#1299=ORIENTED_EDGE('',*,*,#2348,.T.);
#1300=ORIENTED_EDGE('',*,*,#2349,.T.);
#1301=ORIENTED_EDGE('',*,*,#2346,.F.);
#1302=ORIENTED_EDGE('',*,*,#2233,.T.);
#1303=CARTESIAN_POINT('',(1.8,2.6,2.8));
#1304=DIRECTION('',(-7.2280144832367E-16,1.0,0.0));
#1305=DIRECTION('',(1.0,7.2280144832367E-16,-0.0));
#1306=ORIENTED_EDGE('',*,*,#2350,.T.);
#1307=ORIENTED_EDGE('',*,*,#2351,.T.);
#1308=ORIENTED_EDGE('',*,*,#2311,.F.);
#1309=ORIENTED_EDGE('',*,*,#2352,.T.);
#1310=ORIENTED_EDGE('',*,*,#2348,.F.);
#1311=ORIENTED_EDGE('',*,*,#2232,.T.);
#1312=CARTESIAN_POINT('',(-1.8,2.6,2.8));
#1313=DIRECTION('',(-1.0,0.0,0.0));
#1314=DIRECTION('',(0.0,0.0,1.0));
#1315=ORIENTED_EDGE('',*,*,#2341,.T.);
#1316=ORIENTED_EDGE('',*,*,#2322,.T.);
#1317=ORIENTED_EDGE('',*,*,#2353,.T.);
#1318=ORIENTED_EDGE('',*,*,#2350,.F.);
#1319=ORIENTED_EDGE('',*,*,#2231,.T.);
#1320=ORIENTED_EDGE('',*,*,#2212,.F.);
#1321=CARTESIAN_POINT('',(-1.8,2.0,2.8));
#1322=DIRECTION('',(-0.0,1.0,0.0));
#1323=DIRECTION('',(1.0,0.0,0.0));
#1324=ORIENTED_EDGE('',*,*,#2306,.F.);
#1325=ORIENTED_EDGE('',*,*,#2354,.T.);
#1326=ORIENTED_EDGE('',*,*,#2165,.T.);
#1327=ORIENTED_EDGE('',*,*,#2258,.T.);
#1328=ORIENTED_EDGE('',*,*,#2344,.F.);
#1329=CARTESIAN_POINT('',(0.0,0.0,2.8));
#1330=DIRECTION('',(0.0,0.0,1.0));
#1331=DIRECTION('',(1.0,0.0,0.0));
#1332=ORIENTED_EDGE('',*,*,#2355,.F.);
#1333=ORIENTED_EDGE('',*,*,#2257,.F.);
#1334=ORIENTED_EDGE('',*,*,#2356,.T.);
#1335=ORIENTED_EDGE('',*,*,#2357,.T.);
#1336=CARTESIAN_POINT('',(2.75,1.39999999999999,2.5));
#1337=DIRECTION('',(0.707106781186548,0.0,0.707106781186548));
#1338=DIRECTION('',(0.0,-1.0,0.0));
#1339=ORIENTED_EDGE('',*,*,#2358,.F.);
#1340=ORIENTED_EDGE('',*,*,#2357,.F.);
#1341=ORIENTED_EDGE('',*,*,#2359,.T.);
#1342=ORIENTED_EDGE('',*,*,#2360,.T.);
#1343=CARTESIAN_POINT('',(3.25,1.4,2.0));
#1344=DIRECTION('',(5.42101086242752E-16,0.0,1.0));
#1345=DIRECTION('',(1.0,0.0,-5.42101086242752E-16));
#1346=ORIENTED_EDGE('',*,*,#2361,.F.);
#1347=ORIENTED_EDGE('',*,*,#2360,.F.);
#1348=ORIENTED_EDGE('',*,*,#2362,.T.);
#1349=ORIENTED_EDGE('',*,*,#2363,.T.);
#1350=CARTESIAN_POINT('',(4.05,1.4,2.0));
#1351=DIRECTION('',(0.707106781186546,0.0,0.707106781186549));
#1352=DIRECTION('',(0.0,-1.0,0.0));
#1353=ORIENTED_EDGE('',*,*,#2364,.F.);
#1354=ORIENTED_EDGE('',*,*,#2363,.F.);
#1355=ORIENTED_EDGE('',*,*,#2365,.T.);
#1356=ORIENTED_EDGE('',*,*,#2366,.T.);
#1357=CARTESIAN_POINT('',(4.25,1.4,1.8));
#1358=DIRECTION('',(1.0,0.0,0.0));
#1359=DIRECTION('',(0.0,1.0,0.0));
#1360=ORIENTED_EDGE('',*,*,#2367,.F.);
#1361=ORIENTED_EDGE('',*,*,#2366,.F.);
#1362=ORIENTED_EDGE('',*,*,#2368,.T.);
#1363=ORIENTED_EDGE('',*,*,#2369,.T.);
#1364=CARTESIAN_POINT('',(4.25,1.4,0.6));
#1365=DIRECTION('',(0.707106781186547,0.0,-0.707106781186548));
#1366=DIRECTION('',(0.0,-1.0,0.0));
#1367=ORIENTED_EDGE('',*,*,#2370,.F.);
#1368=ORIENTED_EDGE('',*,*,#2371,.F.);
#1369=ORIENTED_EDGE('',*,*,#2369,.F.);
#1370=ORIENTED_EDGE('',*,*,#2372,.T.);
#1371=ORIENTED_EDGE('',*,*,#2255,.T.);
#1372=ORIENTED_EDGE('',*,*,#2373,.F.);
#1373=ORIENTED_EDGE('',*,*,#2374,.F.);
#1374=ORIENTED_EDGE('',*,*,#2375,.F.);
#1375=CARTESIAN_POINT('',(3.75,1.4,0.1));
#1376=DIRECTION('',(-5.42101086242752E-17,0.0,-1.0));
#1377=DIRECTION('',(-1.0,0.0,5.42101086242752E-17));
#1378=ORIENTED_EDGE('',*,*,#2256,.F.);
#1379=ORIENTED_EDGE('',*,*,#2372,.F.);
#1380=ORIENTED_EDGE('',*,*,#2368,.F.);
#1381=ORIENTED_EDGE('',*,*,#2365,.F.);
#1382=ORIENTED_EDGE('',*,*,#2362,.F.);
#1383=ORIENTED_EDGE('',*,*,#2359,.F.);
#1384=ORIENTED_EDGE('',*,*,#2356,.F.);
#1385=CARTESIAN_POINT('',(1.12063794778392E-29,1.40000000000001,2.0672121422057E-14));
#1386=DIRECTION('',(2.15507297650753E-30,1.0,3.97540796578018E-15));
#1387=DIRECTION('',(0.0,3.97540796578018E-15,-1.0));
#1388=ORIENTED_EDGE('',*,*,#2376,.T.);
#1389=ORIENTED_EDGE('',*,*,#2377,.T.);
#1390=ORIENTED_EDGE('',*,*,#2378,.T.);
#1391=ORIENTED_EDGE('',*,*,#2379,.T.);
#1392=ORIENTED_EDGE('',*,*,#2373,.T.);
#1393=ORIENTED_EDGE('',*,*,#2254,.T.);
#1394=ORIENTED_EDGE('',*,*,#2355,.T.);
#1395=ORIENTED_EDGE('',*,*,#2358,.T.);
#1396=ORIENTED_EDGE('',*,*,#2361,.T.);
#1397=ORIENTED_EDGE('',*,*,#2364,.T.);
#1398=ORIENTED_EDGE('',*,*,#2367,.T.);
#1399=ORIENTED_EDGE('',*,*,#2371,.T.);
#1400=ORIENTED_EDGE('',*,*,#2380,.T.);
#1401=CARTESIAN_POINT('',(1.12063794778392E-29,4.20000000000001,2.0672121422057E-14));
#1402=DIRECTION('',(2.15507297650753E-30,1.0,3.97540796578018E-15));
#1403=DIRECTION('',(0.0,3.97540796578018E-15,-1.0));
#1404=ORIENTED_EDGE('',*,*,#2381,.F.);
#1405=ORIENTED_EDGE('',*,*,#2382,.F.);
#1406=ORIENTED_EDGE('',*,*,#2383,.T.);
#1407=ORIENTED_EDGE('',*,*,#2384,.T.);
#1408=CARTESIAN_POINT('',(-4.25,1.4,0.6));
#1409=DIRECTION('',(-1.0,0.0,0.0));
#1410=DIRECTION('',(0.0,0.0,1.0));
#1411=ORIENTED_EDGE('',*,*,#2385,.F.);
#1412=ORIENTED_EDGE('',*,*,#2384,.F.);
#1413=ORIENTED_EDGE('',*,*,#2386,.T.);
#1414=ORIENTED_EDGE('',*,*,#2387,.T.);
#1415=CARTESIAN_POINT('',(-4.25,1.4,1.8));
#1416=DIRECTION('',(-0.70710678118655,0.0,0.707106781186545));
#1417=DIRECTION('',(0.0,1.0,0.0));
#1418=ORIENTED_EDGE('',*,*,#2388,.F.);
#1419=ORIENTED_EDGE('',*,*,#2387,.F.);
#1420=ORIENTED_EDGE('',*,*,#2389,.T.);
#1421=ORIENTED_EDGE('',*,*,#2390,.T.);
#1422=CARTESIAN_POINT('',(-4.05,1.4,2.0));
#1423=DIRECTION('',(0.0,0.0,1.0));
#1424=DIRECTION('',(1.0,0.0,0.0));
#1425=ORIENTED_EDGE('',*,*,#2391,.F.);
#1426=ORIENTED_EDGE('',*,*,#2390,.F.);
#1427=ORIENTED_EDGE('',*,*,#2392,.T.);
#1428=ORIENTED_EDGE('',*,*,#2217,.T.);
#1429=CARTESIAN_POINT('',(-3.25,1.4,2.0));
#1430=DIRECTION('',(-0.707106781186546,0.0,0.707106781186549));
#1431=DIRECTION('',(0.0,1.0,0.0));
#1432=ORIENTED_EDGE('',*,*,#2393,.F.);
#1433=ORIENTED_EDGE('',*,*,#2394,.F.);
#1434=ORIENTED_EDGE('',*,*,#2395,.F.);
#1435=ORIENTED_EDGE('',*,*,#2396,.F.);
#1436=ORIENTED_EDGE('',*,*,#2219,.F.);
#1437=ORIENTED_EDGE('',*,*,#2397,.T.);
#1438=ORIENTED_EDGE('',*,*,#2398,.T.);
#1439=ORIENTED_EDGE('',*,*,#2399,.F.);
#1440=CARTESIAN_POINT('',(-2.75,1.4,0.100000000000001));
#1441=DIRECTION('',(-6.77626357803439E-17,0.0,-1.0));
#1442=DIRECTION('',(-1.0,0.0,6.77626357803439E-17));
#1443=ORIENTED_EDGE('',*,*,#2400,.F.);
#1444=ORIENTED_EDGE('',*,*,#2398,.F.);
#1445=ORIENTED_EDGE('',*,*,#2401,.T.);
#1446=ORIENTED_EDGE('',*,*,#2382,.T.);
#1447=CARTESIAN_POINT('',(-3.75,1.4,0.100000000000001));
#1448=DIRECTION('',(-0.707106781186546,0.0,-0.707106781186549));
#1449=DIRECTION('',(-0.707106781186549,0.0,0.707106781186546));
#1450=ORIENTED_EDGE('',*,*,#2383,.F.);
#1451=ORIENTED_EDGE('',*,*,#2401,.F.);
#1452=ORIENTED_EDGE('',*,*,#2397,.F.);
#1453=ORIENTED_EDGE('',*,*,#2218,.F.);
#1454=ORIENTED_EDGE('',*,*,#2392,.F.);
#1455=ORIENTED_EDGE('',*,*,#2389,.F.);
#1456=ORIENTED_EDGE('',*,*,#2386,.F.);
#1457=CARTESIAN_POINT('',(0.0,1.40000000000001,1.87928376564154E-14));
#1458=DIRECTION('',(0.0,1.0,3.61400724161835E-15));
#1459=DIRECTION('',(0.0,3.61400724161835E-15,-1.0));
#1460=ORIENTED_EDGE('',*,*,#2402,.T.);
#1461=ORIENTED_EDGE('',*,*,#2403,.T.);
#1462=ORIENTED_EDGE('',*,*,#2404,.T.);
#1463=ORIENTED_EDGE('',*,*,#2405,.T.);
#1464=ORIENTED_EDGE('',*,*,#2399,.T.);
#1465=ORIENTED_EDGE('',*,*,#2400,.T.);
#1466=ORIENTED_EDGE('',*,*,#2381,.T.);
#1467=ORIENTED_EDGE('',*,*,#2385,.T.);
#1468=ORIENTED_EDGE('',*,*,#2388,.T.);
#1469=ORIENTED_EDGE('',*,*,#2391,.T.);
#1470=ORIENTED_EDGE('',*,*,#2216,.T.);
#1471=ORIENTED_EDGE('',*,*,#2396,.T.);
#1472=ORIENTED_EDGE('',*,*,#2406,.T.);
#1473=CARTESIAN_POINT('',(0.0,4.2,1.87928376564154E-14));
#1474=DIRECTION('',(0.0,1.0,3.61400724161835E-15));
#1475=DIRECTION('',(0.0,3.61400724161835E-15,-1.0));
#1476=ORIENTED_EDGE('',*,*,#2340,.F.);
#1477=ORIENTED_EDGE('',*,*,#2223,.F.);
#1478=ORIENTED_EDGE('',*,*,#2326,.F.);
#1479=ORIENTED_EDGE('',*,*,#2323,.F.);
#1480=ORIENTED_EDGE('',*,*,#2145,.F.);
#1481=ORIENTED_EDGE('',*,*,#2319,.F.);
#1482=CARTESIAN_POINT('',(-2.15,1.2,2.8));
#1483=DIRECTION('',(-0.55470019622523,0.832050294337843,1.12763842092287E-16));
#1484=DIRECTION('',(2.03287907341032E-16,0.0,1.0));
#1485=ORIENTED_EDGE('',*,*,#2294,.F.);
#1486=ORIENTED_EDGE('',*,*,#2290,.F.);
#1487=ORIENTED_EDGE('',*,*,#2407,.F.);
#1488=ORIENTED_EDGE('',*,*,#2168,.F.);
#1489=ORIENTED_EDGE('',*,*,#2295,.F.);
#1490=ORIENTED_EDGE('',*,*,#2151,.F.);
#1491=CARTESIAN_POINT('',(2.15,1.2,0.399999999999999));
#1492=DIRECTION('',(0.55470019622523,0.832050294337843,1.12763842092287E-16));
#1493=DIRECTION('',(2.03287907341032E-16,0.0,-1.0));
#1494=ORIENTED_EDGE('',*,*,#2408,.F.);
#1495=ORIENTED_EDGE('',*,*,#2169,.F.);
#1496=ORIENTED_EDGE('',*,*,#2407,.T.);
#1497=ORIENTED_EDGE('',*,*,#2203,.F.);
#1498=CARTESIAN_POINT('',(-2.15,1.2,0.399999999999999));
#1499=DIRECTION('',(3.56579864344971E-17,0.707106781186547,-0.707106781186548));
#1500=DIRECTION('',(-1.0,0.0,-5.04280080225816E-17));
#1501=ORIENTED_EDGE('',*,*,#2283,.F.);
#1502=ORIENTED_EDGE('',*,*,#2221,.F.);
#1503=ORIENTED_EDGE('',*,*,#2209,.T.);
#1504=ORIENTED_EDGE('',*,*,#2288,.F.);
#1505=ORIENTED_EDGE('',*,*,#2155,.F.);
#1506=ORIENTED_EDGE('',*,*,#2287,.F.);
#1507=CARTESIAN_POINT('',(-2.15,1.2,1.125));
#1508=DIRECTION('',(-0.55470019622523,0.832050294337843,1.12763842092287E-16));
#1509=DIRECTION('',(2.03287907341032E-16,0.0,1.0));
#1510=ORIENTED_EDGE('',*,*,#2300,.F.);
#1511=ORIENTED_EDGE('',*,*,#2166,.F.);
#1512=ORIENTED_EDGE('',*,*,#2354,.F.);
#1513=ORIENTED_EDGE('',*,*,#2305,.F.);
#1514=ORIENTED_EDGE('',*,*,#2302,.F.);
#1515=ORIENTED_EDGE('',*,*,#2149,.F.);
#1516=CARTESIAN_POINT('',(2.15,1.2,2.075));
#1517=DIRECTION('',(0.554700196225229,0.832050294337843,7.76385533485973E-16));
#1518=DIRECTION('',(1.39964892525607E-15,0.0,-1.0));
#1519=ORIENTED_EDGE('',*,*,#2351,.F.);
#1520=ORIENTED_EDGE('',*,*,#2353,.F.);
#1521=ORIENTED_EDGE('',*,*,#2321,.F.);
#1522=ORIENTED_EDGE('',*,*,#2312,.F.);
#1523=CARTESIAN_POINT('',(2.15,2.2,2.8));
#1524=DIRECTION('',(-7.13159728689942E-17,0.707106781186547,0.707106781186548));
#1525=DIRECTION('',(1.0,1.00856016045163E-16,0.0));
#1526=ORIENTED_EDGE('',*,*,#2347,.F.);
#1527=ORIENTED_EDGE('',*,*,#2349,.F.);
#1528=ORIENTED_EDGE('',*,*,#2352,.F.);
#1529=ORIENTED_EDGE('',*,*,#2317,.F.);
#1530=CARTESIAN_POINT('',(2.15,2.8,2.8));
#1531=DIRECTION('',(-5.82413778430119E-16,0.707106781186548,0.707106781186547));
#1532=DIRECTION('',(1.0,0.0,8.23657464368834E-16));
#1533=ORIENTED_EDGE('',*,*,#2308,.F.);
#1534=ORIENTED_EDGE('',*,*,#2343,.F.);
#1535=ORIENTED_EDGE('',*,*,#2345,.F.);
#1536=ORIENTED_EDGE('',*,*,#2315,.F.);
#1537=CARTESIAN_POINT('',(2.15,2.2,2.8));
#1538=DIRECTION('',(-7.13159728689942E-17,0.707106781186547,0.707106781186548));
#1539=DIRECTION('',(1.0,1.00856016045163E-16,0.0));
#1540=ORIENTED_EDGE('',*,*,#2174,.T.);
#1541=ORIENTED_EDGE('',*,*,#2409,.F.);
#1542=ORIENTED_EDGE('',*,*,#2198,.T.);
#1543=ORIENTED_EDGE('',*,*,#2410,.T.);
#1544=CARTESIAN_POINT('',(-0.549999999999999,3.6,-3.55999999999999));
#1545=DIRECTION('',(-1.0,0.0,0.0));
#1546=DIRECTION('',(0.0,0.0,1.0));
#1547=ORIENTED_EDGE('',*,*,#2175,.T.);
#1548=ORIENTED_EDGE('',*,*,#2410,.F.);
#1549=ORIENTED_EDGE('',*,*,#2197,.T.);
#1550=ORIENTED_EDGE('',*,*,#2411,.T.);
#1551=CARTESIAN_POINT('',(-0.549999999999999,2.45,-3.55999999999999));
#1552=DIRECTION('',(0.0,-1.0,0.0));
#1553=DIRECTION('',(0.0,0.0,-1.0));
#1554=ORIENTED_EDGE('',*,*,#2208,.T.);
#1555=ORIENTED_EDGE('',*,*,#2220,.F.);
#1556=ORIENTED_EDGE('',*,*,#2176,.T.);
#1557=ORIENTED_EDGE('',*,*,#2411,.F.);
#1558=ORIENTED_EDGE('',*,*,#2196,.T.);
#1559=CARTESIAN_POINT('',(-0.15,2.45,-3.55999999999999));
#1560=DIRECTION('',(-1.0,0.0,0.0));
#1561=DIRECTION('',(0.0,0.0,1.0));
#1562=ORIENTED_EDGE('',*,*,#2408,.T.);
#1563=ORIENTED_EDGE('',*,*,#2202,.T.);
#1564=ORIENTED_EDGE('',*,*,#2412,.T.);
#1565=ORIENTED_EDGE('',*,*,#2170,.T.);
#1566=ORIENTED_EDGE('',*,*,#2158,.T.);
#1567=CARTESIAN_POINT('',(0.150000000000003,1.0,-3.55999999999999));
#1568=DIRECTION('',(1.0,6.16873649862442E-16,0.0));
#1569=DIRECTION('',(-6.16873649862442E-16,1.0,0.0));
#1570=ORIENTED_EDGE('',*,*,#2171,.T.);
#1571=ORIENTED_EDGE('',*,*,#2412,.F.);
#1572=ORIENTED_EDGE('',*,*,#2201,.T.);
#1573=ORIENTED_EDGE('',*,*,#2413,.T.);
#1574=CARTESIAN_POINT('',(0.150000000000002,2.45,-3.55999999999999));
#1575=DIRECTION('',(0.0,-1.0,0.0));
#1576=DIRECTION('',(0.0,0.0,-1.0));
#1577=ORIENTED_EDGE('',*,*,#2172,.T.);
#1578=ORIENTED_EDGE('',*,*,#2413,.F.);
#1579=ORIENTED_EDGE('',*,*,#2200,.T.);
#1580=ORIENTED_EDGE('',*,*,#2414,.T.);
#1581=CARTESIAN_POINT('',(0.550000000000002,2.45,-3.55999999999999));
#1582=DIRECTION('',(1.0,3.77113799125393E-16,0.0));
#1583=DIRECTION('',(-3.77113799125393E-16,1.0,0.0));
#1584=ORIENTED_EDGE('',*,*,#2173,.T.);
#1585=ORIENTED_EDGE('',*,*,#2414,.F.);
#1586=ORIENTED_EDGE('',*,*,#2199,.T.);
#1587=ORIENTED_EDGE('',*,*,#2409,.T.);
#1588=CARTESIAN_POINT('',(0.550000000000002,3.6,-3.55999999999999));
#1589=DIRECTION('',(-0.0,1.0,0.0));
#1590=DIRECTION('',(1.0,0.0,0.0));
#1591=ORIENTED_EDGE('',*,*,#2415,.T.);
#1592=ORIENTED_EDGE('',*,*,#2416,.F.);
#1593=ORIENTED_EDGE('',*,*,#2417,.F.);
#1594=ORIENTED_EDGE('',*,*,#2418,.T.);
#1595=CARTESIAN_POINT('',(1.41,2.7,1.525));
#1596=DIRECTION('',(0.0,0.196116135138183,-0.98058067569092));
#1597=DIRECTION('',(-1.0,0.0,0.0));
#1598=ORIENTED_EDGE('',*,*,#2419,.T.);
#1599=ORIENTED_EDGE('',*,*,#2420,.F.);
#1600=ORIENTED_EDGE('',*,*,#2421,.F.);
#1601=ORIENTED_EDGE('',*,*,#2416,.T.);
#1602=CARTESIAN_POINT('',(1.41,1.7,1.325));
#1603=DIRECTION('',(0.0,1.0,5.42101086242751E-16));
#1604=DIRECTION('',(0.0,5.42101086242751E-16,-1.0));
#1605=ORIENTED_EDGE('',*,*,#2422,.T.);
#1606=ORIENTED_EDGE('',*,*,#2423,.F.);
#1607=ORIENTED_EDGE('',*,*,#2424,.F.);
#1608=ORIENTED_EDGE('',*,*,#2420,.T.);
#1609=CARTESIAN_POINT('',(1.41,1.7,0.924999999999999));
#1610=DIRECTION('',(0.0,0.209529088730873,0.97780241407741));
#1611=DIRECTION('',(1.0,-0.0,0.0));
#1612=ORIENTED_EDGE('',*,*,#2425,.F.);
#1613=ORIENTED_EDGE('',*,*,#2339,.T.);
#1614=ORIENTED_EDGE('',*,*,#2426,.F.);
#1615=ORIENTED_EDGE('',*,*,#2422,.F.);
#1616=ORIENTED_EDGE('',*,*,#2419,.F.);
#1617=ORIENTED_EDGE('',*,*,#2415,.F.);
#1618=CARTESIAN_POINT('',(1.09,0.0,0.0));
#1619=DIRECTION('',(1.0,0.0,0.0));
#1620=DIRECTION('',(0.0,1.0,0.0));
#1621=ORIENTED_EDGE('',*,*,#2337,.F.);
#1622=ORIENTED_EDGE('',*,*,#2427,.T.);
#1623=ORIENTED_EDGE('',*,*,#2417,.T.);
#1624=ORIENTED_EDGE('',*,*,#2421,.T.);
#1625=ORIENTED_EDGE('',*,*,#2424,.T.);
#1626=ORIENTED_EDGE('',*,*,#2428,.T.);
#1627=CARTESIAN_POINT('',(1.41,0.0,0.0));
#1628=DIRECTION('',(1.0,0.0,0.0));
#1629=DIRECTION('',(0.0,1.0,0.0));
#1630=ORIENTED_EDGE('',*,*,#2427,.F.);
#1631=ORIENTED_EDGE('',*,*,#2336,.T.);
#1632=ORIENTED_EDGE('',*,*,#2425,.T.);
#1633=ORIENTED_EDGE('',*,*,#2418,.F.);
#1634=CARTESIAN_POINT('',(1.41,5.1,1.525));
#1635=DIRECTION('',(0.0,1.80700362080917E-16,-1.0));
#1636=DIRECTION('',(-1.0,0.0,0.0));
#1637=ORIENTED_EDGE('',*,*,#2426,.T.);
#1638=ORIENTED_EDGE('',*,*,#2338,.T.);
#1639=ORIENTED_EDGE('',*,*,#2428,.F.);
#1640=ORIENTED_EDGE('',*,*,#2423,.T.);
#1641=CARTESIAN_POINT('',(1.41,2.4,0.774999999999999));
#1642=DIRECTION('',(0.0,0.0,1.0));
#1643=DIRECTION('',(1.0,0.0,0.0));
#1644=ORIENTED_EDGE('',*,*,#2429,.F.);
#1645=ORIENTED_EDGE('',*,*,#2243,.T.);
#1646=ORIENTED_EDGE('',*,*,#2430,.T.);
#1647=ORIENTED_EDGE('',*,*,#2431,.F.);
#1648=CARTESIAN_POINT('',(1.41,5.1,0.600000000000001));
#1649=DIRECTION('',(0.0,0.0,1.0));
#1650=DIRECTION('',(1.0,0.0,0.0));
#1651=ORIENTED_EDGE('',*,*,#2432,.T.);
#1652=ORIENTED_EDGE('',*,*,#2245,.T.);
#1653=ORIENTED_EDGE('',*,*,#2433,.F.);
#1654=ORIENTED_EDGE('',*,*,#2434,.T.);
#1655=CARTESIAN_POINT('',(1.41,5.9,1.175));
#1656=DIRECTION('',(0.0,0.0,-1.0));
#1657=DIRECTION('',(0.0,-1.0,0.0));
#1658=ORIENTED_EDGE('',*,*,#2244,.F.);
#1659=ORIENTED_EDGE('',*,*,#2429,.T.);
#1660=ORIENTED_EDGE('',*,*,#2435,.T.);
#1661=ORIENTED_EDGE('',*,*,#2436,.T.);
#1662=ORIENTED_EDGE('',*,*,#2437,.T.);
#1663=ORIENTED_EDGE('',*,*,#2438,.T.);
#1664=ORIENTED_EDGE('',*,*,#2439,.T.);
#1665=ORIENTED_EDGE('',*,*,#2440,.T.);
#1666=ORIENTED_EDGE('',*,*,#2441,.T.);
#1667=ORIENTED_EDGE('',*,*,#2433,.T.);
#1668=CARTESIAN_POINT('',(1.41,0.0,0.0));
#1669=DIRECTION('',(1.0,0.0,0.0));
#1670=DIRECTION('',(0.0,1.0,0.0));
#1671=ORIENTED_EDGE('',*,*,#2430,.F.);
#1672=ORIENTED_EDGE('',*,*,#2246,.T.);
#1673=ORIENTED_EDGE('',*,*,#2432,.F.);
#1674=ORIENTED_EDGE('',*,*,#2442,.F.);
#1675=ORIENTED_EDGE('',*,*,#2443,.F.);
#1676=ORIENTED_EDGE('',*,*,#2444,.F.);
#1677=ORIENTED_EDGE('',*,*,#2445,.F.);
#1678=ORIENTED_EDGE('',*,*,#2446,.F.);
#1679=ORIENTED_EDGE('',*,*,#2447,.F.);
#1680=ORIENTED_EDGE('',*,*,#2448,.F.);
#1681=CARTESIAN_POINT('',(1.09,0.0,0.0));
#1682=DIRECTION('',(1.0,0.0,0.0));
#1683=DIRECTION('',(0.0,1.0,0.0));
#1684=ORIENTED_EDGE('',*,*,#2448,.T.);
#1685=ORIENTED_EDGE('',*,*,#2449,.F.);
#1686=ORIENTED_EDGE('',*,*,#2435,.F.);
#1687=ORIENTED_EDGE('',*,*,#2431,.T.);
#1688=CARTESIAN_POINT('',(1.41,5.4,0.600000000000001));
#1689=DIRECTION('',(-0.0,1.0,0.0));
#1690=DIRECTION('',(1.0,0.0,0.0));
#1691=ORIENTED_EDGE('',*,*,#2447,.T.);
#1692=ORIENTED_EDGE('',*,*,#2450,.F.);
#1693=ORIENTED_EDGE('',*,*,#2436,.F.);
#1694=ORIENTED_EDGE('',*,*,#2449,.T.);
#1695=CARTESIAN_POINT('',(1.41,5.4,7.7715611723761E-16));
#1696=DIRECTION('',(0.0,0.707106781186547,0.707106781186548));
#1697=DIRECTION('',(1.0,-0.0,0.0));
#1698=ORIENTED_EDGE('',*,*,#2446,.T.);
#1699=ORIENTED_EDGE('',*,*,#2451,.F.);
#1700=ORIENTED_EDGE('',*,*,#2437,.F.);
#1701=ORIENTED_EDGE('',*,*,#2450,.T.);
#1702=CARTESIAN_POINT('',(1.41,5.6,-0.199999999999999));
#1703=DIRECTION('',(0.0,0.0,1.0));
#1704=DIRECTION('',(1.0,0.0,0.0));
#1705=ORIENTED_EDGE('',*,*,#2445,.T.);
#1706=ORIENTED_EDGE('',*,*,#2452,.F.);
#1707=ORIENTED_EDGE('',*,*,#2438,.F.);
#1708=ORIENTED_EDGE('',*,*,#2451,.T.);
#1709=CARTESIAN_POINT('',(1.41,6.0,-0.199999999999999));
#1710=DIRECTION('',(0.0,-0.707106781186547,0.707106781186548));
#1711=DIRECTION('',(-1.0,0.0,0.0));
#1712=ORIENTED_EDGE('',*,*,#2444,.T.);
#1713=ORIENTED_EDGE('',*,*,#2453,.F.);
#1714=ORIENTED_EDGE('',*,*,#2439,.F.);
#1715=ORIENTED_EDGE('',*,*,#2452,.T.);
#1716=CARTESIAN_POINT('',(1.41,6.2,7.21644966006352E-16));
#1717=DIRECTION('',(0.0,-1.0,0.0));
#1718=DIRECTION('',(0.0,0.0,-1.0));
#1719=ORIENTED_EDGE('',*,*,#2443,.T.);
#1720=ORIENTED_EDGE('',*,*,#2454,.F.);
#1721=ORIENTED_EDGE('',*,*,#2440,.F.);
#1722=ORIENTED_EDGE('',*,*,#2453,.T.);
#1723=CARTESIAN_POINT('',(1.41,6.2,0.300000000000001));
#1724=DIRECTION('',(0.0,1.80700362080917E-16,-1.0));
#1725=DIRECTION('',(-1.0,0.0,0.0));
#1726=ORIENTED_EDGE('',*,*,#2442,.T.);
#1727=ORIENTED_EDGE('',*,*,#2434,.F.);
#1728=ORIENTED_EDGE('',*,*,#2441,.F.);
#1729=ORIENTED_EDGE('',*,*,#2454,.T.);
#1730=CARTESIAN_POINT('',(1.41,5.9,0.300000000000001));
#1731=DIRECTION('',(0.0,-1.0,0.0));
#1732=DIRECTION('',(0.0,0.0,-1.0));
#1733=ORIENTED_EDGE('',*,*,#2380,.F.);
#1734=ORIENTED_EDGE('',*,*,#2370,.T.);
#1735=ORIENTED_EDGE('',*,*,#2455,.T.);
#1736=ORIENTED_EDGE('',*,*,#2456,.T.);
#1737=CARTESIAN_POINT('',(3.42,2.0,0.250000000000001));
#1738=DIRECTION('',(0.0,-1.0,0.0));
#1739=DIRECTION('',(0.0,0.0,1.0));
#1740=ORIENTED_EDGE('',*,*,#2457,.T.);
#1741=ORIENTED_EDGE('',*,*,#2458,.T.);
#1742=ORIENTED_EDGE('',*,*,#2459,.T.);
#1743=ORIENTED_EDGE('',*,*,#2460,.T.);
#1744=ORIENTED_EDGE('',*,*,#2376,.F.);
#1745=ORIENTED_EDGE('',*,*,#2456,.F.);
#1746=CARTESIAN_POINT('',(3.42,2.0,0.050000000000001));
#1747=DIRECTION('',(0.0,0.0,1.0));
#1748=DIRECTION('',(1.0,0.0,0.0));
#1749=ORIENTED_EDGE('',*,*,#2459,.F.);
#1750=ORIENTED_EDGE('',*,*,#2461,.T.);
#1751=ORIENTED_EDGE('',*,*,#2462,.T.);
#1752=ORIENTED_EDGE('',*,*,#2463,.T.);
#1753=CARTESIAN_POINT('',(4.45,2.0,0.050000000000001));
#1754=DIRECTION('',(1.0,0.0,0.0));
#1755=DIRECTION('',(0.0,1.0,0.0));
#1756=ORIENTED_EDGE('',*,*,#2462,.F.);
#1757=ORIENTED_EDGE('',*,*,#2464,.T.);
#1758=ORIENTED_EDGE('',*,*,#2465,.T.);
#1759=ORIENTED_EDGE('',*,*,#2466,.T.);
#1760=ORIENTED_EDGE('',*,*,#2378,.F.);
#1761=ORIENTED_EDGE('',*,*,#2467,.T.);
#1762=CARTESIAN_POINT('',(4.45,2.0,-0.199999999999999));
#1763=DIRECTION('',(0.0,0.0,-1.0));
#1764=DIRECTION('',(0.0,-1.0,0.0));
#1765=ORIENTED_EDGE('',*,*,#2468,.T.);
#1766=ORIENTED_EDGE('',*,*,#2374,.T.);
#1767=ORIENTED_EDGE('',*,*,#2379,.F.);
#1768=ORIENTED_EDGE('',*,*,#2466,.F.);
#1769=CARTESIAN_POINT('',(3.42,2.0,0.250000000000001));
#1770=DIRECTION('',(0.0,-1.0,0.0));
#1771=DIRECTION('',(0.0,0.0,1.0));
#1772=ORIENTED_EDGE('',*,*,#2465,.F.);
#1773=ORIENTED_EDGE('',*,*,#2469,.T.);
#1774=ORIENTED_EDGE('',*,*,#2457,.F.);
#1775=ORIENTED_EDGE('',*,*,#2455,.F.);
#1776=ORIENTED_EDGE('',*,*,#2375,.T.);
#1777=ORIENTED_EDGE('',*,*,#2468,.F.);
#1778=CARTESIAN_POINT('',(3.42,2.0,0.250000000000001));
#1779=DIRECTION('',(0.0,-1.0,0.0));
#1780=DIRECTION('',(0.0,0.0,-1.0));
#1781=ORIENTED_EDGE('',*,*,#2470,.F.);
#1782=ORIENTED_EDGE('',*,*,#2471,.T.);
#1783=ORIENTED_EDGE('',*,*,#2472,.T.);
#1784=ORIENTED_EDGE('',*,*,#2473,.T.);
#1785=CARTESIAN_POINT('',(-4.45,2.0,-0.199999999999999));
#1786=DIRECTION('',(-1.0,0.0,0.0));
#1787=DIRECTION('',(0.0,0.0,1.0));
#1788=ORIENTED_EDGE('',*,*,#2472,.F.);
#1789=ORIENTED_EDGE('',*,*,#2474,.T.);
#1790=ORIENTED_EDGE('',*,*,#2475,.T.);
#1791=ORIENTED_EDGE('',*,*,#2476,.T.);
#1792=ORIENTED_EDGE('',*,*,#2404,.F.);
#1793=ORIENTED_EDGE('',*,*,#2477,.T.);
#1794=CARTESIAN_POINT('',(-4.45,2.0,0.0500000000000009));
#1795=DIRECTION('',(-1.31577933554066E-17,0.0,1.0));
#1796=DIRECTION('',(1.0,-0.0,1.31577933554066E-17));
#1797=ORIENTED_EDGE('',*,*,#2478,.T.);
#1798=ORIENTED_EDGE('',*,*,#2393,.T.);
#1799=ORIENTED_EDGE('',*,*,#2405,.F.);
#1800=ORIENTED_EDGE('',*,*,#2476,.F.);
#1801=CARTESIAN_POINT('',(-3.42,2.0,0.250000000000001));
#1802=DIRECTION('',(0.0,-1.0,0.0));
#1803=DIRECTION('',(0.0,0.0,1.0));
#1804=ORIENTED_EDGE('',*,*,#2406,.F.);
#1805=ORIENTED_EDGE('',*,*,#2395,.T.);
#1806=ORIENTED_EDGE('',*,*,#2479,.T.);
#1807=ORIENTED_EDGE('',*,*,#2480,.T.);
#1808=CARTESIAN_POINT('',(-3.42,2.0,0.250000000000001));
#1809=DIRECTION('',(0.0,-1.0,0.0));
#1810=DIRECTION('',(0.0,0.0,1.0));
#1811=ORIENTED_EDGE('',*,*,#2481,.T.);
#1812=ORIENTED_EDGE('',*,*,#2482,.T.);
#1813=ORIENTED_EDGE('',*,*,#2470,.T.);
#1814=ORIENTED_EDGE('',*,*,#2483,.T.);
#1815=ORIENTED_EDGE('',*,*,#2402,.F.);
#1816=ORIENTED_EDGE('',*,*,#2480,.F.);
#1817=CARTESIAN_POINT('',(-3.42,2.0,-0.199999999999999));
#1818=DIRECTION('',(0.0,0.0,-1.0));
#1819=DIRECTION('',(0.0,-1.0,0.0));
#1820=ORIENTED_EDGE('',*,*,#2475,.F.);
#1821=ORIENTED_EDGE('',*,*,#2484,.T.);
#1822=ORIENTED_EDGE('',*,*,#2481,.F.);
#1823=ORIENTED_EDGE('',*,*,#2479,.F.);
#1824=ORIENTED_EDGE('',*,*,#2394,.T.);
#1825=ORIENTED_EDGE('',*,*,#2478,.F.);
#1826=CARTESIAN_POINT('',(-3.42,2.0,0.250000000000001));
#1827=DIRECTION('',(0.0,-1.0,0.0));
#1828=DIRECTION('',(0.0,0.0,-1.0));
#1829=ORIENTED_EDGE('',*,*,#2482,.F.);
#1830=ORIENTED_EDGE('',*,*,#2484,.F.);
#1831=ORIENTED_EDGE('',*,*,#2474,.F.);
#1832=ORIENTED_EDGE('',*,*,#2471,.F.);
#1833=CARTESIAN_POINT('',(-4.45,2.2,-0.199999999999999));
#1834=DIRECTION('',(0.707106781186548,0.707106781186547,0.0));
#1835=DIRECTION('',(0.0,0.0,-1.0));
#1836=ORIENTED_EDGE('',*,*,#2483,.F.);
#1837=ORIENTED_EDGE('',*,*,#2473,.F.);
#1838=ORIENTED_EDGE('',*,*,#2477,.F.);
#1839=ORIENTED_EDGE('',*,*,#2403,.F.);
#1840=CARTESIAN_POINT('',(-4.25,4.2,1.87928376564154E-14));
#1841=DIRECTION('',(0.707106781186547,-0.707106781186548,-2.55548902780562E-15));
#1842=DIRECTION('',(0.0,3.61400724161834E-15,-1.0));
#1843=ORIENTED_EDGE('',*,*,#2458,.F.);
#1844=ORIENTED_EDGE('',*,*,#2469,.F.);
#1845=ORIENTED_EDGE('',*,*,#2464,.F.);
#1846=ORIENTED_EDGE('',*,*,#2461,.F.);
#1847=CARTESIAN_POINT('',(4.45,2.2,0.050000000000001));
#1848=DIRECTION('',(-0.707106781186548,0.707106781186547,0.0));
#1849=DIRECTION('',(0.0,0.0,1.0));
#1850=ORIENTED_EDGE('',*,*,#2460,.F.);
#1851=ORIENTED_EDGE('',*,*,#2463,.F.);
#1852=ORIENTED_EDGE('',*,*,#2467,.F.);
#1853=ORIENTED_EDGE('',*,*,#2377,.F.);
#1854=CARTESIAN_POINT('',(4.25,4.20000000000001,2.0672121422057E-14));
#1855=DIRECTION('',(-0.707106781186547,-0.707106781186548,-2.81103793058619E-15));
#1856=DIRECTION('',(-0.707106781186548,0.707106781186547,0.0));
#1857=ORIENTED_EDGE('',*,*,#2485,.T.);
#1858=ORIENTED_EDGE('',*,*,#2486,.F.);
#1859=ORIENTED_EDGE('',*,*,#2487,.F.);
#1860=ORIENTED_EDGE('',*,*,#2488,.T.);
#1861=CARTESIAN_POINT('',(-1.09,2.7,1.525));
#1862=DIRECTION('',(0.0,0.196116135138183,-0.98058067569092));
#1863=DIRECTION('',(-1.0,0.0,0.0));
#1864=ORIENTED_EDGE('',*,*,#2489,.T.);
#1865=ORIENTED_EDGE('',*,*,#2490,.F.);
#1866=ORIENTED_EDGE('',*,*,#2491,.F.);
#1867=ORIENTED_EDGE('',*,*,#2486,.T.);
#1868=CARTESIAN_POINT('',(-1.09,1.7,1.325));
#1869=DIRECTION('',(0.0,1.0,5.42101086242751E-16));
#1870=DIRECTION('',(0.0,5.42101086242751E-16,-1.0));
#1871=ORIENTED_EDGE('',*,*,#2492,.T.);
#1872=ORIENTED_EDGE('',*,*,#2493,.F.);
#1873=ORIENTED_EDGE('',*,*,#2494,.F.);
#1874=ORIENTED_EDGE('',*,*,#2490,.T.);
#1875=CARTESIAN_POINT('',(-1.09,1.7,0.924999999999999));
#1876=DIRECTION('',(0.0,0.209529088730873,0.97780241407741));
#1877=DIRECTION('',(1.0,-0.0,0.0));
#1878=ORIENTED_EDGE('',*,*,#2495,.F.);
#1879=ORIENTED_EDGE('',*,*,#2335,.T.);
#1880=ORIENTED_EDGE('',*,*,#2496,.F.);
#1881=ORIENTED_EDGE('',*,*,#2492,.F.);
#1882=ORIENTED_EDGE('',*,*,#2489,.F.);
#1883=ORIENTED_EDGE('',*,*,#2485,.F.);
#1884=CARTESIAN_POINT('',(-1.41,0.0,0.0));
#1885=DIRECTION('',(1.0,0.0,0.0));
#1886=DIRECTION('',(0.0,1.0,0.0));
#1887=ORIENTED_EDGE('',*,*,#2333,.F.);
#1888=ORIENTED_EDGE('',*,*,#2497,.T.);
#1889=ORIENTED_EDGE('',*,*,#2487,.T.);
#1890=ORIENTED_EDGE('',*,*,#2491,.T.);
#1891=ORIENTED_EDGE('',*,*,#2494,.T.);
#1892=ORIENTED_EDGE('',*,*,#2498,.T.);
#1893=CARTESIAN_POINT('',(-1.09,0.0,0.0));
#1894=DIRECTION('',(1.0,0.0,0.0));
#1895=DIRECTION('',(0.0,1.0,0.0));
#1896=ORIENTED_EDGE('',*,*,#2497,.F.);
#1897=ORIENTED_EDGE('',*,*,#2332,.T.);
#1898=ORIENTED_EDGE('',*,*,#2495,.T.);
#1899=ORIENTED_EDGE('',*,*,#2488,.F.);
#1900=CARTESIAN_POINT('',(-1.09,5.1,1.525));
#1901=DIRECTION('',(0.0,1.80700362080917E-16,-1.0));
#1902=DIRECTION('',(-1.0,0.0,0.0));
#1903=ORIENTED_EDGE('',*,*,#2496,.T.);
#1904=ORIENTED_EDGE('',*,*,#2334,.T.);
#1905=ORIENTED_EDGE('',*,*,#2498,.F.);
#1906=ORIENTED_EDGE('',*,*,#2493,.T.);
#1907=CARTESIAN_POINT('',(-1.09,2.4,0.774999999999999));
#1908=DIRECTION('',(0.0,0.0,1.0));
#1909=DIRECTION('',(1.0,0.0,0.0));
#1910=ORIENTED_EDGE('',*,*,#2499,.T.);
#1911=ORIENTED_EDGE('',*,*,#2500,.F.);
#1912=ORIENTED_EDGE('',*,*,#2501,.F.);
#1913=ORIENTED_EDGE('',*,*,#2502,.T.);
#1914=CARTESIAN_POINT('',(0.16,2.7,1.525));
#1915=DIRECTION('',(0.0,0.196116135138183,-0.98058067569092));
#1916=DIRECTION('',(-1.0,0.0,0.0));
#1917=ORIENTED_EDGE('',*,*,#2503,.T.);
#1918=ORIENTED_EDGE('',*,*,#2504,.F.);
#1919=ORIENTED_EDGE('',*,*,#2505,.F.);
#1920=ORIENTED_EDGE('',*,*,#2500,.T.);
#1921=CARTESIAN_POINT('',(0.16,1.7,1.325));
#1922=DIRECTION('',(0.0,1.0,5.42101086242751E-16));
#1923=DIRECTION('',(0.0,5.42101086242751E-16,-1.0));
#1924=ORIENTED_EDGE('',*,*,#2506,.T.);
#1925=ORIENTED_EDGE('',*,*,#2507,.F.);
#1926=ORIENTED_EDGE('',*,*,#2508,.F.);
#1927=ORIENTED_EDGE('',*,*,#2504,.T.);
#1928=CARTESIAN_POINT('',(0.16,1.7,0.924999999999999));
#1929=DIRECTION('',(0.0,0.209529088730873,0.97780241407741));
#1930=DIRECTION('',(1.0,-0.0,0.0));
#1931=ORIENTED_EDGE('',*,*,#2509,.F.);
#1932=ORIENTED_EDGE('',*,*,#2331,.T.);
#1933=ORIENTED_EDGE('',*,*,#2510,.F.);
#1934=ORIENTED_EDGE('',*,*,#2506,.F.);
#1935=ORIENTED_EDGE('',*,*,#2503,.F.);
#1936=ORIENTED_EDGE('',*,*,#2499,.F.);
#1937=CARTESIAN_POINT('',(-0.16,0.0,0.0));
#1938=DIRECTION('',(1.0,0.0,0.0));
#1939=DIRECTION('',(0.0,1.0,0.0));
#1940=ORIENTED_EDGE('',*,*,#2329,.F.);
#1941=ORIENTED_EDGE('',*,*,#2511,.T.);
#1942=ORIENTED_EDGE('',*,*,#2501,.T.);
#1943=ORIENTED_EDGE('',*,*,#2505,.T.);
#1944=ORIENTED_EDGE('',*,*,#2508,.T.);
#1945=ORIENTED_EDGE('',*,*,#2512,.T.);
#1946=CARTESIAN_POINT('',(0.16,0.0,0.0));
#1947=DIRECTION('',(1.0,0.0,0.0));
#1948=DIRECTION('',(0.0,1.0,0.0));
#1949=ORIENTED_EDGE('',*,*,#2511,.F.);
#1950=ORIENTED_EDGE('',*,*,#2328,.T.);
#1951=ORIENTED_EDGE('',*,*,#2509,.T.);
#1952=ORIENTED_EDGE('',*,*,#2502,.F.);
#1953=CARTESIAN_POINT('',(0.16,5.1,1.525));
#1954=DIRECTION('',(0.0,1.80700362080917E-16,-1.0));
#1955=DIRECTION('',(-1.0,0.0,0.0));
#1956=ORIENTED_EDGE('',*,*,#2510,.T.);
#1957=ORIENTED_EDGE('',*,*,#2330,.T.);
#1958=ORIENTED_EDGE('',*,*,#2512,.F.);
#1959=ORIENTED_EDGE('',*,*,#2507,.T.);
#1960=CARTESIAN_POINT('',(0.16,2.4,0.774999999999999));
#1961=DIRECTION('',(0.0,0.0,1.0));
#1962=DIRECTION('',(1.0,0.0,0.0));
#1963=ORIENTED_EDGE('',*,*,#2513,.F.);
#1964=ORIENTED_EDGE('',*,*,#2239,.T.);
#1965=ORIENTED_EDGE('',*,*,#2514,.T.);
#1966=ORIENTED_EDGE('',*,*,#2515,.F.);
#1967=CARTESIAN_POINT('',(-1.09,5.1,0.600000000000001));
#1968=DIRECTION('',(0.0,0.0,1.0));
#1969=DIRECTION('',(1.0,0.0,0.0));
#1970=ORIENTED_EDGE('',*,*,#2516,.T.);
#1971=ORIENTED_EDGE('',*,*,#2241,.T.);
#1972=ORIENTED_EDGE('',*,*,#2517,.F.);
#1973=ORIENTED_EDGE('',*,*,#2518,.T.);
#1974=CARTESIAN_POINT('',(-1.09,5.9,1.175));
#1975=DIRECTION('',(0.0,0.0,-1.0));
#1976=DIRECTION('',(0.0,-1.0,0.0));
#1977=ORIENTED_EDGE('',*,*,#2240,.F.);
#1978=ORIENTED_EDGE('',*,*,#2513,.T.);
#1979=ORIENTED_EDGE('',*,*,#2519,.T.);
#1980=ORIENTED_EDGE('',*,*,#2520,.T.);
#1981=ORIENTED_EDGE('',*,*,#2521,.T.);
#1982=ORIENTED_EDGE('',*,*,#2522,.T.);
#1983=ORIENTED_EDGE('',*,*,#2523,.T.);
#1984=ORIENTED_EDGE('',*,*,#2524,.T.);
#1985=ORIENTED_EDGE('',*,*,#2525,.T.);
#1986=ORIENTED_EDGE('',*,*,#2517,.T.);
#1987=CARTESIAN_POINT('',(-1.09,0.0,0.0));
#1988=DIRECTION('',(1.0,0.0,0.0));
#1989=DIRECTION('',(0.0,1.0,0.0));
#1990=ORIENTED_EDGE('',*,*,#2514,.F.);
#1991=ORIENTED_EDGE('',*,*,#2242,.T.);
#1992=ORIENTED_EDGE('',*,*,#2516,.F.);
#1993=ORIENTED_EDGE('',*,*,#2526,.F.);
#1994=ORIENTED_EDGE('',*,*,#2527,.F.);
#1995=ORIENTED_EDGE('',*,*,#2528,.F.);
#1996=ORIENTED_EDGE('',*,*,#2529,.F.);
#1997=ORIENTED_EDGE('',*,*,#2530,.F.);
#1998=ORIENTED_EDGE('',*,*,#2531,.F.);
#1999=ORIENTED_EDGE('',*,*,#2532,.F.);
#2000=CARTESIAN_POINT('',(-1.41,0.0,0.0));
#2001=DIRECTION('',(1.0,0.0,0.0));
#2002=DIRECTION('',(0.0,1.0,0.0));
#2003=ORIENTED_EDGE('',*,*,#2532,.T.);
#2004=ORIENTED_EDGE('',*,*,#2533,.F.);
#2005=ORIENTED_EDGE('',*,*,#2519,.F.);
#2006=ORIENTED_EDGE('',*,*,#2515,.T.);
#2007=CARTESIAN_POINT('',(-1.09,5.4,0.600000000000001));
#2008=DIRECTION('',(-0.0,1.0,0.0));
#2009=DIRECTION('',(1.0,0.0,0.0));
#2010=ORIENTED_EDGE('',*,*,#2531,.T.);
#2011=ORIENTED_EDGE('',*,*,#2534,.F.);
#2012=ORIENTED_EDGE('',*,*,#2520,.F.);
#2013=ORIENTED_EDGE('',*,*,#2533,.T.);
#2014=CARTESIAN_POINT('',(-1.09,5.4,7.7715611723761E-16));
#2015=DIRECTION('',(0.0,0.707106781186547,0.707106781186548));
#2016=DIRECTION('',(1.0,-0.0,0.0));
#2017=ORIENTED_EDGE('',*,*,#2530,.T.);
#2018=ORIENTED_EDGE('',*,*,#2535,.F.);
#2019=ORIENTED_EDGE('',*,*,#2521,.F.);
#2020=ORIENTED_EDGE('',*,*,#2534,.T.);
#2021=CARTESIAN_POINT('',(-1.09,5.6,-0.199999999999999));
#2022=DIRECTION('',(0.0,0.0,1.0));
#2023=DIRECTION('',(1.0,0.0,0.0));
#2024=ORIENTED_EDGE('',*,*,#2529,.T.);
#2025=ORIENTED_EDGE('',*,*,#2536,.F.);
#2026=ORIENTED_EDGE('',*,*,#2522,.F.);
#2027=ORIENTED_EDGE('',*,*,#2535,.T.);
#2028=CARTESIAN_POINT('',(-1.09,6.0,-0.199999999999999));
#2029=DIRECTION('',(0.0,-0.707106781186547,0.707106781186548));
#2030=DIRECTION('',(-1.0,0.0,0.0));
#2031=ORIENTED_EDGE('',*,*,#2528,.T.);
#2032=ORIENTED_EDGE('',*,*,#2537,.F.);
#2033=ORIENTED_EDGE('',*,*,#2523,.F.);
#2034=ORIENTED_EDGE('',*,*,#2536,.T.);
#2035=CARTESIAN_POINT('',(-1.09,6.2,7.21644966006352E-16));
#2036=DIRECTION('',(0.0,-1.0,0.0));
#2037=DIRECTION('',(0.0,0.0,-1.0));
#2038=ORIENTED_EDGE('',*,*,#2527,.T.);
#2039=ORIENTED_EDGE('',*,*,#2538,.F.);
#2040=ORIENTED_EDGE('',*,*,#2524,.F.);
#2041=ORIENTED_EDGE('',*,*,#2537,.T.);
#2042=CARTESIAN_POINT('',(-1.09,6.2,0.300000000000001));
#2043=DIRECTION('',(0.0,1.80700362080917E-16,-1.0));
#2044=DIRECTION('',(-1.0,0.0,0.0));
#2045=ORIENTED_EDGE('',*,*,#2526,.T.);
#2046=ORIENTED_EDGE('',*,*,#2518,.F.);
#2047=ORIENTED_EDGE('',*,*,#2525,.F.);
#2048=ORIENTED_EDGE('',*,*,#2538,.T.);
#2049=CARTESIAN_POINT('',(-1.09,5.9,0.300000000000001));
#2050=DIRECTION('',(0.0,-1.0,0.0));
#2051=DIRECTION('',(0.0,0.0,-1.0));
#2052=ORIENTED_EDGE('',*,*,#2539,.F.);
#2053=ORIENTED_EDGE('',*,*,#2235,.T.);
#2054=ORIENTED_EDGE('',*,*,#2540,.T.);
#2055=ORIENTED_EDGE('',*,*,#2541,.F.);
#2056=CARTESIAN_POINT('',(0.16,5.1,0.600000000000001));
#2057=DIRECTION('',(0.0,0.0,1.0));
#2058=DIRECTION('',(1.0,0.0,0.0));
#2059=ORIENTED_EDGE('',*,*,#2542,.T.);
#2060=ORIENTED_EDGE('',*,*,#2237,.T.);
#2061=ORIENTED_EDGE('',*,*,#2543,.F.);
#2062=ORIENTED_EDGE('',*,*,#2544,.T.);
#2063=CARTESIAN_POINT('',(0.16,5.9,1.175));
#2064=DIRECTION('',(0.0,0.0,-1.0));
#2065=DIRECTION('',(0.0,-1.0,0.0));
#2066=ORIENTED_EDGE('',*,*,#2236,.F.);
#2067=ORIENTED_EDGE('',*,*,#2539,.T.);
#2068=ORIENTED_EDGE('',*,*,#2545,.T.);
#2069=ORIENTED_EDGE('',*,*,#2546,.T.);
#2070=ORIENTED_EDGE('',*,*,#2547,.T.);
#2071=ORIENTED_EDGE('',*,*,#2548,.T.);
#2072=ORIENTED_EDGE('',*,*,#2549,.T.);
#2073=ORIENTED_EDGE('',*,*,#2550,.T.);
#2074=ORIENTED_EDGE('',*,*,#2551,.T.);
#2075=ORIENTED_EDGE('',*,*,#2543,.T.);
#2076=CARTESIAN_POINT('',(0.16,0.0,0.0));
#2077=DIRECTION('',(1.0,0.0,0.0));
#2078=DIRECTION('',(0.0,1.0,0.0));
#2079=ORIENTED_EDGE('',*,*,#2540,.F.);
#2080=ORIENTED_EDGE('',*,*,#2238,.T.);
#2081=ORIENTED_EDGE('',*,*,#2542,.F.);
#2082=ORIENTED_EDGE('',*,*,#2552,.F.);
#2083=ORIENTED_EDGE('',*,*,#2553,.F.);
#2084=ORIENTED_EDGE('',*,*,#2554,.F.);
#2085=ORIENTED_EDGE('',*,*,#2555,.F.);
#2086=ORIENTED_EDGE('',*,*,#2556,.F.);
#2087=ORIENTED_EDGE('',*,*,#2557,.F.);
#2088=ORIENTED_EDGE('',*,*,#2558,.F.);
#2089=CARTESIAN_POINT('',(-0.16,0.0,0.0));
#2090=DIRECTION('',(1.0,0.0,0.0));
#2091=DIRECTION('',(0.0,1.0,0.0));
#2092=ORIENTED_EDGE('',*,*,#2558,.T.);
#2093=ORIENTED_EDGE('',*,*,#2559,.F.);
#2094=ORIENTED_EDGE('',*,*,#2545,.F.);
#2095=ORIENTED_EDGE('',*,*,#2541,.T.);
#2096=CARTESIAN_POINT('',(0.16,5.4,0.600000000000001));
#2097=DIRECTION('',(-0.0,1.0,0.0));
#2098=DIRECTION('',(1.0,0.0,0.0));
#2099=ORIENTED_EDGE('',*,*,#2557,.T.);
#2100=ORIENTED_EDGE('',*,*,#2560,.F.);
#2101=ORIENTED_EDGE('',*,*,#2546,.F.);
#2102=ORIENTED_EDGE('',*,*,#2559,.T.);
#2103=CARTESIAN_POINT('',(0.16,5.4,7.7715611723761E-16));
#2104=DIRECTION('',(0.0,0.707106781186547,0.707106781186548));
#2105=DIRECTION('',(1.0,-0.0,0.0));
#2106=ORIENTED_EDGE('',*,*,#2556,.T.);
#2107=ORIENTED_EDGE('',*,*,#2561,.F.);
#2108=ORIENTED_EDGE('',*,*,#2547,.F.);
#2109=ORIENTED_EDGE('',*,*,#2560,.T.);
#2110=CARTESIAN_POINT('',(0.16,5.6,-0.199999999999999));
#2111=DIRECTION('',(0.0,0.0,1.0));
#2112=DIRECTION('',(1.0,0.0,0.0));
#2113=ORIENTED_EDGE('',*,*,#2555,.T.);
#2114=ORIENTED_EDGE('',*,*,#2562,.F.);
#2115=ORIENTED_EDGE('',*,*,#2548,.F.);
#2116=ORIENTED_EDGE('',*,*,#2561,.T.);
#2117=CARTESIAN_POINT('',(0.16,6.0,-0.199999999999999));
#2118=DIRECTION('',(0.0,-0.707106781186547,0.707106781186548));
#2119=DIRECTION('',(-1.0,0.0,0.0));
#2120=ORIENTED_EDGE('',*,*,#2554,.T.);
#2121=ORIENTED_EDGE('',*,*,#2563,.F.);
#2122=ORIENTED_EDGE('',*,*,#2549,.F.);
#2123=ORIENTED_EDGE('',*,*,#2562,.T.);
#2124=CARTESIAN_POINT('',(0.16,6.2,7.21644966006352E-16));
#2125=DIRECTION('',(0.0,-1.0,0.0));
#2126=DIRECTION('',(0.0,0.0,-1.0));
#2127=ORIENTED_EDGE('',*,*,#2553,.T.);
#2128=ORIENTED_EDGE('',*,*,#2564,.F.);
#2129=ORIENTED_EDGE('',*,*,#2550,.F.);
#2130=ORIENTED_EDGE('',*,*,#2563,.T.);
#2131=CARTESIAN_POINT('',(0.16,6.2,0.300000000000001));
#2132=DIRECTION('',(0.0,1.80700362080917E-16,-1.0));
#2133=DIRECTION('',(-1.0,0.0,0.0));
#2134=ORIENTED_EDGE('',*,*,#2552,.T.);
#2135=ORIENTED_EDGE('',*,*,#2544,.F.);
#2136=ORIENTED_EDGE('',*,*,#2551,.F.);
#2137=ORIENTED_EDGE('',*,*,#2564,.T.);
#2138=CARTESIAN_POINT('',(0.16,5.9,0.300000000000001));
#2139=DIRECTION('',(0.0,-1.0,0.0));
#2140=DIRECTION('',(0.0,0.0,-1.0));
#2141=COLOUR_RGB('',0.596063196659088,0.666666686534882,0.686259269714355);
#2142=EDGE_CURVE('',#2565,#2566,#2567,.T.);
#2143=EDGE_CURVE('',#2565,#2568,#2569,.T.);
#2144=EDGE_CURVE('',#2570,#2568,#2571,.T.);
#2145=EDGE_CURVE('',#2570,#2566,#2572,.T.);
#2146=EDGE_CURVE('',#2573,#2574,#2575,.T.);
#2147=EDGE_CURVE('',#2573,#2576,#2577,.T.);
#2148=EDGE_CURVE('',#2578,#2576,#2579,.T.);
#2149=EDGE_CURVE('',#2578,#2574,#2580,.T.);
#2150=EDGE_CURVE('',#2581,#2582,#2583,.T.);
#2151=EDGE_CURVE('',#2581,#2584,#2585,.T.);
#2152=EDGE_CURVE('',#2584,#2586,#2587,.T.);
#2153=EDGE_CURVE('',#2586,#2582,#2588,.T.);
#2154=EDGE_CURVE('',#2589,#2590,#2591,.T.);
#2155=EDGE_CURVE('',#2589,#2592,#2593,.T.);
#2156=EDGE_CURVE('',#2592,#2594,#2595,.T.);
#2157=EDGE_CURVE('',#2594,#2590,#2596,.T.);
#2158=EDGE_CURVE('',#2597,#2598,#2599,.T.);
#2159=EDGE_CURVE('',#2600,#2597,#2601,.T.);
#2160=EDGE_CURVE('',#2602,#2600,#2603,.T.);
#2161=EDGE_CURVE('',#2604,#2602,#2605,.T.);
#2162=EDGE_CURVE('',#2604,#2606,#2607,.T.);
#2163=EDGE_CURVE('',#2608,#2606,#2609,.T.);
#2164=EDGE_CURVE('',#2610,#2608,#2611,.T.);
#2165=EDGE_CURVE('',#2612,#2610,#2613,.T.);
#2166=EDGE_CURVE('',#2612,#2614,#2615,.T.);
#2167=EDGE_CURVE('',#2616,#2614,#2617,.T.);
#2168=EDGE_CURVE('',#2616,#2618,#2619,.T.);
#2169=EDGE_CURVE('',#2618,#2598,#2620,.T.);
#2170=EDGE_CURVE('',#2621,#2597,#2622,.T.);
#2171=EDGE_CURVE('',#2623,#2621,#2624,.T.);
#2172=EDGE_CURVE('',#2625,#2623,#2626,.T.);
#2173=EDGE_CURVE('',#2627,#2625,#2628,.T.);
#2174=EDGE_CURVE('',#2629,#2627,#2630,.T.);
#2175=EDGE_CURVE('',#2631,#2629,#2632,.T.);
#2176=EDGE_CURVE('',#2633,#2631,#2634,.T.);
#2177=EDGE_CURVE('',#2633,#2635,#2636,.T.);
#2178=EDGE_CURVE('',#2637,#2635,#2638,.T.);
#2179=EDGE_CURVE('',#2639,#2637,#2640,.T.);
#2180=EDGE_CURVE('',#2641,#2639,#2642,.T.);
#2181=EDGE_CURVE('',#2641,#2643,#2644,.T.);
#2182=EDGE_CURVE('',#2643,#2645,#2646,.T.);
#2183=EDGE_CURVE('',#2647,#2645,#2648,.T.);
#2184=EDGE_CURVE('',#2649,#2647,#2650,.T.);
#2185=EDGE_CURVE('',#2651,#2649,#2652,.T.);
#2186=EDGE_CURVE('',#2653,#2651,#2654,.T.);
#2187=EDGE_CURVE('',#2655,#2653,#2656,.T.);
#2188=EDGE_CURVE('',#2657,#2655,#2658,.T.);
#2189=EDGE_CURVE('',#2659,#2657,#2660,.T.);
#2190=EDGE_CURVE('',#2661,#2659,#2662,.T.);
#2191=EDGE_CURVE('',#2663,#2661,#2664,.T.);
#2192=EDGE_CURVE('',#2608,#2663,#2665,.T.);
#2193=EDGE_CURVE('',#2666,#2606,#2667,.T.);
#2194=EDGE_CURVE('',#2668,#2666,#2669,.T.);
#2195=EDGE_CURVE('',#2600,#2668,#2670,.T.);
#2196=EDGE_CURVE('',#2671,#2672,#2673,.T.);
#2197=EDGE_CURVE('',#2674,#2671,#2675,.T.);
#2198=EDGE_CURVE('',#2676,#2674,#2677,.T.);
#2199=EDGE_CURVE('',#2678,#2676,#2679,.T.);
#2200=EDGE_CURVE('',#2680,#2678,#2681,.T.);
#2201=EDGE_CURVE('',#2682,#2680,#2683,.T.);
#2202=EDGE_CURVE('',#2684,#2682,#2685,.T.);
#2203=EDGE_CURVE('',#2684,#2686,#2687,.T.);
#2204=EDGE_CURVE('',#2686,#2688,#2689,.T.);
#2205=EDGE_CURVE('',#2688,#2690,#2691,.T.);
#2206=EDGE_CURVE('',#2692,#2690,#2693,.T.);
#2207=EDGE_CURVE('',#2692,#2672,#2694,.T.);
#2208=EDGE_CURVE('',#2672,#2695,#2696,.T.);
#2209=EDGE_CURVE('',#2697,#2692,#2698,.T.);
#2210=EDGE_CURVE('',#2695,#2697,#2699,.T.);
#2211=EDGE_CURVE('',#2700,#2701,#2702,.T.);
#2212=EDGE_CURVE('',#2700,#2703,#2704,.T.);
#2213=EDGE_CURVE('',#2705,#2703,#2706,.T.);
#2214=EDGE_CURVE('',#2645,#2705,#2707,.T.);
#2215=EDGE_CURVE('',#2701,#2643,#2708,.T.);
#2216=EDGE_CURVE('',#2709,#2710,#2711,.T.);
#2217=EDGE_CURVE('',#2712,#2709,#2713,.T.);
#2218=EDGE_CURVE('',#2712,#2714,#2715,.T.);
#2219=EDGE_CURVE('',#2714,#2710,#2716,.T.);
#2220=EDGE_CURVE('',#2633,#2695,#2717,.T.);
#2221=EDGE_CURVE('',#2697,#2718,#2719,.T.);
#2222=EDGE_CURVE('',#2720,#2718,#2721,.T.);
#2223=EDGE_CURVE('',#2720,#2722,#2723,.T.);
#2224=EDGE_CURVE('',#2701,#2722,#2724,.T.);
#2225=EDGE_CURVE('',#2725,#2641,#2726,.T.);
#2226=EDGE_CURVE('',#2727,#2725,#2728,.T.);
#2227=EDGE_CURVE('',#2727,#2635,#2729,.T.);
#2228=EDGE_CURVE('',#2730,#2731,#2732,.T.);
#2229=EDGE_CURVE('',#2733,#2730,#2734,.T.);
#2230=EDGE_CURVE('',#2733,#2705,#2735,.T.);
#2231=EDGE_CURVE('',#2736,#2703,#2737,.T.);
#2232=EDGE_CURVE('',#2738,#2736,#2739,.T.);
#2233=EDGE_CURVE('',#2740,#2738,#2741,.T.);
#2234=EDGE_CURVE('',#2731,#2740,#2742,.T.);
#2235=EDGE_CURVE('',#2743,#2744,#2745,.T.);
#2236=EDGE_CURVE('',#2743,#2746,#2747,.T.);
#2237=EDGE_CURVE('',#2748,#2746,#2749,.T.);
#2238=EDGE_CURVE('',#2744,#2748,#2750,.T.);
#2239=EDGE_CURVE('',#2751,#2752,#2753,.T.);
#2240=EDGE_CURVE('',#2751,#2754,#2755,.T.);
#2241=EDGE_CURVE('',#2756,#2754,#2757,.T.);
#2242=EDGE_CURVE('',#2752,#2756,#2758,.T.);
#2243=EDGE_CURVE('',#2759,#2760,#2761,.T.);
#2244=EDGE_CURVE('',#2759,#2762,#2763,.T.);
#2245=EDGE_CURVE('',#2764,#2762,#2765,.T.);
#2246=EDGE_CURVE('',#2760,#2764,#2766,.T.);
#2247=EDGE_CURVE('',#2663,#2733,#2767,.T.);
#2248=EDGE_CURVE('',#2768,#2661,#2769,.T.);
#2249=EDGE_CURVE('',#2770,#2768,#2771,.T.);
#2250=EDGE_CURVE('',#2770,#2655,#2772,.T.);
#2251=EDGE_CURVE('',#2773,#2653,#2774,.T.);
#2252=EDGE_CURVE('',#2775,#2773,#2776,.T.);
#2253=EDGE_CURVE('',#2775,#2647,#2777,.T.);
#2254=EDGE_CURVE('',#2778,#2779,#2780,.T.);
#2255=EDGE_CURVE('',#2781,#2778,#2782,.T.);
#2256=EDGE_CURVE('',#2781,#2783,#2784,.T.);
#2257=EDGE_CURVE('',#2783,#2779,#2785,.T.);
#2258=EDGE_CURVE('',#2610,#2786,#2787,.T.);
#2259=EDGE_CURVE('',#2786,#2730,#2788,.T.);
#2260=EDGE_CURVE('',#2789,#2639,#2790,.T.);
#2261=EDGE_CURVE('',#2725,#2789,#2791,.T.);
#2262=EDGE_CURVE('',#2792,#2637,#2793,.T.);
#2263=EDGE_CURVE('',#2789,#2792,#2794,.T.);
#2264=EDGE_CURVE('',#2792,#2727,#2795,.T.);
#2265=EDGE_CURVE('',#2796,#2775,#2797,.T.);
#2266=EDGE_CURVE('',#2796,#2649,#2798,.T.);
#2267=EDGE_CURVE('',#2799,#2651,#2800,.T.);
#2268=EDGE_CURVE('',#2773,#2799,#2801,.T.);
#2269=EDGE_CURVE('',#2799,#2796,#2802,.T.);
#2270=EDGE_CURVE('',#2803,#2668,#2804,.T.);
#2271=EDGE_CURVE('',#2602,#2803,#2805,.T.);
#2272=EDGE_CURVE('',#2806,#2666,#2807,.T.);
#2273=EDGE_CURVE('',#2803,#2806,#2808,.T.);
#2274=EDGE_CURVE('',#2806,#2604,#2809,.T.);
#2275=EDGE_CURVE('',#2810,#2770,#2811,.T.);
#2276=EDGE_CURVE('',#2810,#2657,#2812,.T.);
#2277=EDGE_CURVE('',#2813,#2659,#2814,.T.);
#2278=EDGE_CURVE('',#2768,#2813,#2815,.T.);
#2279=EDGE_CURVE('',#2813,#2810,#2816,.T.);
#2280=EDGE_CURVE('',#2718,#2817,#2818,.T.);
#2281=EDGE_CURVE('',#2817,#2819,#2820,.T.);
#2282=EDGE_CURVE('',#2720,#2819,#2821,.T.);
#2283=EDGE_CURVE('',#2718,#2822,#2823,.T.);
#2284=EDGE_CURVE('',#2822,#2824,#2825,.T.);
#2285=EDGE_CURVE('',#2824,#2817,#2826,.T.);
#2286=EDGE_CURVE('',#2590,#2824,#2827,.T.);
#2287=EDGE_CURVE('',#2822,#2589,#2828,.T.);
#2288=EDGE_CURVE('',#2592,#2692,#2829,.T.);
#2289=EDGE_CURVE('',#2690,#2594,#2830,.T.);
#2290=EDGE_CURVE('',#2686,#2831,#2832,.T.);
#2291=EDGE_CURVE('',#2831,#2833,#2834,.T.);
#2292=EDGE_CURVE('',#2833,#2688,#2835,.T.);
#2293=EDGE_CURVE('',#2582,#2833,#2836,.T.);
#2294=EDGE_CURVE('',#2831,#2581,#2837,.T.);
#2295=EDGE_CURVE('',#2584,#2616,#2838,.T.);
#2296=EDGE_CURVE('',#2616,#2839,#2840,.T.);
#2297=EDGE_CURVE('',#2839,#2586,#2841,.T.);
#2298=EDGE_CURVE('',#2614,#2842,#2843,.T.);
#2299=EDGE_CURVE('',#2842,#2839,#2844,.T.);
#2300=EDGE_CURVE('',#2614,#2578,#2845,.T.);
#2301=EDGE_CURVE('',#2576,#2842,#2846,.T.);
#2302=EDGE_CURVE('',#2574,#2847,#2848,.T.);
#2303=EDGE_CURVE('',#2847,#2849,#2850,.T.);
#2304=EDGE_CURVE('',#2849,#2573,#2851,.T.);
#2305=EDGE_CURVE('',#2847,#2852,#2853,.T.);
#2306=EDGE_CURVE('',#2852,#2854,#2855,.T.);
#2307=EDGE_CURVE('',#2856,#2854,#2857,.T.);
#2308=EDGE_CURVE('',#2856,#2858,#2859,.T.);
#2309=EDGE_CURVE('',#2858,#2860,#2861,.T.);
#2310=EDGE_CURVE('',#2860,#2849,#2862,.T.);
#2311=EDGE_CURVE('',#2863,#2864,#2865,.T.);
#2312=EDGE_CURVE('',#2864,#2866,#2867,.T.);
#2313=EDGE_CURVE('',#2866,#2868,#2869,.T.);
#2314=EDGE_CURVE('',#2868,#2860,#2870,.T.);
#2315=EDGE_CURVE('',#2858,#2871,#2872,.T.);
#2316=EDGE_CURVE('',#2871,#2873,#2874,.T.);
#2317=EDGE_CURVE('',#2873,#2863,#2875,.T.);
#2318=EDGE_CURVE('',#2876,#2877,#2878,.T.);
#2319=EDGE_CURVE('',#2876,#2570,#2879,.T.);
#2320=EDGE_CURVE('',#2568,#2868,#2880,.T.);
#2321=EDGE_CURVE('',#2866,#2881,#2882,.T.);
#2322=EDGE_CURVE('',#2877,#2881,#2883,.T.);
#2323=EDGE_CURVE('',#2566,#2884,#2885,.T.);
#2324=EDGE_CURVE('',#2884,#2886,#2887,.T.);
#2325=EDGE_CURVE('',#2886,#2565,#2888,.T.);
#2326=EDGE_CURVE('',#2884,#2720,#2889,.T.);
#2327=EDGE_CURVE('',#2819,#2886,#2890,.T.);
#2328=EDGE_CURVE('',#2891,#2892,#2893,.T.);
#2329=EDGE_CURVE('',#2891,#2894,#2895,.T.);
#2330=EDGE_CURVE('',#2896,#2894,#2897,.T.);
#2331=EDGE_CURVE('',#2892,#2896,#2898,.T.);
#2332=EDGE_CURVE('',#2899,#2900,#2901,.T.);
#2333=EDGE_CURVE('',#2899,#2902,#2903,.T.);
#2334=EDGE_CURVE('',#2904,#2902,#2905,.T.);
#2335=EDGE_CURVE('',#2900,#2904,#2906,.T.);
#2336=EDGE_CURVE('',#2907,#2908,#2909,.T.);
#2337=EDGE_CURVE('',#2907,#2910,#2911,.T.);
#2338=EDGE_CURVE('',#2912,#2910,#2913,.T.);
#2339=EDGE_CURVE('',#2908,#2912,#2914,.T.);
#2340=EDGE_CURVE('',#2722,#2876,#2915,.T.);
#2341=EDGE_CURVE('',#2700,#2877,#2916,.T.);
#2342=EDGE_CURVE('',#2731,#2917,#2918,.T.);
#2343=EDGE_CURVE('',#2917,#2856,#2919,.T.);
#2344=EDGE_CURVE('',#2854,#2786,#2920,.T.);
#2345=EDGE_CURVE('',#2871,#2917,#2921,.T.);
#2346=EDGE_CURVE('',#2740,#2922,#2923,.T.);
#2347=EDGE_CURVE('',#2922,#2873,#2924,.T.);
#2348=EDGE_CURVE('',#2738,#2925,#2926,.T.);
#2349=EDGE_CURVE('',#2925,#2922,#2927,.T.);
#2350=EDGE_CURVE('',#2736,#2928,#2929,.T.);
#2351=EDGE_CURVE('',#2928,#2864,#2930,.T.);
#2352=EDGE_CURVE('',#2863,#2925,#2931,.T.);
#2353=EDGE_CURVE('',#2881,#2928,#2932,.T.);
#2354=EDGE_CURVE('',#2852,#2612,#2933,.T.);
#2355=EDGE_CURVE('',#2779,#2934,#2935,.T.);
#2356=EDGE_CURVE('',#2783,#2936,#2937,.T.);
#2357=EDGE_CURVE('',#2936,#2934,#2938,.T.);
#2358=EDGE_CURVE('',#2934,#2939,#2940,.T.);
#2359=EDGE_CURVE('',#2936,#2941,#2942,.T.);
#2360=EDGE_CURVE('',#2941,#2939,#2943,.T.);
#2361=EDGE_CURVE('',#2939,#2944,#2945,.T.);
#2362=EDGE_CURVE('',#2941,#2946,#2947,.T.);
#2363=EDGE_CURVE('',#2946,#2944,#2948,.T.);
#2364=EDGE_CURVE('',#2944,#2949,#2950,.T.);
#2365=EDGE_CURVE('',#2946,#2951,#2952,.T.);
#2366=EDGE_CURVE('',#2951,#2949,#2953,.T.);
#2367=EDGE_CURVE('',#2949,#2954,#2955,.T.);
#2368=EDGE_CURVE('',#2951,#2956,#2957,.T.);
#2369=EDGE_CURVE('',#2956,#2954,#2958,.T.);
#2370=EDGE_CURVE('',#2959,#2960,#2961,.T.);
#2371=EDGE_CURVE('',#2954,#2959,#2962,.T.);
#2372=EDGE_CURVE('',#2956,#2781,#2963,.T.);
#2373=EDGE_CURVE('',#2964,#2778,#2965,.T.);
#2374=EDGE_CURVE('',#2966,#2964,#2967,.T.);
#2375=EDGE_CURVE('',#2960,#2966,#2968,.T.);
#2376=EDGE_CURVE('',#2969,#2970,#2971,.T.);
#2377=EDGE_CURVE('',#2970,#2972,#2973,.T.);
#2378=EDGE_CURVE('',#2972,#2974,#2975,.T.);
#2379=EDGE_CURVE('',#2974,#2964,#2976,.T.);
#2380=EDGE_CURVE('',#2959,#2969,#2977,.T.);
#2381=EDGE_CURVE('',#2978,#2979,#2980,.T.);
#2382=EDGE_CURVE('',#2981,#2978,#2982,.T.);
#2383=EDGE_CURVE('',#2981,#2983,#2984,.T.);
#2384=EDGE_CURVE('',#2983,#2979,#2985,.T.);
#2385=EDGE_CURVE('',#2979,#2986,#2987,.T.);
#2386=EDGE_CURVE('',#2983,#2988,#2989,.T.);
#2387=EDGE_CURVE('',#2988,#2986,#2990,.T.);
#2388=EDGE_CURVE('',#2986,#2991,#2992,.T.);
#2389=EDGE_CURVE('',#2988,#2993,#2994,.T.);
#2390=EDGE_CURVE('',#2993,#2991,#2995,.T.);
#2391=EDGE_CURVE('',#2991,#2709,#2996,.T.);
#2392=EDGE_CURVE('',#2993,#2712,#2997,.T.);
#2393=EDGE_CURVE('',#2998,#2999,#3000,.T.);
#2394=EDGE_CURVE('',#3001,#2998,#3002,.T.);
#2395=EDGE_CURVE('',#3003,#3001,#3004,.T.);
#2396=EDGE_CURVE('',#2710,#3003,#3005,.T.);
#2397=EDGE_CURVE('',#2714,#3006,#3007,.T.);
#2398=EDGE_CURVE('',#3006,#3008,#3009,.T.);
#2399=EDGE_CURVE('',#2999,#3008,#3010,.T.);
#2400=EDGE_CURVE('',#3008,#2978,#3011,.T.);
#2401=EDGE_CURVE('',#3006,#2981,#3012,.T.);
#2402=EDGE_CURVE('',#3013,#3014,#3015,.T.);
#2403=EDGE_CURVE('',#3014,#3016,#3017,.T.);
#2404=EDGE_CURVE('',#3016,#3018,#3019,.T.);
#2405=EDGE_CURVE('',#3018,#2999,#3020,.T.);
#2406=EDGE_CURVE('',#3003,#3013,#3021,.T.);
#2407=EDGE_CURVE('',#2618,#2686,#3022,.T.);
#2408=EDGE_CURVE('',#2598,#2684,#3023,.T.);
#2409=EDGE_CURVE('',#2676,#2627,#3024,.T.);
#2410=EDGE_CURVE('',#2674,#2629,#3025,.T.);
#2411=EDGE_CURVE('',#2671,#2631,#3026,.T.);
#2412=EDGE_CURVE('',#2682,#2621,#3027,.T.);
#2413=EDGE_CURVE('',#2680,#2623,#3028,.T.);
#2414=EDGE_CURVE('',#2678,#2625,#3029,.T.);
#2415=EDGE_CURVE('',#3030,#3031,#3032,.T.);
#2416=EDGE_CURVE('',#3033,#3031,#3034,.T.);
#2417=EDGE_CURVE('',#3035,#3033,#3036,.T.);
#2418=EDGE_CURVE('',#3035,#3030,#3037,.T.);
#2419=EDGE_CURVE('',#3031,#3038,#3039,.T.);
#2420=EDGE_CURVE('',#3040,#3038,#3041,.T.);
#2421=EDGE_CURVE('',#3033,#3040,#3042,.T.);
#2422=EDGE_CURVE('',#3038,#3043,#3044,.T.);
#2423=EDGE_CURVE('',#3045,#3043,#3046,.T.);
#2424=EDGE_CURVE('',#3040,#3045,#3047,.T.);
#2425=EDGE_CURVE('',#2908,#3030,#3048,.T.);
#2426=EDGE_CURVE('',#3043,#2912,#3049,.T.);
#2427=EDGE_CURVE('',#2907,#3035,#3050,.T.);
#2428=EDGE_CURVE('',#3045,#2910,#3051,.T.);
#2429=EDGE_CURVE('',#2759,#3052,#3053,.T.);
#2430=EDGE_CURVE('',#2760,#3054,#3055,.T.);
#2431=EDGE_CURVE('',#3052,#3054,#3056,.T.);
#2432=EDGE_CURVE('',#3057,#2764,#3058,.T.);
#2433=EDGE_CURVE('',#3059,#2762,#3060,.T.);
#2434=EDGE_CURVE('',#3059,#3057,#3061,.T.);
#2435=EDGE_CURVE('',#3052,#3062,#3063,.T.);
#2436=EDGE_CURVE('',#3062,#3064,#3065,.T.);
#2437=EDGE_CURVE('',#3064,#3066,#3067,.T.);
#2438=EDGE_CURVE('',#3066,#3068,#3069,.T.);
#2439=EDGE_CURVE('',#3068,#3070,#3071,.T.);
#2440=EDGE_CURVE('',#3070,#3072,#3073,.T.);
#2441=EDGE_CURVE('',#3072,#3059,#3074,.T.);
#2442=EDGE_CURVE('',#3075,#3057,#3076,.T.);
#2443=EDGE_CURVE('',#3077,#3075,#3078,.T.);
#2444=EDGE_CURVE('',#3079,#3077,#3080,.T.);
#2445=EDGE_CURVE('',#3081,#3079,#3082,.T.);
#2446=EDGE_CURVE('',#3083,#3081,#3084,.T.);
#2447=EDGE_CURVE('',#3085,#3083,#3086,.T.);
#2448=EDGE_CURVE('',#3054,#3085,#3087,.T.);
#2449=EDGE_CURVE('',#3062,#3085,#3088,.T.);
#2450=EDGE_CURVE('',#3064,#3083,#3089,.T.);
#2451=EDGE_CURVE('',#3066,#3081,#3090,.T.);
#2452=EDGE_CURVE('',#3068,#3079,#3091,.T.);
#2453=EDGE_CURVE('',#3070,#3077,#3092,.T.);
#2454=EDGE_CURVE('',#3072,#3075,#3093,.T.);
#2455=EDGE_CURVE('',#2960,#3094,#3095,.T.);
#2456=EDGE_CURVE('',#3094,#2969,#3096,.T.);
#2457=EDGE_CURVE('',#3094,#3097,#3098,.T.);
#2458=EDGE_CURVE('',#3097,#3099,#3100,.T.);
#2459=EDGE_CURVE('',#3099,#3101,#3102,.T.);
#2460=EDGE_CURVE('',#3101,#2970,#3103,.T.);
#2461=EDGE_CURVE('',#3099,#3104,#3105,.T.);
#2462=EDGE_CURVE('',#3104,#3106,#3107,.T.);
#2463=EDGE_CURVE('',#3106,#3101,#3108,.T.);
#2464=EDGE_CURVE('',#3104,#3109,#3110,.T.);
#2465=EDGE_CURVE('',#3109,#3111,#3112,.T.);
#2466=EDGE_CURVE('',#3111,#2974,#3113,.T.);
#2467=EDGE_CURVE('',#2972,#3106,#3114,.T.);
#2468=EDGE_CURVE('',#3111,#2966,#3115,.T.);
#2469=EDGE_CURVE('',#3109,#3097,#3116,.T.);
#2470=EDGE_CURVE('',#3117,#3118,#3119,.T.);
#2471=EDGE_CURVE('',#3117,#3120,#3121,.T.);
#2472=EDGE_CURVE('',#3120,#3122,#3123,.T.);
#2473=EDGE_CURVE('',#3122,#3118,#3124,.T.);
#2474=EDGE_CURVE('',#3120,#3125,#3126,.T.);
#2475=EDGE_CURVE('',#3125,#3127,#3128,.T.);
#2476=EDGE_CURVE('',#3127,#3018,#3129,.T.);
#2477=EDGE_CURVE('',#3016,#3122,#3130,.T.);
#2478=EDGE_CURVE('',#3127,#2998,#3131,.T.);
#2479=EDGE_CURVE('',#3001,#3132,#3133,.T.);
#2480=EDGE_CURVE('',#3132,#3013,#3134,.T.);
#2481=EDGE_CURVE('',#3132,#3135,#3136,.T.);
#2482=EDGE_CURVE('',#3135,#3117,#3137,.T.);
#2483=EDGE_CURVE('',#3118,#3014,#3138,.T.);
#2484=EDGE_CURVE('',#3125,#3135,#3139,.T.);
#2485=EDGE_CURVE('',#3140,#3141,#3142,.T.);
#2486=EDGE_CURVE('',#3143,#3141,#3144,.T.);
#2487=EDGE_CURVE('',#3145,#3143,#3146,.T.);
#2488=EDGE_CURVE('',#3145,#3140,#3147,.T.);
#2489=EDGE_CURVE('',#3141,#3148,#3149,.T.);
#2490=EDGE_CURVE('',#3150,#3148,#3151,.T.);
#2491=EDGE_CURVE('',#3143,#3150,#3152,.T.);
#2492=EDGE_CURVE('',#3148,#3153,#3154,.T.);
#2493=EDGE_CURVE('',#3155,#3153,#3156,.T.);
#2494=EDGE_CURVE('',#3150,#3155,#3157,.T.);
#2495=EDGE_CURVE('',#2900,#3140,#3158,.T.);
#2496=EDGE_CURVE('',#3153,#2904,#3159,.T.);
#2497=EDGE_CURVE('',#2899,#3145,#3160,.T.);
#2498=EDGE_CURVE('',#3155,#2902,#3161,.T.);
#2499=EDGE_CURVE('',#3162,#3163,#3164,.T.);
#2500=EDGE_CURVE('',#3165,#3163,#3166,.T.);
#2501=EDGE_CURVE('',#3167,#3165,#3168,.T.);
#2502=EDGE_CURVE('',#3167,#3162,#3169,.T.);
#2503=EDGE_CURVE('',#3163,#3170,#3171,.T.);
#2504=EDGE_CURVE('',#3172,#3170,#3173,.T.);
#2505=EDGE_CURVE('',#3165,#3172,#3174,.T.);
#2506=EDGE_CURVE('',#3170,#3175,#3176,.T.);
#2507=EDGE_CURVE('',#3177,#3175,#3178,.T.);
#2508=EDGE_CURVE('',#3172,#3177,#3179,.T.);
#2509=EDGE_CURVE('',#2892,#3162,#3180,.T.);
#2510=EDGE_CURVE('',#3175,#2896,#3181,.T.);
#2511=EDGE_CURVE('',#2891,#3167,#3182,.T.);
#2512=EDGE_CURVE('',#3177,#2894,#3183,.T.);
#2513=EDGE_CURVE('',#2751,#3184,#3185,.T.);
#2514=EDGE_CURVE('',#2752,#3186,#3187,.T.);
#2515=EDGE_CURVE('',#3184,#3186,#3188,.T.);
#2516=EDGE_CURVE('',#3189,#2756,#3190,.T.);
#2517=EDGE_CURVE('',#3191,#2754,#3192,.T.);
#2518=EDGE_CURVE('',#3191,#3189,#3193,.T.);
#2519=EDGE_CURVE('',#3184,#3194,#3195,.T.);
#2520=EDGE_CURVE('',#3194,#3196,#3197,.T.);
#2521=EDGE_CURVE('',#3196,#3198,#3199,.T.);
#2522=EDGE_CURVE('',#3198,#3200,#3201,.T.);
#2523=EDGE_CURVE('',#3200,#3202,#3203,.T.);
#2524=EDGE_CURVE('',#3202,#3204,#3205,.T.);
#2525=EDGE_CURVE('',#3204,#3191,#3206,.T.);
#2526=EDGE_CURVE('',#3207,#3189,#3208,.T.);
#2527=EDGE_CURVE('',#3209,#3207,#3210,.T.);
#2528=EDGE_CURVE('',#3211,#3209,#3212,.T.);
#2529=EDGE_CURVE('',#3213,#3211,#3214,.T.);
#2530=EDGE_CURVE('',#3215,#3213,#3216,.T.);
#2531=EDGE_CURVE('',#3217,#3215,#3218,.T.);
#2532=EDGE_CURVE('',#3186,#3217,#3219,.T.);
#2533=EDGE_CURVE('',#3194,#3217,#3220,.T.);
#2534=EDGE_CURVE('',#3196,#3215,#3221,.T.);
#2535=EDGE_CURVE('',#3198,#3213,#3222,.T.);
#2536=EDGE_CURVE('',#3200,#3211,#3223,.T.);
#2537=EDGE_CURVE('',#3202,#3209,#3224,.T.);
#2538=EDGE_CURVE('',#3204,#3207,#3225,.T.);
#2539=EDGE_CURVE('',#2743,#3226,#3227,.T.);
#2540=EDGE_CURVE('',#2744,#3228,#3229,.T.);
#2541=EDGE_CURVE('',#3226,#3228,#3230,.T.);
#2542=EDGE_CURVE('',#3231,#2748,#3232,.T.);
#2543=EDGE_CURVE('',#3233,#2746,#3234,.T.);
#2544=EDGE_CURVE('',#3233,#3231,#3235,.T.);
#2545=EDGE_CURVE('',#3226,#3236,#3237,.T.);
#2546=EDGE_CURVE('',#3236,#3238,#3239,.T.);
#2547=EDGE_CURVE('',#3238,#3240,#3241,.T.);
#2548=EDGE_CURVE('',#3240,#3242,#3243,.T.);
#2549=EDGE_CURVE('',#3242,#3244,#3245,.T.);
#2550=EDGE_CURVE('',#3244,#3246,#3247,.T.);
#2551=EDGE_CURVE('',#3246,#3233,#3248,.T.);
#2552=EDGE_CURVE('',#3249,#3231,#3250,.T.);
#2553=EDGE_CURVE('',#3251,#3249,#3252,.T.);
#2554=EDGE_CURVE('',#3253,#3251,#3254,.T.);
#2555=EDGE_CURVE('',#3255,#3253,#3256,.T.);
#2556=EDGE_CURVE('',#3257,#3255,#3258,.T.);
#2557=EDGE_CURVE('',#3259,#3257,#3260,.T.);
#2558=EDGE_CURVE('',#3228,#3259,#3261,.T.);
#2559=EDGE_CURVE('',#3236,#3259,#3262,.T.);
#2560=EDGE_CURVE('',#3238,#3257,#3263,.T.);
#2561=EDGE_CURVE('',#3240,#3255,#3264,.T.);
#2562=EDGE_CURVE('',#3242,#3253,#3265,.T.);
#2563=EDGE_CURVE('',#3244,#3251,#3266,.T.);
#2564=EDGE_CURVE('',#3246,#3249,#3267,.T.);
#2565=VERTEX_POINT('',#3268);
#2566=VERTEX_POINT('',#3269);
#2567=LINE('',#3270,#3271);
#2568=VERTEX_POINT('',#3272);
#2569=CIRCLE('',#3273,0.1);
#2570=VERTEX_POINT('',#3274);
#2571=LINE('',#3275,#3276);
#2572=ELLIPSE('',#3277,0.120185042515467,0.1);
#2573=VERTEX_POINT('',#3278);
#2574=VERTEX_POINT('',#3279);
#2575=LINE('',#3280,#3281);
#2576=VERTEX_POINT('',#3282);
#2577=CIRCLE('',#3283,0.1);
#2578=VERTEX_POINT('',#3284);
#2579=LINE('',#3285,#3286);
#2580=ELLIPSE('',#3287,0.120185042515467,0.1);
#2581=VERTEX_POINT('',#3288);
#2582=VERTEX_POINT('',#3289);
#2583=LINE('',#3290,#3291);
#2584=VERTEX_POINT('',#3292);
#2585=ELLIPSE('',#3293,0.120185042515466,0.0999999999999997);
#2586=VERTEX_POINT('',#3294);
#2587=LINE('',#3295,#3296);
#2588=CIRCLE('',#3297,0.0999999999999997);
#2589=VERTEX_POINT('',#3298);
#2590=VERTEX_POINT('',#3299);
#2591=LINE('',#3300,#3301);
#2592=VERTEX_POINT('',#3302);
#2593=ELLIPSE('',#3303,0.120185042515466,0.0999999999999997);
#2594=VERTEX_POINT('',#3304);
#2595=LINE('',#3305,#3306);
#2596=CIRCLE('',#3307,0.0999999999999997);
#2597=VERTEX_POINT('',#3308);
#2598=VERTEX_POINT('',#3309);
#2599=LINE('',#3310,#3311);
#2600=VERTEX_POINT('',#3312);
#2601=LINE('',#3313,#3314);
#2602=VERTEX_POINT('',#3315);
#2603=LINE('',#3316,#3317);
#2604=VERTEX_POINT('',#3318);
#2605=LINE('',#3319,#3320);
#2606=VERTEX_POINT('',#3321);
#2607=LINE('',#3322,#3323);
#2608=VERTEX_POINT('',#3324);
#2609=LINE('',#3325,#3326);
#2610=VERTEX_POINT('',#3327);
#2611=LINE('',#3328,#3329);
#2612=VERTEX_POINT('',#3330);
#2613=LINE('',#3331,#3332);
#2614=VERTEX_POINT('',#3333);
#2615=LINE('',#3334,#3335);
#2616=VERTEX_POINT('',#3336);
#2617=LINE('',#3337,#3338);
#2618=VERTEX_POINT('',#3339);
#2619=LINE('',#3340,#3341);
#2620=LINE('',#3342,#3343);
#2621=VERTEX_POINT('',#3344);
#2622=LINE('',#3345,#3346);
#2623=VERTEX_POINT('',#3347);
#2624=LINE('',#3348,#3349);
#2625=VERTEX_POINT('',#3350);
#2626=LINE('',#3351,#3352);
#2627=VERTEX_POINT('',#3353);
#2628=LINE('',#3354,#3355);
#2629=VERTEX_POINT('',#3356);
#2630=LINE('',#3357,#3358);
#2631=VERTEX_POINT('',#3359);
#2632=LINE('',#3360,#3361);
#2633=VERTEX_POINT('',#3362);
#2634=LINE('',#3363,#3364);
#2635=VERTEX_POINT('',#3365);
#2636=LINE('',#3366,#3367);
#2637=VERTEX_POINT('',#3368);
#2638=LINE('',#3369,#3370);
#2639=VERTEX_POINT('',#3371);
#2640=LINE('',#3372,#3373);
#2641=VERTEX_POINT('',#3374);
#2642=LINE('',#3375,#3376);
#2643=VERTEX_POINT('',#3377);
#2644=LINE('',#3378,#3379);
#2645=VERTEX_POINT('',#3380);
#2646=LINE('',#3381,#3382);
#2647=VERTEX_POINT('',#3383);
#2648=LINE('',#3384,#3385);
#2649=VERTEX_POINT('',#3386);
#2650=LINE('',#3387,#3388);
#2651=VERTEX_POINT('',#3389);
#2652=LINE('',#3390,#3391);
#2653=VERTEX_POINT('',#3392);
#2654=LINE('',#3393,#3394);
#2655=VERTEX_POINT('',#3395);
#2656=LINE('',#3396,#3397);
#2657=VERTEX_POINT('',#3398);
#2658=LINE('',#3399,#3400);
#2659=VERTEX_POINT('',#3401);
#2660=LINE('',#3402,#3403);
#2661=VERTEX_POINT('',#3404);
#2662=LINE('',#3405,#3406);
#2663=VERTEX_POINT('',#3407);
#2664=LINE('',#3408,#3409);
#2665=LINE('',#3410,#3411);
#2666=VERTEX_POINT('',#3412);
#2667=LINE('',#3413,#3414);
#2668=VERTEX_POINT('',#3415);
#2669=LINE('',#3416,#3417);
#2670=LINE('',#3418,#3419);
#2671=VERTEX_POINT('',#3420);
#2672=VERTEX_POINT('',#3421);
#2673=LINE('',#3422,#3423);
#2674=VERTEX_POINT('',#3424);
#2675=LINE('',#3425,#3426);
#2676=VERTEX_POINT('',#3427);
#2677=LINE('',#3428,#3429);
#2678=VERTEX_POINT('',#3430);
#2679=LINE('',#3431,#3432);
#2680=VERTEX_POINT('',#3433);
#2681=LINE('',#3434,#3435);
#2682=VERTEX_POINT('',#3436);
#2683=LINE('',#3437,#3438);
#2684=VERTEX_POINT('',#3439);
#2685=LINE('',#3440,#3441);
#2686=VERTEX_POINT('',#3442);
#2687=LINE('',#3443,#3444);
#2688=VERTEX_POINT('',#3445);
#2689=LINE('',#3446,#3447);
#2690=VERTEX_POINT('',#3448);
#2691=LINE('',#3449,#3450);
#2692=VERTEX_POINT('',#3451);
#2693=LINE('',#3452,#3453);
#2694=LINE('',#3454,#3455);
#2695=VERTEX_POINT('',#3456);
#2696=LINE('',#3457,#3458);
#2697=VERTEX_POINT('',#3459);
#2698=LINE('',#3460,#3461);
#2699=LINE('',#3462,#3463);
#2700=VERTEX_POINT('',#3464);
#2701=VERTEX_POINT('',#3465);
#2702=LINE('',#3466,#3467);
#2703=VERTEX_POINT('',#3468);
#2704=LINE('',#3469,#3470);
#2705=VERTEX_POINT('',#3471);
#2706=LINE('',#3472,#3473);
#2707=LINE('',#3474,#3475);
#2708=LINE('',#3476,#3477);
#2709=VERTEX_POINT('',#3478);
#2710=VERTEX_POINT('',#3479);
#2711=LINE('',#3480,#3481);
#2712=VERTEX_POINT('',#3482);
#2713=LINE('',#3483,#3484);
#2714=VERTEX_POINT('',#3485);
#2715=LINE('',#3486,#3487);
#2716=LINE('',#3488,#3489);
#2717=LINE('',#3490,#3491);
#2718=VERTEX_POINT('',#3492);
#2719=LINE('',#3493,#3494);
#2720=VERTEX_POINT('',#3495);
#2721=LINE('',#3496,#3497);
#2722=VERTEX_POINT('',#3498);
#2723=LINE('',#3499,#3500);
#2724=LINE('',#3501,#3502);
#2725=VERTEX_POINT('',#3503);
#2726=LINE('',#3504,#3505);
#2727=VERTEX_POINT('',#3506);
#2728=LINE('',#3507,#3508);
#2729=LINE('',#3509,#3510);
#2730=VERTEX_POINT('',#3511);
#2731=VERTEX_POINT('',#3512);
#2732=LINE('',#3513,#3514);
#2733=VERTEX_POINT('',#3515);
#2734=LINE('',#3516,#3517);
#2735=LINE('',#3518,#3519);
#2736=VERTEX_POINT('',#3520);
#2737=LINE('',#3521,#3522);
#2738=VERTEX_POINT('',#3523);
#2739=LINE('',#3524,#3525);
#2740=VERTEX_POINT('',#3526);
#2741=LINE('',#3527,#3528);
#2742=LINE('',#3529,#3530);
#2743=VERTEX_POINT('',#3531);
#2744=VERTEX_POINT('',#3532);
#2745=LINE('',#3533,#3534);
#2746=VERTEX_POINT('',#3535);
#2747=LINE('',#3536,#3537);
#2748=VERTEX_POINT('',#3538);
#2749=LINE('',#3539,#3540);
#2750=LINE('',#3541,#3542);
#2751=VERTEX_POINT('',#3543);
#2752=VERTEX_POINT('',#3544);
#2753=LINE('',#3545,#3546);
#2754=VERTEX_POINT('',#3547);
#2755=LINE('',#3548,#3549);
#2756=VERTEX_POINT('',#3550);
#2757=LINE('',#3551,#3552);
#2758=LINE('',#3553,#3554);
#2759=VERTEX_POINT('',#3555);
#2760=VERTEX_POINT('',#3556);
#2761=LINE('',#3557,#3558);
#2762=VERTEX_POINT('',#3559);
#2763=LINE('',#3560,#3561);
#2764=VERTEX_POINT('',#3562);
#2765=LINE('',#3563,#3564);
#2766=LINE('',#3565,#3566);
#2767=LINE('',#3567,#3568);
#2768=VERTEX_POINT('',#3569);
#2769=LINE('',#3570,#3571);
#2770=VERTEX_POINT('',#3572);
#2771=LINE('',#3573,#3574);
#2772=LINE('',#3575,#3576);
#2773=VERTEX_POINT('',#3577);
#2774=LINE('',#3578,#3579);
#2775=VERTEX_POINT('',#3580);
#2776=LINE('',#3581,#3582);
#2777=LINE('',#3583,#3584);
#2778=VERTEX_POINT('',#3585);
#2779=VERTEX_POINT('',#3586);
#2780=LINE('',#3587,#3588);
#2781=VERTEX_POINT('',#3589);
#2782=LINE('',#3590,#3591);
#2783=VERTEX_POINT('',#3592);
#2784=LINE('',#3593,#3594);
#2785=LINE('',#3595,#3596);
#2786=VERTEX_POINT('',#3597);
#2787=LINE('',#3598,#3599);
#2788=LINE('',#3600,#3601);
#2789=VERTEX_POINT('',#3602);
#2790=LINE('',#3603,#3604);
#2791=LINE('',#3605,#3606);
#2792=VERTEX_POINT('',#3607);
#2793=LINE('',#3608,#3609);
#2794=LINE('',#3610,#3611);
#2795=LINE('',#3612,#3613);
#2796=VERTEX_POINT('',#3614);
#2797=LINE('',#3615,#3616);
#2798=LINE('',#3617,#3618);
#2799=VERTEX_POINT('',#3619);
#2800=LINE('',#3620,#3621);
#2801=LINE('',#3622,#3623);
#2802=LINE('',#3624,#3625);
#2803=VERTEX_POINT('',#3626);
#2804=LINE('',#3627,#3628);
#2805=LINE('',#3629,#3630);
#2806=VERTEX_POINT('',#3631);
#2807=LINE('',#3632,#3633);
#2808=LINE('',#3634,#3635);
#2809=LINE('',#3636,#3637);
#2810=VERTEX_POINT('',#3638);
#2811=LINE('',#3639,#3640);
#2812=LINE('',#3641,#3642);
#2813=VERTEX_POINT('',#3643);
#2814=LINE('',#3644,#3645);
#2815=LINE('',#3646,#3647);
#2816=LINE('',#3648,#3649);
#2817=VERTEX_POINT('',#3650);
#2818=LINE('',#3651,#3652);
#2819=VERTEX_POINT('',#3653);
#2820=LINE('',#3654,#3655);
#2821=LINE('',#3656,#3657);
#2822=VERTEX_POINT('',#3658);
#2823=LINE('',#3659,#3660);
#2824=VERTEX_POINT('',#3661);
#2825=LINE('',#3662,#3663);
#2826=LINE('',#3664,#3665);
#2827=CIRCLE('',#3666,0.0999999999999997);
#2828=ELLIPSE('',#3667,0.120185042515466,0.0999999999999997);
#2829=LINE('',#3668,#3669);
#2830=LINE('',#3670,#3671);
#2831=VERTEX_POINT('',#3672);
#2832=LINE('',#3673,#3674);
#2833=VERTEX_POINT('',#3675);
#2834=LINE('',#3676,#3677);
#2835=LINE('',#3678,#3679);
#2836=CIRCLE('',#3680,0.0999999999999997);
#2837=ELLIPSE('',#3681,0.120185042515466,0.0999999999999997);
#2838=LINE('',#3682,#3683);
#2839=VERTEX_POINT('',#3684);
#2840=LINE('',#3685,#3686);
#2841=LINE('',#3687,#3688);
#2842=VERTEX_POINT('',#3689);
#2843=LINE('',#3690,#3691);
#2844=LINE('',#3692,#3693);
#2845=LINE('',#3694,#3695);
#2846=LINE('',#3696,#3697);
#2847=VERTEX_POINT('',#3698);
#2848=ELLIPSE('',#3699,0.120185042515467,0.1);
#2849=VERTEX_POINT('',#3700);
#2850=LINE('',#3701,#3702);
#2851=CIRCLE('',#3703,0.1);
#2852=VERTEX_POINT('',#3704);
#2853=LINE('',#3705,#3706);
#2854=VERTEX_POINT('',#3707);
#2855=LINE('',#3708,#3709);
#2856=VERTEX_POINT('',#3710);
#2857=LINE('',#3711,#3712);
#2858=VERTEX_POINT('',#3713);
#2859=LINE('',#3714,#3715);
#2860=VERTEX_POINT('',#3716);
#2861=LINE('',#3717,#3718);
#2862=LINE('',#3719,#3720);
#2863=VERTEX_POINT('',#3721);
#2864=VERTEX_POINT('',#3722);
#2865=LINE('',#3723,#3724);
#2866=VERTEX_POINT('',#3725);
#2867=LINE('',#3726,#3727);
#2868=VERTEX_POINT('',#3728);
#2869=LINE('',#3729,#3730);
#2870=LINE('',#3731,#3732);
#2871=VERTEX_POINT('',#3733);
#2872=LINE('',#3734,#3735);
#2873=VERTEX_POINT('',#3736);
#2874=LINE('',#3737,#3738);
#2875=LINE('',#3739,#3740);
#2876=VERTEX_POINT('',#3741);
#2877=VERTEX_POINT('',#3742);
#2878=LINE('',#3743,#3744);
#2879=LINE('',#3745,#3746);
#2880=LINE('',#3747,#3748);
#2881=VERTEX_POINT('',#3749);
#2882=LINE('',#3750,#3751);
#2883=LINE('',#3752,#3753);
#2884=VERTEX_POINT('',#3754);
#2885=ELLIPSE('',#3755,0.120185042515467,0.1);
#2886=VERTEX_POINT('',#3756);
#2887=LINE('',#3757,#3758);
#2888=CIRCLE('',#3759,0.1);
#2889=LINE('',#3760,#3761);
#2890=LINE('',#3762,#3763);
#2891=VERTEX_POINT('',#3764);
#2892=VERTEX_POINT('',#3765);
#2893=LINE('',#3766,#3767);
#2894=VERTEX_POINT('',#3768);
#2895=LINE('',#3769,#3770);
#2896=VERTEX_POINT('',#3771);
#2897=LINE('',#3772,#3773);
#2898=LINE('',#3774,#3775);
#2899=VERTEX_POINT('',#3776);
#2900=VERTEX_POINT('',#3777);
#2901=LINE('',#3778,#3779);
#2902=VERTEX_POINT('',#3780);
#2903=LINE('',#3781,#3782);
#2904=VERTEX_POINT('',#3783);
#2905=LINE('',#3784,#3785);
#2906=LINE('',#3786,#3787);
#2907=VERTEX_POINT('',#3788);
#2908=VERTEX_POINT('',#3789);
#2909=LINE('',#3790,#3791);
#2910=VERTEX_POINT('',#3792);
#2911=LINE('',#3793,#3794);
#2912=VERTEX_POINT('',#3795);
#2913=LINE('',#3796,#3797);
#2914=LINE('',#3798,#3799);
#2915=LINE('',#3800,#3801);
#2916=LINE('',#3802,#3803);
#2917=VERTEX_POINT('',#3804);
#2918=LINE('',#3805,#3806);
#2919=LINE('',#3807,#3808);
#2920=LINE('',#3809,#3810);
#2921=LINE('',#3811,#3812);
#2922=VERTEX_POINT('',#3813);
#2923=LINE('',#3814,#3815);
#2924=LINE('',#3816,#3817);
#2925=VERTEX_POINT('',#3818);
#2926=LINE('',#3819,#3820);
#2927=LINE('',#3821,#3822);
#2928=VERTEX_POINT('',#3823);
#2929=LINE('',#3824,#3825);
#2930=LINE('',#3826,#3827);
#2931=LINE('',#3828,#3829);
#2932=LINE('',#3830,#3831);
#2933=LINE('',#3832,#3833);
#2934=VERTEX_POINT('',#3834);
#2935=LINE('',#3835,#3836);
#2936=VERTEX_POINT('',#3837);
#2937=LINE('',#3838,#3839);
#2938=LINE('',#3840,#3841);
#2939=VERTEX_POINT('',#3842);
#2940=LINE('',#3843,#3844);
#2941=VERTEX_POINT('',#3845);
#2942=LINE('',#3846,#3847);
#2943=LINE('',#3848,#3849);
#2944=VERTEX_POINT('',#3850);
#2945=LINE('',#3851,#3852);
#2946=VERTEX_POINT('',#3853);
#2947=LINE('',#3854,#3855);
#2948=LINE('',#3856,#3857);
#2949=VERTEX_POINT('',#3858);
#2950=LINE('',#3859,#3860);
#2951=VERTEX_POINT('',#3861);
#2952=LINE('',#3862,#3863);
#2953=LINE('',#3864,#3865);
#2954=VERTEX_POINT('',#3866);
#2955=LINE('',#3867,#3868);
#2956=VERTEX_POINT('',#3869);
#2957=LINE('',#3870,#3871);
#2958=LINE('',#3872,#3873);
#2959=VERTEX_POINT('',#3874);
#2960=VERTEX_POINT('',#3875);
#2961=LINE('',#3876,#3877);
#2962=LINE('',#3878,#3879);
#2963=LINE('',#3880,#3881);
#2964=VERTEX_POINT('',#3882);
#2965=LINE('',#3883,#3884);
#2966=VERTEX_POINT('',#3885);
#2967=LINE('',#3886,#3887);
#2968=LINE('',#3888,#3889);
#2969=VERTEX_POINT('',#3890);
#2970=VERTEX_POINT('',#3891);
#2971=LINE('',#3892,#3893);
#2972=VERTEX_POINT('',#3894);
#2973=LINE('',#3895,#3896);
#2974=VERTEX_POINT('',#3897);
#2975=LINE('',#3898,#3899);
#2976=CIRCLE('',#3900,0.45);
#2977=CIRCLE('',#3901,0.2);
#2978=VERTEX_POINT('',#3902);
#2979=VERTEX_POINT('',#3903);
#2980=LINE('',#3904,#3905);
#2981=VERTEX_POINT('',#3906);
#2982=LINE('',#3907,#3908);
#2983=VERTEX_POINT('',#3909);
#2984=LINE('',#3910,#3911);
#2985=LINE('',#3912,#3913);
#2986=VERTEX_POINT('',#3914);
#2987=LINE('',#3915,#3916);
#2988=VERTEX_POINT('',#3917);
#2989=LINE('',#3918,#3919);
#2990=LINE('',#3920,#3921);
#2991=VERTEX_POINT('',#3922);
#2992=LINE('',#3923,#3924);
#2993=VERTEX_POINT('',#3925);
#2994=LINE('',#3926,#3927);
#2995=LINE('',#3928,#3929);
#2996=LINE('',#3930,#3931);
#2997=LINE('',#3932,#3933);
#2998=VERTEX_POINT('',#3934);
#2999=VERTEX_POINT('',#3935);
#3000=LINE('',#3936,#3937);
#3001=VERTEX_POINT('',#3938);
#3002=LINE('',#3939,#3940);
#3003=VERTEX_POINT('',#3941);
#3004=LINE('',#3942,#3943);
#3005=LINE('',#3944,#3945);
#3006=VERTEX_POINT('',#3946);
#3007=LINE('',#3947,#3948);
#3008=VERTEX_POINT('',#3949);
#3009=LINE('',#3950,#3951);
#3010=LINE('',#3952,#3953);
#3011=LINE('',#3954,#3955);
#3012=LINE('',#3956,#3957);
#3013=VERTEX_POINT('',#3958);
#3014=VERTEX_POINT('',#3959);
#3015=LINE('',#3960,#3961);
#3016=VERTEX_POINT('',#3962);
#3017=LINE('',#3963,#3964);
#3018=VERTEX_POINT('',#3965);
#3019=LINE('',#3966,#3967);
#3020=CIRCLE('',#3968,0.2);
#3021=CIRCLE('',#3969,0.45);
#3022=LINE('',#3970,#3971);
#3023=LINE('',#3972,#3973);
#3024=LINE('',#3974,#3975);
#3025=LINE('',#3976,#3977);
#3026=LINE('',#3978,#3979);
#3027=LINE('',#3980,#3981);
#3028=LINE('',#3982,#3983);
#3029=LINE('',#3984,#3985);
#3030=VERTEX_POINT('',#3986);
#3031=VERTEX_POINT('',#3987);
#3032=LINE('',#3988,#3989);
#3033=VERTEX_POINT('',#3990);
#3034=LINE('',#3991,#3992);
#3035=VERTEX_POINT('',#3993);
#3036=LINE('',#3994,#3995);
#3037=LINE('',#3996,#3997);
#3038=VERTEX_POINT('',#3998);
#3039=LINE('',#3999,#4000);
#3040=VERTEX_POINT('',#4001);
#3041=LINE('',#4002,#4003);
#3042=LINE('',#4004,#4005);
#3043=VERTEX_POINT('',#4006);
#3044=LINE('',#4007,#4008);
#3045=VERTEX_POINT('',#4009);
#3046=LINE('',#4010,#4011);
#3047=LINE('',#4012,#4013);
#3048=LINE('',#4014,#4015);
#3049=LINE('',#4016,#4017);
#3050=LINE('',#4018,#4019);
#3051=LINE('',#4020,#4021);
#3052=VERTEX_POINT('',#4022);
#3053=LINE('',#4023,#4024);
#3054=VERTEX_POINT('',#4025);
#3055=LINE('',#4026,#4027);
#3056=LINE('',#4028,#4029);
#3057=VERTEX_POINT('',#4030);
#3058=LINE('',#4031,#4032);
#3059=VERTEX_POINT('',#4033);
#3060=LINE('',#4034,#4035);
#3061=LINE('',#4036,#4037);
#3062=VERTEX_POINT('',#4038);
#3063=LINE('',#4039,#4040);
#3064=VERTEX_POINT('',#4041);
#3065=LINE('',#4042,#4043);
#3066=VERTEX_POINT('',#4044);
#3067=LINE('',#4045,#4046);
#3068=VERTEX_POINT('',#4047);
#3069=LINE('',#4048,#4049);
#3070=VERTEX_POINT('',#4050);
#3071=LINE('',#4051,#4052);
#3072=VERTEX_POINT('',#4053);
#3073=LINE('',#4054,#4055);
#3074=LINE('',#4056,#4057);
#3075=VERTEX_POINT('',#4058);
#3076=LINE('',#4059,#4060);
#3077=VERTEX_POINT('',#4061);
#3078=LINE('',#4062,#4063);
#3079=VERTEX_POINT('',#4064);
#3080=LINE('',#4065,#4066);
#3081=VERTEX_POINT('',#4067);
#3082=LINE('',#4068,#4069);
#3083=VERTEX_POINT('',#4070);
#3084=LINE('',#4071,#4072);
#3085=VERTEX_POINT('',#4073);
#3086=LINE('',#4074,#4075);
#3087=LINE('',#4076,#4077);
#3088=LINE('',#4078,#4079);
#3089=LINE('',#4080,#4081);
#3090=LINE('',#4082,#4083);
#3091=LINE('',#4084,#4085);
#3092=LINE('',#4086,#4087);
#3093=LINE('',#4088,#4089);
#3094=VERTEX_POINT('',#4090);
#3095=CIRCLE('',#4091,0.2);
#3096=LINE('',#4092,#4093);
#3097=VERTEX_POINT('',#4094);
#3098=LINE('',#4095,#4096);
#3099=VERTEX_POINT('',#4097);
#3100=LINE('',#4098,#4099);
#3101=VERTEX_POINT('',#4100);
#3102=LINE('',#4101,#4102);
#3103=LINE('',#4103,#4104);
#3104=VERTEX_POINT('',#4105);
#3105=LINE('',#4106,#4107);
#3106=VERTEX_POINT('',#4108);
#3107=LINE('',#4109,#4110);
#3108=LINE('',#4111,#4112);
#3109=VERTEX_POINT('',#4113);
#3110=LINE('',#4114,#4115);
#3111=VERTEX_POINT('',#4116);
#3112=LINE('',#4117,#4118);
#3113=LINE('',#4119,#4120);
#3114=LINE('',#4121,#4122);
#3115=CIRCLE('',#4123,0.45);
#3116=LINE('',#4124,#4125);
#3117=VERTEX_POINT('',#4126);
#3118=VERTEX_POINT('',#4127);
#3119=LINE('',#4128,#4129);
#3120=VERTEX_POINT('',#4130);
#3121=LINE('',#4131,#4132);
#3122=VERTEX_POINT('',#4133);
#3123=LINE('',#4134,#4135);
#3124=LINE('',#4136,#4137);
#3125=VERTEX_POINT('',#4138);
#3126=LINE('',#4139,#4140);
#3127=VERTEX_POINT('',#4141);
#3128=LINE('',#4142,#4143);
#3129=LINE('',#4144,#4145);
#3130=LINE('',#4146,#4147);
#3131=CIRCLE('',#4148,0.2);
#3132=VERTEX_POINT('',#4149);
#3133=CIRCLE('',#4150,0.45);
#3134=LINE('',#4151,#4152);
#3135=VERTEX_POINT('',#4153);
#3136=LINE('',#4154,#4155);
#3137=LINE('',#4156,#4157);
#3138=LINE('',#4158,#4159);
#3139=LINE('',#4160,#4161);
#3140=VERTEX_POINT('',#4162);
#3141=VERTEX_POINT('',#4163);
#3142=LINE('',#4164,#4165);
#3143=VERTEX_POINT('',#4166);
#3144=LINE('',#4167,#4168);
#3145=VERTEX_POINT('',#4169);
#3146=LINE('',#4170,#4171);
#3147=LINE('',#4172,#4173);
#3148=VERTEX_POINT('',#4174);
#3149=LINE('',#4175,#4176);
#3150=VERTEX_POINT('',#4177);
#3151=LINE('',#4178,#4179);
#3152=LINE('',#4180,#4181);
#3153=VERTEX_POINT('',#4182);
#3154=LINE('',#4183,#4184);
#3155=VERTEX_POINT('',#4185);
#3156=LINE('',#4186,#4187);
#3157=LINE('',#4188,#4189);
#3158=LINE('',#4190,#4191);
#3159=LINE('',#4192,#4193);
#3160=LINE('',#4194,#4195);
#3161=LINE('',#4196,#4197);
#3162=VERTEX_POINT('',#4198);
#3163=VERTEX_POINT('',#4199);
#3164=LINE('',#4200,#4201);
#3165=VERTEX_POINT('',#4202);
#3166=LINE('',#4203,#4204);
#3167=VERTEX_POINT('',#4205);
#3168=LINE('',#4206,#4207);
#3169=LINE('',#4208,#4209);
#3170=VERTEX_POINT('',#4210);
#3171=LINE('',#4211,#4212);
#3172=VERTEX_POINT('',#4213);
#3173=LINE('',#4214,#4215);
#3174=LINE('',#4216,#4217);
#3175=VERTEX_POINT('',#4218);
#3176=LINE('',#4219,#4220);
#3177=VERTEX_POINT('',#4221);
#3178=LINE('',#4222,#4223);
#3179=LINE('',#4224,#4225);
#3180=LINE('',#4226,#4227);
#3181=LINE('',#4228,#4229);
#3182=LINE('',#4230,#4231);
#3183=LINE('',#4232,#4233);
#3184=VERTEX_POINT('',#4234);
#3185=LINE('',#4235,#4236);
#3186=VERTEX_POINT('',#4237);
#3187=LINE('',#4238,#4239);
#3188=LINE('',#4240,#4241);
#3189=VERTEX_POINT('',#4242);
#3190=LINE('',#4243,#4244);
#3191=VERTEX_POINT('',#4245);
#3192=LINE('',#4246,#4247);
#3193=LINE('',#4248,#4249);
#3194=VERTEX_POINT('',#4250);
#3195=LINE('',#4251,#4252);
#3196=VERTEX_POINT('',#4253);
#3197=LINE('',#4254,#4255);
#3198=VERTEX_POINT('',#4256);
#3199=LINE('',#4257,#4258);
#3200=VERTEX_POINT('',#4259);
#3201=LINE('',#4260,#4261);
#3202=VERTEX_POINT('',#4262);
#3203=LINE('',#4263,#4264);
#3204=VERTEX_POINT('',#4265);
#3205=LINE('',#4266,#4267);
#3206=LINE('',#4268,#4269);
#3207=VERTEX_POINT('',#4270);
#3208=LINE('',#4271,#4272);
#3209=VERTEX_POINT('',#4273);
#3210=LINE('',#4274,#4275);
#3211=VERTEX_POINT('',#4276);
#3212=LINE('',#4277,#4278);
#3213=VERTEX_POINT('',#4279);
#3214=LINE('',#4280,#4281);
#3215=VERTEX_POINT('',#4282);
#3216=LINE('',#4283,#4284);
#3217=VERTEX_POINT('',#4285);
#3218=LINE('',#4286,#4287);
#3219=LINE('',#4288,#4289);
#3220=LINE('',#4290,#4291);
#3221=LINE('',#4292,#4293);
#3222=LINE('',#4294,#4295);
#3223=LINE('',#4296,#4297);
#3224=LINE('',#4298,#4299);
#3225=LINE('',#4300,#4301);
#3226=VERTEX_POINT('',#4302);
#3227=LINE('',#4303,#4304);
#3228=VERTEX_POINT('',#4305);
#3229=LINE('',#4306,#4307);
#3230=LINE('',#4308,#4309);
#3231=VERTEX_POINT('',#4310);
#3232=LINE('',#4311,#4312);
#3233=VERTEX_POINT('',#4313);
#3234=LINE('',#4314,#4315);
#3235=LINE('',#4316,#4317);
#3236=VERTEX_POINT('',#4318);
#3237=LINE('',#4319,#4320);
#3238=VERTEX_POINT('',#4321);
#3239=LINE('',#4322,#4323);
#3240=VERTEX_POINT('',#4324);
#3241=LINE('',#4325,#4326);
#3242=VERTEX_POINT('',#4327);
#3243=LINE('',#4328,#4329);
#3244=VERTEX_POINT('',#4330);
#3245=LINE('',#4331,#4332);
#3246=VERTEX_POINT('',#4333);
#3247=LINE('',#4334,#4335);
#3248=LINE('',#4336,#4337);
#3249=VERTEX_POINT('',#4338);
#3250=LINE('',#4339,#4340);
#3251=VERTEX_POINT('',#4341);
#3252=LINE('',#4342,#4343);
#3253=VERTEX_POINT('',#4344);
#3254=LINE('',#4345,#4346);
#3255=VERTEX_POINT('',#4347);
#3256=LINE('',#4348,#4349);
#3257=VERTEX_POINT('',#4350);
#3258=LINE('',#4351,#4352);
#3259=VERTEX_POINT('',#4353);
#3260=LINE('',#4354,#4355);
#3261=LINE('',#4356,#4357);
#3262=LINE('',#4358,#4359);
#3263=LINE('',#4360,#4361);
#3264=LINE('',#4362,#4363);
#3265=LINE('',#4364,#4365);
#3266=LINE('',#4366,#4367);
#3267=LINE('',#4368,#4369);
#3268=CARTESIAN_POINT('',(-2.25,3.95,1.975));
#3269=CARTESIAN_POINT('',(-2.25,1.13333333333333,1.975));
#3270=CARTESIAN_POINT('',(-2.25,3.95,1.975));
#3271=VECTOR('',#4370,1.0);
#3272=CARTESIAN_POINT('',(-2.15,3.95,2.075));
#3273=AXIS2_PLACEMENT_3D('',#4371,#4372,#4373);
#3274=CARTESIAN_POINT('',(-2.15,1.2,2.075));
#3275=CARTESIAN_POINT('',(-2.15,3.95,2.075));
#3276=VECTOR('',#4374,1.0);
#3277=AXIS2_PLACEMENT_3D('',#4375,#4376,#4377);
#3278=CARTESIAN_POINT('',(2.25,3.95,1.975));
#3279=CARTESIAN_POINT('',(2.25,1.13333333333333,1.975));
#3280=CARTESIAN_POINT('',(2.25,3.95,1.975));
#3281=VECTOR('',#4378,1.0);
#3282=CARTESIAN_POINT('',(2.27584969837962,3.95,1.97839879351849));
#3283=AXIS2_PLACEMENT_3D('',#4379,#4380,#4381);
#3284=CARTESIAN_POINT('',(2.27584969837962,1.11610020108025,1.97839879351849));
#3285=CARTESIAN_POINT('',(2.27584969837962,3.95,1.97839879351849));
#3286=VECTOR('',#4382,1.0);
#3287=AXIS2_PLACEMENT_3D('',#4383,#4384,#4385);
#3288=CARTESIAN_POINT('',(2.25,1.13333333333333,1.225));
#3289=CARTESIAN_POINT('',(2.25,3.95,1.225));
#3290=CARTESIAN_POINT('',(2.25,3.95,1.225));
#3291=VECTOR('',#4386,1.0);
#3292=CARTESIAN_POINT('',(2.27584969837962,1.11610020108025,1.2216012064815));
#3293=AXIS2_PLACEMENT_3D('',#4387,#4388,#4389);
#3294=CARTESIAN_POINT('',(2.27584969837962,3.95,1.2216012064815));
#3295=CARTESIAN_POINT('',(2.27584969837962,3.95,1.2216012064815));
#3296=VECTOR('',#4390,1.0);
#3297=AXIS2_PLACEMENT_3D('',#4391,#4392,#4393);
#3298=CARTESIAN_POINT('',(-2.25,1.13333333333333,1.225));
#3299=CARTESIAN_POINT('',(-2.25,3.95,1.225));
#3300=CARTESIAN_POINT('',(-2.25,3.95,1.225));
#3301=VECTOR('',#4394,1.0);
#3302=CARTESIAN_POINT('',(-2.15,1.2,1.125));
#3303=AXIS2_PLACEMENT_3D('',#4395,#4396,#4397);
#3304=CARTESIAN_POINT('',(-2.15,3.95,1.125));
#3305=CARTESIAN_POINT('',(-2.15,3.95,1.125));
#3306=VECTOR('',#4398,1.0);
#3307=AXIS2_PLACEMENT_3D('',#4399,#4400,#4401);
#3308=CARTESIAN_POINT('',(0.150000000000003,1.0,-4.33680868994202E-16));
#3309=CARTESIAN_POINT('',(0.150000000000003,1.0,0.2));
#3310=CARTESIAN_POINT('',(0.150000000000003,1.0,-3.55999999999999));
#3311=VECTOR('',#4402,1.0);
#3312=CARTESIAN_POINT('',(2.05,1.0,-8.67361737988404E-16));
#3313=CARTESIAN_POINT('',(2.75,1.0,-8.67361737988404E-16));
#3314=VECTOR('',#4403,1.0);
#3315=CARTESIAN_POINT('',(2.05,1.0,-0.200000000000006));
#3316=CARTESIAN_POINT('',(2.05,1.0,-0.200000000000006));
#3317=VECTOR('',#4404,1.0);
#3318=CARTESIAN_POINT('',(2.55,1.0,-0.200000000000006));
#3319=CARTESIAN_POINT('',(2.55,1.0,-0.200000000000006));
#3320=VECTOR('',#4405,1.0);
#3321=CARTESIAN_POINT('',(2.55,1.0,-8.67361737988404E-16));
#3322=CARTESIAN_POINT('',(2.55,1.0,-0.200000000000006));
#3323=VECTOR('',#4406,1.0);
#3324=CARTESIAN_POINT('',(2.75,1.0,-8.67361737988404E-16));
#3325=CARTESIAN_POINT('',(2.75,1.0,-8.67361737988404E-16));
#3326=VECTOR('',#4407,1.0);
#3327=CARTESIAN_POINT('',(2.75,1.0,2.8));
#3328=CARTESIAN_POINT('',(2.75,1.0,3.2));
#3329=VECTOR('',#4408,1.0);
#3330=CARTESIAN_POINT('',(2.45,1.0,2.8));
#3331=CARTESIAN_POINT('',(-2.75,0.999999999999999,2.8));
#3332=VECTOR('',#4409,1.0);
#3333=CARTESIAN_POINT('',(2.45,1.0,2.025));
#3334=CARTESIAN_POINT('',(2.45,1.0,3.2));
#3335=VECTOR('',#4410,1.0);
#3336=CARTESIAN_POINT('',(2.45,1.0,1.175));
#3337=CARTESIAN_POINT('',(2.45,1.0,1.175));
#3338=VECTOR('',#4411,1.0);
#3339=CARTESIAN_POINT('',(2.45,1.0,0.2));
#3340=CARTESIAN_POINT('',(2.45,1.0,3.2));
#3341=VECTOR('',#4412,1.0);
#3342=CARTESIAN_POINT('',(2.75,1.0,0.2));
#3343=VECTOR('',#4413,1.0);
#3344=CARTESIAN_POINT('',(0.150000000000002,2.45,-4.33680868994202E-16));
#3345=CARTESIAN_POINT('',(0.150000000000003,1.0,-8.67361737988404E-16));
#3346=VECTOR('',#4414,1.0);
#3347=CARTESIAN_POINT('',(0.550000000000002,2.45,-4.33680868994202E-16));
#3348=CARTESIAN_POINT('',(0.150000000000002,2.45,-4.33680868994202E-16));
#3349=VECTOR('',#4415,1.0);
#3350=CARTESIAN_POINT('',(0.550000000000002,3.6,0.0));
#3351=CARTESIAN_POINT('',(0.550000000000002,2.45,-4.33680868994202E-16));
#3352=VECTOR('',#4416,1.0);
#3353=CARTESIAN_POINT('',(-0.549999999999999,3.6,0.0));
#3354=CARTESIAN_POINT('',(0.550000000000002,3.6,0.0));
#3355=VECTOR('',#4417,1.0);
#3356=CARTESIAN_POINT('',(-0.549999999999999,2.45,-4.33680868994202E-16));
#3357=CARTESIAN_POINT('',(-0.549999999999999,3.6,0.0));
#3358=VECTOR('',#4418,1.0);
#3359=CARTESIAN_POINT('',(-0.15,2.45,-8.67361737988404E-16));
#3360=CARTESIAN_POINT('',(-0.549999999999999,2.45,-4.33680868994202E-16));
#3361=VECTOR('',#4419,1.0);
#3362=CARTESIAN_POINT('',(-0.15,1.0,-8.67361737988404E-16));
#3363=CARTESIAN_POINT('',(-0.15,2.45,-4.33680868994202E-16));
#3364=VECTOR('',#4420,1.0);
#3365=CARTESIAN_POINT('',(-2.05,1.0,-8.67361737988404E-16));
#3366=CARTESIAN_POINT('',(2.75,1.0,-8.67361737988404E-16));
#3367=VECTOR('',#4421,1.0);
#3368=CARTESIAN_POINT('',(-2.05,2.0,-4.701596255176E-15));
#3369=CARTESIAN_POINT('',(-2.05,2.0,-4.701596255176E-15));
#3370=VECTOR('',#4422,1.0);
#3371=CARTESIAN_POINT('',(-2.55,2.0,-4.701596255176E-15));
#3372=CARTESIAN_POINT('',(-2.55,2.0,-4.701596255176E-15));
#3373=VECTOR('',#4423,1.0);
#3374=CARTESIAN_POINT('',(-2.55,1.0,-8.67361737988404E-16));
#3375=CARTESIAN_POINT('',(-2.55,1.0,-6.41153796721028E-15));
#3376=VECTOR('',#4424,1.0);
#3377=CARTESIAN_POINT('',(-2.75,1.0,-8.67361737988404E-16));
#3378=CARTESIAN_POINT('',(2.75,1.0,-8.67361737988404E-16));
#3379=VECTOR('',#4425,1.0);
#3380=CARTESIAN_POINT('',(-2.75,5.2,7.70217223333702E-16));
#3381=CARTESIAN_POINT('',(-2.75,1.0,-6.66133814775094E-16));
#3382=VECTOR('',#4426,1.0);
#3383=CARTESIAN_POINT('',(-2.55,5.2,7.70217223333702E-16));
#3384=CARTESIAN_POINT('',(2.75,5.2,7.70217223333702E-16));
#3385=VECTOR('',#4427,1.0);
#3386=CARTESIAN_POINT('',(-2.55,4.2,-9.39724488700578E-16));
#3387=CARTESIAN_POINT('',(-2.55,4.2,-9.39724488700578E-16));
#3388=VECTOR('',#4428,1.0);
#3389=CARTESIAN_POINT('',(-2.05,4.2,4.28228880926846E-16));
#3390=CARTESIAN_POINT('',(-2.05,4.2,-9.39724488700578E-16));
#3391=VECTOR('',#4429,1.0);
#3392=CARTESIAN_POINT('',(-2.05,5.2,7.70217223333702E-16));
#3393=CARTESIAN_POINT('',(-2.05,5.2,7.70217223333702E-16));
#3394=VECTOR('',#4430,1.0);
#3395=CARTESIAN_POINT('',(2.05,5.2,7.70217223333702E-16));
#3396=CARTESIAN_POINT('',(2.75,5.2,7.70217223333702E-16));
#3397=VECTOR('',#4431,1.0);
#3398=CARTESIAN_POINT('',(2.05,4.2,-9.39724488700578E-16));
#3399=CARTESIAN_POINT('',(2.05,4.2,-9.39724488700578E-16));
#3400=VECTOR('',#4432,1.0);
#3401=CARTESIAN_POINT('',(2.55,4.2,4.28228880926846E-16));
#3402=CARTESIAN_POINT('',(2.55,4.2,-9.39724488700578E-16));
#3403=VECTOR('',#4433,1.0);
#3404=CARTESIAN_POINT('',(2.55,5.2,7.70217223333702E-16));
#3405=CARTESIAN_POINT('',(2.55,5.2,7.70217223333702E-16));
#3406=VECTOR('',#4434,1.0);
#3407=CARTESIAN_POINT('',(2.75,5.2,7.70217223333702E-16));
#3408=CARTESIAN_POINT('',(2.75,5.2,7.70217223333702E-16));
#3409=VECTOR('',#4435,1.0);
#3410=CARTESIAN_POINT('',(2.75,1.0,-6.66133814775094E-16));
#3411=VECTOR('',#4436,1.0);
#3412=CARTESIAN_POINT('',(2.55,2.0,-4.701596255176E-15));
#3413=CARTESIAN_POINT('',(2.55,2.0,-4.701596255176E-15));
#3414=VECTOR('',#4437,1.0);
#3415=CARTESIAN_POINT('',(2.05,2.0,-3.24145472368238E-16));
#3416=CARTESIAN_POINT('',(2.05,2.0,-4.701596255176E-15));
#3417=VECTOR('',#4438,1.0);
#3418=CARTESIAN_POINT('',(2.05,1.0,-6.41153796721028E-15));
#3419=VECTOR('',#4439,1.0);
#3420=CARTESIAN_POINT('',(-0.15,2.45,0.399999999999998));
#3421=CARTESIAN_POINT('',(-0.15,1.2,0.399999999999998));
#3422=CARTESIAN_POINT('',(-0.15,2.45,0.399999999999998));
#3423=VECTOR('',#4440,1.0);
#3424=CARTESIAN_POINT('',(-0.549999999999999,2.45,0.399999999999998));
#3425=CARTESIAN_POINT('',(-0.549999999999999,2.45,0.399999999999998));
#3426=VECTOR('',#4441,1.0);
#3427=CARTESIAN_POINT('',(-0.549999999999999,3.6,0.399999999999998));
#3428=CARTESIAN_POINT('',(-0.549999999999999,3.6,0.399999999999998));
#3429=VECTOR('',#4442,1.0);
#3430=CARTESIAN_POINT('',(0.550000000000002,3.6,0.399999999999998));
#3431=CARTESIAN_POINT('',(0.550000000000002,3.6,0.399999999999998));
#3432=VECTOR('',#4443,1.0);
#3433=CARTESIAN_POINT('',(0.550000000000002,2.45,0.399999999999998));
#3434=CARTESIAN_POINT('',(0.550000000000002,2.45,0.399999999999998));
#3435=VECTOR('',#4444,1.0);
#3436=CARTESIAN_POINT('',(0.150000000000002,2.45,0.399999999999998));
#3437=CARTESIAN_POINT('',(0.150000000000002,2.45,0.399999999999998));
#3438=VECTOR('',#4445,1.0);
#3439=CARTESIAN_POINT('',(0.150000000000002,1.2,0.399999999999998));
#3440=CARTESIAN_POINT('',(0.150000000000003,1.0,0.399999999999998));
#3441=VECTOR('',#4446,1.0);
#3442=CARTESIAN_POINT('',(2.15,1.2,0.399999999999999));
#3443=CARTESIAN_POINT('',(-2.15,1.2,0.399999999999999));
#3444=VECTOR('',#4447,1.0);
#3445=CARTESIAN_POINT('',(2.15,3.95,0.399999999999999));
#3446=CARTESIAN_POINT('',(2.15,3.95,0.399999999999999));
#3447=VECTOR('',#4448,1.0);
#3448=CARTESIAN_POINT('',(-2.15,3.95,0.399999999999999));
#3449=CARTESIAN_POINT('',(-2.15,3.95,0.399999999999999));
#3450=VECTOR('',#4449,1.0);
#3451=CARTESIAN_POINT('',(-2.15,1.2,0.399999999999999));
#3452=CARTESIAN_POINT('',(-2.15,3.95,0.399999999999999));
#3453=VECTOR('',#4450,1.0);
#3454=CARTESIAN_POINT('',(-2.15,1.2,0.399999999999999));
#3455=VECTOR('',#4451,1.0);
#3456=CARTESIAN_POINT('',(-0.15,1.0,0.2));
#3457=CARTESIAN_POINT('',(-0.15,1.2,0.399999999999999));
#3458=VECTOR('',#4452,1.0);
#3459=CARTESIAN_POINT('',(-2.45,1.0,0.199999999999999));
#3460=CARTESIAN_POINT('',(-1.89411764705882,1.37058823529412,0.570588235294117));
#3461=VECTOR('',#4453,1.0);
#3462=CARTESIAN_POINT('',(2.75,1.0,0.2));
#3463=VECTOR('',#4454,1.0);
#3464=CARTESIAN_POINT('',(-2.75,2.0,2.8));
#3465=CARTESIAN_POINT('',(-2.75,0.999999999999999,2.8));
#3466=CARTESIAN_POINT('',(-2.75,2.0,2.8));
#3467=VECTOR('',#4455,1.0);
#3468=CARTESIAN_POINT('',(-2.75,2.0,3.2));
#3469=CARTESIAN_POINT('',(-2.75,2.0,2.8));
#3470=VECTOR('',#4456,1.0);
#3471=CARTESIAN_POINT('',(-2.75,5.2,3.2));
#3472=CARTESIAN_POINT('',(-2.75,5.2,3.2));
#3473=VECTOR('',#4457,1.0);
#3474=CARTESIAN_POINT('',(-2.75,5.2,8.88178419700125E-16));
#3475=VECTOR('',#4458,1.0);
#3476=CARTESIAN_POINT('',(-2.75,1.0,3.2));
#3477=VECTOR('',#4459,1.0);
#3478=CARTESIAN_POINT('',(-2.75,4.19999999999999,2.5));
#3479=CARTESIAN_POINT('',(-2.75,4.2,0.100000000000001));
#3480=CARTESIAN_POINT('',(-2.75,4.19999999999999,2.5));
#3481=VECTOR('',#4460,1.0);
#3482=CARTESIAN_POINT('',(-2.75,1.39999999999999,2.5));
#3483=CARTESIAN_POINT('',(-2.75,1.39999999999999,2.5));
#3484=VECTOR('',#4461,1.0);
#3485=CARTESIAN_POINT('',(-2.75,1.4,0.100000000000001));
#3486=CARTESIAN_POINT('',(-2.75,1.39999999999999,2.5));
#3487=VECTOR('',#4462,1.0);
#3488=CARTESIAN_POINT('',(-2.75,1.4,0.100000000000001));
#3489=VECTOR('',#4463,1.0);
#3490=CARTESIAN_POINT('',(-0.15,1.0,-3.55999999999999));
#3491=VECTOR('',#4464,1.0);
#3492=CARTESIAN_POINT('',(-2.45,1.0,1.175));
#3493=CARTESIAN_POINT('',(-2.45,1.0,3.2));
#3494=VECTOR('',#4465,1.0);
#3495=CARTESIAN_POINT('',(-2.45,1.0,2.025));
#3496=CARTESIAN_POINT('',(-2.45,1.0,2.025));
#3497=VECTOR('',#4466,1.0);
#3498=CARTESIAN_POINT('',(-2.45,0.999999999999999,2.8));
#3499=CARTESIAN_POINT('',(-2.45,1.0,3.2));
#3500=VECTOR('',#4467,1.0);
#3501=CARTESIAN_POINT('',(-2.75,0.999999999999999,2.8));
#3502=VECTOR('',#4468,1.0);
#3503=CARTESIAN_POINT('',(-2.55,1.0,-0.200000000000006));
#3504=CARTESIAN_POINT('',(-2.55,1.0,-0.200000000000006));
#3505=VECTOR('',#4469,1.0);
#3506=CARTESIAN_POINT('',(-2.05,1.0,-0.200000000000006));
#3507=CARTESIAN_POINT('',(-2.05,1.0,-0.200000000000006));
#3508=VECTOR('',#4470,1.0);
#3509=CARTESIAN_POINT('',(-2.05,1.0,-0.200000000000006));
#3510=VECTOR('',#4471,1.0);
#3511=CARTESIAN_POINT('',(2.75,2.0,3.2));
#3512=CARTESIAN_POINT('',(1.8,2.0,3.2));
#3513=CARTESIAN_POINT('',(2.75,2.0,3.2));
#3514=VECTOR('',#4472,1.0);
#3515=CARTESIAN_POINT('',(2.75,5.2,3.2));
#3516=CARTESIAN_POINT('',(2.75,5.2,3.2));
#3517=VECTOR('',#4473,1.0);
#3518=CARTESIAN_POINT('',(2.75,5.2,3.2));
#3519=VECTOR('',#4474,1.0);
#3520=CARTESIAN_POINT('',(-1.8,2.0,3.2));
#3521=CARTESIAN_POINT('',(-1.8,2.0,3.2));
#3522=VECTOR('',#4475,1.0);
#3523=CARTESIAN_POINT('',(-1.8,2.6,3.2));
#3524=CARTESIAN_POINT('',(-1.8,2.6,3.2));
#3525=VECTOR('',#4476,1.0);
#3526=CARTESIAN_POINT('',(1.8,2.6,3.2));
#3527=CARTESIAN_POINT('',(1.8,2.6,3.2));
#3528=VECTOR('',#4477,1.0);
#3529=CARTESIAN_POINT('',(1.8,2.0,3.2));
#3530=VECTOR('',#4478,1.0);
#3531=CARTESIAN_POINT('',(0.16,5.2,0.600000000000001));
#3532=CARTESIAN_POINT('',(-0.16,5.2,0.600000000000001));
#3533=CARTESIAN_POINT('',(2.75,5.2,0.600000000000001));
#3534=VECTOR('',#4479,1.0);
#3535=CARTESIAN_POINT('',(0.16,5.2,1.175));
#3536=CARTESIAN_POINT('',(0.16,5.2,8.88178419700125E-16));
#3537=VECTOR('',#4480,1.0);
#3538=CARTESIAN_POINT('',(-0.16,5.2,1.175));
#3539=CARTESIAN_POINT('',(2.75,5.2,1.175));
#3540=VECTOR('',#4481,1.0);
#3541=CARTESIAN_POINT('',(-0.16,5.2,8.88178419700125E-16));
#3542=VECTOR('',#4482,1.0);
#3543=CARTESIAN_POINT('',(-1.09,5.2,0.600000000000001));
#3544=CARTESIAN_POINT('',(-1.41,5.2,0.600000000000001));
#3545=CARTESIAN_POINT('',(2.75,5.2,0.600000000000001));
#3546=VECTOR('',#4483,1.0);
#3547=CARTESIAN_POINT('',(-1.09,5.2,1.175));
#3548=CARTESIAN_POINT('',(-1.09,5.2,8.88178419700125E-16));
#3549=VECTOR('',#4484,1.0);
#3550=CARTESIAN_POINT('',(-1.41,5.2,1.175));
#3551=CARTESIAN_POINT('',(2.75,5.2,1.175));
#3552=VECTOR('',#4485,1.0);
#3553=CARTESIAN_POINT('',(-1.41,5.2,8.88178419700125E-16));
#3554=VECTOR('',#4486,1.0);
#3555=CARTESIAN_POINT('',(1.41,5.2,0.600000000000001));
#3556=CARTESIAN_POINT('',(1.09,5.2,0.600000000000001));
#3557=CARTESIAN_POINT('',(2.75,5.2,0.600000000000001));
#3558=VECTOR('',#4487,1.0);
#3559=CARTESIAN_POINT('',(1.41,5.2,1.175));
#3560=CARTESIAN_POINT('',(1.41,5.2,8.88178419700125E-16));
#3561=VECTOR('',#4488,1.0);
#3562=CARTESIAN_POINT('',(1.09,5.2,1.175));
#3563=CARTESIAN_POINT('',(2.75,5.2,1.175));
#3564=VECTOR('',#4489,1.0);
#3565=CARTESIAN_POINT('',(1.09,5.2,8.88178419700125E-16));
#3566=VECTOR('',#4490,1.0);
#3567=CARTESIAN_POINT('',(2.75,5.2,8.88178419700125E-16));
#3568=VECTOR('',#4491,1.0);
#3569=CARTESIAN_POINT('',(2.55,5.2,-0.199999999999999));
#3570=CARTESIAN_POINT('',(2.55,5.2,-0.199999999999999));
#3571=VECTOR('',#4492,1.0);
#3572=CARTESIAN_POINT('',(2.05,5.2,-0.199999999999999));
#3573=CARTESIAN_POINT('',(2.05,5.2,-0.199999999999999));
#3574=VECTOR('',#4493,1.0);
#3575=CARTESIAN_POINT('',(2.05,5.2,-0.199999999999999));
#3576=VECTOR('',#4494,1.0);
#3577=CARTESIAN_POINT('',(-2.05,5.2,-0.199999999999999));
#3578=CARTESIAN_POINT('',(-2.05,5.2,-0.199999999999999));
#3579=VECTOR('',#4495,1.0);
#3580=CARTESIAN_POINT('',(-2.55,5.2,-0.199999999999999));
#3581=CARTESIAN_POINT('',(-2.55,5.2,-0.199999999999999));
#3582=VECTOR('',#4496,1.0);
#3583=CARTESIAN_POINT('',(-2.55,5.2,-0.199999999999999));
#3584=VECTOR('',#4497,1.0);
#3585=CARTESIAN_POINT('',(2.75,4.2,0.100000000000001));
#3586=CARTESIAN_POINT('',(2.75,4.19999999999999,2.5));
#3587=CARTESIAN_POINT('',(2.75,4.2,0.100000000000001));
#3588=VECTOR('',#4498,1.0);
#3589=CARTESIAN_POINT('',(2.75,1.4,0.100000000000001));
#3590=CARTESIAN_POINT('',(2.75,1.4,0.100000000000001));
#3591=VECTOR('',#4499,1.0);
#3592=CARTESIAN_POINT('',(2.75,1.39999999999999,2.5));
#3593=CARTESIAN_POINT('',(2.75,1.4,0.100000000000001));
#3594=VECTOR('',#4500,1.0);
#3595=CARTESIAN_POINT('',(2.75,1.39999999999999,2.5));
#3596=VECTOR('',#4501,1.0);
#3597=CARTESIAN_POINT('',(2.75,2.0,2.8));
#3598=CARTESIAN_POINT('',(2.75,1.0,2.8));
#3599=VECTOR('',#4502,1.0);
#3600=CARTESIAN_POINT('',(2.75,2.0,2.8));
#3601=VECTOR('',#4503,1.0);
#3602=CARTESIAN_POINT('',(-2.55,2.0,-0.200000000000005));
#3603=CARTESIAN_POINT('',(-2.55,2.0,-0.200000000000005));
#3604=VECTOR('',#4504,1.0);
#3605=CARTESIAN_POINT('',(-2.55,1.0,-0.200000000000006));
#3606=VECTOR('',#4505,1.0);
#3607=CARTESIAN_POINT('',(-2.05,2.0,-0.200000000000005));
#3608=CARTESIAN_POINT('',(-2.05,2.0,-0.200000000000005));
#3609=VECTOR('',#4506,1.0);
#3610=CARTESIAN_POINT('',(-2.55,2.0,-0.200000000000005));
#3611=VECTOR('',#4507,1.0);
#3612=CARTESIAN_POINT('',(-2.05,2.0,-0.200000000000005));
#3613=VECTOR('',#4508,1.0);
#3614=CARTESIAN_POINT('',(-2.55,4.2,-0.200000000000001));
#3615=CARTESIAN_POINT('',(-2.55,4.2,-0.200000000000001));
#3616=VECTOR('',#4509,1.0);
#3617=CARTESIAN_POINT('',(-2.55,4.2,-0.200000000000001));
#3618=VECTOR('',#4510,1.0);
#3619=CARTESIAN_POINT('',(-2.05,4.2,-0.200000000000001));
#3620=CARTESIAN_POINT('',(-2.05,4.2,-0.200000000000001));
#3621=VECTOR('',#4511,1.0);
#3622=CARTESIAN_POINT('',(-2.05,5.2,-0.199999999999999));
#3623=VECTOR('',#4512,1.0);
#3624=CARTESIAN_POINT('',(-2.05,4.2,-0.200000000000001));
#3625=VECTOR('',#4513,1.0);
#3626=CARTESIAN_POINT('',(2.05,2.0,-0.200000000000005));
#3627=CARTESIAN_POINT('',(2.05,2.0,-0.200000000000005));
#3628=VECTOR('',#4514,1.0);
#3629=CARTESIAN_POINT('',(2.05,1.0,-0.200000000000006));
#3630=VECTOR('',#4515,1.0);
#3631=CARTESIAN_POINT('',(2.55,2.0,-0.200000000000005));
#3632=CARTESIAN_POINT('',(2.55,2.0,-0.200000000000005));
#3633=VECTOR('',#4516,1.0);
#3634=CARTESIAN_POINT('',(2.05,2.0,-0.200000000000005));
#3635=VECTOR('',#4517,1.0);
#3636=CARTESIAN_POINT('',(2.55,2.0,-0.200000000000005));
#3637=VECTOR('',#4518,1.0);
#3638=CARTESIAN_POINT('',(2.05,4.2,-0.200000000000001));
#3639=CARTESIAN_POINT('',(2.05,4.2,-0.200000000000001));
#3640=VECTOR('',#4519,1.0);
#3641=CARTESIAN_POINT('',(2.05,4.2,-0.200000000000001));
#3642=VECTOR('',#4520,1.0);
#3643=CARTESIAN_POINT('',(2.55,4.2,-0.200000000000001));
#3644=CARTESIAN_POINT('',(2.55,4.2,-0.200000000000001));
#3645=VECTOR('',#4521,1.0);
#3646=CARTESIAN_POINT('',(2.55,5.2,-0.199999999999999));
#3647=VECTOR('',#4522,1.0);
#3648=CARTESIAN_POINT('',(2.55,4.2,-0.200000000000001));
#3649=VECTOR('',#4523,1.0);
#3650=CARTESIAN_POINT('',(-2.45,3.95,1.175));
#3651=CARTESIAN_POINT('',(-2.45,3.95,1.175));
#3652=VECTOR('',#4524,1.0);
#3653=CARTESIAN_POINT('',(-2.45,3.95,2.025));
#3654=CARTESIAN_POINT('',(-2.45,3.95,2.025));
#3655=VECTOR('',#4525,1.0);
#3656=CARTESIAN_POINT('',(-2.45,3.95,2.025));
#3657=VECTOR('',#4526,1.0);
#3658=CARTESIAN_POINT('',(-2.27584969837962,1.11610020108025,1.2216012064815));
#3659=CARTESIAN_POINT('',(-2.1729947702069,1.1846701531954,1.24912435000075));
#3660=VECTOR('',#4527,1.0);
#3661=CARTESIAN_POINT('',(-2.27584969837962,3.95,1.2216012064815));
#3662=CARTESIAN_POINT('',(-2.27584969837962,3.95,1.2216012064815));
#3663=VECTOR('',#4528,1.0);
#3664=CARTESIAN_POINT('',(-2.45,3.95,1.175));
#3665=VECTOR('',#4529,1.0);
#3666=AXIS2_PLACEMENT_3D('',#4530,#4531,#4532);
#3667=AXIS2_PLACEMENT_3D('',#4533,#4534,#4535);
#3668=CARTESIAN_POINT('',(-2.15,1.2,1.125));
#3669=VECTOR('',#4536,1.0);
#3670=CARTESIAN_POINT('',(-2.15,3.95,1.125));
#3671=VECTOR('',#4537,1.0);
#3672=CARTESIAN_POINT('',(2.15,1.2,1.125));
#3673=CARTESIAN_POINT('',(2.15,1.2,0.399999999999999));
#3674=VECTOR('',#4538,1.0);
#3675=CARTESIAN_POINT('',(2.15,3.95,1.125));
#3676=CARTESIAN_POINT('',(2.15,3.95,1.125));
#3677=VECTOR('',#4539,1.0);
#3678=CARTESIAN_POINT('',(2.15,3.95,0.399999999999999));
#3679=VECTOR('',#4540,1.0);
#3680=AXIS2_PLACEMENT_3D('',#4541,#4542,#4543);
#3681=AXIS2_PLACEMENT_3D('',#4544,#4545,#4546);
#3682=CARTESIAN_POINT('',(2.3009616120572,1.0993589252952,1.21488146230911));
#3683=VECTOR('',#4547,1.0);
#3684=CARTESIAN_POINT('',(2.45,3.95,1.175));
#3685=CARTESIAN_POINT('',(2.45,3.95,1.175));
#3686=VECTOR('',#4548,1.0);
#3687=CARTESIAN_POINT('',(2.27584969837962,3.95,1.22160120648151));
#3688=VECTOR('',#4549,1.0);
#3689=CARTESIAN_POINT('',(2.45,3.95,2.025));
#3690=CARTESIAN_POINT('',(2.45,3.95,2.025));
#3691=VECTOR('',#4550,1.0);
#3692=CARTESIAN_POINT('',(2.45,3.95,1.175));
#3693=VECTOR('',#4551,1.0);
#3694=CARTESIAN_POINT('',(2.1729947702069,1.1846701531954,1.95087564999925));
#3695=VECTOR('',#4552,1.0);
#3696=CARTESIAN_POINT('',(2.45,3.95,2.025));
#3697=VECTOR('',#4553,1.0);
#3698=CARTESIAN_POINT('',(2.15,1.2,2.075));
#3699=AXIS2_PLACEMENT_3D('',#4554,#4555,#4556);
#3700=CARTESIAN_POINT('',(2.15,3.95,2.075));
#3701=CARTESIAN_POINT('',(2.15,3.95,2.075));
#3702=VECTOR('',#4557,1.0);
#3703=AXIS2_PLACEMENT_3D('',#4558,#4559,#4560);
#3704=CARTESIAN_POINT('',(2.15,1.2,2.8));
#3705=CARTESIAN_POINT('',(2.15,1.2,2.075));
#3706=VECTOR('',#4561,1.0);
#3707=CARTESIAN_POINT('',(2.15,2.0,2.8));
#3708=CARTESIAN_POINT('',(2.15,3.95,2.8));
#3709=VECTOR('',#4562,1.0);
#3710=CARTESIAN_POINT('',(2.15,2.0,3.0));
#3711=CARTESIAN_POINT('',(2.15,2.0,2.8));
#3712=VECTOR('',#4563,1.0);
#3713=CARTESIAN_POINT('',(2.15,2.2,2.8));
#3714=CARTESIAN_POINT('',(2.15,3.4375,1.5625));
#3715=VECTOR('',#4564,1.0);
#3716=CARTESIAN_POINT('',(2.15,3.95,2.8));
#3717=CARTESIAN_POINT('',(2.15,3.95,2.8));
#3718=VECTOR('',#4565,1.0);
#3719=CARTESIAN_POINT('',(2.15,3.95,2.075));
#3720=VECTOR('',#4566,1.0);
#3721=CARTESIAN_POINT('',(-1.8,2.8,2.8));
#3722=CARTESIAN_POINT('',(-1.8,2.2,2.8));
#3723=CARTESIAN_POINT('',(-1.8,2.6,2.8));
#3724=VECTOR('',#4567,1.0);
#3725=CARTESIAN_POINT('',(-2.15,2.2,2.8));
#3726=CARTESIAN_POINT('',(2.15,2.2,2.8));
#3727=VECTOR('',#4568,1.0);
#3728=CARTESIAN_POINT('',(-2.15,3.95,2.8));
#3729=CARTESIAN_POINT('',(-2.15,3.95,2.8));
#3730=VECTOR('',#4569,1.0);
#3731=CARTESIAN_POINT('',(2.15,3.95,2.8));
#3732=VECTOR('',#4570,1.0);
#3733=CARTESIAN_POINT('',(1.8,2.2,2.8));
#3734=CARTESIAN_POINT('',(2.15,2.2,2.8));
#3735=VECTOR('',#4571,1.0);
#3736=CARTESIAN_POINT('',(1.8,2.8,2.8));
#3737=CARTESIAN_POINT('',(1.8,2.0,2.8));
#3738=VECTOR('',#4572,1.0);
#3739=CARTESIAN_POINT('',(2.15,2.8,2.8));
#3740=VECTOR('',#4573,1.0);
#3741=CARTESIAN_POINT('',(-2.15,1.2,2.8));
#3742=CARTESIAN_POINT('',(-2.15,2.0,2.8));
#3743=CARTESIAN_POINT('',(-2.15,3.95,2.8));
#3744=VECTOR('',#4574,1.0);
#3745=CARTESIAN_POINT('',(-2.15,1.2,2.8));
#3746=VECTOR('',#4575,1.0);
#3747=CARTESIAN_POINT('',(-2.15,3.95,2.8));
#3748=VECTOR('',#4576,1.0);
#3749=CARTESIAN_POINT('',(-2.15,2.0,3.0));
#3750=CARTESIAN_POINT('',(-2.15,3.075,1.925));
#3751=VECTOR('',#4577,1.0);
#3752=CARTESIAN_POINT('',(-2.15,2.0,2.8));
#3753=VECTOR('',#4578,1.0);
#3754=CARTESIAN_POINT('',(-2.27584969837962,1.11610020108025,1.97839879351849));
#3755=AXIS2_PLACEMENT_3D('',#4579,#4580,#4581);
#3756=CARTESIAN_POINT('',(-2.27584969837962,3.95,1.97839879351849));
#3757=CARTESIAN_POINT('',(-2.27584969837962,3.95,1.97839879351849));
#3758=VECTOR('',#4582,1.0);
#3759=AXIS2_PLACEMENT_3D('',#4583,#4584,#4585);
#3760=CARTESIAN_POINT('',(-2.30096161205719,1.09935892529521,1.98511853769089));
#3761=VECTOR('',#4586,1.0);
#3762=CARTESIAN_POINT('',(-2.27584969837962,3.95,1.97839879351849));
#3763=VECTOR('',#4587,1.0);
#3764=CARTESIAN_POINT('',(0.16,3.95,1.525));
#3765=CARTESIAN_POINT('',(-0.16,3.95,1.525));
#3766=CARTESIAN_POINT('',(-2.25,3.95,1.525));
#3767=VECTOR('',#4588,1.0);
#3768=CARTESIAN_POINT('',(0.16,3.95,0.774999999999999));
#3769=CARTESIAN_POINT('',(0.16,3.95,1.125));
#3770=VECTOR('',#4589,1.0);
#3771=CARTESIAN_POINT('',(-0.16,3.95,0.774999999999999));
#3772=CARTESIAN_POINT('',(-2.25,3.95,0.774999999999999));
#3773=VECTOR('',#4590,1.0);
#3774=CARTESIAN_POINT('',(-0.16,3.95,1.125));
#3775=VECTOR('',#4591,1.0);
#3776=CARTESIAN_POINT('',(-1.09,3.95,1.525));
#3777=CARTESIAN_POINT('',(-1.41,3.95,1.525));
#3778=CARTESIAN_POINT('',(-2.25,3.95,1.525));
#3779=VECTOR('',#4592,1.0);
#3780=CARTESIAN_POINT('',(-1.09,3.95,0.774999999999999));
#3781=CARTESIAN_POINT('',(-1.09,3.95,1.125));
#3782=VECTOR('',#4593,1.0);
#3783=CARTESIAN_POINT('',(-1.41,3.95,0.774999999999999));
#3784=CARTESIAN_POINT('',(-2.25,3.95,0.774999999999999));
#3785=VECTOR('',#4594,1.0);
#3786=CARTESIAN_POINT('',(-1.41,3.95,1.125));
#3787=VECTOR('',#4595,1.0);
#3788=CARTESIAN_POINT('',(1.41,3.95,1.525));
#3789=CARTESIAN_POINT('',(1.09,3.95,1.525));
#3790=CARTESIAN_POINT('',(-2.25,3.95,1.525));
#3791=VECTOR('',#4596,1.0);
#3792=CARTESIAN_POINT('',(1.41,3.95,0.774999999999999));
#3793=CARTESIAN_POINT('',(1.41,3.95,1.125));
#3794=VECTOR('',#4597,1.0);
#3795=CARTESIAN_POINT('',(1.09,3.95,0.774999999999999));
#3796=CARTESIAN_POINT('',(-2.25,3.95,0.774999999999999));
#3797=VECTOR('',#4598,1.0);
#3798=CARTESIAN_POINT('',(1.09,3.95,1.125));
#3799=VECTOR('',#4599,1.0);
#3800=CARTESIAN_POINT('',(-1.21538461538462,1.82307692307692,2.8));
#3801=VECTOR('',#4600,1.0);
#3802=CARTESIAN_POINT('',(-1.8,2.0,2.8));
#3803=VECTOR('',#4601,1.0);
#3804=CARTESIAN_POINT('',(1.8,2.0,3.0));
#3805=CARTESIAN_POINT('',(1.8,2.0,2.8));
#3806=VECTOR('',#4602,1.0);
#3807=CARTESIAN_POINT('',(2.75,2.0,3.0));
#3808=VECTOR('',#4603,1.0);
#3809=CARTESIAN_POINT('',(2.75,2.0,2.8));
#3810=VECTOR('',#4604,1.0);
#3811=CARTESIAN_POINT('',(1.8,2.2,2.8));
#3812=VECTOR('',#4605,1.0);
#3813=CARTESIAN_POINT('',(1.8,2.6,3.0));
#3814=CARTESIAN_POINT('',(1.8,2.6,2.8));
#3815=VECTOR('',#4606,1.0);
#3816=CARTESIAN_POINT('',(1.8,2.4,3.2));
#3817=VECTOR('',#4607,1.0);
#3818=CARTESIAN_POINT('',(-1.8,2.6,3.0));
#3819=CARTESIAN_POINT('',(-1.8,2.6,2.8));
#3820=VECTOR('',#4608,1.0);
#3821=CARTESIAN_POINT('',(1.8,2.6,3.0));
#3822=VECTOR('',#4609,1.0);
#3823=CARTESIAN_POINT('',(-1.8,2.0,3.0));
#3824=CARTESIAN_POINT('',(-1.8,2.0,2.8));
#3825=VECTOR('',#4610,1.0);
#3826=CARTESIAN_POINT('',(-1.8,2.2,2.8));
#3827=VECTOR('',#4611,1.0);
#3828=CARTESIAN_POINT('',(-1.8,2.7,2.9));
#3829=VECTOR('',#4612,1.0);
#3830=CARTESIAN_POINT('',(-1.8,2.0,3.0));
#3831=VECTOR('',#4613,1.0);
#3832=CARTESIAN_POINT('',(1.21538461538462,1.82307692307692,2.8));
#3833=VECTOR('',#4614,1.0);
#3834=CARTESIAN_POINT('',(3.25,4.2,2.0));
#3835=CARTESIAN_POINT('',(2.75,4.19999999999999,2.5));
#3836=VECTOR('',#4615,1.0);
#3837=CARTESIAN_POINT('',(3.25,1.4,2.0));
#3838=CARTESIAN_POINT('',(2.75,1.39999999999999,2.5));
#3839=VECTOR('',#4616,1.0);
#3840=CARTESIAN_POINT('',(3.25,1.4,2.0));
#3841=VECTOR('',#4617,1.0);
#3842=CARTESIAN_POINT('',(4.05,4.2,2.0));
#3843=CARTESIAN_POINT('',(3.25,4.2,2.0));
#3844=VECTOR('',#4618,1.0);
#3845=CARTESIAN_POINT('',(4.05,1.4,2.0));
#3846=CARTESIAN_POINT('',(3.25,1.4,2.0));
#3847=VECTOR('',#4619,1.0);
#3848=CARTESIAN_POINT('',(4.05,1.4,2.0));
#3849=VECTOR('',#4620,1.0);
#3850=CARTESIAN_POINT('',(4.25,4.2,1.8));
#3851=CARTESIAN_POINT('',(4.05,4.2,2.0));
#3852=VECTOR('',#4621,1.0);
#3853=CARTESIAN_POINT('',(4.25,1.4,1.8));
#3854=CARTESIAN_POINT('',(4.05,1.4,2.0));
#3855=VECTOR('',#4622,1.0);
#3856=CARTESIAN_POINT('',(4.25,1.4,1.8));
#3857=VECTOR('',#4623,1.0);
#3858=CARTESIAN_POINT('',(4.25,4.2,0.6));
#3859=CARTESIAN_POINT('',(4.25,4.2,1.8));
#3860=VECTOR('',#4624,1.0);
#3861=CARTESIAN_POINT('',(4.25,1.4,0.6));
#3862=CARTESIAN_POINT('',(4.25,1.4,1.8));
#3863=VECTOR('',#4625,1.0);
#3864=CARTESIAN_POINT('',(4.25,1.4,0.6));
#3865=VECTOR('',#4626,1.0);
#3866=CARTESIAN_POINT('',(3.75,4.2,0.1));
#3867=CARTESIAN_POINT('',(4.25,4.2,0.6));
#3868=VECTOR('',#4627,1.0);
#3869=CARTESIAN_POINT('',(3.75,1.4,0.1));
#3870=CARTESIAN_POINT('',(4.25,1.4,0.6));
#3871=VECTOR('',#4628,1.0);
#3872=CARTESIAN_POINT('',(3.75,1.4,0.1));
#3873=VECTOR('',#4629,1.0);
#3874=CARTESIAN_POINT('',(3.28771243444677,4.20000000000001,0.1));
#3875=CARTESIAN_POINT('',(3.28771243444677,2.0,0.1));
#3876=CARTESIAN_POINT('',(3.28771243444677,2.0,0.1));
#3877=VECTOR('',#4630,1.0);
#3878=CARTESIAN_POINT('',(3.75,4.2,0.1));
#3879=VECTOR('',#4631,1.0);
#3880=CARTESIAN_POINT('',(3.75,1.4,0.1));
#3881=VECTOR('',#4632,1.0);
#3882=CARTESIAN_POINT('',(2.99573593128807,4.20000000000001,0.1));
#3883=CARTESIAN_POINT('',(3.75,4.2,0.1));
#3884=VECTOR('',#4633,1.0);
#3885=CARTESIAN_POINT('',(2.99573593128807,2.0,0.1));
#3886=CARTESIAN_POINT('',(2.99573593128807,2.0,0.1));
#3887=VECTOR('',#4634,1.0);
#3888=CARTESIAN_POINT('',(3.75,2.0,0.1));
#3889=VECTOR('',#4635,1.0);
#3890=CARTESIAN_POINT('',(3.42,4.2,0.0500000000000011));
#3891=CARTESIAN_POINT('',(4.25,4.2,0.050000000000001));
#3892=CARTESIAN_POINT('',(3.42,4.2,0.050000000000001));
#3893=VECTOR('',#4636,1.0);
#3894=CARTESIAN_POINT('',(4.25,4.2,-0.199999999999999));
#3895=CARTESIAN_POINT('',(4.25,4.20000000000001,2.0672121422057E-14));
#3896=VECTOR('',#4637,1.0);
#3897=CARTESIAN_POINT('',(3.42,4.2,-0.199999999999999));
#3898=CARTESIAN_POINT('',(4.45,4.2,-0.199999999999999));
#3899=VECTOR('',#4638,1.0);
#3900=AXIS2_PLACEMENT_3D('',#4639,#4640,#4641);
#3901=AXIS2_PLACEMENT_3D('',#4642,#4643,#4644);
#3902=CARTESIAN_POINT('',(-4.25,4.2,0.6));
#3903=CARTESIAN_POINT('',(-4.25,4.2,1.8));
#3904=CARTESIAN_POINT('',(-4.25,4.2,0.6));
#3905=VECTOR('',#4645,1.0);
#3906=CARTESIAN_POINT('',(-4.25,1.4,0.6));
#3907=CARTESIAN_POINT('',(-4.25,1.4,0.6));
#3908=VECTOR('',#4646,1.0);
#3909=CARTESIAN_POINT('',(-4.25,1.4,1.8));
#3910=CARTESIAN_POINT('',(-4.25,1.4,0.6));
#3911=VECTOR('',#4647,1.0);
#3912=CARTESIAN_POINT('',(-4.25,1.4,1.8));
#3913=VECTOR('',#4648,1.0);
#3914=CARTESIAN_POINT('',(-4.05,4.2,2.0));
#3915=CARTESIAN_POINT('',(-4.25,4.2,1.8));
#3916=VECTOR('',#4649,1.0);
#3917=CARTESIAN_POINT('',(-4.05,1.4,2.0));
#3918=CARTESIAN_POINT('',(-4.25,1.4,1.8));
#3919=VECTOR('',#4650,1.0);
#3920=CARTESIAN_POINT('',(-4.05,1.4,2.0));
#3921=VECTOR('',#4651,1.0);
#3922=CARTESIAN_POINT('',(-3.25,4.2,2.0));
#3923=CARTESIAN_POINT('',(-4.05,4.2,2.0));
#3924=VECTOR('',#4652,1.0);
#3925=CARTESIAN_POINT('',(-3.25,1.4,2.0));
#3926=CARTESIAN_POINT('',(-4.05,1.4,2.0));
#3927=VECTOR('',#4653,1.0);
#3928=CARTESIAN_POINT('',(-3.25,1.4,2.0));
#3929=VECTOR('',#4654,1.0);
#3930=CARTESIAN_POINT('',(-3.25,4.2,2.0));
#3931=VECTOR('',#4655,1.0);
#3932=CARTESIAN_POINT('',(-3.25,1.4,2.0));
#3933=VECTOR('',#4656,1.0);
#3934=CARTESIAN_POINT('',(-3.28771243444677,2.0,0.100000000000001));
#3935=CARTESIAN_POINT('',(-3.28771243444677,4.2,0.100000000000001));
#3936=CARTESIAN_POINT('',(-3.28771243444677,2.0,0.100000000000001));
#3937=VECTOR('',#4657,1.0);
#3938=CARTESIAN_POINT('',(-2.99573593128807,2.0,0.100000000000001));
#3939=CARTESIAN_POINT('',(-2.75,2.0,0.100000000000001));
#3940=VECTOR('',#4658,1.0);
#3941=CARTESIAN_POINT('',(-2.99573593128807,4.2,0.100000000000001));
#3942=CARTESIAN_POINT('',(-2.99573593128807,2.0,0.100000000000001));
#3943=VECTOR('',#4659,1.0);
#3944=CARTESIAN_POINT('',(-2.75,4.2,0.100000000000001));
#3945=VECTOR('',#4660,1.0);
#3946=CARTESIAN_POINT('',(-3.75,1.4,0.100000000000001));
#3947=CARTESIAN_POINT('',(-2.75,1.4,0.100000000000001));
#3948=VECTOR('',#4661,1.0);
#3949=CARTESIAN_POINT('',(-3.75,4.2,0.100000000000001));
#3950=CARTESIAN_POINT('',(-3.75,1.4,0.100000000000001));
#3951=VECTOR('',#4662,1.0);
#3952=CARTESIAN_POINT('',(-2.75,4.2,0.100000000000001));
#3953=VECTOR('',#4663,1.0);
#3954=CARTESIAN_POINT('',(-3.75,4.2,0.100000000000001));
#3955=VECTOR('',#4664,1.0);
#3956=CARTESIAN_POINT('',(-3.75,1.4,0.100000000000001));
#3957=VECTOR('',#4665,1.0);
#3958=CARTESIAN_POINT('',(-3.42,4.2,-0.199999999999999));
#3959=CARTESIAN_POINT('',(-4.25,4.2,-0.199999999999999));
#3960=CARTESIAN_POINT('',(-3.42,4.2,-0.199999999999999));
#3961=VECTOR('',#4666,1.0);
#3962=CARTESIAN_POINT('',(-4.25,4.2,0.0500000000000009));
#3963=CARTESIAN_POINT('',(-4.25,4.2,1.87928376564154E-14));
#3964=VECTOR('',#4667,1.0);
#3965=CARTESIAN_POINT('',(-3.42,4.2,0.0500000000000009));
#3966=CARTESIAN_POINT('',(-4.45,4.2,0.0500000000000009));
#3967=VECTOR('',#4668,1.0);
#3968=AXIS2_PLACEMENT_3D('',#4669,#4670,#4671);
#3969=AXIS2_PLACEMENT_3D('',#4672,#4673,#4674);
#3970=CARTESIAN_POINT('',(2.15,1.2,0.399999999999999));
#3971=VECTOR('',#4675,1.0);
#3972=CARTESIAN_POINT('',(0.150000000000003,1.2,0.4));
#3973=VECTOR('',#4676,1.0);
#3974=CARTESIAN_POINT('',(-0.549999999999999,3.6,-3.55999999999999));
#3975=VECTOR('',#4677,1.0);
#3976=CARTESIAN_POINT('',(-0.549999999999999,2.45,-3.55999999999999));
#3977=VECTOR('',#4678,1.0);
#3978=CARTESIAN_POINT('',(-0.15,2.45,-3.55999999999999));
#3979=VECTOR('',#4679,1.0);
#3980=CARTESIAN_POINT('',(0.150000000000002,2.45,-3.55999999999999));
#3981=VECTOR('',#4680,1.0);
#3982=CARTESIAN_POINT('',(0.550000000000002,2.45,-3.55999999999999));
#3983=VECTOR('',#4681,1.0);
#3984=CARTESIAN_POINT('',(0.550000000000002,3.6,-3.55999999999999));
#3985=VECTOR('',#4682,1.0);
#3986=CARTESIAN_POINT('',(1.09,2.7,1.525));
#3987=CARTESIAN_POINT('',(1.09,1.7,1.325));
#3988=CARTESIAN_POINT('',(1.09,2.7,1.525));
#3989=VECTOR('',#4683,1.0);
#3990=CARTESIAN_POINT('',(1.41,1.7,1.325));
#3991=CARTESIAN_POINT('',(1.41,1.7,1.325));
#3992=VECTOR('',#4684,1.0);
#3993=CARTESIAN_POINT('',(1.41,2.7,1.525));
#3994=CARTESIAN_POINT('',(1.41,2.7,1.525));
#3995=VECTOR('',#4685,1.0);
#3996=CARTESIAN_POINT('',(1.41,2.7,1.525));
#3997=VECTOR('',#4686,1.0);
#3998=CARTESIAN_POINT('',(1.09,1.7,0.924999999999999));
#3999=CARTESIAN_POINT('',(1.09,1.7,1.325));
#4000=VECTOR('',#4687,1.0);
#4001=CARTESIAN_POINT('',(1.41,1.7,0.924999999999999));
#4002=CARTESIAN_POINT('',(1.41,1.7,0.924999999999999));
#4003=VECTOR('',#4688,1.0);
#4004=CARTESIAN_POINT('',(1.41,1.7,1.325));
#4005=VECTOR('',#4689,1.0);
#4006=CARTESIAN_POINT('',(1.09,2.4,0.774999999999999));
#4007=CARTESIAN_POINT('',(1.09,1.7,0.924999999999999));
#4008=VECTOR('',#4690,1.0);
#4009=CARTESIAN_POINT('',(1.41,2.4,0.774999999999999));
#4010=CARTESIAN_POINT('',(1.41,2.4,0.774999999999999));
#4011=VECTOR('',#4691,1.0);
#4012=CARTESIAN_POINT('',(1.41,1.7,0.924999999999999));
#4013=VECTOR('',#4692,1.0);
#4014=CARTESIAN_POINT('',(1.09,5.1,1.525));
#4015=VECTOR('',#4693,1.0);
#4016=CARTESIAN_POINT('',(1.09,2.4,0.774999999999999));
#4017=VECTOR('',#4694,1.0);
#4018=CARTESIAN_POINT('',(1.41,5.1,1.525));
#4019=VECTOR('',#4695,1.0);
#4020=CARTESIAN_POINT('',(1.41,2.4,0.774999999999999));
#4021=VECTOR('',#4696,1.0);
#4022=CARTESIAN_POINT('',(1.41,5.4,0.600000000000001));
#4023=CARTESIAN_POINT('',(1.41,5.1,0.600000000000001));
#4024=VECTOR('',#4697,1.0);
#4025=CARTESIAN_POINT('',(1.09,5.4,0.600000000000001));
#4026=CARTESIAN_POINT('',(1.09,5.1,0.600000000000001));
#4027=VECTOR('',#4698,1.0);
#4028=CARTESIAN_POINT('',(1.41,5.4,0.600000000000001));
#4029=VECTOR('',#4699,1.0);
#4030=CARTESIAN_POINT('',(1.09,5.9,1.175));
#4031=CARTESIAN_POINT('',(1.09,5.9,1.175));
#4032=VECTOR('',#4700,1.0);
#4033=CARTESIAN_POINT('',(1.41,5.9,1.175));
#4034=CARTESIAN_POINT('',(1.41,5.9,1.175));
#4035=VECTOR('',#4701,1.0);
#4036=CARTESIAN_POINT('',(1.41,5.9,1.175));
#4037=VECTOR('',#4702,1.0);
#4038=CARTESIAN_POINT('',(1.41,5.4,7.58941520739853E-16));
#4039=CARTESIAN_POINT('',(1.41,5.4,0.600000000000001));
#4040=VECTOR('',#4703,1.0);
#4041=CARTESIAN_POINT('',(1.41,5.6,-0.199999999999999));
#4042=CARTESIAN_POINT('',(1.41,5.4,7.7715611723761E-16));
#4043=VECTOR('',#4704,1.0);
#4044=CARTESIAN_POINT('',(1.41,6.0,-0.199999999999999));
#4045=CARTESIAN_POINT('',(1.41,5.6,-0.199999999999999));
#4046=VECTOR('',#4705,1.0);
#4047=CARTESIAN_POINT('',(1.41,6.2,7.31836466427715E-16));
#4048=CARTESIAN_POINT('',(1.41,6.0,-0.199999999999999));
#4049=VECTOR('',#4706,1.0);
#4050=CARTESIAN_POINT('',(1.41,6.2,0.300000000000001));
#4051=CARTESIAN_POINT('',(1.41,6.2,7.21644966006352E-16));
#4052=VECTOR('',#4707,1.0);
#4053=CARTESIAN_POINT('',(1.41,5.9,0.300000000000001));
#4054=CARTESIAN_POINT('',(1.41,6.2,0.300000000000001));
#4055=VECTOR('',#4708,1.0);
#4056=CARTESIAN_POINT('',(1.41,5.9,0.300000000000001));
#4057=VECTOR('',#4709,1.0);
#4058=CARTESIAN_POINT('',(1.09,5.9,0.300000000000001));
#4059=CARTESIAN_POINT('',(1.09,5.9,0.300000000000001));
#4060=VECTOR('',#4710,1.0);
#4061=CARTESIAN_POINT('',(1.09,6.2,0.300000000000001));
#4062=CARTESIAN_POINT('',(1.09,6.2,0.300000000000001));
#4063=VECTOR('',#4711,1.0);
#4064=CARTESIAN_POINT('',(1.09,6.2,7.31836466427715E-16));
#4065=CARTESIAN_POINT('',(1.09,6.2,7.21644966006352E-16));
#4066=VECTOR('',#4712,1.0);
#4067=CARTESIAN_POINT('',(1.09,6.0,-0.199999999999999));
#4068=CARTESIAN_POINT('',(1.09,6.0,-0.199999999999999));
#4069=VECTOR('',#4713,1.0);
#4070=CARTESIAN_POINT('',(1.09,5.6,-0.199999999999999));
#4071=CARTESIAN_POINT('',(1.09,5.6,-0.199999999999999));
#4072=VECTOR('',#4714,1.0);
#4073=CARTESIAN_POINT('',(1.09,5.4,7.58941520739853E-16));
#4074=CARTESIAN_POINT('',(1.09,5.4,7.7715611723761E-16));
#4075=VECTOR('',#4715,1.0);
#4076=CARTESIAN_POINT('',(1.09,5.4,0.600000000000001));
#4077=VECTOR('',#4716,1.0);
#4078=CARTESIAN_POINT('',(1.41,5.4,7.58941520739853E-16));
#4079=VECTOR('',#4717,1.0);
#4080=CARTESIAN_POINT('',(1.41,5.6,-0.199999999999999));
#4081=VECTOR('',#4718,1.0);
#4082=CARTESIAN_POINT('',(1.41,6.0,-0.199999999999999));
#4083=VECTOR('',#4719,1.0);
#4084=CARTESIAN_POINT('',(1.41,6.2,7.31836466427715E-16));
#4085=VECTOR('',#4720,1.0);
#4086=CARTESIAN_POINT('',(1.41,6.2,0.300000000000001));
#4087=VECTOR('',#4721,1.0);
#4088=CARTESIAN_POINT('',(1.41,5.9,0.300000000000001));
#4089=VECTOR('',#4722,1.0);
#4090=CARTESIAN_POINT('',(3.42,2.0,0.0500000000000011));
#4091=AXIS2_PLACEMENT_3D('',#4723,#4724,#4725);
#4092=CARTESIAN_POINT('',(3.42,2.0,0.0500000000000011));
#4093=VECTOR('',#4726,1.0);
#4094=CARTESIAN_POINT('',(4.25,2.0,0.050000000000001));
#4095=CARTESIAN_POINT('',(3.42,2.0,0.050000000000001));
#4096=VECTOR('',#4727,1.0);
#4097=CARTESIAN_POINT('',(4.45,2.2,0.050000000000001));
#4098=CARTESIAN_POINT('',(3.835,1.585,0.050000000000001));
#4099=VECTOR('',#4728,1.0);
#4100=CARTESIAN_POINT('',(4.45,4.00000000000001,0.050000000000001));
#4101=CARTESIAN_POINT('',(4.45,2.0,0.050000000000001));
#4102=VECTOR('',#4729,1.0);
#4103=CARTESIAN_POINT('',(4.935,3.515,0.050000000000001));
#4104=VECTOR('',#4730,1.0);
#4105=CARTESIAN_POINT('',(4.45,2.2,-0.199999999999999));
#4106=CARTESIAN_POINT('',(4.45,2.2,0.050000000000001));
#4107=VECTOR('',#4731,1.0);
#4108=CARTESIAN_POINT('',(4.45,4.00000000000001,-0.199999999999999));
#4109=CARTESIAN_POINT('',(4.45,2.0,-0.199999999999999));
#4110=VECTOR('',#4732,1.0);
#4111=CARTESIAN_POINT('',(4.45,4.00000000000001,0.0500000000000089));
#4112=VECTOR('',#4733,1.0);
#4113=CARTESIAN_POINT('',(4.25,2.0,-0.199999999999999));
#4114=CARTESIAN_POINT('',(4.35,2.1,-0.199999999999999));
#4115=VECTOR('',#4734,1.0);
#4116=CARTESIAN_POINT('',(3.42,2.0,-0.199999999999999));
#4117=CARTESIAN_POINT('',(4.45,2.0,-0.199999999999999));
#4118=VECTOR('',#4735,1.0);
#4119=CARTESIAN_POINT('',(3.42,2.0,-0.199999999999999));
#4120=VECTOR('',#4736,1.0);
#4121=CARTESIAN_POINT('',(5.45,3.0,-0.199999999999999));
#4122=VECTOR('',#4737,1.0);
#4123=AXIS2_PLACEMENT_3D('',#4738,#4739,#4740);
#4124=CARTESIAN_POINT('',(4.25,2.0,0.250000000000001));
#4125=VECTOR('',#4741,1.0);
#4126=CARTESIAN_POINT('',(-4.45,2.2,-0.199999999999999));
#4127=CARTESIAN_POINT('',(-4.45,4.00000000000001,-0.199999999999999));
#4128=CARTESIAN_POINT('',(-4.45,2.0,-0.199999999999999));
#4129=VECTOR('',#4742,1.0);
#4130=CARTESIAN_POINT('',(-4.45,2.2,0.0500000000000009));
#4131=CARTESIAN_POINT('',(-4.45,2.2,-0.199999999999999));
#4132=VECTOR('',#4743,1.0);
#4133=CARTESIAN_POINT('',(-4.45,4.00000000000001,0.0500000000000009));
#4134=CARTESIAN_POINT('',(-4.45,2.0,0.0500000000000009));
#4135=VECTOR('',#4744,1.0);
#4136=CARTESIAN_POINT('',(-4.45,4.00000000000001,-0.199999999999992));
#4137=VECTOR('',#4745,1.0);
#4138=CARTESIAN_POINT('',(-4.25,2.0,0.0500000000000009));
#4139=CARTESIAN_POINT('',(-4.35,2.1,0.0500000000000009));
#4140=VECTOR('',#4746,1.0);
#4141=CARTESIAN_POINT('',(-3.42,2.0,0.0500000000000009));
#4142=CARTESIAN_POINT('',(-4.45,2.0,0.0500000000000009));
#4143=VECTOR('',#4747,1.0);
#4144=CARTESIAN_POINT('',(-3.42,2.0,0.0500000000000009));
#4145=VECTOR('',#4748,1.0);
#4146=CARTESIAN_POINT('',(-5.45,3.0,0.0500000000000009));
#4147=VECTOR('',#4749,1.0);
#4148=AXIS2_PLACEMENT_3D('',#4750,#4751,#4752);
#4149=CARTESIAN_POINT('',(-3.42,2.0,-0.199999999999999));
#4150=AXIS2_PLACEMENT_3D('',#4753,#4754,#4755);
#4151=CARTESIAN_POINT('',(-3.42,2.0,-0.199999999999999));
#4152=VECTOR('',#4756,1.0);
#4153=CARTESIAN_POINT('',(-4.25,2.0,-0.199999999999999));
#4154=CARTESIAN_POINT('',(-3.42,2.0,-0.199999999999999));
#4155=VECTOR('',#4757,1.0);
#4156=CARTESIAN_POINT('',(-3.835,1.585,-0.199999999999999));
#4157=VECTOR('',#4758,1.0);
#4158=CARTESIAN_POINT('',(-4.935,3.515,-0.199999999999999));
#4159=VECTOR('',#4759,1.0);
#4160=CARTESIAN_POINT('',(-4.25,2.0,0.250000000000001));
#4161=VECTOR('',#4760,1.0);
#4162=CARTESIAN_POINT('',(-1.41,2.7,1.525));
#4163=CARTESIAN_POINT('',(-1.41,1.7,1.325));
#4164=CARTESIAN_POINT('',(-1.41,2.7,1.525));
#4165=VECTOR('',#4761,1.0);
#4166=CARTESIAN_POINT('',(-1.09,1.7,1.325));
#4167=CARTESIAN_POINT('',(-1.09,1.7,1.325));
#4168=VECTOR('',#4762,1.0);
#4169=CARTESIAN_POINT('',(-1.09,2.7,1.525));
#4170=CARTESIAN_POINT('',(-1.09,2.7,1.525));
#4171=VECTOR('',#4763,1.0);
#4172=CARTESIAN_POINT('',(-1.09,2.7,1.525));
#4173=VECTOR('',#4764,1.0);
#4174=CARTESIAN_POINT('',(-1.41,1.7,0.924999999999999));
#4175=CARTESIAN_POINT('',(-1.41,1.7,1.325));
#4176=VECTOR('',#4765,1.0);
#4177=CARTESIAN_POINT('',(-1.09,1.7,0.924999999999999));
#4178=CARTESIAN_POINT('',(-1.09,1.7,0.924999999999999));
#4179=VECTOR('',#4766,1.0);
#4180=CARTESIAN_POINT('',(-1.09,1.7,1.325));
#4181=VECTOR('',#4767,1.0);
#4182=CARTESIAN_POINT('',(-1.41,2.4,0.774999999999999));
#4183=CARTESIAN_POINT('',(-1.41,1.7,0.924999999999999));
#4184=VECTOR('',#4768,1.0);
#4185=CARTESIAN_POINT('',(-1.09,2.4,0.774999999999999));
#4186=CARTESIAN_POINT('',(-1.09,2.4,0.774999999999999));
#4187=VECTOR('',#4769,1.0);
#4188=CARTESIAN_POINT('',(-1.09,1.7,0.924999999999999));
#4189=VECTOR('',#4770,1.0);
#4190=CARTESIAN_POINT('',(-1.41,5.1,1.525));
#4191=VECTOR('',#4771,1.0);
#4192=CARTESIAN_POINT('',(-1.41,2.4,0.774999999999999));
#4193=VECTOR('',#4772,1.0);
#4194=CARTESIAN_POINT('',(-1.09,5.1,1.525));
#4195=VECTOR('',#4773,1.0);
#4196=CARTESIAN_POINT('',(-1.09,2.4,0.774999999999999));
#4197=VECTOR('',#4774,1.0);
#4198=CARTESIAN_POINT('',(-0.16,2.7,1.525));
#4199=CARTESIAN_POINT('',(-0.16,1.7,1.325));
#4200=CARTESIAN_POINT('',(-0.16,2.7,1.525));
#4201=VECTOR('',#4775,1.0);
#4202=CARTESIAN_POINT('',(0.16,1.7,1.325));
#4203=CARTESIAN_POINT('',(0.16,1.7,1.325));
#4204=VECTOR('',#4776,1.0);
#4205=CARTESIAN_POINT('',(0.16,2.7,1.525));
#4206=CARTESIAN_POINT('',(0.16,2.7,1.525));
#4207=VECTOR('',#4777,1.0);
#4208=CARTESIAN_POINT('',(0.16,2.7,1.525));
#4209=VECTOR('',#4778,1.0);
#4210=CARTESIAN_POINT('',(-0.16,1.7,0.924999999999999));
#4211=CARTESIAN_POINT('',(-0.16,1.7,1.325));
#4212=VECTOR('',#4779,1.0);
#4213=CARTESIAN_POINT('',(0.16,1.7,0.924999999999999));
#4214=CARTESIAN_POINT('',(0.16,1.7,0.924999999999999));
#4215=VECTOR('',#4780,1.0);
#4216=CARTESIAN_POINT('',(0.16,1.7,1.325));
#4217=VECTOR('',#4781,1.0);
#4218=CARTESIAN_POINT('',(-0.16,2.4,0.774999999999999));
#4219=CARTESIAN_POINT('',(-0.16,1.7,0.924999999999999));
#4220=VECTOR('',#4782,1.0);
#4221=CARTESIAN_POINT('',(0.16,2.4,0.774999999999999));
#4222=CARTESIAN_POINT('',(0.16,2.4,0.774999999999999));
#4223=VECTOR('',#4783,1.0);
#4224=CARTESIAN_POINT('',(0.16,1.7,0.924999999999999));
#4225=VECTOR('',#4784,1.0);
#4226=CARTESIAN_POINT('',(-0.16,5.1,1.525));
#4227=VECTOR('',#4785,1.0);
#4228=CARTESIAN_POINT('',(-0.16,2.4,0.774999999999999));
#4229=VECTOR('',#4786,1.0);
#4230=CARTESIAN_POINT('',(0.16,5.1,1.525));
#4231=VECTOR('',#4787,1.0);
#4232=CARTESIAN_POINT('',(0.16,2.4,0.774999999999999));
#4233=VECTOR('',#4788,1.0);
#4234=CARTESIAN_POINT('',(-1.09,5.4,0.600000000000001));
#4235=CARTESIAN_POINT('',(-1.09,5.1,0.600000000000001));
#4236=VECTOR('',#4789,1.0);
#4237=CARTESIAN_POINT('',(-1.41,5.4,0.600000000000001));
#4238=CARTESIAN_POINT('',(-1.41,5.1,0.600000000000001));
#4239=VECTOR('',#4790,1.0);
#4240=CARTESIAN_POINT('',(-1.09,5.4,0.600000000000001));
#4241=VECTOR('',#4791,1.0);
#4242=CARTESIAN_POINT('',(-1.41,5.9,1.175));
#4243=CARTESIAN_POINT('',(-1.41,5.9,1.175));
#4244=VECTOR('',#4792,1.0);
#4245=CARTESIAN_POINT('',(-1.09,5.9,1.175));
#4246=CARTESIAN_POINT('',(-1.09,5.9,1.175));
#4247=VECTOR('',#4793,1.0);
#4248=CARTESIAN_POINT('',(-1.09,5.9,1.175));
#4249=VECTOR('',#4794,1.0);
#4250=CARTESIAN_POINT('',(-1.09,5.4,7.58941520739853E-16));
#4251=CARTESIAN_POINT('',(-1.09,5.4,0.600000000000001));
#4252=VECTOR('',#4795,1.0);
#4253=CARTESIAN_POINT('',(-1.09,5.6,-0.199999999999999));
#4254=CARTESIAN_POINT('',(-1.09,5.4,7.7715611723761E-16));
#4255=VECTOR('',#4796,1.0);
#4256=CARTESIAN_POINT('',(-1.09,6.0,-0.199999999999999));
#4257=CARTESIAN_POINT('',(-1.09,5.6,-0.199999999999999));
#4258=VECTOR('',#4797,1.0);
#4259=CARTESIAN_POINT('',(-1.09,6.2,7.31836466427715E-16));
#4260=CARTESIAN_POINT('',(-1.09,6.0,-0.199999999999999));
#4261=VECTOR('',#4798,1.0);
#4262=CARTESIAN_POINT('',(-1.09,6.2,0.300000000000001));
#4263=CARTESIAN_POINT('',(-1.09,6.2,7.21644966006352E-16));
#4264=VECTOR('',#4799,1.0);
#4265=CARTESIAN_POINT('',(-1.09,5.9,0.300000000000001));
#4266=CARTESIAN_POINT('',(-1.09,6.2,0.300000000000001));
#4267=VECTOR('',#4800,1.0);
#4268=CARTESIAN_POINT('',(-1.09,5.9,0.300000000000001));
#4269=VECTOR('',#4801,1.0);
#4270=CARTESIAN_POINT('',(-1.41,5.9,0.300000000000001));
#4271=CARTESIAN_POINT('',(-1.41,5.9,0.300000000000001));
#4272=VECTOR('',#4802,1.0);
#4273=CARTESIAN_POINT('',(-1.41,6.2,0.300000000000001));
#4274=CARTESIAN_POINT('',(-1.41,6.2,0.300000000000001));
#4275=VECTOR('',#4803,1.0);
#4276=CARTESIAN_POINT('',(-1.41,6.2,7.31836466427715E-16));
#4277=CARTESIAN_POINT('',(-1.41,6.2,7.21644966006352E-16));
#4278=VECTOR('',#4804,1.0);
#4279=CARTESIAN_POINT('',(-1.41,6.0,-0.199999999999999));
#4280=CARTESIAN_POINT('',(-1.41,6.0,-0.199999999999999));
#4281=VECTOR('',#4805,1.0);
#4282=CARTESIAN_POINT('',(-1.41,5.6,-0.199999999999999));
#4283=CARTESIAN_POINT('',(-1.41,5.6,-0.199999999999999));
#4284=VECTOR('',#4806,1.0);
#4285=CARTESIAN_POINT('',(-1.41,5.4,7.58941520739853E-16));
#4286=CARTESIAN_POINT('',(-1.41,5.4,7.7715611723761E-16));
#4287=VECTOR('',#4807,1.0);
#4288=CARTESIAN_POINT('',(-1.41,5.4,0.600000000000001));
#4289=VECTOR('',#4808,1.0);
#4290=CARTESIAN_POINT('',(-1.09,5.4,7.58941520739853E-16));
#4291=VECTOR('',#4809,1.0);
#4292=CARTESIAN_POINT('',(-1.09,5.6,-0.199999999999999));
#4293=VECTOR('',#4810,1.0);
#4294=CARTESIAN_POINT('',(-1.09,6.0,-0.199999999999999));
#4295=VECTOR('',#4811,1.0);
#4296=CARTESIAN_POINT('',(-1.09,6.2,7.31836466427715E-16));
#4297=VECTOR('',#4812,1.0);
#4298=CARTESIAN_POINT('',(-1.09,6.2,0.300000000000001));
#4299=VECTOR('',#4813,1.0);
#4300=CARTESIAN_POINT('',(-1.09,5.9,0.300000000000001));
#4301=VECTOR('',#4814,1.0);
#4302=CARTESIAN_POINT('',(0.16,5.4,0.600000000000001));
#4303=CARTESIAN_POINT('',(0.16,5.1,0.600000000000001));
#4304=VECTOR('',#4815,1.0);
#4305=CARTESIAN_POINT('',(-0.16,5.4,0.600000000000001));
#4306=CARTESIAN_POINT('',(-0.16,5.1,0.600000000000001));
#4307=VECTOR('',#4816,1.0);
#4308=CARTESIAN_POINT('',(0.16,5.4,0.600000000000001));
#4309=VECTOR('',#4817,1.0);
#4310=CARTESIAN_POINT('',(-0.16,5.9,1.175));
#4311=CARTESIAN_POINT('',(-0.16,5.9,1.175));
#4312=VECTOR('',#4818,1.0);
#4313=CARTESIAN_POINT('',(0.16,5.9,1.175));
#4314=CARTESIAN_POINT('',(0.16,5.9,1.175));
#4315=VECTOR('',#4819,1.0);
#4316=CARTESIAN_POINT('',(0.16,5.9,1.175));
#4317=VECTOR('',#4820,1.0);
#4318=CARTESIAN_POINT('',(0.16,5.4,7.58941520739853E-16));
#4319=CARTESIAN_POINT('',(0.16,5.4,0.600000000000001));
#4320=VECTOR('',#4821,1.0);
#4321=CARTESIAN_POINT('',(0.16,5.6,-0.199999999999999));
#4322=CARTESIAN_POINT('',(0.16,5.4,7.7715611723761E-16));
#4323=VECTOR('',#4822,1.0);
#4324=CARTESIAN_POINT('',(0.16,6.0,-0.199999999999999));
#4325=CARTESIAN_POINT('',(0.16,5.6,-0.199999999999999));
#4326=VECTOR('',#4823,1.0);
#4327=CARTESIAN_POINT('',(0.16,6.2,7.31836466427715E-16));
#4328=CARTESIAN_POINT('',(0.16,6.0,-0.199999999999999));
#4329=VECTOR('',#4824,1.0);
#4330=CARTESIAN_POINT('',(0.16,6.2,0.300000000000001));
#4331=CARTESIAN_POINT('',(0.16,6.2,7.21644966006352E-16));
#4332=VECTOR('',#4825,1.0);
#4333=CARTESIAN_POINT('',(0.16,5.9,0.300000000000001));
#4334=CARTESIAN_POINT('',(0.16,6.2,0.300000000000001));
#4335=VECTOR('',#4826,1.0);
#4336=CARTESIAN_POINT('',(0.16,5.9,0.300000000000001));
#4337=VECTOR('',#4827,1.0);
#4338=CARTESIAN_POINT('',(-0.16,5.9,0.300000000000001));
#4339=CARTESIAN_POINT('',(-0.16,5.9,0.300000000000001));
#4340=VECTOR('',#4828,1.0);
#4341=CARTESIAN_POINT('',(-0.16,6.2,0.300000000000001));
#4342=CARTESIAN_POINT('',(-0.16,6.2,0.300000000000001));
#4343=VECTOR('',#4829,1.0);
#4344=CARTESIAN_POINT('',(-0.16,6.2,7.31836466427715E-16));
#4345=CARTESIAN_POINT('',(-0.16,6.2,7.21644966006352E-16));
#4346=VECTOR('',#4830,1.0);
#4347=CARTESIAN_POINT('',(-0.16,6.0,-0.199999999999999));
#4348=CARTESIAN_POINT('',(-0.16,6.0,-0.199999999999999));
#4349=VECTOR('',#4831,1.0);
#4350=CARTESIAN_POINT('',(-0.16,5.6,-0.199999999999999));
#4351=CARTESIAN_POINT('',(-0.16,5.6,-0.199999999999999));
#4352=VECTOR('',#4832,1.0);
#4353=CARTESIAN_POINT('',(-0.16,5.4,7.58941520739853E-16));
#4354=CARTESIAN_POINT('',(-0.16,5.4,7.7715611723761E-16));
#4355=VECTOR('',#4833,1.0);
#4356=CARTESIAN_POINT('',(-0.16,5.4,0.600000000000001));
#4357=VECTOR('',#4834,1.0);
#4358=CARTESIAN_POINT('',(0.16,5.4,7.58941520739853E-16));
#4359=VECTOR('',#4835,1.0);
#4360=CARTESIAN_POINT('',(0.16,5.6,-0.199999999999999));
#4361=VECTOR('',#4836,1.0);
#4362=CARTESIAN_POINT('',(0.16,6.0,-0.199999999999999));
#4363=VECTOR('',#4837,1.0);
#4364=CARTESIAN_POINT('',(0.16,6.2,7.31836466427715E-16));
#4365=VECTOR('',#4838,1.0);
#4366=CARTESIAN_POINT('',(0.16,6.2,0.300000000000001));
#4367=VECTOR('',#4839,1.0);
#4368=CARTESIAN_POINT('',(0.16,5.9,0.300000000000001));
#4369=VECTOR('',#4840,1.0);
#4370=DIRECTION('',(0.0,-1.0,-0.0));
#4371=CARTESIAN_POINT('',(-2.25,3.95,2.075));
#4372=DIRECTION('',(0.0,-1.0,0.0));
#4373=DIRECTION('',(1.0,0.0,0.0));
#4374=DIRECTION('',(0.0,1.0,0.0));
#4375=CARTESIAN_POINT('',(-2.25,1.13333333333333,2.075));
#4376=DIRECTION('',(-0.55470019622523,0.832050294337843,1.12763842092287E-16));
#4377=DIRECTION('',(-0.832050294337843,-0.55470019622523,1.6914576313843E-16));
#4378=DIRECTION('',(0.0,-1.0,-0.0));
#4379=CARTESIAN_POINT('',(2.25,3.95,2.075));
#4380=DIRECTION('',(0.0,-1.0,0.0));
#4381=DIRECTION('',(-1.0,0.0,0.0));
#4382=DIRECTION('',(0.0,1.0,0.0));
#4383=CARTESIAN_POINT('',(2.25,1.13333333333333,2.075));
#4384=DIRECTION('',(0.554700196225229,0.832050294337843,7.76385533485973E-16));
#4385=DIRECTION('',(0.832050294337843,-0.554700196225229,1.16457830022896E-15));
#4386=DIRECTION('',(-0.0,1.0,0.0));
#4387=CARTESIAN_POINT('',(2.25,1.13333333333333,1.125));
#4388=DIRECTION('',(0.55470019622523,0.832050294337843,1.12763842092287E-16));
#4389=DIRECTION('',(0.832050294337843,-0.55470019622523,1.6914576313843E-16));
#4390=DIRECTION('',(0.0,1.0,0.0));
#4391=CARTESIAN_POINT('',(2.25,3.95,1.125));
#4392=DIRECTION('',(0.0,-1.0,0.0));
#4393=DIRECTION('',(-1.0,0.0,0.0));
#4394=DIRECTION('',(-0.0,1.0,0.0));
#4395=CARTESIAN_POINT('',(-2.25,1.13333333333333,1.125));
#4396=DIRECTION('',(-0.55470019622523,0.832050294337843,1.12763842092287E-16));
#4397=DIRECTION('',(-0.832050294337843,-0.55470019622523,1.69145763138429E-16));
#4398=DIRECTION('',(0.0,1.0,0.0));
#4399=CARTESIAN_POINT('',(-2.25,3.95,1.125));
#4400=DIRECTION('',(0.0,-1.0,0.0));
#4401=DIRECTION('',(1.0,0.0,0.0));
#4402=DIRECTION('',(0.0,0.0,1.0));
#4403=DIRECTION('',(-1.0,0.0,0.0));
#4404=DIRECTION('',(0.0,0.0,1.0));
#4405=DIRECTION('',(-1.0,0.0,0.0));
#4406=DIRECTION('',(0.0,0.0,1.0));
#4407=DIRECTION('',(-1.0,0.0,0.0));
#4408=DIRECTION('',(0.0,1.35525271560688E-16,-1.0));
#4409=DIRECTION('',(1.0,3.54829801904347E-16,0.0));
#4410=DIRECTION('',(1.19636101791504E-15,1.35525271560688E-16,-1.0));
#4411=DIRECTION('',(1.020425574104E-15,-2.55106393526001E-16,1.0));
#4412=DIRECTION('',(0.0,1.35525271560688E-16,-1.0));
#4413=DIRECTION('',(-1.0,6.83426948152493E-33,-5.04280080225816E-17));
#4414=DIRECTION('',(6.16873649862442E-16,-1.0,-3.41988342406856E-16));
#4415=DIRECTION('',(-1.0,0.0,0.0));
#4416=DIRECTION('',(3.77113799125393E-16,-1.0,-3.41988342406856E-16));
#4417=DIRECTION('',(1.0,0.0,0.0));
#4418=DIRECTION('',(0.0,1.0,3.41988342406856E-16));
#4419=DIRECTION('',(-1.0,0.0,0.0));
#4420=DIRECTION('',(0.0,1.0,3.41988342406856E-16));
#4421=DIRECTION('',(-1.0,0.0,0.0));
#4422=DIRECTION('',(-4.33680868994202E-16,-1.0,-1.70994171203428E-15));
#4423=DIRECTION('',(1.0,0.0,0.0));
#4424=DIRECTION('',(0.0,1.0,1.70994171203428E-15));
#4425=DIRECTION('',(-1.0,0.0,0.0));
#4426=DIRECTION('',(0.0,1.0,3.41988342406856E-16));
#4427=DIRECTION('',(-1.0,0.0,0.0));
#4428=DIRECTION('',(0.0,1.0,1.70994171203428E-15));
#4429=DIRECTION('',(-1.0,0.0,0.0));
#4430=DIRECTION('',(4.33680868994202E-16,-1.0,-1.70994171203428E-15));
#4431=DIRECTION('',(-1.0,0.0,0.0));
#4432=DIRECTION('',(1.73472347597681E-15,1.0,1.70994171203428E-15));
#4433=DIRECTION('',(-1.0,0.0,0.0));
#4434=DIRECTION('',(-8.67361737988404E-16,-1.0,-1.70994171203428E-15));
#4435=DIRECTION('',(-1.0,0.0,0.0));
#4436=DIRECTION('',(0.0,1.0,3.41988342406856E-16));
#4437=DIRECTION('',(0.0,-1.0,-1.70994171203428E-15));
#4438=DIRECTION('',(1.0,-8.67361737988404E-16,0.0));
#4439=DIRECTION('',(-8.67361737988403E-16,1.0,1.70994171203428E-15));
#4440=DIRECTION('',(0.0,-1.0,0.0));
#4441=DIRECTION('',(1.0,0.0,6.77626357803441E-16));
#4442=DIRECTION('',(0.0,-1.0,0.0));
#4443=DIRECTION('',(-1.0,0.0,-5.42101086242751E-16));
#4444=DIRECTION('',(-3.77113799125393E-16,1.0,0.0));
#4445=DIRECTION('',(1.0,0.0,4.06575814682063E-16));
#4446=DIRECTION('',(-6.16873649862442E-16,1.0,0.0));
#4447=DIRECTION('',(1.0,-6.83426948152493E-33,5.04280080225816E-17));
#4448=DIRECTION('',(0.0,1.0,0.0));
#4449=DIRECTION('',(-1.0,0.0,-5.04280080225816E-17));
#4450=DIRECTION('',(0.0,1.0,0.0));
#4451=DIRECTION('',(1.0,-6.83426948152493E-33,5.04280080225816E-17));
#4452=DIRECTION('',(0.0,-0.707106781186548,-0.707106781186547));
#4453=DIRECTION('',(0.727606875108998,0.485071250072667,0.485071250072666));
#4454=DIRECTION('',(-1.0,6.83426948152493E-33,-5.04280080225816E-17));
#4455=DIRECTION('',(0.0,-1.0,0.0));
#4456=DIRECTION('',(0.0,0.0,1.0));
#4457=DIRECTION('',(0.0,-1.0,0.0));
#4458=DIRECTION('',(0.0,-5.42101086242752E-16,1.0));
#4459=DIRECTION('',(0.0,1.35525271560688E-16,-1.0));
#4460=DIRECTION('',(0.0,3.97540796578018E-15,-1.0));
#4461=DIRECTION('',(0.0,1.0,0.0));
#4462=DIRECTION('',(0.0,3.97540796578018E-15,-1.0));
#4463=DIRECTION('',(0.0,1.0,0.0));
#4464=DIRECTION('',(0.0,0.0,1.0));
#4465=DIRECTION('',(0.0,-1.35525271560688E-16,1.0));
#4466=DIRECTION('',(0.0,2.55106393526001E-16,-1.0));
#4467=DIRECTION('',(0.0,-1.35525271560688E-16,1.0));
#4468=DIRECTION('',(1.0,3.54829801904347E-16,0.0));
#4469=DIRECTION('',(0.0,0.0,1.0));
#4470=DIRECTION('',(-1.0,0.0,0.0));
#4471=DIRECTION('',(0.0,0.0,1.0));
#4472=DIRECTION('',(-1.0,0.0,0.0));
#4473=DIRECTION('',(0.0,-1.0,0.0));
#4474=DIRECTION('',(-1.0,0.0,0.0));
#4475=DIRECTION('',(-1.0,0.0,0.0));
#4476=DIRECTION('',(0.0,-1.0,0.0));
#4477=DIRECTION('',(-1.0,-7.2280144832367E-16,0.0));
#4478=DIRECTION('',(0.0,1.0,0.0));
#4479=DIRECTION('',(-1.0,0.0,0.0));
#4480=DIRECTION('',(0.0,-5.42101086242752E-16,1.0));
#4481=DIRECTION('',(1.0,0.0,0.0));
#4482=DIRECTION('',(0.0,-5.42101086242752E-16,1.0));
#4483=DIRECTION('',(-1.0,0.0,0.0));
#4484=DIRECTION('',(0.0,-5.42101086242752E-16,1.0));
#4485=DIRECTION('',(1.0,0.0,0.0));
#4486=DIRECTION('',(0.0,-5.42101086242752E-16,1.0));
#4487=DIRECTION('',(-1.0,0.0,0.0));
#4488=DIRECTION('',(0.0,-5.42101086242752E-16,1.0));
#4489=DIRECTION('',(1.0,0.0,0.0));
#4490=DIRECTION('',(0.0,-5.42101086242752E-16,1.0));
#4491=DIRECTION('',(0.0,-5.42101086242752E-16,1.0));
#4492=DIRECTION('',(0.0,0.0,1.0));
#4493=DIRECTION('',(1.0,0.0,0.0));
#4494=DIRECTION('',(0.0,0.0,1.0));
#4495=DIRECTION('',(0.0,0.0,1.0));
#4496=DIRECTION('',(1.0,0.0,0.0));
#4497=DIRECTION('',(0.0,0.0,1.0));
#4498=DIRECTION('',(0.0,-3.97540796578018E-15,1.0));
#4499=DIRECTION('',(0.0,1.0,0.0));
#4500=DIRECTION('',(0.0,-3.97540796578018E-15,1.0));
#4501=DIRECTION('',(0.0,1.0,0.0));
#4502=DIRECTION('',(0.0,1.0,0.0));
#4503=DIRECTION('',(0.0,0.0,1.0));
#4504=DIRECTION('',(0.0,0.0,1.0));
#4505=DIRECTION('',(0.0,1.0,1.70994171203428E-15));
#4506=DIRECTION('',(0.0,0.0,1.0));
#4507=DIRECTION('',(1.0,0.0,0.0));
#4508=DIRECTION('',(-4.33680868994202E-16,-1.0,-1.70994171203428E-15));
#4509=DIRECTION('',(0.0,1.0,1.70994171203428E-15));
#4510=DIRECTION('',(0.0,0.0,1.0));
#4511=DIRECTION('',(0.0,0.0,1.0));
#4512=DIRECTION('',(4.33680868994202E-16,-1.0,-1.70994171203428E-15));
#4513=DIRECTION('',(-1.0,0.0,0.0));
#4514=DIRECTION('',(0.0,0.0,1.0));
#4515=DIRECTION('',(-8.67361737988403E-16,1.0,1.70994171203428E-15));
#4516=DIRECTION('',(0.0,0.0,1.0));
#4517=DIRECTION('',(1.0,-8.67361737988404E-16,0.0));
#4518=DIRECTION('',(0.0,-1.0,-1.70994171203428E-15));
#4519=DIRECTION('',(1.73472347597681E-15,1.0,1.70994171203428E-15));
#4520=DIRECTION('',(0.0,0.0,1.0));
#4521=DIRECTION('',(0.0,0.0,1.0));
#4522=DIRECTION('',(-8.67361737988404E-16,-1.0,-1.70994171203428E-15));
#4523=DIRECTION('',(-1.0,0.0,0.0));
#4524=DIRECTION('',(0.0,1.0,0.0));
#4525=DIRECTION('',(0.0,-2.55106393526001E-16,1.0));
#4526=DIRECTION('',(0.0,1.0,0.0));
#4527=DIRECTION('',(0.812163107762294,0.541442071841531,0.217328252258752));
#4528=DIRECTION('',(0.0,1.0,0.0));
#4529=DIRECTION('',(-0.966012064815058,0.0,-0.258496983796229));
#4530=CARTESIAN_POINT('',(-2.25,3.95,1.125));
#4531=DIRECTION('',(0.0,-1.0,0.0));
#4532=DIRECTION('',(1.0,0.0,0.0));
#4533=CARTESIAN_POINT('',(-2.25,1.13333333333333,1.125));
#4534=DIRECTION('',(-0.55470019622523,0.832050294337843,1.12763842092287E-16));
#4535=DIRECTION('',(-0.832050294337843,-0.55470019622523,1.69145763138429E-16));
#4536=DIRECTION('',(0.0,1.35525271560688E-16,-1.0));
#4537=DIRECTION('',(0.0,-1.19636101791504E-15,1.0));
#4538=DIRECTION('',(0.0,-1.35525271560688E-16,1.0));
#4539=DIRECTION('',(0.0,1.0,0.0));
#4540=DIRECTION('',(0.0,1.19636101791504E-15,-1.0));
#4541=CARTESIAN_POINT('',(2.25,3.95,1.125));
#4542=DIRECTION('',(0.0,-1.0,0.0));
#4543=DIRECTION('',(-1.0,0.0,0.0));
#4544=CARTESIAN_POINT('',(2.25,1.13333333333333,1.125));
#4545=DIRECTION('',(0.55470019622523,0.832050294337843,1.12763842092287E-16));
#4546=DIRECTION('',(0.832050294337843,-0.55470019622523,1.6914576313843E-16));
#4547=DIRECTION('',(0.812163107762292,-0.541442071841529,-0.217328252258761));
#4548=DIRECTION('',(0.0,1.0,0.0));
#4549=DIRECTION('',(-0.966012064815055,0.0,0.25849698379624));
#4550=DIRECTION('',(0.0,1.0,0.0));
#4551=DIRECTION('',(-1.020425574104E-15,2.55106393526001E-16,-1.0));
#4552=DIRECTION('',(-0.812163107762293,0.541442071841529,-0.217328252258759));
#4553=DIRECTION('',(0.966012064815056,0.0,0.258496983796237));
#4554=CARTESIAN_POINT('',(2.25,1.13333333333333,2.075));
#4555=DIRECTION('',(0.554700196225229,0.832050294337843,7.76385533485973E-16));
#4556=DIRECTION('',(0.832050294337843,-0.554700196225229,1.16457830022896E-15));
#4557=DIRECTION('',(0.0,1.0,0.0));
#4558=CARTESIAN_POINT('',(2.25,3.95,2.075));
#4559=DIRECTION('',(0.0,-1.0,0.0));
#4560=DIRECTION('',(-1.0,0.0,0.0));
#4561=DIRECTION('',(-1.19636101791504E-15,-1.35525271560688E-16,1.0));
#4562=DIRECTION('',(0.0,1.0,0.0));
#4563=DIRECTION('',(1.19636101791504E-15,0.0,-1.0));
#4564=DIRECTION('',(8.45954988514964E-16,0.707106781186548,-0.707106781186547));
#4565=DIRECTION('',(0.0,1.0,0.0));
#4566=DIRECTION('',(1.19636101791504E-15,2.99090254478759E-16,-1.0));
#4567=DIRECTION('',(0.0,-1.0,0.0));
#4568=DIRECTION('',(-1.0,0.0,-1.00856016045163E-16));
#4569=DIRECTION('',(0.0,1.0,0.0));
#4570=DIRECTION('',(1.0,0.0,1.00856016045163E-16));
#4571=DIRECTION('',(-1.0,0.0,-1.00856016045163E-16));
#4572=DIRECTION('',(0.0,1.0,0.0));
#4573=DIRECTION('',(-1.0,-7.2280144832367E-16,-1.00856016045163E-16));
#4574=DIRECTION('',(0.0,1.0,0.0));
#4575=DIRECTION('',(0.0,1.35525271560688E-16,-1.0));
#4576=DIRECTION('',(0.0,-2.9909025447876E-16,1.0));
#4577=DIRECTION('',(0.0,-0.707106781186548,0.707106781186547));
#4578=DIRECTION('',(0.0,0.0,1.0));
#4579=CARTESIAN_POINT('',(-2.25,1.13333333333333,2.075));
#4580=DIRECTION('',(-0.55470019622523,0.832050294337843,1.12763842092287E-16));
#4581=DIRECTION('',(-0.832050294337843,-0.55470019622523,1.6914576313843E-16));
#4582=DIRECTION('',(0.0,1.0,0.0));
#4583=CARTESIAN_POINT('',(-2.25,3.95,2.075));
#4584=DIRECTION('',(0.0,-1.0,0.0));
#4585=DIRECTION('',(1.0,0.0,0.0));
#4586=DIRECTION('',(-0.812163107762294,-0.54144207184153,0.217328252258751));
#4587=DIRECTION('',(0.966012064815058,0.0,-0.258496983796228));
#4588=DIRECTION('',(-1.0,0.0,0.0));
#4589=DIRECTION('',(0.0,0.0,-1.0));
#4590=DIRECTION('',(1.0,0.0,0.0));
#4591=DIRECTION('',(0.0,0.0,-1.0));
#4592=DIRECTION('',(-1.0,0.0,0.0));
#4593=DIRECTION('',(0.0,0.0,-1.0));
#4594=DIRECTION('',(1.0,0.0,0.0));
#4595=DIRECTION('',(0.0,0.0,-1.0));
#4596=DIRECTION('',(-1.0,0.0,0.0));
#4597=DIRECTION('',(0.0,0.0,-1.0));
#4598=DIRECTION('',(1.0,0.0,0.0));
#4599=DIRECTION('',(0.0,0.0,-1.0));
#4600=DIRECTION('',(0.832050294337843,0.55470019622523,0.0));
#4601=DIRECTION('',(1.0,0.0,0.0));
#4602=DIRECTION('',(0.0,0.0,-1.0));
#4603=DIRECTION('',(1.0,0.0,1.00856016045163E-16));
#4604=DIRECTION('',(1.0,0.0,0.0));
#4605=DIRECTION('',(0.0,-0.707106781186548,0.707106781186547));
#4606=DIRECTION('',(0.0,0.0,-1.0));
#4607=DIRECTION('',(0.0,0.707106781186547,-0.707106781186548));
#4608=DIRECTION('',(0.0,0.0,-1.0));
#4609=DIRECTION('',(1.0,7.2280144832367E-16,1.00856016045163E-16));
#4610=DIRECTION('',(0.0,0.0,-1.0));
#4611=DIRECTION('',(0.0,0.707106781186548,-0.707106781186547));
#4612=DIRECTION('',(0.0,-0.707106781186547,0.707106781186548));
#4613=DIRECTION('',(1.0,0.0,1.00856016045163E-16));
#4614=DIRECTION('',(0.832050294337843,-0.554700196225229,0.0));
#4615=DIRECTION('',(0.707106781186548,7.3598084000802E-15,-0.707106781186548));
#4616=DIRECTION('',(0.707106781186548,7.3598084000802E-15,-0.707106781186548));
#4617=DIRECTION('',(0.0,1.0,0.0));
#4618=DIRECTION('',(1.0,0.0,-5.42101086242752E-16));
#4619=DIRECTION('',(1.0,0.0,-5.42101086242752E-16));
#4620=DIRECTION('',(0.0,1.0,0.0));
#4621=DIRECTION('',(0.707106781186549,0.0,-0.707106781186546));
#4622=DIRECTION('',(0.707106781186549,0.0,-0.707106781186546));
#4623=DIRECTION('',(0.0,1.0,0.0));
#4624=DIRECTION('',(0.0,3.61400724161835E-15,-1.0));
#4625=DIRECTION('',(0.0,3.61400724161835E-15,-1.0));
#4626=DIRECTION('',(0.0,1.0,0.0));
#4627=DIRECTION('',(-0.707106781186548,0.0,-0.707106781186547));
#4628=DIRECTION('',(-0.707106781186548,0.0,-0.707106781186547));
#4629=DIRECTION('',(0.0,1.0,0.0));
#4630=DIRECTION('',(0.0,-1.0,0.0));
#4631=DIRECTION('',(-1.0,0.0,5.42101086242752E-17));
#4632=DIRECTION('',(-1.0,0.0,5.42101086242752E-17));
#4633=DIRECTION('',(-1.0,0.0,5.42101086242752E-17));
#4634=DIRECTION('',(0.0,1.0,0.0));
#4635=DIRECTION('',(-1.0,0.0,5.42101086242752E-17));
#4636=DIRECTION('',(1.0,0.0,0.0));
#4637=DIRECTION('',(0.0,3.97540796578018E-15,-1.0));
#4638=DIRECTION('',(-1.0,0.0,0.0));
#4639=CARTESIAN_POINT('',(3.42,4.2,0.250000000000001));
#4640=DIRECTION('',(0.0,1.0,0.0));
#4641=DIRECTION('',(-1.0,0.0,-2.4093381610789E-16));
#4642=CARTESIAN_POINT('',(3.42,4.2,0.250000000000001));
#4643=DIRECTION('',(0.0,-1.0,0.0));
#4644=DIRECTION('',(-1.0,0.0,2.71050543121376E-16));
#4645=DIRECTION('',(0.0,-3.61400724161835E-15,1.0));
#4646=DIRECTION('',(0.0,1.0,0.0));
#4647=DIRECTION('',(0.0,-3.61400724161835E-15,1.0));
#4648=DIRECTION('',(0.0,1.0,0.0));
#4649=DIRECTION('',(0.707106781186545,0.0,0.70710678118655));
#4650=DIRECTION('',(0.707106781186545,0.0,0.70710678118655));
#4651=DIRECTION('',(0.0,1.0,0.0));
#4652=DIRECTION('',(1.0,0.0,0.0));
#4653=DIRECTION('',(1.0,0.0,0.0));
#4654=DIRECTION('',(0.0,1.0,0.0));
#4655=DIRECTION('',(0.707106781186549,-7.35980840008018E-15,0.707106781186546));
#4656=DIRECTION('',(0.707106781186549,-7.35980840008018E-15,0.707106781186546));
#4657=DIRECTION('',(0.0,1.0,0.0));
#4658=DIRECTION('',(-1.0,0.0,6.77626357803439E-17));
#4659=DIRECTION('',(0.0,-1.0,0.0));
#4660=DIRECTION('',(-1.0,0.0,6.77626357803439E-17));
#4661=DIRECTION('',(-1.0,0.0,6.77626357803439E-17));
#4662=DIRECTION('',(0.0,1.0,0.0));
#4663=DIRECTION('',(-1.0,0.0,6.77626357803439E-17));
#4664=DIRECTION('',(-0.707106781186549,0.0,0.707106781186546));
#4665=DIRECTION('',(-0.707106781186549,0.0,0.707106781186546));
#4666=DIRECTION('',(-1.0,0.0,0.0));
#4667=DIRECTION('',(0.0,-3.61400724161835E-15,1.0));
#4668=DIRECTION('',(1.0,0.0,1.31577933554066E-17));
#4669=CARTESIAN_POINT('',(-3.42,4.2,0.250000000000001));
#4670=DIRECTION('',(0.0,-1.0,0.0));
#4671=DIRECTION('',(1.0,0.0,0.0));
#4672=CARTESIAN_POINT('',(-3.42,4.2,0.250000000000001));
#4673=DIRECTION('',(-0.0,1.0,0.0));
#4674=DIRECTION('',(1.0,0.0,1.20466908053945E-16));
#4675=DIRECTION('',(-0.727606875108999,0.485071250072667,0.485071250072666));
#4676=DIRECTION('',(-4.36195540953029E-16,0.707106781186548,0.707106781186547));
#4677=DIRECTION('',(0.0,0.0,-1.0));
#4678=DIRECTION('',(0.0,0.0,-1.0));
#4679=DIRECTION('',(0.0,0.0,-1.0));
#4680=DIRECTION('',(0.0,0.0,-1.0));
#4681=DIRECTION('',(0.0,0.0,-1.0));
#4682=DIRECTION('',(0.0,0.0,-1.0));
#4683=DIRECTION('',(0.0,-0.98058067569092,-0.196116135138183));
#4684=DIRECTION('',(-1.0,0.0,0.0));
#4685=DIRECTION('',(0.0,-0.98058067569092,-0.196116135138183));
#4686=DIRECTION('',(-1.0,0.0,0.0));
#4687=DIRECTION('',(0.0,5.42101086242751E-16,-1.0));
#4688=DIRECTION('',(-1.0,0.0,0.0));
#4689=DIRECTION('',(0.0,5.42101086242751E-16,-1.0));
#4690=DIRECTION('',(0.0,0.97780241407741,-0.209529088730873));
#4691=DIRECTION('',(-1.0,0.0,0.0));
#4692=DIRECTION('',(0.0,0.97780241407741,-0.209529088730873));
#4693=DIRECTION('',(0.0,-1.0,-1.80700362080917E-16));
#4694=DIRECTION('',(0.0,1.0,0.0));
#4695=DIRECTION('',(0.0,-1.0,-1.80700362080917E-16));
#4696=DIRECTION('',(0.0,1.0,0.0));
#4697=DIRECTION('',(0.0,1.0,0.0));
#4698=DIRECTION('',(0.0,1.0,0.0));
#4699=DIRECTION('',(-1.0,0.0,0.0));
#4700=DIRECTION('',(0.0,-1.0,0.0));
#4701=DIRECTION('',(0.0,-1.0,0.0));
#4702=DIRECTION('',(-1.0,0.0,0.0));
#4703=DIRECTION('',(0.0,0.0,-1.0));
#4704=DIRECTION('',(0.0,0.707106781186548,-0.707106781186547));
#4705=DIRECTION('',(0.0,1.0,0.0));
#4706=DIRECTION('',(0.0,0.707106781186548,0.707106781186547));
#4707=DIRECTION('',(0.0,0.0,1.0));
#4708=DIRECTION('',(0.0,-1.0,-1.80700362080917E-16));
#4709=DIRECTION('',(0.0,0.0,1.0));
#4710=DIRECTION('',(0.0,0.0,1.0));
#4711=DIRECTION('',(0.0,-1.0,-1.80700362080917E-16));
#4712=DIRECTION('',(0.0,0.0,1.0));
#4713=DIRECTION('',(0.0,0.707106781186548,0.707106781186547));
#4714=DIRECTION('',(0.0,1.0,0.0));
#4715=DIRECTION('',(0.0,0.707106781186548,-0.707106781186547));
#4716=DIRECTION('',(0.0,0.0,-1.0));
#4717=DIRECTION('',(-1.0,0.0,0.0));
#4718=DIRECTION('',(-1.0,0.0,0.0));
#4719=DIRECTION('',(-1.0,0.0,0.0));
#4720=DIRECTION('',(-1.0,0.0,0.0));
#4721=DIRECTION('',(-1.0,0.0,0.0));
#4722=DIRECTION('',(-1.0,0.0,0.0));
#4723=CARTESIAN_POINT('',(3.42,2.0,0.250000000000001));
#4724=DIRECTION('',(0.0,-1.0,0.0));
#4725=DIRECTION('',(-1.0,0.0,2.71050543121376E-16));
#4726=DIRECTION('',(0.0,1.0,0.0));
#4727=DIRECTION('',(1.0,0.0,0.0));
#4728=DIRECTION('',(0.707106781186547,0.707106781186548,0.0));
#4729=DIRECTION('',(0.0,1.0,0.0));
#4730=DIRECTION('',(-0.707106781186548,0.707106781186547,0.0));
#4731=DIRECTION('',(0.0,0.0,-1.0));
#4732=DIRECTION('',(0.0,1.0,0.0));
#4733=DIRECTION('',(0.0,-3.97540796578018E-15,1.0));
#4734=DIRECTION('',(-0.707106781186547,-0.707106781186548,0.0));
#4735=DIRECTION('',(-1.0,0.0,0.0));
#4736=DIRECTION('',(0.0,1.0,0.0));
#4737=DIRECTION('',(0.707106781186548,-0.707106781186547,0.0));
#4738=CARTESIAN_POINT('',(3.42,2.0,0.250000000000001));
#4739=DIRECTION('',(0.0,1.0,0.0));
#4740=DIRECTION('',(-1.0,0.0,-2.4093381610789E-16));
#4741=DIRECTION('',(0.0,0.0,1.0));
#4742=DIRECTION('',(0.0,1.0,0.0));
#4743=DIRECTION('',(0.0,0.0,1.0));
#4744=DIRECTION('',(0.0,1.0,0.0));
#4745=DIRECTION('',(0.0,3.61400724161835E-15,-1.0));
#4746=DIRECTION('',(0.707106781186547,-0.707106781186548,9.30396490705929E-18));
#4747=DIRECTION('',(1.0,0.0,1.31577933554066E-17));
#4748=DIRECTION('',(0.0,1.0,0.0));
#4749=DIRECTION('',(-0.707106781186548,-0.707106781186547,-9.3039649070593E-18));
#4750=CARTESIAN_POINT('',(-3.42,2.0,0.250000000000001));
#4751=DIRECTION('',(0.0,-1.0,0.0));
#4752=DIRECTION('',(1.0,0.0,0.0));
#4753=CARTESIAN_POINT('',(-3.42,2.0,0.250000000000001));
#4754=DIRECTION('',(-0.0,1.0,0.0));
#4755=DIRECTION('',(1.0,0.0,1.20466908053945E-16));
#4756=DIRECTION('',(0.0,1.0,0.0));
#4757=DIRECTION('',(-1.0,0.0,0.0));
#4758=DIRECTION('',(-0.707106781186547,0.707106781186548,0.0));
#4759=DIRECTION('',(0.707106781186548,0.707106781186547,0.0));
#4760=DIRECTION('',(0.0,0.0,-1.0));
#4761=DIRECTION('',(0.0,-0.98058067569092,-0.196116135138183));
#4762=DIRECTION('',(-1.0,0.0,0.0));
#4763=DIRECTION('',(0.0,-0.98058067569092,-0.196116135138183));
#4764=DIRECTION('',(-1.0,0.0,0.0));
#4765=DIRECTION('',(0.0,5.42101086242751E-16,-1.0));
#4766=DIRECTION('',(-1.0,0.0,0.0));
#4767=DIRECTION('',(0.0,5.42101086242751E-16,-1.0));
#4768=DIRECTION('',(0.0,0.97780241407741,-0.209529088730873));
#4769=DIRECTION('',(-1.0,0.0,0.0));
#4770=DIRECTION('',(0.0,0.97780241407741,-0.209529088730873));
#4771=DIRECTION('',(0.0,-1.0,-1.80700362080917E-16));
#4772=DIRECTION('',(0.0,1.0,0.0));
#4773=DIRECTION('',(0.0,-1.0,-1.80700362080917E-16));
#4774=DIRECTION('',(0.0,1.0,0.0));
#4775=DIRECTION('',(0.0,-0.98058067569092,-0.196116135138183));
#4776=DIRECTION('',(-1.0,0.0,0.0));
#4777=DIRECTION('',(0.0,-0.98058067569092,-0.196116135138183));
#4778=DIRECTION('',(-1.0,0.0,0.0));
#4779=DIRECTION('',(0.0,5.42101086242751E-16,-1.0));
#4780=DIRECTION('',(-1.0,0.0,0.0));
#4781=DIRECTION('',(0.0,5.42101086242751E-16,-1.0));
#4782=DIRECTION('',(0.0,0.97780241407741,-0.209529088730873));
#4783=DIRECTION('',(-1.0,0.0,0.0));
#4784=DIRECTION('',(0.0,0.97780241407741,-0.209529088730873));
#4785=DIRECTION('',(0.0,-1.0,-1.80700362080917E-16));
#4786=DIRECTION('',(0.0,1.0,0.0));
#4787=DIRECTION('',(0.0,-1.0,-1.80700362080917E-16));
#4788=DIRECTION('',(0.0,1.0,0.0));
#4789=DIRECTION('',(0.0,1.0,0.0));
#4790=DIRECTION('',(0.0,1.0,0.0));
#4791=DIRECTION('',(-1.0,0.0,0.0));
#4792=DIRECTION('',(0.0,-1.0,0.0));
#4793=DIRECTION('',(0.0,-1.0,0.0));
#4794=DIRECTION('',(-1.0,0.0,0.0));
#4795=DIRECTION('',(0.0,0.0,-1.0));
#4796=DIRECTION('',(0.0,0.707106781186548,-0.707106781186547));
#4797=DIRECTION('',(0.0,1.0,0.0));
#4798=DIRECTION('',(0.0,0.707106781186548,0.707106781186547));
#4799=DIRECTION('',(0.0,0.0,1.0));
#4800=DIRECTION('',(0.0,-1.0,-1.80700362080917E-16));
#4801=DIRECTION('',(0.0,0.0,1.0));
#4802=DIRECTION('',(0.0,0.0,1.0));
#4803=DIRECTION('',(0.0,-1.0,-1.80700362080917E-16));
#4804=DIRECTION('',(0.0,0.0,1.0));
#4805=DIRECTION('',(0.0,0.707106781186548,0.707106781186547));
#4806=DIRECTION('',(0.0,1.0,0.0));
#4807=DIRECTION('',(0.0,0.707106781186548,-0.707106781186547));
#4808=DIRECTION('',(0.0,0.0,-1.0));
#4809=DIRECTION('',(-1.0,0.0,0.0));
#4810=DIRECTION('',(-1.0,0.0,0.0));
#4811=DIRECTION('',(-1.0,0.0,0.0));
#4812=DIRECTION('',(-1.0,0.0,0.0));
#4813=DIRECTION('',(-1.0,0.0,0.0));
#4814=DIRECTION('',(-1.0,0.0,0.0));
#4815=DIRECTION('',(0.0,1.0,0.0));
#4816=DIRECTION('',(0.0,1.0,0.0));
#4817=DIRECTION('',(-1.0,0.0,0.0));
#4818=DIRECTION('',(0.0,-1.0,0.0));
#4819=DIRECTION('',(0.0,-1.0,0.0));
#4820=DIRECTION('',(-1.0,0.0,0.0));
#4821=DIRECTION('',(0.0,0.0,-1.0));
#4822=DIRECTION('',(0.0,0.707106781186548,-0.707106781186547));
#4823=DIRECTION('',(0.0,1.0,0.0));
#4824=DIRECTION('',(0.0,0.707106781186548,0.707106781186547));
#4825=DIRECTION('',(0.0,0.0,1.0));
#4826=DIRECTION('',(0.0,-1.0,-1.80700362080917E-16));
#4827=DIRECTION('',(0.0,0.0,1.0));
#4828=DIRECTION('',(0.0,0.0,1.0));
#4829=DIRECTION('',(0.0,-1.0,-1.80700362080917E-16));
#4830=DIRECTION('',(0.0,0.0,1.0));
#4831=DIRECTION('',(0.0,0.707106781186548,0.707106781186547));
#4832=DIRECTION('',(0.0,1.0,0.0));
#4833=DIRECTION('',(0.0,0.707106781186548,-0.707106781186547));
#4834=DIRECTION('',(0.0,0.0,-1.0));
#4835=DIRECTION('',(-1.0,0.0,0.0));
#4836=DIRECTION('',(-1.0,0.0,0.0));
#4837=DIRECTION('',(-1.0,0.0,0.0));
#4838=DIRECTION('',(-1.0,0.0,0.0));
#4839=DIRECTION('',(-1.0,0.0,0.0));
#4840=DIRECTION('',(-1.0,0.0,0.0));
#4841=PRESENTATION_LAYER_ASSIGNMENT('1','Layer 1',(#25));
ENDSEC;
END-ISO-10303-21;
