ISO-10303-21;
HEADER;
FILE_DESCRIPTION(('Open CASCADE Model'),'2;1');
FILE_NAME('Open CASCADE Shape Model','2026-04-14T13:27:40',('Author'),(
    'Open CASCADE'),'Open CASCADE STEP processor 7.5','Open CASCADE 7.5'
  ,'Unknown');
FILE_SCHEMA(('AUTOMOTIVE_DESIGN { 1 0 10303 214 1 1 1 1 }'));
ENDSEC;
DATA;
#1 = APPLICATION_PROTOCOL_DEFINITION('international standard',
  'automotive_design',2000,#2);
#2 = APPLICATION_CONTEXT(
  'core data for automotive mechanical design processes');
#3 = SHAPE_DEFINITION_REPRESENTATION(#4,#10);
#4 = PRODUCT_DEFINITION_SHAPE('','',#5);
#5 = PRODUCT_DEFINITION('design','',#6,#9);
#6 = PRODUCT_DEFINITION_FORMATION('','',#7);
#7 = PRODUCT('PCB','PCB','',(#8));
#8 = PRODUCT_CONTEXT('',#2,'mechanical');
#9 = PRODUCT_DEFINITION_CONTEXT('part definition',#2,'design');
#10 = SHAPE_REPRESENTATION('',(#11,#15,#19,#23),#27);
#11 = AXIS2_PLACEMENT_3D('',#12,#13,#14);
#12 = CARTESIAN_POINT('',(0.,0.,0.));
#13 = DIRECTION('',(0.,0.,1.));
#14 = DIRECTION('',(1.,0.,-0.));
#15 = AXIS2_PLACEMENT_3D('',#16,#17,#18);
#16 = CARTESIAN_POINT('',(0.,0.,0.));
#17 = DIRECTION('',(0.,0.,1.));
#18 = DIRECTION('',(1.,0.,-0.));
#19 = AXIS2_PLACEMENT_3D('',#20,#21,#22);
#20 = CARTESIAN_POINT('',(0.,0.,0.));
#21 = DIRECTION('',(0.,0.,1.));
#22 = DIRECTION('',(1.,0.,-0.));
#23 = AXIS2_PLACEMENT_3D('',#24,#25,#26);
#24 = CARTESIAN_POINT('',(0.,0.,0.));
#25 = DIRECTION('',(0.,0.,1.));
#26 = DIRECTION('',(1.,0.,-0.));
#27 = ( GEOMETRIC_REPRESENTATION_CONTEXT(3) 
GLOBAL_UNCERTAINTY_ASSIGNED_CONTEXT((#31)) GLOBAL_UNIT_ASSIGNED_CONTEXT(
(#28,#29,#30)) REPRESENTATION_CONTEXT('Context #1',
  '3D Context with UNIT and UNCERTAINTY') );
#28 = ( LENGTH_UNIT() NAMED_UNIT(*) SI_UNIT(.MILLI.,.METRE.) );
#29 = ( NAMED_UNIT(*) PLANE_ANGLE_UNIT() SI_UNIT($,.RADIAN.) );
#30 = ( NAMED_UNIT(*) SI_UNIT($,.STERADIAN.) SOLID_ANGLE_UNIT() );
#31 = UNCERTAINTY_MEASURE_WITH_UNIT(LENGTH_MEASURE(1.E-07),#28,
  'distance_accuracy_value','confusion accuracy');
#32 = PRODUCT_RELATED_PRODUCT_CATEGORY('part',$,(#7));
#33 = SHAPE_DEFINITION_REPRESENTATION(#34,#40);
#34 = PRODUCT_DEFINITION_SHAPE('','',#35);
#35 = PRODUCT_DEFINITION('design','',#36,#39);
#36 = PRODUCT_DEFINITION_FORMATION('','',#37);
#37 = PRODUCT('Board','Board','',(#38));
#38 = PRODUCT_CONTEXT('',#2,'mechanical');
#39 = PRODUCT_DEFINITION_CONTEXT('part definition',#2,'design');
#40 = SHAPE_REPRESENTATION('',(#11,#41),#45);
#41 = AXIS2_PLACEMENT_3D('',#42,#43,#44);
#42 = CARTESIAN_POINT('',(0.,0.,-0.41148));
#43 = DIRECTION('',(0.,0.,1.));
#44 = DIRECTION('',(1.,0.,-0.));
#45 = ( GEOMETRIC_REPRESENTATION_CONTEXT(3) 
GLOBAL_UNCERTAINTY_ASSIGNED_CONTEXT((#49)) GLOBAL_UNIT_ASSIGNED_CONTEXT(
(#46,#47,#48)) REPRESENTATION_CONTEXT('Context #1',
  '3D Context with UNIT and UNCERTAINTY') );
#46 = ( LENGTH_UNIT() NAMED_UNIT(*) SI_UNIT(.MILLI.,.METRE.) );
#47 = ( NAMED_UNIT(*) PLANE_ANGLE_UNIT() SI_UNIT($,.RADIAN.) );
#48 = ( NAMED_UNIT(*) SI_UNIT($,.STERADIAN.) SOLID_ANGLE_UNIT() );
#49 = UNCERTAINTY_MEASURE_WITH_UNIT(LENGTH_MEASURE(1.E-07),#46,
  'distance_accuracy_value','confusion accuracy');
#50 = ADVANCED_BREP_SHAPE_REPRESENTATION('',(#11,#51),#717);
#51 = MANIFOLD_SOLID_BREP('',#52);
#52 = CLOSED_SHELL('',(#53,#93,#126,#157,#188,#219,#250,#274,#307,#340,
    #382,#413,#446,#468,#501,#534,#567,#600,#633,#675));
#53 = ADVANCED_FACE('',(#54),#88,.F.);
#54 = FACE_BOUND('',#55,.F.);
#55 = EDGE_LOOP('',(#56,#66,#74,#82));
#56 = ORIENTED_EDGE('',*,*,#57,.T.);
#57 = EDGE_CURVE('',#58,#60,#62,.T.);
#58 = VERTEX_POINT('',#59);
#59 = CARTESIAN_POINT('',(2.,2.,0.));
#60 = VERTEX_POINT('',#61);
#61 = CARTESIAN_POINT('',(2.,2.,0.41148));
#62 = LINE('',#63,#64);
#63 = CARTESIAN_POINT('',(2.,2.,0.));
#64 = VECTOR('',#65,1.);
#65 = DIRECTION('',(0.,0.,1.));
#66 = ORIENTED_EDGE('',*,*,#67,.T.);
#67 = EDGE_CURVE('',#60,#68,#70,.T.);
#68 = VERTEX_POINT('',#69);
#69 = CARTESIAN_POINT('',(71.,2.,0.41148));
#70 = LINE('',#71,#72);
#71 = CARTESIAN_POINT('',(2.,2.,0.41148));
#72 = VECTOR('',#73,1.);
#73 = DIRECTION('',(1.,0.,0.));
#74 = ORIENTED_EDGE('',*,*,#75,.F.);
#75 = EDGE_CURVE('',#76,#68,#78,.T.);
#76 = VERTEX_POINT('',#77);
#77 = CARTESIAN_POINT('',(71.,2.,0.));
#78 = LINE('',#79,#80);
#79 = CARTESIAN_POINT('',(71.,2.,0.));
#80 = VECTOR('',#81,1.);
#81 = DIRECTION('',(0.,0.,1.));
#82 = ORIENTED_EDGE('',*,*,#83,.F.);
#83 = EDGE_CURVE('',#58,#76,#84,.T.);
#84 = LINE('',#85,#86);
#85 = CARTESIAN_POINT('',(2.,2.,0.));
#86 = VECTOR('',#87,1.);
#87 = DIRECTION('',(1.,0.,0.));
#88 = PLANE('',#89);
#89 = AXIS2_PLACEMENT_3D('',#90,#91,#92);
#90 = CARTESIAN_POINT('',(2.,2.,0.));
#91 = DIRECTION('',(0.,1.,0.));
#92 = DIRECTION('',(1.,0.,0.));
#93 = ADVANCED_FACE('',(#94),#121,.T.);
#94 = FACE_BOUND('',#95,.F.);
#95 = EDGE_LOOP('',(#96,#97,#106,#114));
#96 = ORIENTED_EDGE('',*,*,#75,.T.);
#97 = ORIENTED_EDGE('',*,*,#98,.T.);
#98 = EDGE_CURVE('',#68,#99,#101,.T.);
#99 = VERTEX_POINT('',#100);
#100 = CARTESIAN_POINT('',(73.,4.,0.41148));
#101 = CIRCLE('',#102,2.000729601582);
#102 = AXIS2_PLACEMENT_3D('',#103,#104,#105);
#103 = CARTESIAN_POINT('',(70.999270531401,4.000729468599,0.41148));
#104 = DIRECTION('',(0.,0.,1.));
#105 = DIRECTION('',(3.646012926767E-04,-0.999999933533,0.));
#106 = ORIENTED_EDGE('',*,*,#107,.F.);
#107 = EDGE_CURVE('',#108,#99,#110,.T.);
#108 = VERTEX_POINT('',#109);
#109 = CARTESIAN_POINT('',(73.,4.,0.));
#110 = LINE('',#111,#112);
#111 = CARTESIAN_POINT('',(73.,4.,0.));
#112 = VECTOR('',#113,1.);
#113 = DIRECTION('',(0.,0.,1.));
#114 = ORIENTED_EDGE('',*,*,#115,.F.);
#115 = EDGE_CURVE('',#76,#108,#116,.T.);
#116 = CIRCLE('',#117,2.000729601582);
#117 = AXIS2_PLACEMENT_3D('',#118,#119,#120);
#118 = CARTESIAN_POINT('',(70.999270531401,4.000729468599,0.));
#119 = DIRECTION('',(0.,0.,1.));
#120 = DIRECTION('',(3.646012926767E-04,-0.999999933533,0.));
#121 = CYLINDRICAL_SURFACE('',#122,2.000729601582);
#122 = AXIS2_PLACEMENT_3D('',#123,#124,#125);
#123 = CARTESIAN_POINT('',(70.999270531401,4.000729468599,0.));
#124 = DIRECTION('',(-0.,-0.,-1.));
#125 = DIRECTION('',(3.646012926767E-04,-0.999999933533,0.));
#126 = ADVANCED_FACE('',(#127),#152,.F.);
#127 = FACE_BOUND('',#128,.F.);
#128 = EDGE_LOOP('',(#129,#130,#138,#146));
#129 = ORIENTED_EDGE('',*,*,#107,.T.);
#130 = ORIENTED_EDGE('',*,*,#131,.T.);
#131 = EDGE_CURVE('',#99,#132,#134,.T.);
#132 = VERTEX_POINT('',#133);
#133 = CARTESIAN_POINT('',(73.,11.,0.41148));
#134 = LINE('',#135,#136);
#135 = CARTESIAN_POINT('',(73.,4.,0.41148));
#136 = VECTOR('',#137,1.);
#137 = DIRECTION('',(0.,1.,0.));
#138 = ORIENTED_EDGE('',*,*,#139,.F.);
#139 = EDGE_CURVE('',#140,#132,#142,.T.);
#140 = VERTEX_POINT('',#141);
#141 = CARTESIAN_POINT('',(73.,11.,0.));
#142 = LINE('',#143,#144);
#143 = CARTESIAN_POINT('',(73.,11.,0.));
#144 = VECTOR('',#145,1.);
#145 = DIRECTION('',(0.,0.,1.));
#146 = ORIENTED_EDGE('',*,*,#147,.F.);
#147 = EDGE_CURVE('',#108,#140,#148,.T.);
#148 = LINE('',#149,#150);
#149 = CARTESIAN_POINT('',(73.,4.,0.));
#150 = VECTOR('',#151,1.);
#151 = DIRECTION('',(0.,1.,0.));
#152 = PLANE('',#153);
#153 = AXIS2_PLACEMENT_3D('',#154,#155,#156);
#154 = CARTESIAN_POINT('',(73.,4.,0.));
#155 = DIRECTION('',(-1.,0.,0.));
#156 = DIRECTION('',(0.,1.,0.));
#157 = ADVANCED_FACE('',(#158),#183,.F.);
#158 = FACE_BOUND('',#159,.F.);
#159 = EDGE_LOOP('',(#160,#161,#169,#177));
#160 = ORIENTED_EDGE('',*,*,#139,.T.);
#161 = ORIENTED_EDGE('',*,*,#162,.T.);
#162 = EDGE_CURVE('',#132,#163,#165,.T.);
#163 = VERTEX_POINT('',#164);
#164 = CARTESIAN_POINT('',(68.5,15.5,0.41148));
#165 = LINE('',#166,#167);
#166 = CARTESIAN_POINT('',(73.,11.,0.41148));
#167 = VECTOR('',#168,1.);
#168 = DIRECTION('',(-0.707106781187,0.707106781187,0.));
#169 = ORIENTED_EDGE('',*,*,#170,.F.);
#170 = EDGE_CURVE('',#171,#163,#173,.T.);
#171 = VERTEX_POINT('',#172);
#172 = CARTESIAN_POINT('',(68.5,15.5,0.));
#173 = LINE('',#174,#175);
#174 = CARTESIAN_POINT('',(68.5,15.5,0.));
#175 = VECTOR('',#176,1.);
#176 = DIRECTION('',(0.,0.,1.));
#177 = ORIENTED_EDGE('',*,*,#178,.F.);
#178 = EDGE_CURVE('',#140,#171,#179,.T.);
#179 = LINE('',#180,#181);
#180 = CARTESIAN_POINT('',(73.,11.,0.));
#181 = VECTOR('',#182,1.);
#182 = DIRECTION('',(-0.707106781187,0.707106781187,0.));
#183 = PLANE('',#184);
#184 = AXIS2_PLACEMENT_3D('',#185,#186,#187);
#185 = CARTESIAN_POINT('',(73.,11.,0.));
#186 = DIRECTION('',(-0.707106781187,-0.707106781187,0.));
#187 = DIRECTION('',(-0.707106781187,0.707106781187,0.));
#188 = ADVANCED_FACE('',(#189),#214,.F.);
#189 = FACE_BOUND('',#190,.F.);
#190 = EDGE_LOOP('',(#191,#192,#200,#208));
#191 = ORIENTED_EDGE('',*,*,#170,.T.);
#192 = ORIENTED_EDGE('',*,*,#193,.T.);
#193 = EDGE_CURVE('',#163,#194,#196,.T.);
#194 = VERTEX_POINT('',#195);
#195 = CARTESIAN_POINT('',(0.,15.5,0.41148));
#196 = LINE('',#197,#198);
#197 = CARTESIAN_POINT('',(68.5,15.5,0.41148));
#198 = VECTOR('',#199,1.);
#199 = DIRECTION('',(-1.,0.,0.));
#200 = ORIENTED_EDGE('',*,*,#201,.F.);
#201 = EDGE_CURVE('',#202,#194,#204,.T.);
#202 = VERTEX_POINT('',#203);
#203 = CARTESIAN_POINT('',(0.,15.5,0.));
#204 = LINE('',#205,#206);
#205 = CARTESIAN_POINT('',(0.,15.5,0.));
#206 = VECTOR('',#207,1.);
#207 = DIRECTION('',(0.,0.,1.));
#208 = ORIENTED_EDGE('',*,*,#209,.F.);
#209 = EDGE_CURVE('',#171,#202,#210,.T.);
#210 = LINE('',#211,#212);
#211 = CARTESIAN_POINT('',(68.5,15.5,0.));
#212 = VECTOR('',#213,1.);
#213 = DIRECTION('',(-1.,0.,0.));
#214 = PLANE('',#215);
#215 = AXIS2_PLACEMENT_3D('',#216,#217,#218);
#216 = CARTESIAN_POINT('',(68.5,15.5,0.));
#217 = DIRECTION('',(0.,-1.,0.));
#218 = DIRECTION('',(-1.,0.,0.));
#219 = ADVANCED_FACE('',(#220),#245,.F.);
#220 = FACE_BOUND('',#221,.F.);
#221 = EDGE_LOOP('',(#222,#223,#231,#239));
#222 = ORIENTED_EDGE('',*,*,#201,.T.);
#223 = ORIENTED_EDGE('',*,*,#224,.T.);
#224 = EDGE_CURVE('',#194,#225,#227,.T.);
#225 = VERTEX_POINT('',#226);
#226 = CARTESIAN_POINT('',(-2.22044604925E-16,4.,0.41148));
#227 = LINE('',#228,#229);
#228 = CARTESIAN_POINT('',(0.,15.5,0.41148));
#229 = VECTOR('',#230,1.);
#230 = DIRECTION('',(0.,-1.,0.));
#231 = ORIENTED_EDGE('',*,*,#232,.F.);
#232 = EDGE_CURVE('',#233,#225,#235,.T.);
#233 = VERTEX_POINT('',#234);
#234 = CARTESIAN_POINT('',(-2.22044604925E-16,4.,0.));
#235 = LINE('',#236,#237);
#236 = CARTESIAN_POINT('',(-2.22044604925E-16,4.,0.));
#237 = VECTOR('',#238,1.);
#238 = DIRECTION('',(0.,0.,1.));
#239 = ORIENTED_EDGE('',*,*,#240,.F.);
#240 = EDGE_CURVE('',#202,#233,#241,.T.);
#241 = LINE('',#242,#243);
#242 = CARTESIAN_POINT('',(0.,15.5,0.));
#243 = VECTOR('',#244,1.);
#244 = DIRECTION('',(0.,-1.,0.));
#245 = PLANE('',#246);
#246 = AXIS2_PLACEMENT_3D('',#247,#248,#249);
#247 = CARTESIAN_POINT('',(0.,15.5,0.));
#248 = DIRECTION('',(1.,0.,-0.));
#249 = DIRECTION('',(0.,-1.,0.));
#250 = ADVANCED_FACE('',(#251),#269,.T.);
#251 = FACE_BOUND('',#252,.F.);
#252 = EDGE_LOOP('',(#253,#254,#261,#262));
#253 = ORIENTED_EDGE('',*,*,#232,.T.);
#254 = ORIENTED_EDGE('',*,*,#255,.T.);
#255 = EDGE_CURVE('',#225,#60,#256,.T.);
#256 = CIRCLE('',#257,2.000729601582);
#257 = AXIS2_PLACEMENT_3D('',#258,#259,#260);
#258 = CARTESIAN_POINT('',(2.000729468599,4.000729468599,0.41148));
#259 = DIRECTION('',(0.,0.,1.));
#260 = DIRECTION('',(-0.999999933533,-3.646012926771E-04,0.));
#261 = ORIENTED_EDGE('',*,*,#57,.F.);
#262 = ORIENTED_EDGE('',*,*,#263,.F.);
#263 = EDGE_CURVE('',#233,#58,#264,.T.);
#264 = CIRCLE('',#265,2.000729601582);
#265 = AXIS2_PLACEMENT_3D('',#266,#267,#268);
#266 = CARTESIAN_POINT('',(2.000729468599,4.000729468599,0.));
#267 = DIRECTION('',(0.,0.,1.));
#268 = DIRECTION('',(-0.999999933533,-3.646012926771E-04,0.));
#269 = CYLINDRICAL_SURFACE('',#270,2.000729601582);
#270 = AXIS2_PLACEMENT_3D('',#271,#272,#273);
#271 = CARTESIAN_POINT('',(2.000729468599,4.000729468599,0.));
#272 = DIRECTION('',(-0.,-0.,-1.));
#273 = DIRECTION('',(-0.999999933533,-3.646012926771E-04,0.));
#274 = ADVANCED_FACE('',(#275),#302,.F.);
#275 = FACE_BOUND('',#276,.T.);
#276 = EDGE_LOOP('',(#277,#287,#294,#295));
#277 = ORIENTED_EDGE('',*,*,#278,.T.);
#278 = EDGE_CURVE('',#279,#281,#283,.T.);
#279 = VERTEX_POINT('',#280);
#280 = CARTESIAN_POINT('',(9.5,5.,0.));
#281 = VERTEX_POINT('',#282);
#282 = CARTESIAN_POINT('',(9.5,5.,0.41148));
#283 = LINE('',#284,#285);
#284 = CARTESIAN_POINT('',(9.5,5.,0.));
#285 = VECTOR('',#286,1.);
#286 = DIRECTION('',(0.,0.,1.));
#287 = ORIENTED_EDGE('',*,*,#288,.T.);
#288 = EDGE_CURVE('',#281,#281,#289,.T.);
#289 = CIRCLE('',#290,1.);
#290 = AXIS2_PLACEMENT_3D('',#291,#292,#293);
#291 = CARTESIAN_POINT('',(8.5,5.,0.41148));
#292 = DIRECTION('',(0.,0.,1.));
#293 = DIRECTION('',(1.,0.,-0.));
#294 = ORIENTED_EDGE('',*,*,#278,.F.);
#295 = ORIENTED_EDGE('',*,*,#296,.F.);
#296 = EDGE_CURVE('',#279,#279,#297,.T.);
#297 = CIRCLE('',#298,1.);
#298 = AXIS2_PLACEMENT_3D('',#299,#300,#301);
#299 = CARTESIAN_POINT('',(8.5,5.,0.));
#300 = DIRECTION('',(0.,0.,1.));
#301 = DIRECTION('',(1.,0.,-0.));
#302 = CYLINDRICAL_SURFACE('',#303,1.);
#303 = AXIS2_PLACEMENT_3D('',#304,#305,#306);
#304 = CARTESIAN_POINT('',(8.5,5.,0.));
#305 = DIRECTION('',(-0.,-0.,-1.));
#306 = DIRECTION('',(1.,0.,-0.));
#307 = ADVANCED_FACE('',(#308),#335,.F.);
#308 = FACE_BOUND('',#309,.T.);
#309 = EDGE_LOOP('',(#310,#320,#327,#328));
#310 = ORIENTED_EDGE('',*,*,#311,.T.);
#311 = EDGE_CURVE('',#312,#314,#316,.T.);
#312 = VERTEX_POINT('',#313);
#313 = CARTESIAN_POINT('',(38.5,13.5,0.));
#314 = VERTEX_POINT('',#315);
#315 = CARTESIAN_POINT('',(38.5,13.5,0.41148));
#316 = LINE('',#317,#318);
#317 = CARTESIAN_POINT('',(38.5,13.5,0.));
#318 = VECTOR('',#319,1.);
#319 = DIRECTION('',(0.,0.,1.));
#320 = ORIENTED_EDGE('',*,*,#321,.T.);
#321 = EDGE_CURVE('',#314,#314,#322,.T.);
#322 = CIRCLE('',#323,1.);
#323 = AXIS2_PLACEMENT_3D('',#324,#325,#326);
#324 = CARTESIAN_POINT('',(37.5,13.5,0.41148));
#325 = DIRECTION('',(0.,0.,1.));
#326 = DIRECTION('',(1.,0.,-0.));
#327 = ORIENTED_EDGE('',*,*,#311,.F.);
#328 = ORIENTED_EDGE('',*,*,#329,.F.);
#329 = EDGE_CURVE('',#312,#312,#330,.T.);
#330 = CIRCLE('',#331,1.);
#331 = AXIS2_PLACEMENT_3D('',#332,#333,#334);
#332 = CARTESIAN_POINT('',(37.5,13.5,0.));
#333 = DIRECTION('',(0.,0.,1.));
#334 = DIRECTION('',(1.,0.,-0.));
#335 = CYLINDRICAL_SURFACE('',#336,1.);
#336 = AXIS2_PLACEMENT_3D('',#337,#338,#339);
#337 = CARTESIAN_POINT('',(37.5,13.5,0.));
#338 = DIRECTION('',(-0.,-0.,-1.));
#339 = DIRECTION('',(1.,0.,-0.));
#340 = ADVANCED_FACE('',(#341),#377,.F.);
#341 = FACE_BOUND('',#342,.F.);
#342 = EDGE_LOOP('',(#343,#353,#362,#370));
#343 = ORIENTED_EDGE('',*,*,#344,.T.);
#344 = EDGE_CURVE('',#345,#347,#349,.T.);
#345 = VERTEX_POINT('',#346);
#346 = CARTESIAN_POINT('',(20.875,12.614,0.));
#347 = VERTEX_POINT('',#348);
#348 = CARTESIAN_POINT('',(20.875,12.614,0.41148));
#349 = LINE('',#350,#351);
#350 = CARTESIAN_POINT('',(20.875,12.614,0.));
#351 = VECTOR('',#352,1.);
#352 = DIRECTION('',(0.,0.,1.));
#353 = ORIENTED_EDGE('',*,*,#354,.T.);
#354 = EDGE_CURVE('',#347,#355,#357,.T.);
#355 = VERTEX_POINT('',#356);
#356 = CARTESIAN_POINT('',(20.875,14.314,0.41148));
#357 = CIRCLE('',#358,0.85);
#358 = AXIS2_PLACEMENT_3D('',#359,#360,#361);
#359 = CARTESIAN_POINT('',(20.875,13.464,0.41148));
#360 = DIRECTION('',(0.,0.,-1.));
#361 = DIRECTION('',(4.17966315153E-15,-1.,0.));
#362 = ORIENTED_EDGE('',*,*,#363,.F.);
#363 = EDGE_CURVE('',#364,#355,#366,.T.);
#364 = VERTEX_POINT('',#365);
#365 = CARTESIAN_POINT('',(20.875,14.314,0.));
#366 = LINE('',#367,#368);
#367 = CARTESIAN_POINT('',(20.875,14.314,0.));
#368 = VECTOR('',#369,1.);
#369 = DIRECTION('',(0.,0.,1.));
#370 = ORIENTED_EDGE('',*,*,#371,.F.);
#371 = EDGE_CURVE('',#345,#364,#372,.T.);
#372 = CIRCLE('',#373,0.85);
#373 = AXIS2_PLACEMENT_3D('',#374,#375,#376);
#374 = CARTESIAN_POINT('',(20.875,13.464,0.));
#375 = DIRECTION('',(0.,0.,-1.));
#376 = DIRECTION('',(4.17966315153E-15,-1.,0.));
#377 = CYLINDRICAL_SURFACE('',#378,0.85);
#378 = AXIS2_PLACEMENT_3D('',#379,#380,#381);
#379 = CARTESIAN_POINT('',(20.875,13.464,0.));
#380 = DIRECTION('',(0.,0.,-1.));
#381 = DIRECTION('',(4.17966315153E-15,-1.,0.));
#382 = ADVANCED_FACE('',(#383),#408,.F.);
#383 = FACE_BOUND('',#384,.F.);
#384 = EDGE_LOOP('',(#385,#386,#394,#402));
#385 = ORIENTED_EDGE('',*,*,#363,.T.);
#386 = ORIENTED_EDGE('',*,*,#387,.T.);
#387 = EDGE_CURVE('',#355,#388,#390,.T.);
#388 = VERTEX_POINT('',#389);
#389 = CARTESIAN_POINT('',(21.175,14.314,0.41148));
#390 = LINE('',#391,#392);
#391 = CARTESIAN_POINT('',(20.875,14.314,0.41148));
#392 = VECTOR('',#393,1.);
#393 = DIRECTION('',(1.,0.,0.));
#394 = ORIENTED_EDGE('',*,*,#395,.F.);
#395 = EDGE_CURVE('',#396,#388,#398,.T.);
#396 = VERTEX_POINT('',#397);
#397 = CARTESIAN_POINT('',(21.175,14.314,0.));
#398 = LINE('',#399,#400);
#399 = CARTESIAN_POINT('',(21.175,14.314,0.));
#400 = VECTOR('',#401,1.);
#401 = DIRECTION('',(0.,0.,1.));
#402 = ORIENTED_EDGE('',*,*,#403,.F.);
#403 = EDGE_CURVE('',#364,#396,#404,.T.);
#404 = LINE('',#405,#406);
#405 = CARTESIAN_POINT('',(20.875,14.314,0.));
#406 = VECTOR('',#407,1.);
#407 = DIRECTION('',(1.,0.,0.));
#408 = PLANE('',#409);
#409 = AXIS2_PLACEMENT_3D('',#410,#411,#412);
#410 = CARTESIAN_POINT('',(20.875,14.314,0.));
#411 = DIRECTION('',(0.,1.,0.));
#412 = DIRECTION('',(1.,0.,0.));
#413 = ADVANCED_FACE('',(#414),#441,.F.);
#414 = FACE_BOUND('',#415,.F.);
#415 = EDGE_LOOP('',(#416,#417,#426,#434));
#416 = ORIENTED_EDGE('',*,*,#395,.T.);
#417 = ORIENTED_EDGE('',*,*,#418,.T.);
#418 = EDGE_CURVE('',#388,#419,#421,.T.);
#419 = VERTEX_POINT('',#420);
#420 = CARTESIAN_POINT('',(21.175,12.614,0.41148));
#421 = CIRCLE('',#422,0.85);
#422 = AXIS2_PLACEMENT_3D('',#423,#424,#425);
#423 = CARTESIAN_POINT('',(21.175,13.464,0.41148));
#424 = DIRECTION('',(0.,0.,-1.));
#425 = DIRECTION('',(0.,1.,0.));
#426 = ORIENTED_EDGE('',*,*,#427,.F.);
#427 = EDGE_CURVE('',#428,#419,#430,.T.);
#428 = VERTEX_POINT('',#429);
#429 = CARTESIAN_POINT('',(21.175,12.614,0.));
#430 = LINE('',#431,#432);
#431 = CARTESIAN_POINT('',(21.175,12.614,0.));
#432 = VECTOR('',#433,1.);
#433 = DIRECTION('',(0.,0.,1.));
#434 = ORIENTED_EDGE('',*,*,#435,.F.);
#435 = EDGE_CURVE('',#396,#428,#436,.T.);
#436 = CIRCLE('',#437,0.85);
#437 = AXIS2_PLACEMENT_3D('',#438,#439,#440);
#438 = CARTESIAN_POINT('',(21.175,13.464,0.));
#439 = DIRECTION('',(0.,0.,-1.));
#440 = DIRECTION('',(0.,1.,0.));
#441 = CYLINDRICAL_SURFACE('',#442,0.85);
#442 = AXIS2_PLACEMENT_3D('',#443,#444,#445);
#443 = CARTESIAN_POINT('',(21.175,13.464,0.));
#444 = DIRECTION('',(0.,0.,-1.));
#445 = DIRECTION('',(0.,1.,0.));
#446 = ADVANCED_FACE('',(#447),#463,.F.);
#447 = FACE_BOUND('',#448,.F.);
#448 = EDGE_LOOP('',(#449,#450,#456,#457));
#449 = ORIENTED_EDGE('',*,*,#427,.T.);
#450 = ORIENTED_EDGE('',*,*,#451,.T.);
#451 = EDGE_CURVE('',#419,#347,#452,.T.);
#452 = LINE('',#453,#454);
#453 = CARTESIAN_POINT('',(21.175,12.614,0.41148));
#454 = VECTOR('',#455,1.);
#455 = DIRECTION('',(-1.,0.,0.));
#456 = ORIENTED_EDGE('',*,*,#344,.F.);
#457 = ORIENTED_EDGE('',*,*,#458,.F.);
#458 = EDGE_CURVE('',#428,#345,#459,.T.);
#459 = LINE('',#460,#461);
#460 = CARTESIAN_POINT('',(21.175,12.614,0.));
#461 = VECTOR('',#462,1.);
#462 = DIRECTION('',(-1.,0.,0.));
#463 = PLANE('',#464);
#464 = AXIS2_PLACEMENT_3D('',#465,#466,#467);
#465 = CARTESIAN_POINT('',(21.175,12.614,0.));
#466 = DIRECTION('',(0.,-1.,0.));
#467 = DIRECTION('',(-1.,0.,0.));
#468 = ADVANCED_FACE('',(#469),#496,.F.);
#469 = FACE_BOUND('',#470,.T.);
#470 = EDGE_LOOP('',(#471,#481,#488,#489));
#471 = ORIENTED_EDGE('',*,*,#472,.T.);
#472 = EDGE_CURVE('',#473,#475,#477,.T.);
#473 = VERTEX_POINT('',#474);
#474 = CARTESIAN_POINT('',(55.,13.5,0.));
#475 = VERTEX_POINT('',#476);
#476 = CARTESIAN_POINT('',(55.,13.5,0.41148));
#477 = LINE('',#478,#479);
#478 = CARTESIAN_POINT('',(55.,13.5,0.));
#479 = VECTOR('',#480,1.);
#480 = DIRECTION('',(0.,0.,1.));
#481 = ORIENTED_EDGE('',*,*,#482,.T.);
#482 = EDGE_CURVE('',#475,#475,#483,.T.);
#483 = CIRCLE('',#484,1.);
#484 = AXIS2_PLACEMENT_3D('',#485,#486,#487);
#485 = CARTESIAN_POINT('',(54.,13.5,0.41148));
#486 = DIRECTION('',(0.,0.,1.));
#487 = DIRECTION('',(1.,0.,-0.));
#488 = ORIENTED_EDGE('',*,*,#472,.F.);
#489 = ORIENTED_EDGE('',*,*,#490,.F.);
#490 = EDGE_CURVE('',#473,#473,#491,.T.);
#491 = CIRCLE('',#492,1.);
#492 = AXIS2_PLACEMENT_3D('',#493,#494,#495);
#493 = CARTESIAN_POINT('',(54.,13.5,0.));
#494 = DIRECTION('',(0.,0.,1.));
#495 = DIRECTION('',(1.,0.,-0.));
#496 = CYLINDRICAL_SURFACE('',#497,1.);
#497 = AXIS2_PLACEMENT_3D('',#498,#499,#500);
#498 = CARTESIAN_POINT('',(54.,13.5,0.));
#499 = DIRECTION('',(-0.,-0.,-1.));
#500 = DIRECTION('',(1.,0.,-0.));
#501 = ADVANCED_FACE('',(#502),#529,.F.);
#502 = FACE_BOUND('',#503,.T.);
#503 = EDGE_LOOP('',(#504,#514,#521,#522));
#504 = ORIENTED_EDGE('',*,*,#505,.T.);
#505 = EDGE_CURVE('',#506,#508,#510,.T.);
#506 = VERTEX_POINT('',#507);
#507 = CARTESIAN_POINT('',(64.51,5.,0.));
#508 = VERTEX_POINT('',#509);
#509 = CARTESIAN_POINT('',(64.51,5.,0.41148));
#510 = LINE('',#511,#512);
#511 = CARTESIAN_POINT('',(64.51,5.,0.));
#512 = VECTOR('',#513,1.);
#513 = DIRECTION('',(0.,0.,1.));
#514 = ORIENTED_EDGE('',*,*,#515,.T.);
#515 = EDGE_CURVE('',#508,#508,#516,.T.);
#516 = CIRCLE('',#517,0.51);
#517 = AXIS2_PLACEMENT_3D('',#518,#519,#520);
#518 = CARTESIAN_POINT('',(64.,5.,0.41148));
#519 = DIRECTION('',(0.,0.,1.));
#520 = DIRECTION('',(1.,0.,-0.));
#521 = ORIENTED_EDGE('',*,*,#505,.F.);
#522 = ORIENTED_EDGE('',*,*,#523,.F.);
#523 = EDGE_CURVE('',#506,#506,#524,.T.);
#524 = CIRCLE('',#525,0.51);
#525 = AXIS2_PLACEMENT_3D('',#526,#527,#528);
#526 = CARTESIAN_POINT('',(64.,5.,0.));
#527 = DIRECTION('',(0.,0.,1.));
#528 = DIRECTION('',(1.,0.,-0.));
#529 = CYLINDRICAL_SURFACE('',#530,0.51);
#530 = AXIS2_PLACEMENT_3D('',#531,#532,#533);
#531 = CARTESIAN_POINT('',(64.,5.,0.));
#532 = DIRECTION('',(-0.,-0.,-1.));
#533 = DIRECTION('',(1.,0.,-0.));
#534 = ADVANCED_FACE('',(#535),#562,.F.);
#535 = FACE_BOUND('',#536,.T.);
#536 = EDGE_LOOP('',(#537,#547,#554,#555));
#537 = ORIENTED_EDGE('',*,*,#538,.T.);
#538 = EDGE_CURVE('',#539,#541,#543,.T.);
#539 = VERTEX_POINT('',#540);
#540 = CARTESIAN_POINT('',(71.,5.,0.));
#541 = VERTEX_POINT('',#542);
#542 = CARTESIAN_POINT('',(71.,5.,0.41148));
#543 = LINE('',#544,#545);
#544 = CARTESIAN_POINT('',(71.,5.,0.));
#545 = VECTOR('',#546,1.);
#546 = DIRECTION('',(0.,0.,1.));
#547 = ORIENTED_EDGE('',*,*,#548,.T.);
#548 = EDGE_CURVE('',#541,#541,#549,.T.);
#549 = CIRCLE('',#550,1.);
#550 = AXIS2_PLACEMENT_3D('',#551,#552,#553);
#551 = CARTESIAN_POINT('',(70.,5.,0.41148));
#552 = DIRECTION('',(0.,0.,1.));
#553 = DIRECTION('',(1.,0.,-0.));
#554 = ORIENTED_EDGE('',*,*,#538,.F.);
#555 = ORIENTED_EDGE('',*,*,#556,.F.);
#556 = EDGE_CURVE('',#539,#539,#557,.T.);
#557 = CIRCLE('',#558,1.);
#558 = AXIS2_PLACEMENT_3D('',#559,#560,#561);
#559 = CARTESIAN_POINT('',(70.,5.,0.));
#560 = DIRECTION('',(0.,0.,1.));
#561 = DIRECTION('',(1.,0.,-0.));
#562 = CYLINDRICAL_SURFACE('',#563,1.);
#563 = AXIS2_PLACEMENT_3D('',#564,#565,#566);
#564 = CARTESIAN_POINT('',(70.,5.,0.));
#565 = DIRECTION('',(-0.,-0.,-1.));
#566 = DIRECTION('',(1.,0.,-0.));
#567 = ADVANCED_FACE('',(#568),#595,.F.);
#568 = FACE_BOUND('',#569,.T.);
#569 = EDGE_LOOP('',(#570,#580,#587,#588));
#570 = ORIENTED_EDGE('',*,*,#571,.T.);
#571 = EDGE_CURVE('',#572,#574,#576,.T.);
#572 = VERTEX_POINT('',#573);
#573 = CARTESIAN_POINT('',(64.51,10.,0.));
#574 = VERTEX_POINT('',#575);
#575 = CARTESIAN_POINT('',(64.51,10.,0.41148));
#576 = LINE('',#577,#578);
#577 = CARTESIAN_POINT('',(64.51,10.,0.));
#578 = VECTOR('',#579,1.);
#579 = DIRECTION('',(0.,0.,1.));
#580 = ORIENTED_EDGE('',*,*,#581,.T.);
#581 = EDGE_CURVE('',#574,#574,#582,.T.);
#582 = CIRCLE('',#583,0.51);
#583 = AXIS2_PLACEMENT_3D('',#584,#585,#586);
#584 = CARTESIAN_POINT('',(64.,10.,0.41148));
#585 = DIRECTION('',(0.,0.,1.));
#586 = DIRECTION('',(1.,0.,-0.));
#587 = ORIENTED_EDGE('',*,*,#571,.F.);
#588 = ORIENTED_EDGE('',*,*,#589,.F.);
#589 = EDGE_CURVE('',#572,#572,#590,.T.);
#590 = CIRCLE('',#591,0.51);
#591 = AXIS2_PLACEMENT_3D('',#592,#593,#594);
#592 = CARTESIAN_POINT('',(64.,10.,0.));
#593 = DIRECTION('',(0.,0.,1.));
#594 = DIRECTION('',(1.,0.,-0.));
#595 = CYLINDRICAL_SURFACE('',#596,0.51);
#596 = AXIS2_PLACEMENT_3D('',#597,#598,#599);
#597 = CARTESIAN_POINT('',(64.,10.,0.));
#598 = DIRECTION('',(-0.,-0.,-1.));
#599 = DIRECTION('',(1.,0.,-0.));
#600 = ADVANCED_FACE('',(#601),#628,.F.);
#601 = FACE_BOUND('',#602,.T.);
#602 = EDGE_LOOP('',(#603,#613,#620,#621));
#603 = ORIENTED_EDGE('',*,*,#604,.T.);
#604 = EDGE_CURVE('',#605,#607,#609,.T.);
#605 = VERTEX_POINT('',#606);
#606 = CARTESIAN_POINT('',(64.51,7.5,0.));
#607 = VERTEX_POINT('',#608);
#608 = CARTESIAN_POINT('',(64.51,7.5,0.41148));
#609 = LINE('',#610,#611);
#610 = CARTESIAN_POINT('',(64.51,7.5,0.));
#611 = VECTOR('',#612,1.);
#612 = DIRECTION('',(0.,0.,1.));
#613 = ORIENTED_EDGE('',*,*,#614,.T.);
#614 = EDGE_CURVE('',#607,#607,#615,.T.);
#615 = CIRCLE('',#616,0.51);
#616 = AXIS2_PLACEMENT_3D('',#617,#618,#619);
#617 = CARTESIAN_POINT('',(64.,7.5,0.41148));
#618 = DIRECTION('',(0.,0.,1.));
#619 = DIRECTION('',(1.,0.,-0.));
#620 = ORIENTED_EDGE('',*,*,#604,.F.);
#621 = ORIENTED_EDGE('',*,*,#622,.F.);
#622 = EDGE_CURVE('',#605,#605,#623,.T.);
#623 = CIRCLE('',#624,0.51);
#624 = AXIS2_PLACEMENT_3D('',#625,#626,#627);
#625 = CARTESIAN_POINT('',(64.,7.5,0.));
#626 = DIRECTION('',(0.,0.,1.));
#627 = DIRECTION('',(1.,0.,-0.));
#628 = CYLINDRICAL_SURFACE('',#629,0.51);
#629 = AXIS2_PLACEMENT_3D('',#630,#631,#632);
#630 = CARTESIAN_POINT('',(64.,7.5,0.));
#631 = DIRECTION('',(-0.,-0.,-1.));
#632 = DIRECTION('',(1.,0.,-0.));
#633 = ADVANCED_FACE('',(#634,#643,#646,#649,#655,#658,#661,#664,#667),
  #670,.F.);
#634 = FACE_BOUND('',#635,.F.);
#635 = EDGE_LOOP('',(#636,#637,#638,#639,#640,#641,#642));
#636 = ORIENTED_EDGE('',*,*,#83,.T.);
#637 = ORIENTED_EDGE('',*,*,#115,.T.);
#638 = ORIENTED_EDGE('',*,*,#147,.T.);
#639 = ORIENTED_EDGE('',*,*,#178,.T.);
#640 = ORIENTED_EDGE('',*,*,#209,.T.);
#641 = ORIENTED_EDGE('',*,*,#240,.T.);
#642 = ORIENTED_EDGE('',*,*,#263,.T.);
#643 = FACE_BOUND('',#644,.F.);
#644 = EDGE_LOOP('',(#645));
#645 = ORIENTED_EDGE('',*,*,#296,.F.);
#646 = FACE_BOUND('',#647,.F.);
#647 = EDGE_LOOP('',(#648));
#648 = ORIENTED_EDGE('',*,*,#329,.F.);
#649 = FACE_BOUND('',#650,.F.);
#650 = EDGE_LOOP('',(#651,#652,#653,#654));
#651 = ORIENTED_EDGE('',*,*,#371,.T.);
#652 = ORIENTED_EDGE('',*,*,#403,.T.);
#653 = ORIENTED_EDGE('',*,*,#435,.T.);
#654 = ORIENTED_EDGE('',*,*,#458,.T.);
#655 = FACE_BOUND('',#656,.F.);
#656 = EDGE_LOOP('',(#657));
#657 = ORIENTED_EDGE('',*,*,#490,.F.);
#658 = FACE_BOUND('',#659,.F.);
#659 = EDGE_LOOP('',(#660));
#660 = ORIENTED_EDGE('',*,*,#523,.F.);
#661 = FACE_BOUND('',#662,.F.);
#662 = EDGE_LOOP('',(#663));
#663 = ORIENTED_EDGE('',*,*,#556,.F.);
#664 = FACE_BOUND('',#665,.F.);
#665 = EDGE_LOOP('',(#666));
#666 = ORIENTED_EDGE('',*,*,#589,.F.);
#667 = FACE_BOUND('',#668,.F.);
#668 = EDGE_LOOP('',(#669));
#669 = ORIENTED_EDGE('',*,*,#622,.F.);
#670 = PLANE('',#671);
#671 = AXIS2_PLACEMENT_3D('',#672,#673,#674);
#672 = CARTESIAN_POINT('',(35.904364255642,8.695330772139,0.));
#673 = DIRECTION('',(0.,0.,1.));
#674 = DIRECTION('',(1.,0.,-0.));
#675 = ADVANCED_FACE('',(#676,#685,#688,#691,#697,#700,#703,#706,#709),
  #712,.T.);
#676 = FACE_BOUND('',#677,.T.);
#677 = EDGE_LOOP('',(#678,#679,#680,#681,#682,#683,#684));
#678 = ORIENTED_EDGE('',*,*,#67,.T.);
#679 = ORIENTED_EDGE('',*,*,#98,.T.);
#680 = ORIENTED_EDGE('',*,*,#131,.T.);
#681 = ORIENTED_EDGE('',*,*,#162,.T.);
#682 = ORIENTED_EDGE('',*,*,#193,.T.);
#683 = ORIENTED_EDGE('',*,*,#224,.T.);
#684 = ORIENTED_EDGE('',*,*,#255,.T.);
#685 = FACE_BOUND('',#686,.T.);
#686 = EDGE_LOOP('',(#687));
#687 = ORIENTED_EDGE('',*,*,#288,.F.);
#688 = FACE_BOUND('',#689,.T.);
#689 = EDGE_LOOP('',(#690));
#690 = ORIENTED_EDGE('',*,*,#321,.F.);
#691 = FACE_BOUND('',#692,.T.);
#692 = EDGE_LOOP('',(#693,#694,#695,#696));
#693 = ORIENTED_EDGE('',*,*,#354,.T.);
#694 = ORIENTED_EDGE('',*,*,#387,.T.);
#695 = ORIENTED_EDGE('',*,*,#418,.T.);
#696 = ORIENTED_EDGE('',*,*,#451,.T.);
#697 = FACE_BOUND('',#698,.T.);
#698 = EDGE_LOOP('',(#699));
#699 = ORIENTED_EDGE('',*,*,#482,.F.);
#700 = FACE_BOUND('',#701,.T.);
#701 = EDGE_LOOP('',(#702));
#702 = ORIENTED_EDGE('',*,*,#515,.F.);
#703 = FACE_BOUND('',#704,.T.);
#704 = EDGE_LOOP('',(#705));
#705 = ORIENTED_EDGE('',*,*,#548,.F.);
#706 = FACE_BOUND('',#707,.T.);
#707 = EDGE_LOOP('',(#708));
#708 = ORIENTED_EDGE('',*,*,#581,.F.);
#709 = FACE_BOUND('',#710,.T.);
#710 = EDGE_LOOP('',(#711));
#711 = ORIENTED_EDGE('',*,*,#614,.F.);
#712 = PLANE('',#713);
#713 = AXIS2_PLACEMENT_3D('',#714,#715,#716);
#714 = CARTESIAN_POINT('',(35.904364255642,8.695330772139,0.41148));
#715 = DIRECTION('',(0.,0.,1.));
#716 = DIRECTION('',(1.,0.,-0.));
#717 = ( GEOMETRIC_REPRESENTATION_CONTEXT(3) 
GLOBAL_UNCERTAINTY_ASSIGNED_CONTEXT((#721)) GLOBAL_UNIT_ASSIGNED_CONTEXT
((#718,#719,#720)) REPRESENTATION_CONTEXT('Context #1',
  '3D Context with UNIT and UNCERTAINTY') );
#718 = ( LENGTH_UNIT() NAMED_UNIT(*) SI_UNIT(.MILLI.,.METRE.) );
#719 = ( NAMED_UNIT(*) PLANE_ANGLE_UNIT() SI_UNIT($,.RADIAN.) );
#720 = ( NAMED_UNIT(*) SI_UNIT($,.STERADIAN.) SOLID_ANGLE_UNIT() );
#721 = UNCERTAINTY_MEASURE_WITH_UNIT(LENGTH_MEASURE(1.E-07),#718,
  'distance_accuracy_value','confusion accuracy');
#722 = SHAPE_DEFINITION_REPRESENTATION(#723,#50);
#723 = PRODUCT_DEFINITION_SHAPE('','',#724);
#724 = PRODUCT_DEFINITION('design','',#725,#728);
#725 = PRODUCT_DEFINITION_FORMATION('','',#726);
#726 = PRODUCT('Open CASCADE STEP translator 7.5 3.1.1',
  'Open CASCADE STEP translator 7.5 3.1.1','',(#727));
#727 = PRODUCT_CONTEXT('',#2,'mechanical');
#728 = PRODUCT_DEFINITION_CONTEXT('part definition',#2,'design');
#729 = CONTEXT_DEPENDENT_SHAPE_REPRESENTATION(#730,#732);
#730 = ( REPRESENTATION_RELATIONSHIP('','',#50,#40) 
REPRESENTATION_RELATIONSHIP_WITH_TRANSFORMATION(#731) 
SHAPE_REPRESENTATION_RELATIONSHIP() );
#731 = ITEM_DEFINED_TRANSFORMATION('','',#11,#41);
#732 = PRODUCT_DEFINITION_SHAPE('Placement','Placement of an item',#733
  );
#733 = NEXT_ASSEMBLY_USAGE_OCCURRENCE('265','','',#35,#724,$);
#734 = PRODUCT_RELATED_PRODUCT_CATEGORY('part',$,(#726));
#735 = CONTEXT_DEPENDENT_SHAPE_REPRESENTATION(#736,#738);
#736 = ( REPRESENTATION_RELATIONSHIP('','',#40,#10) 
REPRESENTATION_RELATIONSHIP_WITH_TRANSFORMATION(#737) 
SHAPE_REPRESENTATION_RELATIONSHIP() );
#737 = ITEM_DEFINED_TRANSFORMATION('','',#11,#15);
#738 = PRODUCT_DEFINITION_SHAPE('Placement','Placement of an item',#739
  );
#739 = NEXT_ASSEMBLY_USAGE_OCCURRENCE('266','','',#5,#35,$);
#740 = PRODUCT_RELATED_PRODUCT_CATEGORY('part',$,(#37));
#741 = SHAPE_DEFINITION_REPRESENTATION(#742,#748);
#742 = PRODUCT_DEFINITION_SHAPE('','',#743);
#743 = PRODUCT_DEFINITION('design','',#744,#747);
#744 = PRODUCT_DEFINITION_FORMATION('','',#745);
#745 = PRODUCT('J1','J1','',(#746));
#746 = PRODUCT_CONTEXT('',#2,'mechanical');
#747 = PRODUCT_DEFINITION_CONTEXT('part definition',#2,'design');
#748 = SHAPE_REPRESENTATION('',(#11,#749),#753);
#749 = AXIS2_PLACEMENT_3D('',#750,#751,#752);
#750 = CARTESIAN_POINT('',(-0.2980004251,9.519998550415,0.));
#751 = DIRECTION('',(-0.,0.,1.));
#752 = DIRECTION('',(1.19248806385E-08,-1.,0.));
#753 = ( GEOMETRIC_REPRESENTATION_CONTEXT(3) 
GLOBAL_UNCERTAINTY_ASSIGNED_CONTEXT((#757)) GLOBAL_UNIT_ASSIGNED_CONTEXT
((#754,#755,#756)) REPRESENTATION_CONTEXT('Context #1',
  '3D Context with UNIT and UNCERTAINTY') );
#754 = ( LENGTH_UNIT() NAMED_UNIT(*) SI_UNIT(.MILLI.,.METRE.) );
#755 = ( NAMED_UNIT(*) PLANE_ANGLE_UNIT() SI_UNIT($,.RADIAN.) );
#756 = ( NAMED_UNIT(*) SI_UNIT($,.STERADIAN.) SOLID_ANGLE_UNIT() );
#757 = UNCERTAINTY_MEASURE_WITH_UNIT(LENGTH_MEASURE(1.E-07),#754,
  'distance_accuracy_value','confusion accuracy');
#758 = ADVANCED_BREP_SHAPE_REPRESENTATION('',(#11,#759),#5546);
#759 = MANIFOLD_SOLID_BREP('',#760);
#760 = CLOSED_SHELL('',(#761,#803,#845,#887,#929,#1033,#1247,#1351,#1382
    ,#1463,#1533,#1596,#1761,#1821,#1845,#1869,#1886,#1898,#1922,#1946,
    #1963,#1975,#1999,#2023,#2040,#2052,#2076,#2100,#2117,#2129,#2160,
    #2191,#2215,#2237,#2268,#2292,#2321,#2345,#2367,#2400,#2455,#2518,
    #2564,#2597,#2619,#2749,#2772,#2803,#2834,#2858,#2889,#2908,#2926,
    #2957,#2988,#3019,#3050,#3081,#3135,#3150,#3206,#3246,#3277,#3308,
    #3330,#3393,#3415,#3430,#3486,#3500,#3519,#3536,#3550,#3564,#3576,
    #3588,#3600,#3622,#3639,#3652,#3670,#3687,#3704,#3716,#3756,#3787,
    #3818,#3842,#3866,#3878,#3890,#3921,#3952,#4017,#4082,#4099,#4116,
    #4133,#4150,#4167,#4184,#4196,#4221,#4261,#4292,#4330,#4348,#4367,
    #4407,#4445,#4463,#4488,#4519,#4538,#4550,#4562,#4574,#4586,#4626,
    #4657,#4688,#4712,#4736,#4748,#4760,#4800,#4831,#4862,#4886,#4910,
    #4922,#4934,#4965,#4996,#5061,#5126,#5143,#5160,#5177,#5194,#5211,
    #5228,#5240,#5271,#5302,#5367,#5432,#5449,#5466,#5483,#5500,#5517,
    #5534));
#761 = ADVANCED_FACE('',(#762),#798,.T.);
#762 = FACE_BOUND('',#763,.T.);
#763 = EDGE_LOOP('',(#764,#774,#783,#791));
#764 = ORIENTED_EDGE('',*,*,#765,.F.);
#765 = EDGE_CURVE('',#766,#768,#770,.T.);
#766 = VERTEX_POINT('',#767);
#767 = CARTESIAN_POINT('',(-2.25,3.95,1.975));
#768 = VERTEX_POINT('',#769);
#769 = CARTESIAN_POINT('',(-2.25,1.133333333333,1.975));
#770 = LINE('',#771,#772);
#771 = CARTESIAN_POINT('',(-2.25,3.95,1.975));
#772 = VECTOR('',#773,1.);
#773 = DIRECTION('',(0.,-1.,-0.));
#774 = ORIENTED_EDGE('',*,*,#775,.T.);
#775 = EDGE_CURVE('',#766,#776,#778,.T.);
#776 = VERTEX_POINT('',#777);
#777 = CARTESIAN_POINT('',(-2.15,3.95,2.075));
#778 = CIRCLE('',#779,0.1);
#779 = AXIS2_PLACEMENT_3D('',#780,#781,#782);
#780 = CARTESIAN_POINT('',(-2.25,3.95,2.075));
#781 = DIRECTION('',(0.,-1.,0.));
#782 = DIRECTION('',(1.,0.,0.));
#783 = ORIENTED_EDGE('',*,*,#784,.F.);
#784 = EDGE_CURVE('',#785,#776,#787,.T.);
#785 = VERTEX_POINT('',#786);
#786 = CARTESIAN_POINT('',(-2.15,1.2,2.075));
#787 = LINE('',#788,#789);
#788 = CARTESIAN_POINT('',(-2.15,3.95,2.075));
#789 = VECTOR('',#790,1.);
#790 = DIRECTION('',(0.,1.,0.));
#791 = ORIENTED_EDGE('',*,*,#792,.T.);
#792 = EDGE_CURVE('',#785,#768,#793,.T.);
#793 = ELLIPSE('',#794,0.120185042515,0.1);
#794 = AXIS2_PLACEMENT_3D('',#795,#796,#797);
#795 = CARTESIAN_POINT('',(-2.25,1.133333333333,2.075));
#796 = DIRECTION('',(-0.554700196225,0.832050294338,1.127638420923E-16)
  );
#797 = DIRECTION('',(-0.832050294338,-0.554700196225,1.691457631384E-16)
  );
#798 = CYLINDRICAL_SURFACE('',#799,0.1);
#799 = AXIS2_PLACEMENT_3D('',#800,#801,#802);
#800 = CARTESIAN_POINT('',(-2.25,3.95,2.075));
#801 = DIRECTION('',(0.,1.,0.));
#802 = DIRECTION('',(0.,0.,-1.));
#803 = ADVANCED_FACE('',(#804),#840,.T.);
#804 = FACE_BOUND('',#805,.T.);
#805 = EDGE_LOOP('',(#806,#816,#825,#833));
#806 = ORIENTED_EDGE('',*,*,#807,.F.);
#807 = EDGE_CURVE('',#808,#810,#812,.T.);
#808 = VERTEX_POINT('',#809);
#809 = CARTESIAN_POINT('',(2.25,3.95,1.975));
#810 = VERTEX_POINT('',#811);
#811 = CARTESIAN_POINT('',(2.25,1.133333333333,1.975));
#812 = LINE('',#813,#814);
#813 = CARTESIAN_POINT('',(2.25,3.95,1.975));
#814 = VECTOR('',#815,1.);
#815 = DIRECTION('',(0.,-1.,-0.));
#816 = ORIENTED_EDGE('',*,*,#817,.T.);
#817 = EDGE_CURVE('',#808,#818,#820,.T.);
#818 = VERTEX_POINT('',#819);
#819 = CARTESIAN_POINT('',(2.27584969838,3.95,1.978398793518));
#820 = CIRCLE('',#821,0.1);
#821 = AXIS2_PLACEMENT_3D('',#822,#823,#824);
#822 = CARTESIAN_POINT('',(2.25,3.95,2.075));
#823 = DIRECTION('',(0.,-1.,0.));
#824 = DIRECTION('',(-1.,0.,0.));
#825 = ORIENTED_EDGE('',*,*,#826,.F.);
#826 = EDGE_CURVE('',#827,#818,#829,.T.);
#827 = VERTEX_POINT('',#828);
#828 = CARTESIAN_POINT('',(2.27584969838,1.11610020108,1.978398793518));
#829 = LINE('',#830,#831);
#830 = CARTESIAN_POINT('',(2.27584969838,3.95,1.978398793518));
#831 = VECTOR('',#832,1.);
#832 = DIRECTION('',(0.,1.,0.));
#833 = ORIENTED_EDGE('',*,*,#834,.T.);
#834 = EDGE_CURVE('',#827,#810,#835,.T.);
#835 = ELLIPSE('',#836,0.120185042515,0.1);
#836 = AXIS2_PLACEMENT_3D('',#837,#838,#839);
#837 = CARTESIAN_POINT('',(2.25,1.133333333333,2.075));
#838 = DIRECTION('',(0.554700196225,0.832050294338,7.76385533486E-16));
#839 = DIRECTION('',(0.832050294338,-0.554700196225,1.164578300229E-15)
  );
#840 = CYLINDRICAL_SURFACE('',#841,0.1);
#841 = AXIS2_PLACEMENT_3D('',#842,#843,#844);
#842 = CARTESIAN_POINT('',(2.25,3.95,2.075));
#843 = DIRECTION('',(0.,1.,0.));
#844 = DIRECTION('',(0.,0.,-1.));
#845 = ADVANCED_FACE('',(#846),#882,.T.);
#846 = FACE_BOUND('',#847,.T.);
#847 = EDGE_LOOP('',(#848,#858,#867,#875));
#848 = ORIENTED_EDGE('',*,*,#849,.F.);
#849 = EDGE_CURVE('',#850,#852,#854,.T.);
#850 = VERTEX_POINT('',#851);
#851 = CARTESIAN_POINT('',(2.25,1.133333333333,1.225));
#852 = VERTEX_POINT('',#853);
#853 = CARTESIAN_POINT('',(2.25,3.95,1.225));
#854 = LINE('',#855,#856);
#855 = CARTESIAN_POINT('',(2.25,3.95,1.225));
#856 = VECTOR('',#857,1.);
#857 = DIRECTION('',(-0.,1.,0.));
#858 = ORIENTED_EDGE('',*,*,#859,.T.);
#859 = EDGE_CURVE('',#850,#860,#862,.T.);
#860 = VERTEX_POINT('',#861);
#861 = CARTESIAN_POINT('',(2.27584969838,1.11610020108,1.221601206482));
#862 = ELLIPSE('',#863,0.120185042515,1.E-01);
#863 = AXIS2_PLACEMENT_3D('',#864,#865,#866);
#864 = CARTESIAN_POINT('',(2.25,1.133333333333,1.125));
#865 = DIRECTION('',(0.554700196225,0.832050294338,1.127638420923E-16));
#866 = DIRECTION('',(0.832050294338,-0.554700196225,1.691457631384E-16)
  );
#867 = ORIENTED_EDGE('',*,*,#868,.T.);
#868 = EDGE_CURVE('',#860,#869,#871,.T.);
#869 = VERTEX_POINT('',#870);
#870 = CARTESIAN_POINT('',(2.27584969838,3.95,1.221601206482));
#871 = LINE('',#872,#873);
#872 = CARTESIAN_POINT('',(2.27584969838,3.95,1.221601206482));
#873 = VECTOR('',#874,1.);
#874 = DIRECTION('',(0.,1.,0.));
#875 = ORIENTED_EDGE('',*,*,#876,.T.);
#876 = EDGE_CURVE('',#869,#852,#877,.T.);
#877 = CIRCLE('',#878,1.E-01);
#878 = AXIS2_PLACEMENT_3D('',#879,#880,#881);
#879 = CARTESIAN_POINT('',(2.25,3.95,1.125));
#880 = DIRECTION('',(0.,-1.,0.));
#881 = DIRECTION('',(-1.,0.,0.));
#882 = CYLINDRICAL_SURFACE('',#883,1.E-01);
#883 = AXIS2_PLACEMENT_3D('',#884,#885,#886);
#884 = CARTESIAN_POINT('',(2.25,3.95,1.125));
#885 = DIRECTION('',(0.,1.,0.));
#886 = DIRECTION('',(0.,0.,-1.));
#887 = ADVANCED_FACE('',(#888),#924,.T.);
#888 = FACE_BOUND('',#889,.T.);
#889 = EDGE_LOOP('',(#890,#900,#909,#917));
#890 = ORIENTED_EDGE('',*,*,#891,.F.);
#891 = EDGE_CURVE('',#892,#894,#896,.T.);
#892 = VERTEX_POINT('',#893);
#893 = CARTESIAN_POINT('',(-2.25,1.133333333333,1.225));
#894 = VERTEX_POINT('',#895);
#895 = CARTESIAN_POINT('',(-2.25,3.95,1.225));
#896 = LINE('',#897,#898);
#897 = CARTESIAN_POINT('',(-2.25,3.95,1.225));
#898 = VECTOR('',#899,1.);
#899 = DIRECTION('',(-0.,1.,0.));
#900 = ORIENTED_EDGE('',*,*,#901,.T.);
#901 = EDGE_CURVE('',#892,#902,#904,.T.);
#902 = VERTEX_POINT('',#903);
#903 = CARTESIAN_POINT('',(-2.15,1.2,1.125));
#904 = ELLIPSE('',#905,0.120185042515,1.E-01);
#905 = AXIS2_PLACEMENT_3D('',#906,#907,#908);
#906 = CARTESIAN_POINT('',(-2.25,1.133333333333,1.125));
#907 = DIRECTION('',(-0.554700196225,0.832050294338,1.127638420923E-16)
  );
#908 = DIRECTION('',(-0.832050294338,-0.554700196225,1.691457631384E-16)
  );
#909 = ORIENTED_EDGE('',*,*,#910,.T.);
#910 = EDGE_CURVE('',#902,#911,#913,.T.);
#911 = VERTEX_POINT('',#912);
#912 = CARTESIAN_POINT('',(-2.15,3.95,1.125));
#913 = LINE('',#914,#915);
#914 = CARTESIAN_POINT('',(-2.15,3.95,1.125));
#915 = VECTOR('',#916,1.);
#916 = DIRECTION('',(0.,1.,0.));
#917 = ORIENTED_EDGE('',*,*,#918,.T.);
#918 = EDGE_CURVE('',#911,#894,#919,.T.);
#919 = CIRCLE('',#920,1.E-01);
#920 = AXIS2_PLACEMENT_3D('',#921,#922,#923);
#921 = CARTESIAN_POINT('',(-2.25,3.95,1.125));
#922 = DIRECTION('',(0.,-1.,0.));
#923 = DIRECTION('',(1.,0.,0.));
#924 = CYLINDRICAL_SURFACE('',#925,1.E-01);
#925 = AXIS2_PLACEMENT_3D('',#926,#927,#928);
#926 = CARTESIAN_POINT('',(-2.25,3.95,1.125));
#927 = DIRECTION('',(0.,1.,0.));
#928 = DIRECTION('',(0.,0.,-1.));
#929 = ADVANCED_FACE('',(#930),#1028,.F.);
#930 = FACE_BOUND('',#931,.T.);
#931 = EDGE_LOOP('',(#932,#942,#950,#958,#966,#974,#982,#990,#998,#1006,
    #1014,#1022));
#932 = ORIENTED_EDGE('',*,*,#933,.F.);
#933 = EDGE_CURVE('',#934,#936,#938,.T.);
#934 = VERTEX_POINT('',#935);
#935 = CARTESIAN_POINT('',(0.15,1.,-4.336808689942E-16));
#936 = VERTEX_POINT('',#937);
#937 = CARTESIAN_POINT('',(0.15,1.,0.2));
#938 = LINE('',#939,#940);
#939 = CARTESIAN_POINT('',(0.15,1.,-3.56));
#940 = VECTOR('',#941,1.);
#941 = DIRECTION('',(0.,0.,1.));
#942 = ORIENTED_EDGE('',*,*,#943,.F.);
#943 = EDGE_CURVE('',#944,#934,#946,.T.);
#944 = VERTEX_POINT('',#945);
#945 = CARTESIAN_POINT('',(2.05,1.,-8.673617379884E-16));
#946 = LINE('',#947,#948);
#947 = CARTESIAN_POINT('',(2.75,1.,-8.673617379884E-16));
#948 = VECTOR('',#949,1.);
#949 = DIRECTION('',(-1.,0.,0.));
#950 = ORIENTED_EDGE('',*,*,#951,.F.);
#951 = EDGE_CURVE('',#952,#944,#954,.T.);
#952 = VERTEX_POINT('',#953);
#953 = CARTESIAN_POINT('',(2.05,1.,-0.2));
#954 = LINE('',#955,#956);
#955 = CARTESIAN_POINT('',(2.05,1.,-0.2));
#956 = VECTOR('',#957,1.);
#957 = DIRECTION('',(0.,0.,1.));
#958 = ORIENTED_EDGE('',*,*,#959,.F.);
#959 = EDGE_CURVE('',#960,#952,#962,.T.);
#960 = VERTEX_POINT('',#961);
#961 = CARTESIAN_POINT('',(2.55,1.,-0.2));
#962 = LINE('',#963,#964);
#963 = CARTESIAN_POINT('',(2.55,1.,-0.2));
#964 = VECTOR('',#965,1.);
#965 = DIRECTION('',(-1.,0.,0.));
#966 = ORIENTED_EDGE('',*,*,#967,.T.);
#967 = EDGE_CURVE('',#960,#968,#970,.T.);
#968 = VERTEX_POINT('',#969);
#969 = CARTESIAN_POINT('',(2.55,1.,-8.673617379884E-16));
#970 = LINE('',#971,#972);
#971 = CARTESIAN_POINT('',(2.55,1.,-0.2));
#972 = VECTOR('',#973,1.);
#973 = DIRECTION('',(0.,0.,1.));
#974 = ORIENTED_EDGE('',*,*,#975,.F.);
#975 = EDGE_CURVE('',#976,#968,#978,.T.);
#976 = VERTEX_POINT('',#977);
#977 = CARTESIAN_POINT('',(2.75,1.,-8.673617379884E-16));
#978 = LINE('',#979,#980);
#979 = CARTESIAN_POINT('',(2.75,1.,-8.673617379884E-16));
#980 = VECTOR('',#981,1.);
#981 = DIRECTION('',(-1.,0.,0.));
#982 = ORIENTED_EDGE('',*,*,#983,.F.);
#983 = EDGE_CURVE('',#984,#976,#986,.T.);
#984 = VERTEX_POINT('',#985);
#985 = CARTESIAN_POINT('',(2.75,1.,2.8));
#986 = LINE('',#987,#988);
#987 = CARTESIAN_POINT('',(2.75,1.,3.2));
#988 = VECTOR('',#989,1.);
#989 = DIRECTION('',(0.,1.355252715607E-16,-1.));
#990 = ORIENTED_EDGE('',*,*,#991,.F.);
#991 = EDGE_CURVE('',#992,#984,#994,.T.);
#992 = VERTEX_POINT('',#993);
#993 = CARTESIAN_POINT('',(2.45,1.,2.8));
#994 = LINE('',#995,#996);
#995 = CARTESIAN_POINT('',(-2.75,1.,2.8));
#996 = VECTOR('',#997,1.);
#997 = DIRECTION('',(1.,3.548298019043E-16,0.));
#998 = ORIENTED_EDGE('',*,*,#999,.T.);
#999 = EDGE_CURVE('',#992,#1000,#1002,.T.);
#1000 = VERTEX_POINT('',#1001);
#1001 = CARTESIAN_POINT('',(2.45,1.,2.025));
#1002 = LINE('',#1003,#1004);
#1003 = CARTESIAN_POINT('',(2.45,1.,3.2));
#1004 = VECTOR('',#1005,1.);
#1005 = DIRECTION('',(1.196361017915E-15,1.355252715607E-16,-1.));
#1006 = ORIENTED_EDGE('',*,*,#1007,.F.);
#1007 = EDGE_CURVE('',#1008,#1000,#1010,.T.);
#1008 = VERTEX_POINT('',#1009);
#1009 = CARTESIAN_POINT('',(2.45,1.,1.175));
#1010 = LINE('',#1011,#1012);
#1011 = CARTESIAN_POINT('',(2.45,1.,1.175));
#1012 = VECTOR('',#1013,1.);
#1013 = DIRECTION('',(1.020425574104E-15,-2.55106393526E-16,1.));
#1014 = ORIENTED_EDGE('',*,*,#1015,.T.);
#1015 = EDGE_CURVE('',#1008,#1016,#1018,.T.);
#1016 = VERTEX_POINT('',#1017);
#1017 = CARTESIAN_POINT('',(2.45,1.,0.2));
#1018 = LINE('',#1019,#1020);
#1019 = CARTESIAN_POINT('',(2.45,1.,3.2));
#1020 = VECTOR('',#1021,1.);
#1021 = DIRECTION('',(0.,1.355252715607E-16,-1.));
#1022 = ORIENTED_EDGE('',*,*,#1023,.T.);
#1023 = EDGE_CURVE('',#1016,#936,#1024,.T.);
#1024 = LINE('',#1025,#1026);
#1025 = CARTESIAN_POINT('',(2.75,1.,0.2));
#1026 = VECTOR('',#1027,1.);
#1027 = DIRECTION('',(-1.,6.834269481525E-33,-5.042800802258E-17));
#1028 = PLANE('',#1029);
#1029 = AXIS2_PLACEMENT_3D('',#1030,#1031,#1032);
#1030 = CARTESIAN_POINT('',(2.75,1.,3.2));
#1031 = DIRECTION('',(0.,1.,1.355252715607E-16));
#1032 = DIRECTION('',(0.,1.355252715607E-16,-1.));
#1033 = ADVANCED_FACE('',(#1034),#1242,.F.);
#1034 = FACE_BOUND('',#1035,.T.);
#1035 = EDGE_LOOP('',(#1036,#1044,#1052,#1060,#1068,#1076,#1084,#1092,
    #1100,#1108,#1116,#1124,#1132,#1140,#1148,#1156,#1164,#1172,#1180,
    #1188,#1196,#1204,#1212,#1218,#1219,#1227,#1235,#1241));
#1036 = ORIENTED_EDGE('',*,*,#1037,.F.);
#1037 = EDGE_CURVE('',#1038,#934,#1040,.T.);
#1038 = VERTEX_POINT('',#1039);
#1039 = CARTESIAN_POINT('',(0.15,2.45,-4.336808689942E-16));
#1040 = LINE('',#1041,#1042);
#1041 = CARTESIAN_POINT('',(0.15,1.,-8.673617379884E-16));
#1042 = VECTOR('',#1043,1.);
#1043 = DIRECTION('',(6.168736498624E-16,-1.,-3.419883424069E-16));
#1044 = ORIENTED_EDGE('',*,*,#1045,.F.);
#1045 = EDGE_CURVE('',#1046,#1038,#1048,.T.);
#1046 = VERTEX_POINT('',#1047);
#1047 = CARTESIAN_POINT('',(0.55,2.45,-4.336808689942E-16));
#1048 = LINE('',#1049,#1050);
#1049 = CARTESIAN_POINT('',(0.15,2.45,-4.336808689942E-16));
#1050 = VECTOR('',#1051,1.);
#1051 = DIRECTION('',(-1.,0.,0.));
#1052 = ORIENTED_EDGE('',*,*,#1053,.F.);
#1053 = EDGE_CURVE('',#1054,#1046,#1056,.T.);
#1054 = VERTEX_POINT('',#1055);
#1055 = CARTESIAN_POINT('',(0.55,3.6,0.));
#1056 = LINE('',#1057,#1058);
#1057 = CARTESIAN_POINT('',(0.55,2.45,-4.336808689942E-16));
#1058 = VECTOR('',#1059,1.);
#1059 = DIRECTION('',(3.771137991254E-16,-1.,-3.419883424069E-16));
#1060 = ORIENTED_EDGE('',*,*,#1061,.F.);
#1061 = EDGE_CURVE('',#1062,#1054,#1064,.T.);
#1062 = VERTEX_POINT('',#1063);
#1063 = CARTESIAN_POINT('',(-0.55,3.6,0.));
#1064 = LINE('',#1065,#1066);
#1065 = CARTESIAN_POINT('',(0.55,3.6,0.));
#1066 = VECTOR('',#1067,1.);
#1067 = DIRECTION('',(1.,0.,0.));
#1068 = ORIENTED_EDGE('',*,*,#1069,.F.);
#1069 = EDGE_CURVE('',#1070,#1062,#1072,.T.);
#1070 = VERTEX_POINT('',#1071);
#1071 = CARTESIAN_POINT('',(-0.55,2.45,-4.336808689942E-16));
#1072 = LINE('',#1073,#1074);
#1073 = CARTESIAN_POINT('',(-0.55,3.6,0.));
#1074 = VECTOR('',#1075,1.);
#1075 = DIRECTION('',(0.,1.,3.419883424069E-16));
#1076 = ORIENTED_EDGE('',*,*,#1077,.F.);
#1077 = EDGE_CURVE('',#1078,#1070,#1080,.T.);
#1078 = VERTEX_POINT('',#1079);
#1079 = CARTESIAN_POINT('',(-0.15,2.45,-8.673617379884E-16));
#1080 = LINE('',#1081,#1082);
#1081 = CARTESIAN_POINT('',(-0.55,2.45,-4.336808689942E-16));
#1082 = VECTOR('',#1083,1.);
#1083 = DIRECTION('',(-1.,0.,0.));
#1084 = ORIENTED_EDGE('',*,*,#1085,.F.);
#1085 = EDGE_CURVE('',#1086,#1078,#1088,.T.);
#1086 = VERTEX_POINT('',#1087);
#1087 = CARTESIAN_POINT('',(-0.15,1.,-8.673617379884E-16));
#1088 = LINE('',#1089,#1090);
#1089 = CARTESIAN_POINT('',(-0.15,2.45,-4.336808689942E-16));
#1090 = VECTOR('',#1091,1.);
#1091 = DIRECTION('',(0.,1.,3.419883424069E-16));
#1092 = ORIENTED_EDGE('',*,*,#1093,.T.);
#1093 = EDGE_CURVE('',#1086,#1094,#1096,.T.);
#1094 = VERTEX_POINT('',#1095);
#1095 = CARTESIAN_POINT('',(-2.05,1.,-8.673617379884E-16));
#1096 = LINE('',#1097,#1098);
#1097 = CARTESIAN_POINT('',(2.75,1.,-8.673617379884E-16));
#1098 = VECTOR('',#1099,1.);
#1099 = DIRECTION('',(-1.,0.,0.));
#1100 = ORIENTED_EDGE('',*,*,#1101,.F.);
#1101 = EDGE_CURVE('',#1102,#1094,#1104,.T.);
#1102 = VERTEX_POINT('',#1103);
#1103 = CARTESIAN_POINT('',(-2.05,2.,-4.701596255176E-15));
#1104 = LINE('',#1105,#1106);
#1105 = CARTESIAN_POINT('',(-2.05,2.,-4.701596255176E-15));
#1106 = VECTOR('',#1107,1.);
#1107 = DIRECTION('',(-4.336808689942E-16,-1.,-1.709941712034E-15));
#1108 = ORIENTED_EDGE('',*,*,#1109,.F.);
#1109 = EDGE_CURVE('',#1110,#1102,#1112,.T.);
#1110 = VERTEX_POINT('',#1111);
#1111 = CARTESIAN_POINT('',(-2.55,2.,-4.701596255176E-15));
#1112 = LINE('',#1113,#1114);
#1113 = CARTESIAN_POINT('',(-2.55,2.,-4.701596255176E-15));
#1114 = VECTOR('',#1115,1.);
#1115 = DIRECTION('',(1.,0.,0.));
#1116 = ORIENTED_EDGE('',*,*,#1117,.F.);
#1117 = EDGE_CURVE('',#1118,#1110,#1120,.T.);
#1118 = VERTEX_POINT('',#1119);
#1119 = CARTESIAN_POINT('',(-2.55,1.,-8.673617379884E-16));
#1120 = LINE('',#1121,#1122);
#1121 = CARTESIAN_POINT('',(-2.55,1.,-6.41153796721E-15));
#1122 = VECTOR('',#1123,1.);
#1123 = DIRECTION('',(0.,1.,1.709941712034E-15));
#1124 = ORIENTED_EDGE('',*,*,#1125,.T.);
#1125 = EDGE_CURVE('',#1118,#1126,#1128,.T.);
#1126 = VERTEX_POINT('',#1127);
#1127 = CARTESIAN_POINT('',(-2.75,1.,-8.673617379884E-16));
#1128 = LINE('',#1129,#1130);
#1129 = CARTESIAN_POINT('',(2.75,1.,-8.673617379884E-16));
#1130 = VECTOR('',#1131,1.);
#1131 = DIRECTION('',(-1.,0.,0.));
#1132 = ORIENTED_EDGE('',*,*,#1133,.T.);
#1133 = EDGE_CURVE('',#1126,#1134,#1136,.T.);
#1134 = VERTEX_POINT('',#1135);
#1135 = CARTESIAN_POINT('',(-2.75,5.2,7.702172233337E-16));
#1136 = LINE('',#1137,#1138);
#1137 = CARTESIAN_POINT('',(-2.75,1.,-6.661338147751E-16));
#1138 = VECTOR('',#1139,1.);
#1139 = DIRECTION('',(0.,1.,3.419883424069E-16));
#1140 = ORIENTED_EDGE('',*,*,#1141,.F.);
#1141 = EDGE_CURVE('',#1142,#1134,#1144,.T.);
#1142 = VERTEX_POINT('',#1143);
#1143 = CARTESIAN_POINT('',(-2.55,5.2,7.702172233337E-16));
#1144 = LINE('',#1145,#1146);
#1145 = CARTESIAN_POINT('',(2.75,5.2,7.702172233337E-16));
#1146 = VECTOR('',#1147,1.);
#1147 = DIRECTION('',(-1.,0.,0.));
#1148 = ORIENTED_EDGE('',*,*,#1149,.F.);
#1149 = EDGE_CURVE('',#1150,#1142,#1152,.T.);
#1150 = VERTEX_POINT('',#1151);
#1151 = CARTESIAN_POINT('',(-2.55,4.2,-9.397244887006E-16));
#1152 = LINE('',#1153,#1154);
#1153 = CARTESIAN_POINT('',(-2.55,4.2,-9.397244887006E-16));
#1154 = VECTOR('',#1155,1.);
#1155 = DIRECTION('',(0.,1.,1.709941712034E-15));
#1156 = ORIENTED_EDGE('',*,*,#1157,.F.);
#1157 = EDGE_CURVE('',#1158,#1150,#1160,.T.);
#1158 = VERTEX_POINT('',#1159);
#1159 = CARTESIAN_POINT('',(-2.05,4.2,4.282288809268E-16));
#1160 = LINE('',#1161,#1162);
#1161 = CARTESIAN_POINT('',(-2.05,4.2,-9.397244887006E-16));
#1162 = VECTOR('',#1163,1.);
#1163 = DIRECTION('',(-1.,0.,0.));
#1164 = ORIENTED_EDGE('',*,*,#1165,.F.);
#1165 = EDGE_CURVE('',#1166,#1158,#1168,.T.);
#1166 = VERTEX_POINT('',#1167);
#1167 = CARTESIAN_POINT('',(-2.05,5.2,7.702172233337E-16));
#1168 = LINE('',#1169,#1170);
#1169 = CARTESIAN_POINT('',(-2.05,5.2,7.702172233337E-16));
#1170 = VECTOR('',#1171,1.);
#1171 = DIRECTION('',(4.336808689942E-16,-1.,-1.709941712034E-15));
#1172 = ORIENTED_EDGE('',*,*,#1173,.F.);
#1173 = EDGE_CURVE('',#1174,#1166,#1176,.T.);
#1174 = VERTEX_POINT('',#1175);
#1175 = CARTESIAN_POINT('',(2.05,5.2,7.702172233337E-16));
#1176 = LINE('',#1177,#1178);
#1177 = CARTESIAN_POINT('',(2.75,5.2,7.702172233337E-16));
#1178 = VECTOR('',#1179,1.);
#1179 = DIRECTION('',(-1.,0.,0.));
#1180 = ORIENTED_EDGE('',*,*,#1181,.F.);
#1181 = EDGE_CURVE('',#1182,#1174,#1184,.T.);
#1182 = VERTEX_POINT('',#1183);
#1183 = CARTESIAN_POINT('',(2.05,4.2,-9.397244887006E-16));
#1184 = LINE('',#1185,#1186);
#1185 = CARTESIAN_POINT('',(2.05,4.2,-9.397244887006E-16));
#1186 = VECTOR('',#1187,1.);
#1187 = DIRECTION('',(1.734723475977E-15,1.,1.709941712034E-15));
#1188 = ORIENTED_EDGE('',*,*,#1189,.F.);
#1189 = EDGE_CURVE('',#1190,#1182,#1192,.T.);
#1190 = VERTEX_POINT('',#1191);
#1191 = CARTESIAN_POINT('',(2.55,4.2,4.282288809268E-16));
#1192 = LINE('',#1193,#1194);
#1193 = CARTESIAN_POINT('',(2.55,4.2,-9.397244887006E-16));
#1194 = VECTOR('',#1195,1.);
#1195 = DIRECTION('',(-1.,0.,0.));
#1196 = ORIENTED_EDGE('',*,*,#1197,.F.);
#1197 = EDGE_CURVE('',#1198,#1190,#1200,.T.);
#1198 = VERTEX_POINT('',#1199);
#1199 = CARTESIAN_POINT('',(2.55,5.2,7.702172233337E-16));
#1200 = LINE('',#1201,#1202);
#1201 = CARTESIAN_POINT('',(2.55,5.2,7.702172233337E-16));
#1202 = VECTOR('',#1203,1.);
#1203 = DIRECTION('',(-8.673617379884E-16,-1.,-1.709941712034E-15));
#1204 = ORIENTED_EDGE('',*,*,#1205,.F.);
#1205 = EDGE_CURVE('',#1206,#1198,#1208,.T.);
#1206 = VERTEX_POINT('',#1207);
#1207 = CARTESIAN_POINT('',(2.75,5.2,7.702172233337E-16));
#1208 = LINE('',#1209,#1210);
#1209 = CARTESIAN_POINT('',(2.75,5.2,7.702172233337E-16));
#1210 = VECTOR('',#1211,1.);
#1211 = DIRECTION('',(-1.,0.,0.));
#1212 = ORIENTED_EDGE('',*,*,#1213,.F.);
#1213 = EDGE_CURVE('',#976,#1206,#1214,.T.);
#1214 = LINE('',#1215,#1216);
#1215 = CARTESIAN_POINT('',(2.75,1.,-6.661338147751E-16));
#1216 = VECTOR('',#1217,1.);
#1217 = DIRECTION('',(0.,1.,3.419883424069E-16));
#1218 = ORIENTED_EDGE('',*,*,#975,.T.);
#1219 = ORIENTED_EDGE('',*,*,#1220,.F.);
#1220 = EDGE_CURVE('',#1221,#968,#1223,.T.);
#1221 = VERTEX_POINT('',#1222);
#1222 = CARTESIAN_POINT('',(2.55,2.,-4.701596255176E-15));
#1223 = LINE('',#1224,#1225);
#1224 = CARTESIAN_POINT('',(2.55,2.,-4.701596255176E-15));
#1225 = VECTOR('',#1226,1.);
#1226 = DIRECTION('',(0.,-1.,-1.709941712034E-15));
#1227 = ORIENTED_EDGE('',*,*,#1228,.F.);
#1228 = EDGE_CURVE('',#1229,#1221,#1231,.T.);
#1229 = VERTEX_POINT('',#1230);
#1230 = CARTESIAN_POINT('',(2.05,2.,-3.241454723682E-16));
#1231 = LINE('',#1232,#1233);
#1232 = CARTESIAN_POINT('',(2.05,2.,-4.701596255176E-15));
#1233 = VECTOR('',#1234,1.);
#1234 = DIRECTION('',(1.,-8.673617379884E-16,0.));
#1235 = ORIENTED_EDGE('',*,*,#1236,.F.);
#1236 = EDGE_CURVE('',#944,#1229,#1237,.T.);
#1237 = LINE('',#1238,#1239);
#1238 = CARTESIAN_POINT('',(2.05,1.,-6.41153796721E-15));
#1239 = VECTOR('',#1240,1.);
#1240 = DIRECTION('',(-8.673617379884E-16,1.,1.709941712034E-15));
#1241 = ORIENTED_EDGE('',*,*,#943,.T.);
#1242 = PLANE('',#1243);
#1243 = AXIS2_PLACEMENT_3D('',#1244,#1245,#1246);
#1244 = CARTESIAN_POINT('',(2.75,1.,-6.661338147751E-16));
#1245 = DIRECTION('',(0.,-3.419883424069E-16,1.));
#1246 = DIRECTION('',(0.,-1.,-3.419883424069E-16));
#1247 = ADVANCED_FACE('',(#1248),#1346,.F.);
#1248 = FACE_BOUND('',#1249,.T.);
#1249 = EDGE_LOOP('',(#1250,#1260,#1268,#1276,#1284,#1292,#1300,#1308,
    #1316,#1324,#1332,#1340));
#1250 = ORIENTED_EDGE('',*,*,#1251,.F.);
#1251 = EDGE_CURVE('',#1252,#1254,#1256,.T.);
#1252 = VERTEX_POINT('',#1253);
#1253 = CARTESIAN_POINT('',(-0.15,2.45,0.4));
#1254 = VERTEX_POINT('',#1255);
#1255 = CARTESIAN_POINT('',(-0.15,1.2,0.4));
#1256 = LINE('',#1257,#1258);
#1257 = CARTESIAN_POINT('',(-0.15,2.45,0.4));
#1258 = VECTOR('',#1259,1.);
#1259 = DIRECTION('',(0.,-1.,0.));
#1260 = ORIENTED_EDGE('',*,*,#1261,.F.);
#1261 = EDGE_CURVE('',#1262,#1252,#1264,.T.);
#1262 = VERTEX_POINT('',#1263);
#1263 = CARTESIAN_POINT('',(-0.55,2.45,0.4));
#1264 = LINE('',#1265,#1266);
#1265 = CARTESIAN_POINT('',(-0.55,2.45,0.4));
#1266 = VECTOR('',#1267,1.);
#1267 = DIRECTION('',(1.,0.,6.776263578034E-16));
#1268 = ORIENTED_EDGE('',*,*,#1269,.F.);
#1269 = EDGE_CURVE('',#1270,#1262,#1272,.T.);
#1270 = VERTEX_POINT('',#1271);
#1271 = CARTESIAN_POINT('',(-0.55,3.6,0.4));
#1272 = LINE('',#1273,#1274);
#1273 = CARTESIAN_POINT('',(-0.55,3.6,0.4));
#1274 = VECTOR('',#1275,1.);
#1275 = DIRECTION('',(0.,-1.,0.));
#1276 = ORIENTED_EDGE('',*,*,#1277,.F.);
#1277 = EDGE_CURVE('',#1278,#1270,#1280,.T.);
#1278 = VERTEX_POINT('',#1279);
#1279 = CARTESIAN_POINT('',(0.55,3.6,0.4));
#1280 = LINE('',#1281,#1282);
#1281 = CARTESIAN_POINT('',(0.55,3.6,0.4));
#1282 = VECTOR('',#1283,1.);
#1283 = DIRECTION('',(-1.,0.,-5.421010862428E-16));
#1284 = ORIENTED_EDGE('',*,*,#1285,.F.);
#1285 = EDGE_CURVE('',#1286,#1278,#1288,.T.);
#1286 = VERTEX_POINT('',#1287);
#1287 = CARTESIAN_POINT('',(0.55,2.45,0.4));
#1288 = LINE('',#1289,#1290);
#1289 = CARTESIAN_POINT('',(0.55,2.45,0.4));
#1290 = VECTOR('',#1291,1.);
#1291 = DIRECTION('',(-3.771137991254E-16,1.,0.));
#1292 = ORIENTED_EDGE('',*,*,#1293,.F.);
#1293 = EDGE_CURVE('',#1294,#1286,#1296,.T.);
#1294 = VERTEX_POINT('',#1295);
#1295 = CARTESIAN_POINT('',(0.15,2.45,0.4));
#1296 = LINE('',#1297,#1298);
#1297 = CARTESIAN_POINT('',(0.15,2.45,0.4));
#1298 = VECTOR('',#1299,1.);
#1299 = DIRECTION('',(1.,0.,4.065758146821E-16));
#1300 = ORIENTED_EDGE('',*,*,#1301,.F.);
#1301 = EDGE_CURVE('',#1302,#1294,#1304,.T.);
#1302 = VERTEX_POINT('',#1303);
#1303 = CARTESIAN_POINT('',(0.15,1.2,0.4));
#1304 = LINE('',#1305,#1306);
#1305 = CARTESIAN_POINT('',(0.15,1.,0.4));
#1306 = VECTOR('',#1307,1.);
#1307 = DIRECTION('',(-6.168736498624E-16,1.,0.));
#1308 = ORIENTED_EDGE('',*,*,#1309,.T.);
#1309 = EDGE_CURVE('',#1302,#1310,#1312,.T.);
#1310 = VERTEX_POINT('',#1311);
#1311 = CARTESIAN_POINT('',(2.15,1.2,0.4));
#1312 = LINE('',#1313,#1314);
#1313 = CARTESIAN_POINT('',(-2.15,1.2,0.4));
#1314 = VECTOR('',#1315,1.);
#1315 = DIRECTION('',(1.,-6.834269481525E-33,5.042800802258E-17));
#1316 = ORIENTED_EDGE('',*,*,#1317,.T.);
#1317 = EDGE_CURVE('',#1310,#1318,#1320,.T.);
#1318 = VERTEX_POINT('',#1319);
#1319 = CARTESIAN_POINT('',(2.15,3.95,0.4));
#1320 = LINE('',#1321,#1322);
#1321 = CARTESIAN_POINT('',(2.15,3.95,0.4));
#1322 = VECTOR('',#1323,1.);
#1323 = DIRECTION('',(0.,1.,0.));
#1324 = ORIENTED_EDGE('',*,*,#1325,.T.);
#1325 = EDGE_CURVE('',#1318,#1326,#1328,.T.);
#1326 = VERTEX_POINT('',#1327);
#1327 = CARTESIAN_POINT('',(-2.15,3.95,0.4));
#1328 = LINE('',#1329,#1330);
#1329 = CARTESIAN_POINT('',(-2.15,3.95,0.4));
#1330 = VECTOR('',#1331,1.);
#1331 = DIRECTION('',(-1.,0.,-5.042800802258E-17));
#1332 = ORIENTED_EDGE('',*,*,#1333,.F.);
#1333 = EDGE_CURVE('',#1334,#1326,#1336,.T.);
#1334 = VERTEX_POINT('',#1335);
#1335 = CARTESIAN_POINT('',(-2.15,1.2,0.4));
#1336 = LINE('',#1337,#1338);
#1337 = CARTESIAN_POINT('',(-2.15,3.95,0.4));
#1338 = VECTOR('',#1339,1.);
#1339 = DIRECTION('',(0.,1.,0.));
#1340 = ORIENTED_EDGE('',*,*,#1341,.T.);
#1341 = EDGE_CURVE('',#1334,#1254,#1342,.T.);
#1342 = LINE('',#1343,#1344);
#1343 = CARTESIAN_POINT('',(-2.15,1.2,0.4));
#1344 = VECTOR('',#1345,1.);
#1345 = DIRECTION('',(1.,-6.834269481525E-33,5.042800802258E-17));
#1346 = PLANE('',#1347);
#1347 = AXIS2_PLACEMENT_3D('',#1348,#1349,#1350);
#1348 = CARTESIAN_POINT('',(-2.15,3.95,0.4));
#1349 = DIRECTION('',(5.042800802258E-17,0.,-1.));
#1350 = DIRECTION('',(0.,-1.,0.));
#1351 = ADVANCED_FACE('',(#1352),#1377,.F.);
#1352 = FACE_BOUND('',#1353,.T.);
#1353 = EDGE_LOOP('',(#1354,#1362,#1363,#1371));
#1354 = ORIENTED_EDGE('',*,*,#1355,.F.);
#1355 = EDGE_CURVE('',#1254,#1356,#1358,.T.);
#1356 = VERTEX_POINT('',#1357);
#1357 = CARTESIAN_POINT('',(-0.15,1.,0.2));
#1358 = LINE('',#1359,#1360);
#1359 = CARTESIAN_POINT('',(-0.15,1.2,0.4));
#1360 = VECTOR('',#1361,1.);
#1361 = DIRECTION('',(0.,-0.707106781187,-0.707106781187));
#1362 = ORIENTED_EDGE('',*,*,#1341,.F.);
#1363 = ORIENTED_EDGE('',*,*,#1364,.F.);
#1364 = EDGE_CURVE('',#1365,#1334,#1367,.T.);
#1365 = VERTEX_POINT('',#1366);
#1366 = CARTESIAN_POINT('',(-2.45,1.,0.2));
#1367 = LINE('',#1368,#1369);
#1368 = CARTESIAN_POINT('',(-1.894117647059,1.370588235294,
    0.570588235294));
#1369 = VECTOR('',#1370,1.);
#1370 = DIRECTION('',(0.727606875109,0.485071250073,0.485071250073));
#1371 = ORIENTED_EDGE('',*,*,#1372,.F.);
#1372 = EDGE_CURVE('',#1356,#1365,#1373,.T.);
#1373 = LINE('',#1374,#1375);
#1374 = CARTESIAN_POINT('',(2.75,1.,0.2));
#1375 = VECTOR('',#1376,1.);
#1376 = DIRECTION('',(-1.,6.834269481525E-33,-5.042800802258E-17));
#1377 = PLANE('',#1378);
#1378 = AXIS2_PLACEMENT_3D('',#1379,#1380,#1381);
#1379 = CARTESIAN_POINT('',(-2.15,1.2,0.4));
#1380 = DIRECTION('',(3.56579864345E-17,0.707106781187,-0.707106781187)
  );
#1381 = DIRECTION('',(-1.,3.08148791102E-33,-5.042800802258E-17));
#1382 = ADVANCED_FACE('',(#1383,#1424),#1458,.F.);
#1383 = FACE_BOUND('',#1384,.T.);
#1384 = EDGE_LOOP('',(#1385,#1395,#1403,#1411,#1417,#1418));
#1385 = ORIENTED_EDGE('',*,*,#1386,.F.);
#1386 = EDGE_CURVE('',#1387,#1389,#1391,.T.);
#1387 = VERTEX_POINT('',#1388);
#1388 = CARTESIAN_POINT('',(-2.75,2.,2.8));
#1389 = VERTEX_POINT('',#1390);
#1390 = CARTESIAN_POINT('',(-2.75,1.,2.8));
#1391 = LINE('',#1392,#1393);
#1392 = CARTESIAN_POINT('',(-2.75,2.,2.8));
#1393 = VECTOR('',#1394,1.);
#1394 = DIRECTION('',(0.,-1.,0.));
#1395 = ORIENTED_EDGE('',*,*,#1396,.T.);
#1396 = EDGE_CURVE('',#1387,#1397,#1399,.T.);
#1397 = VERTEX_POINT('',#1398);
#1398 = CARTESIAN_POINT('',(-2.75,2.,3.2));
#1399 = LINE('',#1400,#1401);
#1400 = CARTESIAN_POINT('',(-2.75,2.,2.8));
#1401 = VECTOR('',#1402,1.);
#1402 = DIRECTION('',(0.,0.,1.));
#1403 = ORIENTED_EDGE('',*,*,#1404,.F.);
#1404 = EDGE_CURVE('',#1405,#1397,#1407,.T.);
#1405 = VERTEX_POINT('',#1406);
#1406 = CARTESIAN_POINT('',(-2.75,5.2,3.2));
#1407 = LINE('',#1408,#1409);
#1408 = CARTESIAN_POINT('',(-2.75,5.2,3.2));
#1409 = VECTOR('',#1410,1.);
#1410 = DIRECTION('',(0.,-1.,0.));
#1411 = ORIENTED_EDGE('',*,*,#1412,.F.);
#1412 = EDGE_CURVE('',#1134,#1405,#1413,.T.);
#1413 = LINE('',#1414,#1415);
#1414 = CARTESIAN_POINT('',(-2.75,5.2,8.881784197001E-16));
#1415 = VECTOR('',#1416,1.);
#1416 = DIRECTION('',(0.,-5.421010862428E-16,1.));
#1417 = ORIENTED_EDGE('',*,*,#1133,.F.);
#1418 = ORIENTED_EDGE('',*,*,#1419,.F.);
#1419 = EDGE_CURVE('',#1389,#1126,#1420,.T.);
#1420 = LINE('',#1421,#1422);
#1421 = CARTESIAN_POINT('',(-2.75,1.,3.2));
#1422 = VECTOR('',#1423,1.);
#1423 = DIRECTION('',(0.,1.355252715607E-16,-1.));
#1424 = FACE_BOUND('',#1425,.T.);
#1425 = EDGE_LOOP('',(#1426,#1436,#1444,#1452));
#1426 = ORIENTED_EDGE('',*,*,#1427,.F.);
#1427 = EDGE_CURVE('',#1428,#1430,#1432,.T.);
#1428 = VERTEX_POINT('',#1429);
#1429 = CARTESIAN_POINT('',(-2.75,4.2,2.5));
#1430 = VERTEX_POINT('',#1431);
#1431 = CARTESIAN_POINT('',(-2.75,4.2,0.1));
#1432 = LINE('',#1433,#1434);
#1433 = CARTESIAN_POINT('',(-2.75,4.2,2.5));
#1434 = VECTOR('',#1435,1.);
#1435 = DIRECTION('',(0.,3.97540796578E-15,-1.));
#1436 = ORIENTED_EDGE('',*,*,#1437,.F.);
#1437 = EDGE_CURVE('',#1438,#1428,#1440,.T.);
#1438 = VERTEX_POINT('',#1439);
#1439 = CARTESIAN_POINT('',(-2.75,1.4,2.5));
#1440 = LINE('',#1441,#1442);
#1441 = CARTESIAN_POINT('',(-2.75,1.4,2.5));
#1442 = VECTOR('',#1443,1.);
#1443 = DIRECTION('',(0.,1.,0.));
#1444 = ORIENTED_EDGE('',*,*,#1445,.T.);
#1445 = EDGE_CURVE('',#1438,#1446,#1448,.T.);
#1446 = VERTEX_POINT('',#1447);
#1447 = CARTESIAN_POINT('',(-2.75,1.4,0.1));
#1448 = LINE('',#1449,#1450);
#1449 = CARTESIAN_POINT('',(-2.75,1.4,2.5));
#1450 = VECTOR('',#1451,1.);
#1451 = DIRECTION('',(0.,3.97540796578E-15,-1.));
#1452 = ORIENTED_EDGE('',*,*,#1453,.T.);
#1453 = EDGE_CURVE('',#1446,#1430,#1454,.T.);
#1454 = LINE('',#1455,#1456);
#1455 = CARTESIAN_POINT('',(-2.75,1.4,0.1));
#1456 = VECTOR('',#1457,1.);
#1457 = DIRECTION('',(0.,1.,0.));
#1458 = PLANE('',#1459);
#1459 = AXIS2_PLACEMENT_3D('',#1460,#1461,#1462);
#1460 = CARTESIAN_POINT('',(-2.75,0.,0.));
#1461 = DIRECTION('',(1.,0.,0.));
#1462 = DIRECTION('',(-0.,1.,0.));
#1463 = ADVANCED_FACE('',(#1464),#1528,.F.);
#1464 = FACE_BOUND('',#1465,.T.);
#1465 = EDGE_LOOP('',(#1466,#1467,#1473,#1474,#1482,#1490,#1498,#1504,
    #1505,#1506,#1514,#1522));
#1466 = ORIENTED_EDGE('',*,*,#1093,.F.);
#1467 = ORIENTED_EDGE('',*,*,#1468,.T.);
#1468 = EDGE_CURVE('',#1086,#1356,#1469,.T.);
#1469 = LINE('',#1470,#1471);
#1470 = CARTESIAN_POINT('',(-0.15,1.,-3.56));
#1471 = VECTOR('',#1472,1.);
#1472 = DIRECTION('',(0.,0.,1.));
#1473 = ORIENTED_EDGE('',*,*,#1372,.T.);
#1474 = ORIENTED_EDGE('',*,*,#1475,.T.);
#1475 = EDGE_CURVE('',#1365,#1476,#1478,.T.);
#1476 = VERTEX_POINT('',#1477);
#1477 = CARTESIAN_POINT('',(-2.45,1.,1.175));
#1478 = LINE('',#1479,#1480);
#1479 = CARTESIAN_POINT('',(-2.45,1.,3.2));
#1480 = VECTOR('',#1481,1.);
#1481 = DIRECTION('',(0.,-1.355252715607E-16,1.));
#1482 = ORIENTED_EDGE('',*,*,#1483,.F.);
#1483 = EDGE_CURVE('',#1484,#1476,#1486,.T.);
#1484 = VERTEX_POINT('',#1485);
#1485 = CARTESIAN_POINT('',(-2.45,1.,2.025));
#1486 = LINE('',#1487,#1488);
#1487 = CARTESIAN_POINT('',(-2.45,1.,2.025));
#1488 = VECTOR('',#1489,1.);
#1489 = DIRECTION('',(0.,2.55106393526E-16,-1.));
#1490 = ORIENTED_EDGE('',*,*,#1491,.T.);
#1491 = EDGE_CURVE('',#1484,#1492,#1494,.T.);
#1492 = VERTEX_POINT('',#1493);
#1493 = CARTESIAN_POINT('',(-2.45,1.,2.8));
#1494 = LINE('',#1495,#1496);
#1495 = CARTESIAN_POINT('',(-2.45,1.,3.2));
#1496 = VECTOR('',#1497,1.);
#1497 = DIRECTION('',(0.,-1.355252715607E-16,1.));
#1498 = ORIENTED_EDGE('',*,*,#1499,.F.);
#1499 = EDGE_CURVE('',#1389,#1492,#1500,.T.);
#1500 = LINE('',#1501,#1502);
#1501 = CARTESIAN_POINT('',(-2.75,1.,2.8));
#1502 = VECTOR('',#1503,1.);
#1503 = DIRECTION('',(1.,3.548298019043E-16,0.));
#1504 = ORIENTED_EDGE('',*,*,#1419,.T.);
#1505 = ORIENTED_EDGE('',*,*,#1125,.F.);
#1506 = ORIENTED_EDGE('',*,*,#1507,.F.);
#1507 = EDGE_CURVE('',#1508,#1118,#1510,.T.);
#1508 = VERTEX_POINT('',#1509);
#1509 = CARTESIAN_POINT('',(-2.55,1.,-0.2));
#1510 = LINE('',#1511,#1512);
#1511 = CARTESIAN_POINT('',(-2.55,1.,-0.2));
#1512 = VECTOR('',#1513,1.);
#1513 = DIRECTION('',(0.,0.,1.));
#1514 = ORIENTED_EDGE('',*,*,#1515,.F.);
#1515 = EDGE_CURVE('',#1516,#1508,#1518,.T.);
#1516 = VERTEX_POINT('',#1517);
#1517 = CARTESIAN_POINT('',(-2.05,1.,-0.2));
#1518 = LINE('',#1519,#1520);
#1519 = CARTESIAN_POINT('',(-2.05,1.,-0.2));
#1520 = VECTOR('',#1521,1.);
#1521 = DIRECTION('',(-1.,0.,0.));
#1522 = ORIENTED_EDGE('',*,*,#1523,.T.);
#1523 = EDGE_CURVE('',#1516,#1094,#1524,.T.);
#1524 = LINE('',#1525,#1526);
#1525 = CARTESIAN_POINT('',(-2.05,1.,-0.2));
#1526 = VECTOR('',#1527,1.);
#1527 = DIRECTION('',(0.,0.,1.));
#1528 = PLANE('',#1529);
#1529 = AXIS2_PLACEMENT_3D('',#1530,#1531,#1532);
#1530 = CARTESIAN_POINT('',(2.75,1.,3.2));
#1531 = DIRECTION('',(0.,1.,1.355252715607E-16));
#1532 = DIRECTION('',(0.,1.355252715607E-16,-1.));
#1533 = ADVANCED_FACE('',(#1534),#1591,.F.);
#1534 = FACE_BOUND('',#1535,.T.);
#1535 = EDGE_LOOP('',(#1536,#1546,#1554,#1560,#1561,#1569,#1577,#1585));
#1536 = ORIENTED_EDGE('',*,*,#1537,.F.);
#1537 = EDGE_CURVE('',#1538,#1540,#1542,.T.);
#1538 = VERTEX_POINT('',#1539);
#1539 = CARTESIAN_POINT('',(2.75,2.,3.2));
#1540 = VERTEX_POINT('',#1541);
#1541 = CARTESIAN_POINT('',(1.8,2.,3.2));
#1542 = LINE('',#1543,#1544);
#1543 = CARTESIAN_POINT('',(2.75,2.,3.2));
#1544 = VECTOR('',#1545,1.);
#1545 = DIRECTION('',(-1.,0.,0.));
#1546 = ORIENTED_EDGE('',*,*,#1547,.F.);
#1547 = EDGE_CURVE('',#1548,#1538,#1550,.T.);
#1548 = VERTEX_POINT('',#1549);
#1549 = CARTESIAN_POINT('',(2.75,5.2,3.2));
#1550 = LINE('',#1551,#1552);
#1551 = CARTESIAN_POINT('',(2.75,5.2,3.2));
#1552 = VECTOR('',#1553,1.);
#1553 = DIRECTION('',(0.,-1.,0.));
#1554 = ORIENTED_EDGE('',*,*,#1555,.T.);
#1555 = EDGE_CURVE('',#1548,#1405,#1556,.T.);
#1556 = LINE('',#1557,#1558);
#1557 = CARTESIAN_POINT('',(2.75,5.2,3.2));
#1558 = VECTOR('',#1559,1.);
#1559 = DIRECTION('',(-1.,0.,0.));
#1560 = ORIENTED_EDGE('',*,*,#1404,.T.);
#1561 = ORIENTED_EDGE('',*,*,#1562,.F.);
#1562 = EDGE_CURVE('',#1563,#1397,#1565,.T.);
#1563 = VERTEX_POINT('',#1564);
#1564 = CARTESIAN_POINT('',(-1.8,2.,3.2));
#1565 = LINE('',#1566,#1567);
#1566 = CARTESIAN_POINT('',(-1.8,2.,3.2));
#1567 = VECTOR('',#1568,1.);
#1568 = DIRECTION('',(-1.,0.,0.));
#1569 = ORIENTED_EDGE('',*,*,#1570,.F.);
#1570 = EDGE_CURVE('',#1571,#1563,#1573,.T.);
#1571 = VERTEX_POINT('',#1572);
#1572 = CARTESIAN_POINT('',(-1.8,2.6,3.2));
#1573 = LINE('',#1574,#1575);
#1574 = CARTESIAN_POINT('',(-1.8,2.6,3.2));
#1575 = VECTOR('',#1576,1.);
#1576 = DIRECTION('',(0.,-1.,0.));
#1577 = ORIENTED_EDGE('',*,*,#1578,.F.);
#1578 = EDGE_CURVE('',#1579,#1571,#1581,.T.);
#1579 = VERTEX_POINT('',#1580);
#1580 = CARTESIAN_POINT('',(1.8,2.6,3.2));
#1581 = LINE('',#1582,#1583);
#1582 = CARTESIAN_POINT('',(1.8,2.6,3.2));
#1583 = VECTOR('',#1584,1.);
#1584 = DIRECTION('',(-1.,-7.228014483237E-16,0.));
#1585 = ORIENTED_EDGE('',*,*,#1586,.F.);
#1586 = EDGE_CURVE('',#1540,#1579,#1587,.T.);
#1587 = LINE('',#1588,#1589);
#1588 = CARTESIAN_POINT('',(1.8,2.,3.2));
#1589 = VECTOR('',#1590,1.);
#1590 = DIRECTION('',(0.,1.,0.));
#1591 = PLANE('',#1592);
#1592 = AXIS2_PLACEMENT_3D('',#1593,#1594,#1595);
#1593 = CARTESIAN_POINT('',(2.75,5.2,3.2));
#1594 = DIRECTION('',(0.,0.,-1.));
#1595 = DIRECTION('',(0.,-1.,0.));
#1596 = ADVANCED_FACE('',(#1597,#1631,#1665,#1699),#1756,.F.);
#1597 = FACE_BOUND('',#1598,.T.);
#1598 = EDGE_LOOP('',(#1599,#1609,#1617,#1625));
#1599 = ORIENTED_EDGE('',*,*,#1600,.F.);
#1600 = EDGE_CURVE('',#1601,#1603,#1605,.T.);
#1601 = VERTEX_POINT('',#1602);
#1602 = CARTESIAN_POINT('',(0.16,5.2,0.6));
#1603 = VERTEX_POINT('',#1604);
#1604 = CARTESIAN_POINT('',(-0.16,5.2,0.6));
#1605 = LINE('',#1606,#1607);
#1606 = CARTESIAN_POINT('',(2.75,5.2,0.6));
#1607 = VECTOR('',#1608,1.);
#1608 = DIRECTION('',(-1.,0.,0.));
#1609 = ORIENTED_EDGE('',*,*,#1610,.T.);
#1610 = EDGE_CURVE('',#1601,#1611,#1613,.T.);
#1611 = VERTEX_POINT('',#1612);
#1612 = CARTESIAN_POINT('',(0.16,5.2,1.175));
#1613 = LINE('',#1614,#1615);
#1614 = CARTESIAN_POINT('',(0.16,5.2,8.881784197001E-16));
#1615 = VECTOR('',#1616,1.);
#1616 = DIRECTION('',(0.,-5.421010862428E-16,1.));
#1617 = ORIENTED_EDGE('',*,*,#1618,.F.);
#1618 = EDGE_CURVE('',#1619,#1611,#1621,.T.);
#1619 = VERTEX_POINT('',#1620);
#1620 = CARTESIAN_POINT('',(-0.16,5.2,1.175));
#1621 = LINE('',#1622,#1623);
#1622 = CARTESIAN_POINT('',(2.75,5.2,1.175));
#1623 = VECTOR('',#1624,1.);
#1624 = DIRECTION('',(1.,0.,0.));
#1625 = ORIENTED_EDGE('',*,*,#1626,.F.);
#1626 = EDGE_CURVE('',#1603,#1619,#1627,.T.);
#1627 = LINE('',#1628,#1629);
#1628 = CARTESIAN_POINT('',(-0.16,5.2,8.881784197001E-16));
#1629 = VECTOR('',#1630,1.);
#1630 = DIRECTION('',(0.,-5.421010862428E-16,1.));
#1631 = FACE_BOUND('',#1632,.T.);
#1632 = EDGE_LOOP('',(#1633,#1643,#1651,#1659));
#1633 = ORIENTED_EDGE('',*,*,#1634,.F.);
#1634 = EDGE_CURVE('',#1635,#1637,#1639,.T.);
#1635 = VERTEX_POINT('',#1636);
#1636 = CARTESIAN_POINT('',(-1.09,5.2,0.6));
#1637 = VERTEX_POINT('',#1638);
#1638 = CARTESIAN_POINT('',(-1.41,5.2,0.6));
#1639 = LINE('',#1640,#1641);
#1640 = CARTESIAN_POINT('',(2.75,5.2,0.6));
#1641 = VECTOR('',#1642,1.);
#1642 = DIRECTION('',(-1.,0.,0.));
#1643 = ORIENTED_EDGE('',*,*,#1644,.T.);
#1644 = EDGE_CURVE('',#1635,#1645,#1647,.T.);
#1645 = VERTEX_POINT('',#1646);
#1646 = CARTESIAN_POINT('',(-1.09,5.2,1.175));
#1647 = LINE('',#1648,#1649);
#1648 = CARTESIAN_POINT('',(-1.09,5.2,8.881784197001E-16));
#1649 = VECTOR('',#1650,1.);
#1650 = DIRECTION('',(0.,-5.421010862428E-16,1.));
#1651 = ORIENTED_EDGE('',*,*,#1652,.F.);
#1652 = EDGE_CURVE('',#1653,#1645,#1655,.T.);
#1653 = VERTEX_POINT('',#1654);
#1654 = CARTESIAN_POINT('',(-1.41,5.2,1.175));
#1655 = LINE('',#1656,#1657);
#1656 = CARTESIAN_POINT('',(2.75,5.2,1.175));
#1657 = VECTOR('',#1658,1.);
#1658 = DIRECTION('',(1.,0.,0.));
#1659 = ORIENTED_EDGE('',*,*,#1660,.F.);
#1660 = EDGE_CURVE('',#1637,#1653,#1661,.T.);
#1661 = LINE('',#1662,#1663);
#1662 = CARTESIAN_POINT('',(-1.41,5.2,8.881784197001E-16));
#1663 = VECTOR('',#1664,1.);
#1664 = DIRECTION('',(0.,-5.421010862428E-16,1.));
#1665 = FACE_BOUND('',#1666,.T.);
#1666 = EDGE_LOOP('',(#1667,#1677,#1685,#1693));
#1667 = ORIENTED_EDGE('',*,*,#1668,.F.);
#1668 = EDGE_CURVE('',#1669,#1671,#1673,.T.);
#1669 = VERTEX_POINT('',#1670);
#1670 = CARTESIAN_POINT('',(1.41,5.2,0.6));
#1671 = VERTEX_POINT('',#1672);
#1672 = CARTESIAN_POINT('',(1.09,5.2,0.6));
#1673 = LINE('',#1674,#1675);
#1674 = CARTESIAN_POINT('',(2.75,5.2,0.6));
#1675 = VECTOR('',#1676,1.);
#1676 = DIRECTION('',(-1.,0.,0.));
#1677 = ORIENTED_EDGE('',*,*,#1678,.T.);
#1678 = EDGE_CURVE('',#1669,#1679,#1681,.T.);
#1679 = VERTEX_POINT('',#1680);
#1680 = CARTESIAN_POINT('',(1.41,5.2,1.175));
#1681 = LINE('',#1682,#1683);
#1682 = CARTESIAN_POINT('',(1.41,5.2,8.881784197001E-16));
#1683 = VECTOR('',#1684,1.);
#1684 = DIRECTION('',(0.,-5.421010862428E-16,1.));
#1685 = ORIENTED_EDGE('',*,*,#1686,.F.);
#1686 = EDGE_CURVE('',#1687,#1679,#1689,.T.);
#1687 = VERTEX_POINT('',#1688);
#1688 = CARTESIAN_POINT('',(1.09,5.2,1.175));
#1689 = LINE('',#1690,#1691);
#1690 = CARTESIAN_POINT('',(2.75,5.2,1.175));
#1691 = VECTOR('',#1692,1.);
#1692 = DIRECTION('',(1.,0.,0.));
#1693 = ORIENTED_EDGE('',*,*,#1694,.F.);
#1694 = EDGE_CURVE('',#1671,#1687,#1695,.T.);
#1695 = LINE('',#1696,#1697);
#1696 = CARTESIAN_POINT('',(1.09,5.2,8.881784197001E-16));
#1697 = VECTOR('',#1698,1.);
#1698 = DIRECTION('',(0.,-5.421010862428E-16,1.));
#1699 = FACE_BOUND('',#1700,.T.);
#1700 = EDGE_LOOP('',(#1701,#1702,#1703,#1709,#1710,#1718,#1726,#1732,
    #1733,#1741,#1749,#1755));
#1701 = ORIENTED_EDGE('',*,*,#1412,.T.);
#1702 = ORIENTED_EDGE('',*,*,#1555,.F.);
#1703 = ORIENTED_EDGE('',*,*,#1704,.F.);
#1704 = EDGE_CURVE('',#1206,#1548,#1705,.T.);
#1705 = LINE('',#1706,#1707);
#1706 = CARTESIAN_POINT('',(2.75,5.2,8.881784197001E-16));
#1707 = VECTOR('',#1708,1.);
#1708 = DIRECTION('',(0.,-5.421010862428E-16,1.));
#1709 = ORIENTED_EDGE('',*,*,#1205,.T.);
#1710 = ORIENTED_EDGE('',*,*,#1711,.F.);
#1711 = EDGE_CURVE('',#1712,#1198,#1714,.T.);
#1712 = VERTEX_POINT('',#1713);
#1713 = CARTESIAN_POINT('',(2.55,5.2,-0.2));
#1714 = LINE('',#1715,#1716);
#1715 = CARTESIAN_POINT('',(2.55,5.2,-0.2));
#1716 = VECTOR('',#1717,1.);
#1717 = DIRECTION('',(0.,0.,1.));
#1718 = ORIENTED_EDGE('',*,*,#1719,.F.);
#1719 = EDGE_CURVE('',#1720,#1712,#1722,.T.);
#1720 = VERTEX_POINT('',#1721);
#1721 = CARTESIAN_POINT('',(2.05,5.2,-0.2));
#1722 = LINE('',#1723,#1724);
#1723 = CARTESIAN_POINT('',(2.05,5.2,-0.2));
#1724 = VECTOR('',#1725,1.);
#1725 = DIRECTION('',(1.,0.,0.));
#1726 = ORIENTED_EDGE('',*,*,#1727,.T.);
#1727 = EDGE_CURVE('',#1720,#1174,#1728,.T.);
#1728 = LINE('',#1729,#1730);
#1729 = CARTESIAN_POINT('',(2.05,5.2,-0.2));
#1730 = VECTOR('',#1731,1.);
#1731 = DIRECTION('',(0.,0.,1.));
#1732 = ORIENTED_EDGE('',*,*,#1173,.T.);
#1733 = ORIENTED_EDGE('',*,*,#1734,.F.);
#1734 = EDGE_CURVE('',#1735,#1166,#1737,.T.);
#1735 = VERTEX_POINT('',#1736);
#1736 = CARTESIAN_POINT('',(-2.05,5.2,-0.2));
#1737 = LINE('',#1738,#1739);
#1738 = CARTESIAN_POINT('',(-2.05,5.2,-0.2));
#1739 = VECTOR('',#1740,1.);
#1740 = DIRECTION('',(0.,0.,1.));
#1741 = ORIENTED_EDGE('',*,*,#1742,.F.);
#1742 = EDGE_CURVE('',#1743,#1735,#1745,.T.);
#1743 = VERTEX_POINT('',#1744);
#1744 = CARTESIAN_POINT('',(-2.55,5.2,-0.2));
#1745 = LINE('',#1746,#1747);
#1746 = CARTESIAN_POINT('',(-2.55,5.2,-0.2));
#1747 = VECTOR('',#1748,1.);
#1748 = DIRECTION('',(1.,0.,0.));
#1749 = ORIENTED_EDGE('',*,*,#1750,.T.);
#1750 = EDGE_CURVE('',#1743,#1142,#1751,.T.);
#1751 = LINE('',#1752,#1753);
#1752 = CARTESIAN_POINT('',(-2.55,5.2,-0.2));
#1753 = VECTOR('',#1754,1.);
#1754 = DIRECTION('',(0.,0.,1.));
#1755 = ORIENTED_EDGE('',*,*,#1141,.T.);
#1756 = PLANE('',#1757);
#1757 = AXIS2_PLACEMENT_3D('',#1758,#1759,#1760);
#1758 = CARTESIAN_POINT('',(2.75,5.2,8.881784197001E-16));
#1759 = DIRECTION('',(0.,-1.,-5.421010862428E-16));
#1760 = DIRECTION('',(0.,5.421010862428E-16,-1.));
#1761 = ADVANCED_FACE('',(#1762,#1796),#1816,.T.);
#1762 = FACE_BOUND('',#1763,.T.);
#1763 = EDGE_LOOP('',(#1764,#1774,#1782,#1790));
#1764 = ORIENTED_EDGE('',*,*,#1765,.F.);
#1765 = EDGE_CURVE('',#1766,#1768,#1770,.T.);
#1766 = VERTEX_POINT('',#1767);
#1767 = CARTESIAN_POINT('',(2.75,4.2,0.1));
#1768 = VERTEX_POINT('',#1769);
#1769 = CARTESIAN_POINT('',(2.75,4.2,2.5));
#1770 = LINE('',#1771,#1772);
#1771 = CARTESIAN_POINT('',(2.75,4.2,0.1));
#1772 = VECTOR('',#1773,1.);
#1773 = DIRECTION('',(0.,-3.97540796578E-15,1.));
#1774 = ORIENTED_EDGE('',*,*,#1775,.F.);
#1775 = EDGE_CURVE('',#1776,#1766,#1778,.T.);
#1776 = VERTEX_POINT('',#1777);
#1777 = CARTESIAN_POINT('',(2.75,1.4,0.1));
#1778 = LINE('',#1779,#1780);
#1779 = CARTESIAN_POINT('',(2.75,1.4,0.1));
#1780 = VECTOR('',#1781,1.);
#1781 = DIRECTION('',(0.,1.,0.));
#1782 = ORIENTED_EDGE('',*,*,#1783,.T.);
#1783 = EDGE_CURVE('',#1776,#1784,#1786,.T.);
#1784 = VERTEX_POINT('',#1785);
#1785 = CARTESIAN_POINT('',(2.75,1.4,2.5));
#1786 = LINE('',#1787,#1788);
#1787 = CARTESIAN_POINT('',(2.75,1.4,0.1));
#1788 = VECTOR('',#1789,1.);
#1789 = DIRECTION('',(0.,-3.97540796578E-15,1.));
#1790 = ORIENTED_EDGE('',*,*,#1791,.T.);
#1791 = EDGE_CURVE('',#1784,#1768,#1792,.T.);
#1792 = LINE('',#1793,#1794);
#1793 = CARTESIAN_POINT('',(2.75,1.4,2.5));
#1794 = VECTOR('',#1795,1.);
#1795 = DIRECTION('',(0.,1.,0.));
#1796 = FACE_BOUND('',#1797,.T.);
#1797 = EDGE_LOOP('',(#1798,#1806,#1807,#1808,#1809,#1810));
#1798 = ORIENTED_EDGE('',*,*,#1799,.F.);
#1799 = EDGE_CURVE('',#984,#1800,#1802,.T.);
#1800 = VERTEX_POINT('',#1801);
#1801 = CARTESIAN_POINT('',(2.75,2.,2.8));
#1802 = LINE('',#1803,#1804);
#1803 = CARTESIAN_POINT('',(2.75,1.,2.8));
#1804 = VECTOR('',#1805,1.);
#1805 = DIRECTION('',(0.,1.,0.));
#1806 = ORIENTED_EDGE('',*,*,#983,.T.);
#1807 = ORIENTED_EDGE('',*,*,#1213,.T.);
#1808 = ORIENTED_EDGE('',*,*,#1704,.T.);
#1809 = ORIENTED_EDGE('',*,*,#1547,.T.);
#1810 = ORIENTED_EDGE('',*,*,#1811,.F.);
#1811 = EDGE_CURVE('',#1800,#1538,#1812,.T.);
#1812 = LINE('',#1813,#1814);
#1813 = CARTESIAN_POINT('',(2.75,2.,2.8));
#1814 = VECTOR('',#1815,1.);
#1815 = DIRECTION('',(0.,0.,1.));
#1816 = PLANE('',#1817);
#1817 = AXIS2_PLACEMENT_3D('',#1818,#1819,#1820);
#1818 = CARTESIAN_POINT('',(2.75,0.,0.));
#1819 = DIRECTION('',(1.,0.,0.));
#1820 = DIRECTION('',(-0.,1.,0.));
#1821 = ADVANCED_FACE('',(#1822),#1840,.F.);
#1822 = FACE_BOUND('',#1823,.T.);
#1823 = EDGE_LOOP('',(#1824,#1825,#1833,#1839));
#1824 = ORIENTED_EDGE('',*,*,#1117,.T.);
#1825 = ORIENTED_EDGE('',*,*,#1826,.F.);
#1826 = EDGE_CURVE('',#1827,#1110,#1829,.T.);
#1827 = VERTEX_POINT('',#1828);
#1828 = CARTESIAN_POINT('',(-2.55,2.,-0.2));
#1829 = LINE('',#1830,#1831);
#1830 = CARTESIAN_POINT('',(-2.55,2.,-0.2));
#1831 = VECTOR('',#1832,1.);
#1832 = DIRECTION('',(0.,0.,1.));
#1833 = ORIENTED_EDGE('',*,*,#1834,.F.);
#1834 = EDGE_CURVE('',#1508,#1827,#1835,.T.);
#1835 = LINE('',#1836,#1837);
#1836 = CARTESIAN_POINT('',(-2.55,1.,-0.2));
#1837 = VECTOR('',#1838,1.);
#1838 = DIRECTION('',(0.,1.,1.709941712034E-15));
#1839 = ORIENTED_EDGE('',*,*,#1507,.T.);
#1840 = PLANE('',#1841);
#1841 = AXIS2_PLACEMENT_3D('',#1842,#1843,#1844);
#1842 = CARTESIAN_POINT('',(-2.55,1.,-0.2));
#1843 = DIRECTION('',(1.,0.,0.));
#1844 = DIRECTION('',(-0.,1.,0.));
#1845 = ADVANCED_FACE('',(#1846),#1864,.F.);
#1846 = FACE_BOUND('',#1847,.T.);
#1847 = EDGE_LOOP('',(#1848,#1849,#1857,#1863));
#1848 = ORIENTED_EDGE('',*,*,#1109,.T.);
#1849 = ORIENTED_EDGE('',*,*,#1850,.F.);
#1850 = EDGE_CURVE('',#1851,#1102,#1853,.T.);
#1851 = VERTEX_POINT('',#1852);
#1852 = CARTESIAN_POINT('',(-2.05,2.,-0.2));
#1853 = LINE('',#1854,#1855);
#1854 = CARTESIAN_POINT('',(-2.05,2.,-0.2));
#1855 = VECTOR('',#1856,1.);
#1856 = DIRECTION('',(0.,0.,1.));
#1857 = ORIENTED_EDGE('',*,*,#1858,.F.);
#1858 = EDGE_CURVE('',#1827,#1851,#1859,.T.);
#1859 = LINE('',#1860,#1861);
#1860 = CARTESIAN_POINT('',(-2.55,2.,-0.2));
#1861 = VECTOR('',#1862,1.);
#1862 = DIRECTION('',(1.,0.,0.));
#1863 = ORIENTED_EDGE('',*,*,#1826,.T.);
#1864 = PLANE('',#1865);
#1865 = AXIS2_PLACEMENT_3D('',#1866,#1867,#1868);
#1866 = CARTESIAN_POINT('',(-2.55,2.,-0.2));
#1867 = DIRECTION('',(0.,-1.,0.));
#1868 = DIRECTION('',(0.,0.,-1.));
#1869 = ADVANCED_FACE('',(#1870),#1881,.F.);
#1870 = FACE_BOUND('',#1871,.T.);
#1871 = EDGE_LOOP('',(#1872,#1873,#1874,#1880));
#1872 = ORIENTED_EDGE('',*,*,#1101,.T.);
#1873 = ORIENTED_EDGE('',*,*,#1523,.F.);
#1874 = ORIENTED_EDGE('',*,*,#1875,.F.);
#1875 = EDGE_CURVE('',#1851,#1516,#1876,.T.);
#1876 = LINE('',#1877,#1878);
#1877 = CARTESIAN_POINT('',(-2.05,2.,-0.2));
#1878 = VECTOR('',#1879,1.);
#1879 = DIRECTION('',(-4.336808689942E-16,-1.,-1.709941712034E-15));
#1880 = ORIENTED_EDGE('',*,*,#1850,.T.);
#1881 = PLANE('',#1882);
#1882 = AXIS2_PLACEMENT_3D('',#1883,#1884,#1885);
#1883 = CARTESIAN_POINT('',(-2.05,2.,-0.2));
#1884 = DIRECTION('',(-1.,4.336808689942E-16,0.));
#1885 = DIRECTION('',(0.,0.,1.));
#1886 = ADVANCED_FACE('',(#1887),#1893,.T.);
#1887 = FACE_BOUND('',#1888,.T.);
#1888 = EDGE_LOOP('',(#1889,#1890,#1891,#1892));
#1889 = ORIENTED_EDGE('',*,*,#1834,.T.);
#1890 = ORIENTED_EDGE('',*,*,#1858,.T.);
#1891 = ORIENTED_EDGE('',*,*,#1875,.T.);
#1892 = ORIENTED_EDGE('',*,*,#1515,.T.);
#1893 = PLANE('',#1894);
#1894 = AXIS2_PLACEMENT_3D('',#1895,#1896,#1897);
#1895 = CARTESIAN_POINT('',(0.,1.388725686698E-29,-0.2));
#1896 = DIRECTION('',(0.,1.709941712034E-15,-1.));
#1897 = DIRECTION('',(-1.,0.,0.));
#1898 = ADVANCED_FACE('',(#1899),#1917,.F.);
#1899 = FACE_BOUND('',#1900,.T.);
#1900 = EDGE_LOOP('',(#1901,#1902,#1903,#1911));
#1901 = ORIENTED_EDGE('',*,*,#1149,.T.);
#1902 = ORIENTED_EDGE('',*,*,#1750,.F.);
#1903 = ORIENTED_EDGE('',*,*,#1904,.F.);
#1904 = EDGE_CURVE('',#1905,#1743,#1907,.T.);
#1905 = VERTEX_POINT('',#1906);
#1906 = CARTESIAN_POINT('',(-2.55,4.2,-0.2));
#1907 = LINE('',#1908,#1909);
#1908 = CARTESIAN_POINT('',(-2.55,4.2,-0.2));
#1909 = VECTOR('',#1910,1.);
#1910 = DIRECTION('',(0.,1.,1.709941712034E-15));
#1911 = ORIENTED_EDGE('',*,*,#1912,.T.);
#1912 = EDGE_CURVE('',#1905,#1150,#1913,.T.);
#1913 = LINE('',#1914,#1915);
#1914 = CARTESIAN_POINT('',(-2.55,4.2,-0.2));
#1915 = VECTOR('',#1916,1.);
#1916 = DIRECTION('',(0.,0.,1.));
#1917 = PLANE('',#1918);
#1918 = AXIS2_PLACEMENT_3D('',#1919,#1920,#1921);
#1919 = CARTESIAN_POINT('',(-2.55,4.2,-0.2));
#1920 = DIRECTION('',(1.,0.,0.));
#1921 = DIRECTION('',(-0.,1.,0.));
#1922 = ADVANCED_FACE('',(#1923),#1941,.F.);
#1923 = FACE_BOUND('',#1924,.T.);
#1924 = EDGE_LOOP('',(#1925,#1926,#1934,#1940));
#1925 = ORIENTED_EDGE('',*,*,#1165,.T.);
#1926 = ORIENTED_EDGE('',*,*,#1927,.F.);
#1927 = EDGE_CURVE('',#1928,#1158,#1930,.T.);
#1928 = VERTEX_POINT('',#1929);
#1929 = CARTESIAN_POINT('',(-2.05,4.2,-0.2));
#1930 = LINE('',#1931,#1932);
#1931 = CARTESIAN_POINT('',(-2.05,4.2,-0.2));
#1932 = VECTOR('',#1933,1.);
#1933 = DIRECTION('',(0.,0.,1.));
#1934 = ORIENTED_EDGE('',*,*,#1935,.F.);
#1935 = EDGE_CURVE('',#1735,#1928,#1936,.T.);
#1936 = LINE('',#1937,#1938);
#1937 = CARTESIAN_POINT('',(-2.05,5.2,-0.2));
#1938 = VECTOR('',#1939,1.);
#1939 = DIRECTION('',(4.336808689942E-16,-1.,-1.709941712034E-15));
#1940 = ORIENTED_EDGE('',*,*,#1734,.T.);
#1941 = PLANE('',#1942);
#1942 = AXIS2_PLACEMENT_3D('',#1943,#1944,#1945);
#1943 = CARTESIAN_POINT('',(-2.05,5.2,-0.2));
#1944 = DIRECTION('',(-1.,-4.336808689942E-16,0.));
#1945 = DIRECTION('',(-4.336808689942E-16,1.,0.));
#1946 = ADVANCED_FACE('',(#1947),#1958,.F.);
#1947 = FACE_BOUND('',#1948,.T.);
#1948 = EDGE_LOOP('',(#1949,#1950,#1951,#1957));
#1949 = ORIENTED_EDGE('',*,*,#1157,.T.);
#1950 = ORIENTED_EDGE('',*,*,#1912,.F.);
#1951 = ORIENTED_EDGE('',*,*,#1952,.F.);
#1952 = EDGE_CURVE('',#1928,#1905,#1953,.T.);
#1953 = LINE('',#1954,#1955);
#1954 = CARTESIAN_POINT('',(-2.05,4.2,-0.2));
#1955 = VECTOR('',#1956,1.);
#1956 = DIRECTION('',(-1.,0.,0.));
#1957 = ORIENTED_EDGE('',*,*,#1927,.T.);
#1958 = PLANE('',#1959);
#1959 = AXIS2_PLACEMENT_3D('',#1960,#1961,#1962);
#1960 = CARTESIAN_POINT('',(-2.05,4.2,-0.2));
#1961 = DIRECTION('',(-0.,1.,0.));
#1962 = DIRECTION('',(1.,0.,0.));
#1963 = ADVANCED_FACE('',(#1964),#1970,.T.);
#1964 = FACE_BOUND('',#1965,.T.);
#1965 = EDGE_LOOP('',(#1966,#1967,#1968,#1969));
#1966 = ORIENTED_EDGE('',*,*,#1904,.T.);
#1967 = ORIENTED_EDGE('',*,*,#1742,.T.);
#1968 = ORIENTED_EDGE('',*,*,#1935,.T.);
#1969 = ORIENTED_EDGE('',*,*,#1952,.T.);
#1970 = PLANE('',#1971);
#1971 = AXIS2_PLACEMENT_3D('',#1972,#1973,#1974);
#1972 = CARTESIAN_POINT('',(0.,1.388725686698E-29,-0.2));
#1973 = DIRECTION('',(0.,1.709941712034E-15,-1.));
#1974 = DIRECTION('',(-1.,0.,0.));
#1975 = ADVANCED_FACE('',(#1976),#1994,.F.);
#1976 = FACE_BOUND('',#1977,.T.);
#1977 = EDGE_LOOP('',(#1978,#1979,#1987,#1993));
#1978 = ORIENTED_EDGE('',*,*,#1236,.T.);
#1979 = ORIENTED_EDGE('',*,*,#1980,.F.);
#1980 = EDGE_CURVE('',#1981,#1229,#1983,.T.);
#1981 = VERTEX_POINT('',#1982);
#1982 = CARTESIAN_POINT('',(2.05,2.,-0.2));
#1983 = LINE('',#1984,#1985);
#1984 = CARTESIAN_POINT('',(2.05,2.,-0.2));
#1985 = VECTOR('',#1986,1.);
#1986 = DIRECTION('',(0.,0.,1.));
#1987 = ORIENTED_EDGE('',*,*,#1988,.F.);
#1988 = EDGE_CURVE('',#952,#1981,#1989,.T.);
#1989 = LINE('',#1990,#1991);
#1990 = CARTESIAN_POINT('',(2.05,1.,-0.2));
#1991 = VECTOR('',#1992,1.);
#1992 = DIRECTION('',(-8.673617379884E-16,1.,1.709941712034E-15));
#1993 = ORIENTED_EDGE('',*,*,#951,.T.);
#1994 = PLANE('',#1995);
#1995 = AXIS2_PLACEMENT_3D('',#1996,#1997,#1998);
#1996 = CARTESIAN_POINT('',(2.05,1.,-0.2));
#1997 = DIRECTION('',(1.,8.673617379884E-16,0.));
#1998 = DIRECTION('',(-8.673617379884E-16,1.,0.));
#1999 = ADVANCED_FACE('',(#2000),#2018,.F.);
#2000 = FACE_BOUND('',#2001,.T.);
#2001 = EDGE_LOOP('',(#2002,#2003,#2011,#2017));
#2002 = ORIENTED_EDGE('',*,*,#1228,.T.);
#2003 = ORIENTED_EDGE('',*,*,#2004,.F.);
#2004 = EDGE_CURVE('',#2005,#1221,#2007,.T.);
#2005 = VERTEX_POINT('',#2006);
#2006 = CARTESIAN_POINT('',(2.55,2.,-0.2));
#2007 = LINE('',#2008,#2009);
#2008 = CARTESIAN_POINT('',(2.55,2.,-0.2));
#2009 = VECTOR('',#2010,1.);
#2010 = DIRECTION('',(0.,0.,1.));
#2011 = ORIENTED_EDGE('',*,*,#2012,.F.);
#2012 = EDGE_CURVE('',#1981,#2005,#2013,.T.);
#2013 = LINE('',#2014,#2015);
#2014 = CARTESIAN_POINT('',(2.05,2.,-0.2));
#2015 = VECTOR('',#2016,1.);
#2016 = DIRECTION('',(1.,-8.673617379884E-16,0.));
#2017 = ORIENTED_EDGE('',*,*,#1980,.T.);
#2018 = PLANE('',#2019);
#2019 = AXIS2_PLACEMENT_3D('',#2020,#2021,#2022);
#2020 = CARTESIAN_POINT('',(2.05,2.,-0.2));
#2021 = DIRECTION('',(-8.673617379884E-16,-1.,0.));
#2022 = DIRECTION('',(-1.,8.673617379884E-16,0.));
#2023 = ADVANCED_FACE('',(#2024),#2035,.F.);
#2024 = FACE_BOUND('',#2025,.T.);
#2025 = EDGE_LOOP('',(#2026,#2027,#2028,#2034));
#2026 = ORIENTED_EDGE('',*,*,#1220,.T.);
#2027 = ORIENTED_EDGE('',*,*,#967,.F.);
#2028 = ORIENTED_EDGE('',*,*,#2029,.F.);
#2029 = EDGE_CURVE('',#2005,#960,#2030,.T.);
#2030 = LINE('',#2031,#2032);
#2031 = CARTESIAN_POINT('',(2.55,2.,-0.2));
#2032 = VECTOR('',#2033,1.);
#2033 = DIRECTION('',(0.,-1.,-1.709941712034E-15));
#2034 = ORIENTED_EDGE('',*,*,#2004,.T.);
#2035 = PLANE('',#2036);
#2036 = AXIS2_PLACEMENT_3D('',#2037,#2038,#2039);
#2037 = CARTESIAN_POINT('',(2.55,2.,-0.2));
#2038 = DIRECTION('',(-1.,0.,0.));
#2039 = DIRECTION('',(0.,0.,1.));
#2040 = ADVANCED_FACE('',(#2041),#2047,.T.);
#2041 = FACE_BOUND('',#2042,.T.);
#2042 = EDGE_LOOP('',(#2043,#2044,#2045,#2046));
#2043 = ORIENTED_EDGE('',*,*,#1988,.T.);
#2044 = ORIENTED_EDGE('',*,*,#2012,.T.);
#2045 = ORIENTED_EDGE('',*,*,#2029,.T.);
#2046 = ORIENTED_EDGE('',*,*,#959,.T.);
#2047 = PLANE('',#2048);
#2048 = AXIS2_PLACEMENT_3D('',#2049,#2050,#2051);
#2049 = CARTESIAN_POINT('',(1.204527525203E-44,1.388725686698E-29,-0.2)
  );
#2050 = DIRECTION('',(1.483138015209E-30,1.709941712034E-15,-1.));
#2051 = DIRECTION('',(-1.,0.,-1.483138015209E-30));
#2052 = ADVANCED_FACE('',(#2053),#2071,.F.);
#2053 = FACE_BOUND('',#2054,.T.);
#2054 = EDGE_LOOP('',(#2055,#2056,#2057,#2065));
#2055 = ORIENTED_EDGE('',*,*,#1181,.T.);
#2056 = ORIENTED_EDGE('',*,*,#1727,.F.);
#2057 = ORIENTED_EDGE('',*,*,#2058,.F.);
#2058 = EDGE_CURVE('',#2059,#1720,#2061,.T.);
#2059 = VERTEX_POINT('',#2060);
#2060 = CARTESIAN_POINT('',(2.05,4.2,-0.2));
#2061 = LINE('',#2062,#2063);
#2062 = CARTESIAN_POINT('',(2.05,4.2,-0.2));
#2063 = VECTOR('',#2064,1.);
#2064 = DIRECTION('',(1.734723475977E-15,1.,1.709941712034E-15));
#2065 = ORIENTED_EDGE('',*,*,#2066,.T.);
#2066 = EDGE_CURVE('',#2059,#1182,#2067,.T.);
#2067 = LINE('',#2068,#2069);
#2068 = CARTESIAN_POINT('',(2.05,4.2,-0.2));
#2069 = VECTOR('',#2070,1.);
#2070 = DIRECTION('',(0.,0.,1.));
#2071 = PLANE('',#2072);
#2072 = AXIS2_PLACEMENT_3D('',#2073,#2074,#2075);
#2073 = CARTESIAN_POINT('',(2.05,4.2,-0.2));
#2074 = DIRECTION('',(1.,-1.734723475977E-15,0.));
#2075 = DIRECTION('',(-1.734723475977E-15,-1.,0.));
#2076 = ADVANCED_FACE('',(#2077),#2095,.F.);
#2077 = FACE_BOUND('',#2078,.T.);
#2078 = EDGE_LOOP('',(#2079,#2080,#2088,#2094));
#2079 = ORIENTED_EDGE('',*,*,#1197,.T.);
#2080 = ORIENTED_EDGE('',*,*,#2081,.F.);
#2081 = EDGE_CURVE('',#2082,#1190,#2084,.T.);
#2082 = VERTEX_POINT('',#2083);
#2083 = CARTESIAN_POINT('',(2.55,4.2,-0.2));
#2084 = LINE('',#2085,#2086);
#2085 = CARTESIAN_POINT('',(2.55,4.2,-0.2));
#2086 = VECTOR('',#2087,1.);
#2087 = DIRECTION('',(0.,0.,1.));
#2088 = ORIENTED_EDGE('',*,*,#2089,.F.);
#2089 = EDGE_CURVE('',#1712,#2082,#2090,.T.);
#2090 = LINE('',#2091,#2092);
#2091 = CARTESIAN_POINT('',(2.55,5.2,-0.2));
#2092 = VECTOR('',#2093,1.);
#2093 = DIRECTION('',(-8.673617379884E-16,-1.,-1.709941712034E-15));
#2094 = ORIENTED_EDGE('',*,*,#1711,.T.);
#2095 = PLANE('',#2096);
#2096 = AXIS2_PLACEMENT_3D('',#2097,#2098,#2099);
#2097 = CARTESIAN_POINT('',(2.55,5.2,-0.2));
#2098 = DIRECTION('',(-1.,8.673617379884E-16,0.));
#2099 = DIRECTION('',(0.,0.,1.));
#2100 = ADVANCED_FACE('',(#2101),#2112,.F.);
#2101 = FACE_BOUND('',#2102,.T.);
#2102 = EDGE_LOOP('',(#2103,#2104,#2105,#2111));
#2103 = ORIENTED_EDGE('',*,*,#1189,.T.);
#2104 = ORIENTED_EDGE('',*,*,#2066,.F.);
#2105 = ORIENTED_EDGE('',*,*,#2106,.F.);
#2106 = EDGE_CURVE('',#2082,#2059,#2107,.T.);
#2107 = LINE('',#2108,#2109);
#2108 = CARTESIAN_POINT('',(2.55,4.2,-0.2));
#2109 = VECTOR('',#2110,1.);
#2110 = DIRECTION('',(-1.,0.,0.));
#2111 = ORIENTED_EDGE('',*,*,#2081,.T.);
#2112 = PLANE('',#2113);
#2113 = AXIS2_PLACEMENT_3D('',#2114,#2115,#2116);
#2114 = CARTESIAN_POINT('',(2.55,4.2,-0.2));
#2115 = DIRECTION('',(-0.,1.,0.));
#2116 = DIRECTION('',(1.,0.,0.));
#2117 = ADVANCED_FACE('',(#2118),#2124,.T.);
#2118 = FACE_BOUND('',#2119,.T.);
#2119 = EDGE_LOOP('',(#2120,#2121,#2122,#2123));
#2120 = ORIENTED_EDGE('',*,*,#2058,.T.);
#2121 = ORIENTED_EDGE('',*,*,#1719,.T.);
#2122 = ORIENTED_EDGE('',*,*,#2089,.T.);
#2123 = ORIENTED_EDGE('',*,*,#2106,.T.);
#2124 = PLANE('',#2125);
#2125 = AXIS2_PLACEMENT_3D('',#2126,#2127,#2128);
#2126 = CARTESIAN_POINT('',(0.,1.388725686698E-29,-0.2));
#2127 = DIRECTION('',(0.,1.709941712034E-15,-1.));
#2128 = DIRECTION('',(-1.,0.,0.));
#2129 = ADVANCED_FACE('',(#2130),#2155,.F.);
#2130 = FACE_BOUND('',#2131,.T.);
#2131 = EDGE_LOOP('',(#2132,#2133,#2141,#2149));
#2132 = ORIENTED_EDGE('',*,*,#1483,.T.);
#2133 = ORIENTED_EDGE('',*,*,#2134,.T.);
#2134 = EDGE_CURVE('',#1476,#2135,#2137,.T.);
#2135 = VERTEX_POINT('',#2136);
#2136 = CARTESIAN_POINT('',(-2.45,3.95,1.175));
#2137 = LINE('',#2138,#2139);
#2138 = CARTESIAN_POINT('',(-2.45,3.95,1.175));
#2139 = VECTOR('',#2140,1.);
#2140 = DIRECTION('',(0.,1.,0.));
#2141 = ORIENTED_EDGE('',*,*,#2142,.T.);
#2142 = EDGE_CURVE('',#2135,#2143,#2145,.T.);
#2143 = VERTEX_POINT('',#2144);
#2144 = CARTESIAN_POINT('',(-2.45,3.95,2.025));
#2145 = LINE('',#2146,#2147);
#2146 = CARTESIAN_POINT('',(-2.45,3.95,2.025));
#2147 = VECTOR('',#2148,1.);
#2148 = DIRECTION('',(0.,-2.55106393526E-16,1.));
#2149 = ORIENTED_EDGE('',*,*,#2150,.F.);
#2150 = EDGE_CURVE('',#1484,#2143,#2151,.T.);
#2151 = LINE('',#2152,#2153);
#2152 = CARTESIAN_POINT('',(-2.45,3.95,2.025));
#2153 = VECTOR('',#2154,1.);
#2154 = DIRECTION('',(0.,1.,0.));
#2155 = PLANE('',#2156);
#2156 = AXIS2_PLACEMENT_3D('',#2157,#2158,#2159);
#2157 = CARTESIAN_POINT('',(-2.45,3.95,2.025));
#2158 = DIRECTION('',(-1.,0.,0.));
#2159 = DIRECTION('',(0.,0.,1.));
#2160 = ADVANCED_FACE('',(#2161),#2186,.F.);
#2161 = FACE_BOUND('',#2162,.T.);
#2162 = EDGE_LOOP('',(#2163,#2164,#2172,#2180));
#2163 = ORIENTED_EDGE('',*,*,#2134,.F.);
#2164 = ORIENTED_EDGE('',*,*,#2165,.T.);
#2165 = EDGE_CURVE('',#1476,#2166,#2168,.T.);
#2166 = VERTEX_POINT('',#2167);
#2167 = CARTESIAN_POINT('',(-2.27584969838,1.11610020108,1.221601206482)
  );
#2168 = LINE('',#2169,#2170);
#2169 = CARTESIAN_POINT('',(-2.172994770207,1.184670153195,
    1.249124350001));
#2170 = VECTOR('',#2171,1.);
#2171 = DIRECTION('',(0.812163107762,0.541442071842,0.217328252259));
#2172 = ORIENTED_EDGE('',*,*,#2173,.T.);
#2173 = EDGE_CURVE('',#2166,#2174,#2176,.T.);
#2174 = VERTEX_POINT('',#2175);
#2175 = CARTESIAN_POINT('',(-2.27584969838,3.95,1.221601206482));
#2176 = LINE('',#2177,#2178);
#2177 = CARTESIAN_POINT('',(-2.27584969838,3.95,1.221601206482));
#2178 = VECTOR('',#2179,1.);
#2179 = DIRECTION('',(0.,1.,0.));
#2180 = ORIENTED_EDGE('',*,*,#2181,.T.);
#2181 = EDGE_CURVE('',#2174,#2135,#2182,.T.);
#2182 = LINE('',#2183,#2184);
#2183 = CARTESIAN_POINT('',(-2.45,3.95,1.175));
#2184 = VECTOR('',#2185,1.);
#2185 = DIRECTION('',(-0.966012064815,0.,-0.258496983796));
#2186 = PLANE('',#2187);
#2187 = AXIS2_PLACEMENT_3D('',#2188,#2189,#2190);
#2188 = CARTESIAN_POINT('',(-2.45,3.95,1.175));
#2189 = DIRECTION('',(0.258496983796,0.,-0.966012064815));
#2190 = DIRECTION('',(0.,-1.,0.));
#2191 = ADVANCED_FACE('',(#2192),#2210,.T.);
#2192 = FACE_BOUND('',#2193,.T.);
#2193 = EDGE_LOOP('',(#2194,#2195,#2202,#2203));
#2194 = ORIENTED_EDGE('',*,*,#891,.T.);
#2195 = ORIENTED_EDGE('',*,*,#2196,.T.);
#2196 = EDGE_CURVE('',#894,#2174,#2197,.T.);
#2197 = CIRCLE('',#2198,1.E-01);
#2198 = AXIS2_PLACEMENT_3D('',#2199,#2200,#2201);
#2199 = CARTESIAN_POINT('',(-2.25,3.95,1.125));
#2200 = DIRECTION('',(0.,-1.,0.));
#2201 = DIRECTION('',(1.,0.,0.));
#2202 = ORIENTED_EDGE('',*,*,#2173,.F.);
#2203 = ORIENTED_EDGE('',*,*,#2204,.T.);
#2204 = EDGE_CURVE('',#2166,#892,#2205,.T.);
#2205 = ELLIPSE('',#2206,0.120185042515,1.E-01);
#2206 = AXIS2_PLACEMENT_3D('',#2207,#2208,#2209);
#2207 = CARTESIAN_POINT('',(-2.25,1.133333333333,1.125));
#2208 = DIRECTION('',(-0.554700196225,0.832050294338,1.127638420923E-16)
  );
#2209 = DIRECTION('',(-0.832050294338,-0.554700196225,1.691457631384E-16
    ));
#2210 = CYLINDRICAL_SURFACE('',#2211,1.E-01);
#2211 = AXIS2_PLACEMENT_3D('',#2212,#2213,#2214);
#2212 = CARTESIAN_POINT('',(-2.25,3.95,1.125));
#2213 = DIRECTION('',(0.,1.,0.));
#2214 = DIRECTION('',(0.,0.,-1.));
#2215 = ADVANCED_FACE('',(#2216),#2232,.F.);
#2216 = FACE_BOUND('',#2217,.T.);
#2217 = EDGE_LOOP('',(#2218,#2219,#2225,#2226));
#2218 = ORIENTED_EDGE('',*,*,#910,.F.);
#2219 = ORIENTED_EDGE('',*,*,#2220,.T.);
#2220 = EDGE_CURVE('',#902,#1334,#2221,.T.);
#2221 = LINE('',#2222,#2223);
#2222 = CARTESIAN_POINT('',(-2.15,1.2,1.125));
#2223 = VECTOR('',#2224,1.);
#2224 = DIRECTION('',(0.,1.355252715607E-16,-1.));
#2225 = ORIENTED_EDGE('',*,*,#1333,.T.);
#2226 = ORIENTED_EDGE('',*,*,#2227,.T.);
#2227 = EDGE_CURVE('',#1326,#911,#2228,.T.);
#2228 = LINE('',#2229,#2230);
#2229 = CARTESIAN_POINT('',(-2.15,3.95,1.125));
#2230 = VECTOR('',#2231,1.);
#2231 = DIRECTION('',(0.,-1.196361017915E-15,1.));
#2232 = PLANE('',#2233);
#2233 = AXIS2_PLACEMENT_3D('',#2234,#2235,#2236);
#2234 = CARTESIAN_POINT('',(-2.15,3.95,1.125));
#2235 = DIRECTION('',(-1.,0.,0.));
#2236 = DIRECTION('',(0.,0.,1.));
#2237 = ADVANCED_FACE('',(#2238),#2263,.F.);
#2238 = FACE_BOUND('',#2239,.T.);
#2239 = EDGE_LOOP('',(#2240,#2241,#2249,#2257));
#2240 = ORIENTED_EDGE('',*,*,#1317,.F.);
#2241 = ORIENTED_EDGE('',*,*,#2242,.T.);
#2242 = EDGE_CURVE('',#1310,#2243,#2245,.T.);
#2243 = VERTEX_POINT('',#2244);
#2244 = CARTESIAN_POINT('',(2.15,1.2,1.125));
#2245 = LINE('',#2246,#2247);
#2246 = CARTESIAN_POINT('',(2.15,1.2,0.4));
#2247 = VECTOR('',#2248,1.);
#2248 = DIRECTION('',(0.,-1.355252715607E-16,1.));
#2249 = ORIENTED_EDGE('',*,*,#2250,.T.);
#2250 = EDGE_CURVE('',#2243,#2251,#2253,.T.);
#2251 = VERTEX_POINT('',#2252);
#2252 = CARTESIAN_POINT('',(2.15,3.95,1.125));
#2253 = LINE('',#2254,#2255);
#2254 = CARTESIAN_POINT('',(2.15,3.95,1.125));
#2255 = VECTOR('',#2256,1.);
#2256 = DIRECTION('',(0.,1.,0.));
#2257 = ORIENTED_EDGE('',*,*,#2258,.T.);
#2258 = EDGE_CURVE('',#2251,#1318,#2259,.T.);
#2259 = LINE('',#2260,#2261);
#2260 = CARTESIAN_POINT('',(2.15,3.95,0.4));
#2261 = VECTOR('',#2262,1.);
#2262 = DIRECTION('',(0.,1.196361017915E-15,-1.));
#2263 = PLANE('',#2264);
#2264 = AXIS2_PLACEMENT_3D('',#2265,#2266,#2267);
#2265 = CARTESIAN_POINT('',(2.15,3.95,0.4));
#2266 = DIRECTION('',(1.,0.,0.));
#2267 = DIRECTION('',(-0.,1.,0.));
#2268 = ADVANCED_FACE('',(#2269),#2287,.T.);
#2269 = FACE_BOUND('',#2270,.T.);
#2270 = EDGE_LOOP('',(#2271,#2272,#2279,#2280));
#2271 = ORIENTED_EDGE('',*,*,#849,.T.);
#2272 = ORIENTED_EDGE('',*,*,#2273,.T.);
#2273 = EDGE_CURVE('',#852,#2251,#2274,.T.);
#2274 = CIRCLE('',#2275,1.E-01);
#2275 = AXIS2_PLACEMENT_3D('',#2276,#2277,#2278);
#2276 = CARTESIAN_POINT('',(2.25,3.95,1.125));
#2277 = DIRECTION('',(0.,-1.,0.));
#2278 = DIRECTION('',(-1.,0.,0.));
#2279 = ORIENTED_EDGE('',*,*,#2250,.F.);
#2280 = ORIENTED_EDGE('',*,*,#2281,.T.);
#2281 = EDGE_CURVE('',#2243,#850,#2282,.T.);
#2282 = ELLIPSE('',#2283,0.120185042515,1.E-01);
#2283 = AXIS2_PLACEMENT_3D('',#2284,#2285,#2286);
#2284 = CARTESIAN_POINT('',(2.25,1.133333333333,1.125));
#2285 = DIRECTION('',(0.554700196225,0.832050294338,1.127638420923E-16)
  );
#2286 = DIRECTION('',(0.832050294338,-0.554700196225,1.691457631384E-16)
  );
#2287 = CYLINDRICAL_SURFACE('',#2288,1.E-01);
#2288 = AXIS2_PLACEMENT_3D('',#2289,#2290,#2291);
#2289 = CARTESIAN_POINT('',(2.25,3.95,1.125));
#2290 = DIRECTION('',(0.,1.,0.));
#2291 = DIRECTION('',(0.,0.,-1.));
#2292 = ADVANCED_FACE('',(#2293),#2316,.F.);
#2293 = FACE_BOUND('',#2294,.T.);
#2294 = EDGE_LOOP('',(#2295,#2296,#2302,#2310));
#2295 = ORIENTED_EDGE('',*,*,#868,.F.);
#2296 = ORIENTED_EDGE('',*,*,#2297,.T.);
#2297 = EDGE_CURVE('',#860,#1008,#2298,.T.);
#2298 = LINE('',#2299,#2300);
#2299 = CARTESIAN_POINT('',(2.300961612057,1.099358925295,1.214881462309
    ));
#2300 = VECTOR('',#2301,1.);
#2301 = DIRECTION('',(0.812163107762,-0.541442071842,-0.217328252259));
#2302 = ORIENTED_EDGE('',*,*,#2303,.T.);
#2303 = EDGE_CURVE('',#1008,#2304,#2306,.T.);
#2304 = VERTEX_POINT('',#2305);
#2305 = CARTESIAN_POINT('',(2.45,3.95,1.175));
#2306 = LINE('',#2307,#2308);
#2307 = CARTESIAN_POINT('',(2.45,3.95,1.175));
#2308 = VECTOR('',#2309,1.);
#2309 = DIRECTION('',(0.,1.,0.));
#2310 = ORIENTED_EDGE('',*,*,#2311,.T.);
#2311 = EDGE_CURVE('',#2304,#869,#2312,.T.);
#2312 = LINE('',#2313,#2314);
#2313 = CARTESIAN_POINT('',(2.27584969838,3.95,1.221601206482));
#2314 = VECTOR('',#2315,1.);
#2315 = DIRECTION('',(-0.966012064815,0.,0.258496983796));
#2316 = PLANE('',#2317);
#2317 = AXIS2_PLACEMENT_3D('',#2318,#2319,#2320);
#2318 = CARTESIAN_POINT('',(2.27584969838,3.95,1.221601206482));
#2319 = DIRECTION('',(-0.258496983796,0.,-0.966012064815));
#2320 = DIRECTION('',(-0.966012064815,0.,0.258496983796));
#2321 = ADVANCED_FACE('',(#2322),#2340,.F.);
#2322 = FACE_BOUND('',#2323,.T.);
#2323 = EDGE_LOOP('',(#2324,#2325,#2333,#2339));
#2324 = ORIENTED_EDGE('',*,*,#1007,.T.);
#2325 = ORIENTED_EDGE('',*,*,#2326,.T.);
#2326 = EDGE_CURVE('',#1000,#2327,#2329,.T.);
#2327 = VERTEX_POINT('',#2328);
#2328 = CARTESIAN_POINT('',(2.45,3.95,2.025));
#2329 = LINE('',#2330,#2331);
#2330 = CARTESIAN_POINT('',(2.45,3.95,2.025));
#2331 = VECTOR('',#2332,1.);
#2332 = DIRECTION('',(0.,1.,0.));
#2333 = ORIENTED_EDGE('',*,*,#2334,.T.);
#2334 = EDGE_CURVE('',#2327,#2304,#2335,.T.);
#2335 = LINE('',#2336,#2337);
#2336 = CARTESIAN_POINT('',(2.45,3.95,1.175));
#2337 = VECTOR('',#2338,1.);
#2338 = DIRECTION('',(-1.020425574104E-15,2.55106393526E-16,-1.));
#2339 = ORIENTED_EDGE('',*,*,#2303,.F.);
#2340 = PLANE('',#2341);
#2341 = AXIS2_PLACEMENT_3D('',#2342,#2343,#2344);
#2342 = CARTESIAN_POINT('',(2.45,3.95,1.175));
#2343 = DIRECTION('',(1.,0.,-1.020425574104E-15));
#2344 = DIRECTION('',(-1.020425574104E-15,0.,-1.));
#2345 = ADVANCED_FACE('',(#2346),#2362,.F.);
#2346 = FACE_BOUND('',#2347,.T.);
#2347 = EDGE_LOOP('',(#2348,#2349,#2355,#2356));
#2348 = ORIENTED_EDGE('',*,*,#2326,.F.);
#2349 = ORIENTED_EDGE('',*,*,#2350,.T.);
#2350 = EDGE_CURVE('',#1000,#827,#2351,.T.);
#2351 = LINE('',#2352,#2353);
#2352 = CARTESIAN_POINT('',(2.172994770207,1.184670153195,1.950875649999
    ));
#2353 = VECTOR('',#2354,1.);
#2354 = DIRECTION('',(-0.812163107762,0.541442071842,-0.217328252259));
#2355 = ORIENTED_EDGE('',*,*,#826,.T.);
#2356 = ORIENTED_EDGE('',*,*,#2357,.T.);
#2357 = EDGE_CURVE('',#818,#2327,#2358,.T.);
#2358 = LINE('',#2359,#2360);
#2359 = CARTESIAN_POINT('',(2.45,3.95,2.025));
#2360 = VECTOR('',#2361,1.);
#2361 = DIRECTION('',(0.966012064815,0.,0.258496983796));
#2362 = PLANE('',#2363);
#2363 = AXIS2_PLACEMENT_3D('',#2364,#2365,#2366);
#2364 = CARTESIAN_POINT('',(2.45,3.95,2.025));
#2365 = DIRECTION('',(-0.258496983796,0.,0.966012064815));
#2366 = DIRECTION('',(0.,1.,0.));
#2367 = ADVANCED_FACE('',(#2368),#2395,.T.);
#2368 = FACE_BOUND('',#2369,.T.);
#2369 = EDGE_LOOP('',(#2370,#2371,#2380,#2388));
#2370 = ORIENTED_EDGE('',*,*,#807,.T.);
#2371 = ORIENTED_EDGE('',*,*,#2372,.T.);
#2372 = EDGE_CURVE('',#810,#2373,#2375,.T.);
#2373 = VERTEX_POINT('',#2374);
#2374 = CARTESIAN_POINT('',(2.15,1.2,2.075));
#2375 = ELLIPSE('',#2376,0.120185042515,0.1);
#2376 = AXIS2_PLACEMENT_3D('',#2377,#2378,#2379);
#2377 = CARTESIAN_POINT('',(2.25,1.133333333333,2.075));
#2378 = DIRECTION('',(0.554700196225,0.832050294338,7.76385533486E-16));
#2379 = DIRECTION('',(0.832050294338,-0.554700196225,1.164578300229E-15)
  );
#2380 = ORIENTED_EDGE('',*,*,#2381,.T.);
#2381 = EDGE_CURVE('',#2373,#2382,#2384,.T.);
#2382 = VERTEX_POINT('',#2383);
#2383 = CARTESIAN_POINT('',(2.15,3.95,2.075));
#2384 = LINE('',#2385,#2386);
#2385 = CARTESIAN_POINT('',(2.15,3.95,2.075));
#2386 = VECTOR('',#2387,1.);
#2387 = DIRECTION('',(0.,1.,0.));
#2388 = ORIENTED_EDGE('',*,*,#2389,.T.);
#2389 = EDGE_CURVE('',#2382,#808,#2390,.T.);
#2390 = CIRCLE('',#2391,0.1);
#2391 = AXIS2_PLACEMENT_3D('',#2392,#2393,#2394);
#2392 = CARTESIAN_POINT('',(2.25,3.95,2.075));
#2393 = DIRECTION('',(0.,-1.,0.));
#2394 = DIRECTION('',(-1.,0.,0.));
#2395 = CYLINDRICAL_SURFACE('',#2396,0.1);
#2396 = AXIS2_PLACEMENT_3D('',#2397,#2398,#2399);
#2397 = CARTESIAN_POINT('',(2.25,3.95,2.075));
#2398 = DIRECTION('',(0.,1.,0.));
#2399 = DIRECTION('',(0.,0.,-1.));
#2400 = ADVANCED_FACE('',(#2401),#2450,.F.);
#2401 = FACE_BOUND('',#2402,.T.);
#2402 = EDGE_LOOP('',(#2403,#2404,#2412,#2420,#2428,#2436,#2444));
#2403 = ORIENTED_EDGE('',*,*,#2381,.F.);
#2404 = ORIENTED_EDGE('',*,*,#2405,.T.);
#2405 = EDGE_CURVE('',#2373,#2406,#2408,.T.);
#2406 = VERTEX_POINT('',#2407);
#2407 = CARTESIAN_POINT('',(2.15,1.2,2.8));
#2408 = LINE('',#2409,#2410);
#2409 = CARTESIAN_POINT('',(2.15,1.2,2.075));
#2410 = VECTOR('',#2411,1.);
#2411 = DIRECTION('',(-1.196361017915E-15,-1.355252715607E-16,1.));
#2412 = ORIENTED_EDGE('',*,*,#2413,.T.);
#2413 = EDGE_CURVE('',#2406,#2414,#2416,.T.);
#2414 = VERTEX_POINT('',#2415);
#2415 = CARTESIAN_POINT('',(2.15,2.,2.8));
#2416 = LINE('',#2417,#2418);
#2417 = CARTESIAN_POINT('',(2.15,3.95,2.8));
#2418 = VECTOR('',#2419,1.);
#2419 = DIRECTION('',(0.,1.,0.));
#2420 = ORIENTED_EDGE('',*,*,#2421,.F.);
#2421 = EDGE_CURVE('',#2422,#2414,#2424,.T.);
#2422 = VERTEX_POINT('',#2423);
#2423 = CARTESIAN_POINT('',(2.15,2.,3.));
#2424 = LINE('',#2425,#2426);
#2425 = CARTESIAN_POINT('',(2.15,2.,2.8));
#2426 = VECTOR('',#2427,1.);
#2427 = DIRECTION('',(1.196361017915E-15,0.,-1.));
#2428 = ORIENTED_EDGE('',*,*,#2429,.T.);
#2429 = EDGE_CURVE('',#2422,#2430,#2432,.T.);
#2430 = VERTEX_POINT('',#2431);
#2431 = CARTESIAN_POINT('',(2.15,2.2,2.8));
#2432 = LINE('',#2433,#2434);
#2433 = CARTESIAN_POINT('',(2.15,3.4375,1.5625));
#2434 = VECTOR('',#2435,1.);
#2435 = DIRECTION('',(8.45954988515E-16,0.707106781187,-0.707106781187)
  );
#2436 = ORIENTED_EDGE('',*,*,#2437,.T.);
#2437 = EDGE_CURVE('',#2430,#2438,#2440,.T.);
#2438 = VERTEX_POINT('',#2439);
#2439 = CARTESIAN_POINT('',(2.15,3.95,2.8));
#2440 = LINE('',#2441,#2442);
#2441 = CARTESIAN_POINT('',(2.15,3.95,2.8));
#2442 = VECTOR('',#2443,1.);
#2443 = DIRECTION('',(0.,1.,0.));
#2444 = ORIENTED_EDGE('',*,*,#2445,.T.);
#2445 = EDGE_CURVE('',#2438,#2382,#2446,.T.);
#2446 = LINE('',#2447,#2448);
#2447 = CARTESIAN_POINT('',(2.15,3.95,2.075));
#2448 = VECTOR('',#2449,1.);
#2449 = DIRECTION('',(1.196361017915E-15,2.990902544788E-16,-1.));
#2450 = PLANE('',#2451);
#2451 = AXIS2_PLACEMENT_3D('',#2452,#2453,#2454);
#2452 = CARTESIAN_POINT('',(2.15,3.95,2.075));
#2453 = DIRECTION('',(1.,0.,1.196361017915E-15));
#2454 = DIRECTION('',(-1.196361017915E-15,0.,1.));
#2455 = ADVANCED_FACE('',(#2456),#2513,.F.);
#2456 = FACE_BOUND('',#2457,.T.);
#2457 = EDGE_LOOP('',(#2458,#2468,#2476,#2484,#2490,#2491,#2499,#2507));
#2458 = ORIENTED_EDGE('',*,*,#2459,.T.);
#2459 = EDGE_CURVE('',#2460,#2462,#2464,.T.);
#2460 = VERTEX_POINT('',#2461);
#2461 = CARTESIAN_POINT('',(-1.8,2.8,2.8));
#2462 = VERTEX_POINT('',#2463);
#2463 = CARTESIAN_POINT('',(-1.8,2.2,2.8));
#2464 = LINE('',#2465,#2466);
#2465 = CARTESIAN_POINT('',(-1.8,2.6,2.8));
#2466 = VECTOR('',#2467,1.);
#2467 = DIRECTION('',(0.,-1.,0.));
#2468 = ORIENTED_EDGE('',*,*,#2469,.T.);
#2469 = EDGE_CURVE('',#2462,#2470,#2472,.T.);
#2470 = VERTEX_POINT('',#2471);
#2471 = CARTESIAN_POINT('',(-2.15,2.2,2.8));
#2472 = LINE('',#2473,#2474);
#2473 = CARTESIAN_POINT('',(2.15,2.2,2.8));
#2474 = VECTOR('',#2475,1.);
#2475 = DIRECTION('',(-1.,0.,-1.008560160452E-16));
#2476 = ORIENTED_EDGE('',*,*,#2477,.T.);
#2477 = EDGE_CURVE('',#2470,#2478,#2480,.T.);
#2478 = VERTEX_POINT('',#2479);
#2479 = CARTESIAN_POINT('',(-2.15,3.95,2.8));
#2480 = LINE('',#2481,#2482);
#2481 = CARTESIAN_POINT('',(-2.15,3.95,2.8));
#2482 = VECTOR('',#2483,1.);
#2483 = DIRECTION('',(0.,1.,0.));
#2484 = ORIENTED_EDGE('',*,*,#2485,.T.);
#2485 = EDGE_CURVE('',#2478,#2438,#2486,.T.);
#2486 = LINE('',#2487,#2488);
#2487 = CARTESIAN_POINT('',(2.15,3.95,2.8));
#2488 = VECTOR('',#2489,1.);
#2489 = DIRECTION('',(1.,0.,1.008560160452E-16));
#2490 = ORIENTED_EDGE('',*,*,#2437,.F.);
#2491 = ORIENTED_EDGE('',*,*,#2492,.T.);
#2492 = EDGE_CURVE('',#2430,#2493,#2495,.T.);
#2493 = VERTEX_POINT('',#2494);
#2494 = CARTESIAN_POINT('',(1.8,2.2,2.8));
#2495 = LINE('',#2496,#2497);
#2496 = CARTESIAN_POINT('',(2.15,2.2,2.8));
#2497 = VECTOR('',#2498,1.);
#2498 = DIRECTION('',(-1.,0.,-1.008560160452E-16));
#2499 = ORIENTED_EDGE('',*,*,#2500,.T.);
#2500 = EDGE_CURVE('',#2493,#2501,#2503,.T.);
#2501 = VERTEX_POINT('',#2502);
#2502 = CARTESIAN_POINT('',(1.8,2.8,2.8));
#2503 = LINE('',#2504,#2505);
#2504 = CARTESIAN_POINT('',(1.8,2.,2.8));
#2505 = VECTOR('',#2506,1.);
#2506 = DIRECTION('',(0.,1.,0.));
#2507 = ORIENTED_EDGE('',*,*,#2508,.T.);
#2508 = EDGE_CURVE('',#2501,#2460,#2509,.T.);
#2509 = LINE('',#2510,#2511);
#2510 = CARTESIAN_POINT('',(2.15,2.8,2.8));
#2511 = VECTOR('',#2512,1.);
#2512 = DIRECTION('',(-1.,-7.228014483237E-16,-1.008560160452E-16));
#2513 = PLANE('',#2514);
#2514 = AXIS2_PLACEMENT_3D('',#2515,#2516,#2517);
#2515 = CARTESIAN_POINT('',(2.15,3.95,2.8));
#2516 = DIRECTION('',(-1.008560160452E-16,0.,1.));
#2517 = DIRECTION('',(1.,0.,1.008560160452E-16));
#2518 = ADVANCED_FACE('',(#2519),#2559,.F.);
#2519 = FACE_BOUND('',#2520,.T.);
#2520 = EDGE_LOOP('',(#2521,#2531,#2537,#2538,#2544,#2545,#2553));
#2521 = ORIENTED_EDGE('',*,*,#2522,.F.);
#2522 = EDGE_CURVE('',#2523,#2525,#2527,.T.);
#2523 = VERTEX_POINT('',#2524);
#2524 = CARTESIAN_POINT('',(-2.15,1.2,2.8));
#2525 = VERTEX_POINT('',#2526);
#2526 = CARTESIAN_POINT('',(-2.15,2.,2.8));
#2527 = LINE('',#2528,#2529);
#2528 = CARTESIAN_POINT('',(-2.15,3.95,2.8));
#2529 = VECTOR('',#2530,1.);
#2530 = DIRECTION('',(0.,1.,0.));
#2531 = ORIENTED_EDGE('',*,*,#2532,.T.);
#2532 = EDGE_CURVE('',#2523,#785,#2533,.T.);
#2533 = LINE('',#2534,#2535);
#2534 = CARTESIAN_POINT('',(-2.15,1.2,2.8));
#2535 = VECTOR('',#2536,1.);
#2536 = DIRECTION('',(0.,1.355252715607E-16,-1.));
#2537 = ORIENTED_EDGE('',*,*,#784,.T.);
#2538 = ORIENTED_EDGE('',*,*,#2539,.T.);
#2539 = EDGE_CURVE('',#776,#2478,#2540,.T.);
#2540 = LINE('',#2541,#2542);
#2541 = CARTESIAN_POINT('',(-2.15,3.95,2.8));
#2542 = VECTOR('',#2543,1.);
#2543 = DIRECTION('',(0.,-2.990902544788E-16,1.));
#2544 = ORIENTED_EDGE('',*,*,#2477,.F.);
#2545 = ORIENTED_EDGE('',*,*,#2546,.T.);
#2546 = EDGE_CURVE('',#2470,#2547,#2549,.T.);
#2547 = VERTEX_POINT('',#2548);
#2548 = CARTESIAN_POINT('',(-2.15,2.,3.));
#2549 = LINE('',#2550,#2551);
#2550 = CARTESIAN_POINT('',(-2.15,3.075,1.925));
#2551 = VECTOR('',#2552,1.);
#2552 = DIRECTION('',(0.,-0.707106781187,0.707106781187));
#2553 = ORIENTED_EDGE('',*,*,#2554,.F.);
#2554 = EDGE_CURVE('',#2525,#2547,#2555,.T.);
#2555 = LINE('',#2556,#2557);
#2556 = CARTESIAN_POINT('',(-2.15,2.,2.8));
#2557 = VECTOR('',#2558,1.);
#2558 = DIRECTION('',(0.,0.,1.));
#2559 = PLANE('',#2560);
#2560 = AXIS2_PLACEMENT_3D('',#2561,#2562,#2563);
#2561 = CARTESIAN_POINT('',(-2.15,3.95,2.8));
#2562 = DIRECTION('',(-1.,0.,0.));
#2563 = DIRECTION('',(0.,0.,1.));
#2564 = ADVANCED_FACE('',(#2565),#2592,.T.);
#2565 = FACE_BOUND('',#2566,.T.);
#2566 = EDGE_LOOP('',(#2567,#2568,#2577,#2585));
#2567 = ORIENTED_EDGE('',*,*,#765,.T.);
#2568 = ORIENTED_EDGE('',*,*,#2569,.T.);
#2569 = EDGE_CURVE('',#768,#2570,#2572,.T.);
#2570 = VERTEX_POINT('',#2571);
#2571 = CARTESIAN_POINT('',(-2.27584969838,1.11610020108,1.978398793518)
  );
#2572 = ELLIPSE('',#2573,0.120185042515,0.1);
#2573 = AXIS2_PLACEMENT_3D('',#2574,#2575,#2576);
#2574 = CARTESIAN_POINT('',(-2.25,1.133333333333,2.075));
#2575 = DIRECTION('',(-0.554700196225,0.832050294338,1.127638420923E-16)
  );
#2576 = DIRECTION('',(-0.832050294338,-0.554700196225,1.691457631384E-16
    ));
#2577 = ORIENTED_EDGE('',*,*,#2578,.T.);
#2578 = EDGE_CURVE('',#2570,#2579,#2581,.T.);
#2579 = VERTEX_POINT('',#2580);
#2580 = CARTESIAN_POINT('',(-2.27584969838,3.95,1.978398793518));
#2581 = LINE('',#2582,#2583);
#2582 = CARTESIAN_POINT('',(-2.27584969838,3.95,1.978398793518));
#2583 = VECTOR('',#2584,1.);
#2584 = DIRECTION('',(0.,1.,0.));
#2585 = ORIENTED_EDGE('',*,*,#2586,.T.);
#2586 = EDGE_CURVE('',#2579,#766,#2587,.T.);
#2587 = CIRCLE('',#2588,0.1);
#2588 = AXIS2_PLACEMENT_3D('',#2589,#2590,#2591);
#2589 = CARTESIAN_POINT('',(-2.25,3.95,2.075));
#2590 = DIRECTION('',(0.,-1.,0.));
#2591 = DIRECTION('',(1.,0.,0.));
#2592 = CYLINDRICAL_SURFACE('',#2593,0.1);
#2593 = AXIS2_PLACEMENT_3D('',#2594,#2595,#2596);
#2594 = CARTESIAN_POINT('',(-2.25,3.95,2.075));
#2595 = DIRECTION('',(0.,1.,0.));
#2596 = DIRECTION('',(0.,0.,-1.));
#2597 = ADVANCED_FACE('',(#2598),#2614,.F.);
#2598 = FACE_BOUND('',#2599,.T.);
#2599 = EDGE_LOOP('',(#2600,#2601,#2607,#2608));
#2600 = ORIENTED_EDGE('',*,*,#2578,.F.);
#2601 = ORIENTED_EDGE('',*,*,#2602,.T.);
#2602 = EDGE_CURVE('',#2570,#1484,#2603,.T.);
#2603 = LINE('',#2604,#2605);
#2604 = CARTESIAN_POINT('',(-2.300961612057,1.099358925295,
    1.985118537691));
#2605 = VECTOR('',#2606,1.);
#2606 = DIRECTION('',(-0.812163107762,-0.541442071842,0.217328252259));
#2607 = ORIENTED_EDGE('',*,*,#2150,.T.);
#2608 = ORIENTED_EDGE('',*,*,#2609,.T.);
#2609 = EDGE_CURVE('',#2143,#2579,#2610,.T.);
#2610 = LINE('',#2611,#2612);
#2611 = CARTESIAN_POINT('',(-2.27584969838,3.95,1.978398793518));
#2612 = VECTOR('',#2613,1.);
#2613 = DIRECTION('',(0.966012064815,0.,-0.258496983796));
#2614 = PLANE('',#2615);
#2615 = AXIS2_PLACEMENT_3D('',#2616,#2617,#2618);
#2616 = CARTESIAN_POINT('',(-2.27584969838,3.95,1.978398793518));
#2617 = DIRECTION('',(0.258496983796,0.,0.966012064815));
#2618 = DIRECTION('',(0.,-1.,0.));
#2619 = ADVANCED_FACE('',(#2620,#2654,#2688,#2722),#2744,.F.);
#2620 = FACE_BOUND('',#2621,.T.);
#2621 = EDGE_LOOP('',(#2622,#2632,#2640,#2648));
#2622 = ORIENTED_EDGE('',*,*,#2623,.F.);
#2623 = EDGE_CURVE('',#2624,#2626,#2628,.T.);
#2624 = VERTEX_POINT('',#2625);
#2625 = CARTESIAN_POINT('',(0.16,3.95,1.525));
#2626 = VERTEX_POINT('',#2627);
#2627 = CARTESIAN_POINT('',(-0.16,3.95,1.525));
#2628 = LINE('',#2629,#2630);
#2629 = CARTESIAN_POINT('',(-2.25,3.95,1.525));
#2630 = VECTOR('',#2631,1.);
#2631 = DIRECTION('',(-1.,0.,0.));
#2632 = ORIENTED_EDGE('',*,*,#2633,.T.);
#2633 = EDGE_CURVE('',#2624,#2634,#2636,.T.);
#2634 = VERTEX_POINT('',#2635);
#2635 = CARTESIAN_POINT('',(0.16,3.95,0.775));
#2636 = LINE('',#2637,#2638);
#2637 = CARTESIAN_POINT('',(0.16,3.95,1.125));
#2638 = VECTOR('',#2639,1.);
#2639 = DIRECTION('',(0.,0.,-1.));
#2640 = ORIENTED_EDGE('',*,*,#2641,.F.);
#2641 = EDGE_CURVE('',#2642,#2634,#2644,.T.);
#2642 = VERTEX_POINT('',#2643);
#2643 = CARTESIAN_POINT('',(-0.16,3.95,0.775));
#2644 = LINE('',#2645,#2646);
#2645 = CARTESIAN_POINT('',(-2.25,3.95,0.775));
#2646 = VECTOR('',#2647,1.);
#2647 = DIRECTION('',(1.,0.,0.));
#2648 = ORIENTED_EDGE('',*,*,#2649,.F.);
#2649 = EDGE_CURVE('',#2626,#2642,#2650,.T.);
#2650 = LINE('',#2651,#2652);
#2651 = CARTESIAN_POINT('',(-0.16,3.95,1.125));
#2652 = VECTOR('',#2653,1.);
#2653 = DIRECTION('',(0.,0.,-1.));
#2654 = FACE_BOUND('',#2655,.T.);
#2655 = EDGE_LOOP('',(#2656,#2666,#2674,#2682));
#2656 = ORIENTED_EDGE('',*,*,#2657,.F.);
#2657 = EDGE_CURVE('',#2658,#2660,#2662,.T.);
#2658 = VERTEX_POINT('',#2659);
#2659 = CARTESIAN_POINT('',(-1.09,3.95,1.525));
#2660 = VERTEX_POINT('',#2661);
#2661 = CARTESIAN_POINT('',(-1.41,3.95,1.525));
#2662 = LINE('',#2663,#2664);
#2663 = CARTESIAN_POINT('',(-2.25,3.95,1.525));
#2664 = VECTOR('',#2665,1.);
#2665 = DIRECTION('',(-1.,0.,0.));
#2666 = ORIENTED_EDGE('',*,*,#2667,.T.);
#2667 = EDGE_CURVE('',#2658,#2668,#2670,.T.);
#2668 = VERTEX_POINT('',#2669);
#2669 = CARTESIAN_POINT('',(-1.09,3.95,0.775));
#2670 = LINE('',#2671,#2672);
#2671 = CARTESIAN_POINT('',(-1.09,3.95,1.125));
#2672 = VECTOR('',#2673,1.);
#2673 = DIRECTION('',(0.,0.,-1.));
#2674 = ORIENTED_EDGE('',*,*,#2675,.F.);
#2675 = EDGE_CURVE('',#2676,#2668,#2678,.T.);
#2676 = VERTEX_POINT('',#2677);
#2677 = CARTESIAN_POINT('',(-1.41,3.95,0.775));
#2678 = LINE('',#2679,#2680);
#2679 = CARTESIAN_POINT('',(-2.25,3.95,0.775));
#2680 = VECTOR('',#2681,1.);
#2681 = DIRECTION('',(1.,0.,0.));
#2682 = ORIENTED_EDGE('',*,*,#2683,.F.);
#2683 = EDGE_CURVE('',#2660,#2676,#2684,.T.);
#2684 = LINE('',#2685,#2686);
#2685 = CARTESIAN_POINT('',(-1.41,3.95,1.125));
#2686 = VECTOR('',#2687,1.);
#2687 = DIRECTION('',(0.,0.,-1.));
#2688 = FACE_BOUND('',#2689,.T.);
#2689 = EDGE_LOOP('',(#2690,#2700,#2708,#2716));
#2690 = ORIENTED_EDGE('',*,*,#2691,.F.);
#2691 = EDGE_CURVE('',#2692,#2694,#2696,.T.);
#2692 = VERTEX_POINT('',#2693);
#2693 = CARTESIAN_POINT('',(1.41,3.95,1.525));
#2694 = VERTEX_POINT('',#2695);
#2695 = CARTESIAN_POINT('',(1.09,3.95,1.525));
#2696 = LINE('',#2697,#2698);
#2697 = CARTESIAN_POINT('',(-2.25,3.95,1.525));
#2698 = VECTOR('',#2699,1.);
#2699 = DIRECTION('',(-1.,0.,0.));
#2700 = ORIENTED_EDGE('',*,*,#2701,.T.);
#2701 = EDGE_CURVE('',#2692,#2702,#2704,.T.);
#2702 = VERTEX_POINT('',#2703);
#2703 = CARTESIAN_POINT('',(1.41,3.95,0.775));
#2704 = LINE('',#2705,#2706);
#2705 = CARTESIAN_POINT('',(1.41,3.95,1.125));
#2706 = VECTOR('',#2707,1.);
#2707 = DIRECTION('',(0.,0.,-1.));
#2708 = ORIENTED_EDGE('',*,*,#2709,.F.);
#2709 = EDGE_CURVE('',#2710,#2702,#2712,.T.);
#2710 = VERTEX_POINT('',#2711);
#2711 = CARTESIAN_POINT('',(1.09,3.95,0.775));
#2712 = LINE('',#2713,#2714);
#2713 = CARTESIAN_POINT('',(-2.25,3.95,0.775));
#2714 = VECTOR('',#2715,1.);
#2715 = DIRECTION('',(1.,0.,0.));
#2716 = ORIENTED_EDGE('',*,*,#2717,.F.);
#2717 = EDGE_CURVE('',#2694,#2710,#2718,.T.);
#2718 = LINE('',#2719,#2720);
#2719 = CARTESIAN_POINT('',(1.09,3.95,1.125));
#2720 = VECTOR('',#2721,1.);
#2721 = DIRECTION('',(0.,0.,-1.));
#2722 = FACE_BOUND('',#2723,.T.);
#2723 = EDGE_LOOP('',(#2724,#2725,#2726,#2727,#2728,#2729,#2730,#2731,
    #2732,#2733,#2734,#2735,#2736,#2737,#2738,#2739,#2740,#2741,#2742,
    #2743));
#2724 = ORIENTED_EDGE('',*,*,#2142,.F.);
#2725 = ORIENTED_EDGE('',*,*,#2181,.F.);
#2726 = ORIENTED_EDGE('',*,*,#2196,.F.);
#2727 = ORIENTED_EDGE('',*,*,#918,.F.);
#2728 = ORIENTED_EDGE('',*,*,#2227,.F.);
#2729 = ORIENTED_EDGE('',*,*,#1325,.F.);
#2730 = ORIENTED_EDGE('',*,*,#2258,.F.);
#2731 = ORIENTED_EDGE('',*,*,#2273,.F.);
#2732 = ORIENTED_EDGE('',*,*,#876,.F.);
#2733 = ORIENTED_EDGE('',*,*,#2311,.F.);
#2734 = ORIENTED_EDGE('',*,*,#2334,.F.);
#2735 = ORIENTED_EDGE('',*,*,#2357,.F.);
#2736 = ORIENTED_EDGE('',*,*,#817,.F.);
#2737 = ORIENTED_EDGE('',*,*,#2389,.F.);
#2738 = ORIENTED_EDGE('',*,*,#2445,.F.);
#2739 = ORIENTED_EDGE('',*,*,#2485,.F.);
#2740 = ORIENTED_EDGE('',*,*,#2539,.F.);
#2741 = ORIENTED_EDGE('',*,*,#775,.F.);
#2742 = ORIENTED_EDGE('',*,*,#2586,.F.);
#2743 = ORIENTED_EDGE('',*,*,#2609,.F.);
#2744 = PLANE('',#2745);
#2745 = AXIS2_PLACEMENT_3D('',#2746,#2747,#2748);
#2746 = CARTESIAN_POINT('',(-2.25,3.95,1.125));
#2747 = DIRECTION('',(-0.,1.,0.));
#2748 = DIRECTION('',(1.,0.,0.));
#2749 = ADVANCED_FACE('',(#2750),#2767,.T.);
#2750 = FACE_BOUND('',#2751,.T.);
#2751 = EDGE_LOOP('',(#2752,#2753,#2759,#2760,#2766));
#2752 = ORIENTED_EDGE('',*,*,#1499,.T.);
#2753 = ORIENTED_EDGE('',*,*,#2754,.T.);
#2754 = EDGE_CURVE('',#1492,#2523,#2755,.T.);
#2755 = LINE('',#2756,#2757);
#2756 = CARTESIAN_POINT('',(-1.215384615385,1.823076923077,2.8));
#2757 = VECTOR('',#2758,1.);
#2758 = DIRECTION('',(0.832050294338,0.554700196225,0.));
#2759 = ORIENTED_EDGE('',*,*,#2522,.T.);
#2760 = ORIENTED_EDGE('',*,*,#2761,.F.);
#2761 = EDGE_CURVE('',#1387,#2525,#2762,.T.);
#2762 = LINE('',#2763,#2764);
#2763 = CARTESIAN_POINT('',(-1.8,2.,2.8));
#2764 = VECTOR('',#2765,1.);
#2765 = DIRECTION('',(1.,0.,0.));
#2766 = ORIENTED_EDGE('',*,*,#1386,.T.);
#2767 = PLANE('',#2768);
#2768 = AXIS2_PLACEMENT_3D('',#2769,#2770,#2771);
#2769 = CARTESIAN_POINT('',(0.,0.,2.8));
#2770 = DIRECTION('',(0.,0.,1.));
#2771 = DIRECTION('',(1.,0.,-0.));
#2772 = ADVANCED_FACE('',(#2773),#2798,.F.);
#2773 = FACE_BOUND('',#2774,.T.);
#2774 = EDGE_LOOP('',(#2775,#2783,#2789,#2790,#2796,#2797));
#2775 = ORIENTED_EDGE('',*,*,#2776,.T.);
#2776 = EDGE_CURVE('',#1540,#2777,#2779,.T.);
#2777 = VERTEX_POINT('',#2778);
#2778 = CARTESIAN_POINT('',(1.8,2.,3.));
#2779 = LINE('',#2780,#2781);
#2780 = CARTESIAN_POINT('',(1.8,2.,2.8));
#2781 = VECTOR('',#2782,1.);
#2782 = DIRECTION('',(0.,0.,-1.));
#2783 = ORIENTED_EDGE('',*,*,#2784,.T.);
#2784 = EDGE_CURVE('',#2777,#2422,#2785,.T.);
#2785 = LINE('',#2786,#2787);
#2786 = CARTESIAN_POINT('',(2.75,2.,3.));
#2787 = VECTOR('',#2788,1.);
#2788 = DIRECTION('',(1.,0.,1.008560160452E-16));
#2789 = ORIENTED_EDGE('',*,*,#2421,.T.);
#2790 = ORIENTED_EDGE('',*,*,#2791,.T.);
#2791 = EDGE_CURVE('',#2414,#1800,#2792,.T.);
#2792 = LINE('',#2793,#2794);
#2793 = CARTESIAN_POINT('',(2.75,2.,2.8));
#2794 = VECTOR('',#2795,1.);
#2795 = DIRECTION('',(1.,0.,0.));
#2796 = ORIENTED_EDGE('',*,*,#1811,.T.);
#2797 = ORIENTED_EDGE('',*,*,#1537,.T.);
#2798 = PLANE('',#2799);
#2799 = AXIS2_PLACEMENT_3D('',#2800,#2801,#2802);
#2800 = CARTESIAN_POINT('',(2.75,2.,2.8));
#2801 = DIRECTION('',(-0.,1.,0.));
#2802 = DIRECTION('',(1.,0.,0.));
#2803 = ADVANCED_FACE('',(#2804),#2829,.F.);
#2804 = FACE_BOUND('',#2805,.T.);
#2805 = EDGE_LOOP('',(#2806,#2807,#2813,#2814,#2815,#2823));
#2806 = ORIENTED_EDGE('',*,*,#2500,.F.);
#2807 = ORIENTED_EDGE('',*,*,#2808,.T.);
#2808 = EDGE_CURVE('',#2493,#2777,#2809,.T.);
#2809 = LINE('',#2810,#2811);
#2810 = CARTESIAN_POINT('',(1.8,2.2,2.8));
#2811 = VECTOR('',#2812,1.);
#2812 = DIRECTION('',(0.,-0.707106781187,0.707106781187));
#2813 = ORIENTED_EDGE('',*,*,#2776,.F.);
#2814 = ORIENTED_EDGE('',*,*,#1586,.T.);
#2815 = ORIENTED_EDGE('',*,*,#2816,.T.);
#2816 = EDGE_CURVE('',#1579,#2817,#2819,.T.);
#2817 = VERTEX_POINT('',#2818);
#2818 = CARTESIAN_POINT('',(1.8,2.6,3.));
#2819 = LINE('',#2820,#2821);
#2820 = CARTESIAN_POINT('',(1.8,2.6,2.8));
#2821 = VECTOR('',#2822,1.);
#2822 = DIRECTION('',(0.,0.,-1.));
#2823 = ORIENTED_EDGE('',*,*,#2824,.T.);
#2824 = EDGE_CURVE('',#2817,#2501,#2825,.T.);
#2825 = LINE('',#2826,#2827);
#2826 = CARTESIAN_POINT('',(1.8,2.4,3.2));
#2827 = VECTOR('',#2828,1.);
#2828 = DIRECTION('',(0.,0.707106781187,-0.707106781187));
#2829 = PLANE('',#2830);
#2830 = AXIS2_PLACEMENT_3D('',#2831,#2832,#2833);
#2831 = CARTESIAN_POINT('',(1.8,2.,2.8));
#2832 = DIRECTION('',(1.,0.,0.));
#2833 = DIRECTION('',(-0.,1.,0.));
#2834 = ADVANCED_FACE('',(#2835),#2853,.F.);
#2835 = FACE_BOUND('',#2836,.T.);
#2836 = EDGE_LOOP('',(#2837,#2845,#2851,#2852));
#2837 = ORIENTED_EDGE('',*,*,#2838,.T.);
#2838 = EDGE_CURVE('',#1571,#2839,#2841,.T.);
#2839 = VERTEX_POINT('',#2840);
#2840 = CARTESIAN_POINT('',(-1.8,2.6,3.));
#2841 = LINE('',#2842,#2843);
#2842 = CARTESIAN_POINT('',(-1.8,2.6,2.8));
#2843 = VECTOR('',#2844,1.);
#2844 = DIRECTION('',(0.,0.,-1.));
#2845 = ORIENTED_EDGE('',*,*,#2846,.T.);
#2846 = EDGE_CURVE('',#2839,#2817,#2847,.T.);
#2847 = LINE('',#2848,#2849);
#2848 = CARTESIAN_POINT('',(1.8,2.6,3.));
#2849 = VECTOR('',#2850,1.);
#2850 = DIRECTION('',(1.,7.228014483237E-16,1.008560160452E-16));
#2851 = ORIENTED_EDGE('',*,*,#2816,.F.);
#2852 = ORIENTED_EDGE('',*,*,#1578,.T.);
#2853 = PLANE('',#2854);
#2854 = AXIS2_PLACEMENT_3D('',#2855,#2856,#2857);
#2855 = CARTESIAN_POINT('',(1.8,2.6,2.8));
#2856 = DIRECTION('',(-7.228014483237E-16,1.,0.));
#2857 = DIRECTION('',(1.,7.228014483237E-16,-0.));
#2858 = ADVANCED_FACE('',(#2859),#2884,.F.);
#2859 = FACE_BOUND('',#2860,.T.);
#2860 = EDGE_LOOP('',(#2861,#2869,#2875,#2876,#2882,#2883));
#2861 = ORIENTED_EDGE('',*,*,#2862,.T.);
#2862 = EDGE_CURVE('',#1563,#2863,#2865,.T.);
#2863 = VERTEX_POINT('',#2864);
#2864 = CARTESIAN_POINT('',(-1.8,2.,3.));
#2865 = LINE('',#2866,#2867);
#2866 = CARTESIAN_POINT('',(-1.8,2.,2.8));
#2867 = VECTOR('',#2868,1.);
#2868 = DIRECTION('',(0.,0.,-1.));
#2869 = ORIENTED_EDGE('',*,*,#2870,.T.);
#2870 = EDGE_CURVE('',#2863,#2462,#2871,.T.);
#2871 = LINE('',#2872,#2873);
#2872 = CARTESIAN_POINT('',(-1.8,2.2,2.8));
#2873 = VECTOR('',#2874,1.);
#2874 = DIRECTION('',(0.,0.707106781187,-0.707106781187));
#2875 = ORIENTED_EDGE('',*,*,#2459,.F.);
#2876 = ORIENTED_EDGE('',*,*,#2877,.T.);
#2877 = EDGE_CURVE('',#2460,#2839,#2878,.T.);
#2878 = LINE('',#2879,#2880);
#2879 = CARTESIAN_POINT('',(-1.8,2.7,2.9));
#2880 = VECTOR('',#2881,1.);
#2881 = DIRECTION('',(0.,-0.707106781187,0.707106781187));
#2882 = ORIENTED_EDGE('',*,*,#2838,.F.);
#2883 = ORIENTED_EDGE('',*,*,#1570,.T.);
#2884 = PLANE('',#2885);
#2885 = AXIS2_PLACEMENT_3D('',#2886,#2887,#2888);
#2886 = CARTESIAN_POINT('',(-1.8,2.6,2.8));
#2887 = DIRECTION('',(-1.,0.,0.));
#2888 = DIRECTION('',(0.,0.,1.));
#2889 = ADVANCED_FACE('',(#2890),#2903,.F.);
#2890 = FACE_BOUND('',#2891,.T.);
#2891 = EDGE_LOOP('',(#2892,#2893,#2894,#2900,#2901,#2902));
#2892 = ORIENTED_EDGE('',*,*,#2761,.T.);
#2893 = ORIENTED_EDGE('',*,*,#2554,.T.);
#2894 = ORIENTED_EDGE('',*,*,#2895,.T.);
#2895 = EDGE_CURVE('',#2547,#2863,#2896,.T.);
#2896 = LINE('',#2897,#2898);
#2897 = CARTESIAN_POINT('',(-1.8,2.,3.));
#2898 = VECTOR('',#2899,1.);
#2899 = DIRECTION('',(1.,0.,1.008560160452E-16));
#2900 = ORIENTED_EDGE('',*,*,#2862,.F.);
#2901 = ORIENTED_EDGE('',*,*,#1562,.T.);
#2902 = ORIENTED_EDGE('',*,*,#1396,.F.);
#2903 = PLANE('',#2904);
#2904 = AXIS2_PLACEMENT_3D('',#2905,#2906,#2907);
#2905 = CARTESIAN_POINT('',(-1.8,2.,2.8));
#2906 = DIRECTION('',(-0.,1.,0.));
#2907 = DIRECTION('',(1.,0.,0.));
#2908 = ADVANCED_FACE('',(#2909),#2921,.T.);
#2909 = FACE_BOUND('',#2910,.T.);
#2910 = EDGE_LOOP('',(#2911,#2912,#2918,#2919,#2920));
#2911 = ORIENTED_EDGE('',*,*,#2413,.F.);
#2912 = ORIENTED_EDGE('',*,*,#2913,.T.);
#2913 = EDGE_CURVE('',#2406,#992,#2914,.T.);
#2914 = LINE('',#2915,#2916);
#2915 = CARTESIAN_POINT('',(1.215384615385,1.823076923077,2.8));
#2916 = VECTOR('',#2917,1.);
#2917 = DIRECTION('',(0.832050294338,-0.554700196225,0.));
#2918 = ORIENTED_EDGE('',*,*,#991,.T.);
#2919 = ORIENTED_EDGE('',*,*,#1799,.T.);
#2920 = ORIENTED_EDGE('',*,*,#2791,.F.);
#2921 = PLANE('',#2922);
#2922 = AXIS2_PLACEMENT_3D('',#2923,#2924,#2925);
#2923 = CARTESIAN_POINT('',(0.,0.,2.8));
#2924 = DIRECTION('',(0.,0.,1.));
#2925 = DIRECTION('',(1.,0.,-0.));
#2926 = ADVANCED_FACE('',(#2927),#2952,.T.);
#2927 = FACE_BOUND('',#2928,.T.);
#2928 = EDGE_LOOP('',(#2929,#2937,#2938,#2946));
#2929 = ORIENTED_EDGE('',*,*,#2930,.F.);
#2930 = EDGE_CURVE('',#1768,#2931,#2933,.T.);
#2931 = VERTEX_POINT('',#2932);
#2932 = CARTESIAN_POINT('',(3.25,4.2,2.));
#2933 = LINE('',#2934,#2935);
#2934 = CARTESIAN_POINT('',(2.75,4.2,2.5));
#2935 = VECTOR('',#2936,1.);
#2936 = DIRECTION('',(0.707106781187,7.35980840008E-15,-0.707106781187)
  );
#2937 = ORIENTED_EDGE('',*,*,#1791,.F.);
#2938 = ORIENTED_EDGE('',*,*,#2939,.T.);
#2939 = EDGE_CURVE('',#1784,#2940,#2942,.T.);
#2940 = VERTEX_POINT('',#2941);
#2941 = CARTESIAN_POINT('',(3.25,1.4,2.));
#2942 = LINE('',#2943,#2944);
#2943 = CARTESIAN_POINT('',(2.75,1.4,2.5));
#2944 = VECTOR('',#2945,1.);
#2945 = DIRECTION('',(0.707106781187,7.35980840008E-15,-0.707106781187)
  );
#2946 = ORIENTED_EDGE('',*,*,#2947,.T.);
#2947 = EDGE_CURVE('',#2940,#2931,#2948,.T.);
#2948 = LINE('',#2949,#2950);
#2949 = CARTESIAN_POINT('',(3.25,1.4,2.));
#2950 = VECTOR('',#2951,1.);
#2951 = DIRECTION('',(0.,1.,0.));
#2952 = PLANE('',#2953);
#2953 = AXIS2_PLACEMENT_3D('',#2954,#2955,#2956);
#2954 = CARTESIAN_POINT('',(2.75,1.4,2.5));
#2955 = DIRECTION('',(0.707106781187,0.,0.707106781187));
#2956 = DIRECTION('',(0.,-1.,0.));
#2957 = ADVANCED_FACE('',(#2958),#2983,.T.);
#2958 = FACE_BOUND('',#2959,.T.);
#2959 = EDGE_LOOP('',(#2960,#2968,#2969,#2977));
#2960 = ORIENTED_EDGE('',*,*,#2961,.F.);
#2961 = EDGE_CURVE('',#2931,#2962,#2964,.T.);
#2962 = VERTEX_POINT('',#2963);
#2963 = CARTESIAN_POINT('',(4.05,4.2,2.));
#2964 = LINE('',#2965,#2966);
#2965 = CARTESIAN_POINT('',(3.25,4.2,2.));
#2966 = VECTOR('',#2967,1.);
#2967 = DIRECTION('',(1.,0.,-5.421010862428E-16));
#2968 = ORIENTED_EDGE('',*,*,#2947,.F.);
#2969 = ORIENTED_EDGE('',*,*,#2970,.T.);
#2970 = EDGE_CURVE('',#2940,#2971,#2973,.T.);
#2971 = VERTEX_POINT('',#2972);
#2972 = CARTESIAN_POINT('',(4.05,1.4,2.));
#2973 = LINE('',#2974,#2975);
#2974 = CARTESIAN_POINT('',(3.25,1.4,2.));
#2975 = VECTOR('',#2976,1.);
#2976 = DIRECTION('',(1.,0.,-5.421010862428E-16));
#2977 = ORIENTED_EDGE('',*,*,#2978,.T.);
#2978 = EDGE_CURVE('',#2971,#2962,#2979,.T.);
#2979 = LINE('',#2980,#2981);
#2980 = CARTESIAN_POINT('',(4.05,1.4,2.));
#2981 = VECTOR('',#2982,1.);
#2982 = DIRECTION('',(0.,1.,0.));
#2983 = PLANE('',#2984);
#2984 = AXIS2_PLACEMENT_3D('',#2985,#2986,#2987);
#2985 = CARTESIAN_POINT('',(3.25,1.4,2.));
#2986 = DIRECTION('',(5.421010862428E-16,0.,1.));
#2987 = DIRECTION('',(1.,0.,-5.421010862428E-16));
#2988 = ADVANCED_FACE('',(#2989),#3014,.T.);
#2989 = FACE_BOUND('',#2990,.T.);
#2990 = EDGE_LOOP('',(#2991,#2999,#3000,#3008));
#2991 = ORIENTED_EDGE('',*,*,#2992,.F.);
#2992 = EDGE_CURVE('',#2962,#2993,#2995,.T.);
#2993 = VERTEX_POINT('',#2994);
#2994 = CARTESIAN_POINT('',(4.25,4.2,1.8));
#2995 = LINE('',#2996,#2997);
#2996 = CARTESIAN_POINT('',(4.05,4.2,2.));
#2997 = VECTOR('',#2998,1.);
#2998 = DIRECTION('',(0.707106781187,0.,-0.707106781187));
#2999 = ORIENTED_EDGE('',*,*,#2978,.F.);
#3000 = ORIENTED_EDGE('',*,*,#3001,.T.);
#3001 = EDGE_CURVE('',#2971,#3002,#3004,.T.);
#3002 = VERTEX_POINT('',#3003);
#3003 = CARTESIAN_POINT('',(4.25,1.4,1.8));
#3004 = LINE('',#3005,#3006);
#3005 = CARTESIAN_POINT('',(4.05,1.4,2.));
#3006 = VECTOR('',#3007,1.);
#3007 = DIRECTION('',(0.707106781187,0.,-0.707106781187));
#3008 = ORIENTED_EDGE('',*,*,#3009,.T.);
#3009 = EDGE_CURVE('',#3002,#2993,#3010,.T.);
#3010 = LINE('',#3011,#3012);
#3011 = CARTESIAN_POINT('',(4.25,1.4,1.8));
#3012 = VECTOR('',#3013,1.);
#3013 = DIRECTION('',(0.,1.,0.));
#3014 = PLANE('',#3015);
#3015 = AXIS2_PLACEMENT_3D('',#3016,#3017,#3018);
#3016 = CARTESIAN_POINT('',(4.05,1.4,2.));
#3017 = DIRECTION('',(0.707106781187,0.,0.707106781187));
#3018 = DIRECTION('',(0.,-1.,0.));
#3019 = ADVANCED_FACE('',(#3020),#3045,.T.);
#3020 = FACE_BOUND('',#3021,.T.);
#3021 = EDGE_LOOP('',(#3022,#3030,#3031,#3039));
#3022 = ORIENTED_EDGE('',*,*,#3023,.F.);
#3023 = EDGE_CURVE('',#2993,#3024,#3026,.T.);
#3024 = VERTEX_POINT('',#3025);
#3025 = CARTESIAN_POINT('',(4.25,4.2,0.6));
#3026 = LINE('',#3027,#3028);
#3027 = CARTESIAN_POINT('',(4.25,4.2,1.8));
#3028 = VECTOR('',#3029,1.);
#3029 = DIRECTION('',(0.,3.614007241618E-15,-1.));
#3030 = ORIENTED_EDGE('',*,*,#3009,.F.);
#3031 = ORIENTED_EDGE('',*,*,#3032,.T.);
#3032 = EDGE_CURVE('',#3002,#3033,#3035,.T.);
#3033 = VERTEX_POINT('',#3034);
#3034 = CARTESIAN_POINT('',(4.25,1.4,0.6));
#3035 = LINE('',#3036,#3037);
#3036 = CARTESIAN_POINT('',(4.25,1.4,1.8));
#3037 = VECTOR('',#3038,1.);
#3038 = DIRECTION('',(0.,3.614007241618E-15,-1.));
#3039 = ORIENTED_EDGE('',*,*,#3040,.T.);
#3040 = EDGE_CURVE('',#3033,#3024,#3041,.T.);
#3041 = LINE('',#3042,#3043);
#3042 = CARTESIAN_POINT('',(4.25,1.4,0.6));
#3043 = VECTOR('',#3044,1.);
#3044 = DIRECTION('',(0.,1.,0.));
#3045 = PLANE('',#3046);
#3046 = AXIS2_PLACEMENT_3D('',#3047,#3048,#3049);
#3047 = CARTESIAN_POINT('',(4.25,1.4,1.8));
#3048 = DIRECTION('',(1.,0.,0.));
#3049 = DIRECTION('',(-0.,1.,0.));
#3050 = ADVANCED_FACE('',(#3051),#3076,.T.);
#3051 = FACE_BOUND('',#3052,.T.);
#3052 = EDGE_LOOP('',(#3053,#3061,#3062,#3070));
#3053 = ORIENTED_EDGE('',*,*,#3054,.F.);
#3054 = EDGE_CURVE('',#3024,#3055,#3057,.T.);
#3055 = VERTEX_POINT('',#3056);
#3056 = CARTESIAN_POINT('',(3.75,4.2,0.1));
#3057 = LINE('',#3058,#3059);
#3058 = CARTESIAN_POINT('',(4.25,4.2,0.6));
#3059 = VECTOR('',#3060,1.);
#3060 = DIRECTION('',(-0.707106781187,0.,-0.707106781187));
#3061 = ORIENTED_EDGE('',*,*,#3040,.F.);
#3062 = ORIENTED_EDGE('',*,*,#3063,.T.);
#3063 = EDGE_CURVE('',#3033,#3064,#3066,.T.);
#3064 = VERTEX_POINT('',#3065);
#3065 = CARTESIAN_POINT('',(3.75,1.4,0.1));
#3066 = LINE('',#3067,#3068);
#3067 = CARTESIAN_POINT('',(4.25,1.4,0.6));
#3068 = VECTOR('',#3069,1.);
#3069 = DIRECTION('',(-0.707106781187,0.,-0.707106781187));
#3070 = ORIENTED_EDGE('',*,*,#3071,.T.);
#3071 = EDGE_CURVE('',#3064,#3055,#3072,.T.);
#3072 = LINE('',#3073,#3074);
#3073 = CARTESIAN_POINT('',(3.75,1.4,0.1));
#3074 = VECTOR('',#3075,1.);
#3075 = DIRECTION('',(0.,1.,0.));
#3076 = PLANE('',#3077);
#3077 = AXIS2_PLACEMENT_3D('',#3078,#3079,#3080);
#3078 = CARTESIAN_POINT('',(4.25,1.4,0.6));
#3079 = DIRECTION('',(0.707106781187,0.,-0.707106781187));
#3080 = DIRECTION('',(0.,-1.,0.));
#3081 = ADVANCED_FACE('',(#3082),#3130,.T.);
#3082 = FACE_BOUND('',#3083,.T.);
#3083 = EDGE_LOOP('',(#3084,#3094,#3100,#3101,#3107,#3108,#3116,#3124));
#3084 = ORIENTED_EDGE('',*,*,#3085,.F.);
#3085 = EDGE_CURVE('',#3086,#3088,#3090,.T.);
#3086 = VERTEX_POINT('',#3087);
#3087 = CARTESIAN_POINT('',(3.287712434447,4.2,0.1));
#3088 = VERTEX_POINT('',#3089);
#3089 = CARTESIAN_POINT('',(3.287712434447,2.,0.1));
#3090 = LINE('',#3091,#3092);
#3091 = CARTESIAN_POINT('',(3.287712434447,2.,0.1));
#3092 = VECTOR('',#3093,1.);
#3093 = DIRECTION('',(0.,-1.,0.));
#3094 = ORIENTED_EDGE('',*,*,#3095,.F.);
#3095 = EDGE_CURVE('',#3055,#3086,#3096,.T.);
#3096 = LINE('',#3097,#3098);
#3097 = CARTESIAN_POINT('',(3.75,4.2,0.1));
#3098 = VECTOR('',#3099,1.);
#3099 = DIRECTION('',(-1.,0.,5.421010862428E-17));
#3100 = ORIENTED_EDGE('',*,*,#3071,.F.);
#3101 = ORIENTED_EDGE('',*,*,#3102,.T.);
#3102 = EDGE_CURVE('',#3064,#1776,#3103,.T.);
#3103 = LINE('',#3104,#3105);
#3104 = CARTESIAN_POINT('',(3.75,1.4,0.1));
#3105 = VECTOR('',#3106,1.);
#3106 = DIRECTION('',(-1.,0.,5.421010862428E-17));
#3107 = ORIENTED_EDGE('',*,*,#1775,.T.);
#3108 = ORIENTED_EDGE('',*,*,#3109,.F.);
#3109 = EDGE_CURVE('',#3110,#1766,#3112,.T.);
#3110 = VERTEX_POINT('',#3111);
#3111 = CARTESIAN_POINT('',(2.995735931288,4.2,0.1));
#3112 = LINE('',#3113,#3114);
#3113 = CARTESIAN_POINT('',(3.75,4.2,0.1));
#3114 = VECTOR('',#3115,1.);
#3115 = DIRECTION('',(-1.,0.,5.421010862428E-17));
#3116 = ORIENTED_EDGE('',*,*,#3117,.F.);
#3117 = EDGE_CURVE('',#3118,#3110,#3120,.T.);
#3118 = VERTEX_POINT('',#3119);
#3119 = CARTESIAN_POINT('',(2.995735931288,2.,0.1));
#3120 = LINE('',#3121,#3122);
#3121 = CARTESIAN_POINT('',(2.995735931288,2.,0.1));
#3122 = VECTOR('',#3123,1.);
#3123 = DIRECTION('',(0.,1.,0.));
#3124 = ORIENTED_EDGE('',*,*,#3125,.F.);
#3125 = EDGE_CURVE('',#3088,#3118,#3126,.T.);
#3126 = LINE('',#3127,#3128);
#3127 = CARTESIAN_POINT('',(3.75,2.,0.1));
#3128 = VECTOR('',#3129,1.);
#3129 = DIRECTION('',(-1.,0.,5.421010862428E-17));
#3130 = PLANE('',#3131);
#3131 = AXIS2_PLACEMENT_3D('',#3132,#3133,#3134);
#3132 = CARTESIAN_POINT('',(3.75,1.4,0.1));
#3133 = DIRECTION('',(-5.421010862428E-17,0.,-1.));
#3134 = DIRECTION('',(-1.,0.,5.421010862428E-17));
#3135 = ADVANCED_FACE('',(#3136),#3145,.F.);
#3136 = FACE_BOUND('',#3137,.T.);
#3137 = EDGE_LOOP('',(#3138,#3139,#3140,#3141,#3142,#3143,#3144));
#3138 = ORIENTED_EDGE('',*,*,#1783,.F.);
#3139 = ORIENTED_EDGE('',*,*,#3102,.F.);
#3140 = ORIENTED_EDGE('',*,*,#3063,.F.);
#3141 = ORIENTED_EDGE('',*,*,#3032,.F.);
#3142 = ORIENTED_EDGE('',*,*,#3001,.F.);
#3143 = ORIENTED_EDGE('',*,*,#2970,.F.);
#3144 = ORIENTED_EDGE('',*,*,#2939,.F.);
#3145 = PLANE('',#3146);
#3146 = AXIS2_PLACEMENT_3D('',#3147,#3148,#3149);
#3147 = CARTESIAN_POINT('',(1.120637947784E-29,1.4,2.067212142206E-14));
#3148 = DIRECTION('',(2.155072976508E-30,1.,3.97540796578E-15));
#3149 = DIRECTION('',(0.,3.97540796578E-15,-1.));
#3150 = ADVANCED_FACE('',(#3151),#3201,.T.);
#3151 = FACE_BOUND('',#3152,.T.);
#3152 = EDGE_LOOP('',(#3153,#3163,#3171,#3179,#3186,#3187,#3188,#3189,
    #3190,#3191,#3192,#3193,#3194));
#3153 = ORIENTED_EDGE('',*,*,#3154,.T.);
#3154 = EDGE_CURVE('',#3155,#3157,#3159,.T.);
#3155 = VERTEX_POINT('',#3156);
#3156 = CARTESIAN_POINT('',(3.42,4.2,5.E-02));
#3157 = VERTEX_POINT('',#3158);
#3158 = CARTESIAN_POINT('',(4.25,4.2,5.E-02));
#3159 = LINE('',#3160,#3161);
#3160 = CARTESIAN_POINT('',(3.42,4.2,5.E-02));
#3161 = VECTOR('',#3162,1.);
#3162 = DIRECTION('',(1.,0.,0.));
#3163 = ORIENTED_EDGE('',*,*,#3164,.T.);
#3164 = EDGE_CURVE('',#3157,#3165,#3167,.T.);
#3165 = VERTEX_POINT('',#3166);
#3166 = CARTESIAN_POINT('',(4.25,4.2,-0.2));
#3167 = LINE('',#3168,#3169);
#3168 = CARTESIAN_POINT('',(4.25,4.2,2.067212142206E-14));
#3169 = VECTOR('',#3170,1.);
#3170 = DIRECTION('',(0.,3.97540796578E-15,-1.));
#3171 = ORIENTED_EDGE('',*,*,#3172,.T.);
#3172 = EDGE_CURVE('',#3165,#3173,#3175,.T.);
#3173 = VERTEX_POINT('',#3174);
#3174 = CARTESIAN_POINT('',(3.42,4.2,-0.2));
#3175 = LINE('',#3176,#3177);
#3176 = CARTESIAN_POINT('',(4.45,4.2,-0.2));
#3177 = VECTOR('',#3178,1.);
#3178 = DIRECTION('',(-1.,0.,0.));
#3179 = ORIENTED_EDGE('',*,*,#3180,.T.);
#3180 = EDGE_CURVE('',#3173,#3110,#3181,.T.);
#3181 = CIRCLE('',#3182,0.45);
#3182 = AXIS2_PLACEMENT_3D('',#3183,#3184,#3185);
#3183 = CARTESIAN_POINT('',(3.42,4.2,0.25));
#3184 = DIRECTION('',(0.,1.,0.));
#3185 = DIRECTION('',(-1.,0.,-2.409338161079E-16));
#3186 = ORIENTED_EDGE('',*,*,#3109,.T.);
#3187 = ORIENTED_EDGE('',*,*,#1765,.T.);
#3188 = ORIENTED_EDGE('',*,*,#2930,.T.);
#3189 = ORIENTED_EDGE('',*,*,#2961,.T.);
#3190 = ORIENTED_EDGE('',*,*,#2992,.T.);
#3191 = ORIENTED_EDGE('',*,*,#3023,.T.);
#3192 = ORIENTED_EDGE('',*,*,#3054,.T.);
#3193 = ORIENTED_EDGE('',*,*,#3095,.T.);
#3194 = ORIENTED_EDGE('',*,*,#3195,.T.);
#3195 = EDGE_CURVE('',#3086,#3155,#3196,.T.);
#3196 = CIRCLE('',#3197,0.2);
#3197 = AXIS2_PLACEMENT_3D('',#3198,#3199,#3200);
#3198 = CARTESIAN_POINT('',(3.42,4.2,0.25));
#3199 = DIRECTION('',(0.,-1.,0.));
#3200 = DIRECTION('',(-1.,0.,2.710505431214E-16));
#3201 = PLANE('',#3202);
#3202 = AXIS2_PLACEMENT_3D('',#3203,#3204,#3205);
#3203 = CARTESIAN_POINT('',(1.120637947784E-29,4.2,2.067212142206E-14));
#3204 = DIRECTION('',(2.155072976508E-30,1.,3.97540796578E-15));
#3205 = DIRECTION('',(0.,3.97540796578E-15,-1.));
#3206 = ADVANCED_FACE('',(#3207),#3241,.T.);
#3207 = FACE_BOUND('',#3208,.T.);
#3208 = EDGE_LOOP('',(#3209,#3219,#3227,#3235));
#3209 = ORIENTED_EDGE('',*,*,#3210,.F.);
#3210 = EDGE_CURVE('',#3211,#3213,#3215,.T.);
#3211 = VERTEX_POINT('',#3212);
#3212 = CARTESIAN_POINT('',(-4.25,4.2,0.6));
#3213 = VERTEX_POINT('',#3214);
#3214 = CARTESIAN_POINT('',(-4.25,4.2,1.8));
#3215 = LINE('',#3216,#3217);
#3216 = CARTESIAN_POINT('',(-4.25,4.2,0.6));
#3217 = VECTOR('',#3218,1.);
#3218 = DIRECTION('',(0.,-3.614007241618E-15,1.));
#3219 = ORIENTED_EDGE('',*,*,#3220,.F.);
#3220 = EDGE_CURVE('',#3221,#3211,#3223,.T.);
#3221 = VERTEX_POINT('',#3222);
#3222 = CARTESIAN_POINT('',(-4.25,1.4,0.6));
#3223 = LINE('',#3224,#3225);
#3224 = CARTESIAN_POINT('',(-4.25,1.4,0.6));
#3225 = VECTOR('',#3226,1.);
#3226 = DIRECTION('',(0.,1.,0.));
#3227 = ORIENTED_EDGE('',*,*,#3228,.T.);
#3228 = EDGE_CURVE('',#3221,#3229,#3231,.T.);
#3229 = VERTEX_POINT('',#3230);
#3230 = CARTESIAN_POINT('',(-4.25,1.4,1.8));
#3231 = LINE('',#3232,#3233);
#3232 = CARTESIAN_POINT('',(-4.25,1.4,0.6));
#3233 = VECTOR('',#3234,1.);
#3234 = DIRECTION('',(0.,-3.614007241618E-15,1.));
#3235 = ORIENTED_EDGE('',*,*,#3236,.T.);
#3236 = EDGE_CURVE('',#3229,#3213,#3237,.T.);
#3237 = LINE('',#3238,#3239);
#3238 = CARTESIAN_POINT('',(-4.25,1.4,1.8));
#3239 = VECTOR('',#3240,1.);
#3240 = DIRECTION('',(0.,1.,0.));
#3241 = PLANE('',#3242);
#3242 = AXIS2_PLACEMENT_3D('',#3243,#3244,#3245);
#3243 = CARTESIAN_POINT('',(-4.25,1.4,0.6));
#3244 = DIRECTION('',(-1.,0.,0.));
#3245 = DIRECTION('',(0.,0.,1.));
#3246 = ADVANCED_FACE('',(#3247),#3272,.T.);
#3247 = FACE_BOUND('',#3248,.T.);
#3248 = EDGE_LOOP('',(#3249,#3257,#3258,#3266));
#3249 = ORIENTED_EDGE('',*,*,#3250,.F.);
#3250 = EDGE_CURVE('',#3213,#3251,#3253,.T.);
#3251 = VERTEX_POINT('',#3252);
#3252 = CARTESIAN_POINT('',(-4.05,4.2,2.));
#3253 = LINE('',#3254,#3255);
#3254 = CARTESIAN_POINT('',(-4.25,4.2,1.8));
#3255 = VECTOR('',#3256,1.);
#3256 = DIRECTION('',(0.707106781187,0.,0.707106781187));
#3257 = ORIENTED_EDGE('',*,*,#3236,.F.);
#3258 = ORIENTED_EDGE('',*,*,#3259,.T.);
#3259 = EDGE_CURVE('',#3229,#3260,#3262,.T.);
#3260 = VERTEX_POINT('',#3261);
#3261 = CARTESIAN_POINT('',(-4.05,1.4,2.));
#3262 = LINE('',#3263,#3264);
#3263 = CARTESIAN_POINT('',(-4.25,1.4,1.8));
#3264 = VECTOR('',#3265,1.);
#3265 = DIRECTION('',(0.707106781187,0.,0.707106781187));
#3266 = ORIENTED_EDGE('',*,*,#3267,.T.);
#3267 = EDGE_CURVE('',#3260,#3251,#3268,.T.);
#3268 = LINE('',#3269,#3270);
#3269 = CARTESIAN_POINT('',(-4.05,1.4,2.));
#3270 = VECTOR('',#3271,1.);
#3271 = DIRECTION('',(0.,1.,0.));
#3272 = PLANE('',#3273);
#3273 = AXIS2_PLACEMENT_3D('',#3274,#3275,#3276);
#3274 = CARTESIAN_POINT('',(-4.25,1.4,1.8));
#3275 = DIRECTION('',(-0.707106781187,0.,0.707106781187));
#3276 = DIRECTION('',(0.,1.,0.));
#3277 = ADVANCED_FACE('',(#3278),#3303,.T.);
#3278 = FACE_BOUND('',#3279,.T.);
#3279 = EDGE_LOOP('',(#3280,#3288,#3289,#3297));
#3280 = ORIENTED_EDGE('',*,*,#3281,.F.);
#3281 = EDGE_CURVE('',#3251,#3282,#3284,.T.);
#3282 = VERTEX_POINT('',#3283);
#3283 = CARTESIAN_POINT('',(-3.25,4.2,2.));
#3284 = LINE('',#3285,#3286);
#3285 = CARTESIAN_POINT('',(-4.05,4.2,2.));
#3286 = VECTOR('',#3287,1.);
#3287 = DIRECTION('',(1.,0.,0.));
#3288 = ORIENTED_EDGE('',*,*,#3267,.F.);
#3289 = ORIENTED_EDGE('',*,*,#3290,.T.);
#3290 = EDGE_CURVE('',#3260,#3291,#3293,.T.);
#3291 = VERTEX_POINT('',#3292);
#3292 = CARTESIAN_POINT('',(-3.25,1.4,2.));
#3293 = LINE('',#3294,#3295);
#3294 = CARTESIAN_POINT('',(-4.05,1.4,2.));
#3295 = VECTOR('',#3296,1.);
#3296 = DIRECTION('',(1.,0.,0.));
#3297 = ORIENTED_EDGE('',*,*,#3298,.T.);
#3298 = EDGE_CURVE('',#3291,#3282,#3299,.T.);
#3299 = LINE('',#3300,#3301);
#3300 = CARTESIAN_POINT('',(-3.25,1.4,2.));
#3301 = VECTOR('',#3302,1.);
#3302 = DIRECTION('',(0.,1.,0.));
#3303 = PLANE('',#3304);
#3304 = AXIS2_PLACEMENT_3D('',#3305,#3306,#3307);
#3305 = CARTESIAN_POINT('',(-4.05,1.4,2.));
#3306 = DIRECTION('',(0.,0.,1.));
#3307 = DIRECTION('',(1.,0.,-0.));
#3308 = ADVANCED_FACE('',(#3309),#3325,.T.);
#3309 = FACE_BOUND('',#3310,.T.);
#3310 = EDGE_LOOP('',(#3311,#3317,#3318,#3324));
#3311 = ORIENTED_EDGE('',*,*,#3312,.F.);
#3312 = EDGE_CURVE('',#3282,#1428,#3313,.T.);
#3313 = LINE('',#3314,#3315);
#3314 = CARTESIAN_POINT('',(-3.25,4.2,2.));
#3315 = VECTOR('',#3316,1.);
#3316 = DIRECTION('',(0.707106781187,-7.35980840008E-15,0.707106781187)
  );
#3317 = ORIENTED_EDGE('',*,*,#3298,.F.);
#3318 = ORIENTED_EDGE('',*,*,#3319,.T.);
#3319 = EDGE_CURVE('',#3291,#1438,#3320,.T.);
#3320 = LINE('',#3321,#3322);
#3321 = CARTESIAN_POINT('',(-3.25,1.4,2.));
#3322 = VECTOR('',#3323,1.);
#3323 = DIRECTION('',(0.707106781187,-7.35980840008E-15,0.707106781187)
  );
#3324 = ORIENTED_EDGE('',*,*,#1437,.T.);
#3325 = PLANE('',#3326);
#3326 = AXIS2_PLACEMENT_3D('',#3327,#3328,#3329);
#3327 = CARTESIAN_POINT('',(-3.25,1.4,2.));
#3328 = DIRECTION('',(-0.707106781187,0.,0.707106781187));
#3329 = DIRECTION('',(0.,1.,0.));
#3330 = ADVANCED_FACE('',(#3331),#3388,.T.);
#3331 = FACE_BOUND('',#3332,.T.);
#3332 = EDGE_LOOP('',(#3333,#3343,#3351,#3359,#3365,#3366,#3374,#3382));
#3333 = ORIENTED_EDGE('',*,*,#3334,.F.);
#3334 = EDGE_CURVE('',#3335,#3337,#3339,.T.);
#3335 = VERTEX_POINT('',#3336);
#3336 = CARTESIAN_POINT('',(-3.287712434447,2.,0.1));
#3337 = VERTEX_POINT('',#3338);
#3338 = CARTESIAN_POINT('',(-3.287712434447,4.2,0.1));
#3339 = LINE('',#3340,#3341);
#3340 = CARTESIAN_POINT('',(-3.287712434447,2.,0.1));
#3341 = VECTOR('',#3342,1.);
#3342 = DIRECTION('',(0.,1.,0.));
#3343 = ORIENTED_EDGE('',*,*,#3344,.F.);
#3344 = EDGE_CURVE('',#3345,#3335,#3347,.T.);
#3345 = VERTEX_POINT('',#3346);
#3346 = CARTESIAN_POINT('',(-2.995735931288,2.,0.1));
#3347 = LINE('',#3348,#3349);
#3348 = CARTESIAN_POINT('',(-2.75,2.,0.1));
#3349 = VECTOR('',#3350,1.);
#3350 = DIRECTION('',(-1.,0.,6.776263578034E-17));
#3351 = ORIENTED_EDGE('',*,*,#3352,.F.);
#3352 = EDGE_CURVE('',#3353,#3345,#3355,.T.);
#3353 = VERTEX_POINT('',#3354);
#3354 = CARTESIAN_POINT('',(-2.995735931288,4.2,0.1));
#3355 = LINE('',#3356,#3357);
#3356 = CARTESIAN_POINT('',(-2.995735931288,2.,0.1));
#3357 = VECTOR('',#3358,1.);
#3358 = DIRECTION('',(0.,-1.,0.));
#3359 = ORIENTED_EDGE('',*,*,#3360,.F.);
#3360 = EDGE_CURVE('',#1430,#3353,#3361,.T.);
#3361 = LINE('',#3362,#3363);
#3362 = CARTESIAN_POINT('',(-2.75,4.2,0.1));
#3363 = VECTOR('',#3364,1.);
#3364 = DIRECTION('',(-1.,0.,6.776263578034E-17));
#3365 = ORIENTED_EDGE('',*,*,#1453,.F.);
#3366 = ORIENTED_EDGE('',*,*,#3367,.T.);
#3367 = EDGE_CURVE('',#1446,#3368,#3370,.T.);
#3368 = VERTEX_POINT('',#3369);
#3369 = CARTESIAN_POINT('',(-3.75,1.4,0.1));
#3370 = LINE('',#3371,#3372);
#3371 = CARTESIAN_POINT('',(-2.75,1.4,0.1));
#3372 = VECTOR('',#3373,1.);
#3373 = DIRECTION('',(-1.,0.,6.776263578034E-17));
#3374 = ORIENTED_EDGE('',*,*,#3375,.T.);
#3375 = EDGE_CURVE('',#3368,#3376,#3378,.T.);
#3376 = VERTEX_POINT('',#3377);
#3377 = CARTESIAN_POINT('',(-3.75,4.2,0.1));
#3378 = LINE('',#3379,#3380);
#3379 = CARTESIAN_POINT('',(-3.75,1.4,0.1));
#3380 = VECTOR('',#3381,1.);
#3381 = DIRECTION('',(0.,1.,0.));
#3382 = ORIENTED_EDGE('',*,*,#3383,.F.);
#3383 = EDGE_CURVE('',#3337,#3376,#3384,.T.);
#3384 = LINE('',#3385,#3386);
#3385 = CARTESIAN_POINT('',(-2.75,4.2,0.1));
#3386 = VECTOR('',#3387,1.);
#3387 = DIRECTION('',(-1.,0.,6.776263578034E-17));
#3388 = PLANE('',#3389);
#3389 = AXIS2_PLACEMENT_3D('',#3390,#3391,#3392);
#3390 = CARTESIAN_POINT('',(-2.75,1.4,0.1));
#3391 = DIRECTION('',(-6.776263578034E-17,0.,-1.));
#3392 = DIRECTION('',(-1.,0.,6.776263578034E-17));
#3393 = ADVANCED_FACE('',(#3394),#3410,.T.);
#3394 = FACE_BOUND('',#3395,.T.);
#3395 = EDGE_LOOP('',(#3396,#3402,#3403,#3409));
#3396 = ORIENTED_EDGE('',*,*,#3397,.F.);
#3397 = EDGE_CURVE('',#3376,#3211,#3398,.T.);
#3398 = LINE('',#3399,#3400);
#3399 = CARTESIAN_POINT('',(-3.75,4.2,0.1));
#3400 = VECTOR('',#3401,1.);
#3401 = DIRECTION('',(-0.707106781187,0.,0.707106781187));
#3402 = ORIENTED_EDGE('',*,*,#3375,.F.);
#3403 = ORIENTED_EDGE('',*,*,#3404,.T.);
#3404 = EDGE_CURVE('',#3368,#3221,#3405,.T.);
#3405 = LINE('',#3406,#3407);
#3406 = CARTESIAN_POINT('',(-3.75,1.4,0.1));
#3407 = VECTOR('',#3408,1.);
#3408 = DIRECTION('',(-0.707106781187,0.,0.707106781187));
#3409 = ORIENTED_EDGE('',*,*,#3220,.T.);
#3410 = PLANE('',#3411);
#3411 = AXIS2_PLACEMENT_3D('',#3412,#3413,#3414);
#3412 = CARTESIAN_POINT('',(-3.75,1.4,0.1));
#3413 = DIRECTION('',(-0.707106781187,0.,-0.707106781187));
#3414 = DIRECTION('',(-0.707106781187,0.,0.707106781187));
#3415 = ADVANCED_FACE('',(#3416),#3425,.F.);
#3416 = FACE_BOUND('',#3417,.T.);
#3417 = EDGE_LOOP('',(#3418,#3419,#3420,#3421,#3422,#3423,#3424));
#3418 = ORIENTED_EDGE('',*,*,#3228,.F.);
#3419 = ORIENTED_EDGE('',*,*,#3404,.F.);
#3420 = ORIENTED_EDGE('',*,*,#3367,.F.);
#3421 = ORIENTED_EDGE('',*,*,#1445,.F.);
#3422 = ORIENTED_EDGE('',*,*,#3319,.F.);
#3423 = ORIENTED_EDGE('',*,*,#3290,.F.);
#3424 = ORIENTED_EDGE('',*,*,#3259,.F.);
#3425 = PLANE('',#3426);
#3426 = AXIS2_PLACEMENT_3D('',#3427,#3428,#3429);
#3427 = CARTESIAN_POINT('',(0.,1.4,1.879283765642E-14));
#3428 = DIRECTION('',(0.,1.,3.614007241618E-15));
#3429 = DIRECTION('',(0.,3.614007241618E-15,-1.));
#3430 = ADVANCED_FACE('',(#3431),#3481,.T.);
#3431 = FACE_BOUND('',#3432,.T.);
#3432 = EDGE_LOOP('',(#3433,#3443,#3451,#3459,#3466,#3467,#3468,#3469,
    #3470,#3471,#3472,#3473,#3474));
#3433 = ORIENTED_EDGE('',*,*,#3434,.T.);
#3434 = EDGE_CURVE('',#3435,#3437,#3439,.T.);
#3435 = VERTEX_POINT('',#3436);
#3436 = CARTESIAN_POINT('',(-3.42,4.2,-0.2));
#3437 = VERTEX_POINT('',#3438);
#3438 = CARTESIAN_POINT('',(-4.25,4.2,-0.2));
#3439 = LINE('',#3440,#3441);
#3440 = CARTESIAN_POINT('',(-3.42,4.2,-0.2));
#3441 = VECTOR('',#3442,1.);
#3442 = DIRECTION('',(-1.,0.,0.));
#3443 = ORIENTED_EDGE('',*,*,#3444,.T.);
#3444 = EDGE_CURVE('',#3437,#3445,#3447,.T.);
#3445 = VERTEX_POINT('',#3446);
#3446 = CARTESIAN_POINT('',(-4.25,4.2,5.E-02));
#3447 = LINE('',#3448,#3449);
#3448 = CARTESIAN_POINT('',(-4.25,4.2,1.879283765642E-14));
#3449 = VECTOR('',#3450,1.);
#3450 = DIRECTION('',(0.,-3.614007241618E-15,1.));
#3451 = ORIENTED_EDGE('',*,*,#3452,.T.);
#3452 = EDGE_CURVE('',#3445,#3453,#3455,.T.);
#3453 = VERTEX_POINT('',#3454);
#3454 = CARTESIAN_POINT('',(-3.42,4.2,5.E-02));
#3455 = LINE('',#3456,#3457);
#3456 = CARTESIAN_POINT('',(-4.45,4.2,5.E-02));
#3457 = VECTOR('',#3458,1.);
#3458 = DIRECTION('',(1.,0.,1.315779335541E-17));
#3459 = ORIENTED_EDGE('',*,*,#3460,.T.);
#3460 = EDGE_CURVE('',#3453,#3337,#3461,.T.);
#3461 = CIRCLE('',#3462,0.2);
#3462 = AXIS2_PLACEMENT_3D('',#3463,#3464,#3465);
#3463 = CARTESIAN_POINT('',(-3.42,4.2,0.25));
#3464 = DIRECTION('',(0.,-1.,0.));
#3465 = DIRECTION('',(1.,0.,0.));
#3466 = ORIENTED_EDGE('',*,*,#3383,.T.);
#3467 = ORIENTED_EDGE('',*,*,#3397,.T.);
#3468 = ORIENTED_EDGE('',*,*,#3210,.T.);
#3469 = ORIENTED_EDGE('',*,*,#3250,.T.);
#3470 = ORIENTED_EDGE('',*,*,#3281,.T.);
#3471 = ORIENTED_EDGE('',*,*,#3312,.T.);
#3472 = ORIENTED_EDGE('',*,*,#1427,.T.);
#3473 = ORIENTED_EDGE('',*,*,#3360,.T.);
#3474 = ORIENTED_EDGE('',*,*,#3475,.T.);
#3475 = EDGE_CURVE('',#3353,#3435,#3476,.T.);
#3476 = CIRCLE('',#3477,0.45);
#3477 = AXIS2_PLACEMENT_3D('',#3478,#3479,#3480);
#3478 = CARTESIAN_POINT('',(-3.42,4.2,0.25));
#3479 = DIRECTION('',(-0.,1.,0.));
#3480 = DIRECTION('',(1.,0.,1.204669080539E-16));
#3481 = PLANE('',#3482);
#3482 = AXIS2_PLACEMENT_3D('',#3483,#3484,#3485);
#3483 = CARTESIAN_POINT('',(0.,4.2,1.879283765642E-14));
#3484 = DIRECTION('',(0.,1.,3.614007241618E-15));
#3485 = DIRECTION('',(0.,3.614007241618E-15,-1.));
#3486 = ADVANCED_FACE('',(#3487),#3495,.F.);
#3487 = FACE_BOUND('',#3488,.T.);
#3488 = EDGE_LOOP('',(#3489,#3490,#3491,#3492,#3493,#3494));
#3489 = ORIENTED_EDGE('',*,*,#2754,.F.);
#3490 = ORIENTED_EDGE('',*,*,#1491,.F.);
#3491 = ORIENTED_EDGE('',*,*,#2602,.F.);
#3492 = ORIENTED_EDGE('',*,*,#2569,.F.);
#3493 = ORIENTED_EDGE('',*,*,#792,.F.);
#3494 = ORIENTED_EDGE('',*,*,#2532,.F.);
#3495 = PLANE('',#3496);
#3496 = AXIS2_PLACEMENT_3D('',#3497,#3498,#3499);
#3497 = CARTESIAN_POINT('',(-2.15,1.2,2.8));
#3498 = DIRECTION('',(-0.554700196225,0.832050294338,1.127638420923E-16)
  );
#3499 = DIRECTION('',(2.03287907341E-16,-1.232595164408E-31,1.));
#3500 = ADVANCED_FACE('',(#3501),#3514,.F.);
#3501 = FACE_BOUND('',#3502,.T.);
#3502 = EDGE_LOOP('',(#3503,#3504,#3505,#3511,#3512,#3513));
#3503 = ORIENTED_EDGE('',*,*,#2281,.F.);
#3504 = ORIENTED_EDGE('',*,*,#2242,.F.);
#3505 = ORIENTED_EDGE('',*,*,#3506,.F.);
#3506 = EDGE_CURVE('',#1016,#1310,#3507,.T.);
#3507 = LINE('',#3508,#3509);
#3508 = CARTESIAN_POINT('',(2.15,1.2,0.4));
#3509 = VECTOR('',#3510,1.);
#3510 = DIRECTION('',(-0.727606875109,0.485071250073,0.485071250073));
#3511 = ORIENTED_EDGE('',*,*,#1015,.F.);
#3512 = ORIENTED_EDGE('',*,*,#2297,.F.);
#3513 = ORIENTED_EDGE('',*,*,#859,.F.);
#3514 = PLANE('',#3515);
#3515 = AXIS2_PLACEMENT_3D('',#3516,#3517,#3518);
#3516 = CARTESIAN_POINT('',(2.15,1.2,0.4));
#3517 = DIRECTION('',(0.554700196225,0.832050294338,1.127638420923E-16)
  );
#3518 = DIRECTION('',(2.03287907341E-16,1.232595164408E-31,-1.));
#3519 = ADVANCED_FACE('',(#3520),#3531,.F.);
#3520 = FACE_BOUND('',#3521,.T.);
#3521 = EDGE_LOOP('',(#3522,#3528,#3529,#3530));
#3522 = ORIENTED_EDGE('',*,*,#3523,.F.);
#3523 = EDGE_CURVE('',#936,#1302,#3524,.T.);
#3524 = LINE('',#3525,#3526);
#3525 = CARTESIAN_POINT('',(0.15,1.2,0.4));
#3526 = VECTOR('',#3527,1.);
#3527 = DIRECTION('',(-4.36195540953E-16,0.707106781187,0.707106781187)
  );
#3528 = ORIENTED_EDGE('',*,*,#1023,.F.);
#3529 = ORIENTED_EDGE('',*,*,#3506,.T.);
#3530 = ORIENTED_EDGE('',*,*,#1309,.F.);
#3531 = PLANE('',#3532);
#3532 = AXIS2_PLACEMENT_3D('',#3533,#3534,#3535);
#3533 = CARTESIAN_POINT('',(-2.15,1.2,0.4));
#3534 = DIRECTION('',(3.56579864345E-17,0.707106781187,-0.707106781187)
  );
#3535 = DIRECTION('',(-1.,3.08148791102E-33,-5.042800802258E-17));
#3536 = ADVANCED_FACE('',(#3537),#3545,.F.);
#3537 = FACE_BOUND('',#3538,.T.);
#3538 = EDGE_LOOP('',(#3539,#3540,#3541,#3542,#3543,#3544));
#3539 = ORIENTED_EDGE('',*,*,#2165,.F.);
#3540 = ORIENTED_EDGE('',*,*,#1475,.F.);
#3541 = ORIENTED_EDGE('',*,*,#1364,.T.);
#3542 = ORIENTED_EDGE('',*,*,#2220,.F.);
#3543 = ORIENTED_EDGE('',*,*,#901,.F.);
#3544 = ORIENTED_EDGE('',*,*,#2204,.F.);
#3545 = PLANE('',#3546);
#3546 = AXIS2_PLACEMENT_3D('',#3547,#3548,#3549);
#3547 = CARTESIAN_POINT('',(-2.15,1.2,1.125));
#3548 = DIRECTION('',(-0.554700196225,0.832050294338,1.127638420923E-16)
  );
#3549 = DIRECTION('',(2.03287907341E-16,-1.232595164408E-31,1.));
#3550 = ADVANCED_FACE('',(#3551),#3559,.F.);
#3551 = FACE_BOUND('',#3552,.T.);
#3552 = EDGE_LOOP('',(#3553,#3554,#3555,#3556,#3557,#3558));
#3553 = ORIENTED_EDGE('',*,*,#2350,.F.);
#3554 = ORIENTED_EDGE('',*,*,#999,.F.);
#3555 = ORIENTED_EDGE('',*,*,#2913,.F.);
#3556 = ORIENTED_EDGE('',*,*,#2405,.F.);
#3557 = ORIENTED_EDGE('',*,*,#2372,.F.);
#3558 = ORIENTED_EDGE('',*,*,#834,.F.);
#3559 = PLANE('',#3560);
#3560 = AXIS2_PLACEMENT_3D('',#3561,#3562,#3563);
#3561 = CARTESIAN_POINT('',(2.15,1.2,2.075));
#3562 = DIRECTION('',(0.554700196225,0.832050294338,7.76385533486E-16));
#3563 = DIRECTION('',(1.399648925256E-15,0.,-1.));
#3564 = ADVANCED_FACE('',(#3565),#3571,.F.);
#3565 = FACE_BOUND('',#3566,.T.);
#3566 = EDGE_LOOP('',(#3567,#3568,#3569,#3570));
#3567 = ORIENTED_EDGE('',*,*,#2870,.F.);
#3568 = ORIENTED_EDGE('',*,*,#2895,.F.);
#3569 = ORIENTED_EDGE('',*,*,#2546,.F.);
#3570 = ORIENTED_EDGE('',*,*,#2469,.F.);
#3571 = PLANE('',#3572);
#3572 = AXIS2_PLACEMENT_3D('',#3573,#3574,#3575);
#3573 = CARTESIAN_POINT('',(2.15,2.2,2.8));
#3574 = DIRECTION('',(-7.131597286899E-17,0.707106781187,0.707106781187)
  );
#3575 = DIRECTION('',(1.,1.008560160452E-16,1.848892746612E-31));
#3576 = ADVANCED_FACE('',(#3577),#3583,.F.);
#3577 = FACE_BOUND('',#3578,.T.);
#3578 = EDGE_LOOP('',(#3579,#3580,#3581,#3582));
#3579 = ORIENTED_EDGE('',*,*,#2824,.F.);
#3580 = ORIENTED_EDGE('',*,*,#2846,.F.);
#3581 = ORIENTED_EDGE('',*,*,#2877,.F.);
#3582 = ORIENTED_EDGE('',*,*,#2508,.F.);
#3583 = PLANE('',#3584);
#3584 = AXIS2_PLACEMENT_3D('',#3585,#3586,#3587);
#3585 = CARTESIAN_POINT('',(2.15,2.8,2.8));
#3586 = DIRECTION('',(-5.824137784301E-16,0.707106781187,0.707106781187)
  );
#3587 = DIRECTION('',(1.,-1.479114197289E-31,8.236574643688E-16));
#3588 = ADVANCED_FACE('',(#3589),#3595,.F.);
#3589 = FACE_BOUND('',#3590,.T.);
#3590 = EDGE_LOOP('',(#3591,#3592,#3593,#3594));
#3591 = ORIENTED_EDGE('',*,*,#2429,.F.);
#3592 = ORIENTED_EDGE('',*,*,#2784,.F.);
#3593 = ORIENTED_EDGE('',*,*,#2808,.F.);
#3594 = ORIENTED_EDGE('',*,*,#2492,.F.);
#3595 = PLANE('',#3596);
#3596 = AXIS2_PLACEMENT_3D('',#3597,#3598,#3599);
#3597 = CARTESIAN_POINT('',(2.15,2.2,2.8));
#3598 = DIRECTION('',(-7.131597286899E-17,0.707106781187,0.707106781187)
  );
#3599 = DIRECTION('',(1.,1.008560160452E-16,1.848892746612E-31));
#3600 = ADVANCED_FACE('',(#3601),#3617,.F.);
#3601 = FACE_BOUND('',#3602,.T.);
#3602 = EDGE_LOOP('',(#3603,#3604,#3610,#3611));
#3603 = ORIENTED_EDGE('',*,*,#1069,.T.);
#3604 = ORIENTED_EDGE('',*,*,#3605,.F.);
#3605 = EDGE_CURVE('',#1270,#1062,#3606,.T.);
#3606 = LINE('',#3607,#3608);
#3607 = CARTESIAN_POINT('',(-0.55,3.6,-3.56));
#3608 = VECTOR('',#3609,1.);
#3609 = DIRECTION('',(0.,0.,-1.));
#3610 = ORIENTED_EDGE('',*,*,#1269,.T.);
#3611 = ORIENTED_EDGE('',*,*,#3612,.T.);
#3612 = EDGE_CURVE('',#1262,#1070,#3613,.T.);
#3613 = LINE('',#3614,#3615);
#3614 = CARTESIAN_POINT('',(-0.55,2.45,-3.56));
#3615 = VECTOR('',#3616,1.);
#3616 = DIRECTION('',(0.,0.,-1.));
#3617 = PLANE('',#3618);
#3618 = AXIS2_PLACEMENT_3D('',#3619,#3620,#3621);
#3619 = CARTESIAN_POINT('',(-0.55,3.6,-3.56));
#3620 = DIRECTION('',(-1.,0.,0.));
#3621 = DIRECTION('',(0.,0.,1.));
#3622 = ADVANCED_FACE('',(#3623),#3634,.F.);
#3623 = FACE_BOUND('',#3624,.T.);
#3624 = EDGE_LOOP('',(#3625,#3626,#3627,#3628));
#3625 = ORIENTED_EDGE('',*,*,#1077,.T.);
#3626 = ORIENTED_EDGE('',*,*,#3612,.F.);
#3627 = ORIENTED_EDGE('',*,*,#1261,.T.);
#3628 = ORIENTED_EDGE('',*,*,#3629,.T.);
#3629 = EDGE_CURVE('',#1252,#1078,#3630,.T.);
#3630 = LINE('',#3631,#3632);
#3631 = CARTESIAN_POINT('',(-0.15,2.45,-3.56));
#3632 = VECTOR('',#3633,1.);
#3633 = DIRECTION('',(0.,0.,-1.));
#3634 = PLANE('',#3635);
#3635 = AXIS2_PLACEMENT_3D('',#3636,#3637,#3638);
#3636 = CARTESIAN_POINT('',(-0.55,2.45,-3.56));
#3637 = DIRECTION('',(0.,-1.,0.));
#3638 = DIRECTION('',(0.,0.,-1.));
#3639 = ADVANCED_FACE('',(#3640),#3647,.F.);
#3640 = FACE_BOUND('',#3641,.T.);
#3641 = EDGE_LOOP('',(#3642,#3643,#3644,#3645,#3646));
#3642 = ORIENTED_EDGE('',*,*,#1355,.T.);
#3643 = ORIENTED_EDGE('',*,*,#1468,.F.);
#3644 = ORIENTED_EDGE('',*,*,#1085,.T.);
#3645 = ORIENTED_EDGE('',*,*,#3629,.F.);
#3646 = ORIENTED_EDGE('',*,*,#1251,.T.);
#3647 = PLANE('',#3648);
#3648 = AXIS2_PLACEMENT_3D('',#3649,#3650,#3651);
#3649 = CARTESIAN_POINT('',(-0.15,2.45,-3.56));
#3650 = DIRECTION('',(-1.,0.,0.));
#3651 = DIRECTION('',(0.,0.,1.));
#3652 = ADVANCED_FACE('',(#3653),#3665,.F.);
#3653 = FACE_BOUND('',#3654,.T.);
#3654 = EDGE_LOOP('',(#3655,#3656,#3657,#3663,#3664));
#3655 = ORIENTED_EDGE('',*,*,#3523,.T.);
#3656 = ORIENTED_EDGE('',*,*,#1301,.T.);
#3657 = ORIENTED_EDGE('',*,*,#3658,.T.);
#3658 = EDGE_CURVE('',#1294,#1038,#3659,.T.);
#3659 = LINE('',#3660,#3661);
#3660 = CARTESIAN_POINT('',(0.15,2.45,-3.56));
#3661 = VECTOR('',#3662,1.);
#3662 = DIRECTION('',(0.,0.,-1.));
#3663 = ORIENTED_EDGE('',*,*,#1037,.T.);
#3664 = ORIENTED_EDGE('',*,*,#933,.T.);
#3665 = PLANE('',#3666);
#3666 = AXIS2_PLACEMENT_3D('',#3667,#3668,#3669);
#3667 = CARTESIAN_POINT('',(0.15,1.,-3.56));
#3668 = DIRECTION('',(1.,6.168736498624E-16,0.));
#3669 = DIRECTION('',(-6.168736498624E-16,1.,0.));
#3670 = ADVANCED_FACE('',(#3671),#3682,.F.);
#3671 = FACE_BOUND('',#3672,.T.);
#3672 = EDGE_LOOP('',(#3673,#3674,#3675,#3676));
#3673 = ORIENTED_EDGE('',*,*,#1045,.T.);
#3674 = ORIENTED_EDGE('',*,*,#3658,.F.);
#3675 = ORIENTED_EDGE('',*,*,#1293,.T.);
#3676 = ORIENTED_EDGE('',*,*,#3677,.T.);
#3677 = EDGE_CURVE('',#1286,#1046,#3678,.T.);
#3678 = LINE('',#3679,#3680);
#3679 = CARTESIAN_POINT('',(0.55,2.45,-3.56));
#3680 = VECTOR('',#3681,1.);
#3681 = DIRECTION('',(0.,0.,-1.));
#3682 = PLANE('',#3683);
#3683 = AXIS2_PLACEMENT_3D('',#3684,#3685,#3686);
#3684 = CARTESIAN_POINT('',(0.15,2.45,-3.56));
#3685 = DIRECTION('',(0.,-1.,0.));
#3686 = DIRECTION('',(0.,0.,-1.));
#3687 = ADVANCED_FACE('',(#3688),#3699,.F.);
#3688 = FACE_BOUND('',#3689,.T.);
#3689 = EDGE_LOOP('',(#3690,#3691,#3692,#3693));
#3690 = ORIENTED_EDGE('',*,*,#1053,.T.);
#3691 = ORIENTED_EDGE('',*,*,#3677,.F.);
#3692 = ORIENTED_EDGE('',*,*,#1285,.T.);
#3693 = ORIENTED_EDGE('',*,*,#3694,.T.);
#3694 = EDGE_CURVE('',#1278,#1054,#3695,.T.);
#3695 = LINE('',#3696,#3697);
#3696 = CARTESIAN_POINT('',(0.55,3.6,-3.56));
#3697 = VECTOR('',#3698,1.);
#3698 = DIRECTION('',(0.,0.,-1.));
#3699 = PLANE('',#3700);
#3700 = AXIS2_PLACEMENT_3D('',#3701,#3702,#3703);
#3701 = CARTESIAN_POINT('',(0.55,2.45,-3.56));
#3702 = DIRECTION('',(1.,3.771137991254E-16,0.));
#3703 = DIRECTION('',(-3.771137991254E-16,1.,0.));
#3704 = ADVANCED_FACE('',(#3705),#3711,.F.);
#3705 = FACE_BOUND('',#3706,.T.);
#3706 = EDGE_LOOP('',(#3707,#3708,#3709,#3710));
#3707 = ORIENTED_EDGE('',*,*,#1061,.T.);
#3708 = ORIENTED_EDGE('',*,*,#3694,.F.);
#3709 = ORIENTED_EDGE('',*,*,#1277,.T.);
#3710 = ORIENTED_EDGE('',*,*,#3605,.T.);
#3711 = PLANE('',#3712);
#3712 = AXIS2_PLACEMENT_3D('',#3713,#3714,#3715);
#3713 = CARTESIAN_POINT('',(0.55,3.6,-3.56));
#3714 = DIRECTION('',(-0.,1.,0.));
#3715 = DIRECTION('',(1.,0.,0.));
#3716 = ADVANCED_FACE('',(#3717),#3751,.F.);
#3717 = FACE_BOUND('',#3718,.T.);
#3718 = EDGE_LOOP('',(#3719,#3729,#3737,#3745));
#3719 = ORIENTED_EDGE('',*,*,#3720,.T.);
#3720 = EDGE_CURVE('',#3721,#3723,#3725,.T.);
#3721 = VERTEX_POINT('',#3722);
#3722 = CARTESIAN_POINT('',(1.09,2.7,1.525));
#3723 = VERTEX_POINT('',#3724);
#3724 = CARTESIAN_POINT('',(1.09,1.7,1.325));
#3725 = LINE('',#3726,#3727);
#3726 = CARTESIAN_POINT('',(1.09,2.7,1.525));
#3727 = VECTOR('',#3728,1.);
#3728 = DIRECTION('',(0.,-0.980580675691,-0.196116135138));
#3729 = ORIENTED_EDGE('',*,*,#3730,.F.);
#3730 = EDGE_CURVE('',#3731,#3723,#3733,.T.);
#3731 = VERTEX_POINT('',#3732);
#3732 = CARTESIAN_POINT('',(1.41,1.7,1.325));
#3733 = LINE('',#3734,#3735);
#3734 = CARTESIAN_POINT('',(1.41,1.7,1.325));
#3735 = VECTOR('',#3736,1.);
#3736 = DIRECTION('',(-1.,0.,0.));
#3737 = ORIENTED_EDGE('',*,*,#3738,.F.);
#3738 = EDGE_CURVE('',#3739,#3731,#3741,.T.);
#3739 = VERTEX_POINT('',#3740);
#3740 = CARTESIAN_POINT('',(1.41,2.7,1.525));
#3741 = LINE('',#3742,#3743);
#3742 = CARTESIAN_POINT('',(1.41,2.7,1.525));
#3743 = VECTOR('',#3744,1.);
#3744 = DIRECTION('',(0.,-0.980580675691,-0.196116135138));
#3745 = ORIENTED_EDGE('',*,*,#3746,.T.);
#3746 = EDGE_CURVE('',#3739,#3721,#3747,.T.);
#3747 = LINE('',#3748,#3749);
#3748 = CARTESIAN_POINT('',(1.41,2.7,1.525));
#3749 = VECTOR('',#3750,1.);
#3750 = DIRECTION('',(-1.,0.,0.));
#3751 = PLANE('',#3752);
#3752 = AXIS2_PLACEMENT_3D('',#3753,#3754,#3755);
#3753 = CARTESIAN_POINT('',(1.41,2.7,1.525));
#3754 = DIRECTION('',(0.,0.196116135138,-0.980580675691));
#3755 = DIRECTION('',(-1.,0.,0.));
#3756 = ADVANCED_FACE('',(#3757),#3782,.F.);
#3757 = FACE_BOUND('',#3758,.T.);
#3758 = EDGE_LOOP('',(#3759,#3767,#3775,#3781));
#3759 = ORIENTED_EDGE('',*,*,#3760,.T.);
#3760 = EDGE_CURVE('',#3723,#3761,#3763,.T.);
#3761 = VERTEX_POINT('',#3762);
#3762 = CARTESIAN_POINT('',(1.09,1.7,0.925));
#3763 = LINE('',#3764,#3765);
#3764 = CARTESIAN_POINT('',(1.09,1.7,1.325));
#3765 = VECTOR('',#3766,1.);
#3766 = DIRECTION('',(0.,5.421010862428E-16,-1.));
#3767 = ORIENTED_EDGE('',*,*,#3768,.F.);
#3768 = EDGE_CURVE('',#3769,#3761,#3771,.T.);
#3769 = VERTEX_POINT('',#3770);
#3770 = CARTESIAN_POINT('',(1.41,1.7,0.925));
#3771 = LINE('',#3772,#3773);
#3772 = CARTESIAN_POINT('',(1.41,1.7,0.925));
#3773 = VECTOR('',#3774,1.);
#3774 = DIRECTION('',(-1.,0.,0.));
#3775 = ORIENTED_EDGE('',*,*,#3776,.F.);
#3776 = EDGE_CURVE('',#3731,#3769,#3777,.T.);
#3777 = LINE('',#3778,#3779);
#3778 = CARTESIAN_POINT('',(1.41,1.7,1.325));
#3779 = VECTOR('',#3780,1.);
#3780 = DIRECTION('',(0.,5.421010862428E-16,-1.));
#3781 = ORIENTED_EDGE('',*,*,#3730,.T.);
#3782 = PLANE('',#3783);
#3783 = AXIS2_PLACEMENT_3D('',#3784,#3785,#3786);
#3784 = CARTESIAN_POINT('',(1.41,1.7,1.325));
#3785 = DIRECTION('',(0.,1.,5.421010862428E-16));
#3786 = DIRECTION('',(0.,5.421010862428E-16,-1.));
#3787 = ADVANCED_FACE('',(#3788),#3813,.F.);
#3788 = FACE_BOUND('',#3789,.T.);
#3789 = EDGE_LOOP('',(#3790,#3798,#3806,#3812));
#3790 = ORIENTED_EDGE('',*,*,#3791,.T.);
#3791 = EDGE_CURVE('',#3761,#3792,#3794,.T.);
#3792 = VERTEX_POINT('',#3793);
#3793 = CARTESIAN_POINT('',(1.09,2.4,0.775));
#3794 = LINE('',#3795,#3796);
#3795 = CARTESIAN_POINT('',(1.09,1.7,0.925));
#3796 = VECTOR('',#3797,1.);
#3797 = DIRECTION('',(0.,0.977802414077,-0.209529088731));
#3798 = ORIENTED_EDGE('',*,*,#3799,.F.);
#3799 = EDGE_CURVE('',#3800,#3792,#3802,.T.);
#3800 = VERTEX_POINT('',#3801);
#3801 = CARTESIAN_POINT('',(1.41,2.4,0.775));
#3802 = LINE('',#3803,#3804);
#3803 = CARTESIAN_POINT('',(1.41,2.4,0.775));
#3804 = VECTOR('',#3805,1.);
#3805 = DIRECTION('',(-1.,0.,0.));
#3806 = ORIENTED_EDGE('',*,*,#3807,.F.);
#3807 = EDGE_CURVE('',#3769,#3800,#3808,.T.);
#3808 = LINE('',#3809,#3810);
#3809 = CARTESIAN_POINT('',(1.41,1.7,0.925));
#3810 = VECTOR('',#3811,1.);
#3811 = DIRECTION('',(0.,0.977802414077,-0.209529088731));
#3812 = ORIENTED_EDGE('',*,*,#3768,.T.);
#3813 = PLANE('',#3814);
#3814 = AXIS2_PLACEMENT_3D('',#3815,#3816,#3817);
#3815 = CARTESIAN_POINT('',(1.41,1.7,0.925));
#3816 = DIRECTION('',(0.,0.209529088731,0.977802414077));
#3817 = DIRECTION('',(1.,-0.,0.));
#3818 = ADVANCED_FACE('',(#3819),#3837,.F.);
#3819 = FACE_BOUND('',#3820,.T.);
#3820 = EDGE_LOOP('',(#3821,#3827,#3828,#3834,#3835,#3836));
#3821 = ORIENTED_EDGE('',*,*,#3822,.F.);
#3822 = EDGE_CURVE('',#2694,#3721,#3823,.T.);
#3823 = LINE('',#3824,#3825);
#3824 = CARTESIAN_POINT('',(1.09,5.1,1.525));
#3825 = VECTOR('',#3826,1.);
#3826 = DIRECTION('',(0.,-1.,-1.807003620809E-16));
#3827 = ORIENTED_EDGE('',*,*,#2717,.T.);
#3828 = ORIENTED_EDGE('',*,*,#3829,.F.);
#3829 = EDGE_CURVE('',#3792,#2710,#3830,.T.);
#3830 = LINE('',#3831,#3832);
#3831 = CARTESIAN_POINT('',(1.09,2.4,0.775));
#3832 = VECTOR('',#3833,1.);
#3833 = DIRECTION('',(0.,1.,0.));
#3834 = ORIENTED_EDGE('',*,*,#3791,.F.);
#3835 = ORIENTED_EDGE('',*,*,#3760,.F.);
#3836 = ORIENTED_EDGE('',*,*,#3720,.F.);
#3837 = PLANE('',#3838);
#3838 = AXIS2_PLACEMENT_3D('',#3839,#3840,#3841);
#3839 = CARTESIAN_POINT('',(1.09,0.,0.));
#3840 = DIRECTION('',(1.,0.,0.));
#3841 = DIRECTION('',(-0.,1.,0.));
#3842 = ADVANCED_FACE('',(#3843),#3861,.T.);
#3843 = FACE_BOUND('',#3844,.T.);
#3844 = EDGE_LOOP('',(#3845,#3846,#3852,#3853,#3854,#3855));
#3845 = ORIENTED_EDGE('',*,*,#2701,.F.);
#3846 = ORIENTED_EDGE('',*,*,#3847,.T.);
#3847 = EDGE_CURVE('',#2692,#3739,#3848,.T.);
#3848 = LINE('',#3849,#3850);
#3849 = CARTESIAN_POINT('',(1.41,5.1,1.525));
#3850 = VECTOR('',#3851,1.);
#3851 = DIRECTION('',(0.,-1.,-1.807003620809E-16));
#3852 = ORIENTED_EDGE('',*,*,#3738,.T.);
#3853 = ORIENTED_EDGE('',*,*,#3776,.T.);
#3854 = ORIENTED_EDGE('',*,*,#3807,.T.);
#3855 = ORIENTED_EDGE('',*,*,#3856,.T.);
#3856 = EDGE_CURVE('',#3800,#2702,#3857,.T.);
#3857 = LINE('',#3858,#3859);
#3858 = CARTESIAN_POINT('',(1.41,2.4,0.775));
#3859 = VECTOR('',#3860,1.);
#3860 = DIRECTION('',(0.,1.,0.));
#3861 = PLANE('',#3862);
#3862 = AXIS2_PLACEMENT_3D('',#3863,#3864,#3865);
#3863 = CARTESIAN_POINT('',(1.41,0.,0.));
#3864 = DIRECTION('',(1.,0.,0.));
#3865 = DIRECTION('',(-0.,1.,0.));
#3866 = ADVANCED_FACE('',(#3867),#3873,.F.);
#3867 = FACE_BOUND('',#3868,.T.);
#3868 = EDGE_LOOP('',(#3869,#3870,#3871,#3872));
#3869 = ORIENTED_EDGE('',*,*,#3847,.F.);
#3870 = ORIENTED_EDGE('',*,*,#2691,.T.);
#3871 = ORIENTED_EDGE('',*,*,#3822,.T.);
#3872 = ORIENTED_EDGE('',*,*,#3746,.F.);
#3873 = PLANE('',#3874);
#3874 = AXIS2_PLACEMENT_3D('',#3875,#3876,#3877);
#3875 = CARTESIAN_POINT('',(1.41,5.1,1.525));
#3876 = DIRECTION('',(0.,1.807003620809E-16,-1.));
#3877 = DIRECTION('',(-1.,0.,0.));
#3878 = ADVANCED_FACE('',(#3879),#3885,.F.);
#3879 = FACE_BOUND('',#3880,.T.);
#3880 = EDGE_LOOP('',(#3881,#3882,#3883,#3884));
#3881 = ORIENTED_EDGE('',*,*,#3829,.T.);
#3882 = ORIENTED_EDGE('',*,*,#2709,.T.);
#3883 = ORIENTED_EDGE('',*,*,#3856,.F.);
#3884 = ORIENTED_EDGE('',*,*,#3799,.T.);
#3885 = PLANE('',#3886);
#3886 = AXIS2_PLACEMENT_3D('',#3887,#3888,#3889);
#3887 = CARTESIAN_POINT('',(1.41,2.4,0.775));
#3888 = DIRECTION('',(0.,0.,1.));
#3889 = DIRECTION('',(1.,0.,-0.));
#3890 = ADVANCED_FACE('',(#3891),#3916,.F.);
#3891 = FACE_BOUND('',#3892,.T.);
#3892 = EDGE_LOOP('',(#3893,#3901,#3902,#3910));
#3893 = ORIENTED_EDGE('',*,*,#3894,.F.);
#3894 = EDGE_CURVE('',#1669,#3895,#3897,.T.);
#3895 = VERTEX_POINT('',#3896);
#3896 = CARTESIAN_POINT('',(1.41,5.4,0.6));
#3897 = LINE('',#3898,#3899);
#3898 = CARTESIAN_POINT('',(1.41,5.1,0.6));
#3899 = VECTOR('',#3900,1.);
#3900 = DIRECTION('',(0.,1.,0.));
#3901 = ORIENTED_EDGE('',*,*,#1668,.T.);
#3902 = ORIENTED_EDGE('',*,*,#3903,.T.);
#3903 = EDGE_CURVE('',#1671,#3904,#3906,.T.);
#3904 = VERTEX_POINT('',#3905);
#3905 = CARTESIAN_POINT('',(1.09,5.4,0.6));
#3906 = LINE('',#3907,#3908);
#3907 = CARTESIAN_POINT('',(1.09,5.1,0.6));
#3908 = VECTOR('',#3909,1.);
#3909 = DIRECTION('',(0.,1.,0.));
#3910 = ORIENTED_EDGE('',*,*,#3911,.F.);
#3911 = EDGE_CURVE('',#3895,#3904,#3912,.T.);
#3912 = LINE('',#3913,#3914);
#3913 = CARTESIAN_POINT('',(1.41,5.4,0.6));
#3914 = VECTOR('',#3915,1.);
#3915 = DIRECTION('',(-1.,0.,0.));
#3916 = PLANE('',#3917);
#3917 = AXIS2_PLACEMENT_3D('',#3918,#3919,#3920);
#3918 = CARTESIAN_POINT('',(1.41,5.1,0.6));
#3919 = DIRECTION('',(0.,0.,1.));
#3920 = DIRECTION('',(1.,0.,-0.));
#3921 = ADVANCED_FACE('',(#3922),#3947,.F.);
#3922 = FACE_BOUND('',#3923,.T.);
#3923 = EDGE_LOOP('',(#3924,#3932,#3933,#3941));
#3924 = ORIENTED_EDGE('',*,*,#3925,.T.);
#3925 = EDGE_CURVE('',#3926,#1687,#3928,.T.);
#3926 = VERTEX_POINT('',#3927);
#3927 = CARTESIAN_POINT('',(1.09,5.9,1.175));
#3928 = LINE('',#3929,#3930);
#3929 = CARTESIAN_POINT('',(1.09,5.9,1.175));
#3930 = VECTOR('',#3931,1.);
#3931 = DIRECTION('',(0.,-1.,0.));
#3932 = ORIENTED_EDGE('',*,*,#1686,.T.);
#3933 = ORIENTED_EDGE('',*,*,#3934,.F.);
#3934 = EDGE_CURVE('',#3935,#1679,#3937,.T.);
#3935 = VERTEX_POINT('',#3936);
#3936 = CARTESIAN_POINT('',(1.41,5.9,1.175));
#3937 = LINE('',#3938,#3939);
#3938 = CARTESIAN_POINT('',(1.41,5.9,1.175));
#3939 = VECTOR('',#3940,1.);
#3940 = DIRECTION('',(0.,-1.,0.));
#3941 = ORIENTED_EDGE('',*,*,#3942,.T.);
#3942 = EDGE_CURVE('',#3935,#3926,#3943,.T.);
#3943 = LINE('',#3944,#3945);
#3944 = CARTESIAN_POINT('',(1.41,5.9,1.175));
#3945 = VECTOR('',#3946,1.);
#3946 = DIRECTION('',(-1.,0.,0.));
#3947 = PLANE('',#3948);
#3948 = AXIS2_PLACEMENT_3D('',#3949,#3950,#3951);
#3949 = CARTESIAN_POINT('',(1.41,5.9,1.175));
#3950 = DIRECTION('',(0.,0.,-1.));
#3951 = DIRECTION('',(0.,-1.,0.));
#3952 = ADVANCED_FACE('',(#3953),#4012,.T.);
#3953 = FACE_BOUND('',#3954,.T.);
#3954 = EDGE_LOOP('',(#3955,#3956,#3957,#3965,#3973,#3981,#3989,#3997,
    #4005,#4011));
#3955 = ORIENTED_EDGE('',*,*,#1678,.F.);
#3956 = ORIENTED_EDGE('',*,*,#3894,.T.);
#3957 = ORIENTED_EDGE('',*,*,#3958,.T.);
#3958 = EDGE_CURVE('',#3895,#3959,#3961,.T.);
#3959 = VERTEX_POINT('',#3960);
#3960 = CARTESIAN_POINT('',(1.41,5.4,7.589415207399E-16));
#3961 = LINE('',#3962,#3963);
#3962 = CARTESIAN_POINT('',(1.41,5.4,0.6));
#3963 = VECTOR('',#3964,1.);
#3964 = DIRECTION('',(0.,0.,-1.));
#3965 = ORIENTED_EDGE('',*,*,#3966,.T.);
#3966 = EDGE_CURVE('',#3959,#3967,#3969,.T.);
#3967 = VERTEX_POINT('',#3968);
#3968 = CARTESIAN_POINT('',(1.41,5.6,-0.2));
#3969 = LINE('',#3970,#3971);
#3970 = CARTESIAN_POINT('',(1.41,5.4,7.771561172376E-16));
#3971 = VECTOR('',#3972,1.);
#3972 = DIRECTION('',(0.,0.707106781187,-0.707106781187));
#3973 = ORIENTED_EDGE('',*,*,#3974,.T.);
#3974 = EDGE_CURVE('',#3967,#3975,#3977,.T.);
#3975 = VERTEX_POINT('',#3976);
#3976 = CARTESIAN_POINT('',(1.41,6.,-0.2));
#3977 = LINE('',#3978,#3979);
#3978 = CARTESIAN_POINT('',(1.41,5.6,-0.2));
#3979 = VECTOR('',#3980,1.);
#3980 = DIRECTION('',(0.,1.,0.));
#3981 = ORIENTED_EDGE('',*,*,#3982,.T.);
#3982 = EDGE_CURVE('',#3975,#3983,#3985,.T.);
#3983 = VERTEX_POINT('',#3984);
#3984 = CARTESIAN_POINT('',(1.41,6.2,7.318364664277E-16));
#3985 = LINE('',#3986,#3987);
#3986 = CARTESIAN_POINT('',(1.41,6.,-0.2));
#3987 = VECTOR('',#3988,1.);
#3988 = DIRECTION('',(0.,0.707106781187,0.707106781187));
#3989 = ORIENTED_EDGE('',*,*,#3990,.T.);
#3990 = EDGE_CURVE('',#3983,#3991,#3993,.T.);
#3991 = VERTEX_POINT('',#3992);
#3992 = CARTESIAN_POINT('',(1.41,6.2,0.3));
#3993 = LINE('',#3994,#3995);
#3994 = CARTESIAN_POINT('',(1.41,6.2,7.216449660064E-16));
#3995 = VECTOR('',#3996,1.);
#3996 = DIRECTION('',(0.,0.,1.));
#3997 = ORIENTED_EDGE('',*,*,#3998,.T.);
#3998 = EDGE_CURVE('',#3991,#3999,#4001,.T.);
#3999 = VERTEX_POINT('',#4000);
#4000 = CARTESIAN_POINT('',(1.41,5.9,0.3));
#4001 = LINE('',#4002,#4003);
#4002 = CARTESIAN_POINT('',(1.41,6.2,0.3));
#4003 = VECTOR('',#4004,1.);
#4004 = DIRECTION('',(0.,-1.,-1.807003620809E-16));
#4005 = ORIENTED_EDGE('',*,*,#4006,.T.);
#4006 = EDGE_CURVE('',#3999,#3935,#4007,.T.);
#4007 = LINE('',#4008,#4009);
#4008 = CARTESIAN_POINT('',(1.41,5.9,0.3));
#4009 = VECTOR('',#4010,1.);
#4010 = DIRECTION('',(0.,0.,1.));
#4011 = ORIENTED_EDGE('',*,*,#3934,.T.);
#4012 = PLANE('',#4013);
#4013 = AXIS2_PLACEMENT_3D('',#4014,#4015,#4016);
#4014 = CARTESIAN_POINT('',(1.41,0.,0.));
#4015 = DIRECTION('',(1.,0.,0.));
#4016 = DIRECTION('',(-0.,1.,0.));
#4017 = ADVANCED_FACE('',(#4018),#4077,.F.);
#4018 = FACE_BOUND('',#4019,.T.);
#4019 = EDGE_LOOP('',(#4020,#4021,#4022,#4023,#4031,#4039,#4047,#4055,
    #4063,#4071));
#4020 = ORIENTED_EDGE('',*,*,#3903,.F.);
#4021 = ORIENTED_EDGE('',*,*,#1694,.T.);
#4022 = ORIENTED_EDGE('',*,*,#3925,.F.);
#4023 = ORIENTED_EDGE('',*,*,#4024,.F.);
#4024 = EDGE_CURVE('',#4025,#3926,#4027,.T.);
#4025 = VERTEX_POINT('',#4026);
#4026 = CARTESIAN_POINT('',(1.09,5.9,0.3));
#4027 = LINE('',#4028,#4029);
#4028 = CARTESIAN_POINT('',(1.09,5.9,0.3));
#4029 = VECTOR('',#4030,1.);
#4030 = DIRECTION('',(0.,0.,1.));
#4031 = ORIENTED_EDGE('',*,*,#4032,.F.);
#4032 = EDGE_CURVE('',#4033,#4025,#4035,.T.);
#4033 = VERTEX_POINT('',#4034);
#4034 = CARTESIAN_POINT('',(1.09,6.2,0.3));
#4035 = LINE('',#4036,#4037);
#4036 = CARTESIAN_POINT('',(1.09,6.2,0.3));
#4037 = VECTOR('',#4038,1.);
#4038 = DIRECTION('',(0.,-1.,-1.807003620809E-16));
#4039 = ORIENTED_EDGE('',*,*,#4040,.F.);
#4040 = EDGE_CURVE('',#4041,#4033,#4043,.T.);
#4041 = VERTEX_POINT('',#4042);
#4042 = CARTESIAN_POINT('',(1.09,6.2,7.318364664277E-16));
#4043 = LINE('',#4044,#4045);
#4044 = CARTESIAN_POINT('',(1.09,6.2,7.216449660064E-16));
#4045 = VECTOR('',#4046,1.);
#4046 = DIRECTION('',(0.,0.,1.));
#4047 = ORIENTED_EDGE('',*,*,#4048,.F.);
#4048 = EDGE_CURVE('',#4049,#4041,#4051,.T.);
#4049 = VERTEX_POINT('',#4050);
#4050 = CARTESIAN_POINT('',(1.09,6.,-0.2));
#4051 = LINE('',#4052,#4053);
#4052 = CARTESIAN_POINT('',(1.09,6.,-0.2));
#4053 = VECTOR('',#4054,1.);
#4054 = DIRECTION('',(0.,0.707106781187,0.707106781187));
#4055 = ORIENTED_EDGE('',*,*,#4056,.F.);
#4056 = EDGE_CURVE('',#4057,#4049,#4059,.T.);
#4057 = VERTEX_POINT('',#4058);
#4058 = CARTESIAN_POINT('',(1.09,5.6,-0.2));
#4059 = LINE('',#4060,#4061);
#4060 = CARTESIAN_POINT('',(1.09,5.6,-0.2));
#4061 = VECTOR('',#4062,1.);
#4062 = DIRECTION('',(0.,1.,0.));
#4063 = ORIENTED_EDGE('',*,*,#4064,.F.);
#4064 = EDGE_CURVE('',#4065,#4057,#4067,.T.);
#4065 = VERTEX_POINT('',#4066);
#4066 = CARTESIAN_POINT('',(1.09,5.4,7.589415207399E-16));
#4067 = LINE('',#4068,#4069);
#4068 = CARTESIAN_POINT('',(1.09,5.4,7.771561172376E-16));
#4069 = VECTOR('',#4070,1.);
#4070 = DIRECTION('',(0.,0.707106781187,-0.707106781187));
#4071 = ORIENTED_EDGE('',*,*,#4072,.F.);
#4072 = EDGE_CURVE('',#3904,#4065,#4073,.T.);
#4073 = LINE('',#4074,#4075);
#4074 = CARTESIAN_POINT('',(1.09,5.4,0.6));
#4075 = VECTOR('',#4076,1.);
#4076 = DIRECTION('',(0.,0.,-1.));
#4077 = PLANE('',#4078);
#4078 = AXIS2_PLACEMENT_3D('',#4079,#4080,#4081);
#4079 = CARTESIAN_POINT('',(1.09,0.,0.));
#4080 = DIRECTION('',(1.,0.,0.));
#4081 = DIRECTION('',(-0.,1.,0.));
#4082 = ADVANCED_FACE('',(#4083),#4094,.F.);
#4083 = FACE_BOUND('',#4084,.T.);
#4084 = EDGE_LOOP('',(#4085,#4086,#4092,#4093));
#4085 = ORIENTED_EDGE('',*,*,#4072,.T.);
#4086 = ORIENTED_EDGE('',*,*,#4087,.F.);
#4087 = EDGE_CURVE('',#3959,#4065,#4088,.T.);
#4088 = LINE('',#4089,#4090);
#4089 = CARTESIAN_POINT('',(1.41,5.4,7.589415207399E-16));
#4090 = VECTOR('',#4091,1.);
#4091 = DIRECTION('',(-1.,0.,0.));
#4092 = ORIENTED_EDGE('',*,*,#3958,.F.);
#4093 = ORIENTED_EDGE('',*,*,#3911,.T.);
#4094 = PLANE('',#4095);
#4095 = AXIS2_PLACEMENT_3D('',#4096,#4097,#4098);
#4096 = CARTESIAN_POINT('',(1.41,5.4,0.6));
#4097 = DIRECTION('',(-0.,1.,0.));
#4098 = DIRECTION('',(1.,0.,0.));
#4099 = ADVANCED_FACE('',(#4100),#4111,.F.);
#4100 = FACE_BOUND('',#4101,.T.);
#4101 = EDGE_LOOP('',(#4102,#4103,#4109,#4110));
#4102 = ORIENTED_EDGE('',*,*,#4064,.T.);
#4103 = ORIENTED_EDGE('',*,*,#4104,.F.);
#4104 = EDGE_CURVE('',#3967,#4057,#4105,.T.);
#4105 = LINE('',#4106,#4107);
#4106 = CARTESIAN_POINT('',(1.41,5.6,-0.2));
#4107 = VECTOR('',#4108,1.);
#4108 = DIRECTION('',(-1.,0.,0.));
#4109 = ORIENTED_EDGE('',*,*,#3966,.F.);
#4110 = ORIENTED_EDGE('',*,*,#4087,.T.);
#4111 = PLANE('',#4112);
#4112 = AXIS2_PLACEMENT_3D('',#4113,#4114,#4115);
#4113 = CARTESIAN_POINT('',(1.41,5.4,7.771561172376E-16));
#4114 = DIRECTION('',(0.,0.707106781187,0.707106781187));
#4115 = DIRECTION('',(1.,-0.,0.));
#4116 = ADVANCED_FACE('',(#4117),#4128,.F.);
#4117 = FACE_BOUND('',#4118,.T.);
#4118 = EDGE_LOOP('',(#4119,#4120,#4126,#4127));
#4119 = ORIENTED_EDGE('',*,*,#4056,.T.);
#4120 = ORIENTED_EDGE('',*,*,#4121,.F.);
#4121 = EDGE_CURVE('',#3975,#4049,#4122,.T.);
#4122 = LINE('',#4123,#4124);
#4123 = CARTESIAN_POINT('',(1.41,6.,-0.2));
#4124 = VECTOR('',#4125,1.);
#4125 = DIRECTION('',(-1.,0.,0.));
#4126 = ORIENTED_EDGE('',*,*,#3974,.F.);
#4127 = ORIENTED_EDGE('',*,*,#4104,.T.);
#4128 = PLANE('',#4129);
#4129 = AXIS2_PLACEMENT_3D('',#4130,#4131,#4132);
#4130 = CARTESIAN_POINT('',(1.41,5.6,-0.2));
#4131 = DIRECTION('',(0.,0.,1.));
#4132 = DIRECTION('',(1.,0.,-0.));
#4133 = ADVANCED_FACE('',(#4134),#4145,.F.);
#4134 = FACE_BOUND('',#4135,.T.);
#4135 = EDGE_LOOP('',(#4136,#4137,#4143,#4144));
#4136 = ORIENTED_EDGE('',*,*,#4048,.T.);
#4137 = ORIENTED_EDGE('',*,*,#4138,.F.);
#4138 = EDGE_CURVE('',#3983,#4041,#4139,.T.);
#4139 = LINE('',#4140,#4141);
#4140 = CARTESIAN_POINT('',(1.41,6.2,7.318364664277E-16));
#4141 = VECTOR('',#4142,1.);
#4142 = DIRECTION('',(-1.,0.,0.));
#4143 = ORIENTED_EDGE('',*,*,#3982,.F.);
#4144 = ORIENTED_EDGE('',*,*,#4121,.T.);
#4145 = PLANE('',#4146);
#4146 = AXIS2_PLACEMENT_3D('',#4147,#4148,#4149);
#4147 = CARTESIAN_POINT('',(1.41,6.,-0.2));
#4148 = DIRECTION('',(0.,-0.707106781187,0.707106781187));
#4149 = DIRECTION('',(-1.,0.,0.));
#4150 = ADVANCED_FACE('',(#4151),#4162,.F.);
#4151 = FACE_BOUND('',#4152,.T.);
#4152 = EDGE_LOOP('',(#4153,#4154,#4160,#4161));
#4153 = ORIENTED_EDGE('',*,*,#4040,.T.);
#4154 = ORIENTED_EDGE('',*,*,#4155,.F.);
#4155 = EDGE_CURVE('',#3991,#4033,#4156,.T.);
#4156 = LINE('',#4157,#4158);
#4157 = CARTESIAN_POINT('',(1.41,6.2,0.3));
#4158 = VECTOR('',#4159,1.);
#4159 = DIRECTION('',(-1.,0.,0.));
#4160 = ORIENTED_EDGE('',*,*,#3990,.F.);
#4161 = ORIENTED_EDGE('',*,*,#4138,.T.);
#4162 = PLANE('',#4163);
#4163 = AXIS2_PLACEMENT_3D('',#4164,#4165,#4166);
#4164 = CARTESIAN_POINT('',(1.41,6.2,7.216449660064E-16));
#4165 = DIRECTION('',(0.,-1.,0.));
#4166 = DIRECTION('',(0.,0.,-1.));
#4167 = ADVANCED_FACE('',(#4168),#4179,.F.);
#4168 = FACE_BOUND('',#4169,.T.);
#4169 = EDGE_LOOP('',(#4170,#4171,#4177,#4178));
#4170 = ORIENTED_EDGE('',*,*,#4032,.T.);
#4171 = ORIENTED_EDGE('',*,*,#4172,.F.);
#4172 = EDGE_CURVE('',#3999,#4025,#4173,.T.);
#4173 = LINE('',#4174,#4175);
#4174 = CARTESIAN_POINT('',(1.41,5.9,0.3));
#4175 = VECTOR('',#4176,1.);
#4176 = DIRECTION('',(-1.,0.,0.));
#4177 = ORIENTED_EDGE('',*,*,#3998,.F.);
#4178 = ORIENTED_EDGE('',*,*,#4155,.T.);
#4179 = PLANE('',#4180);
#4180 = AXIS2_PLACEMENT_3D('',#4181,#4182,#4183);
#4181 = CARTESIAN_POINT('',(1.41,6.2,0.3));
#4182 = DIRECTION('',(0.,1.807003620809E-16,-1.));
#4183 = DIRECTION('',(-1.,0.,0.));
#4184 = ADVANCED_FACE('',(#4185),#4191,.F.);
#4185 = FACE_BOUND('',#4186,.T.);
#4186 = EDGE_LOOP('',(#4187,#4188,#4189,#4190));
#4187 = ORIENTED_EDGE('',*,*,#4024,.T.);
#4188 = ORIENTED_EDGE('',*,*,#3942,.F.);
#4189 = ORIENTED_EDGE('',*,*,#4006,.F.);
#4190 = ORIENTED_EDGE('',*,*,#4172,.T.);
#4191 = PLANE('',#4192);
#4192 = AXIS2_PLACEMENT_3D('',#4193,#4194,#4195);
#4193 = CARTESIAN_POINT('',(1.41,5.9,0.3));
#4194 = DIRECTION('',(0.,-1.,0.));
#4195 = DIRECTION('',(0.,0.,-1.));
#4196 = ADVANCED_FACE('',(#4197),#4216,.F.);
#4197 = FACE_BOUND('',#4198,.F.);
#4198 = EDGE_LOOP('',(#4199,#4207,#4214,#4215));
#4199 = ORIENTED_EDGE('',*,*,#4200,.F.);
#4200 = EDGE_CURVE('',#4201,#3155,#4203,.T.);
#4201 = VERTEX_POINT('',#4202);
#4202 = CARTESIAN_POINT('',(3.42,2.,5.E-02));
#4203 = LINE('',#4204,#4205);
#4204 = CARTESIAN_POINT('',(3.42,2.,5.E-02));
#4205 = VECTOR('',#4206,1.);
#4206 = DIRECTION('',(0.,1.,0.));
#4207 = ORIENTED_EDGE('',*,*,#4208,.F.);
#4208 = EDGE_CURVE('',#3088,#4201,#4209,.T.);
#4209 = CIRCLE('',#4210,0.2);
#4210 = AXIS2_PLACEMENT_3D('',#4211,#4212,#4213);
#4211 = CARTESIAN_POINT('',(3.42,2.,0.25));
#4212 = DIRECTION('',(0.,-1.,0.));
#4213 = DIRECTION('',(-1.,0.,2.710505431214E-16));
#4214 = ORIENTED_EDGE('',*,*,#3085,.F.);
#4215 = ORIENTED_EDGE('',*,*,#3195,.T.);
#4216 = CYLINDRICAL_SURFACE('',#4217,0.2);
#4217 = AXIS2_PLACEMENT_3D('',#4218,#4219,#4220);
#4218 = CARTESIAN_POINT('',(3.42,2.,0.25));
#4219 = DIRECTION('',(0.,-1.,0.));
#4220 = DIRECTION('',(0.,0.,1.));
#4221 = ADVANCED_FACE('',(#4222),#4256,.T.);
#4222 = FACE_BOUND('',#4223,.T.);
#4223 = EDGE_LOOP('',(#4224,#4232,#4240,#4248,#4254,#4255));
#4224 = ORIENTED_EDGE('',*,*,#4225,.T.);
#4225 = EDGE_CURVE('',#4201,#4226,#4228,.T.);
#4226 = VERTEX_POINT('',#4227);
#4227 = CARTESIAN_POINT('',(4.25,2.,5.E-02));
#4228 = LINE('',#4229,#4230);
#4229 = CARTESIAN_POINT('',(3.42,2.,5.E-02));
#4230 = VECTOR('',#4231,1.);
#4231 = DIRECTION('',(1.,0.,0.));
#4232 = ORIENTED_EDGE('',*,*,#4233,.T.);
#4233 = EDGE_CURVE('',#4226,#4234,#4236,.T.);
#4234 = VERTEX_POINT('',#4235);
#4235 = CARTESIAN_POINT('',(4.45,2.2,5.E-02));
#4236 = LINE('',#4237,#4238);
#4237 = CARTESIAN_POINT('',(3.835,1.585,5.E-02));
#4238 = VECTOR('',#4239,1.);
#4239 = DIRECTION('',(0.707106781187,0.707106781187,0.));
#4240 = ORIENTED_EDGE('',*,*,#4241,.T.);
#4241 = EDGE_CURVE('',#4234,#4242,#4244,.T.);
#4242 = VERTEX_POINT('',#4243);
#4243 = CARTESIAN_POINT('',(4.45,4.,5.E-02));
#4244 = LINE('',#4245,#4246);
#4245 = CARTESIAN_POINT('',(4.45,2.,5.E-02));
#4246 = VECTOR('',#4247,1.);
#4247 = DIRECTION('',(0.,1.,0.));
#4248 = ORIENTED_EDGE('',*,*,#4249,.T.);
#4249 = EDGE_CURVE('',#4242,#3157,#4250,.T.);
#4250 = LINE('',#4251,#4252);
#4251 = CARTESIAN_POINT('',(4.935,3.515,5.E-02));
#4252 = VECTOR('',#4253,1.);
#4253 = DIRECTION('',(-0.707106781187,0.707106781187,0.));
#4254 = ORIENTED_EDGE('',*,*,#3154,.F.);
#4255 = ORIENTED_EDGE('',*,*,#4200,.F.);
#4256 = PLANE('',#4257);
#4257 = AXIS2_PLACEMENT_3D('',#4258,#4259,#4260);
#4258 = CARTESIAN_POINT('',(3.42,2.,5.E-02));
#4259 = DIRECTION('',(0.,0.,1.));
#4260 = DIRECTION('',(1.,0.,-0.));
#4261 = ADVANCED_FACE('',(#4262),#4287,.T.);
#4262 = FACE_BOUND('',#4263,.T.);
#4263 = EDGE_LOOP('',(#4264,#4265,#4273,#4281));
#4264 = ORIENTED_EDGE('',*,*,#4241,.F.);
#4265 = ORIENTED_EDGE('',*,*,#4266,.T.);
#4266 = EDGE_CURVE('',#4234,#4267,#4269,.T.);
#4267 = VERTEX_POINT('',#4268);
#4268 = CARTESIAN_POINT('',(4.45,2.2,-0.2));
#4269 = LINE('',#4270,#4271);
#4270 = CARTESIAN_POINT('',(4.45,2.2,5.E-02));
#4271 = VECTOR('',#4272,1.);
#4272 = DIRECTION('',(0.,0.,-1.));
#4273 = ORIENTED_EDGE('',*,*,#4274,.T.);
#4274 = EDGE_CURVE('',#4267,#4275,#4277,.T.);
#4275 = VERTEX_POINT('',#4276);
#4276 = CARTESIAN_POINT('',(4.45,4.,-0.2));
#4277 = LINE('',#4278,#4279);
#4278 = CARTESIAN_POINT('',(4.45,2.,-0.2));
#4279 = VECTOR('',#4280,1.);
#4280 = DIRECTION('',(0.,1.,0.));
#4281 = ORIENTED_EDGE('',*,*,#4282,.T.);
#4282 = EDGE_CURVE('',#4275,#4242,#4283,.T.);
#4283 = LINE('',#4284,#4285);
#4284 = CARTESIAN_POINT('',(4.45,4.,5.000000000001E-02));
#4285 = VECTOR('',#4286,1.);
#4286 = DIRECTION('',(0.,-3.97540796578E-15,1.));
#4287 = PLANE('',#4288);
#4288 = AXIS2_PLACEMENT_3D('',#4289,#4290,#4291);
#4289 = CARTESIAN_POINT('',(4.45,2.,5.E-02));
#4290 = DIRECTION('',(1.,0.,0.));
#4291 = DIRECTION('',(-0.,1.,0.));
#4292 = ADVANCED_FACE('',(#4293),#4325,.T.);
#4293 = FACE_BOUND('',#4294,.T.);
#4294 = EDGE_LOOP('',(#4295,#4296,#4304,#4312,#4318,#4319));
#4295 = ORIENTED_EDGE('',*,*,#4274,.F.);
#4296 = ORIENTED_EDGE('',*,*,#4297,.T.);
#4297 = EDGE_CURVE('',#4267,#4298,#4300,.T.);
#4298 = VERTEX_POINT('',#4299);
#4299 = CARTESIAN_POINT('',(4.25,2.,-0.2));
#4300 = LINE('',#4301,#4302);
#4301 = CARTESIAN_POINT('',(4.35,2.1,-0.2));
#4302 = VECTOR('',#4303,1.);
#4303 = DIRECTION('',(-0.707106781187,-0.707106781187,0.));
#4304 = ORIENTED_EDGE('',*,*,#4305,.T.);
#4305 = EDGE_CURVE('',#4298,#4306,#4308,.T.);
#4306 = VERTEX_POINT('',#4307);
#4307 = CARTESIAN_POINT('',(3.42,2.,-0.2));
#4308 = LINE('',#4309,#4310);
#4309 = CARTESIAN_POINT('',(4.45,2.,-0.2));
#4310 = VECTOR('',#4311,1.);
#4311 = DIRECTION('',(-1.,0.,0.));
#4312 = ORIENTED_EDGE('',*,*,#4313,.T.);
#4313 = EDGE_CURVE('',#4306,#3173,#4314,.T.);
#4314 = LINE('',#4315,#4316);
#4315 = CARTESIAN_POINT('',(3.42,2.,-0.2));
#4316 = VECTOR('',#4317,1.);
#4317 = DIRECTION('',(0.,1.,0.));
#4318 = ORIENTED_EDGE('',*,*,#3172,.F.);
#4319 = ORIENTED_EDGE('',*,*,#4320,.T.);
#4320 = EDGE_CURVE('',#3165,#4275,#4321,.T.);
#4321 = LINE('',#4322,#4323);
#4322 = CARTESIAN_POINT('',(5.45,3.,-0.2));
#4323 = VECTOR('',#4324,1.);
#4324 = DIRECTION('',(0.707106781187,-0.707106781187,0.));
#4325 = PLANE('',#4326);
#4326 = AXIS2_PLACEMENT_3D('',#4327,#4328,#4329);
#4327 = CARTESIAN_POINT('',(4.45,2.,-0.2));
#4328 = DIRECTION('',(0.,0.,-1.));
#4329 = DIRECTION('',(0.,-1.,0.));
#4330 = ADVANCED_FACE('',(#4331),#4343,.T.);
#4331 = FACE_BOUND('',#4332,.T.);
#4332 = EDGE_LOOP('',(#4333,#4340,#4341,#4342));
#4333 = ORIENTED_EDGE('',*,*,#4334,.T.);
#4334 = EDGE_CURVE('',#4306,#3118,#4335,.T.);
#4335 = CIRCLE('',#4336,0.45);
#4336 = AXIS2_PLACEMENT_3D('',#4337,#4338,#4339);
#4337 = CARTESIAN_POINT('',(3.42,2.,0.25));
#4338 = DIRECTION('',(0.,1.,0.));
#4339 = DIRECTION('',(-1.,0.,-2.409338161079E-16));
#4340 = ORIENTED_EDGE('',*,*,#3117,.T.);
#4341 = ORIENTED_EDGE('',*,*,#3180,.F.);
#4342 = ORIENTED_EDGE('',*,*,#4313,.F.);
#4343 = CYLINDRICAL_SURFACE('',#4344,0.45);
#4344 = AXIS2_PLACEMENT_3D('',#4345,#4346,#4347);
#4345 = CARTESIAN_POINT('',(3.42,2.,0.25));
#4346 = DIRECTION('',(0.,-1.,0.));
#4347 = DIRECTION('',(0.,0.,1.));
#4348 = ADVANCED_FACE('',(#4349),#4362,.T.);
#4349 = FACE_BOUND('',#4350,.T.);
#4350 = EDGE_LOOP('',(#4351,#4352,#4358,#4359,#4360,#4361));
#4351 = ORIENTED_EDGE('',*,*,#4305,.F.);
#4352 = ORIENTED_EDGE('',*,*,#4353,.T.);
#4353 = EDGE_CURVE('',#4298,#4226,#4354,.T.);
#4354 = LINE('',#4355,#4356);
#4355 = CARTESIAN_POINT('',(4.25,2.,0.25));
#4356 = VECTOR('',#4357,1.);
#4357 = DIRECTION('',(0.,0.,1.));
#4358 = ORIENTED_EDGE('',*,*,#4225,.F.);
#4359 = ORIENTED_EDGE('',*,*,#4208,.F.);
#4360 = ORIENTED_EDGE('',*,*,#3125,.T.);
#4361 = ORIENTED_EDGE('',*,*,#4334,.F.);
#4362 = PLANE('',#4363);
#4363 = AXIS2_PLACEMENT_3D('',#4364,#4365,#4366);
#4364 = CARTESIAN_POINT('',(3.42,2.,0.25));
#4365 = DIRECTION('',(0.,-1.,0.));
#4366 = DIRECTION('',(0.,0.,-1.));
#4367 = ADVANCED_FACE('',(#4368),#4402,.T.);
#4368 = FACE_BOUND('',#4369,.T.);
#4369 = EDGE_LOOP('',(#4370,#4380,#4388,#4396));
#4370 = ORIENTED_EDGE('',*,*,#4371,.F.);
#4371 = EDGE_CURVE('',#4372,#4374,#4376,.T.);
#4372 = VERTEX_POINT('',#4373);
#4373 = CARTESIAN_POINT('',(-4.45,2.2,-0.2));
#4374 = VERTEX_POINT('',#4375);
#4375 = CARTESIAN_POINT('',(-4.45,4.,-0.2));
#4376 = LINE('',#4377,#4378);
#4377 = CARTESIAN_POINT('',(-4.45,2.,-0.2));
#4378 = VECTOR('',#4379,1.);
#4379 = DIRECTION('',(0.,1.,0.));
#4380 = ORIENTED_EDGE('',*,*,#4381,.T.);
#4381 = EDGE_CURVE('',#4372,#4382,#4384,.T.);
#4382 = VERTEX_POINT('',#4383);
#4383 = CARTESIAN_POINT('',(-4.45,2.2,5.E-02));
#4384 = LINE('',#4385,#4386);
#4385 = CARTESIAN_POINT('',(-4.45,2.2,-0.2));
#4386 = VECTOR('',#4387,1.);
#4387 = DIRECTION('',(0.,0.,1.));
#4388 = ORIENTED_EDGE('',*,*,#4389,.T.);
#4389 = EDGE_CURVE('',#4382,#4390,#4392,.T.);
#4390 = VERTEX_POINT('',#4391);
#4391 = CARTESIAN_POINT('',(-4.45,4.,5.E-02));
#4392 = LINE('',#4393,#4394);
#4393 = CARTESIAN_POINT('',(-4.45,2.,5.E-02));
#4394 = VECTOR('',#4395,1.);
#4395 = DIRECTION('',(0.,1.,0.));
#4396 = ORIENTED_EDGE('',*,*,#4397,.T.);
#4397 = EDGE_CURVE('',#4390,#4374,#4398,.T.);
#4398 = LINE('',#4399,#4400);
#4399 = CARTESIAN_POINT('',(-4.45,4.,-0.2));
#4400 = VECTOR('',#4401,1.);
#4401 = DIRECTION('',(0.,3.614007241618E-15,-1.));
#4402 = PLANE('',#4403);
#4403 = AXIS2_PLACEMENT_3D('',#4404,#4405,#4406);
#4404 = CARTESIAN_POINT('',(-4.45,2.,-0.2));
#4405 = DIRECTION('',(-1.,0.,0.));
#4406 = DIRECTION('',(0.,0.,1.));
#4407 = ADVANCED_FACE('',(#4408),#4440,.T.);
#4408 = FACE_BOUND('',#4409,.T.);
#4409 = EDGE_LOOP('',(#4410,#4411,#4419,#4427,#4433,#4434));
#4410 = ORIENTED_EDGE('',*,*,#4389,.F.);
#4411 = ORIENTED_EDGE('',*,*,#4412,.T.);
#4412 = EDGE_CURVE('',#4382,#4413,#4415,.T.);
#4413 = VERTEX_POINT('',#4414);
#4414 = CARTESIAN_POINT('',(-4.25,2.,5.E-02));
#4415 = LINE('',#4416,#4417);
#4416 = CARTESIAN_POINT('',(-4.35,2.1,5.E-02));
#4417 = VECTOR('',#4418,1.);
#4418 = DIRECTION('',(0.707106781187,-0.707106781187,9.303964907059E-18)
  );
#4419 = ORIENTED_EDGE('',*,*,#4420,.T.);
#4420 = EDGE_CURVE('',#4413,#4421,#4423,.T.);
#4421 = VERTEX_POINT('',#4422);
#4422 = CARTESIAN_POINT('',(-3.42,2.,5.E-02));
#4423 = LINE('',#4424,#4425);
#4424 = CARTESIAN_POINT('',(-4.45,2.,5.E-02));
#4425 = VECTOR('',#4426,1.);
#4426 = DIRECTION('',(1.,0.,1.315779335541E-17));
#4427 = ORIENTED_EDGE('',*,*,#4428,.T.);
#4428 = EDGE_CURVE('',#4421,#3453,#4429,.T.);
#4429 = LINE('',#4430,#4431);
#4430 = CARTESIAN_POINT('',(-3.42,2.,5.E-02));
#4431 = VECTOR('',#4432,1.);
#4432 = DIRECTION('',(0.,1.,0.));
#4433 = ORIENTED_EDGE('',*,*,#3452,.F.);
#4434 = ORIENTED_EDGE('',*,*,#4435,.T.);
#4435 = EDGE_CURVE('',#3445,#4390,#4436,.T.);
#4436 = LINE('',#4437,#4438);
#4437 = CARTESIAN_POINT('',(-5.45,3.,5.E-02));
#4438 = VECTOR('',#4439,1.);
#4439 = DIRECTION('',(-0.707106781187,-0.707106781187,
    -9.303964907059E-18));
#4440 = PLANE('',#4441);
#4441 = AXIS2_PLACEMENT_3D('',#4442,#4443,#4444);
#4442 = CARTESIAN_POINT('',(-4.45,2.,5.E-02));
#4443 = DIRECTION('',(-1.315779335541E-17,0.,1.));
#4444 = DIRECTION('',(1.,0.,1.315779335541E-17));
#4445 = ADVANCED_FACE('',(#4446),#4458,.F.);
#4446 = FACE_BOUND('',#4447,.F.);
#4447 = EDGE_LOOP('',(#4448,#4449,#4450,#4451));
#4448 = ORIENTED_EDGE('',*,*,#4428,.T.);
#4449 = ORIENTED_EDGE('',*,*,#3460,.T.);
#4450 = ORIENTED_EDGE('',*,*,#3334,.F.);
#4451 = ORIENTED_EDGE('',*,*,#4452,.F.);
#4452 = EDGE_CURVE('',#4421,#3335,#4453,.T.);
#4453 = CIRCLE('',#4454,0.2);
#4454 = AXIS2_PLACEMENT_3D('',#4455,#4456,#4457);
#4455 = CARTESIAN_POINT('',(-3.42,2.,0.25));
#4456 = DIRECTION('',(0.,-1.,0.));
#4457 = DIRECTION('',(1.,0.,0.));
#4458 = CYLINDRICAL_SURFACE('',#4459,0.2);
#4459 = AXIS2_PLACEMENT_3D('',#4460,#4461,#4462);
#4460 = CARTESIAN_POINT('',(-3.42,2.,0.25));
#4461 = DIRECTION('',(0.,-1.,0.));
#4462 = DIRECTION('',(0.,0.,1.));
#4463 = ADVANCED_FACE('',(#4464),#4483,.T.);
#4464 = FACE_BOUND('',#4465,.T.);
#4465 = EDGE_LOOP('',(#4466,#4467,#4468,#4477));
#4466 = ORIENTED_EDGE('',*,*,#3475,.F.);
#4467 = ORIENTED_EDGE('',*,*,#3352,.T.);
#4468 = ORIENTED_EDGE('',*,*,#4469,.T.);
#4469 = EDGE_CURVE('',#3345,#4470,#4472,.T.);
#4470 = VERTEX_POINT('',#4471);
#4471 = CARTESIAN_POINT('',(-3.42,2.,-0.2));
#4472 = CIRCLE('',#4473,0.45);
#4473 = AXIS2_PLACEMENT_3D('',#4474,#4475,#4476);
#4474 = CARTESIAN_POINT('',(-3.42,2.,0.25));
#4475 = DIRECTION('',(-0.,1.,0.));
#4476 = DIRECTION('',(1.,0.,1.204669080539E-16));
#4477 = ORIENTED_EDGE('',*,*,#4478,.T.);
#4478 = EDGE_CURVE('',#4470,#3435,#4479,.T.);
#4479 = LINE('',#4480,#4481);
#4480 = CARTESIAN_POINT('',(-3.42,2.,-0.2));
#4481 = VECTOR('',#4482,1.);
#4482 = DIRECTION('',(0.,1.,0.));
#4483 = CYLINDRICAL_SURFACE('',#4484,0.45);
#4484 = AXIS2_PLACEMENT_3D('',#4485,#4486,#4487);
#4485 = CARTESIAN_POINT('',(-3.42,2.,0.25));
#4486 = DIRECTION('',(0.,-1.,0.));
#4487 = DIRECTION('',(0.,0.,1.));
#4488 = ADVANCED_FACE('',(#4489),#4514,.T.);
#4489 = FACE_BOUND('',#4490,.T.);
#4490 = EDGE_LOOP('',(#4491,#4499,#4505,#4506,#4512,#4513));
#4491 = ORIENTED_EDGE('',*,*,#4492,.T.);
#4492 = EDGE_CURVE('',#4470,#4493,#4495,.T.);
#4493 = VERTEX_POINT('',#4494);
#4494 = CARTESIAN_POINT('',(-4.25,2.,-0.2));
#4495 = LINE('',#4496,#4497);
#4496 = CARTESIAN_POINT('',(-3.42,2.,-0.2));
#4497 = VECTOR('',#4498,1.);
#4498 = DIRECTION('',(-1.,0.,0.));
#4499 = ORIENTED_EDGE('',*,*,#4500,.T.);
#4500 = EDGE_CURVE('',#4493,#4372,#4501,.T.);
#4501 = LINE('',#4502,#4503);
#4502 = CARTESIAN_POINT('',(-3.835,1.585,-0.2));
#4503 = VECTOR('',#4504,1.);
#4504 = DIRECTION('',(-0.707106781187,0.707106781187,0.));
#4505 = ORIENTED_EDGE('',*,*,#4371,.T.);
#4506 = ORIENTED_EDGE('',*,*,#4507,.T.);
#4507 = EDGE_CURVE('',#4374,#3437,#4508,.T.);
#4508 = LINE('',#4509,#4510);
#4509 = CARTESIAN_POINT('',(-4.935,3.515,-0.2));
#4510 = VECTOR('',#4511,1.);
#4511 = DIRECTION('',(0.707106781187,0.707106781187,0.));
#4512 = ORIENTED_EDGE('',*,*,#3434,.F.);
#4513 = ORIENTED_EDGE('',*,*,#4478,.F.);
#4514 = PLANE('',#4515);
#4515 = AXIS2_PLACEMENT_3D('',#4516,#4517,#4518);
#4516 = CARTESIAN_POINT('',(-3.42,2.,-0.2));
#4517 = DIRECTION('',(0.,0.,-1.));
#4518 = DIRECTION('',(0.,-1.,0.));
#4519 = ADVANCED_FACE('',(#4520),#4533,.T.);
#4520 = FACE_BOUND('',#4521,.T.);
#4521 = EDGE_LOOP('',(#4522,#4523,#4529,#4530,#4531,#4532));
#4522 = ORIENTED_EDGE('',*,*,#4420,.F.);
#4523 = ORIENTED_EDGE('',*,*,#4524,.T.);
#4524 = EDGE_CURVE('',#4413,#4493,#4525,.T.);
#4525 = LINE('',#4526,#4527);
#4526 = CARTESIAN_POINT('',(-4.25,2.,0.25));
#4527 = VECTOR('',#4528,1.);
#4528 = DIRECTION('',(0.,0.,-1.));
#4529 = ORIENTED_EDGE('',*,*,#4492,.F.);
#4530 = ORIENTED_EDGE('',*,*,#4469,.F.);
#4531 = ORIENTED_EDGE('',*,*,#3344,.T.);
#4532 = ORIENTED_EDGE('',*,*,#4452,.F.);
#4533 = PLANE('',#4534);
#4534 = AXIS2_PLACEMENT_3D('',#4535,#4536,#4537);
#4535 = CARTESIAN_POINT('',(-3.42,2.,0.25));
#4536 = DIRECTION('',(0.,-1.,0.));
#4537 = DIRECTION('',(0.,0.,-1.));
#4538 = ADVANCED_FACE('',(#4539),#4545,.F.);
#4539 = FACE_BOUND('',#4540,.T.);
#4540 = EDGE_LOOP('',(#4541,#4542,#4543,#4544));
#4541 = ORIENTED_EDGE('',*,*,#4500,.F.);
#4542 = ORIENTED_EDGE('',*,*,#4524,.F.);
#4543 = ORIENTED_EDGE('',*,*,#4412,.F.);
#4544 = ORIENTED_EDGE('',*,*,#4381,.F.);
#4545 = PLANE('',#4546);
#4546 = AXIS2_PLACEMENT_3D('',#4547,#4548,#4549);
#4547 = CARTESIAN_POINT('',(-4.45,2.2,-0.2));
#4548 = DIRECTION('',(0.707106781187,0.707106781187,0.));
#4549 = DIRECTION('',(0.,0.,-1.));
#4550 = ADVANCED_FACE('',(#4551),#4557,.F.);
#4551 = FACE_BOUND('',#4552,.T.);
#4552 = EDGE_LOOP('',(#4553,#4554,#4555,#4556));
#4553 = ORIENTED_EDGE('',*,*,#4507,.F.);
#4554 = ORIENTED_EDGE('',*,*,#4397,.F.);
#4555 = ORIENTED_EDGE('',*,*,#4435,.F.);
#4556 = ORIENTED_EDGE('',*,*,#3444,.F.);
#4557 = PLANE('',#4558);
#4558 = AXIS2_PLACEMENT_3D('',#4559,#4560,#4561);
#4559 = CARTESIAN_POINT('',(-4.25,4.2,1.879283765642E-14));
#4560 = DIRECTION('',(0.707106781187,-0.707106781187,-2.555489027806E-15
    ));
#4561 = DIRECTION('',(-7.88860905221E-31,3.614007241618E-15,-1.));
#4562 = ADVANCED_FACE('',(#4563),#4569,.F.);
#4563 = FACE_BOUND('',#4564,.T.);
#4564 = EDGE_LOOP('',(#4565,#4566,#4567,#4568));
#4565 = ORIENTED_EDGE('',*,*,#4233,.F.);
#4566 = ORIENTED_EDGE('',*,*,#4353,.F.);
#4567 = ORIENTED_EDGE('',*,*,#4297,.F.);
#4568 = ORIENTED_EDGE('',*,*,#4266,.F.);
#4569 = PLANE('',#4570);
#4570 = AXIS2_PLACEMENT_3D('',#4571,#4572,#4573);
#4571 = CARTESIAN_POINT('',(4.45,2.2,5.E-02));
#4572 = DIRECTION('',(-0.707106781187,0.707106781187,0.));
#4573 = DIRECTION('',(0.,0.,1.));
#4574 = ADVANCED_FACE('',(#4575),#4581,.F.);
#4575 = FACE_BOUND('',#4576,.T.);
#4576 = EDGE_LOOP('',(#4577,#4578,#4579,#4580));
#4577 = ORIENTED_EDGE('',*,*,#4249,.F.);
#4578 = ORIENTED_EDGE('',*,*,#4282,.F.);
#4579 = ORIENTED_EDGE('',*,*,#4320,.F.);
#4580 = ORIENTED_EDGE('',*,*,#3164,.F.);
#4581 = PLANE('',#4582);
#4582 = AXIS2_PLACEMENT_3D('',#4583,#4584,#4585);
#4583 = CARTESIAN_POINT('',(4.25,4.2,2.067212142206E-14));
#4584 = DIRECTION('',(-0.707106781187,-0.707106781187,
    -2.811037930586E-15));
#4585 = DIRECTION('',(-0.707106781187,0.707106781187,0.));
#4586 = ADVANCED_FACE('',(#4587),#4621,.F.);
#4587 = FACE_BOUND('',#4588,.T.);
#4588 = EDGE_LOOP('',(#4589,#4599,#4607,#4615));
#4589 = ORIENTED_EDGE('',*,*,#4590,.T.);
#4590 = EDGE_CURVE('',#4591,#4593,#4595,.T.);
#4591 = VERTEX_POINT('',#4592);
#4592 = CARTESIAN_POINT('',(-1.41,2.7,1.525));
#4593 = VERTEX_POINT('',#4594);
#4594 = CARTESIAN_POINT('',(-1.41,1.7,1.325));
#4595 = LINE('',#4596,#4597);
#4596 = CARTESIAN_POINT('',(-1.41,2.7,1.525));
#4597 = VECTOR('',#4598,1.);
#4598 = DIRECTION('',(0.,-0.980580675691,-0.196116135138));
#4599 = ORIENTED_EDGE('',*,*,#4600,.F.);
#4600 = EDGE_CURVE('',#4601,#4593,#4603,.T.);
#4601 = VERTEX_POINT('',#4602);
#4602 = CARTESIAN_POINT('',(-1.09,1.7,1.325));
#4603 = LINE('',#4604,#4605);
#4604 = CARTESIAN_POINT('',(-1.09,1.7,1.325));
#4605 = VECTOR('',#4606,1.);
#4606 = DIRECTION('',(-1.,0.,0.));
#4607 = ORIENTED_EDGE('',*,*,#4608,.F.);
#4608 = EDGE_CURVE('',#4609,#4601,#4611,.T.);
#4609 = VERTEX_POINT('',#4610);
#4610 = CARTESIAN_POINT('',(-1.09,2.7,1.525));
#4611 = LINE('',#4612,#4613);
#4612 = CARTESIAN_POINT('',(-1.09,2.7,1.525));
#4613 = VECTOR('',#4614,1.);
#4614 = DIRECTION('',(0.,-0.980580675691,-0.196116135138));
#4615 = ORIENTED_EDGE('',*,*,#4616,.T.);
#4616 = EDGE_CURVE('',#4609,#4591,#4617,.T.);
#4617 = LINE('',#4618,#4619);
#4618 = CARTESIAN_POINT('',(-1.09,2.7,1.525));
#4619 = VECTOR('',#4620,1.);
#4620 = DIRECTION('',(-1.,0.,0.));
#4621 = PLANE('',#4622);
#4622 = AXIS2_PLACEMENT_3D('',#4623,#4624,#4625);
#4623 = CARTESIAN_POINT('',(-1.09,2.7,1.525));
#4624 = DIRECTION('',(0.,0.196116135138,-0.980580675691));
#4625 = DIRECTION('',(-1.,0.,0.));
#4626 = ADVANCED_FACE('',(#4627),#4652,.F.);
#4627 = FACE_BOUND('',#4628,.T.);
#4628 = EDGE_LOOP('',(#4629,#4637,#4645,#4651));
#4629 = ORIENTED_EDGE('',*,*,#4630,.T.);
#4630 = EDGE_CURVE('',#4593,#4631,#4633,.T.);
#4631 = VERTEX_POINT('',#4632);
#4632 = CARTESIAN_POINT('',(-1.41,1.7,0.925));
#4633 = LINE('',#4634,#4635);
#4634 = CARTESIAN_POINT('',(-1.41,1.7,1.325));
#4635 = VECTOR('',#4636,1.);
#4636 = DIRECTION('',(0.,5.421010862428E-16,-1.));
#4637 = ORIENTED_EDGE('',*,*,#4638,.F.);
#4638 = EDGE_CURVE('',#4639,#4631,#4641,.T.);
#4639 = VERTEX_POINT('',#4640);
#4640 = CARTESIAN_POINT('',(-1.09,1.7,0.925));
#4641 = LINE('',#4642,#4643);
#4642 = CARTESIAN_POINT('',(-1.09,1.7,0.925));
#4643 = VECTOR('',#4644,1.);
#4644 = DIRECTION('',(-1.,0.,0.));
#4645 = ORIENTED_EDGE('',*,*,#4646,.F.);
#4646 = EDGE_CURVE('',#4601,#4639,#4647,.T.);
#4647 = LINE('',#4648,#4649);
#4648 = CARTESIAN_POINT('',(-1.09,1.7,1.325));
#4649 = VECTOR('',#4650,1.);
#4650 = DIRECTION('',(0.,5.421010862428E-16,-1.));
#4651 = ORIENTED_EDGE('',*,*,#4600,.T.);
#4652 = PLANE('',#4653);
#4653 = AXIS2_PLACEMENT_3D('',#4654,#4655,#4656);
#4654 = CARTESIAN_POINT('',(-1.09,1.7,1.325));
#4655 = DIRECTION('',(0.,1.,5.421010862428E-16));
#4656 = DIRECTION('',(0.,5.421010862428E-16,-1.));
#4657 = ADVANCED_FACE('',(#4658),#4683,.F.);
#4658 = FACE_BOUND('',#4659,.T.);
#4659 = EDGE_LOOP('',(#4660,#4668,#4676,#4682));
#4660 = ORIENTED_EDGE('',*,*,#4661,.T.);
#4661 = EDGE_CURVE('',#4631,#4662,#4664,.T.);
#4662 = VERTEX_POINT('',#4663);
#4663 = CARTESIAN_POINT('',(-1.41,2.4,0.775));
#4664 = LINE('',#4665,#4666);
#4665 = CARTESIAN_POINT('',(-1.41,1.7,0.925));
#4666 = VECTOR('',#4667,1.);
#4667 = DIRECTION('',(0.,0.977802414077,-0.209529088731));
#4668 = ORIENTED_EDGE('',*,*,#4669,.F.);
#4669 = EDGE_CURVE('',#4670,#4662,#4672,.T.);
#4670 = VERTEX_POINT('',#4671);
#4671 = CARTESIAN_POINT('',(-1.09,2.4,0.775));
#4672 = LINE('',#4673,#4674);
#4673 = CARTESIAN_POINT('',(-1.09,2.4,0.775));
#4674 = VECTOR('',#4675,1.);
#4675 = DIRECTION('',(-1.,0.,0.));
#4676 = ORIENTED_EDGE('',*,*,#4677,.F.);
#4677 = EDGE_CURVE('',#4639,#4670,#4678,.T.);
#4678 = LINE('',#4679,#4680);
#4679 = CARTESIAN_POINT('',(-1.09,1.7,0.925));
#4680 = VECTOR('',#4681,1.);
#4681 = DIRECTION('',(0.,0.977802414077,-0.209529088731));
#4682 = ORIENTED_EDGE('',*,*,#4638,.T.);
#4683 = PLANE('',#4684);
#4684 = AXIS2_PLACEMENT_3D('',#4685,#4686,#4687);
#4685 = CARTESIAN_POINT('',(-1.09,1.7,0.925));
#4686 = DIRECTION('',(0.,0.209529088731,0.977802414077));
#4687 = DIRECTION('',(1.,-0.,0.));
#4688 = ADVANCED_FACE('',(#4689),#4707,.F.);
#4689 = FACE_BOUND('',#4690,.T.);
#4690 = EDGE_LOOP('',(#4691,#4697,#4698,#4704,#4705,#4706));
#4691 = ORIENTED_EDGE('',*,*,#4692,.F.);
#4692 = EDGE_CURVE('',#2660,#4591,#4693,.T.);
#4693 = LINE('',#4694,#4695);
#4694 = CARTESIAN_POINT('',(-1.41,5.1,1.525));
#4695 = VECTOR('',#4696,1.);
#4696 = DIRECTION('',(0.,-1.,-1.807003620809E-16));
#4697 = ORIENTED_EDGE('',*,*,#2683,.T.);
#4698 = ORIENTED_EDGE('',*,*,#4699,.F.);
#4699 = EDGE_CURVE('',#4662,#2676,#4700,.T.);
#4700 = LINE('',#4701,#4702);
#4701 = CARTESIAN_POINT('',(-1.41,2.4,0.775));
#4702 = VECTOR('',#4703,1.);
#4703 = DIRECTION('',(0.,1.,0.));
#4704 = ORIENTED_EDGE('',*,*,#4661,.F.);
#4705 = ORIENTED_EDGE('',*,*,#4630,.F.);
#4706 = ORIENTED_EDGE('',*,*,#4590,.F.);
#4707 = PLANE('',#4708);
#4708 = AXIS2_PLACEMENT_3D('',#4709,#4710,#4711);
#4709 = CARTESIAN_POINT('',(-1.41,0.,0.));
#4710 = DIRECTION('',(1.,0.,0.));
#4711 = DIRECTION('',(-0.,1.,0.));
#4712 = ADVANCED_FACE('',(#4713),#4731,.T.);
#4713 = FACE_BOUND('',#4714,.T.);
#4714 = EDGE_LOOP('',(#4715,#4716,#4722,#4723,#4724,#4725));
#4715 = ORIENTED_EDGE('',*,*,#2667,.F.);
#4716 = ORIENTED_EDGE('',*,*,#4717,.T.);
#4717 = EDGE_CURVE('',#2658,#4609,#4718,.T.);
#4718 = LINE('',#4719,#4720);
#4719 = CARTESIAN_POINT('',(-1.09,5.1,1.525));
#4720 = VECTOR('',#4721,1.);
#4721 = DIRECTION('',(0.,-1.,-1.807003620809E-16));
#4722 = ORIENTED_EDGE('',*,*,#4608,.T.);
#4723 = ORIENTED_EDGE('',*,*,#4646,.T.);
#4724 = ORIENTED_EDGE('',*,*,#4677,.T.);
#4725 = ORIENTED_EDGE('',*,*,#4726,.T.);
#4726 = EDGE_CURVE('',#4670,#2668,#4727,.T.);
#4727 = LINE('',#4728,#4729);
#4728 = CARTESIAN_POINT('',(-1.09,2.4,0.775));
#4729 = VECTOR('',#4730,1.);
#4730 = DIRECTION('',(0.,1.,0.));
#4731 = PLANE('',#4732);
#4732 = AXIS2_PLACEMENT_3D('',#4733,#4734,#4735);
#4733 = CARTESIAN_POINT('',(-1.09,0.,0.));
#4734 = DIRECTION('',(1.,0.,0.));
#4735 = DIRECTION('',(-0.,1.,0.));
#4736 = ADVANCED_FACE('',(#4737),#4743,.F.);
#4737 = FACE_BOUND('',#4738,.T.);
#4738 = EDGE_LOOP('',(#4739,#4740,#4741,#4742));
#4739 = ORIENTED_EDGE('',*,*,#4717,.F.);
#4740 = ORIENTED_EDGE('',*,*,#2657,.T.);
#4741 = ORIENTED_EDGE('',*,*,#4692,.T.);
#4742 = ORIENTED_EDGE('',*,*,#4616,.F.);
#4743 = PLANE('',#4744);
#4744 = AXIS2_PLACEMENT_3D('',#4745,#4746,#4747);
#4745 = CARTESIAN_POINT('',(-1.09,5.1,1.525));
#4746 = DIRECTION('',(0.,1.807003620809E-16,-1.));
#4747 = DIRECTION('',(-1.,0.,0.));
#4748 = ADVANCED_FACE('',(#4749),#4755,.F.);
#4749 = FACE_BOUND('',#4750,.T.);
#4750 = EDGE_LOOP('',(#4751,#4752,#4753,#4754));
#4751 = ORIENTED_EDGE('',*,*,#4699,.T.);
#4752 = ORIENTED_EDGE('',*,*,#2675,.T.);
#4753 = ORIENTED_EDGE('',*,*,#4726,.F.);
#4754 = ORIENTED_EDGE('',*,*,#4669,.T.);
#4755 = PLANE('',#4756);
#4756 = AXIS2_PLACEMENT_3D('',#4757,#4758,#4759);
#4757 = CARTESIAN_POINT('',(-1.09,2.4,0.775));
#4758 = DIRECTION('',(0.,0.,1.));
#4759 = DIRECTION('',(1.,0.,-0.));
#4760 = ADVANCED_FACE('',(#4761),#4795,.F.);
#4761 = FACE_BOUND('',#4762,.T.);
#4762 = EDGE_LOOP('',(#4763,#4773,#4781,#4789));
#4763 = ORIENTED_EDGE('',*,*,#4764,.T.);
#4764 = EDGE_CURVE('',#4765,#4767,#4769,.T.);
#4765 = VERTEX_POINT('',#4766);
#4766 = CARTESIAN_POINT('',(-0.16,2.7,1.525));
#4767 = VERTEX_POINT('',#4768);
#4768 = CARTESIAN_POINT('',(-0.16,1.7,1.325));
#4769 = LINE('',#4770,#4771);
#4770 = CARTESIAN_POINT('',(-0.16,2.7,1.525));
#4771 = VECTOR('',#4772,1.);
#4772 = DIRECTION('',(0.,-0.980580675691,-0.196116135138));
#4773 = ORIENTED_EDGE('',*,*,#4774,.F.);
#4774 = EDGE_CURVE('',#4775,#4767,#4777,.T.);
#4775 = VERTEX_POINT('',#4776);
#4776 = CARTESIAN_POINT('',(0.16,1.7,1.325));
#4777 = LINE('',#4778,#4779);
#4778 = CARTESIAN_POINT('',(0.16,1.7,1.325));
#4779 = VECTOR('',#4780,1.);
#4780 = DIRECTION('',(-1.,0.,0.));
#4781 = ORIENTED_EDGE('',*,*,#4782,.F.);
#4782 = EDGE_CURVE('',#4783,#4775,#4785,.T.);
#4783 = VERTEX_POINT('',#4784);
#4784 = CARTESIAN_POINT('',(0.16,2.7,1.525));
#4785 = LINE('',#4786,#4787);
#4786 = CARTESIAN_POINT('',(0.16,2.7,1.525));
#4787 = VECTOR('',#4788,1.);
#4788 = DIRECTION('',(0.,-0.980580675691,-0.196116135138));
#4789 = ORIENTED_EDGE('',*,*,#4790,.T.);
#4790 = EDGE_CURVE('',#4783,#4765,#4791,.T.);
#4791 = LINE('',#4792,#4793);
#4792 = CARTESIAN_POINT('',(0.16,2.7,1.525));
#4793 = VECTOR('',#4794,1.);
#4794 = DIRECTION('',(-1.,0.,0.));
#4795 = PLANE('',#4796);
#4796 = AXIS2_PLACEMENT_3D('',#4797,#4798,#4799);
#4797 = CARTESIAN_POINT('',(0.16,2.7,1.525));
#4798 = DIRECTION('',(0.,0.196116135138,-0.980580675691));
#4799 = DIRECTION('',(-1.,0.,0.));
#4800 = ADVANCED_FACE('',(#4801),#4826,.F.);
#4801 = FACE_BOUND('',#4802,.T.);
#4802 = EDGE_LOOP('',(#4803,#4811,#4819,#4825));
#4803 = ORIENTED_EDGE('',*,*,#4804,.T.);
#4804 = EDGE_CURVE('',#4767,#4805,#4807,.T.);
#4805 = VERTEX_POINT('',#4806);
#4806 = CARTESIAN_POINT('',(-0.16,1.7,0.925));
#4807 = LINE('',#4808,#4809);
#4808 = CARTESIAN_POINT('',(-0.16,1.7,1.325));
#4809 = VECTOR('',#4810,1.);
#4810 = DIRECTION('',(0.,5.421010862428E-16,-1.));
#4811 = ORIENTED_EDGE('',*,*,#4812,.F.);
#4812 = EDGE_CURVE('',#4813,#4805,#4815,.T.);
#4813 = VERTEX_POINT('',#4814);
#4814 = CARTESIAN_POINT('',(0.16,1.7,0.925));
#4815 = LINE('',#4816,#4817);
#4816 = CARTESIAN_POINT('',(0.16,1.7,0.925));
#4817 = VECTOR('',#4818,1.);
#4818 = DIRECTION('',(-1.,0.,0.));
#4819 = ORIENTED_EDGE('',*,*,#4820,.F.);
#4820 = EDGE_CURVE('',#4775,#4813,#4821,.T.);
#4821 = LINE('',#4822,#4823);
#4822 = CARTESIAN_POINT('',(0.16,1.7,1.325));
#4823 = VECTOR('',#4824,1.);
#4824 = DIRECTION('',(0.,5.421010862428E-16,-1.));
#4825 = ORIENTED_EDGE('',*,*,#4774,.T.);
#4826 = PLANE('',#4827);
#4827 = AXIS2_PLACEMENT_3D('',#4828,#4829,#4830);
#4828 = CARTESIAN_POINT('',(0.16,1.7,1.325));
#4829 = DIRECTION('',(0.,1.,5.421010862428E-16));
#4830 = DIRECTION('',(0.,5.421010862428E-16,-1.));
#4831 = ADVANCED_FACE('',(#4832),#4857,.F.);
#4832 = FACE_BOUND('',#4833,.T.);
#4833 = EDGE_LOOP('',(#4834,#4842,#4850,#4856));
#4834 = ORIENTED_EDGE('',*,*,#4835,.T.);
#4835 = EDGE_CURVE('',#4805,#4836,#4838,.T.);
#4836 = VERTEX_POINT('',#4837);
#4837 = CARTESIAN_POINT('',(-0.16,2.4,0.775));
#4838 = LINE('',#4839,#4840);
#4839 = CARTESIAN_POINT('',(-0.16,1.7,0.925));
#4840 = VECTOR('',#4841,1.);
#4841 = DIRECTION('',(0.,0.977802414077,-0.209529088731));
#4842 = ORIENTED_EDGE('',*,*,#4843,.F.);
#4843 = EDGE_CURVE('',#4844,#4836,#4846,.T.);
#4844 = VERTEX_POINT('',#4845);
#4845 = CARTESIAN_POINT('',(0.16,2.4,0.775));
#4846 = LINE('',#4847,#4848);
#4847 = CARTESIAN_POINT('',(0.16,2.4,0.775));
#4848 = VECTOR('',#4849,1.);
#4849 = DIRECTION('',(-1.,0.,0.));
#4850 = ORIENTED_EDGE('',*,*,#4851,.F.);
#4851 = EDGE_CURVE('',#4813,#4844,#4852,.T.);
#4852 = LINE('',#4853,#4854);
#4853 = CARTESIAN_POINT('',(0.16,1.7,0.925));
#4854 = VECTOR('',#4855,1.);
#4855 = DIRECTION('',(0.,0.977802414077,-0.209529088731));
#4856 = ORIENTED_EDGE('',*,*,#4812,.T.);
#4857 = PLANE('',#4858);
#4858 = AXIS2_PLACEMENT_3D('',#4859,#4860,#4861);
#4859 = CARTESIAN_POINT('',(0.16,1.7,0.925));
#4860 = DIRECTION('',(0.,0.209529088731,0.977802414077));
#4861 = DIRECTION('',(1.,-0.,0.));
#4862 = ADVANCED_FACE('',(#4863),#4881,.F.);
#4863 = FACE_BOUND('',#4864,.T.);
#4864 = EDGE_LOOP('',(#4865,#4871,#4872,#4878,#4879,#4880));
#4865 = ORIENTED_EDGE('',*,*,#4866,.F.);
#4866 = EDGE_CURVE('',#2626,#4765,#4867,.T.);
#4867 = LINE('',#4868,#4869);
#4868 = CARTESIAN_POINT('',(-0.16,5.1,1.525));
#4869 = VECTOR('',#4870,1.);
#4870 = DIRECTION('',(0.,-1.,-1.807003620809E-16));
#4871 = ORIENTED_EDGE('',*,*,#2649,.T.);
#4872 = ORIENTED_EDGE('',*,*,#4873,.F.);
#4873 = EDGE_CURVE('',#4836,#2642,#4874,.T.);
#4874 = LINE('',#4875,#4876);
#4875 = CARTESIAN_POINT('',(-0.16,2.4,0.775));
#4876 = VECTOR('',#4877,1.);
#4877 = DIRECTION('',(0.,1.,0.));
#4878 = ORIENTED_EDGE('',*,*,#4835,.F.);
#4879 = ORIENTED_EDGE('',*,*,#4804,.F.);
#4880 = ORIENTED_EDGE('',*,*,#4764,.F.);
#4881 = PLANE('',#4882);
#4882 = AXIS2_PLACEMENT_3D('',#4883,#4884,#4885);
#4883 = CARTESIAN_POINT('',(-0.16,0.,0.));
#4884 = DIRECTION('',(1.,0.,0.));
#4885 = DIRECTION('',(-0.,1.,0.));
#4886 = ADVANCED_FACE('',(#4887),#4905,.T.);
#4887 = FACE_BOUND('',#4888,.T.);
#4888 = EDGE_LOOP('',(#4889,#4890,#4896,#4897,#4898,#4899));
#4889 = ORIENTED_EDGE('',*,*,#2633,.F.);
#4890 = ORIENTED_EDGE('',*,*,#4891,.T.);
#4891 = EDGE_CURVE('',#2624,#4783,#4892,.T.);
#4892 = LINE('',#4893,#4894);
#4893 = CARTESIAN_POINT('',(0.16,5.1,1.525));
#4894 = VECTOR('',#4895,1.);
#4895 = DIRECTION('',(0.,-1.,-1.807003620809E-16));
#4896 = ORIENTED_EDGE('',*,*,#4782,.T.);
#4897 = ORIENTED_EDGE('',*,*,#4820,.T.);
#4898 = ORIENTED_EDGE('',*,*,#4851,.T.);
#4899 = ORIENTED_EDGE('',*,*,#4900,.T.);
#4900 = EDGE_CURVE('',#4844,#2634,#4901,.T.);
#4901 = LINE('',#4902,#4903);
#4902 = CARTESIAN_POINT('',(0.16,2.4,0.775));
#4903 = VECTOR('',#4904,1.);
#4904 = DIRECTION('',(0.,1.,0.));
#4905 = PLANE('',#4906);
#4906 = AXIS2_PLACEMENT_3D('',#4907,#4908,#4909);
#4907 = CARTESIAN_POINT('',(0.16,0.,0.));
#4908 = DIRECTION('',(1.,0.,0.));
#4909 = DIRECTION('',(-0.,1.,0.));
#4910 = ADVANCED_FACE('',(#4911),#4917,.F.);
#4911 = FACE_BOUND('',#4912,.T.);
#4912 = EDGE_LOOP('',(#4913,#4914,#4915,#4916));
#4913 = ORIENTED_EDGE('',*,*,#4891,.F.);
#4914 = ORIENTED_EDGE('',*,*,#2623,.T.);
#4915 = ORIENTED_EDGE('',*,*,#4866,.T.);
#4916 = ORIENTED_EDGE('',*,*,#4790,.F.);
#4917 = PLANE('',#4918);
#4918 = AXIS2_PLACEMENT_3D('',#4919,#4920,#4921);
#4919 = CARTESIAN_POINT('',(0.16,5.1,1.525));
#4920 = DIRECTION('',(0.,1.807003620809E-16,-1.));
#4921 = DIRECTION('',(-1.,0.,0.));
#4922 = ADVANCED_FACE('',(#4923),#4929,.F.);
#4923 = FACE_BOUND('',#4924,.T.);
#4924 = EDGE_LOOP('',(#4925,#4926,#4927,#4928));
#4925 = ORIENTED_EDGE('',*,*,#4873,.T.);
#4926 = ORIENTED_EDGE('',*,*,#2641,.T.);
#4927 = ORIENTED_EDGE('',*,*,#4900,.F.);
#4928 = ORIENTED_EDGE('',*,*,#4843,.T.);
#4929 = PLANE('',#4930);
#4930 = AXIS2_PLACEMENT_3D('',#4931,#4932,#4933);
#4931 = CARTESIAN_POINT('',(0.16,2.4,0.775));
#4932 = DIRECTION('',(0.,0.,1.));
#4933 = DIRECTION('',(1.,0.,-0.));
#4934 = ADVANCED_FACE('',(#4935),#4960,.F.);
#4935 = FACE_BOUND('',#4936,.T.);
#4936 = EDGE_LOOP('',(#4937,#4945,#4946,#4954));
#4937 = ORIENTED_EDGE('',*,*,#4938,.F.);
#4938 = EDGE_CURVE('',#1635,#4939,#4941,.T.);
#4939 = VERTEX_POINT('',#4940);
#4940 = CARTESIAN_POINT('',(-1.09,5.4,0.6));
#4941 = LINE('',#4942,#4943);
#4942 = CARTESIAN_POINT('',(-1.09,5.1,0.6));
#4943 = VECTOR('',#4944,1.);
#4944 = DIRECTION('',(0.,1.,0.));
#4945 = ORIENTED_EDGE('',*,*,#1634,.T.);
#4946 = ORIENTED_EDGE('',*,*,#4947,.T.);
#4947 = EDGE_CURVE('',#1637,#4948,#4950,.T.);
#4948 = VERTEX_POINT('',#4949);
#4949 = CARTESIAN_POINT('',(-1.41,5.4,0.6));
#4950 = LINE('',#4951,#4952);
#4951 = CARTESIAN_POINT('',(-1.41,5.1,0.6));
#4952 = VECTOR('',#4953,1.);
#4953 = DIRECTION('',(0.,1.,0.));
#4954 = ORIENTED_EDGE('',*,*,#4955,.F.);
#4955 = EDGE_CURVE('',#4939,#4948,#4956,.T.);
#4956 = LINE('',#4957,#4958);
#4957 = CARTESIAN_POINT('',(-1.09,5.4,0.6));
#4958 = VECTOR('',#4959,1.);
#4959 = DIRECTION('',(-1.,0.,0.));
#4960 = PLANE('',#4961);
#4961 = AXIS2_PLACEMENT_3D('',#4962,#4963,#4964);
#4962 = CARTESIAN_POINT('',(-1.09,5.1,0.6));
#4963 = DIRECTION('',(0.,0.,1.));
#4964 = DIRECTION('',(1.,0.,-0.));
#4965 = ADVANCED_FACE('',(#4966),#4991,.F.);
#4966 = FACE_BOUND('',#4967,.T.);
#4967 = EDGE_LOOP('',(#4968,#4976,#4977,#4985));
#4968 = ORIENTED_EDGE('',*,*,#4969,.T.);
#4969 = EDGE_CURVE('',#4970,#1653,#4972,.T.);
#4970 = VERTEX_POINT('',#4971);
#4971 = CARTESIAN_POINT('',(-1.41,5.9,1.175));
#4972 = LINE('',#4973,#4974);
#4973 = CARTESIAN_POINT('',(-1.41,5.9,1.175));
#4974 = VECTOR('',#4975,1.);
#4975 = DIRECTION('',(0.,-1.,0.));
#4976 = ORIENTED_EDGE('',*,*,#1652,.T.);
#4977 = ORIENTED_EDGE('',*,*,#4978,.F.);
#4978 = EDGE_CURVE('',#4979,#1645,#4981,.T.);
#4979 = VERTEX_POINT('',#4980);
#4980 = CARTESIAN_POINT('',(-1.09,5.9,1.175));
#4981 = LINE('',#4982,#4983);
#4982 = CARTESIAN_POINT('',(-1.09,5.9,1.175));
#4983 = VECTOR('',#4984,1.);
#4984 = DIRECTION('',(0.,-1.,0.));
#4985 = ORIENTED_EDGE('',*,*,#4986,.T.);
#4986 = EDGE_CURVE('',#4979,#4970,#4987,.T.);
#4987 = LINE('',#4988,#4989);
#4988 = CARTESIAN_POINT('',(-1.09,5.9,1.175));
#4989 = VECTOR('',#4990,1.);
#4990 = DIRECTION('',(-1.,0.,0.));
#4991 = PLANE('',#4992);
#4992 = AXIS2_PLACEMENT_3D('',#4993,#4994,#4995);
#4993 = CARTESIAN_POINT('',(-1.09,5.9,1.175));
#4994 = DIRECTION('',(0.,0.,-1.));
#4995 = DIRECTION('',(0.,-1.,0.));
#4996 = ADVANCED_FACE('',(#4997),#5056,.T.);
#4997 = FACE_BOUND('',#4998,.T.);
#4998 = EDGE_LOOP('',(#4999,#5000,#5001,#5009,#5017,#5025,#5033,#5041,
    #5049,#5055));
#4999 = ORIENTED_EDGE('',*,*,#1644,.F.);
#5000 = ORIENTED_EDGE('',*,*,#4938,.T.);
#5001 = ORIENTED_EDGE('',*,*,#5002,.T.);
#5002 = EDGE_CURVE('',#4939,#5003,#5005,.T.);
#5003 = VERTEX_POINT('',#5004);
#5004 = CARTESIAN_POINT('',(-1.09,5.4,7.589415207399E-16));
#5005 = LINE('',#5006,#5007);
#5006 = CARTESIAN_POINT('',(-1.09,5.4,0.6));
#5007 = VECTOR('',#5008,1.);
#5008 = DIRECTION('',(0.,0.,-1.));
#5009 = ORIENTED_EDGE('',*,*,#5010,.T.);
#5010 = EDGE_CURVE('',#5003,#5011,#5013,.T.);
#5011 = VERTEX_POINT('',#5012);
#5012 = CARTESIAN_POINT('',(-1.09,5.6,-0.2));
#5013 = LINE('',#5014,#5015);
#5014 = CARTESIAN_POINT('',(-1.09,5.4,7.771561172376E-16));
#5015 = VECTOR('',#5016,1.);
#5016 = DIRECTION('',(0.,0.707106781187,-0.707106781187));
#5017 = ORIENTED_EDGE('',*,*,#5018,.T.);
#5018 = EDGE_CURVE('',#5011,#5019,#5021,.T.);
#5019 = VERTEX_POINT('',#5020);
#5020 = CARTESIAN_POINT('',(-1.09,6.,-0.2));
#5021 = LINE('',#5022,#5023);
#5022 = CARTESIAN_POINT('',(-1.09,5.6,-0.2));
#5023 = VECTOR('',#5024,1.);
#5024 = DIRECTION('',(0.,1.,0.));
#5025 = ORIENTED_EDGE('',*,*,#5026,.T.);
#5026 = EDGE_CURVE('',#5019,#5027,#5029,.T.);
#5027 = VERTEX_POINT('',#5028);
#5028 = CARTESIAN_POINT('',(-1.09,6.2,7.318364664277E-16));
#5029 = LINE('',#5030,#5031);
#5030 = CARTESIAN_POINT('',(-1.09,6.,-0.2));
#5031 = VECTOR('',#5032,1.);
#5032 = DIRECTION('',(0.,0.707106781187,0.707106781187));
#5033 = ORIENTED_EDGE('',*,*,#5034,.T.);
#5034 = EDGE_CURVE('',#5027,#5035,#5037,.T.);
#5035 = VERTEX_POINT('',#5036);
#5036 = CARTESIAN_POINT('',(-1.09,6.2,0.3));
#5037 = LINE('',#5038,#5039);
#5038 = CARTESIAN_POINT('',(-1.09,6.2,7.216449660064E-16));
#5039 = VECTOR('',#5040,1.);
#5040 = DIRECTION('',(0.,0.,1.));
#5041 = ORIENTED_EDGE('',*,*,#5042,.T.);
#5042 = EDGE_CURVE('',#5035,#5043,#5045,.T.);
#5043 = VERTEX_POINT('',#5044);
#5044 = CARTESIAN_POINT('',(-1.09,5.9,0.3));
#5045 = LINE('',#5046,#5047);
#5046 = CARTESIAN_POINT('',(-1.09,6.2,0.3));
#5047 = VECTOR('',#5048,1.);
#5048 = DIRECTION('',(0.,-1.,-1.807003620809E-16));
#5049 = ORIENTED_EDGE('',*,*,#5050,.T.);
#5050 = EDGE_CURVE('',#5043,#4979,#5051,.T.);
#5051 = LINE('',#5052,#5053);
#5052 = CARTESIAN_POINT('',(-1.09,5.9,0.3));
#5053 = VECTOR('',#5054,1.);
#5054 = DIRECTION('',(0.,0.,1.));
#5055 = ORIENTED_EDGE('',*,*,#4978,.T.);
#5056 = PLANE('',#5057);
#5057 = AXIS2_PLACEMENT_3D('',#5058,#5059,#5060);
#5058 = CARTESIAN_POINT('',(-1.09,0.,0.));
#5059 = DIRECTION('',(1.,0.,0.));
#5060 = DIRECTION('',(-0.,1.,0.));
#5061 = ADVANCED_FACE('',(#5062),#5121,.F.);
#5062 = FACE_BOUND('',#5063,.T.);
#5063 = EDGE_LOOP('',(#5064,#5065,#5066,#5067,#5075,#5083,#5091,#5099,
    #5107,#5115));
#5064 = ORIENTED_EDGE('',*,*,#4947,.F.);
#5065 = ORIENTED_EDGE('',*,*,#1660,.T.);
#5066 = ORIENTED_EDGE('',*,*,#4969,.F.);
#5067 = ORIENTED_EDGE('',*,*,#5068,.F.);
#5068 = EDGE_CURVE('',#5069,#4970,#5071,.T.);
#5069 = VERTEX_POINT('',#5070);
#5070 = CARTESIAN_POINT('',(-1.41,5.9,0.3));
#5071 = LINE('',#5072,#5073);
#5072 = CARTESIAN_POINT('',(-1.41,5.9,0.3));
#5073 = VECTOR('',#5074,1.);
#5074 = DIRECTION('',(0.,0.,1.));
#5075 = ORIENTED_EDGE('',*,*,#5076,.F.);
#5076 = EDGE_CURVE('',#5077,#5069,#5079,.T.);
#5077 = VERTEX_POINT('',#5078);
#5078 = CARTESIAN_POINT('',(-1.41,6.2,0.3));
#5079 = LINE('',#5080,#5081);
#5080 = CARTESIAN_POINT('',(-1.41,6.2,0.3));
#5081 = VECTOR('',#5082,1.);
#5082 = DIRECTION('',(0.,-1.,-1.807003620809E-16));
#5083 = ORIENTED_EDGE('',*,*,#5084,.F.);
#5084 = EDGE_CURVE('',#5085,#5077,#5087,.T.);
#5085 = VERTEX_POINT('',#5086);
#5086 = CARTESIAN_POINT('',(-1.41,6.2,7.318364664277E-16));
#5087 = LINE('',#5088,#5089);
#5088 = CARTESIAN_POINT('',(-1.41,6.2,7.216449660064E-16));
#5089 = VECTOR('',#5090,1.);
#5090 = DIRECTION('',(0.,0.,1.));
#5091 = ORIENTED_EDGE('',*,*,#5092,.F.);
#5092 = EDGE_CURVE('',#5093,#5085,#5095,.T.);
#5093 = VERTEX_POINT('',#5094);
#5094 = CARTESIAN_POINT('',(-1.41,6.,-0.2));
#5095 = LINE('',#5096,#5097);
#5096 = CARTESIAN_POINT('',(-1.41,6.,-0.2));
#5097 = VECTOR('',#5098,1.);
#5098 = DIRECTION('',(0.,0.707106781187,0.707106781187));
#5099 = ORIENTED_EDGE('',*,*,#5100,.F.);
#5100 = EDGE_CURVE('',#5101,#5093,#5103,.T.);
#5101 = VERTEX_POINT('',#5102);
#5102 = CARTESIAN_POINT('',(-1.41,5.6,-0.2));
#5103 = LINE('',#5104,#5105);
#5104 = CARTESIAN_POINT('',(-1.41,5.6,-0.2));
#5105 = VECTOR('',#5106,1.);
#5106 = DIRECTION('',(0.,1.,0.));
#5107 = ORIENTED_EDGE('',*,*,#5108,.F.);
#5108 = EDGE_CURVE('',#5109,#5101,#5111,.T.);
#5109 = VERTEX_POINT('',#5110);
#5110 = CARTESIAN_POINT('',(-1.41,5.4,7.589415207399E-16));
#5111 = LINE('',#5112,#5113);
#5112 = CARTESIAN_POINT('',(-1.41,5.4,7.771561172376E-16));
#5113 = VECTOR('',#5114,1.);
#5114 = DIRECTION('',(0.,0.707106781187,-0.707106781187));
#5115 = ORIENTED_EDGE('',*,*,#5116,.F.);
#5116 = EDGE_CURVE('',#4948,#5109,#5117,.T.);
#5117 = LINE('',#5118,#5119);
#5118 = CARTESIAN_POINT('',(-1.41,5.4,0.6));
#5119 = VECTOR('',#5120,1.);
#5120 = DIRECTION('',(0.,0.,-1.));
#5121 = PLANE('',#5122);
#5122 = AXIS2_PLACEMENT_3D('',#5123,#5124,#5125);
#5123 = CARTESIAN_POINT('',(-1.41,0.,0.));
#5124 = DIRECTION('',(1.,0.,0.));
#5125 = DIRECTION('',(-0.,1.,0.));
#5126 = ADVANCED_FACE('',(#5127),#5138,.F.);
#5127 = FACE_BOUND('',#5128,.T.);
#5128 = EDGE_LOOP('',(#5129,#5130,#5136,#5137));
#5129 = ORIENTED_EDGE('',*,*,#5116,.T.);
#5130 = ORIENTED_EDGE('',*,*,#5131,.F.);
#5131 = EDGE_CURVE('',#5003,#5109,#5132,.T.);
#5132 = LINE('',#5133,#5134);
#5133 = CARTESIAN_POINT('',(-1.09,5.4,7.589415207399E-16));
#5134 = VECTOR('',#5135,1.);
#5135 = DIRECTION('',(-1.,0.,0.));
#5136 = ORIENTED_EDGE('',*,*,#5002,.F.);
#5137 = ORIENTED_EDGE('',*,*,#4955,.T.);
#5138 = PLANE('',#5139);
#5139 = AXIS2_PLACEMENT_3D('',#5140,#5141,#5142);
#5140 = CARTESIAN_POINT('',(-1.09,5.4,0.6));
#5141 = DIRECTION('',(-0.,1.,0.));
#5142 = DIRECTION('',(1.,0.,0.));
#5143 = ADVANCED_FACE('',(#5144),#5155,.F.);
#5144 = FACE_BOUND('',#5145,.T.);
#5145 = EDGE_LOOP('',(#5146,#5147,#5153,#5154));
#5146 = ORIENTED_EDGE('',*,*,#5108,.T.);
#5147 = ORIENTED_EDGE('',*,*,#5148,.F.);
#5148 = EDGE_CURVE('',#5011,#5101,#5149,.T.);
#5149 = LINE('',#5150,#5151);
#5150 = CARTESIAN_POINT('',(-1.09,5.6,-0.2));
#5151 = VECTOR('',#5152,1.);
#5152 = DIRECTION('',(-1.,0.,0.));
#5153 = ORIENTED_EDGE('',*,*,#5010,.F.);
#5154 = ORIENTED_EDGE('',*,*,#5131,.T.);
#5155 = PLANE('',#5156);
#5156 = AXIS2_PLACEMENT_3D('',#5157,#5158,#5159);
#5157 = CARTESIAN_POINT('',(-1.09,5.4,7.771561172376E-16));
#5158 = DIRECTION('',(0.,0.707106781187,0.707106781187));
#5159 = DIRECTION('',(1.,-0.,0.));
#5160 = ADVANCED_FACE('',(#5161),#5172,.F.);
#5161 = FACE_BOUND('',#5162,.T.);
#5162 = EDGE_LOOP('',(#5163,#5164,#5170,#5171));
#5163 = ORIENTED_EDGE('',*,*,#5100,.T.);
#5164 = ORIENTED_EDGE('',*,*,#5165,.F.);
#5165 = EDGE_CURVE('',#5019,#5093,#5166,.T.);
#5166 = LINE('',#5167,#5168);
#5167 = CARTESIAN_POINT('',(-1.09,6.,-0.2));
#5168 = VECTOR('',#5169,1.);
#5169 = DIRECTION('',(-1.,0.,0.));
#5170 = ORIENTED_EDGE('',*,*,#5018,.F.);
#5171 = ORIENTED_EDGE('',*,*,#5148,.T.);
#5172 = PLANE('',#5173);
#5173 = AXIS2_PLACEMENT_3D('',#5174,#5175,#5176);
#5174 = CARTESIAN_POINT('',(-1.09,5.6,-0.2));
#5175 = DIRECTION('',(0.,0.,1.));
#5176 = DIRECTION('',(1.,0.,-0.));
#5177 = ADVANCED_FACE('',(#5178),#5189,.F.);
#5178 = FACE_BOUND('',#5179,.T.);
#5179 = EDGE_LOOP('',(#5180,#5181,#5187,#5188));
#5180 = ORIENTED_EDGE('',*,*,#5092,.T.);
#5181 = ORIENTED_EDGE('',*,*,#5182,.F.);
#5182 = EDGE_CURVE('',#5027,#5085,#5183,.T.);
#5183 = LINE('',#5184,#5185);
#5184 = CARTESIAN_POINT('',(-1.09,6.2,7.318364664277E-16));
#5185 = VECTOR('',#5186,1.);
#5186 = DIRECTION('',(-1.,0.,0.));
#5187 = ORIENTED_EDGE('',*,*,#5026,.F.);
#5188 = ORIENTED_EDGE('',*,*,#5165,.T.);
#5189 = PLANE('',#5190);
#5190 = AXIS2_PLACEMENT_3D('',#5191,#5192,#5193);
#5191 = CARTESIAN_POINT('',(-1.09,6.,-0.2));
#5192 = DIRECTION('',(0.,-0.707106781187,0.707106781187));
#5193 = DIRECTION('',(-1.,0.,0.));
#5194 = ADVANCED_FACE('',(#5195),#5206,.F.);
#5195 = FACE_BOUND('',#5196,.T.);
#5196 = EDGE_LOOP('',(#5197,#5198,#5204,#5205));
#5197 = ORIENTED_EDGE('',*,*,#5084,.T.);
#5198 = ORIENTED_EDGE('',*,*,#5199,.F.);
#5199 = EDGE_CURVE('',#5035,#5077,#5200,.T.);
#5200 = LINE('',#5201,#5202);
#5201 = CARTESIAN_POINT('',(-1.09,6.2,0.3));
#5202 = VECTOR('',#5203,1.);
#5203 = DIRECTION('',(-1.,0.,0.));
#5204 = ORIENTED_EDGE('',*,*,#5034,.F.);
#5205 = ORIENTED_EDGE('',*,*,#5182,.T.);
#5206 = PLANE('',#5207);
#5207 = AXIS2_PLACEMENT_3D('',#5208,#5209,#5210);
#5208 = CARTESIAN_POINT('',(-1.09,6.2,7.216449660064E-16));
#5209 = DIRECTION('',(0.,-1.,0.));
#5210 = DIRECTION('',(0.,0.,-1.));
#5211 = ADVANCED_FACE('',(#5212),#5223,.F.);
#5212 = FACE_BOUND('',#5213,.T.);
#5213 = EDGE_LOOP('',(#5214,#5215,#5221,#5222));
#5214 = ORIENTED_EDGE('',*,*,#5076,.T.);
#5215 = ORIENTED_EDGE('',*,*,#5216,.F.);
#5216 = EDGE_CURVE('',#5043,#5069,#5217,.T.);
#5217 = LINE('',#5218,#5219);
#5218 = CARTESIAN_POINT('',(-1.09,5.9,0.3));
#5219 = VECTOR('',#5220,1.);
#5220 = DIRECTION('',(-1.,0.,0.));
#5221 = ORIENTED_EDGE('',*,*,#5042,.F.);
#5222 = ORIENTED_EDGE('',*,*,#5199,.T.);
#5223 = PLANE('',#5224);
#5224 = AXIS2_PLACEMENT_3D('',#5225,#5226,#5227);
#5225 = CARTESIAN_POINT('',(-1.09,6.2,0.3));
#5226 = DIRECTION('',(0.,1.807003620809E-16,-1.));
#5227 = DIRECTION('',(-1.,0.,0.));
#5228 = ADVANCED_FACE('',(#5229),#5235,.F.);
#5229 = FACE_BOUND('',#5230,.T.);
#5230 = EDGE_LOOP('',(#5231,#5232,#5233,#5234));
#5231 = ORIENTED_EDGE('',*,*,#5068,.T.);
#5232 = ORIENTED_EDGE('',*,*,#4986,.F.);
#5233 = ORIENTED_EDGE('',*,*,#5050,.F.);
#5234 = ORIENTED_EDGE('',*,*,#5216,.T.);
#5235 = PLANE('',#5236);
#5236 = AXIS2_PLACEMENT_3D('',#5237,#5238,#5239);
#5237 = CARTESIAN_POINT('',(-1.09,5.9,0.3));
#5238 = DIRECTION('',(0.,-1.,0.));
#5239 = DIRECTION('',(0.,0.,-1.));
#5240 = ADVANCED_FACE('',(#5241),#5266,.F.);
#5241 = FACE_BOUND('',#5242,.T.);
#5242 = EDGE_LOOP('',(#5243,#5251,#5252,#5260));
#5243 = ORIENTED_EDGE('',*,*,#5244,.F.);
#5244 = EDGE_CURVE('',#1601,#5245,#5247,.T.);
#5245 = VERTEX_POINT('',#5246);
#5246 = CARTESIAN_POINT('',(0.16,5.4,0.6));
#5247 = LINE('',#5248,#5249);
#5248 = CARTESIAN_POINT('',(0.16,5.1,0.6));
#5249 = VECTOR('',#5250,1.);
#5250 = DIRECTION('',(0.,1.,0.));
#5251 = ORIENTED_EDGE('',*,*,#1600,.T.);
#5252 = ORIENTED_EDGE('',*,*,#5253,.T.);
#5253 = EDGE_CURVE('',#1603,#5254,#5256,.T.);
#5254 = VERTEX_POINT('',#5255);
#5255 = CARTESIAN_POINT('',(-0.16,5.4,0.6));
#5256 = LINE('',#5257,#5258);
#5257 = CARTESIAN_POINT('',(-0.16,5.1,0.6));
#5258 = VECTOR('',#5259,1.);
#5259 = DIRECTION('',(0.,1.,0.));
#5260 = ORIENTED_EDGE('',*,*,#5261,.F.);
#5261 = EDGE_CURVE('',#5245,#5254,#5262,.T.);
#5262 = LINE('',#5263,#5264);
#5263 = CARTESIAN_POINT('',(0.16,5.4,0.6));
#5264 = VECTOR('',#5265,1.);
#5265 = DIRECTION('',(-1.,0.,0.));
#5266 = PLANE('',#5267);
#5267 = AXIS2_PLACEMENT_3D('',#5268,#5269,#5270);
#5268 = CARTESIAN_POINT('',(0.16,5.1,0.6));
#5269 = DIRECTION('',(0.,0.,1.));
#5270 = DIRECTION('',(1.,0.,-0.));
#5271 = ADVANCED_FACE('',(#5272),#5297,.F.);
#5272 = FACE_BOUND('',#5273,.T.);
#5273 = EDGE_LOOP('',(#5274,#5282,#5283,#5291));
#5274 = ORIENTED_EDGE('',*,*,#5275,.T.);
#5275 = EDGE_CURVE('',#5276,#1619,#5278,.T.);
#5276 = VERTEX_POINT('',#5277);
#5277 = CARTESIAN_POINT('',(-0.16,5.9,1.175));
#5278 = LINE('',#5279,#5280);
#5279 = CARTESIAN_POINT('',(-0.16,5.9,1.175));
#5280 = VECTOR('',#5281,1.);
#5281 = DIRECTION('',(0.,-1.,0.));
#5282 = ORIENTED_EDGE('',*,*,#1618,.T.);
#5283 = ORIENTED_EDGE('',*,*,#5284,.F.);
#5284 = EDGE_CURVE('',#5285,#1611,#5287,.T.);
#5285 = VERTEX_POINT('',#5286);
#5286 = CARTESIAN_POINT('',(0.16,5.9,1.175));
#5287 = LINE('',#5288,#5289);
#5288 = CARTESIAN_POINT('',(0.16,5.9,1.175));
#5289 = VECTOR('',#5290,1.);
#5290 = DIRECTION('',(0.,-1.,0.));
#5291 = ORIENTED_EDGE('',*,*,#5292,.T.);
#5292 = EDGE_CURVE('',#5285,#5276,#5293,.T.);
#5293 = LINE('',#5294,#5295);
#5294 = CARTESIAN_POINT('',(0.16,5.9,1.175));
#5295 = VECTOR('',#5296,1.);
#5296 = DIRECTION('',(-1.,0.,0.));
#5297 = PLANE('',#5298);
#5298 = AXIS2_PLACEMENT_3D('',#5299,#5300,#5301);
#5299 = CARTESIAN_POINT('',(0.16,5.9,1.175));
#5300 = DIRECTION('',(0.,0.,-1.));
#5301 = DIRECTION('',(0.,-1.,0.));
#5302 = ADVANCED_FACE('',(#5303),#5362,.T.);
#5303 = FACE_BOUND('',#5304,.T.);
#5304 = EDGE_LOOP('',(#5305,#5306,#5307,#5315,#5323,#5331,#5339,#5347,
    #5355,#5361));
#5305 = ORIENTED_EDGE('',*,*,#1610,.F.);
#5306 = ORIENTED_EDGE('',*,*,#5244,.T.);
#5307 = ORIENTED_EDGE('',*,*,#5308,.T.);
#5308 = EDGE_CURVE('',#5245,#5309,#5311,.T.);
#5309 = VERTEX_POINT('',#5310);
#5310 = CARTESIAN_POINT('',(0.16,5.4,7.589415207399E-16));
#5311 = LINE('',#5312,#5313);
#5312 = CARTESIAN_POINT('',(0.16,5.4,0.6));
#5313 = VECTOR('',#5314,1.);
#5314 = DIRECTION('',(0.,0.,-1.));
#5315 = ORIENTED_EDGE('',*,*,#5316,.T.);
#5316 = EDGE_CURVE('',#5309,#5317,#5319,.T.);
#5317 = VERTEX_POINT('',#5318);
#5318 = CARTESIAN_POINT('',(0.16,5.6,-0.2));
#5319 = LINE('',#5320,#5321);
#5320 = CARTESIAN_POINT('',(0.16,5.4,7.771561172376E-16));
#5321 = VECTOR('',#5322,1.);
#5322 = DIRECTION('',(0.,0.707106781187,-0.707106781187));
#5323 = ORIENTED_EDGE('',*,*,#5324,.T.);
#5324 = EDGE_CURVE('',#5317,#5325,#5327,.T.);
#5325 = VERTEX_POINT('',#5326);
#5326 = CARTESIAN_POINT('',(0.16,6.,-0.2));
#5327 = LINE('',#5328,#5329);
#5328 = CARTESIAN_POINT('',(0.16,5.6,-0.2));
#5329 = VECTOR('',#5330,1.);
#5330 = DIRECTION('',(0.,1.,0.));
#5331 = ORIENTED_EDGE('',*,*,#5332,.T.);
#5332 = EDGE_CURVE('',#5325,#5333,#5335,.T.);
#5333 = VERTEX_POINT('',#5334);
#5334 = CARTESIAN_POINT('',(0.16,6.2,7.318364664277E-16));
#5335 = LINE('',#5336,#5337);
#5336 = CARTESIAN_POINT('',(0.16,6.,-0.2));
#5337 = VECTOR('',#5338,1.);
#5338 = DIRECTION('',(0.,0.707106781187,0.707106781187));
#5339 = ORIENTED_EDGE('',*,*,#5340,.T.);
#5340 = EDGE_CURVE('',#5333,#5341,#5343,.T.);
#5341 = VERTEX_POINT('',#5342);
#5342 = CARTESIAN_POINT('',(0.16,6.2,0.3));
#5343 = LINE('',#5344,#5345);
#5344 = CARTESIAN_POINT('',(0.16,6.2,7.216449660064E-16));
#5345 = VECTOR('',#5346,1.);
#5346 = DIRECTION('',(0.,0.,1.));
#5347 = ORIENTED_EDGE('',*,*,#5348,.T.);
#5348 = EDGE_CURVE('',#5341,#5349,#5351,.T.);
#5349 = VERTEX_POINT('',#5350);
#5350 = CARTESIAN_POINT('',(0.16,5.9,0.3));
#5351 = LINE('',#5352,#5353);
#5352 = CARTESIAN_POINT('',(0.16,6.2,0.3));
#5353 = VECTOR('',#5354,1.);
#5354 = DIRECTION('',(0.,-1.,-1.807003620809E-16));
#5355 = ORIENTED_EDGE('',*,*,#5356,.T.);
#5356 = EDGE_CURVE('',#5349,#5285,#5357,.T.);
#5357 = LINE('',#5358,#5359);
#5358 = CARTESIAN_POINT('',(0.16,5.9,0.3));
#5359 = VECTOR('',#5360,1.);
#5360 = DIRECTION('',(0.,0.,1.));
#5361 = ORIENTED_EDGE('',*,*,#5284,.T.);
#5362 = PLANE('',#5363);
#5363 = AXIS2_PLACEMENT_3D('',#5364,#5365,#5366);
#5364 = CARTESIAN_POINT('',(0.16,0.,0.));
#5365 = DIRECTION('',(1.,0.,0.));
#5366 = DIRECTION('',(-0.,1.,0.));
#5367 = ADVANCED_FACE('',(#5368),#5427,.F.);
#5368 = FACE_BOUND('',#5369,.T.);
#5369 = EDGE_LOOP('',(#5370,#5371,#5372,#5373,#5381,#5389,#5397,#5405,
    #5413,#5421));
#5370 = ORIENTED_EDGE('',*,*,#5253,.F.);
#5371 = ORIENTED_EDGE('',*,*,#1626,.T.);
#5372 = ORIENTED_EDGE('',*,*,#5275,.F.);
#5373 = ORIENTED_EDGE('',*,*,#5374,.F.);
#5374 = EDGE_CURVE('',#5375,#5276,#5377,.T.);
#5375 = VERTEX_POINT('',#5376);
#5376 = CARTESIAN_POINT('',(-0.16,5.9,0.3));
#5377 = LINE('',#5378,#5379);
#5378 = CARTESIAN_POINT('',(-0.16,5.9,0.3));
#5379 = VECTOR('',#5380,1.);
#5380 = DIRECTION('',(0.,0.,1.));
#5381 = ORIENTED_EDGE('',*,*,#5382,.F.);
#5382 = EDGE_CURVE('',#5383,#5375,#5385,.T.);
#5383 = VERTEX_POINT('',#5384);
#5384 = CARTESIAN_POINT('',(-0.16,6.2,0.3));
#5385 = LINE('',#5386,#5387);
#5386 = CARTESIAN_POINT('',(-0.16,6.2,0.3));
#5387 = VECTOR('',#5388,1.);
#5388 = DIRECTION('',(0.,-1.,-1.807003620809E-16));
#5389 = ORIENTED_EDGE('',*,*,#5390,.F.);
#5390 = EDGE_CURVE('',#5391,#5383,#5393,.T.);
#5391 = VERTEX_POINT('',#5392);
#5392 = CARTESIAN_POINT('',(-0.16,6.2,7.318364664277E-16));
#5393 = LINE('',#5394,#5395);
#5394 = CARTESIAN_POINT('',(-0.16,6.2,7.216449660064E-16));
#5395 = VECTOR('',#5396,1.);
#5396 = DIRECTION('',(0.,0.,1.));
#5397 = ORIENTED_EDGE('',*,*,#5398,.F.);
#5398 = EDGE_CURVE('',#5399,#5391,#5401,.T.);
#5399 = VERTEX_POINT('',#5400);
#5400 = CARTESIAN_POINT('',(-0.16,6.,-0.2));
#5401 = LINE('',#5402,#5403);
#5402 = CARTESIAN_POINT('',(-0.16,6.,-0.2));
#5403 = VECTOR('',#5404,1.);
#5404 = DIRECTION('',(0.,0.707106781187,0.707106781187));
#5405 = ORIENTED_EDGE('',*,*,#5406,.F.);
#5406 = EDGE_CURVE('',#5407,#5399,#5409,.T.);
#5407 = VERTEX_POINT('',#5408);
#5408 = CARTESIAN_POINT('',(-0.16,5.6,-0.2));
#5409 = LINE('',#5410,#5411);
#5410 = CARTESIAN_POINT('',(-0.16,5.6,-0.2));
#5411 = VECTOR('',#5412,1.);
#5412 = DIRECTION('',(0.,1.,0.));
#5413 = ORIENTED_EDGE('',*,*,#5414,.F.);
#5414 = EDGE_CURVE('',#5415,#5407,#5417,.T.);
#5415 = VERTEX_POINT('',#5416);
#5416 = CARTESIAN_POINT('',(-0.16,5.4,7.589415207399E-16));
#5417 = LINE('',#5418,#5419);
#5418 = CARTESIAN_POINT('',(-0.16,5.4,7.771561172376E-16));
#5419 = VECTOR('',#5420,1.);
#5420 = DIRECTION('',(0.,0.707106781187,-0.707106781187));
#5421 = ORIENTED_EDGE('',*,*,#5422,.F.);
#5422 = EDGE_CURVE('',#5254,#5415,#5423,.T.);
#5423 = LINE('',#5424,#5425);
#5424 = CARTESIAN_POINT('',(-0.16,5.4,0.6));
#5425 = VECTOR('',#5426,1.);
#5426 = DIRECTION('',(0.,0.,-1.));
#5427 = PLANE('',#5428);
#5428 = AXIS2_PLACEMENT_3D('',#5429,#5430,#5431);
#5429 = CARTESIAN_POINT('',(-0.16,0.,0.));
#5430 = DIRECTION('',(1.,0.,0.));
#5431 = DIRECTION('',(-0.,1.,0.));
#5432 = ADVANCED_FACE('',(#5433),#5444,.F.);
#5433 = FACE_BOUND('',#5434,.T.);
#5434 = EDGE_LOOP('',(#5435,#5436,#5442,#5443));
#5435 = ORIENTED_EDGE('',*,*,#5422,.T.);
#5436 = ORIENTED_EDGE('',*,*,#5437,.F.);
#5437 = EDGE_CURVE('',#5309,#5415,#5438,.T.);
#5438 = LINE('',#5439,#5440);
#5439 = CARTESIAN_POINT('',(0.16,5.4,7.589415207399E-16));
#5440 = VECTOR('',#5441,1.);
#5441 = DIRECTION('',(-1.,0.,0.));
#5442 = ORIENTED_EDGE('',*,*,#5308,.F.);
#5443 = ORIENTED_EDGE('',*,*,#5261,.T.);
#5444 = PLANE('',#5445);
#5445 = AXIS2_PLACEMENT_3D('',#5446,#5447,#5448);
#5446 = CARTESIAN_POINT('',(0.16,5.4,0.6));
#5447 = DIRECTION('',(-0.,1.,0.));
#5448 = DIRECTION('',(1.,0.,0.));
#5449 = ADVANCED_FACE('',(#5450),#5461,.F.);
#5450 = FACE_BOUND('',#5451,.T.);
#5451 = EDGE_LOOP('',(#5452,#5453,#5459,#5460));
#5452 = ORIENTED_EDGE('',*,*,#5414,.T.);
#5453 = ORIENTED_EDGE('',*,*,#5454,.F.);
#5454 = EDGE_CURVE('',#5317,#5407,#5455,.T.);
#5455 = LINE('',#5456,#5457);
#5456 = CARTESIAN_POINT('',(0.16,5.6,-0.2));
#5457 = VECTOR('',#5458,1.);
#5458 = DIRECTION('',(-1.,0.,0.));
#5459 = ORIENTED_EDGE('',*,*,#5316,.F.);
#5460 = ORIENTED_EDGE('',*,*,#5437,.T.);
#5461 = PLANE('',#5462);
#5462 = AXIS2_PLACEMENT_3D('',#5463,#5464,#5465);
#5463 = CARTESIAN_POINT('',(0.16,5.4,7.771561172376E-16));
#5464 = DIRECTION('',(0.,0.707106781187,0.707106781187));
#5465 = DIRECTION('',(1.,-0.,0.));
#5466 = ADVANCED_FACE('',(#5467),#5478,.F.);
#5467 = FACE_BOUND('',#5468,.T.);
#5468 = EDGE_LOOP('',(#5469,#5470,#5476,#5477));
#5469 = ORIENTED_EDGE('',*,*,#5406,.T.);
#5470 = ORIENTED_EDGE('',*,*,#5471,.F.);
#5471 = EDGE_CURVE('',#5325,#5399,#5472,.T.);
#5472 = LINE('',#5473,#5474);
#5473 = CARTESIAN_POINT('',(0.16,6.,-0.2));
#5474 = VECTOR('',#5475,1.);
#5475 = DIRECTION('',(-1.,0.,0.));
#5476 = ORIENTED_EDGE('',*,*,#5324,.F.);
#5477 = ORIENTED_EDGE('',*,*,#5454,.T.);
#5478 = PLANE('',#5479);
#5479 = AXIS2_PLACEMENT_3D('',#5480,#5481,#5482);
#5480 = CARTESIAN_POINT('',(0.16,5.6,-0.2));
#5481 = DIRECTION('',(0.,0.,1.));
#5482 = DIRECTION('',(1.,0.,-0.));
#5483 = ADVANCED_FACE('',(#5484),#5495,.F.);
#5484 = FACE_BOUND('',#5485,.T.);
#5485 = EDGE_LOOP('',(#5486,#5487,#5493,#5494));
#5486 = ORIENTED_EDGE('',*,*,#5398,.T.);
#5487 = ORIENTED_EDGE('',*,*,#5488,.F.);
#5488 = EDGE_CURVE('',#5333,#5391,#5489,.T.);
#5489 = LINE('',#5490,#5491);
#5490 = CARTESIAN_POINT('',(0.16,6.2,7.318364664277E-16));
#5491 = VECTOR('',#5492,1.);
#5492 = DIRECTION('',(-1.,0.,0.));
#5493 = ORIENTED_EDGE('',*,*,#5332,.F.);
#5494 = ORIENTED_EDGE('',*,*,#5471,.T.);
#5495 = PLANE('',#5496);
#5496 = AXIS2_PLACEMENT_3D('',#5497,#5498,#5499);
#5497 = CARTESIAN_POINT('',(0.16,6.,-0.2));
#5498 = DIRECTION('',(0.,-0.707106781187,0.707106781187));
#5499 = DIRECTION('',(-1.,0.,0.));
#5500 = ADVANCED_FACE('',(#5501),#5512,.F.);
#5501 = FACE_BOUND('',#5502,.T.);
#5502 = EDGE_LOOP('',(#5503,#5504,#5510,#5511));
#5503 = ORIENTED_EDGE('',*,*,#5390,.T.);
#5504 = ORIENTED_EDGE('',*,*,#5505,.F.);
#5505 = EDGE_CURVE('',#5341,#5383,#5506,.T.);
#5506 = LINE('',#5507,#5508);
#5507 = CARTESIAN_POINT('',(0.16,6.2,0.3));
#5508 = VECTOR('',#5509,1.);
#5509 = DIRECTION('',(-1.,0.,0.));
#5510 = ORIENTED_EDGE('',*,*,#5340,.F.);
#5511 = ORIENTED_EDGE('',*,*,#5488,.T.);
#5512 = PLANE('',#5513);
#5513 = AXIS2_PLACEMENT_3D('',#5514,#5515,#5516);
#5514 = CARTESIAN_POINT('',(0.16,6.2,7.216449660064E-16));
#5515 = DIRECTION('',(0.,-1.,0.));
#5516 = DIRECTION('',(0.,0.,-1.));
#5517 = ADVANCED_FACE('',(#5518),#5529,.F.);
#5518 = FACE_BOUND('',#5519,.T.);
#5519 = EDGE_LOOP('',(#5520,#5521,#5527,#5528));
#5520 = ORIENTED_EDGE('',*,*,#5382,.T.);
#5521 = ORIENTED_EDGE('',*,*,#5522,.F.);
#5522 = EDGE_CURVE('',#5349,#5375,#5523,.T.);
#5523 = LINE('',#5524,#5525);
#5524 = CARTESIAN_POINT('',(0.16,5.9,0.3));
#5525 = VECTOR('',#5526,1.);
#5526 = DIRECTION('',(-1.,0.,0.));
#5527 = ORIENTED_EDGE('',*,*,#5348,.F.);
#5528 = ORIENTED_EDGE('',*,*,#5505,.T.);
#5529 = PLANE('',#5530);
#5530 = AXIS2_PLACEMENT_3D('',#5531,#5532,#5533);
#5531 = CARTESIAN_POINT('',(0.16,6.2,0.3));
#5532 = DIRECTION('',(0.,1.807003620809E-16,-1.));
#5533 = DIRECTION('',(-1.,0.,0.));
#5534 = ADVANCED_FACE('',(#5535),#5541,.F.);
#5535 = FACE_BOUND('',#5536,.T.);
#5536 = EDGE_LOOP('',(#5537,#5538,#5539,#5540));
#5537 = ORIENTED_EDGE('',*,*,#5374,.T.);
#5538 = ORIENTED_EDGE('',*,*,#5292,.F.);
#5539 = ORIENTED_EDGE('',*,*,#5356,.F.);
#5540 = ORIENTED_EDGE('',*,*,#5522,.T.);
#5541 = PLANE('',#5542);
#5542 = AXIS2_PLACEMENT_3D('',#5543,#5544,#5545);
#5543 = CARTESIAN_POINT('',(0.16,5.9,0.3));
#5544 = DIRECTION('',(0.,-1.,0.));
#5545 = DIRECTION('',(0.,0.,-1.));
#5546 = ( GEOMETRIC_REPRESENTATION_CONTEXT(3) 
GLOBAL_UNCERTAINTY_ASSIGNED_CONTEXT((#5550)) 
GLOBAL_UNIT_ASSIGNED_CONTEXT((#5547,#5548,#5549)) REPRESENTATION_CONTEXT
('Context #1','3D Context with UNIT and UNCERTAINTY') );
#5547 = ( LENGTH_UNIT() NAMED_UNIT(*) SI_UNIT(.MILLI.,.METRE.) );
#5548 = ( NAMED_UNIT(*) PLANE_ANGLE_UNIT() SI_UNIT($,.RADIAN.) );
#5549 = ( NAMED_UNIT(*) SI_UNIT($,.STERADIAN.) SOLID_ANGLE_UNIT() );
#5550 = UNCERTAINTY_MEASURE_WITH_UNIT(LENGTH_MEASURE(1.E-07),#5547,
  'distance_accuracy_value','confusion accuracy');
#5551 = SHAPE_DEFINITION_REPRESENTATION(#5552,#758);
#5552 = PRODUCT_DEFINITION_SHAPE('','',#5553);
#5553 = PRODUCT_DEFINITION('design','',#5554,#5557);
#5554 = PRODUCT_DEFINITION_FORMATION('','',#5555);
#5555 = PRODUCT('0532610371','0532610371','',(#5556));
#5556 = PRODUCT_CONTEXT('',#2,'mechanical');
#5557 = PRODUCT_DEFINITION_CONTEXT('part definition',#2,'design');
#5558 = CONTEXT_DEPENDENT_SHAPE_REPRESENTATION(#5559,#5561);
#5559 = ( REPRESENTATION_RELATIONSHIP('','',#758,#748) 
REPRESENTATION_RELATIONSHIP_WITH_TRANSFORMATION(#5560) 
SHAPE_REPRESENTATION_RELATIONSHIP() );
#5560 = ITEM_DEFINED_TRANSFORMATION('','',#11,#749);
#5561 = PRODUCT_DEFINITION_SHAPE('Placement','Placement of an item',
  #5562);
#5562 = NEXT_ASSEMBLY_USAGE_OCCURRENCE('267','','',#743,#5553,$);
#5563 = PRODUCT_RELATED_PRODUCT_CATEGORY('part',$,(#5555));
#5564 = CONTEXT_DEPENDENT_SHAPE_REPRESENTATION(#5565,#5567);
#5565 = ( REPRESENTATION_RELATIONSHIP('','',#748,#10) 
REPRESENTATION_RELATIONSHIP_WITH_TRANSFORMATION(#5566) 
SHAPE_REPRESENTATION_RELATIONSHIP() );
#5566 = ITEM_DEFINED_TRANSFORMATION('','',#11,#19);
#5567 = PRODUCT_DEFINITION_SHAPE('Placement','Placement of an item',
  #5568);
#5568 = NEXT_ASSEMBLY_USAGE_OCCURRENCE('268','','',#5,#743,$);
#5569 = PRODUCT_RELATED_PRODUCT_CATEGORY('part',$,(#745));
#5570 = SHAPE_DEFINITION_REPRESENTATION(#5571,#5577);
#5571 = PRODUCT_DEFINITION_SHAPE('','',#5572);
#5572 = PRODUCT_DEFINITION('design','',#5573,#5576);
#5573 = PRODUCT_DEFINITION_FORMATION('','',#5574);
#5574 = PRODUCT('Free-Models','Free-Models','',(#5575));
#5575 = PRODUCT_CONTEXT('',#2,'mechanical');
#5576 = PRODUCT_DEFINITION_CONTEXT('part definition',#2,'design');
#5577 = SHAPE_REPRESENTATION('',(#11,#5578),#5582);
#5578 = AXIS2_PLACEMENT_3D('',#5579,#5580,#5581);
#5579 = CARTESIAN_POINT('',(37.399620056152,7.549997806549,
    3.512700557709));
#5580 = DIRECTION('',(0.,0.,1.));
#5581 = DIRECTION('',(-4.371138828674E-08,1.,0.));
#5582 = ( GEOMETRIC_REPRESENTATION_CONTEXT(3) 
GLOBAL_UNCERTAINTY_ASSIGNED_CONTEXT((#5586)) 
GLOBAL_UNIT_ASSIGNED_CONTEXT((#5583,#5584,#5585)) REPRESENTATION_CONTEXT
('Context #1','3D Context with UNIT and UNCERTAINTY') );
#5583 = ( LENGTH_UNIT() NAMED_UNIT(*) SI_UNIT(.MILLI.,.METRE.) );
#5584 = ( NAMED_UNIT(*) PLANE_ANGLE_UNIT() SI_UNIT($,.RADIAN.) );
#5585 = ( NAMED_UNIT(*) SI_UNIT($,.STERADIAN.) SOLID_ANGLE_UNIT() );
#5586 = UNCERTAINTY_MEASURE_WITH_UNIT(LENGTH_MEASURE(1.E-07),#5583,
  'distance_accuracy_value','confusion accuracy');
#5587 = ADVANCED_BREP_SHAPE_REPRESENTATION('',(#11,#5588),#17837);
#5588 = MANIFOLD_SOLID_BREP('',#5589);
#5589 = CLOSED_SHELL('',(#5590,#5632,#5674,#5716,#5758,#5800,#5842,#5884
    ,#5926,#5968,#6010,#6052,#6094,#6136,#6178,#6220,#6262,#6304,#6346,
    #6378,#6394,#6434,#6450,#6468,#6484,#6524,#6549,#6591,#6624,#6641,
    #6659,#6699,#6715,#6733,#6758,#6816,#6834,#6857,#6884,#6902,#7004,
    #7029,#7071,#7129,#7146,#7164,#7212,#7243,#7274,#7306,#7330,#7370,
    #7402,#7426,#7465,#7485,#7516,#7534,#7589,#7620,#7637,#7661,#7685,
    #7703,#7720,#7745,#7769,#7786,#7817,#7848,#7872,#7890,#7921,#7955,
    #7979,#7996,#8020,#8053,#8101,#8167,#8198,#8236,#8266,#8305,#8332,
    #8387,#8451,#8515,#8555,#8586,#8626,#8739,#8778,#8802,#8827,#8851,
    #8876,#8900,#8940,#8987,#9019,#9050,#9074,#9106,#9147,#9178,#9227,
    #9267,#9292,#9309,#9326,#9344,#9361,#9385,#9403,#9443,#9498,#9546,
    #9586,#9641,#9681,#9712,#9741,#9795,#9858,#9921,#9975,#10014,#10045,
    #10075,#10108,#10132,#10156,#10189,#10220,#10253,#10275,#10314,
    #10345,#10375,#10408,#10441,#10481,#10503,#10536,#10567,#10598,
    #10631,#10664,#10689,#10729,#10754,#10787,#10817,#10857,#10882,
    #10922,#10955,#10995,#11026,#11057,#11090,#11138,#11177,#11210,
    #11241,#11274,#11304,#11329,#11353,#11379,#11420,#11439,#11577,
    #11608,#11647,#11679,#11703,#11727,#11757,#11782,#11806,#11831,
    #11871,#11927,#11992,#12014,#12038,#12062,#12099,#12116,#12256,
    #12297,#12321,#12371,#12398,#12429,#12478,#12503,#12527,#12589,
    #12614,#12655,#12673,#12691,#12726,#12766,#12806,#12837,#12868,
    #12901,#12934,#12974,#13005,#13036,#13068,#13092,#13126,#13157,
    #13188,#13219,#13259,#13290,#13321,#13352,#13384,#13408,#13442,
    #13473,#13504,#13535,#13566,#13605,#13629,#13660,#13684,#13708,
    #13732,#13756,#13789,#13829,#13860,#13882,#13922,#13944,#13977,
    #14010,#14034,#14046,#14072,#14096,#14120,#14137,#14161,#14185,
    #14209,#14242,#14282,#14313,#14335,#14375,#14397,#14430,#14463,
    #14487,#14499,#14525,#14549,#14573,#14590,#14632,#14662,#14686,
    #14732,#14763,#14785,#14816,#14889,#14925,#14949,#14982,#15007,
    #15031,#15055,#15079,#15103,#15136,#15176,#15207,#15229,#15269,
    #15291,#15324,#15357,#15381,#15393,#15424,#15457,#15497,#15528,
    #15550,#15590,#15612,#15645,#15678,#15702,#15714,#15740,#15764,
    #15788,#15805,#15836,#15867,#15899,#15949,#15973,#15995,#16019,
    #16050,#16083,#16108,#16321,#16338,#16575,#16608,#16637,#16662,
    #16679,#16691,#16724,#16748,#16773,#16795,#16807,#16819,#16831,
    #16848,#16860,#16881,#16893,#16910,#16922,#16934,#16958,#16970,
    #16989,#17006,#17018,#17035,#17047,#17059,#17083,#17116,#17147,
    #17175,#17206,#17231,#17392,#17425,#17454,#17478,#17496,#17508,
    #17530,#17563,#17587,#17616,#17634,#17646,#17667,#17679,#17696,
    #17708,#17720,#17732,#17749,#17761,#17773,#17795,#17807,#17824));
#5590 = ADVANCED_FACE('',(#5591),#5627,.F.);
#5591 = FACE_BOUND('',#5592,.F.);
#5592 = EDGE_LOOP('',(#5593,#5603,#5612,#5620));
#5593 = ORIENTED_EDGE('',*,*,#5594,.T.);
#5594 = EDGE_CURVE('',#5595,#5597,#5599,.T.);
#5595 = VERTEX_POINT('',#5596);
#5596 = CARTESIAN_POINT('',(-2.9,-21.15,-1.626794919243));
#5597 = VERTEX_POINT('',#5598);
#5598 = CARTESIAN_POINT('',(-3.4,-21.15,-1.626794919243));
#5599 = LINE('',#5600,#5601);
#5600 = CARTESIAN_POINT('',(-2.9,-21.15,-1.626794919243));
#5601 = VECTOR('',#5602,1.);
#5602 = DIRECTION('',(-1.,-0.,-0.));
#5603 = ORIENTED_EDGE('',*,*,#5604,.T.);
#5604 = EDGE_CURVE('',#5597,#5605,#5607,.T.);
#5605 = VERTEX_POINT('',#5606);
#5606 = CARTESIAN_POINT('',(-3.4,-21.25,-1.6));
#5607 = CIRCLE('',#5608,0.2);
#5608 = AXIS2_PLACEMENT_3D('',#5609,#5610,#5611);
#5609 = CARTESIAN_POINT('',(-3.4,-21.25,-1.8));
#5610 = DIRECTION('',(1.,0.,-0.));
#5611 = DIRECTION('',(0.,5.20417042793E-14,1.));
#5612 = ORIENTED_EDGE('',*,*,#5613,.F.);
#5613 = EDGE_CURVE('',#5614,#5605,#5616,.T.);
#5614 = VERTEX_POINT('',#5615);
#5615 = CARTESIAN_POINT('',(-2.9,-21.25,-1.6));
#5616 = LINE('',#5617,#5618);
#5617 = CARTESIAN_POINT('',(-2.9,-21.25,-1.6));
#5618 = VECTOR('',#5619,1.);
#5619 = DIRECTION('',(-1.,0.,0.));
#5620 = ORIENTED_EDGE('',*,*,#5621,.F.);
#5621 = EDGE_CURVE('',#5595,#5614,#5622,.T.);
#5622 = CIRCLE('',#5623,0.2);
#5623 = AXIS2_PLACEMENT_3D('',#5624,#5625,#5626);
#5624 = CARTESIAN_POINT('',(-2.9,-21.25,-1.8));
#5625 = DIRECTION('',(1.,0.,-0.));
#5626 = DIRECTION('',(0.,5.20417042793E-14,1.));
#5627 = CYLINDRICAL_SURFACE('',#5628,0.2);
#5628 = AXIS2_PLACEMENT_3D('',#5629,#5630,#5631);
#5629 = CARTESIAN_POINT('',(-2.9,-21.25,-1.8));
#5630 = DIRECTION('',(-1.,0.,0.));
#5631 = DIRECTION('',(0.,0.,1.));
#5632 = ADVANCED_FACE('',(#5633),#5669,.F.);
#5633 = FACE_BOUND('',#5634,.F.);
#5634 = EDGE_LOOP('',(#5635,#5645,#5654,#5662));
#5635 = ORIENTED_EDGE('',*,*,#5636,.T.);
#5636 = EDGE_CURVE('',#5637,#5639,#5641,.T.);
#5637 = VERTEX_POINT('',#5638);
#5638 = CARTESIAN_POINT('',(-2.9,21.45,-1.8));
#5639 = VERTEX_POINT('',#5640);
#5640 = CARTESIAN_POINT('',(-3.4,21.45,-1.8));
#5641 = LINE('',#5642,#5643);
#5642 = CARTESIAN_POINT('',(-2.9,21.45,-1.8));
#5643 = VECTOR('',#5644,1.);
#5644 = DIRECTION('',(-1.,0.,0.));
#5645 = ORIENTED_EDGE('',*,*,#5646,.F.);
#5646 = EDGE_CURVE('',#5647,#5639,#5649,.T.);
#5647 = VERTEX_POINT('',#5648);
#5648 = CARTESIAN_POINT('',(-3.4,21.25,-1.6));
#5649 = CIRCLE('',#5650,0.2);
#5650 = AXIS2_PLACEMENT_3D('',#5651,#5652,#5653);
#5651 = CARTESIAN_POINT('',(-3.4,21.25,-1.8));
#5652 = DIRECTION('',(-1.,0.,0.));
#5653 = DIRECTION('',(0.,0.,1.));
#5654 = ORIENTED_EDGE('',*,*,#5655,.F.);
#5655 = EDGE_CURVE('',#5656,#5647,#5658,.T.);
#5656 = VERTEX_POINT('',#5657);
#5657 = CARTESIAN_POINT('',(-2.9,21.25,-1.6));
#5658 = LINE('',#5659,#5660);
#5659 = CARTESIAN_POINT('',(-2.9,21.25,-1.6));
#5660 = VECTOR('',#5661,1.);
#5661 = DIRECTION('',(-1.,0.,0.));
#5662 = ORIENTED_EDGE('',*,*,#5663,.T.);
#5663 = EDGE_CURVE('',#5656,#5637,#5664,.T.);
#5664 = CIRCLE('',#5665,0.2);
#5665 = AXIS2_PLACEMENT_3D('',#5666,#5667,#5668);
#5666 = CARTESIAN_POINT('',(-2.9,21.25,-1.8));
#5667 = DIRECTION('',(-1.,0.,0.));
#5668 = DIRECTION('',(0.,0.,1.));
#5669 = CYLINDRICAL_SURFACE('',#5670,0.2);
#5670 = AXIS2_PLACEMENT_3D('',#5671,#5672,#5673);
#5671 = CARTESIAN_POINT('',(-2.9,21.25,-1.8));
#5672 = DIRECTION('',(-1.,0.,0.));
#5673 = DIRECTION('',(0.,0.,1.));
#5674 = ADVANCED_FACE('',(#5675),#5711,.F.);
#5675 = FACE_BOUND('',#5676,.F.);
#5676 = EDGE_LOOP('',(#5677,#5687,#5696,#5704));
#5677 = ORIENTED_EDGE('',*,*,#5678,.T.);
#5678 = EDGE_CURVE('',#5679,#5681,#5683,.T.);
#5679 = VERTEX_POINT('',#5680);
#5680 = CARTESIAN_POINT('',(-2.95,23.5,-2.55));
#5681 = VERTEX_POINT('',#5682);
#5682 = CARTESIAN_POINT('',(-3.4,23.5,-2.55));
#5683 = LINE('',#5684,#5685);
#5684 = CARTESIAN_POINT('',(-2.9,23.5,-2.55));
#5685 = VECTOR('',#5686,1.);
#5686 = DIRECTION('',(-1.,0.,0.));
#5687 = ORIENTED_EDGE('',*,*,#5688,.F.);
#5688 = EDGE_CURVE('',#5689,#5681,#5691,.T.);
#5689 = VERTEX_POINT('',#5690);
#5690 = CARTESIAN_POINT('',(-3.4,23.3,-2.35));
#5691 = CIRCLE('',#5692,0.2);
#5692 = AXIS2_PLACEMENT_3D('',#5693,#5694,#5695);
#5693 = CARTESIAN_POINT('',(-3.4,23.3,-2.55));
#5694 = DIRECTION('',(-1.,0.,0.));
#5695 = DIRECTION('',(0.,0.,1.));
#5696 = ORIENTED_EDGE('',*,*,#5697,.F.);
#5697 = EDGE_CURVE('',#5698,#5689,#5700,.T.);
#5698 = VERTEX_POINT('',#5699);
#5699 = CARTESIAN_POINT('',(-2.95,23.3,-2.35));
#5700 = LINE('',#5701,#5702);
#5701 = CARTESIAN_POINT('',(-2.9,23.3,-2.35));
#5702 = VECTOR('',#5703,1.);
#5703 = DIRECTION('',(-1.,0.,0.));
#5704 = ORIENTED_EDGE('',*,*,#5705,.T.);
#5705 = EDGE_CURVE('',#5698,#5679,#5706,.T.);
#5706 = CIRCLE('',#5707,0.2);
#5707 = AXIS2_PLACEMENT_3D('',#5708,#5709,#5710);
#5708 = CARTESIAN_POINT('',(-2.95,23.3,-2.55));
#5709 = DIRECTION('',(-1.,1.398876808125E-18,-1.724213692673E-19));
#5710 = DIRECTION('',(-1.398876808125E-18,-1.,-2.411962546931E-37));
#5711 = CYLINDRICAL_SURFACE('',#5712,0.2);
#5712 = AXIS2_PLACEMENT_3D('',#5713,#5714,#5715);
#5713 = CARTESIAN_POINT('',(-2.9,23.3,-2.55));
#5714 = DIRECTION('',(-1.,0.,0.));
#5715 = DIRECTION('',(0.,0.,1.));
#5716 = ADVANCED_FACE('',(#5717),#5753,.F.);
#5717 = FACE_BOUND('',#5718,.F.);
#5718 = EDGE_LOOP('',(#5719,#5729,#5738,#5746));
#5719 = ORIENTED_EDGE('',*,*,#5720,.T.);
#5720 = EDGE_CURVE('',#5721,#5723,#5725,.T.);
#5721 = VERTEX_POINT('',#5722);
#5722 = CARTESIAN_POINT('',(-2.95,-23.2,-2.376794919243));
#5723 = VERTEX_POINT('',#5724);
#5724 = CARTESIAN_POINT('',(-3.4,-23.2,-2.376794919243));
#5725 = LINE('',#5726,#5727);
#5726 = CARTESIAN_POINT('',(-2.9,-23.2,-2.376794919243));
#5727 = VECTOR('',#5728,1.);
#5728 = DIRECTION('',(-1.,-0.,-0.));
#5729 = ORIENTED_EDGE('',*,*,#5730,.T.);
#5730 = EDGE_CURVE('',#5723,#5731,#5733,.T.);
#5731 = VERTEX_POINT('',#5732);
#5732 = CARTESIAN_POINT('',(-3.4,-23.3,-2.35));
#5733 = CIRCLE('',#5734,0.2);
#5734 = AXIS2_PLACEMENT_3D('',#5735,#5736,#5737);
#5735 = CARTESIAN_POINT('',(-3.4,-23.3,-2.55));
#5736 = DIRECTION('',(1.,0.,-0.));
#5737 = DIRECTION('',(0.,-1.040834085586E-13,1.));
#5738 = ORIENTED_EDGE('',*,*,#5739,.F.);
#5739 = EDGE_CURVE('',#5740,#5731,#5742,.T.);
#5740 = VERTEX_POINT('',#5741);
#5741 = CARTESIAN_POINT('',(-2.95,-23.3,-2.35));
#5742 = LINE('',#5743,#5744);
#5743 = CARTESIAN_POINT('',(-2.9,-23.3,-2.35));
#5744 = VECTOR('',#5745,1.);
#5745 = DIRECTION('',(-1.,0.,0.));
#5746 = ORIENTED_EDGE('',*,*,#5747,.T.);
#5747 = EDGE_CURVE('',#5740,#5721,#5748,.T.);
#5748 = CIRCLE('',#5749,0.2);
#5749 = AXIS2_PLACEMENT_3D('',#5750,#5751,#5752);
#5750 = CARTESIAN_POINT('',(-2.95,-23.3,-2.55));
#5751 = DIRECTION('',(-1.,1.398876808125E-18,-1.724213692673E-19));
#5752 = DIRECTION('',(-1.398876808125E-18,-1.,-2.411962546931E-37));
#5753 = CYLINDRICAL_SURFACE('',#5754,0.2);
#5754 = AXIS2_PLACEMENT_3D('',#5755,#5756,#5757);
#5755 = CARTESIAN_POINT('',(-2.9,-23.3,-2.55));
#5756 = DIRECTION('',(-1.,0.,0.));
#5757 = DIRECTION('',(0.,0.,1.));
#5758 = ADVANCED_FACE('',(#5759),#5795,.T.);
#5759 = FACE_BOUND('',#5760,.T.);
#5760 = EDGE_LOOP('',(#5761,#5772,#5780,#5789));
#5761 = ORIENTED_EDGE('',*,*,#5762,.F.);
#5762 = EDGE_CURVE('',#5763,#5765,#5767,.T.);
#5763 = VERTEX_POINT('',#5764);
#5764 = CARTESIAN_POINT('',(-8.367455680097E-16,22.255,0.4));
#5765 = VERTEX_POINT('',#5766);
#5766 = CARTESIAN_POINT('',(-9.592102479245E-16,24.255,0.4));
#5767 = CIRCLE('',#5768,1.);
#5768 = AXIS2_PLACEMENT_3D('',#5769,#5770,#5771);
#5769 = CARTESIAN_POINT('',(-9.592102479245E-16,23.255,0.4));
#5770 = DIRECTION('',(0.,6.111242387415E-17,1.));
#5771 = DIRECTION('',(0.,-1.,6.111242387415E-17));
#5772 = ORIENTED_EDGE('',*,*,#5773,.T.);
#5773 = EDGE_CURVE('',#5763,#5774,#5776,.T.);
#5774 = VERTEX_POINT('',#5775);
#5775 = CARTESIAN_POINT('',(-8.367455680097E-16,22.255,-0.5));
#5776 = LINE('',#5777,#5778);
#5777 = CARTESIAN_POINT('',(-8.367455680097E-16,22.255,0.4));
#5778 = VECTOR('',#5779,1.);
#5779 = DIRECTION('',(0.,-6.111242387415E-17,-1.));
#5780 = ORIENTED_EDGE('',*,*,#5781,.T.);
#5781 = EDGE_CURVE('',#5774,#5782,#5784,.T.);
#5782 = VERTEX_POINT('',#5783);
#5783 = CARTESIAN_POINT('',(-9.592102479245E-16,24.255,-0.5));
#5784 = CIRCLE('',#5785,1.);
#5785 = AXIS2_PLACEMENT_3D('',#5786,#5787,#5788);
#5786 = CARTESIAN_POINT('',(-9.592102479245E-16,23.255,-0.5));
#5787 = DIRECTION('',(0.,6.111242387415E-17,1.));
#5788 = DIRECTION('',(0.,-1.,6.111242387415E-17));
#5789 = ORIENTED_EDGE('',*,*,#5790,.F.);
#5790 = EDGE_CURVE('',#5765,#5782,#5791,.T.);
#5791 = LINE('',#5792,#5793);
#5792 = CARTESIAN_POINT('',(-9.592102479245E-16,24.255,0.4));
#5793 = VECTOR('',#5794,1.);
#5794 = DIRECTION('',(0.,-6.111242387415E-17,-1.));
#5795 = CYLINDRICAL_SURFACE('',#5796,1.);
#5796 = AXIS2_PLACEMENT_3D('',#5797,#5798,#5799);
#5797 = CARTESIAN_POINT('',(-9.592102479245E-16,23.255,0.4));
#5798 = DIRECTION('',(0.,-6.111242387415E-17,-1.));
#5799 = DIRECTION('',(0.,1.,-6.111242387415E-17));
#5800 = ADVANCED_FACE('',(#5801),#5837,.F.);
#5801 = FACE_BOUND('',#5802,.F.);
#5802 = EDGE_LOOP('',(#5803,#5813,#5822,#5830));
#5803 = ORIENTED_EDGE('',*,*,#5804,.T.);
#5804 = EDGE_CURVE('',#5805,#5807,#5809,.T.);
#5805 = VERTEX_POINT('',#5806);
#5806 = CARTESIAN_POINT('',(1.,25.2,-3.));
#5807 = VERTEX_POINT('',#5808);
#5808 = CARTESIAN_POINT('',(1.,25.2,-2.6));
#5809 = LINE('',#5810,#5811);
#5810 = CARTESIAN_POINT('',(1.,25.2,-3.));
#5811 = VECTOR('',#5812,1.);
#5812 = DIRECTION('',(6.092520311428E-16,2.239979602611E-16,1.));
#5813 = ORIENTED_EDGE('',*,*,#5814,.F.);
#5814 = EDGE_CURVE('',#5815,#5807,#5817,.T.);
#5815 = VERTEX_POINT('',#5816);
#5816 = CARTESIAN_POINT('',(1.125878037615E-15,24.2,-2.6));
#5817 = CIRCLE('',#5818,1.);
#5818 = AXIS2_PLACEMENT_3D('',#5819,#5820,#5821);
#5819 = CARTESIAN_POINT('',(1.303239595074E-15,25.2,-2.6));
#5820 = DIRECTION('',(0.,9.71445146547E-17,1.));
#5821 = DIRECTION('',(0.,-1.,9.71445146547E-17));
#5822 = ORIENTED_EDGE('',*,*,#5823,.F.);
#5823 = EDGE_CURVE('',#5824,#5815,#5826,.T.);
#5824 = VERTEX_POINT('',#5825);
#5825 = CARTESIAN_POINT('',(1.125878037615E-15,24.2,-3.));
#5826 = LINE('',#5827,#5828);
#5827 = CARTESIAN_POINT('',(1.004027631386E-15,24.2,-3.));
#5828 = VECTOR('',#5829,1.);
#5829 = DIRECTION('',(6.092520311428E-16,2.239979602611E-16,1.));
#5830 = ORIENTED_EDGE('',*,*,#5831,.T.);
#5831 = EDGE_CURVE('',#5824,#5805,#5832,.T.);
#5832 = CIRCLE('',#5833,1.);
#5833 = AXIS2_PLACEMENT_3D('',#5834,#5835,#5836);
#5834 = CARTESIAN_POINT('',(1.059538782617E-15,25.2,-3.));
#5835 = DIRECTION('',(6.092520311428E-16,2.239979602611E-16,1.));
#5836 = DIRECTION('',(-5.551115123126E-17,-1.,2.239979602611E-16));
#5837 = CYLINDRICAL_SURFACE('',#5838,1.);
#5838 = AXIS2_PLACEMENT_3D('',#5839,#5840,#5841);
#5839 = CARTESIAN_POINT('',(1.059538782617E-15,25.2,-3.));
#5840 = DIRECTION('',(6.092520311428E-16,2.239979602611E-16,1.));
#5841 = DIRECTION('',(-5.551115123126E-17,-1.,2.239979602611E-16));
#5842 = ADVANCED_FACE('',(#5843),#5879,.F.);
#5843 = FACE_BOUND('',#5844,.F.);
#5844 = EDGE_LOOP('',(#5845,#5855,#5864,#5872));
#5845 = ORIENTED_EDGE('',*,*,#5846,.T.);
#5846 = EDGE_CURVE('',#5847,#5849,#5851,.T.);
#5847 = VERTEX_POINT('',#5848);
#5848 = CARTESIAN_POINT('',(6.85,16.3,-3.));
#5849 = VERTEX_POINT('',#5850);
#5850 = CARTESIAN_POINT('',(6.85,16.3,-2.6));
#5851 = LINE('',#5852,#5853);
#5852 = CARTESIAN_POINT('',(6.85,16.3,-3.));
#5853 = VECTOR('',#5854,1.);
#5854 = DIRECTION('',(6.092520311428E-16,2.239979602611E-16,1.));
#5855 = ORIENTED_EDGE('',*,*,#5856,.F.);
#5856 = EDGE_CURVE('',#5857,#5849,#5859,.T.);
#5857 = VERTEX_POINT('',#5858);
#5858 = CARTESIAN_POINT('',(6.,15.45,-2.6));
#5859 = CIRCLE('',#5860,0.85);
#5860 = AXIS2_PLACEMENT_3D('',#5861,#5862,#5863);
#5861 = CARTESIAN_POINT('',(6.,16.3,-2.6));
#5862 = DIRECTION('',(6.092520311428E-16,2.239979602611E-16,1.));
#5863 = DIRECTION('',(1.364712122609E-31,-1.,2.239979602611E-16));
#5864 = ORIENTED_EDGE('',*,*,#5865,.F.);
#5865 = EDGE_CURVE('',#5866,#5857,#5868,.T.);
#5866 = VERTEX_POINT('',#5867);
#5867 = CARTESIAN_POINT('',(6.,15.45,-3.));
#5868 = LINE('',#5869,#5870);
#5869 = CARTESIAN_POINT('',(6.,15.45,-3.));
#5870 = VECTOR('',#5871,1.);
#5871 = DIRECTION('',(6.092520311428E-16,2.239979602611E-16,1.));
#5872 = ORIENTED_EDGE('',*,*,#5873,.T.);
#5873 = EDGE_CURVE('',#5866,#5847,#5874,.T.);
#5874 = CIRCLE('',#5875,0.85);
#5875 = AXIS2_PLACEMENT_3D('',#5876,#5877,#5878);
#5876 = CARTESIAN_POINT('',(6.,16.3,-3.));
#5877 = DIRECTION('',(6.092520311428E-16,2.239979602611E-16,1.));
#5878 = DIRECTION('',(1.364712122609E-31,-1.,2.239979602611E-16));
#5879 = CYLINDRICAL_SURFACE('',#5880,0.85);
#5880 = AXIS2_PLACEMENT_3D('',#5881,#5882,#5883);
#5881 = CARTESIAN_POINT('',(6.,16.3,-3.));
#5882 = DIRECTION('',(6.092520311428E-16,2.239979602611E-16,1.));
#5883 = DIRECTION('',(1.364712122609E-31,-1.,2.239979602611E-16));
#5884 = ADVANCED_FACE('',(#5885),#5921,.F.);
#5885 = FACE_BOUND('',#5886,.F.);
#5886 = EDGE_LOOP('',(#5887,#5897,#5906,#5914));
#5887 = ORIENTED_EDGE('',*,*,#5888,.T.);
#5888 = EDGE_CURVE('',#5889,#5891,#5893,.T.);
#5889 = VERTEX_POINT('',#5890);
#5890 = CARTESIAN_POINT('',(6.,-17.35,-3.));
#5891 = VERTEX_POINT('',#5892);
#5892 = CARTESIAN_POINT('',(6.,-17.35,-2.6));
#5893 = LINE('',#5894,#5895);
#5894 = CARTESIAN_POINT('',(6.,-17.35,-3.));
#5895 = VECTOR('',#5896,1.);
#5896 = DIRECTION('',(6.092520311428E-16,2.239979602611E-16,1.));
#5897 = ORIENTED_EDGE('',*,*,#5898,.F.);
#5898 = EDGE_CURVE('',#5899,#5891,#5901,.T.);
#5899 = VERTEX_POINT('',#5900);
#5900 = CARTESIAN_POINT('',(6.,-15.65,-2.6));
#5901 = CIRCLE('',#5902,0.85);
#5902 = AXIS2_PLACEMENT_3D('',#5903,#5904,#5905);
#5903 = CARTESIAN_POINT('',(6.,-16.5,-2.6));
#5904 = DIRECTION('',(6.092520311428E-16,2.239979602611E-16,1.));
#5905 = DIRECTION('',(1.364712122609E-31,-1.,2.239979602611E-16));
#5906 = ORIENTED_EDGE('',*,*,#5907,.F.);
#5907 = EDGE_CURVE('',#5908,#5899,#5910,.T.);
#5908 = VERTEX_POINT('',#5909);
#5909 = CARTESIAN_POINT('',(6.,-15.65,-3.));
#5910 = LINE('',#5911,#5912);
#5911 = CARTESIAN_POINT('',(6.,-15.65,-3.));
#5912 = VECTOR('',#5913,1.);
#5913 = DIRECTION('',(6.092520311428E-16,2.239979602611E-16,1.));
#5914 = ORIENTED_EDGE('',*,*,#5915,.T.);
#5915 = EDGE_CURVE('',#5908,#5889,#5916,.T.);
#5916 = CIRCLE('',#5917,0.85);
#5917 = AXIS2_PLACEMENT_3D('',#5918,#5919,#5920);
#5918 = CARTESIAN_POINT('',(6.,-16.5,-3.));
#5919 = DIRECTION('',(6.092520311428E-16,2.239979602611E-16,1.));
#5920 = DIRECTION('',(1.364712122609E-31,-1.,2.239979602611E-16));
#5921 = CYLINDRICAL_SURFACE('',#5922,0.85);
#5922 = AXIS2_PLACEMENT_3D('',#5923,#5924,#5925);
#5923 = CARTESIAN_POINT('',(6.,-16.5,-3.));
#5924 = DIRECTION('',(6.092520311428E-16,2.239979602611E-16,1.));
#5925 = DIRECTION('',(1.364712122609E-31,-1.,2.239979602611E-16));
#5926 = ADVANCED_FACE('',(#5927),#5963,.F.);
#5927 = FACE_BOUND('',#5928,.F.);
#5928 = EDGE_LOOP('',(#5929,#5939,#5948,#5956));
#5929 = ORIENTED_EDGE('',*,*,#5930,.T.);
#5930 = EDGE_CURVE('',#5931,#5933,#5935,.T.);
#5931 = VERTEX_POINT('',#5932);
#5932 = CARTESIAN_POINT('',(6.,-1.1,-3.));
#5933 = VERTEX_POINT('',#5934);
#5934 = CARTESIAN_POINT('',(6.,-1.1,-2.6));
#5935 = LINE('',#5936,#5937);
#5936 = CARTESIAN_POINT('',(6.,-1.1,-3.));
#5937 = VECTOR('',#5938,1.);
#5938 = DIRECTION('',(6.092520311428E-16,2.239979602611E-16,1.));
#5939 = ORIENTED_EDGE('',*,*,#5940,.F.);
#5940 = EDGE_CURVE('',#5941,#5933,#5943,.T.);
#5941 = VERTEX_POINT('',#5942);
#5942 = CARTESIAN_POINT('',(6.,1.1,-2.6));
#5943 = CIRCLE('',#5944,1.1);
#5944 = AXIS2_PLACEMENT_3D('',#5945,#5946,#5947);
#5945 = CARTESIAN_POINT('',(6.,8.959918410442E-17,-2.6));
#5946 = DIRECTION('',(6.092520311428E-16,2.239979602611E-16,1.));
#5947 = DIRECTION('',(1.364712122609E-31,-1.,2.239979602611E-16));
#5948 = ORIENTED_EDGE('',*,*,#5949,.F.);
#5949 = EDGE_CURVE('',#5950,#5941,#5952,.T.);
#5950 = VERTEX_POINT('',#5951);
#5951 = CARTESIAN_POINT('',(6.,1.1,-3.));
#5952 = LINE('',#5953,#5954);
#5953 = CARTESIAN_POINT('',(6.,1.1,-3.));
#5954 = VECTOR('',#5955,1.);
#5955 = DIRECTION('',(6.092520311428E-16,2.239979602611E-16,1.));
#5956 = ORIENTED_EDGE('',*,*,#5957,.T.);
#5957 = EDGE_CURVE('',#5950,#5931,#5958,.T.);
#5958 = CIRCLE('',#5959,1.1);
#5959 = AXIS2_PLACEMENT_3D('',#5960,#5961,#5962);
#5960 = CARTESIAN_POINT('',(6.,-3.324471596689E-33,-3.));
#5961 = DIRECTION('',(6.092520311428E-16,2.239979602611E-16,1.));
#5962 = DIRECTION('',(1.364712122609E-31,-1.,2.239979602611E-16));
#5963 = CYLINDRICAL_SURFACE('',#5964,1.1);
#5964 = AXIS2_PLACEMENT_3D('',#5965,#5966,#5967);
#5965 = CARTESIAN_POINT('',(6.,-3.324471596689E-33,-3.));
#5966 = DIRECTION('',(6.092520311428E-16,2.239979602611E-16,1.));
#5967 = DIRECTION('',(1.364712122609E-31,-1.,2.239979602611E-16));
#5968 = ADVANCED_FACE('',(#5969),#6005,.F.);
#5969 = FACE_BOUND('',#5970,.F.);
#5970 = EDGE_LOOP('',(#5971,#5981,#5990,#5998));
#5971 = ORIENTED_EDGE('',*,*,#5972,.T.);
#5972 = EDGE_CURVE('',#5973,#5975,#5977,.T.);
#5973 = VERTEX_POINT('',#5974);
#5974 = CARTESIAN_POINT('',(-2.199999637953,-26.80000000068,-2.6));
#5975 = VERTEX_POINT('',#5976);
#5976 = CARTESIAN_POINT('',(-2.2,-26.8,-2.99999999958));
#5977 = LINE('',#5978,#5979);
#5978 = CARTESIAN_POINT('',(-2.2,-26.8,-3.10000000084));
#5979 = VECTOR('',#5980,1.);
#5980 = DIRECTION('',(3.640524450046E-16,4.222188947442E-15,-1.));
#5981 = ORIENTED_EDGE('',*,*,#5982,.T.);
#5982 = EDGE_CURVE('',#5975,#5983,#5985,.T.);
#5983 = VERTEX_POINT('',#5984);
#5984 = CARTESIAN_POINT('',(-2.2,-26.80038055098,-3.));
#5985 = CIRCLE('',#5986,0.2);
#5986 = AXIS2_PLACEMENT_3D('',#5987,#5988,#5989);
#5987 = CARTESIAN_POINT('',(-2.,-26.80038055098,-3.));
#5988 = DIRECTION('',(-3.640524450046E-16,-4.249770503202E-15,1.));
#5989 = DIRECTION('',(-1.,5.186823193171E-12,-3.640524449825E-16));
#5990 = ORIENTED_EDGE('',*,*,#5991,.F.);
#5991 = EDGE_CURVE('',#5992,#5983,#5994,.T.);
#5992 = VERTEX_POINT('',#5993);
#5993 = CARTESIAN_POINT('',(-2.2,-26.80038055098,-2.6));
#5994 = LINE('',#5995,#5996);
#5995 = CARTESIAN_POINT('',(-2.2,-26.80038055098,-2.6));
#5996 = VECTOR('',#5997,1.);
#5997 = DIRECTION('',(3.640524450046E-16,4.249770503202E-15,-1.));
#5998 = ORIENTED_EDGE('',*,*,#5999,.F.);
#5999 = EDGE_CURVE('',#5973,#5992,#6000,.T.);
#6000 = CIRCLE('',#6001,0.2);
#6001 = AXIS2_PLACEMENT_3D('',#6002,#6003,#6004);
#6002 = CARTESIAN_POINT('',(-2.,-26.80038055098,-2.6));
#6003 = DIRECTION('',(0.,9.71445146547E-17,1.));
#6004 = DIRECTION('',(0.,-1.,9.71445146547E-17));
#6005 = CYLINDRICAL_SURFACE('',#6006,0.2);
#6006 = AXIS2_PLACEMENT_3D('',#6007,#6008,#6009);
#6007 = CARTESIAN_POINT('',(-2.,-26.80038055098,-2.6));
#6008 = DIRECTION('',(3.640524450046E-16,4.249770503202E-15,-1.));
#6009 = DIRECTION('',(-1.,1.547139342399E-30,-3.640524450046E-16));
#6010 = ADVANCED_FACE('',(#6011),#6047,.F.);
#6011 = FACE_BOUND('',#6012,.F.);
#6012 = EDGE_LOOP('',(#6013,#6023,#6032,#6040));
#6013 = ORIENTED_EDGE('',*,*,#6014,.T.);
#6014 = EDGE_CURVE('',#6015,#6017,#6019,.T.);
#6015 = VERTEX_POINT('',#6016);
#6016 = CARTESIAN_POINT('',(0.3,-26.8,-2.59999999937));
#6017 = VERTEX_POINT('',#6018);
#6018 = CARTESIAN_POINT('',(0.3,-26.8,-2.99999999958));
#6019 = LINE('',#6020,#6021);
#6020 = CARTESIAN_POINT('',(0.3,-26.8,-3.10000000084));
#6021 = VECTOR('',#6022,1.);
#6022 = DIRECTION('',(3.640524450046E-16,4.222188947442E-15,-1.));
#6023 = ORIENTED_EDGE('',*,*,#6024,.T.);
#6024 = EDGE_CURVE('',#6017,#6025,#6027,.T.);
#6025 = VERTEX_POINT('',#6026);
#6026 = CARTESIAN_POINT('',(0.3,-26.80038055098,-3.));
#6027 = CIRCLE('',#6028,0.2);
#6028 = AXIS2_PLACEMENT_3D('',#6029,#6030,#6031);
#6029 = CARTESIAN_POINT('',(0.5,-26.80038055098,-3.));
#6030 = DIRECTION('',(-3.640524450046E-16,-4.249770503202E-15,1.));
#6031 = DIRECTION('',(-1.,5.308253836489E-12,-3.64052444982E-16));
#6032 = ORIENTED_EDGE('',*,*,#6033,.F.);
#6033 = EDGE_CURVE('',#6034,#6025,#6036,.T.);
#6034 = VERTEX_POINT('',#6035);
#6035 = CARTESIAN_POINT('',(0.3,-26.80038055098,-2.6));
#6036 = LINE('',#6037,#6038);
#6037 = CARTESIAN_POINT('',(0.3,-26.80038055098,-2.6));
#6038 = VECTOR('',#6039,1.);
#6039 = DIRECTION('',(3.640524450046E-16,4.249770503202E-15,-1.));
#6040 = ORIENTED_EDGE('',*,*,#6041,.F.);
#6041 = EDGE_CURVE('',#6015,#6034,#6042,.T.);
#6042 = CIRCLE('',#6043,0.2);
#6043 = AXIS2_PLACEMENT_3D('',#6044,#6045,#6046);
#6044 = CARTESIAN_POINT('',(0.5,-26.80038055098,-2.6));
#6045 = DIRECTION('',(-3.640524450046E-16,-4.249770503202E-15,1.));
#6046 = DIRECTION('',(-1.,5.308253836489E-12,-3.64052444982E-16));
#6047 = CYLINDRICAL_SURFACE('',#6048,0.2);
#6048 = AXIS2_PLACEMENT_3D('',#6049,#6050,#6051);
#6049 = CARTESIAN_POINT('',(0.5,-26.80038055098,-2.6));
#6050 = DIRECTION('',(3.640524450046E-16,4.249770503202E-15,-1.));
#6051 = DIRECTION('',(-1.,1.547139342399E-30,-3.640524450046E-16));
#6052 = ADVANCED_FACE('',(#6053),#6089,.F.);
#6053 = FACE_BOUND('',#6054,.F.);
#6054 = EDGE_LOOP('',(#6055,#6065,#6074,#6082));
#6055 = ORIENTED_EDGE('',*,*,#6056,.T.);
#6056 = EDGE_CURVE('',#6057,#6059,#6061,.T.);
#6057 = VERTEX_POINT('',#6058);
#6058 = CARTESIAN_POINT('',(1.675,-28.00038055098,-2.59999999916));
#6059 = VERTEX_POINT('',#6060);
#6060 = CARTESIAN_POINT('',(1.675,-28.00038055098,-3.));
#6061 = LINE('',#6062,#6063);
#6062 = CARTESIAN_POINT('',(1.675,-28.00038055098,-2.6));
#6063 = VECTOR('',#6064,1.);
#6064 = DIRECTION('',(3.640524450046E-16,4.249770503202E-15,-1.));
#6065 = ORIENTED_EDGE('',*,*,#6066,.F.);
#6066 = EDGE_CURVE('',#6067,#6059,#6069,.T.);
#6067 = VERTEX_POINT('',#6068);
#6068 = CARTESIAN_POINT('',(2.325,-28.00038055098,-3.));
#6069 = CIRCLE('',#6070,0.325);
#6070 = AXIS2_PLACEMENT_3D('',#6071,#6072,#6073);
#6071 = CARTESIAN_POINT('',(2.,-28.00038055098,-3.));
#6072 = DIRECTION('',(3.640524450046E-16,4.249770503202E-15,-1.));
#6073 = DIRECTION('',(-1.,1.547139342399E-30,-3.640524450046E-16));
#6074 = ORIENTED_EDGE('',*,*,#6075,.F.);
#6075 = EDGE_CURVE('',#6076,#6067,#6078,.T.);
#6076 = VERTEX_POINT('',#6077);
#6077 = CARTESIAN_POINT('',(2.325,-28.00038055098,-2.59999999916));
#6078 = LINE('',#6079,#6080);
#6079 = CARTESIAN_POINT('',(2.325,-28.00038055098,-2.6));
#6080 = VECTOR('',#6081,1.);
#6081 = DIRECTION('',(3.640524450046E-16,4.249770503202E-15,-1.));
#6082 = ORIENTED_EDGE('',*,*,#6083,.F.);
#6083 = EDGE_CURVE('',#6057,#6076,#6084,.T.);
#6084 = CIRCLE('',#6085,0.325);
#6085 = AXIS2_PLACEMENT_3D('',#6086,#6087,#6088);
#6086 = CARTESIAN_POINT('',(2.,-28.00038055098,-2.59999999916));
#6087 = DIRECTION('',(-1.781490168195E-16,-4.222188947442E-15,1.));
#6088 = DIRECTION('',(-1.,7.521788098128E-31,-1.781490168195E-16));
#6089 = CYLINDRICAL_SURFACE('',#6090,0.325);
#6090 = AXIS2_PLACEMENT_3D('',#6091,#6092,#6093);
#6091 = CARTESIAN_POINT('',(2.,-28.00038055098,-2.6));
#6092 = DIRECTION('',(3.640524450046E-16,4.249770503202E-15,-1.));
#6093 = DIRECTION('',(-1.,1.547139342399E-30,-3.640524450046E-16));
#6094 = ADVANCED_FACE('',(#6095),#6131,.T.);
#6095 = FACE_BOUND('',#6096,.T.);
#6096 = EDGE_LOOP('',(#6097,#6108,#6116,#6125));
#6097 = ORIENTED_EDGE('',*,*,#6098,.F.);
#6098 = EDGE_CURVE('',#6099,#6101,#6103,.T.);
#6099 = VERTEX_POINT('',#6100);
#6100 = CARTESIAN_POINT('',(2.5,-26.3,-5.));
#6101 = VERTEX_POINT('',#6102);
#6102 = CARTESIAN_POINT('',(2.2,-26.3,-4.7));
#6103 = CIRCLE('',#6104,0.3);
#6104 = AXIS2_PLACEMENT_3D('',#6105,#6106,#6107);
#6105 = CARTESIAN_POINT('',(2.5,-26.3,-4.7));
#6106 = DIRECTION('',(-5.551115123126E-17,1.,7.480067943225E-16));
#6107 = DIRECTION('',(-4.152271828164E-32,7.480067943225E-16,-1.));
#6108 = ORIENTED_EDGE('',*,*,#6109,.T.);
#6109 = EDGE_CURVE('',#6099,#6110,#6112,.T.);
#6110 = VERTEX_POINT('',#6111);
#6111 = CARTESIAN_POINT('',(2.5,-26.7,-5.));
#6112 = LINE('',#6113,#6114);
#6113 = CARTESIAN_POINT('',(2.5,-26.3,-5.));
#6114 = VECTOR('',#6115,1.);
#6115 = DIRECTION('',(5.551115123126E-17,-1.,-7.480067943225E-16));
#6116 = ORIENTED_EDGE('',*,*,#6117,.T.);
#6117 = EDGE_CURVE('',#6110,#6118,#6120,.T.);
#6118 = VERTEX_POINT('',#6119);
#6119 = CARTESIAN_POINT('',(2.2,-26.7,-4.7));
#6120 = CIRCLE('',#6121,0.3);
#6121 = AXIS2_PLACEMENT_3D('',#6122,#6123,#6124);
#6122 = CARTESIAN_POINT('',(2.5,-26.7,-4.7));
#6123 = DIRECTION('',(-5.551115123126E-17,1.,7.480067943225E-16));
#6124 = DIRECTION('',(-4.152271828164E-32,7.480067943225E-16,-1.));
#6125 = ORIENTED_EDGE('',*,*,#6126,.T.);
#6126 = EDGE_CURVE('',#6118,#6101,#6127,.T.);
#6127 = LINE('',#6128,#6129);
#6128 = CARTESIAN_POINT('',(2.2,-26.3,-4.7));
#6129 = VECTOR('',#6130,1.);
#6130 = DIRECTION('',(-5.551115123126E-17,1.,7.480067943225E-16));
#6131 = CYLINDRICAL_SURFACE('',#6132,0.3);
#6132 = AXIS2_PLACEMENT_3D('',#6133,#6134,#6135);
#6133 = CARTESIAN_POINT('',(2.5,-26.3,-4.7));
#6134 = DIRECTION('',(5.551115123126E-17,-1.,-7.480067943225E-16));
#6135 = DIRECTION('',(-4.152271828164E-32,7.480067943225E-16,-1.));
#6136 = ADVANCED_FACE('',(#6137),#6173,.F.);
#6137 = FACE_BOUND('',#6138,.F.);
#6138 = EDGE_LOOP('',(#6139,#6149,#6158,#6166));
#6139 = ORIENTED_EDGE('',*,*,#6140,.T.);
#6140 = EDGE_CURVE('',#6141,#6143,#6145,.T.);
#6141 = VERTEX_POINT('',#6142);
#6142 = CARTESIAN_POINT('',(-2.325,-28.00038055098,-2.59999999916));
#6143 = VERTEX_POINT('',#6144);
#6144 = CARTESIAN_POINT('',(-2.325,-28.00038055098,-3.));
#6145 = LINE('',#6146,#6147);
#6146 = CARTESIAN_POINT('',(-2.325,-28.00038055098,-2.6));
#6147 = VECTOR('',#6148,1.);
#6148 = DIRECTION('',(3.640524450046E-16,4.249770503202E-15,-1.));
#6149 = ORIENTED_EDGE('',*,*,#6150,.F.);
#6150 = EDGE_CURVE('',#6151,#6143,#6153,.T.);
#6151 = VERTEX_POINT('',#6152);
#6152 = CARTESIAN_POINT('',(-1.675,-28.00038055098,-3.));
#6153 = CIRCLE('',#6154,0.325);
#6154 = AXIS2_PLACEMENT_3D('',#6155,#6156,#6157);
#6155 = CARTESIAN_POINT('',(-2.,-28.00038055098,-3.));
#6156 = DIRECTION('',(3.640524450046E-16,4.249770503202E-15,-1.));
#6157 = DIRECTION('',(-1.,1.547139342399E-30,-3.640524450046E-16));
#6158 = ORIENTED_EDGE('',*,*,#6159,.F.);
#6159 = EDGE_CURVE('',#6160,#6151,#6162,.T.);
#6160 = VERTEX_POINT('',#6161);
#6161 = CARTESIAN_POINT('',(-1.675,-28.00038055098,-2.59999999916));
#6162 = LINE('',#6163,#6164);
#6163 = CARTESIAN_POINT('',(-1.675,-28.00038055098,-2.6));
#6164 = VECTOR('',#6165,1.);
#6165 = DIRECTION('',(3.640524450046E-16,4.249770503202E-15,-1.));
#6166 = ORIENTED_EDGE('',*,*,#6167,.F.);
#6167 = EDGE_CURVE('',#6141,#6160,#6168,.T.);
#6168 = CIRCLE('',#6169,0.325);
#6169 = AXIS2_PLACEMENT_3D('',#6170,#6171,#6172);
#6170 = CARTESIAN_POINT('',(-2.,-28.00038055098,-2.59999999916));
#6171 = DIRECTION('',(-1.781490168195E-16,-4.222188947442E-15,1.));
#6172 = DIRECTION('',(-1.,7.521788098128E-31,-1.781490168195E-16));
#6173 = CYLINDRICAL_SURFACE('',#6174,0.325);
#6174 = AXIS2_PLACEMENT_3D('',#6175,#6176,#6177);
#6175 = CARTESIAN_POINT('',(-2.,-28.00038055098,-2.6));
#6176 = DIRECTION('',(3.640524450046E-16,4.249770503202E-15,-1.));
#6177 = DIRECTION('',(-1.,1.547139342399E-30,-3.640524450046E-16));
#6178 = ADVANCED_FACE('',(#6179),#6215,.T.);
#6179 = FACE_BOUND('',#6180,.T.);
#6180 = EDGE_LOOP('',(#6181,#6192,#6200,#6209));
#6181 = ORIENTED_EDGE('',*,*,#6182,.F.);
#6182 = EDGE_CURVE('',#6183,#6185,#6187,.T.);
#6183 = VERTEX_POINT('',#6184);
#6184 = CARTESIAN_POINT('',(-2.5,-26.3,-5.));
#6185 = VERTEX_POINT('',#6186);
#6186 = CARTESIAN_POINT('',(-2.8,-26.3,-4.7));
#6187 = CIRCLE('',#6188,0.3);
#6188 = AXIS2_PLACEMENT_3D('',#6189,#6190,#6191);
#6189 = CARTESIAN_POINT('',(-2.5,-26.3,-4.7));
#6190 = DIRECTION('',(-5.551115123126E-17,1.,7.480067943225E-16));
#6191 = DIRECTION('',(-4.152271828164E-32,7.480067943225E-16,-1.));
#6192 = ORIENTED_EDGE('',*,*,#6193,.T.);
#6193 = EDGE_CURVE('',#6183,#6194,#6196,.T.);
#6194 = VERTEX_POINT('',#6195);
#6195 = CARTESIAN_POINT('',(-2.5,-26.7,-5.));
#6196 = LINE('',#6197,#6198);
#6197 = CARTESIAN_POINT('',(-2.5,-26.3,-5.));
#6198 = VECTOR('',#6199,1.);
#6199 = DIRECTION('',(5.551115123126E-17,-1.,-7.480067943225E-16));
#6200 = ORIENTED_EDGE('',*,*,#6201,.T.);
#6201 = EDGE_CURVE('',#6194,#6202,#6204,.T.);
#6202 = VERTEX_POINT('',#6203);
#6203 = CARTESIAN_POINT('',(-2.8,-26.7,-4.7));
#6204 = CIRCLE('',#6205,0.3);
#6205 = AXIS2_PLACEMENT_3D('',#6206,#6207,#6208);
#6206 = CARTESIAN_POINT('',(-2.5,-26.7,-4.7));
#6207 = DIRECTION('',(-5.551115123126E-17,1.,7.480067943225E-16));
#6208 = DIRECTION('',(-4.152271828164E-32,7.480067943225E-16,-1.));
#6209 = ORIENTED_EDGE('',*,*,#6210,.T.);
#6210 = EDGE_CURVE('',#6202,#6185,#6211,.T.);
#6211 = LINE('',#6212,#6213);
#6212 = CARTESIAN_POINT('',(-2.8,-26.3,-4.7));
#6213 = VECTOR('',#6214,1.);
#6214 = DIRECTION('',(-5.551115123126E-17,1.,7.480067943225E-16));
#6215 = CYLINDRICAL_SURFACE('',#6216,0.3);
#6216 = AXIS2_PLACEMENT_3D('',#6217,#6218,#6219);
#6217 = CARTESIAN_POINT('',(-2.5,-26.3,-4.7));
#6218 = DIRECTION('',(5.551115123126E-17,-1.,-7.480067943225E-16));
#6219 = DIRECTION('',(-4.152271828164E-32,7.480067943225E-16,-1.));
#6220 = ADVANCED_FACE('',(#6221),#6257,.T.);
#6221 = FACE_BOUND('',#6222,.T.);
#6222 = EDGE_LOOP('',(#6223,#6234,#6242,#6251));
#6223 = ORIENTED_EDGE('',*,*,#6224,.T.);
#6224 = EDGE_CURVE('',#6225,#6227,#6229,.T.);
#6225 = VERTEX_POINT('',#6226);
#6226 = CARTESIAN_POINT('',(-9.592102479245E-16,24.01,3.6));
#6227 = VERTEX_POINT('',#6228);
#6228 = CARTESIAN_POINT('',(-8.667494145888E-16,22.5,3.6));
#6229 = CIRCLE('',#6230,0.755);
#6230 = AXIS2_PLACEMENT_3D('',#6231,#6232,#6233);
#6231 = CARTESIAN_POINT('',(-9.592102479245E-16,23.255,3.6));
#6232 = DIRECTION('',(-0.,-6.111242387415E-17,-1.));
#6233 = DIRECTION('',(0.,-1.,6.111242387415E-17));
#6234 = ORIENTED_EDGE('',*,*,#6235,.T.);
#6235 = EDGE_CURVE('',#6227,#6236,#6238,.T.);
#6236 = VERTEX_POINT('',#6237);
#6237 = CARTESIAN_POINT('',(-8.667494145888E-16,22.5,0.4));
#6238 = LINE('',#6239,#6240);
#6239 = CARTESIAN_POINT('',(-8.667494145888E-16,22.5,4.4));
#6240 = VECTOR('',#6241,1.);
#6241 = DIRECTION('',(0.,-6.111242387415E-17,-1.));
#6242 = ORIENTED_EDGE('',*,*,#6243,.T.);
#6243 = EDGE_CURVE('',#6236,#6244,#6246,.T.);
#6244 = VERTEX_POINT('',#6245);
#6245 = CARTESIAN_POINT('',(-9.592102479245E-16,24.01,0.4));
#6246 = CIRCLE('',#6247,0.755);
#6247 = AXIS2_PLACEMENT_3D('',#6248,#6249,#6250);
#6248 = CARTESIAN_POINT('',(-9.592102479245E-16,23.255,0.4));
#6249 = DIRECTION('',(0.,6.111242387415E-17,1.));
#6250 = DIRECTION('',(0.,-1.,6.111242387415E-17));
#6251 = ORIENTED_EDGE('',*,*,#6252,.F.);
#6252 = EDGE_CURVE('',#6225,#6244,#6253,.T.);
#6253 = LINE('',#6254,#6255);
#6254 = CARTESIAN_POINT('',(-9.592102479245E-16,24.01,4.4));
#6255 = VECTOR('',#6256,1.);
#6256 = DIRECTION('',(0.,-6.111242387415E-17,-1.));
#6257 = CYLINDRICAL_SURFACE('',#6258,0.755);
#6258 = AXIS2_PLACEMENT_3D('',#6259,#6260,#6261);
#6259 = CARTESIAN_POINT('',(-9.592102479245E-16,23.255,4.4));
#6260 = DIRECTION('',(0.,-6.111242387415E-17,-1.));
#6261 = DIRECTION('',(0.,1.,-6.111242387415E-17));
#6262 = ADVANCED_FACE('',(#6263),#6299,.F.);
#6263 = FACE_BOUND('',#6264,.F.);
#6264 = EDGE_LOOP('',(#6265,#6275,#6284,#6292));
#6265 = ORIENTED_EDGE('',*,*,#6266,.T.);
#6266 = EDGE_CURVE('',#6267,#6269,#6271,.T.);
#6267 = VERTEX_POINT('',#6268);
#6268 = CARTESIAN_POINT('',(-0.325,-28.00038055098,-2.59999999916));
#6269 = VERTEX_POINT('',#6270);
#6270 = CARTESIAN_POINT('',(-0.325,-28.00038055098,-3.));
#6271 = LINE('',#6272,#6273);
#6272 = CARTESIAN_POINT('',(-0.325,-28.00038055098,-2.6));
#6273 = VECTOR('',#6274,1.);
#6274 = DIRECTION('',(3.640524450046E-16,4.249770503202E-15,-1.));
#6275 = ORIENTED_EDGE('',*,*,#6276,.F.);
#6276 = EDGE_CURVE('',#6277,#6269,#6279,.T.);
#6277 = VERTEX_POINT('',#6278);
#6278 = CARTESIAN_POINT('',(0.325,-28.00038055098,-3.));
#6279 = CIRCLE('',#6280,0.325);
#6280 = AXIS2_PLACEMENT_3D('',#6281,#6282,#6283);
#6281 = CARTESIAN_POINT('',(1.734723475977E-15,-28.00038055098,-3.));
#6282 = DIRECTION('',(3.640524450046E-16,4.249770503202E-15,-1.));
#6283 = DIRECTION('',(-1.,1.547139342399E-30,-3.640524450046E-16));
#6284 = ORIENTED_EDGE('',*,*,#6285,.F.);
#6285 = EDGE_CURVE('',#6286,#6277,#6288,.T.);
#6286 = VERTEX_POINT('',#6287);
#6287 = CARTESIAN_POINT('',(0.325,-28.00038055098,-2.59999999916));
#6288 = LINE('',#6289,#6290);
#6289 = CARTESIAN_POINT('',(0.325,-28.00038055098,-2.6));
#6290 = VECTOR('',#6291,1.);
#6291 = DIRECTION('',(3.640524450046E-16,4.249770503202E-15,-1.));
#6292 = ORIENTED_EDGE('',*,*,#6293,.F.);
#6293 = EDGE_CURVE('',#6267,#6286,#6294,.T.);
#6294 = CIRCLE('',#6295,0.325);
#6295 = AXIS2_PLACEMENT_3D('',#6296,#6297,#6298);
#6296 = CARTESIAN_POINT('',(1.734723475977E-15,-28.00038055098,
    -2.59999999916));
#6297 = DIRECTION('',(-1.781490168195E-16,-4.222188947442E-15,1.));
#6298 = DIRECTION('',(-1.,7.521788098128E-31,-1.781490168195E-16));
#6299 = CYLINDRICAL_SURFACE('',#6300,0.325);
#6300 = AXIS2_PLACEMENT_3D('',#6301,#6302,#6303);
#6301 = CARTESIAN_POINT('',(1.734723475977E-15,-28.00038055098,-2.6));
#6302 = DIRECTION('',(3.640524450046E-16,4.249770503202E-15,-1.));
#6303 = DIRECTION('',(-1.,1.547139342399E-30,-3.640524450046E-16));
#6304 = ADVANCED_FACE('',(#6305),#6341,.T.);
#6305 = FACE_BOUND('',#6306,.T.);
#6306 = EDGE_LOOP('',(#6307,#6318,#6326,#6335));
#6307 = ORIENTED_EDGE('',*,*,#6308,.F.);
#6308 = EDGE_CURVE('',#6309,#6311,#6313,.T.);
#6309 = VERTEX_POINT('',#6310);
#6310 = CARTESIAN_POINT('',(3.489866946443E-15,-26.3,-5.));
#6311 = VERTEX_POINT('',#6312);
#6312 = CARTESIAN_POINT('',(-0.3,-26.3,-4.7));
#6313 = CIRCLE('',#6314,0.3);
#6314 = AXIS2_PLACEMENT_3D('',#6315,#6316,#6317);
#6315 = CARTESIAN_POINT('',(3.469446951954E-15,-26.3,-4.7));
#6316 = DIRECTION('',(-5.551115123126E-17,1.,7.480067943225E-16));
#6317 = DIRECTION('',(3.105921414421E-17,7.480067943225E-16,-1.));
#6318 = ORIENTED_EDGE('',*,*,#6319,.T.);
#6319 = EDGE_CURVE('',#6309,#6320,#6322,.T.);
#6320 = VERTEX_POINT('',#6321);
#6321 = CARTESIAN_POINT('',(3.489866946443E-15,-26.7,-5.));
#6322 = LINE('',#6323,#6324);
#6323 = CARTESIAN_POINT('',(3.478764716197E-15,-26.3,-5.));
#6324 = VECTOR('',#6325,1.);
#6325 = DIRECTION('',(5.551115123126E-17,-1.,-7.480067943225E-16));
#6326 = ORIENTED_EDGE('',*,*,#6327,.T.);
#6327 = EDGE_CURVE('',#6320,#6328,#6330,.T.);
#6328 = VERTEX_POINT('',#6329);
#6329 = CARTESIAN_POINT('',(-0.3,-26.7,-4.7));
#6330 = CIRCLE('',#6331,0.3);
#6331 = AXIS2_PLACEMENT_3D('',#6332,#6333,#6334);
#6332 = CARTESIAN_POINT('',(3.469446951954E-15,-26.7,-4.7));
#6333 = DIRECTION('',(-5.551115123126E-17,1.,7.480067943225E-16));
#6334 = DIRECTION('',(3.105921414421E-17,7.480067943225E-16,-1.));
#6335 = ORIENTED_EDGE('',*,*,#6336,.T.);
#6336 = EDGE_CURVE('',#6328,#6311,#6337,.T.);
#6337 = LINE('',#6338,#6339);
#6338 = CARTESIAN_POINT('',(-0.3,-26.3,-4.7));
#6339 = VECTOR('',#6340,1.);
#6340 = DIRECTION('',(-5.551115123126E-17,1.,7.480067943225E-16));
#6341 = CYLINDRICAL_SURFACE('',#6342,0.3);
#6342 = AXIS2_PLACEMENT_3D('',#6343,#6344,#6345);
#6343 = CARTESIAN_POINT('',(3.469446951954E-15,-26.3,-4.7));
#6344 = DIRECTION('',(5.551115123126E-17,-1.,-7.480067943225E-16));
#6345 = DIRECTION('',(3.105921414421E-17,7.480067943225E-16,-1.));
#6346 = ADVANCED_FACE('',(#6347),#6373,.T.);
#6347 = FACE_BOUND('',#6348,.T.);
#6348 = EDGE_LOOP('',(#6349,#6360,#6366,#6367));
#6349 = ORIENTED_EDGE('',*,*,#6350,.F.);
#6350 = EDGE_CURVE('',#6351,#6353,#6355,.T.);
#6351 = VERTEX_POINT('',#6352);
#6352 = CARTESIAN_POINT('',(-8.82363661278E-16,22.755,4.4));
#6353 = VERTEX_POINT('',#6354);
#6354 = CARTESIAN_POINT('',(-9.592102479245E-16,23.755,4.4));
#6355 = CIRCLE('',#6356,0.5);
#6356 = AXIS2_PLACEMENT_3D('',#6357,#6358,#6359);
#6357 = CARTESIAN_POINT('',(-9.592102479245E-16,23.255,4.4));
#6358 = DIRECTION('',(0.,6.111242387415E-17,1.));
#6359 = DIRECTION('',(0.,-1.,6.111242387415E-17));
#6360 = ORIENTED_EDGE('',*,*,#6361,.T.);
#6361 = EDGE_CURVE('',#6351,#6227,#6362,.T.);
#6362 = LINE('',#6363,#6364);
#6363 = CARTESIAN_POINT('',(-8.979779079671E-16,22.755,4.4));
#6364 = VECTOR('',#6365,1.);
#6365 = DIRECTION('',(3.719193494659E-17,-0.303695195811,-0.952769241759
    ));
#6366 = ORIENTED_EDGE('',*,*,#6224,.F.);
#6367 = ORIENTED_EDGE('',*,*,#6368,.F.);
#6368 = EDGE_CURVE('',#6353,#6225,#6369,.T.);
#6369 = LINE('',#6370,#6371);
#6370 = CARTESIAN_POINT('',(-9.592102479245E-16,23.755,4.4));
#6371 = VECTOR('',#6372,1.);
#6372 = DIRECTION('',(1.815836143617E-32,0.303695195811,-0.952769241759)
  );
#6373 = CONICAL_SURFACE('',#6374,0.5,0.308568643759);
#6374 = AXIS2_PLACEMENT_3D('',#6375,#6376,#6377);
#6375 = CARTESIAN_POINT('',(-9.592102479245E-16,23.255,4.4));
#6376 = DIRECTION('',(0.,-6.111242387415E-17,-1.));
#6377 = DIRECTION('',(0.,1.,-6.111242387415E-17));
#6378 = ADVANCED_FACE('',(#6379),#6389,.T.);
#6379 = FACE_BOUND('',#6380,.T.);
#6380 = EDGE_LOOP('',(#6381,#6388));
#6381 = ORIENTED_EDGE('',*,*,#6382,.T.);
#6382 = EDGE_CURVE('',#6353,#6351,#6383,.T.);
#6383 = CIRCLE('',#6384,0.5);
#6384 = AXIS2_PLACEMENT_3D('',#6385,#6386,#6387);
#6385 = CARTESIAN_POINT('',(-9.592102479245E-16,23.255,4.4));
#6386 = DIRECTION('',(0.,6.111242387415E-17,1.));
#6387 = DIRECTION('',(0.,-1.,6.111242387415E-17));
#6388 = ORIENTED_EDGE('',*,*,#6350,.T.);
#6389 = PLANE('',#6390);
#6390 = AXIS2_PLACEMENT_3D('',#6391,#6392,#6393);
#6391 = CARTESIAN_POINT('',(-9.592102479245E-16,23.255,4.4));
#6392 = DIRECTION('',(1.154661037884E-62,6.111242387415E-17,1.));
#6393 = DIRECTION('',(-5.979140166409E-32,-1.,6.111242387415E-17));
#6394 = ADVANCED_FACE('',(#6395),#6429,.F.);
#6395 = FACE_BOUND('',#6396,.T.);
#6396 = EDGE_LOOP('',(#6397,#6406,#6414,#6422,#6428));
#6397 = ORIENTED_EDGE('',*,*,#6398,.F.);
#6398 = EDGE_CURVE('',#6399,#6320,#6401,.T.);
#6399 = VERTEX_POINT('',#6400);
#6400 = CARTESIAN_POINT('',(0.3,-26.7,-4.7));
#6401 = CIRCLE('',#6402,0.3);
#6402 = AXIS2_PLACEMENT_3D('',#6403,#6404,#6405);
#6403 = CARTESIAN_POINT('',(3.469446951954E-15,-26.7,-4.7));
#6404 = DIRECTION('',(-5.551115123126E-17,1.,7.480067943225E-16));
#6405 = DIRECTION('',(3.105921414421E-17,7.480067943225E-16,-1.));
#6406 = ORIENTED_EDGE('',*,*,#6407,.F.);
#6407 = EDGE_CURVE('',#6408,#6399,#6410,.T.);
#6408 = VERTEX_POINT('',#6409);
#6409 = CARTESIAN_POINT('',(0.3,-26.69999999958,-3.1));
#6410 = LINE('',#6411,#6412);
#6411 = CARTESIAN_POINT('',(0.3,-26.7,-8.428380550981));
#6412 = VECTOR('',#6413,1.);
#6413 = DIRECTION('',(2.612401700275E-16,4.222188947442E-15,-1.));
#6414 = ORIENTED_EDGE('',*,*,#6415,.F.);
#6415 = EDGE_CURVE('',#6416,#6408,#6418,.T.);
#6416 = VERTEX_POINT('',#6417);
#6417 = CARTESIAN_POINT('',(-0.3,-26.69999999958,-3.1));
#6418 = LINE('',#6419,#6420);
#6419 = CARTESIAN_POINT('',(-7.,-26.7,-3.1));
#6420 = VECTOR('',#6421,1.);
#6421 = DIRECTION('',(1.,2.159451345341E-16,7.278870426046E-17));
#6422 = ORIENTED_EDGE('',*,*,#6423,.F.);
#6423 = EDGE_CURVE('',#6328,#6416,#6424,.T.);
#6424 = LINE('',#6425,#6426);
#6425 = CARTESIAN_POINT('',(-0.3,-26.7,2.171619449019));
#6426 = VECTOR('',#6427,1.);
#6427 = DIRECTION('',(-3.105921414421E-17,-7.305315664772E-16,1.));
#6428 = ORIENTED_EDGE('',*,*,#6327,.F.);
#6429 = PLANE('',#6430);
#6430 = AXIS2_PLACEMENT_3D('',#6431,#6432,#6433);
#6431 = CARTESIAN_POINT('',(-7.,-26.7,2.171619449019));
#6432 = DIRECTION('',(-4.941168084028E-17,1.,7.305315664772E-16));
#6433 = DIRECTION('',(-3.105921414421E-17,-7.305315664772E-16,1.));
#6434 = ADVANCED_FACE('',(#6435),#6445,.F.);
#6435 = FACE_BOUND('',#6436,.T.);
#6436 = EDGE_LOOP('',(#6437,#6438));
#6437 = ORIENTED_EDGE('',*,*,#6293,.F.);
#6438 = ORIENTED_EDGE('',*,*,#6439,.F.);
#6439 = EDGE_CURVE('',#6286,#6267,#6440,.T.);
#6440 = CIRCLE('',#6441,0.325);
#6441 = AXIS2_PLACEMENT_3D('',#6442,#6443,#6444);
#6442 = CARTESIAN_POINT('',(1.734723475977E-15,-28.00038055098,
    -2.59999999916));
#6443 = DIRECTION('',(-1.781490168195E-16,-4.222188947442E-15,1.));
#6444 = DIRECTION('',(-1.,7.521788098128E-31,-1.781490168195E-16));
#6445 = PLANE('',#6446);
#6446 = AXIS2_PLACEMENT_3D('',#6447,#6448,#6449);
#6447 = CARTESIAN_POINT('',(-3.45,27.,-2.6));
#6448 = DIRECTION('',(0.,9.71445146547E-17,1.));
#6449 = DIRECTION('',(-6.938893903907E-18,-1.,9.71445146547E-17));
#6450 = ADVANCED_FACE('',(#6451),#6463,.T.);
#6451 = FACE_BOUND('',#6452,.T.);
#6452 = EDGE_LOOP('',(#6453,#6454,#6455,#6456));
#6453 = ORIENTED_EDGE('',*,*,#6361,.F.);
#6454 = ORIENTED_EDGE('',*,*,#6382,.F.);
#6455 = ORIENTED_EDGE('',*,*,#6368,.T.);
#6456 = ORIENTED_EDGE('',*,*,#6457,.F.);
#6457 = EDGE_CURVE('',#6227,#6225,#6458,.T.);
#6458 = CIRCLE('',#6459,0.755);
#6459 = AXIS2_PLACEMENT_3D('',#6460,#6461,#6462);
#6460 = CARTESIAN_POINT('',(-9.592102479245E-16,23.255,3.6));
#6461 = DIRECTION('',(-0.,-6.111242387415E-17,-1.));
#6462 = DIRECTION('',(0.,-1.,6.111242387415E-17));
#6463 = CONICAL_SURFACE('',#6464,0.5,0.308568643759);
#6464 = AXIS2_PLACEMENT_3D('',#6465,#6466,#6467);
#6465 = CARTESIAN_POINT('',(-9.592102479245E-16,23.255,4.4));
#6466 = DIRECTION('',(0.,-6.111242387415E-17,-1.));
#6467 = DIRECTION('',(0.,1.,-6.111242387415E-17));
#6468 = ADVANCED_FACE('',(#6469),#6479,.F.);
#6469 = FACE_BOUND('',#6470,.T.);
#6470 = EDGE_LOOP('',(#6471,#6472));
#6471 = ORIENTED_EDGE('',*,*,#6167,.F.);
#6472 = ORIENTED_EDGE('',*,*,#6473,.F.);
#6473 = EDGE_CURVE('',#6160,#6141,#6474,.T.);
#6474 = CIRCLE('',#6475,0.325);
#6475 = AXIS2_PLACEMENT_3D('',#6476,#6477,#6478);
#6476 = CARTESIAN_POINT('',(-2.,-28.00038055098,-2.59999999916));
#6477 = DIRECTION('',(-1.781490168195E-16,-4.222188947442E-15,1.));
#6478 = DIRECTION('',(-1.,7.521788098128E-31,-1.781490168195E-16));
#6479 = PLANE('',#6480);
#6480 = AXIS2_PLACEMENT_3D('',#6481,#6482,#6483);
#6481 = CARTESIAN_POINT('',(-3.45,27.,-2.6));
#6482 = DIRECTION('',(0.,9.71445146547E-17,1.));
#6483 = DIRECTION('',(-6.938893903907E-18,-1.,9.71445146547E-17));
#6484 = ADVANCED_FACE('',(#6485),#6519,.F.);
#6485 = FACE_BOUND('',#6486,.T.);
#6486 = EDGE_LOOP('',(#6487,#6496,#6504,#6512,#6518));
#6487 = ORIENTED_EDGE('',*,*,#6488,.F.);
#6488 = EDGE_CURVE('',#6489,#6194,#6491,.T.);
#6489 = VERTEX_POINT('',#6490);
#6490 = CARTESIAN_POINT('',(-2.2,-26.7,-4.7));
#6491 = CIRCLE('',#6492,0.3);
#6492 = AXIS2_PLACEMENT_3D('',#6493,#6494,#6495);
#6493 = CARTESIAN_POINT('',(-2.5,-26.7,-4.7));
#6494 = DIRECTION('',(-5.551115123126E-17,1.,7.480067943225E-16));
#6495 = DIRECTION('',(-4.152271828164E-32,7.480067943225E-16,-1.));
#6496 = ORIENTED_EDGE('',*,*,#6497,.F.);
#6497 = EDGE_CURVE('',#6498,#6489,#6500,.T.);
#6498 = VERTEX_POINT('',#6499);
#6499 = CARTESIAN_POINT('',(-2.2,-26.69999999958,-3.1));
#6500 = LINE('',#6501,#6502);
#6501 = CARTESIAN_POINT('',(-2.2,-26.7,-2.628380550981));
#6502 = VECTOR('',#6503,1.);
#6503 = DIRECTION('',(2.145073177652E-16,4.222188947442E-15,-1.));
#6504 = ORIENTED_EDGE('',*,*,#6505,.F.);
#6505 = EDGE_CURVE('',#6506,#6498,#6508,.T.);
#6506 = VERTEX_POINT('',#6507);
#6507 = CARTESIAN_POINT('',(-2.8,-26.69999999958,-3.1));
#6508 = LINE('',#6509,#6510);
#6509 = CARTESIAN_POINT('',(-7.,-26.7,-3.1));
#6510 = VECTOR('',#6511,1.);
#6511 = DIRECTION('',(1.,2.159451345341E-16,7.278870426046E-17));
#6512 = ORIENTED_EDGE('',*,*,#6513,.F.);
#6513 = EDGE_CURVE('',#6202,#6506,#6514,.T.);
#6514 = LINE('',#6515,#6516);
#6515 = CARTESIAN_POINT('',(-2.8,-26.7,2.171619449019));
#6516 = VECTOR('',#6517,1.);
#6517 = DIRECTION('',(-3.105921414421E-17,-7.305315664772E-16,1.));
#6518 = ORIENTED_EDGE('',*,*,#6201,.F.);
#6519 = PLANE('',#6520);
#6520 = AXIS2_PLACEMENT_3D('',#6521,#6522,#6523);
#6521 = CARTESIAN_POINT('',(-7.,-26.7,2.171619449019));
#6522 = DIRECTION('',(-4.941168084028E-17,1.,7.305315664772E-16));
#6523 = DIRECTION('',(-3.105921414421E-17,-7.305315664772E-16,1.));
#6524 = ADVANCED_FACE('',(#6525),#6544,.T.);
#6525 = FACE_BOUND('',#6526,.T.);
#6526 = EDGE_LOOP('',(#6527,#6528,#6537,#6543));
#6527 = ORIENTED_EDGE('',*,*,#6319,.F.);
#6528 = ORIENTED_EDGE('',*,*,#6529,.F.);
#6529 = EDGE_CURVE('',#6530,#6309,#6532,.T.);
#6530 = VERTEX_POINT('',#6531);
#6531 = CARTESIAN_POINT('',(0.3,-26.3,-4.7));
#6532 = CIRCLE('',#6533,0.3);
#6533 = AXIS2_PLACEMENT_3D('',#6534,#6535,#6536);
#6534 = CARTESIAN_POINT('',(3.469446951954E-15,-26.3,-4.7));
#6535 = DIRECTION('',(-5.551115123126E-17,1.,7.480067943225E-16));
#6536 = DIRECTION('',(3.105921414421E-17,7.480067943225E-16,-1.));
#6537 = ORIENTED_EDGE('',*,*,#6538,.F.);
#6538 = EDGE_CURVE('',#6399,#6530,#6539,.T.);
#6539 = LINE('',#6540,#6541);
#6540 = CARTESIAN_POINT('',(0.3,-26.3,-4.7));
#6541 = VECTOR('',#6542,1.);
#6542 = DIRECTION('',(-4.941168084028E-17,1.,4.239664175287E-15));
#6543 = ORIENTED_EDGE('',*,*,#6398,.T.);
#6544 = CYLINDRICAL_SURFACE('',#6545,0.3);
#6545 = AXIS2_PLACEMENT_3D('',#6546,#6547,#6548);
#6546 = CARTESIAN_POINT('',(3.469446951954E-15,-26.3,-4.7));
#6547 = DIRECTION('',(5.551115123126E-17,-1.,-7.480067943225E-16));
#6548 = DIRECTION('',(3.105921414421E-17,7.480067943225E-16,-1.));
#6549 = ADVANCED_FACE('',(#6550),#6586,.T.);
#6550 = FACE_BOUND('',#6551,.T.);
#6551 = EDGE_LOOP('',(#6552,#6553,#6562,#6570,#6579,#6585));
#6552 = ORIENTED_EDGE('',*,*,#6423,.T.);
#6553 = ORIENTED_EDGE('',*,*,#6554,.T.);
#6554 = EDGE_CURVE('',#6416,#6555,#6557,.T.);
#6555 = VERTEX_POINT('',#6556);
#6556 = CARTESIAN_POINT('',(-0.3,-26.8,-2.99999999958));
#6557 = CIRCLE('',#6558,0.10000000084);
#6558 = AXIS2_PLACEMENT_3D('',#6559,#6560,#6561);
#6559 = CARTESIAN_POINT('',(-0.3,-26.8,-3.1));
#6560 = DIRECTION('',(1.,2.159451345341E-16,6.485953785944E-17));
#6561 = DIRECTION('',(-6.485953785944E-17,-1.400610162887E-32,1.));
#6562 = ORIENTED_EDGE('',*,*,#6563,.T.);
#6563 = EDGE_CURVE('',#6555,#6564,#6566,.T.);
#6564 = VERTEX_POINT('',#6565);
#6565 = CARTESIAN_POINT('',(-0.3,-26.8,-2.59999999937));
#6566 = LINE('',#6567,#6568);
#6567 = CARTESIAN_POINT('',(-0.3,-26.8,-3.10000000084));
#6568 = VECTOR('',#6569,1.);
#6569 = DIRECTION('',(-3.640524450046E-16,-4.222188947442E-15,1.));
#6570 = ORIENTED_EDGE('',*,*,#6571,.F.);
#6571 = EDGE_CURVE('',#6572,#6564,#6574,.T.);
#6572 = VERTEX_POINT('',#6573);
#6573 = CARTESIAN_POINT('',(-0.3,-26.29999999958,-3.1));
#6574 = CIRCLE('',#6575,0.50000000084);
#6575 = AXIS2_PLACEMENT_3D('',#6576,#6577,#6578);
#6576 = CARTESIAN_POINT('',(-0.3,-26.8,-3.1));
#6577 = DIRECTION('',(1.,2.159451345341E-16,6.485953785944E-17));
#6578 = DIRECTION('',(-6.485953785944E-17,-6.938893892246E-15,1.));
#6579 = ORIENTED_EDGE('',*,*,#6580,.F.);
#6580 = EDGE_CURVE('',#6311,#6572,#6581,.T.);
#6581 = LINE('',#6582,#6583);
#6582 = CARTESIAN_POINT('',(-0.3,-26.3,2.171619449019));
#6583 = VECTOR('',#6584,1.);
#6584 = DIRECTION('',(-3.105921414421E-17,-7.305315664772E-16,1.));
#6585 = ORIENTED_EDGE('',*,*,#6336,.F.);
#6586 = PLANE('',#6587);
#6587 = AXIS2_PLACEMENT_3D('',#6588,#6589,#6590);
#6588 = CARTESIAN_POINT('',(-0.3,-26.3,-8.428380550981));
#6589 = DIRECTION('',(-1.,-2.159451345341E-16,-2.238538882177E-16));
#6590 = DIRECTION('',(-2.238538882177E-16,-4.222188947442E-15,1.));
#6591 = ADVANCED_FACE('',(#6592),#6619,.T.);
#6592 = FACE_BOUND('',#6593,.T.);
#6593 = EDGE_LOOP('',(#6594,#6602,#6609,#6610,#6617,#6618));
#6594 = ORIENTED_EDGE('',*,*,#6595,.T.);
#6595 = EDGE_CURVE('',#6530,#6596,#6598,.T.);
#6596 = VERTEX_POINT('',#6597);
#6597 = CARTESIAN_POINT('',(0.3,-26.29999999958,-3.1));
#6598 = LINE('',#6599,#6600);
#6599 = CARTESIAN_POINT('',(0.3,-26.3,-8.428380550981));
#6600 = VECTOR('',#6601,1.);
#6601 = DIRECTION('',(-2.612401700275E-16,-4.222188947442E-15,1.));
#6602 = ORIENTED_EDGE('',*,*,#6603,.F.);
#6603 = EDGE_CURVE('',#6015,#6596,#6604,.T.);
#6604 = CIRCLE('',#6605,0.50000000084);
#6605 = AXIS2_PLACEMENT_3D('',#6606,#6607,#6608);
#6606 = CARTESIAN_POINT('',(0.3,-26.8,-3.1));
#6607 = DIRECTION('',(-1.,-2.159451345341E-16,-6.485953785944E-17));
#6608 = DIRECTION('',(-6.485953785944E-17,-6.938893892246E-15,1.));
#6609 = ORIENTED_EDGE('',*,*,#6014,.T.);
#6610 = ORIENTED_EDGE('',*,*,#6611,.T.);
#6611 = EDGE_CURVE('',#6017,#6408,#6612,.T.);
#6612 = CIRCLE('',#6613,0.10000000084);
#6613 = AXIS2_PLACEMENT_3D('',#6614,#6615,#6616);
#6614 = CARTESIAN_POINT('',(0.3,-26.8,-3.1));
#6615 = DIRECTION('',(-1.,-2.159451345341E-16,-6.485953785944E-17));
#6616 = DIRECTION('',(-6.485953785944E-17,-1.400610162887E-32,1.));
#6617 = ORIENTED_EDGE('',*,*,#6407,.T.);
#6618 = ORIENTED_EDGE('',*,*,#6538,.T.);
#6619 = PLANE('',#6620);
#6620 = AXIS2_PLACEMENT_3D('',#6621,#6622,#6623);
#6621 = CARTESIAN_POINT('',(0.3,-26.3,-8.428380550981));
#6622 = DIRECTION('',(1.,2.159451345341E-16,2.612401700275E-16));
#6623 = DIRECTION('',(2.612401700275E-16,4.222188947442E-15,-1.));
#6624 = ADVANCED_FACE('',(#6625),#6636,.F.);
#6625 = FACE_BOUND('',#6626,.F.);
#6626 = EDGE_LOOP('',(#6627,#6628,#6629,#6635));
#6627 = ORIENTED_EDGE('',*,*,#6415,.F.);
#6628 = ORIENTED_EDGE('',*,*,#6554,.T.);
#6629 = ORIENTED_EDGE('',*,*,#6630,.F.);
#6630 = EDGE_CURVE('',#6017,#6555,#6631,.T.);
#6631 = LINE('',#6632,#6633);
#6632 = CARTESIAN_POINT('',(-7.,-26.8,-3.));
#6633 = VECTOR('',#6634,1.);
#6634 = DIRECTION('',(-1.,-2.22044604925E-16,-6.485953785944E-17));
#6635 = ORIENTED_EDGE('',*,*,#6611,.T.);
#6636 = CYLINDRICAL_SURFACE('',#6637,0.10000000084);
#6637 = AXIS2_PLACEMENT_3D('',#6638,#6639,#6640);
#6638 = CARTESIAN_POINT('',(0.861432585305,-26.8,-3.1));
#6639 = DIRECTION('',(-1.,-2.159451345341E-16,-6.485953785944E-17));
#6640 = DIRECTION('',(-6.485953785944E-17,-1.400610162887E-32,1.));
#6641 = ADVANCED_FACE('',(#6642),#6654,.F.);
#6642 = FACE_BOUND('',#6643,.F.);
#6643 = EDGE_LOOP('',(#6644,#6651,#6652,#6653));
#6644 = ORIENTED_EDGE('',*,*,#6645,.F.);
#6645 = EDGE_CURVE('',#6269,#6277,#6646,.T.);
#6646 = CIRCLE('',#6647,0.325);
#6647 = AXIS2_PLACEMENT_3D('',#6648,#6649,#6650);
#6648 = CARTESIAN_POINT('',(1.734723475977E-15,-28.00038055098,-3.));
#6649 = DIRECTION('',(3.640524450046E-16,4.249770503202E-15,-1.));
#6650 = DIRECTION('',(-1.,1.547139342399E-30,-3.640524450046E-16));
#6651 = ORIENTED_EDGE('',*,*,#6266,.F.);
#6652 = ORIENTED_EDGE('',*,*,#6439,.F.);
#6653 = ORIENTED_EDGE('',*,*,#6285,.T.);
#6654 = CYLINDRICAL_SURFACE('',#6655,0.325);
#6655 = AXIS2_PLACEMENT_3D('',#6656,#6657,#6658);
#6656 = CARTESIAN_POINT('',(1.734723475977E-15,-28.00038055098,-2.6));
#6657 = DIRECTION('',(3.640524450046E-16,4.249770503202E-15,-1.));
#6658 = DIRECTION('',(-1.,1.547139342399E-30,-3.640524450046E-16));
#6659 = ADVANCED_FACE('',(#6660),#6694,.F.);
#6660 = FACE_BOUND('',#6661,.T.);
#6661 = EDGE_LOOP('',(#6662,#6671,#6679,#6687,#6693));
#6662 = ORIENTED_EDGE('',*,*,#6663,.F.);
#6663 = EDGE_CURVE('',#6664,#6110,#6666,.T.);
#6664 = VERTEX_POINT('',#6665);
#6665 = CARTESIAN_POINT('',(2.8,-26.7,-4.7));
#6666 = CIRCLE('',#6667,0.3);
#6667 = AXIS2_PLACEMENT_3D('',#6668,#6669,#6670);
#6668 = CARTESIAN_POINT('',(2.5,-26.7,-4.7));
#6669 = DIRECTION('',(-5.551115123126E-17,1.,7.480067943225E-16));
#6670 = DIRECTION('',(-4.152271828164E-32,7.480067943225E-16,-1.));
#6671 = ORIENTED_EDGE('',*,*,#6672,.F.);
#6672 = EDGE_CURVE('',#6673,#6664,#6675,.T.);
#6673 = VERTEX_POINT('',#6674);
#6674 = CARTESIAN_POINT('',(2.8,-26.69999999958,-3.1));
#6675 = LINE('',#6676,#6677);
#6676 = CARTESIAN_POINT('',(2.8,-26.7,-8.428380550981));
#6677 = VECTOR('',#6678,1.);
#6678 = DIRECTION('',(1.472120105075E-16,4.222188947442E-15,-1.));
#6679 = ORIENTED_EDGE('',*,*,#6680,.T.);
#6680 = EDGE_CURVE('',#6673,#6681,#6683,.T.);
#6681 = VERTEX_POINT('',#6682);
#6682 = CARTESIAN_POINT('',(2.2,-26.69999999958,-3.1));
#6683 = LINE('',#6684,#6685);
#6684 = CARTESIAN_POINT('',(3.361432585305,-26.69999999916,-3.1));
#6685 = VECTOR('',#6686,1.);
#6686 = DIRECTION('',(-1.,-2.159451345341E-16,-6.485953785944E-17));
#6687 = ORIENTED_EDGE('',*,*,#6688,.F.);
#6688 = EDGE_CURVE('',#6118,#6681,#6689,.T.);
#6689 = LINE('',#6690,#6691);
#6690 = CARTESIAN_POINT('',(2.2,-26.7,2.171619449019));
#6691 = VECTOR('',#6692,1.);
#6692 = DIRECTION('',(-3.105921414421E-17,-7.305315664772E-16,1.));
#6693 = ORIENTED_EDGE('',*,*,#6117,.F.);
#6694 = PLANE('',#6695);
#6695 = AXIS2_PLACEMENT_3D('',#6696,#6697,#6698);
#6696 = CARTESIAN_POINT('',(-7.,-26.7,2.171619449019));
#6697 = DIRECTION('',(-4.941168084028E-17,1.,7.305315664772E-16));
#6698 = DIRECTION('',(-3.105921414421E-17,-7.305315664772E-16,1.));
#6699 = ADVANCED_FACE('',(#6700),#6710,.F.);
#6700 = FACE_BOUND('',#6701,.T.);
#6701 = EDGE_LOOP('',(#6702,#6703));
#6702 = ORIENTED_EDGE('',*,*,#6083,.F.);
#6703 = ORIENTED_EDGE('',*,*,#6704,.F.);
#6704 = EDGE_CURVE('',#6076,#6057,#6705,.T.);
#6705 = CIRCLE('',#6706,0.325);
#6706 = AXIS2_PLACEMENT_3D('',#6707,#6708,#6709);
#6707 = CARTESIAN_POINT('',(2.,-28.00038055098,-2.59999999916));
#6708 = DIRECTION('',(-1.781490168195E-16,-4.222188947442E-15,1.));
#6709 = DIRECTION('',(-1.,7.521788098128E-31,-1.781490168195E-16));
#6710 = PLANE('',#6711);
#6711 = AXIS2_PLACEMENT_3D('',#6712,#6713,#6714);
#6712 = CARTESIAN_POINT('',(-3.45,27.,-2.6));
#6713 = DIRECTION('',(0.,9.71445146547E-17,1.));
#6714 = DIRECTION('',(-6.938893903907E-18,-1.,9.71445146547E-17));
#6715 = ADVANCED_FACE('',(#6716),#6728,.T.);
#6716 = FACE_BOUND('',#6717,.T.);
#6717 = EDGE_LOOP('',(#6718,#6719,#6720,#6721));
#6718 = ORIENTED_EDGE('',*,*,#6235,.F.);
#6719 = ORIENTED_EDGE('',*,*,#6457,.T.);
#6720 = ORIENTED_EDGE('',*,*,#6252,.T.);
#6721 = ORIENTED_EDGE('',*,*,#6722,.T.);
#6722 = EDGE_CURVE('',#6244,#6236,#6723,.T.);
#6723 = CIRCLE('',#6724,0.755);
#6724 = AXIS2_PLACEMENT_3D('',#6725,#6726,#6727);
#6725 = CARTESIAN_POINT('',(-9.592102479245E-16,23.255,0.4));
#6726 = DIRECTION('',(0.,6.111242387415E-17,1.));
#6727 = DIRECTION('',(0.,-1.,6.111242387415E-17));
#6728 = CYLINDRICAL_SURFACE('',#6729,0.755);
#6729 = AXIS2_PLACEMENT_3D('',#6730,#6731,#6732);
#6730 = CARTESIAN_POINT('',(-9.592102479245E-16,23.255,4.4));
#6731 = DIRECTION('',(0.,-6.111242387415E-17,-1.));
#6732 = DIRECTION('',(0.,1.,-6.111242387415E-17));
#6733 = ADVANCED_FACE('',(#6734),#6753,.T.);
#6734 = FACE_BOUND('',#6735,.T.);
#6735 = EDGE_LOOP('',(#6736,#6737,#6746,#6752));
#6736 = ORIENTED_EDGE('',*,*,#6193,.F.);
#6737 = ORIENTED_EDGE('',*,*,#6738,.F.);
#6738 = EDGE_CURVE('',#6739,#6183,#6741,.T.);
#6739 = VERTEX_POINT('',#6740);
#6740 = CARTESIAN_POINT('',(-2.2,-26.3,-4.7));
#6741 = CIRCLE('',#6742,0.3);
#6742 = AXIS2_PLACEMENT_3D('',#6743,#6744,#6745);
#6743 = CARTESIAN_POINT('',(-2.5,-26.3,-4.7));
#6744 = DIRECTION('',(-5.551115123126E-17,1.,7.480067943225E-16));
#6745 = DIRECTION('',(-4.152271828164E-32,7.480067943225E-16,-1.));
#6746 = ORIENTED_EDGE('',*,*,#6747,.F.);
#6747 = EDGE_CURVE('',#6489,#6739,#6748,.T.);
#6748 = LINE('',#6749,#6750);
#6749 = CARTESIAN_POINT('',(-2.2,-26.3,-4.7));
#6750 = VECTOR('',#6751,1.);
#6751 = DIRECTION('',(-4.941168084028E-17,1.,4.239664175287E-15));
#6752 = ORIENTED_EDGE('',*,*,#6488,.T.);
#6753 = CYLINDRICAL_SURFACE('',#6754,0.3);
#6754 = AXIS2_PLACEMENT_3D('',#6755,#6756,#6757);
#6755 = CARTESIAN_POINT('',(-2.5,-26.3,-4.7));
#6756 = DIRECTION('',(5.551115123126E-17,-1.,-7.480067943225E-16));
#6757 = DIRECTION('',(-4.152271828164E-32,7.480067943225E-16,-1.));
#6758 = ADVANCED_FACE('',(#6759),#6811,.T.);
#6759 = FACE_BOUND('',#6760,.T.);
#6760 = EDGE_LOOP('',(#6761,#6762,#6771,#6779,#6787,#6795,#6804,#6810));
#6761 = ORIENTED_EDGE('',*,*,#6513,.T.);
#6762 = ORIENTED_EDGE('',*,*,#6763,.T.);
#6763 = EDGE_CURVE('',#6506,#6764,#6766,.T.);
#6764 = VERTEX_POINT('',#6765);
#6765 = CARTESIAN_POINT('',(-2.8,-26.8,-2.99999999958));
#6766 = CIRCLE('',#6767,0.10000000084);
#6767 = AXIS2_PLACEMENT_3D('',#6768,#6769,#6770);
#6768 = CARTESIAN_POINT('',(-2.8,-26.8,-3.1));
#6769 = DIRECTION('',(1.,2.159451345341E-16,6.485953785944E-17));
#6770 = DIRECTION('',(-6.485953785944E-17,-1.400610162887E-32,1.));
#6771 = ORIENTED_EDGE('',*,*,#6772,.T.);
#6772 = EDGE_CURVE('',#6764,#6773,#6775,.T.);
#6773 = VERTEX_POINT('',#6774);
#6774 = CARTESIAN_POINT('',(-2.8,-29.00038055098,-3.));
#6775 = LINE('',#6776,#6777);
#6776 = CARTESIAN_POINT('',(-2.8,-21.00038055098,-3.));
#6777 = VECTOR('',#6778,1.);
#6778 = DIRECTION('',(1.639313684798E-16,-1.,-4.239664175287E-15));
#6779 = ORIENTED_EDGE('',*,*,#6780,.T.);
#6780 = EDGE_CURVE('',#6773,#6781,#6783,.T.);
#6781 = VERTEX_POINT('',#6782);
#6782 = CARTESIAN_POINT('',(-2.8,-29.00038055098,-2.6));
#6783 = LINE('',#6784,#6785);
#6784 = CARTESIAN_POINT('',(-2.8,-29.00038055098,-2.6));
#6785 = VECTOR('',#6786,1.);
#6786 = DIRECTION('',(-2.313004774319E-17,-4.222188947442E-15,1.));
#6787 = ORIENTED_EDGE('',*,*,#6788,.F.);
#6788 = EDGE_CURVE('',#6789,#6781,#6791,.T.);
#6789 = VERTEX_POINT('',#6790);
#6790 = CARTESIAN_POINT('',(-2.8,-26.8,-2.59999999958));
#6791 = LINE('',#6792,#6793);
#6792 = CARTESIAN_POINT('',(-2.8,27.,-2.6));
#6793 = VECTOR('',#6794,1.);
#6794 = DIRECTION('',(3.304648221736E-16,-1.,9.71445146547E-17));
#6795 = ORIENTED_EDGE('',*,*,#6796,.F.);
#6796 = EDGE_CURVE('',#6797,#6789,#6799,.T.);
#6797 = VERTEX_POINT('',#6798);
#6798 = CARTESIAN_POINT('',(-2.8,-26.29999999958,-3.1));
#6799 = CIRCLE('',#6800,0.50000000084);
#6800 = AXIS2_PLACEMENT_3D('',#6801,#6802,#6803);
#6801 = CARTESIAN_POINT('',(-2.8,-26.8,-3.1));
#6802 = DIRECTION('',(1.,2.159451345341E-16,6.485953785944E-17));
#6803 = DIRECTION('',(-6.485953785944E-17,-6.938893892246E-15,1.));
#6804 = ORIENTED_EDGE('',*,*,#6805,.F.);
#6805 = EDGE_CURVE('',#6185,#6797,#6806,.T.);
#6806 = LINE('',#6807,#6808);
#6807 = CARTESIAN_POINT('',(-2.8,-26.3,2.171619449019));
#6808 = VECTOR('',#6809,1.);
#6809 = DIRECTION('',(-3.105921414421E-17,-7.305315664772E-16,1.));
#6810 = ORIENTED_EDGE('',*,*,#6210,.F.);
#6811 = PLANE('',#6812);
#6812 = AXIS2_PLACEMENT_3D('',#6813,#6814,#6815);
#6813 = CARTESIAN_POINT('',(-2.8,-26.3,-8.428380550981));
#6814 = DIRECTION('',(-1.,-2.159451345341E-16,-2.55632227756E-16));
#6815 = DIRECTION('',(-2.55632227756E-16,-4.222188947442E-15,1.));
#6816 = ADVANCED_FACE('',(#6817),#6829,.F.);
#6817 = FACE_BOUND('',#6818,.F.);
#6818 = EDGE_LOOP('',(#6819,#6826,#6827,#6828));
#6819 = ORIENTED_EDGE('',*,*,#6820,.F.);
#6820 = EDGE_CURVE('',#6143,#6151,#6821,.T.);
#6821 = CIRCLE('',#6822,0.325);
#6822 = AXIS2_PLACEMENT_3D('',#6823,#6824,#6825);
#6823 = CARTESIAN_POINT('',(-2.,-28.00038055098,-3.));
#6824 = DIRECTION('',(3.640524450046E-16,4.249770503202E-15,-1.));
#6825 = DIRECTION('',(-1.,1.547139342399E-30,-3.640524450046E-16));
#6826 = ORIENTED_EDGE('',*,*,#6140,.F.);
#6827 = ORIENTED_EDGE('',*,*,#6473,.F.);
#6828 = ORIENTED_EDGE('',*,*,#6159,.T.);
#6829 = CYLINDRICAL_SURFACE('',#6830,0.325);
#6830 = AXIS2_PLACEMENT_3D('',#6831,#6832,#6833);
#6831 = CARTESIAN_POINT('',(-2.,-28.00038055098,-2.6));
#6832 = DIRECTION('',(3.640524450046E-16,4.249770503202E-15,-1.));
#6833 = DIRECTION('',(-1.,1.547139342399E-30,-3.640524450046E-16));
#6834 = ADVANCED_FACE('',(#6835),#6852,.F.);
#6835 = FACE_BOUND('',#6836,.F.);
#6836 = EDGE_LOOP('',(#6837,#6838,#6839,#6845));
#6837 = ORIENTED_EDGE('',*,*,#6505,.F.);
#6838 = ORIENTED_EDGE('',*,*,#6763,.T.);
#6839 = ORIENTED_EDGE('',*,*,#6840,.F.);
#6840 = EDGE_CURVE('',#5975,#6764,#6841,.T.);
#6841 = LINE('',#6842,#6843);
#6842 = CARTESIAN_POINT('',(-7.,-26.8,-3.));
#6843 = VECTOR('',#6844,1.);
#6844 = DIRECTION('',(-1.,-2.22044604925E-16,-6.485953785944E-17));
#6845 = ORIENTED_EDGE('',*,*,#6846,.T.);
#6846 = EDGE_CURVE('',#5975,#6498,#6847,.T.);
#6847 = CIRCLE('',#6848,0.10000000084);
#6848 = AXIS2_PLACEMENT_3D('',#6849,#6850,#6851);
#6849 = CARTESIAN_POINT('',(-2.2,-26.8,-3.1));
#6850 = DIRECTION('',(-1.,-2.159451345341E-16,-6.485953785944E-17));
#6851 = DIRECTION('',(-6.485953785944E-17,-1.400610162887E-32,1.));
#6852 = CYLINDRICAL_SURFACE('',#6853,0.10000000084);
#6853 = AXIS2_PLACEMENT_3D('',#6854,#6855,#6856);
#6854 = CARTESIAN_POINT('',(-1.638567414695,-26.8,-3.1));
#6855 = DIRECTION('',(-1.,-2.159451345341E-16,-6.485953785944E-17));
#6856 = DIRECTION('',(-6.485953785944E-17,-1.400610162887E-32,1.));
#6857 = ADVANCED_FACE('',(#6858),#6879,.T.);
#6858 = FACE_BOUND('',#6859,.T.);
#6859 = EDGE_LOOP('',(#6860,#6868,#6875,#6876,#6877,#6878));
#6860 = ORIENTED_EDGE('',*,*,#6861,.T.);
#6861 = EDGE_CURVE('',#6739,#6862,#6864,.T.);
#6862 = VERTEX_POINT('',#6863);
#6863 = CARTESIAN_POINT('',(-2.2,-26.29999999958,-3.1));
#6864 = LINE('',#6865,#6866);
#6865 = CARTESIAN_POINT('',(-2.2,-26.3,-2.628380550981));
#6866 = VECTOR('',#6867,1.);
#6867 = DIRECTION('',(-2.145073177652E-16,-4.222188947442E-15,1.));
#6868 = ORIENTED_EDGE('',*,*,#6869,.F.);
#6869 = EDGE_CURVE('',#5973,#6862,#6870,.T.);
#6870 = CIRCLE('',#6871,0.50000000084);
#6871 = AXIS2_PLACEMENT_3D('',#6872,#6873,#6874);
#6872 = CARTESIAN_POINT('',(-2.2,-26.8,-3.1));
#6873 = DIRECTION('',(-1.,-2.159451345341E-16,-6.485953785944E-17));
#6874 = DIRECTION('',(-6.485953785944E-17,-6.938893892246E-15,1.));
#6875 = ORIENTED_EDGE('',*,*,#5972,.T.);
#6876 = ORIENTED_EDGE('',*,*,#6846,.T.);
#6877 = ORIENTED_EDGE('',*,*,#6497,.T.);
#6878 = ORIENTED_EDGE('',*,*,#6747,.T.);
#6879 = PLANE('',#6880);
#6880 = AXIS2_PLACEMENT_3D('',#6881,#6882,#6883);
#6881 = CARTESIAN_POINT('',(-2.2,-26.3,-2.628380550981));
#6882 = DIRECTION('',(1.,2.159451345341E-16,2.145073177652E-16));
#6883 = DIRECTION('',(2.145073177652E-16,4.222188947442E-15,-1.));
#6884 = ADVANCED_FACE('',(#6885),#6897,.T.);
#6885 = FACE_BOUND('',#6886,.T.);
#6886 = EDGE_LOOP('',(#6887,#6888,#6894,#6895,#6896));
#6887 = ORIENTED_EDGE('',*,*,#6580,.T.);
#6888 = ORIENTED_EDGE('',*,*,#6889,.T.);
#6889 = EDGE_CURVE('',#6572,#6596,#6890,.T.);
#6890 = LINE('',#6891,#6892);
#6891 = CARTESIAN_POINT('',(-7.,-26.3,-3.1));
#6892 = VECTOR('',#6893,1.);
#6893 = DIRECTION('',(1.,2.159451345341E-16,7.278870426046E-17));
#6894 = ORIENTED_EDGE('',*,*,#6595,.F.);
#6895 = ORIENTED_EDGE('',*,*,#6529,.T.);
#6896 = ORIENTED_EDGE('',*,*,#6308,.T.);
#6897 = PLANE('',#6898);
#6898 = AXIS2_PLACEMENT_3D('',#6899,#6900,#6901);
#6899 = CARTESIAN_POINT('',(-7.,-26.3,2.171619449019));
#6900 = DIRECTION('',(-4.941168084028E-17,1.,7.305315664772E-16));
#6901 = DIRECTION('',(-3.105921414421E-17,-7.305315664772E-16,1.));
#6902 = ADVANCED_FACE('',(#6903,#6907),#6999,.F.);
#6903 = FACE_BOUND('',#6904,.T.);
#6904 = EDGE_LOOP('',(#6905,#6906));
#6905 = ORIENTED_EDGE('',*,*,#6645,.F.);
#6906 = ORIENTED_EDGE('',*,*,#6276,.F.);
#6907 = FACE_BOUND('',#6908,.T.);
#6908 = EDGE_LOOP('',(#6909,#6910,#6919,#6927,#6935,#6943,#6951,#6959,
    #6967,#6975,#6983,#6991,#6998));
#6909 = ORIENTED_EDGE('',*,*,#6024,.T.);
#6910 = ORIENTED_EDGE('',*,*,#6911,.T.);
#6911 = EDGE_CURVE('',#6025,#6912,#6914,.T.);
#6912 = VERTEX_POINT('',#6913);
#6913 = CARTESIAN_POINT('',(0.5,-27.00038055098,-3.));
#6914 = CIRCLE('',#6915,0.2);
#6915 = AXIS2_PLACEMENT_3D('',#6916,#6917,#6918);
#6916 = CARTESIAN_POINT('',(0.5,-26.80038055098,-3.));
#6917 = DIRECTION('',(-3.640524450046E-16,-4.249770503202E-15,1.));
#6918 = DIRECTION('',(-1.,1.547139342399E-30,-3.640524450046E-16));
#6919 = ORIENTED_EDGE('',*,*,#6920,.F.);
#6920 = EDGE_CURVE('',#6921,#6912,#6923,.T.);
#6921 = VERTEX_POINT('',#6922);
#6922 = CARTESIAN_POINT('',(0.75,-27.00038055098,-3.));
#6923 = LINE('',#6924,#6925);
#6924 = CARTESIAN_POINT('',(0.5,-27.00038055098,-3.));
#6925 = VECTOR('',#6926,1.);
#6926 = DIRECTION('',(-1.,-1.083306872522E-15,-7.278870426046E-17));
#6927 = ORIENTED_EDGE('',*,*,#6928,.F.);
#6928 = EDGE_CURVE('',#6929,#6921,#6931,.T.);
#6929 = VERTEX_POINT('',#6930);
#6930 = CARTESIAN_POINT('',(0.75,-29.00038055098,-3.));
#6931 = LINE('',#6932,#6933);
#6932 = CARTESIAN_POINT('',(0.75,-27.00038055098,-3.));
#6933 = VECTOR('',#6934,1.);
#6934 = DIRECTION('',(-1.097212598555E-16,1.,4.239664175287E-15));
#6935 = ORIENTED_EDGE('',*,*,#6936,.F.);
#6936 = EDGE_CURVE('',#6937,#6929,#6939,.T.);
#6937 = VERTEX_POINT('',#6938);
#6938 = CARTESIAN_POINT('',(0.3,-29.30038055098,-3.));
#6939 = LINE('',#6940,#6941);
#6940 = CARTESIAN_POINT('',(0.3,-29.30038055098,-3.));
#6941 = VECTOR('',#6942,1.);
#6942 = DIRECTION('',(0.832050294338,0.554700196225,2.412306412765E-15)
  );
#6943 = ORIENTED_EDGE('',*,*,#6944,.F.);
#6944 = EDGE_CURVE('',#6945,#6937,#6947,.T.);
#6945 = VERTEX_POINT('',#6946);
#6946 = CARTESIAN_POINT('',(0.3,-29.80038055098,-3.));
#6947 = LINE('',#6948,#6949);
#6948 = CARTESIAN_POINT('',(0.3,-31.60038055098,-3.));
#6949 = VECTOR('',#6950,1.);
#6950 = DIRECTION('',(-5.551115123126E-17,1.,4.267245731048E-15));
#6951 = ORIENTED_EDGE('',*,*,#6952,.F.);
#6952 = EDGE_CURVE('',#6953,#6945,#6955,.T.);
#6953 = VERTEX_POINT('',#6954);
#6954 = CARTESIAN_POINT('',(-0.3,-29.80038055098,-3.));
#6955 = LINE('',#6956,#6957);
#6956 = CARTESIAN_POINT('',(-3.941516320168,-29.80038055098,-3.));
#6957 = VECTOR('',#6958,1.);
#6958 = DIRECTION('',(1.,3.259740761308E-16,7.278870426046E-17));
#6959 = ORIENTED_EDGE('',*,*,#6960,.F.);
#6960 = EDGE_CURVE('',#6961,#6953,#6963,.T.);
#6961 = VERTEX_POINT('',#6962);
#6962 = CARTESIAN_POINT('',(-0.3,-29.30038055098,-3.));
#6963 = LINE('',#6964,#6965);
#6964 = CARTESIAN_POINT('',(-0.3,-29.30038055098,-3.));
#6965 = VECTOR('',#6966,1.);
#6966 = DIRECTION('',(4.941168084028E-17,-1.,-4.239664175287E-15));
#6967 = ORIENTED_EDGE('',*,*,#6968,.F.);
#6968 = EDGE_CURVE('',#6969,#6961,#6971,.T.);
#6969 = VERTEX_POINT('',#6970);
#6970 = CARTESIAN_POINT('',(-0.75,-29.00038055098,-3.));
#6971 = LINE('',#6972,#6973);
#6972 = CARTESIAN_POINT('',(-0.75,-29.00038055098,-3.));
#6973 = VECTOR('',#6974,1.);
#6974 = DIRECTION('',(0.832050294338,-0.554700196225,-2.291178687157E-15
    ));
#6975 = ORIENTED_EDGE('',*,*,#6976,.F.);
#6976 = EDGE_CURVE('',#6977,#6969,#6979,.T.);
#6977 = VERTEX_POINT('',#6978);
#6978 = CARTESIAN_POINT('',(-0.75,-27.00038055098,-3.));
#6979 = LINE('',#6980,#6981);
#6980 = CARTESIAN_POINT('',(-0.75,-27.00038055098,-3.));
#6981 = VECTOR('',#6982,1.);
#6982 = DIRECTION('',(3.265616943526E-16,-1.,-4.239664175287E-15));
#6983 = ORIENTED_EDGE('',*,*,#6984,.F.);
#6984 = EDGE_CURVE('',#6985,#6977,#6987,.T.);
#6985 = VERTEX_POINT('',#6986);
#6986 = CARTESIAN_POINT('',(-0.5,-27.00038055098,-3.));
#6987 = LINE('',#6988,#6989);
#6988 = CARTESIAN_POINT('',(-0.5,-27.00038055098,-3.));
#6989 = VECTOR('',#6990,1.);
#6990 = DIRECTION('',(-1.,6.514166034543E-16,-7.278870426045E-17));
#6991 = ORIENTED_EDGE('',*,*,#6992,.T.);
#6992 = EDGE_CURVE('',#6985,#6555,#6993,.T.);
#6993 = CIRCLE('',#6994,0.2);
#6994 = AXIS2_PLACEMENT_3D('',#6995,#6996,#6997);
#6995 = CARTESIAN_POINT('',(-0.5,-26.80038055098,-3.));
#6996 = DIRECTION('',(-3.640524450046E-16,-4.249770503202E-15,1.));
#6997 = DIRECTION('',(-1.,1.547139342399E-30,-3.640524450046E-16));
#6998 = ORIENTED_EDGE('',*,*,#6630,.F.);
#6999 = PLANE('',#7000);
#7000 = AXIS2_PLACEMENT_3D('',#7001,#7002,#7003);
#7001 = CARTESIAN_POINT('',(-7.,-31.60038055098,-3.));
#7002 = DIRECTION('',(-2.313004774319E-17,-4.267245731048E-15,1.));
#7003 = DIRECTION('',(5.551115123126E-17,-1.,-4.267245731048E-15));
#7004 = ADVANCED_FACE('',(#7005),#7024,.T.);
#7005 = FACE_BOUND('',#7006,.T.);
#7006 = EDGE_LOOP('',(#7007,#7008,#7017,#7023));
#7007 = ORIENTED_EDGE('',*,*,#6109,.F.);
#7008 = ORIENTED_EDGE('',*,*,#7009,.F.);
#7009 = EDGE_CURVE('',#7010,#6099,#7012,.T.);
#7010 = VERTEX_POINT('',#7011);
#7011 = CARTESIAN_POINT('',(2.8,-26.3,-4.7));
#7012 = CIRCLE('',#7013,0.3);
#7013 = AXIS2_PLACEMENT_3D('',#7014,#7015,#7016);
#7014 = CARTESIAN_POINT('',(2.5,-26.3,-4.7));
#7015 = DIRECTION('',(-5.551115123126E-17,1.,7.480067943225E-16));
#7016 = DIRECTION('',(-4.152271828164E-32,7.480067943225E-16,-1.));
#7017 = ORIENTED_EDGE('',*,*,#7018,.F.);
#7018 = EDGE_CURVE('',#6664,#7010,#7019,.T.);
#7019 = LINE('',#7020,#7021);
#7020 = CARTESIAN_POINT('',(2.8,-26.3,-4.7));
#7021 = VECTOR('',#7022,1.);
#7022 = DIRECTION('',(-4.941168084028E-17,1.,4.239664175287E-15));
#7023 = ORIENTED_EDGE('',*,*,#6663,.T.);
#7024 = CYLINDRICAL_SURFACE('',#7025,0.3);
#7025 = AXIS2_PLACEMENT_3D('',#7026,#7027,#7028);
#7026 = CARTESIAN_POINT('',(2.5,-26.3,-4.7));
#7027 = DIRECTION('',(5.551115123126E-17,-1.,-7.480067943225E-16));
#7028 = DIRECTION('',(-4.152271828164E-32,7.480067943225E-16,-1.));
#7029 = ADVANCED_FACE('',(#7030),#7066,.T.);
#7030 = FACE_BOUND('',#7031,.T.);
#7031 = EDGE_LOOP('',(#7032,#7033,#7042,#7050,#7059,#7065));
#7032 = ORIENTED_EDGE('',*,*,#6688,.T.);
#7033 = ORIENTED_EDGE('',*,*,#7034,.T.);
#7034 = EDGE_CURVE('',#6681,#7035,#7037,.T.);
#7035 = VERTEX_POINT('',#7036);
#7036 = CARTESIAN_POINT('',(2.2,-26.8,-2.99999999958));
#7037 = CIRCLE('',#7038,0.10000000084);
#7038 = AXIS2_PLACEMENT_3D('',#7039,#7040,#7041);
#7039 = CARTESIAN_POINT('',(2.2,-26.8,-3.1));
#7040 = DIRECTION('',(1.,2.159451345341E-16,6.485953785944E-17));
#7041 = DIRECTION('',(-6.485953785944E-17,-1.400610162887E-32,1.));
#7042 = ORIENTED_EDGE('',*,*,#7043,.T.);
#7043 = EDGE_CURVE('',#7035,#7044,#7046,.T.);
#7044 = VERTEX_POINT('',#7045);
#7045 = CARTESIAN_POINT('',(2.2,-26.8,-2.59999999916));
#7046 = LINE('',#7047,#7048);
#7047 = CARTESIAN_POINT('',(2.2,-26.8,-3.10000000084));
#7048 = VECTOR('',#7049,1.);
#7049 = DIRECTION('',(-3.640524450046E-16,-4.222188947442E-15,1.));
#7050 = ORIENTED_EDGE('',*,*,#7051,.F.);
#7051 = EDGE_CURVE('',#7052,#7044,#7054,.T.);
#7052 = VERTEX_POINT('',#7053);
#7053 = CARTESIAN_POINT('',(2.2,-26.29999999958,-3.1));
#7054 = CIRCLE('',#7055,0.50000000084);
#7055 = AXIS2_PLACEMENT_3D('',#7056,#7057,#7058);
#7056 = CARTESIAN_POINT('',(2.2,-26.8,-3.1));
#7057 = DIRECTION('',(1.,2.159451345341E-16,6.485953785944E-17));
#7058 = DIRECTION('',(-6.485953785944E-17,-6.938893892246E-15,1.));
#7059 = ORIENTED_EDGE('',*,*,#7060,.F.);
#7060 = EDGE_CURVE('',#6101,#7052,#7061,.T.);
#7061 = LINE('',#7062,#7063);
#7062 = CARTESIAN_POINT('',(2.2,-26.3,2.171619449019));
#7063 = VECTOR('',#7064,1.);
#7064 = DIRECTION('',(-3.105921414421E-17,-7.305315664772E-16,1.));
#7065 = ORIENTED_EDGE('',*,*,#6126,.F.);
#7066 = PLANE('',#7067);
#7067 = AXIS2_PLACEMENT_3D('',#7068,#7069,#7070);
#7068 = CARTESIAN_POINT('',(2.2,-26.3,-2.628380550981));
#7069 = DIRECTION('',(-1.,-2.159451345341E-16,-2.145073177652E-16));
#7070 = DIRECTION('',(-2.145073177652E-16,-4.222188947442E-15,1.));
#7071 = ADVANCED_FACE('',(#7072),#7124,.T.);
#7072 = FACE_BOUND('',#7073,.T.);
#7073 = EDGE_LOOP('',(#7074,#7082,#7091,#7099,#7107,#7115,#7122,#7123));
#7074 = ORIENTED_EDGE('',*,*,#7075,.T.);
#7075 = EDGE_CURVE('',#7010,#7076,#7078,.T.);
#7076 = VERTEX_POINT('',#7077);
#7077 = CARTESIAN_POINT('',(2.8,-26.29999999958,-3.1));
#7078 = LINE('',#7079,#7080);
#7079 = CARTESIAN_POINT('',(2.8,-26.3,-8.428380550981));
#7080 = VECTOR('',#7081,1.);
#7081 = DIRECTION('',(-1.472120105075E-16,-4.222188947442E-15,1.));
#7082 = ORIENTED_EDGE('',*,*,#7083,.F.);
#7083 = EDGE_CURVE('',#7084,#7076,#7086,.T.);
#7084 = VERTEX_POINT('',#7085);
#7085 = CARTESIAN_POINT('',(2.8,-26.8,-2.6));
#7086 = CIRCLE('',#7087,0.50000000084);
#7087 = AXIS2_PLACEMENT_3D('',#7088,#7089,#7090);
#7088 = CARTESIAN_POINT('',(2.8,-26.8,-3.1));
#7089 = DIRECTION('',(-1.,-2.159451345341E-16,-6.485953785944E-17));
#7090 = DIRECTION('',(-6.485953785944E-17,-6.938893892246E-15,1.));
#7091 = ORIENTED_EDGE('',*,*,#7092,.F.);
#7092 = EDGE_CURVE('',#7093,#7084,#7095,.T.);
#7093 = VERTEX_POINT('',#7094);
#7094 = CARTESIAN_POINT('',(2.8,-29.00038055098,-2.6));
#7095 = LINE('',#7096,#7097);
#7096 = CARTESIAN_POINT('',(2.8,27.,-2.6));
#7097 = VECTOR('',#7098,1.);
#7098 = DIRECTION('',(-4.388850394221E-16,1.,-9.71445146547E-17));
#7099 = ORIENTED_EDGE('',*,*,#7100,.F.);
#7100 = EDGE_CURVE('',#7101,#7093,#7103,.T.);
#7101 = VERTEX_POINT('',#7102);
#7102 = CARTESIAN_POINT('',(2.8,-29.00038055098,-3.));
#7103 = LINE('',#7104,#7105);
#7104 = CARTESIAN_POINT('',(2.8,-29.00038055098,-2.6));
#7105 = VECTOR('',#7106,1.);
#7106 = DIRECTION('',(-2.903709062133E-17,-4.225559153313E-15,1.));
#7107 = ORIENTED_EDGE('',*,*,#7108,.T.);
#7108 = EDGE_CURVE('',#7101,#7109,#7111,.T.);
#7109 = VERTEX_POINT('',#7110);
#7110 = CARTESIAN_POINT('',(2.8,-26.8,-2.99999999958));
#7111 = LINE('',#7112,#7113);
#7112 = CARTESIAN_POINT('',(2.8,-21.00038055098,-3.));
#7113 = VECTOR('',#7114,1.);
#7114 = DIRECTION('',(-2.723515857284E-16,1.,4.239664175287E-15));
#7115 = ORIENTED_EDGE('',*,*,#7116,.T.);
#7116 = EDGE_CURVE('',#7109,#6673,#7117,.T.);
#7117 = CIRCLE('',#7118,0.10000000084);
#7118 = AXIS2_PLACEMENT_3D('',#7119,#7120,#7121);
#7119 = CARTESIAN_POINT('',(2.8,-26.8,-3.1));
#7120 = DIRECTION('',(-1.,-2.159451345341E-16,-6.485953785944E-17));
#7121 = DIRECTION('',(-6.485953785944E-17,-1.400610162887E-32,1.));
#7122 = ORIENTED_EDGE('',*,*,#6672,.T.);
#7123 = ORIENTED_EDGE('',*,*,#7018,.T.);
#7124 = PLANE('',#7125);
#7125 = AXIS2_PLACEMENT_3D('',#7126,#7127,#7128);
#7126 = CARTESIAN_POINT('',(2.8,-26.3,-8.428380550981));
#7127 = DIRECTION('',(1.,2.159451345341E-16,1.472120105075E-16));
#7128 = DIRECTION('',(1.472120105075E-16,4.222188947442E-15,-1.));
#7129 = ADVANCED_FACE('',(#7130),#7141,.F.);
#7130 = FACE_BOUND('',#7131,.F.);
#7131 = EDGE_LOOP('',(#7132,#7133,#7134,#7140));
#7132 = ORIENTED_EDGE('',*,*,#6680,.T.);
#7133 = ORIENTED_EDGE('',*,*,#7034,.T.);
#7134 = ORIENTED_EDGE('',*,*,#7135,.F.);
#7135 = EDGE_CURVE('',#7109,#7035,#7136,.T.);
#7136 = LINE('',#7137,#7138);
#7137 = CARTESIAN_POINT('',(-7.,-26.8,-3.));
#7138 = VECTOR('',#7139,1.);
#7139 = DIRECTION('',(-1.,-2.22044604925E-16,-6.485953785944E-17));
#7140 = ORIENTED_EDGE('',*,*,#7116,.T.);
#7141 = CYLINDRICAL_SURFACE('',#7142,0.10000000084);
#7142 = AXIS2_PLACEMENT_3D('',#7143,#7144,#7145);
#7143 = CARTESIAN_POINT('',(3.361432585305,-26.8,-3.1));
#7144 = DIRECTION('',(-1.,-2.159451345341E-16,-6.485953785944E-17));
#7145 = DIRECTION('',(-6.485953785944E-17,-1.400610162887E-32,1.));
#7146 = ADVANCED_FACE('',(#7147),#7159,.F.);
#7147 = FACE_BOUND('',#7148,.F.);
#7148 = EDGE_LOOP('',(#7149,#7156,#7157,#7158));
#7149 = ORIENTED_EDGE('',*,*,#7150,.F.);
#7150 = EDGE_CURVE('',#6059,#6067,#7151,.T.);
#7151 = CIRCLE('',#7152,0.325);
#7152 = AXIS2_PLACEMENT_3D('',#7153,#7154,#7155);
#7153 = CARTESIAN_POINT('',(2.,-28.00038055098,-3.));
#7154 = DIRECTION('',(3.640524450046E-16,4.249770503202E-15,-1.));
#7155 = DIRECTION('',(-1.,1.547139342399E-30,-3.640524450046E-16));
#7156 = ORIENTED_EDGE('',*,*,#6056,.F.);
#7157 = ORIENTED_EDGE('',*,*,#6704,.F.);
#7158 = ORIENTED_EDGE('',*,*,#6075,.T.);
#7159 = CYLINDRICAL_SURFACE('',#7160,0.325);
#7160 = AXIS2_PLACEMENT_3D('',#7161,#7162,#7163);
#7161 = CARTESIAN_POINT('',(2.,-28.00038055098,-2.6));
#7162 = DIRECTION('',(3.640524450046E-16,4.249770503202E-15,-1.));
#7163 = DIRECTION('',(-1.,1.547139342399E-30,-3.640524450046E-16));
#7164 = ADVANCED_FACE('',(#7165),#7207,.T.);
#7165 = FACE_BOUND('',#7166,.T.);
#7166 = EDGE_LOOP('',(#7167,#7177,#7185,#7193,#7201));
#7167 = ORIENTED_EDGE('',*,*,#7168,.T.);
#7168 = EDGE_CURVE('',#7169,#7171,#7173,.T.);
#7169 = VERTEX_POINT('',#7170);
#7170 = CARTESIAN_POINT('',(1.7,-29.80038055098,-2.6));
#7171 = VERTEX_POINT('',#7172);
#7172 = CARTESIAN_POINT('',(1.7,-29.5,-2.6));
#7173 = LINE('',#7174,#7175);
#7174 = CARTESIAN_POINT('',(1.7,-14.60038055098,-2.59999999916));
#7175 = VECTOR('',#7176,1.);
#7176 = DIRECTION('',(-5.551115123126E-17,1.,4.239664175287E-15));
#7177 = ORIENTED_EDGE('',*,*,#7178,.F.);
#7178 = EDGE_CURVE('',#7179,#7171,#7181,.T.);
#7179 = VERTEX_POINT('',#7180);
#7180 = CARTESIAN_POINT('',(1.7,-29.30038055098,-2.6));
#7181 = LINE('',#7182,#7183);
#7182 = CARTESIAN_POINT('',(1.7,27.,-2.6));
#7183 = VECTOR('',#7184,1.);
#7184 = DIRECTION('',(8.415887034882E-16,-1.,9.71445146547E-17));
#7185 = ORIENTED_EDGE('',*,*,#7186,.F.);
#7186 = EDGE_CURVE('',#7187,#7179,#7189,.T.);
#7187 = VERTEX_POINT('',#7188);
#7188 = CARTESIAN_POINT('',(1.7,-29.30038055098,-3.));
#7189 = LINE('',#7190,#7191);
#7190 = CARTESIAN_POINT('',(1.7,-29.30038055098,-2.6));
#7191 = VECTOR('',#7192,1.);
#7192 = DIRECTION('',(-2.853915377985E-17,-4.218408856895E-15,1.));
#7193 = ORIENTED_EDGE('',*,*,#7194,.T.);
#7194 = EDGE_CURVE('',#7187,#7195,#7197,.T.);
#7195 = VERTEX_POINT('',#7196);
#7196 = CARTESIAN_POINT('',(1.7,-29.80038055098,-3.));
#7197 = LINE('',#7198,#7199);
#7198 = CARTESIAN_POINT('',(1.7,-30.00038055098,-3.));
#7199 = VECTOR('',#7200,1.);
#7200 = DIRECTION('',(6.750552497944E-16,-1.,-4.239664175287E-15));
#7201 = ORIENTED_EDGE('',*,*,#7202,.T.);
#7202 = EDGE_CURVE('',#7195,#7169,#7203,.T.);
#7203 = LINE('',#7204,#7205);
#7204 = CARTESIAN_POINT('',(1.7,-29.80038055098,-2.6));
#7205 = VECTOR('',#7206,1.);
#7206 = DIRECTION('',(-2.313004774319E-17,-4.222188947442E-15,1.));
#7207 = PLANE('',#7208);
#7208 = AXIS2_PLACEMENT_3D('',#7209,#7210,#7211);
#7209 = CARTESIAN_POINT('',(1.7,-30.00038055098,-2.6));
#7210 = DIRECTION('',(-1.,-6.750552497944E-16,-6.485953785944E-17));
#7211 = DIRECTION('',(6.750552497944E-16,-1.,-4.239664175287E-15));
#7212 = ADVANCED_FACE('',(#7213),#7238,.T.);
#7213 = FACE_BOUND('',#7214,.T.);
#7214 = EDGE_LOOP('',(#7215,#7223,#7231,#7237));
#7215 = ORIENTED_EDGE('',*,*,#7216,.F.);
#7216 = EDGE_CURVE('',#7217,#7179,#7219,.T.);
#7217 = VERTEX_POINT('',#7218);
#7218 = CARTESIAN_POINT('',(1.25,-29.00038055098,-2.6));
#7219 = LINE('',#7220,#7221);
#7220 = CARTESIAN_POINT('',(-27.85017563891,-9.600263458371,-2.6));
#7221 = VECTOR('',#7222,1.);
#7222 = DIRECTION('',(0.832050294338,-0.554700196225,5.388608134117E-17)
  );
#7223 = ORIENTED_EDGE('',*,*,#7224,.F.);
#7224 = EDGE_CURVE('',#7225,#7217,#7227,.T.);
#7225 = VERTEX_POINT('',#7226);
#7226 = CARTESIAN_POINT('',(1.25,-29.00038055098,-3.));
#7227 = LINE('',#7228,#7229);
#7228 = CARTESIAN_POINT('',(1.25,-29.00038055098,-2.6));
#7229 = VECTOR('',#7230,1.);
#7230 = DIRECTION('',(-2.313004774319E-17,-4.222188947442E-15,1.));
#7231 = ORIENTED_EDGE('',*,*,#7232,.T.);
#7232 = EDGE_CURVE('',#7225,#7187,#7233,.T.);
#7233 = LINE('',#7234,#7235);
#7234 = CARTESIAN_POINT('',(1.7,-29.30038055098,-3.));
#7235 = VECTOR('',#7236,1.);
#7236 = DIRECTION('',(0.832050294338,-0.554700196225,-2.291178687157E-15
    ));
#7237 = ORIENTED_EDGE('',*,*,#7186,.T.);
#7238 = PLANE('',#7239);
#7239 = AXIS2_PLACEMENT_3D('',#7240,#7241,#7242);
#7240 = CARTESIAN_POINT('',(1.7,-29.30038055098,-2.6));
#7241 = DIRECTION('',(-0.554700196225,-0.832050294338,
    -3.563446630047E-15));
#7242 = DIRECTION('',(0.832050294338,-0.554700196225,-2.291178687157E-15
    ));
#7243 = ADVANCED_FACE('',(#7244),#7269,.T.);
#7244 = FACE_BOUND('',#7245,.T.);
#7245 = EDGE_LOOP('',(#7246,#7256,#7262,#7263));
#7246 = ORIENTED_EDGE('',*,*,#7247,.F.);
#7247 = EDGE_CURVE('',#7248,#7250,#7252,.T.);
#7248 = VERTEX_POINT('',#7249);
#7249 = CARTESIAN_POINT('',(0.3,-29.30038055098,-2.6));
#7250 = VERTEX_POINT('',#7251);
#7251 = CARTESIAN_POINT('',(0.75,-29.00038055098,-2.6));
#7252 = LINE('',#7253,#7254);
#7253 = CARTESIAN_POINT('',(23.688637177376,-13.70795576606,-2.6));
#7254 = VECTOR('',#7255,1.);
#7255 = DIRECTION('',(0.832050294338,0.554700196225,-5.388608134117E-17)
  );
#7256 = ORIENTED_EDGE('',*,*,#7257,.F.);
#7257 = EDGE_CURVE('',#6937,#7248,#7258,.T.);
#7258 = LINE('',#7259,#7260);
#7259 = CARTESIAN_POINT('',(0.3,-29.30038055098,-2.6));
#7260 = VECTOR('',#7261,1.);
#7261 = DIRECTION('',(-2.313004774319E-17,-4.222188947442E-15,1.));
#7262 = ORIENTED_EDGE('',*,*,#6936,.T.);
#7263 = ORIENTED_EDGE('',*,*,#7264,.T.);
#7264 = EDGE_CURVE('',#6929,#7250,#7265,.T.);
#7265 = LINE('',#7266,#7267);
#7266 = CARTESIAN_POINT('',(0.75,-29.00038055098,-2.6));
#7267 = VECTOR('',#7268,1.);
#7268 = DIRECTION('',(-2.869978749255E-17,-4.225728087419E-15,1.));
#7269 = PLANE('',#7270);
#7270 = AXIS2_PLACEMENT_3D('',#7271,#7272,#7273);
#7271 = CARTESIAN_POINT('',(0.75,-29.00038055098,-2.6));
#7272 = DIRECTION('',(0.554700196225,-0.832050294338,-3.491491433292E-15
    ));
#7273 = DIRECTION('',(0.832050294338,0.554700196225,2.412306412765E-15)
  );
#7274 = ADVANCED_FACE('',(#7275),#7301,.T.);
#7275 = FACE_BOUND('',#7276,.T.);
#7276 = EDGE_LOOP('',(#7277,#7278,#7279,#7287,#7295));
#7277 = ORIENTED_EDGE('',*,*,#6944,.T.);
#7278 = ORIENTED_EDGE('',*,*,#7257,.T.);
#7279 = ORIENTED_EDGE('',*,*,#7280,.F.);
#7280 = EDGE_CURVE('',#7281,#7248,#7283,.T.);
#7281 = VERTEX_POINT('',#7282);
#7282 = CARTESIAN_POINT('',(0.3,-29.5,-2.6));
#7283 = LINE('',#7284,#7285);
#7284 = CARTESIAN_POINT('',(0.3,27.,-2.6));
#7285 = VECTOR('',#7286,1.);
#7286 = DIRECTION('',(-3.769306295658E-16,1.,-9.71445146547E-17));
#7287 = ORIENTED_EDGE('',*,*,#7288,.T.);
#7288 = EDGE_CURVE('',#7281,#7289,#7291,.T.);
#7289 = VERTEX_POINT('',#7290);
#7290 = CARTESIAN_POINT('',(0.3,-29.80038055098,-2.6));
#7291 = LINE('',#7292,#7293);
#7292 = CARTESIAN_POINT('',(0.3,-14.60038055098,-2.59999999916));
#7293 = VECTOR('',#7294,1.);
#7294 = DIRECTION('',(5.551115123126E-17,-1.,-4.239664175287E-15));
#7295 = ORIENTED_EDGE('',*,*,#7296,.T.);
#7296 = EDGE_CURVE('',#7289,#6945,#7297,.T.);
#7297 = LINE('',#7298,#7299);
#7298 = CARTESIAN_POINT('',(0.3,-29.80038055098,-2.6));
#7299 = VECTOR('',#7300,1.);
#7300 = DIRECTION('',(2.313004774319E-17,4.222188947442E-15,-1.));
#7301 = PLANE('',#7302);
#7302 = AXIS2_PLACEMENT_3D('',#7303,#7304,#7305);
#7303 = CARTESIAN_POINT('',(0.3,-29.30038055098,-2.6));
#7304 = DIRECTION('',(1.,2.10397175872E-16,6.485953785944E-17));
#7305 = DIRECTION('',(-2.10397175872E-16,1.,4.239664175287E-15));
#7306 = ADVANCED_FACE('',(#7307),#7325,.T.);
#7307 = FACE_BOUND('',#7308,.T.);
#7308 = EDGE_LOOP('',(#7309,#7310,#7318,#7324));
#7309 = ORIENTED_EDGE('',*,*,#7296,.F.);
#7310 = ORIENTED_EDGE('',*,*,#7311,.T.);
#7311 = EDGE_CURVE('',#7289,#7312,#7314,.T.);
#7312 = VERTEX_POINT('',#7313);
#7313 = CARTESIAN_POINT('',(-0.3,-29.80038055098,-2.6));
#7314 = LINE('',#7315,#7316);
#7315 = CARTESIAN_POINT('',(-3.941516320168,-29.80038055098,-2.6));
#7316 = VECTOR('',#7317,1.);
#7317 = DIRECTION('',(-1.,-3.259740761308E-16,-7.278870426046E-17));
#7318 = ORIENTED_EDGE('',*,*,#7319,.F.);
#7319 = EDGE_CURVE('',#6953,#7312,#7320,.T.);
#7320 = LINE('',#7321,#7322);
#7321 = CARTESIAN_POINT('',(-0.3,-29.80038055098,-2.6));
#7322 = VECTOR('',#7323,1.);
#7323 = DIRECTION('',(-3.640524450046E-16,-4.222188947442E-15,1.));
#7324 = ORIENTED_EDGE('',*,*,#6952,.T.);
#7325 = PLANE('',#7326);
#7326 = AXIS2_PLACEMENT_3D('',#7327,#7328,#7329);
#7327 = CARTESIAN_POINT('',(-3.941516320168,-29.80038055098,-3.));
#7328 = DIRECTION('',(3.259740761308E-16,-1.,-4.239490155432E-15));
#7329 = DIRECTION('',(1.,3.259740761308E-16,7.278870426046E-17));
#7330 = ADVANCED_FACE('',(#7331),#7365,.T.);
#7331 = FACE_BOUND('',#7332,.T.);
#7332 = EDGE_LOOP('',(#7333,#7343,#7351,#7359));
#7333 = ORIENTED_EDGE('',*,*,#7334,.T.);
#7334 = EDGE_CURVE('',#7335,#7337,#7339,.T.);
#7335 = VERTEX_POINT('',#7336);
#7336 = CARTESIAN_POINT('',(-1.25,-29.00038055098,-2.6));
#7337 = VERTEX_POINT('',#7338);
#7338 = CARTESIAN_POINT('',(-1.7,-29.30038055098,-2.59999999916));
#7339 = LINE('',#7340,#7341);
#7340 = CARTESIAN_POINT('',(-1.25,-29.00038055098,-2.59999999916));
#7341 = VECTOR('',#7342,1.);
#7342 = DIRECTION('',(-0.832050294338,-0.554700196225,
    -2.412306412765E-15));
#7343 = ORIENTED_EDGE('',*,*,#7344,.F.);
#7344 = EDGE_CURVE('',#7345,#7337,#7347,.T.);
#7345 = VERTEX_POINT('',#7346);
#7346 = CARTESIAN_POINT('',(-1.7,-29.30038055098,-3.));
#7347 = LINE('',#7348,#7349);
#7348 = CARTESIAN_POINT('',(-1.7,-29.30038055098,-2.6));
#7349 = VECTOR('',#7350,1.);
#7350 = DIRECTION('',(-3.640524450046E-16,-4.222188947442E-15,1.));
#7351 = ORIENTED_EDGE('',*,*,#7352,.T.);
#7352 = EDGE_CURVE('',#7345,#7353,#7355,.T.);
#7353 = VERTEX_POINT('',#7354);
#7354 = CARTESIAN_POINT('',(-1.25,-29.00038055098,-3.));
#7355 = LINE('',#7356,#7357);
#7356 = CARTESIAN_POINT('',(-1.7,-29.30038055098,-3.));
#7357 = VECTOR('',#7358,1.);
#7358 = DIRECTION('',(0.832050294338,0.554700196225,2.412306412765E-15)
  );
#7359 = ORIENTED_EDGE('',*,*,#7360,.T.);
#7360 = EDGE_CURVE('',#7353,#7335,#7361,.T.);
#7361 = LINE('',#7362,#7363);
#7362 = CARTESIAN_POINT('',(-1.25,-29.00038055098,-2.6));
#7363 = VECTOR('',#7364,1.);
#7364 = DIRECTION('',(-2.869978749255E-17,-4.225728087419E-15,1.));
#7365 = PLANE('',#7366);
#7366 = AXIS2_PLACEMENT_3D('',#7367,#7368,#7369);
#7367 = CARTESIAN_POINT('',(-1.7,-29.30038055098,-2.6));
#7368 = DIRECTION('',(0.554700196225,-0.832050294338,-3.491491433292E-15
    ));
#7369 = DIRECTION('',(0.832050294338,0.554700196225,2.412306412765E-15)
  );
#7370 = ADVANCED_FACE('',(#7371),#7397,.T.);
#7371 = FACE_BOUND('',#7372,.T.);
#7372 = EDGE_LOOP('',(#7373,#7381,#7389,#7395,#7396));
#7373 = ORIENTED_EDGE('',*,*,#7374,.T.);
#7374 = EDGE_CURVE('',#7312,#7375,#7377,.T.);
#7375 = VERTEX_POINT('',#7376);
#7376 = CARTESIAN_POINT('',(-0.3,-29.5,-2.6));
#7377 = LINE('',#7378,#7379);
#7378 = CARTESIAN_POINT('',(-0.3,-14.60038055098,-2.59999999916));
#7379 = VECTOR('',#7380,1.);
#7380 = DIRECTION('',(-5.551115123126E-17,1.,4.239664175287E-15));
#7381 = ORIENTED_EDGE('',*,*,#7382,.F.);
#7382 = EDGE_CURVE('',#7383,#7375,#7385,.T.);
#7383 = VERTEX_POINT('',#7384);
#7384 = CARTESIAN_POINT('',(-0.3,-29.30038055098,-2.6));
#7385 = LINE('',#7386,#7387);
#7386 = CARTESIAN_POINT('',(-0.3,27.,-2.6));
#7387 = VECTOR('',#7388,1.);
#7388 = DIRECTION('',(2.159451345341E-16,-1.,9.71445146547E-17));
#7389 = ORIENTED_EDGE('',*,*,#7390,.F.);
#7390 = EDGE_CURVE('',#6961,#7383,#7391,.T.);
#7391 = LINE('',#7392,#7393);
#7392 = CARTESIAN_POINT('',(-0.3,-29.30038055098,-2.6));
#7393 = VECTOR('',#7394,1.);
#7394 = DIRECTION('',(-2.853915377985E-17,-4.218408856895E-15,1.));
#7395 = ORIENTED_EDGE('',*,*,#6960,.T.);
#7396 = ORIENTED_EDGE('',*,*,#7319,.T.);
#7397 = PLANE('',#7398);
#7398 = AXIS2_PLACEMENT_3D('',#7399,#7400,#7401);
#7399 = CARTESIAN_POINT('',(-0.3,-29.30038055098,-2.6));
#7400 = DIRECTION('',(-1.,-2.159451345341E-16,-3.640524450046E-16));
#7401 = DIRECTION('',(-3.640524450046E-16,-4.222188947442E-15,1.));
#7402 = ADVANCED_FACE('',(#7403),#7421,.T.);
#7403 = FACE_BOUND('',#7404,.T.);
#7404 = EDGE_LOOP('',(#7405,#7413,#7419,#7420));
#7405 = ORIENTED_EDGE('',*,*,#7406,.F.);
#7406 = EDGE_CURVE('',#7407,#7383,#7409,.T.);
#7407 = VERTEX_POINT('',#7408);
#7408 = CARTESIAN_POINT('',(-0.75,-29.00038055098,-2.6));
#7409 = LINE('',#7410,#7411);
#7410 = CARTESIAN_POINT('',(-28.46556025429,-10.52334038144,-2.6));
#7411 = VECTOR('',#7412,1.);
#7412 = DIRECTION('',(0.832050294338,-0.554700196225,5.388608134117E-17)
  );
#7413 = ORIENTED_EDGE('',*,*,#7414,.F.);
#7414 = EDGE_CURVE('',#6969,#7407,#7415,.T.);
#7415 = LINE('',#7416,#7417);
#7416 = CARTESIAN_POINT('',(-0.75,-29.00038055098,-2.6));
#7417 = VECTOR('',#7418,1.);
#7418 = DIRECTION('',(-2.313004774319E-17,-4.222188947442E-15,1.));
#7419 = ORIENTED_EDGE('',*,*,#6968,.T.);
#7420 = ORIENTED_EDGE('',*,*,#7390,.T.);
#7421 = PLANE('',#7422);
#7422 = AXIS2_PLACEMENT_3D('',#7423,#7424,#7425);
#7423 = CARTESIAN_POINT('',(-0.75,-29.00038055098,-2.6));
#7424 = DIRECTION('',(-0.554700196225,-0.832050294338,
    -3.563446630047E-15));
#7425 = DIRECTION('',(0.832050294338,-0.554700196225,-2.291178687157E-15
    ));
#7426 = ADVANCED_FACE('',(#7427),#7460,.T.);
#7427 = FACE_BOUND('',#7428,.T.);
#7428 = EDGE_LOOP('',(#7429,#7437,#7438,#7446,#7454));
#7429 = ORIENTED_EDGE('',*,*,#7430,.T.);
#7430 = EDGE_CURVE('',#7431,#7345,#7433,.T.);
#7431 = VERTEX_POINT('',#7432);
#7432 = CARTESIAN_POINT('',(-1.7,-29.80038055098,-3.));
#7433 = LINE('',#7434,#7435);
#7434 = CARTESIAN_POINT('',(-1.7,-31.60038055098,-3.));
#7435 = VECTOR('',#7436,1.);
#7436 = DIRECTION('',(-5.551115123126E-17,1.,4.267245731048E-15));
#7437 = ORIENTED_EDGE('',*,*,#7344,.T.);
#7438 = ORIENTED_EDGE('',*,*,#7439,.T.);
#7439 = EDGE_CURVE('',#7337,#7440,#7442,.T.);
#7440 = VERTEX_POINT('',#7441);
#7441 = CARTESIAN_POINT('',(-1.7,-29.5,-2.6));
#7442 = LINE('',#7443,#7444);
#7443 = CARTESIAN_POINT('',(-1.7,-14.60038055098,-2.59999999916));
#7444 = VECTOR('',#7445,1.);
#7445 = DIRECTION('',(5.551115123126E-17,-1.,-4.239664175287E-15));
#7446 = ORIENTED_EDGE('',*,*,#7447,.T.);
#7447 = EDGE_CURVE('',#7440,#7448,#7450,.T.);
#7448 = VERTEX_POINT('',#7449);
#7449 = CARTESIAN_POINT('',(-1.7,-29.80038055098,-2.6));
#7450 = LINE('',#7451,#7452);
#7451 = CARTESIAN_POINT('',(-1.7,-14.60038055098,-2.59999999916));
#7452 = VECTOR('',#7453,1.);
#7453 = DIRECTION('',(5.551115123126E-17,-1.,-4.239664175287E-15));
#7454 = ORIENTED_EDGE('',*,*,#7455,.T.);
#7455 = EDGE_CURVE('',#7448,#7431,#7456,.T.);
#7456 = LINE('',#7457,#7458);
#7457 = CARTESIAN_POINT('',(-1.7,-29.80038055098,-2.6));
#7458 = VECTOR('',#7459,1.);
#7459 = DIRECTION('',(3.640524450046E-16,4.222188947442E-15,-1.));
#7460 = PLANE('',#7461);
#7461 = AXIS2_PLACEMENT_3D('',#7462,#7463,#7464);
#7462 = CARTESIAN_POINT('',(-1.7,-30.00038055098,-2.6));
#7463 = DIRECTION('',(1.,2.159451345341E-16,3.640524450046E-16));
#7464 = DIRECTION('',(3.640524450046E-16,4.222188947442E-15,-1.));
#7465 = ADVANCED_FACE('',(#7466,#7476),#7480,.T.);
#7466 = FACE_BOUND('',#7467,.T.);
#7467 = EDGE_LOOP('',(#7468,#7475));
#7468 = ORIENTED_EDGE('',*,*,#7469,.T.);
#7469 = EDGE_CURVE('',#5765,#5763,#7470,.T.);
#7470 = CIRCLE('',#7471,1.);
#7471 = AXIS2_PLACEMENT_3D('',#7472,#7473,#7474);
#7472 = CARTESIAN_POINT('',(-9.592102479245E-16,23.255,0.4));
#7473 = DIRECTION('',(0.,6.111242387415E-17,1.));
#7474 = DIRECTION('',(0.,-1.,6.111242387415E-17));
#7475 = ORIENTED_EDGE('',*,*,#5762,.T.);
#7476 = FACE_BOUND('',#7477,.T.);
#7477 = EDGE_LOOP('',(#7478,#7479));
#7478 = ORIENTED_EDGE('',*,*,#6722,.F.);
#7479 = ORIENTED_EDGE('',*,*,#6243,.F.);
#7480 = PLANE('',#7481);
#7481 = AXIS2_PLACEMENT_3D('',#7482,#7483,#7484);
#7482 = CARTESIAN_POINT('',(-9.592102479245E-16,23.255,0.4));
#7483 = DIRECTION('',(1.154661037884E-62,6.111242387415E-17,1.));
#7484 = DIRECTION('',(-5.979140166409E-32,-1.,6.111242387415E-17));
#7485 = ADVANCED_FACE('',(#7486),#7511,.T.);
#7486 = FACE_BOUND('',#7487,.T.);
#7487 = EDGE_LOOP('',(#7488,#7489,#7497,#7505));
#7488 = ORIENTED_EDGE('',*,*,#7455,.F.);
#7489 = ORIENTED_EDGE('',*,*,#7490,.T.);
#7490 = EDGE_CURVE('',#7448,#7491,#7493,.T.);
#7491 = VERTEX_POINT('',#7492);
#7492 = CARTESIAN_POINT('',(-2.3,-29.80038055098,-2.6));
#7493 = LINE('',#7494,#7495);
#7494 = CARTESIAN_POINT('',(-3.941516320168,-29.80038055098,-2.6));
#7495 = VECTOR('',#7496,1.);
#7496 = DIRECTION('',(-1.,-3.259740761308E-16,-7.278870426046E-17));
#7497 = ORIENTED_EDGE('',*,*,#7498,.F.);
#7498 = EDGE_CURVE('',#7499,#7491,#7501,.T.);
#7499 = VERTEX_POINT('',#7500);
#7500 = CARTESIAN_POINT('',(-2.3,-29.80038055098,-3.));
#7501 = LINE('',#7502,#7503);
#7502 = CARTESIAN_POINT('',(-2.3,-29.80038055098,-2.6));
#7503 = VECTOR('',#7504,1.);
#7504 = DIRECTION('',(-3.640524450046E-16,-4.222188947442E-15,1.));
#7505 = ORIENTED_EDGE('',*,*,#7506,.T.);
#7506 = EDGE_CURVE('',#7499,#7431,#7507,.T.);
#7507 = LINE('',#7508,#7509);
#7508 = CARTESIAN_POINT('',(-3.941516320168,-29.80038055098,-3.));
#7509 = VECTOR('',#7510,1.);
#7510 = DIRECTION('',(1.,3.259740761308E-16,7.278870426046E-17));
#7511 = PLANE('',#7512);
#7512 = AXIS2_PLACEMENT_3D('',#7513,#7514,#7515);
#7513 = CARTESIAN_POINT('',(-3.941516320168,-29.80038055098,-3.));
#7514 = DIRECTION('',(3.259740761308E-16,-1.,-4.239490155432E-15));
#7515 = DIRECTION('',(1.,3.259740761308E-16,7.278870426046E-17));
#7516 = ADVANCED_FACE('',(#7517),#7529,.T.);
#7517 = FACE_BOUND('',#7518,.T.);
#7518 = EDGE_LOOP('',(#7519,#7520,#7526,#7527,#7528));
#7519 = ORIENTED_EDGE('',*,*,#6805,.T.);
#7520 = ORIENTED_EDGE('',*,*,#7521,.T.);
#7521 = EDGE_CURVE('',#6797,#6862,#7522,.T.);
#7522 = LINE('',#7523,#7524);
#7523 = CARTESIAN_POINT('',(-7.,-26.3,-3.1));
#7524 = VECTOR('',#7525,1.);
#7525 = DIRECTION('',(1.,2.159451345341E-16,7.278870426046E-17));
#7526 = ORIENTED_EDGE('',*,*,#6861,.F.);
#7527 = ORIENTED_EDGE('',*,*,#6738,.T.);
#7528 = ORIENTED_EDGE('',*,*,#6182,.T.);
#7529 = PLANE('',#7530);
#7530 = AXIS2_PLACEMENT_3D('',#7531,#7532,#7533);
#7531 = CARTESIAN_POINT('',(-7.,-26.3,2.171619449019));
#7532 = DIRECTION('',(-4.941168084028E-17,1.,7.305315664772E-16));
#7533 = DIRECTION('',(-3.105921414421E-17,-7.305315664772E-16,1.));
#7534 = ADVANCED_FACE('',(#7535,#7539),#7584,.F.);
#7535 = FACE_BOUND('',#7536,.T.);
#7536 = EDGE_LOOP('',(#7537,#7538));
#7537 = ORIENTED_EDGE('',*,*,#6820,.F.);
#7538 = ORIENTED_EDGE('',*,*,#6150,.F.);
#7539 = FACE_BOUND('',#7540,.T.);
#7540 = EDGE_LOOP('',(#7541,#7542,#7551,#7559,#7565,#7566,#7567,#7568,
    #7576,#7582,#7583));
#7541 = ORIENTED_EDGE('',*,*,#5982,.T.);
#7542 = ORIENTED_EDGE('',*,*,#7543,.T.);
#7543 = EDGE_CURVE('',#5983,#7544,#7546,.T.);
#7544 = VERTEX_POINT('',#7545);
#7545 = CARTESIAN_POINT('',(-2.,-27.00038055098,-3.));
#7546 = CIRCLE('',#7547,0.2);
#7547 = AXIS2_PLACEMENT_3D('',#7548,#7549,#7550);
#7548 = CARTESIAN_POINT('',(-2.,-26.80038055098,-3.));
#7549 = DIRECTION('',(-3.640524450046E-16,-4.249770503202E-15,1.));
#7550 = DIRECTION('',(-1.,1.547139342399E-30,-3.640524450046E-16));
#7551 = ORIENTED_EDGE('',*,*,#7552,.F.);
#7552 = EDGE_CURVE('',#7553,#7544,#7555,.T.);
#7553 = VERTEX_POINT('',#7554);
#7554 = CARTESIAN_POINT('',(-1.25,-27.00038055098,-3.));
#7555 = LINE('',#7556,#7557);
#7556 = CARTESIAN_POINT('',(-1.25,-27.00038055098,-3.));
#7557 = VECTOR('',#7558,1.);
#7558 = DIRECTION('',(-1.,-5.050657138635E-16,-7.278870426046E-17));
#7559 = ORIENTED_EDGE('',*,*,#7560,.F.);
#7560 = EDGE_CURVE('',#7353,#7553,#7561,.T.);
#7561 = LINE('',#7562,#7563);
#7562 = CARTESIAN_POINT('',(-1.25,-29.00038055098,-3.));
#7563 = VECTOR('',#7564,1.);
#7564 = DIRECTION('',(-8.144526719711E-16,1.,4.239664175287E-15));
#7565 = ORIENTED_EDGE('',*,*,#7352,.F.);
#7566 = ORIENTED_EDGE('',*,*,#7430,.F.);
#7567 = ORIENTED_EDGE('',*,*,#7506,.F.);
#7568 = ORIENTED_EDGE('',*,*,#7569,.F.);
#7569 = EDGE_CURVE('',#7570,#7499,#7572,.T.);
#7570 = VERTEX_POINT('',#7571);
#7571 = CARTESIAN_POINT('',(-2.3,-29.30038055098,-3.));
#7572 = LINE('',#7573,#7574);
#7573 = CARTESIAN_POINT('',(-2.3,-29.30038055098,-3.));
#7574 = VECTOR('',#7575,1.);
#7575 = DIRECTION('',(4.941168084028E-17,-1.,-4.239664175287E-15));
#7576 = ORIENTED_EDGE('',*,*,#7577,.F.);
#7577 = EDGE_CURVE('',#6773,#7570,#7578,.T.);
#7578 = LINE('',#7579,#7580);
#7579 = CARTESIAN_POINT('',(-2.8,-29.00038055098,-3.));
#7580 = VECTOR('',#7581,1.);
#7581 = DIRECTION('',(0.857492925713,-0.514495755428,-2.118873423648E-15
    ));
#7582 = ORIENTED_EDGE('',*,*,#6772,.F.);
#7583 = ORIENTED_EDGE('',*,*,#6840,.F.);
#7584 = PLANE('',#7585);
#7585 = AXIS2_PLACEMENT_3D('',#7586,#7587,#7588);
#7586 = CARTESIAN_POINT('',(-7.,-31.60038055098,-3.));
#7587 = DIRECTION('',(-2.313004774319E-17,-4.267245731048E-15,1.));
#7588 = DIRECTION('',(5.551115123126E-17,-1.,-4.267245731048E-15));
#7589 = ADVANCED_FACE('',(#7590),#7615,.T.);
#7590 = FACE_BOUND('',#7591,.T.);
#7591 = EDGE_LOOP('',(#7592,#7602,#7608,#7609));
#7592 = ORIENTED_EDGE('',*,*,#7593,.T.);
#7593 = EDGE_CURVE('',#7594,#7596,#7598,.T.);
#7594 = VERTEX_POINT('',#7595);
#7595 = CARTESIAN_POINT('',(-2.,-27.00038055098,-2.59999999958));
#7596 = VERTEX_POINT('',#7597);
#7597 = CARTESIAN_POINT('',(-1.25,-27.00038055098,-2.59999999916));
#7598 = LINE('',#7599,#7600);
#7599 = CARTESIAN_POINT('',(-3.25,-27.00038055098,-2.59999999916));
#7600 = VECTOR('',#7601,1.);
#7601 = DIRECTION('',(1.,2.22044604925E-16,2.393221579542E-16));
#7602 = ORIENTED_EDGE('',*,*,#7603,.F.);
#7603 = EDGE_CURVE('',#7553,#7596,#7604,.T.);
#7604 = LINE('',#7605,#7606);
#7605 = CARTESIAN_POINT('',(-1.25,-27.00038055098,-2.6));
#7606 = VECTOR('',#7607,1.);
#7607 = DIRECTION('',(-2.313004774319E-17,-4.222188947442E-15,1.));
#7608 = ORIENTED_EDGE('',*,*,#7552,.T.);
#7609 = ORIENTED_EDGE('',*,*,#7610,.T.);
#7610 = EDGE_CURVE('',#7544,#7594,#7611,.T.);
#7611 = LINE('',#7612,#7613);
#7612 = CARTESIAN_POINT('',(-2.,-27.00038055098,-2.6));
#7613 = VECTOR('',#7614,1.);
#7614 = DIRECTION('',(-3.105921414421E-17,-4.222014927587E-15,1.));
#7615 = PLANE('',#7616);
#7616 = AXIS2_PLACEMENT_3D('',#7617,#7618,#7619);
#7617 = CARTESIAN_POINT('',(-1.25,-27.00038055098,-2.6));
#7618 = DIRECTION('',(-5.050657138635E-16,1.,4.239490155432E-15));
#7619 = DIRECTION('',(-1.,-5.050657138635E-16,-7.278870426046E-17));
#7620 = ADVANCED_FACE('',(#7621),#7632,.T.);
#7621 = FACE_BOUND('',#7622,.T.);
#7622 = EDGE_LOOP('',(#7623,#7624,#7630,#7631));
#7623 = ORIENTED_EDGE('',*,*,#7603,.T.);
#7624 = ORIENTED_EDGE('',*,*,#7625,.F.);
#7625 = EDGE_CURVE('',#7335,#7596,#7626,.T.);
#7626 = LINE('',#7627,#7628);
#7627 = CARTESIAN_POINT('',(-1.25,27.,-2.6));
#7628 = VECTOR('',#7629,1.);
#7629 = DIRECTION('',(-9.809861256649E-16,1.,-9.71445146547E-17));
#7630 = ORIENTED_EDGE('',*,*,#7360,.F.);
#7631 = ORIENTED_EDGE('',*,*,#7560,.T.);
#7632 = PLANE('',#7633);
#7633 = AXIS2_PLACEMENT_3D('',#7634,#7635,#7636);
#7634 = CARTESIAN_POINT('',(-1.25,-29.00038055098,-2.6));
#7635 = DIRECTION('',(1.,8.144526719711E-16,6.485953785944E-17));
#7636 = DIRECTION('',(-8.144526719711E-16,1.,4.239664175287E-15));
#7637 = ADVANCED_FACE('',(#7638),#7656,.T.);
#7638 = FACE_BOUND('',#7639,.T.);
#7639 = EDGE_LOOP('',(#7640,#7648,#7654,#7655));
#7640 = ORIENTED_EDGE('',*,*,#7641,.F.);
#7641 = EDGE_CURVE('',#7642,#7407,#7644,.T.);
#7642 = VERTEX_POINT('',#7643);
#7643 = CARTESIAN_POINT('',(-0.75,-27.00038055098,-2.59999999916));
#7644 = LINE('',#7645,#7646);
#7645 = CARTESIAN_POINT('',(-0.75,27.,-2.6));
#7646 = VECTOR('',#7647,1.);
#7647 = DIRECTION('',(4.930951480464E-16,-1.,9.71445146547E-17));
#7648 = ORIENTED_EDGE('',*,*,#7649,.F.);
#7649 = EDGE_CURVE('',#6977,#7642,#7650,.T.);
#7650 = LINE('',#7651,#7652);
#7651 = CARTESIAN_POINT('',(-0.75,-27.00038055098,-2.6));
#7652 = VECTOR('',#7653,1.);
#7653 = DIRECTION('',(-3.105921414421E-17,-4.222014927587E-15,1.));
#7654 = ORIENTED_EDGE('',*,*,#6976,.T.);
#7655 = ORIENTED_EDGE('',*,*,#7414,.T.);
#7656 = PLANE('',#7657);
#7657 = AXIS2_PLACEMENT_3D('',#7658,#7659,#7660);
#7658 = CARTESIAN_POINT('',(-0.75,-27.00038055098,-2.6));
#7659 = DIRECTION('',(-1.,-3.265616943526E-16,-6.485953785944E-17));
#7660 = DIRECTION('',(3.265616943526E-16,-1.,-4.239664175287E-15));
#7661 = ADVANCED_FACE('',(#7662),#7680,.T.);
#7662 = FACE_BOUND('',#7663,.T.);
#7663 = EDGE_LOOP('',(#7664,#7672,#7678,#7679));
#7664 = ORIENTED_EDGE('',*,*,#7665,.T.);
#7665 = EDGE_CURVE('',#7642,#7666,#7668,.T.);
#7666 = VERTEX_POINT('',#7667);
#7667 = CARTESIAN_POINT('',(-0.5,-27.00038055098,-2.59999999958));
#7668 = LINE('',#7669,#7670);
#7669 = CARTESIAN_POINT('',(-3.25,-27.00038055098,-2.59999999916));
#7670 = VECTOR('',#7671,1.);
#7671 = DIRECTION('',(1.,2.22044604925E-16,2.393221579542E-16));
#7672 = ORIENTED_EDGE('',*,*,#7673,.T.);
#7673 = EDGE_CURVE('',#7666,#6985,#7674,.T.);
#7674 = LINE('',#7675,#7676);
#7675 = CARTESIAN_POINT('',(-0.5,-27.00038055098,-2.6));
#7676 = VECTOR('',#7677,1.);
#7677 = DIRECTION('',(3.640524450046E-16,4.249770503202E-15,-1.));
#7678 = ORIENTED_EDGE('',*,*,#6984,.T.);
#7679 = ORIENTED_EDGE('',*,*,#7649,.T.);
#7680 = PLANE('',#7681);
#7681 = AXIS2_PLACEMENT_3D('',#7682,#7683,#7684);
#7682 = CARTESIAN_POINT('',(-0.5,-27.00038055098,-2.6));
#7683 = DIRECTION('',(6.514166034543E-16,1.,4.239490155432E-15));
#7684 = DIRECTION('',(-1.,6.514166034543E-16,-7.278870426045E-17));
#7685 = ADVANCED_FACE('',(#7686),#7698,.F.);
#7686 = FACE_BOUND('',#7687,.F.);
#7687 = EDGE_LOOP('',(#7688,#7689,#7690,#7697));
#7688 = ORIENTED_EDGE('',*,*,#6992,.T.);
#7689 = ORIENTED_EDGE('',*,*,#6563,.T.);
#7690 = ORIENTED_EDGE('',*,*,#7691,.F.);
#7691 = EDGE_CURVE('',#7666,#6564,#7692,.T.);
#7692 = CIRCLE('',#7693,0.2);
#7693 = AXIS2_PLACEMENT_3D('',#7694,#7695,#7696);
#7694 = CARTESIAN_POINT('',(-0.5,-26.80038055098,-2.6));
#7695 = DIRECTION('',(-3.640524450046E-16,-4.249770503202E-15,1.));
#7696 = DIRECTION('',(-1.,1.547139342399E-30,-3.640524450046E-16));
#7697 = ORIENTED_EDGE('',*,*,#7673,.T.);
#7698 = CYLINDRICAL_SURFACE('',#7699,0.2);
#7699 = AXIS2_PLACEMENT_3D('',#7700,#7701,#7702);
#7700 = CARTESIAN_POINT('',(-0.5,-26.80038055098,-2.6));
#7701 = DIRECTION('',(3.640524450046E-16,4.249770503202E-15,-1.));
#7702 = DIRECTION('',(-1.,1.547139342399E-30,-3.640524450046E-16));
#7703 = ADVANCED_FACE('',(#7704),#7715,.T.);
#7704 = FACE_BOUND('',#7705,.T.);
#7705 = EDGE_LOOP('',(#7706,#7712,#7713,#7714));
#7706 = ORIENTED_EDGE('',*,*,#7707,.T.);
#7707 = EDGE_CURVE('',#6564,#6015,#7708,.T.);
#7708 = LINE('',#7709,#7710);
#7709 = CARTESIAN_POINT('',(-3.25,-26.8,-2.59999999916));
#7710 = VECTOR('',#7711,1.);
#7711 = DIRECTION('',(1.,2.22044604925E-16,2.393221579542E-16));
#7712 = ORIENTED_EDGE('',*,*,#6603,.T.);
#7713 = ORIENTED_EDGE('',*,*,#6889,.F.);
#7714 = ORIENTED_EDGE('',*,*,#6571,.T.);
#7715 = CYLINDRICAL_SURFACE('',#7716,0.50000000084);
#7716 = AXIS2_PLACEMENT_3D('',#7717,#7718,#7719);
#7717 = CARTESIAN_POINT('',(0.861432585305,-26.8,-3.1));
#7718 = DIRECTION('',(-1.,-2.159451345341E-16,-6.485953785944E-17));
#7719 = DIRECTION('',(-6.485953785944E-17,-6.938893892246E-15,1.));
#7720 = ADVANCED_FACE('',(#7721),#7740,.F.);
#7721 = FACE_BOUND('',#7722,.F.);
#7722 = EDGE_LOOP('',(#7723,#7724,#7732,#7739));
#7723 = ORIENTED_EDGE('',*,*,#6911,.T.);
#7724 = ORIENTED_EDGE('',*,*,#7725,.T.);
#7725 = EDGE_CURVE('',#6912,#7726,#7728,.T.);
#7726 = VERTEX_POINT('',#7727);
#7727 = CARTESIAN_POINT('',(0.5,-27.00038055098,-2.59999999958));
#7728 = LINE('',#7729,#7730);
#7729 = CARTESIAN_POINT('',(0.5,-27.00038055098,-2.6));
#7730 = VECTOR('',#7731,1.);
#7731 = DIRECTION('',(-3.105921414421E-17,-4.222014927587E-15,1.));
#7732 = ORIENTED_EDGE('',*,*,#7733,.F.);
#7733 = EDGE_CURVE('',#6034,#7726,#7734,.T.);
#7734 = CIRCLE('',#7735,0.2);
#7735 = AXIS2_PLACEMENT_3D('',#7736,#7737,#7738);
#7736 = CARTESIAN_POINT('',(0.5,-26.80038055098,-2.6));
#7737 = DIRECTION('',(-3.640524450046E-16,-4.249770503202E-15,1.));
#7738 = DIRECTION('',(-1.,1.547139342399E-30,-3.640524450046E-16));
#7739 = ORIENTED_EDGE('',*,*,#6033,.T.);
#7740 = CYLINDRICAL_SURFACE('',#7741,0.2);
#7741 = AXIS2_PLACEMENT_3D('',#7742,#7743,#7744);
#7742 = CARTESIAN_POINT('',(0.5,-26.80038055098,-2.6));
#7743 = DIRECTION('',(3.640524450046E-16,4.249770503202E-15,-1.));
#7744 = DIRECTION('',(-1.,1.547139342399E-30,-3.640524450046E-16));
#7745 = ADVANCED_FACE('',(#7746),#7764,.T.);
#7746 = FACE_BOUND('',#7747,.T.);
#7747 = EDGE_LOOP('',(#7748,#7756,#7762,#7763));
#7748 = ORIENTED_EDGE('',*,*,#7749,.T.);
#7749 = EDGE_CURVE('',#7726,#7750,#7752,.T.);
#7750 = VERTEX_POINT('',#7751);
#7751 = CARTESIAN_POINT('',(0.75,-27.00038055098,-2.59999999916));
#7752 = LINE('',#7753,#7754);
#7753 = CARTESIAN_POINT('',(-3.25,-27.00038055098,-2.59999999916));
#7754 = VECTOR('',#7755,1.);
#7755 = DIRECTION('',(1.,2.22044604925E-16,2.393221579542E-16));
#7756 = ORIENTED_EDGE('',*,*,#7757,.F.);
#7757 = EDGE_CURVE('',#6921,#7750,#7758,.T.);
#7758 = LINE('',#7759,#7760);
#7759 = CARTESIAN_POINT('',(0.75,-27.00038055098,-2.6));
#7760 = VECTOR('',#7761,1.);
#7761 = DIRECTION('',(-2.313004774319E-17,-4.222188947442E-15,1.));
#7762 = ORIENTED_EDGE('',*,*,#6920,.T.);
#7763 = ORIENTED_EDGE('',*,*,#7725,.T.);
#7764 = PLANE('',#7765);
#7765 = AXIS2_PLACEMENT_3D('',#7766,#7767,#7768);
#7766 = CARTESIAN_POINT('',(0.5,-27.00038055098,-2.6));
#7767 = DIRECTION('',(-1.083306872522E-15,1.,4.239490155432E-15));
#7768 = DIRECTION('',(-1.,-1.083306872522E-15,-7.278870426046E-17));
#7769 = ADVANCED_FACE('',(#7770),#7781,.T.);
#7770 = FACE_BOUND('',#7771,.T.);
#7771 = EDGE_LOOP('',(#7772,#7773,#7779,#7780));
#7772 = ORIENTED_EDGE('',*,*,#7757,.T.);
#7773 = ORIENTED_EDGE('',*,*,#7774,.F.);
#7774 = EDGE_CURVE('',#7250,#7750,#7775,.T.);
#7775 = LINE('',#7776,#7777);
#7776 = CARTESIAN_POINT('',(0.75,27.,-2.6));
#7777 = VECTOR('',#7778,1.);
#7778 = DIRECTION('',(-2.762547135493E-16,1.,-9.71445146547E-17));
#7779 = ORIENTED_EDGE('',*,*,#7264,.F.);
#7780 = ORIENTED_EDGE('',*,*,#6928,.T.);
#7781 = PLANE('',#7782);
#7782 = AXIS2_PLACEMENT_3D('',#7783,#7784,#7785);
#7783 = CARTESIAN_POINT('',(0.75,-27.00038055098,-2.6));
#7784 = DIRECTION('',(1.,1.097212598555E-16,6.485953785944E-17));
#7785 = DIRECTION('',(-1.097212598555E-16,1.,4.239664175287E-15));
#7786 = ADVANCED_FACE('',(#7787),#7812,.T.);
#7787 = FACE_BOUND('',#7788,.T.);
#7788 = EDGE_LOOP('',(#7789,#7797,#7805,#7811));
#7789 = ORIENTED_EDGE('',*,*,#7790,.F.);
#7790 = EDGE_CURVE('',#7791,#7217,#7793,.T.);
#7791 = VERTEX_POINT('',#7792);
#7792 = CARTESIAN_POINT('',(1.25,-27.00038055098,-2.59999999916));
#7793 = LINE('',#7794,#7795);
#7794 = CARTESIAN_POINT('',(1.25,27.,-2.6));
#7795 = VECTOR('',#7796,1.);
#7796 = DIRECTION('',(-3.200564813177E-16,-1.,9.71445146547E-17));
#7797 = ORIENTED_EDGE('',*,*,#7798,.F.);
#7798 = EDGE_CURVE('',#7799,#7791,#7801,.T.);
#7799 = VERTEX_POINT('',#7800);
#7800 = CARTESIAN_POINT('',(1.25,-27.00038055098,-3.));
#7801 = LINE('',#7802,#7803);
#7802 = CARTESIAN_POINT('',(1.25,-27.00038055098,-2.6));
#7803 = VECTOR('',#7804,1.);
#7804 = DIRECTION('',(-3.105921414421E-17,-4.249770503202E-15,1.));
#7805 = ORIENTED_EDGE('',*,*,#7806,.T.);
#7806 = EDGE_CURVE('',#7799,#7225,#7807,.T.);
#7807 = LINE('',#7808,#7809);
#7808 = CARTESIAN_POINT('',(1.25,-29.00038055098,-3.));
#7809 = VECTOR('',#7810,1.);
#7810 = DIRECTION('',(-4.865899350115E-16,-1.,-4.239664175287E-15));
#7811 = ORIENTED_EDGE('',*,*,#7224,.T.);
#7812 = PLANE('',#7813);
#7813 = AXIS2_PLACEMENT_3D('',#7814,#7815,#7816);
#7814 = CARTESIAN_POINT('',(1.25,-29.00038055098,-2.6));
#7815 = DIRECTION('',(-1.,4.865899350115E-16,-6.485953785944E-17));
#7816 = DIRECTION('',(-4.865899350115E-16,-1.,-4.239664175287E-15));
#7817 = ADVANCED_FACE('',(#7818),#7843,.T.);
#7818 = FACE_BOUND('',#7819,.T.);
#7819 = EDGE_LOOP('',(#7820,#7828,#7836,#7842));
#7820 = ORIENTED_EDGE('',*,*,#7821,.T.);
#7821 = EDGE_CURVE('',#7791,#7822,#7824,.T.);
#7822 = VERTEX_POINT('',#7823);
#7823 = CARTESIAN_POINT('',(2.,-27.00038055098,-2.59999999916));
#7824 = LINE('',#7825,#7826);
#7825 = CARTESIAN_POINT('',(-3.25,-27.00038055098,-2.59999999916));
#7826 = VECTOR('',#7827,1.);
#7827 = DIRECTION('',(1.,2.22044604925E-16,2.393221579542E-16));
#7828 = ORIENTED_EDGE('',*,*,#7829,.T.);
#7829 = EDGE_CURVE('',#7822,#7830,#7832,.T.);
#7830 = VERTEX_POINT('',#7831);
#7831 = CARTESIAN_POINT('',(2.,-27.00038055098,-3.));
#7832 = LINE('',#7833,#7834);
#7833 = CARTESIAN_POINT('',(2.,-27.00038055098,-2.6));
#7834 = VECTOR('',#7835,1.);
#7835 = DIRECTION('',(3.640524450046E-16,4.249770503202E-15,-1.));
#7836 = ORIENTED_EDGE('',*,*,#7837,.T.);
#7837 = EDGE_CURVE('',#7830,#7799,#7838,.T.);
#7838 = LINE('',#7839,#7840);
#7839 = CARTESIAN_POINT('',(1.25,-27.00038055098,-3.));
#7840 = VECTOR('',#7841,1.);
#7841 = DIRECTION('',(-1.,-2.22044604925E-16,-7.278870426046E-17));
#7842 = ORIENTED_EDGE('',*,*,#7798,.T.);
#7843 = PLANE('',#7844);
#7844 = AXIS2_PLACEMENT_3D('',#7845,#7846,#7847);
#7845 = CARTESIAN_POINT('',(1.25,-27.00038055098,-2.6));
#7846 = DIRECTION('',(-5.551115123126E-17,1.,4.249770503202E-15));
#7847 = DIRECTION('',(-3.105921414421E-17,-4.249770503202E-15,1.));
#7848 = ADVANCED_FACE('',(#7849),#7867,.F.);
#7849 = FACE_BOUND('',#7850,.F.);
#7850 = EDGE_LOOP('',(#7851,#7858,#7859,#7866));
#7851 = ORIENTED_EDGE('',*,*,#7852,.T.);
#7852 = EDGE_CURVE('',#7830,#7035,#7853,.T.);
#7853 = CIRCLE('',#7854,0.2);
#7854 = AXIS2_PLACEMENT_3D('',#7855,#7856,#7857);
#7855 = CARTESIAN_POINT('',(2.,-26.80038055098,-3.));
#7856 = DIRECTION('',(-3.640524450046E-16,-4.249770503202E-15,1.));
#7857 = DIRECTION('',(-1.,1.547139342399E-30,-3.640524450046E-16));
#7858 = ORIENTED_EDGE('',*,*,#7043,.T.);
#7859 = ORIENTED_EDGE('',*,*,#7860,.F.);
#7860 = EDGE_CURVE('',#7822,#7044,#7861,.T.);
#7861 = CIRCLE('',#7862,0.2);
#7862 = AXIS2_PLACEMENT_3D('',#7863,#7864,#7865);
#7863 = CARTESIAN_POINT('',(2.,-26.80038055098,-2.59999999916));
#7864 = DIRECTION('',(-3.640524450046E-16,-4.249770503202E-15,1.));
#7865 = DIRECTION('',(-1.,1.547139342399E-30,-3.640524450046E-16));
#7866 = ORIENTED_EDGE('',*,*,#7829,.T.);
#7867 = CYLINDRICAL_SURFACE('',#7868,0.2);
#7868 = AXIS2_PLACEMENT_3D('',#7869,#7870,#7871);
#7869 = CARTESIAN_POINT('',(2.,-26.80038055098,-2.6));
#7870 = DIRECTION('',(3.640524450046E-16,4.249770503202E-15,-1.));
#7871 = DIRECTION('',(-1.,1.547139342399E-30,-3.640524450046E-16));
#7872 = ADVANCED_FACE('',(#7873),#7885,.T.);
#7873 = FACE_BOUND('',#7874,.T.);
#7874 = EDGE_LOOP('',(#7875,#7876,#7882,#7883,#7884));
#7875 = ORIENTED_EDGE('',*,*,#7060,.T.);
#7876 = ORIENTED_EDGE('',*,*,#7877,.T.);
#7877 = EDGE_CURVE('',#7052,#7076,#7878,.T.);
#7878 = LINE('',#7879,#7880);
#7879 = CARTESIAN_POINT('',(-7.,-26.3,-3.1));
#7880 = VECTOR('',#7881,1.);
#7881 = DIRECTION('',(1.,2.159451345341E-16,7.278870426046E-17));
#7882 = ORIENTED_EDGE('',*,*,#7075,.F.);
#7883 = ORIENTED_EDGE('',*,*,#7009,.T.);
#7884 = ORIENTED_EDGE('',*,*,#6098,.T.);
#7885 = PLANE('',#7886);
#7886 = AXIS2_PLACEMENT_3D('',#7887,#7888,#7889);
#7887 = CARTESIAN_POINT('',(-7.,-26.3,2.171619449019));
#7888 = DIRECTION('',(-4.941168084028E-17,1.,7.305315664772E-16));
#7889 = DIRECTION('',(-3.105921414421E-17,-7.305315664772E-16,1.));
#7890 = ADVANCED_FACE('',(#7891),#7916,.T.);
#7891 = FACE_BOUND('',#7892,.T.);
#7892 = EDGE_LOOP('',(#7893,#7903,#7909,#7910));
#7893 = ORIENTED_EDGE('',*,*,#7894,.F.);
#7894 = EDGE_CURVE('',#7895,#7897,#7899,.T.);
#7895 = VERTEX_POINT('',#7896);
#7896 = CARTESIAN_POINT('',(2.3,-29.80038055098,-2.6));
#7897 = VERTEX_POINT('',#7898);
#7898 = CARTESIAN_POINT('',(2.3,-29.80038055098,-3.));
#7899 = LINE('',#7900,#7901);
#7900 = CARTESIAN_POINT('',(2.3,-29.80038055098,-2.6));
#7901 = VECTOR('',#7902,1.);
#7902 = DIRECTION('',(2.313004774319E-17,4.222188947442E-15,-1.));
#7903 = ORIENTED_EDGE('',*,*,#7904,.T.);
#7904 = EDGE_CURVE('',#7895,#7169,#7905,.T.);
#7905 = LINE('',#7906,#7907);
#7906 = CARTESIAN_POINT('',(-3.941516320168,-29.80038055098,-2.6));
#7907 = VECTOR('',#7908,1.);
#7908 = DIRECTION('',(-1.,-3.259740761308E-16,-7.278870426046E-17));
#7909 = ORIENTED_EDGE('',*,*,#7202,.F.);
#7910 = ORIENTED_EDGE('',*,*,#7911,.T.);
#7911 = EDGE_CURVE('',#7195,#7897,#7912,.T.);
#7912 = LINE('',#7913,#7914);
#7913 = CARTESIAN_POINT('',(-3.941516320168,-29.80038055098,-3.));
#7914 = VECTOR('',#7915,1.);
#7915 = DIRECTION('',(1.,3.259740761308E-16,7.278870426046E-17));
#7916 = PLANE('',#7917);
#7917 = AXIS2_PLACEMENT_3D('',#7918,#7919,#7920);
#7918 = CARTESIAN_POINT('',(-3.941516320168,-29.80038055098,-3.));
#7919 = DIRECTION('',(3.259740761308E-16,-1.,-4.239490155432E-15));
#7920 = DIRECTION('',(1.,3.259740761308E-16,7.278870426046E-17));
#7921 = ADVANCED_FACE('',(#7922,#7926),#7950,.F.);
#7922 = FACE_BOUND('',#7923,.T.);
#7923 = EDGE_LOOP('',(#7924,#7925));
#7924 = ORIENTED_EDGE('',*,*,#7150,.F.);
#7925 = ORIENTED_EDGE('',*,*,#6066,.F.);
#7926 = FACE_BOUND('',#7927,.T.);
#7927 = EDGE_LOOP('',(#7928,#7929,#7937,#7943,#7944,#7945,#7946,#7947,
    #7948,#7949));
#7928 = ORIENTED_EDGE('',*,*,#7108,.F.);
#7929 = ORIENTED_EDGE('',*,*,#7930,.F.);
#7930 = EDGE_CURVE('',#7931,#7101,#7933,.T.);
#7931 = VERTEX_POINT('',#7932);
#7932 = CARTESIAN_POINT('',(2.3,-29.30038055098,-3.));
#7933 = LINE('',#7934,#7935);
#7934 = CARTESIAN_POINT('',(2.3,-29.30038055098,-3.));
#7935 = VECTOR('',#7936,1.);
#7936 = DIRECTION('',(0.857492925713,0.514495755428,2.243705021599E-15)
  );
#7937 = ORIENTED_EDGE('',*,*,#7938,.F.);
#7938 = EDGE_CURVE('',#7897,#7931,#7939,.T.);
#7939 = LINE('',#7940,#7941);
#7940 = CARTESIAN_POINT('',(2.3,-31.60038055098,-3.));
#7941 = VECTOR('',#7942,1.);
#7942 = DIRECTION('',(-5.551115123126E-17,1.,4.267245731048E-15));
#7943 = ORIENTED_EDGE('',*,*,#7911,.F.);
#7944 = ORIENTED_EDGE('',*,*,#7194,.F.);
#7945 = ORIENTED_EDGE('',*,*,#7232,.F.);
#7946 = ORIENTED_EDGE('',*,*,#7806,.F.);
#7947 = ORIENTED_EDGE('',*,*,#7837,.F.);
#7948 = ORIENTED_EDGE('',*,*,#7852,.T.);
#7949 = ORIENTED_EDGE('',*,*,#7135,.F.);
#7950 = PLANE('',#7951);
#7951 = AXIS2_PLACEMENT_3D('',#7952,#7953,#7954);
#7952 = CARTESIAN_POINT('',(-7.,-31.60038055098,-3.));
#7953 = DIRECTION('',(-2.313004774319E-17,-4.267245731048E-15,1.));
#7954 = DIRECTION('',(5.551115123126E-17,-1.,-4.267245731048E-15));
#7955 = ADVANCED_FACE('',(#7956),#7974,.T.);
#7956 = FACE_BOUND('',#7957,.T.);
#7957 = EDGE_LOOP('',(#7958,#7966,#7967,#7968));
#7958 = ORIENTED_EDGE('',*,*,#7959,.F.);
#7959 = EDGE_CURVE('',#7171,#7960,#7962,.T.);
#7960 = VERTEX_POINT('',#7961);
#7961 = CARTESIAN_POINT('',(2.3,-29.5,-2.6));
#7962 = LINE('',#7963,#7964);
#7963 = CARTESIAN_POINT('',(3.45,-29.5,-2.6));
#7964 = VECTOR('',#7965,1.);
#7965 = DIRECTION('',(1.,-1.398876808125E-18,1.724213692673E-19));
#7966 = ORIENTED_EDGE('',*,*,#7168,.F.);
#7967 = ORIENTED_EDGE('',*,*,#7904,.F.);
#7968 = ORIENTED_EDGE('',*,*,#7969,.F.);
#7969 = EDGE_CURVE('',#7960,#7895,#7970,.T.);
#7970 = LINE('',#7971,#7972);
#7971 = CARTESIAN_POINT('',(2.3,-14.60038055098,-2.59999999916));
#7972 = VECTOR('',#7973,1.);
#7973 = DIRECTION('',(5.551115123126E-17,-1.,-4.239664175287E-15));
#7974 = PLANE('',#7975);
#7975 = AXIS2_PLACEMENT_3D('',#7976,#7977,#7978);
#7976 = CARTESIAN_POINT('',(-7.,-31.60038055098,-2.6));
#7977 = DIRECTION('',(-2.313004774319E-17,-4.267245731048E-15,1.));
#7978 = DIRECTION('',(5.551115123126E-17,-1.,-4.267245731048E-15));
#7979 = ADVANCED_FACE('',(#7980),#7991,.T.);
#7980 = FACE_BOUND('',#7981,.T.);
#7981 = EDGE_LOOP('',(#7982,#7988,#7989,#7990));
#7982 = ORIENTED_EDGE('',*,*,#7983,.F.);
#7983 = EDGE_CURVE('',#7375,#7281,#7984,.T.);
#7984 = LINE('',#7985,#7986);
#7985 = CARTESIAN_POINT('',(3.45,-29.5,-2.6));
#7986 = VECTOR('',#7987,1.);
#7987 = DIRECTION('',(1.,-1.398876808125E-18,1.724213692673E-19));
#7988 = ORIENTED_EDGE('',*,*,#7374,.F.);
#7989 = ORIENTED_EDGE('',*,*,#7311,.F.);
#7990 = ORIENTED_EDGE('',*,*,#7288,.F.);
#7991 = PLANE('',#7992);
#7992 = AXIS2_PLACEMENT_3D('',#7993,#7994,#7995);
#7993 = CARTESIAN_POINT('',(-7.,-31.60038055098,-2.6));
#7994 = DIRECTION('',(-2.313004774319E-17,-4.267245731048E-15,1.));
#7995 = DIRECTION('',(5.551115123126E-17,-1.,-4.267245731048E-15));
#7996 = ADVANCED_FACE('',(#7997),#8015,.T.);
#7997 = FACE_BOUND('',#7998,.T.);
#7998 = EDGE_LOOP('',(#7999,#8007,#8013,#8014));
#7999 = ORIENTED_EDGE('',*,*,#8000,.F.);
#8000 = EDGE_CURVE('',#8001,#7440,#8003,.T.);
#8001 = VERTEX_POINT('',#8002);
#8002 = CARTESIAN_POINT('',(-2.3,-29.5,-2.6));
#8003 = LINE('',#8004,#8005);
#8004 = CARTESIAN_POINT('',(3.45,-29.5,-2.6));
#8005 = VECTOR('',#8006,1.);
#8006 = DIRECTION('',(1.,-1.398876808125E-18,1.724213692673E-19));
#8007 = ORIENTED_EDGE('',*,*,#8008,.F.);
#8008 = EDGE_CURVE('',#7491,#8001,#8009,.T.);
#8009 = LINE('',#8010,#8011);
#8010 = CARTESIAN_POINT('',(-2.3,-14.60038055098,-2.59999999916));
#8011 = VECTOR('',#8012,1.);
#8012 = DIRECTION('',(-5.551115123126E-17,1.,4.239664175287E-15));
#8013 = ORIENTED_EDGE('',*,*,#7490,.F.);
#8014 = ORIENTED_EDGE('',*,*,#7447,.F.);
#8015 = PLANE('',#8016);
#8016 = AXIS2_PLACEMENT_3D('',#8017,#8018,#8019);
#8017 = CARTESIAN_POINT('',(-7.,-31.60038055098,-2.6));
#8018 = DIRECTION('',(-2.313004774319E-17,-4.267245731048E-15,1.));
#8019 = DIRECTION('',(5.551115123126E-17,-1.,-4.267245731048E-15));
#8020 = ADVANCED_FACE('',(#8021),#8048,.T.);
#8021 = FACE_BOUND('',#8022,.T.);
#8022 = EDGE_LOOP('',(#8023,#8034,#8042));
#8023 = ORIENTED_EDGE('',*,*,#8024,.T.);
#8024 = EDGE_CURVE('',#8025,#8027,#8029,.T.);
#8025 = VERTEX_POINT('',#8026);
#8026 = CARTESIAN_POINT('',(2.9,21.45,-1.8));
#8027 = VERTEX_POINT('',#8028);
#8028 = CARTESIAN_POINT('',(2.9,21.15,-1.626794919243));
#8029 = CIRCLE('',#8030,0.2);
#8030 = AXIS2_PLACEMENT_3D('',#8031,#8032,#8033);
#8031 = CARTESIAN_POINT('',(2.9,21.25,-1.8));
#8032 = DIRECTION('',(1.,0.,-4.336808689942E-16));
#8033 = DIRECTION('',(-4.336808689942E-16,-0.,-1.));
#8034 = ORIENTED_EDGE('',*,*,#8035,.T.);
#8035 = EDGE_CURVE('',#8027,#8036,#8038,.T.);
#8036 = VERTEX_POINT('',#8037);
#8037 = CARTESIAN_POINT('',(2.9,20.85,-1.8));
#8038 = LINE('',#8039,#8040);
#8039 = CARTESIAN_POINT('',(2.9,26.02541651246,1.188028116637));
#8040 = VECTOR('',#8041,1.);
#8041 = DIRECTION('',(-2.168404344971E-16,-0.866025403784,-0.5));
#8042 = ORIENTED_EDGE('',*,*,#8043,.F.);
#8043 = EDGE_CURVE('',#8025,#8036,#8044,.T.);
#8044 = LINE('',#8045,#8046);
#8045 = CARTESIAN_POINT('',(2.9,25.555,-1.8));
#8046 = VECTOR('',#8047,1.);
#8047 = DIRECTION('',(2.845985073862E-32,-1.,9.71445146547E-17));
#8048 = PLANE('',#8049);
#8049 = AXIS2_PLACEMENT_3D('',#8050,#8051,#8052);
#8050 = CARTESIAN_POINT('',(2.9,25.555,-1.9));
#8051 = DIRECTION('',(1.,2.845985073862E-32,-1.739250461734E-48));
#8052 = DIRECTION('',(0.,6.111242387415E-17,1.));
#8053 = ADVANCED_FACE('',(#8054),#8096,.F.);
#8054 = FACE_BOUND('',#8055,.T.);
#8055 = EDGE_LOOP('',(#8056,#8066,#8074,#8082,#8090));
#8056 = ORIENTED_EDGE('',*,*,#8057,.T.);
#8057 = EDGE_CURVE('',#8058,#8060,#8062,.T.);
#8058 = VERTEX_POINT('',#8059);
#8059 = CARTESIAN_POINT('',(3.45,13.2,-1.8));
#8060 = VERTEX_POINT('',#8061);
#8061 = CARTESIAN_POINT('',(3.4,13.2,-1.8));
#8062 = LINE('',#8063,#8064);
#8063 = CARTESIAN_POINT('',(3.45,13.2,-1.8));
#8064 = VECTOR('',#8065,1.);
#8065 = DIRECTION('',(-1.,-6.30668649038E-15,-1.724213692667E-19));
#8066 = ORIENTED_EDGE('',*,*,#8067,.T.);
#8067 = EDGE_CURVE('',#8060,#8068,#8070,.T.);
#8068 = VERTEX_POINT('',#8069);
#8069 = CARTESIAN_POINT('',(2.95,13.2,-1.8));
#8070 = LINE('',#8071,#8072);
#8071 = CARTESIAN_POINT('',(3.45,13.2,-1.8));
#8072 = VECTOR('',#8073,1.);
#8073 = DIRECTION('',(-1.,-6.30668649038E-15,-1.724213692667E-19));
#8074 = ORIENTED_EDGE('',*,*,#8075,.T.);
#8075 = EDGE_CURVE('',#8068,#8076,#8078,.T.);
#8076 = VERTEX_POINT('',#8077);
#8077 = CARTESIAN_POINT('',(2.95,13.2,-2.6));
#8078 = LINE('',#8079,#8080);
#8079 = CARTESIAN_POINT('',(2.95,13.2,-2.601));
#8080 = VECTOR('',#8081,1.);
#8081 = DIRECTION('',(0.,-9.71445146547E-17,-1.));
#8082 = ORIENTED_EDGE('',*,*,#8083,.T.);
#8083 = EDGE_CURVE('',#8076,#8084,#8086,.T.);
#8084 = VERTEX_POINT('',#8085);
#8085 = CARTESIAN_POINT('',(3.45,13.2,-2.6));
#8086 = LINE('',#8087,#8088);
#8087 = CARTESIAN_POINT('',(3.45,13.2,-2.6));
#8088 = VECTOR('',#8089,1.);
#8089 = DIRECTION('',(1.,6.30668649038E-15,1.724213692667E-19));
#8090 = ORIENTED_EDGE('',*,*,#8091,.T.);
#8091 = EDGE_CURVE('',#8084,#8058,#8092,.T.);
#8092 = LINE('',#8093,#8094);
#8093 = CARTESIAN_POINT('',(3.45,13.2,-2.601));
#8094 = VECTOR('',#8095,1.);
#8095 = DIRECTION('',(0.,9.71445146547E-17,1.));
#8096 = PLANE('',#8097);
#8097 = AXIS2_PLACEMENT_3D('',#8098,#8099,#8100);
#8098 = CARTESIAN_POINT('',(3.45,13.2,-2.601));
#8099 = DIRECTION('',(-6.30668649038E-15,1.,-9.71445146547E-17));
#8100 = DIRECTION('',(-1.,-6.30668649038E-15,-1.724213692667E-19));
#8101 = ADVANCED_FACE('',(#8102),#8162,.T.);
#8102 = FACE_BOUND('',#8103,.T.);
#8103 = EDGE_LOOP('',(#8104,#8114,#8123,#8131,#8139,#8148,#8156));
#8104 = ORIENTED_EDGE('',*,*,#8105,.F.);
#8105 = EDGE_CURVE('',#8106,#8108,#8110,.T.);
#8106 = VERTEX_POINT('',#8107);
#8107 = CARTESIAN_POINT('',(2.95,23.5,-2.55));
#8108 = VERTEX_POINT('',#8109);
#8109 = CARTESIAN_POINT('',(2.95,23.5,-2.6));
#8110 = LINE('',#8111,#8112);
#8111 = CARTESIAN_POINT('',(2.95,23.5,-4.5));
#8112 = VECTOR('',#8113,1.);
#8113 = DIRECTION('',(1.724213692673E-19,0.,-1.));
#8114 = ORIENTED_EDGE('',*,*,#8115,.T.);
#8115 = EDGE_CURVE('',#8106,#8116,#8118,.T.);
#8116 = VERTEX_POINT('',#8117);
#8117 = CARTESIAN_POINT('',(2.95,23.2,-2.376794919243));
#8118 = CIRCLE('',#8119,0.2);
#8119 = AXIS2_PLACEMENT_3D('',#8120,#8121,#8122);
#8120 = CARTESIAN_POINT('',(2.95,23.3,-2.55));
#8121 = DIRECTION('',(1.,-1.398876808125E-18,1.724213692673E-19));
#8122 = DIRECTION('',(1.398876808125E-18,1.,2.411962546931E-37));
#8123 = ORIENTED_EDGE('',*,*,#8124,.T.);
#8124 = EDGE_CURVE('',#8116,#8125,#8127,.T.);
#8125 = VERTEX_POINT('',#8126);
#8126 = CARTESIAN_POINT('',(2.95,22.9,-2.55));
#8127 = LINE('',#8128,#8129);
#8128 = CARTESIAN_POINT('',(2.95,26.862676038879,-0.262147922242));
#8129 = VECTOR('',#8130,1.);
#8130 = DIRECTION('',(-1.125252167967E-18,-0.866025403784,-0.5));
#8131 = ORIENTED_EDGE('',*,*,#8132,.F.);
#8132 = EDGE_CURVE('',#8133,#8125,#8135,.T.);
#8133 = VERTEX_POINT('',#8134);
#8134 = CARTESIAN_POINT('',(2.95,21.65,-2.55));
#8135 = LINE('',#8136,#8137);
#8136 = CARTESIAN_POINT('',(2.95,23.5,-2.55));
#8137 = VECTOR('',#8138,1.);
#8138 = DIRECTION('',(1.398876808125E-18,1.,2.115516434118E-16));
#8139 = ORIENTED_EDGE('',*,*,#8140,.T.);
#8140 = EDGE_CURVE('',#8133,#8141,#8143,.T.);
#8141 = VERTEX_POINT('',#8142);
#8142 = CARTESIAN_POINT('',(2.95,21.45,-2.35));
#8143 = CIRCLE('',#8144,0.2);
#8144 = AXIS2_PLACEMENT_3D('',#8145,#8146,#8147);
#8145 = CARTESIAN_POINT('',(2.95,21.65,-2.35));
#8146 = DIRECTION('',(-1.,1.398876808125E-18,-1.724213692673E-19));
#8147 = DIRECTION('',(1.398876808125E-18,1.,2.411962546931E-37));
#8148 = ORIENTED_EDGE('',*,*,#8149,.F.);
#8149 = EDGE_CURVE('',#8150,#8141,#8152,.T.);
#8150 = VERTEX_POINT('',#8151);
#8151 = CARTESIAN_POINT('',(2.95,21.45,-2.6));
#8152 = LINE('',#8153,#8154);
#8153 = CARTESIAN_POINT('',(2.95,21.45,-2.601));
#8154 = VECTOR('',#8155,1.);
#8155 = DIRECTION('',(0.,9.71445146547E-17,1.));
#8156 = ORIENTED_EDGE('',*,*,#8157,.F.);
#8157 = EDGE_CURVE('',#8108,#8150,#8158,.T.);
#8158 = LINE('',#8159,#8160);
#8159 = CARTESIAN_POINT('',(2.95,26.191830219278,-2.6));
#8160 = VECTOR('',#8161,1.);
#8161 = DIRECTION('',(-6.938893903907E-18,-1.,9.71445146547E-17));
#8162 = PLANE('',#8163);
#8163 = AXIS2_PLACEMENT_3D('',#8164,#8165,#8166);
#8164 = CARTESIAN_POINT('',(2.95,26.191830219278,-56.44047677899));
#8165 = DIRECTION('',(1.,-1.398876808125E-18,1.35893208587E-34));
#8166 = DIRECTION('',(0.,9.71445146547E-17,1.));
#8167 = ADVANCED_FACE('',(#8168),#8193,.T.);
#8168 = FACE_BOUND('',#8169,.T.);
#8169 = EDGE_LOOP('',(#8170,#8178,#8186,#8192));
#8170 = ORIENTED_EDGE('',*,*,#8171,.F.);
#8171 = EDGE_CURVE('',#8172,#8150,#8174,.T.);
#8172 = VERTEX_POINT('',#8173);
#8173 = CARTESIAN_POINT('',(3.35,21.45,-2.6));
#8174 = LINE('',#8175,#8176);
#8175 = CARTESIAN_POINT('',(3.45,21.45,-2.6));
#8176 = VECTOR('',#8177,1.);
#8177 = DIRECTION('',(-1.,1.398876808125E-18,-1.724213692673E-19));
#8178 = ORIENTED_EDGE('',*,*,#8179,.F.);
#8179 = EDGE_CURVE('',#8180,#8172,#8182,.T.);
#8180 = VERTEX_POINT('',#8181);
#8181 = CARTESIAN_POINT('',(3.35,23.5,-2.6));
#8182 = LINE('',#8183,#8184);
#8183 = CARTESIAN_POINT('',(3.35,23.5,-2.6));
#8184 = VECTOR('',#8185,1.);
#8185 = DIRECTION('',(2.046973701653E-16,-1.,1.550809096065E-16));
#8186 = ORIENTED_EDGE('',*,*,#8187,.F.);
#8187 = EDGE_CURVE('',#8108,#8180,#8188,.T.);
#8188 = LINE('',#8189,#8190);
#8189 = CARTESIAN_POINT('',(2.9,23.5,-2.6));
#8190 = VECTOR('',#8191,1.);
#8191 = DIRECTION('',(1.,0.,-6.092520311428E-16));
#8192 = ORIENTED_EDGE('',*,*,#8157,.T.);
#8193 = PLANE('',#8194);
#8194 = AXIS2_PLACEMENT_3D('',#8195,#8196,#8197);
#8195 = CARTESIAN_POINT('',(-3.35,25.5,-2.6));
#8196 = DIRECTION('',(6.092520311428E-16,1.550809096065E-16,1.));
#8197 = DIRECTION('',(-5.551115123126E-17,-1.,1.550809096065E-16));
#8198 = ADVANCED_FACE('',(#8199),#8231,.F.);
#8199 = FACE_BOUND('',#8200,.T.);
#8200 = EDGE_LOOP('',(#8201,#8209,#8217,#8225));
#8201 = ORIENTED_EDGE('',*,*,#8202,.F.);
#8202 = EDGE_CURVE('',#8172,#8203,#8205,.T.);
#8203 = VERTEX_POINT('',#8204);
#8204 = CARTESIAN_POINT('',(3.35,18.5,-2.6));
#8205 = LINE('',#8206,#8207);
#8206 = CARTESIAN_POINT('',(3.35,27.,-2.6));
#8207 = VECTOR('',#8208,1.);
#8208 = DIRECTION('',(2.602085213965E-16,-1.,9.71445146547E-17));
#8209 = ORIENTED_EDGE('',*,*,#8210,.F.);
#8210 = EDGE_CURVE('',#8211,#8172,#8213,.T.);
#8211 = VERTEX_POINT('',#8212);
#8212 = CARTESIAN_POINT('',(3.45,21.45,-2.6));
#8213 = LINE('',#8214,#8215);
#8214 = CARTESIAN_POINT('',(3.45,21.45,-2.6));
#8215 = VECTOR('',#8216,1.);
#8216 = DIRECTION('',(-1.,1.398876808125E-18,-1.724213692673E-19));
#8217 = ORIENTED_EDGE('',*,*,#8218,.F.);
#8218 = EDGE_CURVE('',#8219,#8211,#8221,.T.);
#8219 = VERTEX_POINT('',#8220);
#8220 = CARTESIAN_POINT('',(3.45,18.5,-2.6));
#8221 = LINE('',#8222,#8223);
#8222 = CARTESIAN_POINT('',(3.45,27.,-2.6));
#8223 = VECTOR('',#8224,1.);
#8224 = DIRECTION('',(6.938893903907E-18,1.,-9.71445146547E-17));
#8225 = ORIENTED_EDGE('',*,*,#8226,.F.);
#8226 = EDGE_CURVE('',#8203,#8219,#8227,.T.);
#8227 = LINE('',#8228,#8229);
#8228 = CARTESIAN_POINT('',(-3.45,18.5,-2.6));
#8229 = VECTOR('',#8230,1.);
#8230 = DIRECTION('',(1.,7.805001624925E-16,-7.582130947325E-32));
#8231 = PLANE('',#8232);
#8232 = AXIS2_PLACEMENT_3D('',#8233,#8234,#8235);
#8233 = CARTESIAN_POINT('',(-3.45,27.,-2.6));
#8234 = DIRECTION('',(0.,9.71445146547E-17,1.));
#8235 = DIRECTION('',(-6.938893903907E-18,-1.,9.71445146547E-17));
#8236 = ADVANCED_FACE('',(#8237),#8261,.F.);
#8237 = FACE_BOUND('',#8238,.T.);
#8238 = EDGE_LOOP('',(#8239,#8247,#8248,#8254,#8255));
#8239 = ORIENTED_EDGE('',*,*,#8240,.F.);
#8240 = EDGE_CURVE('',#8058,#8241,#8243,.T.);
#8241 = VERTEX_POINT('',#8242);
#8242 = CARTESIAN_POINT('',(3.45,21.45,-1.8));
#8243 = LINE('',#8244,#8245);
#8244 = CARTESIAN_POINT('',(3.45,27.,-1.8));
#8245 = VECTOR('',#8246,1.);
#8246 = DIRECTION('',(6.938893903907E-18,1.,-9.71445146547E-17));
#8247 = ORIENTED_EDGE('',*,*,#8091,.F.);
#8248 = ORIENTED_EDGE('',*,*,#8249,.T.);
#8249 = EDGE_CURVE('',#8084,#8219,#8250,.T.);
#8250 = LINE('',#8251,#8252);
#8251 = CARTESIAN_POINT('',(3.45,27.,-2.6));
#8252 = VECTOR('',#8253,1.);
#8253 = DIRECTION('',(6.938893903907E-18,1.,-9.71445146547E-17));
#8254 = ORIENTED_EDGE('',*,*,#8218,.T.);
#8255 = ORIENTED_EDGE('',*,*,#8256,.T.);
#8256 = EDGE_CURVE('',#8211,#8241,#8257,.T.);
#8257 = LINE('',#8258,#8259);
#8258 = CARTESIAN_POINT('',(3.45,21.45,-2.601));
#8259 = VECTOR('',#8260,1.);
#8260 = DIRECTION('',(0.,9.71445146547E-17,1.));
#8261 = PLANE('',#8262);
#8262 = AXIS2_PLACEMENT_3D('',#8263,#8264,#8265);
#8263 = CARTESIAN_POINT('',(3.45,27.,-1.8));
#8264 = DIRECTION('',(-1.,1.398876808125E-18,-1.35893208587E-34));
#8265 = DIRECTION('',(0.,-9.71445146547E-17,-1.));
#8266 = ADVANCED_FACE('',(#8267),#8300,.T.);
#8267 = FACE_BOUND('',#8268,.T.);
#8268 = EDGE_LOOP('',(#8269,#8277,#8283,#8284,#8285,#8293,#8299));
#8269 = ORIENTED_EDGE('',*,*,#8270,.T.);
#8270 = EDGE_CURVE('',#8036,#8271,#8273,.T.);
#8271 = VERTEX_POINT('',#8272);
#8272 = CARTESIAN_POINT('',(3.4,20.85,-1.8));
#8273 = LINE('',#8274,#8275);
#8274 = CARTESIAN_POINT('',(2.9,20.85,-1.8));
#8275 = VECTOR('',#8276,1.);
#8276 = DIRECTION('',(1.,-0.,-4.336808689942E-16));
#8277 = ORIENTED_EDGE('',*,*,#8278,.T.);
#8278 = EDGE_CURVE('',#8271,#8060,#8279,.T.);
#8279 = LINE('',#8280,#8281);
#8280 = CARTESIAN_POINT('',(3.4,21.45,-1.8));
#8281 = VECTOR('',#8282,1.);
#8282 = DIRECTION('',(0.,-1.,-4.619086178636E-16));
#8283 = ORIENTED_EDGE('',*,*,#8057,.F.);
#8284 = ORIENTED_EDGE('',*,*,#8240,.T.);
#8285 = ORIENTED_EDGE('',*,*,#8286,.F.);
#8286 = EDGE_CURVE('',#8287,#8241,#8289,.T.);
#8287 = VERTEX_POINT('',#8288);
#8288 = CARTESIAN_POINT('',(3.4,21.45,-1.8));
#8289 = LINE('',#8290,#8291);
#8290 = CARTESIAN_POINT('',(3.45,21.45,-1.8));
#8291 = VECTOR('',#8292,1.);
#8292 = DIRECTION('',(1.,-1.398876808125E-18,1.724213692673E-19));
#8293 = ORIENTED_EDGE('',*,*,#8294,.F.);
#8294 = EDGE_CURVE('',#8025,#8287,#8295,.T.);
#8295 = LINE('',#8296,#8297);
#8296 = CARTESIAN_POINT('',(2.9,21.45,-1.8));
#8297 = VECTOR('',#8298,1.);
#8298 = DIRECTION('',(1.,0.,-4.336808689942E-16));
#8299 = ORIENTED_EDGE('',*,*,#8043,.T.);
#8300 = PLANE('',#8301);
#8301 = AXIS2_PLACEMENT_3D('',#8302,#8303,#8304);
#8302 = CARTESIAN_POINT('',(-3.45,27.,-1.8));
#8303 = DIRECTION('',(0.,9.71445146547E-17,1.));
#8304 = DIRECTION('',(-6.938893903907E-18,-1.,9.71445146547E-17));
#8305 = ADVANCED_FACE('',(#8306),#8327,.F.);
#8306 = FACE_BOUND('',#8307,.T.);
#8307 = EDGE_LOOP('',(#8308,#8316,#8322,#8323,#8324,#8325,#8326));
#8308 = ORIENTED_EDGE('',*,*,#8309,.T.);
#8309 = EDGE_CURVE('',#8141,#8310,#8312,.T.);
#8310 = VERTEX_POINT('',#8311);
#8311 = CARTESIAN_POINT('',(3.4,21.45,-2.35));
#8312 = LINE('',#8313,#8314);
#8313 = CARTESIAN_POINT('',(2.9,21.45,-2.35));
#8314 = VECTOR('',#8315,1.);
#8315 = DIRECTION('',(1.,0.,-4.336808689942E-16));
#8316 = ORIENTED_EDGE('',*,*,#8317,.T.);
#8317 = EDGE_CURVE('',#8310,#8287,#8318,.T.);
#8318 = LINE('',#8319,#8320);
#8319 = CARTESIAN_POINT('',(3.4,21.45,-2.55));
#8320 = VECTOR('',#8321,1.);
#8321 = DIRECTION('',(5.782411586589E-16,0.,1.));
#8322 = ORIENTED_EDGE('',*,*,#8286,.T.);
#8323 = ORIENTED_EDGE('',*,*,#8256,.F.);
#8324 = ORIENTED_EDGE('',*,*,#8210,.T.);
#8325 = ORIENTED_EDGE('',*,*,#8171,.T.);
#8326 = ORIENTED_EDGE('',*,*,#8149,.T.);
#8327 = PLANE('',#8328);
#8328 = AXIS2_PLACEMENT_3D('',#8329,#8330,#8331);
#8329 = CARTESIAN_POINT('',(3.45,21.45,-2.601));
#8330 = DIRECTION('',(-6.938893903907E-18,-1.,9.71445146547E-17));
#8331 = DIRECTION('',(0.,-9.71445146547E-17,-1.));
#8332 = ADVANCED_FACE('',(#8333),#8382,.T.);
#8333 = FACE_BOUND('',#8334,.T.);
#8334 = EDGE_LOOP('',(#8335,#8345,#8353,#8359,#8360,#8368,#8376));
#8335 = ORIENTED_EDGE('',*,*,#8336,.F.);
#8336 = EDGE_CURVE('',#8337,#8339,#8341,.T.);
#8337 = VERTEX_POINT('',#8338);
#8338 = CARTESIAN_POINT('',(2.95,11.,-2.6));
#8339 = VERTEX_POINT('',#8340);
#8340 = CARTESIAN_POINT('',(2.95,11.,-2.55));
#8341 = LINE('',#8342,#8343);
#8342 = CARTESIAN_POINT('',(2.95,11.,-2.55));
#8343 = VECTOR('',#8344,1.);
#8344 = DIRECTION('',(-1.724213692673E-19,0.,1.));
#8345 = ORIENTED_EDGE('',*,*,#8346,.F.);
#8346 = EDGE_CURVE('',#8347,#8337,#8349,.T.);
#8347 = VERTEX_POINT('',#8348);
#8348 = CARTESIAN_POINT('',(2.95,11.2,-2.6));
#8349 = LINE('',#8350,#8351);
#8350 = CARTESIAN_POINT('',(2.95,26.191830219278,-2.6));
#8351 = VECTOR('',#8352,1.);
#8352 = DIRECTION('',(-6.938893903907E-18,-1.,9.71445146547E-17));
#8353 = ORIENTED_EDGE('',*,*,#8354,.F.);
#8354 = EDGE_CURVE('',#8076,#8347,#8355,.T.);
#8355 = LINE('',#8356,#8357);
#8356 = CARTESIAN_POINT('',(2.95,26.191830219278,-2.6));
#8357 = VECTOR('',#8358,1.);
#8358 = DIRECTION('',(-6.938893903907E-18,-1.,9.71445146547E-17));
#8359 = ORIENTED_EDGE('',*,*,#8075,.F.);
#8360 = ORIENTED_EDGE('',*,*,#8361,.F.);
#8361 = EDGE_CURVE('',#8362,#8068,#8364,.T.);
#8362 = VERTEX_POINT('',#8363);
#8363 = CARTESIAN_POINT('',(2.95,13.,-1.8));
#8364 = LINE('',#8365,#8366);
#8365 = CARTESIAN_POINT('',(2.95,26.191830219278,-1.8));
#8366 = VECTOR('',#8367,1.);
#8367 = DIRECTION('',(6.938893903907E-18,1.,-9.71445146547E-17));
#8368 = ORIENTED_EDGE('',*,*,#8369,.F.);
#8369 = EDGE_CURVE('',#8370,#8362,#8372,.T.);
#8370 = VERTEX_POINT('',#8371);
#8371 = CARTESIAN_POINT('',(2.95,13.,-2.55));
#8372 = LINE('',#8373,#8374);
#8373 = CARTESIAN_POINT('',(2.95,13.,-1.8));
#8374 = VECTOR('',#8375,1.);
#8375 = DIRECTION('',(-1.724213692673E-19,0.,1.));
#8376 = ORIENTED_EDGE('',*,*,#8377,.F.);
#8377 = EDGE_CURVE('',#8339,#8370,#8378,.T.);
#8378 = LINE('',#8379,#8380);
#8379 = CARTESIAN_POINT('',(2.95,13.,-2.55));
#8380 = VECTOR('',#8381,1.);
#8381 = DIRECTION('',(1.398876808125E-18,1.,2.168404344971E-16));
#8382 = PLANE('',#8383);
#8383 = AXIS2_PLACEMENT_3D('',#8384,#8385,#8386);
#8384 = CARTESIAN_POINT('',(2.95,26.191830219278,-56.44047677899));
#8385 = DIRECTION('',(1.,-1.398876808125E-18,1.35893208587E-34));
#8386 = DIRECTION('',(0.,9.71445146547E-17,1.));
#8387 = ADVANCED_FACE('',(#8388),#8446,.T.);
#8388 = FACE_BOUND('',#8389,.T.);
#8389 = EDGE_LOOP('',(#8390,#8400,#8408,#8416,#8424,#8432,#8440));
#8390 = ORIENTED_EDGE('',*,*,#8391,.F.);
#8391 = EDGE_CURVE('',#8392,#8394,#8396,.T.);
#8392 = VERTEX_POINT('',#8393);
#8393 = CARTESIAN_POINT('',(2.95,-13.,-1.8));
#8394 = VERTEX_POINT('',#8395);
#8395 = CARTESIAN_POINT('',(2.95,-13.,-2.55));
#8396 = LINE('',#8397,#8398);
#8397 = CARTESIAN_POINT('',(2.95,-13.,-1.8));
#8398 = VECTOR('',#8399,1.);
#8399 = DIRECTION('',(1.724213692673E-19,0.,-1.));
#8400 = ORIENTED_EDGE('',*,*,#8401,.F.);
#8401 = EDGE_CURVE('',#8402,#8392,#8404,.T.);
#8402 = VERTEX_POINT('',#8403);
#8403 = CARTESIAN_POINT('',(2.95,-13.2,-1.8));
#8404 = LINE('',#8405,#8406);
#8405 = CARTESIAN_POINT('',(2.95,26.191830219278,-1.8));
#8406 = VECTOR('',#8407,1.);
#8407 = DIRECTION('',(6.938893903907E-18,1.,-9.71445146547E-17));
#8408 = ORIENTED_EDGE('',*,*,#8409,.F.);
#8409 = EDGE_CURVE('',#8410,#8402,#8412,.T.);
#8410 = VERTEX_POINT('',#8411);
#8411 = CARTESIAN_POINT('',(2.95,-13.2,-2.6));
#8412 = LINE('',#8413,#8414);
#8413 = CARTESIAN_POINT('',(2.95,-13.2,-2.601));
#8414 = VECTOR('',#8415,1.);
#8415 = DIRECTION('',(0.,9.71445146547E-17,1.));
#8416 = ORIENTED_EDGE('',*,*,#8417,.F.);
#8417 = EDGE_CURVE('',#8418,#8410,#8420,.T.);
#8418 = VERTEX_POINT('',#8419);
#8419 = CARTESIAN_POINT('',(2.95,-11.2,-2.6));
#8420 = LINE('',#8421,#8422);
#8421 = CARTESIAN_POINT('',(2.95,26.191830219278,-2.6));
#8422 = VECTOR('',#8423,1.);
#8423 = DIRECTION('',(-6.938893903907E-18,-1.,9.71445146547E-17));
#8424 = ORIENTED_EDGE('',*,*,#8425,.F.);
#8425 = EDGE_CURVE('',#8426,#8418,#8428,.T.);
#8426 = VERTEX_POINT('',#8427);
#8427 = CARTESIAN_POINT('',(2.95,-11.,-2.6));
#8428 = LINE('',#8429,#8430);
#8429 = CARTESIAN_POINT('',(2.95,26.191830219278,-2.6));
#8430 = VECTOR('',#8431,1.);
#8431 = DIRECTION('',(-6.938893903907E-18,-1.,9.71445146547E-17));
#8432 = ORIENTED_EDGE('',*,*,#8433,.F.);
#8433 = EDGE_CURVE('',#8434,#8426,#8436,.T.);
#8434 = VERTEX_POINT('',#8435);
#8435 = CARTESIAN_POINT('',(2.95,-11.,-2.55));
#8436 = LINE('',#8437,#8438);
#8437 = CARTESIAN_POINT('',(2.95,-11.,-2.55));
#8438 = VECTOR('',#8439,1.);
#8439 = DIRECTION('',(1.724213692673E-19,0.,-1.));
#8440 = ORIENTED_EDGE('',*,*,#8441,.F.);
#8441 = EDGE_CURVE('',#8394,#8434,#8442,.T.);
#8442 = LINE('',#8443,#8444);
#8443 = CARTESIAN_POINT('',(2.95,-13.,-2.55));
#8444 = VECTOR('',#8445,1.);
#8445 = DIRECTION('',(1.398876808125E-18,1.,-2.168404344971E-16));
#8446 = PLANE('',#8447);
#8447 = AXIS2_PLACEMENT_3D('',#8448,#8449,#8450);
#8448 = CARTESIAN_POINT('',(2.95,26.191830219278,-56.44047677899));
#8449 = DIRECTION('',(1.,-1.398876808125E-18,1.35893208587E-34));
#8450 = DIRECTION('',(0.,9.71445146547E-17,1.));
#8451 = ADVANCED_FACE('',(#8452),#8510,.T.);
#8452 = FACE_BOUND('',#8453,.T.);
#8453 = EDGE_LOOP('',(#8454,#8464,#8472,#8480,#8488,#8496,#8504));
#8454 = ORIENTED_EDGE('',*,*,#8455,.F.);
#8455 = EDGE_CURVE('',#8456,#8458,#8460,.T.);
#8456 = VERTEX_POINT('',#8457);
#8457 = CARTESIAN_POINT('',(2.95,-9.,-2.6));
#8458 = VERTEX_POINT('',#8459);
#8459 = CARTESIAN_POINT('',(2.95,-9.,-2.55));
#8460 = LINE('',#8461,#8462);
#8461 = CARTESIAN_POINT('',(2.95,-9.,-2.55));
#8462 = VECTOR('',#8463,1.);
#8463 = DIRECTION('',(-1.724213692673E-19,0.,1.));
#8464 = ORIENTED_EDGE('',*,*,#8465,.F.);
#8465 = EDGE_CURVE('',#8466,#8456,#8468,.T.);
#8466 = VERTEX_POINT('',#8467);
#8467 = CARTESIAN_POINT('',(2.95,-8.8,-2.6));
#8468 = LINE('',#8469,#8470);
#8469 = CARTESIAN_POINT('',(2.95,26.191830219278,-2.6));
#8470 = VECTOR('',#8471,1.);
#8471 = DIRECTION('',(-6.938893903907E-18,-1.,9.71445146547E-17));
#8472 = ORIENTED_EDGE('',*,*,#8473,.F.);
#8473 = EDGE_CURVE('',#8474,#8466,#8476,.T.);
#8474 = VERTEX_POINT('',#8475);
#8475 = CARTESIAN_POINT('',(2.95,-6.8,-2.6));
#8476 = LINE('',#8477,#8478);
#8477 = CARTESIAN_POINT('',(2.95,26.191830219278,-2.6));
#8478 = VECTOR('',#8479,1.);
#8479 = DIRECTION('',(-6.938893903907E-18,-1.,9.71445146547E-17));
#8480 = ORIENTED_EDGE('',*,*,#8481,.F.);
#8481 = EDGE_CURVE('',#8482,#8474,#8484,.T.);
#8482 = VERTEX_POINT('',#8483);
#8483 = CARTESIAN_POINT('',(2.95,-6.8,-1.8));
#8484 = LINE('',#8485,#8486);
#8485 = CARTESIAN_POINT('',(2.95,-6.8,-2.601));
#8486 = VECTOR('',#8487,1.);
#8487 = DIRECTION('',(0.,-9.71445146547E-17,-1.));
#8488 = ORIENTED_EDGE('',*,*,#8489,.F.);
#8489 = EDGE_CURVE('',#8490,#8482,#8492,.T.);
#8490 = VERTEX_POINT('',#8491);
#8491 = CARTESIAN_POINT('',(2.95,-7.,-1.8));
#8492 = LINE('',#8493,#8494);
#8493 = CARTESIAN_POINT('',(2.95,26.191830219278,-1.8));
#8494 = VECTOR('',#8495,1.);
#8495 = DIRECTION('',(6.938893903907E-18,1.,-9.71445146547E-17));
#8496 = ORIENTED_EDGE('',*,*,#8497,.F.);
#8497 = EDGE_CURVE('',#8498,#8490,#8500,.T.);
#8498 = VERTEX_POINT('',#8499);
#8499 = CARTESIAN_POINT('',(2.95,-7.,-2.55));
#8500 = LINE('',#8501,#8502);
#8501 = CARTESIAN_POINT('',(2.95,-7.,-2.55));
#8502 = VECTOR('',#8503,1.);
#8503 = DIRECTION('',(-1.724213692673E-19,0.,1.));
#8504 = ORIENTED_EDGE('',*,*,#8505,.F.);
#8505 = EDGE_CURVE('',#8458,#8498,#8506,.T.);
#8506 = LINE('',#8507,#8508);
#8507 = CARTESIAN_POINT('',(2.95,-9.,-2.55));
#8508 = VECTOR('',#8509,1.);
#8509 = DIRECTION('',(1.398876808125E-18,1.,-4.336808689942E-16));
#8510 = PLANE('',#8511);
#8511 = AXIS2_PLACEMENT_3D('',#8512,#8513,#8514);
#8512 = CARTESIAN_POINT('',(2.95,26.191830219278,-56.44047677899));
#8513 = DIRECTION('',(1.,-1.398876808125E-18,1.35893208587E-34));
#8514 = DIRECTION('',(0.,9.71445146547E-17,1.));
#8515 = ADVANCED_FACE('',(#8516),#8550,.F.);
#8516 = FACE_BOUND('',#8517,.T.);
#8517 = EDGE_LOOP('',(#8518,#8528,#8536,#8544));
#8518 = ORIENTED_EDGE('',*,*,#8519,.F.);
#8519 = EDGE_CURVE('',#8520,#8522,#8524,.T.);
#8520 = VERTEX_POINT('',#8521);
#8521 = CARTESIAN_POINT('',(3.45,-6.8,-1.8));
#8522 = VERTEX_POINT('',#8523);
#8523 = CARTESIAN_POINT('',(3.45,6.8,-1.8));
#8524 = LINE('',#8525,#8526);
#8525 = CARTESIAN_POINT('',(3.45,27.,-1.8));
#8526 = VECTOR('',#8527,1.);
#8527 = DIRECTION('',(6.938893903907E-18,1.,-9.71445146547E-17));
#8528 = ORIENTED_EDGE('',*,*,#8529,.F.);
#8529 = EDGE_CURVE('',#8530,#8520,#8532,.T.);
#8530 = VERTEX_POINT('',#8531);
#8531 = CARTESIAN_POINT('',(3.45,-6.8,-2.6));
#8532 = LINE('',#8533,#8534);
#8533 = CARTESIAN_POINT('',(3.45,-6.8,-2.601));
#8534 = VECTOR('',#8535,1.);
#8535 = DIRECTION('',(0.,9.71445146547E-17,1.));
#8536 = ORIENTED_EDGE('',*,*,#8537,.T.);
#8537 = EDGE_CURVE('',#8530,#8538,#8540,.T.);
#8538 = VERTEX_POINT('',#8539);
#8539 = CARTESIAN_POINT('',(3.45,6.8,-2.6));
#8540 = LINE('',#8541,#8542);
#8541 = CARTESIAN_POINT('',(3.45,27.,-2.6));
#8542 = VECTOR('',#8543,1.);
#8543 = DIRECTION('',(6.938893903907E-18,1.,-9.71445146547E-17));
#8544 = ORIENTED_EDGE('',*,*,#8545,.T.);
#8545 = EDGE_CURVE('',#8538,#8522,#8546,.T.);
#8546 = LINE('',#8547,#8548);
#8547 = CARTESIAN_POINT('',(3.45,6.8,-2.601));
#8548 = VECTOR('',#8549,1.);
#8549 = DIRECTION('',(0.,9.71445146547E-17,1.));
#8550 = PLANE('',#8551);
#8551 = AXIS2_PLACEMENT_3D('',#8552,#8553,#8554);
#8552 = CARTESIAN_POINT('',(3.45,27.,-1.8));
#8553 = DIRECTION('',(-1.,1.398876808125E-18,-1.35893208587E-34));
#8554 = DIRECTION('',(0.,-9.71445146547E-17,-1.));
#8555 = ADVANCED_FACE('',(#8556),#8581,.T.);
#8556 = FACE_BOUND('',#8557,.T.);
#8557 = EDGE_LOOP('',(#8558,#8566,#8574,#8580));
#8558 = ORIENTED_EDGE('',*,*,#8559,.F.);
#8559 = EDGE_CURVE('',#8560,#8522,#8562,.T.);
#8560 = VERTEX_POINT('',#8561);
#8561 = CARTESIAN_POINT('',(3.4,6.8,-1.8));
#8562 = LINE('',#8563,#8564);
#8563 = CARTESIAN_POINT('',(3.45,6.8,-1.8));
#8564 = VECTOR('',#8565,1.);
#8565 = DIRECTION('',(1.,-1.398876808125E-18,1.724213692673E-19));
#8566 = ORIENTED_EDGE('',*,*,#8567,.T.);
#8567 = EDGE_CURVE('',#8560,#8568,#8570,.T.);
#8568 = VERTEX_POINT('',#8569);
#8569 = CARTESIAN_POINT('',(3.4,-6.8,-1.8));
#8570 = LINE('',#8571,#8572);
#8571 = CARTESIAN_POINT('',(3.4,7.,-1.8));
#8572 = VECTOR('',#8573,1.);
#8573 = DIRECTION('',(0.,-1.,0.));
#8574 = ORIENTED_EDGE('',*,*,#8575,.F.);
#8575 = EDGE_CURVE('',#8520,#8568,#8576,.T.);
#8576 = LINE('',#8577,#8578);
#8577 = CARTESIAN_POINT('',(3.45,-6.8,-1.8));
#8578 = VECTOR('',#8579,1.);
#8579 = DIRECTION('',(-1.,-3.152643806786E-15,-1.72421369267E-19));
#8580 = ORIENTED_EDGE('',*,*,#8519,.T.);
#8581 = PLANE('',#8582);
#8582 = AXIS2_PLACEMENT_3D('',#8583,#8584,#8585);
#8583 = CARTESIAN_POINT('',(-3.45,27.,-1.8));
#8584 = DIRECTION('',(0.,9.71445146547E-17,1.));
#8585 = DIRECTION('',(-6.938893903907E-18,-1.,9.71445146547E-17));
#8586 = ADVANCED_FACE('',(#8587),#8621,.T.);
#8587 = FACE_BOUND('',#8588,.T.);
#8588 = EDGE_LOOP('',(#8589,#8599,#8607,#8615));
#8589 = ORIENTED_EDGE('',*,*,#8590,.F.);
#8590 = EDGE_CURVE('',#8591,#8593,#8595,.T.);
#8591 = VERTEX_POINT('',#8592);
#8592 = CARTESIAN_POINT('',(-2.9,25.555,-1.8));
#8593 = VERTEX_POINT('',#8594);
#8594 = CARTESIAN_POINT('',(2.9,25.555,-1.8));
#8595 = LINE('',#8596,#8597);
#8596 = CARTESIAN_POINT('',(2.9,25.555,-1.8));
#8597 = VECTOR('',#8598,1.);
#8598 = DIRECTION('',(1.,-5.979140166409E-32,5.808406695182E-48));
#8599 = ORIENTED_EDGE('',*,*,#8600,.T.);
#8600 = EDGE_CURVE('',#8591,#8601,#8603,.T.);
#8601 = VERTEX_POINT('',#8602);
#8602 = CARTESIAN_POINT('',(-2.9,25.555,-0.5));
#8603 = LINE('',#8604,#8605);
#8604 = CARTESIAN_POINT('',(-2.9,25.555,-1.9));
#8605 = VECTOR('',#8606,1.);
#8606 = DIRECTION('',(0.,6.111242387415E-17,1.));
#8607 = ORIENTED_EDGE('',*,*,#8608,.F.);
#8608 = EDGE_CURVE('',#8609,#8601,#8611,.T.);
#8609 = VERTEX_POINT('',#8610);
#8610 = CARTESIAN_POINT('',(2.9,25.555,-0.5));
#8611 = LINE('',#8612,#8613);
#8612 = CARTESIAN_POINT('',(-2.9,25.555,-0.5));
#8613 = VECTOR('',#8614,1.);
#8614 = DIRECTION('',(-1.,7.101757180693E-32,1.836970198721E-16));
#8615 = ORIENTED_EDGE('',*,*,#8616,.F.);
#8616 = EDGE_CURVE('',#8593,#8609,#8617,.T.);
#8617 = LINE('',#8618,#8619);
#8618 = CARTESIAN_POINT('',(2.9,25.555,-1.9));
#8619 = VECTOR('',#8620,1.);
#8620 = DIRECTION('',(0.,6.111242387415E-17,1.));
#8621 = PLANE('',#8622);
#8622 = AXIS2_PLACEMENT_3D('',#8623,#8624,#8625);
#8623 = CARTESIAN_POINT('',(2.9,25.555,-1.9));
#8624 = DIRECTION('',(5.979140166409E-32,1.,-6.111242387415E-17));
#8625 = DIRECTION('',(0.,6.111242387415E-17,1.));
#8626 = ADVANCED_FACE('',(#8627),#8734,.T.);
#8627 = FACE_BOUND('',#8628,.T.);
#8628 = EDGE_LOOP('',(#8629,#8639,#8647,#8655,#8663,#8672,#8680,#8689,
    #8697,#8705,#8713,#8721,#8727,#8728));
#8629 = ORIENTED_EDGE('',*,*,#8630,.T.);
#8630 = EDGE_CURVE('',#8631,#8633,#8635,.T.);
#8631 = VERTEX_POINT('',#8632);
#8632 = CARTESIAN_POINT('',(2.9,26.3,-1.8));
#8633 = VERTEX_POINT('',#8634);
#8634 = CARTESIAN_POINT('',(3.4,26.3,-1.8));
#8635 = LINE('',#8636,#8637);
#8636 = CARTESIAN_POINT('',(2.9,26.3,-1.8));
#8637 = VECTOR('',#8638,1.);
#8638 = DIRECTION('',(1.,0.,-4.336808689942E-16));
#8639 = ORIENTED_EDGE('',*,*,#8640,.T.);
#8640 = EDGE_CURVE('',#8633,#8641,#8643,.T.);
#8641 = VERTEX_POINT('',#8642);
#8642 = CARTESIAN_POINT('',(3.4,25.7,-1.8));
#8643 = LINE('',#8644,#8645);
#8644 = CARTESIAN_POINT('',(3.4,26.3,-1.8));
#8645 = VECTOR('',#8646,1.);
#8646 = DIRECTION('',(0.,-1.,0.));
#8647 = ORIENTED_EDGE('',*,*,#8648,.F.);
#8648 = EDGE_CURVE('',#8649,#8641,#8651,.T.);
#8649 = VERTEX_POINT('',#8650);
#8650 = CARTESIAN_POINT('',(3.45,25.7,-1.8));
#8651 = LINE('',#8652,#8653);
#8652 = CARTESIAN_POINT('',(3.45,25.7,-1.8));
#8653 = VECTOR('',#8654,1.);
#8654 = DIRECTION('',(-1.,1.398876808125E-18,-1.724213692673E-19));
#8655 = ORIENTED_EDGE('',*,*,#8656,.T.);
#8656 = EDGE_CURVE('',#8649,#8657,#8659,.T.);
#8657 = VERTEX_POINT('',#8658);
#8658 = CARTESIAN_POINT('',(3.45,26.8,-1.8));
#8659 = LINE('',#8660,#8661);
#8660 = CARTESIAN_POINT('',(3.45,27.,-1.8));
#8661 = VECTOR('',#8662,1.);
#8662 = DIRECTION('',(6.938893903907E-18,1.,-9.71445146547E-17));
#8663 = ORIENTED_EDGE('',*,*,#8664,.T.);
#8664 = EDGE_CURVE('',#8657,#8665,#8667,.T.);
#8665 = VERTEX_POINT('',#8666);
#8666 = CARTESIAN_POINT('',(3.25,27.,-1.8));
#8667 = CIRCLE('',#8668,0.2);
#8668 = AXIS2_PLACEMENT_3D('',#8669,#8670,#8671);
#8669 = CARTESIAN_POINT('',(3.25,26.8,-1.8));
#8670 = DIRECTION('',(0.,9.71445146547E-17,1.));
#8671 = DIRECTION('',(0.,-1.,9.71445146547E-17));
#8672 = ORIENTED_EDGE('',*,*,#8673,.T.);
#8673 = EDGE_CURVE('',#8665,#8674,#8676,.T.);
#8674 = VERTEX_POINT('',#8675);
#8675 = CARTESIAN_POINT('',(-3.25,27.,-1.8));
#8676 = LINE('',#8677,#8678);
#8677 = CARTESIAN_POINT('',(3.45,27.,-1.8));
#8678 = VECTOR('',#8679,1.);
#8679 = DIRECTION('',(-1.,1.398876808125E-18,-1.724213692673E-19));
#8680 = ORIENTED_EDGE('',*,*,#8681,.T.);
#8681 = EDGE_CURVE('',#8674,#8682,#8684,.T.);
#8682 = VERTEX_POINT('',#8683);
#8683 = CARTESIAN_POINT('',(-3.45,26.8,-1.8));
#8684 = CIRCLE('',#8685,0.2);
#8685 = AXIS2_PLACEMENT_3D('',#8686,#8687,#8688);
#8686 = CARTESIAN_POINT('',(-3.25,26.8,-1.8));
#8687 = DIRECTION('',(0.,9.71445146547E-17,1.));
#8688 = DIRECTION('',(0.,-1.,9.71445146547E-17));
#8689 = ORIENTED_EDGE('',*,*,#8690,.T.);
#8690 = EDGE_CURVE('',#8682,#8691,#8693,.T.);
#8691 = VERTEX_POINT('',#8692);
#8692 = CARTESIAN_POINT('',(-3.45,25.7,-1.8));
#8693 = LINE('',#8694,#8695);
#8694 = CARTESIAN_POINT('',(-3.45,27.,-1.8));
#8695 = VECTOR('',#8696,1.);
#8696 = DIRECTION('',(-6.938893903907E-18,-1.,9.71445146547E-17));
#8697 = ORIENTED_EDGE('',*,*,#8698,.F.);
#8698 = EDGE_CURVE('',#8699,#8691,#8701,.T.);
#8699 = VERTEX_POINT('',#8700);
#8700 = CARTESIAN_POINT('',(-3.4,25.7,-1.8));
#8701 = LINE('',#8702,#8703);
#8702 = CARTESIAN_POINT('',(-3.45,25.7,-1.8));
#8703 = VECTOR('',#8704,1.);
#8704 = DIRECTION('',(-1.,1.398876808125E-18,-1.724213692673E-19));
#8705 = ORIENTED_EDGE('',*,*,#8706,.T.);
#8706 = EDGE_CURVE('',#8699,#8707,#8709,.T.);
#8707 = VERTEX_POINT('',#8708);
#8708 = CARTESIAN_POINT('',(-3.4,26.3,-1.8));
#8709 = LINE('',#8710,#8711);
#8710 = CARTESIAN_POINT('',(-3.4,26.3,-1.8));
#8711 = VECTOR('',#8712,1.);
#8712 = DIRECTION('',(0.,1.,0.));
#8713 = ORIENTED_EDGE('',*,*,#8714,.F.);
#8714 = EDGE_CURVE('',#8715,#8707,#8717,.T.);
#8715 = VERTEX_POINT('',#8716);
#8716 = CARTESIAN_POINT('',(-2.9,26.3,-1.8));
#8717 = LINE('',#8718,#8719);
#8718 = CARTESIAN_POINT('',(-2.9,26.3,-1.8));
#8719 = VECTOR('',#8720,1.);
#8720 = DIRECTION('',(-1.,0.,0.));
#8721 = ORIENTED_EDGE('',*,*,#8722,.F.);
#8722 = EDGE_CURVE('',#8591,#8715,#8723,.T.);
#8723 = LINE('',#8724,#8725);
#8724 = CARTESIAN_POINT('',(-2.9,26.3,-1.8));
#8725 = VECTOR('',#8726,1.);
#8726 = DIRECTION('',(0.,1.,0.));
#8727 = ORIENTED_EDGE('',*,*,#8590,.T.);
#8728 = ORIENTED_EDGE('',*,*,#8729,.F.);
#8729 = EDGE_CURVE('',#8631,#8593,#8730,.T.);
#8730 = LINE('',#8731,#8732);
#8731 = CARTESIAN_POINT('',(2.9,26.3,-1.8));
#8732 = VECTOR('',#8733,1.);
#8733 = DIRECTION('',(0.,-1.,0.));
#8734 = PLANE('',#8735);
#8735 = AXIS2_PLACEMENT_3D('',#8736,#8737,#8738);
#8736 = CARTESIAN_POINT('',(-3.45,27.,-1.8));
#8737 = DIRECTION('',(0.,9.71445146547E-17,1.));
#8738 = DIRECTION('',(-6.938893903907E-18,-1.,9.71445146547E-17));
#8739 = ADVANCED_FACE('',(#8740),#8773,.F.);
#8740 = FACE_BOUND('',#8741,.T.);
#8741 = EDGE_LOOP('',(#8742,#8743,#8751,#8759,#8767));
#8742 = ORIENTED_EDGE('',*,*,#8648,.T.);
#8743 = ORIENTED_EDGE('',*,*,#8744,.T.);
#8744 = EDGE_CURVE('',#8641,#8745,#8747,.T.);
#8745 = VERTEX_POINT('',#8746);
#8746 = CARTESIAN_POINT('',(2.95,25.7,-1.8));
#8747 = LINE('',#8748,#8749);
#8748 = CARTESIAN_POINT('',(3.45,25.7,-1.8));
#8749 = VECTOR('',#8750,1.);
#8750 = DIRECTION('',(-1.,1.398876808125E-18,-1.724213692673E-19));
#8751 = ORIENTED_EDGE('',*,*,#8752,.T.);
#8752 = EDGE_CURVE('',#8745,#8753,#8755,.T.);
#8753 = VERTEX_POINT('',#8754);
#8754 = CARTESIAN_POINT('',(2.95,25.7,-2.6));
#8755 = LINE('',#8756,#8757);
#8756 = CARTESIAN_POINT('',(2.95,25.7,-2.601));
#8757 = VECTOR('',#8758,1.);
#8758 = DIRECTION('',(0.,-9.71445146547E-17,-1.));
#8759 = ORIENTED_EDGE('',*,*,#8760,.T.);
#8760 = EDGE_CURVE('',#8753,#8761,#8763,.T.);
#8761 = VERTEX_POINT('',#8762);
#8762 = CARTESIAN_POINT('',(3.45,25.7,-2.6));
#8763 = LINE('',#8764,#8765);
#8764 = CARTESIAN_POINT('',(3.45,25.7,-2.6));
#8765 = VECTOR('',#8766,1.);
#8766 = DIRECTION('',(1.,-1.398876808125E-18,1.724213692673E-19));
#8767 = ORIENTED_EDGE('',*,*,#8768,.T.);
#8768 = EDGE_CURVE('',#8761,#8649,#8769,.T.);
#8769 = LINE('',#8770,#8771);
#8770 = CARTESIAN_POINT('',(3.45,25.7,-2.601));
#8771 = VECTOR('',#8772,1.);
#8772 = DIRECTION('',(0.,9.71445146547E-17,1.));
#8773 = PLANE('',#8774);
#8774 = AXIS2_PLACEMENT_3D('',#8775,#8776,#8777);
#8775 = CARTESIAN_POINT('',(3.45,25.7,-2.601));
#8776 = DIRECTION('',(6.938893903907E-18,1.,-9.71445146547E-17));
#8777 = DIRECTION('',(0.,9.71445146547E-17,1.));
#8778 = ADVANCED_FACE('',(#8779),#8797,.F.);
#8779 = FACE_BOUND('',#8780,.T.);
#8780 = EDGE_LOOP('',(#8781,#8789,#8795,#8796));
#8781 = ORIENTED_EDGE('',*,*,#8782,.T.);
#8782 = EDGE_CURVE('',#8761,#8783,#8785,.T.);
#8783 = VERTEX_POINT('',#8784);
#8784 = CARTESIAN_POINT('',(3.45,26.8,-2.6));
#8785 = LINE('',#8786,#8787);
#8786 = CARTESIAN_POINT('',(3.45,27.,-2.6));
#8787 = VECTOR('',#8788,1.);
#8788 = DIRECTION('',(6.938893903907E-18,1.,-9.71445146547E-17));
#8789 = ORIENTED_EDGE('',*,*,#8790,.T.);
#8790 = EDGE_CURVE('',#8783,#8657,#8791,.T.);
#8791 = LINE('',#8792,#8793);
#8792 = CARTESIAN_POINT('',(3.45,26.8,-1.8));
#8793 = VECTOR('',#8794,1.);
#8794 = DIRECTION('',(-0.,9.71445146547E-17,1.));
#8795 = ORIENTED_EDGE('',*,*,#8656,.F.);
#8796 = ORIENTED_EDGE('',*,*,#8768,.F.);
#8797 = PLANE('',#8798);
#8798 = AXIS2_PLACEMENT_3D('',#8799,#8800,#8801);
#8799 = CARTESIAN_POINT('',(3.45,27.,-1.8));
#8800 = DIRECTION('',(-1.,1.398876808125E-18,-1.35893208587E-34));
#8801 = DIRECTION('',(0.,-9.71445146547E-17,-1.));
#8802 = ADVANCED_FACE('',(#8803),#8822,.T.);
#8803 = FACE_BOUND('',#8804,.T.);
#8804 = EDGE_LOOP('',(#8805,#8806,#8807,#8816));
#8805 = ORIENTED_EDGE('',*,*,#8664,.F.);
#8806 = ORIENTED_EDGE('',*,*,#8790,.F.);
#8807 = ORIENTED_EDGE('',*,*,#8808,.F.);
#8808 = EDGE_CURVE('',#8809,#8783,#8811,.T.);
#8809 = VERTEX_POINT('',#8810);
#8810 = CARTESIAN_POINT('',(3.25,27.,-2.6));
#8811 = CIRCLE('',#8812,0.2);
#8812 = AXIS2_PLACEMENT_3D('',#8813,#8814,#8815);
#8813 = CARTESIAN_POINT('',(3.25,26.8,-2.6));
#8814 = DIRECTION('',(-0.,-9.71445146547E-17,-1.));
#8815 = DIRECTION('',(0.,-1.,9.71445146547E-17));
#8816 = ORIENTED_EDGE('',*,*,#8817,.F.);
#8817 = EDGE_CURVE('',#8665,#8809,#8818,.T.);
#8818 = LINE('',#8819,#8820);
#8819 = CARTESIAN_POINT('',(3.25,27.,-1.8));
#8820 = VECTOR('',#8821,1.);
#8821 = DIRECTION('',(0.,-9.71445146547E-17,-1.));
#8822 = CYLINDRICAL_SURFACE('',#8823,0.2);
#8823 = AXIS2_PLACEMENT_3D('',#8824,#8825,#8826);
#8824 = CARTESIAN_POINT('',(3.25,26.8,-1.8));
#8825 = DIRECTION('',(0.,-9.71445146547E-17,-1.));
#8826 = DIRECTION('',(0.,1.,-9.71445146547E-17));
#8827 = ADVANCED_FACE('',(#8828),#8846,.F.);
#8828 = FACE_BOUND('',#8829,.T.);
#8829 = EDGE_LOOP('',(#8830,#8838,#8844,#8845));
#8830 = ORIENTED_EDGE('',*,*,#8831,.T.);
#8831 = EDGE_CURVE('',#8809,#8832,#8834,.T.);
#8832 = VERTEX_POINT('',#8833);
#8833 = CARTESIAN_POINT('',(-3.25,27.,-2.6));
#8834 = LINE('',#8835,#8836);
#8835 = CARTESIAN_POINT('',(3.45,27.,-2.6));
#8836 = VECTOR('',#8837,1.);
#8837 = DIRECTION('',(-1.,1.398876808125E-18,-1.724213692673E-19));
#8838 = ORIENTED_EDGE('',*,*,#8839,.T.);
#8839 = EDGE_CURVE('',#8832,#8674,#8840,.T.);
#8840 = LINE('',#8841,#8842);
#8841 = CARTESIAN_POINT('',(-3.25,27.,-1.8));
#8842 = VECTOR('',#8843,1.);
#8843 = DIRECTION('',(-0.,9.71445146547E-17,1.));
#8844 = ORIENTED_EDGE('',*,*,#8673,.F.);
#8845 = ORIENTED_EDGE('',*,*,#8817,.T.);
#8846 = PLANE('',#8847);
#8847 = AXIS2_PLACEMENT_3D('',#8848,#8849,#8850);
#8848 = CARTESIAN_POINT('',(3.45,27.,-1.8));
#8849 = DIRECTION('',(-6.938893903907E-18,-1.,9.71445146547E-17));
#8850 = DIRECTION('',(0.,-9.71445146547E-17,-1.));
#8851 = ADVANCED_FACE('',(#8852),#8871,.T.);
#8852 = FACE_BOUND('',#8853,.T.);
#8853 = EDGE_LOOP('',(#8854,#8855,#8856,#8865));
#8854 = ORIENTED_EDGE('',*,*,#8681,.F.);
#8855 = ORIENTED_EDGE('',*,*,#8839,.F.);
#8856 = ORIENTED_EDGE('',*,*,#8857,.F.);
#8857 = EDGE_CURVE('',#8858,#8832,#8860,.T.);
#8858 = VERTEX_POINT('',#8859);
#8859 = CARTESIAN_POINT('',(-3.45,26.8,-2.6));
#8860 = CIRCLE('',#8861,0.2);
#8861 = AXIS2_PLACEMENT_3D('',#8862,#8863,#8864);
#8862 = CARTESIAN_POINT('',(-3.25,26.8,-2.6));
#8863 = DIRECTION('',(-0.,-9.71445146547E-17,-1.));
#8864 = DIRECTION('',(0.,-1.,9.71445146547E-17));
#8865 = ORIENTED_EDGE('',*,*,#8866,.F.);
#8866 = EDGE_CURVE('',#8682,#8858,#8867,.T.);
#8867 = LINE('',#8868,#8869);
#8868 = CARTESIAN_POINT('',(-3.45,26.8,-1.8));
#8869 = VECTOR('',#8870,1.);
#8870 = DIRECTION('',(0.,-9.71445146547E-17,-1.));
#8871 = CYLINDRICAL_SURFACE('',#8872,0.2);
#8872 = AXIS2_PLACEMENT_3D('',#8873,#8874,#8875);
#8873 = CARTESIAN_POINT('',(-3.25,26.8,-1.8));
#8874 = DIRECTION('',(0.,-9.71445146547E-17,-1.));
#8875 = DIRECTION('',(0.,1.,-9.71445146547E-17));
#8876 = ADVANCED_FACE('',(#8877),#8895,.F.);
#8877 = FACE_BOUND('',#8878,.T.);
#8878 = EDGE_LOOP('',(#8879,#8880,#8881,#8889));
#8879 = ORIENTED_EDGE('',*,*,#8690,.F.);
#8880 = ORIENTED_EDGE('',*,*,#8866,.T.);
#8881 = ORIENTED_EDGE('',*,*,#8882,.T.);
#8882 = EDGE_CURVE('',#8858,#8883,#8885,.T.);
#8883 = VERTEX_POINT('',#8884);
#8884 = CARTESIAN_POINT('',(-3.45,25.7,-2.6));
#8885 = LINE('',#8886,#8887);
#8886 = CARTESIAN_POINT('',(-3.45,27.,-2.6));
#8887 = VECTOR('',#8888,1.);
#8888 = DIRECTION('',(-6.938893903907E-18,-1.,9.71445146547E-17));
#8889 = ORIENTED_EDGE('',*,*,#8890,.T.);
#8890 = EDGE_CURVE('',#8883,#8691,#8891,.T.);
#8891 = LINE('',#8892,#8893);
#8892 = CARTESIAN_POINT('',(-3.45,25.7,-2.601));
#8893 = VECTOR('',#8894,1.);
#8894 = DIRECTION('',(0.,9.71445146547E-17,1.));
#8895 = PLANE('',#8896);
#8896 = AXIS2_PLACEMENT_3D('',#8897,#8898,#8899);
#8897 = CARTESIAN_POINT('',(-3.45,27.,-1.8));
#8898 = DIRECTION('',(1.,-1.398876808125E-18,1.35893208587E-34));
#8899 = DIRECTION('',(0.,9.71445146547E-17,1.));
#8900 = ADVANCED_FACE('',(#8901),#8935,.T.);
#8901 = FACE_BOUND('',#8902,.T.);
#8902 = EDGE_LOOP('',(#8903,#8913,#8921,#8929));
#8903 = ORIENTED_EDGE('',*,*,#8904,.F.);
#8904 = EDGE_CURVE('',#8905,#8907,#8909,.T.);
#8905 = VERTEX_POINT('',#8906);
#8906 = CARTESIAN_POINT('',(-3.35,13.2,-2.6));
#8907 = VERTEX_POINT('',#8908);
#8908 = CARTESIAN_POINT('',(-2.95,13.2,-2.6));
#8909 = LINE('',#8910,#8911);
#8910 = CARTESIAN_POINT('',(-3.45,13.2,-2.6));
#8911 = VECTOR('',#8912,1.);
#8912 = DIRECTION('',(1.,-3.155441560402E-15,1.724213692676E-19));
#8913 = ORIENTED_EDGE('',*,*,#8914,.T.);
#8914 = EDGE_CURVE('',#8905,#8915,#8917,.T.);
#8915 = VERTEX_POINT('',#8916);
#8916 = CARTESIAN_POINT('',(-3.35,11.2,-2.6));
#8917 = LINE('',#8918,#8919);
#8918 = CARTESIAN_POINT('',(-3.35,25.5,-2.6));
#8919 = VECTOR('',#8920,1.);
#8920 = DIRECTION('',(-6.401469768212E-17,-1.,1.550809096065E-16));
#8921 = ORIENTED_EDGE('',*,*,#8922,.F.);
#8922 = EDGE_CURVE('',#8923,#8915,#8925,.T.);
#8923 = VERTEX_POINT('',#8924);
#8924 = CARTESIAN_POINT('',(-2.95,11.2,-2.6));
#8925 = LINE('',#8926,#8927);
#8926 = CARTESIAN_POINT('',(-3.35,11.2,-2.6));
#8927 = VECTOR('',#8928,1.);
#8928 = DIRECTION('',(-1.,5.540785994482E-34,6.187342961859E-16));
#8929 = ORIENTED_EDGE('',*,*,#8930,.T.);
#8930 = EDGE_CURVE('',#8923,#8907,#8931,.T.);
#8931 = LINE('',#8932,#8933);
#8932 = CARTESIAN_POINT('',(-2.95,26.191830219278,-2.6));
#8933 = VECTOR('',#8934,1.);
#8934 = DIRECTION('',(6.938893903907E-18,1.,-9.71445146547E-17));
#8935 = PLANE('',#8936);
#8936 = AXIS2_PLACEMENT_3D('',#8937,#8938,#8939);
#8937 = CARTESIAN_POINT('',(-3.35,25.5,-2.6));
#8938 = DIRECTION('',(6.092520311428E-16,1.550809096065E-16,1.));
#8939 = DIRECTION('',(-5.551115123126E-17,-1.,1.550809096065E-16));
#8940 = ADVANCED_FACE('',(#8941),#8982,.F.);
#8941 = FACE_BOUND('',#8942,.T.);
#8942 = EDGE_LOOP('',(#8943,#8951,#8952,#8960,#8968,#8976));
#8943 = ORIENTED_EDGE('',*,*,#8944,.T.);
#8944 = EDGE_CURVE('',#8945,#8905,#8947,.T.);
#8945 = VERTEX_POINT('',#8946);
#8946 = CARTESIAN_POINT('',(-3.45,13.2,-2.6));
#8947 = LINE('',#8948,#8949);
#8948 = CARTESIAN_POINT('',(-3.45,13.2,-2.6));
#8949 = VECTOR('',#8950,1.);
#8950 = DIRECTION('',(1.,-3.155441560402E-15,1.724213692676E-19));
#8951 = ORIENTED_EDGE('',*,*,#8904,.T.);
#8952 = ORIENTED_EDGE('',*,*,#8953,.T.);
#8953 = EDGE_CURVE('',#8907,#8954,#8956,.T.);
#8954 = VERTEX_POINT('',#8955);
#8955 = CARTESIAN_POINT('',(-2.95,13.2,-1.8));
#8956 = LINE('',#8957,#8958);
#8957 = CARTESIAN_POINT('',(-2.95,13.2,-2.601));
#8958 = VECTOR('',#8959,1.);
#8959 = DIRECTION('',(0.,9.71445146547E-17,1.));
#8960 = ORIENTED_EDGE('',*,*,#8961,.T.);
#8961 = EDGE_CURVE('',#8954,#8962,#8964,.T.);
#8962 = VERTEX_POINT('',#8963);
#8963 = CARTESIAN_POINT('',(-3.4,13.2,-1.8));
#8964 = LINE('',#8965,#8966);
#8965 = CARTESIAN_POINT('',(-3.45,13.2,-1.8));
#8966 = VECTOR('',#8967,1.);
#8967 = DIRECTION('',(-1.,3.155441560402E-15,-1.724213692676E-19));
#8968 = ORIENTED_EDGE('',*,*,#8969,.T.);
#8969 = EDGE_CURVE('',#8962,#8970,#8972,.T.);
#8970 = VERTEX_POINT('',#8971);
#8971 = CARTESIAN_POINT('',(-3.45,13.2,-1.8));
#8972 = LINE('',#8973,#8974);
#8973 = CARTESIAN_POINT('',(-3.45,13.2,-1.8));
#8974 = VECTOR('',#8975,1.);
#8975 = DIRECTION('',(-1.,3.155441560402E-15,-1.724213692676E-19));
#8976 = ORIENTED_EDGE('',*,*,#8977,.F.);
#8977 = EDGE_CURVE('',#8945,#8970,#8978,.T.);
#8978 = LINE('',#8979,#8980);
#8979 = CARTESIAN_POINT('',(-3.45,13.2,-2.601));
#8980 = VECTOR('',#8981,1.);
#8981 = DIRECTION('',(0.,9.71445146547E-17,1.));
#8982 = PLANE('',#8983);
#8983 = AXIS2_PLACEMENT_3D('',#8984,#8985,#8986);
#8984 = CARTESIAN_POINT('',(-3.45,13.2,-2.601));
#8985 = DIRECTION('',(3.155441560402E-15,1.,-9.71445146547E-17));
#8986 = DIRECTION('',(-1.,3.155441560402E-15,-1.724213692676E-19));
#8987 = ADVANCED_FACE('',(#8988),#9014,.T.);
#8988 = FACE_BOUND('',#8989,.T.);
#8989 = EDGE_LOOP('',(#8990,#9000,#9007,#9008));
#8990 = ORIENTED_EDGE('',*,*,#8991,.T.);
#8991 = EDGE_CURVE('',#8992,#8994,#8996,.T.);
#8992 = VERTEX_POINT('',#8993);
#8993 = CARTESIAN_POINT('',(-2.9,20.85,-1.8));
#8994 = VERTEX_POINT('',#8995);
#8995 = CARTESIAN_POINT('',(-2.9,21.15,-1.626794919243));
#8996 = LINE('',#8997,#8998);
#8997 = CARTESIAN_POINT('',(-2.9,26.02541651246,1.188028116637));
#8998 = VECTOR('',#8999,1.);
#8999 = DIRECTION('',(0.,0.866025403784,0.5));
#9000 = ORIENTED_EDGE('',*,*,#9001,.T.);
#9001 = EDGE_CURVE('',#8994,#5656,#9002,.T.);
#9002 = CIRCLE('',#9003,0.2);
#9003 = AXIS2_PLACEMENT_3D('',#9004,#9005,#9006);
#9004 = CARTESIAN_POINT('',(-2.9,21.25,-1.8));
#9005 = DIRECTION('',(-1.,0.,0.));
#9006 = DIRECTION('',(0.,0.,1.));
#9007 = ORIENTED_EDGE('',*,*,#5663,.T.);
#9008 = ORIENTED_EDGE('',*,*,#9009,.F.);
#9009 = EDGE_CURVE('',#8992,#5637,#9010,.T.);
#9010 = LINE('',#9011,#9012);
#9011 = CARTESIAN_POINT('',(-2.9,25.555,-1.8));
#9012 = VECTOR('',#9013,1.);
#9013 = DIRECTION('',(-2.845985073862E-32,1.,-9.71445146547E-17));
#9014 = PLANE('',#9015);
#9015 = AXIS2_PLACEMENT_3D('',#9016,#9017,#9018);
#9016 = CARTESIAN_POINT('',(-2.9,25.555,-1.9));
#9017 = DIRECTION('',(-1.,-2.845985073862E-32,1.739250461734E-48));
#9018 = DIRECTION('',(0.,-6.111242387415E-17,-1.));
#9019 = ADVANCED_FACE('',(#9020),#9045,.F.);
#9020 = FACE_BOUND('',#9021,.T.);
#9021 = EDGE_LOOP('',(#9022,#9030,#9031,#9039));
#9022 = ORIENTED_EDGE('',*,*,#9023,.T.);
#9023 = EDGE_CURVE('',#9024,#8945,#9026,.T.);
#9024 = VERTEX_POINT('',#9025);
#9025 = CARTESIAN_POINT('',(-3.45,21.45,-2.6));
#9026 = LINE('',#9027,#9028);
#9027 = CARTESIAN_POINT('',(-3.45,27.,-2.6));
#9028 = VECTOR('',#9029,1.);
#9029 = DIRECTION('',(-6.938893903907E-18,-1.,9.71445146547E-17));
#9030 = ORIENTED_EDGE('',*,*,#8977,.T.);
#9031 = ORIENTED_EDGE('',*,*,#9032,.F.);
#9032 = EDGE_CURVE('',#9033,#8970,#9035,.T.);
#9033 = VERTEX_POINT('',#9034);
#9034 = CARTESIAN_POINT('',(-3.45,21.45,-1.8));
#9035 = LINE('',#9036,#9037);
#9036 = CARTESIAN_POINT('',(-3.45,27.,-1.8));
#9037 = VECTOR('',#9038,1.);
#9038 = DIRECTION('',(-6.938893903907E-18,-1.,9.71445146547E-17));
#9039 = ORIENTED_EDGE('',*,*,#9040,.F.);
#9040 = EDGE_CURVE('',#9024,#9033,#9041,.T.);
#9041 = LINE('',#9042,#9043);
#9042 = CARTESIAN_POINT('',(-3.45,21.45,-2.601));
#9043 = VECTOR('',#9044,1.);
#9044 = DIRECTION('',(0.,9.71445146547E-17,1.));
#9045 = PLANE('',#9046);
#9046 = AXIS2_PLACEMENT_3D('',#9047,#9048,#9049);
#9047 = CARTESIAN_POINT('',(-3.45,27.,-1.8));
#9048 = DIRECTION('',(1.,-1.398876808125E-18,1.35893208587E-34));
#9049 = DIRECTION('',(0.,9.71445146547E-17,1.));
#9050 = ADVANCED_FACE('',(#9051),#9069,.F.);
#9051 = FACE_BOUND('',#9052,.T.);
#9052 = EDGE_LOOP('',(#9053,#9061,#9067,#9068));
#9053 = ORIENTED_EDGE('',*,*,#9054,.F.);
#9054 = EDGE_CURVE('',#9055,#9024,#9057,.T.);
#9055 = VERTEX_POINT('',#9056);
#9056 = CARTESIAN_POINT('',(-3.35,21.45,-2.6));
#9057 = LINE('',#9058,#9059);
#9058 = CARTESIAN_POINT('',(-3.45,21.45,-2.6));
#9059 = VECTOR('',#9060,1.);
#9060 = DIRECTION('',(-1.,1.398876808125E-18,-1.724213692673E-19));
#9061 = ORIENTED_EDGE('',*,*,#9062,.T.);
#9062 = EDGE_CURVE('',#9055,#8905,#9063,.T.);
#9063 = LINE('',#9064,#9065);
#9064 = CARTESIAN_POINT('',(-3.35,25.5,-2.6));
#9065 = VECTOR('',#9066,1.);
#9066 = DIRECTION('',(-6.401469768212E-17,-1.,1.550809096065E-16));
#9067 = ORIENTED_EDGE('',*,*,#8944,.F.);
#9068 = ORIENTED_EDGE('',*,*,#9023,.F.);
#9069 = PLANE('',#9070);
#9070 = AXIS2_PLACEMENT_3D('',#9071,#9072,#9073);
#9071 = CARTESIAN_POINT('',(-3.45,27.,-2.6));
#9072 = DIRECTION('',(0.,9.71445146547E-17,1.));
#9073 = DIRECTION('',(-6.938893903907E-18,-1.,9.71445146547E-17));
#9074 = ADVANCED_FACE('',(#9075),#9101,.T.);
#9075 = FACE_BOUND('',#9076,.T.);
#9076 = EDGE_LOOP('',(#9077,#9078,#9079,#9085,#9086,#9087,#9095));
#9077 = ORIENTED_EDGE('',*,*,#9009,.T.);
#9078 = ORIENTED_EDGE('',*,*,#5636,.T.);
#9079 = ORIENTED_EDGE('',*,*,#9080,.F.);
#9080 = EDGE_CURVE('',#9033,#5639,#9081,.T.);
#9081 = LINE('',#9082,#9083);
#9082 = CARTESIAN_POINT('',(-3.45,21.45,-1.8));
#9083 = VECTOR('',#9084,1.);
#9084 = DIRECTION('',(1.,-1.398876808125E-18,1.724213692673E-19));
#9085 = ORIENTED_EDGE('',*,*,#9032,.T.);
#9086 = ORIENTED_EDGE('',*,*,#8969,.F.);
#9087 = ORIENTED_EDGE('',*,*,#9088,.T.);
#9088 = EDGE_CURVE('',#8962,#9089,#9091,.T.);
#9089 = VERTEX_POINT('',#9090);
#9090 = CARTESIAN_POINT('',(-3.4,20.85,-1.8));
#9091 = LINE('',#9092,#9093);
#9092 = CARTESIAN_POINT('',(-3.4,21.45,-1.8));
#9093 = VECTOR('',#9094,1.);
#9094 = DIRECTION('',(0.,1.,4.619086178636E-16));
#9095 = ORIENTED_EDGE('',*,*,#9096,.F.);
#9096 = EDGE_CURVE('',#8992,#9089,#9097,.T.);
#9097 = LINE('',#9098,#9099);
#9098 = CARTESIAN_POINT('',(-2.9,20.85,-1.8));
#9099 = VECTOR('',#9100,1.);
#9100 = DIRECTION('',(-1.,-0.,-0.));
#9101 = PLANE('',#9102);
#9102 = AXIS2_PLACEMENT_3D('',#9103,#9104,#9105);
#9103 = CARTESIAN_POINT('',(-3.45,27.,-1.8));
#9104 = DIRECTION('',(0.,9.71445146547E-17,1.));
#9105 = DIRECTION('',(-6.938893903907E-18,-1.,9.71445146547E-17));
#9106 = ADVANCED_FACE('',(#9107),#9142,.F.);
#9107 = FACE_BOUND('',#9108,.T.);
#9108 = EDGE_LOOP('',(#9109,#9110,#9118,#9126,#9134,#9140,#9141));
#9109 = ORIENTED_EDGE('',*,*,#9080,.T.);
#9110 = ORIENTED_EDGE('',*,*,#9111,.T.);
#9111 = EDGE_CURVE('',#5639,#9112,#9114,.T.);
#9112 = VERTEX_POINT('',#9113);
#9113 = CARTESIAN_POINT('',(-3.4,21.45,-2.35));
#9114 = LINE('',#9115,#9116);
#9115 = CARTESIAN_POINT('',(-3.4,21.45,-2.55));
#9116 = VECTOR('',#9117,1.);
#9117 = DIRECTION('',(0.,0.,-1.));
#9118 = ORIENTED_EDGE('',*,*,#9119,.T.);
#9119 = EDGE_CURVE('',#9112,#9120,#9122,.T.);
#9120 = VERTEX_POINT('',#9121);
#9121 = CARTESIAN_POINT('',(-2.95,21.45,-2.35));
#9122 = LINE('',#9123,#9124);
#9123 = CARTESIAN_POINT('',(-2.9,21.45,-2.35));
#9124 = VECTOR('',#9125,1.);
#9125 = DIRECTION('',(1.,-0.,-0.));
#9126 = ORIENTED_EDGE('',*,*,#9127,.T.);
#9127 = EDGE_CURVE('',#9120,#9128,#9130,.T.);
#9128 = VERTEX_POINT('',#9129);
#9129 = CARTESIAN_POINT('',(-2.95,21.45,-2.6));
#9130 = LINE('',#9131,#9132);
#9131 = CARTESIAN_POINT('',(-2.95,21.45,-2.601));
#9132 = VECTOR('',#9133,1.);
#9133 = DIRECTION('',(0.,-9.71445146547E-17,-1.));
#9134 = ORIENTED_EDGE('',*,*,#9135,.T.);
#9135 = EDGE_CURVE('',#9128,#9055,#9136,.T.);
#9136 = LINE('',#9137,#9138);
#9137 = CARTESIAN_POINT('',(-3.45,21.45,-2.6));
#9138 = VECTOR('',#9139,1.);
#9139 = DIRECTION('',(-1.,1.398876808125E-18,-1.724213692673E-19));
#9140 = ORIENTED_EDGE('',*,*,#9054,.T.);
#9141 = ORIENTED_EDGE('',*,*,#9040,.T.);
#9142 = PLANE('',#9143);
#9143 = AXIS2_PLACEMENT_3D('',#9144,#9145,#9146);
#9144 = CARTESIAN_POINT('',(-3.45,21.45,-2.601));
#9145 = DIRECTION('',(-6.938893903907E-18,-1.,9.71445146547E-17));
#9146 = DIRECTION('',(0.,-9.71445146547E-17,-1.));
#9147 = ADVANCED_FACE('',(#9148),#9173,.T.);
#9148 = FACE_BOUND('',#9149,.T.);
#9149 = EDGE_LOOP('',(#9150,#9151,#9159,#9167));
#9150 = ORIENTED_EDGE('',*,*,#9135,.F.);
#9151 = ORIENTED_EDGE('',*,*,#9152,.T.);
#9152 = EDGE_CURVE('',#9128,#9153,#9155,.T.);
#9153 = VERTEX_POINT('',#9154);
#9154 = CARTESIAN_POINT('',(-2.95,23.5,-2.6));
#9155 = LINE('',#9156,#9157);
#9156 = CARTESIAN_POINT('',(-2.95,26.191830219278,-2.6));
#9157 = VECTOR('',#9158,1.);
#9158 = DIRECTION('',(6.938893903907E-18,1.,-9.71445146547E-17));
#9159 = ORIENTED_EDGE('',*,*,#9160,.F.);
#9160 = EDGE_CURVE('',#9161,#9153,#9163,.T.);
#9161 = VERTEX_POINT('',#9162);
#9162 = CARTESIAN_POINT('',(-3.35,23.5,-2.6));
#9163 = LINE('',#9164,#9165);
#9164 = CARTESIAN_POINT('',(-3.35,23.5,-2.6));
#9165 = VECTOR('',#9166,1.);
#9166 = DIRECTION('',(1.,-5.540785994482E-34,-6.187342961859E-16));
#9167 = ORIENTED_EDGE('',*,*,#9168,.T.);
#9168 = EDGE_CURVE('',#9161,#9055,#9169,.T.);
#9169 = LINE('',#9170,#9171);
#9170 = CARTESIAN_POINT('',(-3.35,25.5,-2.6));
#9171 = VECTOR('',#9172,1.);
#9172 = DIRECTION('',(-6.401469768212E-17,-1.,1.550809096065E-16));
#9173 = PLANE('',#9174);
#9174 = AXIS2_PLACEMENT_3D('',#9175,#9176,#9177);
#9175 = CARTESIAN_POINT('',(-3.35,25.5,-2.6));
#9176 = DIRECTION('',(6.092520311428E-16,1.550809096065E-16,1.));
#9177 = DIRECTION('',(-5.551115123126E-17,-1.,1.550809096065E-16));
#9178 = ADVANCED_FACE('',(#9179),#9222,.T.);
#9179 = FACE_BOUND('',#9180,.T.);
#9180 = EDGE_LOOP('',(#9181,#9187,#9188,#9189,#9198,#9206,#9214,#9221));
#9181 = ORIENTED_EDGE('',*,*,#9182,.F.);
#9182 = EDGE_CURVE('',#9153,#5679,#9183,.T.);
#9183 = LINE('',#9184,#9185);
#9184 = CARTESIAN_POINT('',(-2.95,23.5,-4.5));
#9185 = VECTOR('',#9186,1.);
#9186 = DIRECTION('',(-1.724213692673E-19,0.,1.));
#9187 = ORIENTED_EDGE('',*,*,#9152,.F.);
#9188 = ORIENTED_EDGE('',*,*,#9127,.F.);
#9189 = ORIENTED_EDGE('',*,*,#9190,.T.);
#9190 = EDGE_CURVE('',#9120,#9191,#9193,.T.);
#9191 = VERTEX_POINT('',#9192);
#9192 = CARTESIAN_POINT('',(-2.95,21.65,-2.55));
#9193 = CIRCLE('',#9194,0.2);
#9194 = AXIS2_PLACEMENT_3D('',#9195,#9196,#9197);
#9195 = CARTESIAN_POINT('',(-2.95,21.65,-2.35));
#9196 = DIRECTION('',(1.,-1.398876808125E-18,1.724213692673E-19));
#9197 = DIRECTION('',(-1.398876808125E-18,-1.,-2.411962546931E-37));
#9198 = ORIENTED_EDGE('',*,*,#9199,.F.);
#9199 = EDGE_CURVE('',#9200,#9191,#9202,.T.);
#9200 = VERTEX_POINT('',#9201);
#9201 = CARTESIAN_POINT('',(-2.95,22.9,-2.55));
#9202 = LINE('',#9203,#9204);
#9203 = CARTESIAN_POINT('',(-2.95,23.5,-2.55));
#9204 = VECTOR('',#9205,1.);
#9205 = DIRECTION('',(-1.398876808125E-18,-1.,-2.115516434118E-16));
#9206 = ORIENTED_EDGE('',*,*,#9207,.T.);
#9207 = EDGE_CURVE('',#9200,#9208,#9210,.T.);
#9208 = VERTEX_POINT('',#9209);
#9209 = CARTESIAN_POINT('',(-2.95,23.2,-2.376794919243));
#9210 = LINE('',#9211,#9212);
#9211 = CARTESIAN_POINT('',(-2.95,26.862676038879,-0.262147922242));
#9212 = VECTOR('',#9213,1.);
#9213 = DIRECTION('',(1.125252167967E-18,0.866025403784,0.5));
#9214 = ORIENTED_EDGE('',*,*,#9215,.T.);
#9215 = EDGE_CURVE('',#9208,#5698,#9216,.T.);
#9216 = CIRCLE('',#9217,0.2);
#9217 = AXIS2_PLACEMENT_3D('',#9218,#9219,#9220);
#9218 = CARTESIAN_POINT('',(-2.95,23.3,-2.55));
#9219 = DIRECTION('',(-1.,1.398876808125E-18,-1.724213692673E-19));
#9220 = DIRECTION('',(-1.398876808125E-18,-1.,-2.411962546931E-37));
#9221 = ORIENTED_EDGE('',*,*,#5705,.T.);
#9222 = PLANE('',#9223);
#9223 = AXIS2_PLACEMENT_3D('',#9224,#9225,#9226);
#9224 = CARTESIAN_POINT('',(-2.95,26.191830219278,-56.44047677899));
#9225 = DIRECTION('',(-1.,1.398876808125E-18,-1.35893208587E-34));
#9226 = DIRECTION('',(0.,-9.71445146547E-17,-1.));
#9227 = ADVANCED_FACE('',(#9228),#9262,.T.);
#9228 = FACE_BOUND('',#9229,.T.);
#9229 = EDGE_LOOP('',(#9230,#9240,#9248,#9256));
#9230 = ORIENTED_EDGE('',*,*,#9231,.F.);
#9231 = EDGE_CURVE('',#9232,#9234,#9236,.T.);
#9232 = VERTEX_POINT('',#9233);
#9233 = CARTESIAN_POINT('',(-2.95,-13.2,-2.6));
#9234 = VERTEX_POINT('',#9235);
#9235 = CARTESIAN_POINT('',(-3.35,-13.2,-2.6));
#9236 = LINE('',#9237,#9238);
#9237 = CARTESIAN_POINT('',(-3.45,-13.2,-2.6));
#9238 = VECTOR('',#9239,1.);
#9239 = DIRECTION('',(-1.,1.398876808125E-18,-1.724213692673E-19));
#9240 = ORIENTED_EDGE('',*,*,#9241,.T.);
#9241 = EDGE_CURVE('',#9232,#9242,#9244,.T.);
#9242 = VERTEX_POINT('',#9243);
#9243 = CARTESIAN_POINT('',(-2.95,-11.2,-2.6));
#9244 = LINE('',#9245,#9246);
#9245 = CARTESIAN_POINT('',(-2.95,26.191830219278,-2.6));
#9246 = VECTOR('',#9247,1.);
#9247 = DIRECTION('',(6.938893903907E-18,1.,-9.71445146547E-17));
#9248 = ORIENTED_EDGE('',*,*,#9249,.F.);
#9249 = EDGE_CURVE('',#9250,#9242,#9252,.T.);
#9250 = VERTEX_POINT('',#9251);
#9251 = CARTESIAN_POINT('',(-3.35,-11.2,-2.6));
#9252 = LINE('',#9253,#9254);
#9253 = CARTESIAN_POINT('',(-3.35,-11.2,-2.6));
#9254 = VECTOR('',#9255,1.);
#9255 = DIRECTION('',(1.,-5.540785994482E-34,-6.187342961859E-16));
#9256 = ORIENTED_EDGE('',*,*,#9257,.T.);
#9257 = EDGE_CURVE('',#9250,#9234,#9258,.T.);
#9258 = LINE('',#9259,#9260);
#9259 = CARTESIAN_POINT('',(-3.35,25.5,-2.6));
#9260 = VECTOR('',#9261,1.);
#9261 = DIRECTION('',(-6.401469768212E-17,-1.,1.550809096065E-16));
#9262 = PLANE('',#9263);
#9263 = AXIS2_PLACEMENT_3D('',#9264,#9265,#9266);
#9264 = CARTESIAN_POINT('',(-3.35,25.5,-2.6));
#9265 = DIRECTION('',(6.092520311428E-16,1.550809096065E-16,1.));
#9266 = DIRECTION('',(-5.551115123126E-17,-1.,1.550809096065E-16));
#9267 = ADVANCED_FACE('',(#9268),#9287,.T.);
#9268 = FACE_BOUND('',#9269,.T.);
#9269 = EDGE_LOOP('',(#9270,#9271,#9279,#9285,#9286));
#9270 = ORIENTED_EDGE('',*,*,#8008,.T.);
#9271 = ORIENTED_EDGE('',*,*,#9272,.F.);
#9272 = EDGE_CURVE('',#9273,#8001,#9275,.T.);
#9273 = VERTEX_POINT('',#9274);
#9274 = CARTESIAN_POINT('',(-2.3,-29.30038055098,-2.6));
#9275 = LINE('',#9276,#9277);
#9276 = CARTESIAN_POINT('',(-2.3,27.,-2.6));
#9277 = VECTOR('',#9278,1.);
#9278 = DIRECTION('',(2.159451345341E-16,-1.,9.71445146547E-17));
#9279 = ORIENTED_EDGE('',*,*,#9280,.F.);
#9280 = EDGE_CURVE('',#7570,#9273,#9281,.T.);
#9281 = LINE('',#9282,#9283);
#9282 = CARTESIAN_POINT('',(-2.3,-29.30038055098,-2.6));
#9283 = VECTOR('',#9284,1.);
#9284 = DIRECTION('',(-2.888354369008E-17,-4.218562830018E-15,1.));
#9285 = ORIENTED_EDGE('',*,*,#7569,.T.);
#9286 = ORIENTED_EDGE('',*,*,#7498,.T.);
#9287 = PLANE('',#9288);
#9288 = AXIS2_PLACEMENT_3D('',#9289,#9290,#9291);
#9289 = CARTESIAN_POINT('',(-2.3,-29.30038055098,-2.6));
#9290 = DIRECTION('',(-1.,-2.159451345341E-16,-3.640524450046E-16));
#9291 = DIRECTION('',(-3.640524450046E-16,-4.222188947442E-15,1.));
#9292 = ADVANCED_FACE('',(#9293),#9304,.T.);
#9293 = FACE_BOUND('',#9294,.T.);
#9294 = EDGE_LOOP('',(#9295,#9301,#9302,#9303));
#9295 = ORIENTED_EDGE('',*,*,#9296,.F.);
#9296 = EDGE_CURVE('',#6781,#9273,#9297,.T.);
#9297 = LINE('',#9298,#9299);
#9298 = CARTESIAN_POINT('',(-27.98399141955,-13.88998569925,-2.6));
#9299 = VECTOR('',#9300,1.);
#9300 = DIRECTION('',(0.857492925713,-0.514495755428,4.998044045291E-17)
  );
#9301 = ORIENTED_EDGE('',*,*,#6780,.F.);
#9302 = ORIENTED_EDGE('',*,*,#7577,.T.);
#9303 = ORIENTED_EDGE('',*,*,#9280,.T.);
#9304 = PLANE('',#9305);
#9305 = AXIS2_PLACEMENT_3D('',#9306,#9307,#9308);
#9306 = CARTESIAN_POINT('',(-2.8,-29.00038055098,-2.6));
#9307 = DIRECTION('',(-0.514495755428,-0.857492925713,
    -3.668702773839E-15));
#9308 = DIRECTION('',(0.857492925713,-0.514495755428,-2.118873423648E-15
    ));
#9309 = ADVANCED_FACE('',(#9310),#9321,.T.);
#9310 = FACE_BOUND('',#9311,.T.);
#9311 = EDGE_LOOP('',(#9312,#9318,#9319,#9320));
#9312 = ORIENTED_EDGE('',*,*,#9313,.F.);
#9313 = EDGE_CURVE('',#5973,#6789,#9314,.T.);
#9314 = LINE('',#9315,#9316);
#9315 = CARTESIAN_POINT('',(-1.638567414695,-26.8,-2.59999999958));
#9316 = VECTOR('',#9317,1.);
#9317 = DIRECTION('',(-1.,-2.159451345341E-16,-6.485953785944E-17));
#9318 = ORIENTED_EDGE('',*,*,#6869,.T.);
#9319 = ORIENTED_EDGE('',*,*,#7521,.F.);
#9320 = ORIENTED_EDGE('',*,*,#6796,.T.);
#9321 = CYLINDRICAL_SURFACE('',#9322,0.50000000084);
#9322 = AXIS2_PLACEMENT_3D('',#9323,#9324,#9325);
#9323 = CARTESIAN_POINT('',(-1.638567414695,-26.8,-3.1));
#9324 = DIRECTION('',(-1.,-2.159451345341E-16,-6.485953785944E-17));
#9325 = DIRECTION('',(-6.485953785944E-17,-6.938893892246E-15,1.));
#9326 = ADVANCED_FACE('',(#9327),#9339,.F.);
#9327 = FACE_BOUND('',#9328,.F.);
#9328 = EDGE_LOOP('',(#9329,#9330,#9331,#9338));
#9329 = ORIENTED_EDGE('',*,*,#7543,.T.);
#9330 = ORIENTED_EDGE('',*,*,#7610,.T.);
#9331 = ORIENTED_EDGE('',*,*,#9332,.F.);
#9332 = EDGE_CURVE('',#5992,#7594,#9333,.T.);
#9333 = CIRCLE('',#9334,0.2);
#9334 = AXIS2_PLACEMENT_3D('',#9335,#9336,#9337);
#9335 = CARTESIAN_POINT('',(-2.,-26.80038055098,-2.6));
#9336 = DIRECTION('',(0.,9.71445146547E-17,1.));
#9337 = DIRECTION('',(0.,-1.,9.71445146547E-17));
#9338 = ORIENTED_EDGE('',*,*,#5991,.T.);
#9339 = CYLINDRICAL_SURFACE('',#9340,0.2);
#9340 = AXIS2_PLACEMENT_3D('',#9341,#9342,#9343);
#9341 = CARTESIAN_POINT('',(-2.,-26.80038055098,-2.6));
#9342 = DIRECTION('',(3.640524450046E-16,4.249770503202E-15,-1.));
#9343 = DIRECTION('',(-1.,1.547139342399E-30,-3.640524450046E-16));
#9344 = ADVANCED_FACE('',(#9345),#9356,.T.);
#9345 = FACE_BOUND('',#9346,.T.);
#9346 = EDGE_LOOP('',(#9347,#9348,#9354,#9355));
#9347 = ORIENTED_EDGE('',*,*,#7051,.T.);
#9348 = ORIENTED_EDGE('',*,*,#9349,.F.);
#9349 = EDGE_CURVE('',#7084,#7044,#9350,.T.);
#9350 = LINE('',#9351,#9352);
#9351 = CARTESIAN_POINT('',(3.361432585305,-26.8,-2.59999999958));
#9352 = VECTOR('',#9353,1.);
#9353 = DIRECTION('',(-1.,-2.159451345341E-16,-6.485953785944E-17));
#9354 = ORIENTED_EDGE('',*,*,#7083,.T.);
#9355 = ORIENTED_EDGE('',*,*,#7877,.F.);
#9356 = CYLINDRICAL_SURFACE('',#9357,0.50000000084);
#9357 = AXIS2_PLACEMENT_3D('',#9358,#9359,#9360);
#9358 = CARTESIAN_POINT('',(3.361432585305,-26.8,-3.1));
#9359 = DIRECTION('',(-1.,-2.159451345341E-16,-6.485953785944E-17));
#9360 = DIRECTION('',(-6.485953785944E-17,-6.938893892246E-15,1.));
#9361 = ADVANCED_FACE('',(#9362),#9380,.T.);
#9362 = FACE_BOUND('',#9363,.T.);
#9363 = EDGE_LOOP('',(#9364,#9372,#9378,#9379));
#9364 = ORIENTED_EDGE('',*,*,#9365,.F.);
#9365 = EDGE_CURVE('',#9366,#7093,#9368,.T.);
#9366 = VERTEX_POINT('',#9367);
#9367 = CARTESIAN_POINT('',(2.3,-29.30038055098,-2.6));
#9368 = LINE('',#9369,#9370);
#9369 = CARTESIAN_POINT('',(22.910462007786,-16.9341033463,-2.6));
#9370 = VECTOR('',#9371,1.);
#9371 = DIRECTION('',(0.857492925713,0.514495755428,-4.998044045291E-17)
  );
#9372 = ORIENTED_EDGE('',*,*,#9373,.F.);
#9373 = EDGE_CURVE('',#7931,#9366,#9374,.T.);
#9374 = LINE('',#9375,#9376);
#9375 = CARTESIAN_POINT('',(2.3,-29.30038055098,-2.6));
#9376 = VECTOR('',#9377,1.);
#9377 = DIRECTION('',(-2.313004774319E-17,-4.222188947442E-15,1.));
#9378 = ORIENTED_EDGE('',*,*,#7930,.T.);
#9379 = ORIENTED_EDGE('',*,*,#7100,.T.);
#9380 = PLANE('',#9381);
#9381 = AXIS2_PLACEMENT_3D('',#9382,#9383,#9384);
#9382 = CARTESIAN_POINT('',(2.8,-29.00038055098,-2.6));
#9383 = DIRECTION('',(0.514495755428,-0.857492925713,-3.601962859983E-15
    ));
#9384 = DIRECTION('',(0.857492925713,0.514495755428,2.243705021599E-15)
  );
#9385 = ADVANCED_FACE('',(#9386),#9398,.T.);
#9386 = FACE_BOUND('',#9387,.T.);
#9387 = EDGE_LOOP('',(#9388,#9389,#9390,#9396,#9397));
#9388 = ORIENTED_EDGE('',*,*,#7938,.T.);
#9389 = ORIENTED_EDGE('',*,*,#9373,.T.);
#9390 = ORIENTED_EDGE('',*,*,#9391,.F.);
#9391 = EDGE_CURVE('',#7960,#9366,#9392,.T.);
#9392 = LINE('',#9393,#9394);
#9393 = CARTESIAN_POINT('',(2.3,27.,-2.6));
#9394 = VECTOR('',#9395,1.);
#9395 = DIRECTION('',(3.495219986454E-15,1.,-9.71445146547E-17));
#9396 = ORIENTED_EDGE('',*,*,#7969,.T.);
#9397 = ORIENTED_EDGE('',*,*,#7894,.T.);
#9398 = PLANE('',#9399);
#9399 = AXIS2_PLACEMENT_3D('',#9400,#9401,#9402);
#9400 = CARTESIAN_POINT('',(2.3,-29.30038055098,-2.6));
#9401 = DIRECTION('',(1.,-3.661753440148E-15,6.485953785942E-17));
#9402 = DIRECTION('',(3.661753440148E-15,1.,4.239664175287E-15));
#9403 = ADVANCED_FACE('',(#9404),#9438,.T.);
#9404 = FACE_BOUND('',#9405,.T.);
#9405 = EDGE_LOOP('',(#9406,#9416,#9424,#9432));
#9406 = ORIENTED_EDGE('',*,*,#9407,.F.);
#9407 = EDGE_CURVE('',#9408,#9410,#9412,.T.);
#9408 = VERTEX_POINT('',#9409);
#9409 = CARTESIAN_POINT('',(2.95,-25.5,-1.8));
#9410 = VERTEX_POINT('',#9411);
#9411 = CARTESIAN_POINT('',(2.95,-25.5,-2.6));
#9412 = LINE('',#9413,#9414);
#9413 = CARTESIAN_POINT('',(2.95,-25.5,-3.));
#9414 = VECTOR('',#9415,1.);
#9415 = DIRECTION('',(1.724213692673E-19,0.,-1.));
#9416 = ORIENTED_EDGE('',*,*,#9417,.F.);
#9417 = EDGE_CURVE('',#9418,#9408,#9420,.T.);
#9418 = VERTEX_POINT('',#9419);
#9419 = CARTESIAN_POINT('',(2.95,-25.7,-1.8));
#9420 = LINE('',#9421,#9422);
#9421 = CARTESIAN_POINT('',(2.95,26.191830219278,-1.8));
#9422 = VECTOR('',#9423,1.);
#9423 = DIRECTION('',(6.938893903907E-18,1.,-9.71445146547E-17));
#9424 = ORIENTED_EDGE('',*,*,#9425,.F.);
#9425 = EDGE_CURVE('',#9426,#9418,#9428,.T.);
#9426 = VERTEX_POINT('',#9427);
#9427 = CARTESIAN_POINT('',(2.95,-25.7,-2.6));
#9428 = LINE('',#9429,#9430);
#9429 = CARTESIAN_POINT('',(2.95,-25.7,-2.601));
#9430 = VECTOR('',#9431,1.);
#9431 = DIRECTION('',(0.,9.71445146547E-17,1.));
#9432 = ORIENTED_EDGE('',*,*,#9433,.F.);
#9433 = EDGE_CURVE('',#9410,#9426,#9434,.T.);
#9434 = LINE('',#9435,#9436);
#9435 = CARTESIAN_POINT('',(2.95,26.191830219278,-2.6));
#9436 = VECTOR('',#9437,1.);
#9437 = DIRECTION('',(-6.938893903907E-18,-1.,9.71445146547E-17));
#9438 = PLANE('',#9439);
#9439 = AXIS2_PLACEMENT_3D('',#9440,#9441,#9442);
#9440 = CARTESIAN_POINT('',(2.95,26.191830219278,-56.44047677899));
#9441 = DIRECTION('',(1.,-1.398876808125E-18,1.35893208587E-34));
#9442 = DIRECTION('',(0.,9.71445146547E-17,1.));
#9443 = ADVANCED_FACE('',(#9444),#9493,.T.);
#9444 = FACE_BOUND('',#9445,.T.);
#9445 = EDGE_LOOP('',(#9446,#9456,#9464,#9472,#9478,#9479,#9487));
#9446 = ORIENTED_EDGE('',*,*,#9447,.F.);
#9447 = EDGE_CURVE('',#9448,#9450,#9452,.T.);
#9448 = VERTEX_POINT('',#9449);
#9449 = CARTESIAN_POINT('',(-2.95,-13.,-2.55));
#9450 = VERTEX_POINT('',#9451);
#9451 = CARTESIAN_POINT('',(-2.95,-13.,-1.8));
#9452 = LINE('',#9453,#9454);
#9453 = CARTESIAN_POINT('',(-2.95,-13.,-2.55));
#9454 = VECTOR('',#9455,1.);
#9455 = DIRECTION('',(-1.724213692673E-19,0.,1.));
#9456 = ORIENTED_EDGE('',*,*,#9457,.F.);
#9457 = EDGE_CURVE('',#9458,#9448,#9460,.T.);
#9458 = VERTEX_POINT('',#9459);
#9459 = CARTESIAN_POINT('',(-2.95,-11.,-2.55));
#9460 = LINE('',#9461,#9462);
#9461 = CARTESIAN_POINT('',(-2.95,-11.,-2.55));
#9462 = VECTOR('',#9463,1.);
#9463 = DIRECTION('',(-1.398876808125E-18,-1.,2.168404344971E-16));
#9464 = ORIENTED_EDGE('',*,*,#9465,.F.);
#9465 = EDGE_CURVE('',#9466,#9458,#9468,.T.);
#9466 = VERTEX_POINT('',#9467);
#9467 = CARTESIAN_POINT('',(-2.95,-11.,-2.6));
#9468 = LINE('',#9469,#9470);
#9469 = CARTESIAN_POINT('',(-2.95,-11.,-3.));
#9470 = VECTOR('',#9471,1.);
#9471 = DIRECTION('',(-1.724213692673E-19,0.,1.));
#9472 = ORIENTED_EDGE('',*,*,#9473,.F.);
#9473 = EDGE_CURVE('',#9242,#9466,#9474,.T.);
#9474 = LINE('',#9475,#9476);
#9475 = CARTESIAN_POINT('',(-2.95,26.191830219278,-2.6));
#9476 = VECTOR('',#9477,1.);
#9477 = DIRECTION('',(6.938893903907E-18,1.,-9.71445146547E-17));
#9478 = ORIENTED_EDGE('',*,*,#9241,.F.);
#9479 = ORIENTED_EDGE('',*,*,#9480,.F.);
#9480 = EDGE_CURVE('',#9481,#9232,#9483,.T.);
#9481 = VERTEX_POINT('',#9482);
#9482 = CARTESIAN_POINT('',(-2.95,-13.2,-1.8));
#9483 = LINE('',#9484,#9485);
#9484 = CARTESIAN_POINT('',(-2.95,-13.2,-2.601));
#9485 = VECTOR('',#9486,1.);
#9486 = DIRECTION('',(0.,-9.71445146547E-17,-1.));
#9487 = ORIENTED_EDGE('',*,*,#9488,.F.);
#9488 = EDGE_CURVE('',#9450,#9481,#9489,.T.);
#9489 = LINE('',#9490,#9491);
#9490 = CARTESIAN_POINT('',(-2.95,26.191830219278,-1.8));
#9491 = VECTOR('',#9492,1.);
#9492 = DIRECTION('',(-6.938893903907E-18,-1.,9.71445146547E-17));
#9493 = PLANE('',#9494);
#9494 = AXIS2_PLACEMENT_3D('',#9495,#9496,#9497);
#9495 = CARTESIAN_POINT('',(-2.95,26.191830219278,-56.44047677899));
#9496 = DIRECTION('',(-1.,1.398876808125E-18,-1.35893208587E-34));
#9497 = DIRECTION('',(0.,-9.71445146547E-17,-1.));
#9498 = ADVANCED_FACE('',(#9499),#9541,.T.);
#9499 = FACE_BOUND('',#9500,.T.);
#9500 = EDGE_LOOP('',(#9501,#9511,#9517,#9518,#9519,#9527,#9535));
#9501 = ORIENTED_EDGE('',*,*,#9502,.F.);
#9502 = EDGE_CURVE('',#9503,#9505,#9507,.T.);
#9503 = VERTEX_POINT('',#9504);
#9504 = CARTESIAN_POINT('',(-2.95,13.,-1.8));
#9505 = VERTEX_POINT('',#9506);
#9506 = CARTESIAN_POINT('',(-2.95,13.,-2.55));
#9507 = LINE('',#9508,#9509);
#9508 = CARTESIAN_POINT('',(-2.95,13.,-1.8));
#9509 = VECTOR('',#9510,1.);
#9510 = DIRECTION('',(1.724213692673E-19,0.,-1.));
#9511 = ORIENTED_EDGE('',*,*,#9512,.F.);
#9512 = EDGE_CURVE('',#8954,#9503,#9513,.T.);
#9513 = LINE('',#9514,#9515);
#9514 = CARTESIAN_POINT('',(-2.95,26.191830219278,-1.8));
#9515 = VECTOR('',#9516,1.);
#9516 = DIRECTION('',(-6.938893903907E-18,-1.,9.71445146547E-17));
#9517 = ORIENTED_EDGE('',*,*,#8953,.F.);
#9518 = ORIENTED_EDGE('',*,*,#8930,.F.);
#9519 = ORIENTED_EDGE('',*,*,#9520,.F.);
#9520 = EDGE_CURVE('',#9521,#8923,#9523,.T.);
#9521 = VERTEX_POINT('',#9522);
#9522 = CARTESIAN_POINT('',(-2.95,11.,-2.6));
#9523 = LINE('',#9524,#9525);
#9524 = CARTESIAN_POINT('',(-2.95,26.191830219278,-2.6));
#9525 = VECTOR('',#9526,1.);
#9526 = DIRECTION('',(6.938893903907E-18,1.,-9.71445146547E-17));
#9527 = ORIENTED_EDGE('',*,*,#9528,.F.);
#9528 = EDGE_CURVE('',#9529,#9521,#9531,.T.);
#9529 = VERTEX_POINT('',#9530);
#9530 = CARTESIAN_POINT('',(-2.95,11.,-2.55));
#9531 = LINE('',#9532,#9533);
#9532 = CARTESIAN_POINT('',(-2.95,11.,-2.55));
#9533 = VECTOR('',#9534,1.);
#9534 = DIRECTION('',(1.724213692673E-19,0.,-1.));
#9535 = ORIENTED_EDGE('',*,*,#9536,.F.);
#9536 = EDGE_CURVE('',#9505,#9529,#9537,.T.);
#9537 = LINE('',#9538,#9539);
#9538 = CARTESIAN_POINT('',(-2.95,13.,-2.55));
#9539 = VECTOR('',#9540,1.);
#9540 = DIRECTION('',(-1.398876808125E-18,-1.,-2.168404344971E-16));
#9541 = PLANE('',#9542);
#9542 = AXIS2_PLACEMENT_3D('',#9543,#9544,#9545);
#9543 = CARTESIAN_POINT('',(-2.95,26.191830219278,-56.44047677899));
#9544 = DIRECTION('',(-1.,1.398876808125E-18,-1.35893208587E-34));
#9545 = DIRECTION('',(0.,-9.71445146547E-17,-1.));
#9546 = ADVANCED_FACE('',(#9547),#9581,.T.);
#9547 = FACE_BOUND('',#9548,.T.);
#9548 = EDGE_LOOP('',(#9549,#9559,#9567,#9575));
#9549 = ORIENTED_EDGE('',*,*,#9550,.F.);
#9550 = EDGE_CURVE('',#9551,#9553,#9555,.T.);
#9551 = VERTEX_POINT('',#9552);
#9552 = CARTESIAN_POINT('',(-2.95,5.8,-2.6));
#9553 = VERTEX_POINT('',#9554);
#9554 = CARTESIAN_POINT('',(-3.35,5.8,-2.6));
#9555 = LINE('',#9556,#9557);
#9556 = CARTESIAN_POINT('',(-3.45,5.8,-2.6));
#9557 = VECTOR('',#9558,1.);
#9558 = DIRECTION('',(-1.,1.398876808125E-18,-1.724213692673E-19));
#9559 = ORIENTED_EDGE('',*,*,#9560,.T.);
#9560 = EDGE_CURVE('',#9551,#9561,#9563,.T.);
#9561 = VERTEX_POINT('',#9562);
#9562 = CARTESIAN_POINT('',(-2.95,7.8,-2.6));
#9563 = LINE('',#9564,#9565);
#9564 = CARTESIAN_POINT('',(-2.95,26.191830219278,-2.6));
#9565 = VECTOR('',#9566,1.);
#9566 = DIRECTION('',(6.938893903907E-18,1.,-9.71445146547E-17));
#9567 = ORIENTED_EDGE('',*,*,#9568,.F.);
#9568 = EDGE_CURVE('',#9569,#9561,#9571,.T.);
#9569 = VERTEX_POINT('',#9570);
#9570 = CARTESIAN_POINT('',(-3.35,7.8,-2.6));
#9571 = LINE('',#9572,#9573);
#9572 = CARTESIAN_POINT('',(-3.35,7.8,-2.6));
#9573 = VECTOR('',#9574,1.);
#9574 = DIRECTION('',(1.,-5.540785994482E-34,-6.187342961859E-16));
#9575 = ORIENTED_EDGE('',*,*,#9576,.T.);
#9576 = EDGE_CURVE('',#9569,#9553,#9577,.T.);
#9577 = LINE('',#9578,#9579);
#9578 = CARTESIAN_POINT('',(-3.35,25.5,-2.6));
#9579 = VECTOR('',#9580,1.);
#9580 = DIRECTION('',(-6.401469768212E-17,-1.,1.550809096065E-16));
#9581 = PLANE('',#9582);
#9582 = AXIS2_PLACEMENT_3D('',#9583,#9584,#9585);
#9583 = CARTESIAN_POINT('',(-3.35,25.5,-2.6));
#9584 = DIRECTION('',(6.092520311428E-16,1.550809096065E-16,1.));
#9585 = DIRECTION('',(-5.551115123126E-17,-1.,1.550809096065E-16));
#9586 = ADVANCED_FACE('',(#9587),#9636,.T.);
#9587 = FACE_BOUND('',#9588,.T.);
#9588 = EDGE_LOOP('',(#9589,#9599,#9605,#9606,#9614,#9622,#9630));
#9589 = ORIENTED_EDGE('',*,*,#9590,.F.);
#9590 = EDGE_CURVE('',#9591,#9593,#9595,.T.);
#9591 = VERTEX_POINT('',#9592);
#9592 = CARTESIAN_POINT('',(-2.95,8.,-2.6));
#9593 = VERTEX_POINT('',#9594);
#9594 = CARTESIAN_POINT('',(-2.95,8.,-2.55));
#9595 = LINE('',#9596,#9597);
#9596 = CARTESIAN_POINT('',(-2.95,8.,-3.));
#9597 = VECTOR('',#9598,1.);
#9598 = DIRECTION('',(-1.724213692673E-19,0.,1.));
#9599 = ORIENTED_EDGE('',*,*,#9600,.F.);
#9600 = EDGE_CURVE('',#9561,#9591,#9601,.T.);
#9601 = LINE('',#9602,#9603);
#9602 = CARTESIAN_POINT('',(-2.95,26.191830219278,-2.6));
#9603 = VECTOR('',#9604,1.);
#9604 = DIRECTION('',(6.938893903907E-18,1.,-9.71445146547E-17));
#9605 = ORIENTED_EDGE('',*,*,#9560,.F.);
#9606 = ORIENTED_EDGE('',*,*,#9607,.F.);
#9607 = EDGE_CURVE('',#9608,#9551,#9610,.T.);
#9608 = VERTEX_POINT('',#9609);
#9609 = CARTESIAN_POINT('',(-2.95,5.8,-1.8));
#9610 = LINE('',#9611,#9612);
#9611 = CARTESIAN_POINT('',(-2.95,5.8,-2.601));
#9612 = VECTOR('',#9613,1.);
#9613 = DIRECTION('',(0.,-9.71445146547E-17,-1.));
#9614 = ORIENTED_EDGE('',*,*,#9615,.F.);
#9615 = EDGE_CURVE('',#9616,#9608,#9618,.T.);
#9616 = VERTEX_POINT('',#9617);
#9617 = CARTESIAN_POINT('',(-2.95,6.,-1.8));
#9618 = LINE('',#9619,#9620);
#9619 = CARTESIAN_POINT('',(-2.95,26.191830219278,-1.8));
#9620 = VECTOR('',#9621,1.);
#9621 = DIRECTION('',(-6.938893903907E-18,-1.,9.71445146547E-17));
#9622 = ORIENTED_EDGE('',*,*,#9623,.F.);
#9623 = EDGE_CURVE('',#9624,#9616,#9626,.T.);
#9624 = VERTEX_POINT('',#9625);
#9625 = CARTESIAN_POINT('',(-2.95,6.,-2.55));
#9626 = LINE('',#9627,#9628);
#9627 = CARTESIAN_POINT('',(-2.95,6.,-2.55));
#9628 = VECTOR('',#9629,1.);
#9629 = DIRECTION('',(-1.724213692673E-19,0.,1.));
#9630 = ORIENTED_EDGE('',*,*,#9631,.F.);
#9631 = EDGE_CURVE('',#9593,#9624,#9632,.T.);
#9632 = LINE('',#9633,#9634);
#9633 = CARTESIAN_POINT('',(-2.95,8.,-2.55));
#9634 = VECTOR('',#9635,1.);
#9635 = DIRECTION('',(-1.398876808125E-18,-1.,2.168404344971E-16));
#9636 = PLANE('',#9637);
#9637 = AXIS2_PLACEMENT_3D('',#9638,#9639,#9640);
#9638 = CARTESIAN_POINT('',(-2.95,26.191830219278,-56.44047677899));
#9639 = DIRECTION('',(-1.,1.398876808125E-18,-1.35893208587E-34));
#9640 = DIRECTION('',(0.,-9.71445146547E-17,-1.));
#9641 = ADVANCED_FACE('',(#9642),#9676,.F.);
#9642 = FACE_BOUND('',#9643,.T.);
#9643 = EDGE_LOOP('',(#9644,#9654,#9662,#9670));
#9644 = ORIENTED_EDGE('',*,*,#9645,.F.);
#9645 = EDGE_CURVE('',#9646,#9648,#9650,.T.);
#9646 = VERTEX_POINT('',#9647);
#9647 = CARTESIAN_POINT('',(-3.45,5.8,-1.8));
#9648 = VERTEX_POINT('',#9649);
#9649 = CARTESIAN_POINT('',(-3.45,-5.8,-1.8));
#9650 = LINE('',#9651,#9652);
#9651 = CARTESIAN_POINT('',(-3.45,27.,-1.8));
#9652 = VECTOR('',#9653,1.);
#9653 = DIRECTION('',(-6.938893903907E-18,-1.,9.71445146547E-17));
#9654 = ORIENTED_EDGE('',*,*,#9655,.F.);
#9655 = EDGE_CURVE('',#9656,#9646,#9658,.T.);
#9656 = VERTEX_POINT('',#9657);
#9657 = CARTESIAN_POINT('',(-3.45,5.8,-2.6));
#9658 = LINE('',#9659,#9660);
#9659 = CARTESIAN_POINT('',(-3.45,5.8,-2.601));
#9660 = VECTOR('',#9661,1.);
#9661 = DIRECTION('',(0.,9.71445146547E-17,1.));
#9662 = ORIENTED_EDGE('',*,*,#9663,.T.);
#9663 = EDGE_CURVE('',#9656,#9664,#9666,.T.);
#9664 = VERTEX_POINT('',#9665);
#9665 = CARTESIAN_POINT('',(-3.45,-5.8,-2.6));
#9666 = LINE('',#9667,#9668);
#9667 = CARTESIAN_POINT('',(-3.45,27.,-2.6));
#9668 = VECTOR('',#9669,1.);
#9669 = DIRECTION('',(-6.938893903907E-18,-1.,9.71445146547E-17));
#9670 = ORIENTED_EDGE('',*,*,#9671,.T.);
#9671 = EDGE_CURVE('',#9664,#9648,#9672,.T.);
#9672 = LINE('',#9673,#9674);
#9673 = CARTESIAN_POINT('',(-3.45,-5.8,-2.601));
#9674 = VECTOR('',#9675,1.);
#9675 = DIRECTION('',(0.,9.71445146547E-17,1.));
#9676 = PLANE('',#9677);
#9677 = AXIS2_PLACEMENT_3D('',#9678,#9679,#9680);
#9678 = CARTESIAN_POINT('',(-3.45,27.,-1.8));
#9679 = DIRECTION('',(1.,-1.398876808125E-18,1.35893208587E-34));
#9680 = DIRECTION('',(0.,9.71445146547E-17,1.));
#9681 = ADVANCED_FACE('',(#9682),#9707,.T.);
#9682 = FACE_BOUND('',#9683,.T.);
#9683 = EDGE_LOOP('',(#9684,#9692,#9700,#9706));
#9684 = ORIENTED_EDGE('',*,*,#9685,.F.);
#9685 = EDGE_CURVE('',#9686,#9648,#9688,.T.);
#9686 = VERTEX_POINT('',#9687);
#9687 = CARTESIAN_POINT('',(-3.4,-5.8,-1.8));
#9688 = LINE('',#9689,#9690);
#9689 = CARTESIAN_POINT('',(-3.45,-5.8,-1.8));
#9690 = VECTOR('',#9691,1.);
#9691 = DIRECTION('',(-1.,6.309484243996E-15,-1.724213692679E-19));
#9692 = ORIENTED_EDGE('',*,*,#9693,.T.);
#9693 = EDGE_CURVE('',#9686,#9694,#9696,.T.);
#9694 = VERTEX_POINT('',#9695);
#9695 = CARTESIAN_POINT('',(-3.4,5.8,-1.8));
#9696 = LINE('',#9697,#9698);
#9697 = CARTESIAN_POINT('',(-3.4,6.,-1.8));
#9698 = VECTOR('',#9699,1.);
#9699 = DIRECTION('',(0.,1.,-1.264902534566E-16));
#9700 = ORIENTED_EDGE('',*,*,#9701,.F.);
#9701 = EDGE_CURVE('',#9646,#9694,#9702,.T.);
#9702 = LINE('',#9703,#9704);
#9703 = CARTESIAN_POINT('',(-3.45,5.8,-1.8));
#9704 = VECTOR('',#9705,1.);
#9705 = DIRECTION('',(1.,-1.398876808125E-18,1.724213692673E-19));
#9706 = ORIENTED_EDGE('',*,*,#9645,.T.);
#9707 = PLANE('',#9708);
#9708 = AXIS2_PLACEMENT_3D('',#9709,#9710,#9711);
#9709 = CARTESIAN_POINT('',(-3.45,27.,-1.8));
#9710 = DIRECTION('',(0.,9.71445146547E-17,1.));
#9711 = DIRECTION('',(-6.938893903907E-18,-1.,9.71445146547E-17));
#9712 = ADVANCED_FACE('',(#9713),#9736,.F.);
#9713 = FACE_BOUND('',#9714,.T.);
#9714 = EDGE_LOOP('',(#9715,#9721,#9729,#9735));
#9715 = ORIENTED_EDGE('',*,*,#9716,.F.);
#9716 = EDGE_CURVE('',#9553,#9656,#9717,.T.);
#9717 = LINE('',#9718,#9719);
#9718 = CARTESIAN_POINT('',(-3.45,5.8,-2.6));
#9719 = VECTOR('',#9720,1.);
#9720 = DIRECTION('',(-1.,1.398876808125E-18,-1.724213692673E-19));
#9721 = ORIENTED_EDGE('',*,*,#9722,.T.);
#9722 = EDGE_CURVE('',#9553,#9723,#9725,.T.);
#9723 = VERTEX_POINT('',#9724);
#9724 = CARTESIAN_POINT('',(-3.35,-5.8,-2.6));
#9725 = LINE('',#9726,#9727);
#9726 = CARTESIAN_POINT('',(-3.35,25.5,-2.6));
#9727 = VECTOR('',#9728,1.);
#9728 = DIRECTION('',(-6.401469768212E-17,-1.,1.550809096065E-16));
#9729 = ORIENTED_EDGE('',*,*,#9730,.F.);
#9730 = EDGE_CURVE('',#9664,#9723,#9731,.T.);
#9731 = LINE('',#9732,#9733);
#9732 = CARTESIAN_POINT('',(-3.45,-5.8,-2.6));
#9733 = VECTOR('',#9734,1.);
#9734 = DIRECTION('',(1.,-6.309484243996E-15,1.724213692679E-19));
#9735 = ORIENTED_EDGE('',*,*,#9663,.F.);
#9736 = PLANE('',#9737);
#9737 = AXIS2_PLACEMENT_3D('',#9738,#9739,#9740);
#9738 = CARTESIAN_POINT('',(-3.45,27.,-2.6));
#9739 = DIRECTION('',(0.,9.71445146547E-17,1.));
#9740 = DIRECTION('',(-6.938893903907E-18,-1.,9.71445146547E-17));
#9741 = ADVANCED_FACE('',(#9742),#9790,.F.);
#9742 = FACE_BOUND('',#9743,.T.);
#9743 = EDGE_LOOP('',(#9744,#9754,#9760,#9761,#9769,#9777,#9783,#9784));
#9744 = ORIENTED_EDGE('',*,*,#9745,.T.);
#9745 = EDGE_CURVE('',#9746,#9748,#9750,.T.);
#9746 = VERTEX_POINT('',#9747);
#9747 = CARTESIAN_POINT('',(2.9,-9.,-2.6));
#9748 = VERTEX_POINT('',#9749);
#9749 = CARTESIAN_POINT('',(2.9,-11.,-2.6));
#9750 = LINE('',#9751,#9752);
#9751 = CARTESIAN_POINT('',(2.9,27.,-2.6));
#9752 = VECTOR('',#9753,1.);
#9753 = DIRECTION('',(4.212971753347E-32,-1.,9.71445146547E-17));
#9754 = ORIENTED_EDGE('',*,*,#9755,.T.);
#9755 = EDGE_CURVE('',#9748,#8426,#9756,.T.);
#9756 = LINE('',#9757,#9758);
#9757 = CARTESIAN_POINT('',(2.9,-11.,-2.6));
#9758 = VECTOR('',#9759,1.);
#9759 = DIRECTION('',(1.,0.,0.));
#9760 = ORIENTED_EDGE('',*,*,#8425,.T.);
#9761 = ORIENTED_EDGE('',*,*,#9762,.F.);
#9762 = EDGE_CURVE('',#9763,#8418,#9765,.T.);
#9763 = VERTEX_POINT('',#9764);
#9764 = CARTESIAN_POINT('',(2.6,-11.2,-2.6));
#9765 = LINE('',#9766,#9767);
#9766 = CARTESIAN_POINT('',(-3.45,-11.2,-2.6));
#9767 = VECTOR('',#9768,1.);
#9768 = DIRECTION('',(1.,-5.551115123126E-17,5.392603844284E-33));
#9769 = ORIENTED_EDGE('',*,*,#9770,.F.);
#9770 = EDGE_CURVE('',#9771,#9763,#9773,.T.);
#9771 = VERTEX_POINT('',#9772);
#9772 = CARTESIAN_POINT('',(2.6,-8.8,-2.6));
#9773 = LINE('',#9774,#9775);
#9774 = CARTESIAN_POINT('',(2.6,27.,-2.6));
#9775 = VECTOR('',#9776,1.);
#9776 = DIRECTION('',(-3.614007241618E-16,-1.,9.71445146547E-17));
#9777 = ORIENTED_EDGE('',*,*,#9778,.F.);
#9778 = EDGE_CURVE('',#8466,#9771,#9779,.T.);
#9779 = LINE('',#9780,#9781);
#9780 = CARTESIAN_POINT('',(-3.45,-8.8,-2.6));
#9781 = VECTOR('',#9782,1.);
#9782 = DIRECTION('',(-1.,1.443289932013E-15,-1.402076999514E-31));
#9783 = ORIENTED_EDGE('',*,*,#8465,.T.);
#9784 = ORIENTED_EDGE('',*,*,#9785,.T.);
#9785 = EDGE_CURVE('',#8456,#9746,#9786,.T.);
#9786 = LINE('',#9787,#9788);
#9787 = CARTESIAN_POINT('',(2.9,-9.,-2.6));
#9788 = VECTOR('',#9789,1.);
#9789 = DIRECTION('',(-1.,0.,0.));
#9790 = PLANE('',#9791);
#9791 = AXIS2_PLACEMENT_3D('',#9792,#9793,#9794);
#9792 = CARTESIAN_POINT('',(-3.45,27.,-2.6));
#9793 = DIRECTION('',(0.,9.71445146547E-17,1.));
#9794 = DIRECTION('',(-6.938893903907E-18,-1.,9.71445146547E-17));
#9795 = ADVANCED_FACE('',(#9796),#9853,.F.);
#9796 = FACE_BOUND('',#9797,.T.);
#9797 = EDGE_LOOP('',(#9798,#9799,#9807,#9815,#9823,#9831,#9839,#9847));
#9798 = ORIENTED_EDGE('',*,*,#8346,.T.);
#9799 = ORIENTED_EDGE('',*,*,#9800,.T.);
#9800 = EDGE_CURVE('',#8337,#9801,#9803,.T.);
#9801 = VERTEX_POINT('',#9802);
#9802 = CARTESIAN_POINT('',(2.9,11.,-2.6));
#9803 = LINE('',#9804,#9805);
#9804 = CARTESIAN_POINT('',(2.9,11.,-2.6));
#9805 = VECTOR('',#9806,1.);
#9806 = DIRECTION('',(-1.,0.,0.));
#9807 = ORIENTED_EDGE('',*,*,#9808,.T.);
#9808 = EDGE_CURVE('',#9801,#9809,#9811,.T.);
#9809 = VERTEX_POINT('',#9810);
#9810 = CARTESIAN_POINT('',(2.9,9.,-2.6));
#9811 = LINE('',#9812,#9813);
#9812 = CARTESIAN_POINT('',(2.9,27.,-2.6));
#9813 = VECTOR('',#9814,1.);
#9814 = DIRECTION('',(4.212971753347E-32,-1.,9.71445146547E-17));
#9815 = ORIENTED_EDGE('',*,*,#9816,.T.);
#9816 = EDGE_CURVE('',#9809,#9817,#9819,.T.);
#9817 = VERTEX_POINT('',#9818);
#9818 = CARTESIAN_POINT('',(2.95,9.,-2.6));
#9819 = LINE('',#9820,#9821);
#9820 = CARTESIAN_POINT('',(2.9,9.,-2.6));
#9821 = VECTOR('',#9822,1.);
#9822 = DIRECTION('',(1.,0.,0.));
#9823 = ORIENTED_EDGE('',*,*,#9824,.T.);
#9824 = EDGE_CURVE('',#9817,#9825,#9827,.T.);
#9825 = VERTEX_POINT('',#9826);
#9826 = CARTESIAN_POINT('',(2.95,8.8,-2.6));
#9827 = LINE('',#9828,#9829);
#9828 = CARTESIAN_POINT('',(2.95,26.191830219278,-2.6));
#9829 = VECTOR('',#9830,1.);
#9830 = DIRECTION('',(-6.938893903907E-18,-1.,9.71445146547E-17));
#9831 = ORIENTED_EDGE('',*,*,#9832,.F.);
#9832 = EDGE_CURVE('',#9833,#9825,#9835,.T.);
#9833 = VERTEX_POINT('',#9834);
#9834 = CARTESIAN_POINT('',(2.6,8.8,-2.6));
#9835 = LINE('',#9836,#9837);
#9836 = CARTESIAN_POINT('',(-3.45,8.8,-2.6));
#9837 = VECTOR('',#9838,1.);
#9838 = DIRECTION('',(1.,-1.443289932013E-15,1.402076999514E-31));
#9839 = ORIENTED_EDGE('',*,*,#9840,.F.);
#9840 = EDGE_CURVE('',#9841,#9833,#9843,.T.);
#9841 = VERTEX_POINT('',#9842);
#9842 = CARTESIAN_POINT('',(2.6,11.2,-2.6));
#9843 = LINE('',#9844,#9845);
#9844 = CARTESIAN_POINT('',(2.6,27.,-2.6));
#9845 = VECTOR('',#9846,1.);
#9846 = DIRECTION('',(5.955256430375E-32,-1.,9.71445146547E-17));
#9847 = ORIENTED_EDGE('',*,*,#9848,.F.);
#9848 = EDGE_CURVE('',#8347,#9841,#9849,.T.);
#9849 = LINE('',#9850,#9851);
#9850 = CARTESIAN_POINT('',(-3.45,11.2,-2.6));
#9851 = VECTOR('',#9852,1.);
#9852 = DIRECTION('',(-1.,5.551115123126E-17,-5.392603844284E-33));
#9853 = PLANE('',#9854);
#9854 = AXIS2_PLACEMENT_3D('',#9855,#9856,#9857);
#9855 = CARTESIAN_POINT('',(-3.45,27.,-2.6));
#9856 = DIRECTION('',(0.,9.71445146547E-17,1.));
#9857 = DIRECTION('',(-6.938893903907E-18,-1.,9.71445146547E-17));
#9858 = ADVANCED_FACE('',(#9859),#9916,.F.);
#9859 = FACE_BOUND('',#9860,.T.);
#9860 = EDGE_LOOP('',(#9861,#9862,#9870,#9878,#9886,#9894,#9902,#9910));
#9861 = ORIENTED_EDGE('',*,*,#9473,.T.);
#9862 = ORIENTED_EDGE('',*,*,#9863,.T.);
#9863 = EDGE_CURVE('',#9466,#9864,#9866,.T.);
#9864 = VERTEX_POINT('',#9865);
#9865 = CARTESIAN_POINT('',(-2.9,-11.,-2.6));
#9866 = LINE('',#9867,#9868);
#9867 = CARTESIAN_POINT('',(-2.9,-11.,-2.6));
#9868 = VECTOR('',#9869,1.);
#9869 = DIRECTION('',(1.,0.,0.));
#9870 = ORIENTED_EDGE('',*,*,#9871,.T.);
#9871 = EDGE_CURVE('',#9864,#9872,#9874,.T.);
#9872 = VERTEX_POINT('',#9873);
#9873 = CARTESIAN_POINT('',(-2.9,-8.,-2.6));
#9874 = LINE('',#9875,#9876);
#9875 = CARTESIAN_POINT('',(-2.9,27.,-2.6));
#9876 = VECTOR('',#9877,1.);
#9877 = DIRECTION('',(0.,1.,-9.71445146547E-17));
#9878 = ORIENTED_EDGE('',*,*,#9879,.T.);
#9879 = EDGE_CURVE('',#9872,#9880,#9882,.T.);
#9880 = VERTEX_POINT('',#9881);
#9881 = CARTESIAN_POINT('',(-2.95,-8.,-2.6));
#9882 = LINE('',#9883,#9884);
#9883 = CARTESIAN_POINT('',(-2.9,-8.,-2.6));
#9884 = VECTOR('',#9885,1.);
#9885 = DIRECTION('',(-1.,0.,0.));
#9886 = ORIENTED_EDGE('',*,*,#9887,.T.);
#9887 = EDGE_CURVE('',#9880,#9888,#9890,.T.);
#9888 = VERTEX_POINT('',#9889);
#9889 = CARTESIAN_POINT('',(-2.95,-7.8,-2.6));
#9890 = LINE('',#9891,#9892);
#9891 = CARTESIAN_POINT('',(-2.95,26.191830219278,-2.6));
#9892 = VECTOR('',#9893,1.);
#9893 = DIRECTION('',(6.938893903907E-18,1.,-9.71445146547E-17));
#9894 = ORIENTED_EDGE('',*,*,#9895,.F.);
#9895 = EDGE_CURVE('',#9896,#9888,#9898,.T.);
#9896 = VERTEX_POINT('',#9897);
#9897 = CARTESIAN_POINT('',(-2.6,-7.8,-2.6));
#9898 = LINE('',#9899,#9900);
#9899 = CARTESIAN_POINT('',(-3.45,-7.8,-2.6));
#9900 = VECTOR('',#9901,1.);
#9901 = DIRECTION('',(-1.,-2.257453483404E-15,2.192992230009E-31));
#9902 = ORIENTED_EDGE('',*,*,#9903,.F.);
#9903 = EDGE_CURVE('',#9904,#9896,#9906,.T.);
#9904 = VERTEX_POINT('',#9905);
#9905 = CARTESIAN_POINT('',(-2.6,-11.2,-2.6));
#9906 = LINE('',#9907,#9908);
#9907 = CARTESIAN_POINT('',(-2.6,27.,-2.6));
#9908 = VECTOR('',#9909,1.);
#9909 = DIRECTION('',(-5.955256430375E-32,1.,-9.71445146547E-17));
#9910 = ORIENTED_EDGE('',*,*,#9911,.F.);
#9911 = EDGE_CURVE('',#9242,#9904,#9912,.T.);
#9912 = LINE('',#9913,#9914);
#9913 = CARTESIAN_POINT('',(-3.45,-11.2,-2.6));
#9914 = VECTOR('',#9915,1.);
#9915 = DIRECTION('',(1.,-5.551115123126E-17,5.392603844284E-33));
#9916 = PLANE('',#9917);
#9917 = AXIS2_PLACEMENT_3D('',#9918,#9919,#9920);
#9918 = CARTESIAN_POINT('',(-3.45,27.,-2.6));
#9919 = DIRECTION('',(0.,9.71445146547E-17,1.));
#9920 = DIRECTION('',(-6.938893903907E-18,-1.,9.71445146547E-17));
#9921 = ADVANCED_FACE('',(#9922),#9970,.F.);
#9922 = FACE_BOUND('',#9923,.T.);
#9923 = EDGE_LOOP('',(#9924,#9934,#9940,#9941,#9949,#9957,#9963,#9964));
#9924 = ORIENTED_EDGE('',*,*,#9925,.T.);
#9925 = EDGE_CURVE('',#9926,#9928,#9930,.T.);
#9926 = VERTEX_POINT('',#9927);
#9927 = CARTESIAN_POINT('',(-2.9,8.,-2.6));
#9928 = VERTEX_POINT('',#9929);
#9929 = CARTESIAN_POINT('',(-2.9,11.,-2.6));
#9930 = LINE('',#9931,#9932);
#9931 = CARTESIAN_POINT('',(-2.9,27.,-2.6));
#9932 = VECTOR('',#9933,1.);
#9933 = DIRECTION('',(0.,1.,-9.71445146547E-17));
#9934 = ORIENTED_EDGE('',*,*,#9935,.T.);
#9935 = EDGE_CURVE('',#9928,#9521,#9936,.T.);
#9936 = LINE('',#9937,#9938);
#9937 = CARTESIAN_POINT('',(-2.9,11.,-2.6));
#9938 = VECTOR('',#9939,1.);
#9939 = DIRECTION('',(-1.,0.,0.));
#9940 = ORIENTED_EDGE('',*,*,#9520,.T.);
#9941 = ORIENTED_EDGE('',*,*,#9942,.F.);
#9942 = EDGE_CURVE('',#9943,#8923,#9945,.T.);
#9943 = VERTEX_POINT('',#9944);
#9944 = CARTESIAN_POINT('',(-2.6,11.2,-2.6));
#9945 = LINE('',#9946,#9947);
#9946 = CARTESIAN_POINT('',(-3.45,11.2,-2.6));
#9947 = VECTOR('',#9948,1.);
#9948 = DIRECTION('',(-1.,5.551115123126E-17,-5.392603844284E-33));
#9949 = ORIENTED_EDGE('',*,*,#9950,.F.);
#9950 = EDGE_CURVE('',#9951,#9943,#9953,.T.);
#9951 = VERTEX_POINT('',#9952);
#9952 = CARTESIAN_POINT('',(-2.6,7.8,-2.6));
#9953 = LINE('',#9954,#9955);
#9954 = CARTESIAN_POINT('',(-2.6,27.,-2.6));
#9955 = VECTOR('',#9956,1.);
#9956 = DIRECTION('',(-5.955256430375E-32,1.,-9.71445146547E-17));
#9957 = ORIENTED_EDGE('',*,*,#9958,.F.);
#9958 = EDGE_CURVE('',#9561,#9951,#9959,.T.);
#9959 = LINE('',#9960,#9961);
#9960 = CARTESIAN_POINT('',(-3.45,7.8,-2.6));
#9961 = VECTOR('',#9962,1.);
#9962 = DIRECTION('',(1.,-5.551115123126E-17,5.392603844284E-33));
#9963 = ORIENTED_EDGE('',*,*,#9600,.T.);
#9964 = ORIENTED_EDGE('',*,*,#9965,.T.);
#9965 = EDGE_CURVE('',#9591,#9926,#9966,.T.);
#9966 = LINE('',#9967,#9968);
#9967 = CARTESIAN_POINT('',(-2.9,8.,-2.6));
#9968 = VECTOR('',#9969,1.);
#9969 = DIRECTION('',(1.,0.,0.));
#9970 = PLANE('',#9971);
#9971 = AXIS2_PLACEMENT_3D('',#9972,#9973,#9974);
#9972 = CARTESIAN_POINT('',(-3.45,27.,-2.6));
#9973 = DIRECTION('',(0.,9.71445146547E-17,1.));
#9974 = DIRECTION('',(-6.938893903907E-18,-1.,9.71445146547E-17));
#9975 = ADVANCED_FACE('',(#9976),#10009,.F.);
#9976 = FACE_BOUND('',#9977,.T.);
#9977 = EDGE_LOOP('',(#9978,#9986,#9987,#9995,#10003));
#9978 = ORIENTED_EDGE('',*,*,#9979,.T.);
#9979 = EDGE_CURVE('',#9980,#8347,#9982,.T.);
#9980 = VERTEX_POINT('',#9981);
#9981 = CARTESIAN_POINT('',(3.85,11.2,-2.6));
#9982 = LINE('',#9983,#9984);
#9983 = CARTESIAN_POINT('',(3.85,11.2,-2.6));
#9984 = VECTOR('',#9985,1.);
#9985 = DIRECTION('',(-1.,5.540785994482E-34,6.187342961859E-16));
#9986 = ORIENTED_EDGE('',*,*,#9848,.T.);
#9987 = ORIENTED_EDGE('',*,*,#9988,.F.);
#9988 = EDGE_CURVE('',#9989,#9841,#9991,.T.);
#9989 = VERTEX_POINT('',#9990);
#9990 = CARTESIAN_POINT('',(2.6,11.2,-3.));
#9991 = LINE('',#9992,#9993);
#9992 = CARTESIAN_POINT('',(2.6,11.2,-3.));
#9993 = VECTOR('',#9994,1.);
#9994 = DIRECTION('',(6.092520311428E-16,2.239979602611E-16,1.));
#9995 = ORIENTED_EDGE('',*,*,#9996,.F.);
#9996 = EDGE_CURVE('',#9997,#9989,#9999,.T.);
#9997 = VERTEX_POINT('',#9998);
#9998 = CARTESIAN_POINT('',(3.85,11.2,-3.));
#9999 = LINE('',#10000,#10001);
#10000 = CARTESIAN_POINT('',(3.85,11.2,-3.));
#10001 = VECTOR('',#10002,1.);
#10002 = DIRECTION('',(-1.,5.540785994482E-34,6.187342961859E-16));
#10003 = ORIENTED_EDGE('',*,*,#10004,.T.);
#10004 = EDGE_CURVE('',#9997,#9980,#10005,.T.);
#10005 = LINE('',#10006,#10007);
#10006 = CARTESIAN_POINT('',(3.85,11.2,-3.));
#10007 = VECTOR('',#10008,1.);
#10008 = DIRECTION('',(6.092520311428E-16,2.239979602611E-16,1.));
#10009 = PLANE('',#10010);
#10010 = AXIS2_PLACEMENT_3D('',#10011,#10012,#10013);
#10011 = CARTESIAN_POINT('',(3.85,11.2,-3.));
#10012 = DIRECTION('',(5.551115123126E-17,1.,-2.239979602611E-16));
#10013 = DIRECTION('',(6.092520311428E-16,2.239979602611E-16,1.));
#10014 = ADVANCED_FACE('',(#10015),#10040,.F.);
#10015 = FACE_BOUND('',#10016,.T.);
#10016 = EDGE_LOOP('',(#10017,#10025,#10026,#10034));
#10017 = ORIENTED_EDGE('',*,*,#10018,.T.);
#10018 = EDGE_CURVE('',#10019,#9980,#10021,.T.);
#10019 = VERTEX_POINT('',#10020);
#10020 = CARTESIAN_POINT('',(3.85,8.8,-2.6));
#10021 = LINE('',#10022,#10023);
#10022 = CARTESIAN_POINT('',(3.85,11.2,-2.6));
#10023 = VECTOR('',#10024,1.);
#10024 = DIRECTION('',(5.551115123126E-17,1.,-1.550809096065E-16));
#10025 = ORIENTED_EDGE('',*,*,#10004,.F.);
#10026 = ORIENTED_EDGE('',*,*,#10027,.F.);
#10027 = EDGE_CURVE('',#10028,#9997,#10030,.T.);
#10028 = VERTEX_POINT('',#10029);
#10029 = CARTESIAN_POINT('',(3.85,8.8,-3.));
#10030 = LINE('',#10031,#10032);
#10031 = CARTESIAN_POINT('',(3.85,11.2,-3.));
#10032 = VECTOR('',#10033,1.);
#10033 = DIRECTION('',(5.551115123126E-17,1.,-1.550809096065E-16));
#10034 = ORIENTED_EDGE('',*,*,#10035,.T.);
#10035 = EDGE_CURVE('',#10028,#10019,#10036,.T.);
#10036 = LINE('',#10037,#10038);
#10037 = CARTESIAN_POINT('',(3.85,8.8,-3.));
#10038 = VECTOR('',#10039,1.);
#10039 = DIRECTION('',(6.092520311428E-16,2.239979602611E-16,1.));
#10040 = PLANE('',#10041);
#10041 = AXIS2_PLACEMENT_3D('',#10042,#10043,#10044);
#10042 = CARTESIAN_POINT('',(3.85,11.2,-3.));
#10043 = DIRECTION('',(1.,1.569929428864E-33,-6.092520311428E-16));
#10044 = DIRECTION('',(6.092520311428E-16,2.239979602611E-16,1.));
#10045 = ADVANCED_FACE('',(#10046),#10070,.F.);
#10046 = FACE_BOUND('',#10047,.T.);
#10047 = EDGE_LOOP('',(#10048,#10049,#10055,#10056,#10064));
#10048 = ORIENTED_EDGE('',*,*,#9832,.T.);
#10049 = ORIENTED_EDGE('',*,*,#10050,.T.);
#10050 = EDGE_CURVE('',#9825,#10019,#10051,.T.);
#10051 = LINE('',#10052,#10053);
#10052 = CARTESIAN_POINT('',(3.85,8.8,-2.6));
#10053 = VECTOR('',#10054,1.);
#10054 = DIRECTION('',(1.,-1.387778780781E-15,-6.187342961859E-16));
#10055 = ORIENTED_EDGE('',*,*,#10035,.F.);
#10056 = ORIENTED_EDGE('',*,*,#10057,.F.);
#10057 = EDGE_CURVE('',#10058,#10028,#10060,.T.);
#10058 = VERTEX_POINT('',#10059);
#10059 = CARTESIAN_POINT('',(2.6,8.8,-3.));
#10060 = LINE('',#10061,#10062);
#10061 = CARTESIAN_POINT('',(3.85,8.8,-3.));
#10062 = VECTOR('',#10063,1.);
#10063 = DIRECTION('',(1.,-1.387778780781E-15,-6.187342961859E-16));
#10064 = ORIENTED_EDGE('',*,*,#10065,.T.);
#10065 = EDGE_CURVE('',#10058,#9833,#10066,.T.);
#10066 = LINE('',#10067,#10068);
#10067 = CARTESIAN_POINT('',(2.6,8.8,-3.));
#10068 = VECTOR('',#10069,1.);
#10069 = DIRECTION('',(6.092520311428E-16,2.239979602611E-16,1.));
#10070 = PLANE('',#10071);
#10071 = AXIS2_PLACEMENT_3D('',#10072,#10073,#10074);
#10072 = CARTESIAN_POINT('',(3.85,8.8,-3.));
#10073 = DIRECTION('',(-1.387778780781E-15,-1.,1.550809096065E-16));
#10074 = DIRECTION('',(1.,-1.387778780781E-15,-6.187342961859E-16));
#10075 = ADVANCED_FACE('',(#10076),#10103,.F.);
#10076 = FACE_BOUND('',#10077,.T.);
#10077 = EDGE_LOOP('',(#10078,#10079,#10080,#10088,#10096,#10102));
#10078 = ORIENTED_EDGE('',*,*,#9840,.T.);
#10079 = ORIENTED_EDGE('',*,*,#10065,.F.);
#10080 = ORIENTED_EDGE('',*,*,#10081,.F.);
#10081 = EDGE_CURVE('',#10082,#10058,#10084,.T.);
#10082 = VERTEX_POINT('',#10083);
#10083 = CARTESIAN_POINT('',(2.6,9.6,-3.));
#10084 = LINE('',#10085,#10086);
#10085 = CARTESIAN_POINT('',(2.6,11.2,-3.));
#10086 = VECTOR('',#10087,1.);
#10087 = DIRECTION('',(-5.551115123126E-17,-1.,1.550809096065E-16));
#10088 = ORIENTED_EDGE('',*,*,#10089,.F.);
#10089 = EDGE_CURVE('',#10090,#10082,#10092,.T.);
#10090 = VERTEX_POINT('',#10091);
#10091 = CARTESIAN_POINT('',(2.6,10.4,-3.));
#10092 = LINE('',#10093,#10094);
#10093 = CARTESIAN_POINT('',(2.6,10.4,-3.));
#10094 = VECTOR('',#10095,1.);
#10095 = DIRECTION('',(-6.713871467155E-31,-1.,-1.084202172486E-15));
#10096 = ORIENTED_EDGE('',*,*,#10097,.F.);
#10097 = EDGE_CURVE('',#9989,#10090,#10098,.T.);
#10098 = LINE('',#10099,#10100);
#10099 = CARTESIAN_POINT('',(2.6,11.2,-3.));
#10100 = VECTOR('',#10101,1.);
#10101 = DIRECTION('',(-5.551115123126E-17,-1.,1.550809096065E-16));
#10102 = ORIENTED_EDGE('',*,*,#9988,.T.);
#10103 = PLANE('',#10104);
#10104 = AXIS2_PLACEMENT_3D('',#10105,#10106,#10107);
#10105 = CARTESIAN_POINT('',(2.6,11.2,-3.));
#10106 = DIRECTION('',(-1.,-1.569929428864E-33,6.092520311428E-16));
#10107 = DIRECTION('',(-6.092520311428E-16,-2.239979602611E-16,-1.));
#10108 = ADVANCED_FACE('',(#10109),#10127,.F.);
#10109 = FACE_BOUND('',#10110,.F.);
#10110 = EDGE_LOOP('',(#10111,#10118,#10119,#10126));
#10111 = ORIENTED_EDGE('',*,*,#10112,.F.);
#10112 = EDGE_CURVE('',#5933,#5941,#10113,.T.);
#10113 = CIRCLE('',#10114,1.1);
#10114 = AXIS2_PLACEMENT_3D('',#10115,#10116,#10117);
#10115 = CARTESIAN_POINT('',(6.,8.959918410442E-17,-2.6));
#10116 = DIRECTION('',(6.092520311428E-16,2.239979602611E-16,1.));
#10117 = DIRECTION('',(1.364712122609E-31,-1.,2.239979602611E-16));
#10118 = ORIENTED_EDGE('',*,*,#5930,.F.);
#10119 = ORIENTED_EDGE('',*,*,#10120,.T.);
#10120 = EDGE_CURVE('',#5931,#5950,#10121,.T.);
#10121 = CIRCLE('',#10122,1.1);
#10122 = AXIS2_PLACEMENT_3D('',#10123,#10124,#10125);
#10123 = CARTESIAN_POINT('',(6.,-3.324471596689E-33,-3.));
#10124 = DIRECTION('',(6.092520311428E-16,2.239979602611E-16,1.));
#10125 = DIRECTION('',(1.364712122609E-31,-1.,2.239979602611E-16));
#10126 = ORIENTED_EDGE('',*,*,#5949,.T.);
#10127 = CYLINDRICAL_SURFACE('',#10128,1.1);
#10128 = AXIS2_PLACEMENT_3D('',#10129,#10130,#10131);
#10129 = CARTESIAN_POINT('',(6.,-3.324471596689E-33,-3.));
#10130 = DIRECTION('',(6.092520311428E-16,2.239979602611E-16,1.));
#10131 = DIRECTION('',(1.364712122609E-31,-1.,2.239979602611E-16));
#10132 = ADVANCED_FACE('',(#10133),#10151,.F.);
#10133 = FACE_BOUND('',#10134,.F.);
#10134 = EDGE_LOOP('',(#10135,#10142,#10143,#10150));
#10135 = ORIENTED_EDGE('',*,*,#10136,.F.);
#10136 = EDGE_CURVE('',#5891,#5899,#10137,.T.);
#10137 = CIRCLE('',#10138,0.85);
#10138 = AXIS2_PLACEMENT_3D('',#10139,#10140,#10141);
#10139 = CARTESIAN_POINT('',(6.,-16.5,-2.6));
#10140 = DIRECTION('',(6.092520311428E-16,2.239979602611E-16,1.));
#10141 = DIRECTION('',(1.364712122609E-31,-1.,2.239979602611E-16));
#10142 = ORIENTED_EDGE('',*,*,#5888,.F.);
#10143 = ORIENTED_EDGE('',*,*,#10144,.T.);
#10144 = EDGE_CURVE('',#5889,#5908,#10145,.T.);
#10145 = CIRCLE('',#10146,0.85);
#10146 = AXIS2_PLACEMENT_3D('',#10147,#10148,#10149);
#10147 = CARTESIAN_POINT('',(6.,-16.5,-3.));
#10148 = DIRECTION('',(6.092520311428E-16,2.239979602611E-16,1.));
#10149 = DIRECTION('',(1.364712122609E-31,-1.,2.239979602611E-16));
#10150 = ORIENTED_EDGE('',*,*,#5907,.T.);
#10151 = CYLINDRICAL_SURFACE('',#10152,0.85);
#10152 = AXIS2_PLACEMENT_3D('',#10153,#10154,#10155);
#10153 = CARTESIAN_POINT('',(6.,-16.5,-3.));
#10154 = DIRECTION('',(6.092520311428E-16,2.239979602611E-16,1.));
#10155 = DIRECTION('',(1.364712122609E-31,-1.,2.239979602611E-16));
#10156 = ADVANCED_FACE('',(#10157),#10184,.F.);
#10157 = FACE_BOUND('',#10158,.F.);
#10158 = EDGE_LOOP('',(#10159,#10168,#10176,#10183));
#10159 = ORIENTED_EDGE('',*,*,#10160,.F.);
#10160 = EDGE_CURVE('',#10161,#5857,#10163,.T.);
#10161 = VERTEX_POINT('',#10162);
#10162 = CARTESIAN_POINT('',(5.15,16.3,-2.6));
#10163 = CIRCLE('',#10164,0.85);
#10164 = AXIS2_PLACEMENT_3D('',#10165,#10166,#10167);
#10165 = CARTESIAN_POINT('',(6.,16.3,-2.6));
#10166 = DIRECTION('',(6.092520311428E-16,2.239979602611E-16,1.));
#10167 = DIRECTION('',(1.364712122609E-31,-1.,2.239979602611E-16));
#10168 = ORIENTED_EDGE('',*,*,#10169,.F.);
#10169 = EDGE_CURVE('',#10170,#10161,#10172,.T.);
#10170 = VERTEX_POINT('',#10171);
#10171 = CARTESIAN_POINT('',(5.15,16.3,-3.));
#10172 = LINE('',#10173,#10174);
#10173 = CARTESIAN_POINT('',(5.15,16.3,-3.));
#10174 = VECTOR('',#10175,1.);
#10175 = DIRECTION('',(6.092520311428E-16,2.239979602611E-16,1.));
#10176 = ORIENTED_EDGE('',*,*,#10177,.T.);
#10177 = EDGE_CURVE('',#10170,#5866,#10178,.T.);
#10178 = CIRCLE('',#10179,0.85);
#10179 = AXIS2_PLACEMENT_3D('',#10180,#10181,#10182);
#10180 = CARTESIAN_POINT('',(6.,16.3,-3.));
#10181 = DIRECTION('',(6.092520311428E-16,2.239979602611E-16,1.));
#10182 = DIRECTION('',(1.364712122609E-31,-1.,2.239979602611E-16));
#10183 = ORIENTED_EDGE('',*,*,#5865,.T.);
#10184 = CYLINDRICAL_SURFACE('',#10185,0.85);
#10185 = AXIS2_PLACEMENT_3D('',#10186,#10187,#10188);
#10186 = CARTESIAN_POINT('',(6.,16.3,-3.));
#10187 = DIRECTION('',(6.092520311428E-16,2.239979602611E-16,1.));
#10188 = DIRECTION('',(1.364712122609E-31,-1.,2.239979602611E-16));
#10189 = ADVANCED_FACE('',(#10190),#10215,.F.);
#10190 = FACE_BOUND('',#10191,.T.);
#10191 = EDGE_LOOP('',(#10192,#10200,#10201,#10209));
#10192 = ORIENTED_EDGE('',*,*,#10193,.T.);
#10193 = EDGE_CURVE('',#10194,#10161,#10196,.T.);
#10194 = VERTEX_POINT('',#10195);
#10195 = CARTESIAN_POINT('',(5.15,16.7,-2.6));
#10196 = LINE('',#10197,#10198);
#10197 = CARTESIAN_POINT('',(5.15,16.7,-2.6));
#10198 = VECTOR('',#10199,1.);
#10199 = DIRECTION('',(-5.551115123126E-17,-1.,1.550809096065E-16));
#10200 = ORIENTED_EDGE('',*,*,#10169,.F.);
#10201 = ORIENTED_EDGE('',*,*,#10202,.F.);
#10202 = EDGE_CURVE('',#10203,#10170,#10205,.T.);
#10203 = VERTEX_POINT('',#10204);
#10204 = CARTESIAN_POINT('',(5.15,16.7,-3.));
#10205 = LINE('',#10206,#10207);
#10206 = CARTESIAN_POINT('',(5.15,16.7,-3.));
#10207 = VECTOR('',#10208,1.);
#10208 = DIRECTION('',(-5.551115123126E-17,-1.,1.550809096065E-16));
#10209 = ORIENTED_EDGE('',*,*,#10210,.T.);
#10210 = EDGE_CURVE('',#10203,#10194,#10211,.T.);
#10211 = LINE('',#10212,#10213);
#10212 = CARTESIAN_POINT('',(5.15,16.7,-3.));
#10213 = VECTOR('',#10214,1.);
#10214 = DIRECTION('',(6.092520311428E-16,2.239979602611E-16,1.));
#10215 = PLANE('',#10216);
#10216 = AXIS2_PLACEMENT_3D('',#10217,#10218,#10219);
#10217 = CARTESIAN_POINT('',(5.15,16.7,-3.));
#10218 = DIRECTION('',(-1.,-1.569929428864E-33,6.092520311428E-16));
#10219 = DIRECTION('',(-6.092520311428E-16,-2.239979602611E-16,-1.));
#10220 = ADVANCED_FACE('',(#10221),#10248,.F.);
#10221 = FACE_BOUND('',#10222,.F.);
#10222 = EDGE_LOOP('',(#10223,#10233,#10240,#10241));
#10223 = ORIENTED_EDGE('',*,*,#10224,.F.);
#10224 = EDGE_CURVE('',#10225,#10227,#10229,.T.);
#10225 = VERTEX_POINT('',#10226);
#10226 = CARTESIAN_POINT('',(6.85,16.7,-3.));
#10227 = VERTEX_POINT('',#10228);
#10228 = CARTESIAN_POINT('',(6.85,16.7,-2.6));
#10229 = LINE('',#10230,#10231);
#10230 = CARTESIAN_POINT('',(6.85,16.7,-3.));
#10231 = VECTOR('',#10232,1.);
#10232 = DIRECTION('',(6.092520311428E-16,2.239979602611E-16,1.));
#10233 = ORIENTED_EDGE('',*,*,#10234,.T.);
#10234 = EDGE_CURVE('',#10225,#10203,#10235,.T.);
#10235 = CIRCLE('',#10236,0.85);
#10236 = AXIS2_PLACEMENT_3D('',#10237,#10238,#10239);
#10237 = CARTESIAN_POINT('',(6.,16.7,-3.));
#10238 = DIRECTION('',(6.092520311428E-16,2.239979602611E-16,1.));
#10239 = DIRECTION('',(1.364712122609E-31,-1.,2.239979602611E-16));
#10240 = ORIENTED_EDGE('',*,*,#10210,.T.);
#10241 = ORIENTED_EDGE('',*,*,#10242,.F.);
#10242 = EDGE_CURVE('',#10227,#10194,#10243,.T.);
#10243 = CIRCLE('',#10244,0.85);
#10244 = AXIS2_PLACEMENT_3D('',#10245,#10246,#10247);
#10245 = CARTESIAN_POINT('',(6.,16.7,-2.6));
#10246 = DIRECTION('',(6.092520311428E-16,2.239979602611E-16,1.));
#10247 = DIRECTION('',(1.364712122609E-31,-1.,2.239979602611E-16));
#10248 = CYLINDRICAL_SURFACE('',#10249,0.85);
#10249 = AXIS2_PLACEMENT_3D('',#10250,#10251,#10252);
#10250 = CARTESIAN_POINT('',(6.,16.7,-3.));
#10251 = DIRECTION('',(6.092520311428E-16,2.239979602611E-16,1.));
#10252 = DIRECTION('',(1.364712122609E-31,-1.,2.239979602611E-16));
#10253 = ADVANCED_FACE('',(#10254),#10270,.F.);
#10254 = FACE_BOUND('',#10255,.T.);
#10255 = EDGE_LOOP('',(#10256,#10262,#10263,#10269));
#10256 = ORIENTED_EDGE('',*,*,#10257,.T.);
#10257 = EDGE_CURVE('',#5849,#10227,#10258,.T.);
#10258 = LINE('',#10259,#10260);
#10259 = CARTESIAN_POINT('',(6.85,16.7,-2.6));
#10260 = VECTOR('',#10261,1.);
#10261 = DIRECTION('',(5.551115123126E-17,1.,-1.550809096065E-16));
#10262 = ORIENTED_EDGE('',*,*,#10224,.F.);
#10263 = ORIENTED_EDGE('',*,*,#10264,.F.);
#10264 = EDGE_CURVE('',#5847,#10225,#10265,.T.);
#10265 = LINE('',#10266,#10267);
#10266 = CARTESIAN_POINT('',(6.85,16.7,-3.));
#10267 = VECTOR('',#10268,1.);
#10268 = DIRECTION('',(5.551115123126E-17,1.,-1.550809096065E-16));
#10269 = ORIENTED_EDGE('',*,*,#5846,.T.);
#10270 = PLANE('',#10271);
#10271 = AXIS2_PLACEMENT_3D('',#10272,#10273,#10274);
#10272 = CARTESIAN_POINT('',(6.85,16.7,-3.));
#10273 = DIRECTION('',(1.,1.569929428864E-33,-6.092520311428E-16));
#10274 = DIRECTION('',(6.092520311428E-16,2.239979602611E-16,1.));
#10275 = ADVANCED_FACE('',(#10276),#10309,.F.);
#10276 = FACE_BOUND('',#10277,.T.);
#10277 = EDGE_LOOP('',(#10278,#10286,#10287,#10295,#10303));
#10278 = ORIENTED_EDGE('',*,*,#10279,.T.);
#10279 = EDGE_CURVE('',#10280,#8466,#10282,.T.);
#10280 = VERTEX_POINT('',#10281);
#10281 = CARTESIAN_POINT('',(3.85,-8.8,-2.6));
#10282 = LINE('',#10283,#10284);
#10283 = CARTESIAN_POINT('',(3.85,-8.8,-2.6));
#10284 = VECTOR('',#10285,1.);
#10285 = DIRECTION('',(-1.,1.387778780781E-15,6.187342961859E-16));
#10286 = ORIENTED_EDGE('',*,*,#9778,.T.);
#10287 = ORIENTED_EDGE('',*,*,#10288,.F.);
#10288 = EDGE_CURVE('',#10289,#9771,#10291,.T.);
#10289 = VERTEX_POINT('',#10290);
#10290 = CARTESIAN_POINT('',(2.6,-8.8,-3.));
#10291 = LINE('',#10292,#10293);
#10292 = CARTESIAN_POINT('',(2.6,-8.8,-3.));
#10293 = VECTOR('',#10294,1.);
#10294 = DIRECTION('',(6.092520311428E-16,2.239979602611E-16,1.));
#10295 = ORIENTED_EDGE('',*,*,#10296,.F.);
#10296 = EDGE_CURVE('',#10297,#10289,#10299,.T.);
#10297 = VERTEX_POINT('',#10298);
#10298 = CARTESIAN_POINT('',(3.85,-8.8,-3.));
#10299 = LINE('',#10300,#10301);
#10300 = CARTESIAN_POINT('',(3.85,-8.8,-3.));
#10301 = VECTOR('',#10302,1.);
#10302 = DIRECTION('',(-1.,1.387778780781E-15,6.187342961859E-16));
#10303 = ORIENTED_EDGE('',*,*,#10304,.T.);
#10304 = EDGE_CURVE('',#10297,#10280,#10305,.T.);
#10305 = LINE('',#10306,#10307);
#10306 = CARTESIAN_POINT('',(3.85,-8.8,-3.));
#10307 = VECTOR('',#10308,1.);
#10308 = DIRECTION('',(6.092520311428E-16,2.239979602611E-16,1.));
#10309 = PLANE('',#10310);
#10310 = AXIS2_PLACEMENT_3D('',#10311,#10312,#10313);
#10311 = CARTESIAN_POINT('',(3.85,-8.8,-3.));
#10312 = DIRECTION('',(1.387778780781E-15,1.,-1.550809096065E-16));
#10313 = DIRECTION('',(-1.,1.387778780781E-15,6.187342961859E-16));
#10314 = ADVANCED_FACE('',(#10315),#10340,.F.);
#10315 = FACE_BOUND('',#10316,.T.);
#10316 = EDGE_LOOP('',(#10317,#10325,#10326,#10334));
#10317 = ORIENTED_EDGE('',*,*,#10318,.T.);
#10318 = EDGE_CURVE('',#10319,#10280,#10321,.T.);
#10319 = VERTEX_POINT('',#10320);
#10320 = CARTESIAN_POINT('',(3.85,-11.2,-2.6));
#10321 = LINE('',#10322,#10323);
#10322 = CARTESIAN_POINT('',(3.85,-11.2,-2.6));
#10323 = VECTOR('',#10324,1.);
#10324 = DIRECTION('',(-1.251892108497E-16,1.,-1.550809096065E-16));
#10325 = ORIENTED_EDGE('',*,*,#10304,.F.);
#10326 = ORIENTED_EDGE('',*,*,#10327,.F.);
#10327 = EDGE_CURVE('',#10328,#10297,#10330,.T.);
#10328 = VERTEX_POINT('',#10329);
#10329 = CARTESIAN_POINT('',(3.85,-11.2,-3.));
#10330 = LINE('',#10331,#10332);
#10331 = CARTESIAN_POINT('',(3.85,-11.2,-3.));
#10332 = VECTOR('',#10333,1.);
#10333 = DIRECTION('',(-1.251892108497E-16,1.,-1.550809096065E-16));
#10334 = ORIENTED_EDGE('',*,*,#10335,.T.);
#10335 = EDGE_CURVE('',#10328,#10319,#10336,.T.);
#10336 = LINE('',#10337,#10338);
#10337 = CARTESIAN_POINT('',(3.85,-11.2,-3.));
#10338 = VECTOR('',#10339,1.);
#10339 = DIRECTION('',(6.092520311428E-16,2.239979602611E-16,1.));
#10340 = PLANE('',#10341);
#10341 = AXIS2_PLACEMENT_3D('',#10342,#10343,#10344);
#10342 = CARTESIAN_POINT('',(3.85,-11.2,-3.));
#10343 = DIRECTION('',(1.,1.251892108497E-16,-6.187342961859E-16));
#10344 = DIRECTION('',(-1.251892108497E-16,1.,-1.550809096065E-16));
#10345 = ADVANCED_FACE('',(#10346),#10370,.F.);
#10346 = FACE_BOUND('',#10347,.T.);
#10347 = EDGE_LOOP('',(#10348,#10349,#10355,#10356,#10364));
#10348 = ORIENTED_EDGE('',*,*,#9762,.T.);
#10349 = ORIENTED_EDGE('',*,*,#10350,.T.);
#10350 = EDGE_CURVE('',#8418,#10319,#10351,.T.);
#10351 = LINE('',#10352,#10353);
#10352 = CARTESIAN_POINT('',(3.85,-11.2,-2.6));
#10353 = VECTOR('',#10354,1.);
#10354 = DIRECTION('',(1.,-5.540785994482E-34,-6.187342961859E-16));
#10355 = ORIENTED_EDGE('',*,*,#10335,.F.);
#10356 = ORIENTED_EDGE('',*,*,#10357,.F.);
#10357 = EDGE_CURVE('',#10358,#10328,#10360,.T.);
#10358 = VERTEX_POINT('',#10359);
#10359 = CARTESIAN_POINT('',(2.6,-11.2,-3.));
#10360 = LINE('',#10361,#10362);
#10361 = CARTESIAN_POINT('',(3.85,-11.2,-3.));
#10362 = VECTOR('',#10363,1.);
#10363 = DIRECTION('',(1.,-5.540785994482E-34,-6.187342961859E-16));
#10364 = ORIENTED_EDGE('',*,*,#10365,.T.);
#10365 = EDGE_CURVE('',#10358,#9763,#10366,.T.);
#10366 = LINE('',#10367,#10368);
#10367 = CARTESIAN_POINT('',(2.6,-11.2,-3.));
#10368 = VECTOR('',#10369,1.);
#10369 = DIRECTION('',(6.092520311428E-16,2.239979602611E-16,1.));
#10370 = PLANE('',#10371);
#10371 = AXIS2_PLACEMENT_3D('',#10372,#10373,#10374);
#10372 = CARTESIAN_POINT('',(3.85,-11.2,-3.));
#10373 = DIRECTION('',(-5.551115123126E-17,-1.,2.239979602611E-16));
#10374 = DIRECTION('',(-6.092520311428E-16,-2.239979602611E-16,-1.));
#10375 = ADVANCED_FACE('',(#10376),#10403,.F.);
#10376 = FACE_BOUND('',#10377,.T.);
#10377 = EDGE_LOOP('',(#10378,#10379,#10380,#10388,#10396,#10402));
#10378 = ORIENTED_EDGE('',*,*,#9770,.T.);
#10379 = ORIENTED_EDGE('',*,*,#10365,.F.);
#10380 = ORIENTED_EDGE('',*,*,#10381,.F.);
#10381 = EDGE_CURVE('',#10382,#10358,#10384,.T.);
#10382 = VERTEX_POINT('',#10383);
#10383 = CARTESIAN_POINT('',(2.6,-10.4,-3.));
#10384 = LINE('',#10385,#10386);
#10385 = CARTESIAN_POINT('',(2.6,-11.2,-3.));
#10386 = VECTOR('',#10387,1.);
#10387 = DIRECTION('',(-4.169118753931E-16,-1.,1.550809096065E-16));
#10388 = ORIENTED_EDGE('',*,*,#10389,.F.);
#10389 = EDGE_CURVE('',#10390,#10382,#10392,.T.);
#10390 = VERTEX_POINT('',#10391);
#10391 = CARTESIAN_POINT('',(2.6,-9.6,-3.));
#10392 = LINE('',#10393,#10394);
#10393 = CARTESIAN_POINT('',(2.6,-9.6,-3.));
#10394 = VECTOR('',#10395,1.);
#10395 = DIRECTION('',(-3.614007241618E-16,-1.,-1.084202172486E-15));
#10396 = ORIENTED_EDGE('',*,*,#10397,.F.);
#10397 = EDGE_CURVE('',#10289,#10390,#10398,.T.);
#10398 = LINE('',#10399,#10400);
#10399 = CARTESIAN_POINT('',(2.6,-11.2,-3.));
#10400 = VECTOR('',#10401,1.);
#10401 = DIRECTION('',(-4.169118753931E-16,-1.,1.550809096065E-16));
#10402 = ORIENTED_EDGE('',*,*,#10288,.T.);
#10403 = PLANE('',#10404);
#10404 = AXIS2_PLACEMENT_3D('',#10405,#10406,#10407);
#10405 = CARTESIAN_POINT('',(2.6,-11.2,-3.));
#10406 = DIRECTION('',(-1.,4.169118753931E-16,6.187342961859E-16));
#10407 = DIRECTION('',(-4.169118753931E-16,-1.,1.550809096065E-16));
#10408 = ADVANCED_FACE('',(#10409),#10436,.F.);
#10409 = FACE_BOUND('',#10410,.T.);
#10410 = EDGE_LOOP('',(#10411,#10422,#10430));
#10411 = ORIENTED_EDGE('',*,*,#10412,.T.);
#10412 = EDGE_CURVE('',#10413,#10415,#10417,.T.);
#10413 = VERTEX_POINT('',#10414);
#10414 = CARTESIAN_POINT('',(2.9,25.5,-2.8));
#10415 = VERTEX_POINT('',#10416);
#10416 = CARTESIAN_POINT('',(2.9,25.3,-3.));
#10417 = CIRCLE('',#10418,0.2);
#10418 = AXIS2_PLACEMENT_3D('',#10419,#10420,#10421);
#10419 = CARTESIAN_POINT('',(2.9,25.3,-2.8));
#10420 = DIRECTION('',(-1.,-0.,4.336808689942E-16));
#10421 = DIRECTION('',(-4.336808689942E-16,0.,-1.));
#10422 = ORIENTED_EDGE('',*,*,#10423,.F.);
#10423 = EDGE_CURVE('',#10424,#10415,#10426,.T.);
#10424 = VERTEX_POINT('',#10425);
#10425 = CARTESIAN_POINT('',(2.9,25.5,-3.));
#10426 = LINE('',#10427,#10428);
#10427 = CARTESIAN_POINT('',(2.9,25.5,-3.));
#10428 = VECTOR('',#10429,1.);
#10429 = DIRECTION('',(-7.060324547226E-16,-1.,1.550809096065E-16));
#10430 = ORIENTED_EDGE('',*,*,#10431,.T.);
#10431 = EDGE_CURVE('',#10424,#10413,#10432,.T.);
#10432 = LINE('',#10433,#10434);
#10433 = CARTESIAN_POINT('',(2.9,25.5,-3.));
#10434 = VECTOR('',#10435,1.);
#10435 = DIRECTION('',(6.092520311428E-16,2.239979602611E-16,1.));
#10436 = PLANE('',#10437);
#10437 = AXIS2_PLACEMENT_3D('',#10438,#10439,#10440);
#10438 = CARTESIAN_POINT('',(2.9,25.5,-3.));
#10439 = DIRECTION('',(-1.,7.060324547226E-16,6.187342961859E-16));
#10440 = DIRECTION('',(-7.060324547226E-16,-1.,1.550809096065E-16));
#10441 = ADVANCED_FACE('',(#10442),#10476,.F.);
#10442 = FACE_BOUND('',#10443,.T.);
#10443 = EDGE_LOOP('',(#10444,#10454,#10462,#10470));
#10444 = ORIENTED_EDGE('',*,*,#10445,.T.);
#10445 = EDGE_CURVE('',#10446,#10448,#10450,.T.);
#10446 = VERTEX_POINT('',#10447);
#10447 = CARTESIAN_POINT('',(2.2,25.2,-2.6));
#10448 = VERTEX_POINT('',#10449);
#10449 = CARTESIAN_POINT('',(2.2,25.5,-2.6));
#10450 = LINE('',#10451,#10452);
#10451 = CARTESIAN_POINT('',(2.2,27.,-2.6));
#10452 = VECTOR('',#10453,1.);
#10453 = DIRECTION('',(-5.955256430375E-32,1.,-9.71445146547E-17));
#10454 = ORIENTED_EDGE('',*,*,#10455,.F.);
#10455 = EDGE_CURVE('',#10456,#10448,#10458,.T.);
#10456 = VERTEX_POINT('',#10457);
#10457 = CARTESIAN_POINT('',(2.2,25.5,-3.));
#10458 = LINE('',#10459,#10460);
#10459 = CARTESIAN_POINT('',(2.2,25.5,-3.));
#10460 = VECTOR('',#10461,1.);
#10461 = DIRECTION('',(6.092520311428E-16,2.239979602611E-16,1.));
#10462 = ORIENTED_EDGE('',*,*,#10463,.F.);
#10463 = EDGE_CURVE('',#10464,#10456,#10466,.T.);
#10464 = VERTEX_POINT('',#10465);
#10465 = CARTESIAN_POINT('',(2.2,25.2,-3.));
#10466 = LINE('',#10467,#10468);
#10467 = CARTESIAN_POINT('',(2.2,25.5,-3.));
#10468 = VECTOR('',#10469,1.);
#10469 = DIRECTION('',(5.551115123126E-17,1.,-1.550809096065E-16));
#10470 = ORIENTED_EDGE('',*,*,#10471,.T.);
#10471 = EDGE_CURVE('',#10464,#10446,#10472,.T.);
#10472 = LINE('',#10473,#10474);
#10473 = CARTESIAN_POINT('',(2.2,25.2,-3.));
#10474 = VECTOR('',#10475,1.);
#10475 = DIRECTION('',(6.092520311428E-16,2.239979602611E-16,1.));
#10476 = PLANE('',#10477);
#10477 = AXIS2_PLACEMENT_3D('',#10478,#10479,#10480);
#10478 = CARTESIAN_POINT('',(2.2,25.5,-3.));
#10479 = DIRECTION('',(1.,1.569929428864E-33,-6.092520311428E-16));
#10480 = DIRECTION('',(6.092520311428E-16,2.239979602611E-16,1.));
#10481 = ADVANCED_FACE('',(#10482),#10498,.F.);
#10482 = FACE_BOUND('',#10483,.T.);
#10483 = EDGE_LOOP('',(#10484,#10490,#10491,#10497));
#10484 = ORIENTED_EDGE('',*,*,#10485,.F.);
#10485 = EDGE_CURVE('',#5805,#10464,#10486,.T.);
#10486 = LINE('',#10487,#10488);
#10487 = CARTESIAN_POINT('',(2.2,25.2,-3.));
#10488 = VECTOR('',#10489,1.);
#10489 = DIRECTION('',(1.,-5.540785994482E-34,-6.187342961859E-16));
#10490 = ORIENTED_EDGE('',*,*,#5804,.T.);
#10491 = ORIENTED_EDGE('',*,*,#10492,.T.);
#10492 = EDGE_CURVE('',#5807,#10446,#10493,.T.);
#10493 = LINE('',#10494,#10495);
#10494 = CARTESIAN_POINT('',(2.2,25.2,-2.6));
#10495 = VECTOR('',#10496,1.);
#10496 = DIRECTION('',(1.,-5.540785994482E-34,-6.187342961859E-16));
#10497 = ORIENTED_EDGE('',*,*,#10471,.F.);
#10498 = PLANE('',#10499);
#10499 = AXIS2_PLACEMENT_3D('',#10500,#10501,#10502);
#10500 = CARTESIAN_POINT('',(2.2,25.2,-3.));
#10501 = DIRECTION('',(-5.551115123126E-17,-1.,2.239979602611E-16));
#10502 = DIRECTION('',(-6.092520311428E-16,-2.239979602611E-16,-1.));
#10503 = ADVANCED_FACE('',(#10504),#10531,.F.);
#10504 = FACE_BOUND('',#10505,.F.);
#10505 = EDGE_LOOP('',(#10506,#10515,#10523,#10530));
#10506 = ORIENTED_EDGE('',*,*,#10507,.F.);
#10507 = EDGE_CURVE('',#10508,#5815,#10510,.T.);
#10508 = VERTEX_POINT('',#10509);
#10509 = CARTESIAN_POINT('',(-1.,25.2,-2.6));
#10510 = CIRCLE('',#10511,1.);
#10511 = AXIS2_PLACEMENT_3D('',#10512,#10513,#10514);
#10512 = CARTESIAN_POINT('',(1.303239595074E-15,25.2,-2.6));
#10513 = DIRECTION('',(0.,9.71445146547E-17,1.));
#10514 = DIRECTION('',(0.,-1.,9.71445146547E-17));
#10515 = ORIENTED_EDGE('',*,*,#10516,.T.);
#10516 = EDGE_CURVE('',#10508,#10517,#10519,.T.);
#10517 = VERTEX_POINT('',#10518);
#10518 = CARTESIAN_POINT('',(-1.,25.2,-3.));
#10519 = LINE('',#10520,#10521);
#10520 = CARTESIAN_POINT('',(-1.,25.2,-3.));
#10521 = VECTOR('',#10522,1.);
#10522 = DIRECTION('',(-6.092520311428E-16,-2.239979602611E-16,-1.));
#10523 = ORIENTED_EDGE('',*,*,#10524,.T.);
#10524 = EDGE_CURVE('',#10517,#5824,#10525,.T.);
#10525 = CIRCLE('',#10526,1.);
#10526 = AXIS2_PLACEMENT_3D('',#10527,#10528,#10529);
#10527 = CARTESIAN_POINT('',(1.059538782617E-15,25.2,-3.));
#10528 = DIRECTION('',(6.092520311428E-16,2.239979602611E-16,1.));
#10529 = DIRECTION('',(-5.551115123126E-17,-1.,2.239979602611E-16));
#10530 = ORIENTED_EDGE('',*,*,#5823,.T.);
#10531 = CYLINDRICAL_SURFACE('',#10532,1.);
#10532 = AXIS2_PLACEMENT_3D('',#10533,#10534,#10535);
#10533 = CARTESIAN_POINT('',(1.059538782617E-15,25.2,-3.));
#10534 = DIRECTION('',(6.092520311428E-16,2.239979602611E-16,1.));
#10535 = DIRECTION('',(-5.551115123126E-17,-1.,2.239979602611E-16));
#10536 = ADVANCED_FACE('',(#10537),#10562,.F.);
#10537 = FACE_BOUND('',#10538,.T.);
#10538 = EDGE_LOOP('',(#10539,#10547,#10548,#10556));
#10539 = ORIENTED_EDGE('',*,*,#10540,.T.);
#10540 = EDGE_CURVE('',#10541,#10508,#10543,.T.);
#10541 = VERTEX_POINT('',#10542);
#10542 = CARTESIAN_POINT('',(-2.2,25.2,-2.6));
#10543 = LINE('',#10544,#10545);
#10544 = CARTESIAN_POINT('',(-3.45,25.2,-2.6));
#10545 = VECTOR('',#10546,1.);
#10546 = DIRECTION('',(1.,-5.551115123126E-17,5.392603844284E-33));
#10547 = ORIENTED_EDGE('',*,*,#10516,.T.);
#10548 = ORIENTED_EDGE('',*,*,#10549,.F.);
#10549 = EDGE_CURVE('',#10550,#10517,#10552,.T.);
#10550 = VERTEX_POINT('',#10551);
#10551 = CARTESIAN_POINT('',(-2.2,25.2,-3.));
#10552 = LINE('',#10553,#10554);
#10553 = CARTESIAN_POINT('',(2.2,25.2,-3.));
#10554 = VECTOR('',#10555,1.);
#10555 = DIRECTION('',(1.,-5.540785994482E-34,-6.187342961859E-16));
#10556 = ORIENTED_EDGE('',*,*,#10557,.T.);
#10557 = EDGE_CURVE('',#10550,#10541,#10558,.T.);
#10558 = LINE('',#10559,#10560);
#10559 = CARTESIAN_POINT('',(-2.2,25.2,-3.));
#10560 = VECTOR('',#10561,1.);
#10561 = DIRECTION('',(6.092520311428E-16,2.239979602611E-16,1.));
#10562 = PLANE('',#10563);
#10563 = AXIS2_PLACEMENT_3D('',#10564,#10565,#10566);
#10564 = CARTESIAN_POINT('',(2.2,25.2,-3.));
#10565 = DIRECTION('',(-5.551115123126E-17,-1.,2.239979602611E-16));
#10566 = DIRECTION('',(-6.092520311428E-16,-2.239979602611E-16,-1.));
#10567 = ADVANCED_FACE('',(#10568),#10593,.F.);
#10568 = FACE_BOUND('',#10569,.T.);
#10569 = EDGE_LOOP('',(#10570,#10578,#10579,#10587));
#10570 = ORIENTED_EDGE('',*,*,#10571,.T.);
#10571 = EDGE_CURVE('',#10572,#10541,#10574,.T.);
#10572 = VERTEX_POINT('',#10573);
#10573 = CARTESIAN_POINT('',(-2.2,25.5,-2.6));
#10574 = LINE('',#10575,#10576);
#10575 = CARTESIAN_POINT('',(-2.2,25.5,-2.6));
#10576 = VECTOR('',#10577,1.);
#10577 = DIRECTION('',(-5.551115123126E-17,-1.,1.550809096065E-16));
#10578 = ORIENTED_EDGE('',*,*,#10557,.F.);
#10579 = ORIENTED_EDGE('',*,*,#10580,.F.);
#10580 = EDGE_CURVE('',#10581,#10550,#10583,.T.);
#10581 = VERTEX_POINT('',#10582);
#10582 = CARTESIAN_POINT('',(-2.2,25.5,-3.));
#10583 = LINE('',#10584,#10585);
#10584 = CARTESIAN_POINT('',(-2.2,25.5,-3.));
#10585 = VECTOR('',#10586,1.);
#10586 = DIRECTION('',(-5.551115123126E-17,-1.,1.550809096065E-16));
#10587 = ORIENTED_EDGE('',*,*,#10588,.T.);
#10588 = EDGE_CURVE('',#10581,#10572,#10589,.T.);
#10589 = LINE('',#10590,#10591);
#10590 = CARTESIAN_POINT('',(-2.2,25.5,-3.));
#10591 = VECTOR('',#10592,1.);
#10592 = DIRECTION('',(6.092520311428E-16,2.239979602611E-16,1.));
#10593 = PLANE('',#10594);
#10594 = AXIS2_PLACEMENT_3D('',#10595,#10596,#10597);
#10595 = CARTESIAN_POINT('',(-2.2,25.5,-3.));
#10596 = DIRECTION('',(-1.,-1.569929428864E-33,6.092520311428E-16));
#10597 = DIRECTION('',(-6.092520311428E-16,-2.239979602611E-16,-1.));
#10598 = ADVANCED_FACE('',(#10599),#10626,.F.);
#10599 = FACE_BOUND('',#10600,.T.);
#10600 = EDGE_LOOP('',(#10601,#10612,#10620));
#10601 = ORIENTED_EDGE('',*,*,#10602,.T.);
#10602 = EDGE_CURVE('',#10603,#10605,#10607,.T.);
#10603 = VERTEX_POINT('',#10604);
#10604 = CARTESIAN_POINT('',(-2.9,25.3,-3.));
#10605 = VERTEX_POINT('',#10606);
#10606 = CARTESIAN_POINT('',(-2.9,25.5,-2.8));
#10607 = CIRCLE('',#10608,0.2);
#10608 = AXIS2_PLACEMENT_3D('',#10609,#10610,#10611);
#10609 = CARTESIAN_POINT('',(-2.9,25.3,-2.8));
#10610 = DIRECTION('',(1.,0.,-0.));
#10611 = DIRECTION('',(0.,0.,1.));
#10612 = ORIENTED_EDGE('',*,*,#10613,.F.);
#10613 = EDGE_CURVE('',#10614,#10605,#10616,.T.);
#10614 = VERTEX_POINT('',#10615);
#10615 = CARTESIAN_POINT('',(-2.9,25.5,-3.));
#10616 = LINE('',#10617,#10618);
#10617 = CARTESIAN_POINT('',(-2.9,25.5,-3.));
#10618 = VECTOR('',#10619,1.);
#10619 = DIRECTION('',(6.092520311428E-16,2.239979602611E-16,1.));
#10620 = ORIENTED_EDGE('',*,*,#10621,.F.);
#10621 = EDGE_CURVE('',#10603,#10614,#10622,.T.);
#10622 = LINE('',#10623,#10624);
#10623 = CARTESIAN_POINT('',(-2.9,25.5,-3.));
#10624 = VECTOR('',#10625,1.);
#10625 = DIRECTION('',(5.551115123126E-17,1.,-1.550809096065E-16));
#10626 = PLANE('',#10627);
#10627 = AXIS2_PLACEMENT_3D('',#10628,#10629,#10630);
#10628 = CARTESIAN_POINT('',(-2.9,25.5,-3.));
#10629 = DIRECTION('',(1.,1.569929428864E-33,-6.092520311428E-16));
#10630 = DIRECTION('',(6.092520311428E-16,2.239979602611E-16,1.));
#10631 = ADVANCED_FACE('',(#10632),#10659,.F.);
#10632 = FACE_BOUND('',#10633,.T.);
#10633 = EDGE_LOOP('',(#10634,#10644,#10650,#10651,#10652,#10653));
#10634 = ORIENTED_EDGE('',*,*,#10635,.T.);
#10635 = EDGE_CURVE('',#10636,#10638,#10640,.T.);
#10636 = VERTEX_POINT('',#10637);
#10637 = CARTESIAN_POINT('',(-3.35,23.5,-3.));
#10638 = VERTEX_POINT('',#10639);
#10639 = CARTESIAN_POINT('',(-3.35,11.2,-3.));
#10640 = LINE('',#10641,#10642);
#10641 = CARTESIAN_POINT('',(-3.35,25.5,-3.));
#10642 = VECTOR('',#10643,1.);
#10643 = DIRECTION('',(-6.401469768212E-17,-1.,1.550809096065E-16));
#10644 = ORIENTED_EDGE('',*,*,#10645,.T.);
#10645 = EDGE_CURVE('',#10638,#8915,#10646,.T.);
#10646 = LINE('',#10647,#10648);
#10647 = CARTESIAN_POINT('',(-3.35,11.2,-3.));
#10648 = VECTOR('',#10649,1.);
#10649 = DIRECTION('',(6.092520311428E-16,2.239979602611E-16,1.));
#10650 = ORIENTED_EDGE('',*,*,#8914,.F.);
#10651 = ORIENTED_EDGE('',*,*,#9062,.F.);
#10652 = ORIENTED_EDGE('',*,*,#9168,.F.);
#10653 = ORIENTED_EDGE('',*,*,#10654,.T.);
#10654 = EDGE_CURVE('',#9161,#10636,#10655,.T.);
#10655 = LINE('',#10656,#10657);
#10656 = CARTESIAN_POINT('',(-3.35,23.5,-4.5));
#10657 = VECTOR('',#10658,1.);
#10658 = DIRECTION('',(-6.187342961859E-16,0.,-1.));
#10659 = PLANE('',#10660);
#10660 = AXIS2_PLACEMENT_3D('',#10661,#10662,#10663);
#10661 = CARTESIAN_POINT('',(-3.35,25.5,-2.6));
#10662 = DIRECTION('',(1.,-6.401469768212E-17,-6.187342961859E-16));
#10663 = DIRECTION('',(6.401469768212E-17,1.,-1.550809096065E-16));
#10664 = ADVANCED_FACE('',(#10665),#10684,.F.);
#10665 = FACE_BOUND('',#10666,.T.);
#10666 = EDGE_LOOP('',(#10667,#10668,#10669,#10670,#10678));
#10667 = ORIENTED_EDGE('',*,*,#9942,.T.);
#10668 = ORIENTED_EDGE('',*,*,#8922,.T.);
#10669 = ORIENTED_EDGE('',*,*,#10645,.F.);
#10670 = ORIENTED_EDGE('',*,*,#10671,.F.);
#10671 = EDGE_CURVE('',#10672,#10638,#10674,.T.);
#10672 = VERTEX_POINT('',#10673);
#10673 = CARTESIAN_POINT('',(-2.6,11.2,-3.));
#10674 = LINE('',#10675,#10676);
#10675 = CARTESIAN_POINT('',(-3.35,11.2,-3.));
#10676 = VECTOR('',#10677,1.);
#10677 = DIRECTION('',(-1.,5.540785994482E-34,6.187342961859E-16));
#10678 = ORIENTED_EDGE('',*,*,#10679,.T.);
#10679 = EDGE_CURVE('',#10672,#9943,#10680,.T.);
#10680 = LINE('',#10681,#10682);
#10681 = CARTESIAN_POINT('',(-2.6,11.2,-3.));
#10682 = VECTOR('',#10683,1.);
#10683 = DIRECTION('',(6.092520311428E-16,2.239979602611E-16,1.));
#10684 = PLANE('',#10685);
#10685 = AXIS2_PLACEMENT_3D('',#10686,#10687,#10688);
#10686 = CARTESIAN_POINT('',(-3.35,11.2,-3.));
#10687 = DIRECTION('',(5.551115123126E-17,1.,-2.239979602611E-16));
#10688 = DIRECTION('',(6.092520311428E-16,2.239979602611E-16,1.));
#10689 = ADVANCED_FACE('',(#10690),#10724,.F.);
#10690 = FACE_BOUND('',#10691,.T.);
#10691 = EDGE_LOOP('',(#10692,#10693,#10694,#10702,#10710,#10718));
#10692 = ORIENTED_EDGE('',*,*,#9950,.T.);
#10693 = ORIENTED_EDGE('',*,*,#10679,.F.);
#10694 = ORIENTED_EDGE('',*,*,#10695,.F.);
#10695 = EDGE_CURVE('',#10696,#10672,#10698,.T.);
#10696 = VERTEX_POINT('',#10697);
#10697 = CARTESIAN_POINT('',(-2.6,10.4,-3.));
#10698 = LINE('',#10699,#10700);
#10699 = CARTESIAN_POINT('',(-2.6,11.2,-3.));
#10700 = VECTOR('',#10701,1.);
#10701 = DIRECTION('',(5.551115123126E-17,1.,-1.550809096065E-16));
#10702 = ORIENTED_EDGE('',*,*,#10703,.F.);
#10703 = EDGE_CURVE('',#10704,#10696,#10706,.T.);
#10704 = VERTEX_POINT('',#10705);
#10705 = CARTESIAN_POINT('',(-2.6,9.6,-3.));
#10706 = LINE('',#10707,#10708);
#10707 = CARTESIAN_POINT('',(-2.6,10.4,-3.));
#10708 = VECTOR('',#10709,1.);
#10709 = DIRECTION('',(6.713871467155E-31,1.,1.084202172486E-15));
#10710 = ORIENTED_EDGE('',*,*,#10711,.F.);
#10711 = EDGE_CURVE('',#10712,#10704,#10714,.T.);
#10712 = VERTEX_POINT('',#10713);
#10713 = CARTESIAN_POINT('',(-2.6,7.8,-3.));
#10714 = LINE('',#10715,#10716);
#10715 = CARTESIAN_POINT('',(-2.6,11.2,-3.));
#10716 = VECTOR('',#10717,1.);
#10717 = DIRECTION('',(5.551115123126E-17,1.,-1.550809096065E-16));
#10718 = ORIENTED_EDGE('',*,*,#10719,.T.);
#10719 = EDGE_CURVE('',#10712,#9951,#10720,.T.);
#10720 = LINE('',#10721,#10722);
#10721 = CARTESIAN_POINT('',(-2.6,7.8,-3.));
#10722 = VECTOR('',#10723,1.);
#10723 = DIRECTION('',(6.092520311428E-16,2.239979602611E-16,1.));
#10724 = PLANE('',#10725);
#10725 = AXIS2_PLACEMENT_3D('',#10726,#10727,#10728);
#10726 = CARTESIAN_POINT('',(-2.6,11.2,-3.));
#10727 = DIRECTION('',(1.,1.569929428864E-33,-6.092520311428E-16));
#10728 = DIRECTION('',(6.092520311428E-16,2.239979602611E-16,1.));
#10729 = ADVANCED_FACE('',(#10730),#10749,.F.);
#10730 = FACE_BOUND('',#10731,.T.);
#10731 = EDGE_LOOP('',(#10732,#10733,#10734,#10735,#10743));
#10732 = ORIENTED_EDGE('',*,*,#9568,.T.);
#10733 = ORIENTED_EDGE('',*,*,#9958,.T.);
#10734 = ORIENTED_EDGE('',*,*,#10719,.F.);
#10735 = ORIENTED_EDGE('',*,*,#10736,.F.);
#10736 = EDGE_CURVE('',#10737,#10712,#10739,.T.);
#10737 = VERTEX_POINT('',#10738);
#10738 = CARTESIAN_POINT('',(-3.35,7.8,-3.));
#10739 = LINE('',#10740,#10741);
#10740 = CARTESIAN_POINT('',(-3.35,7.8,-3.));
#10741 = VECTOR('',#10742,1.);
#10742 = DIRECTION('',(1.,-5.540785994482E-34,-6.187342961859E-16));
#10743 = ORIENTED_EDGE('',*,*,#10744,.T.);
#10744 = EDGE_CURVE('',#10737,#9569,#10745,.T.);
#10745 = LINE('',#10746,#10747);
#10746 = CARTESIAN_POINT('',(-3.35,7.8,-3.));
#10747 = VECTOR('',#10748,1.);
#10748 = DIRECTION('',(6.092520311428E-16,2.239979602611E-16,1.));
#10749 = PLANE('',#10750);
#10750 = AXIS2_PLACEMENT_3D('',#10751,#10752,#10753);
#10751 = CARTESIAN_POINT('',(-3.35,7.8,-3.));
#10752 = DIRECTION('',(-5.551115123126E-17,-1.,2.239979602611E-16));
#10753 = DIRECTION('',(-6.092520311428E-16,-2.239979602611E-16,-1.));
#10754 = ADVANCED_FACE('',(#10755),#10782,.F.);
#10755 = FACE_BOUND('',#10756,.T.);
#10756 = EDGE_LOOP('',(#10757,#10765,#10773,#10779,#10780,#10781));
#10757 = ORIENTED_EDGE('',*,*,#10758,.T.);
#10758 = EDGE_CURVE('',#10737,#10759,#10761,.T.);
#10759 = VERTEX_POINT('',#10760);
#10760 = CARTESIAN_POINT('',(-3.35,-7.8,-3.));
#10761 = LINE('',#10762,#10763);
#10762 = CARTESIAN_POINT('',(-3.35,25.5,-3.));
#10763 = VECTOR('',#10764,1.);
#10764 = DIRECTION('',(-6.401469768212E-17,-1.,1.550809096065E-16));
#10765 = ORIENTED_EDGE('',*,*,#10766,.T.);
#10766 = EDGE_CURVE('',#10759,#10767,#10769,.T.);
#10767 = VERTEX_POINT('',#10768);
#10768 = CARTESIAN_POINT('',(-3.35,-7.8,-2.6));
#10769 = LINE('',#10770,#10771);
#10770 = CARTESIAN_POINT('',(-3.35,-7.8,-3.));
#10771 = VECTOR('',#10772,1.);
#10772 = DIRECTION('',(6.092520311428E-16,2.239979602611E-16,1.));
#10773 = ORIENTED_EDGE('',*,*,#10774,.F.);
#10774 = EDGE_CURVE('',#9723,#10767,#10775,.T.);
#10775 = LINE('',#10776,#10777);
#10776 = CARTESIAN_POINT('',(-3.35,25.5,-2.6));
#10777 = VECTOR('',#10778,1.);
#10778 = DIRECTION('',(-6.401469768212E-17,-1.,1.550809096065E-16));
#10779 = ORIENTED_EDGE('',*,*,#9722,.F.);
#10780 = ORIENTED_EDGE('',*,*,#9576,.F.);
#10781 = ORIENTED_EDGE('',*,*,#10744,.F.);
#10782 = PLANE('',#10783);
#10783 = AXIS2_PLACEMENT_3D('',#10784,#10785,#10786);
#10784 = CARTESIAN_POINT('',(-3.35,25.5,-2.6));
#10785 = DIRECTION('',(1.,-6.401469768212E-17,-6.187342961859E-16));
#10786 = DIRECTION('',(6.401469768212E-17,1.,-1.550809096065E-16));
#10787 = ADVANCED_FACE('',(#10788),#10812,.F.);
#10788 = FACE_BOUND('',#10789,.T.);
#10789 = EDGE_LOOP('',(#10790,#10791,#10797,#10798,#10806));
#10790 = ORIENTED_EDGE('',*,*,#9895,.T.);
#10791 = ORIENTED_EDGE('',*,*,#10792,.T.);
#10792 = EDGE_CURVE('',#9888,#10767,#10793,.T.);
#10793 = LINE('',#10794,#10795);
#10794 = CARTESIAN_POINT('',(-3.35,-7.8,-2.6));
#10795 = VECTOR('',#10796,1.);
#10796 = DIRECTION('',(-1.,-2.312964634636E-15,6.187342961859E-16));
#10797 = ORIENTED_EDGE('',*,*,#10766,.F.);
#10798 = ORIENTED_EDGE('',*,*,#10799,.F.);
#10799 = EDGE_CURVE('',#10800,#10759,#10802,.T.);
#10800 = VERTEX_POINT('',#10801);
#10801 = CARTESIAN_POINT('',(-2.6,-7.8,-3.));
#10802 = LINE('',#10803,#10804);
#10803 = CARTESIAN_POINT('',(-3.35,-7.8,-3.));
#10804 = VECTOR('',#10805,1.);
#10805 = DIRECTION('',(-1.,-2.312964634636E-15,6.187342961859E-16));
#10806 = ORIENTED_EDGE('',*,*,#10807,.T.);
#10807 = EDGE_CURVE('',#10800,#9896,#10808,.T.);
#10808 = LINE('',#10809,#10810);
#10809 = CARTESIAN_POINT('',(-2.6,-7.8,-3.));
#10810 = VECTOR('',#10811,1.);
#10811 = DIRECTION('',(6.092520311428E-16,2.239979602611E-16,1.));
#10812 = PLANE('',#10813);
#10813 = AXIS2_PLACEMENT_3D('',#10814,#10815,#10816);
#10814 = CARTESIAN_POINT('',(-3.35,-7.8,-3.));
#10815 = DIRECTION('',(-2.312964634636E-15,1.,-1.550809096065E-16));
#10816 = DIRECTION('',(-1.,-2.312964634636E-15,6.187342961859E-16));
#10817 = ADVANCED_FACE('',(#10818),#10852,.F.);
#10818 = FACE_BOUND('',#10819,.T.);
#10819 = EDGE_LOOP('',(#10820,#10821,#10822,#10830,#10838,#10846));
#10820 = ORIENTED_EDGE('',*,*,#9903,.T.);
#10821 = ORIENTED_EDGE('',*,*,#10807,.F.);
#10822 = ORIENTED_EDGE('',*,*,#10823,.F.);
#10823 = EDGE_CURVE('',#10824,#10800,#10826,.T.);
#10824 = VERTEX_POINT('',#10825);
#10825 = CARTESIAN_POINT('',(-2.6,-9.6,-3.));
#10826 = LINE('',#10827,#10828);
#10827 = CARTESIAN_POINT('',(-2.6,-7.8,-3.));
#10828 = VECTOR('',#10829,1.);
#10829 = DIRECTION('',(5.551115123126E-17,1.,-1.550809096065E-16));
#10830 = ORIENTED_EDGE('',*,*,#10831,.F.);
#10831 = EDGE_CURVE('',#10832,#10824,#10834,.T.);
#10832 = VERTEX_POINT('',#10833);
#10833 = CARTESIAN_POINT('',(-2.6,-10.4,-3.));
#10834 = LINE('',#10835,#10836);
#10835 = CARTESIAN_POINT('',(-2.6,-9.6,-3.));
#10836 = VECTOR('',#10837,1.);
#10837 = DIRECTION('',(6.713871467155E-31,1.,1.084202172486E-15));
#10838 = ORIENTED_EDGE('',*,*,#10839,.F.);
#10839 = EDGE_CURVE('',#10840,#10832,#10842,.T.);
#10840 = VERTEX_POINT('',#10841);
#10841 = CARTESIAN_POINT('',(-2.6,-11.2,-3.));
#10842 = LINE('',#10843,#10844);
#10843 = CARTESIAN_POINT('',(-2.6,-7.8,-3.));
#10844 = VECTOR('',#10845,1.);
#10845 = DIRECTION('',(5.551115123126E-17,1.,-1.550809096065E-16));
#10846 = ORIENTED_EDGE('',*,*,#10847,.T.);
#10847 = EDGE_CURVE('',#10840,#9904,#10848,.T.);
#10848 = LINE('',#10849,#10850);
#10849 = CARTESIAN_POINT('',(-2.6,-11.2,-3.));
#10850 = VECTOR('',#10851,1.);
#10851 = DIRECTION('',(6.092520311428E-16,2.239979602611E-16,1.));
#10852 = PLANE('',#10853);
#10853 = AXIS2_PLACEMENT_3D('',#10854,#10855,#10856);
#10854 = CARTESIAN_POINT('',(-2.6,-7.8,-3.));
#10855 = DIRECTION('',(1.,1.569929428864E-33,-6.092520311428E-16));
#10856 = DIRECTION('',(6.092520311428E-16,2.239979602611E-16,1.));
#10857 = ADVANCED_FACE('',(#10858),#10877,.F.);
#10858 = FACE_BOUND('',#10859,.T.);
#10859 = EDGE_LOOP('',(#10860,#10861,#10862,#10863,#10871));
#10860 = ORIENTED_EDGE('',*,*,#9249,.T.);
#10861 = ORIENTED_EDGE('',*,*,#9911,.T.);
#10862 = ORIENTED_EDGE('',*,*,#10847,.F.);
#10863 = ORIENTED_EDGE('',*,*,#10864,.F.);
#10864 = EDGE_CURVE('',#10865,#10840,#10867,.T.);
#10865 = VERTEX_POINT('',#10866);
#10866 = CARTESIAN_POINT('',(-3.35,-11.2,-3.));
#10867 = LINE('',#10868,#10869);
#10868 = CARTESIAN_POINT('',(-3.35,-11.2,-3.));
#10869 = VECTOR('',#10870,1.);
#10870 = DIRECTION('',(1.,-5.540785994482E-34,-6.187342961859E-16));
#10871 = ORIENTED_EDGE('',*,*,#10872,.T.);
#10872 = EDGE_CURVE('',#10865,#9250,#10873,.T.);
#10873 = LINE('',#10874,#10875);
#10874 = CARTESIAN_POINT('',(-3.35,-11.2,-3.));
#10875 = VECTOR('',#10876,1.);
#10876 = DIRECTION('',(6.092520311428E-16,2.239979602611E-16,1.));
#10877 = PLANE('',#10878);
#10878 = AXIS2_PLACEMENT_3D('',#10879,#10880,#10881);
#10879 = CARTESIAN_POINT('',(-3.35,-11.2,-3.));
#10880 = DIRECTION('',(-5.551115123126E-17,-1.,2.239979602611E-16));
#10881 = DIRECTION('',(-6.092520311428E-16,-2.239979602611E-16,-1.));
#10882 = ADVANCED_FACE('',(#10883),#10917,.F.);
#10883 = FACE_BOUND('',#10884,.T.);
#10884 = EDGE_LOOP('',(#10885,#10886,#10887,#10895,#10903,#10911));
#10885 = ORIENTED_EDGE('',*,*,#9257,.F.);
#10886 = ORIENTED_EDGE('',*,*,#10872,.F.);
#10887 = ORIENTED_EDGE('',*,*,#10888,.T.);
#10888 = EDGE_CURVE('',#10865,#10889,#10891,.T.);
#10889 = VERTEX_POINT('',#10890);
#10890 = CARTESIAN_POINT('',(-3.35,-23.5,-3.));
#10891 = LINE('',#10892,#10893);
#10892 = CARTESIAN_POINT('',(-3.35,25.5,-3.));
#10893 = VECTOR('',#10894,1.);
#10894 = DIRECTION('',(-6.401469768212E-17,-1.,1.550809096065E-16));
#10895 = ORIENTED_EDGE('',*,*,#10896,.T.);
#10896 = EDGE_CURVE('',#10889,#10897,#10899,.T.);
#10897 = VERTEX_POINT('',#10898);
#10898 = CARTESIAN_POINT('',(-3.35,-23.5,-2.6));
#10899 = LINE('',#10900,#10901);
#10900 = CARTESIAN_POINT('',(-3.35,-23.5,-3.));
#10901 = VECTOR('',#10902,1.);
#10902 = DIRECTION('',(6.092520311428E-16,2.239979602611E-16,1.));
#10903 = ORIENTED_EDGE('',*,*,#10904,.F.);
#10904 = EDGE_CURVE('',#10905,#10897,#10907,.T.);
#10905 = VERTEX_POINT('',#10906);
#10906 = CARTESIAN_POINT('',(-3.35,-21.45,-2.6));
#10907 = LINE('',#10908,#10909);
#10908 = CARTESIAN_POINT('',(-3.35,25.5,-2.6));
#10909 = VECTOR('',#10910,1.);
#10910 = DIRECTION('',(-6.401469768212E-17,-1.,1.550809096065E-16));
#10911 = ORIENTED_EDGE('',*,*,#10912,.F.);
#10912 = EDGE_CURVE('',#9234,#10905,#10913,.T.);
#10913 = LINE('',#10914,#10915);
#10914 = CARTESIAN_POINT('',(-3.35,25.5,-2.6));
#10915 = VECTOR('',#10916,1.);
#10916 = DIRECTION('',(-6.401469768212E-17,-1.,1.550809096065E-16));
#10917 = PLANE('',#10918);
#10918 = AXIS2_PLACEMENT_3D('',#10919,#10920,#10921);
#10919 = CARTESIAN_POINT('',(-3.35,25.5,-2.6));
#10920 = DIRECTION('',(1.,-6.401469768212E-17,-6.187342961859E-16));
#10921 = DIRECTION('',(6.401469768212E-17,1.,-1.550809096065E-16));
#10922 = ADVANCED_FACE('',(#10923),#10950,.F.);
#10923 = FACE_BOUND('',#10924,.T.);
#10924 = EDGE_LOOP('',(#10925,#10936,#10944));
#10925 = ORIENTED_EDGE('',*,*,#10926,.T.);
#10926 = EDGE_CURVE('',#10927,#10929,#10931,.T.);
#10927 = VERTEX_POINT('',#10928);
#10928 = CARTESIAN_POINT('',(-2.9,-25.5,-2.8));
#10929 = VERTEX_POINT('',#10930);
#10930 = CARTESIAN_POINT('',(-2.9,-25.3,-3.));
#10931 = CIRCLE('',#10932,0.2);
#10932 = AXIS2_PLACEMENT_3D('',#10933,#10934,#10935);
#10933 = CARTESIAN_POINT('',(-2.9,-25.3,-2.8));
#10934 = DIRECTION('',(1.,0.,-0.));
#10935 = DIRECTION('',(0.,0.,1.));
#10936 = ORIENTED_EDGE('',*,*,#10937,.F.);
#10937 = EDGE_CURVE('',#10938,#10929,#10940,.T.);
#10938 = VERTEX_POINT('',#10939);
#10939 = CARTESIAN_POINT('',(-2.9,-25.5,-3.));
#10940 = LINE('',#10941,#10942);
#10941 = CARTESIAN_POINT('',(-2.9,-23.5,-3.));
#10942 = VECTOR('',#10943,1.);
#10943 = DIRECTION('',(5.551115123126E-17,1.,-1.550809096065E-16));
#10944 = ORIENTED_EDGE('',*,*,#10945,.T.);
#10945 = EDGE_CURVE('',#10938,#10927,#10946,.T.);
#10946 = LINE('',#10947,#10948);
#10947 = CARTESIAN_POINT('',(-2.9,-25.5,-3.));
#10948 = VECTOR('',#10949,1.);
#10949 = DIRECTION('',(6.092520311428E-16,2.239979602611E-16,1.));
#10950 = PLANE('',#10951);
#10951 = AXIS2_PLACEMENT_3D('',#10952,#10953,#10954);
#10952 = CARTESIAN_POINT('',(-2.9,-23.5,-3.));
#10953 = DIRECTION('',(1.,1.569929428864E-33,-6.092520311428E-16));
#10954 = DIRECTION('',(6.092520311428E-16,2.239979602611E-16,1.));
#10955 = ADVANCED_FACE('',(#10956),#10990,.F.);
#10956 = FACE_BOUND('',#10957,.T.);
#10957 = EDGE_LOOP('',(#10958,#10968,#10976,#10984));
#10958 = ORIENTED_EDGE('',*,*,#10959,.T.);
#10959 = EDGE_CURVE('',#10960,#10962,#10964,.T.);
#10960 = VERTEX_POINT('',#10961);
#10961 = CARTESIAN_POINT('',(-2.2,-25.2,-2.6));
#10962 = VERTEX_POINT('',#10963);
#10963 = CARTESIAN_POINT('',(-2.2,-25.5,-2.6));
#10964 = LINE('',#10965,#10966);
#10965 = CARTESIAN_POINT('',(-2.2,27.,-2.6));
#10966 = VECTOR('',#10967,1.);
#10967 = DIRECTION('',(5.955256430375E-32,-1.,9.71445146547E-17));
#10968 = ORIENTED_EDGE('',*,*,#10969,.F.);
#10969 = EDGE_CURVE('',#10970,#10962,#10972,.T.);
#10970 = VERTEX_POINT('',#10971);
#10971 = CARTESIAN_POINT('',(-2.2,-25.5,-3.));
#10972 = LINE('',#10973,#10974);
#10973 = CARTESIAN_POINT('',(-2.2,-25.5,-3.));
#10974 = VECTOR('',#10975,1.);
#10975 = DIRECTION('',(6.092520311428E-16,2.239979602611E-16,1.));
#10976 = ORIENTED_EDGE('',*,*,#10977,.F.);
#10977 = EDGE_CURVE('',#10978,#10970,#10980,.T.);
#10978 = VERTEX_POINT('',#10979);
#10979 = CARTESIAN_POINT('',(-2.2,-25.2,-3.));
#10980 = LINE('',#10981,#10982);
#10981 = CARTESIAN_POINT('',(-2.2,-25.2,-3.));
#10982 = VECTOR('',#10983,1.);
#10983 = DIRECTION('',(-5.551115123126E-17,-1.,1.550809096065E-16));
#10984 = ORIENTED_EDGE('',*,*,#10985,.T.);
#10985 = EDGE_CURVE('',#10978,#10960,#10986,.T.);
#10986 = LINE('',#10987,#10988);
#10987 = CARTESIAN_POINT('',(-2.2,-25.2,-3.));
#10988 = VECTOR('',#10989,1.);
#10989 = DIRECTION('',(6.092520311428E-16,2.239979602611E-16,1.));
#10990 = PLANE('',#10991);
#10991 = AXIS2_PLACEMENT_3D('',#10992,#10993,#10994);
#10992 = CARTESIAN_POINT('',(-2.2,-25.2,-3.));
#10993 = DIRECTION('',(-1.,-1.569929428864E-33,6.092520311428E-16));
#10994 = DIRECTION('',(-6.092520311428E-16,-2.239979602611E-16,-1.));
#10995 = ADVANCED_FACE('',(#10996),#11021,.F.);
#10996 = FACE_BOUND('',#10997,.T.);
#10997 = EDGE_LOOP('',(#10998,#11006,#11007,#11015));
#10998 = ORIENTED_EDGE('',*,*,#10999,.T.);
#10999 = EDGE_CURVE('',#11000,#10960,#11002,.T.);
#11000 = VERTEX_POINT('',#11001);
#11001 = CARTESIAN_POINT('',(2.2,-25.2,-2.6));
#11002 = LINE('',#11003,#11004);
#11003 = CARTESIAN_POINT('',(-3.45,-25.2,-2.6));
#11004 = VECTOR('',#11005,1.);
#11005 = DIRECTION('',(-1.,5.551115123126E-17,-5.392603844284E-33));
#11006 = ORIENTED_EDGE('',*,*,#10985,.F.);
#11007 = ORIENTED_EDGE('',*,*,#11008,.F.);
#11008 = EDGE_CURVE('',#11009,#10978,#11011,.T.);
#11009 = VERTEX_POINT('',#11010);
#11010 = CARTESIAN_POINT('',(2.2,-25.2,-3.));
#11011 = LINE('',#11012,#11013);
#11012 = CARTESIAN_POINT('',(2.2,-25.2,-3.));
#11013 = VECTOR('',#11014,1.);
#11014 = DIRECTION('',(-1.,5.540785994482E-34,6.187342961859E-16));
#11015 = ORIENTED_EDGE('',*,*,#11016,.T.);
#11016 = EDGE_CURVE('',#11009,#11000,#11017,.T.);
#11017 = LINE('',#11018,#11019);
#11018 = CARTESIAN_POINT('',(2.2,-25.2,-3.));
#11019 = VECTOR('',#11020,1.);
#11020 = DIRECTION('',(6.092520311428E-16,2.239979602611E-16,1.));
#11021 = PLANE('',#11022);
#11022 = AXIS2_PLACEMENT_3D('',#11023,#11024,#11025);
#11023 = CARTESIAN_POINT('',(2.2,-25.2,-3.));
#11024 = DIRECTION('',(5.551115123126E-17,1.,-2.239979602611E-16));
#11025 = DIRECTION('',(6.092520311428E-16,2.239979602611E-16,1.));
#11026 = ADVANCED_FACE('',(#11027),#11052,.F.);
#11027 = FACE_BOUND('',#11028,.T.);
#11028 = EDGE_LOOP('',(#11029,#11037,#11038,#11046));
#11029 = ORIENTED_EDGE('',*,*,#11030,.T.);
#11030 = EDGE_CURVE('',#11031,#11000,#11033,.T.);
#11031 = VERTEX_POINT('',#11032);
#11032 = CARTESIAN_POINT('',(2.2,-25.5,-2.6));
#11033 = LINE('',#11034,#11035);
#11034 = CARTESIAN_POINT('',(2.2,27.,-2.6));
#11035 = VECTOR('',#11036,1.);
#11036 = DIRECTION('',(-5.955256430375E-32,1.,-9.71445146547E-17));
#11037 = ORIENTED_EDGE('',*,*,#11016,.F.);
#11038 = ORIENTED_EDGE('',*,*,#11039,.F.);
#11039 = EDGE_CURVE('',#11040,#11009,#11042,.T.);
#11040 = VERTEX_POINT('',#11041);
#11041 = CARTESIAN_POINT('',(2.2,-25.5,-3.));
#11042 = LINE('',#11043,#11044);
#11043 = CARTESIAN_POINT('',(2.2,-25.5,-3.));
#11044 = VECTOR('',#11045,1.);
#11045 = DIRECTION('',(5.551115123126E-17,1.,-1.550809096065E-16));
#11046 = ORIENTED_EDGE('',*,*,#11047,.T.);
#11047 = EDGE_CURVE('',#11040,#11031,#11048,.T.);
#11048 = LINE('',#11049,#11050);
#11049 = CARTESIAN_POINT('',(2.2,-25.5,-3.));
#11050 = VECTOR('',#11051,1.);
#11051 = DIRECTION('',(6.092520311428E-16,2.239979602611E-16,1.));
#11052 = PLANE('',#11053);
#11053 = AXIS2_PLACEMENT_3D('',#11054,#11055,#11056);
#11054 = CARTESIAN_POINT('',(2.2,-25.5,-3.));
#11055 = DIRECTION('',(1.,1.569929428864E-33,-6.092520311428E-16));
#11056 = DIRECTION('',(6.092520311428E-16,2.239979602611E-16,1.));
#11057 = ADVANCED_FACE('',(#11058),#11085,.F.);
#11058 = FACE_BOUND('',#11059,.T.);
#11059 = EDGE_LOOP('',(#11060,#11071,#11079));
#11060 = ORIENTED_EDGE('',*,*,#11061,.T.);
#11061 = EDGE_CURVE('',#11062,#11064,#11066,.T.);
#11062 = VERTEX_POINT('',#11063);
#11063 = CARTESIAN_POINT('',(2.9,-25.3,-3.));
#11064 = VERTEX_POINT('',#11065);
#11065 = CARTESIAN_POINT('',(2.9,-25.5,-2.8));
#11066 = CIRCLE('',#11067,0.2);
#11067 = AXIS2_PLACEMENT_3D('',#11068,#11069,#11070);
#11068 = CARTESIAN_POINT('',(2.9,-25.3,-2.8));
#11069 = DIRECTION('',(-1.,-0.,4.336808689942E-16));
#11070 = DIRECTION('',(-4.336808689942E-16,0.,-1.));
#11071 = ORIENTED_EDGE('',*,*,#11072,.F.);
#11072 = EDGE_CURVE('',#11073,#11064,#11075,.T.);
#11073 = VERTEX_POINT('',#11074);
#11074 = CARTESIAN_POINT('',(2.9,-25.5,-3.));
#11075 = LINE('',#11076,#11077);
#11076 = CARTESIAN_POINT('',(2.9,-25.5,-3.));
#11077 = VECTOR('',#11078,1.);
#11078 = DIRECTION('',(6.092520311428E-16,2.239979602611E-16,1.));
#11079 = ORIENTED_EDGE('',*,*,#11080,.F.);
#11080 = EDGE_CURVE('',#11062,#11073,#11081,.T.);
#11081 = LINE('',#11082,#11083);
#11082 = CARTESIAN_POINT('',(2.9,-25.5,-3.));
#11083 = VECTOR('',#11084,1.);
#11084 = DIRECTION('',(1.613292832658E-16,-1.,1.550809096065E-16));
#11085 = PLANE('',#11086);
#11086 = AXIS2_PLACEMENT_3D('',#11087,#11088,#11089);
#11087 = CARTESIAN_POINT('',(2.9,-25.5,-3.));
#11088 = DIRECTION('',(-1.,-1.613292832658E-16,6.187342961859E-16));
#11089 = DIRECTION('',(1.613292832658E-16,-1.,1.550809096065E-16));
#11090 = ADVANCED_FACE('',(#11091),#11133,.F.);
#11091 = FACE_BOUND('',#11092,.T.);
#11092 = EDGE_LOOP('',(#11093,#11103,#11111,#11119,#11127));
#11093 = ORIENTED_EDGE('',*,*,#11094,.T.);
#11094 = EDGE_CURVE('',#11095,#11097,#11099,.T.);
#11095 = VERTEX_POINT('',#11096);
#11096 = CARTESIAN_POINT('',(3.35,-18.5,-2.6));
#11097 = VERTEX_POINT('',#11098);
#11098 = CARTESIAN_POINT('',(3.35,-21.45,-2.6));
#11099 = LINE('',#11100,#11101);
#11100 = CARTESIAN_POINT('',(3.35,27.,-2.6));
#11101 = VECTOR('',#11102,1.);
#11102 = DIRECTION('',(5.955256430375E-32,-1.,9.71445146547E-17));
#11103 = ORIENTED_EDGE('',*,*,#11104,.T.);
#11104 = EDGE_CURVE('',#11097,#11105,#11107,.T.);
#11105 = VERTEX_POINT('',#11106);
#11106 = CARTESIAN_POINT('',(3.35,-23.5,-2.6));
#11107 = LINE('',#11108,#11109);
#11108 = CARTESIAN_POINT('',(3.35,-23.5,-2.6));
#11109 = VECTOR('',#11110,1.);
#11110 = DIRECTION('',(-5.551115123126E-17,-1.,1.550809096065E-16));
#11111 = ORIENTED_EDGE('',*,*,#11112,.T.);
#11112 = EDGE_CURVE('',#11105,#11113,#11115,.T.);
#11113 = VERTEX_POINT('',#11114);
#11114 = CARTESIAN_POINT('',(3.35,-23.5,-3.));
#11115 = LINE('',#11116,#11117);
#11116 = CARTESIAN_POINT('',(3.35,-23.5,-2.55));
#11117 = VECTOR('',#11118,1.);
#11118 = DIRECTION('',(-6.187342961859E-16,1.779203565104E-15,-1.));
#11119 = ORIENTED_EDGE('',*,*,#11120,.F.);
#11120 = EDGE_CURVE('',#11121,#11113,#11123,.T.);
#11121 = VERTEX_POINT('',#11122);
#11122 = CARTESIAN_POINT('',(3.35,-18.5,-3.));
#11123 = LINE('',#11124,#11125);
#11124 = CARTESIAN_POINT('',(3.35,-23.5,-3.));
#11125 = VECTOR('',#11126,1.);
#11126 = DIRECTION('',(-5.551115123126E-17,-1.,1.550809096065E-16));
#11127 = ORIENTED_EDGE('',*,*,#11128,.T.);
#11128 = EDGE_CURVE('',#11121,#11095,#11129,.T.);
#11129 = LINE('',#11130,#11131);
#11130 = CARTESIAN_POINT('',(3.35,-18.5,-3.));
#11131 = VECTOR('',#11132,1.);
#11132 = DIRECTION('',(6.092520311428E-16,2.239979602611E-16,1.));
#11133 = PLANE('',#11134);
#11134 = AXIS2_PLACEMENT_3D('',#11135,#11136,#11137);
#11135 = CARTESIAN_POINT('',(3.35,-23.5,-3.));
#11136 = DIRECTION('',(-1.,-1.569929428864E-33,6.092520311428E-16));
#11137 = DIRECTION('',(-6.092520311428E-16,-2.239979602611E-16,-1.));
#11138 = ADVANCED_FACE('',(#11139),#11172,.F.);
#11139 = FACE_BOUND('',#11140,.T.);
#11140 = EDGE_LOOP('',(#11141,#11149,#11157,#11165,#11171));
#11141 = ORIENTED_EDGE('',*,*,#11142,.F.);
#11142 = EDGE_CURVE('',#11143,#11121,#11145,.T.);
#11143 = VERTEX_POINT('',#11144);
#11144 = CARTESIAN_POINT('',(7.,-18.5,-3.));
#11145 = LINE('',#11146,#11147);
#11146 = CARTESIAN_POINT('',(3.35,-18.5,-3.));
#11147 = VECTOR('',#11148,1.);
#11148 = DIRECTION('',(-1.,5.540785994482E-34,6.187342961859E-16));
#11149 = ORIENTED_EDGE('',*,*,#11150,.T.);
#11150 = EDGE_CURVE('',#11143,#11151,#11153,.T.);
#11151 = VERTEX_POINT('',#11152);
#11152 = CARTESIAN_POINT('',(7.,-18.5,-2.6));
#11153 = LINE('',#11154,#11155);
#11154 = CARTESIAN_POINT('',(7.,-18.5,-3.));
#11155 = VECTOR('',#11156,1.);
#11156 = DIRECTION('',(6.092520311428E-16,2.239979602611E-16,1.));
#11157 = ORIENTED_EDGE('',*,*,#11158,.T.);
#11158 = EDGE_CURVE('',#11151,#11159,#11161,.T.);
#11159 = VERTEX_POINT('',#11160);
#11160 = CARTESIAN_POINT('',(3.45,-18.5,-2.6));
#11161 = LINE('',#11162,#11163);
#11162 = CARTESIAN_POINT('',(3.35,-18.5,-2.6));
#11163 = VECTOR('',#11164,1.);
#11164 = DIRECTION('',(-1.,5.540785994482E-34,6.187342961859E-16));
#11165 = ORIENTED_EDGE('',*,*,#11166,.T.);
#11166 = EDGE_CURVE('',#11159,#11095,#11167,.T.);
#11167 = LINE('',#11168,#11169);
#11168 = CARTESIAN_POINT('',(-3.45,-18.5,-2.6));
#11169 = VECTOR('',#11170,1.);
#11170 = DIRECTION('',(-1.,5.551115123126E-17,-5.392603844284E-33));
#11171 = ORIENTED_EDGE('',*,*,#11128,.F.);
#11172 = PLANE('',#11173);
#11173 = AXIS2_PLACEMENT_3D('',#11174,#11175,#11176);
#11174 = CARTESIAN_POINT('',(3.35,-18.5,-3.));
#11175 = DIRECTION('',(5.551115123126E-17,1.,-2.239979602611E-16));
#11176 = DIRECTION('',(6.092520311428E-16,2.239979602611E-16,1.));
#11177 = ADVANCED_FACE('',(#11178),#11205,.T.);
#11178 = FACE_BOUND('',#11179,.T.);
#11179 = EDGE_LOOP('',(#11180,#11189,#11197,#11204));
#11180 = ORIENTED_EDGE('',*,*,#11181,.F.);
#11181 = EDGE_CURVE('',#11182,#11143,#11184,.T.);
#11182 = VERTEX_POINT('',#11183);
#11183 = CARTESIAN_POINT('',(7.5,-18.,-3.));
#11184 = CIRCLE('',#11185,0.5);
#11185 = AXIS2_PLACEMENT_3D('',#11186,#11187,#11188);
#11186 = CARTESIAN_POINT('',(7.,-18.,-3.));
#11187 = DIRECTION('',(-6.092520311428E-16,-2.239979602611E-16,-1.));
#11188 = DIRECTION('',(1.364712122609E-31,-1.,2.239979602611E-16));
#11189 = ORIENTED_EDGE('',*,*,#11190,.F.);
#11190 = EDGE_CURVE('',#11191,#11182,#11193,.T.);
#11191 = VERTEX_POINT('',#11192);
#11192 = CARTESIAN_POINT('',(7.5,-18.,-2.6));
#11193 = LINE('',#11194,#11195);
#11194 = CARTESIAN_POINT('',(7.5,-18.,-2.6));
#11195 = VECTOR('',#11196,1.);
#11196 = DIRECTION('',(-6.092520311428E-16,-2.239979602611E-16,-1.));
#11197 = ORIENTED_EDGE('',*,*,#11198,.F.);
#11198 = EDGE_CURVE('',#11151,#11191,#11199,.T.);
#11199 = CIRCLE('',#11200,0.5);
#11200 = AXIS2_PLACEMENT_3D('',#11201,#11202,#11203);
#11201 = CARTESIAN_POINT('',(7.,-18.,-2.6));
#11202 = DIRECTION('',(6.092520311428E-16,2.239979602611E-16,1.));
#11203 = DIRECTION('',(1.364712122609E-31,-1.,2.239979602611E-16));
#11204 = ORIENTED_EDGE('',*,*,#11150,.F.);
#11205 = CYLINDRICAL_SURFACE('',#11206,0.5);
#11206 = AXIS2_PLACEMENT_3D('',#11207,#11208,#11209);
#11207 = CARTESIAN_POINT('',(7.,-18.,-3.));
#11208 = DIRECTION('',(6.092520311428E-16,2.239979602611E-16,1.));
#11209 = DIRECTION('',(1.364712122609E-31,-1.,2.239979602611E-16));
#11210 = ADVANCED_FACE('',(#11211),#11236,.F.);
#11211 = FACE_BOUND('',#11212,.T.);
#11212 = EDGE_LOOP('',(#11213,#11221,#11222,#11230));
#11213 = ORIENTED_EDGE('',*,*,#11214,.F.);
#11214 = EDGE_CURVE('',#11191,#11215,#11217,.T.);
#11215 = VERTEX_POINT('',#11216);
#11216 = CARTESIAN_POINT('',(7.5,18.,-2.6));
#11217 = LINE('',#11218,#11219);
#11218 = CARTESIAN_POINT('',(7.5,25.5,-2.6));
#11219 = VECTOR('',#11220,1.);
#11220 = DIRECTION('',(5.551115123126E-17,1.,-1.550809096065E-16));
#11221 = ORIENTED_EDGE('',*,*,#11190,.T.);
#11222 = ORIENTED_EDGE('',*,*,#11223,.T.);
#11223 = EDGE_CURVE('',#11182,#11224,#11226,.T.);
#11224 = VERTEX_POINT('',#11225);
#11225 = CARTESIAN_POINT('',(7.5,18.,-3.));
#11226 = LINE('',#11227,#11228);
#11227 = CARTESIAN_POINT('',(7.5,25.5,-3.));
#11228 = VECTOR('',#11229,1.);
#11229 = DIRECTION('',(5.551115123126E-17,1.,-1.550809096065E-16));
#11230 = ORIENTED_EDGE('',*,*,#11231,.T.);
#11231 = EDGE_CURVE('',#11224,#11215,#11232,.T.);
#11232 = LINE('',#11233,#11234);
#11233 = CARTESIAN_POINT('',(7.5,18.,-2.6));
#11234 = VECTOR('',#11235,1.);
#11235 = DIRECTION('',(6.092520311428E-16,2.239979602611E-16,1.));
#11236 = PLANE('',#11237);
#11237 = AXIS2_PLACEMENT_3D('',#11238,#11239,#11240);
#11238 = CARTESIAN_POINT('',(7.5,25.5,-2.6));
#11239 = DIRECTION('',(-1.,-1.569929428864E-33,6.092520311428E-16));
#11240 = DIRECTION('',(-6.092520311428E-16,-2.239979602611E-16,-1.));
#11241 = ADVANCED_FACE('',(#11242),#11269,.T.);
#11242 = FACE_BOUND('',#11243,.T.);
#11243 = EDGE_LOOP('',(#11244,#11253,#11261,#11268));
#11244 = ORIENTED_EDGE('',*,*,#11245,.F.);
#11245 = EDGE_CURVE('',#11246,#11224,#11248,.T.);
#11246 = VERTEX_POINT('',#11247);
#11247 = CARTESIAN_POINT('',(7.,18.5,-3.));
#11248 = CIRCLE('',#11249,0.5);
#11249 = AXIS2_PLACEMENT_3D('',#11250,#11251,#11252);
#11250 = CARTESIAN_POINT('',(7.,18.,-3.));
#11251 = DIRECTION('',(-6.092520311428E-16,-2.239979602611E-16,-1.));
#11252 = DIRECTION('',(1.364712122609E-31,-1.,2.239979602611E-16));
#11253 = ORIENTED_EDGE('',*,*,#11254,.F.);
#11254 = EDGE_CURVE('',#11255,#11246,#11257,.T.);
#11255 = VERTEX_POINT('',#11256);
#11256 = CARTESIAN_POINT('',(7.,18.5,-2.6));
#11257 = LINE('',#11258,#11259);
#11258 = CARTESIAN_POINT('',(7.,18.5,-3.));
#11259 = VECTOR('',#11260,1.);
#11260 = DIRECTION('',(-6.092520311428E-16,-2.239979602611E-16,-1.));
#11261 = ORIENTED_EDGE('',*,*,#11262,.F.);
#11262 = EDGE_CURVE('',#11215,#11255,#11263,.T.);
#11263 = CIRCLE('',#11264,0.5);
#11264 = AXIS2_PLACEMENT_3D('',#11265,#11266,#11267);
#11265 = CARTESIAN_POINT('',(7.,18.,-2.6));
#11266 = DIRECTION('',(6.092520311428E-16,2.239979602611E-16,1.));
#11267 = DIRECTION('',(1.364712122609E-31,-1.,2.239979602611E-16));
#11268 = ORIENTED_EDGE('',*,*,#11231,.F.);
#11269 = CYLINDRICAL_SURFACE('',#11270,0.5);
#11270 = AXIS2_PLACEMENT_3D('',#11271,#11272,#11273);
#11271 = CARTESIAN_POINT('',(7.,18.,-2.6));
#11272 = DIRECTION('',(6.092520311428E-16,2.239979602611E-16,1.));
#11273 = DIRECTION('',(1.364712122609E-31,-1.,2.239979602611E-16));
#11274 = ADVANCED_FACE('',(#11275),#11299,.F.);
#11275 = FACE_BOUND('',#11276,.T.);
#11276 = EDGE_LOOP('',(#11277,#11278,#11284,#11285,#11293));
#11277 = ORIENTED_EDGE('',*,*,#8226,.T.);
#11278 = ORIENTED_EDGE('',*,*,#11279,.T.);
#11279 = EDGE_CURVE('',#8219,#11255,#11280,.T.);
#11280 = LINE('',#11281,#11282);
#11281 = CARTESIAN_POINT('',(3.35,18.5,-2.6));
#11282 = VECTOR('',#11283,1.);
#11283 = DIRECTION('',(1.,8.360113137238E-16,-6.187342961859E-16));
#11284 = ORIENTED_EDGE('',*,*,#11254,.T.);
#11285 = ORIENTED_EDGE('',*,*,#11286,.F.);
#11286 = EDGE_CURVE('',#11287,#11246,#11289,.T.);
#11287 = VERTEX_POINT('',#11288);
#11288 = CARTESIAN_POINT('',(3.35,18.5,-3.));
#11289 = LINE('',#11290,#11291);
#11290 = CARTESIAN_POINT('',(3.35,18.5,-3.));
#11291 = VECTOR('',#11292,1.);
#11292 = DIRECTION('',(1.,8.360113137238E-16,-6.187342961859E-16));
#11293 = ORIENTED_EDGE('',*,*,#11294,.T.);
#11294 = EDGE_CURVE('',#11287,#8203,#11295,.T.);
#11295 = LINE('',#11296,#11297);
#11296 = CARTESIAN_POINT('',(3.35,18.5,-3.));
#11297 = VECTOR('',#11298,1.);
#11298 = DIRECTION('',(6.092520311428E-16,2.239979602611E-16,1.));
#11299 = PLANE('',#11300);
#11300 = AXIS2_PLACEMENT_3D('',#11301,#11302,#11303);
#11301 = CARTESIAN_POINT('',(3.35,18.5,-3.));
#11302 = DIRECTION('',(8.360113137238E-16,-1.,1.550809096065E-16));
#11303 = DIRECTION('',(1.,8.360113137238E-16,-6.187342961859E-16));
#11304 = ADVANCED_FACE('',(#11305),#11324,.F.);
#11305 = FACE_BOUND('',#11306,.T.);
#11306 = EDGE_LOOP('',(#11307,#11308,#11309,#11310,#11318));
#11307 = ORIENTED_EDGE('',*,*,#8179,.T.);
#11308 = ORIENTED_EDGE('',*,*,#8202,.T.);
#11309 = ORIENTED_EDGE('',*,*,#11294,.F.);
#11310 = ORIENTED_EDGE('',*,*,#11311,.F.);
#11311 = EDGE_CURVE('',#11312,#11287,#11314,.T.);
#11312 = VERTEX_POINT('',#11313);
#11313 = CARTESIAN_POINT('',(3.35,23.5,-3.));
#11314 = LINE('',#11315,#11316);
#11315 = CARTESIAN_POINT('',(3.35,23.5,-3.));
#11316 = VECTOR('',#11317,1.);
#11317 = DIRECTION('',(2.046973701653E-16,-1.,1.550809096065E-16));
#11318 = ORIENTED_EDGE('',*,*,#11319,.T.);
#11319 = EDGE_CURVE('',#11312,#8180,#11320,.T.);
#11320 = LINE('',#11321,#11322);
#11321 = CARTESIAN_POINT('',(3.35,23.5,-4.5));
#11322 = VECTOR('',#11323,1.);
#11323 = DIRECTION('',(6.187342961859E-16,0.,1.));
#11324 = PLANE('',#11325);
#11325 = AXIS2_PLACEMENT_3D('',#11326,#11327,#11328);
#11326 = CARTESIAN_POINT('',(3.35,23.5,-3.));
#11327 = DIRECTION('',(-1.,-2.046973701653E-16,6.187342961859E-16));
#11328 = DIRECTION('',(2.046973701653E-16,-1.,1.550809096065E-16));
#11329 = ADVANCED_FACE('',(#11330),#11348,.T.);
#11330 = FACE_BOUND('',#11331,.T.);
#11331 = EDGE_LOOP('',(#11332,#11340,#11341,#11342));
#11332 = ORIENTED_EDGE('',*,*,#11333,.F.);
#11333 = EDGE_CURVE('',#9723,#11334,#11336,.T.);
#11334 = VERTEX_POINT('',#11335);
#11335 = CARTESIAN_POINT('',(-2.95,-5.8,-2.6));
#11336 = LINE('',#11337,#11338);
#11337 = CARTESIAN_POINT('',(-3.45,-5.8,-2.6));
#11338 = VECTOR('',#11339,1.);
#11339 = DIRECTION('',(1.,-6.309484243996E-15,1.724213692679E-19));
#11340 = ORIENTED_EDGE('',*,*,#10774,.T.);
#11341 = ORIENTED_EDGE('',*,*,#10792,.F.);
#11342 = ORIENTED_EDGE('',*,*,#11343,.T.);
#11343 = EDGE_CURVE('',#9888,#11334,#11344,.T.);
#11344 = LINE('',#11345,#11346);
#11345 = CARTESIAN_POINT('',(-2.95,26.191830219278,-2.6));
#11346 = VECTOR('',#11347,1.);
#11347 = DIRECTION('',(6.938893903907E-18,1.,-9.71445146547E-17));
#11348 = PLANE('',#11349);
#11349 = AXIS2_PLACEMENT_3D('',#11350,#11351,#11352);
#11350 = CARTESIAN_POINT('',(-3.35,25.5,-2.6));
#11351 = DIRECTION('',(6.092520311428E-16,1.550809096065E-16,1.));
#11352 = DIRECTION('',(-5.551115123126E-17,-1.,1.550809096065E-16));
#11353 = ADVANCED_FACE('',(#11354),#11374,.F.);
#11354 = FACE_BOUND('',#11355,.T.);
#11355 = EDGE_LOOP('',(#11356,#11357,#11358,#11366,#11372,#11373));
#11356 = ORIENTED_EDGE('',*,*,#9730,.T.);
#11357 = ORIENTED_EDGE('',*,*,#11333,.T.);
#11358 = ORIENTED_EDGE('',*,*,#11359,.T.);
#11359 = EDGE_CURVE('',#11334,#11360,#11362,.T.);
#11360 = VERTEX_POINT('',#11361);
#11361 = CARTESIAN_POINT('',(-2.95,-5.8,-1.8));
#11362 = LINE('',#11363,#11364);
#11363 = CARTESIAN_POINT('',(-2.95,-5.8,-2.601));
#11364 = VECTOR('',#11365,1.);
#11365 = DIRECTION('',(0.,9.71445146547E-17,1.));
#11366 = ORIENTED_EDGE('',*,*,#11367,.T.);
#11367 = EDGE_CURVE('',#11360,#9686,#11368,.T.);
#11368 = LINE('',#11369,#11370);
#11369 = CARTESIAN_POINT('',(-3.45,-5.8,-1.8));
#11370 = VECTOR('',#11371,1.);
#11371 = DIRECTION('',(-1.,6.309484243996E-15,-1.724213692679E-19));
#11372 = ORIENTED_EDGE('',*,*,#9685,.T.);
#11373 = ORIENTED_EDGE('',*,*,#9671,.F.);
#11374 = PLANE('',#11375);
#11375 = AXIS2_PLACEMENT_3D('',#11376,#11377,#11378);
#11376 = CARTESIAN_POINT('',(-3.45,-5.8,-2.601));
#11377 = DIRECTION('',(6.309484243996E-15,1.,-9.71445146547E-17));
#11378 = DIRECTION('',(-1.,6.309484243996E-15,-1.724213692679E-19));
#11379 = ADVANCED_FACE('',(#11380),#11415,.T.);
#11380 = FACE_BOUND('',#11381,.T.);
#11381 = EDGE_LOOP('',(#11382,#11390,#11398,#11406,#11412,#11413,#11414)
  );
#11382 = ORIENTED_EDGE('',*,*,#11383,.F.);
#11383 = EDGE_CURVE('',#11384,#9880,#11386,.T.);
#11384 = VERTEX_POINT('',#11385);
#11385 = CARTESIAN_POINT('',(-2.95,-8.,-2.55));
#11386 = LINE('',#11387,#11388);
#11387 = CARTESIAN_POINT('',(-2.95,-8.,-2.55));
#11388 = VECTOR('',#11389,1.);
#11389 = DIRECTION('',(1.724213692673E-19,0.,-1.));
#11390 = ORIENTED_EDGE('',*,*,#11391,.F.);
#11391 = EDGE_CURVE('',#11392,#11384,#11394,.T.);
#11392 = VERTEX_POINT('',#11393);
#11393 = CARTESIAN_POINT('',(-2.95,-6.,-2.55));
#11394 = LINE('',#11395,#11396);
#11395 = CARTESIAN_POINT('',(-2.95,-6.,-2.55));
#11396 = VECTOR('',#11397,1.);
#11397 = DIRECTION('',(-1.398876808125E-18,-1.,2.168404344971E-16));
#11398 = ORIENTED_EDGE('',*,*,#11399,.F.);
#11399 = EDGE_CURVE('',#11400,#11392,#11402,.T.);
#11400 = VERTEX_POINT('',#11401);
#11401 = CARTESIAN_POINT('',(-2.95,-6.,-1.8));
#11402 = LINE('',#11403,#11404);
#11403 = CARTESIAN_POINT('',(-2.95,-6.,-1.8));
#11404 = VECTOR('',#11405,1.);
#11405 = DIRECTION('',(1.724213692673E-19,0.,-1.));
#11406 = ORIENTED_EDGE('',*,*,#11407,.F.);
#11407 = EDGE_CURVE('',#11360,#11400,#11408,.T.);
#11408 = LINE('',#11409,#11410);
#11409 = CARTESIAN_POINT('',(-2.95,26.191830219278,-1.8));
#11410 = VECTOR('',#11411,1.);
#11411 = DIRECTION('',(-6.938893903907E-18,-1.,9.71445146547E-17));
#11412 = ORIENTED_EDGE('',*,*,#11359,.F.);
#11413 = ORIENTED_EDGE('',*,*,#11343,.F.);
#11414 = ORIENTED_EDGE('',*,*,#9887,.F.);
#11415 = PLANE('',#11416);
#11416 = AXIS2_PLACEMENT_3D('',#11417,#11418,#11419);
#11417 = CARTESIAN_POINT('',(-2.95,26.191830219278,-56.44047677899));
#11418 = DIRECTION('',(-1.,1.398876808125E-18,-1.35893208587E-34));
#11419 = DIRECTION('',(0.,-9.71445146547E-17,-1.));
#11420 = ADVANCED_FACE('',(#11421),#11434,.F.);
#11421 = FACE_BOUND('',#11422,.T.);
#11422 = EDGE_LOOP('',(#11423,#11424,#11430,#11431,#11432,#11433));
#11423 = ORIENTED_EDGE('',*,*,#9701,.T.);
#11424 = ORIENTED_EDGE('',*,*,#11425,.T.);
#11425 = EDGE_CURVE('',#9694,#9608,#11426,.T.);
#11426 = LINE('',#11427,#11428);
#11427 = CARTESIAN_POINT('',(-3.45,5.8,-1.8));
#11428 = VECTOR('',#11429,1.);
#11429 = DIRECTION('',(1.,-1.398876808125E-18,1.724213692673E-19));
#11430 = ORIENTED_EDGE('',*,*,#9607,.T.);
#11431 = ORIENTED_EDGE('',*,*,#9550,.T.);
#11432 = ORIENTED_EDGE('',*,*,#9716,.T.);
#11433 = ORIENTED_EDGE('',*,*,#9655,.T.);
#11434 = PLANE('',#11435);
#11435 = AXIS2_PLACEMENT_3D('',#11436,#11437,#11438);
#11436 = CARTESIAN_POINT('',(-3.45,5.8,-2.601));
#11437 = DIRECTION('',(-6.938893903907E-18,-1.,9.71445146547E-17));
#11438 = DIRECTION('',(0.,-9.71445146547E-17,-1.));
#11439 = ADVANCED_FACE('',(#11440),#11572,.F.);
#11440 = FACE_BOUND('',#11441,.F.);
#11441 = EDGE_LOOP('',(#11442,#11443,#11444,#11445,#11453,#11461,#11469,
    #11475,#11476,#11482,#11483,#11484,#11485,#11493,#11501,#11509,
    #11517,#11526,#11532,#11533,#11534,#11535,#11536,#11537,#11538,
    #11539,#11540,#11541,#11542,#11548,#11549,#11550,#11551,#11552,
    #11553,#11554,#11555,#11556,#11557,#11558,#11559,#11560,#11566,
    #11567,#11568,#11569,#11570,#11571));
#11442 = ORIENTED_EDGE('',*,*,#7092,.F.);
#11443 = ORIENTED_EDGE('',*,*,#9365,.F.);
#11444 = ORIENTED_EDGE('',*,*,#9391,.F.);
#11445 = ORIENTED_EDGE('',*,*,#11446,.T.);
#11446 = EDGE_CURVE('',#7960,#11447,#11449,.T.);
#11447 = VERTEX_POINT('',#11448);
#11448 = CARTESIAN_POINT('',(2.65,-29.5,-2.6));
#11449 = LINE('',#11450,#11451);
#11450 = CARTESIAN_POINT('',(3.45,-29.5,-2.6));
#11451 = VECTOR('',#11452,1.);
#11452 = DIRECTION('',(1.,-1.398876808125E-18,1.724213692673E-19));
#11453 = ORIENTED_EDGE('',*,*,#11454,.F.);
#11454 = EDGE_CURVE('',#11455,#11447,#11457,.T.);
#11455 = VERTEX_POINT('',#11456);
#11456 = CARTESIAN_POINT('',(3.45,-28.7,-2.6));
#11457 = LINE('',#11458,#11459);
#11458 = CARTESIAN_POINT('',(3.45,-28.7,-2.6));
#11459 = VECTOR('',#11460,1.);
#11460 = DIRECTION('',(-0.707106781187,-0.707106781187,
    6.856962474798E-17));
#11461 = ORIENTED_EDGE('',*,*,#11462,.T.);
#11462 = EDGE_CURVE('',#11455,#11463,#11465,.T.);
#11463 = VERTEX_POINT('',#11464);
#11464 = CARTESIAN_POINT('',(3.45,-25.7,-2.6));
#11465 = LINE('',#11466,#11467);
#11466 = CARTESIAN_POINT('',(3.45,27.,-2.6));
#11467 = VECTOR('',#11468,1.);
#11468 = DIRECTION('',(6.938893903907E-18,1.,-9.71445146547E-17));
#11469 = ORIENTED_EDGE('',*,*,#11470,.T.);
#11470 = EDGE_CURVE('',#11463,#9426,#11471,.T.);
#11471 = LINE('',#11472,#11473);
#11472 = CARTESIAN_POINT('',(3.45,-25.7,-2.6));
#11473 = VECTOR('',#11474,1.);
#11474 = DIRECTION('',(-1.,1.398876808125E-18,-1.724213692673E-19));
#11475 = ORIENTED_EDGE('',*,*,#9433,.F.);
#11476 = ORIENTED_EDGE('',*,*,#11477,.F.);
#11477 = EDGE_CURVE('',#11031,#9410,#11478,.T.);
#11478 = LINE('',#11479,#11480);
#11479 = CARTESIAN_POINT('',(2.9,-25.5,-2.6));
#11480 = VECTOR('',#11481,1.);
#11481 = DIRECTION('',(1.,0.,0.));
#11482 = ORIENTED_EDGE('',*,*,#11030,.T.);
#11483 = ORIENTED_EDGE('',*,*,#10999,.T.);
#11484 = ORIENTED_EDGE('',*,*,#10959,.T.);
#11485 = ORIENTED_EDGE('',*,*,#11486,.F.);
#11486 = EDGE_CURVE('',#11487,#10962,#11489,.T.);
#11487 = VERTEX_POINT('',#11488);
#11488 = CARTESIAN_POINT('',(-2.95,-25.5,-2.6));
#11489 = LINE('',#11490,#11491);
#11490 = CARTESIAN_POINT('',(-2.9,-25.5,-2.6));
#11491 = VECTOR('',#11492,1.);
#11492 = DIRECTION('',(1.,0.,0.));
#11493 = ORIENTED_EDGE('',*,*,#11494,.F.);
#11494 = EDGE_CURVE('',#11495,#11487,#11497,.T.);
#11495 = VERTEX_POINT('',#11496);
#11496 = CARTESIAN_POINT('',(-2.95,-25.7,-2.6));
#11497 = LINE('',#11498,#11499);
#11498 = CARTESIAN_POINT('',(-2.95,26.191830219278,-2.6));
#11499 = VECTOR('',#11500,1.);
#11500 = DIRECTION('',(6.938893903907E-18,1.,-9.71445146547E-17));
#11501 = ORIENTED_EDGE('',*,*,#11502,.T.);
#11502 = EDGE_CURVE('',#11495,#11503,#11505,.T.);
#11503 = VERTEX_POINT('',#11504);
#11504 = CARTESIAN_POINT('',(-3.45,-25.7,-2.6));
#11505 = LINE('',#11506,#11507);
#11506 = CARTESIAN_POINT('',(-3.45,-25.7,-2.6));
#11507 = VECTOR('',#11508,1.);
#11508 = DIRECTION('',(-1.,1.398876808125E-18,-1.724213692673E-19));
#11509 = ORIENTED_EDGE('',*,*,#11510,.T.);
#11510 = EDGE_CURVE('',#11503,#11511,#11513,.T.);
#11511 = VERTEX_POINT('',#11512);
#11512 = CARTESIAN_POINT('',(-3.45,-29.3,-2.6));
#11513 = LINE('',#11514,#11515);
#11514 = CARTESIAN_POINT('',(-3.45,27.,-2.6));
#11515 = VECTOR('',#11516,1.);
#11516 = DIRECTION('',(-6.938893903907E-18,-1.,9.71445146547E-17));
#11517 = ORIENTED_EDGE('',*,*,#11518,.F.);
#11518 = EDGE_CURVE('',#11519,#11511,#11521,.T.);
#11519 = VERTEX_POINT('',#11520);
#11520 = CARTESIAN_POINT('',(-3.25,-29.5,-2.6));
#11521 = CIRCLE('',#11522,0.2);
#11522 = AXIS2_PLACEMENT_3D('',#11523,#11524,#11525);
#11523 = CARTESIAN_POINT('',(-3.25,-29.3,-2.6));
#11524 = DIRECTION('',(-0.,-9.71445146547E-17,-1.));
#11525 = DIRECTION('',(0.,-1.,9.71445146547E-17));
#11526 = ORIENTED_EDGE('',*,*,#11527,.T.);
#11527 = EDGE_CURVE('',#11519,#8001,#11528,.T.);
#11528 = LINE('',#11529,#11530);
#11529 = CARTESIAN_POINT('',(3.45,-29.5,-2.6));
#11530 = VECTOR('',#11531,1.);
#11531 = DIRECTION('',(1.,-1.398876808125E-18,1.724213692673E-19));
#11532 = ORIENTED_EDGE('',*,*,#9272,.F.);
#11533 = ORIENTED_EDGE('',*,*,#9296,.F.);
#11534 = ORIENTED_EDGE('',*,*,#6788,.F.);
#11535 = ORIENTED_EDGE('',*,*,#9313,.F.);
#11536 = ORIENTED_EDGE('',*,*,#5999,.T.);
#11537 = ORIENTED_EDGE('',*,*,#9332,.T.);
#11538 = ORIENTED_EDGE('',*,*,#7593,.T.);
#11539 = ORIENTED_EDGE('',*,*,#7625,.F.);
#11540 = ORIENTED_EDGE('',*,*,#7334,.T.);
#11541 = ORIENTED_EDGE('',*,*,#7439,.T.);
#11542 = ORIENTED_EDGE('',*,*,#11543,.T.);
#11543 = EDGE_CURVE('',#7440,#7375,#11544,.T.);
#11544 = LINE('',#11545,#11546);
#11545 = CARTESIAN_POINT('',(3.45,-29.5,-2.6));
#11546 = VECTOR('',#11547,1.);
#11547 = DIRECTION('',(1.,-1.398876808125E-18,1.724213692673E-19));
#11548 = ORIENTED_EDGE('',*,*,#7382,.F.);
#11549 = ORIENTED_EDGE('',*,*,#7406,.F.);
#11550 = ORIENTED_EDGE('',*,*,#7641,.F.);
#11551 = ORIENTED_EDGE('',*,*,#7665,.T.);
#11552 = ORIENTED_EDGE('',*,*,#7691,.T.);
#11553 = ORIENTED_EDGE('',*,*,#7707,.T.);
#11554 = ORIENTED_EDGE('',*,*,#6041,.T.);
#11555 = ORIENTED_EDGE('',*,*,#7733,.T.);
#11556 = ORIENTED_EDGE('',*,*,#7749,.T.);
#11557 = ORIENTED_EDGE('',*,*,#7774,.F.);
#11558 = ORIENTED_EDGE('',*,*,#7247,.F.);
#11559 = ORIENTED_EDGE('',*,*,#7280,.F.);
#11560 = ORIENTED_EDGE('',*,*,#11561,.T.);
#11561 = EDGE_CURVE('',#7281,#7171,#11562,.T.);
#11562 = LINE('',#11563,#11564);
#11563 = CARTESIAN_POINT('',(3.45,-29.5,-2.6));
#11564 = VECTOR('',#11565,1.);
#11565 = DIRECTION('',(1.,-1.398876808125E-18,1.724213692673E-19));
#11566 = ORIENTED_EDGE('',*,*,#7178,.F.);
#11567 = ORIENTED_EDGE('',*,*,#7216,.F.);
#11568 = ORIENTED_EDGE('',*,*,#7790,.F.);
#11569 = ORIENTED_EDGE('',*,*,#7821,.T.);
#11570 = ORIENTED_EDGE('',*,*,#7860,.T.);
#11571 = ORIENTED_EDGE('',*,*,#9349,.F.);
#11572 = PLANE('',#11573);
#11573 = AXIS2_PLACEMENT_3D('',#11574,#11575,#11576);
#11574 = CARTESIAN_POINT('',(-3.45,27.,-2.6));
#11575 = DIRECTION('',(0.,9.71445146547E-17,1.));
#11576 = DIRECTION('',(-6.938893903907E-18,-1.,9.71445146547E-17));
#11577 = ADVANCED_FACE('',(#11578),#11603,.T.);
#11578 = FACE_BOUND('',#11579,.T.);
#11579 = EDGE_LOOP('',(#11580,#11588,#11589,#11597));
#11580 = ORIENTED_EDGE('',*,*,#11581,.F.);
#11581 = EDGE_CURVE('',#11487,#11582,#11584,.T.);
#11582 = VERTEX_POINT('',#11583);
#11583 = CARTESIAN_POINT('',(-2.95,-25.5,-1.8));
#11584 = LINE('',#11585,#11586);
#11585 = CARTESIAN_POINT('',(-2.95,-25.5,-3.));
#11586 = VECTOR('',#11587,1.);
#11587 = DIRECTION('',(-1.724213692673E-19,0.,1.));
#11588 = ORIENTED_EDGE('',*,*,#11494,.F.);
#11589 = ORIENTED_EDGE('',*,*,#11590,.F.);
#11590 = EDGE_CURVE('',#11591,#11495,#11593,.T.);
#11591 = VERTEX_POINT('',#11592);
#11592 = CARTESIAN_POINT('',(-2.95,-25.7,-1.8));
#11593 = LINE('',#11594,#11595);
#11594 = CARTESIAN_POINT('',(-2.95,-25.7,-2.601));
#11595 = VECTOR('',#11596,1.);
#11596 = DIRECTION('',(0.,-9.71445146547E-17,-1.));
#11597 = ORIENTED_EDGE('',*,*,#11598,.F.);
#11598 = EDGE_CURVE('',#11582,#11591,#11599,.T.);
#11599 = LINE('',#11600,#11601);
#11600 = CARTESIAN_POINT('',(-2.95,26.191830219278,-1.8));
#11601 = VECTOR('',#11602,1.);
#11602 = DIRECTION('',(-6.938893903907E-18,-1.,9.71445146547E-17));
#11603 = PLANE('',#11604);
#11604 = AXIS2_PLACEMENT_3D('',#11605,#11606,#11607);
#11605 = CARTESIAN_POINT('',(-2.95,26.191830219278,-56.44047677899));
#11606 = DIRECTION('',(-1.,1.398876808125E-18,-1.35893208587E-34));
#11607 = DIRECTION('',(0.,-9.71445146547E-17,-1.));
#11608 = ADVANCED_FACE('',(#11609),#11642,.F.);
#11609 = FACE_BOUND('',#11610,.T.);
#11610 = EDGE_LOOP('',(#11611,#11619,#11620,#11628,#11636));
#11611 = ORIENTED_EDGE('',*,*,#11612,.T.);
#11612 = EDGE_CURVE('',#11613,#8410,#11615,.T.);
#11613 = VERTEX_POINT('',#11614);
#11614 = CARTESIAN_POINT('',(3.45,-13.2,-2.6));
#11615 = LINE('',#11616,#11617);
#11616 = CARTESIAN_POINT('',(3.45,-13.2,-2.6));
#11617 = VECTOR('',#11618,1.);
#11618 = DIRECTION('',(-1.,1.398876808125E-18,-1.724213692673E-19));
#11619 = ORIENTED_EDGE('',*,*,#8409,.T.);
#11620 = ORIENTED_EDGE('',*,*,#11621,.T.);
#11621 = EDGE_CURVE('',#8402,#11622,#11624,.T.);
#11622 = VERTEX_POINT('',#11623);
#11623 = CARTESIAN_POINT('',(3.4,-13.2,-1.8));
#11624 = LINE('',#11625,#11626);
#11625 = CARTESIAN_POINT('',(3.45,-13.2,-1.8));
#11626 = VECTOR('',#11627,1.);
#11627 = DIRECTION('',(1.,-1.398876808125E-18,1.724213692673E-19));
#11628 = ORIENTED_EDGE('',*,*,#11629,.T.);
#11629 = EDGE_CURVE('',#11622,#11630,#11632,.T.);
#11630 = VERTEX_POINT('',#11631);
#11631 = CARTESIAN_POINT('',(3.45,-13.2,-1.8));
#11632 = LINE('',#11633,#11634);
#11633 = CARTESIAN_POINT('',(3.45,-13.2,-1.8));
#11634 = VECTOR('',#11635,1.);
#11635 = DIRECTION('',(1.,-1.398876808125E-18,1.724213692673E-19));
#11636 = ORIENTED_EDGE('',*,*,#11637,.F.);
#11637 = EDGE_CURVE('',#11613,#11630,#11638,.T.);
#11638 = LINE('',#11639,#11640);
#11639 = CARTESIAN_POINT('',(3.45,-13.2,-2.601));
#11640 = VECTOR('',#11641,1.);
#11641 = DIRECTION('',(0.,9.71445146547E-17,1.));
#11642 = PLANE('',#11643);
#11643 = AXIS2_PLACEMENT_3D('',#11644,#11645,#11646);
#11644 = CARTESIAN_POINT('',(3.45,-13.2,-2.601));
#11645 = DIRECTION('',(-6.938893903907E-18,-1.,9.71445146547E-17));
#11646 = DIRECTION('',(0.,-9.71445146547E-17,-1.));
#11647 = ADVANCED_FACE('',(#11648),#11674,.F.);
#11648 = FACE_BOUND('',#11649,.T.);
#11649 = EDGE_LOOP('',(#11650,#11651,#11652,#11660,#11668));
#11650 = ORIENTED_EDGE('',*,*,#11470,.T.);
#11651 = ORIENTED_EDGE('',*,*,#9425,.T.);
#11652 = ORIENTED_EDGE('',*,*,#11653,.T.);
#11653 = EDGE_CURVE('',#9418,#11654,#11656,.T.);
#11654 = VERTEX_POINT('',#11655);
#11655 = CARTESIAN_POINT('',(3.4,-25.7,-1.8));
#11656 = LINE('',#11657,#11658);
#11657 = CARTESIAN_POINT('',(3.45,-25.7,-1.8));
#11658 = VECTOR('',#11659,1.);
#11659 = DIRECTION('',(1.,-1.398876808125E-18,1.724213692673E-19));
#11660 = ORIENTED_EDGE('',*,*,#11661,.T.);
#11661 = EDGE_CURVE('',#11654,#11662,#11664,.T.);
#11662 = VERTEX_POINT('',#11663);
#11663 = CARTESIAN_POINT('',(3.45,-25.7,-1.8));
#11664 = LINE('',#11665,#11666);
#11665 = CARTESIAN_POINT('',(3.45,-25.7,-1.8));
#11666 = VECTOR('',#11667,1.);
#11667 = DIRECTION('',(1.,-1.398876808125E-18,1.724213692673E-19));
#11668 = ORIENTED_EDGE('',*,*,#11669,.F.);
#11669 = EDGE_CURVE('',#11463,#11662,#11670,.T.);
#11670 = LINE('',#11671,#11672);
#11671 = CARTESIAN_POINT('',(3.45,-25.7,-2.601));
#11672 = VECTOR('',#11673,1.);
#11673 = DIRECTION('',(0.,9.71445146547E-17,1.));
#11674 = PLANE('',#11675);
#11675 = AXIS2_PLACEMENT_3D('',#11676,#11677,#11678);
#11676 = CARTESIAN_POINT('',(3.45,-25.7,-2.601));
#11677 = DIRECTION('',(-6.938893903907E-18,-1.,9.71445146547E-17));
#11678 = DIRECTION('',(0.,-9.71445146547E-17,-1.));
#11679 = ADVANCED_FACE('',(#11680),#11698,.F.);
#11680 = FACE_BOUND('',#11681,.T.);
#11681 = EDGE_LOOP('',(#11682,#11690,#11696,#11697));
#11682 = ORIENTED_EDGE('',*,*,#11683,.F.);
#11683 = EDGE_CURVE('',#11684,#11662,#11686,.T.);
#11684 = VERTEX_POINT('',#11685);
#11685 = CARTESIAN_POINT('',(3.45,-28.7,-1.8));
#11686 = LINE('',#11687,#11688);
#11687 = CARTESIAN_POINT('',(3.45,27.,-1.8));
#11688 = VECTOR('',#11689,1.);
#11689 = DIRECTION('',(6.938893903907E-18,1.,-9.71445146547E-17));
#11690 = ORIENTED_EDGE('',*,*,#11691,.T.);
#11691 = EDGE_CURVE('',#11684,#11455,#11692,.T.);
#11692 = LINE('',#11693,#11694);
#11693 = CARTESIAN_POINT('',(3.45,-28.7,-1.8));
#11694 = VECTOR('',#11695,1.);
#11695 = DIRECTION('',(0.,-9.71445146547E-17,-1.));
#11696 = ORIENTED_EDGE('',*,*,#11462,.T.);
#11697 = ORIENTED_EDGE('',*,*,#11669,.T.);
#11698 = PLANE('',#11699);
#11699 = AXIS2_PLACEMENT_3D('',#11700,#11701,#11702);
#11700 = CARTESIAN_POINT('',(3.45,27.,-1.8));
#11701 = DIRECTION('',(-1.,1.398876808125E-18,-1.35893208587E-34));
#11702 = DIRECTION('',(0.,-9.71445146547E-17,-1.));
#11703 = ADVANCED_FACE('',(#11704),#11722,.F.);
#11704 = FACE_BOUND('',#11705,.T.);
#11705 = EDGE_LOOP('',(#11706,#11714,#11720,#11721));
#11706 = ORIENTED_EDGE('',*,*,#11707,.F.);
#11707 = EDGE_CURVE('',#11708,#11684,#11710,.T.);
#11708 = VERTEX_POINT('',#11709);
#11709 = CARTESIAN_POINT('',(2.65,-29.5,-1.8));
#11710 = LINE('',#11711,#11712);
#11711 = CARTESIAN_POINT('',(27.85,-4.3,-1.8));
#11712 = VECTOR('',#11713,1.);
#11713 = DIRECTION('',(0.707106781187,0.707106781187,-6.856962474798E-17
    ));
#11714 = ORIENTED_EDGE('',*,*,#11715,.F.);
#11715 = EDGE_CURVE('',#11447,#11708,#11716,.T.);
#11716 = LINE('',#11717,#11718);
#11717 = CARTESIAN_POINT('',(2.65,-29.5,-1.8));
#11718 = VECTOR('',#11719,1.);
#11719 = DIRECTION('',(0.,9.71445146547E-17,1.));
#11720 = ORIENTED_EDGE('',*,*,#11454,.F.);
#11721 = ORIENTED_EDGE('',*,*,#11691,.F.);
#11722 = PLANE('',#11723);
#11723 = AXIS2_PLACEMENT_3D('',#11724,#11725,#11726);
#11724 = CARTESIAN_POINT('',(3.45,-28.7,-1.8));
#11725 = DIRECTION('',(-0.707106781187,0.707106781187,
    -6.881346538685E-17));
#11726 = DIRECTION('',(-0.707106781187,-0.707106781187,
    6.856962474798E-17));
#11727 = ADVANCED_FACE('',(#11728),#11752,.F.);
#11728 = FACE_BOUND('',#11729,.T.);
#11729 = EDGE_LOOP('',(#11730,#11738,#11744,#11745,#11746,#11747,#11748,
    #11749,#11750,#11751));
#11730 = ORIENTED_EDGE('',*,*,#11731,.F.);
#11731 = EDGE_CURVE('',#11732,#11708,#11734,.T.);
#11732 = VERTEX_POINT('',#11733);
#11733 = CARTESIAN_POINT('',(-3.25,-29.5,-1.8));
#11734 = LINE('',#11735,#11736);
#11735 = CARTESIAN_POINT('',(3.45,-29.5,-1.8));
#11736 = VECTOR('',#11737,1.);
#11737 = DIRECTION('',(1.,-1.398876808125E-18,1.724213692673E-19));
#11738 = ORIENTED_EDGE('',*,*,#11739,.T.);
#11739 = EDGE_CURVE('',#11732,#11519,#11740,.T.);
#11740 = LINE('',#11741,#11742);
#11741 = CARTESIAN_POINT('',(-3.25,-29.5,-1.8));
#11742 = VECTOR('',#11743,1.);
#11743 = DIRECTION('',(0.,-9.71445146547E-17,-1.));
#11744 = ORIENTED_EDGE('',*,*,#11527,.T.);
#11745 = ORIENTED_EDGE('',*,*,#8000,.T.);
#11746 = ORIENTED_EDGE('',*,*,#11543,.T.);
#11747 = ORIENTED_EDGE('',*,*,#7983,.T.);
#11748 = ORIENTED_EDGE('',*,*,#11561,.T.);
#11749 = ORIENTED_EDGE('',*,*,#7959,.T.);
#11750 = ORIENTED_EDGE('',*,*,#11446,.T.);
#11751 = ORIENTED_EDGE('',*,*,#11715,.T.);
#11752 = PLANE('',#11753);
#11753 = AXIS2_PLACEMENT_3D('',#11754,#11755,#11756);
#11754 = CARTESIAN_POINT('',(3.45,-29.5,-1.8));
#11755 = DIRECTION('',(6.938893903907E-18,1.,-9.71445146547E-17));
#11756 = DIRECTION('',(0.,9.71445146547E-17,1.));
#11757 = ADVANCED_FACE('',(#11758),#11777,.T.);
#11758 = FACE_BOUND('',#11759,.T.);
#11759 = EDGE_LOOP('',(#11760,#11769,#11775,#11776));
#11760 = ORIENTED_EDGE('',*,*,#11761,.F.);
#11761 = EDGE_CURVE('',#11762,#11732,#11764,.T.);
#11762 = VERTEX_POINT('',#11763);
#11763 = CARTESIAN_POINT('',(-3.45,-29.3,-1.8));
#11764 = CIRCLE('',#11765,0.2);
#11765 = AXIS2_PLACEMENT_3D('',#11766,#11767,#11768);
#11766 = CARTESIAN_POINT('',(-3.25,-29.3,-1.8));
#11767 = DIRECTION('',(0.,9.71445146547E-17,1.));
#11768 = DIRECTION('',(0.,-1.,9.71445146547E-17));
#11769 = ORIENTED_EDGE('',*,*,#11770,.F.);
#11770 = EDGE_CURVE('',#11511,#11762,#11771,.T.);
#11771 = LINE('',#11772,#11773);
#11772 = CARTESIAN_POINT('',(-3.45,-29.3,-1.8));
#11773 = VECTOR('',#11774,1.);
#11774 = DIRECTION('',(-0.,9.71445146547E-17,1.));
#11775 = ORIENTED_EDGE('',*,*,#11518,.F.);
#11776 = ORIENTED_EDGE('',*,*,#11739,.F.);
#11777 = CYLINDRICAL_SURFACE('',#11778,0.2);
#11778 = AXIS2_PLACEMENT_3D('',#11779,#11780,#11781);
#11779 = CARTESIAN_POINT('',(-3.25,-29.3,-1.8));
#11780 = DIRECTION('',(0.,-9.71445146547E-17,-1.));
#11781 = DIRECTION('',(0.,1.,-9.71445146547E-17));
#11782 = ADVANCED_FACE('',(#11783),#11801,.F.);
#11783 = FACE_BOUND('',#11784,.T.);
#11784 = EDGE_LOOP('',(#11785,#11786,#11787,#11795));
#11785 = ORIENTED_EDGE('',*,*,#11510,.T.);
#11786 = ORIENTED_EDGE('',*,*,#11770,.T.);
#11787 = ORIENTED_EDGE('',*,*,#11788,.F.);
#11788 = EDGE_CURVE('',#11789,#11762,#11791,.T.);
#11789 = VERTEX_POINT('',#11790);
#11790 = CARTESIAN_POINT('',(-3.45,-25.7,-1.8));
#11791 = LINE('',#11792,#11793);
#11792 = CARTESIAN_POINT('',(-3.45,27.,-1.8));
#11793 = VECTOR('',#11794,1.);
#11794 = DIRECTION('',(-6.938893903907E-18,-1.,9.71445146547E-17));
#11795 = ORIENTED_EDGE('',*,*,#11796,.F.);
#11796 = EDGE_CURVE('',#11503,#11789,#11797,.T.);
#11797 = LINE('',#11798,#11799);
#11798 = CARTESIAN_POINT('',(-3.45,-25.7,-2.601));
#11799 = VECTOR('',#11800,1.);
#11800 = DIRECTION('',(0.,9.71445146547E-17,1.));
#11801 = PLANE('',#11802);
#11802 = AXIS2_PLACEMENT_3D('',#11803,#11804,#11805);
#11803 = CARTESIAN_POINT('',(-3.45,27.,-1.8));
#11804 = DIRECTION('',(1.,-1.398876808125E-18,1.35893208587E-34));
#11805 = DIRECTION('',(0.,9.71445146547E-17,1.));
#11806 = ADVANCED_FACE('',(#11807),#11826,.F.);
#11807 = FACE_BOUND('',#11808,.T.);
#11808 = EDGE_LOOP('',(#11809,#11817,#11823,#11824,#11825));
#11809 = ORIENTED_EDGE('',*,*,#11810,.T.);
#11810 = EDGE_CURVE('',#11789,#11811,#11813,.T.);
#11811 = VERTEX_POINT('',#11812);
#11812 = CARTESIAN_POINT('',(-3.4,-25.7,-1.8));
#11813 = LINE('',#11814,#11815);
#11814 = CARTESIAN_POINT('',(-3.45,-25.7,-1.8));
#11815 = VECTOR('',#11816,1.);
#11816 = DIRECTION('',(1.,-1.398876808125E-18,1.724213692673E-19));
#11817 = ORIENTED_EDGE('',*,*,#11818,.T.);
#11818 = EDGE_CURVE('',#11811,#11591,#11819,.T.);
#11819 = LINE('',#11820,#11821);
#11820 = CARTESIAN_POINT('',(-3.45,-25.7,-1.8));
#11821 = VECTOR('',#11822,1.);
#11822 = DIRECTION('',(1.,-1.398876808125E-18,1.724213692673E-19));
#11823 = ORIENTED_EDGE('',*,*,#11590,.T.);
#11824 = ORIENTED_EDGE('',*,*,#11502,.T.);
#11825 = ORIENTED_EDGE('',*,*,#11796,.T.);
#11826 = PLANE('',#11827);
#11827 = AXIS2_PLACEMENT_3D('',#11828,#11829,#11830);
#11828 = CARTESIAN_POINT('',(-3.45,-25.7,-2.601));
#11829 = DIRECTION('',(-6.938893903907E-18,-1.,9.71445146547E-17));
#11830 = DIRECTION('',(0.,-9.71445146547E-17,-1.));
#11831 = ADVANCED_FACE('',(#11832),#11866,.F.);
#11832 = FACE_BOUND('',#11833,.T.);
#11833 = EDGE_LOOP('',(#11834,#11844,#11850,#11851,#11852,#11860));
#11834 = ORIENTED_EDGE('',*,*,#11835,.T.);
#11835 = EDGE_CURVE('',#11836,#11838,#11840,.T.);
#11836 = VERTEX_POINT('',#11837);
#11837 = CARTESIAN_POINT('',(-3.45,-13.2,-1.8));
#11838 = VERTEX_POINT('',#11839);
#11839 = CARTESIAN_POINT('',(-3.4,-13.2,-1.8));
#11840 = LINE('',#11841,#11842);
#11841 = CARTESIAN_POINT('',(-3.45,-13.2,-1.8));
#11842 = VECTOR('',#11843,1.);
#11843 = DIRECTION('',(1.,-1.398876808125E-18,1.724213692673E-19));
#11844 = ORIENTED_EDGE('',*,*,#11845,.T.);
#11845 = EDGE_CURVE('',#11838,#9481,#11846,.T.);
#11846 = LINE('',#11847,#11848);
#11847 = CARTESIAN_POINT('',(-3.45,-13.2,-1.8));
#11848 = VECTOR('',#11849,1.);
#11849 = DIRECTION('',(1.,-1.398876808125E-18,1.724213692673E-19));
#11850 = ORIENTED_EDGE('',*,*,#9480,.T.);
#11851 = ORIENTED_EDGE('',*,*,#9231,.T.);
#11852 = ORIENTED_EDGE('',*,*,#11853,.T.);
#11853 = EDGE_CURVE('',#9234,#11854,#11856,.T.);
#11854 = VERTEX_POINT('',#11855);
#11855 = CARTESIAN_POINT('',(-3.45,-13.2,-2.6));
#11856 = LINE('',#11857,#11858);
#11857 = CARTESIAN_POINT('',(-3.45,-13.2,-2.6));
#11858 = VECTOR('',#11859,1.);
#11859 = DIRECTION('',(-1.,1.398876808125E-18,-1.724213692673E-19));
#11860 = ORIENTED_EDGE('',*,*,#11861,.T.);
#11861 = EDGE_CURVE('',#11854,#11836,#11862,.T.);
#11862 = LINE('',#11863,#11864);
#11863 = CARTESIAN_POINT('',(-3.45,-13.2,-2.601));
#11864 = VECTOR('',#11865,1.);
#11865 = DIRECTION('',(0.,9.71445146547E-17,1.));
#11866 = PLANE('',#11867);
#11867 = AXIS2_PLACEMENT_3D('',#11868,#11869,#11870);
#11868 = CARTESIAN_POINT('',(-3.45,-13.2,-2.601));
#11869 = DIRECTION('',(-6.938893903907E-18,-1.,9.71445146547E-17));
#11870 = DIRECTION('',(0.,-9.71445146547E-17,-1.));
#11871 = ADVANCED_FACE('',(#11872),#11922,.T.);
#11872 = FACE_BOUND('',#11873,.T.);
#11873 = EDGE_LOOP('',(#11874,#11884,#11892,#11900,#11908,#11916));
#11874 = ORIENTED_EDGE('',*,*,#11875,.F.);
#11875 = EDGE_CURVE('',#11876,#11878,#11880,.T.);
#11876 = VERTEX_POINT('',#11877);
#11877 = CARTESIAN_POINT('',(2.9,17.555,-1.8));
#11878 = VERTEX_POINT('',#11879);
#11879 = CARTESIAN_POINT('',(-2.9,17.555,-1.8));
#11880 = LINE('',#11881,#11882);
#11881 = CARTESIAN_POINT('',(2.9,17.555,-1.8));
#11882 = VECTOR('',#11883,1.);
#11883 = DIRECTION('',(-1.,5.979140166409E-32,-5.808406695182E-48));
#11884 = ORIENTED_EDGE('',*,*,#11885,.F.);
#11885 = EDGE_CURVE('',#11886,#11876,#11888,.T.);
#11886 = VERTEX_POINT('',#11887);
#11887 = CARTESIAN_POINT('',(2.9,17.555,-0.5));
#11888 = LINE('',#11889,#11890);
#11889 = CARTESIAN_POINT('',(2.9,17.555,-0.5));
#11890 = VECTOR('',#11891,1.);
#11891 = DIRECTION('',(-4.336808689942E-16,-6.111242387415E-17,-1.));
#11892 = ORIENTED_EDGE('',*,*,#11893,.F.);
#11893 = EDGE_CURVE('',#11894,#11886,#11896,.T.);
#11894 = VERTEX_POINT('',#11895);
#11895 = CARTESIAN_POINT('',(1.25,17.555,-0.5));
#11896 = LINE('',#11897,#11898);
#11897 = CARTESIAN_POINT('',(-2.9,17.555,-0.5));
#11898 = VECTOR('',#11899,1.);
#11899 = DIRECTION('',(1.,-7.101757180693E-32,-1.836970198721E-16));
#11900 = ORIENTED_EDGE('',*,*,#11901,.F.);
#11901 = EDGE_CURVE('',#11902,#11894,#11904,.T.);
#11902 = VERTEX_POINT('',#11903);
#11903 = CARTESIAN_POINT('',(-1.25,17.555,-0.5));
#11904 = LINE('',#11905,#11906);
#11905 = CARTESIAN_POINT('',(2.9,17.555,-0.5));
#11906 = VECTOR('',#11907,1.);
#11907 = DIRECTION('',(1.,2.845985073862E-32,0.));
#11908 = ORIENTED_EDGE('',*,*,#11909,.F.);
#11909 = EDGE_CURVE('',#11910,#11902,#11912,.T.);
#11910 = VERTEX_POINT('',#11911);
#11911 = CARTESIAN_POINT('',(-2.9,17.555,-0.5));
#11912 = LINE('',#11913,#11914);
#11913 = CARTESIAN_POINT('',(-2.9,17.555,-0.5));
#11914 = VECTOR('',#11915,1.);
#11915 = DIRECTION('',(1.,-7.101757180693E-32,-1.836970198721E-16));
#11916 = ORIENTED_EDGE('',*,*,#11917,.F.);
#11917 = EDGE_CURVE('',#11878,#11910,#11918,.T.);
#11918 = LINE('',#11919,#11920);
#11919 = CARTESIAN_POINT('',(-2.9,17.555,-1.9));
#11920 = VECTOR('',#11921,1.);
#11921 = DIRECTION('',(0.,6.111242387415E-17,1.));
#11922 = PLANE('',#11923);
#11923 = AXIS2_PLACEMENT_3D('',#11924,#11925,#11926);
#11924 = CARTESIAN_POINT('',(2.9,17.555,-1.9));
#11925 = DIRECTION('',(-5.979140166409E-32,-1.,6.111242387415E-17));
#11926 = DIRECTION('',(0.,-6.111242387415E-17,-1.));
#11927 = ADVANCED_FACE('',(#11928),#11987,.T.);
#11928 = FACE_BOUND('',#11929,.T.);
#11929 = EDGE_LOOP('',(#11930,#11940,#11947,#11948,#11956,#11964,#11973,
    #11981));
#11930 = ORIENTED_EDGE('',*,*,#11931,.F.);
#11931 = EDGE_CURVE('',#11932,#11934,#11936,.T.);
#11932 = VERTEX_POINT('',#11933);
#11933 = CARTESIAN_POINT('',(-2.95,-23.5,-2.55));
#11934 = VERTEX_POINT('',#11935);
#11935 = CARTESIAN_POINT('',(-2.95,-23.5,-2.6));
#11936 = LINE('',#11937,#11938);
#11937 = CARTESIAN_POINT('',(-2.95,-23.5,-2.55));
#11938 = VECTOR('',#11939,1.);
#11939 = DIRECTION('',(1.724213692673E-19,1.779203565104E-15,-1.));
#11940 = ORIENTED_EDGE('',*,*,#11941,.T.);
#11941 = EDGE_CURVE('',#11932,#5740,#11942,.T.);
#11942 = CIRCLE('',#11943,0.2);
#11943 = AXIS2_PLACEMENT_3D('',#11944,#11945,#11946);
#11944 = CARTESIAN_POINT('',(-2.95,-23.3,-2.55));
#11945 = DIRECTION('',(-1.,1.398876808125E-18,-1.724213692673E-19));
#11946 = DIRECTION('',(-1.398876808125E-18,-1.,-2.411962546931E-37));
#11947 = ORIENTED_EDGE('',*,*,#5747,.T.);
#11948 = ORIENTED_EDGE('',*,*,#11949,.T.);
#11949 = EDGE_CURVE('',#5721,#11950,#11952,.T.);
#11950 = VERTEX_POINT('',#11951);
#11951 = CARTESIAN_POINT('',(-2.95,-22.9,-2.55));
#11952 = LINE('',#11953,#11954);
#11953 = CARTESIAN_POINT('',(-2.95,13.637323961121,-23.64483382442));
#11954 = VECTOR('',#11955,1.);
#11955 = DIRECTION('',(1.297673537235E-18,0.866025403784,-0.5));
#11956 = ORIENTED_EDGE('',*,*,#11957,.F.);
#11957 = EDGE_CURVE('',#11958,#11950,#11960,.T.);
#11958 = VERTEX_POINT('',#11959);
#11959 = CARTESIAN_POINT('',(-2.95,-21.65,-2.55));
#11960 = LINE('',#11961,#11962);
#11961 = CARTESIAN_POINT('',(-2.95,-21.45,-2.55));
#11962 = VECTOR('',#11963,1.);
#11963 = DIRECTION('',(-1.398876808125E-18,-1.,-2.115516434118E-16));
#11964 = ORIENTED_EDGE('',*,*,#11965,.T.);
#11965 = EDGE_CURVE('',#11958,#11966,#11968,.T.);
#11966 = VERTEX_POINT('',#11967);
#11967 = CARTESIAN_POINT('',(-2.95,-21.45,-2.35));
#11968 = CIRCLE('',#11969,0.2);
#11969 = AXIS2_PLACEMENT_3D('',#11970,#11971,#11972);
#11970 = CARTESIAN_POINT('',(-2.95,-21.65,-2.35));
#11971 = DIRECTION('',(1.,-1.398876808125E-18,1.724213692673E-19));
#11972 = DIRECTION('',(-1.398876808125E-18,-1.,-2.411962546931E-37));
#11973 = ORIENTED_EDGE('',*,*,#11974,.F.);
#11974 = EDGE_CURVE('',#11975,#11966,#11977,.T.);
#11975 = VERTEX_POINT('',#11976);
#11976 = CARTESIAN_POINT('',(-2.95,-21.45,-2.6));
#11977 = LINE('',#11978,#11979);
#11978 = CARTESIAN_POINT('',(-2.95,-21.45,-2.601));
#11979 = VECTOR('',#11980,1.);
#11980 = DIRECTION('',(0.,9.71445146547E-17,1.));
#11981 = ORIENTED_EDGE('',*,*,#11982,.F.);
#11982 = EDGE_CURVE('',#11934,#11975,#11983,.T.);
#11983 = LINE('',#11984,#11985);
#11984 = CARTESIAN_POINT('',(-2.95,26.191830219278,-2.6));
#11985 = VECTOR('',#11986,1.);
#11986 = DIRECTION('',(6.938893903907E-18,1.,-9.71445146547E-17));
#11987 = PLANE('',#11988);
#11988 = AXIS2_PLACEMENT_3D('',#11989,#11990,#11991);
#11989 = CARTESIAN_POINT('',(-2.95,26.191830219278,-56.44047677899));
#11990 = DIRECTION('',(-1.,1.398876808125E-18,-1.35893208587E-34));
#11991 = DIRECTION('',(0.,-9.71445146547E-17,-1.));
#11992 = ADVANCED_FACE('',(#11993),#12009,.T.);
#11993 = FACE_BOUND('',#11994,.T.);
#11994 = EDGE_LOOP('',(#11995,#12001,#12002,#12008));
#11995 = ORIENTED_EDGE('',*,*,#11996,.F.);
#11996 = EDGE_CURVE('',#10905,#11975,#11997,.T.);
#11997 = LINE('',#11998,#11999);
#11998 = CARTESIAN_POINT('',(-3.45,-21.45,-2.6));
#11999 = VECTOR('',#12000,1.);
#12000 = DIRECTION('',(1.,-1.398876808125E-18,1.724213692673E-19));
#12001 = ORIENTED_EDGE('',*,*,#10904,.T.);
#12002 = ORIENTED_EDGE('',*,*,#12003,.F.);
#12003 = EDGE_CURVE('',#11934,#10897,#12004,.T.);
#12004 = LINE('',#12005,#12006);
#12005 = CARTESIAN_POINT('',(-2.9,-23.5,-2.6));
#12006 = VECTOR('',#12007,1.);
#12007 = DIRECTION('',(-1.,-1.083983385856E-30,6.092520311428E-16));
#12008 = ORIENTED_EDGE('',*,*,#11982,.T.);
#12009 = PLANE('',#12010);
#12010 = AXIS2_PLACEMENT_3D('',#12011,#12012,#12013);
#12011 = CARTESIAN_POINT('',(-3.35,25.5,-2.6));
#12012 = DIRECTION('',(6.092520311428E-16,1.550809096065E-16,1.));
#12013 = DIRECTION('',(-5.551115123126E-17,-1.,1.550809096065E-16));
#12014 = ADVANCED_FACE('',(#12015),#12033,.F.);
#12015 = FACE_BOUND('',#12016,.T.);
#12016 = EDGE_LOOP('',(#12017,#12018,#12019,#12027));
#12017 = ORIENTED_EDGE('',*,*,#11853,.F.);
#12018 = ORIENTED_EDGE('',*,*,#10912,.T.);
#12019 = ORIENTED_EDGE('',*,*,#12020,.F.);
#12020 = EDGE_CURVE('',#12021,#10905,#12023,.T.);
#12021 = VERTEX_POINT('',#12022);
#12022 = CARTESIAN_POINT('',(-3.45,-21.45,-2.6));
#12023 = LINE('',#12024,#12025);
#12024 = CARTESIAN_POINT('',(-3.45,-21.45,-2.6));
#12025 = VECTOR('',#12026,1.);
#12026 = DIRECTION('',(1.,-1.398876808125E-18,1.724213692673E-19));
#12027 = ORIENTED_EDGE('',*,*,#12028,.F.);
#12028 = EDGE_CURVE('',#11854,#12021,#12029,.T.);
#12029 = LINE('',#12030,#12031);
#12030 = CARTESIAN_POINT('',(-3.45,27.,-2.6));
#12031 = VECTOR('',#12032,1.);
#12032 = DIRECTION('',(-6.938893903907E-18,-1.,9.71445146547E-17));
#12033 = PLANE('',#12034);
#12034 = AXIS2_PLACEMENT_3D('',#12035,#12036,#12037);
#12035 = CARTESIAN_POINT('',(-3.45,27.,-2.6));
#12036 = DIRECTION('',(0.,9.71445146547E-17,1.));
#12037 = DIRECTION('',(-6.938893903907E-18,-1.,9.71445146547E-17));
#12038 = ADVANCED_FACE('',(#12039),#12057,.F.);
#12039 = FACE_BOUND('',#12040,.T.);
#12040 = EDGE_LOOP('',(#12041,#12042,#12050,#12056));
#12041 = ORIENTED_EDGE('',*,*,#12028,.T.);
#12042 = ORIENTED_EDGE('',*,*,#12043,.T.);
#12043 = EDGE_CURVE('',#12021,#12044,#12046,.T.);
#12044 = VERTEX_POINT('',#12045);
#12045 = CARTESIAN_POINT('',(-3.45,-21.45,-1.8));
#12046 = LINE('',#12047,#12048);
#12047 = CARTESIAN_POINT('',(-3.45,-21.45,-2.601));
#12048 = VECTOR('',#12049,1.);
#12049 = DIRECTION('',(0.,9.71445146547E-17,1.));
#12050 = ORIENTED_EDGE('',*,*,#12051,.F.);
#12051 = EDGE_CURVE('',#11836,#12044,#12052,.T.);
#12052 = LINE('',#12053,#12054);
#12053 = CARTESIAN_POINT('',(-3.45,27.,-1.8));
#12054 = VECTOR('',#12055,1.);
#12055 = DIRECTION('',(-6.938893903907E-18,-1.,9.71445146547E-17));
#12056 = ORIENTED_EDGE('',*,*,#11861,.F.);
#12057 = PLANE('',#12058);
#12058 = AXIS2_PLACEMENT_3D('',#12059,#12060,#12061);
#12059 = CARTESIAN_POINT('',(-3.45,27.,-1.8));
#12060 = DIRECTION('',(1.,-1.398876808125E-18,1.35893208587E-34));
#12061 = DIRECTION('',(0.,9.71445146547E-17,1.));
#12062 = ADVANCED_FACE('',(#12063),#12094,.F.);
#12063 = FACE_BOUND('',#12064,.T.);
#12064 = EDGE_LOOP('',(#12065,#12073,#12079,#12080,#12088));
#12065 = ORIENTED_EDGE('',*,*,#12066,.T.);
#12066 = EDGE_CURVE('',#12067,#11159,#12069,.T.);
#12067 = VERTEX_POINT('',#12068);
#12068 = CARTESIAN_POINT('',(3.45,-21.45,-2.6));
#12069 = LINE('',#12070,#12071);
#12070 = CARTESIAN_POINT('',(3.45,27.,-2.6));
#12071 = VECTOR('',#12072,1.);
#12072 = DIRECTION('',(6.938893903907E-18,1.,-9.71445146547E-17));
#12073 = ORIENTED_EDGE('',*,*,#12074,.T.);
#12074 = EDGE_CURVE('',#11159,#11613,#12075,.T.);
#12075 = LINE('',#12076,#12077);
#12076 = CARTESIAN_POINT('',(3.45,27.,-2.6));
#12077 = VECTOR('',#12078,1.);
#12078 = DIRECTION('',(6.938893903907E-18,1.,-9.71445146547E-17));
#12079 = ORIENTED_EDGE('',*,*,#11637,.T.);
#12080 = ORIENTED_EDGE('',*,*,#12081,.F.);
#12081 = EDGE_CURVE('',#12082,#11630,#12084,.T.);
#12082 = VERTEX_POINT('',#12083);
#12083 = CARTESIAN_POINT('',(3.45,-21.45,-1.8));
#12084 = LINE('',#12085,#12086);
#12085 = CARTESIAN_POINT('',(3.45,27.,-1.8));
#12086 = VECTOR('',#12087,1.);
#12087 = DIRECTION('',(6.938893903907E-18,1.,-9.71445146547E-17));
#12088 = ORIENTED_EDGE('',*,*,#12089,.F.);
#12089 = EDGE_CURVE('',#12067,#12082,#12090,.T.);
#12090 = LINE('',#12091,#12092);
#12091 = CARTESIAN_POINT('',(3.45,-21.45,-2.601));
#12092 = VECTOR('',#12093,1.);
#12093 = DIRECTION('',(0.,9.71445146547E-17,1.));
#12094 = PLANE('',#12095);
#12095 = AXIS2_PLACEMENT_3D('',#12096,#12097,#12098);
#12096 = CARTESIAN_POINT('',(3.45,27.,-1.8));
#12097 = DIRECTION('',(-1.,1.398876808125E-18,-1.35893208587E-34));
#12098 = DIRECTION('',(0.,-9.71445146547E-17,-1.));
#12099 = ADVANCED_FACE('',(#12100),#12111,.F.);
#12100 = FACE_BOUND('',#12101,.T.);
#12101 = EDGE_LOOP('',(#12102,#12103,#12104,#12110));
#12102 = ORIENTED_EDGE('',*,*,#11166,.F.);
#12103 = ORIENTED_EDGE('',*,*,#12066,.F.);
#12104 = ORIENTED_EDGE('',*,*,#12105,.F.);
#12105 = EDGE_CURVE('',#11097,#12067,#12106,.T.);
#12106 = LINE('',#12107,#12108);
#12107 = CARTESIAN_POINT('',(3.45,-21.45,-2.6));
#12108 = VECTOR('',#12109,1.);
#12109 = DIRECTION('',(1.,-1.398876808125E-18,1.724213692673E-19));
#12110 = ORIENTED_EDGE('',*,*,#11094,.F.);
#12111 = PLANE('',#12112);
#12112 = AXIS2_PLACEMENT_3D('',#12113,#12114,#12115);
#12113 = CARTESIAN_POINT('',(-3.45,27.,-2.6));
#12114 = DIRECTION('',(0.,9.71445146547E-17,1.));
#12115 = DIRECTION('',(-6.938893903907E-18,-1.,9.71445146547E-17));
#12116 = ADVANCED_FACE('',(#12117),#12251,.T.);
#12117 = FACE_BOUND('',#12118,.T.);
#12118 = EDGE_LOOP('',(#12119,#12127,#12128,#12136,#12144,#12150,#12151,
    #12152,#12160,#12168,#12176,#12184,#12190,#12191,#12192,#12193,
    #12194,#12195,#12196,#12197,#12205,#12213,#12221,#12229,#12235,
    #12236,#12237,#12245));
#12119 = ORIENTED_EDGE('',*,*,#12120,.F.);
#12120 = EDGE_CURVE('',#11876,#12121,#12123,.T.);
#12121 = VERTEX_POINT('',#12122);
#12122 = CARTESIAN_POINT('',(2.9,-20.85,-1.8));
#12123 = LINE('',#12124,#12125);
#12124 = CARTESIAN_POINT('',(2.9,-13.,-1.8));
#12125 = VECTOR('',#12126,1.);
#12126 = DIRECTION('',(0.,-1.,-1.539695392879E-16));
#12127 = ORIENTED_EDGE('',*,*,#11875,.T.);
#12128 = ORIENTED_EDGE('',*,*,#12129,.F.);
#12129 = EDGE_CURVE('',#12130,#11878,#12132,.T.);
#12130 = VERTEX_POINT('',#12131);
#12131 = CARTESIAN_POINT('',(-2.9,-20.85,-1.8));
#12132 = LINE('',#12133,#12134);
#12133 = CARTESIAN_POINT('',(-2.9,21.45,-1.8));
#12134 = VECTOR('',#12135,1.);
#12135 = DIRECTION('',(0.,1.,4.619086178636E-16));
#12136 = ORIENTED_EDGE('',*,*,#12137,.T.);
#12137 = EDGE_CURVE('',#12130,#12138,#12140,.T.);
#12138 = VERTEX_POINT('',#12139);
#12139 = CARTESIAN_POINT('',(-3.4,-20.85,-1.8));
#12140 = LINE('',#12141,#12142);
#12141 = CARTESIAN_POINT('',(-2.9,-20.85,-1.8));
#12142 = VECTOR('',#12143,1.);
#12143 = DIRECTION('',(-1.,-0.,-0.));
#12144 = ORIENTED_EDGE('',*,*,#12145,.T.);
#12145 = EDGE_CURVE('',#12138,#11838,#12146,.T.);
#12146 = LINE('',#12147,#12148);
#12147 = CARTESIAN_POINT('',(-3.4,-13.,-1.8));
#12148 = VECTOR('',#12149,1.);
#12149 = DIRECTION('',(0.,1.,1.539695392879E-16));
#12150 = ORIENTED_EDGE('',*,*,#11835,.F.);
#12151 = ORIENTED_EDGE('',*,*,#12051,.T.);
#12152 = ORIENTED_EDGE('',*,*,#12153,.F.);
#12153 = EDGE_CURVE('',#12154,#12044,#12156,.T.);
#12154 = VERTEX_POINT('',#12155);
#12155 = CARTESIAN_POINT('',(-3.4,-21.45,-1.8));
#12156 = LINE('',#12157,#12158);
#12157 = CARTESIAN_POINT('',(-3.45,-21.45,-1.8));
#12158 = VECTOR('',#12159,1.);
#12159 = DIRECTION('',(-1.,1.398876808125E-18,-1.724213692673E-19));
#12160 = ORIENTED_EDGE('',*,*,#12161,.F.);
#12161 = EDGE_CURVE('',#12162,#12154,#12164,.T.);
#12162 = VERTEX_POINT('',#12163);
#12163 = CARTESIAN_POINT('',(-2.9,-21.45,-1.8));
#12164 = LINE('',#12165,#12166);
#12165 = CARTESIAN_POINT('',(-2.9,-21.45,-1.8));
#12166 = VECTOR('',#12167,1.);
#12167 = DIRECTION('',(-1.,0.,0.));
#12168 = ORIENTED_EDGE('',*,*,#12169,.F.);
#12169 = EDGE_CURVE('',#12170,#12162,#12172,.T.);
#12170 = VERTEX_POINT('',#12171);
#12171 = CARTESIAN_POINT('',(-2.9,-26.5,-1.8));
#12172 = LINE('',#12173,#12174);
#12173 = CARTESIAN_POINT('',(-2.9,-25.5,-1.8));
#12174 = VECTOR('',#12175,1.);
#12175 = DIRECTION('',(0.,1.,2.168404344971E-16));
#12176 = ORIENTED_EDGE('',*,*,#12177,.T.);
#12177 = EDGE_CURVE('',#12170,#12178,#12180,.T.);
#12178 = VERTEX_POINT('',#12179);
#12179 = CARTESIAN_POINT('',(-3.4,-26.5,-1.8));
#12180 = LINE('',#12181,#12182);
#12181 = CARTESIAN_POINT('',(-2.9,-26.5,-1.8));
#12182 = VECTOR('',#12183,1.);
#12183 = DIRECTION('',(-1.,0.,0.));
#12184 = ORIENTED_EDGE('',*,*,#12185,.T.);
#12185 = EDGE_CURVE('',#12178,#11811,#12186,.T.);
#12186 = LINE('',#12187,#12188);
#12187 = CARTESIAN_POINT('',(-3.4,-25.5,-1.8));
#12188 = VECTOR('',#12189,1.);
#12189 = DIRECTION('',(0.,1.,2.168404344971E-16));
#12190 = ORIENTED_EDGE('',*,*,#11810,.F.);
#12191 = ORIENTED_EDGE('',*,*,#11788,.T.);
#12192 = ORIENTED_EDGE('',*,*,#11761,.T.);
#12193 = ORIENTED_EDGE('',*,*,#11731,.T.);
#12194 = ORIENTED_EDGE('',*,*,#11707,.T.);
#12195 = ORIENTED_EDGE('',*,*,#11683,.T.);
#12196 = ORIENTED_EDGE('',*,*,#11661,.F.);
#12197 = ORIENTED_EDGE('',*,*,#12198,.T.);
#12198 = EDGE_CURVE('',#11654,#12199,#12201,.T.);
#12199 = VERTEX_POINT('',#12200);
#12200 = CARTESIAN_POINT('',(3.4,-26.5,-1.8));
#12201 = LINE('',#12202,#12203);
#12202 = CARTESIAN_POINT('',(3.4,-25.5,-1.8));
#12203 = VECTOR('',#12204,1.);
#12204 = DIRECTION('',(0.,-1.,-2.168404344971E-16));
#12205 = ORIENTED_EDGE('',*,*,#12206,.F.);
#12206 = EDGE_CURVE('',#12207,#12199,#12209,.T.);
#12207 = VERTEX_POINT('',#12208);
#12208 = CARTESIAN_POINT('',(2.9,-26.5,-1.8));
#12209 = LINE('',#12210,#12211);
#12210 = CARTESIAN_POINT('',(2.9,-26.5,-1.8));
#12211 = VECTOR('',#12212,1.);
#12212 = DIRECTION('',(1.,0.,-4.336808689942E-16));
#12213 = ORIENTED_EDGE('',*,*,#12214,.F.);
#12214 = EDGE_CURVE('',#12215,#12207,#12217,.T.);
#12215 = VERTEX_POINT('',#12216);
#12216 = CARTESIAN_POINT('',(2.9,-21.45,-1.8));
#12217 = LINE('',#12218,#12219);
#12218 = CARTESIAN_POINT('',(2.9,-25.5,-1.8));
#12219 = VECTOR('',#12220,1.);
#12220 = DIRECTION('',(0.,-1.,-2.168404344971E-16));
#12221 = ORIENTED_EDGE('',*,*,#12222,.T.);
#12222 = EDGE_CURVE('',#12215,#12223,#12225,.T.);
#12223 = VERTEX_POINT('',#12224);
#12224 = CARTESIAN_POINT('',(3.4,-21.45,-1.8));
#12225 = LINE('',#12226,#12227);
#12226 = CARTESIAN_POINT('',(2.9,-21.45,-1.8));
#12227 = VECTOR('',#12228,1.);
#12228 = DIRECTION('',(1.,0.,-4.336808689942E-16));
#12229 = ORIENTED_EDGE('',*,*,#12230,.F.);
#12230 = EDGE_CURVE('',#12082,#12223,#12231,.T.);
#12231 = LINE('',#12232,#12233);
#12232 = CARTESIAN_POINT('',(3.45,-21.45,-1.8));
#12233 = VECTOR('',#12234,1.);
#12234 = DIRECTION('',(-1.,1.398876808125E-18,-1.724213692673E-19));
#12235 = ORIENTED_EDGE('',*,*,#12081,.T.);
#12236 = ORIENTED_EDGE('',*,*,#11629,.F.);
#12237 = ORIENTED_EDGE('',*,*,#12238,.T.);
#12238 = EDGE_CURVE('',#11622,#12239,#12241,.T.);
#12239 = VERTEX_POINT('',#12240);
#12240 = CARTESIAN_POINT('',(3.4,-20.85,-1.8));
#12241 = LINE('',#12242,#12243);
#12242 = CARTESIAN_POINT('',(3.4,-13.,-1.8));
#12243 = VECTOR('',#12244,1.);
#12244 = DIRECTION('',(0.,-1.,-1.539695392879E-16));
#12245 = ORIENTED_EDGE('',*,*,#12246,.F.);
#12246 = EDGE_CURVE('',#12121,#12239,#12247,.T.);
#12247 = LINE('',#12248,#12249);
#12248 = CARTESIAN_POINT('',(2.9,-20.85,-1.8));
#12249 = VECTOR('',#12250,1.);
#12250 = DIRECTION('',(1.,-0.,-4.336808689942E-16));
#12251 = PLANE('',#12252);
#12252 = AXIS2_PLACEMENT_3D('',#12253,#12254,#12255);
#12253 = CARTESIAN_POINT('',(-3.45,27.,-1.8));
#12254 = DIRECTION('',(0.,9.71445146547E-17,1.));
#12255 = DIRECTION('',(-6.938893903907E-18,-1.,9.71445146547E-17));
#12256 = ADVANCED_FACE('',(#12257),#12292,.F.);
#12257 = FACE_BOUND('',#12258,.T.);
#12258 = EDGE_LOOP('',(#12259,#12260,#12268,#12276,#12284,#12290,#12291)
  );
#12259 = ORIENTED_EDGE('',*,*,#12230,.T.);
#12260 = ORIENTED_EDGE('',*,*,#12261,.T.);
#12261 = EDGE_CURVE('',#12223,#12262,#12264,.T.);
#12262 = VERTEX_POINT('',#12263);
#12263 = CARTESIAN_POINT('',(3.4,-21.45,-2.35));
#12264 = LINE('',#12265,#12266);
#12265 = CARTESIAN_POINT('',(3.4,-21.45,-1.8));
#12266 = VECTOR('',#12267,1.);
#12267 = DIRECTION('',(-5.782411586589E-16,0.,-1.));
#12268 = ORIENTED_EDGE('',*,*,#12269,.T.);
#12269 = EDGE_CURVE('',#12262,#12270,#12272,.T.);
#12270 = VERTEX_POINT('',#12271);
#12271 = CARTESIAN_POINT('',(2.95,-21.45,-2.35));
#12272 = LINE('',#12273,#12274);
#12273 = CARTESIAN_POINT('',(2.9,-21.45,-2.35));
#12274 = VECTOR('',#12275,1.);
#12275 = DIRECTION('',(-1.,-0.,4.336808689942E-16));
#12276 = ORIENTED_EDGE('',*,*,#12277,.T.);
#12277 = EDGE_CURVE('',#12270,#12278,#12280,.T.);
#12278 = VERTEX_POINT('',#12279);
#12279 = CARTESIAN_POINT('',(2.95,-21.45,-2.6));
#12280 = LINE('',#12281,#12282);
#12281 = CARTESIAN_POINT('',(2.95,-21.45,-2.601));
#12282 = VECTOR('',#12283,1.);
#12283 = DIRECTION('',(0.,-9.71445146547E-17,-1.));
#12284 = ORIENTED_EDGE('',*,*,#12285,.T.);
#12285 = EDGE_CURVE('',#12278,#11097,#12286,.T.);
#12286 = LINE('',#12287,#12288);
#12287 = CARTESIAN_POINT('',(3.45,-21.45,-2.6));
#12288 = VECTOR('',#12289,1.);
#12289 = DIRECTION('',(1.,-1.398876808125E-18,1.724213692673E-19));
#12290 = ORIENTED_EDGE('',*,*,#12105,.T.);
#12291 = ORIENTED_EDGE('',*,*,#12089,.T.);
#12292 = PLANE('',#12293);
#12293 = AXIS2_PLACEMENT_3D('',#12294,#12295,#12296);
#12294 = CARTESIAN_POINT('',(3.45,-21.45,-2.601));
#12295 = DIRECTION('',(6.938893903907E-18,1.,-9.71445146547E-17));
#12296 = DIRECTION('',(0.,9.71445146547E-17,1.));
#12297 = ADVANCED_FACE('',(#12298),#12316,.T.);
#12298 = FACE_BOUND('',#12299,.T.);
#12299 = EDGE_LOOP('',(#12300,#12301,#12309,#12315));
#12300 = ORIENTED_EDGE('',*,*,#12285,.F.);
#12301 = ORIENTED_EDGE('',*,*,#12302,.T.);
#12302 = EDGE_CURVE('',#12278,#12303,#12305,.T.);
#12303 = VERTEX_POINT('',#12304);
#12304 = CARTESIAN_POINT('',(2.95,-23.5,-2.6));
#12305 = LINE('',#12306,#12307);
#12306 = CARTESIAN_POINT('',(2.95,26.191830219278,-2.6));
#12307 = VECTOR('',#12308,1.);
#12308 = DIRECTION('',(-6.938893903907E-18,-1.,9.71445146547E-17));
#12309 = ORIENTED_EDGE('',*,*,#12310,.F.);
#12310 = EDGE_CURVE('',#11105,#12303,#12311,.T.);
#12311 = LINE('',#12312,#12313);
#12312 = CARTESIAN_POINT('',(2.9,-23.5,-2.6));
#12313 = VECTOR('',#12314,1.);
#12314 = DIRECTION('',(-1.,5.540785994482E-34,6.187342961859E-16));
#12315 = ORIENTED_EDGE('',*,*,#11104,.F.);
#12316 = PLANE('',#12317);
#12317 = AXIS2_PLACEMENT_3D('',#12318,#12319,#12320);
#12318 = CARTESIAN_POINT('',(-3.35,25.5,-2.6));
#12319 = DIRECTION('',(6.092520311428E-16,1.550809096065E-16,1.));
#12320 = DIRECTION('',(-5.551115123126E-17,-1.,1.550809096065E-16));
#12321 = ADVANCED_FACE('',(#12322),#12366,.T.);
#12322 = FACE_BOUND('',#12323,.T.);
#12323 = EDGE_LOOP('',(#12324,#12332,#12333,#12334,#12343,#12351,#12359)
  );
#12324 = ORIENTED_EDGE('',*,*,#12325,.F.);
#12325 = EDGE_CURVE('',#12303,#12326,#12328,.T.);
#12326 = VERTEX_POINT('',#12327);
#12327 = CARTESIAN_POINT('',(2.95,-23.5,-2.55));
#12328 = LINE('',#12329,#12330);
#12329 = CARTESIAN_POINT('',(2.95,-23.5,-2.55));
#12330 = VECTOR('',#12331,1.);
#12331 = DIRECTION('',(-1.724213692673E-19,-1.779203565104E-15,1.));
#12332 = ORIENTED_EDGE('',*,*,#12302,.F.);
#12333 = ORIENTED_EDGE('',*,*,#12277,.F.);
#12334 = ORIENTED_EDGE('',*,*,#12335,.T.);
#12335 = EDGE_CURVE('',#12270,#12336,#12338,.T.);
#12336 = VERTEX_POINT('',#12337);
#12337 = CARTESIAN_POINT('',(2.95,-21.65,-2.55));
#12338 = CIRCLE('',#12339,0.2);
#12339 = AXIS2_PLACEMENT_3D('',#12340,#12341,#12342);
#12340 = CARTESIAN_POINT('',(2.95,-21.65,-2.35));
#12341 = DIRECTION('',(-1.,1.398876808125E-18,-1.724213692673E-19));
#12342 = DIRECTION('',(1.398876808125E-18,1.,2.411962546931E-37));
#12343 = ORIENTED_EDGE('',*,*,#12344,.F.);
#12344 = EDGE_CURVE('',#12345,#12336,#12347,.T.);
#12345 = VERTEX_POINT('',#12346);
#12346 = CARTESIAN_POINT('',(2.95,-22.9,-2.55));
#12347 = LINE('',#12348,#12349);
#12348 = CARTESIAN_POINT('',(2.95,-21.45,-2.55));
#12349 = VECTOR('',#12350,1.);
#12350 = DIRECTION('',(1.398876808125E-18,1.,2.115516434118E-16));
#12351 = ORIENTED_EDGE('',*,*,#12352,.T.);
#12352 = EDGE_CURVE('',#12345,#12353,#12355,.T.);
#12353 = VERTEX_POINT('',#12354);
#12354 = CARTESIAN_POINT('',(2.95,-23.2,-2.376794919243));
#12355 = LINE('',#12356,#12357);
#12356 = CARTESIAN_POINT('',(2.95,13.637323961121,-23.64483382442));
#12357 = VECTOR('',#12358,1.);
#12358 = DIRECTION('',(-1.297673537235E-18,-0.866025403784,0.5));
#12359 = ORIENTED_EDGE('',*,*,#12360,.T.);
#12360 = EDGE_CURVE('',#12353,#12326,#12361,.T.);
#12361 = CIRCLE('',#12362,0.2);
#12362 = AXIS2_PLACEMENT_3D('',#12363,#12364,#12365);
#12363 = CARTESIAN_POINT('',(2.95,-23.3,-2.55));
#12364 = DIRECTION('',(1.,-1.398876808125E-18,1.724213692673E-19));
#12365 = DIRECTION('',(1.398876808125E-18,1.,2.411962546931E-37));
#12366 = PLANE('',#12367);
#12367 = AXIS2_PLACEMENT_3D('',#12368,#12369,#12370);
#12368 = CARTESIAN_POINT('',(2.95,26.191830219278,-56.44047677899));
#12369 = DIRECTION('',(1.,-1.398876808125E-18,1.35893208587E-34));
#12370 = DIRECTION('',(0.,9.71445146547E-17,1.));
#12371 = ADVANCED_FACE('',(#12372),#12393,.F.);
#12372 = FACE_BOUND('',#12373,.T.);
#12373 = EDGE_LOOP('',(#12374,#12382,#12388,#12389,#12390,#12391,#12392)
  );
#12374 = ORIENTED_EDGE('',*,*,#12375,.T.);
#12375 = EDGE_CURVE('',#11966,#12376,#12378,.T.);
#12376 = VERTEX_POINT('',#12377);
#12377 = CARTESIAN_POINT('',(-3.4,-21.45,-2.35));
#12378 = LINE('',#12379,#12380);
#12379 = CARTESIAN_POINT('',(-2.9,-21.45,-2.35));
#12380 = VECTOR('',#12381,1.);
#12381 = DIRECTION('',(-1.,0.,0.));
#12382 = ORIENTED_EDGE('',*,*,#12383,.T.);
#12383 = EDGE_CURVE('',#12376,#12154,#12384,.T.);
#12384 = LINE('',#12385,#12386);
#12385 = CARTESIAN_POINT('',(-3.4,-21.45,-1.8));
#12386 = VECTOR('',#12387,1.);
#12387 = DIRECTION('',(0.,0.,1.));
#12388 = ORIENTED_EDGE('',*,*,#12153,.T.);
#12389 = ORIENTED_EDGE('',*,*,#12043,.F.);
#12390 = ORIENTED_EDGE('',*,*,#12020,.T.);
#12391 = ORIENTED_EDGE('',*,*,#11996,.T.);
#12392 = ORIENTED_EDGE('',*,*,#11974,.T.);
#12393 = PLANE('',#12394);
#12394 = AXIS2_PLACEMENT_3D('',#12395,#12396,#12397);
#12395 = CARTESIAN_POINT('',(-3.45,-21.45,-2.601));
#12396 = DIRECTION('',(6.938893903907E-18,1.,-9.71445146547E-17));
#12397 = DIRECTION('',(0.,9.71445146547E-17,1.));
#12398 = ADVANCED_FACE('',(#12399),#12424,.T.);
#12399 = FACE_BOUND('',#12400,.T.);
#12400 = EDGE_LOOP('',(#12401,#12411,#12417,#12418));
#12401 = ORIENTED_EDGE('',*,*,#12402,.F.);
#12402 = EDGE_CURVE('',#12403,#12405,#12407,.T.);
#12403 = VERTEX_POINT('',#12404);
#12404 = CARTESIAN_POINT('',(2.95,25.5,-2.6));
#12405 = VERTEX_POINT('',#12406);
#12406 = CARTESIAN_POINT('',(2.95,25.5,-1.8));
#12407 = LINE('',#12408,#12409);
#12408 = CARTESIAN_POINT('',(2.95,25.5,-1.8));
#12409 = VECTOR('',#12410,1.);
#12410 = DIRECTION('',(-1.724213692673E-19,0.,1.));
#12411 = ORIENTED_EDGE('',*,*,#12412,.F.);
#12412 = EDGE_CURVE('',#8753,#12403,#12413,.T.);
#12413 = LINE('',#12414,#12415);
#12414 = CARTESIAN_POINT('',(2.95,26.191830219278,-2.6));
#12415 = VECTOR('',#12416,1.);
#12416 = DIRECTION('',(-6.938893903907E-18,-1.,9.71445146547E-17));
#12417 = ORIENTED_EDGE('',*,*,#8752,.F.);
#12418 = ORIENTED_EDGE('',*,*,#12419,.F.);
#12419 = EDGE_CURVE('',#12405,#8745,#12420,.T.);
#12420 = LINE('',#12421,#12422);
#12421 = CARTESIAN_POINT('',(2.95,26.191830219278,-1.8));
#12422 = VECTOR('',#12423,1.);
#12423 = DIRECTION('',(6.938893903907E-18,1.,-9.71445146547E-17));
#12424 = PLANE('',#12425);
#12425 = AXIS2_PLACEMENT_3D('',#12426,#12427,#12428);
#12426 = CARTESIAN_POINT('',(2.95,26.191830219278,-56.44047677899));
#12427 = DIRECTION('',(1.,-1.398876808125E-18,1.35893208587E-34));
#12428 = DIRECTION('',(0.,9.71445146547E-17,1.));
#12429 = ADVANCED_FACE('',(#12430),#12473,.F.);
#12430 = FACE_BOUND('',#12431,.T.);
#12431 = EDGE_LOOP('',(#12432,#12433,#12439,#12440,#12441,#12442,#12443,
    #12444,#12445,#12453,#12461,#12467,#12468,#12469,#12470,#12471,
    #12472));
#12432 = ORIENTED_EDGE('',*,*,#12412,.T.);
#12433 = ORIENTED_EDGE('',*,*,#12434,.T.);
#12434 = EDGE_CURVE('',#12403,#10448,#12435,.T.);
#12435 = LINE('',#12436,#12437);
#12436 = CARTESIAN_POINT('',(2.9,25.5,-2.6));
#12437 = VECTOR('',#12438,1.);
#12438 = DIRECTION('',(-1.,0.,0.));
#12439 = ORIENTED_EDGE('',*,*,#10445,.F.);
#12440 = ORIENTED_EDGE('',*,*,#10492,.F.);
#12441 = ORIENTED_EDGE('',*,*,#5814,.F.);
#12442 = ORIENTED_EDGE('',*,*,#10507,.F.);
#12443 = ORIENTED_EDGE('',*,*,#10540,.F.);
#12444 = ORIENTED_EDGE('',*,*,#10571,.F.);
#12445 = ORIENTED_EDGE('',*,*,#12446,.T.);
#12446 = EDGE_CURVE('',#10572,#12447,#12449,.T.);
#12447 = VERTEX_POINT('',#12448);
#12448 = CARTESIAN_POINT('',(-2.95,25.5,-2.6));
#12449 = LINE('',#12450,#12451);
#12450 = CARTESIAN_POINT('',(-2.9,25.5,-2.6));
#12451 = VECTOR('',#12452,1.);
#12452 = DIRECTION('',(-1.,0.,0.));
#12453 = ORIENTED_EDGE('',*,*,#12454,.T.);
#12454 = EDGE_CURVE('',#12447,#12455,#12457,.T.);
#12455 = VERTEX_POINT('',#12456);
#12456 = CARTESIAN_POINT('',(-2.95,25.7,-2.6));
#12457 = LINE('',#12458,#12459);
#12458 = CARTESIAN_POINT('',(-2.95,26.191830219278,-2.6));
#12459 = VECTOR('',#12460,1.);
#12460 = DIRECTION('',(6.938893903907E-18,1.,-9.71445146547E-17));
#12461 = ORIENTED_EDGE('',*,*,#12462,.F.);
#12462 = EDGE_CURVE('',#8883,#12455,#12463,.T.);
#12463 = LINE('',#12464,#12465);
#12464 = CARTESIAN_POINT('',(-3.45,25.7,-2.6));
#12465 = VECTOR('',#12466,1.);
#12466 = DIRECTION('',(1.,-1.398876808125E-18,1.724213692673E-19));
#12467 = ORIENTED_EDGE('',*,*,#8882,.F.);
#12468 = ORIENTED_EDGE('',*,*,#8857,.T.);
#12469 = ORIENTED_EDGE('',*,*,#8831,.F.);
#12470 = ORIENTED_EDGE('',*,*,#8808,.T.);
#12471 = ORIENTED_EDGE('',*,*,#8782,.F.);
#12472 = ORIENTED_EDGE('',*,*,#8760,.F.);
#12473 = PLANE('',#12474);
#12474 = AXIS2_PLACEMENT_3D('',#12475,#12476,#12477);
#12475 = CARTESIAN_POINT('',(-3.45,27.,-2.6));
#12476 = DIRECTION('',(0.,9.71445146547E-17,1.));
#12477 = DIRECTION('',(-6.938893903907E-18,-1.,9.71445146547E-17));
#12478 = ADVANCED_FACE('',(#12479),#12498,.F.);
#12479 = FACE_BOUND('',#12480,.T.);
#12480 = EDGE_LOOP('',(#12481,#12482,#12490,#12496,#12497));
#12481 = ORIENTED_EDGE('',*,*,#12462,.T.);
#12482 = ORIENTED_EDGE('',*,*,#12483,.T.);
#12483 = EDGE_CURVE('',#12455,#12484,#12486,.T.);
#12484 = VERTEX_POINT('',#12485);
#12485 = CARTESIAN_POINT('',(-2.95,25.7,-1.8));
#12486 = LINE('',#12487,#12488);
#12487 = CARTESIAN_POINT('',(-2.95,25.7,-2.601));
#12488 = VECTOR('',#12489,1.);
#12489 = DIRECTION('',(0.,9.71445146547E-17,1.));
#12490 = ORIENTED_EDGE('',*,*,#12491,.T.);
#12491 = EDGE_CURVE('',#12484,#8699,#12492,.T.);
#12492 = LINE('',#12493,#12494);
#12493 = CARTESIAN_POINT('',(-3.45,25.7,-1.8));
#12494 = VECTOR('',#12495,1.);
#12495 = DIRECTION('',(-1.,1.398876808125E-18,-1.724213692673E-19));
#12496 = ORIENTED_EDGE('',*,*,#8698,.T.);
#12497 = ORIENTED_EDGE('',*,*,#8890,.F.);
#12498 = PLANE('',#12499);
#12499 = AXIS2_PLACEMENT_3D('',#12500,#12501,#12502);
#12500 = CARTESIAN_POINT('',(-3.45,25.7,-2.601));
#12501 = DIRECTION('',(6.938893903907E-18,1.,-9.71445146547E-17));
#12502 = DIRECTION('',(0.,9.71445146547E-17,1.));
#12503 = ADVANCED_FACE('',(#12504),#12522,.T.);
#12504 = FACE_BOUND('',#12505,.T.);
#12505 = EDGE_LOOP('',(#12506,#12514,#12520,#12521));
#12506 = ORIENTED_EDGE('',*,*,#12507,.F.);
#12507 = EDGE_CURVE('',#12508,#12447,#12510,.T.);
#12508 = VERTEX_POINT('',#12509);
#12509 = CARTESIAN_POINT('',(-2.95,25.5,-1.8));
#12510 = LINE('',#12511,#12512);
#12511 = CARTESIAN_POINT('',(-2.95,25.5,-1.8));
#12512 = VECTOR('',#12513,1.);
#12513 = DIRECTION('',(1.724213692673E-19,0.,-1.));
#12514 = ORIENTED_EDGE('',*,*,#12515,.F.);
#12515 = EDGE_CURVE('',#12484,#12508,#12516,.T.);
#12516 = LINE('',#12517,#12518);
#12517 = CARTESIAN_POINT('',(-2.95,26.191830219278,-1.8));
#12518 = VECTOR('',#12519,1.);
#12519 = DIRECTION('',(-6.938893903907E-18,-1.,9.71445146547E-17));
#12520 = ORIENTED_EDGE('',*,*,#12483,.F.);
#12521 = ORIENTED_EDGE('',*,*,#12454,.F.);
#12522 = PLANE('',#12523);
#12523 = AXIS2_PLACEMENT_3D('',#12524,#12525,#12526);
#12524 = CARTESIAN_POINT('',(-2.95,26.191830219278,-56.44047677899));
#12525 = DIRECTION('',(-1.,1.398876808125E-18,-1.35893208587E-34));
#12526 = DIRECTION('',(0.,-9.71445146547E-17,-1.));
#12527 = ADVANCED_FACE('',(#12528,#12532,#12536,#12543),#12584,.T.);
#12528 = FACE_BOUND('',#12529,.T.);
#12529 = EDGE_LOOP('',(#12530,#12531));
#12530 = ORIENTED_EDGE('',*,*,#10112,.F.);
#12531 = ORIENTED_EDGE('',*,*,#5940,.F.);
#12532 = FACE_BOUND('',#12533,.T.);
#12533 = EDGE_LOOP('',(#12534,#12535));
#12534 = ORIENTED_EDGE('',*,*,#10136,.F.);
#12535 = ORIENTED_EDGE('',*,*,#5898,.F.);
#12536 = FACE_BOUND('',#12537,.T.);
#12537 = EDGE_LOOP('',(#12538,#12539,#12540,#12541,#12542));
#12538 = ORIENTED_EDGE('',*,*,#10242,.F.);
#12539 = ORIENTED_EDGE('',*,*,#10257,.F.);
#12540 = ORIENTED_EDGE('',*,*,#5856,.F.);
#12541 = ORIENTED_EDGE('',*,*,#10160,.F.);
#12542 = ORIENTED_EDGE('',*,*,#10193,.F.);
#12543 = FACE_BOUND('',#12544,.T.);
#12544 = EDGE_LOOP('',(#12545,#12551,#12552,#12553,#12554,#12555,#12556,
    #12557,#12558,#12559,#12560,#12561,#12562,#12563,#12564,#12565,
    #12566,#12567,#12568,#12569,#12577,#12583));
#12545 = ORIENTED_EDGE('',*,*,#12546,.F.);
#12546 = EDGE_CURVE('',#8474,#8530,#12547,.T.);
#12547 = LINE('',#12548,#12549);
#12548 = CARTESIAN_POINT('',(3.45,-6.8,-2.6));
#12549 = VECTOR('',#12550,1.);
#12550 = DIRECTION('',(1.,3.152643806786E-15,1.72421369267E-19));
#12551 = ORIENTED_EDGE('',*,*,#8473,.T.);
#12552 = ORIENTED_EDGE('',*,*,#10279,.F.);
#12553 = ORIENTED_EDGE('',*,*,#10318,.F.);
#12554 = ORIENTED_EDGE('',*,*,#10350,.F.);
#12555 = ORIENTED_EDGE('',*,*,#8417,.T.);
#12556 = ORIENTED_EDGE('',*,*,#11612,.F.);
#12557 = ORIENTED_EDGE('',*,*,#12074,.F.);
#12558 = ORIENTED_EDGE('',*,*,#11158,.F.);
#12559 = ORIENTED_EDGE('',*,*,#11198,.T.);
#12560 = ORIENTED_EDGE('',*,*,#11214,.T.);
#12561 = ORIENTED_EDGE('',*,*,#11262,.T.);
#12562 = ORIENTED_EDGE('',*,*,#11279,.F.);
#12563 = ORIENTED_EDGE('',*,*,#8249,.F.);
#12564 = ORIENTED_EDGE('',*,*,#8083,.F.);
#12565 = ORIENTED_EDGE('',*,*,#8354,.T.);
#12566 = ORIENTED_EDGE('',*,*,#9979,.F.);
#12567 = ORIENTED_EDGE('',*,*,#10018,.F.);
#12568 = ORIENTED_EDGE('',*,*,#10050,.F.);
#12569 = ORIENTED_EDGE('',*,*,#12570,.T.);
#12570 = EDGE_CURVE('',#9825,#12571,#12573,.T.);
#12571 = VERTEX_POINT('',#12572);
#12572 = CARTESIAN_POINT('',(2.95,6.8,-2.6));
#12573 = LINE('',#12574,#12575);
#12574 = CARTESIAN_POINT('',(2.95,26.191830219278,-2.6));
#12575 = VECTOR('',#12576,1.);
#12576 = DIRECTION('',(-6.938893903907E-18,-1.,9.71445146547E-17));
#12577 = ORIENTED_EDGE('',*,*,#12578,.F.);
#12578 = EDGE_CURVE('',#8538,#12571,#12579,.T.);
#12579 = LINE('',#12580,#12581);
#12580 = CARTESIAN_POINT('',(3.45,6.8,-2.6));
#12581 = VECTOR('',#12582,1.);
#12582 = DIRECTION('',(-1.,1.398876808125E-18,-1.724213692673E-19));
#12583 = ORIENTED_EDGE('',*,*,#8537,.F.);
#12584 = PLANE('',#12585);
#12585 = AXIS2_PLACEMENT_3D('',#12586,#12587,#12588);
#12586 = CARTESIAN_POINT('',(-3.35,25.5,-2.6));
#12587 = DIRECTION('',(6.092520311428E-16,1.550809096065E-16,1.));
#12588 = DIRECTION('',(-5.551115123126E-17,-1.,1.550809096065E-16));
#12589 = ADVANCED_FACE('',(#12590),#12609,.F.);
#12590 = FACE_BOUND('',#12591,.T.);
#12591 = EDGE_LOOP('',(#12592,#12593,#12601,#12607,#12608));
#12592 = ORIENTED_EDGE('',*,*,#12578,.T.);
#12593 = ORIENTED_EDGE('',*,*,#12594,.T.);
#12594 = EDGE_CURVE('',#12571,#12595,#12597,.T.);
#12595 = VERTEX_POINT('',#12596);
#12596 = CARTESIAN_POINT('',(2.95,6.8,-1.8));
#12597 = LINE('',#12598,#12599);
#12598 = CARTESIAN_POINT('',(2.95,6.8,-2.601));
#12599 = VECTOR('',#12600,1.);
#12600 = DIRECTION('',(0.,9.71445146547E-17,1.));
#12601 = ORIENTED_EDGE('',*,*,#12602,.T.);
#12602 = EDGE_CURVE('',#12595,#8560,#12603,.T.);
#12603 = LINE('',#12604,#12605);
#12604 = CARTESIAN_POINT('',(3.45,6.8,-1.8));
#12605 = VECTOR('',#12606,1.);
#12606 = DIRECTION('',(1.,-1.398876808125E-18,1.724213692673E-19));
#12607 = ORIENTED_EDGE('',*,*,#8559,.T.);
#12608 = ORIENTED_EDGE('',*,*,#8545,.F.);
#12609 = PLANE('',#12610);
#12610 = AXIS2_PLACEMENT_3D('',#12611,#12612,#12613);
#12611 = CARTESIAN_POINT('',(3.45,6.8,-2.601));
#12612 = DIRECTION('',(-6.938893903907E-18,-1.,9.71445146547E-17));
#12613 = DIRECTION('',(0.,-9.71445146547E-17,-1.));
#12614 = ADVANCED_FACE('',(#12615),#12650,.T.);
#12615 = FACE_BOUND('',#12616,.T.);
#12616 = EDGE_LOOP('',(#12617,#12625,#12633,#12641,#12647,#12648,#12649)
  );
#12617 = ORIENTED_EDGE('',*,*,#12618,.F.);
#12618 = EDGE_CURVE('',#12619,#9817,#12621,.T.);
#12619 = VERTEX_POINT('',#12620);
#12620 = CARTESIAN_POINT('',(2.95,9.,-2.55));
#12621 = LINE('',#12622,#12623);
#12622 = CARTESIAN_POINT('',(2.95,9.,-2.55));
#12623 = VECTOR('',#12624,1.);
#12624 = DIRECTION('',(1.724213692673E-19,0.,-1.));
#12625 = ORIENTED_EDGE('',*,*,#12626,.F.);
#12626 = EDGE_CURVE('',#12627,#12619,#12629,.T.);
#12627 = VERTEX_POINT('',#12628);
#12628 = CARTESIAN_POINT('',(2.95,7.,-2.55));
#12629 = LINE('',#12630,#12631);
#12630 = CARTESIAN_POINT('',(2.95,9.,-2.55));
#12631 = VECTOR('',#12632,1.);
#12632 = DIRECTION('',(1.398876808125E-18,1.,4.336808689942E-16));
#12633 = ORIENTED_EDGE('',*,*,#12634,.F.);
#12634 = EDGE_CURVE('',#12635,#12627,#12637,.T.);
#12635 = VERTEX_POINT('',#12636);
#12636 = CARTESIAN_POINT('',(2.95,7.,-1.8));
#12637 = LINE('',#12638,#12639);
#12638 = CARTESIAN_POINT('',(2.95,7.,-2.55));
#12639 = VECTOR('',#12640,1.);
#12640 = DIRECTION('',(1.724213692673E-19,0.,-1.));
#12641 = ORIENTED_EDGE('',*,*,#12642,.F.);
#12642 = EDGE_CURVE('',#12595,#12635,#12643,.T.);
#12643 = LINE('',#12644,#12645);
#12644 = CARTESIAN_POINT('',(2.95,26.191830219278,-1.8));
#12645 = VECTOR('',#12646,1.);
#12646 = DIRECTION('',(6.938893903907E-18,1.,-9.71445146547E-17));
#12647 = ORIENTED_EDGE('',*,*,#12594,.F.);
#12648 = ORIENTED_EDGE('',*,*,#12570,.F.);
#12649 = ORIENTED_EDGE('',*,*,#9824,.F.);
#12650 = PLANE('',#12651);
#12651 = AXIS2_PLACEMENT_3D('',#12652,#12653,#12654);
#12652 = CARTESIAN_POINT('',(2.95,26.191830219278,-56.44047677899));
#12653 = DIRECTION('',(1.,-1.398876808125E-18,1.35893208587E-34));
#12654 = DIRECTION('',(0.,9.71445146547E-17,1.));
#12655 = ADVANCED_FACE('',(#12656),#12668,.F.);
#12656 = FACE_BOUND('',#12657,.T.);
#12657 = EDGE_LOOP('',(#12658,#12659,#12665,#12666,#12667));
#12658 = ORIENTED_EDGE('',*,*,#8575,.T.);
#12659 = ORIENTED_EDGE('',*,*,#12660,.T.);
#12660 = EDGE_CURVE('',#8568,#8482,#12661,.T.);
#12661 = LINE('',#12662,#12663);
#12662 = CARTESIAN_POINT('',(3.45,-6.8,-1.8));
#12663 = VECTOR('',#12664,1.);
#12664 = DIRECTION('',(-1.,-3.152643806786E-15,-1.72421369267E-19));
#12665 = ORIENTED_EDGE('',*,*,#8481,.T.);
#12666 = ORIENTED_EDGE('',*,*,#12546,.T.);
#12667 = ORIENTED_EDGE('',*,*,#8529,.T.);
#12668 = PLANE('',#12669);
#12669 = AXIS2_PLACEMENT_3D('',#12670,#12671,#12672);
#12670 = CARTESIAN_POINT('',(3.45,-6.8,-2.601));
#12671 = DIRECTION('',(-3.152643806786E-15,1.,-9.71445146547E-17));
#12672 = DIRECTION('',(-1.,-3.152643806786E-15,-1.72421369267E-19));
#12673 = ADVANCED_FACE('',(#12674),#12686,.T.);
#12674 = FACE_BOUND('',#12675,.T.);
#12675 = EDGE_LOOP('',(#12676,#12677,#12678,#12679));
#12676 = ORIENTED_EDGE('',*,*,#5773,.F.);
#12677 = ORIENTED_EDGE('',*,*,#7469,.F.);
#12678 = ORIENTED_EDGE('',*,*,#5790,.T.);
#12679 = ORIENTED_EDGE('',*,*,#12680,.T.);
#12680 = EDGE_CURVE('',#5782,#5774,#12681,.T.);
#12681 = CIRCLE('',#12682,1.);
#12682 = AXIS2_PLACEMENT_3D('',#12683,#12684,#12685);
#12683 = CARTESIAN_POINT('',(-9.592102479245E-16,23.255,-0.5));
#12684 = DIRECTION('',(0.,6.111242387415E-17,1.));
#12685 = DIRECTION('',(0.,-1.,6.111242387415E-17));
#12686 = CYLINDRICAL_SURFACE('',#12687,1.);
#12687 = AXIS2_PLACEMENT_3D('',#12688,#12689,#12690);
#12688 = CARTESIAN_POINT('',(-9.592102479245E-16,23.255,0.4));
#12689 = DIRECTION('',(0.,-6.111242387415E-17,-1.));
#12690 = DIRECTION('',(0.,1.,-6.111242387415E-17));
#12691 = ADVANCED_FACE('',(#12692,#12696),#12721,.T.);
#12692 = FACE_BOUND('',#12693,.T.);
#12693 = EDGE_LOOP('',(#12694,#12695));
#12694 = ORIENTED_EDGE('',*,*,#12680,.F.);
#12695 = ORIENTED_EDGE('',*,*,#5781,.F.);
#12696 = FACE_BOUND('',#12697,.T.);
#12697 = EDGE_LOOP('',(#12698,#12706,#12707,#12715));
#12698 = ORIENTED_EDGE('',*,*,#12699,.T.);
#12699 = EDGE_CURVE('',#12700,#11902,#12702,.T.);
#12700 = VERTEX_POINT('',#12701);
#12701 = CARTESIAN_POINT('',(-1.25,24.5,-0.5));
#12702 = LINE('',#12703,#12704);
#12703 = CARTESIAN_POINT('',(-1.25,27.,-0.5));
#12704 = VECTOR('',#12705,1.);
#12705 = DIRECTION('',(6.195440985631E-17,-1.,-1.138084045854E-32));
#12706 = ORIENTED_EDGE('',*,*,#11901,.T.);
#12707 = ORIENTED_EDGE('',*,*,#12708,.T.);
#12708 = EDGE_CURVE('',#11894,#12709,#12711,.T.);
#12709 = VERTEX_POINT('',#12710);
#12710 = CARTESIAN_POINT('',(1.25,24.5,-0.5));
#12711 = LINE('',#12712,#12713);
#12712 = CARTESIAN_POINT('',(1.25,27.,-0.5));
#12713 = VECTOR('',#12714,1.);
#12714 = DIRECTION('',(0.,1.,0.));
#12715 = ORIENTED_EDGE('',*,*,#12716,.T.);
#12716 = EDGE_CURVE('',#12709,#12700,#12717,.T.);
#12717 = LINE('',#12718,#12719);
#12718 = CARTESIAN_POINT('',(-2.9,24.5,-0.5));
#12719 = VECTOR('',#12720,1.);
#12720 = DIRECTION('',(-1.,0.,1.836970198721E-16));
#12721 = PLANE('',#12722);
#12722 = AXIS2_PLACEMENT_3D('',#12723,#12724,#12725);
#12723 = CARTESIAN_POINT('',(-2.9,25.555,-0.5));
#12724 = DIRECTION('',(1.154661037884E-62,6.111242387415E-17,1.));
#12725 = DIRECTION('',(-5.979140166409E-32,-1.,6.111242387415E-17));
#12726 = ADVANCED_FACE('',(#12727),#12761,.F.);
#12727 = FACE_BOUND('',#12728,.T.);
#12728 = EDGE_LOOP('',(#12729,#12739,#12747,#12755));
#12729 = ORIENTED_EDGE('',*,*,#12730,.T.);
#12730 = EDGE_CURVE('',#12731,#12733,#12735,.T.);
#12731 = VERTEX_POINT('',#12732);
#12732 = CARTESIAN_POINT('',(1.6,27.,-0.5));
#12733 = VERTEX_POINT('',#12734);
#12734 = CARTESIAN_POINT('',(1.6,27.,-1.3));
#12735 = LINE('',#12736,#12737);
#12736 = CARTESIAN_POINT('',(1.6,27.,-0.5));
#12737 = VECTOR('',#12738,1.);
#12738 = DIRECTION('',(-2.439454888092E-15,4.336808689942E-15,-1.));
#12739 = ORIENTED_EDGE('',*,*,#12740,.T.);
#12740 = EDGE_CURVE('',#12733,#12741,#12743,.T.);
#12741 = VERTEX_POINT('',#12742);
#12742 = CARTESIAN_POINT('',(-1.6,27.,-1.3));
#12743 = LINE('',#12744,#12745);
#12744 = CARTESIAN_POINT('',(1.6,27.,-1.3));
#12745 = VECTOR('',#12746,1.);
#12746 = DIRECTION('',(-1.,-1.226136156284E-45,2.710505431214E-16));
#12747 = ORIENTED_EDGE('',*,*,#12748,.T.);
#12748 = EDGE_CURVE('',#12741,#12749,#12751,.T.);
#12749 = VERTEX_POINT('',#12750);
#12750 = CARTESIAN_POINT('',(-1.6,27.,-0.5));
#12751 = LINE('',#12752,#12753);
#12752 = CARTESIAN_POINT('',(-1.6,27.,-0.5));
#12753 = VECTOR('',#12754,1.);
#12754 = DIRECTION('',(-1.89735380185E-15,-4.336808689942E-15,1.));
#12755 = ORIENTED_EDGE('',*,*,#12756,.T.);
#12756 = EDGE_CURVE('',#12749,#12731,#12757,.T.);
#12757 = LINE('',#12758,#12759);
#12758 = CARTESIAN_POINT('',(1.6,27.,-0.5));
#12759 = VECTOR('',#12760,1.);
#12760 = DIRECTION('',(1.,0.,-2.710505431214E-16));
#12761 = PLANE('',#12762);
#12762 = AXIS2_PLACEMENT_3D('',#12763,#12764,#12765);
#12763 = CARTESIAN_POINT('',(1.6,27.,-0.5));
#12764 = DIRECTION('',(-1.175494350822E-30,-1.,-4.336808689942E-15));
#12765 = DIRECTION('',(0.,4.336808689942E-15,-1.));
#12766 = ADVANCED_FACE('',(#12767),#12801,.F.);
#12767 = FACE_BOUND('',#12768,.T.);
#12768 = EDGE_LOOP('',(#12769,#12779,#12787,#12795));
#12769 = ORIENTED_EDGE('',*,*,#12770,.T.);
#12770 = EDGE_CURVE('',#12771,#12773,#12775,.T.);
#12771 = VERTEX_POINT('',#12772);
#12772 = CARTESIAN_POINT('',(1.6,-29.7,-1.3));
#12773 = VERTEX_POINT('',#12774);
#12774 = CARTESIAN_POINT('',(1.6,-29.7,-0.5));
#12775 = LINE('',#12776,#12777);
#12776 = CARTESIAN_POINT('',(1.6,-29.7,-1.3));
#12777 = VECTOR('',#12778,1.);
#12778 = DIRECTION('',(-2.981555974335E-15,4.336808689942E-15,1.));
#12779 = ORIENTED_EDGE('',*,*,#12780,.T.);
#12780 = EDGE_CURVE('',#12773,#12781,#12783,.T.);
#12781 = VERTEX_POINT('',#12782);
#12782 = CARTESIAN_POINT('',(-1.6,-29.7,-0.5));
#12783 = LINE('',#12784,#12785);
#12784 = CARTESIAN_POINT('',(1.6,-29.7,-0.5));
#12785 = VECTOR('',#12786,1.);
#12786 = DIRECTION('',(-1.,1.751623080406E-45,2.710505431214E-16));
#12787 = ORIENTED_EDGE('',*,*,#12788,.T.);
#12788 = EDGE_CURVE('',#12781,#12789,#12791,.T.);
#12789 = VERTEX_POINT('',#12790);
#12790 = CARTESIAN_POINT('',(-1.6,-29.7,-1.3));
#12791 = LINE('',#12792,#12793);
#12792 = CARTESIAN_POINT('',(-1.6,-29.7,-1.3));
#12793 = VECTOR('',#12794,1.);
#12794 = DIRECTION('',(-3.523657060578E-15,-4.336808689942E-15,-1.));
#12795 = ORIENTED_EDGE('',*,*,#12796,.T.);
#12796 = EDGE_CURVE('',#12789,#12771,#12797,.T.);
#12797 = LINE('',#12798,#12799);
#12798 = CARTESIAN_POINT('',(1.6,-29.7,-1.3));
#12799 = VECTOR('',#12800,1.);
#12800 = DIRECTION('',(1.,0.,-2.710505431214E-16));
#12801 = PLANE('',#12802);
#12802 = AXIS2_PLACEMENT_3D('',#12803,#12804,#12805);
#12803 = CARTESIAN_POINT('',(1.6,-29.7,-1.3));
#12804 = DIRECTION('',(-1.175494350822E-30,1.,-4.336808689942E-15));
#12805 = DIRECTION('',(0.,4.336808689942E-15,1.));
#12806 = ADVANCED_FACE('',(#12807),#12832,.F.);
#12807 = FACE_BOUND('',#12808,.T.);
#12808 = EDGE_LOOP('',(#12809,#12819,#12825,#12826));
#12809 = ORIENTED_EDGE('',*,*,#12810,.T.);
#12810 = EDGE_CURVE('',#12811,#12813,#12815,.T.);
#12811 = VERTEX_POINT('',#12812);
#12812 = CARTESIAN_POINT('',(1.6,26.5,-1.3));
#12813 = VERTEX_POINT('',#12814);
#12814 = CARTESIAN_POINT('',(-1.6,26.5,-1.3));
#12815 = LINE('',#12816,#12817);
#12816 = CARTESIAN_POINT('',(-1.6,26.5,-1.3));
#12817 = VECTOR('',#12818,1.);
#12818 = DIRECTION('',(-1.,-1.226136156284E-45,2.710505431214E-16));
#12819 = ORIENTED_EDGE('',*,*,#12820,.F.);
#12820 = EDGE_CURVE('',#12741,#12813,#12821,.T.);
#12821 = LINE('',#12822,#12823);
#12822 = CARTESIAN_POINT('',(-1.6,27.,-1.3));
#12823 = VECTOR('',#12824,1.);
#12824 = DIRECTION('',(-9.463679131916E-31,-1.,-3.491481338843E-15));
#12825 = ORIENTED_EDGE('',*,*,#12740,.F.);
#12826 = ORIENTED_EDGE('',*,*,#12827,.T.);
#12827 = EDGE_CURVE('',#12733,#12811,#12828,.T.);
#12828 = LINE('',#12829,#12830);
#12829 = CARTESIAN_POINT('',(1.6,27.,-1.3));
#12830 = VECTOR('',#12831,1.);
#12831 = DIRECTION('',(-9.463679131916E-31,-1.,-3.491481338843E-15));
#12832 = PLANE('',#12833);
#12833 = AXIS2_PLACEMENT_3D('',#12834,#12835,#12836);
#12834 = CARTESIAN_POINT('',(-1.6,27.,-1.3));
#12835 = DIRECTION('',(2.710505431214E-16,-3.491481338843E-15,1.));
#12836 = DIRECTION('',(0.,-1.,-3.491481338843E-15));
#12837 = ADVANCED_FACE('',(#12838),#12863,.F.);
#12838 = FACE_BOUND('',#12839,.T.);
#12839 = EDGE_LOOP('',(#12840,#12850,#12856,#12857));
#12840 = ORIENTED_EDGE('',*,*,#12841,.T.);
#12841 = EDGE_CURVE('',#12842,#12844,#12846,.T.);
#12842 = VERTEX_POINT('',#12843);
#12843 = CARTESIAN_POINT('',(-1.6,-29.2,-1.3));
#12844 = VERTEX_POINT('',#12845);
#12845 = CARTESIAN_POINT('',(1.6,-29.2,-1.3));
#12846 = LINE('',#12847,#12848);
#12847 = CARTESIAN_POINT('',(1.6,-29.2,-1.3));
#12848 = VECTOR('',#12849,1.);
#12849 = DIRECTION('',(1.,-0.,-2.710505431214E-16));
#12850 = ORIENTED_EDGE('',*,*,#12851,.F.);
#12851 = EDGE_CURVE('',#12771,#12844,#12852,.T.);
#12852 = LINE('',#12853,#12854);
#12853 = CARTESIAN_POINT('',(1.6,-29.7,-1.3));
#12854 = VECTOR('',#12855,1.);
#12855 = DIRECTION('',(-9.463679131916E-31,1.,-3.491481338843E-15));
#12856 = ORIENTED_EDGE('',*,*,#12796,.F.);
#12857 = ORIENTED_EDGE('',*,*,#12858,.T.);
#12858 = EDGE_CURVE('',#12789,#12842,#12859,.T.);
#12859 = LINE('',#12860,#12861);
#12860 = CARTESIAN_POINT('',(-1.6,-29.7,-1.3));
#12861 = VECTOR('',#12862,1.);
#12862 = DIRECTION('',(-9.463679131916E-31,1.,-3.491481338843E-15));
#12863 = PLANE('',#12864);
#12864 = AXIS2_PLACEMENT_3D('',#12865,#12866,#12867);
#12865 = CARTESIAN_POINT('',(1.6,-29.7,-1.3));
#12866 = DIRECTION('',(2.710505431214E-16,3.491481338843E-15,1.));
#12867 = DIRECTION('',(0.,-1.,3.491481338843E-15));
#12868 = ADVANCED_FACE('',(#12869),#12896,.T.);
#12869 = FACE_BOUND('',#12870,.T.);
#12870 = EDGE_LOOP('',(#12871,#12880,#12888,#12895));
#12871 = ORIENTED_EDGE('',*,*,#12872,.F.);
#12872 = EDGE_CURVE('',#12873,#12749,#12875,.T.);
#12873 = VERTEX_POINT('',#12874);
#12874 = CARTESIAN_POINT('',(-1.6,26.5,9.75781955237E-16));
#12875 = CIRCLE('',#12876,0.5);
#12876 = AXIS2_PLACEMENT_3D('',#12877,#12878,#12879);
#12877 = CARTESIAN_POINT('',(-1.6,26.5,-0.5));
#12878 = DIRECTION('',(-1.,0.,2.719112613592E-16));
#12879 = DIRECTION('',(2.719112613592E-16,0.,1.));
#12880 = ORIENTED_EDGE('',*,*,#12881,.T.);
#12881 = EDGE_CURVE('',#12873,#12882,#12884,.T.);
#12882 = VERTEX_POINT('',#12883);
#12883 = CARTESIAN_POINT('',(1.6,26.5,0.));
#12884 = LINE('',#12885,#12886);
#12885 = CARTESIAN_POINT('',(1.6,26.5,9.75781955237E-16));
#12886 = VECTOR('',#12887,1.);
#12887 = DIRECTION('',(1.,-8.607182378718E-19,-2.719112613592E-16));
#12888 = ORIENTED_EDGE('',*,*,#12889,.T.);
#12889 = EDGE_CURVE('',#12882,#12731,#12890,.T.);
#12890 = CIRCLE('',#12891,0.5);
#12891 = AXIS2_PLACEMENT_3D('',#12892,#12893,#12894);
#12892 = CARTESIAN_POINT('',(1.6,26.5,-0.5));
#12893 = DIRECTION('',(-1.,0.,2.719112613592E-16));
#12894 = DIRECTION('',(2.719112613592E-16,0.,1.));
#12895 = ORIENTED_EDGE('',*,*,#12756,.F.);
#12896 = CYLINDRICAL_SURFACE('',#12897,0.5);
#12897 = AXIS2_PLACEMENT_3D('',#12898,#12899,#12900);
#12898 = CARTESIAN_POINT('',(-1.6,26.5,-0.5));
#12899 = DIRECTION('',(-1.,0.,2.719112613592E-16));
#12900 = DIRECTION('',(2.719112613592E-16,0.,1.));
#12901 = ADVANCED_FACE('',(#12902),#12929,.T.);
#12902 = FACE_BOUND('',#12903,.T.);
#12903 = EDGE_LOOP('',(#12904,#12913,#12921,#12928));
#12904 = ORIENTED_EDGE('',*,*,#12905,.F.);
#12905 = EDGE_CURVE('',#12906,#12773,#12908,.T.);
#12906 = VERTEX_POINT('',#12907);
#12907 = CARTESIAN_POINT('',(1.6,-29.2,9.75781955237E-16));
#12908 = CIRCLE('',#12909,0.5);
#12909 = AXIS2_PLACEMENT_3D('',#12910,#12911,#12912);
#12910 = CARTESIAN_POINT('',(1.6,-29.2,-0.5));
#12911 = DIRECTION('',(1.,0.,-2.701898248835E-16));
#12912 = DIRECTION('',(-2.701898248835E-16,0.,-1.));
#12913 = ORIENTED_EDGE('',*,*,#12914,.T.);
#12914 = EDGE_CURVE('',#12906,#12915,#12917,.T.);
#12915 = VERTEX_POINT('',#12916);
#12916 = CARTESIAN_POINT('',(-1.6,-29.2,0.));
#12917 = LINE('',#12918,#12919);
#12918 = CARTESIAN_POINT('',(1.6,-29.2,9.75781955237E-16));
#12919 = VECTOR('',#12920,1.);
#12920 = DIRECTION('',(-1.,8.607182378746E-19,2.701898248835E-16));
#12921 = ORIENTED_EDGE('',*,*,#12922,.T.);
#12922 = EDGE_CURVE('',#12915,#12781,#12923,.T.);
#12923 = CIRCLE('',#12924,0.5);
#12924 = AXIS2_PLACEMENT_3D('',#12925,#12926,#12927);
#12925 = CARTESIAN_POINT('',(-1.6,-29.2,-0.5));
#12926 = DIRECTION('',(1.,0.,-2.701898248835E-16));
#12927 = DIRECTION('',(-2.701898248835E-16,0.,-1.));
#12928 = ORIENTED_EDGE('',*,*,#12780,.F.);
#12929 = CYLINDRICAL_SURFACE('',#12930,0.5);
#12930 = AXIS2_PLACEMENT_3D('',#12931,#12932,#12933);
#12931 = CARTESIAN_POINT('',(1.6,-29.2,-0.5));
#12932 = DIRECTION('',(1.,0.,-2.701898248835E-16));
#12933 = DIRECTION('',(-2.701898248835E-16,0.,-1.));
#12934 = ADVANCED_FACE('',(#12935),#12969,.T.);
#12935 = FACE_BOUND('',#12936,.T.);
#12936 = EDGE_LOOP('',(#12937,#12947,#12955,#12963));
#12937 = ORIENTED_EDGE('',*,*,#12938,.T.);
#12938 = EDGE_CURVE('',#12939,#12941,#12943,.T.);
#12939 = VERTEX_POINT('',#12940);
#12940 = CARTESIAN_POINT('',(2.8,26.5,-0.5));
#12941 = VERTEX_POINT('',#12942);
#12942 = CARTESIAN_POINT('',(2.2,26.5,-0.5));
#12943 = LINE('',#12944,#12945);
#12944 = CARTESIAN_POINT('',(-2.9,26.5,-0.5));
#12945 = VECTOR('',#12946,1.);
#12946 = DIRECTION('',(-1.,0.,1.836970198721E-16));
#12947 = ORIENTED_EDGE('',*,*,#12948,.T.);
#12948 = EDGE_CURVE('',#12941,#12949,#12951,.T.);
#12949 = VERTEX_POINT('',#12950);
#12950 = CARTESIAN_POINT('',(2.2,26.5,0.));
#12951 = LINE('',#12952,#12953);
#12952 = CARTESIAN_POINT('',(2.2,26.5,-4.5));
#12953 = VECTOR('',#12954,1.);
#12954 = DIRECTION('',(0.,0.,1.));
#12955 = ORIENTED_EDGE('',*,*,#12956,.F.);
#12956 = EDGE_CURVE('',#12957,#12949,#12959,.T.);
#12957 = VERTEX_POINT('',#12958);
#12958 = CARTESIAN_POINT('',(2.8,26.5,0.));
#12959 = LINE('',#12960,#12961);
#12960 = CARTESIAN_POINT('',(2.2,26.5,0.));
#12961 = VECTOR('',#12962,1.);
#12962 = DIRECTION('',(-1.,0.,0.));
#12963 = ORIENTED_EDGE('',*,*,#12964,.F.);
#12964 = EDGE_CURVE('',#12939,#12957,#12965,.T.);
#12965 = LINE('',#12966,#12967);
#12966 = CARTESIAN_POINT('',(2.8,26.5,-4.5));
#12967 = VECTOR('',#12968,1.);
#12968 = DIRECTION('',(0.,0.,1.));
#12969 = PLANE('',#12970);
#12970 = AXIS2_PLACEMENT_3D('',#12971,#12972,#12973);
#12971 = CARTESIAN_POINT('',(2.2,26.5,-4.5));
#12972 = DIRECTION('',(0.,1.,0.));
#12973 = DIRECTION('',(0.,-0.,1.));
#12974 = ADVANCED_FACE('',(#12975),#13000,.T.);
#12975 = FACE_BOUND('',#12976,.T.);
#12976 = EDGE_LOOP('',(#12977,#12985,#12993,#12999));
#12977 = ORIENTED_EDGE('',*,*,#12978,.T.);
#12978 = EDGE_CURVE('',#12941,#12979,#12981,.T.);
#12979 = VERTEX_POINT('',#12980);
#12980 = CARTESIAN_POINT('',(2.2,26.4,-0.5));
#12981 = LINE('',#12982,#12983);
#12982 = CARTESIAN_POINT('',(2.2,27.,-0.5));
#12983 = VECTOR('',#12984,1.);
#12984 = DIRECTION('',(0.,-1.,0.));
#12985 = ORIENTED_EDGE('',*,*,#12986,.T.);
#12986 = EDGE_CURVE('',#12979,#12987,#12989,.T.);
#12987 = VERTEX_POINT('',#12988);
#12988 = CARTESIAN_POINT('',(2.2,26.4,0.));
#12989 = LINE('',#12990,#12991);
#12990 = CARTESIAN_POINT('',(2.2,26.4,-4.5));
#12991 = VECTOR('',#12992,1.);
#12992 = DIRECTION('',(0.,0.,1.));
#12993 = ORIENTED_EDGE('',*,*,#12994,.F.);
#12994 = EDGE_CURVE('',#12949,#12987,#12995,.T.);
#12995 = LINE('',#12996,#12997);
#12996 = CARTESIAN_POINT('',(2.2,26.4,0.));
#12997 = VECTOR('',#12998,1.);
#12998 = DIRECTION('',(0.,-1.,0.));
#12999 = ORIENTED_EDGE('',*,*,#12948,.F.);
#13000 = PLANE('',#13001);
#13001 = AXIS2_PLACEMENT_3D('',#13002,#13003,#13004);
#13002 = CARTESIAN_POINT('',(2.2,26.4,-4.5));
#13003 = DIRECTION('',(-1.,0.,0.));
#13004 = DIRECTION('',(0.,0.,1.));
#13005 = ADVANCED_FACE('',(#13006),#13031,.T.);
#13006 = FACE_BOUND('',#13007,.T.);
#13007 = EDGE_LOOP('',(#13008,#13016,#13024,#13030));
#13008 = ORIENTED_EDGE('',*,*,#13009,.T.);
#13009 = EDGE_CURVE('',#12979,#13010,#13012,.T.);
#13010 = VERTEX_POINT('',#13011);
#13011 = CARTESIAN_POINT('',(1.6,26.4,-0.5));
#13012 = LINE('',#13013,#13014);
#13013 = CARTESIAN_POINT('',(-2.9,26.4,-0.5));
#13014 = VECTOR('',#13015,1.);
#13015 = DIRECTION('',(-1.,0.,1.836970198721E-16));
#13016 = ORIENTED_EDGE('',*,*,#13017,.T.);
#13017 = EDGE_CURVE('',#13010,#13018,#13020,.T.);
#13018 = VERTEX_POINT('',#13019);
#13019 = CARTESIAN_POINT('',(1.6,26.4,0.));
#13020 = LINE('',#13021,#13022);
#13021 = CARTESIAN_POINT('',(1.6,26.4,-4.5));
#13022 = VECTOR('',#13023,1.);
#13023 = DIRECTION('',(0.,0.,1.));
#13024 = ORIENTED_EDGE('',*,*,#13025,.F.);
#13025 = EDGE_CURVE('',#12987,#13018,#13026,.T.);
#13026 = LINE('',#13027,#13028);
#13027 = CARTESIAN_POINT('',(1.6,26.4,0.));
#13028 = VECTOR('',#13029,1.);
#13029 = DIRECTION('',(-1.,0.,0.));
#13030 = ORIENTED_EDGE('',*,*,#12986,.F.);
#13031 = PLANE('',#13032);
#13032 = AXIS2_PLACEMENT_3D('',#13033,#13034,#13035);
#13033 = CARTESIAN_POINT('',(1.6,26.4,-4.5));
#13034 = DIRECTION('',(0.,1.,0.));
#13035 = DIRECTION('',(0.,-0.,1.));
#13036 = ADVANCED_FACE('',(#13037),#13063,.T.);
#13037 = FACE_BOUND('',#13038,.T.);
#13038 = EDGE_LOOP('',(#13039,#13040,#13048,#13054,#13055,#13056,#13057)
  );
#13039 = ORIENTED_EDGE('',*,*,#13017,.F.);
#13040 = ORIENTED_EDGE('',*,*,#13041,.T.);
#13041 = EDGE_CURVE('',#13010,#13042,#13044,.T.);
#13042 = VERTEX_POINT('',#13043);
#13043 = CARTESIAN_POINT('',(1.6,26.5,-0.5));
#13044 = LINE('',#13045,#13046);
#13045 = CARTESIAN_POINT('',(1.6,27.,-0.5));
#13046 = VECTOR('',#13047,1.);
#13047 = DIRECTION('',(0.,1.,0.));
#13048 = ORIENTED_EDGE('',*,*,#13049,.T.);
#13049 = EDGE_CURVE('',#13042,#12811,#13050,.T.);
#13050 = LINE('',#13051,#13052);
#13051 = CARTESIAN_POINT('',(1.6,26.5,-1.3));
#13052 = VECTOR('',#13053,1.);
#13053 = DIRECTION('',(-2.439454888092E-15,4.336808689942E-15,-1.));
#13054 = ORIENTED_EDGE('',*,*,#12827,.F.);
#13055 = ORIENTED_EDGE('',*,*,#12730,.F.);
#13056 = ORIENTED_EDGE('',*,*,#12889,.F.);
#13057 = ORIENTED_EDGE('',*,*,#13058,.F.);
#13058 = EDGE_CURVE('',#13018,#12882,#13059,.T.);
#13059 = LINE('',#13060,#13061);
#13060 = CARTESIAN_POINT('',(1.6,27.,0.));
#13061 = VECTOR('',#13062,1.);
#13062 = DIRECTION('',(0.,1.,0.));
#13063 = PLANE('',#13064);
#13064 = AXIS2_PLACEMENT_3D('',#13065,#13066,#13067);
#13065 = CARTESIAN_POINT('',(1.6,27.,-4.5));
#13066 = DIRECTION('',(1.,0.,0.));
#13067 = DIRECTION('',(0.,0.,-1.));
#13068 = ADVANCED_FACE('',(#13069),#13087,.T.);
#13069 = FACE_BOUND('',#13070,.T.);
#13070 = EDGE_LOOP('',(#13071,#13072,#13080,#13086));
#13071 = ORIENTED_EDGE('',*,*,#13049,.F.);
#13072 = ORIENTED_EDGE('',*,*,#13073,.F.);
#13073 = EDGE_CURVE('',#13074,#13042,#13076,.T.);
#13074 = VERTEX_POINT('',#13075);
#13075 = CARTESIAN_POINT('',(-1.6,26.5,-0.5));
#13076 = LINE('',#13077,#13078);
#13077 = CARTESIAN_POINT('',(1.6,26.5,-0.5));
#13078 = VECTOR('',#13079,1.);
#13079 = DIRECTION('',(1.,-0.,-2.710505431214E-16));
#13080 = ORIENTED_EDGE('',*,*,#13081,.F.);
#13081 = EDGE_CURVE('',#12813,#13074,#13082,.T.);
#13082 = LINE('',#13083,#13084);
#13083 = CARTESIAN_POINT('',(-1.6,26.5,-0.5));
#13084 = VECTOR('',#13085,1.);
#13085 = DIRECTION('',(-1.89735380185E-15,-4.336808689942E-15,1.));
#13086 = ORIENTED_EDGE('',*,*,#12810,.F.);
#13087 = PLANE('',#13088);
#13088 = AXIS2_PLACEMENT_3D('',#13089,#13090,#13091);
#13089 = CARTESIAN_POINT('',(1.6,26.5,-0.5));
#13090 = DIRECTION('',(-1.175494350822E-30,-1.,-4.336808689942E-15));
#13091 = DIRECTION('',(0.,4.336808689942E-15,-1.));
#13092 = ADVANCED_FACE('',(#13093),#13121,.F.);
#13093 = FACE_BOUND('',#13094,.T.);
#13094 = EDGE_LOOP('',(#13095,#13103,#13111,#13117,#13118,#13119,#13120)
  );
#13095 = ORIENTED_EDGE('',*,*,#13096,.F.);
#13096 = EDGE_CURVE('',#13097,#13074,#13099,.T.);
#13097 = VERTEX_POINT('',#13098);
#13098 = CARTESIAN_POINT('',(-1.6,26.4,-0.5));
#13099 = LINE('',#13100,#13101);
#13100 = CARTESIAN_POINT('',(-1.6,27.,-0.5));
#13101 = VECTOR('',#13102,1.);
#13102 = DIRECTION('',(0.,1.,0.));
#13103 = ORIENTED_EDGE('',*,*,#13104,.T.);
#13104 = EDGE_CURVE('',#13097,#13105,#13107,.T.);
#13105 = VERTEX_POINT('',#13106);
#13106 = CARTESIAN_POINT('',(-1.6,26.4,0.));
#13107 = LINE('',#13108,#13109);
#13108 = CARTESIAN_POINT('',(-1.6,26.4,-4.5));
#13109 = VECTOR('',#13110,1.);
#13110 = DIRECTION('',(0.,0.,1.));
#13111 = ORIENTED_EDGE('',*,*,#13112,.T.);
#13112 = EDGE_CURVE('',#13105,#12873,#13113,.T.);
#13113 = LINE('',#13114,#13115);
#13114 = CARTESIAN_POINT('',(-1.6,27.,0.));
#13115 = VECTOR('',#13116,1.);
#13116 = DIRECTION('',(0.,1.,0.));
#13117 = ORIENTED_EDGE('',*,*,#12872,.T.);
#13118 = ORIENTED_EDGE('',*,*,#12748,.F.);
#13119 = ORIENTED_EDGE('',*,*,#12820,.T.);
#13120 = ORIENTED_EDGE('',*,*,#13081,.T.);
#13121 = PLANE('',#13122);
#13122 = AXIS2_PLACEMENT_3D('',#13123,#13124,#13125);
#13123 = CARTESIAN_POINT('',(-1.6,27.,-4.5));
#13124 = DIRECTION('',(1.,0.,0.));
#13125 = DIRECTION('',(0.,0.,-1.));
#13126 = ADVANCED_FACE('',(#13127),#13152,.F.);
#13127 = FACE_BOUND('',#13128,.T.);
#13128 = EDGE_LOOP('',(#13129,#13137,#13138,#13146));
#13129 = ORIENTED_EDGE('',*,*,#13130,.T.);
#13130 = EDGE_CURVE('',#13131,#13105,#13133,.T.);
#13131 = VERTEX_POINT('',#13132);
#13132 = CARTESIAN_POINT('',(-2.2,26.4,0.));
#13133 = LINE('',#13134,#13135);
#13134 = CARTESIAN_POINT('',(-1.6,26.4,0.));
#13135 = VECTOR('',#13136,1.);
#13136 = DIRECTION('',(1.,0.,0.));
#13137 = ORIENTED_EDGE('',*,*,#13104,.F.);
#13138 = ORIENTED_EDGE('',*,*,#13139,.F.);
#13139 = EDGE_CURVE('',#13140,#13097,#13142,.T.);
#13140 = VERTEX_POINT('',#13141);
#13141 = CARTESIAN_POINT('',(-2.2,26.4,-0.5));
#13142 = LINE('',#13143,#13144);
#13143 = CARTESIAN_POINT('',(-2.9,26.4,-0.5));
#13144 = VECTOR('',#13145,1.);
#13145 = DIRECTION('',(1.,0.,-1.836970198721E-16));
#13146 = ORIENTED_EDGE('',*,*,#13147,.T.);
#13147 = EDGE_CURVE('',#13140,#13131,#13148,.T.);
#13148 = LINE('',#13149,#13150);
#13149 = CARTESIAN_POINT('',(-2.2,26.4,-4.5));
#13150 = VECTOR('',#13151,1.);
#13151 = DIRECTION('',(0.,0.,1.));
#13152 = PLANE('',#13153);
#13153 = AXIS2_PLACEMENT_3D('',#13154,#13155,#13156);
#13154 = CARTESIAN_POINT('',(-1.6,26.4,-4.5));
#13155 = DIRECTION('',(0.,-1.,0.));
#13156 = DIRECTION('',(0.,0.,-1.));
#13157 = ADVANCED_FACE('',(#13158),#13183,.F.);
#13158 = FACE_BOUND('',#13159,.T.);
#13159 = EDGE_LOOP('',(#13160,#13170,#13176,#13177));
#13160 = ORIENTED_EDGE('',*,*,#13161,.T.);
#13161 = EDGE_CURVE('',#13162,#13164,#13166,.T.);
#13162 = VERTEX_POINT('',#13163);
#13163 = CARTESIAN_POINT('',(-2.2,26.5,-0.5));
#13164 = VERTEX_POINT('',#13165);
#13165 = CARTESIAN_POINT('',(-2.2,26.5,0.));
#13166 = LINE('',#13167,#13168);
#13167 = CARTESIAN_POINT('',(-2.2,26.5,-4.5));
#13168 = VECTOR('',#13169,1.);
#13169 = DIRECTION('',(0.,0.,1.));
#13170 = ORIENTED_EDGE('',*,*,#13171,.T.);
#13171 = EDGE_CURVE('',#13164,#13131,#13172,.T.);
#13172 = LINE('',#13173,#13174);
#13173 = CARTESIAN_POINT('',(-2.2,26.4,0.));
#13174 = VECTOR('',#13175,1.);
#13175 = DIRECTION('',(0.,-1.,0.));
#13176 = ORIENTED_EDGE('',*,*,#13147,.F.);
#13177 = ORIENTED_EDGE('',*,*,#13178,.F.);
#13178 = EDGE_CURVE('',#13162,#13140,#13179,.T.);
#13179 = LINE('',#13180,#13181);
#13180 = CARTESIAN_POINT('',(-2.2,27.,-0.5));
#13181 = VECTOR('',#13182,1.);
#13182 = DIRECTION('',(0.,-1.,0.));
#13183 = PLANE('',#13184);
#13184 = AXIS2_PLACEMENT_3D('',#13185,#13186,#13187);
#13185 = CARTESIAN_POINT('',(-2.2,26.4,-4.5));
#13186 = DIRECTION('',(-1.,0.,0.));
#13187 = DIRECTION('',(0.,0.,1.));
#13188 = ADVANCED_FACE('',(#13189),#13214,.F.);
#13189 = FACE_BOUND('',#13190,.T.);
#13190 = EDGE_LOOP('',(#13191,#13201,#13207,#13208));
#13191 = ORIENTED_EDGE('',*,*,#13192,.T.);
#13192 = EDGE_CURVE('',#13193,#13195,#13197,.T.);
#13193 = VERTEX_POINT('',#13194);
#13194 = CARTESIAN_POINT('',(-2.8,26.5,-0.5));
#13195 = VERTEX_POINT('',#13196);
#13196 = CARTESIAN_POINT('',(-2.8,26.5,0.));
#13197 = LINE('',#13198,#13199);
#13198 = CARTESIAN_POINT('',(-2.8,26.5,-4.5));
#13199 = VECTOR('',#13200,1.);
#13200 = DIRECTION('',(0.,0.,1.));
#13201 = ORIENTED_EDGE('',*,*,#13202,.T.);
#13202 = EDGE_CURVE('',#13195,#13164,#13203,.T.);
#13203 = LINE('',#13204,#13205);
#13204 = CARTESIAN_POINT('',(-2.2,26.5,0.));
#13205 = VECTOR('',#13206,1.);
#13206 = DIRECTION('',(1.,0.,0.));
#13207 = ORIENTED_EDGE('',*,*,#13161,.F.);
#13208 = ORIENTED_EDGE('',*,*,#13209,.F.);
#13209 = EDGE_CURVE('',#13193,#13162,#13210,.T.);
#13210 = LINE('',#13211,#13212);
#13211 = CARTESIAN_POINT('',(-2.9,26.5,-0.5));
#13212 = VECTOR('',#13213,1.);
#13213 = DIRECTION('',(1.,0.,-1.836970198721E-16));
#13214 = PLANE('',#13215);
#13215 = AXIS2_PLACEMENT_3D('',#13216,#13217,#13218);
#13216 = CARTESIAN_POINT('',(-2.2,26.5,-4.5));
#13217 = DIRECTION('',(0.,-1.,0.));
#13218 = DIRECTION('',(0.,0.,-1.));
#13219 = ADVANCED_FACE('',(#13220),#13254,.F.);
#13220 = FACE_BOUND('',#13221,.T.);
#13221 = EDGE_LOOP('',(#13222,#13232,#13240,#13248));
#13222 = ORIENTED_EDGE('',*,*,#13223,.T.);
#13223 = EDGE_CURVE('',#13224,#13226,#13228,.T.);
#13224 = VERTEX_POINT('',#13225);
#13225 = CARTESIAN_POINT('',(-2.8,-29.2,-0.5));
#13226 = VERTEX_POINT('',#13227);
#13227 = CARTESIAN_POINT('',(-2.8,-29.2,0.));
#13228 = LINE('',#13229,#13230);
#13229 = CARTESIAN_POINT('',(-2.8,-29.2,-4.5));
#13230 = VECTOR('',#13231,1.);
#13231 = DIRECTION('',(0.,0.,1.));
#13232 = ORIENTED_EDGE('',*,*,#13233,.T.);
#13233 = EDGE_CURVE('',#13226,#13234,#13236,.T.);
#13234 = VERTEX_POINT('',#13235);
#13235 = CARTESIAN_POINT('',(-2.8,-29.,0.));
#13236 = LINE('',#13237,#13238);
#13237 = CARTESIAN_POINT('',(-2.8,-29.,0.));
#13238 = VECTOR('',#13239,1.);
#13239 = DIRECTION('',(0.,1.,0.));
#13240 = ORIENTED_EDGE('',*,*,#13241,.F.);
#13241 = EDGE_CURVE('',#13242,#13234,#13244,.T.);
#13242 = VERTEX_POINT('',#13243);
#13243 = CARTESIAN_POINT('',(-2.8,-29.,-0.5));
#13244 = LINE('',#13245,#13246);
#13245 = CARTESIAN_POINT('',(-2.8,-29.,-4.5));
#13246 = VECTOR('',#13247,1.);
#13247 = DIRECTION('',(0.,0.,1.));
#13248 = ORIENTED_EDGE('',*,*,#13249,.F.);
#13249 = EDGE_CURVE('',#13224,#13242,#13250,.T.);
#13250 = LINE('',#13251,#13252);
#13251 = CARTESIAN_POINT('',(-2.8,27.,-0.5));
#13252 = VECTOR('',#13253,1.);
#13253 = DIRECTION('',(0.,1.,0.));
#13254 = PLANE('',#13255);
#13255 = AXIS2_PLACEMENT_3D('',#13256,#13257,#13258);
#13256 = CARTESIAN_POINT('',(-2.8,-29.,-4.5));
#13257 = DIRECTION('',(1.,0.,0.));
#13258 = DIRECTION('',(0.,0.,-1.));
#13259 = ADVANCED_FACE('',(#13260),#13285,.F.);
#13260 = FACE_BOUND('',#13261,.T.);
#13261 = EDGE_LOOP('',(#13262,#13272,#13278,#13279));
#13262 = ORIENTED_EDGE('',*,*,#13263,.T.);
#13263 = EDGE_CURVE('',#13264,#13266,#13268,.T.);
#13264 = VERTEX_POINT('',#13265);
#13265 = CARTESIAN_POINT('',(-2.2,-29.2,-0.5));
#13266 = VERTEX_POINT('',#13267);
#13267 = CARTESIAN_POINT('',(-2.2,-29.2,0.));
#13268 = LINE('',#13269,#13270);
#13269 = CARTESIAN_POINT('',(-2.2,-29.2,-4.5));
#13270 = VECTOR('',#13271,1.);
#13271 = DIRECTION('',(0.,0.,1.));
#13272 = ORIENTED_EDGE('',*,*,#13273,.T.);
#13273 = EDGE_CURVE('',#13266,#13226,#13274,.T.);
#13274 = LINE('',#13275,#13276);
#13275 = CARTESIAN_POINT('',(-2.8,-29.2,0.));
#13276 = VECTOR('',#13277,1.);
#13277 = DIRECTION('',(-1.,0.,0.));
#13278 = ORIENTED_EDGE('',*,*,#13223,.F.);
#13279 = ORIENTED_EDGE('',*,*,#13280,.F.);
#13280 = EDGE_CURVE('',#13264,#13224,#13281,.T.);
#13281 = LINE('',#13282,#13283);
#13282 = CARTESIAN_POINT('',(-2.9,-29.2,-0.5));
#13283 = VECTOR('',#13284,1.);
#13284 = DIRECTION('',(-1.,0.,1.836970198721E-16));
#13285 = PLANE('',#13286);
#13286 = AXIS2_PLACEMENT_3D('',#13287,#13288,#13289);
#13287 = CARTESIAN_POINT('',(-2.8,-29.2,-4.5));
#13288 = DIRECTION('',(0.,1.,0.));
#13289 = DIRECTION('',(0.,-0.,1.));
#13290 = ADVANCED_FACE('',(#13291),#13316,.F.);
#13291 = FACE_BOUND('',#13292,.T.);
#13292 = EDGE_LOOP('',(#13293,#13303,#13309,#13310));
#13293 = ORIENTED_EDGE('',*,*,#13294,.T.);
#13294 = EDGE_CURVE('',#13295,#13297,#13299,.T.);
#13295 = VERTEX_POINT('',#13296);
#13296 = CARTESIAN_POINT('',(-2.2,-29.1,-0.5));
#13297 = VERTEX_POINT('',#13298);
#13298 = CARTESIAN_POINT('',(-2.2,-29.1,0.));
#13299 = LINE('',#13300,#13301);
#13300 = CARTESIAN_POINT('',(-2.2,-29.1,-4.5));
#13301 = VECTOR('',#13302,1.);
#13302 = DIRECTION('',(0.,0.,1.));
#13303 = ORIENTED_EDGE('',*,*,#13304,.T.);
#13304 = EDGE_CURVE('',#13297,#13266,#13305,.T.);
#13305 = LINE('',#13306,#13307);
#13306 = CARTESIAN_POINT('',(-2.2,-29.2,0.));
#13307 = VECTOR('',#13308,1.);
#13308 = DIRECTION('',(0.,-1.,0.));
#13309 = ORIENTED_EDGE('',*,*,#13263,.F.);
#13310 = ORIENTED_EDGE('',*,*,#13311,.F.);
#13311 = EDGE_CURVE('',#13295,#13264,#13312,.T.);
#13312 = LINE('',#13313,#13314);
#13313 = CARTESIAN_POINT('',(-2.2,27.,-0.5));
#13314 = VECTOR('',#13315,1.);
#13315 = DIRECTION('',(0.,-1.,0.));
#13316 = PLANE('',#13317);
#13317 = AXIS2_PLACEMENT_3D('',#13318,#13319,#13320);
#13318 = CARTESIAN_POINT('',(-2.2,-29.2,-4.5));
#13319 = DIRECTION('',(-1.,0.,0.));
#13320 = DIRECTION('',(0.,0.,1.));
#13321 = ADVANCED_FACE('',(#13322),#13347,.F.);
#13322 = FACE_BOUND('',#13323,.T.);
#13323 = EDGE_LOOP('',(#13324,#13325,#13333,#13341));
#13324 = ORIENTED_EDGE('',*,*,#13294,.F.);
#13325 = ORIENTED_EDGE('',*,*,#13326,.F.);
#13326 = EDGE_CURVE('',#13327,#13295,#13329,.T.);
#13327 = VERTEX_POINT('',#13328);
#13328 = CARTESIAN_POINT('',(-1.6,-29.1,-0.5));
#13329 = LINE('',#13330,#13331);
#13330 = CARTESIAN_POINT('',(-2.9,-29.1,-0.5));
#13331 = VECTOR('',#13332,1.);
#13332 = DIRECTION('',(-1.,0.,1.836970198721E-16));
#13333 = ORIENTED_EDGE('',*,*,#13334,.F.);
#13334 = EDGE_CURVE('',#13335,#13327,#13337,.T.);
#13335 = VERTEX_POINT('',#13336);
#13336 = CARTESIAN_POINT('',(-1.6,-29.1,0.));
#13337 = LINE('',#13338,#13339);
#13338 = CARTESIAN_POINT('',(-1.6,-29.1,-4.5));
#13339 = VECTOR('',#13340,1.);
#13340 = DIRECTION('',(0.,0.,-1.));
#13341 = ORIENTED_EDGE('',*,*,#13342,.T.);
#13342 = EDGE_CURVE('',#13335,#13297,#13343,.T.);
#13343 = LINE('',#13344,#13345);
#13344 = CARTESIAN_POINT('',(-2.2,-29.1,0.));
#13345 = VECTOR('',#13346,1.);
#13346 = DIRECTION('',(-1.,0.,0.));
#13347 = PLANE('',#13348);
#13348 = AXIS2_PLACEMENT_3D('',#13349,#13350,#13351);
#13349 = CARTESIAN_POINT('',(-2.2,-29.1,-4.5));
#13350 = DIRECTION('',(0.,1.,0.));
#13351 = DIRECTION('',(0.,-0.,1.));
#13352 = ADVANCED_FACE('',(#13353),#13379,.F.);
#13353 = FACE_BOUND('',#13354,.T.);
#13354 = EDGE_LOOP('',(#13355,#13361,#13362,#13370,#13376,#13377,#13378)
  );
#13355 = ORIENTED_EDGE('',*,*,#13356,.T.);
#13356 = EDGE_CURVE('',#12915,#13335,#13357,.T.);
#13357 = LINE('',#13358,#13359);
#13358 = CARTESIAN_POINT('',(-1.6,-29.1,0.));
#13359 = VECTOR('',#13360,1.);
#13360 = DIRECTION('',(-3.614007241618E-16,1.,0.));
#13361 = ORIENTED_EDGE('',*,*,#13334,.T.);
#13362 = ORIENTED_EDGE('',*,*,#13363,.F.);
#13363 = EDGE_CURVE('',#13364,#13327,#13366,.T.);
#13364 = VERTEX_POINT('',#13365);
#13365 = CARTESIAN_POINT('',(-1.6,-29.2,-0.5));
#13366 = LINE('',#13367,#13368);
#13367 = CARTESIAN_POINT('',(-1.6,27.,-0.5));
#13368 = VECTOR('',#13369,1.);
#13369 = DIRECTION('',(-3.614007241618E-16,1.,6.638823600815E-32));
#13370 = ORIENTED_EDGE('',*,*,#13371,.T.);
#13371 = EDGE_CURVE('',#13364,#12842,#13372,.T.);
#13372 = LINE('',#13373,#13374);
#13373 = CARTESIAN_POINT('',(-1.6,-29.2,-1.3));
#13374 = VECTOR('',#13375,1.);
#13375 = DIRECTION('',(-3.523657060578E-15,-4.336808689942E-15,-1.));
#13376 = ORIENTED_EDGE('',*,*,#12858,.F.);
#13377 = ORIENTED_EDGE('',*,*,#12788,.F.);
#13378 = ORIENTED_EDGE('',*,*,#12922,.F.);
#13379 = PLANE('',#13380);
#13380 = AXIS2_PLACEMENT_3D('',#13381,#13382,#13383);
#13381 = CARTESIAN_POINT('',(-1.6,-29.1,-4.5));
#13382 = DIRECTION('',(1.,3.614007241618E-16,0.));
#13383 = DIRECTION('',(-3.614007241618E-16,1.,0.));
#13384 = ADVANCED_FACE('',(#13385),#13403,.T.);
#13385 = FACE_BOUND('',#13386,.T.);
#13386 = EDGE_LOOP('',(#13387,#13395,#13396,#13397));
#13387 = ORIENTED_EDGE('',*,*,#13388,.F.);
#13388 = EDGE_CURVE('',#12844,#13389,#13391,.T.);
#13389 = VERTEX_POINT('',#13390);
#13390 = CARTESIAN_POINT('',(1.6,-29.2,-0.5));
#13391 = LINE('',#13392,#13393);
#13392 = CARTESIAN_POINT('',(1.6,-29.2,-0.5));
#13393 = VECTOR('',#13394,1.);
#13394 = DIRECTION('',(-2.981555974335E-15,4.336808689942E-15,1.));
#13395 = ORIENTED_EDGE('',*,*,#12841,.F.);
#13396 = ORIENTED_EDGE('',*,*,#13371,.F.);
#13397 = ORIENTED_EDGE('',*,*,#13398,.F.);
#13398 = EDGE_CURVE('',#13389,#13364,#13399,.T.);
#13399 = LINE('',#13400,#13401);
#13400 = CARTESIAN_POINT('',(1.6,-29.2,-0.5));
#13401 = VECTOR('',#13402,1.);
#13402 = DIRECTION('',(-1.,1.751623080406E-45,2.710505431214E-16));
#13403 = PLANE('',#13404);
#13404 = AXIS2_PLACEMENT_3D('',#13405,#13406,#13407);
#13405 = CARTESIAN_POINT('',(1.6,-29.2,-1.3));
#13406 = DIRECTION('',(-1.175494350822E-30,1.,-4.336808689942E-15));
#13407 = DIRECTION('',(0.,4.336808689942E-15,1.));
#13408 = ADVANCED_FACE('',(#13409),#13437,.T.);
#13409 = FACE_BOUND('',#13410,.T.);
#13410 = EDGE_LOOP('',(#13411,#13421,#13427,#13428,#13429,#13430,#13431)
  );
#13411 = ORIENTED_EDGE('',*,*,#13412,.F.);
#13412 = EDGE_CURVE('',#13413,#13415,#13417,.T.);
#13413 = VERTEX_POINT('',#13414);
#13414 = CARTESIAN_POINT('',(1.6,-29.1,0.));
#13415 = VERTEX_POINT('',#13416);
#13416 = CARTESIAN_POINT('',(1.6,-29.1,-0.5));
#13417 = LINE('',#13418,#13419);
#13418 = CARTESIAN_POINT('',(1.6,-29.1,-4.5));
#13419 = VECTOR('',#13420,1.);
#13420 = DIRECTION('',(0.,0.,-1.));
#13421 = ORIENTED_EDGE('',*,*,#13422,.F.);
#13422 = EDGE_CURVE('',#12906,#13413,#13423,.T.);
#13423 = LINE('',#13424,#13425);
#13424 = CARTESIAN_POINT('',(1.6,-29.1,0.));
#13425 = VECTOR('',#13426,1.);
#13426 = DIRECTION('',(3.614007241618E-16,1.,0.));
#13427 = ORIENTED_EDGE('',*,*,#12905,.T.);
#13428 = ORIENTED_EDGE('',*,*,#12770,.F.);
#13429 = ORIENTED_EDGE('',*,*,#12851,.T.);
#13430 = ORIENTED_EDGE('',*,*,#13388,.T.);
#13431 = ORIENTED_EDGE('',*,*,#13432,.T.);
#13432 = EDGE_CURVE('',#13389,#13415,#13433,.T.);
#13433 = LINE('',#13434,#13435);
#13434 = CARTESIAN_POINT('',(1.6,27.,-0.5));
#13435 = VECTOR('',#13436,1.);
#13436 = DIRECTION('',(3.614007241618E-16,1.,-6.638823600815E-32));
#13437 = PLANE('',#13438);
#13438 = AXIS2_PLACEMENT_3D('',#13439,#13440,#13441);
#13439 = CARTESIAN_POINT('',(1.6,-29.1,-4.5));
#13440 = DIRECTION('',(1.,-3.614007241618E-16,0.));
#13441 = DIRECTION('',(3.614007241618E-16,1.,0.));
#13442 = ADVANCED_FACE('',(#13443),#13468,.T.);
#13443 = FACE_BOUND('',#13444,.T.);
#13444 = EDGE_LOOP('',(#13445,#13455,#13461,#13462));
#13445 = ORIENTED_EDGE('',*,*,#13446,.T.);
#13446 = EDGE_CURVE('',#13447,#13449,#13451,.T.);
#13447 = VERTEX_POINT('',#13448);
#13448 = CARTESIAN_POINT('',(2.2,-29.1,-0.5));
#13449 = VERTEX_POINT('',#13450);
#13450 = CARTESIAN_POINT('',(2.2,-29.1,0.));
#13451 = LINE('',#13452,#13453);
#13452 = CARTESIAN_POINT('',(2.2,-29.1,-4.5));
#13453 = VECTOR('',#13454,1.);
#13454 = DIRECTION('',(0.,0.,1.));
#13455 = ORIENTED_EDGE('',*,*,#13456,.F.);
#13456 = EDGE_CURVE('',#13413,#13449,#13457,.T.);
#13457 = LINE('',#13458,#13459);
#13458 = CARTESIAN_POINT('',(2.2,-29.1,0.));
#13459 = VECTOR('',#13460,1.);
#13460 = DIRECTION('',(1.,0.,0.));
#13461 = ORIENTED_EDGE('',*,*,#13412,.T.);
#13462 = ORIENTED_EDGE('',*,*,#13463,.T.);
#13463 = EDGE_CURVE('',#13415,#13447,#13464,.T.);
#13464 = LINE('',#13465,#13466);
#13465 = CARTESIAN_POINT('',(-2.9,-29.1,-0.5));
#13466 = VECTOR('',#13467,1.);
#13467 = DIRECTION('',(1.,0.,-1.836970198721E-16));
#13468 = PLANE('',#13469);
#13469 = AXIS2_PLACEMENT_3D('',#13470,#13471,#13472);
#13470 = CARTESIAN_POINT('',(2.2,-29.1,-4.5));
#13471 = DIRECTION('',(0.,-1.,0.));
#13472 = DIRECTION('',(0.,0.,-1.));
#13473 = ADVANCED_FACE('',(#13474),#13499,.T.);
#13474 = FACE_BOUND('',#13475,.T.);
#13475 = EDGE_LOOP('',(#13476,#13484,#13492,#13498));
#13476 = ORIENTED_EDGE('',*,*,#13477,.T.);
#13477 = EDGE_CURVE('',#13447,#13478,#13480,.T.);
#13478 = VERTEX_POINT('',#13479);
#13479 = CARTESIAN_POINT('',(2.2,-29.2,-0.5));
#13480 = LINE('',#13481,#13482);
#13481 = CARTESIAN_POINT('',(2.2,27.,-0.5));
#13482 = VECTOR('',#13483,1.);
#13483 = DIRECTION('',(0.,-1.,0.));
#13484 = ORIENTED_EDGE('',*,*,#13485,.T.);
#13485 = EDGE_CURVE('',#13478,#13486,#13488,.T.);
#13486 = VERTEX_POINT('',#13487);
#13487 = CARTESIAN_POINT('',(2.2,-29.2,0.));
#13488 = LINE('',#13489,#13490);
#13489 = CARTESIAN_POINT('',(2.2,-29.2,-4.5));
#13490 = VECTOR('',#13491,1.);
#13491 = DIRECTION('',(0.,0.,1.));
#13492 = ORIENTED_EDGE('',*,*,#13493,.F.);
#13493 = EDGE_CURVE('',#13449,#13486,#13494,.T.);
#13494 = LINE('',#13495,#13496);
#13495 = CARTESIAN_POINT('',(2.2,-29.2,0.));
#13496 = VECTOR('',#13497,1.);
#13497 = DIRECTION('',(0.,-1.,0.));
#13498 = ORIENTED_EDGE('',*,*,#13446,.F.);
#13499 = PLANE('',#13500);
#13500 = AXIS2_PLACEMENT_3D('',#13501,#13502,#13503);
#13501 = CARTESIAN_POINT('',(2.2,-29.2,-4.5));
#13502 = DIRECTION('',(-1.,0.,0.));
#13503 = DIRECTION('',(0.,0.,1.));
#13504 = ADVANCED_FACE('',(#13505),#13530,.T.);
#13505 = FACE_BOUND('',#13506,.T.);
#13506 = EDGE_LOOP('',(#13507,#13515,#13523,#13529));
#13507 = ORIENTED_EDGE('',*,*,#13508,.T.);
#13508 = EDGE_CURVE('',#13478,#13509,#13511,.T.);
#13509 = VERTEX_POINT('',#13510);
#13510 = CARTESIAN_POINT('',(2.8,-29.2,-0.5));
#13511 = LINE('',#13512,#13513);
#13512 = CARTESIAN_POINT('',(-2.9,-29.2,-0.5));
#13513 = VECTOR('',#13514,1.);
#13514 = DIRECTION('',(1.,0.,-1.836970198721E-16));
#13515 = ORIENTED_EDGE('',*,*,#13516,.T.);
#13516 = EDGE_CURVE('',#13509,#13517,#13519,.T.);
#13517 = VERTEX_POINT('',#13518);
#13518 = CARTESIAN_POINT('',(2.8,-29.2,0.));
#13519 = LINE('',#13520,#13521);
#13520 = CARTESIAN_POINT('',(2.8,-29.2,-4.5));
#13521 = VECTOR('',#13522,1.);
#13522 = DIRECTION('',(0.,0.,1.));
#13523 = ORIENTED_EDGE('',*,*,#13524,.F.);
#13524 = EDGE_CURVE('',#13486,#13517,#13525,.T.);
#13525 = LINE('',#13526,#13527);
#13526 = CARTESIAN_POINT('',(2.8,-29.2,0.));
#13527 = VECTOR('',#13528,1.);
#13528 = DIRECTION('',(1.,0.,0.));
#13529 = ORIENTED_EDGE('',*,*,#13485,.F.);
#13530 = PLANE('',#13531);
#13531 = AXIS2_PLACEMENT_3D('',#13532,#13533,#13534);
#13532 = CARTESIAN_POINT('',(2.8,-29.2,-4.5));
#13533 = DIRECTION('',(0.,-1.,0.));
#13534 = DIRECTION('',(0.,0.,-1.));
#13535 = ADVANCED_FACE('',(#13536),#13561,.T.);
#13536 = FACE_BOUND('',#13537,.T.);
#13537 = EDGE_LOOP('',(#13538,#13546,#13554,#13560));
#13538 = ORIENTED_EDGE('',*,*,#13539,.T.);
#13539 = EDGE_CURVE('',#13509,#13540,#13542,.T.);
#13540 = VERTEX_POINT('',#13541);
#13541 = CARTESIAN_POINT('',(2.8,-29.,-0.5));
#13542 = LINE('',#13543,#13544);
#13543 = CARTESIAN_POINT('',(2.8,27.,-0.5));
#13544 = VECTOR('',#13545,1.);
#13545 = DIRECTION('',(0.,1.,0.));
#13546 = ORIENTED_EDGE('',*,*,#13547,.T.);
#13547 = EDGE_CURVE('',#13540,#13548,#13550,.T.);
#13548 = VERTEX_POINT('',#13549);
#13549 = CARTESIAN_POINT('',(2.8,-29.,0.));
#13550 = LINE('',#13551,#13552);
#13551 = CARTESIAN_POINT('',(2.8,-29.,-4.5));
#13552 = VECTOR('',#13553,1.);
#13553 = DIRECTION('',(0.,0.,1.));
#13554 = ORIENTED_EDGE('',*,*,#13555,.F.);
#13555 = EDGE_CURVE('',#13517,#13548,#13556,.T.);
#13556 = LINE('',#13557,#13558);
#13557 = CARTESIAN_POINT('',(2.8,-29.,0.));
#13558 = VECTOR('',#13559,1.);
#13559 = DIRECTION('',(0.,1.,0.));
#13560 = ORIENTED_EDGE('',*,*,#13516,.F.);
#13561 = PLANE('',#13562);
#13562 = AXIS2_PLACEMENT_3D('',#13563,#13564,#13565);
#13563 = CARTESIAN_POINT('',(2.8,-29.,-4.5));
#13564 = DIRECTION('',(1.,0.,0.));
#13565 = DIRECTION('',(0.,0.,-1.));
#13566 = ADVANCED_FACE('',(#13567),#13600,.F.);
#13567 = FACE_BOUND('',#13568,.T.);
#13568 = EDGE_LOOP('',(#13569,#13577,#13585,#13593,#13599));
#13569 = ORIENTED_EDGE('',*,*,#13570,.T.);
#13570 = EDGE_CURVE('',#12700,#13571,#13573,.T.);
#13571 = VERTEX_POINT('',#13572);
#13572 = CARTESIAN_POINT('',(-1.25,24.5,0.));
#13573 = LINE('',#13574,#13575);
#13574 = CARTESIAN_POINT('',(-1.25,24.5,-4.5));
#13575 = VECTOR('',#13576,1.);
#13576 = DIRECTION('',(0.,0.,1.));
#13577 = ORIENTED_EDGE('',*,*,#13578,.T.);
#13578 = EDGE_CURVE('',#13571,#13579,#13581,.T.);
#13579 = VERTEX_POINT('',#13580);
#13580 = CARTESIAN_POINT('',(-1.25,-24.5,2.168404344971E-16));
#13581 = LINE('',#13582,#13583);
#13582 = CARTESIAN_POINT('',(-1.25,24.5,0.));
#13583 = VECTOR('',#13584,1.);
#13584 = DIRECTION('',(6.195440985631E-17,-1.,0.));
#13585 = ORIENTED_EDGE('',*,*,#13586,.F.);
#13586 = EDGE_CURVE('',#13587,#13579,#13589,.T.);
#13587 = VERTEX_POINT('',#13588);
#13588 = CARTESIAN_POINT('',(-1.25,-24.5,-0.5));
#13589 = LINE('',#13590,#13591);
#13590 = CARTESIAN_POINT('',(-1.25,-24.5,-4.5));
#13591 = VECTOR('',#13592,1.);
#13592 = DIRECTION('',(0.,0.,1.));
#13593 = ORIENTED_EDGE('',*,*,#13594,.F.);
#13594 = EDGE_CURVE('',#11902,#13587,#13595,.T.);
#13595 = LINE('',#13596,#13597);
#13596 = CARTESIAN_POINT('',(-1.25,27.,-0.5));
#13597 = VECTOR('',#13598,1.);
#13598 = DIRECTION('',(6.195440985631E-17,-1.,-1.138084045854E-32));
#13599 = ORIENTED_EDGE('',*,*,#12699,.F.);
#13600 = PLANE('',#13601);
#13601 = AXIS2_PLACEMENT_3D('',#13602,#13603,#13604);
#13602 = CARTESIAN_POINT('',(-1.25,24.5,-4.5));
#13603 = DIRECTION('',(-1.,-6.195440985631E-17,0.));
#13604 = DIRECTION('',(6.195440985631E-17,-1.,0.));
#13605 = ADVANCED_FACE('',(#13606),#13624,.F.);
#13606 = FACE_BOUND('',#13607,.T.);
#13607 = EDGE_LOOP('',(#13608,#13616,#13622,#13623));
#13608 = ORIENTED_EDGE('',*,*,#13609,.T.);
#13609 = EDGE_CURVE('',#12709,#13610,#13612,.T.);
#13610 = VERTEX_POINT('',#13611);
#13611 = CARTESIAN_POINT('',(1.25,24.5,0.));
#13612 = LINE('',#13613,#13614);
#13613 = CARTESIAN_POINT('',(1.25,24.5,-4.5));
#13614 = VECTOR('',#13615,1.);
#13615 = DIRECTION('',(0.,0.,1.));
#13616 = ORIENTED_EDGE('',*,*,#13617,.T.);
#13617 = EDGE_CURVE('',#13610,#13571,#13618,.T.);
#13618 = LINE('',#13619,#13620);
#13619 = CARTESIAN_POINT('',(-1.25,24.5,0.));
#13620 = VECTOR('',#13621,1.);
#13621 = DIRECTION('',(-1.,0.,0.));
#13622 = ORIENTED_EDGE('',*,*,#13570,.F.);
#13623 = ORIENTED_EDGE('',*,*,#12716,.F.);
#13624 = PLANE('',#13625);
#13625 = AXIS2_PLACEMENT_3D('',#13626,#13627,#13628);
#13626 = CARTESIAN_POINT('',(-1.25,24.5,-4.5));
#13627 = DIRECTION('',(0.,1.,0.));
#13628 = DIRECTION('',(0.,-0.,1.));
#13629 = ADVANCED_FACE('',(#13630),#13655,.T.);
#13630 = FACE_BOUND('',#13631,.T.);
#13631 = EDGE_LOOP('',(#13632,#13640,#13641,#13649));
#13632 = ORIENTED_EDGE('',*,*,#13633,.T.);
#13633 = EDGE_CURVE('',#13634,#12939,#13636,.T.);
#13634 = VERTEX_POINT('',#13635);
#13635 = CARTESIAN_POINT('',(2.8,26.3,-0.5));
#13636 = LINE('',#13637,#13638);
#13637 = CARTESIAN_POINT('',(2.8,27.,-0.5));
#13638 = VECTOR('',#13639,1.);
#13639 = DIRECTION('',(0.,1.,0.));
#13640 = ORIENTED_EDGE('',*,*,#12964,.T.);
#13641 = ORIENTED_EDGE('',*,*,#13642,.F.);
#13642 = EDGE_CURVE('',#13643,#12957,#13645,.T.);
#13643 = VERTEX_POINT('',#13644);
#13644 = CARTESIAN_POINT('',(2.8,26.3,0.));
#13645 = LINE('',#13646,#13647);
#13646 = CARTESIAN_POINT('',(2.8,26.5,0.));
#13647 = VECTOR('',#13648,1.);
#13648 = DIRECTION('',(0.,1.,0.));
#13649 = ORIENTED_EDGE('',*,*,#13650,.F.);
#13650 = EDGE_CURVE('',#13634,#13643,#13651,.T.);
#13651 = LINE('',#13652,#13653);
#13652 = CARTESIAN_POINT('',(2.8,26.3,-4.5));
#13653 = VECTOR('',#13654,1.);
#13654 = DIRECTION('',(0.,0.,1.));
#13655 = PLANE('',#13656);
#13656 = AXIS2_PLACEMENT_3D('',#13657,#13658,#13659);
#13657 = CARTESIAN_POINT('',(2.8,26.5,-4.5));
#13658 = DIRECTION('',(1.,0.,0.));
#13659 = DIRECTION('',(0.,0.,-1.));
#13660 = ADVANCED_FACE('',(#13661),#13679,.F.);
#13661 = FACE_BOUND('',#13662,.T.);
#13662 = EDGE_LOOP('',(#13663,#13664,#13665,#13673));
#13663 = ORIENTED_EDGE('',*,*,#8729,.T.);
#13664 = ORIENTED_EDGE('',*,*,#8616,.T.);
#13665 = ORIENTED_EDGE('',*,*,#13666,.F.);
#13666 = EDGE_CURVE('',#13667,#8609,#13669,.T.);
#13667 = VERTEX_POINT('',#13668);
#13668 = CARTESIAN_POINT('',(2.9,26.3,-0.5));
#13669 = LINE('',#13670,#13671);
#13670 = CARTESIAN_POINT('',(2.9,27.,-0.5));
#13671 = VECTOR('',#13672,1.);
#13672 = DIRECTION('',(0.,-1.,0.));
#13673 = ORIENTED_EDGE('',*,*,#13674,.F.);
#13674 = EDGE_CURVE('',#8631,#13667,#13675,.T.);
#13675 = LINE('',#13676,#13677);
#13676 = CARTESIAN_POINT('',(2.9,26.3,-0.5));
#13677 = VECTOR('',#13678,1.);
#13678 = DIRECTION('',(4.336808689942E-16,0.,1.));
#13679 = PLANE('',#13680);
#13680 = AXIS2_PLACEMENT_3D('',#13681,#13682,#13683);
#13681 = CARTESIAN_POINT('',(2.9,27.,-0.5));
#13682 = DIRECTION('',(1.,0.,-4.336808689942E-16));
#13683 = DIRECTION('',(-4.336808689942E-16,0.,-1.));
#13684 = ADVANCED_FACE('',(#13685),#13703,.F.);
#13685 = FACE_BOUND('',#13686,.T.);
#13686 = EDGE_LOOP('',(#13687,#13695,#13696,#13697));
#13687 = ORIENTED_EDGE('',*,*,#13688,.F.);
#13688 = EDGE_CURVE('',#8362,#13689,#13691,.T.);
#13689 = VERTEX_POINT('',#13690);
#13690 = CARTESIAN_POINT('',(3.4,13.,-1.8));
#13691 = LINE('',#13692,#13693);
#13692 = CARTESIAN_POINT('',(2.9,13.,-1.8));
#13693 = VECTOR('',#13694,1.);
#13694 = DIRECTION('',(1.,0.,-4.336808689942E-16));
#13695 = ORIENTED_EDGE('',*,*,#8361,.T.);
#13696 = ORIENTED_EDGE('',*,*,#8067,.F.);
#13697 = ORIENTED_EDGE('',*,*,#13698,.T.);
#13698 = EDGE_CURVE('',#8060,#13689,#13699,.T.);
#13699 = LINE('',#13700,#13701);
#13700 = CARTESIAN_POINT('',(3.4,21.45,-1.8));
#13701 = VECTOR('',#13702,1.);
#13702 = DIRECTION('',(0.,-1.,-4.619086178636E-16));
#13703 = PLANE('',#13704);
#13704 = AXIS2_PLACEMENT_3D('',#13705,#13706,#13707);
#13705 = CARTESIAN_POINT('',(2.9,21.45,-1.8));
#13706 = DIRECTION('',(4.336808689942E-16,-4.619086178636E-16,1.));
#13707 = DIRECTION('',(0.,-1.,-4.619086178636E-16));
#13708 = ADVANCED_FACE('',(#13709),#13727,.F.);
#13709 = FACE_BOUND('',#13710,.T.);
#13710 = EDGE_LOOP('',(#13711,#13719,#13720,#13721));
#13711 = ORIENTED_EDGE('',*,*,#13712,.F.);
#13712 = EDGE_CURVE('',#8370,#13713,#13715,.T.);
#13713 = VERTEX_POINT('',#13714);
#13714 = CARTESIAN_POINT('',(3.4,13.,-2.55));
#13715 = LINE('',#13716,#13717);
#13716 = CARTESIAN_POINT('',(2.9,13.,-2.55));
#13717 = VECTOR('',#13718,1.);
#13718 = DIRECTION('',(1.,0.,-4.336808689942E-16));
#13719 = ORIENTED_EDGE('',*,*,#8369,.T.);
#13720 = ORIENTED_EDGE('',*,*,#13688,.T.);
#13721 = ORIENTED_EDGE('',*,*,#13722,.T.);
#13722 = EDGE_CURVE('',#13689,#13713,#13723,.T.);
#13723 = LINE('',#13724,#13725);
#13724 = CARTESIAN_POINT('',(3.4,13.,-1.8));
#13725 = VECTOR('',#13726,1.);
#13726 = DIRECTION('',(-5.782411586589E-16,0.,-1.));
#13727 = PLANE('',#13728);
#13728 = AXIS2_PLACEMENT_3D('',#13729,#13730,#13731);
#13729 = CARTESIAN_POINT('',(2.9,13.,-1.8));
#13730 = DIRECTION('',(0.,-1.,0.));
#13731 = DIRECTION('',(0.,0.,-1.));
#13732 = ADVANCED_FACE('',(#13733),#13751,.F.);
#13733 = FACE_BOUND('',#13734,.T.);
#13734 = EDGE_LOOP('',(#13735,#13743,#13744,#13745));
#13735 = ORIENTED_EDGE('',*,*,#13736,.F.);
#13736 = EDGE_CURVE('',#8339,#13737,#13739,.T.);
#13737 = VERTEX_POINT('',#13738);
#13738 = CARTESIAN_POINT('',(3.4,11.,-2.55));
#13739 = LINE('',#13740,#13741);
#13740 = CARTESIAN_POINT('',(2.9,11.,-2.55));
#13741 = VECTOR('',#13742,1.);
#13742 = DIRECTION('',(1.,0.,-4.336808689942E-16));
#13743 = ORIENTED_EDGE('',*,*,#8377,.T.);
#13744 = ORIENTED_EDGE('',*,*,#13712,.T.);
#13745 = ORIENTED_EDGE('',*,*,#13746,.T.);
#13746 = EDGE_CURVE('',#13713,#13737,#13747,.T.);
#13747 = LINE('',#13748,#13749);
#13748 = CARTESIAN_POINT('',(3.4,13.,-2.55));
#13749 = VECTOR('',#13750,1.);
#13750 = DIRECTION('',(0.,-1.,-2.168404344971E-16));
#13751 = PLANE('',#13752);
#13752 = AXIS2_PLACEMENT_3D('',#13753,#13754,#13755);
#13753 = CARTESIAN_POINT('',(2.9,13.,-2.55));
#13754 = DIRECTION('',(4.336808689942E-16,-2.168404344971E-16,1.));
#13755 = DIRECTION('',(1.,0.,-4.336808689942E-16));
#13756 = ADVANCED_FACE('',(#13757),#13784,.F.);
#13757 = FACE_BOUND('',#13758,.T.);
#13758 = EDGE_LOOP('',(#13759,#13760,#13761,#13762,#13770,#13778));
#13759 = ORIENTED_EDGE('',*,*,#9800,.F.);
#13760 = ORIENTED_EDGE('',*,*,#8336,.T.);
#13761 = ORIENTED_EDGE('',*,*,#13736,.T.);
#13762 = ORIENTED_EDGE('',*,*,#13763,.T.);
#13763 = EDGE_CURVE('',#13737,#13764,#13766,.T.);
#13764 = VERTEX_POINT('',#13765);
#13765 = CARTESIAN_POINT('',(3.4,11.,-3.));
#13766 = LINE('',#13767,#13768);
#13767 = CARTESIAN_POINT('',(3.4,11.,-2.55));
#13768 = VECTOR('',#13769,1.);
#13769 = DIRECTION('',(0.,0.,-1.));
#13770 = ORIENTED_EDGE('',*,*,#13771,.F.);
#13771 = EDGE_CURVE('',#13772,#13764,#13774,.T.);
#13772 = VERTEX_POINT('',#13773);
#13773 = CARTESIAN_POINT('',(2.9,11.,-3.));
#13774 = LINE('',#13775,#13776);
#13775 = CARTESIAN_POINT('',(2.9,11.,-3.));
#13776 = VECTOR('',#13777,1.);
#13777 = DIRECTION('',(1.,0.,-4.336808689942E-16));
#13778 = ORIENTED_EDGE('',*,*,#13779,.F.);
#13779 = EDGE_CURVE('',#9801,#13772,#13780,.T.);
#13780 = LINE('',#13781,#13782);
#13781 = CARTESIAN_POINT('',(2.9,11.,-2.55));
#13782 = VECTOR('',#13783,1.);
#13783 = DIRECTION('',(0.,0.,-1.));
#13784 = PLANE('',#13785);
#13785 = AXIS2_PLACEMENT_3D('',#13786,#13787,#13788);
#13786 = CARTESIAN_POINT('',(2.9,11.,-2.55));
#13787 = DIRECTION('',(0.,-1.,0.));
#13788 = DIRECTION('',(0.,0.,-1.));
#13789 = ADVANCED_FACE('',(#13790),#13824,.F.);
#13790 = FACE_BOUND('',#13791,.T.);
#13791 = EDGE_LOOP('',(#13792,#13793,#13794,#13802,#13810,#13818));
#13792 = ORIENTED_EDGE('',*,*,#9808,.F.);
#13793 = ORIENTED_EDGE('',*,*,#13779,.T.);
#13794 = ORIENTED_EDGE('',*,*,#13795,.T.);
#13795 = EDGE_CURVE('',#13772,#13796,#13798,.T.);
#13796 = VERTEX_POINT('',#13797);
#13797 = CARTESIAN_POINT('',(2.9,10.4,-3.));
#13798 = LINE('',#13799,#13800);
#13799 = CARTESIAN_POINT('',(2.9,11.,-3.));
#13800 = VECTOR('',#13801,1.);
#13801 = DIRECTION('',(0.,-1.,0.));
#13802 = ORIENTED_EDGE('',*,*,#13803,.T.);
#13803 = EDGE_CURVE('',#13796,#13804,#13806,.T.);
#13804 = VERTEX_POINT('',#13805);
#13805 = CARTESIAN_POINT('',(2.9,9.6,-3.));
#13806 = LINE('',#13807,#13808);
#13807 = CARTESIAN_POINT('',(2.9,11.,-3.));
#13808 = VECTOR('',#13809,1.);
#13809 = DIRECTION('',(0.,-1.,0.));
#13810 = ORIENTED_EDGE('',*,*,#13811,.T.);
#13811 = EDGE_CURVE('',#13804,#13812,#13814,.T.);
#13812 = VERTEX_POINT('',#13813);
#13813 = CARTESIAN_POINT('',(2.9,9.,-3.));
#13814 = LINE('',#13815,#13816);
#13815 = CARTESIAN_POINT('',(2.9,11.,-3.));
#13816 = VECTOR('',#13817,1.);
#13817 = DIRECTION('',(0.,-1.,0.));
#13818 = ORIENTED_EDGE('',*,*,#13819,.T.);
#13819 = EDGE_CURVE('',#13812,#9809,#13820,.T.);
#13820 = LINE('',#13821,#13822);
#13821 = CARTESIAN_POINT('',(2.9,9.,-2.55));
#13822 = VECTOR('',#13823,1.);
#13823 = DIRECTION('',(0.,0.,1.));
#13824 = PLANE('',#13825);
#13825 = AXIS2_PLACEMENT_3D('',#13826,#13827,#13828);
#13826 = CARTESIAN_POINT('',(2.9,27.,-0.5));
#13827 = DIRECTION('',(1.,0.,-4.336808689942E-16));
#13828 = DIRECTION('',(-4.336808689942E-16,0.,-1.));
#13829 = ADVANCED_FACE('',(#13830),#13855,.F.);
#13830 = FACE_BOUND('',#13831,.T.);
#13831 = EDGE_LOOP('',(#13832,#13840,#13848,#13854));
#13832 = ORIENTED_EDGE('',*,*,#13833,.F.);
#13833 = EDGE_CURVE('',#13834,#13804,#13836,.T.);
#13834 = VERTEX_POINT('',#13835);
#13835 = CARTESIAN_POINT('',(3.4,9.6,-3.));
#13836 = LINE('',#13837,#13838);
#13837 = CARTESIAN_POINT('',(3.4,9.6,-3.));
#13838 = VECTOR('',#13839,1.);
#13839 = DIRECTION('',(-1.,0.,2.710505431214E-16));
#13840 = ORIENTED_EDGE('',*,*,#13841,.T.);
#13841 = EDGE_CURVE('',#13834,#13842,#13844,.T.);
#13842 = VERTEX_POINT('',#13843);
#13843 = CARTESIAN_POINT('',(3.4,9.,-3.));
#13844 = LINE('',#13845,#13846);
#13845 = CARTESIAN_POINT('',(3.4,11.,-3.));
#13846 = VECTOR('',#13847,1.);
#13847 = DIRECTION('',(0.,-1.,0.));
#13848 = ORIENTED_EDGE('',*,*,#13849,.F.);
#13849 = EDGE_CURVE('',#13812,#13842,#13850,.T.);
#13850 = LINE('',#13851,#13852);
#13851 = CARTESIAN_POINT('',(2.9,9.,-3.));
#13852 = VECTOR('',#13853,1.);
#13853 = DIRECTION('',(1.,0.,-4.336808689942E-16));
#13854 = ORIENTED_EDGE('',*,*,#13811,.F.);
#13855 = PLANE('',#13856);
#13856 = AXIS2_PLACEMENT_3D('',#13857,#13858,#13859);
#13857 = CARTESIAN_POINT('',(2.9,11.,-3.));
#13858 = DIRECTION('',(4.336808689942E-16,0.,1.));
#13859 = DIRECTION('',(1.,0.,-4.336808689942E-16));
#13860 = ADVANCED_FACE('',(#13861),#13877,.T.);
#13861 = FACE_BOUND('',#13862,.T.);
#13862 = EDGE_LOOP('',(#13863,#13869,#13870,#13876));
#13863 = ORIENTED_EDGE('',*,*,#13864,.F.);
#13864 = EDGE_CURVE('',#10090,#13796,#13865,.T.);
#13865 = LINE('',#13866,#13867);
#13866 = CARTESIAN_POINT('',(3.4,10.4,-3.));
#13867 = VECTOR('',#13868,1.);
#13868 = DIRECTION('',(1.,0.,-2.710505431214E-16));
#13869 = ORIENTED_EDGE('',*,*,#10089,.T.);
#13870 = ORIENTED_EDGE('',*,*,#13871,.F.);
#13871 = EDGE_CURVE('',#13804,#10082,#13872,.T.);
#13872 = LINE('',#13873,#13874);
#13873 = CARTESIAN_POINT('',(3.4,9.6,-3.));
#13874 = VECTOR('',#13875,1.);
#13875 = DIRECTION('',(-1.,0.,2.710505431214E-16));
#13876 = ORIENTED_EDGE('',*,*,#13803,.F.);
#13877 = PLANE('',#13878);
#13878 = AXIS2_PLACEMENT_3D('',#13879,#13880,#13881);
#13879 = CARTESIAN_POINT('',(3.4,10.4,-3.));
#13880 = DIRECTION('',(2.710505431214E-16,-1.084202172486E-15,1.));
#13881 = DIRECTION('',(0.,-1.,-1.084202172486E-15));
#13882 = ADVANCED_FACE('',(#13883),#13917,.T.);
#13883 = FACE_BOUND('',#13884,.T.);
#13884 = EDGE_LOOP('',(#13885,#13896,#13902,#13911));
#13885 = ORIENTED_EDGE('',*,*,#13886,.F.);
#13886 = EDGE_CURVE('',#13887,#13889,#13891,.T.);
#13887 = VERTEX_POINT('',#13888);
#13888 = CARTESIAN_POINT('',(3.4,10.4,-3.));
#13889 = VERTEX_POINT('',#13890);
#13890 = CARTESIAN_POINT('',(2.9,10.4,-3.5));
#13891 = CIRCLE('',#13892,0.5);
#13892 = AXIS2_PLACEMENT_3D('',#13893,#13894,#13895);
#13893 = CARTESIAN_POINT('',(2.9,10.4,-3.));
#13894 = DIRECTION('',(2.938735877056E-31,1.,1.084202172486E-15));
#13895 = DIRECTION('',(3.186183822265E-46,1.084202172486E-15,-1.));
#13896 = ORIENTED_EDGE('',*,*,#13897,.F.);
#13897 = EDGE_CURVE('',#13834,#13887,#13898,.T.);
#13898 = LINE('',#13899,#13900);
#13899 = CARTESIAN_POINT('',(3.4,10.4,-3.));
#13900 = VECTOR('',#13901,1.);
#13901 = DIRECTION('',(4.701977403289E-31,1.,1.084202172486E-15));
#13902 = ORIENTED_EDGE('',*,*,#13903,.F.);
#13903 = EDGE_CURVE('',#13904,#13834,#13906,.T.);
#13904 = VERTEX_POINT('',#13905);
#13905 = CARTESIAN_POINT('',(2.9,9.6,-3.5));
#13906 = CIRCLE('',#13907,0.5);
#13907 = AXIS2_PLACEMENT_3D('',#13908,#13909,#13910);
#13908 = CARTESIAN_POINT('',(2.9,9.6,-3.));
#13909 = DIRECTION('',(-2.938735877056E-31,-1.,-1.084202172486E-15));
#13910 = DIRECTION('',(-3.186183822265E-46,-1.084202172486E-15,1.));
#13911 = ORIENTED_EDGE('',*,*,#13912,.F.);
#13912 = EDGE_CURVE('',#13889,#13904,#13913,.T.);
#13913 = LINE('',#13914,#13915);
#13914 = CARTESIAN_POINT('',(2.9,9.6,-3.5));
#13915 = VECTOR('',#13916,1.);
#13916 = DIRECTION('',(-4.701977403289E-31,-1.,-1.084202172486E-15));
#13917 = CYLINDRICAL_SURFACE('',#13918,0.5);
#13918 = AXIS2_PLACEMENT_3D('',#13919,#13920,#13921);
#13919 = CARTESIAN_POINT('',(2.9,10.4,-3.));
#13920 = DIRECTION('',(4.701977403289E-31,1.,1.084202172486E-15));
#13921 = DIRECTION('',(-5.097894115624E-46,-1.084202172486E-15,1.));
#13922 = ADVANCED_FACE('',(#13923),#13939,.F.);
#13923 = FACE_BOUND('',#13924,.T.);
#13924 = EDGE_LOOP('',(#13925,#13931,#13932,#13933));
#13925 = ORIENTED_EDGE('',*,*,#13926,.F.);
#13926 = EDGE_CURVE('',#13796,#13887,#13927,.T.);
#13927 = LINE('',#13928,#13929);
#13928 = CARTESIAN_POINT('',(2.9,10.4,-3.));
#13929 = VECTOR('',#13930,1.);
#13930 = DIRECTION('',(1.,1.763241526233E-31,-4.336808689942E-16));
#13931 = ORIENTED_EDGE('',*,*,#13795,.F.);
#13932 = ORIENTED_EDGE('',*,*,#13771,.T.);
#13933 = ORIENTED_EDGE('',*,*,#13934,.T.);
#13934 = EDGE_CURVE('',#13764,#13887,#13935,.T.);
#13935 = LINE('',#13936,#13937);
#13936 = CARTESIAN_POINT('',(3.4,11.,-3.));
#13937 = VECTOR('',#13938,1.);
#13938 = DIRECTION('',(0.,-1.,0.));
#13939 = PLANE('',#13940);
#13940 = AXIS2_PLACEMENT_3D('',#13941,#13942,#13943);
#13941 = CARTESIAN_POINT('',(2.9,11.,-3.));
#13942 = DIRECTION('',(4.336808689942E-16,0.,1.));
#13943 = DIRECTION('',(1.,0.,-4.336808689942E-16));
#13944 = ADVANCED_FACE('',(#13945),#13972,.F.);
#13945 = FACE_BOUND('',#13946,.T.);
#13946 = EDGE_LOOP('',(#13947,#13955,#13956,#13957,#13958,#13966));
#13947 = ORIENTED_EDGE('',*,*,#13948,.F.);
#13948 = EDGE_CURVE('',#13904,#13949,#13951,.T.);
#13949 = VERTEX_POINT('',#13950);
#13950 = CARTESIAN_POINT('',(2.2,9.6,-3.5));
#13951 = LINE('',#13952,#13953);
#13952 = CARTESIAN_POINT('',(3.4,9.6,-3.5));
#13953 = VECTOR('',#13954,1.);
#13954 = DIRECTION('',(-1.,0.,2.710505431214E-16));
#13955 = ORIENTED_EDGE('',*,*,#13903,.T.);
#13956 = ORIENTED_EDGE('',*,*,#13833,.T.);
#13957 = ORIENTED_EDGE('',*,*,#13871,.T.);
#13958 = ORIENTED_EDGE('',*,*,#13959,.T.);
#13959 = EDGE_CURVE('',#10082,#13960,#13962,.T.);
#13960 = VERTEX_POINT('',#13961);
#13961 = CARTESIAN_POINT('',(2.2,9.6,-3.));
#13962 = LINE('',#13963,#13964);
#13963 = CARTESIAN_POINT('',(3.4,9.6,-3.));
#13964 = VECTOR('',#13965,1.);
#13965 = DIRECTION('',(-1.,0.,2.710505431214E-16));
#13966 = ORIENTED_EDGE('',*,*,#13967,.T.);
#13967 = EDGE_CURVE('',#13960,#13949,#13968,.T.);
#13968 = LINE('',#13969,#13970);
#13969 = CARTESIAN_POINT('',(2.2,9.6,-3.5));
#13970 = VECTOR('',#13971,1.);
#13971 = DIRECTION('',(-4.336808689942E-16,1.084202172486E-15,-1.));
#13972 = PLANE('',#13973);
#13973 = AXIS2_PLACEMENT_3D('',#13974,#13975,#13976);
#13974 = CARTESIAN_POINT('',(3.4,9.6,-3.5));
#13975 = DIRECTION('',(2.938735877056E-31,1.,1.084202172486E-15));
#13976 = DIRECTION('',(0.,-1.084202172486E-15,1.));
#13977 = ADVANCED_FACE('',(#13978),#14005,.F.);
#13978 = FACE_BOUND('',#13979,.T.);
#13979 = EDGE_LOOP('',(#13980,#13981,#13982,#13990,#13998,#14004));
#13980 = ORIENTED_EDGE('',*,*,#13926,.T.);
#13981 = ORIENTED_EDGE('',*,*,#13886,.T.);
#13982 = ORIENTED_EDGE('',*,*,#13983,.F.);
#13983 = EDGE_CURVE('',#13984,#13889,#13986,.T.);
#13984 = VERTEX_POINT('',#13985);
#13985 = CARTESIAN_POINT('',(2.2,10.4,-3.5));
#13986 = LINE('',#13987,#13988);
#13987 = CARTESIAN_POINT('',(3.4,10.4,-3.5));
#13988 = VECTOR('',#13989,1.);
#13989 = DIRECTION('',(1.,0.,-2.710505431214E-16));
#13990 = ORIENTED_EDGE('',*,*,#13991,.T.);
#13991 = EDGE_CURVE('',#13984,#13992,#13994,.T.);
#13992 = VERTEX_POINT('',#13993);
#13993 = CARTESIAN_POINT('',(2.2,10.4,-3.));
#13994 = LINE('',#13995,#13996);
#13995 = CARTESIAN_POINT('',(2.2,10.4,-3.5));
#13996 = VECTOR('',#13997,1.);
#13997 = DIRECTION('',(4.336808689942E-16,-1.084202172486E-15,1.));
#13998 = ORIENTED_EDGE('',*,*,#13999,.T.);
#13999 = EDGE_CURVE('',#13992,#10090,#14000,.T.);
#14000 = LINE('',#14001,#14002);
#14001 = CARTESIAN_POINT('',(3.4,10.4,-3.));
#14002 = VECTOR('',#14003,1.);
#14003 = DIRECTION('',(1.,0.,-2.710505431214E-16));
#14004 = ORIENTED_EDGE('',*,*,#13864,.T.);
#14005 = PLANE('',#14006);
#14006 = AXIS2_PLACEMENT_3D('',#14007,#14008,#14009);
#14007 = CARTESIAN_POINT('',(3.4,10.4,-3.5));
#14008 = DIRECTION('',(-2.938735877056E-31,-1.,-1.084202172486E-15));
#14009 = DIRECTION('',(0.,1.084202172486E-15,-1.));
#14010 = ADVANCED_FACE('',(#14011),#14029,.T.);
#14011 = FACE_BOUND('',#14012,.T.);
#14012 = EDGE_LOOP('',(#14013,#14020,#14021,#14028));
#14013 = ORIENTED_EDGE('',*,*,#14014,.F.);
#14014 = EDGE_CURVE('',#13992,#13960,#14015,.T.);
#14015 = CIRCLE('',#14016,0.4);
#14016 = AXIS2_PLACEMENT_3D('',#14017,#14018,#14019);
#14017 = CARTESIAN_POINT('',(2.2,10.,-3.));
#14018 = DIRECTION('',(2.710505431214E-16,-1.084202172486E-15,1.));
#14019 = DIRECTION('',(8.75811540203E-47,-1.,-1.084202172486E-15));
#14020 = ORIENTED_EDGE('',*,*,#13991,.F.);
#14021 = ORIENTED_EDGE('',*,*,#14022,.F.);
#14022 = EDGE_CURVE('',#13949,#13984,#14023,.T.);
#14023 = CIRCLE('',#14024,0.4);
#14024 = AXIS2_PLACEMENT_3D('',#14025,#14026,#14027);
#14025 = CARTESIAN_POINT('',(2.2,10.,-3.5));
#14026 = DIRECTION('',(-2.710505431214E-16,1.084202172486E-15,-1.));
#14027 = DIRECTION('',(8.75811540203E-47,-1.,-1.084202172486E-15));
#14028 = ORIENTED_EDGE('',*,*,#13967,.F.);
#14029 = CYLINDRICAL_SURFACE('',#14030,0.4);
#14030 = AXIS2_PLACEMENT_3D('',#14031,#14032,#14033);
#14031 = CARTESIAN_POINT('',(2.2,10.,-3.5));
#14032 = DIRECTION('',(4.336808689942E-16,-1.084202172486E-15,1.));
#14033 = DIRECTION('',(1.050973848244E-45,-1.,-1.084202172486E-15));
#14034 = ADVANCED_FACE('',(#14035),#14041,.F.);
#14035 = FACE_BOUND('',#14036,.T.);
#14036 = EDGE_LOOP('',(#14037,#14038,#14039,#14040));
#14037 = ORIENTED_EDGE('',*,*,#13983,.T.);
#14038 = ORIENTED_EDGE('',*,*,#13912,.T.);
#14039 = ORIENTED_EDGE('',*,*,#13948,.T.);
#14040 = ORIENTED_EDGE('',*,*,#14022,.T.);
#14041 = PLANE('',#14042);
#14042 = AXIS2_PLACEMENT_3D('',#14043,#14044,#14045);
#14043 = CARTESIAN_POINT('',(3.4,10.4,-3.5));
#14044 = DIRECTION('',(2.710505431214E-16,-1.084202172486E-15,1.));
#14045 = DIRECTION('',(0.,-1.,-1.084202172486E-15));
#14046 = ADVANCED_FACE('',(#14047),#14067,.F.);
#14047 = FACE_BOUND('',#14048,.T.);
#14048 = EDGE_LOOP('',(#14049,#14050,#14051,#14052,#14060,#14066));
#14049 = ORIENTED_EDGE('',*,*,#9816,.F.);
#14050 = ORIENTED_EDGE('',*,*,#13819,.F.);
#14051 = ORIENTED_EDGE('',*,*,#13849,.T.);
#14052 = ORIENTED_EDGE('',*,*,#14053,.T.);
#14053 = EDGE_CURVE('',#13842,#14054,#14056,.T.);
#14054 = VERTEX_POINT('',#14055);
#14055 = CARTESIAN_POINT('',(3.4,9.,-2.55));
#14056 = LINE('',#14057,#14058);
#14057 = CARTESIAN_POINT('',(3.4,9.,-2.55));
#14058 = VECTOR('',#14059,1.);
#14059 = DIRECTION('',(0.,0.,1.));
#14060 = ORIENTED_EDGE('',*,*,#14061,.F.);
#14061 = EDGE_CURVE('',#12619,#14054,#14062,.T.);
#14062 = LINE('',#14063,#14064);
#14063 = CARTESIAN_POINT('',(2.9,9.,-2.55));
#14064 = VECTOR('',#14065,1.);
#14065 = DIRECTION('',(1.,0.,-4.336808689942E-16));
#14066 = ORIENTED_EDGE('',*,*,#12618,.T.);
#14067 = PLANE('',#14068);
#14068 = AXIS2_PLACEMENT_3D('',#14069,#14070,#14071);
#14069 = CARTESIAN_POINT('',(2.9,9.,-2.55));
#14070 = DIRECTION('',(0.,1.,0.));
#14071 = DIRECTION('',(0.,-0.,1.));
#14072 = ADVANCED_FACE('',(#14073),#14091,.F.);
#14073 = FACE_BOUND('',#14074,.T.);
#14074 = EDGE_LOOP('',(#14075,#14083,#14084,#14085));
#14075 = ORIENTED_EDGE('',*,*,#14076,.F.);
#14076 = EDGE_CURVE('',#12627,#14077,#14079,.T.);
#14077 = VERTEX_POINT('',#14078);
#14078 = CARTESIAN_POINT('',(3.4,7.,-2.55));
#14079 = LINE('',#14080,#14081);
#14080 = CARTESIAN_POINT('',(2.9,7.,-2.55));
#14081 = VECTOR('',#14082,1.);
#14082 = DIRECTION('',(1.,0.,-4.336808689942E-16));
#14083 = ORIENTED_EDGE('',*,*,#12626,.T.);
#14084 = ORIENTED_EDGE('',*,*,#14061,.T.);
#14085 = ORIENTED_EDGE('',*,*,#14086,.T.);
#14086 = EDGE_CURVE('',#14054,#14077,#14087,.T.);
#14087 = LINE('',#14088,#14089);
#14088 = CARTESIAN_POINT('',(3.4,9.,-2.55));
#14089 = VECTOR('',#14090,1.);
#14090 = DIRECTION('',(0.,-1.,-4.336808689942E-16));
#14091 = PLANE('',#14092);
#14092 = AXIS2_PLACEMENT_3D('',#14093,#14094,#14095);
#14093 = CARTESIAN_POINT('',(2.9,9.,-2.55));
#14094 = DIRECTION('',(4.336808689942E-16,-4.336808689942E-16,1.));
#14095 = DIRECTION('',(0.,-1.,-4.336808689942E-16));
#14096 = ADVANCED_FACE('',(#14097),#14115,.F.);
#14097 = FACE_BOUND('',#14098,.T.);
#14098 = EDGE_LOOP('',(#14099,#14107,#14108,#14109));
#14099 = ORIENTED_EDGE('',*,*,#14100,.F.);
#14100 = EDGE_CURVE('',#12635,#14101,#14103,.T.);
#14101 = VERTEX_POINT('',#14102);
#14102 = CARTESIAN_POINT('',(3.4,7.,-1.8));
#14103 = LINE('',#14104,#14105);
#14104 = CARTESIAN_POINT('',(2.9,7.,-1.8));
#14105 = VECTOR('',#14106,1.);
#14106 = DIRECTION('',(1.,0.,-4.336808689942E-16));
#14107 = ORIENTED_EDGE('',*,*,#12634,.T.);
#14108 = ORIENTED_EDGE('',*,*,#14076,.T.);
#14109 = ORIENTED_EDGE('',*,*,#14110,.T.);
#14110 = EDGE_CURVE('',#14077,#14101,#14111,.T.);
#14111 = LINE('',#14112,#14113);
#14112 = CARTESIAN_POINT('',(3.4,7.,-2.55));
#14113 = VECTOR('',#14114,1.);
#14114 = DIRECTION('',(5.782411586589E-16,0.,1.));
#14115 = PLANE('',#14116);
#14116 = AXIS2_PLACEMENT_3D('',#14117,#14118,#14119);
#14117 = CARTESIAN_POINT('',(2.9,7.,-2.55));
#14118 = DIRECTION('',(0.,1.,0.));
#14119 = DIRECTION('',(0.,-0.,1.));
#14120 = ADVANCED_FACE('',(#14121),#14132,.F.);
#14121 = FACE_BOUND('',#14122,.T.);
#14122 = EDGE_LOOP('',(#14123,#14124,#14125,#14126));
#14123 = ORIENTED_EDGE('',*,*,#12602,.F.);
#14124 = ORIENTED_EDGE('',*,*,#12642,.T.);
#14125 = ORIENTED_EDGE('',*,*,#14100,.T.);
#14126 = ORIENTED_EDGE('',*,*,#14127,.T.);
#14127 = EDGE_CURVE('',#14101,#8560,#14128,.T.);
#14128 = LINE('',#14129,#14130);
#14129 = CARTESIAN_POINT('',(3.4,7.,-1.8));
#14130 = VECTOR('',#14131,1.);
#14131 = DIRECTION('',(0.,-1.,0.));
#14132 = PLANE('',#14133);
#14133 = AXIS2_PLACEMENT_3D('',#14134,#14135,#14136);
#14134 = CARTESIAN_POINT('',(2.9,7.,-1.8));
#14135 = DIRECTION('',(4.336808689942E-16,0.,1.));
#14136 = DIRECTION('',(1.,0.,-4.336808689942E-16));
#14137 = ADVANCED_FACE('',(#14138),#14156,.F.);
#14138 = FACE_BOUND('',#14139,.T.);
#14139 = EDGE_LOOP('',(#14140,#14148,#14149,#14150));
#14140 = ORIENTED_EDGE('',*,*,#14141,.F.);
#14141 = EDGE_CURVE('',#8490,#14142,#14144,.T.);
#14142 = VERTEX_POINT('',#14143);
#14143 = CARTESIAN_POINT('',(3.4,-7.,-1.8));
#14144 = LINE('',#14145,#14146);
#14145 = CARTESIAN_POINT('',(2.9,-7.,-1.8));
#14146 = VECTOR('',#14147,1.);
#14147 = DIRECTION('',(1.,0.,-4.336808689942E-16));
#14148 = ORIENTED_EDGE('',*,*,#8489,.T.);
#14149 = ORIENTED_EDGE('',*,*,#12660,.F.);
#14150 = ORIENTED_EDGE('',*,*,#14151,.T.);
#14151 = EDGE_CURVE('',#8568,#14142,#14152,.T.);
#14152 = LINE('',#14153,#14154);
#14153 = CARTESIAN_POINT('',(3.4,7.,-1.8));
#14154 = VECTOR('',#14155,1.);
#14155 = DIRECTION('',(0.,-1.,0.));
#14156 = PLANE('',#14157);
#14157 = AXIS2_PLACEMENT_3D('',#14158,#14159,#14160);
#14158 = CARTESIAN_POINT('',(2.9,7.,-1.8));
#14159 = DIRECTION('',(4.336808689942E-16,0.,1.));
#14160 = DIRECTION('',(1.,0.,-4.336808689942E-16));
#14161 = ADVANCED_FACE('',(#14162),#14180,.F.);
#14162 = FACE_BOUND('',#14163,.T.);
#14163 = EDGE_LOOP('',(#14164,#14172,#14173,#14174));
#14164 = ORIENTED_EDGE('',*,*,#14165,.F.);
#14165 = EDGE_CURVE('',#8498,#14166,#14168,.T.);
#14166 = VERTEX_POINT('',#14167);
#14167 = CARTESIAN_POINT('',(3.4,-7.,-2.55));
#14168 = LINE('',#14169,#14170);
#14169 = CARTESIAN_POINT('',(2.9,-7.,-2.55));
#14170 = VECTOR('',#14171,1.);
#14171 = DIRECTION('',(1.,0.,-4.336808689942E-16));
#14172 = ORIENTED_EDGE('',*,*,#8497,.T.);
#14173 = ORIENTED_EDGE('',*,*,#14141,.T.);
#14174 = ORIENTED_EDGE('',*,*,#14175,.T.);
#14175 = EDGE_CURVE('',#14142,#14166,#14176,.T.);
#14176 = LINE('',#14177,#14178);
#14177 = CARTESIAN_POINT('',(3.4,-7.,-2.55));
#14178 = VECTOR('',#14179,1.);
#14179 = DIRECTION('',(-5.782411586589E-16,0.,-1.));
#14180 = PLANE('',#14181);
#14181 = AXIS2_PLACEMENT_3D('',#14182,#14183,#14184);
#14182 = CARTESIAN_POINT('',(2.9,-7.,-2.55));
#14183 = DIRECTION('',(0.,-1.,0.));
#14184 = DIRECTION('',(0.,0.,-1.));
#14185 = ADVANCED_FACE('',(#14186),#14204,.F.);
#14186 = FACE_BOUND('',#14187,.T.);
#14187 = EDGE_LOOP('',(#14188,#14196,#14197,#14198));
#14188 = ORIENTED_EDGE('',*,*,#14189,.F.);
#14189 = EDGE_CURVE('',#8458,#14190,#14192,.T.);
#14190 = VERTEX_POINT('',#14191);
#14191 = CARTESIAN_POINT('',(3.4,-9.,-2.55));
#14192 = LINE('',#14193,#14194);
#14193 = CARTESIAN_POINT('',(2.9,-9.,-2.55));
#14194 = VECTOR('',#14195,1.);
#14195 = DIRECTION('',(1.,0.,-4.336808689942E-16));
#14196 = ORIENTED_EDGE('',*,*,#8505,.T.);
#14197 = ORIENTED_EDGE('',*,*,#14165,.T.);
#14198 = ORIENTED_EDGE('',*,*,#14199,.T.);
#14199 = EDGE_CURVE('',#14166,#14190,#14200,.T.);
#14200 = LINE('',#14201,#14202);
#14201 = CARTESIAN_POINT('',(3.4,-9.,-2.55));
#14202 = VECTOR('',#14203,1.);
#14203 = DIRECTION('',(0.,-1.,4.336808689942E-16));
#14204 = PLANE('',#14205);
#14205 = AXIS2_PLACEMENT_3D('',#14206,#14207,#14208);
#14206 = CARTESIAN_POINT('',(2.9,-9.,-2.55));
#14207 = DIRECTION('',(4.336808689942E-16,4.336808689942E-16,1.));
#14208 = DIRECTION('',(0.,-1.,4.336808689942E-16));
#14209 = ADVANCED_FACE('',(#14210),#14237,.F.);
#14210 = FACE_BOUND('',#14211,.T.);
#14211 = EDGE_LOOP('',(#14212,#14213,#14214,#14215,#14223,#14231));
#14212 = ORIENTED_EDGE('',*,*,#9785,.F.);
#14213 = ORIENTED_EDGE('',*,*,#8455,.T.);
#14214 = ORIENTED_EDGE('',*,*,#14189,.T.);
#14215 = ORIENTED_EDGE('',*,*,#14216,.T.);
#14216 = EDGE_CURVE('',#14190,#14217,#14219,.T.);
#14217 = VERTEX_POINT('',#14218);
#14218 = CARTESIAN_POINT('',(3.4,-9.,-3.));
#14219 = LINE('',#14220,#14221);
#14220 = CARTESIAN_POINT('',(3.4,-9.,-2.55));
#14221 = VECTOR('',#14222,1.);
#14222 = DIRECTION('',(0.,0.,-1.));
#14223 = ORIENTED_EDGE('',*,*,#14224,.F.);
#14224 = EDGE_CURVE('',#14225,#14217,#14227,.T.);
#14225 = VERTEX_POINT('',#14226);
#14226 = CARTESIAN_POINT('',(2.9,-9.,-3.));
#14227 = LINE('',#14228,#14229);
#14228 = CARTESIAN_POINT('',(2.9,-9.,-3.));
#14229 = VECTOR('',#14230,1.);
#14230 = DIRECTION('',(1.,0.,-4.336808689942E-16));
#14231 = ORIENTED_EDGE('',*,*,#14232,.F.);
#14232 = EDGE_CURVE('',#9746,#14225,#14233,.T.);
#14233 = LINE('',#14234,#14235);
#14234 = CARTESIAN_POINT('',(2.9,-9.,-2.55));
#14235 = VECTOR('',#14236,1.);
#14236 = DIRECTION('',(0.,0.,-1.));
#14237 = PLANE('',#14238);
#14238 = AXIS2_PLACEMENT_3D('',#14239,#14240,#14241);
#14239 = CARTESIAN_POINT('',(2.9,-9.,-2.55));
#14240 = DIRECTION('',(0.,-1.,0.));
#14241 = DIRECTION('',(0.,0.,-1.));
#14242 = ADVANCED_FACE('',(#14243),#14277,.F.);
#14243 = FACE_BOUND('',#14244,.T.);
#14244 = EDGE_LOOP('',(#14245,#14246,#14247,#14255,#14263,#14271));
#14245 = ORIENTED_EDGE('',*,*,#9745,.F.);
#14246 = ORIENTED_EDGE('',*,*,#14232,.T.);
#14247 = ORIENTED_EDGE('',*,*,#14248,.T.);
#14248 = EDGE_CURVE('',#14225,#14249,#14251,.T.);
#14249 = VERTEX_POINT('',#14250);
#14250 = CARTESIAN_POINT('',(2.9,-9.6,-3.));
#14251 = LINE('',#14252,#14253);
#14252 = CARTESIAN_POINT('',(2.9,-11.,-3.));
#14253 = VECTOR('',#14254,1.);
#14254 = DIRECTION('',(0.,-1.,0.));
#14255 = ORIENTED_EDGE('',*,*,#14256,.T.);
#14256 = EDGE_CURVE('',#14249,#14257,#14259,.T.);
#14257 = VERTEX_POINT('',#14258);
#14258 = CARTESIAN_POINT('',(2.9,-10.4,-3.));
#14259 = LINE('',#14260,#14261);
#14260 = CARTESIAN_POINT('',(2.9,-11.,-3.));
#14261 = VECTOR('',#14262,1.);
#14262 = DIRECTION('',(0.,-1.,0.));
#14263 = ORIENTED_EDGE('',*,*,#14264,.T.);
#14264 = EDGE_CURVE('',#14257,#14265,#14267,.T.);
#14265 = VERTEX_POINT('',#14266);
#14266 = CARTESIAN_POINT('',(2.9,-11.,-3.));
#14267 = LINE('',#14268,#14269);
#14268 = CARTESIAN_POINT('',(2.9,-11.,-3.));
#14269 = VECTOR('',#14270,1.);
#14270 = DIRECTION('',(0.,-1.,0.));
#14271 = ORIENTED_EDGE('',*,*,#14272,.T.);
#14272 = EDGE_CURVE('',#14265,#9748,#14273,.T.);
#14273 = LINE('',#14274,#14275);
#14274 = CARTESIAN_POINT('',(2.9,-11.,-2.55));
#14275 = VECTOR('',#14276,1.);
#14276 = DIRECTION('',(0.,0.,1.));
#14277 = PLANE('',#14278);
#14278 = AXIS2_PLACEMENT_3D('',#14279,#14280,#14281);
#14279 = CARTESIAN_POINT('',(2.9,27.,-0.5));
#14280 = DIRECTION('',(1.,0.,-4.336808689942E-16));
#14281 = DIRECTION('',(-4.336808689942E-16,0.,-1.));
#14282 = ADVANCED_FACE('',(#14283),#14308,.F.);
#14283 = FACE_BOUND('',#14284,.T.);
#14284 = EDGE_LOOP('',(#14285,#14293,#14301,#14307));
#14285 = ORIENTED_EDGE('',*,*,#14286,.F.);
#14286 = EDGE_CURVE('',#14287,#14257,#14289,.T.);
#14287 = VERTEX_POINT('',#14288);
#14288 = CARTESIAN_POINT('',(3.4,-10.4,-3.));
#14289 = LINE('',#14290,#14291);
#14290 = CARTESIAN_POINT('',(3.4,-10.4,-3.));
#14291 = VECTOR('',#14292,1.);
#14292 = DIRECTION('',(-1.,0.,2.710505431214E-16));
#14293 = ORIENTED_EDGE('',*,*,#14294,.T.);
#14294 = EDGE_CURVE('',#14287,#14295,#14297,.T.);
#14295 = VERTEX_POINT('',#14296);
#14296 = CARTESIAN_POINT('',(3.4,-11.,-3.));
#14297 = LINE('',#14298,#14299);
#14298 = CARTESIAN_POINT('',(3.4,-11.,-3.));
#14299 = VECTOR('',#14300,1.);
#14300 = DIRECTION('',(0.,-1.,0.));
#14301 = ORIENTED_EDGE('',*,*,#14302,.F.);
#14302 = EDGE_CURVE('',#14265,#14295,#14303,.T.);
#14303 = LINE('',#14304,#14305);
#14304 = CARTESIAN_POINT('',(2.9,-11.,-3.));
#14305 = VECTOR('',#14306,1.);
#14306 = DIRECTION('',(1.,0.,-4.336808689942E-16));
#14307 = ORIENTED_EDGE('',*,*,#14264,.F.);
#14308 = PLANE('',#14309);
#14309 = AXIS2_PLACEMENT_3D('',#14310,#14311,#14312);
#14310 = CARTESIAN_POINT('',(2.9,-11.,-3.));
#14311 = DIRECTION('',(4.336808689942E-16,0.,1.));
#14312 = DIRECTION('',(1.,0.,-4.336808689942E-16));
#14313 = ADVANCED_FACE('',(#14314),#14330,.T.);
#14314 = FACE_BOUND('',#14315,.T.);
#14315 = EDGE_LOOP('',(#14316,#14322,#14323,#14329));
#14316 = ORIENTED_EDGE('',*,*,#14317,.F.);
#14317 = EDGE_CURVE('',#10390,#14249,#14318,.T.);
#14318 = LINE('',#14319,#14320);
#14319 = CARTESIAN_POINT('',(3.4,-9.6,-3.));
#14320 = VECTOR('',#14321,1.);
#14321 = DIRECTION('',(1.,0.,-2.710505431214E-16));
#14322 = ORIENTED_EDGE('',*,*,#10389,.T.);
#14323 = ORIENTED_EDGE('',*,*,#14324,.F.);
#14324 = EDGE_CURVE('',#14257,#10382,#14325,.T.);
#14325 = LINE('',#14326,#14327);
#14326 = CARTESIAN_POINT('',(3.4,-10.4,-3.));
#14327 = VECTOR('',#14328,1.);
#14328 = DIRECTION('',(-1.,0.,2.710505431214E-16));
#14329 = ORIENTED_EDGE('',*,*,#14256,.F.);
#14330 = PLANE('',#14331);
#14331 = AXIS2_PLACEMENT_3D('',#14332,#14333,#14334);
#14332 = CARTESIAN_POINT('',(3.4,-9.6,-3.));
#14333 = DIRECTION('',(2.710505431214E-16,-1.084202172486E-15,1.));
#14334 = DIRECTION('',(0.,-1.,-1.084202172486E-15));
#14335 = ADVANCED_FACE('',(#14336),#14370,.T.);
#14336 = FACE_BOUND('',#14337,.T.);
#14337 = EDGE_LOOP('',(#14338,#14349,#14355,#14364));
#14338 = ORIENTED_EDGE('',*,*,#14339,.F.);
#14339 = EDGE_CURVE('',#14340,#14342,#14344,.T.);
#14340 = VERTEX_POINT('',#14341);
#14341 = CARTESIAN_POINT('',(3.4,-9.6,-3.));
#14342 = VERTEX_POINT('',#14343);
#14343 = CARTESIAN_POINT('',(2.9,-9.6,-3.5));
#14344 = CIRCLE('',#14345,0.5);
#14345 = AXIS2_PLACEMENT_3D('',#14346,#14347,#14348);
#14346 = CARTESIAN_POINT('',(2.9,-9.6,-3.));
#14347 = DIRECTION('',(2.938735877056E-31,1.,1.084202172486E-15));
#14348 = DIRECTION('',(3.186183822265E-46,1.084202172486E-15,-1.));
#14349 = ORIENTED_EDGE('',*,*,#14350,.F.);
#14350 = EDGE_CURVE('',#14287,#14340,#14351,.T.);
#14351 = LINE('',#14352,#14353);
#14352 = CARTESIAN_POINT('',(3.4,-9.6,-3.));
#14353 = VECTOR('',#14354,1.);
#14354 = DIRECTION('',(4.701977403289E-31,1.,1.084202172486E-15));
#14355 = ORIENTED_EDGE('',*,*,#14356,.F.);
#14356 = EDGE_CURVE('',#14357,#14287,#14359,.T.);
#14357 = VERTEX_POINT('',#14358);
#14358 = CARTESIAN_POINT('',(2.9,-10.4,-3.5));
#14359 = CIRCLE('',#14360,0.5);
#14360 = AXIS2_PLACEMENT_3D('',#14361,#14362,#14363);
#14361 = CARTESIAN_POINT('',(2.9,-10.4,-3.));
#14362 = DIRECTION('',(-2.938735877056E-31,-1.,-1.084202172486E-15));
#14363 = DIRECTION('',(-3.186183822265E-46,-1.084202172486E-15,1.));
#14364 = ORIENTED_EDGE('',*,*,#14365,.F.);
#14365 = EDGE_CURVE('',#14342,#14357,#14366,.T.);
#14366 = LINE('',#14367,#14368);
#14367 = CARTESIAN_POINT('',(2.9,-10.4,-3.5));
#14368 = VECTOR('',#14369,1.);
#14369 = DIRECTION('',(-4.701977403289E-31,-1.,-1.084202172486E-15));
#14370 = CYLINDRICAL_SURFACE('',#14371,0.5);
#14371 = AXIS2_PLACEMENT_3D('',#14372,#14373,#14374);
#14372 = CARTESIAN_POINT('',(2.9,-9.6,-3.));
#14373 = DIRECTION('',(4.701977403289E-31,1.,1.084202172486E-15));
#14374 = DIRECTION('',(-5.097894115624E-46,-1.084202172486E-15,1.));
#14375 = ADVANCED_FACE('',(#14376),#14392,.F.);
#14376 = FACE_BOUND('',#14377,.T.);
#14377 = EDGE_LOOP('',(#14378,#14384,#14385,#14386));
#14378 = ORIENTED_EDGE('',*,*,#14379,.F.);
#14379 = EDGE_CURVE('',#14249,#14340,#14380,.T.);
#14380 = LINE('',#14381,#14382);
#14381 = CARTESIAN_POINT('',(2.9,-9.6,-3.));
#14382 = VECTOR('',#14383,1.);
#14383 = DIRECTION('',(1.,1.763241526233E-31,-4.336808689942E-16));
#14384 = ORIENTED_EDGE('',*,*,#14248,.F.);
#14385 = ORIENTED_EDGE('',*,*,#14224,.T.);
#14386 = ORIENTED_EDGE('',*,*,#14387,.T.);
#14387 = EDGE_CURVE('',#14217,#14340,#14388,.T.);
#14388 = LINE('',#14389,#14390);
#14389 = CARTESIAN_POINT('',(3.4,-11.,-3.));
#14390 = VECTOR('',#14391,1.);
#14391 = DIRECTION('',(0.,-1.,0.));
#14392 = PLANE('',#14393);
#14393 = AXIS2_PLACEMENT_3D('',#14394,#14395,#14396);
#14394 = CARTESIAN_POINT('',(2.9,-11.,-3.));
#14395 = DIRECTION('',(4.336808689942E-16,0.,1.));
#14396 = DIRECTION('',(1.,0.,-4.336808689942E-16));
#14397 = ADVANCED_FACE('',(#14398),#14425,.F.);
#14398 = FACE_BOUND('',#14399,.T.);
#14399 = EDGE_LOOP('',(#14400,#14408,#14409,#14410,#14411,#14419));
#14400 = ORIENTED_EDGE('',*,*,#14401,.F.);
#14401 = EDGE_CURVE('',#14357,#14402,#14404,.T.);
#14402 = VERTEX_POINT('',#14403);
#14403 = CARTESIAN_POINT('',(2.2,-10.4,-3.5));
#14404 = LINE('',#14405,#14406);
#14405 = CARTESIAN_POINT('',(3.4,-10.4,-3.5));
#14406 = VECTOR('',#14407,1.);
#14407 = DIRECTION('',(-1.,0.,2.710505431214E-16));
#14408 = ORIENTED_EDGE('',*,*,#14356,.T.);
#14409 = ORIENTED_EDGE('',*,*,#14286,.T.);
#14410 = ORIENTED_EDGE('',*,*,#14324,.T.);
#14411 = ORIENTED_EDGE('',*,*,#14412,.T.);
#14412 = EDGE_CURVE('',#10382,#14413,#14415,.T.);
#14413 = VERTEX_POINT('',#14414);
#14414 = CARTESIAN_POINT('',(2.2,-10.4,-3.));
#14415 = LINE('',#14416,#14417);
#14416 = CARTESIAN_POINT('',(3.4,-10.4,-3.));
#14417 = VECTOR('',#14418,1.);
#14418 = DIRECTION('',(-1.,0.,2.710505431214E-16));
#14419 = ORIENTED_EDGE('',*,*,#14420,.T.);
#14420 = EDGE_CURVE('',#14413,#14402,#14421,.T.);
#14421 = LINE('',#14422,#14423);
#14422 = CARTESIAN_POINT('',(2.2,-10.4,-3.5));
#14423 = VECTOR('',#14424,1.);
#14424 = DIRECTION('',(-4.336808689942E-16,1.084202172486E-15,-1.));
#14425 = PLANE('',#14426);
#14426 = AXIS2_PLACEMENT_3D('',#14427,#14428,#14429);
#14427 = CARTESIAN_POINT('',(3.4,-10.4,-3.5));
#14428 = DIRECTION('',(2.938735877056E-31,1.,1.084202172486E-15));
#14429 = DIRECTION('',(0.,-1.084202172486E-15,1.));
#14430 = ADVANCED_FACE('',(#14431),#14458,.F.);
#14431 = FACE_BOUND('',#14432,.T.);
#14432 = EDGE_LOOP('',(#14433,#14434,#14435,#14443,#14451,#14457));
#14433 = ORIENTED_EDGE('',*,*,#14379,.T.);
#14434 = ORIENTED_EDGE('',*,*,#14339,.T.);
#14435 = ORIENTED_EDGE('',*,*,#14436,.F.);
#14436 = EDGE_CURVE('',#14437,#14342,#14439,.T.);
#14437 = VERTEX_POINT('',#14438);
#14438 = CARTESIAN_POINT('',(2.2,-9.6,-3.5));
#14439 = LINE('',#14440,#14441);
#14440 = CARTESIAN_POINT('',(3.4,-9.6,-3.5));
#14441 = VECTOR('',#14442,1.);
#14442 = DIRECTION('',(1.,0.,-2.710505431214E-16));
#14443 = ORIENTED_EDGE('',*,*,#14444,.T.);
#14444 = EDGE_CURVE('',#14437,#14445,#14447,.T.);
#14445 = VERTEX_POINT('',#14446);
#14446 = CARTESIAN_POINT('',(2.2,-9.6,-3.));
#14447 = LINE('',#14448,#14449);
#14448 = CARTESIAN_POINT('',(2.2,-9.6,-3.5));
#14449 = VECTOR('',#14450,1.);
#14450 = DIRECTION('',(4.336808689942E-16,-1.084202172486E-15,1.));
#14451 = ORIENTED_EDGE('',*,*,#14452,.T.);
#14452 = EDGE_CURVE('',#14445,#10390,#14453,.T.);
#14453 = LINE('',#14454,#14455);
#14454 = CARTESIAN_POINT('',(3.4,-9.6,-3.));
#14455 = VECTOR('',#14456,1.);
#14456 = DIRECTION('',(1.,0.,-2.710505431214E-16));
#14457 = ORIENTED_EDGE('',*,*,#14317,.T.);
#14458 = PLANE('',#14459);
#14459 = AXIS2_PLACEMENT_3D('',#14460,#14461,#14462);
#14460 = CARTESIAN_POINT('',(3.4,-9.6,-3.5));
#14461 = DIRECTION('',(-2.938735877056E-31,-1.,-1.084202172486E-15));
#14462 = DIRECTION('',(0.,1.084202172486E-15,-1.));
#14463 = ADVANCED_FACE('',(#14464),#14482,.T.);
#14464 = FACE_BOUND('',#14465,.T.);
#14465 = EDGE_LOOP('',(#14466,#14473,#14474,#14481));
#14466 = ORIENTED_EDGE('',*,*,#14467,.F.);
#14467 = EDGE_CURVE('',#14445,#14413,#14468,.T.);
#14468 = CIRCLE('',#14469,0.4);
#14469 = AXIS2_PLACEMENT_3D('',#14470,#14471,#14472);
#14470 = CARTESIAN_POINT('',(2.2,-10.,-3.));
#14471 = DIRECTION('',(2.710505431214E-16,-1.084202172486E-15,1.));
#14472 = DIRECTION('',(8.75811540203E-47,-1.,-1.084202172486E-15));
#14473 = ORIENTED_EDGE('',*,*,#14444,.F.);
#14474 = ORIENTED_EDGE('',*,*,#14475,.F.);
#14475 = EDGE_CURVE('',#14402,#14437,#14476,.T.);
#14476 = CIRCLE('',#14477,0.4);
#14477 = AXIS2_PLACEMENT_3D('',#14478,#14479,#14480);
#14478 = CARTESIAN_POINT('',(2.2,-10.,-3.5));
#14479 = DIRECTION('',(-2.710505431214E-16,1.084202172486E-15,-1.));
#14480 = DIRECTION('',(8.75811540203E-47,-1.,-1.084202172486E-15));
#14481 = ORIENTED_EDGE('',*,*,#14420,.F.);
#14482 = CYLINDRICAL_SURFACE('',#14483,0.4);
#14483 = AXIS2_PLACEMENT_3D('',#14484,#14485,#14486);
#14484 = CARTESIAN_POINT('',(2.2,-10.,-3.5));
#14485 = DIRECTION('',(4.336808689942E-16,-1.084202172486E-15,1.));
#14486 = DIRECTION('',(1.050973848244E-45,-1.,-1.084202172486E-15));
#14487 = ADVANCED_FACE('',(#14488),#14494,.F.);
#14488 = FACE_BOUND('',#14489,.T.);
#14489 = EDGE_LOOP('',(#14490,#14491,#14492,#14493));
#14490 = ORIENTED_EDGE('',*,*,#14436,.T.);
#14491 = ORIENTED_EDGE('',*,*,#14365,.T.);
#14492 = ORIENTED_EDGE('',*,*,#14401,.T.);
#14493 = ORIENTED_EDGE('',*,*,#14475,.T.);
#14494 = PLANE('',#14495);
#14495 = AXIS2_PLACEMENT_3D('',#14496,#14497,#14498);
#14496 = CARTESIAN_POINT('',(3.4,-9.6,-3.5));
#14497 = DIRECTION('',(2.710505431214E-16,-1.084202172486E-15,1.));
#14498 = DIRECTION('',(0.,-1.,-1.084202172486E-15));
#14499 = ADVANCED_FACE('',(#14500),#14520,.F.);
#14500 = FACE_BOUND('',#14501,.T.);
#14501 = EDGE_LOOP('',(#14502,#14503,#14504,#14505,#14513,#14519));
#14502 = ORIENTED_EDGE('',*,*,#9755,.F.);
#14503 = ORIENTED_EDGE('',*,*,#14272,.F.);
#14504 = ORIENTED_EDGE('',*,*,#14302,.T.);
#14505 = ORIENTED_EDGE('',*,*,#14506,.T.);
#14506 = EDGE_CURVE('',#14295,#14507,#14509,.T.);
#14507 = VERTEX_POINT('',#14508);
#14508 = CARTESIAN_POINT('',(3.4,-11.,-2.55));
#14509 = LINE('',#14510,#14511);
#14510 = CARTESIAN_POINT('',(3.4,-11.,-2.55));
#14511 = VECTOR('',#14512,1.);
#14512 = DIRECTION('',(0.,0.,1.));
#14513 = ORIENTED_EDGE('',*,*,#14514,.F.);
#14514 = EDGE_CURVE('',#8434,#14507,#14515,.T.);
#14515 = LINE('',#14516,#14517);
#14516 = CARTESIAN_POINT('',(2.9,-11.,-2.55));
#14517 = VECTOR('',#14518,1.);
#14518 = DIRECTION('',(1.,0.,-4.336808689942E-16));
#14519 = ORIENTED_EDGE('',*,*,#8433,.T.);
#14520 = PLANE('',#14521);
#14521 = AXIS2_PLACEMENT_3D('',#14522,#14523,#14524);
#14522 = CARTESIAN_POINT('',(2.9,-11.,-2.55));
#14523 = DIRECTION('',(0.,1.,0.));
#14524 = DIRECTION('',(0.,-0.,1.));
#14525 = ADVANCED_FACE('',(#14526),#14544,.F.);
#14526 = FACE_BOUND('',#14527,.T.);
#14527 = EDGE_LOOP('',(#14528,#14536,#14537,#14538));
#14528 = ORIENTED_EDGE('',*,*,#14529,.F.);
#14529 = EDGE_CURVE('',#8394,#14530,#14532,.T.);
#14530 = VERTEX_POINT('',#14531);
#14531 = CARTESIAN_POINT('',(3.4,-13.,-2.55));
#14532 = LINE('',#14533,#14534);
#14533 = CARTESIAN_POINT('',(2.9,-13.,-2.55));
#14534 = VECTOR('',#14535,1.);
#14535 = DIRECTION('',(1.,0.,-4.336808689942E-16));
#14536 = ORIENTED_EDGE('',*,*,#8441,.T.);
#14537 = ORIENTED_EDGE('',*,*,#14514,.T.);
#14538 = ORIENTED_EDGE('',*,*,#14539,.T.);
#14539 = EDGE_CURVE('',#14507,#14530,#14540,.T.);
#14540 = LINE('',#14541,#14542);
#14541 = CARTESIAN_POINT('',(3.4,-13.,-2.55));
#14542 = VECTOR('',#14543,1.);
#14543 = DIRECTION('',(0.,-1.,2.168404344971E-16));
#14544 = PLANE('',#14545);
#14545 = AXIS2_PLACEMENT_3D('',#14546,#14547,#14548);
#14546 = CARTESIAN_POINT('',(2.9,-13.,-2.55));
#14547 = DIRECTION('',(4.336808689942E-16,2.168404344971E-16,1.));
#14548 = DIRECTION('',(1.,0.,-4.336808689942E-16));
#14549 = ADVANCED_FACE('',(#14550),#14568,.F.);
#14550 = FACE_BOUND('',#14551,.T.);
#14551 = EDGE_LOOP('',(#14552,#14560,#14561,#14562));
#14552 = ORIENTED_EDGE('',*,*,#14553,.F.);
#14553 = EDGE_CURVE('',#8392,#14554,#14556,.T.);
#14554 = VERTEX_POINT('',#14555);
#14555 = CARTESIAN_POINT('',(3.4,-13.,-1.8));
#14556 = LINE('',#14557,#14558);
#14557 = CARTESIAN_POINT('',(2.9,-13.,-1.8));
#14558 = VECTOR('',#14559,1.);
#14559 = DIRECTION('',(1.,0.,-4.336808689942E-16));
#14560 = ORIENTED_EDGE('',*,*,#8391,.T.);
#14561 = ORIENTED_EDGE('',*,*,#14529,.T.);
#14562 = ORIENTED_EDGE('',*,*,#14563,.T.);
#14563 = EDGE_CURVE('',#14530,#14554,#14564,.T.);
#14564 = LINE('',#14565,#14566);
#14565 = CARTESIAN_POINT('',(3.4,-13.,-1.8));
#14566 = VECTOR('',#14567,1.);
#14567 = DIRECTION('',(5.782411586589E-16,0.,1.));
#14568 = PLANE('',#14569);
#14569 = AXIS2_PLACEMENT_3D('',#14570,#14571,#14572);
#14570 = CARTESIAN_POINT('',(2.9,-13.,-1.8));
#14571 = DIRECTION('',(0.,1.,0.));
#14572 = DIRECTION('',(0.,-0.,1.));
#14573 = ADVANCED_FACE('',(#14574),#14585,.F.);
#14574 = FACE_BOUND('',#14575,.T.);
#14575 = EDGE_LOOP('',(#14576,#14577,#14578,#14579));
#14576 = ORIENTED_EDGE('',*,*,#11621,.F.);
#14577 = ORIENTED_EDGE('',*,*,#8401,.T.);
#14578 = ORIENTED_EDGE('',*,*,#14553,.T.);
#14579 = ORIENTED_EDGE('',*,*,#14580,.T.);
#14580 = EDGE_CURVE('',#14554,#11622,#14581,.T.);
#14581 = LINE('',#14582,#14583);
#14582 = CARTESIAN_POINT('',(3.4,-13.,-1.8));
#14583 = VECTOR('',#14584,1.);
#14584 = DIRECTION('',(0.,-1.,-1.539695392879E-16));
#14585 = PLANE('',#14586);
#14586 = AXIS2_PLACEMENT_3D('',#14587,#14588,#14589);
#14587 = CARTESIAN_POINT('',(2.9,-13.,-1.8));
#14588 = DIRECTION('',(4.336808689942E-16,-1.539695392879E-16,1.));
#14589 = DIRECTION('',(1.,0.,-4.336808689942E-16));
#14590 = ADVANCED_FACE('',(#14591),#14627,.T.);
#14591 = FACE_BOUND('',#14592,.T.);
#14592 = EDGE_LOOP('',(#14593,#14603,#14612,#14620));
#14593 = ORIENTED_EDGE('',*,*,#14594,.F.);
#14594 = EDGE_CURVE('',#14595,#14597,#14599,.T.);
#14595 = VERTEX_POINT('',#14596);
#14596 = CARTESIAN_POINT('',(2.9,-29.,0.));
#14597 = VERTEX_POINT('',#14598);
#14598 = CARTESIAN_POINT('',(2.9,26.3,-5.421010862428E-16));
#14599 = LINE('',#14600,#14601);
#14600 = CARTESIAN_POINT('',(2.9,27.,-5.421010862428E-16));
#14601 = VECTOR('',#14602,1.);
#14602 = DIRECTION('',(-0.,1.,-0.));
#14603 = ORIENTED_EDGE('',*,*,#14604,.T.);
#14604 = EDGE_CURVE('',#14595,#14605,#14607,.T.);
#14605 = VERTEX_POINT('',#14606);
#14606 = CARTESIAN_POINT('',(3.4,-29.,-0.5));
#14607 = CIRCLE('',#14608,0.5);
#14608 = AXIS2_PLACEMENT_3D('',#14609,#14610,#14611);
#14609 = CARTESIAN_POINT('',(2.9,-29.,-0.5));
#14610 = DIRECTION('',(-0.,1.,0.));
#14611 = DIRECTION('',(0.,0.,-1.));
#14612 = ORIENTED_EDGE('',*,*,#14613,.F.);
#14613 = EDGE_CURVE('',#14614,#14605,#14616,.T.);
#14614 = VERTEX_POINT('',#14615);
#14615 = CARTESIAN_POINT('',(3.4,26.3,-0.5));
#14616 = LINE('',#14617,#14618);
#14617 = CARTESIAN_POINT('',(3.4,27.,-0.5));
#14618 = VECTOR('',#14619,1.);
#14619 = DIRECTION('',(0.,-1.,0.));
#14620 = ORIENTED_EDGE('',*,*,#14621,.T.);
#14621 = EDGE_CURVE('',#14614,#14597,#14622,.T.);
#14622 = CIRCLE('',#14623,0.5);
#14623 = AXIS2_PLACEMENT_3D('',#14624,#14625,#14626);
#14624 = CARTESIAN_POINT('',(2.9,26.3,-0.5));
#14625 = DIRECTION('',(0.,-1.,0.));
#14626 = DIRECTION('',(0.,0.,1.));
#14627 = CYLINDRICAL_SURFACE('',#14628,0.5);
#14628 = AXIS2_PLACEMENT_3D('',#14629,#14630,#14631);
#14629 = CARTESIAN_POINT('',(2.9,27.,-0.5));
#14630 = DIRECTION('',(0.,-1.,0.));
#14631 = DIRECTION('',(0.,0.,-1.));
#14632 = ADVANCED_FACE('',(#14633),#14657,.T.);
#14633 = FACE_BOUND('',#14634,.T.);
#14634 = EDGE_LOOP('',(#14635,#14636,#14637,#14643,#14644,#14650,#14651)
  );
#14635 = ORIENTED_EDGE('',*,*,#8630,.F.);
#14636 = ORIENTED_EDGE('',*,*,#13674,.T.);
#14637 = ORIENTED_EDGE('',*,*,#14638,.T.);
#14638 = EDGE_CURVE('',#13667,#13634,#14639,.T.);
#14639 = LINE('',#14640,#14641);
#14640 = CARTESIAN_POINT('',(-2.9,26.3,-0.5));
#14641 = VECTOR('',#14642,1.);
#14642 = DIRECTION('',(-1.,0.,1.836970198721E-16));
#14643 = ORIENTED_EDGE('',*,*,#13650,.T.);
#14644 = ORIENTED_EDGE('',*,*,#14645,.F.);
#14645 = EDGE_CURVE('',#14597,#13643,#14646,.T.);
#14646 = LINE('',#14647,#14648);
#14647 = CARTESIAN_POINT('',(2.8,26.3,0.));
#14648 = VECTOR('',#14649,1.);
#14649 = DIRECTION('',(-1.,0.,0.));
#14650 = ORIENTED_EDGE('',*,*,#14621,.F.);
#14651 = ORIENTED_EDGE('',*,*,#14652,.F.);
#14652 = EDGE_CURVE('',#8633,#14614,#14653,.T.);
#14653 = LINE('',#14654,#14655);
#14654 = CARTESIAN_POINT('',(3.4,26.3,-4.5));
#14655 = VECTOR('',#14656,1.);
#14656 = DIRECTION('',(0.,0.,1.));
#14657 = PLANE('',#14658);
#14658 = AXIS2_PLACEMENT_3D('',#14659,#14660,#14661);
#14659 = CARTESIAN_POINT('',(2.8,26.3,-4.5));
#14660 = DIRECTION('',(0.,1.,0.));
#14661 = DIRECTION('',(0.,-0.,1.));
#14662 = ADVANCED_FACE('',(#14663),#14681,.F.);
#14663 = FACE_BOUND('',#14664,.T.);
#14664 = EDGE_LOOP('',(#14665,#14673,#14674,#14675));
#14665 = ORIENTED_EDGE('',*,*,#14666,.F.);
#14666 = EDGE_CURVE('',#12405,#14667,#14669,.T.);
#14667 = VERTEX_POINT('',#14668);
#14668 = CARTESIAN_POINT('',(3.4,25.5,-1.8));
#14669 = LINE('',#14670,#14671);
#14670 = CARTESIAN_POINT('',(2.9,25.5,-1.8));
#14671 = VECTOR('',#14672,1.);
#14672 = DIRECTION('',(1.,0.,-4.336808689942E-16));
#14673 = ORIENTED_EDGE('',*,*,#12419,.T.);
#14674 = ORIENTED_EDGE('',*,*,#8744,.F.);
#14675 = ORIENTED_EDGE('',*,*,#14676,.T.);
#14676 = EDGE_CURVE('',#8641,#14667,#14677,.T.);
#14677 = LINE('',#14678,#14679);
#14678 = CARTESIAN_POINT('',(3.4,26.3,-1.8));
#14679 = VECTOR('',#14680,1.);
#14680 = DIRECTION('',(0.,-1.,0.));
#14681 = PLANE('',#14682);
#14682 = AXIS2_PLACEMENT_3D('',#14683,#14684,#14685);
#14683 = CARTESIAN_POINT('',(2.9,26.3,-1.8));
#14684 = DIRECTION('',(4.336808689942E-16,0.,1.));
#14685 = DIRECTION('',(1.,0.,-4.336808689942E-16));
#14686 = ADVANCED_FACE('',(#14687),#14727,.T.);
#14687 = FACE_BOUND('',#14688,.T.);
#14688 = EDGE_LOOP('',(#14689,#14699,#14705,#14706,#14712,#14713,#14721)
  );
#14689 = ORIENTED_EDGE('',*,*,#14690,.T.);
#14690 = EDGE_CURVE('',#14691,#14693,#14695,.T.);
#14691 = VERTEX_POINT('',#14692);
#14692 = CARTESIAN_POINT('',(2.9,-29.,-1.1));
#14693 = VERTEX_POINT('',#14694);
#14694 = CARTESIAN_POINT('',(3.4,-29.,-1.1));
#14695 = LINE('',#14696,#14697);
#14696 = CARTESIAN_POINT('',(2.9,-29.,-1.1));
#14697 = VECTOR('',#14698,1.);
#14698 = DIRECTION('',(1.,0.,-4.336808689942E-16));
#14699 = ORIENTED_EDGE('',*,*,#14700,.T.);
#14700 = EDGE_CURVE('',#14693,#14605,#14701,.T.);
#14701 = LINE('',#14702,#14703);
#14702 = CARTESIAN_POINT('',(3.4,-29.,-4.5));
#14703 = VECTOR('',#14704,1.);
#14704 = DIRECTION('',(0.,0.,1.));
#14705 = ORIENTED_EDGE('',*,*,#14604,.F.);
#14706 = ORIENTED_EDGE('',*,*,#14707,.F.);
#14707 = EDGE_CURVE('',#13548,#14595,#14708,.T.);
#14708 = LINE('',#14709,#14710);
#14709 = CARTESIAN_POINT('',(3.4,-29.,0.));
#14710 = VECTOR('',#14711,1.);
#14711 = DIRECTION('',(1.,0.,0.));
#14712 = ORIENTED_EDGE('',*,*,#13547,.F.);
#14713 = ORIENTED_EDGE('',*,*,#14714,.T.);
#14714 = EDGE_CURVE('',#13540,#14715,#14717,.T.);
#14715 = VERTEX_POINT('',#14716);
#14716 = CARTESIAN_POINT('',(2.9,-29.,-0.5));
#14717 = LINE('',#14718,#14719);
#14718 = CARTESIAN_POINT('',(-2.9,-29.,-0.5));
#14719 = VECTOR('',#14720,1.);
#14720 = DIRECTION('',(1.,0.,-1.836970198721E-16));
#14721 = ORIENTED_EDGE('',*,*,#14722,.T.);
#14722 = EDGE_CURVE('',#14715,#14691,#14723,.T.);
#14723 = LINE('',#14724,#14725);
#14724 = CARTESIAN_POINT('',(2.9,-29.,-0.5));
#14725 = VECTOR('',#14726,1.);
#14726 = DIRECTION('',(-4.336808689942E-16,0.,-1.));
#14727 = PLANE('',#14728);
#14728 = AXIS2_PLACEMENT_3D('',#14729,#14730,#14731);
#14729 = CARTESIAN_POINT('',(3.4,-29.,-4.5));
#14730 = DIRECTION('',(0.,-1.,0.));
#14731 = DIRECTION('',(0.,0.,-1.));
#14732 = ADVANCED_FACE('',(#14733),#14758,.F.);
#14733 = FACE_BOUND('',#14734,.T.);
#14734 = EDGE_LOOP('',(#14735,#14743,#14744,#14752));
#14735 = ORIENTED_EDGE('',*,*,#14736,.T.);
#14736 = EDGE_CURVE('',#14737,#14693,#14739,.T.);
#14737 = VERTEX_POINT('',#14738);
#14738 = CARTESIAN_POINT('',(3.4,-26.5,-1.1));
#14739 = LINE('',#14740,#14741);
#14740 = CARTESIAN_POINT('',(3.4,-26.5,-1.1));
#14741 = VECTOR('',#14742,1.);
#14742 = DIRECTION('',(0.,-1.,-1.301042606983E-16));
#14743 = ORIENTED_EDGE('',*,*,#14690,.F.);
#14744 = ORIENTED_EDGE('',*,*,#14745,.F.);
#14745 = EDGE_CURVE('',#14746,#14691,#14748,.T.);
#14746 = VERTEX_POINT('',#14747);
#14747 = CARTESIAN_POINT('',(2.9,-26.5,-1.1));
#14748 = LINE('',#14749,#14750);
#14749 = CARTESIAN_POINT('',(2.9,-26.5,-1.1));
#14750 = VECTOR('',#14751,1.);
#14751 = DIRECTION('',(0.,-1.,-1.301042606983E-16));
#14752 = ORIENTED_EDGE('',*,*,#14753,.T.);
#14753 = EDGE_CURVE('',#14746,#14737,#14754,.T.);
#14754 = LINE('',#14755,#14756);
#14755 = CARTESIAN_POINT('',(2.9,-26.5,-1.1));
#14756 = VECTOR('',#14757,1.);
#14757 = DIRECTION('',(1.,0.,-4.336808689942E-16));
#14758 = PLANE('',#14759);
#14759 = AXIS2_PLACEMENT_3D('',#14760,#14761,#14762);
#14760 = CARTESIAN_POINT('',(2.9,-26.5,-1.1));
#14761 = DIRECTION('',(4.336808689942E-16,-1.301042606983E-16,1.));
#14762 = DIRECTION('',(1.,0.,-4.336808689942E-16));
#14763 = ADVANCED_FACE('',(#14764),#14780,.F.);
#14764 = FACE_BOUND('',#14765,.T.);
#14765 = EDGE_LOOP('',(#14766,#14772,#14773,#14779));
#14766 = ORIENTED_EDGE('',*,*,#14767,.T.);
#14767 = EDGE_CURVE('',#12199,#14737,#14768,.T.);
#14768 = LINE('',#14769,#14770);
#14769 = CARTESIAN_POINT('',(3.4,-26.5,-1.8));
#14770 = VECTOR('',#14771,1.);
#14771 = DIRECTION('',(0.,0.,1.));
#14772 = ORIENTED_EDGE('',*,*,#14753,.F.);
#14773 = ORIENTED_EDGE('',*,*,#14774,.F.);
#14774 = EDGE_CURVE('',#12207,#14746,#14775,.T.);
#14775 = LINE('',#14776,#14777);
#14776 = CARTESIAN_POINT('',(2.9,-26.5,-1.8));
#14777 = VECTOR('',#14778,1.);
#14778 = DIRECTION('',(0.,0.,1.));
#14779 = ORIENTED_EDGE('',*,*,#12206,.T.);
#14780 = PLANE('',#14781);
#14781 = AXIS2_PLACEMENT_3D('',#14782,#14783,#14784);
#14782 = CARTESIAN_POINT('',(2.9,-26.5,-1.8));
#14783 = DIRECTION('',(0.,1.,0.));
#14784 = DIRECTION('',(0.,-0.,1.));
#14785 = ADVANCED_FACE('',(#14786),#14811,.F.);
#14786 = FACE_BOUND('',#14787,.T.);
#14787 = EDGE_LOOP('',(#14788,#14798,#14804,#14805));
#14788 = ORIENTED_EDGE('',*,*,#14789,.T.);
#14789 = EDGE_CURVE('',#14790,#14792,#14794,.T.);
#14790 = VERTEX_POINT('',#14791);
#14791 = CARTESIAN_POINT('',(-2.8,26.3,-0.5));
#14792 = VERTEX_POINT('',#14793);
#14793 = CARTESIAN_POINT('',(-2.8,26.3,0.));
#14794 = LINE('',#14795,#14796);
#14795 = CARTESIAN_POINT('',(-2.8,26.3,-4.5));
#14796 = VECTOR('',#14797,1.);
#14797 = DIRECTION('',(0.,0.,1.));
#14798 = ORIENTED_EDGE('',*,*,#14799,.T.);
#14799 = EDGE_CURVE('',#14792,#13195,#14800,.T.);
#14800 = LINE('',#14801,#14802);
#14801 = CARTESIAN_POINT('',(-2.8,26.5,0.));
#14802 = VECTOR('',#14803,1.);
#14803 = DIRECTION('',(0.,1.,0.));
#14804 = ORIENTED_EDGE('',*,*,#13192,.F.);
#14805 = ORIENTED_EDGE('',*,*,#14806,.F.);
#14806 = EDGE_CURVE('',#14790,#13193,#14807,.T.);
#14807 = LINE('',#14808,#14809);
#14808 = CARTESIAN_POINT('',(-2.8,27.,-0.5));
#14809 = VECTOR('',#14810,1.);
#14810 = DIRECTION('',(0.,1.,0.));
#14811 = PLANE('',#14812);
#14812 = AXIS2_PLACEMENT_3D('',#14813,#14814,#14815);
#14813 = CARTESIAN_POINT('',(-2.8,26.5,-4.5));
#14814 = DIRECTION('',(1.,0.,0.));
#14815 = DIRECTION('',(0.,0.,-1.));
#14816 = ADVANCED_FACE('',(#14817,#14866),#14884,.T.);
#14817 = FACE_BOUND('',#14818,.T.);
#14818 = EDGE_LOOP('',(#14819,#14820,#14821,#14822,#14823,#14824,#14825,
    #14826,#14827,#14828,#14829,#14830,#14831,#14832,#14833,#14834,
    #14835,#14836,#14837,#14838,#14839,#14840,#14841,#14842,#14850,
    #14858,#14864,#14865));
#14819 = ORIENTED_EDGE('',*,*,#13304,.F.);
#14820 = ORIENTED_EDGE('',*,*,#13342,.F.);
#14821 = ORIENTED_EDGE('',*,*,#13356,.F.);
#14822 = ORIENTED_EDGE('',*,*,#12914,.F.);
#14823 = ORIENTED_EDGE('',*,*,#13422,.T.);
#14824 = ORIENTED_EDGE('',*,*,#13456,.T.);
#14825 = ORIENTED_EDGE('',*,*,#13493,.T.);
#14826 = ORIENTED_EDGE('',*,*,#13524,.T.);
#14827 = ORIENTED_EDGE('',*,*,#13555,.T.);
#14828 = ORIENTED_EDGE('',*,*,#14707,.T.);
#14829 = ORIENTED_EDGE('',*,*,#14594,.T.);
#14830 = ORIENTED_EDGE('',*,*,#14645,.T.);
#14831 = ORIENTED_EDGE('',*,*,#13642,.T.);
#14832 = ORIENTED_EDGE('',*,*,#12956,.T.);
#14833 = ORIENTED_EDGE('',*,*,#12994,.T.);
#14834 = ORIENTED_EDGE('',*,*,#13025,.T.);
#14835 = ORIENTED_EDGE('',*,*,#13058,.T.);
#14836 = ORIENTED_EDGE('',*,*,#12881,.F.);
#14837 = ORIENTED_EDGE('',*,*,#13112,.F.);
#14838 = ORIENTED_EDGE('',*,*,#13130,.F.);
#14839 = ORIENTED_EDGE('',*,*,#13171,.F.);
#14840 = ORIENTED_EDGE('',*,*,#13202,.F.);
#14841 = ORIENTED_EDGE('',*,*,#14799,.F.);
#14842 = ORIENTED_EDGE('',*,*,#14843,.F.);
#14843 = EDGE_CURVE('',#14844,#14792,#14846,.T.);
#14844 = VERTEX_POINT('',#14845);
#14845 = CARTESIAN_POINT('',(-2.9,26.3,0.));
#14846 = LINE('',#14847,#14848);
#14847 = CARTESIAN_POINT('',(-2.8,26.3,0.));
#14848 = VECTOR('',#14849,1.);
#14849 = DIRECTION('',(1.,0.,0.));
#14850 = ORIENTED_EDGE('',*,*,#14851,.T.);
#14851 = EDGE_CURVE('',#14844,#14852,#14854,.T.);
#14852 = VERTEX_POINT('',#14853);
#14853 = CARTESIAN_POINT('',(-2.9,-29.,5.421010862428E-16));
#14854 = LINE('',#14855,#14856);
#14855 = CARTESIAN_POINT('',(-2.9,27.,5.421010862428E-16));
#14856 = VECTOR('',#14857,1.);
#14857 = DIRECTION('',(0.,-1.,0.));
#14858 = ORIENTED_EDGE('',*,*,#14859,.F.);
#14859 = EDGE_CURVE('',#13234,#14852,#14860,.T.);
#14860 = LINE('',#14861,#14862);
#14861 = CARTESIAN_POINT('',(-3.4,-29.,0.));
#14862 = VECTOR('',#14863,1.);
#14863 = DIRECTION('',(-1.,0.,0.));
#14864 = ORIENTED_EDGE('',*,*,#13233,.F.);
#14865 = ORIENTED_EDGE('',*,*,#13273,.F.);
#14866 = FACE_BOUND('',#14867,.T.);
#14867 = EDGE_LOOP('',(#14868,#14869,#14870,#14878));
#14868 = ORIENTED_EDGE('',*,*,#13578,.F.);
#14869 = ORIENTED_EDGE('',*,*,#13617,.F.);
#14870 = ORIENTED_EDGE('',*,*,#14871,.F.);
#14871 = EDGE_CURVE('',#14872,#13610,#14874,.T.);
#14872 = VERTEX_POINT('',#14873);
#14873 = CARTESIAN_POINT('',(1.25,-24.5,0.));
#14874 = LINE('',#14875,#14876);
#14875 = CARTESIAN_POINT('',(1.25,24.5,0.));
#14876 = VECTOR('',#14877,1.);
#14877 = DIRECTION('',(0.,1.,0.));
#14878 = ORIENTED_EDGE('',*,*,#14879,.F.);
#14879 = EDGE_CURVE('',#13579,#14872,#14880,.T.);
#14880 = LINE('',#14881,#14882);
#14881 = CARTESIAN_POINT('',(-1.25,-24.5,0.));
#14882 = VECTOR('',#14883,1.);
#14883 = DIRECTION('',(1.,0.,0.));
#14884 = PLANE('',#14885);
#14885 = AXIS2_PLACEMENT_3D('',#14886,#14887,#14888);
#14886 = CARTESIAN_POINT('',(-2.9,27.,5.421010862428E-16));
#14887 = DIRECTION('',(1.836970198721E-16,0.,1.));
#14888 = DIRECTION('',(1.,0.,-1.836970198721E-16));
#14889 = ADVANCED_FACE('',(#14890),#14920,.F.);
#14890 = FACE_BOUND('',#14891,.T.);
#14891 = EDGE_LOOP('',(#14892,#14893,#14894,#14902,#14908,#14909,#14910,
    #14911,#14912,#14913,#14914,#14915,#14916,#14917,#14918,#14919));
#14892 = ORIENTED_EDGE('',*,*,#13666,.T.);
#14893 = ORIENTED_EDGE('',*,*,#8608,.T.);
#14894 = ORIENTED_EDGE('',*,*,#14895,.F.);
#14895 = EDGE_CURVE('',#14896,#8601,#14898,.T.);
#14896 = VERTEX_POINT('',#14897);
#14897 = CARTESIAN_POINT('',(-2.9,26.3,-0.5));
#14898 = LINE('',#14899,#14900);
#14899 = CARTESIAN_POINT('',(-2.9,27.,-0.5));
#14900 = VECTOR('',#14901,1.);
#14901 = DIRECTION('',(0.,-1.,0.));
#14902 = ORIENTED_EDGE('',*,*,#14903,.T.);
#14903 = EDGE_CURVE('',#14896,#14790,#14904,.T.);
#14904 = LINE('',#14905,#14906);
#14905 = CARTESIAN_POINT('',(-2.9,26.3,-0.5));
#14906 = VECTOR('',#14907,1.);
#14907 = DIRECTION('',(1.,0.,-1.836970198721E-16));
#14908 = ORIENTED_EDGE('',*,*,#14806,.T.);
#14909 = ORIENTED_EDGE('',*,*,#13209,.T.);
#14910 = ORIENTED_EDGE('',*,*,#13178,.T.);
#14911 = ORIENTED_EDGE('',*,*,#13139,.T.);
#14912 = ORIENTED_EDGE('',*,*,#13096,.T.);
#14913 = ORIENTED_EDGE('',*,*,#13073,.T.);
#14914 = ORIENTED_EDGE('',*,*,#13041,.F.);
#14915 = ORIENTED_EDGE('',*,*,#13009,.F.);
#14916 = ORIENTED_EDGE('',*,*,#12978,.F.);
#14917 = ORIENTED_EDGE('',*,*,#12938,.F.);
#14918 = ORIENTED_EDGE('',*,*,#13633,.F.);
#14919 = ORIENTED_EDGE('',*,*,#14638,.F.);
#14920 = PLANE('',#14921);
#14921 = AXIS2_PLACEMENT_3D('',#14922,#14923,#14924);
#14922 = CARTESIAN_POINT('',(-2.9,27.,-0.5));
#14923 = DIRECTION('',(1.836970198721E-16,0.,1.));
#14924 = DIRECTION('',(1.,0.,-1.836970198721E-16));
#14925 = ADVANCED_FACE('',(#14926),#14944,.F.);
#14926 = FACE_BOUND('',#14927,.T.);
#14927 = EDGE_LOOP('',(#14928,#14929,#14930,#14938));
#14928 = ORIENTED_EDGE('',*,*,#12491,.F.);
#14929 = ORIENTED_EDGE('',*,*,#12515,.T.);
#14930 = ORIENTED_EDGE('',*,*,#14931,.T.);
#14931 = EDGE_CURVE('',#12508,#14932,#14934,.T.);
#14932 = VERTEX_POINT('',#14933);
#14933 = CARTESIAN_POINT('',(-3.4,25.5,-1.8));
#14934 = LINE('',#14935,#14936);
#14935 = CARTESIAN_POINT('',(-2.9,25.5,-1.8));
#14936 = VECTOR('',#14937,1.);
#14937 = DIRECTION('',(-1.,0.,0.));
#14938 = ORIENTED_EDGE('',*,*,#14939,.T.);
#14939 = EDGE_CURVE('',#14932,#8699,#14940,.T.);
#14940 = LINE('',#14941,#14942);
#14941 = CARTESIAN_POINT('',(-3.4,26.3,-1.8));
#14942 = VECTOR('',#14943,1.);
#14943 = DIRECTION('',(0.,1.,0.));
#14944 = PLANE('',#14945);
#14945 = AXIS2_PLACEMENT_3D('',#14946,#14947,#14948);
#14946 = CARTESIAN_POINT('',(-2.9,26.3,-1.8));
#14947 = DIRECTION('',(0.,0.,1.));
#14948 = DIRECTION('',(1.,0.,-0.));
#14949 = ADVANCED_FACE('',(#14950),#14977,.F.);
#14950 = FACE_BOUND('',#14951,.T.);
#14951 = EDGE_LOOP('',(#14952,#14958,#14959,#14967,#14974,#14975,#14976)
  );
#14952 = ORIENTED_EDGE('',*,*,#14953,.F.);
#14953 = EDGE_CURVE('',#8715,#14896,#14954,.T.);
#14954 = LINE('',#14955,#14956);
#14955 = CARTESIAN_POINT('',(-2.9,26.3,-0.5));
#14956 = VECTOR('',#14957,1.);
#14957 = DIRECTION('',(0.,0.,1.));
#14958 = ORIENTED_EDGE('',*,*,#8714,.T.);
#14959 = ORIENTED_EDGE('',*,*,#14960,.T.);
#14960 = EDGE_CURVE('',#8707,#14961,#14963,.T.);
#14961 = VERTEX_POINT('',#14962);
#14962 = CARTESIAN_POINT('',(-3.4,26.3,-0.5));
#14963 = LINE('',#14964,#14965);
#14964 = CARTESIAN_POINT('',(-3.4,26.3,-4.5));
#14965 = VECTOR('',#14966,1.);
#14966 = DIRECTION('',(0.,0.,1.));
#14967 = ORIENTED_EDGE('',*,*,#14968,.T.);
#14968 = EDGE_CURVE('',#14961,#14844,#14969,.T.);
#14969 = CIRCLE('',#14970,0.5);
#14970 = AXIS2_PLACEMENT_3D('',#14971,#14972,#14973);
#14971 = CARTESIAN_POINT('',(-2.9,26.3,-0.5));
#14972 = DIRECTION('',(-0.,1.,0.));
#14973 = DIRECTION('',(0.,0.,-1.));
#14974 = ORIENTED_EDGE('',*,*,#14843,.T.);
#14975 = ORIENTED_EDGE('',*,*,#14789,.F.);
#14976 = ORIENTED_EDGE('',*,*,#14903,.F.);
#14977 = PLANE('',#14978);
#14978 = AXIS2_PLACEMENT_3D('',#14979,#14980,#14981);
#14979 = CARTESIAN_POINT('',(-2.8,26.3,-4.5));
#14980 = DIRECTION('',(0.,-1.,0.));
#14981 = DIRECTION('',(0.,0.,-1.));
#14982 = ADVANCED_FACE('',(#14983),#15002,.T.);
#14983 = FACE_BOUND('',#14984,.T.);
#14984 = EDGE_LOOP('',(#14985,#14994,#14995,#14996));
#14985 = ORIENTED_EDGE('',*,*,#14986,.F.);
#14986 = EDGE_CURVE('',#14852,#14987,#14989,.T.);
#14987 = VERTEX_POINT('',#14988);
#14988 = CARTESIAN_POINT('',(-3.4,-29.,-0.5));
#14989 = CIRCLE('',#14990,0.5);
#14990 = AXIS2_PLACEMENT_3D('',#14991,#14992,#14993);
#14991 = CARTESIAN_POINT('',(-2.9,-29.,-0.5));
#14992 = DIRECTION('',(0.,-1.,0.));
#14993 = DIRECTION('',(0.,0.,1.));
#14994 = ORIENTED_EDGE('',*,*,#14851,.F.);
#14995 = ORIENTED_EDGE('',*,*,#14968,.F.);
#14996 = ORIENTED_EDGE('',*,*,#14997,.F.);
#14997 = EDGE_CURVE('',#14987,#14961,#14998,.T.);
#14998 = LINE('',#14999,#15000);
#14999 = CARTESIAN_POINT('',(-3.4,27.,-0.5));
#15000 = VECTOR('',#15001,1.);
#15001 = DIRECTION('',(-0.,1.,-0.));
#15002 = CYLINDRICAL_SURFACE('',#15003,0.5);
#15003 = AXIS2_PLACEMENT_3D('',#15004,#15005,#15006);
#15004 = CARTESIAN_POINT('',(-2.9,27.,-0.5));
#15005 = DIRECTION('',(0.,-1.,0.));
#15006 = DIRECTION('',(0.,0.,-1.));
#15007 = ADVANCED_FACE('',(#15008),#15026,.F.);
#15008 = FACE_BOUND('',#15009,.T.);
#15009 = EDGE_LOOP('',(#15010,#15018,#15019,#15020));
#15010 = ORIENTED_EDGE('',*,*,#15011,.F.);
#15011 = EDGE_CURVE('',#11582,#15012,#15014,.T.);
#15012 = VERTEX_POINT('',#15013);
#15013 = CARTESIAN_POINT('',(-3.4,-25.5,-1.8));
#15014 = LINE('',#15015,#15016);
#15015 = CARTESIAN_POINT('',(-2.9,-25.5,-1.8));
#15016 = VECTOR('',#15017,1.);
#15017 = DIRECTION('',(-1.,0.,0.));
#15018 = ORIENTED_EDGE('',*,*,#11598,.T.);
#15019 = ORIENTED_EDGE('',*,*,#11818,.F.);
#15020 = ORIENTED_EDGE('',*,*,#15021,.T.);
#15021 = EDGE_CURVE('',#11811,#15012,#15022,.T.);
#15022 = LINE('',#15023,#15024);
#15023 = CARTESIAN_POINT('',(-3.4,-25.5,-1.8));
#15024 = VECTOR('',#15025,1.);
#15025 = DIRECTION('',(0.,1.,2.168404344971E-16));
#15026 = PLANE('',#15027);
#15027 = AXIS2_PLACEMENT_3D('',#15028,#15029,#15030);
#15028 = CARTESIAN_POINT('',(-2.9,-25.5,-1.8));
#15029 = DIRECTION('',(0.,-2.168404344971E-16,1.));
#15030 = DIRECTION('',(0.,-1.,-2.168404344971E-16));
#15031 = ADVANCED_FACE('',(#15032),#15050,.F.);
#15032 = FACE_BOUND('',#15033,.T.);
#15033 = EDGE_LOOP('',(#15034,#15042,#15043,#15044));
#15034 = ORIENTED_EDGE('',*,*,#15035,.F.);
#15035 = EDGE_CURVE('',#9450,#15036,#15038,.T.);
#15036 = VERTEX_POINT('',#15037);
#15037 = CARTESIAN_POINT('',(-3.4,-13.,-1.8));
#15038 = LINE('',#15039,#15040);
#15039 = CARTESIAN_POINT('',(-2.9,-13.,-1.8));
#15040 = VECTOR('',#15041,1.);
#15041 = DIRECTION('',(-1.,0.,0.));
#15042 = ORIENTED_EDGE('',*,*,#9488,.T.);
#15043 = ORIENTED_EDGE('',*,*,#11845,.F.);
#15044 = ORIENTED_EDGE('',*,*,#15045,.T.);
#15045 = EDGE_CURVE('',#11838,#15036,#15046,.T.);
#15046 = LINE('',#15047,#15048);
#15047 = CARTESIAN_POINT('',(-3.4,-13.,-1.8));
#15048 = VECTOR('',#15049,1.);
#15049 = DIRECTION('',(0.,1.,1.539695392879E-16));
#15050 = PLANE('',#15051);
#15051 = AXIS2_PLACEMENT_3D('',#15052,#15053,#15054);
#15052 = CARTESIAN_POINT('',(-2.9,-13.,-1.8));
#15053 = DIRECTION('',(0.,-1.539695392879E-16,1.));
#15054 = DIRECTION('',(0.,-1.,-1.539695392879E-16));
#15055 = ADVANCED_FACE('',(#15056),#15074,.F.);
#15056 = FACE_BOUND('',#15057,.T.);
#15057 = EDGE_LOOP('',(#15058,#15066,#15067,#15068));
#15058 = ORIENTED_EDGE('',*,*,#15059,.F.);
#15059 = EDGE_CURVE('',#9448,#15060,#15062,.T.);
#15060 = VERTEX_POINT('',#15061);
#15061 = CARTESIAN_POINT('',(-3.4,-13.,-2.55));
#15062 = LINE('',#15063,#15064);
#15063 = CARTESIAN_POINT('',(-2.9,-13.,-2.55));
#15064 = VECTOR('',#15065,1.);
#15065 = DIRECTION('',(-1.,0.,0.));
#15066 = ORIENTED_EDGE('',*,*,#9447,.T.);
#15067 = ORIENTED_EDGE('',*,*,#15035,.T.);
#15068 = ORIENTED_EDGE('',*,*,#15069,.T.);
#15069 = EDGE_CURVE('',#15036,#15060,#15070,.T.);
#15070 = LINE('',#15071,#15072);
#15071 = CARTESIAN_POINT('',(-3.4,-13.,-2.55));
#15072 = VECTOR('',#15073,1.);
#15073 = DIRECTION('',(0.,0.,-1.));
#15074 = PLANE('',#15075);
#15075 = AXIS2_PLACEMENT_3D('',#15076,#15077,#15078);
#15076 = CARTESIAN_POINT('',(-2.9,-13.,-2.55));
#15077 = DIRECTION('',(0.,1.,0.));
#15078 = DIRECTION('',(0.,-0.,1.));
#15079 = ADVANCED_FACE('',(#15080),#15098,.F.);
#15080 = FACE_BOUND('',#15081,.T.);
#15081 = EDGE_LOOP('',(#15082,#15090,#15091,#15092));
#15082 = ORIENTED_EDGE('',*,*,#15083,.F.);
#15083 = EDGE_CURVE('',#9458,#15084,#15086,.T.);
#15084 = VERTEX_POINT('',#15085);
#15085 = CARTESIAN_POINT('',(-3.4,-11.,-2.55));
#15086 = LINE('',#15087,#15088);
#15087 = CARTESIAN_POINT('',(-2.9,-11.,-2.55));
#15088 = VECTOR('',#15089,1.);
#15089 = DIRECTION('',(-1.,0.,0.));
#15090 = ORIENTED_EDGE('',*,*,#9457,.T.);
#15091 = ORIENTED_EDGE('',*,*,#15059,.T.);
#15092 = ORIENTED_EDGE('',*,*,#15093,.T.);
#15093 = EDGE_CURVE('',#15060,#15084,#15094,.T.);
#15094 = LINE('',#15095,#15096);
#15095 = CARTESIAN_POINT('',(-3.4,-11.,-2.55));
#15096 = VECTOR('',#15097,1.);
#15097 = DIRECTION('',(0.,1.,-2.168404344971E-16));
#15098 = PLANE('',#15099);
#15099 = AXIS2_PLACEMENT_3D('',#15100,#15101,#15102);
#15100 = CARTESIAN_POINT('',(-2.9,-11.,-2.55));
#15101 = DIRECTION('',(0.,2.168404344971E-16,1.));
#15102 = DIRECTION('',(0.,-1.,2.168404344971E-16));
#15103 = ADVANCED_FACE('',(#15104),#15131,.F.);
#15104 = FACE_BOUND('',#15105,.T.);
#15105 = EDGE_LOOP('',(#15106,#15107,#15108,#15109,#15117,#15125));
#15106 = ORIENTED_EDGE('',*,*,#9863,.F.);
#15107 = ORIENTED_EDGE('',*,*,#9465,.T.);
#15108 = ORIENTED_EDGE('',*,*,#15083,.T.);
#15109 = ORIENTED_EDGE('',*,*,#15110,.T.);
#15110 = EDGE_CURVE('',#15084,#15111,#15113,.T.);
#15111 = VERTEX_POINT('',#15112);
#15112 = CARTESIAN_POINT('',(-3.4,-11.,-3.));
#15113 = LINE('',#15114,#15115);
#15114 = CARTESIAN_POINT('',(-3.4,-11.,-3.));
#15115 = VECTOR('',#15116,1.);
#15116 = DIRECTION('',(0.,0.,-1.));
#15117 = ORIENTED_EDGE('',*,*,#15118,.F.);
#15118 = EDGE_CURVE('',#15119,#15111,#15121,.T.);
#15119 = VERTEX_POINT('',#15120);
#15120 = CARTESIAN_POINT('',(-2.9,-11.,-3.));
#15121 = LINE('',#15122,#15123);
#15122 = CARTESIAN_POINT('',(-2.9,-11.,-3.));
#15123 = VECTOR('',#15124,1.);
#15124 = DIRECTION('',(-1.,0.,0.));
#15125 = ORIENTED_EDGE('',*,*,#15126,.F.);
#15126 = EDGE_CURVE('',#9864,#15119,#15127,.T.);
#15127 = LINE('',#15128,#15129);
#15128 = CARTESIAN_POINT('',(-2.9,-11.,-3.));
#15129 = VECTOR('',#15130,1.);
#15130 = DIRECTION('',(0.,0.,-1.));
#15131 = PLANE('',#15132);
#15132 = AXIS2_PLACEMENT_3D('',#15133,#15134,#15135);
#15133 = CARTESIAN_POINT('',(-2.9,-11.,-3.));
#15134 = DIRECTION('',(0.,1.,0.));
#15135 = DIRECTION('',(0.,-0.,1.));
#15136 = ADVANCED_FACE('',(#15137),#15171,.F.);
#15137 = FACE_BOUND('',#15138,.T.);
#15138 = EDGE_LOOP('',(#15139,#15140,#15141,#15149,#15157,#15165));
#15139 = ORIENTED_EDGE('',*,*,#9871,.F.);
#15140 = ORIENTED_EDGE('',*,*,#15126,.T.);
#15141 = ORIENTED_EDGE('',*,*,#15142,.T.);
#15142 = EDGE_CURVE('',#15119,#15143,#15145,.T.);
#15143 = VERTEX_POINT('',#15144);
#15144 = CARTESIAN_POINT('',(-2.9,-10.4,-3.));
#15145 = LINE('',#15146,#15147);
#15146 = CARTESIAN_POINT('',(-2.9,-10.4,-3.));
#15147 = VECTOR('',#15148,1.);
#15148 = DIRECTION('',(0.,1.,0.));
#15149 = ORIENTED_EDGE('',*,*,#15150,.T.);
#15150 = EDGE_CURVE('',#15143,#15151,#15153,.T.);
#15151 = VERTEX_POINT('',#15152);
#15152 = CARTESIAN_POINT('',(-2.9,-9.6,-3.));
#15153 = LINE('',#15154,#15155);
#15154 = CARTESIAN_POINT('',(-2.9,-10.4,-3.));
#15155 = VECTOR('',#15156,1.);
#15156 = DIRECTION('',(0.,1.,0.));
#15157 = ORIENTED_EDGE('',*,*,#15158,.T.);
#15158 = EDGE_CURVE('',#15151,#15159,#15161,.T.);
#15159 = VERTEX_POINT('',#15160);
#15160 = CARTESIAN_POINT('',(-2.9,-8.,-3.));
#15161 = LINE('',#15162,#15163);
#15162 = CARTESIAN_POINT('',(-2.9,-10.4,-3.));
#15163 = VECTOR('',#15164,1.);
#15164 = DIRECTION('',(0.,1.,0.));
#15165 = ORIENTED_EDGE('',*,*,#15166,.T.);
#15166 = EDGE_CURVE('',#15159,#9872,#15167,.T.);
#15167 = LINE('',#15168,#15169);
#15168 = CARTESIAN_POINT('',(-2.9,-8.,-2.55));
#15169 = VECTOR('',#15170,1.);
#15170 = DIRECTION('',(0.,0.,1.));
#15171 = PLANE('',#15172);
#15172 = AXIS2_PLACEMENT_3D('',#15173,#15174,#15175);
#15173 = CARTESIAN_POINT('',(-2.9,27.,-0.5));
#15174 = DIRECTION('',(-1.,0.,0.));
#15175 = DIRECTION('',(0.,0.,1.));
#15176 = ADVANCED_FACE('',(#15177),#15202,.F.);
#15177 = FACE_BOUND('',#15178,.T.);
#15178 = EDGE_LOOP('',(#15179,#15180,#15188,#15196));
#15179 = ORIENTED_EDGE('',*,*,#15158,.F.);
#15180 = ORIENTED_EDGE('',*,*,#15181,.T.);
#15181 = EDGE_CURVE('',#15151,#15182,#15184,.T.);
#15182 = VERTEX_POINT('',#15183);
#15183 = CARTESIAN_POINT('',(-3.4,-9.6,-3.));
#15184 = LINE('',#15185,#15186);
#15185 = CARTESIAN_POINT('',(-2.9,-9.6,-3.));
#15186 = VECTOR('',#15187,1.);
#15187 = DIRECTION('',(-1.,-2.938735877056E-31,0.));
#15188 = ORIENTED_EDGE('',*,*,#15189,.T.);
#15189 = EDGE_CURVE('',#15182,#15190,#15192,.T.);
#15190 = VERTEX_POINT('',#15191);
#15191 = CARTESIAN_POINT('',(-3.4,-8.,-3.));
#15192 = LINE('',#15193,#15194);
#15193 = CARTESIAN_POINT('',(-3.4,-10.4,-3.));
#15194 = VECTOR('',#15195,1.);
#15195 = DIRECTION('',(0.,1.,0.));
#15196 = ORIENTED_EDGE('',*,*,#15197,.F.);
#15197 = EDGE_CURVE('',#15159,#15190,#15198,.T.);
#15198 = LINE('',#15199,#15200);
#15199 = CARTESIAN_POINT('',(-2.9,-8.,-3.));
#15200 = VECTOR('',#15201,1.);
#15201 = DIRECTION('',(-1.,0.,0.));
#15202 = PLANE('',#15203);
#15203 = AXIS2_PLACEMENT_3D('',#15204,#15205,#15206);
#15204 = CARTESIAN_POINT('',(-2.9,-10.4,-3.));
#15205 = DIRECTION('',(0.,0.,1.));
#15206 = DIRECTION('',(1.,0.,-0.));
#15207 = ADVANCED_FACE('',(#15208),#15224,.T.);
#15208 = FACE_BOUND('',#15209,.T.);
#15209 = EDGE_LOOP('',(#15210,#15216,#15217,#15223));
#15210 = ORIENTED_EDGE('',*,*,#15211,.T.);
#15211 = EDGE_CURVE('',#15143,#10832,#15212,.T.);
#15212 = LINE('',#15213,#15214);
#15213 = CARTESIAN_POINT('',(-3.4,-10.4,-3.));
#15214 = VECTOR('',#15215,1.);
#15215 = DIRECTION('',(1.,0.,2.710505431214E-16));
#15216 = ORIENTED_EDGE('',*,*,#10831,.T.);
#15217 = ORIENTED_EDGE('',*,*,#15218,.T.);
#15218 = EDGE_CURVE('',#10824,#15151,#15219,.T.);
#15219 = LINE('',#15220,#15221);
#15220 = CARTESIAN_POINT('',(-3.4,-9.6,-3.));
#15221 = VECTOR('',#15222,1.);
#15222 = DIRECTION('',(-1.,0.,-2.710505431214E-16));
#15223 = ORIENTED_EDGE('',*,*,#15150,.F.);
#15224 = PLANE('',#15225);
#15225 = AXIS2_PLACEMENT_3D('',#15226,#15227,#15228);
#15226 = CARTESIAN_POINT('',(-3.4,-9.6,-3.));
#15227 = DIRECTION('',(-2.710505431214E-16,-1.084202172486E-15,1.));
#15228 = DIRECTION('',(0.,-1.,-1.084202172486E-15));
#15229 = ADVANCED_FACE('',(#15230),#15264,.T.);
#15230 = FACE_BOUND('',#15231,.T.);
#15231 = EDGE_LOOP('',(#15232,#15241,#15249,#15258));
#15232 = ORIENTED_EDGE('',*,*,#15233,.F.);
#15233 = EDGE_CURVE('',#15234,#15182,#15236,.T.);
#15234 = VERTEX_POINT('',#15235);
#15235 = CARTESIAN_POINT('',(-2.9,-9.6,-3.5));
#15236 = CIRCLE('',#15237,0.5);
#15237 = AXIS2_PLACEMENT_3D('',#15238,#15239,#15240);
#15238 = CARTESIAN_POINT('',(-2.9,-9.6,-3.));
#15239 = DIRECTION('',(-2.938735877056E-31,1.,1.084202172486E-15));
#15240 = DIRECTION('',(3.186183822265E-46,-1.084202172486E-15,1.));
#15241 = ORIENTED_EDGE('',*,*,#15242,.F.);
#15242 = EDGE_CURVE('',#15243,#15234,#15245,.T.);
#15243 = VERTEX_POINT('',#15244);
#15244 = CARTESIAN_POINT('',(-2.9,-10.4,-3.5));
#15245 = LINE('',#15246,#15247);
#15246 = CARTESIAN_POINT('',(-2.9,-9.6,-3.5));
#15247 = VECTOR('',#15248,1.);
#15248 = DIRECTION('',(-0.,1.,1.084202172486E-15));
#15249 = ORIENTED_EDGE('',*,*,#15250,.F.);
#15250 = EDGE_CURVE('',#15251,#15243,#15253,.T.);
#15251 = VERTEX_POINT('',#15252);
#15252 = CARTESIAN_POINT('',(-3.4,-10.4,-3.));
#15253 = CIRCLE('',#15254,0.5);
#15254 = AXIS2_PLACEMENT_3D('',#15255,#15256,#15257);
#15255 = CARTESIAN_POINT('',(-2.9,-10.4,-3.));
#15256 = DIRECTION('',(2.938735877056E-31,-1.,-1.084202172486E-15));
#15257 = DIRECTION('',(-3.186183822265E-46,1.084202172486E-15,-1.));
#15258 = ORIENTED_EDGE('',*,*,#15259,.F.);
#15259 = EDGE_CURVE('',#15182,#15251,#15260,.T.);
#15260 = LINE('',#15261,#15262);
#15261 = CARTESIAN_POINT('',(-3.4,-10.4,-3.));
#15262 = VECTOR('',#15263,1.);
#15263 = DIRECTION('',(0.,-1.,-1.084202172486E-15));
#15264 = CYLINDRICAL_SURFACE('',#15265,0.5);
#15265 = AXIS2_PLACEMENT_3D('',#15266,#15267,#15268);
#15266 = CARTESIAN_POINT('',(-2.9,27.,-3.));
#15267 = DIRECTION('',(0.,1.,1.084202172486E-15));
#15268 = DIRECTION('',(0.,-1.084202172486E-15,1.));
#15269 = ADVANCED_FACE('',(#15270),#15286,.F.);
#15270 = FACE_BOUND('',#15271,.T.);
#15271 = EDGE_LOOP('',(#15272,#15278,#15284,#15285));
#15272 = ORIENTED_EDGE('',*,*,#15273,.T.);
#15273 = EDGE_CURVE('',#15111,#15251,#15274,.T.);
#15274 = LINE('',#15275,#15276);
#15275 = CARTESIAN_POINT('',(-3.4,-10.4,-3.));
#15276 = VECTOR('',#15277,1.);
#15277 = DIRECTION('',(0.,1.,0.));
#15278 = ORIENTED_EDGE('',*,*,#15279,.T.);
#15279 = EDGE_CURVE('',#15251,#15143,#15280,.T.);
#15280 = LINE('',#15281,#15282);
#15281 = CARTESIAN_POINT('',(-3.4,-10.4,-3.));
#15282 = VECTOR('',#15283,1.);
#15283 = DIRECTION('',(1.,0.,2.710505431214E-16));
#15284 = ORIENTED_EDGE('',*,*,#15142,.F.);
#15285 = ORIENTED_EDGE('',*,*,#15118,.T.);
#15286 = PLANE('',#15287);
#15287 = AXIS2_PLACEMENT_3D('',#15288,#15289,#15290);
#15288 = CARTESIAN_POINT('',(-2.9,-10.4,-3.));
#15289 = DIRECTION('',(0.,0.,1.));
#15290 = DIRECTION('',(1.,0.,-0.));
#15291 = ADVANCED_FACE('',(#15292),#15319,.T.);
#15292 = FACE_BOUND('',#15293,.T.);
#15293 = EDGE_LOOP('',(#15294,#15295,#15296,#15304,#15312,#15318));
#15294 = ORIENTED_EDGE('',*,*,#15279,.F.);
#15295 = ORIENTED_EDGE('',*,*,#15250,.T.);
#15296 = ORIENTED_EDGE('',*,*,#15297,.T.);
#15297 = EDGE_CURVE('',#15243,#15298,#15300,.T.);
#15298 = VERTEX_POINT('',#15299);
#15299 = CARTESIAN_POINT('',(-2.2,-10.4,-3.5));
#15300 = LINE('',#15301,#15302);
#15301 = CARTESIAN_POINT('',(-3.4,-10.4,-3.5));
#15302 = VECTOR('',#15303,1.);
#15303 = DIRECTION('',(1.,0.,2.710505431214E-16));
#15304 = ORIENTED_EDGE('',*,*,#15305,.T.);
#15305 = EDGE_CURVE('',#15298,#15306,#15308,.T.);
#15306 = VERTEX_POINT('',#15307);
#15307 = CARTESIAN_POINT('',(-2.2,-10.4,-3.));
#15308 = LINE('',#15309,#15310);
#15309 = CARTESIAN_POINT('',(-2.2,-10.4,-3.5));
#15310 = VECTOR('',#15311,1.);
#15311 = DIRECTION('',(-4.336808689942E-16,-1.084202172486E-15,1.));
#15312 = ORIENTED_EDGE('',*,*,#15313,.F.);
#15313 = EDGE_CURVE('',#10832,#15306,#15314,.T.);
#15314 = LINE('',#15315,#15316);
#15315 = CARTESIAN_POINT('',(-3.4,-10.4,-3.));
#15316 = VECTOR('',#15317,1.);
#15317 = DIRECTION('',(1.,0.,2.710505431214E-16));
#15318 = ORIENTED_EDGE('',*,*,#15211,.F.);
#15319 = PLANE('',#15320);
#15320 = AXIS2_PLACEMENT_3D('',#15321,#15322,#15323);
#15321 = CARTESIAN_POINT('',(-3.4,-10.4,-3.5));
#15322 = DIRECTION('',(2.938735877056E-31,-1.,-1.084202172486E-15));
#15323 = DIRECTION('',(0.,1.084202172486E-15,-1.));
#15324 = ADVANCED_FACE('',(#15325),#15352,.T.);
#15325 = FACE_BOUND('',#15326,.T.);
#15326 = EDGE_LOOP('',(#15327,#15328,#15337,#15345));
#15327 = ORIENTED_EDGE('',*,*,#15305,.F.);
#15328 = ORIENTED_EDGE('',*,*,#15329,.F.);
#15329 = EDGE_CURVE('',#15330,#15298,#15332,.T.);
#15330 = VERTEX_POINT('',#15331);
#15331 = CARTESIAN_POINT('',(-2.2,-9.6,-3.5));
#15332 = CIRCLE('',#15333,0.4);
#15333 = AXIS2_PLACEMENT_3D('',#15334,#15335,#15336);
#15334 = CARTESIAN_POINT('',(-2.2,-10.,-3.5));
#15335 = DIRECTION('',(2.710505431214E-16,1.084202172486E-15,-1.));
#15336 = DIRECTION('',(-8.75811540203E-47,-1.,-1.084202172486E-15));
#15337 = ORIENTED_EDGE('',*,*,#15338,.F.);
#15338 = EDGE_CURVE('',#15339,#15330,#15341,.T.);
#15339 = VERTEX_POINT('',#15340);
#15340 = CARTESIAN_POINT('',(-2.2,-9.6,-3.));
#15341 = LINE('',#15342,#15343);
#15342 = CARTESIAN_POINT('',(-2.2,-9.6,-3.5));
#15343 = VECTOR('',#15344,1.);
#15344 = DIRECTION('',(4.336808689942E-16,1.084202172486E-15,-1.));
#15345 = ORIENTED_EDGE('',*,*,#15346,.F.);
#15346 = EDGE_CURVE('',#15306,#15339,#15347,.T.);
#15347 = CIRCLE('',#15348,0.4);
#15348 = AXIS2_PLACEMENT_3D('',#15349,#15350,#15351);
#15349 = CARTESIAN_POINT('',(-2.2,-10.,-3.));
#15350 = DIRECTION('',(-2.710505431214E-16,-1.084202172486E-15,1.));
#15351 = DIRECTION('',(-8.75811540203E-47,-1.,-1.084202172486E-15));
#15352 = CYLINDRICAL_SURFACE('',#15353,0.4);
#15353 = AXIS2_PLACEMENT_3D('',#15354,#15355,#15356);
#15354 = CARTESIAN_POINT('',(-2.2,-10.,-3.5));
#15355 = DIRECTION('',(-4.336808689942E-16,-1.084202172486E-15,1.));
#15356 = DIRECTION('',(-1.050973848244E-45,-1.,-1.084202172486E-15));
#15357 = ADVANCED_FACE('',(#15358),#15376,.T.);
#15358 = FACE_BOUND('',#15359,.T.);
#15359 = EDGE_LOOP('',(#15360,#15366,#15367,#15368,#15369,#15375));
#15360 = ORIENTED_EDGE('',*,*,#15361,.T.);
#15361 = EDGE_CURVE('',#15330,#15234,#15362,.T.);
#15362 = LINE('',#15363,#15364);
#15363 = CARTESIAN_POINT('',(-3.4,-9.6,-3.5));
#15364 = VECTOR('',#15365,1.);
#15365 = DIRECTION('',(-1.,0.,-2.710505431214E-16));
#15366 = ORIENTED_EDGE('',*,*,#15233,.T.);
#15367 = ORIENTED_EDGE('',*,*,#15181,.F.);
#15368 = ORIENTED_EDGE('',*,*,#15218,.F.);
#15369 = ORIENTED_EDGE('',*,*,#15370,.F.);
#15370 = EDGE_CURVE('',#15339,#10824,#15371,.T.);
#15371 = LINE('',#15372,#15373);
#15372 = CARTESIAN_POINT('',(-3.4,-9.6,-3.));
#15373 = VECTOR('',#15374,1.);
#15374 = DIRECTION('',(-1.,0.,-2.710505431214E-16));
#15375 = ORIENTED_EDGE('',*,*,#15338,.T.);
#15376 = PLANE('',#15377);
#15377 = AXIS2_PLACEMENT_3D('',#15378,#15379,#15380);
#15378 = CARTESIAN_POINT('',(-3.4,-9.6,-3.5));
#15379 = DIRECTION('',(-2.938735877056E-31,1.,1.084202172486E-15));
#15380 = DIRECTION('',(0.,-1.084202172486E-15,1.));
#15381 = ADVANCED_FACE('',(#15382),#15388,.F.);
#15382 = FACE_BOUND('',#15383,.T.);
#15383 = EDGE_LOOP('',(#15384,#15385,#15386,#15387));
#15384 = ORIENTED_EDGE('',*,*,#15297,.F.);
#15385 = ORIENTED_EDGE('',*,*,#15242,.T.);
#15386 = ORIENTED_EDGE('',*,*,#15361,.F.);
#15387 = ORIENTED_EDGE('',*,*,#15329,.T.);
#15388 = PLANE('',#15389);
#15389 = AXIS2_PLACEMENT_3D('',#15390,#15391,#15392);
#15390 = CARTESIAN_POINT('',(-3.4,-9.6,-3.5));
#15391 = DIRECTION('',(-2.710505431214E-16,-1.084202172486E-15,1.));
#15392 = DIRECTION('',(0.,-1.,-1.084202172486E-15));
#15393 = ADVANCED_FACE('',(#15394),#15419,.F.);
#15394 = FACE_BOUND('',#15395,.T.);
#15395 = EDGE_LOOP('',(#15396,#15404,#15405,#15413));
#15396 = ORIENTED_EDGE('',*,*,#15397,.F.);
#15397 = EDGE_CURVE('',#9593,#15398,#15400,.T.);
#15398 = VERTEX_POINT('',#15399);
#15399 = CARTESIAN_POINT('',(-3.4,8.,-2.55));
#15400 = LINE('',#15401,#15402);
#15401 = CARTESIAN_POINT('',(-2.9,8.,-2.55));
#15402 = VECTOR('',#15403,1.);
#15403 = DIRECTION('',(-1.,0.,0.));
#15404 = ORIENTED_EDGE('',*,*,#9631,.T.);
#15405 = ORIENTED_EDGE('',*,*,#15406,.T.);
#15406 = EDGE_CURVE('',#9624,#15407,#15409,.T.);
#15407 = VERTEX_POINT('',#15408);
#15408 = CARTESIAN_POINT('',(-3.4,6.,-2.55));
#15409 = LINE('',#15410,#15411);
#15410 = CARTESIAN_POINT('',(-2.9,6.,-2.55));
#15411 = VECTOR('',#15412,1.);
#15412 = DIRECTION('',(-1.,0.,0.));
#15413 = ORIENTED_EDGE('',*,*,#15414,.T.);
#15414 = EDGE_CURVE('',#15407,#15398,#15415,.T.);
#15415 = LINE('',#15416,#15417);
#15416 = CARTESIAN_POINT('',(-3.4,8.,-2.55));
#15417 = VECTOR('',#15418,1.);
#15418 = DIRECTION('',(0.,1.,-2.168404344971E-16));
#15419 = PLANE('',#15420);
#15420 = AXIS2_PLACEMENT_3D('',#15421,#15422,#15423);
#15421 = CARTESIAN_POINT('',(-2.9,8.,-2.55));
#15422 = DIRECTION('',(0.,2.168404344971E-16,1.));
#15423 = DIRECTION('',(0.,-1.,2.168404344971E-16));
#15424 = ADVANCED_FACE('',(#15425),#15452,.F.);
#15425 = FACE_BOUND('',#15426,.T.);
#15426 = EDGE_LOOP('',(#15427,#15428,#15429,#15430,#15438,#15446));
#15427 = ORIENTED_EDGE('',*,*,#9965,.F.);
#15428 = ORIENTED_EDGE('',*,*,#9590,.T.);
#15429 = ORIENTED_EDGE('',*,*,#15397,.T.);
#15430 = ORIENTED_EDGE('',*,*,#15431,.T.);
#15431 = EDGE_CURVE('',#15398,#15432,#15434,.T.);
#15432 = VERTEX_POINT('',#15433);
#15433 = CARTESIAN_POINT('',(-3.4,8.,-3.));
#15434 = LINE('',#15435,#15436);
#15435 = CARTESIAN_POINT('',(-3.4,8.,-3.));
#15436 = VECTOR('',#15437,1.);
#15437 = DIRECTION('',(0.,0.,-1.));
#15438 = ORIENTED_EDGE('',*,*,#15439,.F.);
#15439 = EDGE_CURVE('',#15440,#15432,#15442,.T.);
#15440 = VERTEX_POINT('',#15441);
#15441 = CARTESIAN_POINT('',(-2.9,8.,-3.));
#15442 = LINE('',#15443,#15444);
#15443 = CARTESIAN_POINT('',(-2.9,8.,-3.));
#15444 = VECTOR('',#15445,1.);
#15445 = DIRECTION('',(-1.,0.,0.));
#15446 = ORIENTED_EDGE('',*,*,#15447,.F.);
#15447 = EDGE_CURVE('',#9926,#15440,#15448,.T.);
#15448 = LINE('',#15449,#15450);
#15449 = CARTESIAN_POINT('',(-2.9,8.,-3.));
#15450 = VECTOR('',#15451,1.);
#15451 = DIRECTION('',(0.,0.,-1.));
#15452 = PLANE('',#15453);
#15453 = AXIS2_PLACEMENT_3D('',#15454,#15455,#15456);
#15454 = CARTESIAN_POINT('',(-2.9,8.,-3.));
#15455 = DIRECTION('',(0.,1.,0.));
#15456 = DIRECTION('',(0.,-0.,1.));
#15457 = ADVANCED_FACE('',(#15458),#15492,.F.);
#15458 = FACE_BOUND('',#15459,.T.);
#15459 = EDGE_LOOP('',(#15460,#15461,#15462,#15470,#15478,#15486));
#15460 = ORIENTED_EDGE('',*,*,#9925,.F.);
#15461 = ORIENTED_EDGE('',*,*,#15447,.T.);
#15462 = ORIENTED_EDGE('',*,*,#15463,.T.);
#15463 = EDGE_CURVE('',#15440,#15464,#15466,.T.);
#15464 = VERTEX_POINT('',#15465);
#15465 = CARTESIAN_POINT('',(-2.9,9.6,-3.));
#15466 = LINE('',#15467,#15468);
#15467 = CARTESIAN_POINT('',(-2.9,11.,-3.));
#15468 = VECTOR('',#15469,1.);
#15469 = DIRECTION('',(0.,1.,0.));
#15470 = ORIENTED_EDGE('',*,*,#15471,.T.);
#15471 = EDGE_CURVE('',#15464,#15472,#15474,.T.);
#15472 = VERTEX_POINT('',#15473);
#15473 = CARTESIAN_POINT('',(-2.9,10.4,-3.));
#15474 = LINE('',#15475,#15476);
#15475 = CARTESIAN_POINT('',(-2.9,11.,-3.));
#15476 = VECTOR('',#15477,1.);
#15477 = DIRECTION('',(0.,1.,0.));
#15478 = ORIENTED_EDGE('',*,*,#15479,.T.);
#15479 = EDGE_CURVE('',#15472,#15480,#15482,.T.);
#15480 = VERTEX_POINT('',#15481);
#15481 = CARTESIAN_POINT('',(-2.9,11.,-3.));
#15482 = LINE('',#15483,#15484);
#15483 = CARTESIAN_POINT('',(-2.9,11.,-3.));
#15484 = VECTOR('',#15485,1.);
#15485 = DIRECTION('',(0.,1.,0.));
#15486 = ORIENTED_EDGE('',*,*,#15487,.T.);
#15487 = EDGE_CURVE('',#15480,#9928,#15488,.T.);
#15488 = LINE('',#15489,#15490);
#15489 = CARTESIAN_POINT('',(-2.9,11.,-2.55));
#15490 = VECTOR('',#15491,1.);
#15491 = DIRECTION('',(0.,0.,1.));
#15492 = PLANE('',#15493);
#15493 = AXIS2_PLACEMENT_3D('',#15494,#15495,#15496);
#15494 = CARTESIAN_POINT('',(-2.9,27.,-0.5));
#15495 = DIRECTION('',(-1.,0.,0.));
#15496 = DIRECTION('',(0.,0.,1.));
#15497 = ADVANCED_FACE('',(#15498),#15523,.F.);
#15498 = FACE_BOUND('',#15499,.T.);
#15499 = EDGE_LOOP('',(#15500,#15501,#15509,#15517));
#15500 = ORIENTED_EDGE('',*,*,#15479,.F.);
#15501 = ORIENTED_EDGE('',*,*,#15502,.T.);
#15502 = EDGE_CURVE('',#15472,#15503,#15505,.T.);
#15503 = VERTEX_POINT('',#15504);
#15504 = CARTESIAN_POINT('',(-3.4,10.4,-3.));
#15505 = LINE('',#15506,#15507);
#15506 = CARTESIAN_POINT('',(-2.9,10.4,-3.));
#15507 = VECTOR('',#15508,1.);
#15508 = DIRECTION('',(-1.,-2.938735877056E-31,0.));
#15509 = ORIENTED_EDGE('',*,*,#15510,.T.);
#15510 = EDGE_CURVE('',#15503,#15511,#15513,.T.);
#15511 = VERTEX_POINT('',#15512);
#15512 = CARTESIAN_POINT('',(-3.4,11.,-3.));
#15513 = LINE('',#15514,#15515);
#15514 = CARTESIAN_POINT('',(-3.4,11.,-3.));
#15515 = VECTOR('',#15516,1.);
#15516 = DIRECTION('',(0.,1.,0.));
#15517 = ORIENTED_EDGE('',*,*,#15518,.F.);
#15518 = EDGE_CURVE('',#15480,#15511,#15519,.T.);
#15519 = LINE('',#15520,#15521);
#15520 = CARTESIAN_POINT('',(-2.9,11.,-3.));
#15521 = VECTOR('',#15522,1.);
#15522 = DIRECTION('',(-1.,0.,0.));
#15523 = PLANE('',#15524);
#15524 = AXIS2_PLACEMENT_3D('',#15525,#15526,#15527);
#15525 = CARTESIAN_POINT('',(-2.9,11.,-3.));
#15526 = DIRECTION('',(0.,0.,1.));
#15527 = DIRECTION('',(1.,0.,-0.));
#15528 = ADVANCED_FACE('',(#15529),#15545,.T.);
#15529 = FACE_BOUND('',#15530,.T.);
#15530 = EDGE_LOOP('',(#15531,#15537,#15538,#15544));
#15531 = ORIENTED_EDGE('',*,*,#15532,.T.);
#15532 = EDGE_CURVE('',#15464,#10704,#15533,.T.);
#15533 = LINE('',#15534,#15535);
#15534 = CARTESIAN_POINT('',(-3.4,9.6,-3.));
#15535 = VECTOR('',#15536,1.);
#15536 = DIRECTION('',(1.,0.,2.710505431214E-16));
#15537 = ORIENTED_EDGE('',*,*,#10703,.T.);
#15538 = ORIENTED_EDGE('',*,*,#15539,.T.);
#15539 = EDGE_CURVE('',#10696,#15472,#15540,.T.);
#15540 = LINE('',#15541,#15542);
#15541 = CARTESIAN_POINT('',(-3.4,10.4,-3.));
#15542 = VECTOR('',#15543,1.);
#15543 = DIRECTION('',(-1.,0.,-2.710505431214E-16));
#15544 = ORIENTED_EDGE('',*,*,#15471,.F.);
#15545 = PLANE('',#15546);
#15546 = AXIS2_PLACEMENT_3D('',#15547,#15548,#15549);
#15547 = CARTESIAN_POINT('',(-3.4,10.4,-3.));
#15548 = DIRECTION('',(-2.710505431214E-16,-1.084202172486E-15,1.));
#15549 = DIRECTION('',(0.,-1.,-1.084202172486E-15));
#15550 = ADVANCED_FACE('',(#15551),#15585,.T.);
#15551 = FACE_BOUND('',#15552,.T.);
#15552 = EDGE_LOOP('',(#15553,#15562,#15570,#15579));
#15553 = ORIENTED_EDGE('',*,*,#15554,.F.);
#15554 = EDGE_CURVE('',#15555,#15503,#15557,.T.);
#15555 = VERTEX_POINT('',#15556);
#15556 = CARTESIAN_POINT('',(-2.9,10.4,-3.5));
#15557 = CIRCLE('',#15558,0.5);
#15558 = AXIS2_PLACEMENT_3D('',#15559,#15560,#15561);
#15559 = CARTESIAN_POINT('',(-2.9,10.4,-3.));
#15560 = DIRECTION('',(-2.938735877056E-31,1.,1.084202172486E-15));
#15561 = DIRECTION('',(3.186183822265E-46,-1.084202172486E-15,1.));
#15562 = ORIENTED_EDGE('',*,*,#15563,.F.);
#15563 = EDGE_CURVE('',#15564,#15555,#15566,.T.);
#15564 = VERTEX_POINT('',#15565);
#15565 = CARTESIAN_POINT('',(-2.9,9.6,-3.5));
#15566 = LINE('',#15567,#15568);
#15567 = CARTESIAN_POINT('',(-2.9,10.4,-3.5));
#15568 = VECTOR('',#15569,1.);
#15569 = DIRECTION('',(-0.,1.,1.084202172486E-15));
#15570 = ORIENTED_EDGE('',*,*,#15571,.F.);
#15571 = EDGE_CURVE('',#15572,#15564,#15574,.T.);
#15572 = VERTEX_POINT('',#15573);
#15573 = CARTESIAN_POINT('',(-3.4,9.6,-3.));
#15574 = CIRCLE('',#15575,0.5);
#15575 = AXIS2_PLACEMENT_3D('',#15576,#15577,#15578);
#15576 = CARTESIAN_POINT('',(-2.9,9.6,-3.));
#15577 = DIRECTION('',(2.938735877056E-31,-1.,-1.084202172486E-15));
#15578 = DIRECTION('',(-3.186183822265E-46,1.084202172486E-15,-1.));
#15579 = ORIENTED_EDGE('',*,*,#15580,.F.);
#15580 = EDGE_CURVE('',#15503,#15572,#15581,.T.);
#15581 = LINE('',#15582,#15583);
#15582 = CARTESIAN_POINT('',(-3.4,9.6,-3.));
#15583 = VECTOR('',#15584,1.);
#15584 = DIRECTION('',(0.,-1.,-1.084202172486E-15));
#15585 = CYLINDRICAL_SURFACE('',#15586,0.5);
#15586 = AXIS2_PLACEMENT_3D('',#15587,#15588,#15589);
#15587 = CARTESIAN_POINT('',(-2.9,27.,-3.));
#15588 = DIRECTION('',(0.,1.,1.084202172486E-15));
#15589 = DIRECTION('',(0.,-1.084202172486E-15,1.));
#15590 = ADVANCED_FACE('',(#15591),#15607,.F.);
#15591 = FACE_BOUND('',#15592,.T.);
#15592 = EDGE_LOOP('',(#15593,#15599,#15605,#15606));
#15593 = ORIENTED_EDGE('',*,*,#15594,.T.);
#15594 = EDGE_CURVE('',#15432,#15572,#15595,.T.);
#15595 = LINE('',#15596,#15597);
#15596 = CARTESIAN_POINT('',(-3.4,11.,-3.));
#15597 = VECTOR('',#15598,1.);
#15598 = DIRECTION('',(0.,1.,0.));
#15599 = ORIENTED_EDGE('',*,*,#15600,.T.);
#15600 = EDGE_CURVE('',#15572,#15464,#15601,.T.);
#15601 = LINE('',#15602,#15603);
#15602 = CARTESIAN_POINT('',(-3.4,9.6,-3.));
#15603 = VECTOR('',#15604,1.);
#15604 = DIRECTION('',(1.,0.,2.710505431214E-16));
#15605 = ORIENTED_EDGE('',*,*,#15463,.F.);
#15606 = ORIENTED_EDGE('',*,*,#15439,.T.);
#15607 = PLANE('',#15608);
#15608 = AXIS2_PLACEMENT_3D('',#15609,#15610,#15611);
#15609 = CARTESIAN_POINT('',(-2.9,11.,-3.));
#15610 = DIRECTION('',(0.,0.,1.));
#15611 = DIRECTION('',(1.,0.,-0.));
#15612 = ADVANCED_FACE('',(#15613),#15640,.T.);
#15613 = FACE_BOUND('',#15614,.T.);
#15614 = EDGE_LOOP('',(#15615,#15616,#15617,#15625,#15633,#15639));
#15615 = ORIENTED_EDGE('',*,*,#15600,.F.);
#15616 = ORIENTED_EDGE('',*,*,#15571,.T.);
#15617 = ORIENTED_EDGE('',*,*,#15618,.T.);
#15618 = EDGE_CURVE('',#15564,#15619,#15621,.T.);
#15619 = VERTEX_POINT('',#15620);
#15620 = CARTESIAN_POINT('',(-2.2,9.6,-3.5));
#15621 = LINE('',#15622,#15623);
#15622 = CARTESIAN_POINT('',(-3.4,9.6,-3.5));
#15623 = VECTOR('',#15624,1.);
#15624 = DIRECTION('',(1.,0.,2.710505431214E-16));
#15625 = ORIENTED_EDGE('',*,*,#15626,.T.);
#15626 = EDGE_CURVE('',#15619,#15627,#15629,.T.);
#15627 = VERTEX_POINT('',#15628);
#15628 = CARTESIAN_POINT('',(-2.2,9.6,-3.));
#15629 = LINE('',#15630,#15631);
#15630 = CARTESIAN_POINT('',(-2.2,9.6,-3.5));
#15631 = VECTOR('',#15632,1.);
#15632 = DIRECTION('',(-4.336808689942E-16,-1.084202172486E-15,1.));
#15633 = ORIENTED_EDGE('',*,*,#15634,.F.);
#15634 = EDGE_CURVE('',#10704,#15627,#15635,.T.);
#15635 = LINE('',#15636,#15637);
#15636 = CARTESIAN_POINT('',(-3.4,9.6,-3.));
#15637 = VECTOR('',#15638,1.);
#15638 = DIRECTION('',(1.,0.,2.710505431214E-16));
#15639 = ORIENTED_EDGE('',*,*,#15532,.F.);
#15640 = PLANE('',#15641);
#15641 = AXIS2_PLACEMENT_3D('',#15642,#15643,#15644);
#15642 = CARTESIAN_POINT('',(-3.4,9.6,-3.5));
#15643 = DIRECTION('',(2.938735877056E-31,-1.,-1.084202172486E-15));
#15644 = DIRECTION('',(0.,1.084202172486E-15,-1.));
#15645 = ADVANCED_FACE('',(#15646),#15673,.T.);
#15646 = FACE_BOUND('',#15647,.T.);
#15647 = EDGE_LOOP('',(#15648,#15649,#15658,#15666));
#15648 = ORIENTED_EDGE('',*,*,#15626,.F.);
#15649 = ORIENTED_EDGE('',*,*,#15650,.F.);
#15650 = EDGE_CURVE('',#15651,#15619,#15653,.T.);
#15651 = VERTEX_POINT('',#15652);
#15652 = CARTESIAN_POINT('',(-2.2,10.4,-3.5));
#15653 = CIRCLE('',#15654,0.4);
#15654 = AXIS2_PLACEMENT_3D('',#15655,#15656,#15657);
#15655 = CARTESIAN_POINT('',(-2.2,10.,-3.5));
#15656 = DIRECTION('',(2.710505431214E-16,1.084202172486E-15,-1.));
#15657 = DIRECTION('',(-8.75811540203E-47,-1.,-1.084202172486E-15));
#15658 = ORIENTED_EDGE('',*,*,#15659,.F.);
#15659 = EDGE_CURVE('',#15660,#15651,#15662,.T.);
#15660 = VERTEX_POINT('',#15661);
#15661 = CARTESIAN_POINT('',(-2.2,10.4,-3.));
#15662 = LINE('',#15663,#15664);
#15663 = CARTESIAN_POINT('',(-2.2,10.4,-3.5));
#15664 = VECTOR('',#15665,1.);
#15665 = DIRECTION('',(4.336808689942E-16,1.084202172486E-15,-1.));
#15666 = ORIENTED_EDGE('',*,*,#15667,.F.);
#15667 = EDGE_CURVE('',#15627,#15660,#15668,.T.);
#15668 = CIRCLE('',#15669,0.4);
#15669 = AXIS2_PLACEMENT_3D('',#15670,#15671,#15672);
#15670 = CARTESIAN_POINT('',(-2.2,10.,-3.));
#15671 = DIRECTION('',(-2.710505431214E-16,-1.084202172486E-15,1.));
#15672 = DIRECTION('',(-8.75811540203E-47,-1.,-1.084202172486E-15));
#15673 = CYLINDRICAL_SURFACE('',#15674,0.4);
#15674 = AXIS2_PLACEMENT_3D('',#15675,#15676,#15677);
#15675 = CARTESIAN_POINT('',(-2.2,10.,-3.5));
#15676 = DIRECTION('',(-4.336808689942E-16,-1.084202172486E-15,1.));
#15677 = DIRECTION('',(-1.050973848244E-45,-1.,-1.084202172486E-15));
#15678 = ADVANCED_FACE('',(#15679),#15697,.T.);
#15679 = FACE_BOUND('',#15680,.T.);
#15680 = EDGE_LOOP('',(#15681,#15687,#15688,#15689,#15690,#15696));
#15681 = ORIENTED_EDGE('',*,*,#15682,.T.);
#15682 = EDGE_CURVE('',#15651,#15555,#15683,.T.);
#15683 = LINE('',#15684,#15685);
#15684 = CARTESIAN_POINT('',(-3.4,10.4,-3.5));
#15685 = VECTOR('',#15686,1.);
#15686 = DIRECTION('',(-1.,0.,-2.710505431214E-16));
#15687 = ORIENTED_EDGE('',*,*,#15554,.T.);
#15688 = ORIENTED_EDGE('',*,*,#15502,.F.);
#15689 = ORIENTED_EDGE('',*,*,#15539,.F.);
#15690 = ORIENTED_EDGE('',*,*,#15691,.F.);
#15691 = EDGE_CURVE('',#15660,#10696,#15692,.T.);
#15692 = LINE('',#15693,#15694);
#15693 = CARTESIAN_POINT('',(-3.4,10.4,-3.));
#15694 = VECTOR('',#15695,1.);
#15695 = DIRECTION('',(-1.,0.,-2.710505431214E-16));
#15696 = ORIENTED_EDGE('',*,*,#15659,.T.);
#15697 = PLANE('',#15698);
#15698 = AXIS2_PLACEMENT_3D('',#15699,#15700,#15701);
#15699 = CARTESIAN_POINT('',(-3.4,10.4,-3.5));
#15700 = DIRECTION('',(-2.938735877056E-31,1.,1.084202172486E-15));
#15701 = DIRECTION('',(0.,-1.084202172486E-15,1.));
#15702 = ADVANCED_FACE('',(#15703),#15709,.F.);
#15703 = FACE_BOUND('',#15704,.T.);
#15704 = EDGE_LOOP('',(#15705,#15706,#15707,#15708));
#15705 = ORIENTED_EDGE('',*,*,#15618,.F.);
#15706 = ORIENTED_EDGE('',*,*,#15563,.T.);
#15707 = ORIENTED_EDGE('',*,*,#15682,.F.);
#15708 = ORIENTED_EDGE('',*,*,#15650,.T.);
#15709 = PLANE('',#15710);
#15710 = AXIS2_PLACEMENT_3D('',#15711,#15712,#15713);
#15711 = CARTESIAN_POINT('',(-3.4,10.4,-3.5));
#15712 = DIRECTION('',(-2.710505431214E-16,-1.084202172486E-15,1.));
#15713 = DIRECTION('',(0.,-1.,-1.084202172486E-15));
#15714 = ADVANCED_FACE('',(#15715),#15735,.F.);
#15715 = FACE_BOUND('',#15716,.T.);
#15716 = EDGE_LOOP('',(#15717,#15718,#15719,#15720,#15728,#15734));
#15717 = ORIENTED_EDGE('',*,*,#9935,.F.);
#15718 = ORIENTED_EDGE('',*,*,#15487,.F.);
#15719 = ORIENTED_EDGE('',*,*,#15518,.T.);
#15720 = ORIENTED_EDGE('',*,*,#15721,.T.);
#15721 = EDGE_CURVE('',#15511,#15722,#15724,.T.);
#15722 = VERTEX_POINT('',#15723);
#15723 = CARTESIAN_POINT('',(-3.4,11.,-2.55));
#15724 = LINE('',#15725,#15726);
#15725 = CARTESIAN_POINT('',(-3.4,11.,-2.55));
#15726 = VECTOR('',#15727,1.);
#15727 = DIRECTION('',(0.,0.,1.));
#15728 = ORIENTED_EDGE('',*,*,#15729,.F.);
#15729 = EDGE_CURVE('',#9529,#15722,#15730,.T.);
#15730 = LINE('',#15731,#15732);
#15731 = CARTESIAN_POINT('',(-2.9,11.,-2.55));
#15732 = VECTOR('',#15733,1.);
#15733 = DIRECTION('',(-1.,0.,0.));
#15734 = ORIENTED_EDGE('',*,*,#9528,.T.);
#15735 = PLANE('',#15736);
#15736 = AXIS2_PLACEMENT_3D('',#15737,#15738,#15739);
#15737 = CARTESIAN_POINT('',(-2.9,11.,-2.55));
#15738 = DIRECTION('',(0.,-1.,0.));
#15739 = DIRECTION('',(0.,0.,-1.));
#15740 = ADVANCED_FACE('',(#15741),#15759,.F.);
#15741 = FACE_BOUND('',#15742,.T.);
#15742 = EDGE_LOOP('',(#15743,#15751,#15752,#15753));
#15743 = ORIENTED_EDGE('',*,*,#15744,.F.);
#15744 = EDGE_CURVE('',#9505,#15745,#15747,.T.);
#15745 = VERTEX_POINT('',#15746);
#15746 = CARTESIAN_POINT('',(-3.4,13.,-2.55));
#15747 = LINE('',#15748,#15749);
#15748 = CARTESIAN_POINT('',(-2.9,13.,-2.55));
#15749 = VECTOR('',#15750,1.);
#15750 = DIRECTION('',(-1.,0.,0.));
#15751 = ORIENTED_EDGE('',*,*,#9536,.T.);
#15752 = ORIENTED_EDGE('',*,*,#15729,.T.);
#15753 = ORIENTED_EDGE('',*,*,#15754,.T.);
#15754 = EDGE_CURVE('',#15722,#15745,#15755,.T.);
#15755 = LINE('',#15756,#15757);
#15756 = CARTESIAN_POINT('',(-3.4,13.,-2.55));
#15757 = VECTOR('',#15758,1.);
#15758 = DIRECTION('',(0.,1.,2.168404344971E-16));
#15759 = PLANE('',#15760);
#15760 = AXIS2_PLACEMENT_3D('',#15761,#15762,#15763);
#15761 = CARTESIAN_POINT('',(-2.9,13.,-2.55));
#15762 = DIRECTION('',(0.,-2.168404344971E-16,1.));
#15763 = DIRECTION('',(0.,-1.,-2.168404344971E-16));
#15764 = ADVANCED_FACE('',(#15765),#15783,.F.);
#15765 = FACE_BOUND('',#15766,.T.);
#15766 = EDGE_LOOP('',(#15767,#15775,#15776,#15777));
#15767 = ORIENTED_EDGE('',*,*,#15768,.F.);
#15768 = EDGE_CURVE('',#9503,#15769,#15771,.T.);
#15769 = VERTEX_POINT('',#15770);
#15770 = CARTESIAN_POINT('',(-3.4,13.,-1.8));
#15771 = LINE('',#15772,#15773);
#15772 = CARTESIAN_POINT('',(-2.9,13.,-1.8));
#15773 = VECTOR('',#15774,1.);
#15774 = DIRECTION('',(-1.,0.,0.));
#15775 = ORIENTED_EDGE('',*,*,#9502,.T.);
#15776 = ORIENTED_EDGE('',*,*,#15744,.T.);
#15777 = ORIENTED_EDGE('',*,*,#15778,.T.);
#15778 = EDGE_CURVE('',#15745,#15769,#15779,.T.);
#15779 = LINE('',#15780,#15781);
#15780 = CARTESIAN_POINT('',(-3.4,13.,-1.8));
#15781 = VECTOR('',#15782,1.);
#15782 = DIRECTION('',(0.,0.,1.));
#15783 = PLANE('',#15784);
#15784 = AXIS2_PLACEMENT_3D('',#15785,#15786,#15787);
#15785 = CARTESIAN_POINT('',(-2.9,13.,-1.8));
#15786 = DIRECTION('',(0.,-1.,0.));
#15787 = DIRECTION('',(0.,0.,-1.));
#15788 = ADVANCED_FACE('',(#15789),#15800,.F.);
#15789 = FACE_BOUND('',#15790,.T.);
#15790 = EDGE_LOOP('',(#15791,#15792,#15793,#15794));
#15791 = ORIENTED_EDGE('',*,*,#8961,.F.);
#15792 = ORIENTED_EDGE('',*,*,#9512,.T.);
#15793 = ORIENTED_EDGE('',*,*,#15768,.T.);
#15794 = ORIENTED_EDGE('',*,*,#15795,.T.);
#15795 = EDGE_CURVE('',#15769,#8962,#15796,.T.);
#15796 = LINE('',#15797,#15798);
#15797 = CARTESIAN_POINT('',(-3.4,21.45,-1.8));
#15798 = VECTOR('',#15799,1.);
#15799 = DIRECTION('',(0.,1.,4.619086178636E-16));
#15800 = PLANE('',#15801);
#15801 = AXIS2_PLACEMENT_3D('',#15802,#15803,#15804);
#15802 = CARTESIAN_POINT('',(-2.9,21.45,-1.8));
#15803 = DIRECTION('',(0.,-4.619086178636E-16,1.));
#15804 = DIRECTION('',(0.,-1.,-4.619086178636E-16));
#15805 = ADVANCED_FACE('',(#15806),#15831,.F.);
#15806 = FACE_BOUND('',#15807,.T.);
#15807 = EDGE_LOOP('',(#15808,#15816,#15817,#15825));
#15808 = ORIENTED_EDGE('',*,*,#15809,.T.);
#15809 = EDGE_CURVE('',#15810,#12178,#15812,.T.);
#15810 = VERTEX_POINT('',#15811);
#15811 = CARTESIAN_POINT('',(-3.4,-26.5,-1.1));
#15812 = LINE('',#15813,#15814);
#15813 = CARTESIAN_POINT('',(-3.4,-26.5,-1.8));
#15814 = VECTOR('',#15815,1.);
#15815 = DIRECTION('',(0.,0.,-1.));
#15816 = ORIENTED_EDGE('',*,*,#12177,.F.);
#15817 = ORIENTED_EDGE('',*,*,#15818,.F.);
#15818 = EDGE_CURVE('',#15819,#12170,#15821,.T.);
#15819 = VERTEX_POINT('',#15820);
#15820 = CARTESIAN_POINT('',(-2.9,-26.5,-1.1));
#15821 = LINE('',#15822,#15823);
#15822 = CARTESIAN_POINT('',(-2.9,-26.5,-1.8));
#15823 = VECTOR('',#15824,1.);
#15824 = DIRECTION('',(0.,0.,-1.));
#15825 = ORIENTED_EDGE('',*,*,#15826,.T.);
#15826 = EDGE_CURVE('',#15819,#15810,#15827,.T.);
#15827 = LINE('',#15828,#15829);
#15828 = CARTESIAN_POINT('',(-2.9,-26.5,-1.1));
#15829 = VECTOR('',#15830,1.);
#15830 = DIRECTION('',(-1.,0.,0.));
#15831 = PLANE('',#15832);
#15832 = AXIS2_PLACEMENT_3D('',#15833,#15834,#15835);
#15833 = CARTESIAN_POINT('',(-2.9,-26.5,-1.8));
#15834 = DIRECTION('',(0.,1.,0.));
#15835 = DIRECTION('',(0.,-0.,1.));
#15836 = ADVANCED_FACE('',(#15837),#15862,.F.);
#15837 = FACE_BOUND('',#15838,.T.);
#15838 = EDGE_LOOP('',(#15839,#15847,#15848,#15856));
#15839 = ORIENTED_EDGE('',*,*,#15840,.T.);
#15840 = EDGE_CURVE('',#15841,#15810,#15843,.T.);
#15841 = VERTEX_POINT('',#15842);
#15842 = CARTESIAN_POINT('',(-3.4,-29.,-1.1));
#15843 = LINE('',#15844,#15845);
#15844 = CARTESIAN_POINT('',(-3.4,-26.5,-1.1));
#15845 = VECTOR('',#15846,1.);
#15846 = DIRECTION('',(0.,1.,1.301042606983E-16));
#15847 = ORIENTED_EDGE('',*,*,#15826,.F.);
#15848 = ORIENTED_EDGE('',*,*,#15849,.F.);
#15849 = EDGE_CURVE('',#15850,#15819,#15852,.T.);
#15850 = VERTEX_POINT('',#15851);
#15851 = CARTESIAN_POINT('',(-2.9,-29.,-1.1));
#15852 = LINE('',#15853,#15854);
#15853 = CARTESIAN_POINT('',(-2.9,-26.5,-1.1));
#15854 = VECTOR('',#15855,1.);
#15855 = DIRECTION('',(0.,1.,1.301042606983E-16));
#15856 = ORIENTED_EDGE('',*,*,#15857,.T.);
#15857 = EDGE_CURVE('',#15850,#15841,#15858,.T.);
#15858 = LINE('',#15859,#15860);
#15859 = CARTESIAN_POINT('',(-2.9,-29.,-1.1));
#15860 = VECTOR('',#15861,1.);
#15861 = DIRECTION('',(-1.,0.,0.));
#15862 = PLANE('',#15863);
#15863 = AXIS2_PLACEMENT_3D('',#15864,#15865,#15866);
#15864 = CARTESIAN_POINT('',(-2.9,-26.5,-1.1));
#15865 = DIRECTION('',(0.,-1.301042606983E-16,1.));
#15866 = DIRECTION('',(0.,-1.,-1.301042606983E-16));
#15867 = ADVANCED_FACE('',(#15868),#15894,.F.);
#15868 = FACE_BOUND('',#15869,.T.);
#15869 = EDGE_LOOP('',(#15870,#15876,#15877,#15885,#15891,#15892,#15893)
  );
#15870 = ORIENTED_EDGE('',*,*,#15871,.F.);
#15871 = EDGE_CURVE('',#15841,#14987,#15872,.T.);
#15872 = LINE('',#15873,#15874);
#15873 = CARTESIAN_POINT('',(-3.4,-29.,-4.5));
#15874 = VECTOR('',#15875,1.);
#15875 = DIRECTION('',(0.,0.,1.));
#15876 = ORIENTED_EDGE('',*,*,#15857,.F.);
#15877 = ORIENTED_EDGE('',*,*,#15878,.F.);
#15878 = EDGE_CURVE('',#15879,#15850,#15881,.T.);
#15879 = VERTEX_POINT('',#15880);
#15880 = CARTESIAN_POINT('',(-2.9,-29.,-0.5));
#15881 = LINE('',#15882,#15883);
#15882 = CARTESIAN_POINT('',(-2.9,-29.,-0.5));
#15883 = VECTOR('',#15884,1.);
#15884 = DIRECTION('',(0.,0.,-1.));
#15885 = ORIENTED_EDGE('',*,*,#15886,.F.);
#15886 = EDGE_CURVE('',#13242,#15879,#15887,.T.);
#15887 = LINE('',#15888,#15889);
#15888 = CARTESIAN_POINT('',(-2.9,-29.,-0.5));
#15889 = VECTOR('',#15890,1.);
#15890 = DIRECTION('',(-1.,0.,1.836970198721E-16));
#15891 = ORIENTED_EDGE('',*,*,#13241,.T.);
#15892 = ORIENTED_EDGE('',*,*,#14859,.T.);
#15893 = ORIENTED_EDGE('',*,*,#14986,.T.);
#15894 = PLANE('',#15895);
#15895 = AXIS2_PLACEMENT_3D('',#15896,#15897,#15898);
#15896 = CARTESIAN_POINT('',(-3.4,-29.,-4.5));
#15897 = DIRECTION('',(0.,1.,0.));
#15898 = DIRECTION('',(0.,-0.,1.));
#15899 = ADVANCED_FACE('',(#15900),#15944,.F.);
#15900 = FACE_BOUND('',#15901,.T.);
#15901 = EDGE_LOOP('',(#15902,#15908,#15909,#15910,#15918,#15924,#15925,
    #15931,#15932,#15933,#15934,#15935,#15936,#15937,#15938,#15939,
    #15940,#15941,#15942,#15943));
#15902 = ORIENTED_EDGE('',*,*,#15903,.F.);
#15903 = EDGE_CURVE('',#11910,#15879,#15904,.T.);
#15904 = LINE('',#15905,#15906);
#15905 = CARTESIAN_POINT('',(-2.9,27.,-0.5));
#15906 = VECTOR('',#15907,1.);
#15907 = DIRECTION('',(0.,-1.,0.));
#15908 = ORIENTED_EDGE('',*,*,#11909,.T.);
#15909 = ORIENTED_EDGE('',*,*,#13594,.T.);
#15910 = ORIENTED_EDGE('',*,*,#15911,.T.);
#15911 = EDGE_CURVE('',#13587,#15912,#15914,.T.);
#15912 = VERTEX_POINT('',#15913);
#15913 = CARTESIAN_POINT('',(1.25,-24.5,-0.5));
#15914 = LINE('',#15915,#15916);
#15915 = CARTESIAN_POINT('',(-2.9,-24.5,-0.5));
#15916 = VECTOR('',#15917,1.);
#15917 = DIRECTION('',(1.,0.,-1.836970198721E-16));
#15918 = ORIENTED_EDGE('',*,*,#15919,.T.);
#15919 = EDGE_CURVE('',#15912,#11894,#15920,.T.);
#15920 = LINE('',#15921,#15922);
#15921 = CARTESIAN_POINT('',(1.25,27.,-0.5));
#15922 = VECTOR('',#15923,1.);
#15923 = DIRECTION('',(0.,1.,0.));
#15924 = ORIENTED_EDGE('',*,*,#11893,.T.);
#15925 = ORIENTED_EDGE('',*,*,#15926,.T.);
#15926 = EDGE_CURVE('',#11886,#14715,#15927,.T.);
#15927 = LINE('',#15928,#15929);
#15928 = CARTESIAN_POINT('',(2.9,27.,-0.5));
#15929 = VECTOR('',#15930,1.);
#15930 = DIRECTION('',(0.,-1.,0.));
#15931 = ORIENTED_EDGE('',*,*,#14714,.F.);
#15932 = ORIENTED_EDGE('',*,*,#13539,.F.);
#15933 = ORIENTED_EDGE('',*,*,#13508,.F.);
#15934 = ORIENTED_EDGE('',*,*,#13477,.F.);
#15935 = ORIENTED_EDGE('',*,*,#13463,.F.);
#15936 = ORIENTED_EDGE('',*,*,#13432,.F.);
#15937 = ORIENTED_EDGE('',*,*,#13398,.T.);
#15938 = ORIENTED_EDGE('',*,*,#13363,.T.);
#15939 = ORIENTED_EDGE('',*,*,#13326,.T.);
#15940 = ORIENTED_EDGE('',*,*,#13311,.T.);
#15941 = ORIENTED_EDGE('',*,*,#13280,.T.);
#15942 = ORIENTED_EDGE('',*,*,#13249,.T.);
#15943 = ORIENTED_EDGE('',*,*,#15886,.T.);
#15944 = PLANE('',#15945);
#15945 = AXIS2_PLACEMENT_3D('',#15946,#15947,#15948);
#15946 = CARTESIAN_POINT('',(-2.9,27.,-0.5));
#15947 = DIRECTION('',(1.836970198721E-16,0.,1.));
#15948 = DIRECTION('',(1.,0.,-1.836970198721E-16));
#15949 = ADVANCED_FACE('',(#15950),#15968,.F.);
#15950 = FACE_BOUND('',#15951,.T.);
#15951 = EDGE_LOOP('',(#15952,#15953,#15954,#15962));
#15952 = ORIENTED_EDGE('',*,*,#11367,.F.);
#15953 = ORIENTED_EDGE('',*,*,#11407,.T.);
#15954 = ORIENTED_EDGE('',*,*,#15955,.T.);
#15955 = EDGE_CURVE('',#11400,#15956,#15958,.T.);
#15956 = VERTEX_POINT('',#15957);
#15957 = CARTESIAN_POINT('',(-3.4,-6.,-1.8));
#15958 = LINE('',#15959,#15960);
#15959 = CARTESIAN_POINT('',(-2.9,-6.,-1.8));
#15960 = VECTOR('',#15961,1.);
#15961 = DIRECTION('',(-1.,0.,0.));
#15962 = ORIENTED_EDGE('',*,*,#15963,.T.);
#15963 = EDGE_CURVE('',#15956,#9686,#15964,.T.);
#15964 = LINE('',#15965,#15966);
#15965 = CARTESIAN_POINT('',(-3.4,6.,-1.8));
#15966 = VECTOR('',#15967,1.);
#15967 = DIRECTION('',(0.,1.,-1.264902534566E-16));
#15968 = PLANE('',#15969);
#15969 = AXIS2_PLACEMENT_3D('',#15970,#15971,#15972);
#15970 = CARTESIAN_POINT('',(-2.9,6.,-1.8));
#15971 = DIRECTION('',(0.,1.264902534566E-16,1.));
#15972 = DIRECTION('',(0.,-1.,1.264902534566E-16));
#15973 = ADVANCED_FACE('',(#15974),#15990,.T.);
#15974 = FACE_BOUND('',#15975,.T.);
#15975 = EDGE_LOOP('',(#15976,#15977,#15983,#15984));
#15976 = ORIENTED_EDGE('',*,*,#12137,.F.);
#15977 = ORIENTED_EDGE('',*,*,#15978,.T.);
#15978 = EDGE_CURVE('',#12130,#5595,#15979,.T.);
#15979 = LINE('',#15980,#15981);
#15980 = CARTESIAN_POINT('',(-2.9,14.474583487541,-22.19465778554));
#15981 = VECTOR('',#15982,1.);
#15982 = DIRECTION('',(0.,-0.866025403784,0.5));
#15983 = ORIENTED_EDGE('',*,*,#5594,.T.);
#15984 = ORIENTED_EDGE('',*,*,#15985,.F.);
#15985 = EDGE_CURVE('',#12138,#5597,#15986,.T.);
#15986 = LINE('',#15987,#15988);
#15987 = CARTESIAN_POINT('',(-3.4,14.474583487541,-22.19465778554));
#15988 = VECTOR('',#15989,1.);
#15989 = DIRECTION('',(0.,-0.866025403784,0.5));
#15990 = PLANE('',#15991);
#15991 = AXIS2_PLACEMENT_3D('',#15992,#15993,#15994);
#15992 = CARTESIAN_POINT('',(-2.9,14.474583487541,-22.19465778554));
#15993 = DIRECTION('',(0.,-0.5,-0.866025403784));
#15994 = DIRECTION('',(0.,-0.866025403784,0.5));
#15995 = ADVANCED_FACE('',(#15996),#16014,.T.);
#15996 = FACE_BOUND('',#15997,.T.);
#15997 = EDGE_LOOP('',(#15998,#15999,#16000,#16008));
#15998 = ORIENTED_EDGE('',*,*,#11949,.F.);
#15999 = ORIENTED_EDGE('',*,*,#5720,.T.);
#16000 = ORIENTED_EDGE('',*,*,#16001,.F.);
#16001 = EDGE_CURVE('',#16002,#5723,#16004,.T.);
#16002 = VERTEX_POINT('',#16003);
#16003 = CARTESIAN_POINT('',(-3.4,-22.9,-2.55));
#16004 = LINE('',#16005,#16006);
#16005 = CARTESIAN_POINT('',(-3.4,13.637323961121,-23.64483382442));
#16006 = VECTOR('',#16007,1.);
#16007 = DIRECTION('',(0.,-0.866025403784,0.5));
#16008 = ORIENTED_EDGE('',*,*,#16009,.F.);
#16009 = EDGE_CURVE('',#11950,#16002,#16010,.T.);
#16010 = LINE('',#16011,#16012);
#16011 = CARTESIAN_POINT('',(-2.9,-22.9,-2.55));
#16012 = VECTOR('',#16013,1.);
#16013 = DIRECTION('',(-1.,-0.,-0.));
#16014 = PLANE('',#16015);
#16015 = AXIS2_PLACEMENT_3D('',#16016,#16017,#16018);
#16016 = CARTESIAN_POINT('',(-2.9,13.637323961121,-23.64483382442));
#16017 = DIRECTION('',(0.,-0.5,-0.866025403784));
#16018 = DIRECTION('',(0.,-0.866025403784,0.5));
#16019 = ADVANCED_FACE('',(#16020),#16045,.F.);
#16020 = FACE_BOUND('',#16021,.T.);
#16021 = EDGE_LOOP('',(#16022,#16030,#16031,#16039));
#16022 = ORIENTED_EDGE('',*,*,#16023,.F.);
#16023 = EDGE_CURVE('',#9200,#16024,#16026,.T.);
#16024 = VERTEX_POINT('',#16025);
#16025 = CARTESIAN_POINT('',(-3.4,22.9,-2.55));
#16026 = LINE('',#16027,#16028);
#16027 = CARTESIAN_POINT('',(-2.9,22.9,-2.55));
#16028 = VECTOR('',#16029,1.);
#16029 = DIRECTION('',(-1.,-0.,-0.));
#16030 = ORIENTED_EDGE('',*,*,#9199,.T.);
#16031 = ORIENTED_EDGE('',*,*,#16032,.T.);
#16032 = EDGE_CURVE('',#9191,#16033,#16035,.T.);
#16033 = VERTEX_POINT('',#16034);
#16034 = CARTESIAN_POINT('',(-3.4,21.65,-2.55));
#16035 = LINE('',#16036,#16037);
#16036 = CARTESIAN_POINT('',(-2.9,21.65,-2.55));
#16037 = VECTOR('',#16038,1.);
#16038 = DIRECTION('',(-1.,0.,0.));
#16039 = ORIENTED_EDGE('',*,*,#16040,.T.);
#16040 = EDGE_CURVE('',#16033,#16024,#16041,.T.);
#16041 = LINE('',#16042,#16043);
#16042 = CARTESIAN_POINT('',(-3.4,23.5,-2.55));
#16043 = VECTOR('',#16044,1.);
#16044 = DIRECTION('',(0.,1.,2.115516434118E-16));
#16045 = PLANE('',#16046);
#16046 = AXIS2_PLACEMENT_3D('',#16047,#16048,#16049);
#16047 = CARTESIAN_POINT('',(-2.9,23.5,-2.55));
#16048 = DIRECTION('',(0.,-2.115516434118E-16,1.));
#16049 = DIRECTION('',(0.,-1.,-2.115516434118E-16));
#16050 = ADVANCED_FACE('',(#16051),#16078,.F.);
#16051 = FACE_BOUND('',#16052,.T.);
#16052 = EDGE_LOOP('',(#16053,#16054,#16055,#16061,#16062,#16070,#16076,
    #16077));
#16053 = ORIENTED_EDGE('',*,*,#12446,.F.);
#16054 = ORIENTED_EDGE('',*,*,#10588,.F.);
#16055 = ORIENTED_EDGE('',*,*,#16056,.T.);
#16056 = EDGE_CURVE('',#10581,#10614,#16057,.T.);
#16057 = LINE('',#16058,#16059);
#16058 = CARTESIAN_POINT('',(7.5,25.5,-3.));
#16059 = VECTOR('',#16060,1.);
#16060 = DIRECTION('',(-1.,5.540785994482E-34,6.187342961859E-16));
#16061 = ORIENTED_EDGE('',*,*,#10613,.T.);
#16062 = ORIENTED_EDGE('',*,*,#16063,.T.);
#16063 = EDGE_CURVE('',#10605,#16064,#16066,.T.);
#16064 = VERTEX_POINT('',#16065);
#16065 = CARTESIAN_POINT('',(-3.4,25.5,-2.8));
#16066 = LINE('',#16067,#16068);
#16067 = CARTESIAN_POINT('',(-2.9,25.5,-2.8));
#16068 = VECTOR('',#16069,1.);
#16069 = DIRECTION('',(-1.,0.,0.));
#16070 = ORIENTED_EDGE('',*,*,#16071,.T.);
#16071 = EDGE_CURVE('',#16064,#14932,#16072,.T.);
#16072 = LINE('',#16073,#16074);
#16073 = CARTESIAN_POINT('',(-3.4,25.5,-1.8));
#16074 = VECTOR('',#16075,1.);
#16075 = DIRECTION('',(0.,0.,1.));
#16076 = ORIENTED_EDGE('',*,*,#14931,.F.);
#16077 = ORIENTED_EDGE('',*,*,#12507,.T.);
#16078 = PLANE('',#16079);
#16079 = AXIS2_PLACEMENT_3D('',#16080,#16081,#16082);
#16080 = CARTESIAN_POINT('',(-2.9,25.5,-1.8));
#16081 = DIRECTION('',(0.,-1.,0.));
#16082 = DIRECTION('',(0.,0.,-1.));
#16083 = ADVANCED_FACE('',(#16084),#16103,.F.);
#16084 = FACE_BOUND('',#16085,.F.);
#16085 = EDGE_LOOP('',(#16086,#16095,#16101,#16102));
#16086 = ORIENTED_EDGE('',*,*,#16087,.T.);
#16087 = EDGE_CURVE('',#5731,#16088,#16090,.T.);
#16088 = VERTEX_POINT('',#16089);
#16089 = CARTESIAN_POINT('',(-3.4,-23.5,-2.55));
#16090 = CIRCLE('',#16091,0.2);
#16091 = AXIS2_PLACEMENT_3D('',#16092,#16093,#16094);
#16092 = CARTESIAN_POINT('',(-3.4,-23.3,-2.55));
#16093 = DIRECTION('',(1.,0.,-0.));
#16094 = DIRECTION('',(0.,0.,1.));
#16095 = ORIENTED_EDGE('',*,*,#16096,.F.);
#16096 = EDGE_CURVE('',#11932,#16088,#16097,.T.);
#16097 = LINE('',#16098,#16099);
#16098 = CARTESIAN_POINT('',(-2.9,-23.5,-2.55));
#16099 = VECTOR('',#16100,1.);
#16100 = DIRECTION('',(-1.,0.,0.));
#16101 = ORIENTED_EDGE('',*,*,#11941,.T.);
#16102 = ORIENTED_EDGE('',*,*,#5739,.T.);
#16103 = CYLINDRICAL_SURFACE('',#16104,0.2);
#16104 = AXIS2_PLACEMENT_3D('',#16105,#16106,#16107);
#16105 = CARTESIAN_POINT('',(-2.9,-23.3,-2.55));
#16106 = DIRECTION('',(-1.,0.,0.));
#16107 = DIRECTION('',(0.,0.,1.));
#16108 = ADVANCED_FACE('',(#16109),#16316,.T.);
#16109 = FACE_BOUND('',#16110,.T.);
#16110 = EDGE_LOOP('',(#16111,#16121,#16129,#16135,#16136,#16145,#16151,
    #16152,#16159,#16160,#16161,#16170,#16176,#16177,#16178,#16179,
    #16180,#16181,#16182,#16183,#16184,#16185,#16186,#16194,#16200,
    #16201,#16202,#16210,#16218,#16224,#16225,#16226,#16227,#16228,
    #16229,#16230,#16231,#16232,#16233,#16234,#16241,#16242,#16251,
    #16257,#16258,#16259,#16260,#16268,#16276,#16284,#16293,#16299,
    #16300,#16301,#16302,#16303,#16304,#16305,#16306,#16307,#16308,
    #16309));
#16111 = ORIENTED_EDGE('',*,*,#16112,.F.);
#16112 = EDGE_CURVE('',#16113,#16115,#16117,.T.);
#16113 = VERTEX_POINT('',#16114);
#16114 = CARTESIAN_POINT('',(-3.4,24.3,-3.));
#16115 = VERTEX_POINT('',#16116);
#16116 = CARTESIAN_POINT('',(-3.4,25.3,-3.));
#16117 = LINE('',#16118,#16119);
#16118 = CARTESIAN_POINT('',(-3.4,25.5,-3.));
#16119 = VECTOR('',#16120,1.);
#16120 = DIRECTION('',(0.,1.,-1.084202172486E-15));
#16121 = ORIENTED_EDGE('',*,*,#16122,.T.);
#16122 = EDGE_CURVE('',#16113,#16123,#16125,.T.);
#16123 = VERTEX_POINT('',#16124);
#16124 = CARTESIAN_POINT('',(-3.4,23.5,-3.));
#16125 = LINE('',#16126,#16127);
#16126 = CARTESIAN_POINT('',(-3.4,23.5,-3.));
#16127 = VECTOR('',#16128,1.);
#16128 = DIRECTION('',(0.,-1.,-1.084202172486E-15));
#16129 = ORIENTED_EDGE('',*,*,#16130,.F.);
#16130 = EDGE_CURVE('',#5681,#16123,#16131,.T.);
#16131 = LINE('',#16132,#16133);
#16132 = CARTESIAN_POINT('',(-3.4,23.5,-4.5));
#16133 = VECTOR('',#16134,1.);
#16134 = DIRECTION('',(0.,0.,-1.));
#16135 = ORIENTED_EDGE('',*,*,#5688,.F.);
#16136 = ORIENTED_EDGE('',*,*,#16137,.F.);
#16137 = EDGE_CURVE('',#16138,#5689,#16140,.T.);
#16138 = VERTEX_POINT('',#16139);
#16139 = CARTESIAN_POINT('',(-3.4,23.2,-2.376794919243));
#16140 = CIRCLE('',#16141,0.2);
#16141 = AXIS2_PLACEMENT_3D('',#16142,#16143,#16144);
#16142 = CARTESIAN_POINT('',(-3.4,23.3,-2.55));
#16143 = DIRECTION('',(-1.,0.,0.));
#16144 = DIRECTION('',(0.,0.,1.));
#16145 = ORIENTED_EDGE('',*,*,#16146,.F.);
#16146 = EDGE_CURVE('',#16024,#16138,#16147,.T.);
#16147 = LINE('',#16148,#16149);
#16148 = CARTESIAN_POINT('',(-3.4,26.862676038879,-0.262147922242));
#16149 = VECTOR('',#16150,1.);
#16150 = DIRECTION('',(0.,0.866025403784,0.5));
#16151 = ORIENTED_EDGE('',*,*,#16040,.F.);
#16152 = ORIENTED_EDGE('',*,*,#16153,.T.);
#16153 = EDGE_CURVE('',#16033,#9112,#16154,.T.);
#16154 = CIRCLE('',#16155,0.2);
#16155 = AXIS2_PLACEMENT_3D('',#16156,#16157,#16158);
#16156 = CARTESIAN_POINT('',(-3.4,21.65,-2.35));
#16157 = DIRECTION('',(-1.,0.,0.));
#16158 = DIRECTION('',(0.,0.,1.));
#16159 = ORIENTED_EDGE('',*,*,#9111,.F.);
#16160 = ORIENTED_EDGE('',*,*,#5646,.F.);
#16161 = ORIENTED_EDGE('',*,*,#16162,.F.);
#16162 = EDGE_CURVE('',#16163,#5647,#16165,.T.);
#16163 = VERTEX_POINT('',#16164);
#16164 = CARTESIAN_POINT('',(-3.4,21.15,-1.626794919243));
#16165 = CIRCLE('',#16166,0.2);
#16166 = AXIS2_PLACEMENT_3D('',#16167,#16168,#16169);
#16167 = CARTESIAN_POINT('',(-3.4,21.25,-1.8));
#16168 = DIRECTION('',(-1.,0.,0.));
#16169 = DIRECTION('',(0.,0.,1.));
#16170 = ORIENTED_EDGE('',*,*,#16171,.F.);
#16171 = EDGE_CURVE('',#9089,#16163,#16172,.T.);
#16172 = LINE('',#16173,#16174);
#16173 = CARTESIAN_POINT('',(-3.4,26.02541651246,1.188028116637));
#16174 = VECTOR('',#16175,1.);
#16175 = DIRECTION('',(0.,0.866025403784,0.5));
#16176 = ORIENTED_EDGE('',*,*,#9088,.F.);
#16177 = ORIENTED_EDGE('',*,*,#15795,.F.);
#16178 = ORIENTED_EDGE('',*,*,#15778,.F.);
#16179 = ORIENTED_EDGE('',*,*,#15754,.F.);
#16180 = ORIENTED_EDGE('',*,*,#15721,.F.);
#16181 = ORIENTED_EDGE('',*,*,#15510,.F.);
#16182 = ORIENTED_EDGE('',*,*,#15580,.T.);
#16183 = ORIENTED_EDGE('',*,*,#15594,.F.);
#16184 = ORIENTED_EDGE('',*,*,#15431,.F.);
#16185 = ORIENTED_EDGE('',*,*,#15414,.F.);
#16186 = ORIENTED_EDGE('',*,*,#16187,.F.);
#16187 = EDGE_CURVE('',#16188,#15407,#16190,.T.);
#16188 = VERTEX_POINT('',#16189);
#16189 = CARTESIAN_POINT('',(-3.4,6.,-1.8));
#16190 = LINE('',#16191,#16192);
#16191 = CARTESIAN_POINT('',(-3.4,6.,-2.55));
#16192 = VECTOR('',#16193,1.);
#16193 = DIRECTION('',(0.,0.,-1.));
#16194 = ORIENTED_EDGE('',*,*,#16195,.F.);
#16195 = EDGE_CURVE('',#9694,#16188,#16196,.T.);
#16196 = LINE('',#16197,#16198);
#16197 = CARTESIAN_POINT('',(-3.4,6.,-1.8));
#16198 = VECTOR('',#16199,1.);
#16199 = DIRECTION('',(0.,1.,-1.264902534566E-16));
#16200 = ORIENTED_EDGE('',*,*,#9693,.F.);
#16201 = ORIENTED_EDGE('',*,*,#15963,.F.);
#16202 = ORIENTED_EDGE('',*,*,#16203,.F.);
#16203 = EDGE_CURVE('',#16204,#15956,#16206,.T.);
#16204 = VERTEX_POINT('',#16205);
#16205 = CARTESIAN_POINT('',(-3.4,-6.,-2.55));
#16206 = LINE('',#16207,#16208);
#16207 = CARTESIAN_POINT('',(-3.4,-6.,-1.8));
#16208 = VECTOR('',#16209,1.);
#16209 = DIRECTION('',(0.,0.,1.));
#16210 = ORIENTED_EDGE('',*,*,#16211,.F.);
#16211 = EDGE_CURVE('',#16212,#16204,#16214,.T.);
#16212 = VERTEX_POINT('',#16213);
#16213 = CARTESIAN_POINT('',(-3.4,-8.,-2.55));
#16214 = LINE('',#16215,#16216);
#16215 = CARTESIAN_POINT('',(-3.4,-6.,-2.55));
#16216 = VECTOR('',#16217,1.);
#16217 = DIRECTION('',(0.,1.,-2.168404344971E-16));
#16218 = ORIENTED_EDGE('',*,*,#16219,.F.);
#16219 = EDGE_CURVE('',#15190,#16212,#16220,.T.);
#16220 = LINE('',#16221,#16222);
#16221 = CARTESIAN_POINT('',(-3.4,-8.,-2.55));
#16222 = VECTOR('',#16223,1.);
#16223 = DIRECTION('',(0.,0.,1.));
#16224 = ORIENTED_EDGE('',*,*,#15189,.F.);
#16225 = ORIENTED_EDGE('',*,*,#15259,.T.);
#16226 = ORIENTED_EDGE('',*,*,#15273,.F.);
#16227 = ORIENTED_EDGE('',*,*,#15110,.F.);
#16228 = ORIENTED_EDGE('',*,*,#15093,.F.);
#16229 = ORIENTED_EDGE('',*,*,#15069,.F.);
#16230 = ORIENTED_EDGE('',*,*,#15045,.F.);
#16231 = ORIENTED_EDGE('',*,*,#12145,.F.);
#16232 = ORIENTED_EDGE('',*,*,#15985,.T.);
#16233 = ORIENTED_EDGE('',*,*,#5604,.T.);
#16234 = ORIENTED_EDGE('',*,*,#16235,.T.);
#16235 = EDGE_CURVE('',#5605,#12154,#16236,.T.);
#16236 = CIRCLE('',#16237,0.2);
#16237 = AXIS2_PLACEMENT_3D('',#16238,#16239,#16240);
#16238 = CARTESIAN_POINT('',(-3.4,-21.25,-1.8));
#16239 = DIRECTION('',(1.,0.,-0.));
#16240 = DIRECTION('',(0.,0.,1.));
#16241 = ORIENTED_EDGE('',*,*,#12383,.F.);
#16242 = ORIENTED_EDGE('',*,*,#16243,.T.);
#16243 = EDGE_CURVE('',#12376,#16244,#16246,.T.);
#16244 = VERTEX_POINT('',#16245);
#16245 = CARTESIAN_POINT('',(-3.4,-21.65,-2.55));
#16246 = CIRCLE('',#16247,0.2);
#16247 = AXIS2_PLACEMENT_3D('',#16248,#16249,#16250);
#16248 = CARTESIAN_POINT('',(-3.4,-21.65,-2.35));
#16249 = DIRECTION('',(-1.,0.,0.));
#16250 = DIRECTION('',(0.,0.,1.));
#16251 = ORIENTED_EDGE('',*,*,#16252,.F.);
#16252 = EDGE_CURVE('',#16002,#16244,#16253,.T.);
#16253 = LINE('',#16254,#16255);
#16254 = CARTESIAN_POINT('',(-3.4,-21.45,-2.55));
#16255 = VECTOR('',#16256,1.);
#16256 = DIRECTION('',(0.,1.,2.115516434118E-16));
#16257 = ORIENTED_EDGE('',*,*,#16001,.T.);
#16258 = ORIENTED_EDGE('',*,*,#5730,.T.);
#16259 = ORIENTED_EDGE('',*,*,#16087,.T.);
#16260 = ORIENTED_EDGE('',*,*,#16261,.F.);
#16261 = EDGE_CURVE('',#16262,#16088,#16264,.T.);
#16262 = VERTEX_POINT('',#16263);
#16263 = CARTESIAN_POINT('',(-3.4,-23.5,-3.));
#16264 = LINE('',#16265,#16266);
#16265 = CARTESIAN_POINT('',(-3.4,-23.5,-2.55));
#16266 = VECTOR('',#16267,1.);
#16267 = DIRECTION('',(0.,-1.779203565104E-15,1.));
#16268 = ORIENTED_EDGE('',*,*,#16269,.T.);
#16269 = EDGE_CURVE('',#16262,#16270,#16272,.T.);
#16270 = VERTEX_POINT('',#16271);
#16271 = CARTESIAN_POINT('',(-3.4,-24.3,-3.));
#16272 = LINE('',#16273,#16274);
#16273 = CARTESIAN_POINT('',(-3.4,27.,-3.));
#16274 = VECTOR('',#16275,1.);
#16275 = DIRECTION('',(0.,-1.,-1.084202172486E-15));
#16276 = ORIENTED_EDGE('',*,*,#16277,.F.);
#16277 = EDGE_CURVE('',#16278,#16270,#16280,.T.);
#16278 = VERTEX_POINT('',#16279);
#16279 = CARTESIAN_POINT('',(-3.4,-25.3,-3.));
#16280 = LINE('',#16281,#16282);
#16281 = CARTESIAN_POINT('',(-3.4,-24.3,-3.));
#16282 = VECTOR('',#16283,1.);
#16283 = DIRECTION('',(0.,1.,1.084202172486E-15));
#16284 = ORIENTED_EDGE('',*,*,#16285,.T.);
#16285 = EDGE_CURVE('',#16278,#16286,#16288,.T.);
#16286 = VERTEX_POINT('',#16287);
#16287 = CARTESIAN_POINT('',(-3.4,-25.5,-2.8));
#16288 = CIRCLE('',#16289,0.2);
#16289 = AXIS2_PLACEMENT_3D('',#16290,#16291,#16292);
#16290 = CARTESIAN_POINT('',(-3.4,-25.3,-2.8));
#16291 = DIRECTION('',(-1.,0.,0.));
#16292 = DIRECTION('',(0.,0.,1.));
#16293 = ORIENTED_EDGE('',*,*,#16294,.F.);
#16294 = EDGE_CURVE('',#15012,#16286,#16295,.T.);
#16295 = LINE('',#16296,#16297);
#16296 = CARTESIAN_POINT('',(-3.4,-25.5,-3.));
#16297 = VECTOR('',#16298,1.);
#16298 = DIRECTION('',(0.,0.,-1.));
#16299 = ORIENTED_EDGE('',*,*,#15021,.F.);
#16300 = ORIENTED_EDGE('',*,*,#12185,.F.);
#16301 = ORIENTED_EDGE('',*,*,#15809,.F.);
#16302 = ORIENTED_EDGE('',*,*,#15840,.F.);
#16303 = ORIENTED_EDGE('',*,*,#15871,.T.);
#16304 = ORIENTED_EDGE('',*,*,#14997,.T.);
#16305 = ORIENTED_EDGE('',*,*,#14960,.F.);
#16306 = ORIENTED_EDGE('',*,*,#8706,.F.);
#16307 = ORIENTED_EDGE('',*,*,#14939,.F.);
#16308 = ORIENTED_EDGE('',*,*,#16071,.F.);
#16309 = ORIENTED_EDGE('',*,*,#16310,.T.);
#16310 = EDGE_CURVE('',#16064,#16115,#16311,.T.);
#16311 = CIRCLE('',#16312,0.2);
#16312 = AXIS2_PLACEMENT_3D('',#16313,#16314,#16315);
#16313 = CARTESIAN_POINT('',(-3.4,25.3,-2.8));
#16314 = DIRECTION('',(-1.,0.,0.));
#16315 = DIRECTION('',(0.,0.,1.));
#16316 = PLANE('',#16317);
#16317 = AXIS2_PLACEMENT_3D('',#16318,#16319,#16320);
#16318 = CARTESIAN_POINT('',(-3.4,27.,-0.5));
#16319 = DIRECTION('',(-1.,0.,0.));
#16320 = DIRECTION('',(0.,0.,1.));
#16321 = ADVANCED_FACE('',(#16322),#16333,.F.);
#16322 = FACE_BOUND('',#16323,.F.);
#16323 = EDGE_LOOP('',(#16324,#16325,#16331,#16332));
#16324 = ORIENTED_EDGE('',*,*,#16137,.F.);
#16325 = ORIENTED_EDGE('',*,*,#16326,.F.);
#16326 = EDGE_CURVE('',#9208,#16138,#16327,.T.);
#16327 = LINE('',#16328,#16329);
#16328 = CARTESIAN_POINT('',(-2.9,23.2,-2.376794919243));
#16329 = VECTOR('',#16330,1.);
#16330 = DIRECTION('',(-1.,-0.,-0.));
#16331 = ORIENTED_EDGE('',*,*,#9215,.T.);
#16332 = ORIENTED_EDGE('',*,*,#5697,.T.);
#16333 = CYLINDRICAL_SURFACE('',#16334,0.2);
#16334 = AXIS2_PLACEMENT_3D('',#16335,#16336,#16337);
#16335 = CARTESIAN_POINT('',(-2.9,23.3,-2.55));
#16336 = DIRECTION('',(-1.,0.,0.));
#16337 = DIRECTION('',(0.,0.,1.));
#16338 = ADVANCED_FACE('',(#16339,#16535,#16545,#16552,#16556,#16560),
  #16570,.F.);
#16339 = FACE_BOUND('',#16340,.T.);
#16340 = EDGE_LOOP('',(#16341,#16347,#16348,#16349,#16350,#16351,#16352,
    #16353,#16354,#16355,#16361,#16362,#16370,#16378,#16386,#16395,
    #16401,#16402,#16403,#16404,#16405,#16406,#16407,#16408,#16416,
    #16425,#16433,#16441,#16447,#16448,#16454,#16455,#16456,#16457,
    #16463,#16464,#16470,#16471,#16479,#16488,#16494,#16495,#16496,
    #16497,#16498,#16499,#16500,#16501,#16502,#16503,#16504,#16505,
    #16506,#16507,#16508,#16509,#16510,#16511,#16519,#16528,#16534));
#16341 = ORIENTED_EDGE('',*,*,#16342,.T.);
#16342 = EDGE_CURVE('',#16115,#10603,#16343,.T.);
#16343 = LINE('',#16344,#16345);
#16344 = CARTESIAN_POINT('',(-2.9,25.3,-3.));
#16345 = VECTOR('',#16346,1.);
#16346 = DIRECTION('',(1.,-0.,-0.));
#16347 = ORIENTED_EDGE('',*,*,#10621,.T.);
#16348 = ORIENTED_EDGE('',*,*,#16056,.F.);
#16349 = ORIENTED_EDGE('',*,*,#10580,.T.);
#16350 = ORIENTED_EDGE('',*,*,#10549,.T.);
#16351 = ORIENTED_EDGE('',*,*,#10524,.T.);
#16352 = ORIENTED_EDGE('',*,*,#5831,.T.);
#16353 = ORIENTED_EDGE('',*,*,#10485,.T.);
#16354 = ORIENTED_EDGE('',*,*,#10463,.T.);
#16355 = ORIENTED_EDGE('',*,*,#16356,.F.);
#16356 = EDGE_CURVE('',#10424,#10456,#16357,.T.);
#16357 = LINE('',#16358,#16359);
#16358 = CARTESIAN_POINT('',(7.5,25.5,-3.));
#16359 = VECTOR('',#16360,1.);
#16360 = DIRECTION('',(-1.,5.540785994482E-34,6.187342961859E-16));
#16361 = ORIENTED_EDGE('',*,*,#10423,.T.);
#16362 = ORIENTED_EDGE('',*,*,#16363,.T.);
#16363 = EDGE_CURVE('',#10415,#16364,#16366,.T.);
#16364 = VERTEX_POINT('',#16365);
#16365 = CARTESIAN_POINT('',(3.4,25.3,-3.));
#16366 = LINE('',#16367,#16368);
#16367 = CARTESIAN_POINT('',(2.9,25.3,-3.));
#16368 = VECTOR('',#16369,1.);
#16369 = DIRECTION('',(1.,0.,-4.336808689942E-16));
#16370 = ORIENTED_EDGE('',*,*,#16371,.T.);
#16371 = EDGE_CURVE('',#16364,#16372,#16374,.T.);
#16372 = VERTEX_POINT('',#16373);
#16373 = CARTESIAN_POINT('',(3.4,24.3,-3.));
#16374 = LINE('',#16375,#16376);
#16375 = CARTESIAN_POINT('',(3.4,25.5,-3.));
#16376 = VECTOR('',#16377,1.);
#16377 = DIRECTION('',(0.,-1.,1.084202172486E-15));
#16378 = ORIENTED_EDGE('',*,*,#16379,.F.);
#16379 = EDGE_CURVE('',#16380,#16372,#16382,.T.);
#16380 = VERTEX_POINT('',#16381);
#16381 = CARTESIAN_POINT('',(2.2,24.3,-3.));
#16382 = LINE('',#16383,#16384);
#16383 = CARTESIAN_POINT('',(2.9,24.3,-3.));
#16384 = VECTOR('',#16385,1.);
#16385 = DIRECTION('',(1.,-1.175494350822E-31,-4.336808689942E-16));
#16386 = ORIENTED_EDGE('',*,*,#16387,.T.);
#16387 = EDGE_CURVE('',#16380,#16388,#16390,.T.);
#16388 = VERTEX_POINT('',#16389);
#16389 = CARTESIAN_POINT('',(2.2,23.5,-3.));
#16390 = CIRCLE('',#16391,0.4);
#16391 = AXIS2_PLACEMENT_3D('',#16392,#16393,#16394);
#16392 = CARTESIAN_POINT('',(2.2,23.9,-3.));
#16393 = DIRECTION('',(5.421010862428E-16,-1.084202172486E-15,1.));
#16394 = DIRECTION('',(-4.466638855035E-45,-1.,-1.084202172486E-15));
#16395 = ORIENTED_EDGE('',*,*,#16396,.F.);
#16396 = EDGE_CURVE('',#11312,#16388,#16397,.T.);
#16397 = LINE('',#16398,#16399);
#16398 = CARTESIAN_POINT('',(3.4,23.5,-3.));
#16399 = VECTOR('',#16400,1.);
#16400 = DIRECTION('',(-1.,0.,5.421010862428E-16));
#16401 = ORIENTED_EDGE('',*,*,#11311,.T.);
#16402 = ORIENTED_EDGE('',*,*,#11286,.T.);
#16403 = ORIENTED_EDGE('',*,*,#11245,.T.);
#16404 = ORIENTED_EDGE('',*,*,#11223,.F.);
#16405 = ORIENTED_EDGE('',*,*,#11181,.T.);
#16406 = ORIENTED_EDGE('',*,*,#11142,.T.);
#16407 = ORIENTED_EDGE('',*,*,#11120,.T.);
#16408 = ORIENTED_EDGE('',*,*,#16409,.F.);
#16409 = EDGE_CURVE('',#16410,#11113,#16412,.T.);
#16410 = VERTEX_POINT('',#16411);
#16411 = CARTESIAN_POINT('',(2.2,-23.5,-3.));
#16412 = LINE('',#16413,#16414);
#16413 = CARTESIAN_POINT('',(3.4,-23.5,-3.));
#16414 = VECTOR('',#16415,1.);
#16415 = DIRECTION('',(1.,0.,-2.710505431214E-16));
#16416 = ORIENTED_EDGE('',*,*,#16417,.T.);
#16417 = EDGE_CURVE('',#16410,#16418,#16420,.T.);
#16418 = VERTEX_POINT('',#16419);
#16419 = CARTESIAN_POINT('',(2.2,-24.3,-3.));
#16420 = CIRCLE('',#16421,0.4);
#16421 = AXIS2_PLACEMENT_3D('',#16422,#16423,#16424);
#16422 = CARTESIAN_POINT('',(2.2,-23.9,-3.));
#16423 = DIRECTION('',(2.710505431214E-16,-1.084202172486E-15,1.));
#16424 = DIRECTION('',(6.568586551523E-46,1.,1.084202172486E-15));
#16425 = ORIENTED_EDGE('',*,*,#16426,.F.);
#16426 = EDGE_CURVE('',#16427,#16418,#16429,.T.);
#16427 = VERTEX_POINT('',#16428);
#16428 = CARTESIAN_POINT('',(3.4,-24.3,-3.));
#16429 = LINE('',#16430,#16431);
#16430 = CARTESIAN_POINT('',(3.4,-24.3,-3.));
#16431 = VECTOR('',#16432,1.);
#16432 = DIRECTION('',(-1.,0.,2.710505431214E-16));
#16433 = ORIENTED_EDGE('',*,*,#16434,.T.);
#16434 = EDGE_CURVE('',#16427,#16435,#16437,.T.);
#16435 = VERTEX_POINT('',#16436);
#16436 = CARTESIAN_POINT('',(3.4,-25.3,-3.));
#16437 = LINE('',#16438,#16439);
#16438 = CARTESIAN_POINT('',(3.4,-24.3,-3.));
#16439 = VECTOR('',#16440,1.);
#16440 = DIRECTION('',(0.,-1.,-1.084202172486E-15));
#16441 = ORIENTED_EDGE('',*,*,#16442,.T.);
#16442 = EDGE_CURVE('',#16435,#11062,#16443,.T.);
#16443 = LINE('',#16444,#16445);
#16444 = CARTESIAN_POINT('',(2.9,-25.3,-3.));
#16445 = VECTOR('',#16446,1.);
#16446 = DIRECTION('',(-1.,-0.,4.336808689942E-16));
#16447 = ORIENTED_EDGE('',*,*,#11080,.T.);
#16448 = ORIENTED_EDGE('',*,*,#16449,.F.);
#16449 = EDGE_CURVE('',#11040,#11073,#16450,.T.);
#16450 = LINE('',#16451,#16452);
#16451 = CARTESIAN_POINT('',(7.5,-25.5,-3.));
#16452 = VECTOR('',#16453,1.);
#16453 = DIRECTION('',(1.,-5.540785994482E-34,-6.187342961859E-16));
#16454 = ORIENTED_EDGE('',*,*,#11039,.T.);
#16455 = ORIENTED_EDGE('',*,*,#11008,.T.);
#16456 = ORIENTED_EDGE('',*,*,#10977,.T.);
#16457 = ORIENTED_EDGE('',*,*,#16458,.F.);
#16458 = EDGE_CURVE('',#10938,#10970,#16459,.T.);
#16459 = LINE('',#16460,#16461);
#16460 = CARTESIAN_POINT('',(7.5,-25.5,-3.));
#16461 = VECTOR('',#16462,1.);
#16462 = DIRECTION('',(1.,-5.540785994482E-34,-6.187342961859E-16));
#16463 = ORIENTED_EDGE('',*,*,#10937,.T.);
#16464 = ORIENTED_EDGE('',*,*,#16465,.T.);
#16465 = EDGE_CURVE('',#10929,#16278,#16466,.T.);
#16466 = LINE('',#16467,#16468);
#16467 = CARTESIAN_POINT('',(-2.9,-25.3,-3.));
#16468 = VECTOR('',#16469,1.);
#16469 = DIRECTION('',(-1.,0.,0.));
#16470 = ORIENTED_EDGE('',*,*,#16277,.T.);
#16471 = ORIENTED_EDGE('',*,*,#16472,.T.);
#16472 = EDGE_CURVE('',#16270,#16473,#16475,.T.);
#16473 = VERTEX_POINT('',#16474);
#16474 = CARTESIAN_POINT('',(-2.2,-24.3,-3.));
#16475 = LINE('',#16476,#16477);
#16476 = CARTESIAN_POINT('',(-3.4,-24.3,-3.));
#16477 = VECTOR('',#16478,1.);
#16478 = DIRECTION('',(1.,0.,2.710505431214E-16));
#16479 = ORIENTED_EDGE('',*,*,#16480,.T.);
#16480 = EDGE_CURVE('',#16473,#16481,#16483,.T.);
#16481 = VERTEX_POINT('',#16482);
#16482 = CARTESIAN_POINT('',(-2.2,-23.5,-3.));
#16483 = CIRCLE('',#16484,0.4);
#16484 = AXIS2_PLACEMENT_3D('',#16485,#16486,#16487);
#16485 = CARTESIAN_POINT('',(-2.2,-23.9,-3.));
#16486 = DIRECTION('',(-2.710505431214E-16,-1.084202172486E-15,1.));
#16487 = DIRECTION('',(-6.568586551523E-46,1.,1.084202172486E-15));
#16488 = ORIENTED_EDGE('',*,*,#16489,.T.);
#16489 = EDGE_CURVE('',#16481,#10889,#16490,.T.);
#16490 = LINE('',#16491,#16492);
#16491 = CARTESIAN_POINT('',(-3.4,-23.5,-3.));
#16492 = VECTOR('',#16493,1.);
#16493 = DIRECTION('',(-1.,0.,-2.710505431214E-16));
#16494 = ORIENTED_EDGE('',*,*,#10888,.F.);
#16495 = ORIENTED_EDGE('',*,*,#10864,.T.);
#16496 = ORIENTED_EDGE('',*,*,#10839,.T.);
#16497 = ORIENTED_EDGE('',*,*,#15313,.T.);
#16498 = ORIENTED_EDGE('',*,*,#15346,.T.);
#16499 = ORIENTED_EDGE('',*,*,#15370,.T.);
#16500 = ORIENTED_EDGE('',*,*,#10823,.T.);
#16501 = ORIENTED_EDGE('',*,*,#10799,.T.);
#16502 = ORIENTED_EDGE('',*,*,#10758,.F.);
#16503 = ORIENTED_EDGE('',*,*,#10736,.T.);
#16504 = ORIENTED_EDGE('',*,*,#10711,.T.);
#16505 = ORIENTED_EDGE('',*,*,#15634,.T.);
#16506 = ORIENTED_EDGE('',*,*,#15667,.T.);
#16507 = ORIENTED_EDGE('',*,*,#15691,.T.);
#16508 = ORIENTED_EDGE('',*,*,#10695,.T.);
#16509 = ORIENTED_EDGE('',*,*,#10671,.T.);
#16510 = ORIENTED_EDGE('',*,*,#10635,.F.);
#16511 = ORIENTED_EDGE('',*,*,#16512,.T.);
#16512 = EDGE_CURVE('',#10636,#16513,#16515,.T.);
#16513 = VERTEX_POINT('',#16514);
#16514 = CARTESIAN_POINT('',(-2.2,23.5,-3.));
#16515 = LINE('',#16516,#16517);
#16516 = CARTESIAN_POINT('',(-3.4,23.5,-3.));
#16517 = VECTOR('',#16518,1.);
#16518 = DIRECTION('',(1.,0.,5.421010862428E-16));
#16519 = ORIENTED_EDGE('',*,*,#16520,.T.);
#16520 = EDGE_CURVE('',#16513,#16521,#16523,.T.);
#16521 = VERTEX_POINT('',#16522);
#16522 = CARTESIAN_POINT('',(-2.2,24.3,-3.));
#16523 = CIRCLE('',#16524,0.4);
#16524 = AXIS2_PLACEMENT_3D('',#16525,#16526,#16527);
#16525 = CARTESIAN_POINT('',(-2.2,23.9,-3.));
#16526 = DIRECTION('',(-5.421010862428E-16,-1.084202172486E-15,1.));
#16527 = DIRECTION('',(4.466638855035E-45,-1.,-1.084202172486E-15));
#16528 = ORIENTED_EDGE('',*,*,#16529,.T.);
#16529 = EDGE_CURVE('',#16521,#16113,#16530,.T.);
#16530 = LINE('',#16531,#16532);
#16531 = CARTESIAN_POINT('',(-2.9,24.3,-3.));
#16532 = VECTOR('',#16533,1.);
#16533 = DIRECTION('',(-1.,-5.877471754111E-31,6.37236764453E-46));
#16534 = ORIENTED_EDGE('',*,*,#16112,.T.);
#16535 = FACE_BOUND('',#16536,.T.);
#16536 = EDGE_LOOP('',(#16537,#16538,#16539,#16540,#16541,#16542,#16543,
    #16544));
#16537 = ORIENTED_EDGE('',*,*,#14467,.T.);
#16538 = ORIENTED_EDGE('',*,*,#14412,.F.);
#16539 = ORIENTED_EDGE('',*,*,#10381,.T.);
#16540 = ORIENTED_EDGE('',*,*,#10357,.T.);
#16541 = ORIENTED_EDGE('',*,*,#10327,.T.);
#16542 = ORIENTED_EDGE('',*,*,#10296,.T.);
#16543 = ORIENTED_EDGE('',*,*,#10397,.T.);
#16544 = ORIENTED_EDGE('',*,*,#14452,.F.);
#16545 = FACE_BOUND('',#16546,.T.);
#16546 = EDGE_LOOP('',(#16547,#16548,#16549,#16550,#16551));
#16547 = ORIENTED_EDGE('',*,*,#10264,.T.);
#16548 = ORIENTED_EDGE('',*,*,#10234,.T.);
#16549 = ORIENTED_EDGE('',*,*,#10202,.T.);
#16550 = ORIENTED_EDGE('',*,*,#10177,.T.);
#16551 = ORIENTED_EDGE('',*,*,#5873,.T.);
#16552 = FACE_BOUND('',#16553,.T.);
#16553 = EDGE_LOOP('',(#16554,#16555));
#16554 = ORIENTED_EDGE('',*,*,#10144,.T.);
#16555 = ORIENTED_EDGE('',*,*,#5915,.T.);
#16556 = FACE_BOUND('',#16557,.T.);
#16557 = EDGE_LOOP('',(#16558,#16559));
#16558 = ORIENTED_EDGE('',*,*,#10120,.T.);
#16559 = ORIENTED_EDGE('',*,*,#5957,.T.);
#16560 = FACE_BOUND('',#16561,.T.);
#16561 = EDGE_LOOP('',(#16562,#16563,#16564,#16565,#16566,#16567,#16568,
    #16569));
#16562 = ORIENTED_EDGE('',*,*,#14014,.T.);
#16563 = ORIENTED_EDGE('',*,*,#13959,.F.);
#16564 = ORIENTED_EDGE('',*,*,#10081,.T.);
#16565 = ORIENTED_EDGE('',*,*,#10057,.T.);
#16566 = ORIENTED_EDGE('',*,*,#10027,.T.);
#16567 = ORIENTED_EDGE('',*,*,#9996,.T.);
#16568 = ORIENTED_EDGE('',*,*,#10097,.T.);
#16569 = ORIENTED_EDGE('',*,*,#13999,.F.);
#16570 = PLANE('',#16571);
#16571 = AXIS2_PLACEMENT_3D('',#16572,#16573,#16574);
#16572 = CARTESIAN_POINT('',(-2.9,25.5,-3.));
#16573 = DIRECTION('',(0.,1.084202172486E-15,1.));
#16574 = DIRECTION('',(0.,-1.,1.084202172486E-15));
#16575 = ADVANCED_FACE('',(#16576),#16603,.T.);
#16576 = FACE_BOUND('',#16577,.T.);
#16577 = EDGE_LOOP('',(#16578,#16587,#16595,#16602));
#16578 = ORIENTED_EDGE('',*,*,#16579,.F.);
#16579 = EDGE_CURVE('',#16580,#16113,#16582,.T.);
#16580 = VERTEX_POINT('',#16581);
#16581 = CARTESIAN_POINT('',(-2.9,24.3,-3.5));
#16582 = CIRCLE('',#16583,0.5);
#16583 = AXIS2_PLACEMENT_3D('',#16584,#16585,#16586);
#16584 = CARTESIAN_POINT('',(-2.9,24.3,-3.));
#16585 = DIRECTION('',(-5.877471754111E-31,1.,1.084202172486E-15));
#16586 = DIRECTION('',(6.37236764453E-46,-1.084202172486E-15,1.));
#16587 = ORIENTED_EDGE('',*,*,#16588,.F.);
#16588 = EDGE_CURVE('',#16589,#16580,#16591,.T.);
#16589 = VERTEX_POINT('',#16590);
#16590 = CARTESIAN_POINT('',(-2.9,23.5,-3.5));
#16591 = LINE('',#16592,#16593);
#16592 = CARTESIAN_POINT('',(-2.9,24.3,-3.5));
#16593 = VECTOR('',#16594,1.);
#16594 = DIRECTION('',(-0.,1.,1.084202172486E-15));
#16595 = ORIENTED_EDGE('',*,*,#16596,.F.);
#16596 = EDGE_CURVE('',#16123,#16589,#16597,.T.);
#16597 = CIRCLE('',#16598,0.5);
#16598 = AXIS2_PLACEMENT_3D('',#16599,#16600,#16601);
#16599 = CARTESIAN_POINT('',(-2.9,23.5,-3.));
#16600 = DIRECTION('',(0.,-1.,0.));
#16601 = DIRECTION('',(0.,0.,1.));
#16602 = ORIENTED_EDGE('',*,*,#16122,.F.);
#16603 = CYLINDRICAL_SURFACE('',#16604,0.5);
#16604 = AXIS2_PLACEMENT_3D('',#16605,#16606,#16607);
#16605 = CARTESIAN_POINT('',(-2.9,27.,-3.));
#16606 = DIRECTION('',(0.,1.,1.084202172486E-15));
#16607 = DIRECTION('',(0.,-1.084202172486E-15,1.));
#16608 = ADVANCED_FACE('',(#16609),#16632,.F.);
#16609 = FACE_BOUND('',#16610,.T.);
#16610 = EDGE_LOOP('',(#16611,#16612,#16613,#16614,#16615,#16616,#16617,
    #16618,#16626));
#16611 = ORIENTED_EDGE('',*,*,#16512,.F.);
#16612 = ORIENTED_EDGE('',*,*,#10654,.F.);
#16613 = ORIENTED_EDGE('',*,*,#9160,.T.);
#16614 = ORIENTED_EDGE('',*,*,#9182,.T.);
#16615 = ORIENTED_EDGE('',*,*,#5678,.T.);
#16616 = ORIENTED_EDGE('',*,*,#16130,.T.);
#16617 = ORIENTED_EDGE('',*,*,#16596,.T.);
#16618 = ORIENTED_EDGE('',*,*,#16619,.T.);
#16619 = EDGE_CURVE('',#16589,#16620,#16622,.T.);
#16620 = VERTEX_POINT('',#16621);
#16621 = CARTESIAN_POINT('',(-2.2,23.5,-3.5));
#16622 = LINE('',#16623,#16624);
#16623 = CARTESIAN_POINT('',(-3.4,23.5,-3.5));
#16624 = VECTOR('',#16625,1.);
#16625 = DIRECTION('',(1.,0.,5.421010862428E-16));
#16626 = ORIENTED_EDGE('',*,*,#16627,.T.);
#16627 = EDGE_CURVE('',#16620,#16513,#16628,.T.);
#16628 = LINE('',#16629,#16630);
#16629 = CARTESIAN_POINT('',(-2.2,23.5,-3.));
#16630 = VECTOR('',#16631,1.);
#16631 = DIRECTION('',(-4.336808689942E-16,0.,1.));
#16632 = PLANE('',#16633);
#16633 = AXIS2_PLACEMENT_3D('',#16634,#16635,#16636);
#16634 = CARTESIAN_POINT('',(-2.9,23.5,-4.5));
#16635 = DIRECTION('',(0.,1.,0.));
#16636 = DIRECTION('',(0.,-0.,1.));
#16637 = ADVANCED_FACE('',(#16638),#16657,.T.);
#16638 = FACE_BOUND('',#16639,.T.);
#16639 = EDGE_LOOP('',(#16640,#16641,#16650,#16656));
#16640 = ORIENTED_EDGE('',*,*,#16627,.F.);
#16641 = ORIENTED_EDGE('',*,*,#16642,.F.);
#16642 = EDGE_CURVE('',#16643,#16620,#16645,.T.);
#16643 = VERTEX_POINT('',#16644);
#16644 = CARTESIAN_POINT('',(-2.2,24.3,-3.5));
#16645 = CIRCLE('',#16646,0.4);
#16646 = AXIS2_PLACEMENT_3D('',#16647,#16648,#16649);
#16647 = CARTESIAN_POINT('',(-2.2,23.9,-3.5));
#16648 = DIRECTION('',(5.421010862428E-16,1.084202172486E-15,-1.));
#16649 = DIRECTION('',(4.466638855035E-45,-1.,-1.084202172486E-15));
#16650 = ORIENTED_EDGE('',*,*,#16651,.F.);
#16651 = EDGE_CURVE('',#16521,#16643,#16652,.T.);
#16652 = LINE('',#16653,#16654);
#16653 = CARTESIAN_POINT('',(-2.2,24.3,-3.5));
#16654 = VECTOR('',#16655,1.);
#16655 = DIRECTION('',(4.336808689942E-16,1.084202172486E-15,-1.));
#16656 = ORIENTED_EDGE('',*,*,#16520,.F.);
#16657 = CYLINDRICAL_SURFACE('',#16658,0.4);
#16658 = AXIS2_PLACEMENT_3D('',#16659,#16660,#16661);
#16659 = CARTESIAN_POINT('',(-2.2,23.9,-4.5));
#16660 = DIRECTION('',(4.336808689942E-16,0.,-1.));
#16661 = DIRECTION('',(-1.,0.,-4.336808689942E-16));
#16662 = ADVANCED_FACE('',(#16663),#16674,.T.);
#16663 = FACE_BOUND('',#16664,.T.);
#16664 = EDGE_LOOP('',(#16665,#16671,#16672,#16673));
#16665 = ORIENTED_EDGE('',*,*,#16666,.T.);
#16666 = EDGE_CURVE('',#16643,#16580,#16667,.T.);
#16667 = LINE('',#16668,#16669);
#16668 = CARTESIAN_POINT('',(-3.4,24.3,-3.5));
#16669 = VECTOR('',#16670,1.);
#16670 = DIRECTION('',(-1.,0.,-5.421010862428E-16));
#16671 = ORIENTED_EDGE('',*,*,#16579,.T.);
#16672 = ORIENTED_EDGE('',*,*,#16529,.F.);
#16673 = ORIENTED_EDGE('',*,*,#16651,.T.);
#16674 = PLANE('',#16675);
#16675 = AXIS2_PLACEMENT_3D('',#16676,#16677,#16678);
#16676 = CARTESIAN_POINT('',(-3.4,24.3,-3.5));
#16677 = DIRECTION('',(-5.877471754111E-31,1.,1.084202172486E-15));
#16678 = DIRECTION('',(0.,-1.084202172486E-15,1.));
#16679 = ADVANCED_FACE('',(#16680),#16686,.F.);
#16680 = FACE_BOUND('',#16681,.T.);
#16681 = EDGE_LOOP('',(#16682,#16683,#16684,#16685));
#16682 = ORIENTED_EDGE('',*,*,#16619,.F.);
#16683 = ORIENTED_EDGE('',*,*,#16588,.T.);
#16684 = ORIENTED_EDGE('',*,*,#16666,.F.);
#16685 = ORIENTED_EDGE('',*,*,#16642,.T.);
#16686 = PLANE('',#16687);
#16687 = AXIS2_PLACEMENT_3D('',#16688,#16689,#16690);
#16688 = CARTESIAN_POINT('',(-3.4,24.3,-3.5));
#16689 = DIRECTION('',(-5.421010862428E-16,-1.084202172486E-15,1.));
#16690 = DIRECTION('',(0.,-1.,-1.084202172486E-15));
#16691 = ADVANCED_FACE('',(#16692),#16719,.T.);
#16692 = FACE_BOUND('',#16693,.T.);
#16693 = EDGE_LOOP('',(#16694,#16703,#16711,#16718));
#16694 = ORIENTED_EDGE('',*,*,#16695,.F.);
#16695 = EDGE_CURVE('',#16696,#16262,#16698,.T.);
#16696 = VERTEX_POINT('',#16697);
#16697 = CARTESIAN_POINT('',(-2.9,-23.5,-3.5));
#16698 = CIRCLE('',#16699,0.5);
#16699 = AXIS2_PLACEMENT_3D('',#16700,#16701,#16702);
#16700 = CARTESIAN_POINT('',(-2.9,-23.5,-3.));
#16701 = DIRECTION('',(0.,1.,1.779203565104E-15));
#16702 = DIRECTION('',(0.,1.779203565104E-15,-1.));
#16703 = ORIENTED_EDGE('',*,*,#16704,.F.);
#16704 = EDGE_CURVE('',#16705,#16696,#16707,.T.);
#16705 = VERTEX_POINT('',#16706);
#16706 = CARTESIAN_POINT('',(-2.9,-24.3,-3.5));
#16707 = LINE('',#16708,#16709);
#16708 = CARTESIAN_POINT('',(-2.9,-24.3,-3.5));
#16709 = VECTOR('',#16710,1.);
#16710 = DIRECTION('',(-0.,1.,1.084202172486E-15));
#16711 = ORIENTED_EDGE('',*,*,#16712,.F.);
#16712 = EDGE_CURVE('',#16270,#16705,#16713,.T.);
#16713 = CIRCLE('',#16714,0.5);
#16714 = AXIS2_PLACEMENT_3D('',#16715,#16716,#16717);
#16715 = CARTESIAN_POINT('',(-2.9,-24.3,-3.));
#16716 = DIRECTION('',(2.938735877056E-31,-1.,-1.084202172486E-15));
#16717 = DIRECTION('',(-3.186183822265E-46,1.084202172486E-15,-1.));
#16718 = ORIENTED_EDGE('',*,*,#16269,.F.);
#16719 = CYLINDRICAL_SURFACE('',#16720,0.5);
#16720 = AXIS2_PLACEMENT_3D('',#16721,#16722,#16723);
#16721 = CARTESIAN_POINT('',(-2.9,27.,-3.));
#16722 = DIRECTION('',(0.,-1.,-1.084202172486E-15));
#16723 = DIRECTION('',(0.,1.084202172486E-15,-1.));
#16724 = ADVANCED_FACE('',(#16725),#16743,.T.);
#16725 = FACE_BOUND('',#16726,.T.);
#16726 = EDGE_LOOP('',(#16727,#16728,#16729,#16737));
#16727 = ORIENTED_EDGE('',*,*,#16472,.F.);
#16728 = ORIENTED_EDGE('',*,*,#16712,.T.);
#16729 = ORIENTED_EDGE('',*,*,#16730,.T.);
#16730 = EDGE_CURVE('',#16705,#16731,#16733,.T.);
#16731 = VERTEX_POINT('',#16732);
#16732 = CARTESIAN_POINT('',(-2.2,-24.3,-3.5));
#16733 = LINE('',#16734,#16735);
#16734 = CARTESIAN_POINT('',(-3.4,-24.3,-3.5));
#16735 = VECTOR('',#16736,1.);
#16736 = DIRECTION('',(1.,0.,2.710505431214E-16));
#16737 = ORIENTED_EDGE('',*,*,#16738,.T.);
#16738 = EDGE_CURVE('',#16731,#16473,#16739,.T.);
#16739 = LINE('',#16740,#16741);
#16740 = CARTESIAN_POINT('',(-2.2,-24.3,-3.5));
#16741 = VECTOR('',#16742,1.);
#16742 = DIRECTION('',(-4.336808689942E-16,-1.084202172486E-15,1.));
#16743 = PLANE('',#16744);
#16744 = AXIS2_PLACEMENT_3D('',#16745,#16746,#16747);
#16745 = CARTESIAN_POINT('',(-3.4,-24.3,-3.5));
#16746 = DIRECTION('',(2.938735877056E-31,-1.,-1.084202172486E-15));
#16747 = DIRECTION('',(0.,1.084202172486E-15,-1.));
#16748 = ADVANCED_FACE('',(#16749),#16768,.T.);
#16749 = FACE_BOUND('',#16750,.T.);
#16750 = EDGE_LOOP('',(#16751,#16752,#16761,#16767));
#16751 = ORIENTED_EDGE('',*,*,#16738,.F.);
#16752 = ORIENTED_EDGE('',*,*,#16753,.F.);
#16753 = EDGE_CURVE('',#16754,#16731,#16756,.T.);
#16754 = VERTEX_POINT('',#16755);
#16755 = CARTESIAN_POINT('',(-2.2,-23.5,-3.5));
#16756 = CIRCLE('',#16757,0.4);
#16757 = AXIS2_PLACEMENT_3D('',#16758,#16759,#16760);
#16758 = CARTESIAN_POINT('',(-2.2,-23.9,-3.5));
#16759 = DIRECTION('',(2.710505431214E-16,1.084202172486E-15,-1.));
#16760 = DIRECTION('',(-6.568586551523E-46,1.,1.084202172486E-15));
#16761 = ORIENTED_EDGE('',*,*,#16762,.F.);
#16762 = EDGE_CURVE('',#16481,#16754,#16763,.T.);
#16763 = LINE('',#16764,#16765);
#16764 = CARTESIAN_POINT('',(-2.2,-23.5,-3.5));
#16765 = VECTOR('',#16766,1.);
#16766 = DIRECTION('',(4.336808689942E-16,1.779203565104E-15,-1.));
#16767 = ORIENTED_EDGE('',*,*,#16480,.F.);
#16768 = CYLINDRICAL_SURFACE('',#16769,0.4);
#16769 = AXIS2_PLACEMENT_3D('',#16770,#16771,#16772);
#16770 = CARTESIAN_POINT('',(-2.2,-23.9,-3.5));
#16771 = DIRECTION('',(-4.336808689942E-16,-1.084202172486E-15,1.));
#16772 = DIRECTION('',(1.050973848244E-45,-1.,-1.084202172486E-15));
#16773 = ADVANCED_FACE('',(#16774),#16790,.F.);
#16774 = FACE_BOUND('',#16775,.T.);
#16775 = EDGE_LOOP('',(#16776,#16777,#16778,#16779,#16785,#16786,#16787,
    #16788,#16789));
#16776 = ORIENTED_EDGE('',*,*,#10896,.F.);
#16777 = ORIENTED_EDGE('',*,*,#16489,.F.);
#16778 = ORIENTED_EDGE('',*,*,#16762,.T.);
#16779 = ORIENTED_EDGE('',*,*,#16780,.T.);
#16780 = EDGE_CURVE('',#16754,#16696,#16781,.T.);
#16781 = LINE('',#16782,#16783);
#16782 = CARTESIAN_POINT('',(-3.4,-23.5,-3.5));
#16783 = VECTOR('',#16784,1.);
#16784 = DIRECTION('',(-1.,0.,-2.710505431214E-16));
#16785 = ORIENTED_EDGE('',*,*,#16695,.T.);
#16786 = ORIENTED_EDGE('',*,*,#16261,.T.);
#16787 = ORIENTED_EDGE('',*,*,#16096,.F.);
#16788 = ORIENTED_EDGE('',*,*,#11931,.T.);
#16789 = ORIENTED_EDGE('',*,*,#12003,.T.);
#16790 = PLANE('',#16791);
#16791 = AXIS2_PLACEMENT_3D('',#16792,#16793,#16794);
#16792 = CARTESIAN_POINT('',(-2.9,-23.5,-2.55));
#16793 = DIRECTION('',(0.,-1.,-1.779203565104E-15));
#16794 = DIRECTION('',(0.,1.779203565104E-15,-1.));
#16795 = ADVANCED_FACE('',(#16796),#16802,.T.);
#16796 = FACE_BOUND('',#16797,.T.);
#16797 = EDGE_LOOP('',(#16798,#16799,#16800,#16801));
#16798 = ORIENTED_EDGE('',*,*,#16730,.F.);
#16799 = ORIENTED_EDGE('',*,*,#16704,.T.);
#16800 = ORIENTED_EDGE('',*,*,#16780,.F.);
#16801 = ORIENTED_EDGE('',*,*,#16753,.T.);
#16802 = PLANE('',#16803);
#16803 = AXIS2_PLACEMENT_3D('',#16804,#16805,#16806);
#16804 = CARTESIAN_POINT('',(-3.4,-24.3,-3.5));
#16805 = DIRECTION('',(2.710505431214E-16,1.084202172486E-15,-1.));
#16806 = DIRECTION('',(0.,1.,1.084202172486E-15));
#16807 = ADVANCED_FACE('',(#16808),#16814,.T.);
#16808 = FACE_BOUND('',#16809,.T.);
#16809 = EDGE_LOOP('',(#16810,#16811,#16812,#16813));
#16810 = ORIENTED_EDGE('',*,*,#10602,.F.);
#16811 = ORIENTED_EDGE('',*,*,#16342,.F.);
#16812 = ORIENTED_EDGE('',*,*,#16310,.F.);
#16813 = ORIENTED_EDGE('',*,*,#16063,.F.);
#16814 = CYLINDRICAL_SURFACE('',#16815,0.2);
#16815 = AXIS2_PLACEMENT_3D('',#16816,#16817,#16818);
#16816 = CARTESIAN_POINT('',(-2.9,25.3,-2.8));
#16817 = DIRECTION('',(-1.,0.,0.));
#16818 = DIRECTION('',(0.,0.,1.));
#16819 = ADVANCED_FACE('',(#16820),#16826,.T.);
#16820 = FACE_BOUND('',#16821,.T.);
#16821 = EDGE_LOOP('',(#16822,#16823,#16824,#16825));
#16822 = ORIENTED_EDGE('',*,*,#9190,.F.);
#16823 = ORIENTED_EDGE('',*,*,#9119,.F.);
#16824 = ORIENTED_EDGE('',*,*,#16153,.F.);
#16825 = ORIENTED_EDGE('',*,*,#16032,.F.);
#16826 = CYLINDRICAL_SURFACE('',#16827,0.2);
#16827 = AXIS2_PLACEMENT_3D('',#16828,#16829,#16830);
#16828 = CARTESIAN_POINT('',(-2.9,21.65,-2.35));
#16829 = DIRECTION('',(-1.,0.,0.));
#16830 = DIRECTION('',(0.,0.,1.));
#16831 = ADVANCED_FACE('',(#16832),#16843,.F.);
#16832 = FACE_BOUND('',#16833,.T.);
#16833 = EDGE_LOOP('',(#16834,#16840,#16841,#16842));
#16834 = ORIENTED_EDGE('',*,*,#16835,.T.);
#16835 = EDGE_CURVE('',#16244,#11958,#16836,.T.);
#16836 = LINE('',#16837,#16838);
#16837 = CARTESIAN_POINT('',(-2.9,-21.65,-2.55));
#16838 = VECTOR('',#16839,1.);
#16839 = DIRECTION('',(1.,-0.,-0.));
#16840 = ORIENTED_EDGE('',*,*,#11957,.T.);
#16841 = ORIENTED_EDGE('',*,*,#16009,.T.);
#16842 = ORIENTED_EDGE('',*,*,#16252,.T.);
#16843 = PLANE('',#16844);
#16844 = AXIS2_PLACEMENT_3D('',#16845,#16846,#16847);
#16845 = CARTESIAN_POINT('',(-2.9,-21.45,-2.55));
#16846 = DIRECTION('',(0.,-2.115516434118E-16,1.));
#16847 = DIRECTION('',(0.,-1.,-2.115516434118E-16));
#16848 = ADVANCED_FACE('',(#16849),#16855,.T.);
#16849 = FACE_BOUND('',#16850,.T.);
#16850 = EDGE_LOOP('',(#16851,#16852,#16853,#16854));
#16851 = ORIENTED_EDGE('',*,*,#11965,.F.);
#16852 = ORIENTED_EDGE('',*,*,#16835,.F.);
#16853 = ORIENTED_EDGE('',*,*,#16243,.F.);
#16854 = ORIENTED_EDGE('',*,*,#12375,.F.);
#16855 = CYLINDRICAL_SURFACE('',#16856,0.2);
#16856 = AXIS2_PLACEMENT_3D('',#16857,#16858,#16859);
#16857 = CARTESIAN_POINT('',(-2.9,-21.65,-2.35));
#16858 = DIRECTION('',(-1.,0.,0.));
#16859 = DIRECTION('',(0.,0.,1.));
#16860 = ADVANCED_FACE('',(#16861),#16876,.F.);
#16861 = FACE_BOUND('',#16862,.T.);
#16862 = EDGE_LOOP('',(#16863,#16864,#16865,#16866,#16867,#16873,#16874,
    #16875));
#16863 = ORIENTED_EDGE('',*,*,#11486,.F.);
#16864 = ORIENTED_EDGE('',*,*,#11581,.T.);
#16865 = ORIENTED_EDGE('',*,*,#15011,.T.);
#16866 = ORIENTED_EDGE('',*,*,#16294,.T.);
#16867 = ORIENTED_EDGE('',*,*,#16868,.T.);
#16868 = EDGE_CURVE('',#16286,#10927,#16869,.T.);
#16869 = LINE('',#16870,#16871);
#16870 = CARTESIAN_POINT('',(-2.9,-25.5,-2.8));
#16871 = VECTOR('',#16872,1.);
#16872 = DIRECTION('',(1.,-0.,-0.));
#16873 = ORIENTED_EDGE('',*,*,#10945,.F.);
#16874 = ORIENTED_EDGE('',*,*,#16458,.T.);
#16875 = ORIENTED_EDGE('',*,*,#10969,.T.);
#16876 = PLANE('',#16877);
#16877 = AXIS2_PLACEMENT_3D('',#16878,#16879,#16880);
#16878 = CARTESIAN_POINT('',(-2.9,-25.5,-3.));
#16879 = DIRECTION('',(0.,1.,0.));
#16880 = DIRECTION('',(0.,-0.,1.));
#16881 = ADVANCED_FACE('',(#16882),#16888,.T.);
#16882 = FACE_BOUND('',#16883,.T.);
#16883 = EDGE_LOOP('',(#16884,#16885,#16886,#16887));
#16884 = ORIENTED_EDGE('',*,*,#10926,.F.);
#16885 = ORIENTED_EDGE('',*,*,#16868,.F.);
#16886 = ORIENTED_EDGE('',*,*,#16285,.F.);
#16887 = ORIENTED_EDGE('',*,*,#16465,.F.);
#16888 = CYLINDRICAL_SURFACE('',#16889,0.2);
#16889 = AXIS2_PLACEMENT_3D('',#16890,#16891,#16892);
#16890 = CARTESIAN_POINT('',(-2.9,-25.3,-2.8));
#16891 = DIRECTION('',(-1.,0.,0.));
#16892 = DIRECTION('',(0.,0.,1.));
#16893 = ADVANCED_FACE('',(#16894),#16905,.F.);
#16894 = FACE_BOUND('',#16895,.F.);
#16895 = EDGE_LOOP('',(#16896,#16897,#16903,#16904));
#16896 = ORIENTED_EDGE('',*,*,#16162,.F.);
#16897 = ORIENTED_EDGE('',*,*,#16898,.F.);
#16898 = EDGE_CURVE('',#8994,#16163,#16899,.T.);
#16899 = LINE('',#16900,#16901);
#16900 = CARTESIAN_POINT('',(-2.9,21.15,-1.626794919243));
#16901 = VECTOR('',#16902,1.);
#16902 = DIRECTION('',(-1.,-0.,-0.));
#16903 = ORIENTED_EDGE('',*,*,#9001,.T.);
#16904 = ORIENTED_EDGE('',*,*,#5655,.T.);
#16905 = CYLINDRICAL_SURFACE('',#16906,0.2);
#16906 = AXIS2_PLACEMENT_3D('',#16907,#16908,#16909);
#16907 = CARTESIAN_POINT('',(-2.9,21.25,-1.8));
#16908 = DIRECTION('',(-1.,0.,0.));
#16909 = DIRECTION('',(0.,0.,1.));
#16910 = ADVANCED_FACE('',(#16911),#16917,.F.);
#16911 = FACE_BOUND('',#16912,.T.);
#16912 = EDGE_LOOP('',(#16913,#16914,#16915,#16916));
#16913 = ORIENTED_EDGE('',*,*,#16898,.F.);
#16914 = ORIENTED_EDGE('',*,*,#8991,.F.);
#16915 = ORIENTED_EDGE('',*,*,#9096,.T.);
#16916 = ORIENTED_EDGE('',*,*,#16171,.T.);
#16917 = PLANE('',#16918);
#16918 = AXIS2_PLACEMENT_3D('',#16919,#16920,#16921);
#16919 = CARTESIAN_POINT('',(-2.9,26.02541651246,1.188028116637));
#16920 = DIRECTION('',(0.,-0.5,0.866025403784));
#16921 = DIRECTION('',(0.,0.866025403784,0.5));
#16922 = ADVANCED_FACE('',(#16923),#16929,.F.);
#16923 = FACE_BOUND('',#16924,.T.);
#16924 = EDGE_LOOP('',(#16925,#16926,#16927,#16928));
#16925 = ORIENTED_EDGE('',*,*,#9207,.F.);
#16926 = ORIENTED_EDGE('',*,*,#16023,.T.);
#16927 = ORIENTED_EDGE('',*,*,#16146,.T.);
#16928 = ORIENTED_EDGE('',*,*,#16326,.F.);
#16929 = PLANE('',#16930);
#16930 = AXIS2_PLACEMENT_3D('',#16931,#16932,#16933);
#16931 = CARTESIAN_POINT('',(-2.9,26.862676038879,-0.262147922242));
#16932 = DIRECTION('',(0.,-0.5,0.866025403784));
#16933 = DIRECTION('',(0.,0.866025403784,0.5));
#16934 = ADVANCED_FACE('',(#16935),#16953,.F.);
#16935 = FACE_BOUND('',#16936,.T.);
#16936 = EDGE_LOOP('',(#16937,#16938,#16939,#16940,#16941,#16942,#16943,
    #16944,#16951,#16952));
#16937 = ORIENTED_EDGE('',*,*,#12129,.T.);
#16938 = ORIENTED_EDGE('',*,*,#11917,.T.);
#16939 = ORIENTED_EDGE('',*,*,#15903,.T.);
#16940 = ORIENTED_EDGE('',*,*,#15878,.T.);
#16941 = ORIENTED_EDGE('',*,*,#15849,.T.);
#16942 = ORIENTED_EDGE('',*,*,#15818,.T.);
#16943 = ORIENTED_EDGE('',*,*,#12169,.T.);
#16944 = ORIENTED_EDGE('',*,*,#16945,.F.);
#16945 = EDGE_CURVE('',#5614,#12162,#16946,.T.);
#16946 = CIRCLE('',#16947,0.2);
#16947 = AXIS2_PLACEMENT_3D('',#16948,#16949,#16950);
#16948 = CARTESIAN_POINT('',(-2.9,-21.25,-1.8));
#16949 = DIRECTION('',(1.,0.,-0.));
#16950 = DIRECTION('',(0.,0.,1.));
#16951 = ORIENTED_EDGE('',*,*,#5621,.F.);
#16952 = ORIENTED_EDGE('',*,*,#15978,.F.);
#16953 = PLANE('',#16954);
#16954 = AXIS2_PLACEMENT_3D('',#16955,#16956,#16957);
#16955 = CARTESIAN_POINT('',(-2.9,27.,-0.5));
#16956 = DIRECTION('',(-1.,0.,0.));
#16957 = DIRECTION('',(0.,0.,1.));
#16958 = ADVANCED_FACE('',(#16959),#16965,.F.);
#16959 = FACE_BOUND('',#16960,.F.);
#16960 = EDGE_LOOP('',(#16961,#16962,#16963,#16964));
#16961 = ORIENTED_EDGE('',*,*,#16235,.T.);
#16962 = ORIENTED_EDGE('',*,*,#12161,.F.);
#16963 = ORIENTED_EDGE('',*,*,#16945,.F.);
#16964 = ORIENTED_EDGE('',*,*,#5613,.T.);
#16965 = CYLINDRICAL_SURFACE('',#16966,0.2);
#16966 = AXIS2_PLACEMENT_3D('',#16967,#16968,#16969);
#16967 = CARTESIAN_POINT('',(-2.9,-21.25,-1.8));
#16968 = DIRECTION('',(-1.,0.,0.));
#16969 = DIRECTION('',(0.,0.,1.));
#16970 = ADVANCED_FACE('',(#16971),#16984,.F.);
#16971 = FACE_BOUND('',#16972,.T.);
#16972 = EDGE_LOOP('',(#16973,#16974,#16975,#16976,#16977,#16983));
#16973 = ORIENTED_EDGE('',*,*,#9879,.F.);
#16974 = ORIENTED_EDGE('',*,*,#15166,.F.);
#16975 = ORIENTED_EDGE('',*,*,#15197,.T.);
#16976 = ORIENTED_EDGE('',*,*,#16219,.T.);
#16977 = ORIENTED_EDGE('',*,*,#16978,.F.);
#16978 = EDGE_CURVE('',#11384,#16212,#16979,.T.);
#16979 = LINE('',#16980,#16981);
#16980 = CARTESIAN_POINT('',(-2.9,-8.,-2.55));
#16981 = VECTOR('',#16982,1.);
#16982 = DIRECTION('',(-1.,0.,0.));
#16983 = ORIENTED_EDGE('',*,*,#11383,.T.);
#16984 = PLANE('',#16985);
#16985 = AXIS2_PLACEMENT_3D('',#16986,#16987,#16988);
#16986 = CARTESIAN_POINT('',(-2.9,-8.,-2.55));
#16987 = DIRECTION('',(0.,-1.,0.));
#16988 = DIRECTION('',(0.,0.,-1.));
#16989 = ADVANCED_FACE('',(#16990),#17001,.F.);
#16990 = FACE_BOUND('',#16991,.T.);
#16991 = EDGE_LOOP('',(#16992,#16993,#16994,#17000));
#16992 = ORIENTED_EDGE('',*,*,#15955,.F.);
#16993 = ORIENTED_EDGE('',*,*,#11399,.T.);
#16994 = ORIENTED_EDGE('',*,*,#16995,.T.);
#16995 = EDGE_CURVE('',#11392,#16204,#16996,.T.);
#16996 = LINE('',#16997,#16998);
#16997 = CARTESIAN_POINT('',(-2.9,-6.,-2.55));
#16998 = VECTOR('',#16999,1.);
#16999 = DIRECTION('',(-1.,0.,0.));
#17000 = ORIENTED_EDGE('',*,*,#16203,.T.);
#17001 = PLANE('',#17002);
#17002 = AXIS2_PLACEMENT_3D('',#17003,#17004,#17005);
#17003 = CARTESIAN_POINT('',(-2.9,-6.,-1.8));
#17004 = DIRECTION('',(0.,-1.,0.));
#17005 = DIRECTION('',(0.,0.,-1.));
#17006 = ADVANCED_FACE('',(#17007),#17013,.F.);
#17007 = FACE_BOUND('',#17008,.T.);
#17008 = EDGE_LOOP('',(#17009,#17010,#17011,#17012));
#17009 = ORIENTED_EDGE('',*,*,#16995,.F.);
#17010 = ORIENTED_EDGE('',*,*,#11391,.T.);
#17011 = ORIENTED_EDGE('',*,*,#16978,.T.);
#17012 = ORIENTED_EDGE('',*,*,#16211,.T.);
#17013 = PLANE('',#17014);
#17014 = AXIS2_PLACEMENT_3D('',#17015,#17016,#17017);
#17015 = CARTESIAN_POINT('',(-2.9,-6.,-2.55));
#17016 = DIRECTION('',(0.,2.168404344971E-16,1.));
#17017 = DIRECTION('',(0.,-1.,2.168404344971E-16));
#17018 = ADVANCED_FACE('',(#17019),#17030,.F.);
#17019 = FACE_BOUND('',#17020,.T.);
#17020 = EDGE_LOOP('',(#17021,#17022,#17023,#17029));
#17021 = ORIENTED_EDGE('',*,*,#15406,.F.);
#17022 = ORIENTED_EDGE('',*,*,#9623,.T.);
#17023 = ORIENTED_EDGE('',*,*,#17024,.T.);
#17024 = EDGE_CURVE('',#9616,#16188,#17025,.T.);
#17025 = LINE('',#17026,#17027);
#17026 = CARTESIAN_POINT('',(-2.9,6.,-1.8));
#17027 = VECTOR('',#17028,1.);
#17028 = DIRECTION('',(-1.,0.,0.));
#17029 = ORIENTED_EDGE('',*,*,#16187,.T.);
#17030 = PLANE('',#17031);
#17031 = AXIS2_PLACEMENT_3D('',#17032,#17033,#17034);
#17032 = CARTESIAN_POINT('',(-2.9,6.,-2.55));
#17033 = DIRECTION('',(0.,1.,0.));
#17034 = DIRECTION('',(0.,-0.,1.));
#17035 = ADVANCED_FACE('',(#17036),#17042,.F.);
#17036 = FACE_BOUND('',#17037,.T.);
#17037 = EDGE_LOOP('',(#17038,#17039,#17040,#17041));
#17038 = ORIENTED_EDGE('',*,*,#17024,.F.);
#17039 = ORIENTED_EDGE('',*,*,#9615,.T.);
#17040 = ORIENTED_EDGE('',*,*,#11425,.F.);
#17041 = ORIENTED_EDGE('',*,*,#16195,.T.);
#17042 = PLANE('',#17043);
#17043 = AXIS2_PLACEMENT_3D('',#17044,#17045,#17046);
#17044 = CARTESIAN_POINT('',(-2.9,6.,-1.8));
#17045 = DIRECTION('',(0.,1.264902534566E-16,1.));
#17046 = DIRECTION('',(0.,-1.,1.264902534566E-16));
#17047 = ADVANCED_FACE('',(#17048),#17054,.F.);
#17048 = FACE_BOUND('',#17049,.T.);
#17049 = EDGE_LOOP('',(#17050,#17051,#17052,#17053));
#17050 = ORIENTED_EDGE('',*,*,#8600,.F.);
#17051 = ORIENTED_EDGE('',*,*,#8722,.T.);
#17052 = ORIENTED_EDGE('',*,*,#14953,.T.);
#17053 = ORIENTED_EDGE('',*,*,#14895,.T.);
#17054 = PLANE('',#17055);
#17055 = AXIS2_PLACEMENT_3D('',#17056,#17057,#17058);
#17056 = CARTESIAN_POINT('',(-2.9,27.,-0.5));
#17057 = DIRECTION('',(-1.,0.,0.));
#17058 = DIRECTION('',(0.,0.,1.));
#17059 = ADVANCED_FACE('',(#17060),#17078,.F.);
#17060 = FACE_BOUND('',#17061,.T.);
#17061 = EDGE_LOOP('',(#17062,#17063,#17064,#17072));
#17062 = ORIENTED_EDGE('',*,*,#11653,.F.);
#17063 = ORIENTED_EDGE('',*,*,#9417,.T.);
#17064 = ORIENTED_EDGE('',*,*,#17065,.T.);
#17065 = EDGE_CURVE('',#9408,#17066,#17068,.T.);
#17066 = VERTEX_POINT('',#17067);
#17067 = CARTESIAN_POINT('',(3.4,-25.5,-1.8));
#17068 = LINE('',#17069,#17070);
#17069 = CARTESIAN_POINT('',(2.9,-25.5,-1.8));
#17070 = VECTOR('',#17071,1.);
#17071 = DIRECTION('',(1.,0.,-4.336808689942E-16));
#17072 = ORIENTED_EDGE('',*,*,#17073,.T.);
#17073 = EDGE_CURVE('',#17066,#11654,#17074,.T.);
#17074 = LINE('',#17075,#17076);
#17075 = CARTESIAN_POINT('',(3.4,-25.5,-1.8));
#17076 = VECTOR('',#17077,1.);
#17077 = DIRECTION('',(0.,-1.,-2.168404344971E-16));
#17078 = PLANE('',#17079);
#17079 = AXIS2_PLACEMENT_3D('',#17080,#17081,#17082);
#17080 = CARTESIAN_POINT('',(2.9,-25.5,-1.8));
#17081 = DIRECTION('',(4.336808689942E-16,-2.168404344971E-16,1.));
#17082 = DIRECTION('',(1.,0.,-4.336808689942E-16));
#17083 = ADVANCED_FACE('',(#17084),#17111,.F.);
#17084 = FACE_BOUND('',#17085,.F.);
#17085 = EDGE_LOOP('',(#17086,#17095,#17103,#17110));
#17086 = ORIENTED_EDGE('',*,*,#17087,.T.);
#17087 = EDGE_CURVE('',#12223,#17088,#17090,.T.);
#17088 = VERTEX_POINT('',#17089);
#17089 = CARTESIAN_POINT('',(3.4,-21.15,-1.626794919243));
#17090 = CIRCLE('',#17091,0.2);
#17091 = AXIS2_PLACEMENT_3D('',#17092,#17093,#17094);
#17092 = CARTESIAN_POINT('',(3.4,-21.25,-1.8));
#17093 = DIRECTION('',(-1.,-0.,4.336808689942E-16));
#17094 = DIRECTION('',(-4.336808689942E-16,0.,-1.));
#17095 = ORIENTED_EDGE('',*,*,#17096,.F.);
#17096 = EDGE_CURVE('',#17097,#17088,#17099,.T.);
#17097 = VERTEX_POINT('',#17098);
#17098 = CARTESIAN_POINT('',(2.9,-21.15,-1.626794919243));
#17099 = LINE('',#17100,#17101);
#17100 = CARTESIAN_POINT('',(2.9,-21.15,-1.626794919243));
#17101 = VECTOR('',#17102,1.);
#17102 = DIRECTION('',(1.,-0.,-4.336808689942E-16));
#17103 = ORIENTED_EDGE('',*,*,#17104,.F.);
#17104 = EDGE_CURVE('',#12215,#17097,#17105,.T.);
#17105 = CIRCLE('',#17106,0.2);
#17106 = AXIS2_PLACEMENT_3D('',#17107,#17108,#17109);
#17107 = CARTESIAN_POINT('',(2.9,-21.25,-1.8));
#17108 = DIRECTION('',(-1.,-0.,4.336808689942E-16));
#17109 = DIRECTION('',(-4.336808689942E-16,0.,-1.));
#17110 = ORIENTED_EDGE('',*,*,#12222,.T.);
#17111 = CYLINDRICAL_SURFACE('',#17112,0.2);
#17112 = AXIS2_PLACEMENT_3D('',#17113,#17114,#17115);
#17113 = CARTESIAN_POINT('',(2.9,-21.25,-1.8));
#17114 = DIRECTION('',(1.,0.,-4.336808689942E-16));
#17115 = DIRECTION('',(-4.336808689942E-16,-0.,-1.));
#17116 = ADVANCED_FACE('',(#17117),#17142,.F.);
#17117 = FACE_BOUND('',#17118,.T.);
#17118 = EDGE_LOOP('',(#17119,#17120,#17128,#17136));
#17119 = ORIENTED_EDGE('',*,*,#8124,.F.);
#17120 = ORIENTED_EDGE('',*,*,#17121,.T.);
#17121 = EDGE_CURVE('',#8116,#17122,#17124,.T.);
#17122 = VERTEX_POINT('',#17123);
#17123 = CARTESIAN_POINT('',(3.4,23.2,-2.376794919243));
#17124 = LINE('',#17125,#17126);
#17125 = CARTESIAN_POINT('',(2.9,23.2,-2.376794919243));
#17126 = VECTOR('',#17127,1.);
#17127 = DIRECTION('',(1.,-0.,-4.336808689942E-16));
#17128 = ORIENTED_EDGE('',*,*,#17129,.T.);
#17129 = EDGE_CURVE('',#17122,#17130,#17132,.T.);
#17130 = VERTEX_POINT('',#17131);
#17131 = CARTESIAN_POINT('',(3.4,22.9,-2.55));
#17132 = LINE('',#17133,#17134);
#17133 = CARTESIAN_POINT('',(3.4,26.862676038879,-0.262147922242));
#17134 = VECTOR('',#17135,1.);
#17135 = DIRECTION('',(-2.168404344971E-16,-0.866025403784,-0.5));
#17136 = ORIENTED_EDGE('',*,*,#17137,.F.);
#17137 = EDGE_CURVE('',#8125,#17130,#17138,.T.);
#17138 = LINE('',#17139,#17140);
#17139 = CARTESIAN_POINT('',(2.9,22.9,-2.55));
#17140 = VECTOR('',#17141,1.);
#17141 = DIRECTION('',(1.,-0.,-4.336808689942E-16));
#17142 = PLANE('',#17143);
#17143 = AXIS2_PLACEMENT_3D('',#17144,#17145,#17146);
#17144 = CARTESIAN_POINT('',(2.9,26.862676038879,-0.262147922242));
#17145 = DIRECTION('',(3.755786496843E-16,-0.5,0.866025403784));
#17146 = DIRECTION('',(-2.168404344971E-16,-0.866025403784,-0.5));
#17147 = ADVANCED_FACE('',(#17148),#17170,.F.);
#17148 = FACE_BOUND('',#17149,.T.);
#17149 = EDGE_LOOP('',(#17150,#17151,#17152,#17153,#17154,#17162,#17168,
    #17169));
#17150 = ORIENTED_EDGE('',*,*,#11477,.F.);
#17151 = ORIENTED_EDGE('',*,*,#11047,.F.);
#17152 = ORIENTED_EDGE('',*,*,#16449,.T.);
#17153 = ORIENTED_EDGE('',*,*,#11072,.T.);
#17154 = ORIENTED_EDGE('',*,*,#17155,.T.);
#17155 = EDGE_CURVE('',#11064,#17156,#17158,.T.);
#17156 = VERTEX_POINT('',#17157);
#17157 = CARTESIAN_POINT('',(3.4,-25.5,-2.8));
#17158 = LINE('',#17159,#17160);
#17159 = CARTESIAN_POINT('',(2.9,-25.5,-2.8));
#17160 = VECTOR('',#17161,1.);
#17161 = DIRECTION('',(1.,0.,-4.336808689942E-16));
#17162 = ORIENTED_EDGE('',*,*,#17163,.T.);
#17163 = EDGE_CURVE('',#17156,#17066,#17164,.T.);
#17164 = LINE('',#17165,#17166);
#17165 = CARTESIAN_POINT('',(3.4,-25.5,-3.));
#17166 = VECTOR('',#17167,1.);
#17167 = DIRECTION('',(7.228014483237E-16,0.,1.));
#17168 = ORIENTED_EDGE('',*,*,#17065,.F.);
#17169 = ORIENTED_EDGE('',*,*,#9407,.T.);
#17170 = PLANE('',#17171);
#17171 = AXIS2_PLACEMENT_3D('',#17172,#17173,#17174);
#17172 = CARTESIAN_POINT('',(2.9,-25.5,-3.));
#17173 = DIRECTION('',(0.,1.,0.));
#17174 = DIRECTION('',(0.,-0.,1.));
#17175 = ADVANCED_FACE('',(#17176),#17201,.F.);
#17176 = FACE_BOUND('',#17177,.T.);
#17177 = EDGE_LOOP('',(#17178,#17186,#17187,#17195));
#17178 = ORIENTED_EDGE('',*,*,#17179,.F.);
#17179 = EDGE_CURVE('',#12345,#17180,#17182,.T.);
#17180 = VERTEX_POINT('',#17181);
#17181 = CARTESIAN_POINT('',(3.4,-22.9,-2.55));
#17182 = LINE('',#17183,#17184);
#17183 = CARTESIAN_POINT('',(2.9,-22.9,-2.55));
#17184 = VECTOR('',#17185,1.);
#17185 = DIRECTION('',(1.,-0.,-4.336808689942E-16));
#17186 = ORIENTED_EDGE('',*,*,#12344,.T.);
#17187 = ORIENTED_EDGE('',*,*,#17188,.T.);
#17188 = EDGE_CURVE('',#12336,#17189,#17191,.T.);
#17189 = VERTEX_POINT('',#17190);
#17190 = CARTESIAN_POINT('',(3.4,-21.65,-2.55));
#17191 = LINE('',#17192,#17193);
#17192 = CARTESIAN_POINT('',(2.9,-21.65,-2.55));
#17193 = VECTOR('',#17194,1.);
#17194 = DIRECTION('',(1.,0.,-4.336808689942E-16));
#17195 = ORIENTED_EDGE('',*,*,#17196,.T.);
#17196 = EDGE_CURVE('',#17189,#17180,#17197,.T.);
#17197 = LINE('',#17198,#17199);
#17198 = CARTESIAN_POINT('',(3.4,-21.45,-2.55));
#17199 = VECTOR('',#17200,1.);
#17200 = DIRECTION('',(0.,-1.,-2.115516434118E-16));
#17201 = PLANE('',#17202);
#17202 = AXIS2_PLACEMENT_3D('',#17203,#17204,#17205);
#17203 = CARTESIAN_POINT('',(2.9,-21.45,-2.55));
#17204 = DIRECTION('',(4.336808689942E-16,-2.115516434118E-16,1.));
#17205 = DIRECTION('',(1.,0.,-4.336808689942E-16));
#17206 = ADVANCED_FACE('',(#17207),#17226,.F.);
#17207 = FACE_BOUND('',#17208,.F.);
#17208 = EDGE_LOOP('',(#17209,#17210,#17219,#17225));
#17209 = ORIENTED_EDGE('',*,*,#17121,.T.);
#17210 = ORIENTED_EDGE('',*,*,#17211,.F.);
#17211 = EDGE_CURVE('',#17212,#17122,#17214,.T.);
#17212 = VERTEX_POINT('',#17213);
#17213 = CARTESIAN_POINT('',(3.4,23.5,-2.55));
#17214 = CIRCLE('',#17215,0.2);
#17215 = AXIS2_PLACEMENT_3D('',#17216,#17217,#17218);
#17216 = CARTESIAN_POINT('',(3.4,23.3,-2.55));
#17217 = DIRECTION('',(1.,0.,-4.336808689942E-16));
#17218 = DIRECTION('',(-4.336808689942E-16,-0.,-1.));
#17219 = ORIENTED_EDGE('',*,*,#17220,.F.);
#17220 = EDGE_CURVE('',#8106,#17212,#17221,.T.);
#17221 = LINE('',#17222,#17223);
#17222 = CARTESIAN_POINT('',(2.9,23.5,-2.55));
#17223 = VECTOR('',#17224,1.);
#17224 = DIRECTION('',(1.,0.,-4.336808689942E-16));
#17225 = ORIENTED_EDGE('',*,*,#8115,.T.);
#17226 = CYLINDRICAL_SURFACE('',#17227,0.2);
#17227 = AXIS2_PLACEMENT_3D('',#17228,#17229,#17230);
#17228 = CARTESIAN_POINT('',(2.9,23.3,-2.55));
#17229 = DIRECTION('',(1.,0.,-4.336808689942E-16));
#17230 = DIRECTION('',(-4.336808689942E-16,-0.,-1.));
#17231 = ADVANCED_FACE('',(#17232),#17387,.T.);
#17232 = FACE_BOUND('',#17233,.T.);
#17233 = EDGE_LOOP('',(#17234,#17242,#17248,#17249,#17258,#17264,#17265,
    #17266,#17267,#17268,#17269,#17270,#17271,#17272,#17273,#17274,
    #17281,#17282,#17290,#17298,#17307,#17313,#17314,#17321,#17322,
    #17323,#17329,#17330,#17331,#17332,#17333,#17334,#17335,#17336,
    #17337,#17338,#17339,#17340,#17341,#17342,#17343,#17344,#17345,
    #17346,#17347,#17348,#17349,#17350,#17351,#17352,#17353,#17354,
    #17362,#17369,#17370,#17379,#17385,#17386));
#17234 = ORIENTED_EDGE('',*,*,#17235,.F.);
#17235 = EDGE_CURVE('',#17236,#17212,#17238,.T.);
#17236 = VERTEX_POINT('',#17237);
#17237 = CARTESIAN_POINT('',(3.4,23.5,-3.));
#17238 = LINE('',#17239,#17240);
#17239 = CARTESIAN_POINT('',(3.4,23.5,-4.5));
#17240 = VECTOR('',#17241,1.);
#17241 = DIRECTION('',(4.448008912761E-16,0.,1.));
#17242 = ORIENTED_EDGE('',*,*,#17243,.T.);
#17243 = EDGE_CURVE('',#17236,#16372,#17244,.T.);
#17244 = LINE('',#17245,#17246);
#17245 = CARTESIAN_POINT('',(3.4,24.3,-3.));
#17246 = VECTOR('',#17247,1.);
#17247 = DIRECTION('',(4.701977403289E-31,1.,1.084202172486E-15));
#17248 = ORIENTED_EDGE('',*,*,#16371,.F.);
#17249 = ORIENTED_EDGE('',*,*,#17250,.T.);
#17250 = EDGE_CURVE('',#16364,#17251,#17253,.T.);
#17251 = VERTEX_POINT('',#17252);
#17252 = CARTESIAN_POINT('',(3.4,25.5,-2.8));
#17253 = CIRCLE('',#17254,0.2);
#17254 = AXIS2_PLACEMENT_3D('',#17255,#17256,#17257);
#17255 = CARTESIAN_POINT('',(3.4,25.3,-2.8));
#17256 = DIRECTION('',(1.,0.,-4.336808689942E-16));
#17257 = DIRECTION('',(-4.336808689942E-16,-0.,-1.));
#17258 = ORIENTED_EDGE('',*,*,#17259,.F.);
#17259 = EDGE_CURVE('',#14667,#17251,#17260,.T.);
#17260 = LINE('',#17261,#17262);
#17261 = CARTESIAN_POINT('',(3.4,25.5,-1.8));
#17262 = VECTOR('',#17263,1.);
#17263 = DIRECTION('',(-3.614007241618E-16,0.,-1.));
#17264 = ORIENTED_EDGE('',*,*,#14676,.F.);
#17265 = ORIENTED_EDGE('',*,*,#8640,.F.);
#17266 = ORIENTED_EDGE('',*,*,#14652,.T.);
#17267 = ORIENTED_EDGE('',*,*,#14613,.T.);
#17268 = ORIENTED_EDGE('',*,*,#14700,.F.);
#17269 = ORIENTED_EDGE('',*,*,#14736,.F.);
#17270 = ORIENTED_EDGE('',*,*,#14767,.F.);
#17271 = ORIENTED_EDGE('',*,*,#12198,.F.);
#17272 = ORIENTED_EDGE('',*,*,#17073,.F.);
#17273 = ORIENTED_EDGE('',*,*,#17163,.F.);
#17274 = ORIENTED_EDGE('',*,*,#17275,.T.);
#17275 = EDGE_CURVE('',#17156,#16435,#17276,.T.);
#17276 = CIRCLE('',#17277,0.2);
#17277 = AXIS2_PLACEMENT_3D('',#17278,#17279,#17280);
#17278 = CARTESIAN_POINT('',(3.4,-25.3,-2.8));
#17279 = DIRECTION('',(1.,0.,-4.336808689942E-16));
#17280 = DIRECTION('',(-4.336808689942E-16,-0.,-1.));
#17281 = ORIENTED_EDGE('',*,*,#16434,.F.);
#17282 = ORIENTED_EDGE('',*,*,#17283,.T.);
#17283 = EDGE_CURVE('',#16427,#17284,#17286,.T.);
#17284 = VERTEX_POINT('',#17285);
#17285 = CARTESIAN_POINT('',(3.4,-23.5,-3.));
#17286 = LINE('',#17287,#17288);
#17287 = CARTESIAN_POINT('',(3.4,27.,-3.));
#17288 = VECTOR('',#17289,1.);
#17289 = DIRECTION('',(4.701977403289E-31,1.,1.084202172486E-15));
#17290 = ORIENTED_EDGE('',*,*,#17291,.F.);
#17291 = EDGE_CURVE('',#17292,#17284,#17294,.T.);
#17292 = VERTEX_POINT('',#17293);
#17293 = CARTESIAN_POINT('',(3.4,-23.5,-2.55));
#17294 = LINE('',#17295,#17296);
#17295 = CARTESIAN_POINT('',(3.4,-23.5,-2.55));
#17296 = VECTOR('',#17297,1.);
#17297 = DIRECTION('',(-4.448008912761E-16,1.779203565104E-15,-1.));
#17298 = ORIENTED_EDGE('',*,*,#17299,.T.);
#17299 = EDGE_CURVE('',#17292,#17300,#17302,.T.);
#17300 = VERTEX_POINT('',#17301);
#17301 = CARTESIAN_POINT('',(3.4,-23.2,-2.376794919243));
#17302 = CIRCLE('',#17303,0.2);
#17303 = AXIS2_PLACEMENT_3D('',#17304,#17305,#17306);
#17304 = CARTESIAN_POINT('',(3.4,-23.3,-2.55));
#17305 = DIRECTION('',(-1.,-0.,4.336808689942E-16));
#17306 = DIRECTION('',(-4.336808689942E-16,0.,-1.));
#17307 = ORIENTED_EDGE('',*,*,#17308,.T.);
#17308 = EDGE_CURVE('',#17300,#17180,#17309,.T.);
#17309 = LINE('',#17310,#17311);
#17310 = CARTESIAN_POINT('',(3.4,13.637323961121,-23.64483382442));
#17311 = VECTOR('',#17312,1.);
#17312 = DIRECTION('',(-2.168404344971E-16,0.866025403784,-0.5));
#17313 = ORIENTED_EDGE('',*,*,#17196,.F.);
#17314 = ORIENTED_EDGE('',*,*,#17315,.T.);
#17315 = EDGE_CURVE('',#17189,#12262,#17316,.T.);
#17316 = CIRCLE('',#17317,0.2);
#17317 = AXIS2_PLACEMENT_3D('',#17318,#17319,#17320);
#17318 = CARTESIAN_POINT('',(3.4,-21.65,-2.35));
#17319 = DIRECTION('',(1.,0.,-4.336808689942E-16));
#17320 = DIRECTION('',(-4.336808689942E-16,-0.,-1.));
#17321 = ORIENTED_EDGE('',*,*,#12261,.F.);
#17322 = ORIENTED_EDGE('',*,*,#17087,.T.);
#17323 = ORIENTED_EDGE('',*,*,#17324,.T.);
#17324 = EDGE_CURVE('',#17088,#12239,#17325,.T.);
#17325 = LINE('',#17326,#17327);
#17326 = CARTESIAN_POINT('',(3.4,14.474583487541,-22.19465778554));
#17327 = VECTOR('',#17328,1.);
#17328 = DIRECTION('',(-2.168404344971E-16,0.866025403784,-0.5));
#17329 = ORIENTED_EDGE('',*,*,#12238,.F.);
#17330 = ORIENTED_EDGE('',*,*,#14580,.F.);
#17331 = ORIENTED_EDGE('',*,*,#14563,.F.);
#17332 = ORIENTED_EDGE('',*,*,#14539,.F.);
#17333 = ORIENTED_EDGE('',*,*,#14506,.F.);
#17334 = ORIENTED_EDGE('',*,*,#14294,.F.);
#17335 = ORIENTED_EDGE('',*,*,#14350,.T.);
#17336 = ORIENTED_EDGE('',*,*,#14387,.F.);
#17337 = ORIENTED_EDGE('',*,*,#14216,.F.);
#17338 = ORIENTED_EDGE('',*,*,#14199,.F.);
#17339 = ORIENTED_EDGE('',*,*,#14175,.F.);
#17340 = ORIENTED_EDGE('',*,*,#14151,.F.);
#17341 = ORIENTED_EDGE('',*,*,#8567,.F.);
#17342 = ORIENTED_EDGE('',*,*,#14127,.F.);
#17343 = ORIENTED_EDGE('',*,*,#14110,.F.);
#17344 = ORIENTED_EDGE('',*,*,#14086,.F.);
#17345 = ORIENTED_EDGE('',*,*,#14053,.F.);
#17346 = ORIENTED_EDGE('',*,*,#13841,.F.);
#17347 = ORIENTED_EDGE('',*,*,#13897,.T.);
#17348 = ORIENTED_EDGE('',*,*,#13934,.F.);
#17349 = ORIENTED_EDGE('',*,*,#13763,.F.);
#17350 = ORIENTED_EDGE('',*,*,#13746,.F.);
#17351 = ORIENTED_EDGE('',*,*,#13722,.F.);
#17352 = ORIENTED_EDGE('',*,*,#13698,.F.);
#17353 = ORIENTED_EDGE('',*,*,#8278,.F.);
#17354 = ORIENTED_EDGE('',*,*,#17355,.F.);
#17355 = EDGE_CURVE('',#17356,#8271,#17358,.T.);
#17356 = VERTEX_POINT('',#17357);
#17357 = CARTESIAN_POINT('',(3.4,21.15,-1.626794919243));
#17358 = LINE('',#17359,#17360);
#17359 = CARTESIAN_POINT('',(3.4,26.02541651246,1.188028116637));
#17360 = VECTOR('',#17361,1.);
#17361 = DIRECTION('',(-2.168404344971E-16,-0.866025403784,-0.5));
#17362 = ORIENTED_EDGE('',*,*,#17363,.F.);
#17363 = EDGE_CURVE('',#8287,#17356,#17364,.T.);
#17364 = CIRCLE('',#17365,0.2);
#17365 = AXIS2_PLACEMENT_3D('',#17366,#17367,#17368);
#17366 = CARTESIAN_POINT('',(3.4,21.25,-1.8));
#17367 = DIRECTION('',(1.,0.,-4.336808689942E-16));
#17368 = DIRECTION('',(-4.336808689942E-16,-0.,-1.));
#17369 = ORIENTED_EDGE('',*,*,#8317,.F.);
#17370 = ORIENTED_EDGE('',*,*,#17371,.T.);
#17371 = EDGE_CURVE('',#8310,#17372,#17374,.T.);
#17372 = VERTEX_POINT('',#17373);
#17373 = CARTESIAN_POINT('',(3.4,21.65,-2.55));
#17374 = CIRCLE('',#17375,0.2);
#17375 = AXIS2_PLACEMENT_3D('',#17376,#17377,#17378);
#17376 = CARTESIAN_POINT('',(3.4,21.65,-2.35));
#17377 = DIRECTION('',(1.,0.,-4.336808689942E-16));
#17378 = DIRECTION('',(-4.336808689942E-16,-0.,-1.));
#17379 = ORIENTED_EDGE('',*,*,#17380,.F.);
#17380 = EDGE_CURVE('',#17130,#17372,#17381,.T.);
#17381 = LINE('',#17382,#17383);
#17382 = CARTESIAN_POINT('',(3.4,23.5,-2.55));
#17383 = VECTOR('',#17384,1.);
#17384 = DIRECTION('',(0.,-1.,-2.115516434118E-16));
#17385 = ORIENTED_EDGE('',*,*,#17129,.F.);
#17386 = ORIENTED_EDGE('',*,*,#17211,.F.);
#17387 = PLANE('',#17388);
#17388 = AXIS2_PLACEMENT_3D('',#17389,#17390,#17391);
#17389 = CARTESIAN_POINT('',(3.4,27.,-0.5));
#17390 = DIRECTION('',(1.,0.,-4.336808689942E-16));
#17391 = DIRECTION('',(-4.336808689942E-16,0.,-1.));
#17392 = ADVANCED_FACE('',(#17393),#17420,.T.);
#17393 = FACE_BOUND('',#17394,.T.);
#17394 = EDGE_LOOP('',(#17395,#17404,#17405,#17414));
#17395 = ORIENTED_EDGE('',*,*,#17396,.F.);
#17396 = EDGE_CURVE('',#16372,#17397,#17399,.T.);
#17397 = VERTEX_POINT('',#17398);
#17398 = CARTESIAN_POINT('',(2.9,24.3,-3.5));
#17399 = CIRCLE('',#17400,0.5);
#17400 = AXIS2_PLACEMENT_3D('',#17401,#17402,#17403);
#17401 = CARTESIAN_POINT('',(2.9,24.3,-3.));
#17402 = DIRECTION('',(5.877471754111E-31,1.,1.084202172486E-15));
#17403 = DIRECTION('',(8.673617379884E-16,1.084202172486E-15,-1.));
#17404 = ORIENTED_EDGE('',*,*,#17243,.F.);
#17405 = ORIENTED_EDGE('',*,*,#17406,.F.);
#17406 = EDGE_CURVE('',#17407,#17236,#17409,.T.);
#17407 = VERTEX_POINT('',#17408);
#17408 = CARTESIAN_POINT('',(2.9,23.5,-3.5));
#17409 = CIRCLE('',#17410,0.5);
#17410 = AXIS2_PLACEMENT_3D('',#17411,#17412,#17413);
#17411 = CARTESIAN_POINT('',(2.9,23.5,-3.));
#17412 = DIRECTION('',(0.,-1.,0.));
#17413 = DIRECTION('',(0.,0.,1.));
#17414 = ORIENTED_EDGE('',*,*,#17415,.F.);
#17415 = EDGE_CURVE('',#17397,#17407,#17416,.T.);
#17416 = LINE('',#17417,#17418);
#17417 = CARTESIAN_POINT('',(2.9,23.5,-3.5));
#17418 = VECTOR('',#17419,1.);
#17419 = DIRECTION('',(-4.701977403289E-31,-1.,-1.084202172486E-15));
#17420 = CYLINDRICAL_SURFACE('',#17421,0.5);
#17421 = AXIS2_PLACEMENT_3D('',#17422,#17423,#17424);
#17422 = CARTESIAN_POINT('',(2.9,24.3,-3.));
#17423 = DIRECTION('',(4.701977403289E-31,1.,1.084202172486E-15));
#17424 = DIRECTION('',(-5.097894115624E-46,-1.084202172486E-15,1.));
#17425 = ADVANCED_FACE('',(#17426),#17449,.F.);
#17426 = FACE_BOUND('',#17427,.T.);
#17427 = EDGE_LOOP('',(#17428,#17429,#17430,#17438,#17444,#17445,#17446,
    #17447,#17448));
#17428 = ORIENTED_EDGE('',*,*,#11319,.F.);
#17429 = ORIENTED_EDGE('',*,*,#16396,.T.);
#17430 = ORIENTED_EDGE('',*,*,#17431,.T.);
#17431 = EDGE_CURVE('',#16388,#17432,#17434,.T.);
#17432 = VERTEX_POINT('',#17433);
#17433 = CARTESIAN_POINT('',(2.2,23.5,-3.5));
#17434 = LINE('',#17435,#17436);
#17435 = CARTESIAN_POINT('',(2.2,23.5,-4.5));
#17436 = VECTOR('',#17437,1.);
#17437 = DIRECTION('',(-4.336808689942E-16,-0.,-1.));
#17438 = ORIENTED_EDGE('',*,*,#17439,.F.);
#17439 = EDGE_CURVE('',#17407,#17432,#17440,.T.);
#17440 = LINE('',#17441,#17442);
#17441 = CARTESIAN_POINT('',(3.4,23.5,-3.5));
#17442 = VECTOR('',#17443,1.);
#17443 = DIRECTION('',(-1.,0.,5.421010862428E-16));
#17444 = ORIENTED_EDGE('',*,*,#17406,.T.);
#17445 = ORIENTED_EDGE('',*,*,#17235,.T.);
#17446 = ORIENTED_EDGE('',*,*,#17220,.F.);
#17447 = ORIENTED_EDGE('',*,*,#8105,.T.);
#17448 = ORIENTED_EDGE('',*,*,#8187,.T.);
#17449 = PLANE('',#17450);
#17450 = AXIS2_PLACEMENT_3D('',#17451,#17452,#17453);
#17451 = CARTESIAN_POINT('',(2.9,23.5,-4.5));
#17452 = DIRECTION('',(0.,1.,0.));
#17453 = DIRECTION('',(0.,-0.,1.));
#17454 = ADVANCED_FACE('',(#17455),#17473,.F.);
#17455 = FACE_BOUND('',#17456,.T.);
#17456 = EDGE_LOOP('',(#17457,#17458,#17459,#17467));
#17457 = ORIENTED_EDGE('',*,*,#16379,.T.);
#17458 = ORIENTED_EDGE('',*,*,#17396,.T.);
#17459 = ORIENTED_EDGE('',*,*,#17460,.F.);
#17460 = EDGE_CURVE('',#17461,#17397,#17463,.T.);
#17461 = VERTEX_POINT('',#17462);
#17462 = CARTESIAN_POINT('',(2.2,24.3,-3.5));
#17463 = LINE('',#17464,#17465);
#17464 = CARTESIAN_POINT('',(3.4,24.3,-3.5));
#17465 = VECTOR('',#17466,1.);
#17466 = DIRECTION('',(1.,0.,-5.421010862428E-16));
#17467 = ORIENTED_EDGE('',*,*,#17468,.T.);
#17468 = EDGE_CURVE('',#17461,#16380,#17469,.T.);
#17469 = LINE('',#17470,#17471);
#17470 = CARTESIAN_POINT('',(2.2,24.3,-3.5));
#17471 = VECTOR('',#17472,1.);
#17472 = DIRECTION('',(4.336808689942E-16,-1.084202172486E-15,1.));
#17473 = PLANE('',#17474);
#17474 = AXIS2_PLACEMENT_3D('',#17475,#17476,#17477);
#17475 = CARTESIAN_POINT('',(3.4,24.3,-3.5));
#17476 = DIRECTION('',(-5.877471754111E-31,-1.,-1.084202172486E-15));
#17477 = DIRECTION('',(0.,1.084202172486E-15,-1.));
#17478 = ADVANCED_FACE('',(#17479),#17491,.T.);
#17479 = FACE_BOUND('',#17480,.T.);
#17480 = EDGE_LOOP('',(#17481,#17482,#17483,#17490));
#17481 = ORIENTED_EDGE('',*,*,#16387,.F.);
#17482 = ORIENTED_EDGE('',*,*,#17468,.F.);
#17483 = ORIENTED_EDGE('',*,*,#17484,.F.);
#17484 = EDGE_CURVE('',#17432,#17461,#17485,.T.);
#17485 = CIRCLE('',#17486,0.4);
#17486 = AXIS2_PLACEMENT_3D('',#17487,#17488,#17489);
#17487 = CARTESIAN_POINT('',(2.2,23.9,-3.5));
#17488 = DIRECTION('',(-5.421010862428E-16,1.084202172486E-15,-1.));
#17489 = DIRECTION('',(-4.466638855035E-45,-1.,-1.084202172486E-15));
#17490 = ORIENTED_EDGE('',*,*,#17431,.F.);
#17491 = CYLINDRICAL_SURFACE('',#17492,0.4);
#17492 = AXIS2_PLACEMENT_3D('',#17493,#17494,#17495);
#17493 = CARTESIAN_POINT('',(2.2,23.9,-3.5));
#17494 = DIRECTION('',(4.336808689942E-16,0.,1.));
#17495 = DIRECTION('',(1.,0.,-4.336808689942E-16));
#17496 = ADVANCED_FACE('',(#17497),#17503,.F.);
#17497 = FACE_BOUND('',#17498,.T.);
#17498 = EDGE_LOOP('',(#17499,#17500,#17501,#17502));
#17499 = ORIENTED_EDGE('',*,*,#17460,.T.);
#17500 = ORIENTED_EDGE('',*,*,#17415,.T.);
#17501 = ORIENTED_EDGE('',*,*,#17439,.T.);
#17502 = ORIENTED_EDGE('',*,*,#17484,.T.);
#17503 = PLANE('',#17504);
#17504 = AXIS2_PLACEMENT_3D('',#17505,#17506,#17507);
#17505 = CARTESIAN_POINT('',(3.4,24.3,-3.5));
#17506 = DIRECTION('',(5.421010862428E-16,-1.084202172486E-15,1.));
#17507 = DIRECTION('',(0.,-1.,-1.084202172486E-15));
#17508 = ADVANCED_FACE('',(#17509),#17525,.F.);
#17509 = FACE_BOUND('',#17510,.F.);
#17510 = EDGE_LOOP('',(#17511,#17517,#17518,#17524));
#17511 = ORIENTED_EDGE('',*,*,#17512,.T.);
#17512 = EDGE_CURVE('',#12326,#17292,#17513,.T.);
#17513 = LINE('',#17514,#17515);
#17514 = CARTESIAN_POINT('',(2.9,-23.5,-2.55));
#17515 = VECTOR('',#17516,1.);
#17516 = DIRECTION('',(1.,0.,-4.336808689942E-16));
#17517 = ORIENTED_EDGE('',*,*,#17299,.T.);
#17518 = ORIENTED_EDGE('',*,*,#17519,.F.);
#17519 = EDGE_CURVE('',#12353,#17300,#17520,.T.);
#17520 = LINE('',#17521,#17522);
#17521 = CARTESIAN_POINT('',(2.9,-23.2,-2.376794919243));
#17522 = VECTOR('',#17523,1.);
#17523 = DIRECTION('',(1.,-0.,-4.336808689942E-16));
#17524 = ORIENTED_EDGE('',*,*,#12360,.T.);
#17525 = CYLINDRICAL_SURFACE('',#17526,0.2);
#17526 = AXIS2_PLACEMENT_3D('',#17527,#17528,#17529);
#17527 = CARTESIAN_POINT('',(2.9,-23.3,-2.55));
#17528 = DIRECTION('',(1.,0.,-4.336808689942E-16));
#17529 = DIRECTION('',(-4.336808689942E-16,-0.,-1.));
#17530 = ADVANCED_FACE('',(#17531),#17558,.T.);
#17531 = FACE_BOUND('',#17532,.T.);
#17532 = EDGE_LOOP('',(#17533,#17542,#17543,#17552));
#17533 = ORIENTED_EDGE('',*,*,#17534,.F.);
#17534 = EDGE_CURVE('',#17284,#17535,#17537,.T.);
#17535 = VERTEX_POINT('',#17536);
#17536 = CARTESIAN_POINT('',(2.9,-23.5,-3.5));
#17537 = CIRCLE('',#17538,0.5);
#17538 = AXIS2_PLACEMENT_3D('',#17539,#17540,#17541);
#17539 = CARTESIAN_POINT('',(2.9,-23.5,-3.));
#17540 = DIRECTION('',(7.716065482321E-31,1.,1.779203565104E-15));
#17541 = DIRECTION('',(1.372845121472E-45,1.779203565104E-15,-1.));
#17542 = ORIENTED_EDGE('',*,*,#17283,.F.);
#17543 = ORIENTED_EDGE('',*,*,#17544,.F.);
#17544 = EDGE_CURVE('',#17545,#16427,#17547,.T.);
#17545 = VERTEX_POINT('',#17546);
#17546 = CARTESIAN_POINT('',(2.9,-24.3,-3.5));
#17547 = CIRCLE('',#17548,0.5);
#17548 = AXIS2_PLACEMENT_3D('',#17549,#17550,#17551);
#17549 = CARTESIAN_POINT('',(2.9,-24.3,-3.));
#17550 = DIRECTION('',(-2.938735877056E-31,-1.,-1.084202172486E-15));
#17551 = DIRECTION('',(-3.186183822265E-46,-1.084202172486E-15,1.));
#17552 = ORIENTED_EDGE('',*,*,#17553,.F.);
#17553 = EDGE_CURVE('',#17535,#17545,#17554,.T.);
#17554 = LINE('',#17555,#17556);
#17555 = CARTESIAN_POINT('',(2.9,-24.3,-3.5));
#17556 = VECTOR('',#17557,1.);
#17557 = DIRECTION('',(-4.701977403289E-31,-1.,-1.084202172486E-15));
#17558 = CYLINDRICAL_SURFACE('',#17559,0.5);
#17559 = AXIS2_PLACEMENT_3D('',#17560,#17561,#17562);
#17560 = CARTESIAN_POINT('',(2.9,-24.3,-3.));
#17561 = DIRECTION('',(-4.701977403289E-31,-1.,-1.084202172486E-15));
#17562 = DIRECTION('',(5.097894115624E-46,1.084202172486E-15,-1.));
#17563 = ADVANCED_FACE('',(#17564),#17582,.F.);
#17564 = FACE_BOUND('',#17565,.T.);
#17565 = EDGE_LOOP('',(#17566,#17574,#17575,#17576));
#17566 = ORIENTED_EDGE('',*,*,#17567,.F.);
#17567 = EDGE_CURVE('',#17545,#17568,#17570,.T.);
#17568 = VERTEX_POINT('',#17569);
#17569 = CARTESIAN_POINT('',(2.2,-24.3,-3.5));
#17570 = LINE('',#17571,#17572);
#17571 = CARTESIAN_POINT('',(3.4,-24.3,-3.5));
#17572 = VECTOR('',#17573,1.);
#17573 = DIRECTION('',(-1.,0.,2.710505431214E-16));
#17574 = ORIENTED_EDGE('',*,*,#17544,.T.);
#17575 = ORIENTED_EDGE('',*,*,#16426,.T.);
#17576 = ORIENTED_EDGE('',*,*,#17577,.T.);
#17577 = EDGE_CURVE('',#16418,#17568,#17578,.T.);
#17578 = LINE('',#17579,#17580);
#17579 = CARTESIAN_POINT('',(2.2,-24.3,-3.5));
#17580 = VECTOR('',#17581,1.);
#17581 = DIRECTION('',(-4.336808689942E-16,1.084202172486E-15,-1.));
#17582 = PLANE('',#17583);
#17583 = AXIS2_PLACEMENT_3D('',#17584,#17585,#17586);
#17584 = CARTESIAN_POINT('',(3.4,-24.3,-3.5));
#17585 = DIRECTION('',(2.938735877056E-31,1.,1.084202172486E-15));
#17586 = DIRECTION('',(0.,-1.084202172486E-15,1.));
#17587 = ADVANCED_FACE('',(#17588),#17611,.F.);
#17588 = FACE_BOUND('',#17589,.T.);
#17589 = EDGE_LOOP('',(#17590,#17591,#17592,#17593,#17594,#17595,#17596,
    #17597,#17605));
#17590 = ORIENTED_EDGE('',*,*,#16409,.T.);
#17591 = ORIENTED_EDGE('',*,*,#11112,.F.);
#17592 = ORIENTED_EDGE('',*,*,#12310,.T.);
#17593 = ORIENTED_EDGE('',*,*,#12325,.T.);
#17594 = ORIENTED_EDGE('',*,*,#17512,.T.);
#17595 = ORIENTED_EDGE('',*,*,#17291,.T.);
#17596 = ORIENTED_EDGE('',*,*,#17534,.T.);
#17597 = ORIENTED_EDGE('',*,*,#17598,.F.);
#17598 = EDGE_CURVE('',#17599,#17535,#17601,.T.);
#17599 = VERTEX_POINT('',#17600);
#17600 = CARTESIAN_POINT('',(2.2,-23.5,-3.5));
#17601 = LINE('',#17602,#17603);
#17602 = CARTESIAN_POINT('',(3.4,-23.5,-3.5));
#17603 = VECTOR('',#17604,1.);
#17604 = DIRECTION('',(1.,0.,-2.710505431214E-16));
#17605 = ORIENTED_EDGE('',*,*,#17606,.T.);
#17606 = EDGE_CURVE('',#17599,#16410,#17607,.T.);
#17607 = LINE('',#17608,#17609);
#17608 = CARTESIAN_POINT('',(2.2,-23.5,-2.55));
#17609 = VECTOR('',#17610,1.);
#17610 = DIRECTION('',(4.336808689942E-16,-1.779203565104E-15,1.));
#17611 = PLANE('',#17612);
#17612 = AXIS2_PLACEMENT_3D('',#17613,#17614,#17615);
#17613 = CARTESIAN_POINT('',(2.9,-23.5,-2.55));
#17614 = DIRECTION('',(-7.716065482321E-31,-1.,-1.779203565104E-15));
#17615 = DIRECTION('',(0.,1.779203565104E-15,-1.));
#17616 = ADVANCED_FACE('',(#17617),#17629,.T.);
#17617 = FACE_BOUND('',#17618,.T.);
#17618 = EDGE_LOOP('',(#17619,#17620,#17621,#17628));
#17619 = ORIENTED_EDGE('',*,*,#16417,.F.);
#17620 = ORIENTED_EDGE('',*,*,#17606,.F.);
#17621 = ORIENTED_EDGE('',*,*,#17622,.F.);
#17622 = EDGE_CURVE('',#17568,#17599,#17623,.T.);
#17623 = CIRCLE('',#17624,0.4);
#17624 = AXIS2_PLACEMENT_3D('',#17625,#17626,#17627);
#17625 = CARTESIAN_POINT('',(2.2,-23.9,-3.5));
#17626 = DIRECTION('',(-2.710505431214E-16,1.084202172486E-15,-1.));
#17627 = DIRECTION('',(6.568586551523E-46,1.,1.084202172486E-15));
#17628 = ORIENTED_EDGE('',*,*,#17577,.F.);
#17629 = CYLINDRICAL_SURFACE('',#17630,0.4);
#17630 = AXIS2_PLACEMENT_3D('',#17631,#17632,#17633);
#17631 = CARTESIAN_POINT('',(2.2,-23.9,-3.5));
#17632 = DIRECTION('',(4.336808689942E-16,-1.084202172486E-15,1.));
#17633 = DIRECTION('',(-1.050973848244E-45,-1.,-1.084202172486E-15));
#17634 = ADVANCED_FACE('',(#17635),#17641,.T.);
#17635 = FACE_BOUND('',#17636,.T.);
#17636 = EDGE_LOOP('',(#17637,#17638,#17639,#17640));
#17637 = ORIENTED_EDGE('',*,*,#17598,.T.);
#17638 = ORIENTED_EDGE('',*,*,#17553,.T.);
#17639 = ORIENTED_EDGE('',*,*,#17567,.T.);
#17640 = ORIENTED_EDGE('',*,*,#17622,.T.);
#17641 = PLANE('',#17642);
#17642 = AXIS2_PLACEMENT_3D('',#17643,#17644,#17645);
#17643 = CARTESIAN_POINT('',(3.4,-24.3,-3.5));
#17644 = DIRECTION('',(-2.710505431214E-16,1.084202172486E-15,-1.));
#17645 = DIRECTION('',(0.,1.,1.084202172486E-15));
#17646 = ADVANCED_FACE('',(#17647),#17662,.F.);
#17647 = FACE_BOUND('',#17648,.T.);
#17648 = EDGE_LOOP('',(#17649,#17650,#17651,#17652,#17653,#17659,#17660,
    #17661));
#17649 = ORIENTED_EDGE('',*,*,#12434,.F.);
#17650 = ORIENTED_EDGE('',*,*,#12402,.T.);
#17651 = ORIENTED_EDGE('',*,*,#14666,.T.);
#17652 = ORIENTED_EDGE('',*,*,#17259,.T.);
#17653 = ORIENTED_EDGE('',*,*,#17654,.T.);
#17654 = EDGE_CURVE('',#17251,#10413,#17655,.T.);
#17655 = LINE('',#17656,#17657);
#17656 = CARTESIAN_POINT('',(2.9,25.5,-2.8));
#17657 = VECTOR('',#17658,1.);
#17658 = DIRECTION('',(-1.,-0.,4.336808689942E-16));
#17659 = ORIENTED_EDGE('',*,*,#10431,.F.);
#17660 = ORIENTED_EDGE('',*,*,#16356,.T.);
#17661 = ORIENTED_EDGE('',*,*,#10455,.T.);
#17662 = PLANE('',#17663);
#17663 = AXIS2_PLACEMENT_3D('',#17664,#17665,#17666);
#17664 = CARTESIAN_POINT('',(2.9,25.5,-1.8));
#17665 = DIRECTION('',(0.,-1.,0.));
#17666 = DIRECTION('',(0.,0.,-1.));
#17667 = ADVANCED_FACE('',(#17668),#17674,.T.);
#17668 = FACE_BOUND('',#17669,.T.);
#17669 = EDGE_LOOP('',(#17670,#17671,#17672,#17673));
#17670 = ORIENTED_EDGE('',*,*,#10412,.F.);
#17671 = ORIENTED_EDGE('',*,*,#17654,.F.);
#17672 = ORIENTED_EDGE('',*,*,#17250,.F.);
#17673 = ORIENTED_EDGE('',*,*,#16363,.F.);
#17674 = CYLINDRICAL_SURFACE('',#17675,0.2);
#17675 = AXIS2_PLACEMENT_3D('',#17676,#17677,#17678);
#17676 = CARTESIAN_POINT('',(2.9,25.3,-2.8));
#17677 = DIRECTION('',(1.,0.,-4.336808689942E-16));
#17678 = DIRECTION('',(-4.336808689942E-16,-0.,-1.));
#17679 = ADVANCED_FACE('',(#17680),#17691,.F.);
#17680 = FACE_BOUND('',#17681,.T.);
#17681 = EDGE_LOOP('',(#17682,#17688,#17689,#17690));
#17682 = ORIENTED_EDGE('',*,*,#17683,.T.);
#17683 = EDGE_CURVE('',#17372,#8133,#17684,.T.);
#17684 = LINE('',#17685,#17686);
#17685 = CARTESIAN_POINT('',(2.9,21.65,-2.55));
#17686 = VECTOR('',#17687,1.);
#17687 = DIRECTION('',(-1.,-0.,4.336808689942E-16));
#17688 = ORIENTED_EDGE('',*,*,#8132,.T.);
#17689 = ORIENTED_EDGE('',*,*,#17137,.T.);
#17690 = ORIENTED_EDGE('',*,*,#17380,.T.);
#17691 = PLANE('',#17692);
#17692 = AXIS2_PLACEMENT_3D('',#17693,#17694,#17695);
#17693 = CARTESIAN_POINT('',(2.9,23.5,-2.55));
#17694 = DIRECTION('',(4.336808689942E-16,-2.115516434118E-16,1.));
#17695 = DIRECTION('',(1.,0.,-4.336808689942E-16));
#17696 = ADVANCED_FACE('',(#17697),#17703,.T.);
#17697 = FACE_BOUND('',#17698,.T.);
#17698 = EDGE_LOOP('',(#17699,#17700,#17701,#17702));
#17699 = ORIENTED_EDGE('',*,*,#8140,.F.);
#17700 = ORIENTED_EDGE('',*,*,#17683,.F.);
#17701 = ORIENTED_EDGE('',*,*,#17371,.F.);
#17702 = ORIENTED_EDGE('',*,*,#8309,.F.);
#17703 = CYLINDRICAL_SURFACE('',#17704,0.2);
#17704 = AXIS2_PLACEMENT_3D('',#17705,#17706,#17707);
#17705 = CARTESIAN_POINT('',(2.9,21.65,-2.35));
#17706 = DIRECTION('',(1.,0.,-4.336808689942E-16));
#17707 = DIRECTION('',(-4.336808689942E-16,-0.,-1.));
#17708 = ADVANCED_FACE('',(#17709),#17715,.T.);
#17709 = FACE_BOUND('',#17710,.T.);
#17710 = EDGE_LOOP('',(#17711,#17712,#17713,#17714));
#17711 = ORIENTED_EDGE('',*,*,#12335,.F.);
#17712 = ORIENTED_EDGE('',*,*,#12269,.F.);
#17713 = ORIENTED_EDGE('',*,*,#17315,.F.);
#17714 = ORIENTED_EDGE('',*,*,#17188,.F.);
#17715 = CYLINDRICAL_SURFACE('',#17716,0.2);
#17716 = AXIS2_PLACEMENT_3D('',#17717,#17718,#17719);
#17717 = CARTESIAN_POINT('',(2.9,-21.65,-2.35));
#17718 = DIRECTION('',(1.,0.,-4.336808689942E-16));
#17719 = DIRECTION('',(-4.336808689942E-16,-0.,-1.));
#17720 = ADVANCED_FACE('',(#17721),#17727,.T.);
#17721 = FACE_BOUND('',#17722,.T.);
#17722 = EDGE_LOOP('',(#17723,#17724,#17725,#17726));
#17723 = ORIENTED_EDGE('',*,*,#11061,.F.);
#17724 = ORIENTED_EDGE('',*,*,#16442,.F.);
#17725 = ORIENTED_EDGE('',*,*,#17275,.F.);
#17726 = ORIENTED_EDGE('',*,*,#17155,.F.);
#17727 = CYLINDRICAL_SURFACE('',#17728,0.2);
#17728 = AXIS2_PLACEMENT_3D('',#17729,#17730,#17731);
#17729 = CARTESIAN_POINT('',(2.9,-25.3,-2.8));
#17730 = DIRECTION('',(1.,0.,-4.336808689942E-16));
#17731 = DIRECTION('',(-4.336808689942E-16,-0.,-1.));
#17732 = ADVANCED_FACE('',(#17733),#17744,.F.);
#17733 = FACE_BOUND('',#17734,.T.);
#17734 = EDGE_LOOP('',(#17735,#17736,#17737,#17743));
#17735 = ORIENTED_EDGE('',*,*,#8270,.F.);
#17736 = ORIENTED_EDGE('',*,*,#8035,.F.);
#17737 = ORIENTED_EDGE('',*,*,#17738,.T.);
#17738 = EDGE_CURVE('',#8027,#17356,#17739,.T.);
#17739 = LINE('',#17740,#17741);
#17740 = CARTESIAN_POINT('',(2.9,21.15,-1.626794919243));
#17741 = VECTOR('',#17742,1.);
#17742 = DIRECTION('',(1.,-0.,-4.336808689942E-16));
#17743 = ORIENTED_EDGE('',*,*,#17355,.T.);
#17744 = PLANE('',#17745);
#17745 = AXIS2_PLACEMENT_3D('',#17746,#17747,#17748);
#17746 = CARTESIAN_POINT('',(2.9,26.02541651246,1.188028116637));
#17747 = DIRECTION('',(3.755786496843E-16,-0.5,0.866025403784));
#17748 = DIRECTION('',(-2.168404344971E-16,-0.866025403784,-0.5));
#17749 = ADVANCED_FACE('',(#17750),#17756,.F.);
#17750 = FACE_BOUND('',#17751,.F.);
#17751 = EDGE_LOOP('',(#17752,#17753,#17754,#17755));
#17752 = ORIENTED_EDGE('',*,*,#17363,.F.);
#17753 = ORIENTED_EDGE('',*,*,#8294,.F.);
#17754 = ORIENTED_EDGE('',*,*,#8024,.T.);
#17755 = ORIENTED_EDGE('',*,*,#17738,.T.);
#17756 = CYLINDRICAL_SURFACE('',#17757,0.2);
#17757 = AXIS2_PLACEMENT_3D('',#17758,#17759,#17760);
#17758 = CARTESIAN_POINT('',(2.9,21.25,-1.8));
#17759 = DIRECTION('',(1.,0.,-4.336808689942E-16));
#17760 = DIRECTION('',(-4.336808689942E-16,-0.,-1.));
#17761 = ADVANCED_FACE('',(#17762),#17768,.T.);
#17762 = FACE_BOUND('',#17763,.T.);
#17763 = EDGE_LOOP('',(#17764,#17765,#17766,#17767));
#17764 = ORIENTED_EDGE('',*,*,#12352,.F.);
#17765 = ORIENTED_EDGE('',*,*,#17179,.T.);
#17766 = ORIENTED_EDGE('',*,*,#17308,.F.);
#17767 = ORIENTED_EDGE('',*,*,#17519,.F.);
#17768 = PLANE('',#17769);
#17769 = AXIS2_PLACEMENT_3D('',#17770,#17771,#17772);
#17770 = CARTESIAN_POINT('',(2.9,13.637323961121,-23.64483382442));
#17771 = DIRECTION('',(-3.755786496843E-16,-0.5,-0.866025403784));
#17772 = DIRECTION('',(-2.168404344971E-16,0.866025403784,-0.5));
#17773 = ADVANCED_FACE('',(#17774),#17790,.F.);
#17774 = FACE_BOUND('',#17775,.T.);
#17775 = EDGE_LOOP('',(#17776,#17777,#17778,#17779,#17785,#17786,#17787,
    #17788,#17789));
#17776 = ORIENTED_EDGE('',*,*,#15926,.F.);
#17777 = ORIENTED_EDGE('',*,*,#11885,.T.);
#17778 = ORIENTED_EDGE('',*,*,#12120,.T.);
#17779 = ORIENTED_EDGE('',*,*,#17780,.F.);
#17780 = EDGE_CURVE('',#17097,#12121,#17781,.T.);
#17781 = LINE('',#17782,#17783);
#17782 = CARTESIAN_POINT('',(2.9,14.474583487541,-22.19465778554));
#17783 = VECTOR('',#17784,1.);
#17784 = DIRECTION('',(-2.168404344971E-16,0.866025403784,-0.5));
#17785 = ORIENTED_EDGE('',*,*,#17104,.F.);
#17786 = ORIENTED_EDGE('',*,*,#12214,.T.);
#17787 = ORIENTED_EDGE('',*,*,#14774,.T.);
#17788 = ORIENTED_EDGE('',*,*,#14745,.T.);
#17789 = ORIENTED_EDGE('',*,*,#14722,.F.);
#17790 = PLANE('',#17791);
#17791 = AXIS2_PLACEMENT_3D('',#17792,#17793,#17794);
#17792 = CARTESIAN_POINT('',(2.9,27.,-0.5));
#17793 = DIRECTION('',(1.,0.,-4.336808689942E-16));
#17794 = DIRECTION('',(-4.336808689942E-16,0.,-1.));
#17795 = ADVANCED_FACE('',(#17796),#17802,.T.);
#17796 = FACE_BOUND('',#17797,.T.);
#17797 = EDGE_LOOP('',(#17798,#17799,#17800,#17801));
#17798 = ORIENTED_EDGE('',*,*,#17780,.T.);
#17799 = ORIENTED_EDGE('',*,*,#12246,.T.);
#17800 = ORIENTED_EDGE('',*,*,#17324,.F.);
#17801 = ORIENTED_EDGE('',*,*,#17096,.F.);
#17802 = PLANE('',#17803);
#17803 = AXIS2_PLACEMENT_3D('',#17804,#17805,#17806);
#17804 = CARTESIAN_POINT('',(2.9,14.474583487541,-22.19465778554));
#17805 = DIRECTION('',(-3.755786496843E-16,-0.5,-0.866025403784));
#17806 = DIRECTION('',(-2.168404344971E-16,0.866025403784,-0.5));
#17807 = ADVANCED_FACE('',(#17808),#17819,.F.);
#17808 = FACE_BOUND('',#17809,.T.);
#17809 = EDGE_LOOP('',(#17810,#17811,#17812,#17818));
#17810 = ORIENTED_EDGE('',*,*,#13586,.T.);
#17811 = ORIENTED_EDGE('',*,*,#14879,.T.);
#17812 = ORIENTED_EDGE('',*,*,#17813,.F.);
#17813 = EDGE_CURVE('',#15912,#14872,#17814,.T.);
#17814 = LINE('',#17815,#17816);
#17815 = CARTESIAN_POINT('',(1.25,-24.5,-4.5));
#17816 = VECTOR('',#17817,1.);
#17817 = DIRECTION('',(0.,0.,1.));
#17818 = ORIENTED_EDGE('',*,*,#15911,.F.);
#17819 = PLANE('',#17820);
#17820 = AXIS2_PLACEMENT_3D('',#17821,#17822,#17823);
#17821 = CARTESIAN_POINT('',(-1.25,-24.5,-4.5));
#17822 = DIRECTION('',(0.,-1.,0.));
#17823 = DIRECTION('',(0.,0.,-1.));
#17824 = ADVANCED_FACE('',(#17825),#17832,.F.);
#17825 = FACE_BOUND('',#17826,.T.);
#17826 = EDGE_LOOP('',(#17827,#17828,#17829,#17830,#17831));
#17827 = ORIENTED_EDGE('',*,*,#17813,.T.);
#17828 = ORIENTED_EDGE('',*,*,#14871,.T.);
#17829 = ORIENTED_EDGE('',*,*,#13609,.F.);
#17830 = ORIENTED_EDGE('',*,*,#12708,.F.);
#17831 = ORIENTED_EDGE('',*,*,#15919,.F.);
#17832 = PLANE('',#17833);
#17833 = AXIS2_PLACEMENT_3D('',#17834,#17835,#17836);
#17834 = CARTESIAN_POINT('',(1.25,24.5,-4.5));
#17835 = DIRECTION('',(1.,0.,0.));
#17836 = DIRECTION('',(0.,0.,-1.));
#17837 = ( GEOMETRIC_REPRESENTATION_CONTEXT(3) 
GLOBAL_UNCERTAINTY_ASSIGNED_CONTEXT((#17841)) 
GLOBAL_UNIT_ASSIGNED_CONTEXT((#17838,#17839,#17840)) 
REPRESENTATION_CONTEXT('Context #1',
  '3D Context with UNIT and UNCERTAINTY') );
#17838 = ( LENGTH_UNIT() NAMED_UNIT(*) SI_UNIT(.MILLI.,.METRE.) );
#17839 = ( NAMED_UNIT(*) PLANE_ANGLE_UNIT() SI_UNIT($,.RADIAN.) );
#17840 = ( NAMED_UNIT(*) SI_UNIT($,.STERADIAN.) SOLID_ANGLE_UNIT() );
#17841 = UNCERTAINTY_MEASURE_WITH_UNIT(LENGTH_MEASURE(1.E-07),#17838,
  'distance_accuracy_value','confusion accuracy');
#17842 = SHAPE_DEFINITION_REPRESENTATION(#17843,#5587);
#17843 = PRODUCT_DEFINITION_SHAPE('','',#17844);
#17844 = PRODUCT_DEFINITION('design','',#17845,#17848);
#17845 = PRODUCT_DEFINITION_FORMATION('','',#17846);
#17846 = PRODUCT('RDC1047A03','RDC1047A03','',(#17847));
#17847 = PRODUCT_CONTEXT('',#2,'mechanical');
#17848 = PRODUCT_DEFINITION_CONTEXT('part definition',#2,'design');
#17849 = CONTEXT_DEPENDENT_SHAPE_REPRESENTATION(#17850,#17852);
#17850 = ( REPRESENTATION_RELATIONSHIP('','',#5587,#5577) 
REPRESENTATION_RELATIONSHIP_WITH_TRANSFORMATION(#17851) 
SHAPE_REPRESENTATION_RELATIONSHIP() );
#17851 = ITEM_DEFINED_TRANSFORMATION('','',#11,#5578);
#17852 = PRODUCT_DEFINITION_SHAPE('Placement','Placement of an item',
  #17853);
#17853 = NEXT_ASSEMBLY_USAGE_OCCURRENCE('269','','',#5572,#17844,$);
#17854 = PRODUCT_RELATED_PRODUCT_CATEGORY('part',$,(#17846));
#17855 = CONTEXT_DEPENDENT_SHAPE_REPRESENTATION(#17856,#17858);
#17856 = ( REPRESENTATION_RELATIONSHIP('','',#5577,#10) 
REPRESENTATION_RELATIONSHIP_WITH_TRANSFORMATION(#17857) 
SHAPE_REPRESENTATION_RELATIONSHIP() );
#17857 = ITEM_DEFINED_TRANSFORMATION('','',#11,#23);
#17858 = PRODUCT_DEFINITION_SHAPE('Placement','Placement of an item',
  #17859);
#17859 = NEXT_ASSEMBLY_USAGE_OCCURRENCE('270','','',#5,#5572,$);
#17860 = PRODUCT_RELATED_PRODUCT_CATEGORY('part',$,(#5574));
#17861 = PRESENTATION_LAYER_ASSIGNMENT('1','visible',(#759));
#17862 = MECHANICAL_DESIGN_GEOMETRIC_PRESENTATION_REPRESENTATION('',(
    #17863),#717);
#17863 = STYLED_ITEM('color',(#17864),#51);
#17864 = PRESENTATION_STYLE_ASSIGNMENT((#17865,#17871));
#17865 = SURFACE_STYLE_USAGE(.BOTH.,#17866);
#17866 = SURFACE_SIDE_STYLE('',(#17867));
#17867 = SURFACE_STYLE_FILL_AREA(#17868);
#17868 = FILL_AREA_STYLE('',(#17869));
#17869 = FILL_AREA_STYLE_COLOUR('',#17870);
#17870 = COLOUR_RGB('',0.,0.501960785193,0.);
#17871 = CURVE_STYLE('',#17872,POSITIVE_LENGTH_MEASURE(0.1),#17870);
#17872 = DRAUGHTING_PRE_DEFINED_CURVE_FONT('continuous');
#17873 = MECHANICAL_DESIGN_GEOMETRIC_PRESENTATION_REPRESENTATION('',(
    #17874),#5546);
#17874 = STYLED_ITEM('color',(#17875),#759);
#17875 = PRESENTATION_STYLE_ASSIGNMENT((#17876));
#17876 = SURFACE_STYLE_USAGE(.BOTH.,#17877);
#17877 = SURFACE_SIDE_STYLE('',(#17878));
#17878 = SURFACE_STYLE_FILL_AREA(#17879);
#17879 = FILL_AREA_STYLE('',(#17880));
#17880 = FILL_AREA_STYLE_COLOUR('',#17881);
#17881 = COLOUR_RGB('',0.596063189551,0.666666687201,0.686259261882);
#17882 = MECHANICAL_DESIGN_GEOMETRIC_PRESENTATION_REPRESENTATION('',(
    #17883,#17891,#17899,#17906,#17913,#17920,#17928,#17935,#17942,
    #17949,#17956,#17964,#17971,#17978,#17985,#17992,#17999,#18006,
    #18013,#18020,#18027,#18034,#18041,#18049,#18056,#18063,#18070,
    #18077,#18084,#18091,#18098,#18105,#18112,#18119,#18126,#18133,
    #18140,#18147,#18154,#18161,#18168,#18175,#18182,#18189,#18196,
    #18203,#18210,#18217,#18224,#18231,#18238,#18245,#18252,#18259,
    #18266,#18273,#18280,#18287,#18294,#18301,#18308,#18315,#18322,
    #18329,#18336,#18343,#18350,#18357,#18364,#18371,#18378,#18385,
    #18392,#18399,#18406,#18413,#18420,#18427,#18434,#18441,#18448,
    #18455,#18462,#18469,#18476,#18483,#18490,#18497,#18504,#18511,
    #18518,#18525,#18532,#18539,#18546,#18553,#18560,#18567,#18574,
    #18581,#18588,#18595,#18602,#18609,#18616,#18623,#18630,#18637,
    #18644,#18651,#18658,#18665,#18672,#18679,#18686,#18693,#18700,
    #18707,#18714,#18721,#18728,#18735,#18742,#18749,#18756,#18763,
    #18770,#18777,#18784,#18791,#18798,#18805,#18812,#18819,#18826,
    #18833,#18840,#18847,#18854,#18861,#18868,#18875,#18882,#18889,
    #18896,#18903,#18910,#18917,#18924,#18931,#18938,#18945,#18952,
    #18959,#18966,#18973,#18980,#18987,#18994,#19001,#19008,#19015,
    #19022,#19029,#19036,#19043,#19050,#19057,#19064,#19071,#19078,
    #19085,#19092,#19099,#19106,#19113,#19120,#19127,#19134,#19141,
    #19148,#19155,#19162,#19169,#19176,#19183,#19190,#19197,#19204,
    #19211,#19218,#19225,#19232,#19239,#19246,#19253,#19260,#19267,
    #19274,#19281,#19288,#19295,#19302,#19309,#19316,#19323,#19330,
    #19337,#19344,#19351,#19358,#19365,#19372,#19379,#19386,#19393,
    #19400,#19407,#19414,#19421,#19428,#19435,#19442,#19449,#19456,
    #19463,#19470,#19477,#19484,#19491,#19498,#19505,#19512,#19519,
    #19526,#19533,#19540,#19547,#19554,#19561,#19568,#19575,#19582,
    #19589,#19596,#19603,#19610,#19617,#19624,#19631,#19638,#19645,
    #19652,#19659,#19666,#19673,#19680,#19687,#19694,#19701,#19708,
    #19715,#19722,#19729,#19736,#19743,#19750,#19757,#19764,#19771,
    #19778,#19785,#19792,#19799,#19806,#19813,#19820,#19827,#19834,
    #19841,#19848,#19855,#19862,#19869,#19876,#19883,#19890,#19897,
    #19904,#19911,#19918,#19925,#19932,#19939,#19946,#19953,#19960,
    #19967,#19974,#19981,#19988,#19995,#20002,#20009,#20016,#20023,
    #20030,#20037,#20044,#20051,#20058,#20065,#20072,#20079,#20086,
    #20093,#20100,#20107,#20114,#20121,#20128,#20135,#20142,#20149,
    #20156,#20163,#20170,#20177,#20184,#20191,#20198,#20205,#20212,
    #20219,#20226,#20233,#20240,#20247,#20254,#20261,#20268,#20275,
    #20282,#20289,#20296,#20303,#20310,#20317,#20324,#20331,#20338,
    #20345,#20352,#20359,#20366,#20373,#20380,#20387,#20394,#20401,
    #20408,#20415,#20422,#20429,#20436,#20443,#20450,#20457,#20464,
    #20471,#20478,#20485,#20492,#20499,#20506,#20513,#20520,#20527,
    #20534,#20541,#20548,#20555),#17837);
#17883 = STYLED_ITEM('color',(#17884),#5588);
#17884 = PRESENTATION_STYLE_ASSIGNMENT((#17885));
#17885 = SURFACE_STYLE_USAGE(.BOTH.,#17886);
#17886 = SURFACE_SIDE_STYLE('',(#17887));
#17887 = SURFACE_STYLE_FILL_AREA(#17888);
#17888 = FILL_AREA_STYLE('',(#17889));
#17889 = FILL_AREA_STYLE_COLOUR('',#17890);
#17890 = COLOUR_RGB('',0.796078417252,0.823529417451,0.933333342953);
#17891 = OVER_RIDING_STYLED_ITEM('overriding color',(#17892),#5590,
  #17883);
#17892 = PRESENTATION_STYLE_ASSIGNMENT((#17893));
#17893 = SURFACE_STYLE_USAGE(.BOTH.,#17894);
#17894 = SURFACE_SIDE_STYLE('',(#17895));
#17895 = SURFACE_STYLE_FILL_AREA(#17896);
#17896 = FILL_AREA_STYLE('',(#17897));
#17897 = FILL_AREA_STYLE_COLOUR('',#17898);
#17898 = COLOUR_RGB('',1.,0.501960785193,0.);
#17899 = OVER_RIDING_STYLED_ITEM('overriding color',(#17900),#5632,
  #17883);
#17900 = PRESENTATION_STYLE_ASSIGNMENT((#17901));
#17901 = SURFACE_STYLE_USAGE(.BOTH.,#17902);
#17902 = SURFACE_SIDE_STYLE('',(#17903));
#17903 = SURFACE_STYLE_FILL_AREA(#17904);
#17904 = FILL_AREA_STYLE('',(#17905));
#17905 = FILL_AREA_STYLE_COLOUR('',#17898);
#17906 = OVER_RIDING_STYLED_ITEM('overriding color',(#17907),#5674,
  #17883);
#17907 = PRESENTATION_STYLE_ASSIGNMENT((#17908));
#17908 = SURFACE_STYLE_USAGE(.BOTH.,#17909);
#17909 = SURFACE_SIDE_STYLE('',(#17910));
#17910 = SURFACE_STYLE_FILL_AREA(#17911);
#17911 = FILL_AREA_STYLE('',(#17912));
#17912 = FILL_AREA_STYLE_COLOUR('',#17898);
#17913 = OVER_RIDING_STYLED_ITEM('overriding color',(#17914),#5716,
  #17883);
#17914 = PRESENTATION_STYLE_ASSIGNMENT((#17915));
#17915 = SURFACE_STYLE_USAGE(.BOTH.,#17916);
#17916 = SURFACE_SIDE_STYLE('',(#17917));
#17917 = SURFACE_STYLE_FILL_AREA(#17918);
#17918 = FILL_AREA_STYLE('',(#17919));
#17919 = FILL_AREA_STYLE_COLOUR('',#17898);
#17920 = OVER_RIDING_STYLED_ITEM('overriding color',(#17921),#5758,
  #17883);
#17921 = PRESENTATION_STYLE_ASSIGNMENT((#17922));
#17922 = SURFACE_STYLE_USAGE(.BOTH.,#17923);
#17923 = SURFACE_SIDE_STYLE('',(#17924));
#17924 = SURFACE_STYLE_FILL_AREA(#17925);
#17925 = FILL_AREA_STYLE('',(#17926));
#17926 = FILL_AREA_STYLE_COLOUR('',#17927);
#17927 = DRAUGHTING_PRE_DEFINED_COLOUR('magenta');
#17928 = OVER_RIDING_STYLED_ITEM('overriding color',(#17929),#5800,
  #17883);
#17929 = PRESENTATION_STYLE_ASSIGNMENT((#17930));
#17930 = SURFACE_STYLE_USAGE(.BOTH.,#17931);
#17931 = SURFACE_SIDE_STYLE('',(#17932));
#17932 = SURFACE_STYLE_FILL_AREA(#17933);
#17933 = FILL_AREA_STYLE('',(#17934));
#17934 = FILL_AREA_STYLE_COLOUR('',#17898);
#17935 = OVER_RIDING_STYLED_ITEM('overriding color',(#17936),#5842,
  #17883);
#17936 = PRESENTATION_STYLE_ASSIGNMENT((#17937));
#17937 = SURFACE_STYLE_USAGE(.BOTH.,#17938);
#17938 = SURFACE_SIDE_STYLE('',(#17939));
#17939 = SURFACE_STYLE_FILL_AREA(#17940);
#17940 = FILL_AREA_STYLE('',(#17941));
#17941 = FILL_AREA_STYLE_COLOUR('',#17898);
#17942 = OVER_RIDING_STYLED_ITEM('overriding color',(#17943),#5884,
  #17883);
#17943 = PRESENTATION_STYLE_ASSIGNMENT((#17944));
#17944 = SURFACE_STYLE_USAGE(.BOTH.,#17945);
#17945 = SURFACE_SIDE_STYLE('',(#17946));
#17946 = SURFACE_STYLE_FILL_AREA(#17947);
#17947 = FILL_AREA_STYLE('',(#17948));
#17948 = FILL_AREA_STYLE_COLOUR('',#17898);
#17949 = OVER_RIDING_STYLED_ITEM('overriding color',(#17950),#5926,
  #17883);
#17950 = PRESENTATION_STYLE_ASSIGNMENT((#17951));
#17951 = SURFACE_STYLE_USAGE(.BOTH.,#17952);
#17952 = SURFACE_SIDE_STYLE('',(#17953));
#17953 = SURFACE_STYLE_FILL_AREA(#17954);
#17954 = FILL_AREA_STYLE('',(#17955));
#17955 = FILL_AREA_STYLE_COLOUR('',#17898);
#17956 = OVER_RIDING_STYLED_ITEM('overriding color',(#17957),#5968,
  #17883);
#17957 = PRESENTATION_STYLE_ASSIGNMENT((#17958));
#17958 = SURFACE_STYLE_USAGE(.BOTH.,#17959);
#17959 = SURFACE_SIDE_STYLE('',(#17960));
#17960 = SURFACE_STYLE_FILL_AREA(#17961);
#17961 = FILL_AREA_STYLE('',(#17962));
#17962 = FILL_AREA_STYLE_COLOUR('',#17963);
#17963 = DRAUGHTING_PRE_DEFINED_COLOUR('white');
#17964 = OVER_RIDING_STYLED_ITEM('overriding color',(#17965),#6010,
  #17883);
#17965 = PRESENTATION_STYLE_ASSIGNMENT((#17966));
#17966 = SURFACE_STYLE_USAGE(.BOTH.,#17967);
#17967 = SURFACE_SIDE_STYLE('',(#17968));
#17968 = SURFACE_STYLE_FILL_AREA(#17969);
#17969 = FILL_AREA_STYLE('',(#17970));
#17970 = FILL_AREA_STYLE_COLOUR('',#17963);
#17971 = OVER_RIDING_STYLED_ITEM('overriding color',(#17972),#6052,
  #17883);
#17972 = PRESENTATION_STYLE_ASSIGNMENT((#17973));
#17973 = SURFACE_STYLE_USAGE(.BOTH.,#17974);
#17974 = SURFACE_SIDE_STYLE('',(#17975));
#17975 = SURFACE_STYLE_FILL_AREA(#17976);
#17976 = FILL_AREA_STYLE('',(#17977));
#17977 = FILL_AREA_STYLE_COLOUR('',#17963);
#17978 = OVER_RIDING_STYLED_ITEM('overriding color',(#17979),#6094,
  #17883);
#17979 = PRESENTATION_STYLE_ASSIGNMENT((#17980));
#17980 = SURFACE_STYLE_USAGE(.BOTH.,#17981);
#17981 = SURFACE_SIDE_STYLE('',(#17982));
#17982 = SURFACE_STYLE_FILL_AREA(#17983);
#17983 = FILL_AREA_STYLE('',(#17984));
#17984 = FILL_AREA_STYLE_COLOUR('',#17963);
#17985 = OVER_RIDING_STYLED_ITEM('overriding color',(#17986),#6136,
  #17883);
#17986 = PRESENTATION_STYLE_ASSIGNMENT((#17987));
#17987 = SURFACE_STYLE_USAGE(.BOTH.,#17988);
#17988 = SURFACE_SIDE_STYLE('',(#17989));
#17989 = SURFACE_STYLE_FILL_AREA(#17990);
#17990 = FILL_AREA_STYLE('',(#17991));
#17991 = FILL_AREA_STYLE_COLOUR('',#17963);
#17992 = OVER_RIDING_STYLED_ITEM('overriding color',(#17993),#6178,
  #17883);
#17993 = PRESENTATION_STYLE_ASSIGNMENT((#17994));
#17994 = SURFACE_STYLE_USAGE(.BOTH.,#17995);
#17995 = SURFACE_SIDE_STYLE('',(#17996));
#17996 = SURFACE_STYLE_FILL_AREA(#17997);
#17997 = FILL_AREA_STYLE('',(#17998));
#17998 = FILL_AREA_STYLE_COLOUR('',#17963);
#17999 = OVER_RIDING_STYLED_ITEM('overriding color',(#18000),#6220,
  #17883);
#18000 = PRESENTATION_STYLE_ASSIGNMENT((#18001));
#18001 = SURFACE_STYLE_USAGE(.BOTH.,#18002);
#18002 = SURFACE_SIDE_STYLE('',(#18003));
#18003 = SURFACE_STYLE_FILL_AREA(#18004);
#18004 = FILL_AREA_STYLE('',(#18005));
#18005 = FILL_AREA_STYLE_COLOUR('',#17927);
#18006 = OVER_RIDING_STYLED_ITEM('overriding color',(#18007),#6262,
  #17883);
#18007 = PRESENTATION_STYLE_ASSIGNMENT((#18008));
#18008 = SURFACE_STYLE_USAGE(.BOTH.,#18009);
#18009 = SURFACE_SIDE_STYLE('',(#18010));
#18010 = SURFACE_STYLE_FILL_AREA(#18011);
#18011 = FILL_AREA_STYLE('',(#18012));
#18012 = FILL_AREA_STYLE_COLOUR('',#17963);
#18013 = OVER_RIDING_STYLED_ITEM('overriding color',(#18014),#6304,
  #17883);
#18014 = PRESENTATION_STYLE_ASSIGNMENT((#18015));
#18015 = SURFACE_STYLE_USAGE(.BOTH.,#18016);
#18016 = SURFACE_SIDE_STYLE('',(#18017));
#18017 = SURFACE_STYLE_FILL_AREA(#18018);
#18018 = FILL_AREA_STYLE('',(#18019));
#18019 = FILL_AREA_STYLE_COLOUR('',#17963);
#18020 = OVER_RIDING_STYLED_ITEM('overriding color',(#18021),#6346,
  #17883);
#18021 = PRESENTATION_STYLE_ASSIGNMENT((#18022));
#18022 = SURFACE_STYLE_USAGE(.BOTH.,#18023);
#18023 = SURFACE_SIDE_STYLE('',(#18024));
#18024 = SURFACE_STYLE_FILL_AREA(#18025);
#18025 = FILL_AREA_STYLE('',(#18026));
#18026 = FILL_AREA_STYLE_COLOUR('',#17927);
#18027 = OVER_RIDING_STYLED_ITEM('overriding color',(#18028),#6378,
  #17883);
#18028 = PRESENTATION_STYLE_ASSIGNMENT((#18029));
#18029 = SURFACE_STYLE_USAGE(.BOTH.,#18030);
#18030 = SURFACE_SIDE_STYLE('',(#18031));
#18031 = SURFACE_STYLE_FILL_AREA(#18032);
#18032 = FILL_AREA_STYLE('',(#18033));
#18033 = FILL_AREA_STYLE_COLOUR('',#17927);
#18034 = OVER_RIDING_STYLED_ITEM('overriding color',(#18035),#6394,
  #17883);
#18035 = PRESENTATION_STYLE_ASSIGNMENT((#18036));
#18036 = SURFACE_STYLE_USAGE(.BOTH.,#18037);
#18037 = SURFACE_SIDE_STYLE('',(#18038));
#18038 = SURFACE_STYLE_FILL_AREA(#18039);
#18039 = FILL_AREA_STYLE('',(#18040));
#18040 = FILL_AREA_STYLE_COLOUR('',#17963);
#18041 = OVER_RIDING_STYLED_ITEM('overriding color',(#18042),#6434,
  #17883);
#18042 = PRESENTATION_STYLE_ASSIGNMENT((#18043));
#18043 = SURFACE_STYLE_USAGE(.BOTH.,#18044);
#18044 = SURFACE_SIDE_STYLE('',(#18045));
#18045 = SURFACE_STYLE_FILL_AREA(#18046);
#18046 = FILL_AREA_STYLE('',(#18047));
#18047 = FILL_AREA_STYLE_COLOUR('',#18048);
#18048 = DRAUGHTING_PRE_DEFINED_COLOUR('blue');
#18049 = OVER_RIDING_STYLED_ITEM('overriding color',(#18050),#6450,
  #17883);
#18050 = PRESENTATION_STYLE_ASSIGNMENT((#18051));
#18051 = SURFACE_STYLE_USAGE(.BOTH.,#18052);
#18052 = SURFACE_SIDE_STYLE('',(#18053));
#18053 = SURFACE_STYLE_FILL_AREA(#18054);
#18054 = FILL_AREA_STYLE('',(#18055));
#18055 = FILL_AREA_STYLE_COLOUR('',#17927);
#18056 = OVER_RIDING_STYLED_ITEM('overriding color',(#18057),#6468,
  #17883);
#18057 = PRESENTATION_STYLE_ASSIGNMENT((#18058));
#18058 = SURFACE_STYLE_USAGE(.BOTH.,#18059);
#18059 = SURFACE_SIDE_STYLE('',(#18060));
#18060 = SURFACE_STYLE_FILL_AREA(#18061);
#18061 = FILL_AREA_STYLE('',(#18062));
#18062 = FILL_AREA_STYLE_COLOUR('',#18048);
#18063 = OVER_RIDING_STYLED_ITEM('overriding color',(#18064),#6484,
  #17883);
#18064 = PRESENTATION_STYLE_ASSIGNMENT((#18065));
#18065 = SURFACE_STYLE_USAGE(.BOTH.,#18066);
#18066 = SURFACE_SIDE_STYLE('',(#18067));
#18067 = SURFACE_STYLE_FILL_AREA(#18068);
#18068 = FILL_AREA_STYLE('',(#18069));
#18069 = FILL_AREA_STYLE_COLOUR('',#17963);
#18070 = OVER_RIDING_STYLED_ITEM('overriding color',(#18071),#6524,
  #17883);
#18071 = PRESENTATION_STYLE_ASSIGNMENT((#18072));
#18072 = SURFACE_STYLE_USAGE(.BOTH.,#18073);
#18073 = SURFACE_SIDE_STYLE('',(#18074));
#18074 = SURFACE_STYLE_FILL_AREA(#18075);
#18075 = FILL_AREA_STYLE('',(#18076));
#18076 = FILL_AREA_STYLE_COLOUR('',#17963);
#18077 = OVER_RIDING_STYLED_ITEM('overriding color',(#18078),#6549,
  #17883);
#18078 = PRESENTATION_STYLE_ASSIGNMENT((#18079));
#18079 = SURFACE_STYLE_USAGE(.BOTH.,#18080);
#18080 = SURFACE_SIDE_STYLE('',(#18081));
#18081 = SURFACE_STYLE_FILL_AREA(#18082);
#18082 = FILL_AREA_STYLE('',(#18083));
#18083 = FILL_AREA_STYLE_COLOUR('',#17963);
#18084 = OVER_RIDING_STYLED_ITEM('overriding color',(#18085),#6591,
  #17883);
#18085 = PRESENTATION_STYLE_ASSIGNMENT((#18086));
#18086 = SURFACE_STYLE_USAGE(.BOTH.,#18087);
#18087 = SURFACE_SIDE_STYLE('',(#18088));
#18088 = SURFACE_STYLE_FILL_AREA(#18089);
#18089 = FILL_AREA_STYLE('',(#18090));
#18090 = FILL_AREA_STYLE_COLOUR('',#17963);
#18091 = OVER_RIDING_STYLED_ITEM('overriding color',(#18092),#6624,
  #17883);
#18092 = PRESENTATION_STYLE_ASSIGNMENT((#18093));
#18093 = SURFACE_STYLE_USAGE(.BOTH.,#18094);
#18094 = SURFACE_SIDE_STYLE('',(#18095));
#18095 = SURFACE_STYLE_FILL_AREA(#18096);
#18096 = FILL_AREA_STYLE('',(#18097));
#18097 = FILL_AREA_STYLE_COLOUR('',#17963);
#18098 = OVER_RIDING_STYLED_ITEM('overriding color',(#18099),#6641,
  #17883);
#18099 = PRESENTATION_STYLE_ASSIGNMENT((#18100));
#18100 = SURFACE_STYLE_USAGE(.BOTH.,#18101);
#18101 = SURFACE_SIDE_STYLE('',(#18102));
#18102 = SURFACE_STYLE_FILL_AREA(#18103);
#18103 = FILL_AREA_STYLE('',(#18104));
#18104 = FILL_AREA_STYLE_COLOUR('',#17963);
#18105 = OVER_RIDING_STYLED_ITEM('overriding color',(#18106),#6659,
  #17883);
#18106 = PRESENTATION_STYLE_ASSIGNMENT((#18107));
#18107 = SURFACE_STYLE_USAGE(.BOTH.,#18108);
#18108 = SURFACE_SIDE_STYLE('',(#18109));
#18109 = SURFACE_STYLE_FILL_AREA(#18110);
#18110 = FILL_AREA_STYLE('',(#18111));
#18111 = FILL_AREA_STYLE_COLOUR('',#17963);
#18112 = OVER_RIDING_STYLED_ITEM('overriding color',(#18113),#6699,
  #17883);
#18113 = PRESENTATION_STYLE_ASSIGNMENT((#18114));
#18114 = SURFACE_STYLE_USAGE(.BOTH.,#18115);
#18115 = SURFACE_SIDE_STYLE('',(#18116));
#18116 = SURFACE_STYLE_FILL_AREA(#18117);
#18117 = FILL_AREA_STYLE('',(#18118));
#18118 = FILL_AREA_STYLE_COLOUR('',#18048);
#18119 = OVER_RIDING_STYLED_ITEM('overriding color',(#18120),#6715,
  #17883);
#18120 = PRESENTATION_STYLE_ASSIGNMENT((#18121));
#18121 = SURFACE_STYLE_USAGE(.BOTH.,#18122);
#18122 = SURFACE_SIDE_STYLE('',(#18123));
#18123 = SURFACE_STYLE_FILL_AREA(#18124);
#18124 = FILL_AREA_STYLE('',(#18125));
#18125 = FILL_AREA_STYLE_COLOUR('',#17927);
#18126 = OVER_RIDING_STYLED_ITEM('overriding color',(#18127),#6733,
  #17883);
#18127 = PRESENTATION_STYLE_ASSIGNMENT((#18128));
#18128 = SURFACE_STYLE_USAGE(.BOTH.,#18129);
#18129 = SURFACE_SIDE_STYLE('',(#18130));
#18130 = SURFACE_STYLE_FILL_AREA(#18131);
#18131 = FILL_AREA_STYLE('',(#18132));
#18132 = FILL_AREA_STYLE_COLOUR('',#17963);
#18133 = OVER_RIDING_STYLED_ITEM('overriding color',(#18134),#6758,
  #17883);
#18134 = PRESENTATION_STYLE_ASSIGNMENT((#18135));
#18135 = SURFACE_STYLE_USAGE(.BOTH.,#18136);
#18136 = SURFACE_SIDE_STYLE('',(#18137));
#18137 = SURFACE_STYLE_FILL_AREA(#18138);
#18138 = FILL_AREA_STYLE('',(#18139));
#18139 = FILL_AREA_STYLE_COLOUR('',#17963);
#18140 = OVER_RIDING_STYLED_ITEM('overriding color',(#18141),#6816,
  #17883);
#18141 = PRESENTATION_STYLE_ASSIGNMENT((#18142));
#18142 = SURFACE_STYLE_USAGE(.BOTH.,#18143);
#18143 = SURFACE_SIDE_STYLE('',(#18144));
#18144 = SURFACE_STYLE_FILL_AREA(#18145);
#18145 = FILL_AREA_STYLE('',(#18146));
#18146 = FILL_AREA_STYLE_COLOUR('',#17963);
#18147 = OVER_RIDING_STYLED_ITEM('overriding color',(#18148),#6834,
  #17883);
#18148 = PRESENTATION_STYLE_ASSIGNMENT((#18149));
#18149 = SURFACE_STYLE_USAGE(.BOTH.,#18150);
#18150 = SURFACE_SIDE_STYLE('',(#18151));
#18151 = SURFACE_STYLE_FILL_AREA(#18152);
#18152 = FILL_AREA_STYLE('',(#18153));
#18153 = FILL_AREA_STYLE_COLOUR('',#17963);
#18154 = OVER_RIDING_STYLED_ITEM('overriding color',(#18155),#6857,
  #17883);
#18155 = PRESENTATION_STYLE_ASSIGNMENT((#18156));
#18156 = SURFACE_STYLE_USAGE(.BOTH.,#18157);
#18157 = SURFACE_SIDE_STYLE('',(#18158));
#18158 = SURFACE_STYLE_FILL_AREA(#18159);
#18159 = FILL_AREA_STYLE('',(#18160));
#18160 = FILL_AREA_STYLE_COLOUR('',#17963);
#18161 = OVER_RIDING_STYLED_ITEM('overriding color',(#18162),#6884,
  #17883);
#18162 = PRESENTATION_STYLE_ASSIGNMENT((#18163));
#18163 = SURFACE_STYLE_USAGE(.BOTH.,#18164);
#18164 = SURFACE_SIDE_STYLE('',(#18165));
#18165 = SURFACE_STYLE_FILL_AREA(#18166);
#18166 = FILL_AREA_STYLE('',(#18167));
#18167 = FILL_AREA_STYLE_COLOUR('',#17963);
#18168 = OVER_RIDING_STYLED_ITEM('overriding color',(#18169),#6902,
  #17883);
#18169 = PRESENTATION_STYLE_ASSIGNMENT((#18170));
#18170 = SURFACE_STYLE_USAGE(.BOTH.,#18171);
#18171 = SURFACE_SIDE_STYLE('',(#18172));
#18172 = SURFACE_STYLE_FILL_AREA(#18173);
#18173 = FILL_AREA_STYLE('',(#18174));
#18174 = FILL_AREA_STYLE_COLOUR('',#17963);
#18175 = OVER_RIDING_STYLED_ITEM('overriding color',(#18176),#7004,
  #17883);
#18176 = PRESENTATION_STYLE_ASSIGNMENT((#18177));
#18177 = SURFACE_STYLE_USAGE(.BOTH.,#18178);
#18178 = SURFACE_SIDE_STYLE('',(#18179));
#18179 = SURFACE_STYLE_FILL_AREA(#18180);
#18180 = FILL_AREA_STYLE('',(#18181));
#18181 = FILL_AREA_STYLE_COLOUR('',#17963);
#18182 = OVER_RIDING_STYLED_ITEM('overriding color',(#18183),#7029,
  #17883);
#18183 = PRESENTATION_STYLE_ASSIGNMENT((#18184));
#18184 = SURFACE_STYLE_USAGE(.BOTH.,#18185);
#18185 = SURFACE_SIDE_STYLE('',(#18186));
#18186 = SURFACE_STYLE_FILL_AREA(#18187);
#18187 = FILL_AREA_STYLE('',(#18188));
#18188 = FILL_AREA_STYLE_COLOUR('',#17963);
#18189 = OVER_RIDING_STYLED_ITEM('overriding color',(#18190),#7071,
  #17883);
#18190 = PRESENTATION_STYLE_ASSIGNMENT((#18191));
#18191 = SURFACE_STYLE_USAGE(.BOTH.,#18192);
#18192 = SURFACE_SIDE_STYLE('',(#18193));
#18193 = SURFACE_STYLE_FILL_AREA(#18194);
#18194 = FILL_AREA_STYLE('',(#18195));
#18195 = FILL_AREA_STYLE_COLOUR('',#17963);
#18196 = OVER_RIDING_STYLED_ITEM('overriding color',(#18197),#7129,
  #17883);
#18197 = PRESENTATION_STYLE_ASSIGNMENT((#18198));
#18198 = SURFACE_STYLE_USAGE(.BOTH.,#18199);
#18199 = SURFACE_SIDE_STYLE('',(#18200));
#18200 = SURFACE_STYLE_FILL_AREA(#18201);
#18201 = FILL_AREA_STYLE('',(#18202));
#18202 = FILL_AREA_STYLE_COLOUR('',#17963);
#18203 = OVER_RIDING_STYLED_ITEM('overriding color',(#18204),#7146,
  #17883);
#18204 = PRESENTATION_STYLE_ASSIGNMENT((#18205));
#18205 = SURFACE_STYLE_USAGE(.BOTH.,#18206);
#18206 = SURFACE_SIDE_STYLE('',(#18207));
#18207 = SURFACE_STYLE_FILL_AREA(#18208);
#18208 = FILL_AREA_STYLE('',(#18209));
#18209 = FILL_AREA_STYLE_COLOUR('',#17963);
#18210 = OVER_RIDING_STYLED_ITEM('overriding color',(#18211),#7164,
  #17883);
#18211 = PRESENTATION_STYLE_ASSIGNMENT((#18212));
#18212 = SURFACE_STYLE_USAGE(.BOTH.,#18213);
#18213 = SURFACE_SIDE_STYLE('',(#18214));
#18214 = SURFACE_STYLE_FILL_AREA(#18215);
#18215 = FILL_AREA_STYLE('',(#18216));
#18216 = FILL_AREA_STYLE_COLOUR('',#17963);
#18217 = OVER_RIDING_STYLED_ITEM('overriding color',(#18218),#7212,
  #17883);
#18218 = PRESENTATION_STYLE_ASSIGNMENT((#18219));
#18219 = SURFACE_STYLE_USAGE(.BOTH.,#18220);
#18220 = SURFACE_SIDE_STYLE('',(#18221));
#18221 = SURFACE_STYLE_FILL_AREA(#18222);
#18222 = FILL_AREA_STYLE('',(#18223));
#18223 = FILL_AREA_STYLE_COLOUR('',#17963);
#18224 = OVER_RIDING_STYLED_ITEM('overriding color',(#18225),#7243,
  #17883);
#18225 = PRESENTATION_STYLE_ASSIGNMENT((#18226));
#18226 = SURFACE_STYLE_USAGE(.BOTH.,#18227);
#18227 = SURFACE_SIDE_STYLE('',(#18228));
#18228 = SURFACE_STYLE_FILL_AREA(#18229);
#18229 = FILL_AREA_STYLE('',(#18230));
#18230 = FILL_AREA_STYLE_COLOUR('',#17963);
#18231 = OVER_RIDING_STYLED_ITEM('overriding color',(#18232),#7274,
  #17883);
#18232 = PRESENTATION_STYLE_ASSIGNMENT((#18233));
#18233 = SURFACE_STYLE_USAGE(.BOTH.,#18234);
#18234 = SURFACE_SIDE_STYLE('',(#18235));
#18235 = SURFACE_STYLE_FILL_AREA(#18236);
#18236 = FILL_AREA_STYLE('',(#18237));
#18237 = FILL_AREA_STYLE_COLOUR('',#17963);
#18238 = OVER_RIDING_STYLED_ITEM('overriding color',(#18239),#7306,
  #17883);
#18239 = PRESENTATION_STYLE_ASSIGNMENT((#18240));
#18240 = SURFACE_STYLE_USAGE(.BOTH.,#18241);
#18241 = SURFACE_SIDE_STYLE('',(#18242));
#18242 = SURFACE_STYLE_FILL_AREA(#18243);
#18243 = FILL_AREA_STYLE('',(#18244));
#18244 = FILL_AREA_STYLE_COLOUR('',#17963);
#18245 = OVER_RIDING_STYLED_ITEM('overriding color',(#18246),#7330,
  #17883);
#18246 = PRESENTATION_STYLE_ASSIGNMENT((#18247));
#18247 = SURFACE_STYLE_USAGE(.BOTH.,#18248);
#18248 = SURFACE_SIDE_STYLE('',(#18249));
#18249 = SURFACE_STYLE_FILL_AREA(#18250);
#18250 = FILL_AREA_STYLE('',(#18251));
#18251 = FILL_AREA_STYLE_COLOUR('',#17963);
#18252 = OVER_RIDING_STYLED_ITEM('overriding color',(#18253),#7370,
  #17883);
#18253 = PRESENTATION_STYLE_ASSIGNMENT((#18254));
#18254 = SURFACE_STYLE_USAGE(.BOTH.,#18255);
#18255 = SURFACE_SIDE_STYLE('',(#18256));
#18256 = SURFACE_STYLE_FILL_AREA(#18257);
#18257 = FILL_AREA_STYLE('',(#18258));
#18258 = FILL_AREA_STYLE_COLOUR('',#17963);
#18259 = OVER_RIDING_STYLED_ITEM('overriding color',(#18260),#7402,
  #17883);
#18260 = PRESENTATION_STYLE_ASSIGNMENT((#18261));
#18261 = SURFACE_STYLE_USAGE(.BOTH.,#18262);
#18262 = SURFACE_SIDE_STYLE('',(#18263));
#18263 = SURFACE_STYLE_FILL_AREA(#18264);
#18264 = FILL_AREA_STYLE('',(#18265));
#18265 = FILL_AREA_STYLE_COLOUR('',#17963);
#18266 = OVER_RIDING_STYLED_ITEM('overriding color',(#18267),#7426,
  #17883);
#18267 = PRESENTATION_STYLE_ASSIGNMENT((#18268));
#18268 = SURFACE_STYLE_USAGE(.BOTH.,#18269);
#18269 = SURFACE_SIDE_STYLE('',(#18270));
#18270 = SURFACE_STYLE_FILL_AREA(#18271);
#18271 = FILL_AREA_STYLE('',(#18272));
#18272 = FILL_AREA_STYLE_COLOUR('',#17963);
#18273 = OVER_RIDING_STYLED_ITEM('overriding color',(#18274),#7465,
  #17883);
#18274 = PRESENTATION_STYLE_ASSIGNMENT((#18275));
#18275 = SURFACE_STYLE_USAGE(.BOTH.,#18276);
#18276 = SURFACE_SIDE_STYLE('',(#18277));
#18277 = SURFACE_STYLE_FILL_AREA(#18278);
#18278 = FILL_AREA_STYLE('',(#18279));
#18279 = FILL_AREA_STYLE_COLOUR('',#17927);
#18280 = OVER_RIDING_STYLED_ITEM('overriding color',(#18281),#7485,
  #17883);
#18281 = PRESENTATION_STYLE_ASSIGNMENT((#18282));
#18282 = SURFACE_STYLE_USAGE(.BOTH.,#18283);
#18283 = SURFACE_SIDE_STYLE('',(#18284));
#18284 = SURFACE_STYLE_FILL_AREA(#18285);
#18285 = FILL_AREA_STYLE('',(#18286));
#18286 = FILL_AREA_STYLE_COLOUR('',#17963);
#18287 = OVER_RIDING_STYLED_ITEM('overriding color',(#18288),#7516,
  #17883);
#18288 = PRESENTATION_STYLE_ASSIGNMENT((#18289));
#18289 = SURFACE_STYLE_USAGE(.BOTH.,#18290);
#18290 = SURFACE_SIDE_STYLE('',(#18291));
#18291 = SURFACE_STYLE_FILL_AREA(#18292);
#18292 = FILL_AREA_STYLE('',(#18293));
#18293 = FILL_AREA_STYLE_COLOUR('',#17963);
#18294 = OVER_RIDING_STYLED_ITEM('overriding color',(#18295),#7534,
  #17883);
#18295 = PRESENTATION_STYLE_ASSIGNMENT((#18296));
#18296 = SURFACE_STYLE_USAGE(.BOTH.,#18297);
#18297 = SURFACE_SIDE_STYLE('',(#18298));
#18298 = SURFACE_STYLE_FILL_AREA(#18299);
#18299 = FILL_AREA_STYLE('',(#18300));
#18300 = FILL_AREA_STYLE_COLOUR('',#17963);
#18301 = OVER_RIDING_STYLED_ITEM('overriding color',(#18302),#7589,
  #17883);
#18302 = PRESENTATION_STYLE_ASSIGNMENT((#18303));
#18303 = SURFACE_STYLE_USAGE(.BOTH.,#18304);
#18304 = SURFACE_SIDE_STYLE('',(#18305));
#18305 = SURFACE_STYLE_FILL_AREA(#18306);
#18306 = FILL_AREA_STYLE('',(#18307));
#18307 = FILL_AREA_STYLE_COLOUR('',#17963);
#18308 = OVER_RIDING_STYLED_ITEM('overriding color',(#18309),#7620,
  #17883);
#18309 = PRESENTATION_STYLE_ASSIGNMENT((#18310));
#18310 = SURFACE_STYLE_USAGE(.BOTH.,#18311);
#18311 = SURFACE_SIDE_STYLE('',(#18312));
#18312 = SURFACE_STYLE_FILL_AREA(#18313);
#18313 = FILL_AREA_STYLE('',(#18314));
#18314 = FILL_AREA_STYLE_COLOUR('',#17963);
#18315 = OVER_RIDING_STYLED_ITEM('overriding color',(#18316),#7637,
  #17883);
#18316 = PRESENTATION_STYLE_ASSIGNMENT((#18317));
#18317 = SURFACE_STYLE_USAGE(.BOTH.,#18318);
#18318 = SURFACE_SIDE_STYLE('',(#18319));
#18319 = SURFACE_STYLE_FILL_AREA(#18320);
#18320 = FILL_AREA_STYLE('',(#18321));
#18321 = FILL_AREA_STYLE_COLOUR('',#17963);
#18322 = OVER_RIDING_STYLED_ITEM('overriding color',(#18323),#7661,
  #17883);
#18323 = PRESENTATION_STYLE_ASSIGNMENT((#18324));
#18324 = SURFACE_STYLE_USAGE(.BOTH.,#18325);
#18325 = SURFACE_SIDE_STYLE('',(#18326));
#18326 = SURFACE_STYLE_FILL_AREA(#18327);
#18327 = FILL_AREA_STYLE('',(#18328));
#18328 = FILL_AREA_STYLE_COLOUR('',#17963);
#18329 = OVER_RIDING_STYLED_ITEM('overriding color',(#18330),#7685,
  #17883);
#18330 = PRESENTATION_STYLE_ASSIGNMENT((#18331));
#18331 = SURFACE_STYLE_USAGE(.BOTH.,#18332);
#18332 = SURFACE_SIDE_STYLE('',(#18333));
#18333 = SURFACE_STYLE_FILL_AREA(#18334);
#18334 = FILL_AREA_STYLE('',(#18335));
#18335 = FILL_AREA_STYLE_COLOUR('',#17963);
#18336 = OVER_RIDING_STYLED_ITEM('overriding color',(#18337),#7703,
  #17883);
#18337 = PRESENTATION_STYLE_ASSIGNMENT((#18338));
#18338 = SURFACE_STYLE_USAGE(.BOTH.,#18339);
#18339 = SURFACE_SIDE_STYLE('',(#18340));
#18340 = SURFACE_STYLE_FILL_AREA(#18341);
#18341 = FILL_AREA_STYLE('',(#18342));
#18342 = FILL_AREA_STYLE_COLOUR('',#17963);
#18343 = OVER_RIDING_STYLED_ITEM('overriding color',(#18344),#7720,
  #17883);
#18344 = PRESENTATION_STYLE_ASSIGNMENT((#18345));
#18345 = SURFACE_STYLE_USAGE(.BOTH.,#18346);
#18346 = SURFACE_SIDE_STYLE('',(#18347));
#18347 = SURFACE_STYLE_FILL_AREA(#18348);
#18348 = FILL_AREA_STYLE('',(#18349));
#18349 = FILL_AREA_STYLE_COLOUR('',#17963);
#18350 = OVER_RIDING_STYLED_ITEM('overriding color',(#18351),#7745,
  #17883);
#18351 = PRESENTATION_STYLE_ASSIGNMENT((#18352));
#18352 = SURFACE_STYLE_USAGE(.BOTH.,#18353);
#18353 = SURFACE_SIDE_STYLE('',(#18354));
#18354 = SURFACE_STYLE_FILL_AREA(#18355);
#18355 = FILL_AREA_STYLE('',(#18356));
#18356 = FILL_AREA_STYLE_COLOUR('',#17963);
#18357 = OVER_RIDING_STYLED_ITEM('overriding color',(#18358),#7769,
  #17883);
#18358 = PRESENTATION_STYLE_ASSIGNMENT((#18359));
#18359 = SURFACE_STYLE_USAGE(.BOTH.,#18360);
#18360 = SURFACE_SIDE_STYLE('',(#18361));
#18361 = SURFACE_STYLE_FILL_AREA(#18362);
#18362 = FILL_AREA_STYLE('',(#18363));
#18363 = FILL_AREA_STYLE_COLOUR('',#17963);
#18364 = OVER_RIDING_STYLED_ITEM('overriding color',(#18365),#7786,
  #17883);
#18365 = PRESENTATION_STYLE_ASSIGNMENT((#18366));
#18366 = SURFACE_STYLE_USAGE(.BOTH.,#18367);
#18367 = SURFACE_SIDE_STYLE('',(#18368));
#18368 = SURFACE_STYLE_FILL_AREA(#18369);
#18369 = FILL_AREA_STYLE('',(#18370));
#18370 = FILL_AREA_STYLE_COLOUR('',#17963);
#18371 = OVER_RIDING_STYLED_ITEM('overriding color',(#18372),#7817,
  #17883);
#18372 = PRESENTATION_STYLE_ASSIGNMENT((#18373));
#18373 = SURFACE_STYLE_USAGE(.BOTH.,#18374);
#18374 = SURFACE_SIDE_STYLE('',(#18375));
#18375 = SURFACE_STYLE_FILL_AREA(#18376);
#18376 = FILL_AREA_STYLE('',(#18377));
#18377 = FILL_AREA_STYLE_COLOUR('',#17963);
#18378 = OVER_RIDING_STYLED_ITEM('overriding color',(#18379),#7848,
  #17883);
#18379 = PRESENTATION_STYLE_ASSIGNMENT((#18380));
#18380 = SURFACE_STYLE_USAGE(.BOTH.,#18381);
#18381 = SURFACE_SIDE_STYLE('',(#18382));
#18382 = SURFACE_STYLE_FILL_AREA(#18383);
#18383 = FILL_AREA_STYLE('',(#18384));
#18384 = FILL_AREA_STYLE_COLOUR('',#17963);
#18385 = OVER_RIDING_STYLED_ITEM('overriding color',(#18386),#7872,
  #17883);
#18386 = PRESENTATION_STYLE_ASSIGNMENT((#18387));
#18387 = SURFACE_STYLE_USAGE(.BOTH.,#18388);
#18388 = SURFACE_SIDE_STYLE('',(#18389));
#18389 = SURFACE_STYLE_FILL_AREA(#18390);
#18390 = FILL_AREA_STYLE('',(#18391));
#18391 = FILL_AREA_STYLE_COLOUR('',#17963);
#18392 = OVER_RIDING_STYLED_ITEM('overriding color',(#18393),#7890,
  #17883);
#18393 = PRESENTATION_STYLE_ASSIGNMENT((#18394));
#18394 = SURFACE_STYLE_USAGE(.BOTH.,#18395);
#18395 = SURFACE_SIDE_STYLE('',(#18396));
#18396 = SURFACE_STYLE_FILL_AREA(#18397);
#18397 = FILL_AREA_STYLE('',(#18398));
#18398 = FILL_AREA_STYLE_COLOUR('',#17963);
#18399 = OVER_RIDING_STYLED_ITEM('overriding color',(#18400),#7921,
  #17883);
#18400 = PRESENTATION_STYLE_ASSIGNMENT((#18401));
#18401 = SURFACE_STYLE_USAGE(.BOTH.,#18402);
#18402 = SURFACE_SIDE_STYLE('',(#18403));
#18403 = SURFACE_STYLE_FILL_AREA(#18404);
#18404 = FILL_AREA_STYLE('',(#18405));
#18405 = FILL_AREA_STYLE_COLOUR('',#17963);
#18406 = OVER_RIDING_STYLED_ITEM('overriding color',(#18407),#7955,
  #17883);
#18407 = PRESENTATION_STYLE_ASSIGNMENT((#18408));
#18408 = SURFACE_STYLE_USAGE(.BOTH.,#18409);
#18409 = SURFACE_SIDE_STYLE('',(#18410));
#18410 = SURFACE_STYLE_FILL_AREA(#18411);
#18411 = FILL_AREA_STYLE('',(#18412));
#18412 = FILL_AREA_STYLE_COLOUR('',#17963);
#18413 = OVER_RIDING_STYLED_ITEM('overriding color',(#18414),#7979,
  #17883);
#18414 = PRESENTATION_STYLE_ASSIGNMENT((#18415));
#18415 = SURFACE_STYLE_USAGE(.BOTH.,#18416);
#18416 = SURFACE_SIDE_STYLE('',(#18417));
#18417 = SURFACE_STYLE_FILL_AREA(#18418);
#18418 = FILL_AREA_STYLE('',(#18419));
#18419 = FILL_AREA_STYLE_COLOUR('',#17963);
#18420 = OVER_RIDING_STYLED_ITEM('overriding color',(#18421),#7996,
  #17883);
#18421 = PRESENTATION_STYLE_ASSIGNMENT((#18422));
#18422 = SURFACE_STYLE_USAGE(.BOTH.,#18423);
#18423 = SURFACE_SIDE_STYLE('',(#18424));
#18424 = SURFACE_STYLE_FILL_AREA(#18425);
#18425 = FILL_AREA_STYLE('',(#18426));
#18426 = FILL_AREA_STYLE_COLOUR('',#17963);
#18427 = OVER_RIDING_STYLED_ITEM('overriding color',(#18428),#8020,
  #17883);
#18428 = PRESENTATION_STYLE_ASSIGNMENT((#18429));
#18429 = SURFACE_STYLE_USAGE(.BOTH.,#18430);
#18430 = SURFACE_SIDE_STYLE('',(#18431));
#18431 = SURFACE_STYLE_FILL_AREA(#18432);
#18432 = FILL_AREA_STYLE('',(#18433));
#18433 = FILL_AREA_STYLE_COLOUR('',#17927);
#18434 = OVER_RIDING_STYLED_ITEM('overriding color',(#18435),#8053,
  #17883);
#18435 = PRESENTATION_STYLE_ASSIGNMENT((#18436));
#18436 = SURFACE_STYLE_USAGE(.BOTH.,#18437);
#18437 = SURFACE_SIDE_STYLE('',(#18438));
#18438 = SURFACE_STYLE_FILL_AREA(#18439);
#18439 = FILL_AREA_STYLE('',(#18440));
#18440 = FILL_AREA_STYLE_COLOUR('',#18048);
#18441 = OVER_RIDING_STYLED_ITEM('overriding color',(#18442),#8101,
  #17883);
#18442 = PRESENTATION_STYLE_ASSIGNMENT((#18443));
#18443 = SURFACE_STYLE_USAGE(.BOTH.,#18444);
#18444 = SURFACE_SIDE_STYLE('',(#18445));
#18445 = SURFACE_STYLE_FILL_AREA(#18446);
#18446 = FILL_AREA_STYLE('',(#18447));
#18447 = FILL_AREA_STYLE_COLOUR('',#18048);
#18448 = OVER_RIDING_STYLED_ITEM('overriding color',(#18449),#8167,
  #17883);
#18449 = PRESENTATION_STYLE_ASSIGNMENT((#18450));
#18450 = SURFACE_STYLE_USAGE(.BOTH.,#18451);
#18451 = SURFACE_SIDE_STYLE('',(#18452));
#18452 = SURFACE_STYLE_FILL_AREA(#18453);
#18453 = FILL_AREA_STYLE('',(#18454));
#18454 = FILL_AREA_STYLE_COLOUR('',#17898);
#18455 = OVER_RIDING_STYLED_ITEM('overriding color',(#18456),#8198,
  #17883);
#18456 = PRESENTATION_STYLE_ASSIGNMENT((#18457));
#18457 = SURFACE_STYLE_USAGE(.BOTH.,#18458);
#18458 = SURFACE_SIDE_STYLE('',(#18459));
#18459 = SURFACE_STYLE_FILL_AREA(#18460);
#18460 = FILL_AREA_STYLE('',(#18461));
#18461 = FILL_AREA_STYLE_COLOUR('',#17898);
#18462 = OVER_RIDING_STYLED_ITEM('overriding color',(#18463),#8236,
  #17883);
#18463 = PRESENTATION_STYLE_ASSIGNMENT((#18464));
#18464 = SURFACE_STYLE_USAGE(.BOTH.,#18465);
#18465 = SURFACE_SIDE_STYLE('',(#18466));
#18466 = SURFACE_STYLE_FILL_AREA(#18467);
#18467 = FILL_AREA_STYLE('',(#18468));
#18468 = FILL_AREA_STYLE_COLOUR('',#18048);
#18469 = OVER_RIDING_STYLED_ITEM('overriding color',(#18470),#8266,
  #17883);
#18470 = PRESENTATION_STYLE_ASSIGNMENT((#18471));
#18471 = SURFACE_STYLE_USAGE(.BOTH.,#18472);
#18472 = SURFACE_SIDE_STYLE('',(#18473));
#18473 = SURFACE_STYLE_FILL_AREA(#18474);
#18474 = FILL_AREA_STYLE('',(#18475));
#18475 = FILL_AREA_STYLE_COLOUR('',#18048);
#18476 = OVER_RIDING_STYLED_ITEM('overriding color',(#18477),#8305,
  #17883);
#18477 = PRESENTATION_STYLE_ASSIGNMENT((#18478));
#18478 = SURFACE_STYLE_USAGE(.BOTH.,#18479);
#18479 = SURFACE_SIDE_STYLE('',(#18480));
#18480 = SURFACE_STYLE_FILL_AREA(#18481);
#18481 = FILL_AREA_STYLE('',(#18482));
#18482 = FILL_AREA_STYLE_COLOUR('',#18048);
#18483 = OVER_RIDING_STYLED_ITEM('overriding color',(#18484),#8332,
  #17883);
#18484 = PRESENTATION_STYLE_ASSIGNMENT((#18485));
#18485 = SURFACE_STYLE_USAGE(.BOTH.,#18486);
#18486 = SURFACE_SIDE_STYLE('',(#18487));
#18487 = SURFACE_STYLE_FILL_AREA(#18488);
#18488 = FILL_AREA_STYLE('',(#18489));
#18489 = FILL_AREA_STYLE_COLOUR('',#18048);
#18490 = OVER_RIDING_STYLED_ITEM('overriding color',(#18491),#8387,
  #17883);
#18491 = PRESENTATION_STYLE_ASSIGNMENT((#18492));
#18492 = SURFACE_STYLE_USAGE(.BOTH.,#18493);
#18493 = SURFACE_SIDE_STYLE('',(#18494));
#18494 = SURFACE_STYLE_FILL_AREA(#18495);
#18495 = FILL_AREA_STYLE('',(#18496));
#18496 = FILL_AREA_STYLE_COLOUR('',#18048);
#18497 = OVER_RIDING_STYLED_ITEM('overriding color',(#18498),#8451,
  #17883);
#18498 = PRESENTATION_STYLE_ASSIGNMENT((#18499));
#18499 = SURFACE_STYLE_USAGE(.BOTH.,#18500);
#18500 = SURFACE_SIDE_STYLE('',(#18501));
#18501 = SURFACE_STYLE_FILL_AREA(#18502);
#18502 = FILL_AREA_STYLE('',(#18503));
#18503 = FILL_AREA_STYLE_COLOUR('',#18048);
#18504 = OVER_RIDING_STYLED_ITEM('overriding color',(#18505),#8515,
  #17883);
#18505 = PRESENTATION_STYLE_ASSIGNMENT((#18506));
#18506 = SURFACE_STYLE_USAGE(.BOTH.,#18507);
#18507 = SURFACE_SIDE_STYLE('',(#18508));
#18508 = SURFACE_STYLE_FILL_AREA(#18509);
#18509 = FILL_AREA_STYLE('',(#18510));
#18510 = FILL_AREA_STYLE_COLOUR('',#18048);
#18511 = OVER_RIDING_STYLED_ITEM('overriding color',(#18512),#8555,
  #17883);
#18512 = PRESENTATION_STYLE_ASSIGNMENT((#18513));
#18513 = SURFACE_STYLE_USAGE(.BOTH.,#18514);
#18514 = SURFACE_SIDE_STYLE('',(#18515));
#18515 = SURFACE_STYLE_FILL_AREA(#18516);
#18516 = FILL_AREA_STYLE('',(#18517));
#18517 = FILL_AREA_STYLE_COLOUR('',#18048);
#18518 = OVER_RIDING_STYLED_ITEM('overriding color',(#18519),#8586,
  #17883);
#18519 = PRESENTATION_STYLE_ASSIGNMENT((#18520));
#18520 = SURFACE_STYLE_USAGE(.BOTH.,#18521);
#18521 = SURFACE_SIDE_STYLE('',(#18522));
#18522 = SURFACE_STYLE_FILL_AREA(#18523);
#18523 = FILL_AREA_STYLE('',(#18524));
#18524 = FILL_AREA_STYLE_COLOUR('',#17927);
#18525 = OVER_RIDING_STYLED_ITEM('overriding color',(#18526),#8626,
  #17883);
#18526 = PRESENTATION_STYLE_ASSIGNMENT((#18527));
#18527 = SURFACE_STYLE_USAGE(.BOTH.,#18528);
#18528 = SURFACE_SIDE_STYLE('',(#18529));
#18529 = SURFACE_STYLE_FILL_AREA(#18530);
#18530 = FILL_AREA_STYLE('',(#18531));
#18531 = FILL_AREA_STYLE_COLOUR('',#18048);
#18532 = OVER_RIDING_STYLED_ITEM('overriding color',(#18533),#8739,
  #17883);
#18533 = PRESENTATION_STYLE_ASSIGNMENT((#18534));
#18534 = SURFACE_STYLE_USAGE(.BOTH.,#18535);
#18535 = SURFACE_SIDE_STYLE('',(#18536));
#18536 = SURFACE_STYLE_FILL_AREA(#18537);
#18537 = FILL_AREA_STYLE('',(#18538));
#18538 = FILL_AREA_STYLE_COLOUR('',#18048);
#18539 = OVER_RIDING_STYLED_ITEM('overriding color',(#18540),#8778,
  #17883);
#18540 = PRESENTATION_STYLE_ASSIGNMENT((#18541));
#18541 = SURFACE_STYLE_USAGE(.BOTH.,#18542);
#18542 = SURFACE_SIDE_STYLE('',(#18543));
#18543 = SURFACE_STYLE_FILL_AREA(#18544);
#18544 = FILL_AREA_STYLE('',(#18545));
#18545 = FILL_AREA_STYLE_COLOUR('',#18048);
#18546 = OVER_RIDING_STYLED_ITEM('overriding color',(#18547),#8802,
  #17883);
#18547 = PRESENTATION_STYLE_ASSIGNMENT((#18548));
#18548 = SURFACE_STYLE_USAGE(.BOTH.,#18549);
#18549 = SURFACE_SIDE_STYLE('',(#18550));
#18550 = SURFACE_STYLE_FILL_AREA(#18551);
#18551 = FILL_AREA_STYLE('',(#18552));
#18552 = FILL_AREA_STYLE_COLOUR('',#18048);
#18553 = OVER_RIDING_STYLED_ITEM('overriding color',(#18554),#8827,
  #17883);
#18554 = PRESENTATION_STYLE_ASSIGNMENT((#18555));
#18555 = SURFACE_STYLE_USAGE(.BOTH.,#18556);
#18556 = SURFACE_SIDE_STYLE('',(#18557));
#18557 = SURFACE_STYLE_FILL_AREA(#18558);
#18558 = FILL_AREA_STYLE('',(#18559));
#18559 = FILL_AREA_STYLE_COLOUR('',#18048);
#18560 = OVER_RIDING_STYLED_ITEM('overriding color',(#18561),#8851,
  #17883);
#18561 = PRESENTATION_STYLE_ASSIGNMENT((#18562));
#18562 = SURFACE_STYLE_USAGE(.BOTH.,#18563);
#18563 = SURFACE_SIDE_STYLE('',(#18564));
#18564 = SURFACE_STYLE_FILL_AREA(#18565);
#18565 = FILL_AREA_STYLE('',(#18566));
#18566 = FILL_AREA_STYLE_COLOUR('',#18048);
#18567 = OVER_RIDING_STYLED_ITEM('overriding color',(#18568),#8876,
  #17883);
#18568 = PRESENTATION_STYLE_ASSIGNMENT((#18569));
#18569 = SURFACE_STYLE_USAGE(.BOTH.,#18570);
#18570 = SURFACE_SIDE_STYLE('',(#18571));
#18571 = SURFACE_STYLE_FILL_AREA(#18572);
#18572 = FILL_AREA_STYLE('',(#18573));
#18573 = FILL_AREA_STYLE_COLOUR('',#18048);
#18574 = OVER_RIDING_STYLED_ITEM('overriding color',(#18575),#8900,
  #17883);
#18575 = PRESENTATION_STYLE_ASSIGNMENT((#18576));
#18576 = SURFACE_STYLE_USAGE(.BOTH.,#18577);
#18577 = SURFACE_SIDE_STYLE('',(#18578));
#18578 = SURFACE_STYLE_FILL_AREA(#18579);
#18579 = FILL_AREA_STYLE('',(#18580));
#18580 = FILL_AREA_STYLE_COLOUR('',#17898);
#18581 = OVER_RIDING_STYLED_ITEM('overriding color',(#18582),#8940,
  #17883);
#18582 = PRESENTATION_STYLE_ASSIGNMENT((#18583));
#18583 = SURFACE_STYLE_USAGE(.BOTH.,#18584);
#18584 = SURFACE_SIDE_STYLE('',(#18585));
#18585 = SURFACE_STYLE_FILL_AREA(#18586);
#18586 = FILL_AREA_STYLE('',(#18587));
#18587 = FILL_AREA_STYLE_COLOUR('',#18048);
#18588 = OVER_RIDING_STYLED_ITEM('overriding color',(#18589),#8987,
  #17883);
#18589 = PRESENTATION_STYLE_ASSIGNMENT((#18590));
#18590 = SURFACE_STYLE_USAGE(.BOTH.,#18591);
#18591 = SURFACE_SIDE_STYLE('',(#18592));
#18592 = SURFACE_STYLE_FILL_AREA(#18593);
#18593 = FILL_AREA_STYLE('',(#18594));
#18594 = FILL_AREA_STYLE_COLOUR('',#17927);
#18595 = OVER_RIDING_STYLED_ITEM('overriding color',(#18596),#9019,
  #17883);
#18596 = PRESENTATION_STYLE_ASSIGNMENT((#18597));
#18597 = SURFACE_STYLE_USAGE(.BOTH.,#18598);
#18598 = SURFACE_SIDE_STYLE('',(#18599));
#18599 = SURFACE_STYLE_FILL_AREA(#18600);
#18600 = FILL_AREA_STYLE('',(#18601));
#18601 = FILL_AREA_STYLE_COLOUR('',#18048);
#18602 = OVER_RIDING_STYLED_ITEM('overriding color',(#18603),#9050,
  #17883);
#18603 = PRESENTATION_STYLE_ASSIGNMENT((#18604));
#18604 = SURFACE_STYLE_USAGE(.BOTH.,#18605);
#18605 = SURFACE_SIDE_STYLE('',(#18606));
#18606 = SURFACE_STYLE_FILL_AREA(#18607);
#18607 = FILL_AREA_STYLE('',(#18608));
#18608 = FILL_AREA_STYLE_COLOUR('',#17898);
#18609 = OVER_RIDING_STYLED_ITEM('overriding color',(#18610),#9074,
  #17883);
#18610 = PRESENTATION_STYLE_ASSIGNMENT((#18611));
#18611 = SURFACE_STYLE_USAGE(.BOTH.,#18612);
#18612 = SURFACE_SIDE_STYLE('',(#18613));
#18613 = SURFACE_STYLE_FILL_AREA(#18614);
#18614 = FILL_AREA_STYLE('',(#18615));
#18615 = FILL_AREA_STYLE_COLOUR('',#18048);
#18616 = OVER_RIDING_STYLED_ITEM('overriding color',(#18617),#9106,
  #17883);
#18617 = PRESENTATION_STYLE_ASSIGNMENT((#18618));
#18618 = SURFACE_STYLE_USAGE(.BOTH.,#18619);
#18619 = SURFACE_SIDE_STYLE('',(#18620));
#18620 = SURFACE_STYLE_FILL_AREA(#18621);
#18621 = FILL_AREA_STYLE('',(#18622));
#18622 = FILL_AREA_STYLE_COLOUR('',#18048);
#18623 = OVER_RIDING_STYLED_ITEM('overriding color',(#18624),#9147,
  #17883);
#18624 = PRESENTATION_STYLE_ASSIGNMENT((#18625));
#18625 = SURFACE_STYLE_USAGE(.BOTH.,#18626);
#18626 = SURFACE_SIDE_STYLE('',(#18627));
#18627 = SURFACE_STYLE_FILL_AREA(#18628);
#18628 = FILL_AREA_STYLE('',(#18629));
#18629 = FILL_AREA_STYLE_COLOUR('',#17898);
#18630 = OVER_RIDING_STYLED_ITEM('overriding color',(#18631),#9178,
  #17883);
#18631 = PRESENTATION_STYLE_ASSIGNMENT((#18632));
#18632 = SURFACE_STYLE_USAGE(.BOTH.,#18633);
#18633 = SURFACE_SIDE_STYLE('',(#18634));
#18634 = SURFACE_STYLE_FILL_AREA(#18635);
#18635 = FILL_AREA_STYLE('',(#18636));
#18636 = FILL_AREA_STYLE_COLOUR('',#18048);
#18637 = OVER_RIDING_STYLED_ITEM('overriding color',(#18638),#9227,
  #17883);
#18638 = PRESENTATION_STYLE_ASSIGNMENT((#18639));
#18639 = SURFACE_STYLE_USAGE(.BOTH.,#18640);
#18640 = SURFACE_SIDE_STYLE('',(#18641));
#18641 = SURFACE_STYLE_FILL_AREA(#18642);
#18642 = FILL_AREA_STYLE('',(#18643));
#18643 = FILL_AREA_STYLE_COLOUR('',#17898);
#18644 = OVER_RIDING_STYLED_ITEM('overriding color',(#18645),#9267,
  #17883);
#18645 = PRESENTATION_STYLE_ASSIGNMENT((#18646));
#18646 = SURFACE_STYLE_USAGE(.BOTH.,#18647);
#18647 = SURFACE_SIDE_STYLE('',(#18648));
#18648 = SURFACE_STYLE_FILL_AREA(#18649);
#18649 = FILL_AREA_STYLE('',(#18650));
#18650 = FILL_AREA_STYLE_COLOUR('',#17963);
#18651 = OVER_RIDING_STYLED_ITEM('overriding color',(#18652),#9292,
  #17883);
#18652 = PRESENTATION_STYLE_ASSIGNMENT((#18653));
#18653 = SURFACE_STYLE_USAGE(.BOTH.,#18654);
#18654 = SURFACE_SIDE_STYLE('',(#18655));
#18655 = SURFACE_STYLE_FILL_AREA(#18656);
#18656 = FILL_AREA_STYLE('',(#18657));
#18657 = FILL_AREA_STYLE_COLOUR('',#17963);
#18658 = OVER_RIDING_STYLED_ITEM('overriding color',(#18659),#9309,
  #17883);
#18659 = PRESENTATION_STYLE_ASSIGNMENT((#18660));
#18660 = SURFACE_STYLE_USAGE(.BOTH.,#18661);
#18661 = SURFACE_SIDE_STYLE('',(#18662));
#18662 = SURFACE_STYLE_FILL_AREA(#18663);
#18663 = FILL_AREA_STYLE('',(#18664));
#18664 = FILL_AREA_STYLE_COLOUR('',#17963);
#18665 = OVER_RIDING_STYLED_ITEM('overriding color',(#18666),#9326,
  #17883);
#18666 = PRESENTATION_STYLE_ASSIGNMENT((#18667));
#18667 = SURFACE_STYLE_USAGE(.BOTH.,#18668);
#18668 = SURFACE_SIDE_STYLE('',(#18669));
#18669 = SURFACE_STYLE_FILL_AREA(#18670);
#18670 = FILL_AREA_STYLE('',(#18671));
#18671 = FILL_AREA_STYLE_COLOUR('',#17963);
#18672 = OVER_RIDING_STYLED_ITEM('overriding color',(#18673),#9344,
  #17883);
#18673 = PRESENTATION_STYLE_ASSIGNMENT((#18674));
#18674 = SURFACE_STYLE_USAGE(.BOTH.,#18675);
#18675 = SURFACE_SIDE_STYLE('',(#18676));
#18676 = SURFACE_STYLE_FILL_AREA(#18677);
#18677 = FILL_AREA_STYLE('',(#18678));
#18678 = FILL_AREA_STYLE_COLOUR('',#17963);
#18679 = OVER_RIDING_STYLED_ITEM('overriding color',(#18680),#9361,
  #17883);
#18680 = PRESENTATION_STYLE_ASSIGNMENT((#18681));
#18681 = SURFACE_STYLE_USAGE(.BOTH.,#18682);
#18682 = SURFACE_SIDE_STYLE('',(#18683));
#18683 = SURFACE_STYLE_FILL_AREA(#18684);
#18684 = FILL_AREA_STYLE('',(#18685));
#18685 = FILL_AREA_STYLE_COLOUR('',#17963);
#18686 = OVER_RIDING_STYLED_ITEM('overriding color',(#18687),#9385,
  #17883);
#18687 = PRESENTATION_STYLE_ASSIGNMENT((#18688));
#18688 = SURFACE_STYLE_USAGE(.BOTH.,#18689);
#18689 = SURFACE_SIDE_STYLE('',(#18690));
#18690 = SURFACE_STYLE_FILL_AREA(#18691);
#18691 = FILL_AREA_STYLE('',(#18692));
#18692 = FILL_AREA_STYLE_COLOUR('',#17963);
#18693 = OVER_RIDING_STYLED_ITEM('overriding color',(#18694),#9403,
  #17883);
#18694 = PRESENTATION_STYLE_ASSIGNMENT((#18695));
#18695 = SURFACE_STYLE_USAGE(.BOTH.,#18696);
#18696 = SURFACE_SIDE_STYLE('',(#18697));
#18697 = SURFACE_STYLE_FILL_AREA(#18698);
#18698 = FILL_AREA_STYLE('',(#18699));
#18699 = FILL_AREA_STYLE_COLOUR('',#18048);
#18700 = OVER_RIDING_STYLED_ITEM('overriding color',(#18701),#9443,
  #17883);
#18701 = PRESENTATION_STYLE_ASSIGNMENT((#18702));
#18702 = SURFACE_STYLE_USAGE(.BOTH.,#18703);
#18703 = SURFACE_SIDE_STYLE('',(#18704));
#18704 = SURFACE_STYLE_FILL_AREA(#18705);
#18705 = FILL_AREA_STYLE('',(#18706));
#18706 = FILL_AREA_STYLE_COLOUR('',#18048);
#18707 = OVER_RIDING_STYLED_ITEM('overriding color',(#18708),#9498,
  #17883);
#18708 = PRESENTATION_STYLE_ASSIGNMENT((#18709));
#18709 = SURFACE_STYLE_USAGE(.BOTH.,#18710);
#18710 = SURFACE_SIDE_STYLE('',(#18711));
#18711 = SURFACE_STYLE_FILL_AREA(#18712);
#18712 = FILL_AREA_STYLE('',(#18713));
#18713 = FILL_AREA_STYLE_COLOUR('',#18048);
#18714 = OVER_RIDING_STYLED_ITEM('overriding color',(#18715),#9546,
  #17883);
#18715 = PRESENTATION_STYLE_ASSIGNMENT((#18716));
#18716 = SURFACE_STYLE_USAGE(.BOTH.,#18717);
#18717 = SURFACE_SIDE_STYLE('',(#18718));
#18718 = SURFACE_STYLE_FILL_AREA(#18719);
#18719 = FILL_AREA_STYLE('',(#18720));
#18720 = FILL_AREA_STYLE_COLOUR('',#17898);
#18721 = OVER_RIDING_STYLED_ITEM('overriding color',(#18722),#9586,
  #17883);
#18722 = PRESENTATION_STYLE_ASSIGNMENT((#18723));
#18723 = SURFACE_STYLE_USAGE(.BOTH.,#18724);
#18724 = SURFACE_SIDE_STYLE('',(#18725));
#18725 = SURFACE_STYLE_FILL_AREA(#18726);
#18726 = FILL_AREA_STYLE('',(#18727));
#18727 = FILL_AREA_STYLE_COLOUR('',#18048);
#18728 = OVER_RIDING_STYLED_ITEM('overriding color',(#18729),#9641,
  #17883);
#18729 = PRESENTATION_STYLE_ASSIGNMENT((#18730));
#18730 = SURFACE_STYLE_USAGE(.BOTH.,#18731);
#18731 = SURFACE_SIDE_STYLE('',(#18732));
#18732 = SURFACE_STYLE_FILL_AREA(#18733);
#18733 = FILL_AREA_STYLE('',(#18734));
#18734 = FILL_AREA_STYLE_COLOUR('',#18048);
#18735 = OVER_RIDING_STYLED_ITEM('overriding color',(#18736),#9681,
  #17883);
#18736 = PRESENTATION_STYLE_ASSIGNMENT((#18737));
#18737 = SURFACE_STYLE_USAGE(.BOTH.,#18738);
#18738 = SURFACE_SIDE_STYLE('',(#18739));
#18739 = SURFACE_STYLE_FILL_AREA(#18740);
#18740 = FILL_AREA_STYLE('',(#18741));
#18741 = FILL_AREA_STYLE_COLOUR('',#18048);
#18742 = OVER_RIDING_STYLED_ITEM('overriding color',(#18743),#9712,
  #17883);
#18743 = PRESENTATION_STYLE_ASSIGNMENT((#18744));
#18744 = SURFACE_STYLE_USAGE(.BOTH.,#18745);
#18745 = SURFACE_SIDE_STYLE('',(#18746));
#18746 = SURFACE_STYLE_FILL_AREA(#18747);
#18747 = FILL_AREA_STYLE('',(#18748));
#18748 = FILL_AREA_STYLE_COLOUR('',#17898);
#18749 = OVER_RIDING_STYLED_ITEM('overriding color',(#18750),#9741,
  #17883);
#18750 = PRESENTATION_STYLE_ASSIGNMENT((#18751));
#18751 = SURFACE_STYLE_USAGE(.BOTH.,#18752);
#18752 = SURFACE_SIDE_STYLE('',(#18753));
#18753 = SURFACE_STYLE_FILL_AREA(#18754);
#18754 = FILL_AREA_STYLE('',(#18755));
#18755 = FILL_AREA_STYLE_COLOUR('',#18048);
#18756 = OVER_RIDING_STYLED_ITEM('overriding color',(#18757),#9795,
  #17883);
#18757 = PRESENTATION_STYLE_ASSIGNMENT((#18758));
#18758 = SURFACE_STYLE_USAGE(.BOTH.,#18759);
#18759 = SURFACE_SIDE_STYLE('',(#18760));
#18760 = SURFACE_STYLE_FILL_AREA(#18761);
#18761 = FILL_AREA_STYLE('',(#18762));
#18762 = FILL_AREA_STYLE_COLOUR('',#18048);
#18763 = OVER_RIDING_STYLED_ITEM('overriding color',(#18764),#9858,
  #17883);
#18764 = PRESENTATION_STYLE_ASSIGNMENT((#18765));
#18765 = SURFACE_STYLE_USAGE(.BOTH.,#18766);
#18766 = SURFACE_SIDE_STYLE('',(#18767));
#18767 = SURFACE_STYLE_FILL_AREA(#18768);
#18768 = FILL_AREA_STYLE('',(#18769));
#18769 = FILL_AREA_STYLE_COLOUR('',#18048);
#18770 = OVER_RIDING_STYLED_ITEM('overriding color',(#18771),#9921,
  #17883);
#18771 = PRESENTATION_STYLE_ASSIGNMENT((#18772));
#18772 = SURFACE_STYLE_USAGE(.BOTH.,#18773);
#18773 = SURFACE_SIDE_STYLE('',(#18774));
#18774 = SURFACE_STYLE_FILL_AREA(#18775);
#18775 = FILL_AREA_STYLE('',(#18776));
#18776 = FILL_AREA_STYLE_COLOUR('',#18048);
#18777 = OVER_RIDING_STYLED_ITEM('overriding color',(#18778),#9975,
  #17883);
#18778 = PRESENTATION_STYLE_ASSIGNMENT((#18779));
#18779 = SURFACE_STYLE_USAGE(.BOTH.,#18780);
#18780 = SURFACE_SIDE_STYLE('',(#18781));
#18781 = SURFACE_STYLE_FILL_AREA(#18782);
#18782 = FILL_AREA_STYLE('',(#18783));
#18783 = FILL_AREA_STYLE_COLOUR('',#17898);
#18784 = OVER_RIDING_STYLED_ITEM('overriding color',(#18785),#10014,
  #17883);
#18785 = PRESENTATION_STYLE_ASSIGNMENT((#18786));
#18786 = SURFACE_STYLE_USAGE(.BOTH.,#18787);
#18787 = SURFACE_SIDE_STYLE('',(#18788));
#18788 = SURFACE_STYLE_FILL_AREA(#18789);
#18789 = FILL_AREA_STYLE('',(#18790));
#18790 = FILL_AREA_STYLE_COLOUR('',#17898);
#18791 = OVER_RIDING_STYLED_ITEM('overriding color',(#18792),#10045,
  #17883);
#18792 = PRESENTATION_STYLE_ASSIGNMENT((#18793));
#18793 = SURFACE_STYLE_USAGE(.BOTH.,#18794);
#18794 = SURFACE_SIDE_STYLE('',(#18795));
#18795 = SURFACE_STYLE_FILL_AREA(#18796);
#18796 = FILL_AREA_STYLE('',(#18797));
#18797 = FILL_AREA_STYLE_COLOUR('',#17898);
#18798 = OVER_RIDING_STYLED_ITEM('overriding color',(#18799),#10075,
  #17883);
#18799 = PRESENTATION_STYLE_ASSIGNMENT((#18800));
#18800 = SURFACE_STYLE_USAGE(.BOTH.,#18801);
#18801 = SURFACE_SIDE_STYLE('',(#18802));
#18802 = SURFACE_STYLE_FILL_AREA(#18803);
#18803 = FILL_AREA_STYLE('',(#18804));
#18804 = FILL_AREA_STYLE_COLOUR('',#17898);
#18805 = OVER_RIDING_STYLED_ITEM('overriding color',(#18806),#10108,
  #17883);
#18806 = PRESENTATION_STYLE_ASSIGNMENT((#18807));
#18807 = SURFACE_STYLE_USAGE(.BOTH.,#18808);
#18808 = SURFACE_SIDE_STYLE('',(#18809));
#18809 = SURFACE_STYLE_FILL_AREA(#18810);
#18810 = FILL_AREA_STYLE('',(#18811));
#18811 = FILL_AREA_STYLE_COLOUR('',#17898);
#18812 = OVER_RIDING_STYLED_ITEM('overriding color',(#18813),#10132,
  #17883);
#18813 = PRESENTATION_STYLE_ASSIGNMENT((#18814));
#18814 = SURFACE_STYLE_USAGE(.BOTH.,#18815);
#18815 = SURFACE_SIDE_STYLE('',(#18816));
#18816 = SURFACE_STYLE_FILL_AREA(#18817);
#18817 = FILL_AREA_STYLE('',(#18818));
#18818 = FILL_AREA_STYLE_COLOUR('',#17898);
#18819 = OVER_RIDING_STYLED_ITEM('overriding color',(#18820),#10156,
  #17883);
#18820 = PRESENTATION_STYLE_ASSIGNMENT((#18821));
#18821 = SURFACE_STYLE_USAGE(.BOTH.,#18822);
#18822 = SURFACE_SIDE_STYLE('',(#18823));
#18823 = SURFACE_STYLE_FILL_AREA(#18824);
#18824 = FILL_AREA_STYLE('',(#18825));
#18825 = FILL_AREA_STYLE_COLOUR('',#17898);
#18826 = OVER_RIDING_STYLED_ITEM('overriding color',(#18827),#10189,
  #17883);
#18827 = PRESENTATION_STYLE_ASSIGNMENT((#18828));
#18828 = SURFACE_STYLE_USAGE(.BOTH.,#18829);
#18829 = SURFACE_SIDE_STYLE('',(#18830));
#18830 = SURFACE_STYLE_FILL_AREA(#18831);
#18831 = FILL_AREA_STYLE('',(#18832));
#18832 = FILL_AREA_STYLE_COLOUR('',#17898);
#18833 = OVER_RIDING_STYLED_ITEM('overriding color',(#18834),#10220,
  #17883);
#18834 = PRESENTATION_STYLE_ASSIGNMENT((#18835));
#18835 = SURFACE_STYLE_USAGE(.BOTH.,#18836);
#18836 = SURFACE_SIDE_STYLE('',(#18837));
#18837 = SURFACE_STYLE_FILL_AREA(#18838);
#18838 = FILL_AREA_STYLE('',(#18839));
#18839 = FILL_AREA_STYLE_COLOUR('',#17898);
#18840 = OVER_RIDING_STYLED_ITEM('overriding color',(#18841),#10253,
  #17883);
#18841 = PRESENTATION_STYLE_ASSIGNMENT((#18842));
#18842 = SURFACE_STYLE_USAGE(.BOTH.,#18843);
#18843 = SURFACE_SIDE_STYLE('',(#18844));
#18844 = SURFACE_STYLE_FILL_AREA(#18845);
#18845 = FILL_AREA_STYLE('',(#18846));
#18846 = FILL_AREA_STYLE_COLOUR('',#17898);
#18847 = OVER_RIDING_STYLED_ITEM('overriding color',(#18848),#10275,
  #17883);
#18848 = PRESENTATION_STYLE_ASSIGNMENT((#18849));
#18849 = SURFACE_STYLE_USAGE(.BOTH.,#18850);
#18850 = SURFACE_SIDE_STYLE('',(#18851));
#18851 = SURFACE_STYLE_FILL_AREA(#18852);
#18852 = FILL_AREA_STYLE('',(#18853));
#18853 = FILL_AREA_STYLE_COLOUR('',#17898);
#18854 = OVER_RIDING_STYLED_ITEM('overriding color',(#18855),#10314,
  #17883);
#18855 = PRESENTATION_STYLE_ASSIGNMENT((#18856));
#18856 = SURFACE_STYLE_USAGE(.BOTH.,#18857);
#18857 = SURFACE_SIDE_STYLE('',(#18858));
#18858 = SURFACE_STYLE_FILL_AREA(#18859);
#18859 = FILL_AREA_STYLE('',(#18860));
#18860 = FILL_AREA_STYLE_COLOUR('',#17898);
#18861 = OVER_RIDING_STYLED_ITEM('overriding color',(#18862),#10345,
  #17883);
#18862 = PRESENTATION_STYLE_ASSIGNMENT((#18863));
#18863 = SURFACE_STYLE_USAGE(.BOTH.,#18864);
#18864 = SURFACE_SIDE_STYLE('',(#18865));
#18865 = SURFACE_STYLE_FILL_AREA(#18866);
#18866 = FILL_AREA_STYLE('',(#18867));
#18867 = FILL_AREA_STYLE_COLOUR('',#17898);
#18868 = OVER_RIDING_STYLED_ITEM('overriding color',(#18869),#10375,
  #17883);
#18869 = PRESENTATION_STYLE_ASSIGNMENT((#18870));
#18870 = SURFACE_STYLE_USAGE(.BOTH.,#18871);
#18871 = SURFACE_SIDE_STYLE('',(#18872));
#18872 = SURFACE_STYLE_FILL_AREA(#18873);
#18873 = FILL_AREA_STYLE('',(#18874));
#18874 = FILL_AREA_STYLE_COLOUR('',#17898);
#18875 = OVER_RIDING_STYLED_ITEM('overriding color',(#18876),#10408,
  #17883);
#18876 = PRESENTATION_STYLE_ASSIGNMENT((#18877));
#18877 = SURFACE_STYLE_USAGE(.BOTH.,#18878);
#18878 = SURFACE_SIDE_STYLE('',(#18879));
#18879 = SURFACE_STYLE_FILL_AREA(#18880);
#18880 = FILL_AREA_STYLE('',(#18881));
#18881 = FILL_AREA_STYLE_COLOUR('',#17898);
#18882 = OVER_RIDING_STYLED_ITEM('overriding color',(#18883),#10441,
  #17883);
#18883 = PRESENTATION_STYLE_ASSIGNMENT((#18884));
#18884 = SURFACE_STYLE_USAGE(.BOTH.,#18885);
#18885 = SURFACE_SIDE_STYLE('',(#18886));
#18886 = SURFACE_STYLE_FILL_AREA(#18887);
#18887 = FILL_AREA_STYLE('',(#18888));
#18888 = FILL_AREA_STYLE_COLOUR('',#17898);
#18889 = OVER_RIDING_STYLED_ITEM('overriding color',(#18890),#10481,
  #17883);
#18890 = PRESENTATION_STYLE_ASSIGNMENT((#18891));
#18891 = SURFACE_STYLE_USAGE(.BOTH.,#18892);
#18892 = SURFACE_SIDE_STYLE('',(#18893));
#18893 = SURFACE_STYLE_FILL_AREA(#18894);
#18894 = FILL_AREA_STYLE('',(#18895));
#18895 = FILL_AREA_STYLE_COLOUR('',#17898);
#18896 = OVER_RIDING_STYLED_ITEM('overriding color',(#18897),#10503,
  #17883);
#18897 = PRESENTATION_STYLE_ASSIGNMENT((#18898));
#18898 = SURFACE_STYLE_USAGE(.BOTH.,#18899);
#18899 = SURFACE_SIDE_STYLE('',(#18900));
#18900 = SURFACE_STYLE_FILL_AREA(#18901);
#18901 = FILL_AREA_STYLE('',(#18902));
#18902 = FILL_AREA_STYLE_COLOUR('',#17898);
#18903 = OVER_RIDING_STYLED_ITEM('overriding color',(#18904),#10536,
  #17883);
#18904 = PRESENTATION_STYLE_ASSIGNMENT((#18905));
#18905 = SURFACE_STYLE_USAGE(.BOTH.,#18906);
#18906 = SURFACE_SIDE_STYLE('',(#18907));
#18907 = SURFACE_STYLE_FILL_AREA(#18908);
#18908 = FILL_AREA_STYLE('',(#18909));
#18909 = FILL_AREA_STYLE_COLOUR('',#17898);
#18910 = OVER_RIDING_STYLED_ITEM('overriding color',(#18911),#10567,
  #17883);
#18911 = PRESENTATION_STYLE_ASSIGNMENT((#18912));
#18912 = SURFACE_STYLE_USAGE(.BOTH.,#18913);
#18913 = SURFACE_SIDE_STYLE('',(#18914));
#18914 = SURFACE_STYLE_FILL_AREA(#18915);
#18915 = FILL_AREA_STYLE('',(#18916));
#18916 = FILL_AREA_STYLE_COLOUR('',#17898);
#18917 = OVER_RIDING_STYLED_ITEM('overriding color',(#18918),#10598,
  #17883);
#18918 = PRESENTATION_STYLE_ASSIGNMENT((#18919));
#18919 = SURFACE_STYLE_USAGE(.BOTH.,#18920);
#18920 = SURFACE_SIDE_STYLE('',(#18921));
#18921 = SURFACE_STYLE_FILL_AREA(#18922);
#18922 = FILL_AREA_STYLE('',(#18923));
#18923 = FILL_AREA_STYLE_COLOUR('',#17898);
#18924 = OVER_RIDING_STYLED_ITEM('overriding color',(#18925),#10631,
  #17883);
#18925 = PRESENTATION_STYLE_ASSIGNMENT((#18926));
#18926 = SURFACE_STYLE_USAGE(.BOTH.,#18927);
#18927 = SURFACE_SIDE_STYLE('',(#18928));
#18928 = SURFACE_STYLE_FILL_AREA(#18929);
#18929 = FILL_AREA_STYLE('',(#18930));
#18930 = FILL_AREA_STYLE_COLOUR('',#17898);
#18931 = OVER_RIDING_STYLED_ITEM('overriding color',(#18932),#10664,
  #17883);
#18932 = PRESENTATION_STYLE_ASSIGNMENT((#18933));
#18933 = SURFACE_STYLE_USAGE(.BOTH.,#18934);
#18934 = SURFACE_SIDE_STYLE('',(#18935));
#18935 = SURFACE_STYLE_FILL_AREA(#18936);
#18936 = FILL_AREA_STYLE('',(#18937));
#18937 = FILL_AREA_STYLE_COLOUR('',#17898);
#18938 = OVER_RIDING_STYLED_ITEM('overriding color',(#18939),#10689,
  #17883);
#18939 = PRESENTATION_STYLE_ASSIGNMENT((#18940));
#18940 = SURFACE_STYLE_USAGE(.BOTH.,#18941);
#18941 = SURFACE_SIDE_STYLE('',(#18942));
#18942 = SURFACE_STYLE_FILL_AREA(#18943);
#18943 = FILL_AREA_STYLE('',(#18944));
#18944 = FILL_AREA_STYLE_COLOUR('',#17898);
#18945 = OVER_RIDING_STYLED_ITEM('overriding color',(#18946),#10729,
  #17883);
#18946 = PRESENTATION_STYLE_ASSIGNMENT((#18947));
#18947 = SURFACE_STYLE_USAGE(.BOTH.,#18948);
#18948 = SURFACE_SIDE_STYLE('',(#18949));
#18949 = SURFACE_STYLE_FILL_AREA(#18950);
#18950 = FILL_AREA_STYLE('',(#18951));
#18951 = FILL_AREA_STYLE_COLOUR('',#17898);
#18952 = OVER_RIDING_STYLED_ITEM('overriding color',(#18953),#10754,
  #17883);
#18953 = PRESENTATION_STYLE_ASSIGNMENT((#18954));
#18954 = SURFACE_STYLE_USAGE(.BOTH.,#18955);
#18955 = SURFACE_SIDE_STYLE('',(#18956));
#18956 = SURFACE_STYLE_FILL_AREA(#18957);
#18957 = FILL_AREA_STYLE('',(#18958));
#18958 = FILL_AREA_STYLE_COLOUR('',#17898);
#18959 = OVER_RIDING_STYLED_ITEM('overriding color',(#18960),#10787,
  #17883);
#18960 = PRESENTATION_STYLE_ASSIGNMENT((#18961));
#18961 = SURFACE_STYLE_USAGE(.BOTH.,#18962);
#18962 = SURFACE_SIDE_STYLE('',(#18963));
#18963 = SURFACE_STYLE_FILL_AREA(#18964);
#18964 = FILL_AREA_STYLE('',(#18965));
#18965 = FILL_AREA_STYLE_COLOUR('',#17898);
#18966 = OVER_RIDING_STYLED_ITEM('overriding color',(#18967),#10817,
  #17883);
#18967 = PRESENTATION_STYLE_ASSIGNMENT((#18968));
#18968 = SURFACE_STYLE_USAGE(.BOTH.,#18969);
#18969 = SURFACE_SIDE_STYLE('',(#18970));
#18970 = SURFACE_STYLE_FILL_AREA(#18971);
#18971 = FILL_AREA_STYLE('',(#18972));
#18972 = FILL_AREA_STYLE_COLOUR('',#17898);
#18973 = OVER_RIDING_STYLED_ITEM('overriding color',(#18974),#10857,
  #17883);
#18974 = PRESENTATION_STYLE_ASSIGNMENT((#18975));
#18975 = SURFACE_STYLE_USAGE(.BOTH.,#18976);
#18976 = SURFACE_SIDE_STYLE('',(#18977));
#18977 = SURFACE_STYLE_FILL_AREA(#18978);
#18978 = FILL_AREA_STYLE('',(#18979));
#18979 = FILL_AREA_STYLE_COLOUR('',#17898);
#18980 = OVER_RIDING_STYLED_ITEM('overriding color',(#18981),#10882,
  #17883);
#18981 = PRESENTATION_STYLE_ASSIGNMENT((#18982));
#18982 = SURFACE_STYLE_USAGE(.BOTH.,#18983);
#18983 = SURFACE_SIDE_STYLE('',(#18984));
#18984 = SURFACE_STYLE_FILL_AREA(#18985);
#18985 = FILL_AREA_STYLE('',(#18986));
#18986 = FILL_AREA_STYLE_COLOUR('',#17898);
#18987 = OVER_RIDING_STYLED_ITEM('overriding color',(#18988),#10922,
  #17883);
#18988 = PRESENTATION_STYLE_ASSIGNMENT((#18989));
#18989 = SURFACE_STYLE_USAGE(.BOTH.,#18990);
#18990 = SURFACE_SIDE_STYLE('',(#18991));
#18991 = SURFACE_STYLE_FILL_AREA(#18992);
#18992 = FILL_AREA_STYLE('',(#18993));
#18993 = FILL_AREA_STYLE_COLOUR('',#17898);
#18994 = OVER_RIDING_STYLED_ITEM('overriding color',(#18995),#10955,
  #17883);
#18995 = PRESENTATION_STYLE_ASSIGNMENT((#18996));
#18996 = SURFACE_STYLE_USAGE(.BOTH.,#18997);
#18997 = SURFACE_SIDE_STYLE('',(#18998));
#18998 = SURFACE_STYLE_FILL_AREA(#18999);
#18999 = FILL_AREA_STYLE('',(#19000));
#19000 = FILL_AREA_STYLE_COLOUR('',#17898);
#19001 = OVER_RIDING_STYLED_ITEM('overriding color',(#19002),#10995,
  #17883);
#19002 = PRESENTATION_STYLE_ASSIGNMENT((#19003));
#19003 = SURFACE_STYLE_USAGE(.BOTH.,#19004);
#19004 = SURFACE_SIDE_STYLE('',(#19005));
#19005 = SURFACE_STYLE_FILL_AREA(#19006);
#19006 = FILL_AREA_STYLE('',(#19007));
#19007 = FILL_AREA_STYLE_COLOUR('',#17898);
#19008 = OVER_RIDING_STYLED_ITEM('overriding color',(#19009),#11026,
  #17883);
#19009 = PRESENTATION_STYLE_ASSIGNMENT((#19010));
#19010 = SURFACE_STYLE_USAGE(.BOTH.,#19011);
#19011 = SURFACE_SIDE_STYLE('',(#19012));
#19012 = SURFACE_STYLE_FILL_AREA(#19013);
#19013 = FILL_AREA_STYLE('',(#19014));
#19014 = FILL_AREA_STYLE_COLOUR('',#17898);
#19015 = OVER_RIDING_STYLED_ITEM('overriding color',(#19016),#11057,
  #17883);
#19016 = PRESENTATION_STYLE_ASSIGNMENT((#19017));
#19017 = SURFACE_STYLE_USAGE(.BOTH.,#19018);
#19018 = SURFACE_SIDE_STYLE('',(#19019));
#19019 = SURFACE_STYLE_FILL_AREA(#19020);
#19020 = FILL_AREA_STYLE('',(#19021));
#19021 = FILL_AREA_STYLE_COLOUR('',#17898);
#19022 = OVER_RIDING_STYLED_ITEM('overriding color',(#19023),#11090,
  #17883);
#19023 = PRESENTATION_STYLE_ASSIGNMENT((#19024));
#19024 = SURFACE_STYLE_USAGE(.BOTH.,#19025);
#19025 = SURFACE_SIDE_STYLE('',(#19026));
#19026 = SURFACE_STYLE_FILL_AREA(#19027);
#19027 = FILL_AREA_STYLE('',(#19028));
#19028 = FILL_AREA_STYLE_COLOUR('',#17898);
#19029 = OVER_RIDING_STYLED_ITEM('overriding color',(#19030),#11138,
  #17883);
#19030 = PRESENTATION_STYLE_ASSIGNMENT((#19031));
#19031 = SURFACE_STYLE_USAGE(.BOTH.,#19032);
#19032 = SURFACE_SIDE_STYLE('',(#19033));
#19033 = SURFACE_STYLE_FILL_AREA(#19034);
#19034 = FILL_AREA_STYLE('',(#19035));
#19035 = FILL_AREA_STYLE_COLOUR('',#17898);
#19036 = OVER_RIDING_STYLED_ITEM('overriding color',(#19037),#11177,
  #17883);
#19037 = PRESENTATION_STYLE_ASSIGNMENT((#19038));
#19038 = SURFACE_STYLE_USAGE(.BOTH.,#19039);
#19039 = SURFACE_SIDE_STYLE('',(#19040));
#19040 = SURFACE_STYLE_FILL_AREA(#19041);
#19041 = FILL_AREA_STYLE('',(#19042));
#19042 = FILL_AREA_STYLE_COLOUR('',#17898);
#19043 = OVER_RIDING_STYLED_ITEM('overriding color',(#19044),#11210,
  #17883);
#19044 = PRESENTATION_STYLE_ASSIGNMENT((#19045));
#19045 = SURFACE_STYLE_USAGE(.BOTH.,#19046);
#19046 = SURFACE_SIDE_STYLE('',(#19047));
#19047 = SURFACE_STYLE_FILL_AREA(#19048);
#19048 = FILL_AREA_STYLE('',(#19049));
#19049 = FILL_AREA_STYLE_COLOUR('',#17898);
#19050 = OVER_RIDING_STYLED_ITEM('overriding color',(#19051),#11241,
  #17883);
#19051 = PRESENTATION_STYLE_ASSIGNMENT((#19052));
#19052 = SURFACE_STYLE_USAGE(.BOTH.,#19053);
#19053 = SURFACE_SIDE_STYLE('',(#19054));
#19054 = SURFACE_STYLE_FILL_AREA(#19055);
#19055 = FILL_AREA_STYLE('',(#19056));
#19056 = FILL_AREA_STYLE_COLOUR('',#17898);
#19057 = OVER_RIDING_STYLED_ITEM('overriding color',(#19058),#11274,
  #17883);
#19058 = PRESENTATION_STYLE_ASSIGNMENT((#19059));
#19059 = SURFACE_STYLE_USAGE(.BOTH.,#19060);
#19060 = SURFACE_SIDE_STYLE('',(#19061));
#19061 = SURFACE_STYLE_FILL_AREA(#19062);
#19062 = FILL_AREA_STYLE('',(#19063));
#19063 = FILL_AREA_STYLE_COLOUR('',#17898);
#19064 = OVER_RIDING_STYLED_ITEM('overriding color',(#19065),#11304,
  #17883);
#19065 = PRESENTATION_STYLE_ASSIGNMENT((#19066));
#19066 = SURFACE_STYLE_USAGE(.BOTH.,#19067);
#19067 = SURFACE_SIDE_STYLE('',(#19068));
#19068 = SURFACE_STYLE_FILL_AREA(#19069);
#19069 = FILL_AREA_STYLE('',(#19070));
#19070 = FILL_AREA_STYLE_COLOUR('',#17898);
#19071 = OVER_RIDING_STYLED_ITEM('overriding color',(#19072),#11329,
  #17883);
#19072 = PRESENTATION_STYLE_ASSIGNMENT((#19073));
#19073 = SURFACE_STYLE_USAGE(.BOTH.,#19074);
#19074 = SURFACE_SIDE_STYLE('',(#19075));
#19075 = SURFACE_STYLE_FILL_AREA(#19076);
#19076 = FILL_AREA_STYLE('',(#19077));
#19077 = FILL_AREA_STYLE_COLOUR('',#17898);
#19078 = OVER_RIDING_STYLED_ITEM('overriding color',(#19079),#11353,
  #17883);
#19079 = PRESENTATION_STYLE_ASSIGNMENT((#19080));
#19080 = SURFACE_STYLE_USAGE(.BOTH.,#19081);
#19081 = SURFACE_SIDE_STYLE('',(#19082));
#19082 = SURFACE_STYLE_FILL_AREA(#19083);
#19083 = FILL_AREA_STYLE('',(#19084));
#19084 = FILL_AREA_STYLE_COLOUR('',#18048);
#19085 = OVER_RIDING_STYLED_ITEM('overriding color',(#19086),#11379,
  #17883);
#19086 = PRESENTATION_STYLE_ASSIGNMENT((#19087));
#19087 = SURFACE_STYLE_USAGE(.BOTH.,#19088);
#19088 = SURFACE_SIDE_STYLE('',(#19089));
#19089 = SURFACE_STYLE_FILL_AREA(#19090);
#19090 = FILL_AREA_STYLE('',(#19091));
#19091 = FILL_AREA_STYLE_COLOUR('',#18048);
#19092 = OVER_RIDING_STYLED_ITEM('overriding color',(#19093),#11420,
  #17883);
#19093 = PRESENTATION_STYLE_ASSIGNMENT((#19094));
#19094 = SURFACE_STYLE_USAGE(.BOTH.,#19095);
#19095 = SURFACE_SIDE_STYLE('',(#19096));
#19096 = SURFACE_STYLE_FILL_AREA(#19097);
#19097 = FILL_AREA_STYLE('',(#19098));
#19098 = FILL_AREA_STYLE_COLOUR('',#18048);
#19099 = OVER_RIDING_STYLED_ITEM('overriding color',(#19100),#11439,
  #17883);
#19100 = PRESENTATION_STYLE_ASSIGNMENT((#19101));
#19101 = SURFACE_STYLE_USAGE(.BOTH.,#19102);
#19102 = SURFACE_SIDE_STYLE('',(#19103));
#19103 = SURFACE_STYLE_FILL_AREA(#19104);
#19104 = FILL_AREA_STYLE('',(#19105));
#19105 = FILL_AREA_STYLE_COLOUR('',#18048);
#19106 = OVER_RIDING_STYLED_ITEM('overriding color',(#19107),#11577,
  #17883);
#19107 = PRESENTATION_STYLE_ASSIGNMENT((#19108));
#19108 = SURFACE_STYLE_USAGE(.BOTH.,#19109);
#19109 = SURFACE_SIDE_STYLE('',(#19110));
#19110 = SURFACE_STYLE_FILL_AREA(#19111);
#19111 = FILL_AREA_STYLE('',(#19112));
#19112 = FILL_AREA_STYLE_COLOUR('',#18048);
#19113 = OVER_RIDING_STYLED_ITEM('overriding color',(#19114),#11608,
  #17883);
#19114 = PRESENTATION_STYLE_ASSIGNMENT((#19115));
#19115 = SURFACE_STYLE_USAGE(.BOTH.,#19116);
#19116 = SURFACE_SIDE_STYLE('',(#19117));
#19117 = SURFACE_STYLE_FILL_AREA(#19118);
#19118 = FILL_AREA_STYLE('',(#19119));
#19119 = FILL_AREA_STYLE_COLOUR('',#18048);
#19120 = OVER_RIDING_STYLED_ITEM('overriding color',(#19121),#11647,
  #17883);
#19121 = PRESENTATION_STYLE_ASSIGNMENT((#19122));
#19122 = SURFACE_STYLE_USAGE(.BOTH.,#19123);
#19123 = SURFACE_SIDE_STYLE('',(#19124));
#19124 = SURFACE_STYLE_FILL_AREA(#19125);
#19125 = FILL_AREA_STYLE('',(#19126));
#19126 = FILL_AREA_STYLE_COLOUR('',#18048);
#19127 = OVER_RIDING_STYLED_ITEM('overriding color',(#19128),#11679,
  #17883);
#19128 = PRESENTATION_STYLE_ASSIGNMENT((#19129));
#19129 = SURFACE_STYLE_USAGE(.BOTH.,#19130);
#19130 = SURFACE_SIDE_STYLE('',(#19131));
#19131 = SURFACE_STYLE_FILL_AREA(#19132);
#19132 = FILL_AREA_STYLE('',(#19133));
#19133 = FILL_AREA_STYLE_COLOUR('',#18048);
#19134 = OVER_RIDING_STYLED_ITEM('overriding color',(#19135),#11703,
  #17883);
#19135 = PRESENTATION_STYLE_ASSIGNMENT((#19136));
#19136 = SURFACE_STYLE_USAGE(.BOTH.,#19137);
#19137 = SURFACE_SIDE_STYLE('',(#19138));
#19138 = SURFACE_STYLE_FILL_AREA(#19139);
#19139 = FILL_AREA_STYLE('',(#19140));
#19140 = FILL_AREA_STYLE_COLOUR('',#18048);
#19141 = OVER_RIDING_STYLED_ITEM('overriding color',(#19142),#11727,
  #17883);
#19142 = PRESENTATION_STYLE_ASSIGNMENT((#19143));
#19143 = SURFACE_STYLE_USAGE(.BOTH.,#19144);
#19144 = SURFACE_SIDE_STYLE('',(#19145));
#19145 = SURFACE_STYLE_FILL_AREA(#19146);
#19146 = FILL_AREA_STYLE('',(#19147));
#19147 = FILL_AREA_STYLE_COLOUR('',#18048);
#19148 = OVER_RIDING_STYLED_ITEM('overriding color',(#19149),#11757,
  #17883);
#19149 = PRESENTATION_STYLE_ASSIGNMENT((#19150));
#19150 = SURFACE_STYLE_USAGE(.BOTH.,#19151);
#19151 = SURFACE_SIDE_STYLE('',(#19152));
#19152 = SURFACE_STYLE_FILL_AREA(#19153);
#19153 = FILL_AREA_STYLE('',(#19154));
#19154 = FILL_AREA_STYLE_COLOUR('',#18048);
#19155 = OVER_RIDING_STYLED_ITEM('overriding color',(#19156),#11782,
  #17883);
#19156 = PRESENTATION_STYLE_ASSIGNMENT((#19157));
#19157 = SURFACE_STYLE_USAGE(.BOTH.,#19158);
#19158 = SURFACE_SIDE_STYLE('',(#19159));
#19159 = SURFACE_STYLE_FILL_AREA(#19160);
#19160 = FILL_AREA_STYLE('',(#19161));
#19161 = FILL_AREA_STYLE_COLOUR('',#18048);
#19162 = OVER_RIDING_STYLED_ITEM('overriding color',(#19163),#11806,
  #17883);
#19163 = PRESENTATION_STYLE_ASSIGNMENT((#19164));
#19164 = SURFACE_STYLE_USAGE(.BOTH.,#19165);
#19165 = SURFACE_SIDE_STYLE('',(#19166));
#19166 = SURFACE_STYLE_FILL_AREA(#19167);
#19167 = FILL_AREA_STYLE('',(#19168));
#19168 = FILL_AREA_STYLE_COLOUR('',#18048);
#19169 = OVER_RIDING_STYLED_ITEM('overriding color',(#19170),#11831,
  #17883);
#19170 = PRESENTATION_STYLE_ASSIGNMENT((#19171));
#19171 = SURFACE_STYLE_USAGE(.BOTH.,#19172);
#19172 = SURFACE_SIDE_STYLE('',(#19173));
#19173 = SURFACE_STYLE_FILL_AREA(#19174);
#19174 = FILL_AREA_STYLE('',(#19175));
#19175 = FILL_AREA_STYLE_COLOUR('',#18048);
#19176 = OVER_RIDING_STYLED_ITEM('overriding color',(#19177),#11871,
  #17883);
#19177 = PRESENTATION_STYLE_ASSIGNMENT((#19178));
#19178 = SURFACE_STYLE_USAGE(.BOTH.,#19179);
#19179 = SURFACE_SIDE_STYLE('',(#19180));
#19180 = SURFACE_STYLE_FILL_AREA(#19181);
#19181 = FILL_AREA_STYLE('',(#19182));
#19182 = FILL_AREA_STYLE_COLOUR('',#17927);
#19183 = OVER_RIDING_STYLED_ITEM('overriding color',(#19184),#11927,
  #17883);
#19184 = PRESENTATION_STYLE_ASSIGNMENT((#19185));
#19185 = SURFACE_STYLE_USAGE(.BOTH.,#19186);
#19186 = SURFACE_SIDE_STYLE('',(#19187));
#19187 = SURFACE_STYLE_FILL_AREA(#19188);
#19188 = FILL_AREA_STYLE('',(#19189));
#19189 = FILL_AREA_STYLE_COLOUR('',#18048);
#19190 = OVER_RIDING_STYLED_ITEM('overriding color',(#19191),#11992,
  #17883);
#19191 = PRESENTATION_STYLE_ASSIGNMENT((#19192));
#19192 = SURFACE_STYLE_USAGE(.BOTH.,#19193);
#19193 = SURFACE_SIDE_STYLE('',(#19194));
#19194 = SURFACE_STYLE_FILL_AREA(#19195);
#19195 = FILL_AREA_STYLE('',(#19196));
#19196 = FILL_AREA_STYLE_COLOUR('',#17898);
#19197 = OVER_RIDING_STYLED_ITEM('overriding color',(#19198),#12014,
  #17883);
#19198 = PRESENTATION_STYLE_ASSIGNMENT((#19199));
#19199 = SURFACE_STYLE_USAGE(.BOTH.,#19200);
#19200 = SURFACE_SIDE_STYLE('',(#19201));
#19201 = SURFACE_STYLE_FILL_AREA(#19202);
#19202 = FILL_AREA_STYLE('',(#19203));
#19203 = FILL_AREA_STYLE_COLOUR('',#18048);
#19204 = OVER_RIDING_STYLED_ITEM('overriding color',(#19205),#12038,
  #17883);
#19205 = PRESENTATION_STYLE_ASSIGNMENT((#19206));
#19206 = SURFACE_STYLE_USAGE(.BOTH.,#19207);
#19207 = SURFACE_SIDE_STYLE('',(#19208));
#19208 = SURFACE_STYLE_FILL_AREA(#19209);
#19209 = FILL_AREA_STYLE('',(#19210));
#19210 = FILL_AREA_STYLE_COLOUR('',#18048);
#19211 = OVER_RIDING_STYLED_ITEM('overriding color',(#19212),#12062,
  #17883);
#19212 = PRESENTATION_STYLE_ASSIGNMENT((#19213));
#19213 = SURFACE_STYLE_USAGE(.BOTH.,#19214);
#19214 = SURFACE_SIDE_STYLE('',(#19215));
#19215 = SURFACE_STYLE_FILL_AREA(#19216);
#19216 = FILL_AREA_STYLE('',(#19217));
#19217 = FILL_AREA_STYLE_COLOUR('',#18048);
#19218 = OVER_RIDING_STYLED_ITEM('overriding color',(#19219),#12099,
  #17883);
#19219 = PRESENTATION_STYLE_ASSIGNMENT((#19220));
#19220 = SURFACE_STYLE_USAGE(.BOTH.,#19221);
#19221 = SURFACE_SIDE_STYLE('',(#19222));
#19222 = SURFACE_STYLE_FILL_AREA(#19223);
#19223 = FILL_AREA_STYLE('',(#19224));
#19224 = FILL_AREA_STYLE_COLOUR('',#17898);
#19225 = OVER_RIDING_STYLED_ITEM('overriding color',(#19226),#12116,
  #17883);
#19226 = PRESENTATION_STYLE_ASSIGNMENT((#19227));
#19227 = SURFACE_STYLE_USAGE(.BOTH.,#19228);
#19228 = SURFACE_SIDE_STYLE('',(#19229));
#19229 = SURFACE_STYLE_FILL_AREA(#19230);
#19230 = FILL_AREA_STYLE('',(#19231));
#19231 = FILL_AREA_STYLE_COLOUR('',#18048);
#19232 = OVER_RIDING_STYLED_ITEM('overriding color',(#19233),#12256,
  #17883);
#19233 = PRESENTATION_STYLE_ASSIGNMENT((#19234));
#19234 = SURFACE_STYLE_USAGE(.BOTH.,#19235);
#19235 = SURFACE_SIDE_STYLE('',(#19236));
#19236 = SURFACE_STYLE_FILL_AREA(#19237);
#19237 = FILL_AREA_STYLE('',(#19238));
#19238 = FILL_AREA_STYLE_COLOUR('',#18048);
#19239 = OVER_RIDING_STYLED_ITEM('overriding color',(#19240),#12297,
  #17883);
#19240 = PRESENTATION_STYLE_ASSIGNMENT((#19241));
#19241 = SURFACE_STYLE_USAGE(.BOTH.,#19242);
#19242 = SURFACE_SIDE_STYLE('',(#19243));
#19243 = SURFACE_STYLE_FILL_AREA(#19244);
#19244 = FILL_AREA_STYLE('',(#19245));
#19245 = FILL_AREA_STYLE_COLOUR('',#17898);
#19246 = OVER_RIDING_STYLED_ITEM('overriding color',(#19247),#12321,
  #17883);
#19247 = PRESENTATION_STYLE_ASSIGNMENT((#19248));
#19248 = SURFACE_STYLE_USAGE(.BOTH.,#19249);
#19249 = SURFACE_SIDE_STYLE('',(#19250));
#19250 = SURFACE_STYLE_FILL_AREA(#19251);
#19251 = FILL_AREA_STYLE('',(#19252));
#19252 = FILL_AREA_STYLE_COLOUR('',#18048);
#19253 = OVER_RIDING_STYLED_ITEM('overriding color',(#19254),#12371,
  #17883);
#19254 = PRESENTATION_STYLE_ASSIGNMENT((#19255));
#19255 = SURFACE_STYLE_USAGE(.BOTH.,#19256);
#19256 = SURFACE_SIDE_STYLE('',(#19257));
#19257 = SURFACE_STYLE_FILL_AREA(#19258);
#19258 = FILL_AREA_STYLE('',(#19259));
#19259 = FILL_AREA_STYLE_COLOUR('',#18048);
#19260 = OVER_RIDING_STYLED_ITEM('overriding color',(#19261),#12398,
  #17883);
#19261 = PRESENTATION_STYLE_ASSIGNMENT((#19262));
#19262 = SURFACE_STYLE_USAGE(.BOTH.,#19263);
#19263 = SURFACE_SIDE_STYLE('',(#19264));
#19264 = SURFACE_STYLE_FILL_AREA(#19265);
#19265 = FILL_AREA_STYLE('',(#19266));
#19266 = FILL_AREA_STYLE_COLOUR('',#18048);
#19267 = OVER_RIDING_STYLED_ITEM('overriding color',(#19268),#12429,
  #17883);
#19268 = PRESENTATION_STYLE_ASSIGNMENT((#19269));
#19269 = SURFACE_STYLE_USAGE(.BOTH.,#19270);
#19270 = SURFACE_SIDE_STYLE('',(#19271));
#19271 = SURFACE_STYLE_FILL_AREA(#19272);
#19272 = FILL_AREA_STYLE('',(#19273));
#19273 = FILL_AREA_STYLE_COLOUR('',#18048);
#19274 = OVER_RIDING_STYLED_ITEM('overriding color',(#19275),#12478,
  #17883);
#19275 = PRESENTATION_STYLE_ASSIGNMENT((#19276));
#19276 = SURFACE_STYLE_USAGE(.BOTH.,#19277);
#19277 = SURFACE_SIDE_STYLE('',(#19278));
#19278 = SURFACE_STYLE_FILL_AREA(#19279);
#19279 = FILL_AREA_STYLE('',(#19280));
#19280 = FILL_AREA_STYLE_COLOUR('',#18048);
#19281 = OVER_RIDING_STYLED_ITEM('overriding color',(#19282),#12503,
  #17883);
#19282 = PRESENTATION_STYLE_ASSIGNMENT((#19283));
#19283 = SURFACE_STYLE_USAGE(.BOTH.,#19284);
#19284 = SURFACE_SIDE_STYLE('',(#19285));
#19285 = SURFACE_STYLE_FILL_AREA(#19286);
#19286 = FILL_AREA_STYLE('',(#19287));
#19287 = FILL_AREA_STYLE_COLOUR('',#18048);
#19288 = OVER_RIDING_STYLED_ITEM('overriding color',(#19289),#12527,
  #17883);
#19289 = PRESENTATION_STYLE_ASSIGNMENT((#19290));
#19290 = SURFACE_STYLE_USAGE(.BOTH.,#19291);
#19291 = SURFACE_SIDE_STYLE('',(#19292));
#19292 = SURFACE_STYLE_FILL_AREA(#19293);
#19293 = FILL_AREA_STYLE('',(#19294));
#19294 = FILL_AREA_STYLE_COLOUR('',#17898);
#19295 = OVER_RIDING_STYLED_ITEM('overriding color',(#19296),#12589,
  #17883);
#19296 = PRESENTATION_STYLE_ASSIGNMENT((#19297));
#19297 = SURFACE_STYLE_USAGE(.BOTH.,#19298);
#19298 = SURFACE_SIDE_STYLE('',(#19299));
#19299 = SURFACE_STYLE_FILL_AREA(#19300);
#19300 = FILL_AREA_STYLE('',(#19301));
#19301 = FILL_AREA_STYLE_COLOUR('',#18048);
#19302 = OVER_RIDING_STYLED_ITEM('overriding color',(#19303),#12614,
  #17883);
#19303 = PRESENTATION_STYLE_ASSIGNMENT((#19304));
#19304 = SURFACE_STYLE_USAGE(.BOTH.,#19305);
#19305 = SURFACE_SIDE_STYLE('',(#19306));
#19306 = SURFACE_STYLE_FILL_AREA(#19307);
#19307 = FILL_AREA_STYLE('',(#19308));
#19308 = FILL_AREA_STYLE_COLOUR('',#18048);
#19309 = OVER_RIDING_STYLED_ITEM('overriding color',(#19310),#12655,
  #17883);
#19310 = PRESENTATION_STYLE_ASSIGNMENT((#19311));
#19311 = SURFACE_STYLE_USAGE(.BOTH.,#19312);
#19312 = SURFACE_SIDE_STYLE('',(#19313));
#19313 = SURFACE_STYLE_FILL_AREA(#19314);
#19314 = FILL_AREA_STYLE('',(#19315));
#19315 = FILL_AREA_STYLE_COLOUR('',#18048);
#19316 = OVER_RIDING_STYLED_ITEM('overriding color',(#19317),#12673,
  #17883);
#19317 = PRESENTATION_STYLE_ASSIGNMENT((#19318));
#19318 = SURFACE_STYLE_USAGE(.BOTH.,#19319);
#19319 = SURFACE_SIDE_STYLE('',(#19320));
#19320 = SURFACE_STYLE_FILL_AREA(#19321);
#19321 = FILL_AREA_STYLE('',(#19322));
#19322 = FILL_AREA_STYLE_COLOUR('',#17927);
#19323 = OVER_RIDING_STYLED_ITEM('overriding color',(#19324),#12691,
  #17883);
#19324 = PRESENTATION_STYLE_ASSIGNMENT((#19325));
#19325 = SURFACE_STYLE_USAGE(.BOTH.,#19326);
#19326 = SURFACE_SIDE_STYLE('',(#19327));
#19327 = SURFACE_STYLE_FILL_AREA(#19328);
#19328 = FILL_AREA_STYLE('',(#19329));
#19329 = FILL_AREA_STYLE_COLOUR('',#17927);
#19330 = OVER_RIDING_STYLED_ITEM('overriding color',(#19331),#12726,
  #17883);
#19331 = PRESENTATION_STYLE_ASSIGNMENT((#19332));
#19332 = SURFACE_STYLE_USAGE(.BOTH.,#19333);
#19333 = SURFACE_SIDE_STYLE('',(#19334));
#19334 = SURFACE_STYLE_FILL_AREA(#19335);
#19335 = FILL_AREA_STYLE('',(#19336));
#19336 = FILL_AREA_STYLE_COLOUR('',#17898);
#19337 = OVER_RIDING_STYLED_ITEM('overriding color',(#19338),#12766,
  #17883);
#19338 = PRESENTATION_STYLE_ASSIGNMENT((#19339));
#19339 = SURFACE_STYLE_USAGE(.BOTH.,#19340);
#19340 = SURFACE_SIDE_STYLE('',(#19341));
#19341 = SURFACE_STYLE_FILL_AREA(#19342);
#19342 = FILL_AREA_STYLE('',(#19343));
#19343 = FILL_AREA_STYLE_COLOUR('',#17898);
#19344 = OVER_RIDING_STYLED_ITEM('overriding color',(#19345),#12806,
  #17883);
#19345 = PRESENTATION_STYLE_ASSIGNMENT((#19346));
#19346 = SURFACE_STYLE_USAGE(.BOTH.,#19347);
#19347 = SURFACE_SIDE_STYLE('',(#19348));
#19348 = SURFACE_STYLE_FILL_AREA(#19349);
#19349 = FILL_AREA_STYLE('',(#19350));
#19350 = FILL_AREA_STYLE_COLOUR('',#17898);
#19351 = OVER_RIDING_STYLED_ITEM('overriding color',(#19352),#12837,
  #17883);
#19352 = PRESENTATION_STYLE_ASSIGNMENT((#19353));
#19353 = SURFACE_STYLE_USAGE(.BOTH.,#19354);
#19354 = SURFACE_SIDE_STYLE('',(#19355));
#19355 = SURFACE_STYLE_FILL_AREA(#19356);
#19356 = FILL_AREA_STYLE('',(#19357));
#19357 = FILL_AREA_STYLE_COLOUR('',#17898);
#19358 = OVER_RIDING_STYLED_ITEM('overriding color',(#19359),#12868,
  #17883);
#19359 = PRESENTATION_STYLE_ASSIGNMENT((#19360));
#19360 = SURFACE_STYLE_USAGE(.BOTH.,#19361);
#19361 = SURFACE_SIDE_STYLE('',(#19362));
#19362 = SURFACE_STYLE_FILL_AREA(#19363);
#19363 = FILL_AREA_STYLE('',(#19364));
#19364 = FILL_AREA_STYLE_COLOUR('',#17898);
#19365 = OVER_RIDING_STYLED_ITEM('overriding color',(#19366),#12901,
  #17883);
#19366 = PRESENTATION_STYLE_ASSIGNMENT((#19367));
#19367 = SURFACE_STYLE_USAGE(.BOTH.,#19368);
#19368 = SURFACE_SIDE_STYLE('',(#19369));
#19369 = SURFACE_STYLE_FILL_AREA(#19370);
#19370 = FILL_AREA_STYLE('',(#19371));
#19371 = FILL_AREA_STYLE_COLOUR('',#17898);
#19372 = OVER_RIDING_STYLED_ITEM('overriding color',(#19373),#12934,
  #17883);
#19373 = PRESENTATION_STYLE_ASSIGNMENT((#19374));
#19374 = SURFACE_STYLE_USAGE(.BOTH.,#19375);
#19375 = SURFACE_SIDE_STYLE('',(#19376));
#19376 = SURFACE_STYLE_FILL_AREA(#19377);
#19377 = FILL_AREA_STYLE('',(#19378));
#19378 = FILL_AREA_STYLE_COLOUR('',#17898);
#19379 = OVER_RIDING_STYLED_ITEM('overriding color',(#19380),#12974,
  #17883);
#19380 = PRESENTATION_STYLE_ASSIGNMENT((#19381));
#19381 = SURFACE_STYLE_USAGE(.BOTH.,#19382);
#19382 = SURFACE_SIDE_STYLE('',(#19383));
#19383 = SURFACE_STYLE_FILL_AREA(#19384);
#19384 = FILL_AREA_STYLE('',(#19385));
#19385 = FILL_AREA_STYLE_COLOUR('',#17898);
#19386 = OVER_RIDING_STYLED_ITEM('overriding color',(#19387),#13005,
  #17883);
#19387 = PRESENTATION_STYLE_ASSIGNMENT((#19388));
#19388 = SURFACE_STYLE_USAGE(.BOTH.,#19389);
#19389 = SURFACE_SIDE_STYLE('',(#19390));
#19390 = SURFACE_STYLE_FILL_AREA(#19391);
#19391 = FILL_AREA_STYLE('',(#19392));
#19392 = FILL_AREA_STYLE_COLOUR('',#17898);
#19393 = OVER_RIDING_STYLED_ITEM('overriding color',(#19394),#13036,
  #17883);
#19394 = PRESENTATION_STYLE_ASSIGNMENT((#19395));
#19395 = SURFACE_STYLE_USAGE(.BOTH.,#19396);
#19396 = SURFACE_SIDE_STYLE('',(#19397));
#19397 = SURFACE_STYLE_FILL_AREA(#19398);
#19398 = FILL_AREA_STYLE('',(#19399));
#19399 = FILL_AREA_STYLE_COLOUR('',#17898);
#19400 = OVER_RIDING_STYLED_ITEM('overriding color',(#19401),#13068,
  #17883);
#19401 = PRESENTATION_STYLE_ASSIGNMENT((#19402));
#19402 = SURFACE_STYLE_USAGE(.BOTH.,#19403);
#19403 = SURFACE_SIDE_STYLE('',(#19404));
#19404 = SURFACE_STYLE_FILL_AREA(#19405);
#19405 = FILL_AREA_STYLE('',(#19406));
#19406 = FILL_AREA_STYLE_COLOUR('',#17898);
#19407 = OVER_RIDING_STYLED_ITEM('overriding color',(#19408),#13092,
  #17883);
#19408 = PRESENTATION_STYLE_ASSIGNMENT((#19409));
#19409 = SURFACE_STYLE_USAGE(.BOTH.,#19410);
#19410 = SURFACE_SIDE_STYLE('',(#19411));
#19411 = SURFACE_STYLE_FILL_AREA(#19412);
#19412 = FILL_AREA_STYLE('',(#19413));
#19413 = FILL_AREA_STYLE_COLOUR('',#17898);
#19414 = OVER_RIDING_STYLED_ITEM('overriding color',(#19415),#13126,
  #17883);
#19415 = PRESENTATION_STYLE_ASSIGNMENT((#19416));
#19416 = SURFACE_STYLE_USAGE(.BOTH.,#19417);
#19417 = SURFACE_SIDE_STYLE('',(#19418));
#19418 = SURFACE_STYLE_FILL_AREA(#19419);
#19419 = FILL_AREA_STYLE('',(#19420));
#19420 = FILL_AREA_STYLE_COLOUR('',#17898);
#19421 = OVER_RIDING_STYLED_ITEM('overriding color',(#19422),#13157,
  #17883);
#19422 = PRESENTATION_STYLE_ASSIGNMENT((#19423));
#19423 = SURFACE_STYLE_USAGE(.BOTH.,#19424);
#19424 = SURFACE_SIDE_STYLE('',(#19425));
#19425 = SURFACE_STYLE_FILL_AREA(#19426);
#19426 = FILL_AREA_STYLE('',(#19427));
#19427 = FILL_AREA_STYLE_COLOUR('',#17898);
#19428 = OVER_RIDING_STYLED_ITEM('overriding color',(#19429),#13188,
  #17883);
#19429 = PRESENTATION_STYLE_ASSIGNMENT((#19430));
#19430 = SURFACE_STYLE_USAGE(.BOTH.,#19431);
#19431 = SURFACE_SIDE_STYLE('',(#19432));
#19432 = SURFACE_STYLE_FILL_AREA(#19433);
#19433 = FILL_AREA_STYLE('',(#19434));
#19434 = FILL_AREA_STYLE_COLOUR('',#17898);
#19435 = OVER_RIDING_STYLED_ITEM('overriding color',(#19436),#13219,
  #17883);
#19436 = PRESENTATION_STYLE_ASSIGNMENT((#19437));
#19437 = SURFACE_STYLE_USAGE(.BOTH.,#19438);
#19438 = SURFACE_SIDE_STYLE('',(#19439));
#19439 = SURFACE_STYLE_FILL_AREA(#19440);
#19440 = FILL_AREA_STYLE('',(#19441));
#19441 = FILL_AREA_STYLE_COLOUR('',#17898);
#19442 = OVER_RIDING_STYLED_ITEM('overriding color',(#19443),#13259,
  #17883);
#19443 = PRESENTATION_STYLE_ASSIGNMENT((#19444));
#19444 = SURFACE_STYLE_USAGE(.BOTH.,#19445);
#19445 = SURFACE_SIDE_STYLE('',(#19446));
#19446 = SURFACE_STYLE_FILL_AREA(#19447);
#19447 = FILL_AREA_STYLE('',(#19448));
#19448 = FILL_AREA_STYLE_COLOUR('',#17898);
#19449 = OVER_RIDING_STYLED_ITEM('overriding color',(#19450),#13290,
  #17883);
#19450 = PRESENTATION_STYLE_ASSIGNMENT((#19451));
#19451 = SURFACE_STYLE_USAGE(.BOTH.,#19452);
#19452 = SURFACE_SIDE_STYLE('',(#19453));
#19453 = SURFACE_STYLE_FILL_AREA(#19454);
#19454 = FILL_AREA_STYLE('',(#19455));
#19455 = FILL_AREA_STYLE_COLOUR('',#17898);
#19456 = OVER_RIDING_STYLED_ITEM('overriding color',(#19457),#13321,
  #17883);
#19457 = PRESENTATION_STYLE_ASSIGNMENT((#19458));
#19458 = SURFACE_STYLE_USAGE(.BOTH.,#19459);
#19459 = SURFACE_SIDE_STYLE('',(#19460));
#19460 = SURFACE_STYLE_FILL_AREA(#19461);
#19461 = FILL_AREA_STYLE('',(#19462));
#19462 = FILL_AREA_STYLE_COLOUR('',#17898);
#19463 = OVER_RIDING_STYLED_ITEM('overriding color',(#19464),#13352,
  #17883);
#19464 = PRESENTATION_STYLE_ASSIGNMENT((#19465));
#19465 = SURFACE_STYLE_USAGE(.BOTH.,#19466);
#19466 = SURFACE_SIDE_STYLE('',(#19467));
#19467 = SURFACE_STYLE_FILL_AREA(#19468);
#19468 = FILL_AREA_STYLE('',(#19469));
#19469 = FILL_AREA_STYLE_COLOUR('',#17898);
#19470 = OVER_RIDING_STYLED_ITEM('overriding color',(#19471),#13384,
  #17883);
#19471 = PRESENTATION_STYLE_ASSIGNMENT((#19472));
#19472 = SURFACE_STYLE_USAGE(.BOTH.,#19473);
#19473 = SURFACE_SIDE_STYLE('',(#19474));
#19474 = SURFACE_STYLE_FILL_AREA(#19475);
#19475 = FILL_AREA_STYLE('',(#19476));
#19476 = FILL_AREA_STYLE_COLOUR('',#17898);
#19477 = OVER_RIDING_STYLED_ITEM('overriding color',(#19478),#13408,
  #17883);
#19478 = PRESENTATION_STYLE_ASSIGNMENT((#19479));
#19479 = SURFACE_STYLE_USAGE(.BOTH.,#19480);
#19480 = SURFACE_SIDE_STYLE('',(#19481));
#19481 = SURFACE_STYLE_FILL_AREA(#19482);
#19482 = FILL_AREA_STYLE('',(#19483));
#19483 = FILL_AREA_STYLE_COLOUR('',#17898);
#19484 = OVER_RIDING_STYLED_ITEM('overriding color',(#19485),#13442,
  #17883);
#19485 = PRESENTATION_STYLE_ASSIGNMENT((#19486));
#19486 = SURFACE_STYLE_USAGE(.BOTH.,#19487);
#19487 = SURFACE_SIDE_STYLE('',(#19488));
#19488 = SURFACE_STYLE_FILL_AREA(#19489);
#19489 = FILL_AREA_STYLE('',(#19490));
#19490 = FILL_AREA_STYLE_COLOUR('',#17898);
#19491 = OVER_RIDING_STYLED_ITEM('overriding color',(#19492),#13473,
  #17883);
#19492 = PRESENTATION_STYLE_ASSIGNMENT((#19493));
#19493 = SURFACE_STYLE_USAGE(.BOTH.,#19494);
#19494 = SURFACE_SIDE_STYLE('',(#19495));
#19495 = SURFACE_STYLE_FILL_AREA(#19496);
#19496 = FILL_AREA_STYLE('',(#19497));
#19497 = FILL_AREA_STYLE_COLOUR('',#17898);
#19498 = OVER_RIDING_STYLED_ITEM('overriding color',(#19499),#13504,
  #17883);
#19499 = PRESENTATION_STYLE_ASSIGNMENT((#19500));
#19500 = SURFACE_STYLE_USAGE(.BOTH.,#19501);
#19501 = SURFACE_SIDE_STYLE('',(#19502));
#19502 = SURFACE_STYLE_FILL_AREA(#19503);
#19503 = FILL_AREA_STYLE('',(#19504));
#19504 = FILL_AREA_STYLE_COLOUR('',#17898);
#19505 = OVER_RIDING_STYLED_ITEM('overriding color',(#19506),#13535,
  #17883);
#19506 = PRESENTATION_STYLE_ASSIGNMENT((#19507));
#19507 = SURFACE_STYLE_USAGE(.BOTH.,#19508);
#19508 = SURFACE_SIDE_STYLE('',(#19509));
#19509 = SURFACE_STYLE_FILL_AREA(#19510);
#19510 = FILL_AREA_STYLE('',(#19511));
#19511 = FILL_AREA_STYLE_COLOUR('',#17898);
#19512 = OVER_RIDING_STYLED_ITEM('overriding color',(#19513),#13566,
  #17883);
#19513 = PRESENTATION_STYLE_ASSIGNMENT((#19514));
#19514 = SURFACE_STYLE_USAGE(.BOTH.,#19515);
#19515 = SURFACE_SIDE_STYLE('',(#19516));
#19516 = SURFACE_STYLE_FILL_AREA(#19517);
#19517 = FILL_AREA_STYLE('',(#19518));
#19518 = FILL_AREA_STYLE_COLOUR('',#17898);
#19519 = OVER_RIDING_STYLED_ITEM('overriding color',(#19520),#13605,
  #17883);
#19520 = PRESENTATION_STYLE_ASSIGNMENT((#19521));
#19521 = SURFACE_STYLE_USAGE(.BOTH.,#19522);
#19522 = SURFACE_SIDE_STYLE('',(#19523));
#19523 = SURFACE_STYLE_FILL_AREA(#19524);
#19524 = FILL_AREA_STYLE('',(#19525));
#19525 = FILL_AREA_STYLE_COLOUR('',#17898);
#19526 = OVER_RIDING_STYLED_ITEM('overriding color',(#19527),#13629,
  #17883);
#19527 = PRESENTATION_STYLE_ASSIGNMENT((#19528));
#19528 = SURFACE_STYLE_USAGE(.BOTH.,#19529);
#19529 = SURFACE_SIDE_STYLE('',(#19530));
#19530 = SURFACE_STYLE_FILL_AREA(#19531);
#19531 = FILL_AREA_STYLE('',(#19532));
#19532 = FILL_AREA_STYLE_COLOUR('',#17898);
#19533 = OVER_RIDING_STYLED_ITEM('overriding color',(#19534),#13660,
  #17883);
#19534 = PRESENTATION_STYLE_ASSIGNMENT((#19535));
#19535 = SURFACE_STYLE_USAGE(.BOTH.,#19536);
#19536 = SURFACE_SIDE_STYLE('',(#19537));
#19537 = SURFACE_STYLE_FILL_AREA(#19538);
#19538 = FILL_AREA_STYLE('',(#19539));
#19539 = FILL_AREA_STYLE_COLOUR('',#17898);
#19540 = OVER_RIDING_STYLED_ITEM('overriding color',(#19541),#13684,
  #17883);
#19541 = PRESENTATION_STYLE_ASSIGNMENT((#19542));
#19542 = SURFACE_STYLE_USAGE(.BOTH.,#19543);
#19543 = SURFACE_SIDE_STYLE('',(#19544));
#19544 = SURFACE_STYLE_FILL_AREA(#19545);
#19545 = FILL_AREA_STYLE('',(#19546));
#19546 = FILL_AREA_STYLE_COLOUR('',#17898);
#19547 = OVER_RIDING_STYLED_ITEM('overriding color',(#19548),#13708,
  #17883);
#19548 = PRESENTATION_STYLE_ASSIGNMENT((#19549));
#19549 = SURFACE_STYLE_USAGE(.BOTH.,#19550);
#19550 = SURFACE_SIDE_STYLE('',(#19551));
#19551 = SURFACE_STYLE_FILL_AREA(#19552);
#19552 = FILL_AREA_STYLE('',(#19553));
#19553 = FILL_AREA_STYLE_COLOUR('',#17898);
#19554 = OVER_RIDING_STYLED_ITEM('overriding color',(#19555),#13732,
  #17883);
#19555 = PRESENTATION_STYLE_ASSIGNMENT((#19556));
#19556 = SURFACE_STYLE_USAGE(.BOTH.,#19557);
#19557 = SURFACE_SIDE_STYLE('',(#19558));
#19558 = SURFACE_STYLE_FILL_AREA(#19559);
#19559 = FILL_AREA_STYLE('',(#19560));
#19560 = FILL_AREA_STYLE_COLOUR('',#17898);
#19561 = OVER_RIDING_STYLED_ITEM('overriding color',(#19562),#13756,
  #17883);
#19562 = PRESENTATION_STYLE_ASSIGNMENT((#19563));
#19563 = SURFACE_STYLE_USAGE(.BOTH.,#19564);
#19564 = SURFACE_SIDE_STYLE('',(#19565));
#19565 = SURFACE_STYLE_FILL_AREA(#19566);
#19566 = FILL_AREA_STYLE('',(#19567));
#19567 = FILL_AREA_STYLE_COLOUR('',#17898);
#19568 = OVER_RIDING_STYLED_ITEM('overriding color',(#19569),#13789,
  #17883);
#19569 = PRESENTATION_STYLE_ASSIGNMENT((#19570));
#19570 = SURFACE_STYLE_USAGE(.BOTH.,#19571);
#19571 = SURFACE_SIDE_STYLE('',(#19572));
#19572 = SURFACE_STYLE_FILL_AREA(#19573);
#19573 = FILL_AREA_STYLE('',(#19574));
#19574 = FILL_AREA_STYLE_COLOUR('',#17898);
#19575 = OVER_RIDING_STYLED_ITEM('overriding color',(#19576),#13829,
  #17883);
#19576 = PRESENTATION_STYLE_ASSIGNMENT((#19577));
#19577 = SURFACE_STYLE_USAGE(.BOTH.,#19578);
#19578 = SURFACE_SIDE_STYLE('',(#19579));
#19579 = SURFACE_STYLE_FILL_AREA(#19580);
#19580 = FILL_AREA_STYLE('',(#19581));
#19581 = FILL_AREA_STYLE_COLOUR('',#17898);
#19582 = OVER_RIDING_STYLED_ITEM('overriding color',(#19583),#13860,
  #17883);
#19583 = PRESENTATION_STYLE_ASSIGNMENT((#19584));
#19584 = SURFACE_STYLE_USAGE(.BOTH.,#19585);
#19585 = SURFACE_SIDE_STYLE('',(#19586));
#19586 = SURFACE_STYLE_FILL_AREA(#19587);
#19587 = FILL_AREA_STYLE('',(#19588));
#19588 = FILL_AREA_STYLE_COLOUR('',#17898);
#19589 = OVER_RIDING_STYLED_ITEM('overriding color',(#19590),#13882,
  #17883);
#19590 = PRESENTATION_STYLE_ASSIGNMENT((#19591));
#19591 = SURFACE_STYLE_USAGE(.BOTH.,#19592);
#19592 = SURFACE_SIDE_STYLE('',(#19593));
#19593 = SURFACE_STYLE_FILL_AREA(#19594);
#19594 = FILL_AREA_STYLE('',(#19595));
#19595 = FILL_AREA_STYLE_COLOUR('',#17898);
#19596 = OVER_RIDING_STYLED_ITEM('overriding color',(#19597),#13922,
  #17883);
#19597 = PRESENTATION_STYLE_ASSIGNMENT((#19598));
#19598 = SURFACE_STYLE_USAGE(.BOTH.,#19599);
#19599 = SURFACE_SIDE_STYLE('',(#19600));
#19600 = SURFACE_STYLE_FILL_AREA(#19601);
#19601 = FILL_AREA_STYLE('',(#19602));
#19602 = FILL_AREA_STYLE_COLOUR('',#17898);
#19603 = OVER_RIDING_STYLED_ITEM('overriding color',(#19604),#13944,
  #17883);
#19604 = PRESENTATION_STYLE_ASSIGNMENT((#19605));
#19605 = SURFACE_STYLE_USAGE(.BOTH.,#19606);
#19606 = SURFACE_SIDE_STYLE('',(#19607));
#19607 = SURFACE_STYLE_FILL_AREA(#19608);
#19608 = FILL_AREA_STYLE('',(#19609));
#19609 = FILL_AREA_STYLE_COLOUR('',#17898);
#19610 = OVER_RIDING_STYLED_ITEM('overriding color',(#19611),#13977,
  #17883);
#19611 = PRESENTATION_STYLE_ASSIGNMENT((#19612));
#19612 = SURFACE_STYLE_USAGE(.BOTH.,#19613);
#19613 = SURFACE_SIDE_STYLE('',(#19614));
#19614 = SURFACE_STYLE_FILL_AREA(#19615);
#19615 = FILL_AREA_STYLE('',(#19616));
#19616 = FILL_AREA_STYLE_COLOUR('',#17898);
#19617 = OVER_RIDING_STYLED_ITEM('overriding color',(#19618),#14010,
  #17883);
#19618 = PRESENTATION_STYLE_ASSIGNMENT((#19619));
#19619 = SURFACE_STYLE_USAGE(.BOTH.,#19620);
#19620 = SURFACE_SIDE_STYLE('',(#19621));
#19621 = SURFACE_STYLE_FILL_AREA(#19622);
#19622 = FILL_AREA_STYLE('',(#19623));
#19623 = FILL_AREA_STYLE_COLOUR('',#17898);
#19624 = OVER_RIDING_STYLED_ITEM('overriding color',(#19625),#14034,
  #17883);
#19625 = PRESENTATION_STYLE_ASSIGNMENT((#19626));
#19626 = SURFACE_STYLE_USAGE(.BOTH.,#19627);
#19627 = SURFACE_SIDE_STYLE('',(#19628));
#19628 = SURFACE_STYLE_FILL_AREA(#19629);
#19629 = FILL_AREA_STYLE('',(#19630));
#19630 = FILL_AREA_STYLE_COLOUR('',#17898);
#19631 = OVER_RIDING_STYLED_ITEM('overriding color',(#19632),#14046,
  #17883);
#19632 = PRESENTATION_STYLE_ASSIGNMENT((#19633));
#19633 = SURFACE_STYLE_USAGE(.BOTH.,#19634);
#19634 = SURFACE_SIDE_STYLE('',(#19635));
#19635 = SURFACE_STYLE_FILL_AREA(#19636);
#19636 = FILL_AREA_STYLE('',(#19637));
#19637 = FILL_AREA_STYLE_COLOUR('',#17898);
#19638 = OVER_RIDING_STYLED_ITEM('overriding color',(#19639),#14072,
  #17883);
#19639 = PRESENTATION_STYLE_ASSIGNMENT((#19640));
#19640 = SURFACE_STYLE_USAGE(.BOTH.,#19641);
#19641 = SURFACE_SIDE_STYLE('',(#19642));
#19642 = SURFACE_STYLE_FILL_AREA(#19643);
#19643 = FILL_AREA_STYLE('',(#19644));
#19644 = FILL_AREA_STYLE_COLOUR('',#17898);
#19645 = OVER_RIDING_STYLED_ITEM('overriding color',(#19646),#14096,
  #17883);
#19646 = PRESENTATION_STYLE_ASSIGNMENT((#19647));
#19647 = SURFACE_STYLE_USAGE(.BOTH.,#19648);
#19648 = SURFACE_SIDE_STYLE('',(#19649));
#19649 = SURFACE_STYLE_FILL_AREA(#19650);
#19650 = FILL_AREA_STYLE('',(#19651));
#19651 = FILL_AREA_STYLE_COLOUR('',#17898);
#19652 = OVER_RIDING_STYLED_ITEM('overriding color',(#19653),#14120,
  #17883);
#19653 = PRESENTATION_STYLE_ASSIGNMENT((#19654));
#19654 = SURFACE_STYLE_USAGE(.BOTH.,#19655);
#19655 = SURFACE_SIDE_STYLE('',(#19656));
#19656 = SURFACE_STYLE_FILL_AREA(#19657);
#19657 = FILL_AREA_STYLE('',(#19658));
#19658 = FILL_AREA_STYLE_COLOUR('',#17898);
#19659 = OVER_RIDING_STYLED_ITEM('overriding color',(#19660),#14137,
  #17883);
#19660 = PRESENTATION_STYLE_ASSIGNMENT((#19661));
#19661 = SURFACE_STYLE_USAGE(.BOTH.,#19662);
#19662 = SURFACE_SIDE_STYLE('',(#19663));
#19663 = SURFACE_STYLE_FILL_AREA(#19664);
#19664 = FILL_AREA_STYLE('',(#19665));
#19665 = FILL_AREA_STYLE_COLOUR('',#17898);
#19666 = OVER_RIDING_STYLED_ITEM('overriding color',(#19667),#14161,
  #17883);
#19667 = PRESENTATION_STYLE_ASSIGNMENT((#19668));
#19668 = SURFACE_STYLE_USAGE(.BOTH.,#19669);
#19669 = SURFACE_SIDE_STYLE('',(#19670));
#19670 = SURFACE_STYLE_FILL_AREA(#19671);
#19671 = FILL_AREA_STYLE('',(#19672));
#19672 = FILL_AREA_STYLE_COLOUR('',#17898);
#19673 = OVER_RIDING_STYLED_ITEM('overriding color',(#19674),#14185,
  #17883);
#19674 = PRESENTATION_STYLE_ASSIGNMENT((#19675));
#19675 = SURFACE_STYLE_USAGE(.BOTH.,#19676);
#19676 = SURFACE_SIDE_STYLE('',(#19677));
#19677 = SURFACE_STYLE_FILL_AREA(#19678);
#19678 = FILL_AREA_STYLE('',(#19679));
#19679 = FILL_AREA_STYLE_COLOUR('',#17898);
#19680 = OVER_RIDING_STYLED_ITEM('overriding color',(#19681),#14209,
  #17883);
#19681 = PRESENTATION_STYLE_ASSIGNMENT((#19682));
#19682 = SURFACE_STYLE_USAGE(.BOTH.,#19683);
#19683 = SURFACE_SIDE_STYLE('',(#19684));
#19684 = SURFACE_STYLE_FILL_AREA(#19685);
#19685 = FILL_AREA_STYLE('',(#19686));
#19686 = FILL_AREA_STYLE_COLOUR('',#17898);
#19687 = OVER_RIDING_STYLED_ITEM('overriding color',(#19688),#14242,
  #17883);
#19688 = PRESENTATION_STYLE_ASSIGNMENT((#19689));
#19689 = SURFACE_STYLE_USAGE(.BOTH.,#19690);
#19690 = SURFACE_SIDE_STYLE('',(#19691));
#19691 = SURFACE_STYLE_FILL_AREA(#19692);
#19692 = FILL_AREA_STYLE('',(#19693));
#19693 = FILL_AREA_STYLE_COLOUR('',#17898);
#19694 = OVER_RIDING_STYLED_ITEM('overriding color',(#19695),#14282,
  #17883);
#19695 = PRESENTATION_STYLE_ASSIGNMENT((#19696));
#19696 = SURFACE_STYLE_USAGE(.BOTH.,#19697);
#19697 = SURFACE_SIDE_STYLE('',(#19698));
#19698 = SURFACE_STYLE_FILL_AREA(#19699);
#19699 = FILL_AREA_STYLE('',(#19700));
#19700 = FILL_AREA_STYLE_COLOUR('',#17898);
#19701 = OVER_RIDING_STYLED_ITEM('overriding color',(#19702),#14313,
  #17883);
#19702 = PRESENTATION_STYLE_ASSIGNMENT((#19703));
#19703 = SURFACE_STYLE_USAGE(.BOTH.,#19704);
#19704 = SURFACE_SIDE_STYLE('',(#19705));
#19705 = SURFACE_STYLE_FILL_AREA(#19706);
#19706 = FILL_AREA_STYLE('',(#19707));
#19707 = FILL_AREA_STYLE_COLOUR('',#17898);
#19708 = OVER_RIDING_STYLED_ITEM('overriding color',(#19709),#14335,
  #17883);
#19709 = PRESENTATION_STYLE_ASSIGNMENT((#19710));
#19710 = SURFACE_STYLE_USAGE(.BOTH.,#19711);
#19711 = SURFACE_SIDE_STYLE('',(#19712));
#19712 = SURFACE_STYLE_FILL_AREA(#19713);
#19713 = FILL_AREA_STYLE('',(#19714));
#19714 = FILL_AREA_STYLE_COLOUR('',#17898);
#19715 = OVER_RIDING_STYLED_ITEM('overriding color',(#19716),#14375,
  #17883);
#19716 = PRESENTATION_STYLE_ASSIGNMENT((#19717));
#19717 = SURFACE_STYLE_USAGE(.BOTH.,#19718);
#19718 = SURFACE_SIDE_STYLE('',(#19719));
#19719 = SURFACE_STYLE_FILL_AREA(#19720);
#19720 = FILL_AREA_STYLE('',(#19721));
#19721 = FILL_AREA_STYLE_COLOUR('',#17898);
#19722 = OVER_RIDING_STYLED_ITEM('overriding color',(#19723),#14397,
  #17883);
#19723 = PRESENTATION_STYLE_ASSIGNMENT((#19724));
#19724 = SURFACE_STYLE_USAGE(.BOTH.,#19725);
#19725 = SURFACE_SIDE_STYLE('',(#19726));
#19726 = SURFACE_STYLE_FILL_AREA(#19727);
#19727 = FILL_AREA_STYLE('',(#19728));
#19728 = FILL_AREA_STYLE_COLOUR('',#17898);
#19729 = OVER_RIDING_STYLED_ITEM('overriding color',(#19730),#14430,
  #17883);
#19730 = PRESENTATION_STYLE_ASSIGNMENT((#19731));
#19731 = SURFACE_STYLE_USAGE(.BOTH.,#19732);
#19732 = SURFACE_SIDE_STYLE('',(#19733));
#19733 = SURFACE_STYLE_FILL_AREA(#19734);
#19734 = FILL_AREA_STYLE('',(#19735));
#19735 = FILL_AREA_STYLE_COLOUR('',#17898);
#19736 = OVER_RIDING_STYLED_ITEM('overriding color',(#19737),#14463,
  #17883);
#19737 = PRESENTATION_STYLE_ASSIGNMENT((#19738));
#19738 = SURFACE_STYLE_USAGE(.BOTH.,#19739);
#19739 = SURFACE_SIDE_STYLE('',(#19740));
#19740 = SURFACE_STYLE_FILL_AREA(#19741);
#19741 = FILL_AREA_STYLE('',(#19742));
#19742 = FILL_AREA_STYLE_COLOUR('',#17898);
#19743 = OVER_RIDING_STYLED_ITEM('overriding color',(#19744),#14487,
  #17883);
#19744 = PRESENTATION_STYLE_ASSIGNMENT((#19745));
#19745 = SURFACE_STYLE_USAGE(.BOTH.,#19746);
#19746 = SURFACE_SIDE_STYLE('',(#19747));
#19747 = SURFACE_STYLE_FILL_AREA(#19748);
#19748 = FILL_AREA_STYLE('',(#19749));
#19749 = FILL_AREA_STYLE_COLOUR('',#17898);
#19750 = OVER_RIDING_STYLED_ITEM('overriding color',(#19751),#14499,
  #17883);
#19751 = PRESENTATION_STYLE_ASSIGNMENT((#19752));
#19752 = SURFACE_STYLE_USAGE(.BOTH.,#19753);
#19753 = SURFACE_SIDE_STYLE('',(#19754));
#19754 = SURFACE_STYLE_FILL_AREA(#19755);
#19755 = FILL_AREA_STYLE('',(#19756));
#19756 = FILL_AREA_STYLE_COLOUR('',#17898);
#19757 = OVER_RIDING_STYLED_ITEM('overriding color',(#19758),#14525,
  #17883);
#19758 = PRESENTATION_STYLE_ASSIGNMENT((#19759));
#19759 = SURFACE_STYLE_USAGE(.BOTH.,#19760);
#19760 = SURFACE_SIDE_STYLE('',(#19761));
#19761 = SURFACE_STYLE_FILL_AREA(#19762);
#19762 = FILL_AREA_STYLE('',(#19763));
#19763 = FILL_AREA_STYLE_COLOUR('',#17898);
#19764 = OVER_RIDING_STYLED_ITEM('overriding color',(#19765),#14549,
  #17883);
#19765 = PRESENTATION_STYLE_ASSIGNMENT((#19766));
#19766 = SURFACE_STYLE_USAGE(.BOTH.,#19767);
#19767 = SURFACE_SIDE_STYLE('',(#19768));
#19768 = SURFACE_STYLE_FILL_AREA(#19769);
#19769 = FILL_AREA_STYLE('',(#19770));
#19770 = FILL_AREA_STYLE_COLOUR('',#17898);
#19771 = OVER_RIDING_STYLED_ITEM('overriding color',(#19772),#14573,
  #17883);
#19772 = PRESENTATION_STYLE_ASSIGNMENT((#19773));
#19773 = SURFACE_STYLE_USAGE(.BOTH.,#19774);
#19774 = SURFACE_SIDE_STYLE('',(#19775));
#19775 = SURFACE_STYLE_FILL_AREA(#19776);
#19776 = FILL_AREA_STYLE('',(#19777));
#19777 = FILL_AREA_STYLE_COLOUR('',#17898);
#19778 = OVER_RIDING_STYLED_ITEM('overriding color',(#19779),#14590,
  #17883);
#19779 = PRESENTATION_STYLE_ASSIGNMENT((#19780));
#19780 = SURFACE_STYLE_USAGE(.BOTH.,#19781);
#19781 = SURFACE_SIDE_STYLE('',(#19782));
#19782 = SURFACE_STYLE_FILL_AREA(#19783);
#19783 = FILL_AREA_STYLE('',(#19784));
#19784 = FILL_AREA_STYLE_COLOUR('',#17898);
#19785 = OVER_RIDING_STYLED_ITEM('overriding color',(#19786),#14632,
  #17883);
#19786 = PRESENTATION_STYLE_ASSIGNMENT((#19787));
#19787 = SURFACE_STYLE_USAGE(.BOTH.,#19788);
#19788 = SURFACE_SIDE_STYLE('',(#19789));
#19789 = SURFACE_STYLE_FILL_AREA(#19790);
#19790 = FILL_AREA_STYLE('',(#19791));
#19791 = FILL_AREA_STYLE_COLOUR('',#17898);
#19792 = OVER_RIDING_STYLED_ITEM('overriding color',(#19793),#14662,
  #17883);
#19793 = PRESENTATION_STYLE_ASSIGNMENT((#19794));
#19794 = SURFACE_STYLE_USAGE(.BOTH.,#19795);
#19795 = SURFACE_SIDE_STYLE('',(#19796));
#19796 = SURFACE_STYLE_FILL_AREA(#19797);
#19797 = FILL_AREA_STYLE('',(#19798));
#19798 = FILL_AREA_STYLE_COLOUR('',#17898);
#19799 = OVER_RIDING_STYLED_ITEM('overriding color',(#19800),#14686,
  #17883);
#19800 = PRESENTATION_STYLE_ASSIGNMENT((#19801));
#19801 = SURFACE_STYLE_USAGE(.BOTH.,#19802);
#19802 = SURFACE_SIDE_STYLE('',(#19803));
#19803 = SURFACE_STYLE_FILL_AREA(#19804);
#19804 = FILL_AREA_STYLE('',(#19805));
#19805 = FILL_AREA_STYLE_COLOUR('',#17898);
#19806 = OVER_RIDING_STYLED_ITEM('overriding color',(#19807),#14732,
  #17883);
#19807 = PRESENTATION_STYLE_ASSIGNMENT((#19808));
#19808 = SURFACE_STYLE_USAGE(.BOTH.,#19809);
#19809 = SURFACE_SIDE_STYLE('',(#19810));
#19810 = SURFACE_STYLE_FILL_AREA(#19811);
#19811 = FILL_AREA_STYLE('',(#19812));
#19812 = FILL_AREA_STYLE_COLOUR('',#17898);
#19813 = OVER_RIDING_STYLED_ITEM('overriding color',(#19814),#14763,
  #17883);
#19814 = PRESENTATION_STYLE_ASSIGNMENT((#19815));
#19815 = SURFACE_STYLE_USAGE(.BOTH.,#19816);
#19816 = SURFACE_SIDE_STYLE('',(#19817));
#19817 = SURFACE_STYLE_FILL_AREA(#19818);
#19818 = FILL_AREA_STYLE('',(#19819));
#19819 = FILL_AREA_STYLE_COLOUR('',#17898);
#19820 = OVER_RIDING_STYLED_ITEM('overriding color',(#19821),#14785,
  #17883);
#19821 = PRESENTATION_STYLE_ASSIGNMENT((#19822));
#19822 = SURFACE_STYLE_USAGE(.BOTH.,#19823);
#19823 = SURFACE_SIDE_STYLE('',(#19824));
#19824 = SURFACE_STYLE_FILL_AREA(#19825);
#19825 = FILL_AREA_STYLE('',(#19826));
#19826 = FILL_AREA_STYLE_COLOUR('',#17898);
#19827 = OVER_RIDING_STYLED_ITEM('overriding color',(#19828),#14816,
  #17883);
#19828 = PRESENTATION_STYLE_ASSIGNMENT((#19829));
#19829 = SURFACE_STYLE_USAGE(.BOTH.,#19830);
#19830 = SURFACE_SIDE_STYLE('',(#19831));
#19831 = SURFACE_STYLE_FILL_AREA(#19832);
#19832 = FILL_AREA_STYLE('',(#19833));
#19833 = FILL_AREA_STYLE_COLOUR('',#17898);
#19834 = OVER_RIDING_STYLED_ITEM('overriding color',(#19835),#14889,
  #17883);
#19835 = PRESENTATION_STYLE_ASSIGNMENT((#19836));
#19836 = SURFACE_STYLE_USAGE(.BOTH.,#19837);
#19837 = SURFACE_SIDE_STYLE('',(#19838));
#19838 = SURFACE_STYLE_FILL_AREA(#19839);
#19839 = FILL_AREA_STYLE('',(#19840));
#19840 = FILL_AREA_STYLE_COLOUR('',#17898);
#19841 = OVER_RIDING_STYLED_ITEM('overriding color',(#19842),#14925,
  #17883);
#19842 = PRESENTATION_STYLE_ASSIGNMENT((#19843));
#19843 = SURFACE_STYLE_USAGE(.BOTH.,#19844);
#19844 = SURFACE_SIDE_STYLE('',(#19845));
#19845 = SURFACE_STYLE_FILL_AREA(#19846);
#19846 = FILL_AREA_STYLE('',(#19847));
#19847 = FILL_AREA_STYLE_COLOUR('',#17898);
#19848 = OVER_RIDING_STYLED_ITEM('overriding color',(#19849),#14949,
  #17883);
#19849 = PRESENTATION_STYLE_ASSIGNMENT((#19850));
#19850 = SURFACE_STYLE_USAGE(.BOTH.,#19851);
#19851 = SURFACE_SIDE_STYLE('',(#19852));
#19852 = SURFACE_STYLE_FILL_AREA(#19853);
#19853 = FILL_AREA_STYLE('',(#19854));
#19854 = FILL_AREA_STYLE_COLOUR('',#17898);
#19855 = OVER_RIDING_STYLED_ITEM('overriding color',(#19856),#14982,
  #17883);
#19856 = PRESENTATION_STYLE_ASSIGNMENT((#19857));
#19857 = SURFACE_STYLE_USAGE(.BOTH.,#19858);
#19858 = SURFACE_SIDE_STYLE('',(#19859));
#19859 = SURFACE_STYLE_FILL_AREA(#19860);
#19860 = FILL_AREA_STYLE('',(#19861));
#19861 = FILL_AREA_STYLE_COLOUR('',#17898);
#19862 = OVER_RIDING_STYLED_ITEM('overriding color',(#19863),#15007,
  #17883);
#19863 = PRESENTATION_STYLE_ASSIGNMENT((#19864));
#19864 = SURFACE_STYLE_USAGE(.BOTH.,#19865);
#19865 = SURFACE_SIDE_STYLE('',(#19866));
#19866 = SURFACE_STYLE_FILL_AREA(#19867);
#19867 = FILL_AREA_STYLE('',(#19868));
#19868 = FILL_AREA_STYLE_COLOUR('',#17898);
#19869 = OVER_RIDING_STYLED_ITEM('overriding color',(#19870),#15031,
  #17883);
#19870 = PRESENTATION_STYLE_ASSIGNMENT((#19871));
#19871 = SURFACE_STYLE_USAGE(.BOTH.,#19872);
#19872 = SURFACE_SIDE_STYLE('',(#19873));
#19873 = SURFACE_STYLE_FILL_AREA(#19874);
#19874 = FILL_AREA_STYLE('',(#19875));
#19875 = FILL_AREA_STYLE_COLOUR('',#17898);
#19876 = OVER_RIDING_STYLED_ITEM('overriding color',(#19877),#15055,
  #17883);
#19877 = PRESENTATION_STYLE_ASSIGNMENT((#19878));
#19878 = SURFACE_STYLE_USAGE(.BOTH.,#19879);
#19879 = SURFACE_SIDE_STYLE('',(#19880));
#19880 = SURFACE_STYLE_FILL_AREA(#19881);
#19881 = FILL_AREA_STYLE('',(#19882));
#19882 = FILL_AREA_STYLE_COLOUR('',#17898);
#19883 = OVER_RIDING_STYLED_ITEM('overriding color',(#19884),#15079,
  #17883);
#19884 = PRESENTATION_STYLE_ASSIGNMENT((#19885));
#19885 = SURFACE_STYLE_USAGE(.BOTH.,#19886);
#19886 = SURFACE_SIDE_STYLE('',(#19887));
#19887 = SURFACE_STYLE_FILL_AREA(#19888);
#19888 = FILL_AREA_STYLE('',(#19889));
#19889 = FILL_AREA_STYLE_COLOUR('',#17898);
#19890 = OVER_RIDING_STYLED_ITEM('overriding color',(#19891),#15103,
  #17883);
#19891 = PRESENTATION_STYLE_ASSIGNMENT((#19892));
#19892 = SURFACE_STYLE_USAGE(.BOTH.,#19893);
#19893 = SURFACE_SIDE_STYLE('',(#19894));
#19894 = SURFACE_STYLE_FILL_AREA(#19895);
#19895 = FILL_AREA_STYLE('',(#19896));
#19896 = FILL_AREA_STYLE_COLOUR('',#17898);
#19897 = OVER_RIDING_STYLED_ITEM('overriding color',(#19898),#15136,
  #17883);
#19898 = PRESENTATION_STYLE_ASSIGNMENT((#19899));
#19899 = SURFACE_STYLE_USAGE(.BOTH.,#19900);
#19900 = SURFACE_SIDE_STYLE('',(#19901));
#19901 = SURFACE_STYLE_FILL_AREA(#19902);
#19902 = FILL_AREA_STYLE('',(#19903));
#19903 = FILL_AREA_STYLE_COLOUR('',#17898);
#19904 = OVER_RIDING_STYLED_ITEM('overriding color',(#19905),#15176,
  #17883);
#19905 = PRESENTATION_STYLE_ASSIGNMENT((#19906));
#19906 = SURFACE_STYLE_USAGE(.BOTH.,#19907);
#19907 = SURFACE_SIDE_STYLE('',(#19908));
#19908 = SURFACE_STYLE_FILL_AREA(#19909);
#19909 = FILL_AREA_STYLE('',(#19910));
#19910 = FILL_AREA_STYLE_COLOUR('',#17898);
#19911 = OVER_RIDING_STYLED_ITEM('overriding color',(#19912),#15207,
  #17883);
#19912 = PRESENTATION_STYLE_ASSIGNMENT((#19913));
#19913 = SURFACE_STYLE_USAGE(.BOTH.,#19914);
#19914 = SURFACE_SIDE_STYLE('',(#19915));
#19915 = SURFACE_STYLE_FILL_AREA(#19916);
#19916 = FILL_AREA_STYLE('',(#19917));
#19917 = FILL_AREA_STYLE_COLOUR('',#17898);
#19918 = OVER_RIDING_STYLED_ITEM('overriding color',(#19919),#15229,
  #17883);
#19919 = PRESENTATION_STYLE_ASSIGNMENT((#19920));
#19920 = SURFACE_STYLE_USAGE(.BOTH.,#19921);
#19921 = SURFACE_SIDE_STYLE('',(#19922));
#19922 = SURFACE_STYLE_FILL_AREA(#19923);
#19923 = FILL_AREA_STYLE('',(#19924));
#19924 = FILL_AREA_STYLE_COLOUR('',#17898);
#19925 = OVER_RIDING_STYLED_ITEM('overriding color',(#19926),#15269,
  #17883);
#19926 = PRESENTATION_STYLE_ASSIGNMENT((#19927));
#19927 = SURFACE_STYLE_USAGE(.BOTH.,#19928);
#19928 = SURFACE_SIDE_STYLE('',(#19929));
#19929 = SURFACE_STYLE_FILL_AREA(#19930);
#19930 = FILL_AREA_STYLE('',(#19931));
#19931 = FILL_AREA_STYLE_COLOUR('',#17898);
#19932 = OVER_RIDING_STYLED_ITEM('overriding color',(#19933),#15291,
  #17883);
#19933 = PRESENTATION_STYLE_ASSIGNMENT((#19934));
#19934 = SURFACE_STYLE_USAGE(.BOTH.,#19935);
#19935 = SURFACE_SIDE_STYLE('',(#19936));
#19936 = SURFACE_STYLE_FILL_AREA(#19937);
#19937 = FILL_AREA_STYLE('',(#19938));
#19938 = FILL_AREA_STYLE_COLOUR('',#17898);
#19939 = OVER_RIDING_STYLED_ITEM('overriding color',(#19940),#15324,
  #17883);
#19940 = PRESENTATION_STYLE_ASSIGNMENT((#19941));
#19941 = SURFACE_STYLE_USAGE(.BOTH.,#19942);
#19942 = SURFACE_SIDE_STYLE('',(#19943));
#19943 = SURFACE_STYLE_FILL_AREA(#19944);
#19944 = FILL_AREA_STYLE('',(#19945));
#19945 = FILL_AREA_STYLE_COLOUR('',#17898);
#19946 = OVER_RIDING_STYLED_ITEM('overriding color',(#19947),#15357,
  #17883);
#19947 = PRESENTATION_STYLE_ASSIGNMENT((#19948));
#19948 = SURFACE_STYLE_USAGE(.BOTH.,#19949);
#19949 = SURFACE_SIDE_STYLE('',(#19950));
#19950 = SURFACE_STYLE_FILL_AREA(#19951);
#19951 = FILL_AREA_STYLE('',(#19952));
#19952 = FILL_AREA_STYLE_COLOUR('',#17898);
#19953 = OVER_RIDING_STYLED_ITEM('overriding color',(#19954),#15381,
  #17883);
#19954 = PRESENTATION_STYLE_ASSIGNMENT((#19955));
#19955 = SURFACE_STYLE_USAGE(.BOTH.,#19956);
#19956 = SURFACE_SIDE_STYLE('',(#19957));
#19957 = SURFACE_STYLE_FILL_AREA(#19958);
#19958 = FILL_AREA_STYLE('',(#19959));
#19959 = FILL_AREA_STYLE_COLOUR('',#17898);
#19960 = OVER_RIDING_STYLED_ITEM('overriding color',(#19961),#15393,
  #17883);
#19961 = PRESENTATION_STYLE_ASSIGNMENT((#19962));
#19962 = SURFACE_STYLE_USAGE(.BOTH.,#19963);
#19963 = SURFACE_SIDE_STYLE('',(#19964));
#19964 = SURFACE_STYLE_FILL_AREA(#19965);
#19965 = FILL_AREA_STYLE('',(#19966));
#19966 = FILL_AREA_STYLE_COLOUR('',#17898);
#19967 = OVER_RIDING_STYLED_ITEM('overriding color',(#19968),#15424,
  #17883);
#19968 = PRESENTATION_STYLE_ASSIGNMENT((#19969));
#19969 = SURFACE_STYLE_USAGE(.BOTH.,#19970);
#19970 = SURFACE_SIDE_STYLE('',(#19971));
#19971 = SURFACE_STYLE_FILL_AREA(#19972);
#19972 = FILL_AREA_STYLE('',(#19973));
#19973 = FILL_AREA_STYLE_COLOUR('',#17898);
#19974 = OVER_RIDING_STYLED_ITEM('overriding color',(#19975),#15457,
  #17883);
#19975 = PRESENTATION_STYLE_ASSIGNMENT((#19976));
#19976 = SURFACE_STYLE_USAGE(.BOTH.,#19977);
#19977 = SURFACE_SIDE_STYLE('',(#19978));
#19978 = SURFACE_STYLE_FILL_AREA(#19979);
#19979 = FILL_AREA_STYLE('',(#19980));
#19980 = FILL_AREA_STYLE_COLOUR('',#17898);
#19981 = OVER_RIDING_STYLED_ITEM('overriding color',(#19982),#15497,
  #17883);
#19982 = PRESENTATION_STYLE_ASSIGNMENT((#19983));
#19983 = SURFACE_STYLE_USAGE(.BOTH.,#19984);
#19984 = SURFACE_SIDE_STYLE('',(#19985));
#19985 = SURFACE_STYLE_FILL_AREA(#19986);
#19986 = FILL_AREA_STYLE('',(#19987));
#19987 = FILL_AREA_STYLE_COLOUR('',#17898);
#19988 = OVER_RIDING_STYLED_ITEM('overriding color',(#19989),#15528,
  #17883);
#19989 = PRESENTATION_STYLE_ASSIGNMENT((#19990));
#19990 = SURFACE_STYLE_USAGE(.BOTH.,#19991);
#19991 = SURFACE_SIDE_STYLE('',(#19992));
#19992 = SURFACE_STYLE_FILL_AREA(#19993);
#19993 = FILL_AREA_STYLE('',(#19994));
#19994 = FILL_AREA_STYLE_COLOUR('',#17898);
#19995 = OVER_RIDING_STYLED_ITEM('overriding color',(#19996),#15550,
  #17883);
#19996 = PRESENTATION_STYLE_ASSIGNMENT((#19997));
#19997 = SURFACE_STYLE_USAGE(.BOTH.,#19998);
#19998 = SURFACE_SIDE_STYLE('',(#19999));
#19999 = SURFACE_STYLE_FILL_AREA(#20000);
#20000 = FILL_AREA_STYLE('',(#20001));
#20001 = FILL_AREA_STYLE_COLOUR('',#17898);
#20002 = OVER_RIDING_STYLED_ITEM('overriding color',(#20003),#15590,
  #17883);
#20003 = PRESENTATION_STYLE_ASSIGNMENT((#20004));
#20004 = SURFACE_STYLE_USAGE(.BOTH.,#20005);
#20005 = SURFACE_SIDE_STYLE('',(#20006));
#20006 = SURFACE_STYLE_FILL_AREA(#20007);
#20007 = FILL_AREA_STYLE('',(#20008));
#20008 = FILL_AREA_STYLE_COLOUR('',#17898);
#20009 = OVER_RIDING_STYLED_ITEM('overriding color',(#20010),#15612,
  #17883);
#20010 = PRESENTATION_STYLE_ASSIGNMENT((#20011));
#20011 = SURFACE_STYLE_USAGE(.BOTH.,#20012);
#20012 = SURFACE_SIDE_STYLE('',(#20013));
#20013 = SURFACE_STYLE_FILL_AREA(#20014);
#20014 = FILL_AREA_STYLE('',(#20015));
#20015 = FILL_AREA_STYLE_COLOUR('',#17898);
#20016 = OVER_RIDING_STYLED_ITEM('overriding color',(#20017),#15645,
  #17883);
#20017 = PRESENTATION_STYLE_ASSIGNMENT((#20018));
#20018 = SURFACE_STYLE_USAGE(.BOTH.,#20019);
#20019 = SURFACE_SIDE_STYLE('',(#20020));
#20020 = SURFACE_STYLE_FILL_AREA(#20021);
#20021 = FILL_AREA_STYLE('',(#20022));
#20022 = FILL_AREA_STYLE_COLOUR('',#17898);
#20023 = OVER_RIDING_STYLED_ITEM('overriding color',(#20024),#15678,
  #17883);
#20024 = PRESENTATION_STYLE_ASSIGNMENT((#20025));
#20025 = SURFACE_STYLE_USAGE(.BOTH.,#20026);
#20026 = SURFACE_SIDE_STYLE('',(#20027));
#20027 = SURFACE_STYLE_FILL_AREA(#20028);
#20028 = FILL_AREA_STYLE('',(#20029));
#20029 = FILL_AREA_STYLE_COLOUR('',#17898);
#20030 = OVER_RIDING_STYLED_ITEM('overriding color',(#20031),#15702,
  #17883);
#20031 = PRESENTATION_STYLE_ASSIGNMENT((#20032));
#20032 = SURFACE_STYLE_USAGE(.BOTH.,#20033);
#20033 = SURFACE_SIDE_STYLE('',(#20034));
#20034 = SURFACE_STYLE_FILL_AREA(#20035);
#20035 = FILL_AREA_STYLE('',(#20036));
#20036 = FILL_AREA_STYLE_COLOUR('',#17898);
#20037 = OVER_RIDING_STYLED_ITEM('overriding color',(#20038),#15714,
  #17883);
#20038 = PRESENTATION_STYLE_ASSIGNMENT((#20039));
#20039 = SURFACE_STYLE_USAGE(.BOTH.,#20040);
#20040 = SURFACE_SIDE_STYLE('',(#20041));
#20041 = SURFACE_STYLE_FILL_AREA(#20042);
#20042 = FILL_AREA_STYLE('',(#20043));
#20043 = FILL_AREA_STYLE_COLOUR('',#17898);
#20044 = OVER_RIDING_STYLED_ITEM('overriding color',(#20045),#15740,
  #17883);
#20045 = PRESENTATION_STYLE_ASSIGNMENT((#20046));
#20046 = SURFACE_STYLE_USAGE(.BOTH.,#20047);
#20047 = SURFACE_SIDE_STYLE('',(#20048));
#20048 = SURFACE_STYLE_FILL_AREA(#20049);
#20049 = FILL_AREA_STYLE('',(#20050));
#20050 = FILL_AREA_STYLE_COLOUR('',#17898);
#20051 = OVER_RIDING_STYLED_ITEM('overriding color',(#20052),#15764,
  #17883);
#20052 = PRESENTATION_STYLE_ASSIGNMENT((#20053));
#20053 = SURFACE_STYLE_USAGE(.BOTH.,#20054);
#20054 = SURFACE_SIDE_STYLE('',(#20055));
#20055 = SURFACE_STYLE_FILL_AREA(#20056);
#20056 = FILL_AREA_STYLE('',(#20057));
#20057 = FILL_AREA_STYLE_COLOUR('',#17898);
#20058 = OVER_RIDING_STYLED_ITEM('overriding color',(#20059),#15788,
  #17883);
#20059 = PRESENTATION_STYLE_ASSIGNMENT((#20060));
#20060 = SURFACE_STYLE_USAGE(.BOTH.,#20061);
#20061 = SURFACE_SIDE_STYLE('',(#20062));
#20062 = SURFACE_STYLE_FILL_AREA(#20063);
#20063 = FILL_AREA_STYLE('',(#20064));
#20064 = FILL_AREA_STYLE_COLOUR('',#17898);
#20065 = OVER_RIDING_STYLED_ITEM('overriding color',(#20066),#15805,
  #17883);
#20066 = PRESENTATION_STYLE_ASSIGNMENT((#20067));
#20067 = SURFACE_STYLE_USAGE(.BOTH.,#20068);
#20068 = SURFACE_SIDE_STYLE('',(#20069));
#20069 = SURFACE_STYLE_FILL_AREA(#20070);
#20070 = FILL_AREA_STYLE('',(#20071));
#20071 = FILL_AREA_STYLE_COLOUR('',#17898);
#20072 = OVER_RIDING_STYLED_ITEM('overriding color',(#20073),#15836,
  #17883);
#20073 = PRESENTATION_STYLE_ASSIGNMENT((#20074));
#20074 = SURFACE_STYLE_USAGE(.BOTH.,#20075);
#20075 = SURFACE_SIDE_STYLE('',(#20076));
#20076 = SURFACE_STYLE_FILL_AREA(#20077);
#20077 = FILL_AREA_STYLE('',(#20078));
#20078 = FILL_AREA_STYLE_COLOUR('',#17898);
#20079 = OVER_RIDING_STYLED_ITEM('overriding color',(#20080),#15867,
  #17883);
#20080 = PRESENTATION_STYLE_ASSIGNMENT((#20081));
#20081 = SURFACE_STYLE_USAGE(.BOTH.,#20082);
#20082 = SURFACE_SIDE_STYLE('',(#20083));
#20083 = SURFACE_STYLE_FILL_AREA(#20084);
#20084 = FILL_AREA_STYLE('',(#20085));
#20085 = FILL_AREA_STYLE_COLOUR('',#17898);
#20086 = OVER_RIDING_STYLED_ITEM('overriding color',(#20087),#15899,
  #17883);
#20087 = PRESENTATION_STYLE_ASSIGNMENT((#20088));
#20088 = SURFACE_STYLE_USAGE(.BOTH.,#20089);
#20089 = SURFACE_SIDE_STYLE('',(#20090));
#20090 = SURFACE_STYLE_FILL_AREA(#20091);
#20091 = FILL_AREA_STYLE('',(#20092));
#20092 = FILL_AREA_STYLE_COLOUR('',#17898);
#20093 = OVER_RIDING_STYLED_ITEM('overriding color',(#20094),#15949,
  #17883);
#20094 = PRESENTATION_STYLE_ASSIGNMENT((#20095));
#20095 = SURFACE_STYLE_USAGE(.BOTH.,#20096);
#20096 = SURFACE_SIDE_STYLE('',(#20097));
#20097 = SURFACE_STYLE_FILL_AREA(#20098);
#20098 = FILL_AREA_STYLE('',(#20099));
#20099 = FILL_AREA_STYLE_COLOUR('',#17898);
#20100 = OVER_RIDING_STYLED_ITEM('overriding color',(#20101),#15973,
  #17883);
#20101 = PRESENTATION_STYLE_ASSIGNMENT((#20102));
#20102 = SURFACE_STYLE_USAGE(.BOTH.,#20103);
#20103 = SURFACE_SIDE_STYLE('',(#20104));
#20104 = SURFACE_STYLE_FILL_AREA(#20105);
#20105 = FILL_AREA_STYLE('',(#20106));
#20106 = FILL_AREA_STYLE_COLOUR('',#17898);
#20107 = OVER_RIDING_STYLED_ITEM('overriding color',(#20108),#15995,
  #17883);
#20108 = PRESENTATION_STYLE_ASSIGNMENT((#20109));
#20109 = SURFACE_STYLE_USAGE(.BOTH.,#20110);
#20110 = SURFACE_SIDE_STYLE('',(#20111));
#20111 = SURFACE_STYLE_FILL_AREA(#20112);
#20112 = FILL_AREA_STYLE('',(#20113));
#20113 = FILL_AREA_STYLE_COLOUR('',#17898);
#20114 = OVER_RIDING_STYLED_ITEM('overriding color',(#20115),#16019,
  #17883);
#20115 = PRESENTATION_STYLE_ASSIGNMENT((#20116));
#20116 = SURFACE_STYLE_USAGE(.BOTH.,#20117);
#20117 = SURFACE_SIDE_STYLE('',(#20118));
#20118 = SURFACE_STYLE_FILL_AREA(#20119);
#20119 = FILL_AREA_STYLE('',(#20120));
#20120 = FILL_AREA_STYLE_COLOUR('',#17898);
#20121 = OVER_RIDING_STYLED_ITEM('overriding color',(#20122),#16050,
  #17883);
#20122 = PRESENTATION_STYLE_ASSIGNMENT((#20123));
#20123 = SURFACE_STYLE_USAGE(.BOTH.,#20124);
#20124 = SURFACE_SIDE_STYLE('',(#20125));
#20125 = SURFACE_STYLE_FILL_AREA(#20126);
#20126 = FILL_AREA_STYLE('',(#20127));
#20127 = FILL_AREA_STYLE_COLOUR('',#17898);
#20128 = OVER_RIDING_STYLED_ITEM('overriding color',(#20129),#16083,
  #17883);
#20129 = PRESENTATION_STYLE_ASSIGNMENT((#20130));
#20130 = SURFACE_STYLE_USAGE(.BOTH.,#20131);
#20131 = SURFACE_SIDE_STYLE('',(#20132));
#20132 = SURFACE_STYLE_FILL_AREA(#20133);
#20133 = FILL_AREA_STYLE('',(#20134));
#20134 = FILL_AREA_STYLE_COLOUR('',#17898);
#20135 = OVER_RIDING_STYLED_ITEM('overriding color',(#20136),#16108,
  #17883);
#20136 = PRESENTATION_STYLE_ASSIGNMENT((#20137));
#20137 = SURFACE_STYLE_USAGE(.BOTH.,#20138);
#20138 = SURFACE_SIDE_STYLE('',(#20139));
#20139 = SURFACE_STYLE_FILL_AREA(#20140);
#20140 = FILL_AREA_STYLE('',(#20141));
#20141 = FILL_AREA_STYLE_COLOUR('',#17898);
#20142 = OVER_RIDING_STYLED_ITEM('overriding color',(#20143),#16321,
  #17883);
#20143 = PRESENTATION_STYLE_ASSIGNMENT((#20144));
#20144 = SURFACE_STYLE_USAGE(.BOTH.,#20145);
#20145 = SURFACE_SIDE_STYLE('',(#20146));
#20146 = SURFACE_STYLE_FILL_AREA(#20147);
#20147 = FILL_AREA_STYLE('',(#20148));
#20148 = FILL_AREA_STYLE_COLOUR('',#17898);
#20149 = OVER_RIDING_STYLED_ITEM('overriding color',(#20150),#16338,
  #17883);
#20150 = PRESENTATION_STYLE_ASSIGNMENT((#20151));
#20151 = SURFACE_STYLE_USAGE(.BOTH.,#20152);
#20152 = SURFACE_SIDE_STYLE('',(#20153));
#20153 = SURFACE_STYLE_FILL_AREA(#20154);
#20154 = FILL_AREA_STYLE('',(#20155));
#20155 = FILL_AREA_STYLE_COLOUR('',#17898);
#20156 = OVER_RIDING_STYLED_ITEM('overriding color',(#20157),#16575,
  #17883);
#20157 = PRESENTATION_STYLE_ASSIGNMENT((#20158));
#20158 = SURFACE_STYLE_USAGE(.BOTH.,#20159);
#20159 = SURFACE_SIDE_STYLE('',(#20160));
#20160 = SURFACE_STYLE_FILL_AREA(#20161);
#20161 = FILL_AREA_STYLE('',(#20162));
#20162 = FILL_AREA_STYLE_COLOUR('',#17898);
#20163 = OVER_RIDING_STYLED_ITEM('overriding color',(#20164),#16608,
  #17883);
#20164 = PRESENTATION_STYLE_ASSIGNMENT((#20165));
#20165 = SURFACE_STYLE_USAGE(.BOTH.,#20166);
#20166 = SURFACE_SIDE_STYLE('',(#20167));
#20167 = SURFACE_STYLE_FILL_AREA(#20168);
#20168 = FILL_AREA_STYLE('',(#20169));
#20169 = FILL_AREA_STYLE_COLOUR('',#17898);
#20170 = OVER_RIDING_STYLED_ITEM('overriding color',(#20171),#16637,
  #17883);
#20171 = PRESENTATION_STYLE_ASSIGNMENT((#20172));
#20172 = SURFACE_STYLE_USAGE(.BOTH.,#20173);
#20173 = SURFACE_SIDE_STYLE('',(#20174));
#20174 = SURFACE_STYLE_FILL_AREA(#20175);
#20175 = FILL_AREA_STYLE('',(#20176));
#20176 = FILL_AREA_STYLE_COLOUR('',#17898);
#20177 = OVER_RIDING_STYLED_ITEM('overriding color',(#20178),#16662,
  #17883);
#20178 = PRESENTATION_STYLE_ASSIGNMENT((#20179));
#20179 = SURFACE_STYLE_USAGE(.BOTH.,#20180);
#20180 = SURFACE_SIDE_STYLE('',(#20181));
#20181 = SURFACE_STYLE_FILL_AREA(#20182);
#20182 = FILL_AREA_STYLE('',(#20183));
#20183 = FILL_AREA_STYLE_COLOUR('',#17898);
#20184 = OVER_RIDING_STYLED_ITEM('overriding color',(#20185),#16679,
  #17883);
#20185 = PRESENTATION_STYLE_ASSIGNMENT((#20186));
#20186 = SURFACE_STYLE_USAGE(.BOTH.,#20187);
#20187 = SURFACE_SIDE_STYLE('',(#20188));
#20188 = SURFACE_STYLE_FILL_AREA(#20189);
#20189 = FILL_AREA_STYLE('',(#20190));
#20190 = FILL_AREA_STYLE_COLOUR('',#17898);
#20191 = OVER_RIDING_STYLED_ITEM('overriding color',(#20192),#16691,
  #17883);
#20192 = PRESENTATION_STYLE_ASSIGNMENT((#20193));
#20193 = SURFACE_STYLE_USAGE(.BOTH.,#20194);
#20194 = SURFACE_SIDE_STYLE('',(#20195));
#20195 = SURFACE_STYLE_FILL_AREA(#20196);
#20196 = FILL_AREA_STYLE('',(#20197));
#20197 = FILL_AREA_STYLE_COLOUR('',#17898);
#20198 = OVER_RIDING_STYLED_ITEM('overriding color',(#20199),#16724,
  #17883);
#20199 = PRESENTATION_STYLE_ASSIGNMENT((#20200));
#20200 = SURFACE_STYLE_USAGE(.BOTH.,#20201);
#20201 = SURFACE_SIDE_STYLE('',(#20202));
#20202 = SURFACE_STYLE_FILL_AREA(#20203);
#20203 = FILL_AREA_STYLE('',(#20204));
#20204 = FILL_AREA_STYLE_COLOUR('',#17898);
#20205 = OVER_RIDING_STYLED_ITEM('overriding color',(#20206),#16748,
  #17883);
#20206 = PRESENTATION_STYLE_ASSIGNMENT((#20207));
#20207 = SURFACE_STYLE_USAGE(.BOTH.,#20208);
#20208 = SURFACE_SIDE_STYLE('',(#20209));
#20209 = SURFACE_STYLE_FILL_AREA(#20210);
#20210 = FILL_AREA_STYLE('',(#20211));
#20211 = FILL_AREA_STYLE_COLOUR('',#17898);
#20212 = OVER_RIDING_STYLED_ITEM('overriding color',(#20213),#16773,
  #17883);
#20213 = PRESENTATION_STYLE_ASSIGNMENT((#20214));
#20214 = SURFACE_STYLE_USAGE(.BOTH.,#20215);
#20215 = SURFACE_SIDE_STYLE('',(#20216));
#20216 = SURFACE_STYLE_FILL_AREA(#20217);
#20217 = FILL_AREA_STYLE('',(#20218));
#20218 = FILL_AREA_STYLE_COLOUR('',#17898);
#20219 = OVER_RIDING_STYLED_ITEM('overriding color',(#20220),#16795,
  #17883);
#20220 = PRESENTATION_STYLE_ASSIGNMENT((#20221));
#20221 = SURFACE_STYLE_USAGE(.BOTH.,#20222);
#20222 = SURFACE_SIDE_STYLE('',(#20223));
#20223 = SURFACE_STYLE_FILL_AREA(#20224);
#20224 = FILL_AREA_STYLE('',(#20225));
#20225 = FILL_AREA_STYLE_COLOUR('',#17898);
#20226 = OVER_RIDING_STYLED_ITEM('overriding color',(#20227),#16807,
  #17883);
#20227 = PRESENTATION_STYLE_ASSIGNMENT((#20228));
#20228 = SURFACE_STYLE_USAGE(.BOTH.,#20229);
#20229 = SURFACE_SIDE_STYLE('',(#20230));
#20230 = SURFACE_STYLE_FILL_AREA(#20231);
#20231 = FILL_AREA_STYLE('',(#20232));
#20232 = FILL_AREA_STYLE_COLOUR('',#17898);
#20233 = OVER_RIDING_STYLED_ITEM('overriding color',(#20234),#16819,
  #17883);
#20234 = PRESENTATION_STYLE_ASSIGNMENT((#20235));
#20235 = SURFACE_STYLE_USAGE(.BOTH.,#20236);
#20236 = SURFACE_SIDE_STYLE('',(#20237));
#20237 = SURFACE_STYLE_FILL_AREA(#20238);
#20238 = FILL_AREA_STYLE('',(#20239));
#20239 = FILL_AREA_STYLE_COLOUR('',#17898);
#20240 = OVER_RIDING_STYLED_ITEM('overriding color',(#20241),#16831,
  #17883);
#20241 = PRESENTATION_STYLE_ASSIGNMENT((#20242));
#20242 = SURFACE_STYLE_USAGE(.BOTH.,#20243);
#20243 = SURFACE_SIDE_STYLE('',(#20244));
#20244 = SURFACE_STYLE_FILL_AREA(#20245);
#20245 = FILL_AREA_STYLE('',(#20246));
#20246 = FILL_AREA_STYLE_COLOUR('',#17898);
#20247 = OVER_RIDING_STYLED_ITEM('overriding color',(#20248),#16848,
  #17883);
#20248 = PRESENTATION_STYLE_ASSIGNMENT((#20249));
#20249 = SURFACE_STYLE_USAGE(.BOTH.,#20250);
#20250 = SURFACE_SIDE_STYLE('',(#20251));
#20251 = SURFACE_STYLE_FILL_AREA(#20252);
#20252 = FILL_AREA_STYLE('',(#20253));
#20253 = FILL_AREA_STYLE_COLOUR('',#17898);
#20254 = OVER_RIDING_STYLED_ITEM('overriding color',(#20255),#16860,
  #17883);
#20255 = PRESENTATION_STYLE_ASSIGNMENT((#20256));
#20256 = SURFACE_STYLE_USAGE(.BOTH.,#20257);
#20257 = SURFACE_SIDE_STYLE('',(#20258));
#20258 = SURFACE_STYLE_FILL_AREA(#20259);
#20259 = FILL_AREA_STYLE('',(#20260));
#20260 = FILL_AREA_STYLE_COLOUR('',#17898);
#20261 = OVER_RIDING_STYLED_ITEM('overriding color',(#20262),#16881,
  #17883);
#20262 = PRESENTATION_STYLE_ASSIGNMENT((#20263));
#20263 = SURFACE_STYLE_USAGE(.BOTH.,#20264);
#20264 = SURFACE_SIDE_STYLE('',(#20265));
#20265 = SURFACE_STYLE_FILL_AREA(#20266);
#20266 = FILL_AREA_STYLE('',(#20267));
#20267 = FILL_AREA_STYLE_COLOUR('',#17898);
#20268 = OVER_RIDING_STYLED_ITEM('overriding color',(#20269),#16893,
  #17883);
#20269 = PRESENTATION_STYLE_ASSIGNMENT((#20270));
#20270 = SURFACE_STYLE_USAGE(.BOTH.,#20271);
#20271 = SURFACE_SIDE_STYLE('',(#20272));
#20272 = SURFACE_STYLE_FILL_AREA(#20273);
#20273 = FILL_AREA_STYLE('',(#20274));
#20274 = FILL_AREA_STYLE_COLOUR('',#17898);
#20275 = OVER_RIDING_STYLED_ITEM('overriding color',(#20276),#16910,
  #17883);
#20276 = PRESENTATION_STYLE_ASSIGNMENT((#20277));
#20277 = SURFACE_STYLE_USAGE(.BOTH.,#20278);
#20278 = SURFACE_SIDE_STYLE('',(#20279));
#20279 = SURFACE_STYLE_FILL_AREA(#20280);
#20280 = FILL_AREA_STYLE('',(#20281));
#20281 = FILL_AREA_STYLE_COLOUR('',#17898);
#20282 = OVER_RIDING_STYLED_ITEM('overriding color',(#20283),#16922,
  #17883);
#20283 = PRESENTATION_STYLE_ASSIGNMENT((#20284));
#20284 = SURFACE_STYLE_USAGE(.BOTH.,#20285);
#20285 = SURFACE_SIDE_STYLE('',(#20286));
#20286 = SURFACE_STYLE_FILL_AREA(#20287);
#20287 = FILL_AREA_STYLE('',(#20288));
#20288 = FILL_AREA_STYLE_COLOUR('',#17898);
#20289 = OVER_RIDING_STYLED_ITEM('overriding color',(#20290),#16934,
  #17883);
#20290 = PRESENTATION_STYLE_ASSIGNMENT((#20291));
#20291 = SURFACE_STYLE_USAGE(.BOTH.,#20292);
#20292 = SURFACE_SIDE_STYLE('',(#20293));
#20293 = SURFACE_STYLE_FILL_AREA(#20294);
#20294 = FILL_AREA_STYLE('',(#20295));
#20295 = FILL_AREA_STYLE_COLOUR('',#17898);
#20296 = OVER_RIDING_STYLED_ITEM('overriding color',(#20297),#16958,
  #17883);
#20297 = PRESENTATION_STYLE_ASSIGNMENT((#20298));
#20298 = SURFACE_STYLE_USAGE(.BOTH.,#20299);
#20299 = SURFACE_SIDE_STYLE('',(#20300));
#20300 = SURFACE_STYLE_FILL_AREA(#20301);
#20301 = FILL_AREA_STYLE('',(#20302));
#20302 = FILL_AREA_STYLE_COLOUR('',#17898);
#20303 = OVER_RIDING_STYLED_ITEM('overriding color',(#20304),#16970,
  #17883);
#20304 = PRESENTATION_STYLE_ASSIGNMENT((#20305));
#20305 = SURFACE_STYLE_USAGE(.BOTH.,#20306);
#20306 = SURFACE_SIDE_STYLE('',(#20307));
#20307 = SURFACE_STYLE_FILL_AREA(#20308);
#20308 = FILL_AREA_STYLE('',(#20309));
#20309 = FILL_AREA_STYLE_COLOUR('',#17898);
#20310 = OVER_RIDING_STYLED_ITEM('overriding color',(#20311),#16989,
  #17883);
#20311 = PRESENTATION_STYLE_ASSIGNMENT((#20312));
#20312 = SURFACE_STYLE_USAGE(.BOTH.,#20313);
#20313 = SURFACE_SIDE_STYLE('',(#20314));
#20314 = SURFACE_STYLE_FILL_AREA(#20315);
#20315 = FILL_AREA_STYLE('',(#20316));
#20316 = FILL_AREA_STYLE_COLOUR('',#17898);
#20317 = OVER_RIDING_STYLED_ITEM('overriding color',(#20318),#17006,
  #17883);
#20318 = PRESENTATION_STYLE_ASSIGNMENT((#20319));
#20319 = SURFACE_STYLE_USAGE(.BOTH.,#20320);
#20320 = SURFACE_SIDE_STYLE('',(#20321));
#20321 = SURFACE_STYLE_FILL_AREA(#20322);
#20322 = FILL_AREA_STYLE('',(#20323));
#20323 = FILL_AREA_STYLE_COLOUR('',#17898);
#20324 = OVER_RIDING_STYLED_ITEM('overriding color',(#20325),#17018,
  #17883);
#20325 = PRESENTATION_STYLE_ASSIGNMENT((#20326));
#20326 = SURFACE_STYLE_USAGE(.BOTH.,#20327);
#20327 = SURFACE_SIDE_STYLE('',(#20328));
#20328 = SURFACE_STYLE_FILL_AREA(#20329);
#20329 = FILL_AREA_STYLE('',(#20330));
#20330 = FILL_AREA_STYLE_COLOUR('',#17898);
#20331 = OVER_RIDING_STYLED_ITEM('overriding color',(#20332),#17035,
  #17883);
#20332 = PRESENTATION_STYLE_ASSIGNMENT((#20333));
#20333 = SURFACE_STYLE_USAGE(.BOTH.,#20334);
#20334 = SURFACE_SIDE_STYLE('',(#20335));
#20335 = SURFACE_STYLE_FILL_AREA(#20336);
#20336 = FILL_AREA_STYLE('',(#20337));
#20337 = FILL_AREA_STYLE_COLOUR('',#17898);
#20338 = OVER_RIDING_STYLED_ITEM('overriding color',(#20339),#17047,
  #17883);
#20339 = PRESENTATION_STYLE_ASSIGNMENT((#20340));
#20340 = SURFACE_STYLE_USAGE(.BOTH.,#20341);
#20341 = SURFACE_SIDE_STYLE('',(#20342));
#20342 = SURFACE_STYLE_FILL_AREA(#20343);
#20343 = FILL_AREA_STYLE('',(#20344));
#20344 = FILL_AREA_STYLE_COLOUR('',#17898);
#20345 = OVER_RIDING_STYLED_ITEM('overriding color',(#20346),#17059,
  #17883);
#20346 = PRESENTATION_STYLE_ASSIGNMENT((#20347));
#20347 = SURFACE_STYLE_USAGE(.BOTH.,#20348);
#20348 = SURFACE_SIDE_STYLE('',(#20349));
#20349 = SURFACE_STYLE_FILL_AREA(#20350);
#20350 = FILL_AREA_STYLE('',(#20351));
#20351 = FILL_AREA_STYLE_COLOUR('',#17898);
#20352 = OVER_RIDING_STYLED_ITEM('overriding color',(#20353),#17083,
  #17883);
#20353 = PRESENTATION_STYLE_ASSIGNMENT((#20354));
#20354 = SURFACE_STYLE_USAGE(.BOTH.,#20355);
#20355 = SURFACE_SIDE_STYLE('',(#20356));
#20356 = SURFACE_STYLE_FILL_AREA(#20357);
#20357 = FILL_AREA_STYLE('',(#20358));
#20358 = FILL_AREA_STYLE_COLOUR('',#17898);
#20359 = OVER_RIDING_STYLED_ITEM('overriding color',(#20360),#17116,
  #17883);
#20360 = PRESENTATION_STYLE_ASSIGNMENT((#20361));
#20361 = SURFACE_STYLE_USAGE(.BOTH.,#20362);
#20362 = SURFACE_SIDE_STYLE('',(#20363));
#20363 = SURFACE_STYLE_FILL_AREA(#20364);
#20364 = FILL_AREA_STYLE('',(#20365));
#20365 = FILL_AREA_STYLE_COLOUR('',#17898);
#20366 = OVER_RIDING_STYLED_ITEM('overriding color',(#20367),#17147,
  #17883);
#20367 = PRESENTATION_STYLE_ASSIGNMENT((#20368));
#20368 = SURFACE_STYLE_USAGE(.BOTH.,#20369);
#20369 = SURFACE_SIDE_STYLE('',(#20370));
#20370 = SURFACE_STYLE_FILL_AREA(#20371);
#20371 = FILL_AREA_STYLE('',(#20372));
#20372 = FILL_AREA_STYLE_COLOUR('',#17898);
#20373 = OVER_RIDING_STYLED_ITEM('overriding color',(#20374),#17175,
  #17883);
#20374 = PRESENTATION_STYLE_ASSIGNMENT((#20375));
#20375 = SURFACE_STYLE_USAGE(.BOTH.,#20376);
#20376 = SURFACE_SIDE_STYLE('',(#20377));
#20377 = SURFACE_STYLE_FILL_AREA(#20378);
#20378 = FILL_AREA_STYLE('',(#20379));
#20379 = FILL_AREA_STYLE_COLOUR('',#17898);
#20380 = OVER_RIDING_STYLED_ITEM('overriding color',(#20381),#17206,
  #17883);
#20381 = PRESENTATION_STYLE_ASSIGNMENT((#20382));
#20382 = SURFACE_STYLE_USAGE(.BOTH.,#20383);
#20383 = SURFACE_SIDE_STYLE('',(#20384));
#20384 = SURFACE_STYLE_FILL_AREA(#20385);
#20385 = FILL_AREA_STYLE('',(#20386));
#20386 = FILL_AREA_STYLE_COLOUR('',#17898);
#20387 = OVER_RIDING_STYLED_ITEM('overriding color',(#20388),#17231,
  #17883);
#20388 = PRESENTATION_STYLE_ASSIGNMENT((#20389));
#20389 = SURFACE_STYLE_USAGE(.BOTH.,#20390);
#20390 = SURFACE_SIDE_STYLE('',(#20391));
#20391 = SURFACE_STYLE_FILL_AREA(#20392);
#20392 = FILL_AREA_STYLE('',(#20393));
#20393 = FILL_AREA_STYLE_COLOUR('',#17898);
#20394 = OVER_RIDING_STYLED_ITEM('overriding color',(#20395),#17392,
  #17883);
#20395 = PRESENTATION_STYLE_ASSIGNMENT((#20396));
#20396 = SURFACE_STYLE_USAGE(.BOTH.,#20397);
#20397 = SURFACE_SIDE_STYLE('',(#20398));
#20398 = SURFACE_STYLE_FILL_AREA(#20399);
#20399 = FILL_AREA_STYLE('',(#20400));
#20400 = FILL_AREA_STYLE_COLOUR('',#17898);
#20401 = OVER_RIDING_STYLED_ITEM('overriding color',(#20402),#17425,
  #17883);
#20402 = PRESENTATION_STYLE_ASSIGNMENT((#20403));
#20403 = SURFACE_STYLE_USAGE(.BOTH.,#20404);
#20404 = SURFACE_SIDE_STYLE('',(#20405));
#20405 = SURFACE_STYLE_FILL_AREA(#20406);
#20406 = FILL_AREA_STYLE('',(#20407));
#20407 = FILL_AREA_STYLE_COLOUR('',#17898);
#20408 = OVER_RIDING_STYLED_ITEM('overriding color',(#20409),#17454,
  #17883);
#20409 = PRESENTATION_STYLE_ASSIGNMENT((#20410));
#20410 = SURFACE_STYLE_USAGE(.BOTH.,#20411);
#20411 = SURFACE_SIDE_STYLE('',(#20412));
#20412 = SURFACE_STYLE_FILL_AREA(#20413);
#20413 = FILL_AREA_STYLE('',(#20414));
#20414 = FILL_AREA_STYLE_COLOUR('',#17898);
#20415 = OVER_RIDING_STYLED_ITEM('overriding color',(#20416),#17478,
  #17883);
#20416 = PRESENTATION_STYLE_ASSIGNMENT((#20417));
#20417 = SURFACE_STYLE_USAGE(.BOTH.,#20418);
#20418 = SURFACE_SIDE_STYLE('',(#20419));
#20419 = SURFACE_STYLE_FILL_AREA(#20420);
#20420 = FILL_AREA_STYLE('',(#20421));
#20421 = FILL_AREA_STYLE_COLOUR('',#17898);
#20422 = OVER_RIDING_STYLED_ITEM('overriding color',(#20423),#17496,
  #17883);
#20423 = PRESENTATION_STYLE_ASSIGNMENT((#20424));
#20424 = SURFACE_STYLE_USAGE(.BOTH.,#20425);
#20425 = SURFACE_SIDE_STYLE('',(#20426));
#20426 = SURFACE_STYLE_FILL_AREA(#20427);
#20427 = FILL_AREA_STYLE('',(#20428));
#20428 = FILL_AREA_STYLE_COLOUR('',#17898);
#20429 = OVER_RIDING_STYLED_ITEM('overriding color',(#20430),#17508,
  #17883);
#20430 = PRESENTATION_STYLE_ASSIGNMENT((#20431));
#20431 = SURFACE_STYLE_USAGE(.BOTH.,#20432);
#20432 = SURFACE_SIDE_STYLE('',(#20433));
#20433 = SURFACE_STYLE_FILL_AREA(#20434);
#20434 = FILL_AREA_STYLE('',(#20435));
#20435 = FILL_AREA_STYLE_COLOUR('',#17898);
#20436 = OVER_RIDING_STYLED_ITEM('overriding color',(#20437),#17530,
  #17883);
#20437 = PRESENTATION_STYLE_ASSIGNMENT((#20438));
#20438 = SURFACE_STYLE_USAGE(.BOTH.,#20439);
#20439 = SURFACE_SIDE_STYLE('',(#20440));
#20440 = SURFACE_STYLE_FILL_AREA(#20441);
#20441 = FILL_AREA_STYLE('',(#20442));
#20442 = FILL_AREA_STYLE_COLOUR('',#17898);
#20443 = OVER_RIDING_STYLED_ITEM('overriding color',(#20444),#17563,
  #17883);
#20444 = PRESENTATION_STYLE_ASSIGNMENT((#20445));
#20445 = SURFACE_STYLE_USAGE(.BOTH.,#20446);
#20446 = SURFACE_SIDE_STYLE('',(#20447));
#20447 = SURFACE_STYLE_FILL_AREA(#20448);
#20448 = FILL_AREA_STYLE('',(#20449));
#20449 = FILL_AREA_STYLE_COLOUR('',#17898);
#20450 = OVER_RIDING_STYLED_ITEM('overriding color',(#20451),#17587,
  #17883);
#20451 = PRESENTATION_STYLE_ASSIGNMENT((#20452));
#20452 = SURFACE_STYLE_USAGE(.BOTH.,#20453);
#20453 = SURFACE_SIDE_STYLE('',(#20454));
#20454 = SURFACE_STYLE_FILL_AREA(#20455);
#20455 = FILL_AREA_STYLE('',(#20456));
#20456 = FILL_AREA_STYLE_COLOUR('',#17898);
#20457 = OVER_RIDING_STYLED_ITEM('overriding color',(#20458),#17616,
  #17883);
#20458 = PRESENTATION_STYLE_ASSIGNMENT((#20459));
#20459 = SURFACE_STYLE_USAGE(.BOTH.,#20460);
#20460 = SURFACE_SIDE_STYLE('',(#20461));
#20461 = SURFACE_STYLE_FILL_AREA(#20462);
#20462 = FILL_AREA_STYLE('',(#20463));
#20463 = FILL_AREA_STYLE_COLOUR('',#17898);
#20464 = OVER_RIDING_STYLED_ITEM('overriding color',(#20465),#17634,
  #17883);
#20465 = PRESENTATION_STYLE_ASSIGNMENT((#20466));
#20466 = SURFACE_STYLE_USAGE(.BOTH.,#20467);
#20467 = SURFACE_SIDE_STYLE('',(#20468));
#20468 = SURFACE_STYLE_FILL_AREA(#20469);
#20469 = FILL_AREA_STYLE('',(#20470));
#20470 = FILL_AREA_STYLE_COLOUR('',#17898);
#20471 = OVER_RIDING_STYLED_ITEM('overriding color',(#20472),#17646,
  #17883);
#20472 = PRESENTATION_STYLE_ASSIGNMENT((#20473));
#20473 = SURFACE_STYLE_USAGE(.BOTH.,#20474);
#20474 = SURFACE_SIDE_STYLE('',(#20475));
#20475 = SURFACE_STYLE_FILL_AREA(#20476);
#20476 = FILL_AREA_STYLE('',(#20477));
#20477 = FILL_AREA_STYLE_COLOUR('',#17898);
#20478 = OVER_RIDING_STYLED_ITEM('overriding color',(#20479),#17667,
  #17883);
#20479 = PRESENTATION_STYLE_ASSIGNMENT((#20480));
#20480 = SURFACE_STYLE_USAGE(.BOTH.,#20481);
#20481 = SURFACE_SIDE_STYLE('',(#20482));
#20482 = SURFACE_STYLE_FILL_AREA(#20483);
#20483 = FILL_AREA_STYLE('',(#20484));
#20484 = FILL_AREA_STYLE_COLOUR('',#17898);
#20485 = OVER_RIDING_STYLED_ITEM('overriding color',(#20486),#17679,
  #17883);
#20486 = PRESENTATION_STYLE_ASSIGNMENT((#20487));
#20487 = SURFACE_STYLE_USAGE(.BOTH.,#20488);
#20488 = SURFACE_SIDE_STYLE('',(#20489));
#20489 = SURFACE_STYLE_FILL_AREA(#20490);
#20490 = FILL_AREA_STYLE('',(#20491));
#20491 = FILL_AREA_STYLE_COLOUR('',#17898);
#20492 = OVER_RIDING_STYLED_ITEM('overriding color',(#20493),#17696,
  #17883);
#20493 = PRESENTATION_STYLE_ASSIGNMENT((#20494));
#20494 = SURFACE_STYLE_USAGE(.BOTH.,#20495);
#20495 = SURFACE_SIDE_STYLE('',(#20496));
#20496 = SURFACE_STYLE_FILL_AREA(#20497);
#20497 = FILL_AREA_STYLE('',(#20498));
#20498 = FILL_AREA_STYLE_COLOUR('',#17898);
#20499 = OVER_RIDING_STYLED_ITEM('overriding color',(#20500),#17708,
  #17883);
#20500 = PRESENTATION_STYLE_ASSIGNMENT((#20501));
#20501 = SURFACE_STYLE_USAGE(.BOTH.,#20502);
#20502 = SURFACE_SIDE_STYLE('',(#20503));
#20503 = SURFACE_STYLE_FILL_AREA(#20504);
#20504 = FILL_AREA_STYLE('',(#20505));
#20505 = FILL_AREA_STYLE_COLOUR('',#17898);
#20506 = OVER_RIDING_STYLED_ITEM('overriding color',(#20507),#17720,
  #17883);
#20507 = PRESENTATION_STYLE_ASSIGNMENT((#20508));
#20508 = SURFACE_STYLE_USAGE(.BOTH.,#20509);
#20509 = SURFACE_SIDE_STYLE('',(#20510));
#20510 = SURFACE_STYLE_FILL_AREA(#20511);
#20511 = FILL_AREA_STYLE('',(#20512));
#20512 = FILL_AREA_STYLE_COLOUR('',#17898);
#20513 = OVER_RIDING_STYLED_ITEM('overriding color',(#20514),#17732,
  #17883);
#20514 = PRESENTATION_STYLE_ASSIGNMENT((#20515));
#20515 = SURFACE_STYLE_USAGE(.BOTH.,#20516);
#20516 = SURFACE_SIDE_STYLE('',(#20517));
#20517 = SURFACE_STYLE_FILL_AREA(#20518);
#20518 = FILL_AREA_STYLE('',(#20519));
#20519 = FILL_AREA_STYLE_COLOUR('',#17898);
#20520 = OVER_RIDING_STYLED_ITEM('overriding color',(#20521),#17749,
  #17883);
#20521 = PRESENTATION_STYLE_ASSIGNMENT((#20522));
#20522 = SURFACE_STYLE_USAGE(.BOTH.,#20523);
#20523 = SURFACE_SIDE_STYLE('',(#20524));
#20524 = SURFACE_STYLE_FILL_AREA(#20525);
#20525 = FILL_AREA_STYLE('',(#20526));
#20526 = FILL_AREA_STYLE_COLOUR('',#17898);
#20527 = OVER_RIDING_STYLED_ITEM('overriding color',(#20528),#17761,
  #17883);
#20528 = PRESENTATION_STYLE_ASSIGNMENT((#20529));
#20529 = SURFACE_STYLE_USAGE(.BOTH.,#20530);
#20530 = SURFACE_SIDE_STYLE('',(#20531));
#20531 = SURFACE_STYLE_FILL_AREA(#20532);
#20532 = FILL_AREA_STYLE('',(#20533));
#20533 = FILL_AREA_STYLE_COLOUR('',#17898);
#20534 = OVER_RIDING_STYLED_ITEM('overriding color',(#20535),#17773,
  #17883);
#20535 = PRESENTATION_STYLE_ASSIGNMENT((#20536));
#20536 = SURFACE_STYLE_USAGE(.BOTH.,#20537);
#20537 = SURFACE_SIDE_STYLE('',(#20538));
#20538 = SURFACE_STYLE_FILL_AREA(#20539);
#20539 = FILL_AREA_STYLE('',(#20540));
#20540 = FILL_AREA_STYLE_COLOUR('',#17898);
#20541 = OVER_RIDING_STYLED_ITEM('overriding color',(#20542),#17795,
  #17883);
#20542 = PRESENTATION_STYLE_ASSIGNMENT((#20543));
#20543 = SURFACE_STYLE_USAGE(.BOTH.,#20544);
#20544 = SURFACE_SIDE_STYLE('',(#20545));
#20545 = SURFACE_STYLE_FILL_AREA(#20546);
#20546 = FILL_AREA_STYLE('',(#20547));
#20547 = FILL_AREA_STYLE_COLOUR('',#17898);
#20548 = OVER_RIDING_STYLED_ITEM('overriding color',(#20549),#17807,
  #17883);
#20549 = PRESENTATION_STYLE_ASSIGNMENT((#20550));
#20550 = SURFACE_STYLE_USAGE(.BOTH.,#20551);
#20551 = SURFACE_SIDE_STYLE('',(#20552));
#20552 = SURFACE_STYLE_FILL_AREA(#20553);
#20553 = FILL_AREA_STYLE('',(#20554));
#20554 = FILL_AREA_STYLE_COLOUR('',#17898);
#20555 = OVER_RIDING_STYLED_ITEM('overriding color',(#20556),#17824,
  #17883);
#20556 = PRESENTATION_STYLE_ASSIGNMENT((#20557));
#20557 = SURFACE_STYLE_USAGE(.BOTH.,#20558);
#20558 = SURFACE_SIDE_STYLE('',(#20559));
#20559 = SURFACE_STYLE_FILL_AREA(#20560);
#20560 = FILL_AREA_STYLE('',(#20561));
#20561 = FILL_AREA_STYLE_COLOUR('',#17898);
ENDSEC;
END-ISO-10303-21;
