JAMA-IS VERSION  1.0                                                    S      1
1H,,1H;,101HZ:\users\yonezawa\受託\ニチコン株式会社\作業\チップ形\納品用G      1
\派生外形データ\変換用\6.3x5.8_Chip_0.prt,97HZ:\users\yonezawa\受託\ニチG      2
コン株式会社\作業\チップ形\納品用\派生外形データ\IGES\6.3x5.8_Chip.igs, G      3
8HNX V11.0,28HSIEMENS PLM Software NX 11.0,32,38,16,38,16,101HZ:\users\yG      4
onezawa\受託\ニチコン株式会社\作業\チップ形\納品用\派生外形データ\変換用G      5
\6.3x5.8_Chip_0.prt,1.0,2,2HMM,300,2.0,13H170904.170604,1.0E-005,       G      6
10000.0,,,8,0,13H170904.170500;                                         G      7
     124       1       0       0       0       0       0       000000000D      1
     124      27       0       1       0                       0       0D      2
     124       2       0       0       0       0       0       000000000D      3
     124      27       0       1       0                       0       0D      4
     314       3       0       0       1       0       0       000000200D      5
     314      27       1       1       0                       0       0D      6
     128       4       0       0       1       0       3       000000000D      7
     128      53      -5       4       0                       0       0D      8
     124       8       0       0       0       0       0       000000000D      9
     124      27       0       2       0                       0       0D     10
     124      10       0       0       0       0       0       000000000D     11
     124      27       0       2       0                       0       0D     12
     128      12       0       0       1       0       3       000010000D     13
     128      53      -5       3       0                       0       0D     14
     126      15       0       1       1       0       0       000010500D     15
     126      53      -5       2       0                       0       0D     16
     126      17       0       1       1       0       0       000010500D     17
     126      53      -5       8       0                       0       0D     18
     126      25       0       1       1       0       0       000010500D     19
     126      53      -5       2       0                       0       0D     20
     126      27       0       1       1       0       0       000010500D     21
     126      53      -5       2       0                       0       0D     22
     126      29       0       1       1       0       0       000010500D     23
     126      53      -5      14       0                       0       0D     24
     126      43       0       1       1       0       0       000010500D     25
     126      53      -5       2       0                       0       0D     26
     102      45       0       1       1       0       3       000010500D     27
     102      53      -5       1       0                       0       0D     28
     110      46       0       1       1       0       3       000010000D     29
     110      53      -5       1       0                       0       0D     30
     100      47       0       1       1       0       9       000010000D     31
     100      53      -5       2       0                       0       0D     32
     110      49       0       1       1       0       3       000010000D     33
     110      53      -5       1       0                       0       0D     34
     110      50       0       1       1       0       3       000010000D     35
     110      53      -5       1       0                       0       0D     36
     100      51       0       1       1       0      11       000010000D     37
     100      53      -5       1       0                       0       0D     38
     110      52       0       1       1       0       3       000010000D     39
     110      53      -5       1       0                       0       0D     40
     102      53       0       1       1       0       3       000010000D     41
     102      53      -5       1       0                       0       0D     42
     142      54       0       1       1       0       0       000010000D     43
     142      53      -5       1       0                       0       0D     44
     144      55       0       0       1       0       3       000000000D     45
     144      53      -5       1       0                       0       0D     46
     124      56       0       0       0       0       0       000000000D     47
     124      27       0       1       0                       0       0D     48
     128      57       0       0       1       0       3       000010000D     49
     128      53      -5       4       0                       0       0D     50
     126      61       0       1       1       0       0       000010500D     51
     126      53      -5       2       0                       0       0D     52
     126      63       0       1       1       0       0       000010500D     53
     126      53      -5       2       0                       0       0D     54
     126      65       0       1       1       0       0       000010500D     55
     126      53      -5       2       0                       0       0D     56
     126      67       0       1       1       0       0       000010500D     57
     126      53      -5       2       0                       0       0D     58
     126      69       0       1       1       0       0       000010500D     59
     126      53      -5      14       0                       0       0D     60
     126      83       0       1       1       0       0       000010500D     61
     126      53      -5       2       0                       0       0D     62
     126      85       0       1       1       0       0       000010500D     63
     126      53      -5      15       0                       0       0D     64
     126     100       0       1       1       0       0       000010500D     65
     126      53      -5       2       0                       0       0D     66
     102     102       0       1       1       0       3       000010500D     67
     102      53      -5       1       0                       0       0D     68
     110     103       0       1       1       0       3       000010000D     69
     110      53      -5       2       0                       0       0D     70
     110     105       0       1       1       0       3       000010000D     71
     110      53      -5       1       0                       0       0D     72
     110     106       0       1       1       0       3       000010000D     73
     110      53      -5       1       0                       0       0D     74
     110     107       0       1       1       0       3       000010000D     75
     110      53      -5       2       0                       0       0D     76
     100     109       0       1       1       0       3       000010000D     77
     100      53      -5       1       0                       0       0D     78
     110     110       0       1       1       0       3       000010000D     79
     110      53      -5       1       0                       0       0D     80
     100     111       0       1       1       0       3       000010000D     81
     100      53      -5       1       0                       0       0D     82
     110     112       0       1       1       0       3       000010000D     83
     110      53      -5       2       0                       0       0D     84
     102     114       0       1       1       0       3       000010000D     85
     102      53      -5       1       0                       0       0D     86
     142     115       0       1       1       0       0       000010000D     87
     142      53      -5       1       0                       0       0D     88
     126     116       0       1       1       0       0       000010500D     89
     126      53      -5      55       0                       0       0D     90
     100     171       0       1       1       0      47       000010000D     91
     100      53      -5       2       0                       0       0D     92
     142     173       0       1       1       0       0       000010000D     93
     142      53      -5       1       0                       0       0D     94
     126     174       0       1       1       0       0       000010500D     95
     126      53      -5      56       0                       0       0D     96
     100     230       0       1       1       0      47       000010000D     97
     100      53      -5       1       0                       0       0D     98
     142     231       0       1       1       0       0       000010000D     99
     142      53      -5       1       0                       0       0D    100
     126     232       0       1       1       0       0       000010500D    101
     126      53      -5      56       0                       0       0D    102
     100     288       0       1       1       0      47       000010000D    103
     100      53      -5       1       0                       0       0D    104
     142     289       0       1       1       0       0       000010000D    105
     142      53      -5       1       0                       0       0D    106
     126     290       0       1       1       0       0       000010500D    107
     126      53      -5      56       0                       0       0D    108
     100     346       0       1       1       0      47       000010000D    109
     100      53      -5       1       0                       0       0D    110
     142     347       0       1       1       0       0       000010000D    111
     142      53      -5       1       0                       0       0D    112
     126     348       0       1       1       0       0       000010500D    113
     126      53      -5      56       0                       0       0D    114
     100     404       0       1       1       0      47       000010000D    115
     100      53      -5       1       0                       0       0D    116
     142     405       0       1       1       0       0       000010000D    117
     142      53      -5       1       0                       0       0D    118
     144     406       0       0       1       0       3       000000000D    119
     144      53      -5       1       0                       0       0D    120
     128     407       0       0       1       0       3       000010000D    121
     128      53      -5       3       0                       0       0D    122
     126     410       0       1       1       0       0       000010500D    123
     126      53      -5       2       0                       0       0D    124
     126     412       0       1       1       0       0       000010500D    125
     126      53      -5       2       0                       0       0D    126
     126     414       0       1       1       0       0       000010500D    127
     126      53      -5       2       0                       0       0D    128
     126     416       0       1       1       0       0       000010500D    129
     126      53      -5       8       0                       0       0D    130
     126     424       0       1       1       0       0       000010500D    131
     126      53      -5       2       0                       0       0D    132
     126     426       0       1       1       0       0       000010500D    133
     126      53      -5       2       0                       0       0D    134
     102     428       0       1       1       0       3       000010500D    135
     102      53      -5       1       0                       0       0D    136
     110     429       0       1       1       0       3       000010000D    137
     110      53      -5       1       0                       0       0D    138
     110     430       0       1       1       0       3       000010000D    139
     110      53      -5       1       0                       0       0D    140
     110     431       0       1       1       0       3       000010000D    141
     110      53      -5       1       0                       0       0D    142
     100     432       0       1       1       0       9       000010000D    143
     100      53      -5       2       0                       0       0D    144
     110     434       0       1       1       0       3       000010000D    145
     110      53      -5       1       0                       0       0D    146
     110     435       0       1       1       0       3       000010000D    147
     110      53      -5       1       0                       0       0D    148
     102     436       0       1       1       0       3       000010000D    149
     102      53      -5       1       0                       0       0D    150
     142     437       0       1       1       0       0       000010000D    151
     142      53      -5       1       0                       0       0D    152
     144     438       0       0       1       0       3       000000000D    153
     144      53      -5       1       0                       0       0D    154
     128     439       0       0       1       0       3       000010000D    155
     128      53      -5       4       0                       0       0D    156
     126     443       0       1       1       0       0       000010500D    157
     126      53      -5       3       0                       0       0D    158
     126     446       0       1       1       0       0       000010500D    159
     126      53      -5       2       0                       0       0D    160
     126     448       0       1       1       0       0       000010500D    161
     126      53      -5       3       0                       0       0D    162
     126     451       0       1       1       0       0       000010500D    163
     126      53      -5      15       0                       0       0D    164
     126     466       0       1       1       0       0       000010500D    165
     126      53      -5       3       0                       0       0D    166
     126     469       0       1       1       0       0       000010500D    167
     126      53      -5       2       0                       0       0D    168
     126     471       0       1       1       0       0       000010500D    169
     126      53      -5       3       0                       0       0D    170
     126     474       0       1       1       0       0       000010500D    171
     126      53      -5      15       0                       0       0D    172
     126     489       0       1       1       0       0       000010500D    173
     126      53      -5       3       0                       0       0D    174
     126     492       0       1       1       0       0       000010500D    175
     126      53      -5       2       0                       0       0D    176
     126     494       0       1       1       0       0       000010500D    177
     126      53      -5       3       0                       0       0D    178
     126     497       0       1       1       0       0       000010500D    179
     126      53      -5      15       0                       0       0D    180
     126     512       0       1       1       0       0       000010500D    181
     126      53      -5       3       0                       0       0D    182
     126     515       0       1       1       0       0       000010500D    183
     126      53      -5       2       0                       0       0D    184
     126     517       0       1       1       0       0       000010500D    185
     126      53      -5       3       0                       0       0D    186
     126     520       0       1       1       0       0       000010500D    187
     126      53      -5      15       0                       0       0D    188
     102     535       0       1       1       0       3       000010500D    189
     102      53      -5       2       0                       0       0D    190
     110     537       0       1       1       0       3       000010000D    191
     110      53      -5       2       0                       0       0D    192
     110     539       0       1       1       0       3       000010000D    193
     110      53      -5       1       0                       0       0D    194
     110     540       0       1       1       0       3       000010000D    195
     110      53      -5       2       0                       0       0D    196
     100     542       0       1       1       0      47       000010000D    197
     100      53      -5       2       0                       0       0D    198
     110     544       0       1       1       0       3       000010000D    199
     110      53      -5       2       0                       0       0D    200
     110     546       0       1       1       0       3       000010000D    201
     110      53      -5       1       0                       0       0D    202
     110     547       0       1       1       0       3       000010000D    203
     110      53      -5       2       0                       0       0D    204
     100     549       0       1       1       0      47       000010000D    205
     100      53      -5       2       0                       0       0D    206
     110     551       0       1       1       0       3       000010000D    207
     110      53      -5       2       0                       0       0D    208
     110     553       0       1       1       0       3       000010000D    209
     110      53      -5       1       0                       0       0D    210
     110     554       0       1       1       0       3       000010000D    211
     110      53      -5       2       0                       0       0D    212
     100     556       0       1       1       0      47       000010000D    213
     100      53      -5       2       0                       0       0D    214
     110     558       0       1       1       0       3       000010000D    215
     110      53      -5       2       0                       0       0D    216
     110     560       0       1       1       0       3       000010000D    217
     110      53      -5       1       0                       0       0D    218
     110     561       0       1       1       0       3       000010000D    219
     110      53      -5       2       0                       0       0D    220
     100     563       0       1       1       0      47       000010000D    221
     100      53      -5       2       0                       0       0D    222
     102     565       0       1       1       0       3       000010000D    223
     102      53      -5       2       0                       0       0D    224
     142     567       0       1       1       0       0       000010000D    225
     142      53      -5       1       0                       0       0D    226
     144     568       0       0       1       0       3       000000000D    227
     144      53      -5       1       0                       0       0D    228
     124     569       0       0       0       0       0       000000000D    229
     124      27       0       1       0                       0       0D    230
     124     570       0       0       0       0       0       000000000D    231
     124      27       0       1       0                       0       0D    232
     128     571       0       0       1       0       3       000010000D    233
     128      53      -5       3       0                       0       0D    234
     126     574       0       1       1       0       0       000010500D    235
     126      53      -5       2       0                       0       0D    236
     126     576       0       1       1       0       0       000010500D    237
     126      53      -5       2       0                       0       0D    238
     126     578       0       1       1       0       0       000010500D    239
     126      53      -5       2       0                       0       0D    240
     126     580       0       1       1       0       0       000010500D    241
     126      53      -5       2       0                       0       0D    242
     126     582       0       1       1       0       0       000010500D    243
     126      53      -5       2       0                       0       0D    244
     126     584       0       1       1       0       0       000010500D    245
     126      53      -5       8       0                       0       0D    246
     126     592       0       1       1       0       0       000010500D    247
     126      53      -5       8       0                       0       0D    248
     126     600       0       1       1       0       0       000010500D    249
     126      53      -5       2       0                       0       0D    250
     126     602       0       1       1       0       0       000010500D    251
     126      53      -5       8       0                       0       0D    252
     126     610       0       1       1       0       0       000010500D    253
     126      53      -5       3       0                       0       0D    254
     126     613       0       1       1       0       0       000010500D    255
     126      53      -5       8       0                       0       0D    256
     102     621       0       1       1       0       3       000010500D    257
     102      53      -5       1       0                       0       0D    258
     110     622       0       1       1       0       3       000010000D    259
     110      53      -5       1       0                       0       0D    260
     110     623       0       1       1       0       3       000010000D    261
     110      53      -5       1       0                       0       0D    262
     110     624       0       1       1       0       3       000010000D    263
     110      53      -5       2       0                       0       0D    264
     110     626       0       1       1       0       3       000010000D    265
     110      53      -5       1       0                       0       0D    266
     110     627       0       1       1       0       3       000010000D    267
     110      53      -5       1       0                       0       0D    268
     100     628       0       1       1       0     229       000010000D    269
     100      53      -5       2       0                       0       0D    270
     100     630       0       1       1       0     231       000010000D    271
     100      53      -5       2       0                       0       0D    272
     110     632       0       1       1       0       3       000010000D    273
     110      53      -5       1       0                       0       0D    274
     100     633       0       1       1       0     231       000010000D    275
     100      53      -5       2       0                       0       0D    276
     110     635       0       1       1       0       3       000010000D    277
     110      53      -5       1       0                       0       0D    278
     100     636       0       1       1       0     229       000010000D    279
     100      53      -5       1       0                       0       0D    280
     102     637       0       1       1       0       3       000010000D    281
     102      53      -5       1       0                       0       0D    282
     142     638       0       1       1       0       0       000010000D    283
     142      53      -5       1       0                       0       0D    284
     144     639       0       0       1       0       3       000000000D    285
     144      53      -5       1       0                       0       0D    286
     124     640       0       0       0       0       0       000000000D    287
     124      27       0       1       0                       0       0D    288
     124     641       0       0       0       0       0       000000000D    289
     124      27       0       1       0                       0       0D    290
     128     642       0       0       1       0       3       000010000D    291
     128      53      -5       3       0                       0       0D    292
     126     645       0       1       1       0       0       000010500D    293
     126      53      -5       2       0                       0       0D    294
     126     647       0       1       1       0       0       000010500D    295
     126      53      -5       2       0                       0       0D    296
     126     649       0       1       1       0       0       000010500D    297
     126      53      -5       8       0                       0       0D    298
     126     657       0       1       1       0       0       000010500D    299
     126      53      -5       3       0                       0       0D    300
     126     660       0       1       1       0       0       000010500D    301
     126      53      -5       8       0                       0       0D    302
     126     668       0       1       1       0       0       000010500D    303
     126      53      -5       3       0                       0       0D    304
     126     671       0       1       1       0       0       000010500D    305
     126      53      -5       8       0                       0       0D    306
     126     679       0       1       1       0       0       000010500D    307
     126      53      -5       3       0                       0       0D    308
     126     682       0       1       1       0       0       000010500D    309
     126      53      -5       8       0                       0       0D    310
     126     690       0       1       1       0       0       000010500D    311
     126      53      -5       2       0                       0       0D    312
     126     692       0       1       1       0       0       000010500D    313
     126      53      -5       2       0                       0       0D    314
     126     694       0       1       1       0       0       000010500D    315
     126      53      -5       2       0                       0       0D    316
     102     696       0       1       1       0       3       000010500D    317
     102      53      -5       1       0                       0       0D    318
     110     697       0       1       1       0       3       000010000D    319
     110      53      -5       1       0                       0       0D    320
     110     698       0       1       1       0       3       000010000D    321
     110      53      -5       1       0                       0       0D    322
     100     699       0       1       1       0     287       000010000D    323
     100      53      -5       1       0                       0       0D    324
     110     700       0       1       1       0       3       000010000D    325
     110      53      -5       1       0                       0       0D    326
     100     701       0       1       1       0     289       000010000D    327
     100      53      -5       2       0                       0       0D    328
     110     703       0       1       1       0       3       000010000D    329
     110      53      -5       1       0                       0       0D    330
     100     704       0       1       1       0     289       000010000D    331
     100      53      -5       2       0                       0       0D    332
     110     706       0       1       1       0       3       000010000D    333
     110      53      -5       1       0                       0       0D    334
     100     707       0       1       1       0     287       000010000D    335
     100      53      -5       1       0                       0       0D    336
     110     708       0       1       1       0       3       000010000D    337
     110      53      -5       1       0                       0       0D    338
     110     709       0       1       1       0       3       000010000D    339
     110      53      -5       1       0                       0       0D    340
     110     710       0       1       1       0       3       000010000D    341
     110      53      -5       1       0                       0       0D    342
     102     711       0       1       1       0       3       000010000D    343
     102      53      -5       1       0                       0       0D    344
     142     712       0       1       1       0       0       000010000D    345
     142      53      -5       1       0                       0       0D    346
     144     713       0       0       1       0       3       000000000D    347
     144      53      -5       1       0                       0       0D    348
     124     714       0       0       0       0       0       000000000D    349
     124      27       0       1       0                       0       0D    350
     124     715       0       0       0       0       0       000000000D    351
     124      27       0       1       0                       0       0D    352
     128     716       0       0       1       0       3       000010000D    353
     128      53      -5       3       0                       0       0D    354
     126     719       0       1       1       0       0       000010500D    355
     126      53      -5       8       0                       0       0D    356
     126     727       0       1       1       0       0       000010500D    357
     126      53      -5       8       0                       0       0D    358
     126     735       0       1       1       0       0       000010500D    359
     126      53      -5       2       0                       0       0D    360
     126     737       0       1       1       0       0       000010500D    361
     126      53      -5       2       0                       0       0D    362
     126     739       0       1       1       0       0       000010500D    363
     126      53      -5       2       0                       0       0D    364
     126     741       0       1       1       0       0       000010500D    365
     126      53      -5       2       0                       0       0D    366
     126     743       0       1       1       0       0       000010500D    367
     126      53      -5       2       0                       0       0D    368
     126     745       0       1       1       0       0       000010500D    369
     126      53      -5       8       0                       0       0D    370
     126     753       0       1       1       0       0       000010500D    371
     126      53      -5       8       0                       0       0D    372
     126     761       0       1       1       0       0       000010500D    373
     126      53      -5       2       0                       0       0D    374
     102     763       0       1       1       0       3       000010500D    375
     102      53      -5       1       0                       0       0D    376
     100     764       0       1       1       0     349       000010000D    377
     100      53      -5       2       0                       0       0D    378
     100     766       0       1       1       0     351       000010000D    379
     100      53      -5       1       0                       0       0D    380
     110     767       0       1       1       0       3       000010000D    381
     110      53      -5       1       0                       0       0D    382
     110     768       0       1       1       0       3       000010000D    383
     110      53      -5       1       0                       0       0D    384
     110     769       0       1       1       0       3       000010000D    385
     110      53      -5       1       0                       0       0D    386
     110     770       0       1       1       0       3       000010000D    387
     110      53      -5       1       0                       0       0D    388
     110     771       0       1       1       0       3       000010000D    389
     110      53      -5       1       0                       0       0D    390
     100     772       0       1       1       0     351       000010000D    391
     100      53      -5       1       0                       0       0D    392
     100     773       0       1       1       0     349       000010000D    393
     100      53      -5       1       0                       0       0D    394
     110     774       0       1       1       0       3       000010000D    395
     110      53      -5       1       0                       0       0D    396
     102     775       0       1       1       0       3       000010000D    397
     102      53      -5       1       0                       0       0D    398
     142     776       0       1       1       0       0       000010000D    399
     142      53      -5       1       0                       0       0D    400
     144     777       0       0       1       0       3       000000000D    401
     144      53      -5       1       0                       0       0D    402
     128     778       0       0       1       0       3       000010000D    403
     128      53      -5       3       0                       0       0D    404
     126     781       0       1       1       0       0       000010500D    405
     126      53      -5       2       0                       0       0D    406
     126     783       0       1       1       0       0       000010500D    407
     126      53      -5       2       0                       0       0D    408
     126     785       0       1       1       0       0       000010500D    409
     126      53      -5       8       0                       0       0D    410
     126     793       0       1       1       0       0       000010500D    411
     126      53      -5       8       0                       0       0D    412
     126     801       0       1       1       0       0       000010500D    413
     126      53      -5       2       0                       0       0D    414
     126     803       0       1       1       0       0       000010500D    415
     126      53      -5       8       0                       0       0D    416
     126     811       0       1       1       0       0       000010500D    417
     126      53      -5       3       0                       0       0D    418
     126     814       0       1       1       0       0       000010500D    419
     126      53      -5       8       0                       0       0D    420
     126     822       0       1       1       0       0       000010500D    421
     126      53      -5       2       0                       0       0D    422
     126     824       0       1       1       0       0       000010500D    423
     126      53      -5       2       0                       0       0D    424
     126     826       0       1       1       0       0       000010500D    425
     126      53      -5       2       0                       0       0D    426
     102     828       0       1       1       0       3       000010500D    427
     102      53      -5       1       0                       0       0D    428
     110     829       0       1       1       0       3       000010000D    429
     110      53      -5       1       0                       0       0D    430
     110     830       0       1       1       0       3       000010000D    431
     110      53      -5       1       0                       0       0D    432
     100     831       0       1       1       0     229       000010000D    433
     100      53      -5       2       0                       0       0D    434
     100     833       0       1       1       0     231       000010000D    435
     100      53      -5       2       0                       0       0D    436
     110     835       0       1       1       0       3       000010000D    437
     110      53      -5       1       0                       0       0D    438
     100     836       0       1       1       0     231       000010000D    439
     100      53      -5       2       0                       0       0D    440
     110     838       0       1       1       0       3       000010000D    441
     110      53      -5       1       0                       0       0D    442
     100     839       0       1       1       0     229       000010000D    443
     100      53      -5       1       0                       0       0D    444
     110     840       0       1       1       0       3       000010000D    445
     110      53      -5       1       0                       0       0D    446
     110     841       0       1       1       0       3       000010000D    447
     110      53      -5       1       0                       0       0D    448
     110     842       0       1       1       0       3       000010000D    449
     110      53      -5       2       0                       0       0D    450
     102     844       0       1       1       0       3       000010000D    451
     102      53      -5       1       0                       0       0D    452
     142     845       0       1       1       0       0       000010000D    453
     142      53      -5       1       0                       0       0D    454
     144     846       0       0       1       0       3       000000000D    455
     144      53      -5       1       0                       0       0D    456
     128     847       0       0       1       0       3       000000000D    457
     128      53      -5       4       0                       0       0D    458
     128     851       0       0       1       0       3       000010000D    459
     128      53      -5      11       0                       0       0D    460
     126     862       0       1       1       0       0       000010500D    461
     126      53      -5       8       0                       0       0D    462
     126     870       0       1       1       0       0       000010500D    463
     126      53      -5       3       0                       0       0D    464
     126     873       0       1       1       0       0       000010500D    465
     126      53      -5       9       0                       0       0D    466
     126     882       0       1       1       0       0       000010500D    467
     126      53      -5       3       0                       0       0D    468
     126     885       0       1       1       0       0       000010500D    469
     126      53      -5       9       0                       0       0D    470
     126     894       0       1       1       0       0       000010500D    471
     126      53      -5       3       0                       0       0D    472
     126     897       0       1       1       0       0       000010500D    473
     126      53      -5       8       0                       0       0D    474
     126     905       0       1       1       0       0       000010500D    475
     126      53      -5       3       0                       0       0D    476
     102     908       0       1       1       0       3       000010500D    477
     102      53      -5       1       0                       0       0D    478
     126     909       0       1       1       0       3       000010000D    479
     126      53      -5      23       0                       0       0D    480
     100     932       0       1       1       0       3       000010000D    481
     100      53      -5       2       0                       0       0D    482
     126     934       0       1       1       0       3       000010000D    483
     126      53      -5      22       0                       0       0D    484
     110     956       0       1       1       0       3       000010000D    485
     110      53      -5       2       0                       0       0D    486
     126     958       0       1       1       0       3       000010000D    487
     126      53      -5      22       0                       0       0D    488
     100     980       0       1       1       0      11       000010000D    489
     100      53      -5       2       0                       0       0D    490
     126     982       0       1       1       0       3       000010000D    491
     126      53      -5      22       0                       0       0D    492
     110    1004       0       1       1       0       3       000010000D    493
     110      53      -5       2       0                       0       0D    494
     102    1006       0       1       1       0       3       000010000D    495
     102      53      -5       1       0                       0       0D    496
     142    1007       0       1       1       0       0       000010000D    497
     142      53      -5       1       0                       0       0D    498
     144    1008       0       0       1       0       3       000000000D    499
     144      53      -5       1       0                       0       0D    500
     128    1009       0       0       1       0       3       000010000D    501
     128      53      -5      11       0                       0       0D    502
     126    1020       0       1       1       0       0       000010500D    503
     126      53      -5       8       0                       0       0D    504
     126    1028       0       1       1       0       0       000010500D    505
     126      53      -5       3       0                       0       0D    506
     126    1031       0       1       1       0       0       000010500D    507
     126      53      -5       8       0                       0       0D    508
     126    1039       0       1       1       0       0       000010500D    509
     126      53      -5       3       0                       0       0D    510
     126    1042       0       1       1       0       0       000010500D    511
     126      53      -5       8       0                       0       0D    512
     126    1050       0       1       1       0       0       000010500D    513
     126      53      -5       3       0                       0       0D    514
     126    1053       0       1       1       0       0       000010500D    515
     126      53      -5       9       0                       0       0D    516
     126    1062       0       1       1       0       0       000010500D    517
     126      53      -5       3       0                       0       0D    518
     102    1065       0       1       1       0       3       000010500D    519
     102      53      -5       1       0                       0       0D    520
     126    1066       0       1       1       0       3       000010000D    521
     126      53      -5      22       0                       0       0D    522
     110    1088       0       1       1       0       3       000010000D    523
     110      53      -5       2       0                       0       0D    524
     126    1090       0       1       1       0       3       000010000D    525
     126      53      -5      22       0                       0       0D    526
     100    1112       0       1       1       0       3       000010000D    527
     100      53      -5       2       0                       0       0D    528
     126    1114       0       1       1       0       3       000010000D    529
     126      53      -5      22       0                       0       0D    530
     110    1136       0       1       1       0       3       000010000D    531
     110      53      -5       2       0                       0       0D    532
     126    1138       0       1       1       0       3       000010000D    533
     126      53      -5      22       0                       0       0D    534
     100    1160       0       1       1       0      11       000010000D    535
     100      53      -5       2       0                       0       0D    536
     102    1162       0       1       1       0       3       000010000D    537
     102      53      -5       1       0                       0       0D    538
     142    1163       0       1       1       0       0       000010000D    539
     142      53      -5       1       0                       0       0D    540
     144    1164       0       0       1       0       3       000000000D    541
     144      53      -5       1       0                       0       0D    542
     128    1165       0       0       1       0       3       000000000D    543
     128      53      -5       3       0                       0       0D    544
     128    1168       0       0       1       0       3       000000000D    545
     128      53      -5       4       0                       0       0D    546
     128    1172       0       0       1       0       3       000010000D    547
     128      53      -5       9       0                       0       0D    548
     126    1181       0       1       1       0       0       000010500D    549
     126      53      -5       2       0                       0       0D    550
     126    1183       0       1       1       0       0       000010500D    551
     126      53      -5       2       0                       0       0D    552
     126    1185       0       1       1       0       0       000010500D    553
     126      53      -5       2       0                       0       0D    554
     126    1187       0       1       1       0       0       000010500D    555
     126      53      -5       2       0                       0       0D    556
     102    1189       0       1       1       0       3       000010500D    557
     102      53      -5       1       0                       0       0D    558
     100    1190       0       1       1       0      47       000010000D    559
     100      53      -5       1       0                       0       0D    560
     110    1191       0       1       1       0       3       000010000D    561
     110      53      -5       1       0                       0       0D    562
     100    1192       0       1       1       0       3       000010000D    563
     100      53      -5       1       0                       0       0D    564
     110    1193       0       1       1       0       3       000010000D    565
     110      53      -5       1       0                       0       0D    566
     102    1194       0       1       1       0       3       000010000D    567
     102      53      -5       1       0                       0       0D    568
     142    1195       0       1       1       0       0       000010000D    569
     142      53      -5       1       0                       0       0D    570
     144    1196       0       0       1       0       3       000000000D    571
     144      53      -5       1       0                       0       0D    572
     128    1197       0       0       1       0       3       000010000D    573
     128      53      -5       3       0                       0       0D    574
     126    1200       0       1       1       0       0       000010500D    575
     126      53      -5      56       0                       0       0D    576
     100    1256       0       1       1       0       3       000010000D    577
     100      53      -5       1       0                       0       0D    578
     142    1257       0       1       1       0       0       000010000D    579
     142      53      -5       1       0                       0       0D    580
     144    1258       0       0       1       0       3       000000000D    581
     144      53      -5       1       0                       0       0D    582
     128    1259       0       0       1       0       3       000010000D    583
     128      53      -5       3       0                       0       0D    584
     126    1262       0       1       1       0       0       000010500D    585
     126      53      -5      56       0                       0       0D    586
     100    1318       0       1       1       0       3       000010000D    587
     100      53      -5       1       0                       0       0D    588
     142    1319       0       1       1       0       0       000010000D    589
     142      53      -5       1       0                       0       0D    590
     144    1320       0       0       1       0       3       000000000D    591
     144      53      -5       1       0                       0       0D    592
     128    1321       0       0       1       0       3       000010000D    593
     128      53      -5       9       0                       0       0D    594
     126    1330       0       1       1       0       0       000010500D    595
     126      53      -5       2       0                       0       0D    596
     126    1332       0       1       1       0       0       000010500D    597
     126      53      -5       2       0                       0       0D    598
     126    1334       0       1       1       0       0       000010500D    599
     126      53      -5       2       0                       0       0D    600
     126    1336       0       1       1       0       0       000010500D    601
     126      53      -5       2       0                       0       0D    602
     102    1338       0       1       1       0       3       000010500D    603
     102      53      -5       1       0                       0       0D    604
     100    1339       0       1       1       0      47       000010000D    605
     100      53      -5       1       0                       0       0D    606
     110    1340       0       1       1       0       3       000010000D    607
     110      53      -5       1       0                       0       0D    608
     100    1341       0       1       1       0       3       000010000D    609
     100      53      -5       1       0                       0       0D    610
     110    1342       0       1       1       0       3       000010000D    611
     110      53      -5       1       0                       0       0D    612
     102    1343       0       1       1       0       3       000010000D    613
     102      53      -5       1       0                       0       0D    614
     142    1344       0       1       1       0       0       000010000D    615
     142      53      -5       1       0                       0       0D    616
     144    1345       0       0       1       0       3       000000000D    617
     144      53      -5       1       0                       0       0D    618
     128    1346       0       0       1       0       3       000010000D    619
     128      53      -5       3       0                       0       0D    620
     126    1349       0       1       1       0       0       000010500D    621
     126      53      -5      56       0                       0       0D    622
     100    1405       0       1       1       0       3       000010000D    623
     100      53      -5       1       0                       0       0D    624
     142    1406       0       1       1       0       0       000010000D    625
     142      53      -5       1       0                       0       0D    626
     144    1407       0       0       1       0       3       000000000D    627
     144      53      -5       1       0                       0       0D    628
     128    1408       0       0       1       0       3       000010000D    629
     128      53      -5       9       0                       0       0D    630
     126    1417       0       1       1       0       0       000010500D    631
     126      53      -5       2       0                       0       0D    632
     126    1419       0       1       1       0       0       000010500D    633
     126      53      -5       2       0                       0       0D    634
     126    1421       0       1       1       0       0       000010500D    635
     126      53      -5       2       0                       0       0D    636
     126    1423       0       1       1       0       0       000010500D    637
     126      53      -5       2       0                       0       0D    638
     102    1425       0       1       1       0       3       000010500D    639
     102      53      -5       1       0                       0       0D    640
     100    1426       0       1       1       0      47       000010000D    641
     100      53      -5       1       0                       0       0D    642
     110    1427       0       1       1       0       3       000010000D    643
     110      53      -5       1       0                       0       0D    644
     100    1428       0       1       1       0       3       000010000D    645
     100      53      -5       1       0                       0       0D    646
     110    1429       0       1       1       0       3       000010000D    647
     110      53      -5       1       0                       0       0D    648
     102    1430       0       1       1       0       3       000010000D    649
     102      53      -5       1       0                       0       0D    650
     142    1431       0       1       1       0       0       000010000D    651
     142      53      -5       1       0                       0       0D    652
     144    1432       0       0       1       0       3       000000000D    653
     144      53      -5       1       0                       0       0D    654
     128    1433       0       0       1       0       3       000010000D    655
     128      53      -5       3       0                       0       0D    656
     126    1436       0       1       1       0       0       000010500D    657
     126      53      -5      56       0                       0       0D    658
     100    1492       0       1       1       0       3       000010000D    659
     100      53      -5       1       0                       0       0D    660
     142    1493       0       1       1       0       0       000010000D    661
     142      53      -5       1       0                       0       0D    662
     144    1494       0       0       1       0       3       000000000D    663
     144      53      -5       1       0                       0       0D    664
     128    1495       0       0       1       0       3       000010000D    665
     128      53      -5       9       0                       0       0D    666
     126    1504       0       1       1       0       0       000010500D    667
     126      53      -5       2       0                       0       0D    668
     126    1506       0       1       1       0       0       000010500D    669
     126      53      -5       2       0                       0       0D    670
     126    1508       0       1       1       0       0       000010500D    671
     126      53      -5       2       0                       0       0D    672
     126    1510       0       1       1       0       0       000010500D    673
     126      53      -5       2       0                       0       0D    674
     102    1512       0       1       1       0       3       000010500D    675
     102      53      -5       1       0                       0       0D    676
     100    1513       0       1       1       0      47       000010000D    677
     100      53      -5       1       0                       0       0D    678
     110    1514       0       1       1       0       3       000010000D    679
     110      53      -5       1       0                       0       0D    680
     100    1515       0       1       1       0       3       000010000D    681
     100      53      -5       1       0                       0       0D    682
     110    1516       0       1       1       0       3       000010000D    683
     110      53      -5       1       0                       0       0D    684
     102    1517       0       1       1       0       3       000010000D    685
     102      53      -5       1       0                       0       0D    686
     142    1518       0       1       1       0       0       000010000D    687
     142      53      -5       1       0                       0       0D    688
     144    1519       0       0       1       0       3       000000000D    689
     144      53      -5       1       0                       0       0D    690
     314    1520       0       0       1       0       0       000000200D    691
     314      27       8       2       0                       0       0D    692
     128    1522       0       0       1       0       3       000010000D    693
     128      53    -691       4       0                       0       0D    694
     126    1526       0       1       1       0       0       000010500D    695
     126      53    -691       2       0                       0       0D    696
     126    1528       0       1       1       0       0       000010500D    697
     126      53    -691       8       0                       0       0D    698
     126    1536       0       1       1       0       0       000010500D    699
     126      53    -691       8       0                       0       0D    700
     126    1544       0       1       1       0       0       000010500D    701
     126      53    -691       2       0                       0       0D    702
     126    1546       0       1       1       0       0       000010500D    703
     126      53    -691       2       0                       0       0D    704
     102    1548       0       1       1       0       3       000010500D    705
     102      53    -691       1       0                       0       0D    706
     110    1549       0       1       1       0       3       000010000D    707
     110      53    -691       1       0                       0       0D    708
     100    1550       0       1       1       0       3       000010000D    709
     100      53    -691       2       0                       0       0D    710
     100    1552       0       1       1       0       3       000010000D    711
     100      53    -691       2       0                       0       0D    712
     110    1554       0       1       1       0       3       000010000D    713
     110      53    -691       2       0                       0       0D    714
     110    1556       0       1       1       0       3       000010000D    715
     110      53    -691       2       0                       0       0D    716
     102    1558       0       1       1       0       3       000010000D    717
     102      53    -691       1       0                       0       0D    718
     142    1559       0       1       1       0       0       000010000D    719
     142      53    -691       1       0                       0       0D    720
     144    1560       0       0       1       0       3       000000000D    721
     144      53    -691       1       0                       0       0D    722
     128    1561       0       0       1       0       3       000010000D    723
     128      53    -691       3       0                       0       0D    724
     126    1564       0       1       1       0       0       000010500D    725
     126      53    -691       2       0                       0       0D    726
     126    1566       0       1       1       0       0       000010500D    727
     126      53    -691       2       0                       0       0D    728
     126    1568       0       1       1       0       0       000010500D    729
     126      53    -691       2       0                       0       0D    730
     126    1570       0       1       1       0       0       000010500D    731
     126      53    -691       2       0                       0       0D    732
     102    1572       0       1       1       0       3       000010500D    733
     102      53    -691       1       0                       0       0D    734
     110    1573       0       1       1       0       3       000010000D    735
     110      53    -691       1       0                       0       0D    736
     110    1574       0       1       1       0       3       000010000D    737
     110      53    -691       1       0                       0       0D    738
     110    1575       0       1       1       0       3       000010000D    739
     110      53    -691       1       0                       0       0D    740
     110    1576       0       1       1       0       3       000010000D    741
     110      53    -691       2       0                       0       0D    742
     102    1578       0       1       1       0       3       000010000D    743
     102      53    -691       1       0                       0       0D    744
     142    1579       0       1       1       0       0       000010000D    745
     142      53    -691       1       0                       0       0D    746
     144    1580       0       0       1       0       3       000000000D    747
     144      53    -691       1       0                       0       0D    748
     128    1581       0       0       1       0       3       000010000D    749
     128      53    -691       4       0                       0       0D    750
     126    1585       0       1       1       0       0       000010500D    751
     126      53    -691       2       0                       0       0D    752
     126    1587       0       1       1       0       0       000010500D    753
     126      53    -691       2       0                       0       0D    754
     126    1589       0       1       1       0       0       000010500D    755
     126      53    -691       2       0                       0       0D    756
     126    1591       0       1       1       0       0       000010500D    757
     126      53    -691       2       0                       0       0D    758
     102    1593       0       1       1       0       3       000010500D    759
     102      53    -691       1       0                       0       0D    760
     110    1594       0       1       1       0       3       000010000D    761
     110      53    -691       1       0                       0       0D    762
     110    1595       0       1       1       0       3       000010000D    763
     110      53    -691       1       0                       0       0D    764
     110    1596       0       1       1       0       3       000010000D    765
     110      53    -691       2       0                       0       0D    766
     110    1598       0       1       1       0       3       000010000D    767
     110      53    -691       2       0                       0       0D    768
     102    1600       0       1       1       0       3       000010000D    769
     102      53    -691       1       0                       0       0D    770
     142    1601       0       1       1       0       0       000010000D    771
     142      53    -691       1       0                       0       0D    772
     144    1602       0       0       1       0       3       000000000D    773
     144      53    -691       1       0                       0       0D    774
     128    1603       0       0       1       0       3       000010000D    775
     128      53    -691       4       0                       0       0D    776
     126    1607       0       1       1       0       0       000010500D    777
     126      53    -691       2       0                       0       0D    778
     126    1609       0       1       1       0       0       000010500D    779
     126      53    -691       2       0                       0       0D    780
     126    1611       0       1       1       0       0       000010500D    781
     126      53    -691       2       0                       0       0D    782
     126    1613       0       1       1       0       0       000010500D    783
     126      53    -691       8       0                       0       0D    784
     126    1621       0       1       1       0       0       000010500D    785
     126      53    -691       8       0                       0       0D    786
     102    1629       0       1       1       0       3       000010500D    787
     102      53    -691       1       0                       0       0D    788
     110    1630       0       1       1       0       3       000010000D    789
     110      53    -691       2       0                       0       0D    790
     110    1632       0       1       1       0       3       000010000D    791
     110      53    -691       2       0                       0       0D    792
     110    1634       0       1       1       0       3       000010000D    793
     110      53    -691       1       0                       0       0D    794
     100    1635       0       1       1       0      11       000010000D    795
     100      53    -691       2       0                       0       0D    796
     100    1637       0       1       1       0      11       000010000D    797
     100      53    -691       2       0                       0       0D    798
     102    1639       0       1       1       0       3       000010000D    799
     102      53    -691       1       0                       0       0D    800
     142    1640       0       1       1       0       0       000010000D    801
     142      53    -691       1       0                       0       0D    802
     144    1641       0       0       1       0       3       000000000D    803
     144      53    -691       1       0                       0       0D    804
     128    1642       0       0       1       0       3       000010000D    805
     128      53    -691       4       0                       0       0D    806
     126    1646       0       1       1       0       0       000010500D    807
     126      53    -691       2       0                       0       0D    808
     126    1648       0       1       1       0       0       000010500D    809
     126      53    -691       2       0                       0       0D    810
     126    1650       0       1       1       0       0       000010500D    811
     126      53    -691       2       0                       0       0D    812
     126    1652       0       1       1       0       0       000010500D    813
     126      53    -691       2       0                       0       0D    814
     102    1654       0       1       1       0       3       000010500D    815
     102      53    -691       1       0                       0       0D    816
     110    1655       0       1       1       0       3       000010000D    817
     110      53    -691       1       0                       0       0D    818
     110    1656       0       1       1       0       3       000010000D    819
     110      53    -691       2       0                       0       0D    820
     110    1658       0       1       1       0       3       000010000D    821
     110      53    -691       2       0                       0       0D    822
     110    1660       0       1       1       0       3       000010000D    823
     110      53    -691       1       0                       0       0D    824
     102    1661       0       1       1       0       3       000010000D    825
     102      53    -691       1       0                       0       0D    826
     142    1662       0       1       1       0       0       000010000D    827
     142      53    -691       1       0                       0       0D    828
     144    1663       0       0       1       0       3       000000000D    829
     144      53    -691       1       0                       0       0D    830
     128    1664       0       0       1       0       3       000000000D    831
     128      53    -691       3       0                       0       0D    832
     128    1667       0       0       1       0       3       000000000D    833
     128      53    -691       4       0                       0       0D    834
     124    1671       0       0       0       0       0       000000000D    835
     124      27       0       3       0                       0       0D    836
     124    1674       0       0       0       0       0       000000000D    837
     124      27       0       3       0                       0       0D    838
     128    1677       0       0       1       0       3       000010000D    839
     128      53    -691       3       0                       0       0D    840
     126    1680       0       1       1       0       0       000010500D    841
     126      53    -691       8       0                       0       0D    842
     126    1688       0       1       1       0       0       000010500D    843
     126      53    -691       8       0                       0       0D    844
     126    1696       0       1       1       0       0       000010500D    845
     126      53    -691       2       0                       0       0D    846
     126    1698       0       1       1       0       0       000010500D    847
     126      53    -691       2       0                       0       0D    848
     126    1700       0       1       1       0       0       000010500D    849
     126      53    -691       2       0                       0       0D    850
     102    1702       0       1       1       0       3       000010500D    851
     102      53    -691       1       0                       0       0D    852
     104    1703       0       1       1       0     835       000010000D    853
     104      53    -691       2       1                       0       0D    854
     104    1705       0       1       1       0     837       000010000D    855
     104      53    -691       2       1                       0       0D    856
     110    1707       0       1       1       0       3       000010000D    857
     110      53    -691       1       0                       0       0D    858
     110    1708       0       1       1       0       3       000010000D    859
     110      53    -691       1       0                       0       0D    860
     110    1709       0       1       1       0       3       000010000D    861
     110      53    -691       1       0                       0       0D    862
     102    1710       0       1       1       0       3       000010000D    863
     102      53    -691       1       0                       0       0D    864
     142    1711       0       1       1       0       0       000010000D    865
     142      53    -691       1       0                       0       0D    866
     144    1712       0       0       1       0       3       000000000D    867
     144      53    -691       1       0                       0       0D    868
     124    1713       0       0       0       0       0       000000000D    869
     124      27       0       3       0                       0       0D    870
     124    1716       0       0       0       0       0       000000000D    871
     124      27       0       3       0                       0       0D    872
     128    1719       0       0       1       0       3       000010000D    873
     128      53    -691       3       0                       0       0D    874
     126    1722       0       1       1       0       0       000010500D    875
     126      53    -691       2       0                       0       0D    876
     126    1724       0       1       1       0       0       000010500D    877
     126      53    -691       2       0                       0       0D    878
     126    1726       0       1       1       0       0       000010500D    879
     126      53    -691       8       0                       0       0D    880
     126    1734       0       1       1       0       0       000010500D    881
     126      53    -691       8       0                       0       0D    882
     126    1742       0       1       1       0       0       000010500D    883
     126      53    -691       2       0                       0       0D    884
     102    1744       0       1       1       0       3       000010500D    885
     102      53    -691       1       0                       0       0D    886
     110    1745       0       1       1       0       3       000010000D    887
     110      53    -691       1       0                       0       0D    888
     110    1746       0       1       1       0       3       000010000D    889
     110      53    -691       1       0                       0       0D    890
     104    1747       0       1       1       0     869       000010000D    891
     104      53    -691       3       1                       0       0D    892
     104    1750       0       1       1       0     871       000010000D    893
     104      53    -691       3       1                       0       0D    894
     110    1753       0       1       1       0       3       000010000D    895
     110      53    -691       1       0                       0       0D    896
     102    1754       0       1       1       0       3       000010000D    897
     102      53    -691       1       0                       0       0D    898
     142    1755       0       1       1       0       0       000010000D    899
     142      53    -691       1       0                       0       0D    900
     144    1756       0       0       1       0       3       000000000D    901
     144      53    -691       1       0                       0       0D    902
     128    1757       0       0       1       0       3       000010000D    903
     128      53    -691       3       0                       0       0D    904
     126    1760       0       1       1       0       0       000010500D    905
     126      53    -691       2       0                       0       0D    906
     126    1762       0       1       1       0       0       000010500D    907
     126      53    -691       2       0                       0       0D    908
     126    1764       0       1       1       0       0       000010500D    909
     126      53    -691       2       0                       0       0D    910
     126    1766       0       1       1       0       0       000010500D    911
     126      53    -691       2       0                       0       0D    912
     102    1768       0       1       1       0       3       000010500D    913
     102      53    -691       1       0                       0       0D    914
     110    1769       0       1       1       0       3       000010000D    915
     110      53    -691       1       0                       0       0D    916
     110    1770       0       1       1       0       3       000010000D    917
     110      53    -691       1       0                       0       0D    918
     110    1771       0       1       1       0       3       000010000D    919
     110      53    -691       2       0                       0       0D    920
     110    1773       0       1       1       0       3       000010000D    921
     110      53    -691       1       0                       0       0D    922
     102    1774       0       1       1       0       3       000010000D    923
     102      53    -691       1       0                       0       0D    924
     142    1775       0       1       1       0       0       000010000D    925
     142      53    -691       1       0                       0       0D    926
     144    1776       0       0       1       0       3       000000000D    927
     144      53    -691       1       0                       0       0D    928
     124    1777       0       0       0       0       0       000000000D    929
     124      27       0       3       0                       0       0D    930
     128    1780       0       0       1       0       3       000010000D    931
     128      53    -691       9       0                       0       0D    932
     126    1789       0       1       1       0       0       000010500D    933
     126      53    -691       6       0                       0       0D    934
     126    1795       0       1       1       0       0       000010500D    935
     126      53    -691       2       0                       0       0D    936
     126    1797       0       1       1       0       0       000010500D    937
     126      53    -691       2       0                       0       0D    938
     126    1799       0       1       1       0       0       000010500D    939
     126      53    -691       2       0                       0       0D    940
     102    1801       0       1       1       0       3       000010500D    941
     102      53    -691       1       0                       0       0D    942
     104    1802       0       1       1       0     929       000010000D    943
     104      53    -691       3       1                       0       0D    944
     110    1805       0       1       1       0       3       000010000D    945
     110      53    -691       1       0                       0       0D    946
     100    1806       0       1       1       0      47       000010000D    947
     100      53    -691       2       0                       0       0D    948
     110    1808       0       1       1       0       3       000010000D    949
     110      53    -691       2       0                       0       0D    950
     102    1810       0       1       1       0       3       000010000D    951
     102      53    -691       1       0                       0       0D    952
     142    1811       0       1       1       0       0       000010000D    953
     142      53    -691       1       0                       0       0D    954
     144    1812       0       0       1       0       3       000000000D    955
     144      53    -691       1       0                       0       0D    956
     124    1813       0       0       0       0       0       000000000D    957
     124      27       0       3       0                       0       0D    958
     128    1816       0       0       1       0       3       000010000D    959
     128      53    -691       9       0                       0       0D    960
     126    1825       0       1       1       0       0       000010500D    961
     126      53    -691       2       0                       0       0D    962
     126    1827       0       1       1       0       0       000010500D    963
     126      53    -691       6       0                       0       0D    964
     126    1833       0       1       1       0       0       000010500D    965
     126      53    -691       2       0                       0       0D    966
     126    1835       0       1       1       0       0       000010500D    967
     126      53    -691       2       0                       0       0D    968
     102    1837       0       1       1       0       3       000010500D    969
     102      53    -691       1       0                       0       0D    970
     110    1838       0       1       1       0       3       000010000D    971
     110      53    -691       1       0                       0       0D    972
     104    1839       0       1       1       0     957       000010000D    973
     104      53    -691       3       1                       0       0D    974
     110    1842       0       1       1       0       3       000010000D    975
     110      53    -691       2       0                       0       0D    976
     100    1844       0       1       1       0      47       000010000D    977
     100      53    -691       2       0                       0       0D    978
     102    1846       0       1       1       0       3       000010000D    979
     102      53    -691       1       0                       0       0D    980
     142    1847       0       1       1       0       0       000010000D    981
     142      53    -691       1       0                       0       0D    982
     144    1848       0       0       1       0       3       000000000D    983
     144      53    -691       1       0                       0       0D    984
     128    1849       0       0       1       0       3       000010000D    985
     128      53    -691      10       0                       0       0D    986
     126    1859       0       1       1       0       0       000010500D    987
     126      53    -691       2       0                       0       0D    988
     126    1861       0       1       1       0       0       000010500D    989
     126      53    -691       6       0                       0       0D    990
     126    1867       0       1       1       0       0       000010500D    991
     126      53    -691       2       0                       0       0D    992
     126    1869       0       1       1       0       0       000010500D    993
     126      53    -691       2       0                       0       0D    994
     102    1871       0       1       1       0       3       000010500D    995
     102      53    -691       1       0                       0       0D    996
     110    1872       0       1       1       0       3       000010000D    997
     110      53    -691       2       0                       0       0D    998
     104    1874       0       1       1       0     869       000010000D    999
     104      53    -691       3       1                       0       0D   1000
     110    1877       0       1       1       0       3       000010000D   1001
     110      53    -691       1       0                       0       0D   1002
     100    1878       0       1       1       0      11       000010000D   1003
     100      53    -691       2       0                       0       0D   1004
     102    1880       0       1       1       0       3       000010000D   1005
     102      53    -691       1       0                       0       0D   1006
     142    1881       0       1       1       0       0       000010000D   1007
     142      53    -691       1       0                       0       0D   1008
     144    1882       0       0       1       0       3       000000000D   1009
     144      53    -691       1       0                       0       0D   1010
     128    1883       0       0       1       0       3       000010000D   1011
     128      53    -691       9       0                       0       0D   1012
     126    1892       0       1       1       0       0       000010500D   1013
     126      53    -691       6       0                       0       0D   1014
     126    1898       0       1       1       0       0       000010500D   1015
     126      53    -691       2       0                       0       0D   1016
     126    1900       0       1       1       0       0       000010500D   1017
     126      53    -691       2       0                       0       0D   1018
     126    1902       0       1       1       0       0       000010500D   1019
     126      53    -691       2       0                       0       0D   1020
     102    1904       0       1       1       0       3       000010500D   1021
     102      53    -691       1       0                       0       0D   1022
     104    1905       0       1       1       0     871       000010000D   1023
     104      53    -691       2       1                       0       0D   1024
     110    1907       0       1       1       0       3       000010000D   1025
     110      53    -691       2       0                       0       0D   1026
     100    1909       0       1       1       0      11       000010000D   1027
     100      53    -691       2       0                       0       0D   1028
     110    1911       0       1       1       0       3       000010000D   1029
     110      53    -691       1       0                       0       0D   1030
     102    1912       0       1       1       0       3       000010000D   1031
     102      53    -691       1       0                       0       0D   1032
     142    1913       0       1       1       0       0       000010000D   1033
     142      53    -691       1       0                       0       0D   1034
     144    1914       0       0       1       0       3       000000000D   1035
     144      53    -691       1       0                       0       0D   1036
     128    1915       0       0       1       0       3       000010000D   1037
     128      53    -691      12       0                       0       0D   1038
     126    1927       0       1       1       0       0       000010500D   1039
     126      53    -691       2       0                       0       0D   1040
     126    1929       0       1       1       0       0       000010500D   1041
     126      53    -691       2       0                       0       0D   1042
     126    1931       0       1       1       0       0       000010500D   1043
     126      53    -691       2       0                       0       0D   1044
     126    1933       0       1       1       0       0       000010500D   1045
     126      53    -691       2       0                       0       0D   1046
     126    1935       0       1       1       0       0       000010500D   1047
     126      53    -691       2       0                       0       0D   1048
     102    1937       0       1       1       0       3       000010500D   1049
     102      53    -691       1       0                       0       0D   1050
     100    1938       0       1       1       0      11       000010000D   1051
     100      53    -691       1       0                       0       0D   1052
     110    1939       0       1       1       0       3       000010000D   1053
     110      53    -691       1       0                       0       0D   1054
     100    1940       0       1       1       0       3       000010000D   1055
     100      53    -691       2       0                       0       0D   1056
     100    1942       0       1       1       0       3       000010000D   1057
     100      53    -691       2       0                       0       0D   1058
     110    1944       0       1       1       0       3       000010000D   1059
     110      53    -691       1       0                       0       0D   1060
     102    1945       0       1       1       0       3       000010000D   1061
     102      53    -691       1       0                       0       0D   1062
     142    1946       0       1       1       0       0       000010000D   1063
     142      53    -691       1       0                       0       0D   1064
     144    1947       0       0       1       0       3       000000000D   1065
     144      53    -691       1       0                       0       0D   1066
     128    1948       0       0       1       0       3       000010000D   1067
     128      53    -691      17       0                       0       0D   1068
     126    1965       0       1       1       0       0       000010500D   1069
     126      53    -691       2       0                       0       0D   1070
     126    1967       0       1       1       0       0       000010500D   1071
     126      53    -691       2       0                       0       0D   1072
     126    1969       0       1       1       0       0       000010500D   1073
     126      53    -691       2       0                       0       0D   1074
     126    1971       0       1       1       0       0       000010500D   1075
     126      53    -691       2       0                       0       0D   1076
     126    1973       0       1       1       0       0       000010500D   1077
     126      53    -691       2       0                       0       0D   1078
     102    1975       0       1       1       0       3       000010500D   1079
     102      53    -691       1       0                       0       0D   1080
     100    1976       0       1       1       0       9       000010000D   1081
     100      53    -691       1       0                       0       0D   1082
     110    1977       0       1       1       0       3       000010000D   1083
     110      53    -691       2       0                       0       0D   1084
     100    1979       0       1       1       0      47       000010000D   1085
     100      53    -691       3       0                       0       0D   1086
     100    1982       0       1       1       0      47       000010000D   1087
     100      53    -691       2       0                       0       0D   1088
     110    1984       0       1       1       0       3       000010000D   1089
     110      53    -691       2       0                       0       0D   1090
     102    1986       0       1       1       0       3       000010000D   1091
     102      53    -691       1       0                       0       0D   1092
     142    1987       0       1       1       0       0       000010000D   1093
     142      53    -691       1       0                       0       0D   1094
     144    1988       0       0       1       0       3       000000000D   1095
     144      53    -691       1       0                       0       0D   1096
     128    1989       0       0       1       0       3       000010000D   1097
     128      53    -691       3       0                       0       0D   1098
     126    1992       0       1       1       0       0       000010500D   1099
     126      53    -691      56       0                       0       0D   1100
     100    2048       0       1       1       0       9       000010000D   1101
     100      53    -691       1       0                       0       0D   1102
     142    2049       0       1       1       0       0       000010000D   1103
     142      53    -691       1       0                       0       0D   1104
     144    2050       0       0       1       0       3       000000000D   1105
     144      53    -691       1       0                       0       0D   1106
     128    2051       0       0       1       0       3       000010000D   1107
     128      53      -5       6       0                       0       0D   1108
     126    2057       0       1       1       0       0       000010500D   1109
     126      53      -5       2       0                       0       0D   1110
     126    2059       0       1       1       0       0       000010500D   1111
     126      53      -5       2       0                       0       0D   1112
     126    2061       0       1       1       0       0       000010500D   1113
     126      53      -5       2       0                       0       0D   1114
     126    2063       0       1       1       0       0       000010500D   1115
     126      53      -5       2       0                       0       0D   1116
     102    2065       0       1       1       0       3       000010500D   1117
     102      53      -5       1       0                       0       0D   1118
     100    2066       0       1       1       0      11       000010000D   1119
     100      53      -5       1       0                       0       0D   1120
     110    2067       0       1       1       0       3       000010000D   1121
     110      53      -5       1       0                       0       0D   1122
     100    2068       0       1       1       0       3       000010000D   1123
     100      53      -5       1       0                       0       0D   1124
     110    2069       0       1       1       0       3       000010000D   1125
     110      53      -5       1       0                       0       0D   1126
     102    2070       0       1       1       0       3       000010000D   1127
     102      53      -5       1       0                       0       0D   1128
     142    2071       0       1       1       0       0       000010000D   1129
     142      53      -5       1       0                       0       0D   1130
     144    2072       0       0       1       0       3       000000000D   1131
     144      53      -5       1       0                       0       0D   1132
     128    2073       0       0       1       0       3       000010000D   1133
     128      53      -5       8       0                       0       0D   1134
     126    2081       0       1       1       0       0       000010500D   1135
     126      53      -5       2       0                       0       0D   1136
     126    2083       0       1       1       0       0       000010500D   1137
     126      53      -5       2       0                       0       0D   1138
     126    2085       0       1       1       0       0       000010500D   1139
     126      53      -5       8       0                       0       0D   1140
     126    2093       0       1       1       0       0       000010500D   1141
     126      53      -5       2       0                       0       0D   1142
     102    2095       0       1       1       0       3       000010500D   1143
     102      53      -5       1       0                       0       0D   1144
     100    2096       0       1       1       0     231       000010000D   1145
     100      53      -5       1       0                       0       0D   1146
     110    2097       0       1       1       0       3       000010000D   1147
     110      53      -5       1       0                       0       0D   1148
     126    2098       0       1       1       0       3       000010000D   1149
     126      53      -5      22       0                       0       0D   1150
     110    2120       0       1       1       0       3       000010000D   1151
     110      53      -5       1       0                       0       0D   1152
     102    2121       0       1       1       0       3       000010000D   1153
     102      53      -5       1       0                       0       0D   1154
     142    2122       0       1       1       0       0       000010000D   1155
     142      53      -5       1       0                       0       0D   1156
     144    2123       0       0       1       0       3       000000000D   1157
     144      53      -5       1       0                       0       0D   1158
     128    2124       0       0       1       0       3       000010000D   1159
     128      53      -5       8       0                       0       0D   1160
     126    2132       0       1       1       0       0       000010500D   1161
     126      53      -5       8       0                       0       0D   1162
     126    2140       0       1       1       0       0       000010500D   1163
     126      53      -5       2       0                       0       0D   1164
     126    2142       0       1       1       0       0       000010500D   1165
     126      53      -5       2       0                       0       0D   1166
     126    2144       0       1       1       0       0       000010500D   1167
     126      53      -5       2       0                       0       0D   1168
     102    2146       0       1       1       0       3       000010500D   1169
     102      53      -5       1       0                       0       0D   1170
     126    2147       0       1       1       0       3       000010000D   1171
     126      53      -5      22       0                       0       0D   1172
     110    2169       0       1       1       0       3       000010000D   1173
     110      53      -5       1       0                       0       0D   1174
     100    2170       0       1       1       0     229       000010000D   1175
     100      53      -5       1       0                       0       0D   1176
     110    2171       0       1       1       0       3       000010000D   1177
     110      53      -5       1       0                       0       0D   1178
     102    2172       0       1       1       0       3       000010000D   1179
     102      53      -5       1       0                       0       0D   1180
     142    2173       0       1       1       0       0       000010000D   1181
     142      53      -5       1       0                       0       0D   1182
     144    2174       0       0       1       0       3       000000000D   1183
     144      53      -5       1       0                       0       0D   1184
     128    2175       0       0       1       0       3       000010000D   1185
     128      53      -5      10       0                       0       0D   1186
     126    2185       0       1       1       0       0       000010500D   1187
     126      53      -5       8       0                       0       0D   1188
     126    2193       0       1       1       0       0       000010500D   1189
     126      53      -5       2       0                       0       0D   1190
     126    2195       0       1       1       0       0       000010500D   1191
     126      53      -5       2       0                       0       0D   1192
     126    2197       0       1       1       0       0       000010500D   1193
     126      53      -5       2       0                       0       0D   1194
     102    2199       0       1       1       0       3       000010500D   1195
     102      53      -5       1       0                       0       0D   1196
     126    2200       0       1       1       0       3       000010000D   1197
     126      53      -5      22       0                       0       0D   1198
     110    2222       0       1       1       0       3       000010000D   1199
     110      53      -5       2       0                       0       0D   1200
     100    2224       0       1       1       0     231       000010000D   1201
     100      53      -5       2       0                       0       0D   1202
     110    2226       0       1       1       0       3       000010000D   1203
     110      53      -5       2       0                       0       0D   1204
     102    2228       0       1       1       0       3       000010000D   1205
     102      53      -5       1       0                       0       0D   1206
     142    2229       0       1       1       0       0       000010000D   1207
     142      53      -5       1       0                       0       0D   1208
     144    2230       0       0       1       0       3       000000000D   1209
     144      53      -5       1       0                       0       0D   1210
     128    2231       0       0       1       0       3       000010000D   1211
     128      53      -5      10       0                       0       0D   1212
     126    2241       0       1       1       0       0       000010500D   1213
     126      53      -5       8       0                       0       0D   1214
     126    2249       0       1       1       0       0       000010500D   1215
     126      53      -5       2       0                       0       0D   1216
     126    2251       0       1       1       0       0       000010500D   1217
     126      53      -5       2       0                       0       0D   1218
     126    2253       0       1       1       0       0       000010500D   1219
     126      53      -5       2       0                       0       0D   1220
     102    2255       0       1       1       0       3       000010500D   1221
     102      53      -5       1       0                       0       0D   1222
     126    2256       0       1       1       0       3       000010000D   1223
     126      53      -5      22       0                       0       0D   1224
     110    2278       0       1       1       0       3       000010000D   1225
     110      53      -5       1       0                       0       0D   1226
     100    2279       0       1       1       0     229       000010000D   1227
     100      53      -5       2       0                       0       0D   1228
     110    2281       0       1       1       0       3       000010000D   1229
     110      53      -5       2       0                       0       0D   1230
     102    2283       0       1       1       0       3       000010000D   1231
     102      53      -5       1       0                       0       0D   1232
     142    2284       0       1       1       0       0       000010000D   1233
     142      53      -5       1       0                       0       0D   1234
     144    2285       0       0       1       0       3       000000000D   1235
     144      53      -5       1       0                       0       0D   1236
     128    2286       0       0       1       0       3       000010000D   1237
     128      53      -5      10       0                       0       0D   1238
     126    2296       0       1       1       0       0       000010500D   1239
     126      53      -5       2       0                       0       0D   1240
     126    2298       0       1       1       0       0       000010500D   1241
     126      53      -5       2       0                       0       0D   1242
     126    2300       0       1       1       0       0       000010500D   1243
     126      53      -5       2       0                       0       0D   1244
     126    2302       0       1       1       0       0       000010500D   1245
     126      53      -5       8       0                       0       0D   1246
     102    2310       0       1       1       0       3       000010500D   1247
     102      53      -5       1       0                       0       0D   1248
     110    2311       0       1       1       0       3       000010000D   1249
     110      53      -5       2       0                       0       0D   1250
     100    2313       0       1       1       0     229       000010000D   1251
     100      53      -5       2       0                       0       0D   1252
     110    2315       0       1       1       0       3       000010000D   1253
     110      53      -5       2       0                       0       0D   1254
     126    2317       0       1       1       0       3       000010000D   1255
     126      53      -5      22       0                       0       0D   1256
     102    2339       0       1       1       0       3       000010000D   1257
     102      53      -5       1       0                       0       0D   1258
     142    2340       0       1       1       0       0       000010000D   1259
     142      53      -5       1       0                       0       0D   1260
     144    2341       0       0       1       0       3       000000000D   1261
     144      53      -5       1       0                       0       0D   1262
     128    2342       0       0       1       0       3       000010000D   1263
     128      53      -5      10       0                       0       0D   1264
     126    2352       0       1       1       0       0       000010500D   1265
     126      53      -5       2       0                       0       0D   1266
     126    2354       0       1       1       0       0       000010500D   1267
     126      53      -5       8       0                       0       0D   1268
     126    2362       0       1       1       0       0       000010500D   1269
     126      53      -5       2       0                       0       0D   1270
     126    2364       0       1       1       0       0       000010500D   1271
     126      53      -5       2       0                       0       0D   1272
     102    2366       0       1       1       0       3       000010500D   1273
     102      53      -5       1       0                       0       0D   1274
     110    2367       0       1       1       0       3       000010000D   1275
     110      53      -5       2       0                       0       0D   1276
     126    2369       0       1       1       0       3       000010000D   1277
     126      53      -5      22       0                       0       0D   1278
     110    2391       0       1       1       0       3       000010000D   1279
     110      53      -5       2       0                       0       0D   1280
     100    2393       0       1       1       0     231       000010000D   1281
     100      53      -5       2       0                       0       0D   1282
     102    2395       0       1       1       0       3       000010000D   1283
     102      53      -5       1       0                       0       0D   1284
     142    2396       0       1       1       0       0       000010000D   1285
     142      53      -5       1       0                       0       0D   1286
     144    2397       0       0       1       0       3       000000000D   1287
     144      53      -5       1       0                       0       0D   1288
     128    2398       0       0       1       0       3       000010000D   1289
     128      53      -5       6       0                       0       0D   1290
     126    2404       0       1       1       0       0       000010500D   1291
     126      53      -5       2       0                       0       0D   1292
     126    2406       0       1       1       0       0       000010500D   1293
     126      53      -5       2       0                       0       0D   1294
     126    2408       0       1       1       0       0       000010500D   1295
     126      53      -5       2       0                       0       0D   1296
     126    2410       0       1       1       0       0       000010500D   1297
     126      53      -5       2       0                       0       0D   1298
     102    2412       0       1       1       0       3       000010500D   1299
     102      53      -5       1       0                       0       0D   1300
     100    2413       0       1       1       0      11       000010000D   1301
     100      53      -5       1       0                       0       0D   1302
     110    2414       0       1       1       0       3       000010000D   1303
     110      53      -5       1       0                       0       0D   1304
     100    2415       0       1       1       0       3       000010000D   1305
     100      53      -5       1       0                       0       0D   1306
     110    2416       0       1       1       0       3       000010000D   1307
     110      53      -5       1       0                       0       0D   1308
     102    2417       0       1       1       0       3       000010000D   1309
     102      53      -5       1       0                       0       0D   1310
     142    2418       0       1       1       0       0       000010000D   1311
     142      53      -5       1       0                       0       0D   1312
     144    2419       0       0       1       0       3       000000000D   1313
     144      53      -5       1       0                       0       0D   1314
     128    2420       0       0       1       0       3       000010000D   1315
     128      53      -5      10       0                       0       0D   1316
     126    2430       0       1       1       0       0       000010500D   1317
     126      53      -5       2       0                       0       0D   1318
     126    2432       0       1       1       0       0       000010500D   1319
     126      53      -5       2       0                       0       0D   1320
     126    2434       0       1       1       0       0       000010500D   1321
     126      53      -5       8       0                       0       0D   1322
     126    2442       0       1       1       0       0       000010500D   1323
     126      53      -5       2       0                       0       0D   1324
     102    2444       0       1       1       0       3       000010500D   1325
     102      53      -5       1       0                       0       0D   1326
     100    2445       0       1       1       0     229       000010000D   1327
     100      53      -5       2       0                       0       0D   1328
     110    2447       0       1       1       0       3       000010000D   1329
     110      53      -5       2       0                       0       0D   1330
     126    2449       0       1       1       0       3       000010000D   1331
     126      53      -5      23       0                       0       0D   1332
     110    2472       0       1       1       0       3       000010000D   1333
     110      53      -5       2       0                       0       0D   1334
     102    2474       0       1       1       0       3       000010000D   1335
     102      53      -5       1       0                       0       0D   1336
     142    2475       0       1       1       0       0       000010000D   1337
     142      53      -5       1       0                       0       0D   1338
     144    2476       0       0       1       0       3       000000000D   1339
     144      53      -5       1       0                       0       0D   1340
     128    2477       0       0       1       0       3       000010000D   1341
     128      53      -5      10       0                       0       0D   1342
     126    2487       0       1       1       0       0       000010500D   1343
     126      53      -5       2       0                       0       0D   1344
     126    2489       0       1       1       0       0       000010500D   1345
     126      53      -5       2       0                       0       0D   1346
     126    2491       0       1       1       0       0       000010500D   1347
     126      53      -5       8       0                       0       0D   1348
     126    2499       0       1       1       0       0       000010500D   1349
     126      53      -5       2       0                       0       0D   1350
     102    2501       0       1       1       0       3       000010500D   1351
     102      53      -5       1       0                       0       0D   1352
     100    2502       0       1       1       0     231       000010000D   1353
     100      53      -5       2       0                       0       0D   1354
     110    2504       0       1       1       0       3       000010000D   1355
     110      53      -5       1       0                       0       0D   1356
     126    2505       0       1       1       0       3       000010000D   1357
     126      53      -5      23       0                       0       0D   1358
     110    2528       0       1       1       0       3       000010000D   1359
     110      53      -5       2       0                       0       0D   1360
     102    2530       0       1       1       0       3       000010000D   1361
     102      53      -5       1       0                       0       0D   1362
     142    2531       0       1       1       0       0       000010000D   1363
     142      53      -5       1       0                       0       0D   1364
     144    2532       0       0       1       0       3       000000000D   1365
     144      53      -5       1       0                       0       0D   1366
     128    2533       0       0       1       0       3       000010000D   1367
     128      53    -691      34       0                       0       0D   1368
     126    2567       0       1       1       0       0       000010500D   1369
     126      53    -691       2       0                       0       0D   1370
     126    2569       0       1       1       0       0       000010500D   1371
     126      53    -691       2       0                       0       0D   1372
     126    2571       0       1       1       0       0       000010500D   1373
     126      53    -691       2       0                       0       0D   1374
     126    2573       0       1       1       0       0       000010500D   1375
     126      53    -691       2       0                       0       0D   1376
     126    2575       0       1       1       0       0       000010500D   1377
     126      53    -691       2       0                       0       0D   1378
     102    2577       0       1       1       0       3       000010500D   1379
     102      53    -691       1       0                       0       0D   1380
     100    2578       0       1       1       0       9       000010000D   1381
     100      53    -691       2       0                       0       0D   1382
     100    2580       0       1       1       0     231       000010000D   1383
     100      53    -691       2       0                       0       0D   1384
     100    2582       0       1       1       0      47       000010000D   1385
     100      53    -691       3       0                       0       0D   1386
     100    2585       0       1       1       0      47       000010000D   1387
     100      53    -691       2       0                       0       0D   1388
     100    2587       0       1       1       0     229       000010000D   1389
     100      53    -691       2       0                       0       0D   1390
     102    2589       0       1       1       0       3       000010000D   1391
     102      53    -691       1       0                       0       0D   1392
     142    2590       0       1       1       0       0       000010000D   1393
     142      53    -691       1       0                       0       0D   1394
     144    2591       0       0       1       0       3       000000000D   1395
     144      53    -691       1       0                       0       0D   1396
     128    2592       0       0       1       0       3       000010000D   1397
     128      53    -691       3       0                       0       0D   1398
     126    2595       0       1       1       0       0       000010500D   1399
     126      53    -691      56       0                       0       0D   1400
     100    2651       0       1       1       0      11       000010000D   1401
     100      53    -691       1       0                       0       0D   1402
     142    2652       0       1       1       0       0       000010000D   1403
     142      53    -691       1       0                       0       0D   1404
     144    2653       0       0       1       0       3       000000000D   1405
     144      53    -691       1       0                       0       0D   1406
     128    2654       0       0       1       0       3       000010000D   1407
     128      53    -691      34       0                       0       0D   1408
     126    2688       0       1       1       0       0       000010500D   1409
     126      53    -691       2       0                       0       0D   1410
     126    2690       0       1       1       0       0       000010500D   1411
     126      53    -691       2       0                       0       0D   1412
     126    2692       0       1       1       0       0       000010500D   1413
     126      53    -691       2       0                       0       0D   1414
     126    2694       0       1       1       0       0       000010500D   1415
     126      53    -691       2       0                       0       0D   1416
     102    2696       0       1       1       0       3       000010500D   1417
     102      53    -691       1       0                       0       0D   1418
     100    2697       0       1       1       0       9       000010000D   1419
     100      53    -691       1       0                       0       0D   1420
     100    2698       0       1       1       0     231       000010000D   1421
     100      53    -691       2       0                       0       0D   1422
     100    2700       0       1       1       0      11       000010000D   1423
     100      53    -691       1       0                       0       0D   1424
     100    2701       0       1       1       0     229       000010000D   1425
     100      53    -691       2       0                       0       0D   1426
     102    2703       0       1       1       0       3       000010000D   1427
     102      53    -691       1       0                       0       0D   1428
     142    2704       0       1       1       0       0       000010000D   1429
     142      53    -691       1       0                       0       0D   1430
     144    2705       0       0       1       0       3       000000000D   1431
     144      53    -691       1       0                       0       0D   1432
     128    2706       0       0       1       0       3       000010000D   1433
     128      53    -691      34       0                       0       0D   1434
     126    2740       0       1       1       0       0       000010500D   1435
     126      53    -691       2       0                       0       0D   1436
     126    2742       0       1       1       0       0       000010500D   1437
     126      53    -691       2       0                       0       0D   1438
     126    2744       0       1       1       0       0       000010500D   1439
     126      53    -691       2       0                       0       0D   1440
     126    2746       0       1       1       0       0       000010500D   1441
     126      53    -691       2       0                       0       0D   1442
     102    2748       0       1       1       0       3       000010500D   1443
     102      53    -691       1       0                       0       0D   1444
     100    2749       0       1       1       0       3       000010000D   1445
     100      53    -691       2       0                       0       0D   1446
     100    2751       0       1       1       0     229       000010000D   1447
     100      53    -691       2       0                       0       0D   1448
     100    2753       0       1       1       0      47       000010000D   1449
     100      53    -691       2       0                       0       0D   1450
     100    2755       0       1       1       0     231       000010000D   1451
     100      53    -691       2       0                       0       0D   1452
     102    2757       0       1       1       0       3       000010000D   1453
     102      53    -691       1       0                       0       0D   1454
     142    2758       0       1       1       0       0       000010000D   1455
     142      53    -691       1       0                       0       0D   1456
     144    2759       0       0       1       0       3       000000000D   1457
     144      53    -691       1       0                       0       0D   1458
     128    2760       0       0       1       0       3       000010000D   1459
     128      53    -691      34       0                       0       0D   1460
     126    2794       0       1       1       0       0       000010500D   1461
     126      53    -691       2       0                       0       0D   1462
     126    2796       0       1       1       0       0       000010500D   1463
     126      53    -691       2       0                       0       0D   1464
     126    2798       0       1       1       0       0       000010500D   1465
     126      53    -691       2       0                       0       0D   1466
     126    2800       0       1       1       0       0       000010500D   1467
     126      53    -691       2       0                       0       0D   1468
     126    2802       0       1       1       0       0       000010500D   1469
     126      53    -691       2       0                       0       0D   1470
     102    2804       0       1       1       0       3       000010500D   1471
     102      53    -691       1       0                       0       0D   1472
     100    2805       0       1       1       0       9       000010000D   1473
     100      53    -691       2       0                       0       0D   1474
     100    2807       0       1       1       0     229       000010000D   1475
     100      53    -691       2       0                       0       0D   1476
     100    2809       0       1       1       0      47       000010000D   1477
     100      53    -691       2       0                       0       0D   1478
     100    2811       0       1       1       0     231       000010000D   1479
     100      53    -691       2       0                       0       0D   1480
     100    2813       0       1       1       0       9       000010000D   1481
     100      53    -691       3       0                       0       0D   1482
     102    2816       0       1       1       0       3       000010000D   1483
     102      53    -691       1       0                       0       0D   1484
     142    2817       0       1       1       0       0       000010000D   1485
     142      53    -691       1       0                       0       0D   1486
     144    2818       0       0       1       0       3       000000000D   1487
     144      53    -691       1       0                       0       0D   1488
     128    2819       0       0       1       0       3       000010000D   1489
     128     105      -5       4       0                       0       0D   1490
     126    2823       0       1       1       0       0       000010500D   1491
     126     105      -5       2       0                       0       0D   1492
     126    2825       0       1       1       0       0       000010500D   1493
     126     105      -5      28       0                       0       0D   1494
     102    2853       0       1       1       0       3       000010500D   1495
     102     105      -5       1       0                       0       0D   1496
     110    2854       0       1       1       0       3       000010000D   1497
     110     105      -5       2       0                       0       0D   1498
     100    2856       0       1       1       0       3       000010000D   1499
     100     105      -5       2       0                       0       0D   1500
     102    2858       0       1       1       0       3       000010000D   1501
     102     105      -5       1       0                       0       0D   1502
     142    2859       0       1       1       0       0       000010000D   1503
     142     105      -5       1       0                       0       0D   1504
     144    2860       0       0       1       0       3       000000000D   1505
     144     105      -5       1       0                       0       0D   1506
     128    2861       0       0       1       0       3       000010000D   1507
     128     105      -5       9       0                       0       0D   1508
     126    2870       0       1       1       0       0       000010500D   1509
     126     105      -5       2       0                       0       0D   1510
     126    2872       0       1       1       0       0       000010500D   1511
     126     105      -5       2       0                       0       0D   1512
     126    2874       0       1       1       0       0       000010500D   1513
     126     105      -5       2       0                       0       0D   1514
     126    2876       0       1       1       0       0       000010500D   1515
     126     105      -5       2       0                       0       0D   1516
     102    2878       0       1       1       0       3       000010500D   1517
     102     105      -5       1       0                       0       0D   1518
     100    2879       0       1       1       0       3       000010000D   1519
     100     105      -5       2       0                       0       0D   1520
     100    2881       0       1       1       0      47       000010000D   1521
     100     105      -5       2       0                       0       0D   1522
     102    2883       0       1       1       0       3       000010000D   1523
     102     105      -5       1       0                       0       0D   1524
     142    2884       0       1       1       0       0       000010000D   1525
     142     105      -5       1       0                       0       0D   1526
     144    2885       0       0       1       0       3       000000000D   1527
     144     105      -5       1       0                       0       0D   1528
     128    2886       0       0       1       0       3       000000000D   1529
     128     105      -5       4       0                       0       0D   1530
     128    2890       0       0       1       0       3       000010000D   1531
     128     105      -5       4       0                       0       0D   1532
     126    2894       0       1       1       0       0       000010500D   1533
     126     105      -5      28       0                       0       0D   1534
     126    2922       0       1       1       0       0       000010500D   1535
     126     105      -5       2       0                       0       0D   1536
     102    2924       0       1       1       0       3       000010500D   1537
     102     105      -5       1       0                       0       0D   1538
     100    2925       0       1       1       0       3       000010000D   1539
     100     105      -5       2       0                       0       0D   1540
     110    2927       0       1       1       0       3       000010000D   1541
     110     105      -5       2       0                       0       0D   1542
     102    2929       0       1       1       0       3       000010000D   1543
     102     105      -5       1       0                       0       0D   1544
     142    2930       0       1       1       0       0       000010000D   1545
     142     105      -5       1       0                       0       0D   1546
     144    2931       0       0       1       0       3       000000000D   1547
     144     105      -5       1       0                       0       0D   1548
     128    2932       0       0       1       0       3       000010000D   1549
     128      53      -5       3       0                       0       0D   1550
     126    2935       0       1       1       0       0       000010500D   1551
     126      53      -5      56       0                       0       0D   1552
     100    2991       0       1       1       0      47       000010000D   1553
     100      53      -5       1       0                       0       0D   1554
     142    2992       0       1       1       0       0       000010000D   1555
     142      53      -5       1       0                       0       0D   1556
     144    2993       0       0       1       0       3       000000000D   1557
     144      53      -5       1       0                       0       0D   1558
     128    2994       0       0       1       0       3       000010000D   1559
     128      53      -5      11       0                       0       0D   1560
     126    3005       0       1       1       0       0       000010500D   1561
     126      53      -5       2       0                       0       0D   1562
     126    3007       0       1       1       0       0       000010500D   1563
     126      53      -5       2       0                       0       0D   1564
     126    3009       0       1       1       0       0       000010500D   1565
     126      53      -5       2       0                       0       0D   1566
     126    3011       0       1       1       0       0       000010500D   1567
     126      53      -5       2       0                       0       0D   1568
     102    3013       0       1       1       0       3       000010500D   1569
     102      53      -5       1       0                       0       0D   1570
     100    3014       0       1       1       0      47       000010000D   1571
     100      53      -5       2       0                       0       0D   1572
     110    3016       0       1       1       0       3       000010000D   1573
     110      53      -5       1       0                       0       0D   1574
     100    3017       0       1       1       0       3       000010000D   1575
     100      53      -5       1       0                       0       0D   1576
     110    3018       0       1       1       0       3       000010000D   1577
     110      53      -5       1       0                       0       0D   1578
     102    3019       0       1       1       0       3       000010000D   1579
     102      53      -5       1       0                       0       0D   1580
     142    3020       0       1       1       0       0       000010000D   1581
     142      53      -5       1       0                       0       0D   1582
     144    3021       0       0       1       0       3       000000000D   1583
     144      53      -5       1       0                       0       0D   1584
     128    3022       0       0       1       0       3       000010000D   1585
     128      53      -5       3       0                       0       0D   1586
     126    3025       0       1       1       0       0       000010500D   1587
     126      53      -5       2       0                       0       0D   1588
     126    3027       0       1       1       0       0       000010500D   1589
     126      53      -5       2       0                       0       0D   1590
     126    3029       0       1       1       0       0       000010500D   1591
     126      53      -5       2       0                       0       0D   1592
     126    3031       0       1       1       0       0       000010500D   1593
     126      53      -5       2       0                       0       0D   1594
     126    3033       0       1       1       0       0       000010500D   1595
     126      53      -5       2       0                       0       0D   1596
     126    3035       0       1       1       0       0       000010500D   1597
     126      53      -5       8       0                       0       0D   1598
     102    3043       0       1       1       0       3       000010500D   1599
     102      53      -5       1       0                       0       0D   1600
     110    3044       0       1       1       0       3       000010000D   1601
     110      53      -5       1       0                       0       0D   1602
     110    3045       0       1       1       0       3       000010000D   1603
     110      53      -5       1       0                       0       0D   1604
     110    3046       0       1       1       0       3       000010000D   1605
     110      53      -5       1       0                       0       0D   1606
     110    3047       0       1       1       0       3       000010000D   1607
     110      53      -5       1       0                       0       0D   1608
     110    3048       0       1       1       0       3       000010000D   1609
     110      53      -5       1       0                       0       0D   1610
     100    3049       0       1       1       0       9       000010000D   1611
     100      53      -5       2       0                       0       0D   1612
     102    3051       0       1       1       0       3       000010000D   1613
     102      53      -5       1       0                       0       0D   1614
     142    3052       0       1       1       0       0       000010000D   1615
     142      53      -5       1       0                       0       0D   1616
     144    3053       0       0       1       0       3       000000000D   1617
     144      53      -5       1       0                       0       0D   1618
     128    3054       0       0       1       0       3       000000000D   1619
     128      53      -5       4       0                       0       0D   1620
     128    3058       0       0       1       0       3       000000000D   1621
     128      53      -5       4       0                       0       0D   1622
     128    3062       0       0       1       0       3       000010000D   1623
     128      53      -5       3       0                       0       0D   1624
     126    3065       0       1       1       0       0       000010500D   1625
     126      53      -5       2       0                       0       0D   1626
     126    3067       0       1       1       0       0       000010500D   1627
     126      53      -5       8       0                       0       0D   1628
     126    3075       0       1       1       0       0       000010500D   1629
     126      53      -5       2       0                       0       0D   1630
     126    3077       0       1       1       0       0       000010500D   1631
     126      53      -5       2       0                       0       0D   1632
     126    3079       0       1       1       0       0       000010500D   1633
     126      53      -5      14       0                       0       0D   1634
     126    3093       0       1       1       0       0       000010500D   1635
     126      53      -5       2       0                       0       0D   1636
     102    3095       0       1       1       0       3       000010500D   1637
     102      53      -5       1       0                       0       0D   1638
     110    3096       0       1       1       0       3       000010000D   1639
     110      53      -5       1       0                       0       0D   1640
     100    3097       0       1       1       0       9       000010000D   1641
     100      53      -5       2       0                       0       0D   1642
     110    3099       0       1       1       0       3       000010000D   1643
     110      53      -5       1       0                       0       0D   1644
     110    3100       0       1       1       0       3       000010000D   1645
     110      53      -5       1       0                       0       0D   1646
     100    3101       0       1       1       0      11       000010000D   1647
     100      53      -5       1       0                       0       0D   1648
     110    3102       0       1       1       0       3       000010000D   1649
     110      53      -5       1       0                       0       0D   1650
     102    3103       0       1       1       0       3       000010000D   1651
     102      53      -5       1       0                       0       0D   1652
     142    3104       0       1       1       0       0       000010000D   1653
     142      53      -5       1       0                       0       0D   1654
     144    3105       0       0       1       0       3       000000000D   1655
     144      53      -5       1       0                       0       0D   1656
     128    3106       0       0       1       0       3       000010000D   1657
     128      53      -5      11       0                       0       0D   1658
     126    3117       0       1       1       0       0       000010500D   1659
     126      53      -5       8       0                       0       0D   1660
     126    3125       0       1       1       0       0       000010500D   1661
     126      53      -5       8       0                       0       0D   1662
     126    3133       0       1       1       0       0       000010500D   1663
     126      53      -5       3       0                       0       0D   1664
     126    3136       0       1       1       0       0       000010500D   1665
     126      53      -5       8       0                       0       0D   1666
     126    3144       0       1       1       0       0       000010500D   1667
     126      53      -5       9       0                       0       0D   1668
     126    3153       0       1       1       0       0       000010500D   1669
     126      53      -5       3       0                       0       0D   1670
     102    3156       0       1       1       0       3       000010500D   1671
     102      53      -5       1       0                       0       0D   1672
     126    3157       0       1       1       0       3       000010000D   1673
     126      53      -5      23       0                       0       0D   1674
     126    3180       0       1       1       0       3       000010000D   1675
     126      53      -5      22       0                       0       0D   1676
     100    3202       0       1       1       0       3       000010000D   1677
     100      53      -5       2       0                       0       0D   1678
     126    3204       0       1       1       0       3       000010000D   1679
     126      53      -5      22       0                       0       0D   1680
     126    3226       0       1       1       0       3       000010000D   1681
     126      53      -5      22       0                       0       0D   1682
     100    3248       0       1       1       0      11       000010000D   1683
     100      53      -5       2       0                       0       0D   1684
     102    3250       0       1       1       0       3       000010000D   1685
     102      53      -5       1       0                       0       0D   1686
     142    3251       0       1       1       0       0       000010000D   1687
     142      53      -5       1       0                       0       0D   1688
     144    3252       0       0       1       0       3       000000000D   1689
     144      53      -5       1       0                       0       0D   1690
     128    3253       0       0       1       0       3       000010000D   1691
     128      53      -5      11       0                       0       0D   1692
     126    3264       0       1       1       0       0       000010500D   1693
     126      53      -5       9       0                       0       0D   1694
     126    3273       0       1       1       0       0       000010500D   1695
     126      53      -5       9       0                       0       0D   1696
     126    3282       0       1       1       0       0       000010500D   1697
     126      53      -5       3       0                       0       0D   1698
     126    3285       0       1       1       0       0       000010500D   1699
     126      53      -5       8       0                       0       0D   1700
     126    3293       0       1       1       0       0       000010500D   1701
     126      53      -5       8       0                       0       0D   1702
     126    3301       0       1       1       0       0       000010500D   1703
     126      53      -5       3       0                       0       0D   1704
     102    3304       0       1       1       0       3       000010500D   1705
     102      53      -5       1       0                       0       0D   1706
     126    3305       0       1       1       0       3       000010000D   1707
     126      53      -5      23       0                       0       0D   1708
     126    3328       0       1       1       0       3       000010000D   1709
     126      53      -5      22       0                       0       0D   1710
     100    3350       0       1       1       0      11       000010000D   1711
     100      53      -5       2       0                       0       0D   1712
     126    3352       0       1       1       0       3       000010000D   1713
     126      53      -5      22       0                       0       0D   1714
     126    3374       0       1       1       0       3       000010000D   1715
     126      53      -5      22       0                       0       0D   1716
     100    3396       0       1       1       0       3       000010000D   1717
     100      53      -5       2       0                       0       0D   1718
     102    3398       0       1       1       0       3       000010000D   1719
     102      53      -5       1       0                       0       0D   1720
     142    3399       0       1       1       0       0       000010000D   1721
     142      53      -5       1       0                       0       0D   1722
     144    3400       0       0       1       0       3       000000000D   1723
     144      53      -5       1       0                       0       0D   1724
     128    3401       0       0       1       0       3       000010000D   1725
     128      53      -5       9       0                       0       0D   1726
     126    3410       0       1       1       0       0       000010500D   1727
     126      53      -5       2       0                       0       0D   1728
     126    3412       0       1       1       0       0       000010500D   1729
     126      53      -5       8       0                       0       0D   1730
     126    3420       0       1       1       0       0       000010500D   1731
     126      53      -5       2       0                       0       0D   1732
     126    3422       0       1       1       0       0       000010500D   1733
     126      53      -5       2       0                       0       0D   1734
     102    3424       0       1       1       0       3       000010500D   1735
     102      53      -5       1       0                       0       0D   1736
     110    3425       0       1       1       0       3       000010000D   1737
     110      53      -5       1       0                       0       0D   1738
     126    3426       0       1       1       0       3       000010000D   1739
     126      53      -5      22       0                       0       0D   1740
     110    3448       0       1       1       0       3       000010000D   1741
     110      53      -5       2       0                       0       0D   1742
     100    3450       0       1       1       0     351       000010000D   1743
     100      53      -5       2       0                       0       0D   1744
     102    3452       0       1       1       0       3       000010000D   1745
     102      53      -5       1       0                       0       0D   1746
     142    3453       0       1       1       0       0       000010000D   1747
     142      53      -5       1       0                       0       0D   1748
     144    3454       0       0       1       0       3       000000000D   1749
     144      53      -5       1       0                       0       0D   1750
     128    3455       0       0       1       0       3       000010000D   1751
     128      53      -5       9       0                       0       0D   1752
     126    3464       0       1       1       0       0       000010500D   1753
     126      53      -5       2       0                       0       0D   1754
     126    3466       0       1       1       0       0       000010500D   1755
     126      53      -5       2       0                       0       0D   1756
     126    3468       0       1       1       0       0       000010500D   1757
     126      53      -5       2       0                       0       0D   1758
     126    3470       0       1       1       0       0       000010500D   1759
     126      53      -5       8       0                       0       0D   1760
     102    3478       0       1       1       0       3       000010500D   1761
     102      53      -5       1       0                       0       0D   1762
     110    3479       0       1       1       0       3       000010000D   1763
     110      53      -5       2       0                       0       0D   1764
     100    3481       0       1       1       0     287       000010000D   1765
     100      53      -5       2       0                       0       0D   1766
     110    3483       0       1       1       0       3       000010000D   1767
     110      53      -5       2       0                       0       0D   1768
     126    3485       0       1       1       0       3       000010000D   1769
     126      53      -5      22       0                       0       0D   1770
     102    3507       0       1       1       0       3       000010000D   1771
     102      53      -5       1       0                       0       0D   1772
     142    3508       0       1       1       0       0       000010000D   1773
     142      53      -5       1       0                       0       0D   1774
     144    3509       0       0       1       0       3       000000000D   1775
     144      53      -5       1       0                       0       0D   1776
     128    3510       0       0       1       0       3       000010000D   1777
     128      53      -5       8       0                       0       0D   1778
     126    3518       0       1       1       0       0       000010500D   1779
     126      53      -5       2       0                       0       0D   1780
     126    3520       0       1       1       0       0       000010500D   1781
     126      53      -5       2       0                       0       0D   1782
     126    3522       0       1       1       0       0       000010500D   1783
     126      53      -5       2       0                       0       0D   1784
     126    3524       0       1       1       0       0       000010500D   1785
     126      53      -5       8       0                       0       0D   1786
     102    3532       0       1       1       0       3       000010500D   1787
     102      53      -5       1       0                       0       0D   1788
     110    3533       0       1       1       0       3       000010000D   1789
     110      53      -5       1       0                       0       0D   1790
     100    3534       0       1       1       0     351       000010000D   1791
     100      53      -5       1       0                       0       0D   1792
     110    3535       0       1       1       0       3       000010000D   1793
     110      53      -5       1       0                       0       0D   1794
     126    3536       0       1       1       0       3       000010000D   1795
     126      53      -5      22       0                       0       0D   1796
     102    3558       0       1       1       0       3       000010000D   1797
     102      53      -5       1       0                       0       0D   1798
     142    3559       0       1       1       0       0       000010000D   1799
     142      53      -5       1       0                       0       0D   1800
     144    3560       0       0       1       0       3       000000000D   1801
     144      53      -5       1       0                       0       0D   1802
     128    3561       0       0       1       0       3       000010000D   1803
     128      53      -5      10       0                       0       0D   1804
     126    3571       0       1       1       0       0       000010500D   1805
     126      53      -5       2       0                       0       0D   1806
     126    3573       0       1       1       0       0       000010500D   1807
     126      53      -5       2       0                       0       0D   1808
     126    3575       0       1       1       0       0       000010500D   1809
     126      53      -5       2       0                       0       0D   1810
     126    3577       0       1       1       0       0       000010500D   1811
     126      53      -5       8       0                       0       0D   1812
     102    3585       0       1       1       0       3       000010500D   1813
     102      53      -5       1       0                       0       0D   1814
     110    3586       0       1       1       0       3       000010000D   1815
     110      53      -5       2       0                       0       0D   1816
     100    3588       0       1       1       0     287       000010000D   1817
     100      53      -5       2       0                       0       0D   1818
     110    3590       0       1       1       0       3       000010000D   1819
     110      53      -5       2       0                       0       0D   1820
     126    3592       0       1       1       0       3       000010000D   1821
     126      53      -5      22       0                       0       0D   1822
     102    3614       0       1       1       0       3       000010000D   1823
     102      53      -5       1       0                       0       0D   1824
     142    3615       0       1       1       0       0       000010000D   1825
     142      53      -5       1       0                       0       0D   1826
     144    3616       0       0       1       0       3       000000000D   1827
     144      53      -5       1       0                       0       0D   1828
     128    3617       0       0       1       0       3       000010000D   1829
     128      53      -5       8       0                       0       0D   1830
     126    3625       0       1       1       0       0       000010500D   1831
     126      53      -5       8       0                       0       0D   1832
     126    3633       0       1       1       0       0       000010500D   1833
     126      53      -5       2       0                       0       0D   1834
     126    3635       0       1       1       0       0       000010500D   1835
     126      53      -5       2       0                       0       0D   1836
     126    3637       0       1       1       0       0       000010500D   1837
     126      53      -5       2       0                       0       0D   1838
     102    3639       0       1       1       0       3       000010500D   1839
     102      53      -5       1       0                       0       0D   1840
     126    3640       0       1       1       0       3       000010000D   1841
     126      53      -5      22       0                       0       0D   1842
     110    3662       0       1       1       0       3       000010000D   1843
     110      53      -5       1       0                       0       0D   1844
     100    3663       0       1       1       0     287       000010000D   1845
     100      53      -5       1       0                       0       0D   1846
     110    3664       0       1       1       0       3       000010000D   1847
     110      53      -5       1       0                       0       0D   1848
     102    3665       0       1       1       0       3       000010000D   1849
     102      53      -5       1       0                       0       0D   1850
     142    3666       0       1       1       0       0       000010000D   1851
     142      53      -5       1       0                       0       0D   1852
     144    3667       0       0       1       0       3       000000000D   1853
     144      53      -5       1       0                       0       0D   1854
     128    3668       0       0       1       0       3       000010000D   1855
     128      53      -5       9       0                       0       0D   1856
     126    3677       0       1       1       0       0       000010500D   1857
     126      53      -5       8       0                       0       0D   1858
     126    3685       0       1       1       0       0       000010500D   1859
     126      53      -5       2       0                       0       0D   1860
     126    3687       0       1       1       0       0       000010500D   1861
     126      53      -5       2       0                       0       0D   1862
     126    3689       0       1       1       0       0       000010500D   1863
     126      53      -5       2       0                       0       0D   1864
     102    3691       0       1       1       0       3       000010500D   1865
     102      53      -5       1       0                       0       0D   1866
     126    3692       0       1       1       0       3       000010000D   1867
     126      53      -5      22       0                       0       0D   1868
     110    3714       0       1       1       0       3       000010000D   1869
     110      53      -5       1       0                       0       0D   1870
     100    3715       0       1       1       0     287       000010000D   1871
     100      53      -5       1       0                       0       0D   1872
     110    3716       0       1       1       0       3       000010000D   1873
     110      53      -5       2       0                       0       0D   1874
     102    3718       0       1       1       0       3       000010000D   1875
     102      53      -5       1       0                       0       0D   1876
     142    3719       0       1       1       0       0       000010000D   1877
     142      53      -5       1       0                       0       0D   1878
     144    3720       0       0       1       0       3       000000000D   1879
     144      53      -5       1       0                       0       0D   1880
     128    3721       0       0       1       0       3       000010000D   1881
     128      53      -5       9       0                       0       0D   1882
     126    3730       0       1       1       0       0       000010500D   1883
     126      53      -5       2       0                       0       0D   1884
     126    3732       0       1       1       0       0       000010500D   1885
     126      53      -5       8       0                       0       0D   1886
     126    3740       0       1       1       0       0       000010500D   1887
     126      53      -5       2       0                       0       0D   1888
     126    3742       0       1       1       0       0       000010500D   1889
     126      53      -5       2       0                       0       0D   1890
     102    3744       0       1       1       0       3       000010500D   1891
     102      53      -5       1       0                       0       0D   1892
     110    3745       0       1       1       0       3       000010000D   1893
     110      53      -5       2       0                       0       0D   1894
     126    3747       0       1       1       0       3       000010000D   1895
     126      53      -5      22       0                       0       0D   1896
     110    3769       0       1       1       0       3       000010000D   1897
     110      53      -5       1       0                       0       0D   1898
     100    3770       0       1       1       0     351       000010000D   1899
     100      53      -5       2       0                       0       0D   1900
     102    3772       0       1       1       0       3       000010000D   1901
     102      53      -5       1       0                       0       0D   1902
     142    3773       0       1       1       0       0       000010000D   1903
     142      53      -5       1       0                       0       0D   1904
     144    3774       0       0       1       0       3       000000000D   1905
     144      53      -5       1       0                       0       0D   1906
     128    3775       0       0       1       0       3       000010000D   1907
     128      53      -5       7       0                       0       0D   1908
     126    3782       0       1       1       0       0       000010500D   1909
     126      53      -5       2       0                       0       0D   1910
     126    3784       0       1       1       0       0       000010500D   1911
     126      53      -5       2       0                       0       0D   1912
     126    3786       0       1       1       0       0       000010500D   1913
     126      53      -5       2       0                       0       0D   1914
     126    3788       0       1       1       0       0       000010500D   1915
     126      53      -5       8       0                       0       0D   1916
     102    3796       0       1       1       0       3       000010500D   1917
     102      53      -5       1       0                       0       0D   1918
     110    3797       0       1       1       0       3       000010000D   1919
     110      53      -5       1       0                       0       0D   1920
     100    3798       0       1       1       0     351       000010000D   1921
     100      53      -5       1       0                       0       0D   1922
     110    3799       0       1       1       0       3       000010000D   1923
     110      53      -5       1       0                       0       0D   1924
     126    3800       0       1       1       0       3       000010000D   1925
     126      53      -5      22       0                       0       0D   1926
     102    3822       0       1       1       0       3       000010000D   1927
     102      53      -5       1       0                       0       0D   1928
     142    3823       0       1       1       0       0       000010000D   1929
     142      53      -5       1       0                       0       0D   1930
     144    3824       0       0       1       0       3       000000000D   1931
     144      53      -5       1       0                       0       0D   1932
124,1.0,0.0,0.0,0.0,0.0,1.0,0.0,0.0,0.0,0.0,1.0,0.0,0,0;               1P      1
124,1.0,0.0,0.0,0.0,0.0,1.0,0.0,0.0,0.0,0.0,1.0,0.0,0,0;               3P      2
314,0.0,0.0,0.0,5HBlack,0,0;                                           5P      3
128,1,1,1,1,0,0,1,0,0,0.0,0.0,1.0,1.0,0.0,0.0,1.0,1.0,1.0,1.0,         7P      4
1.0,1.0,-1.0,-3.3,0.800000000000001,-1.0,-2.98705540624877,            7P      5
0.800000000000001,-1.0,-3.3,1.5,-1.0,-2.98705540624877,1.5,0.0,        7P      6
1.0,0.0,1.0,0,0;                                                       7P      7
124,-1.0,0.0,1.88556899562696E-016,0.0,0.0,-1.0,0.0,0.0,               9P      8
1.88556899562696E-016,0.0,1.0,0.0,0,0;                                 9P      9
124,-1.0,0.0,-1.88556899562696E-016,0.0,0.0,1.0,0.0,0.0,              11P     10
1.88556899562696E-016,0.0,-1.0,0.0,0,0;                               11P     11
128,1,1,1,1,0,0,1,0,0,0.0,0.0,1.0,1.0,0.0,0.0,1.0,1.0,1.0,1.0,        13P     12
1.0,1.0,-1.1,-3.3,1.6,-1.1,-1.1,1.6,-3.3,-3.3,1.6,-3.3,-1.1,1.6,      13P     13
0.0,1.0,0.0,1.0,0,0;                                                  13P     14
126,1,1,1,0,1,0,0.0,0.0,1.0,1.0,1.0,1.0,1.0,1.0,0.0,1.0,              15P     15
0.841679285740495,0.0,0.0,1.0,0.0,0.0,1.0,0,0;                        15P     16
126,8,2,1,0,1,0,0.0,0.0,0.0,0.25,0.25,0.5,0.5,0.75,0.75,1.0,1.0,      17P     17
1.0,1.0,1.0,1.0,1.0,1.0,1.0,1.0,1.0,1.0,1.0,0.841679285740494,        17P     18
0.0,0.85566118292634,0.787888928161113,0.0,0.726066377118943,         17P     19
0.704628595526159,0.0,0.596471571311545,0.621368262891204,0.0,        17P     20
0.48755165421017,0.512448345789829,0.0,0.378631737108796,             17P     21
0.403528428688455,0.0,0.295371404473841,0.273933622881057,0.0,        17P     22
0.212111071838886,0.144338817073658,0.0,0.158320714259505,0.0,        17P     23
0.0,0.0,1.0,0.0,0.0,1.0,0,0;                                          17P     24
126,1,1,1,0,1,0,0.0,0.0,1.0,1.0,1.0,1.0,0.158320714259505,0.0,        19P     25
0.0,0.0,0.0,0.0,0.0,1.0,0.0,0.0,1.0,0,0;                              19P     26
126,1,1,1,0,1,0,0.0,0.0,1.0,1.0,1.0,1.0,0.0,0.0,0.0,0.0,              21P     27
0.727272727272727,0.0,0.0,1.0,0.0,0.0,1.0,0,0;                        21P     28
126,16,2,1,0,1,0,0.0,0.0,0.0,0.125,0.125,0.25,0.25,0.375,0.375,       23P     29
0.5,0.5,0.625,0.625,0.75,0.75,0.875,0.875,1.0,1.0,1.0,1.0,1.0,        23P     30
1.0,1.0,1.0,1.0,1.0,1.0,1.0,1.0,1.0,1.0,1.0,1.0,1.0,1.0,1.0,0.0,      23P     31
0.727272727272727,0.0,0.0,0.754134019097409,0.0,                      23P     32
0.00524037807184615,0.780479178731672,0.0,0.0104807561436924,         23P     33
0.806824338365934,0.0,0.0207601274969217,0.83164093609957,0.0,        23P     34
0.0310394988501511,0.856457533833206,0.0,0.0459628330083966,          23P     35
0.878791881732619,0.0,0.0608861671666418,0.901126229632031,0.0,       23P     36
0.0798799687673051,0.920120031232695,0.0,0.0988737703679681,          23P     37
0.939113832833358,0.0,0.121208118267381,0.954037166991603,0.0,        23P     38
0.143542466166794,0.968960501149849,0.0,0.16835906390043,             23P     39
0.979239872503078,0.0,0.193175661634066,0.989519243856307,0.0,        23P     40
0.219520821268329,0.994759621928154,0.0,0.245865980902592,1.0,        23P     41
0.0,0.272727272727273,1.0,0.0,0.0,1.0,0.0,0.0,1.0,0,0;                23P     42
126,1,1,1,0,1,0,0.0,0.0,1.0,1.0,1.0,1.0,0.272727272727273,1.0,        25P     43
0.0,1.0,1.0,0.0,0.0,1.0,0.0,0.0,1.0,0,0;                              25P     44
102,6,15,17,19,21,23,25,0,0;                                          27P     45
110,-3.3,-1.1,1.6,-2.95169442862909,-1.1,1.6,0,0;                     29P     46
100,1.6,-3.01691039300314E-016,0.0,2.95169442862909,1.1,1.1,          31P     47
2.95169442862909,0,0;                                                 31P     48
110,-1.1,-2.95169442862909,1.6,-1.1,-3.3,1.6,0,0;                     33P     49
110,-1.1,-3.3,1.6,-2.7,-3.3,1.6,0,0;                                  35P     50
100,-1.6,2.7,-2.7,2.7,-3.3,3.3,-2.7,0,0;                              37P     51
110,-3.3,-2.7,1.6,-3.3,-1.1,1.6,0,0;                                  39P     52
102,6,29,31,33,35,37,39,0,0;                                          41P     53
142,0,13,27,41,3,0,0;                                                 43P     54
144,13,1,0,43,0,0;                                                    45P     55
124,1.0,0.0,0.0,0.0,0.0,-1.0,0.0,0.0,0.0,0.0,-1.0,0.0,0,0;            47P     56
128,1,1,1,1,0,0,1,0,0,0.0,0.0,1.0,1.0,0.0,0.0,1.0,1.0,1.0,1.0,        49P     57
1.0,1.0,-3.3,-3.3,-7.34788079488411E-017,-3.3,3.3,                    49P     58
-7.34788079488411E-017,3.3,-3.3,0.0,3.3,3.3,0.0,0.0,1.0,0.0,1.0,      49P     59
0,0;                                                                  49P     60
126,1,1,1,0,1,0,0.0,0.0,1.0,1.0,1.0,1.0,0.0,0.772727272727273,        51P     61
0.0,0.227272727272727,1.0,0.0,0.0,1.0,0.0,0.0,1.0,0,0;                51P     62
126,1,1,1,0,1,0,0.0,0.0,1.0,1.0,1.0,1.0,0.227272727272727,1.0,        53P     63
0.0,0.772727272727273,1.0,0.0,0.0,1.0,0.0,0.0,1.0,0,0;                53P     64
126,1,1,1,0,1,0,0.0,0.0,1.0,1.0,1.0,1.0,0.772727272727273,1.0,        55P     65
0.0,1.0,0.772727272727273,0.0,0.0,1.0,0.0,0.0,1.0,0,0;                55P     66
126,1,1,1,0,1,0,0.0,0.0,1.0,1.0,1.0,1.0,1.0,0.772727272727273,        57P     67
0.0,1.0,0.0909090909090909,0.0,0.0,1.0,0.0,0.0,1.0,0,0;               57P     68
126,16,2,1,0,1,0,0.0,0.0,0.0,0.125,0.125,0.25,0.25,0.375,0.375,       59P     69
0.5,0.5,0.625,0.625,0.75,0.75,0.875,0.875,1.0,1.0,1.0,1.0,1.0,        59P     70
1.0,1.0,1.0,1.0,1.0,1.0,1.0,1.0,1.0,1.0,1.0,1.0,1.0,1.0,1.0,1.0,      59P     71
0.0909090909090909,0.0,1.0,0.0819553269675304,0.0,                    59P     72
0.998253207309385,0.0731736070894428,0.0,0.996506414618769,           59P     73
0.0643918872113554,0.0,0.993079957501026,0.05611968796681,0.0,        59P     74
0.989653500383283,0.0478474887222646,0.0,0.984679055663868,           59P     75
0.0404027060891271,0.0,0.979704610944453,0.0329579234559893,0.0,      59P     76
0.973373343744232,0.0266266562557684,0.0,0.967042076544011,           59P     77
0.0202953890555473,0.0,0.959597293910873,0.0153209443361322,0.0,      59P     78
0.952152511277735,0.0103464996167171,0.0,0.94388031203319,            59P     79
0.00692004249897389,0.0,0.935608112788645,0.00349358538123082,        59P     80
0.0,0.926826392910557,0.00174679269061538,0.0,0.91804467303247,       59P     81
0.0,0.0,0.909090909090909,0.0,0.0,0.0,1.0,0.0,0.0,1.0,0,0;            59P     82
126,1,1,1,0,1,0,0.0,0.0,1.0,1.0,1.0,1.0,0.909090909090909,0.0,        61P     83
0.0,0.0909090909090909,0.0,0.0,0.0,1.0,0.0,0.0,1.0,0,0;               61P     84
126,16,2,1,0,1,0,0.0,0.0,0.0,0.125,0.125,0.25,0.25,0.375,0.375,       63P     85
0.5,0.5,0.625,0.625,0.75,0.75,0.875,0.875,1.0,1.0,1.0,1.0,1.0,        63P     86
1.0,1.0,1.0,1.0,1.0,1.0,1.0,1.0,1.0,1.0,1.0,1.0,1.0,1.0,1.0,          63P     87
0.0909090909090909,0.0,0.0,0.0819553269675303,0.0,0.0,                63P     88
0.0731736070894428,0.00174679269061538,0.0,0.0643918872113552,        63P     89
0.0034935853812308,0.0,0.05611968796681,0.00692004249897389,0.0,      63P     90
0.0478474887222648,0.010346499616717,0.0,0.0404027060891271,          63P     91
0.0153209443361322,0.0,0.0329579234559894,0.0202953890555474,         63P     92
0.0,0.0266266562557684,0.0266266562557684,0.0,                        63P     93
0.0202953890555475,0.0329579234559893,0.0,0.0153209443361323,         63P     94
0.040402706089127,0.0,0.0103464996167171,0.0478474887222647,0.0,      63P     95
0.00692004249897396,0.05611968796681,0.0,0.0034935853812309,          63P     96
0.0643918872113551,0.0,0.00174679269061545,0.0731736070894428,        63P     97
0.0,2.16840434497101E-019,0.0819553269675306,0.0,0.0,                 63P     98
0.0909090909090909,0.0,0.0,1.0,0.0,0.0,1.0,0,0;                       63P     99
126,1,1,1,0,1,0,0.0,0.0,1.0,1.0,1.0,1.0,0.0,0.0909090909090909,       65P    100
0.0,0.0,0.772727272727273,0.0,0.0,1.0,0.0,0.0,1.0,0,0;                65P    101
102,8,51,53,55,57,59,61,63,65,0,0;                                    67P    102
110,1.8,-3.3,-1.66997290792821E-017,3.3,-1.8,                         69P    103
1.20370621524202E-032,0,0;                                            69P    104
110,3.3,-1.8,0.0,3.3,1.8,0.0,0,0;                                     71P    105
110,3.3,1.8,0.0,1.8,3.3,-1.66997290792821E-017,0,0;                   73P    106
110,1.8,3.3,-1.66997290792821E-017,-2.7,3.3,                          75P    107
-6.67989163171283E-017,0,0;                                           75P    108
100,3.00595123427077E-017,-2.7,2.7,-2.7,3.3,-3.3,2.7,0,0;             77P    109
110,-3.3,2.7,0.0,-3.3,-2.7,0.0,0,0;                                   79P    110
100,-3.67394039744206E-017,-2.7,-2.7,-3.3,-2.7,-2.7,-3.3,0,0;         81P    111
110,-2.7,-3.3,-6.67989163171283E-017,1.8,-3.3,                        83P    112
-1.66997290792821E-017,0,0;                                           83P    113
102,8,69,71,73,75,77,79,81,83,0,0;                                    85P    114
142,0,49,67,85,3,0,0;                                                 87P    115
126,64,2,1,1,1,1,-0.03125,-0.03125,0.0,0.03125,0.03125,0.0625,        89P    116
0.0625,0.09375,0.09375,0.125,0.125,0.15625,0.15625,0.1875,            89P    117
0.1875,0.21875,0.21875,0.25,0.25,0.28125,0.28125,0.3125,0.3125,       89P    118
0.34375,0.34375,0.375,0.375,0.40625,0.40625,0.4375,0.4375,            89P    119
0.46875,0.46875,0.5,0.5,0.53125,0.53125,0.5625,0.5625,0.59375,        89P    120
0.59375,0.625,0.625,0.65625,0.65625,0.6875,0.6875,0.71875,            89P    121
0.71875,0.75,0.75,0.78125,0.78125,0.8125,0.8125,0.84375,0.84375,      89P    122
0.875,0.875,0.90625,0.90625,0.9375,0.9375,0.96875,0.96875,1.0,        89P    123
1.03125,1.03125,1.0,1.0,1.0,1.0,1.0,1.0,1.0,1.0,1.0,1.0,1.0,1.0,      89P    124
1.0,1.0,1.0,1.0,1.0,1.0,1.0,1.0,1.0,1.0,1.0,1.0,1.0,1.0,1.0,1.0,      89P    125
1.0,1.0,1.0,1.0,1.0,1.0,1.0,1.0,1.0,1.0,1.0,1.0,1.0,1.0,1.0,1.0,      89P    126
1.0,1.0,1.0,1.0,1.0,1.0,1.0,1.0,1.0,1.0,1.0,1.0,1.0,1.0,1.0,1.0,      89P    127
1.0,1.0,1.0,1.0,1.0,0.5074614699513,0.575757575757576,0.0,            89P    128
0.4925385300487,0.575757575757576,0.0,0.485220430150293,              89P    129
0.574301915182063,0.0,0.477902330251887,0.57284625460655,0.0,         89P    130
0.471008830881433,0.569990873675097,0.0,0.464115331510978,            89P    131
0.567135492743645,0.0,0.457911345983363,0.562990122144132,0.0,        89P    132
0.451707360455749,0.55884475154462,0.0,0.446431304455565,             89P    133
0.553568695544435,0.0,0.441155248455381,0.548292639544252,0.0,        89P    134
0.437009877855868,0.542088654016637,0.0,0.432864507256355,            89P    135
0.535884668489022,0.0,0.430009126324903,0.528991169118567,0.0,        89P    136
0.42715374539345,0.522097669748113,0.0,0.425698084817937,             89P    137
0.514779569849707,0.0,0.424242424242424,0.5074614699513,0.0,          89P    138
0.424242424242424,0.5,0.0,0.424242424242424,0.4925385300487,0.0,      89P    139
0.425698084817937,0.485220430150293,0.0,0.42715374539345,             89P    140
0.477902330251887,0.0,0.430009126324903,0.471008830881433,0.0,        89P    141
0.432864507256355,0.464115331510978,0.0,0.437009877855868,            89P    142
0.457911345983363,0.0,0.441155248455381,0.451707360455749,0.0,        89P    143
0.446431304455565,0.446431304455565,0.0,0.451707360455749,            89P    144
0.441155248455381,0.0,0.457911345983363,0.437009877855868,0.0,        89P    145
0.464115331510978,0.432864507256355,0.0,0.471008830881433,            89P    146
0.430009126324903,0.0,0.477902330251887,0.42715374539345,0.0,         89P    147
0.485220430150293,0.425698084817937,0.0,0.4925385300487,              89P    148
0.424242424242424,0.0,0.5,0.424242424242424,0.0,0.5074614699513,      89P    149
0.424242424242424,0.0,0.514779569849707,0.425698084817937,0.0,        89P    150
0.522097669748113,0.42715374539345,0.0,0.528991169118567,             89P    151
0.430009126324903,0.0,0.535884668489022,0.432864507256355,0.0,        89P    152
0.542088654016637,0.437009877855868,0.0,0.548292639544251,            89P    153
0.44115524845538,0.0,0.553568695544435,0.446431304455565,0.0,         89P    154
0.55884475154462,0.451707360455749,0.0,0.562990122144132,             89P    155
0.457911345983363,0.0,0.567135492743645,0.464115331510978,0.0,        89P    156
0.569990873675097,0.471008830881433,0.0,0.57284625460655,             89P    157
0.477902330251887,0.0,0.574301915182063,0.485220430150293,0.0,        89P    158
0.575757575757576,0.4925385300487,0.0,0.575757575757576,0.5,0.0,      89P    159
0.575757575757576,0.5074614699513,0.0,0.574301915182063,              89P    160
0.514779569849707,0.0,0.57284625460655,0.522097669748113,0.0,         89P    161
0.569990873675097,0.528991169118567,0.0,0.567135492743645,            89P    162
0.535884668489022,0.0,0.562990122144132,0.542088654016637,0.0,        89P    163
0.55884475154462,0.548292639544251,0.0,0.553568695544435,             89P    164
0.553568695544435,0.0,0.548292639544251,0.55884475154462,0.0,         89P    165
0.542088654016637,0.562990122144132,0.0,0.535884668489022,            89P    166
0.567135492743645,0.0,0.528991169118567,0.569990873675097,0.0,        89P    167
0.522097669748113,0.57284625460655,0.0,0.514779569849707,             89P    168
0.574301915182063,0.0,0.5074614699513,0.575757575757576,0.0,          89P    169
0.4925385300487,0.575757575757576,0.0,0.0,1.0,0.0,0.0,1.0,0,0;        89P    170
100,0.0,0.0,0.0,0.5,6.12323399573677E-017,0.5,                        91P    171
-1.22464679914735E-016,0,0;                                           91P    172
142,0,49,89,91,3,0,0;                                                 93P    173
126,64,2,1,1,1,1,-0.03125,-0.03125,0.0,0.03125,0.03125,0.0625,        95P    174
0.0625,0.09375,0.09375,0.125,0.125,0.15625,0.15625,0.1875,            95P    175
0.1875,0.21875,0.21875,0.25,0.25,0.28125,0.28125,0.3125,0.3125,       95P    176
0.34375,0.34375,0.375,0.375,0.40625,0.40625,0.4375,0.4375,            95P    177
0.46875,0.46875,0.5,0.5,0.53125,0.53125,0.5625,0.5625,0.59375,        95P    178
0.59375,0.625,0.625,0.65625,0.65625,0.6875,0.6875,0.71875,            95P    179
0.71875,0.75,0.75,0.78125,0.78125,0.8125,0.8125,0.84375,0.84375,      95P    180
0.875,0.875,0.90625,0.90625,0.9375,0.9375,0.96875,0.96875,1.0,        95P    181
1.03125,1.03125,1.0,1.0,1.0,1.0,1.0,1.0,1.0,1.0,1.0,1.0,1.0,1.0,      95P    182
1.0,1.0,1.0,1.0,1.0,1.0,1.0,1.0,1.0,1.0,1.0,1.0,1.0,1.0,1.0,1.0,      95P    183
1.0,1.0,1.0,1.0,1.0,1.0,1.0,1.0,1.0,1.0,1.0,1.0,1.0,1.0,1.0,1.0,      95P    184
1.0,1.0,1.0,1.0,1.0,1.0,1.0,1.0,1.0,1.0,1.0,1.0,1.0,1.0,1.0,1.0,      95P    185
1.0,1.0,1.0,1.0,1.0,0.204431166920997,0.272727272727273,0.0,          95P    186
0.189508227018396,0.272727272727273,0.0,0.18219012711999,             95P    187
0.27127161215176,0.0,0.174872027221584,0.269815951576247,0.0,         95P    188
0.167978527851129,0.266960570644795,0.0,0.161085028480675,            95P    189
0.264105189713342,0.0,0.15488104295306,0.259959819113829,0.0,         95P    190
0.148677057425445,0.255814448514317,0.0,0.143401001425261,            95P    191
0.250538392514133,0.0,0.138124945425077,0.245262336513948,0.0,        95P    192
0.133979574825565,0.239058350986334,0.0,0.129834204226052,            95P    193
0.232854365458719,0.0,0.126978823294599,0.225960866088265,0.0,        95P    194
0.124123442363147,0.21906736671781,0.0,0.122667781787634,             95P    195
0.211749266819404,0.0,0.121212121212121,0.204431166920997,0.0,        95P    196
0.121212121212121,0.196969696969697,0.0,0.121212121212121,            95P    197
0.189508227018396,0.0,0.122667781787634,0.18219012711999,0.0,         95P    198
0.124123442363147,0.174872027221584,0.0,0.126978823294599,            95P    199
0.16797852785113,0.0,0.129834204226052,0.161085028480675,0.0,         95P    200
0.133979574825565,0.154881042953061,0.0,0.138124945425078,            95P    201
0.148677057425446,0.0,0.143401001425261,0.143401001425262,0.0,        95P    202
0.148677057425445,0.138124945425078,0.0,0.15488104295306,             95P    203
0.133979574825565,0.0,0.161085028480675,0.129834204226052,0.0,        95P    204
0.167978527851129,0.1269788232946,0.0,0.174872027221584,              95P    205
0.124123442363147,0.0,0.18219012711999,0.122667781787634,0.0,         95P    206
0.189508227018397,0.121212121212121,0.0,0.196969696969697,            95P    207
0.121212121212121,0.0,0.204431166920997,0.121212121212121,0.0,        95P    208
0.211749266819404,0.122667781787634,0.0,0.21906736671781,             95P    209
0.124123442363147,0.0,0.225960866088264,0.1269788232946,0.0,          95P    210
0.232854365458719,0.129834204226052,0.0,0.239058350986333,            95P    211
0.133979574825565,0.0,0.245262336513948,0.138124945425078,0.0,        95P    212
0.250538392514132,0.143401001425262,0.0,0.255814448514316,            95P    213
0.148677057425446,0.0,0.259959819113829,0.154881042953061,0.0,        95P    214
0.264105189713342,0.161085028480675,0.0,0.266960570644794,            95P    215
0.16797852785113,0.0,0.269815951576247,0.174872027221584,0.0,         95P    216
0.27127161215176,0.18219012711999,0.0,0.272727272727273,              95P    217
0.189508227018397,0.0,0.272727272727273,0.196969696969697,0.0,        95P    218
0.272727272727273,0.204431166920998,0.0,0.27127161215176,             95P    219
0.211749266819404,0.0,0.269815951576247,0.21906736671781,0.0,         95P    220
0.266960570644794,0.225960866088265,0.0,0.264105189713342,            95P    221
0.232854365458719,0.0,0.259959819113829,0.239058350986334,0.0,        95P    222
0.255814448514316,0.245262336513948,0.0,0.250538392514132,            95P    223
0.250538392514133,0.0,0.245262336513948,0.255814448514317,0.0,        95P    224
0.239058350986333,0.259959819113829,0.0,0.232854365458719,            95P    225
0.264105189713342,0.0,0.225960866088264,0.266960570644795,0.0,        95P    226
0.21906736671781,0.269815951576247,0.0,0.211749266819404,             95P    227
0.27127161215176,0.0,0.204431166920997,0.272727272727273,0.0,         95P    228
0.189508227018396,0.272727272727273,0.0,0.0,1.0,0.0,0.0,1.0,0,0;      95P    229
100,0.0,-2.0,2.0,-1.5,2.0,-1.5,2.0,0,0;                               97P    230
142,0,49,95,97,3,0,0;                                                 99P    231
126,64,2,1,1,1,1,-0.03125,-0.03125,0.0,0.03125,0.03125,0.0625,       101P    232
0.0625,0.09375,0.09375,0.125,0.125,0.15625,0.15625,0.1875,           101P    233
0.1875,0.21875,0.21875,0.25,0.25,0.28125,0.28125,0.3125,0.3125,      101P    234
0.34375,0.34375,0.375,0.375,0.40625,0.40625,0.4375,0.4375,           101P    235
0.46875,0.46875,0.5,0.5,0.53125,0.53125,0.5625,0.5625,0.59375,       101P    236
0.59375,0.625,0.625,0.65625,0.65625,0.6875,0.6875,0.71875,           101P    237
0.71875,0.75,0.75,0.78125,0.78125,0.8125,0.8125,0.84375,0.84375,     101P    238
0.875,0.875,0.90625,0.90625,0.9375,0.9375,0.96875,0.96875,1.0,       101P    239
1.03125,1.03125,1.0,1.0,1.0,1.0,1.0,1.0,1.0,1.0,1.0,1.0,1.0,1.0,     101P    240
1.0,1.0,1.0,1.0,1.0,1.0,1.0,1.0,1.0,1.0,1.0,1.0,1.0,1.0,1.0,1.0,     101P    241
1.0,1.0,1.0,1.0,1.0,1.0,1.0,1.0,1.0,1.0,1.0,1.0,1.0,1.0,1.0,1.0,     101P    242
1.0,1.0,1.0,1.0,1.0,1.0,1.0,1.0,1.0,1.0,1.0,1.0,1.0,1.0,1.0,1.0,     101P    243
1.0,1.0,1.0,1.0,1.0,0.810491772981604,0.272727272727273,0.0,         101P    244
0.795568833079003,0.272727272727273,0.0,0.788250733180596,           101P    245
0.27127161215176,0.0,0.78093263328219,0.269815951576247,0.0,         101P    246
0.774039133911736,0.266960570644794,0.0,0.767145634541282,           101P    247
0.264105189713342,0.0,0.760941649013667,0.259959819113829,0.0,       101P    248
0.754737663486052,0.255814448514316,0.0,0.749461607485868,           101P    249
0.250538392514132,0.0,0.744185551485684,0.245262336513948,0.0,       101P    250
0.740040180886171,0.239058350986333,0.0,0.735894810286658,           101P    251
0.232854365458718,0.0,0.733039429355206,0.225960866088264,0.0,       101P    252
0.730184048423753,0.21906736671781,0.0,0.72872838784824,             101P    253
0.211749266819404,0.0,0.727272727272727,0.204431166920997,0.0,       101P    254
0.727272727272727,0.196969696969697,0.0,0.727272727272727,           101P    255
0.189508227018396,0.0,0.72872838784824,0.18219012711999,0.0,         101P    256
0.730184048423753,0.174872027221583,0.0,0.733039429355206,           101P    257
0.167978527851129,0.0,0.735894810286658,0.161085028480676,0.0,       101P    258
0.740040180886171,0.15488104295306,0.0,0.744185551485684,            101P    259
0.148677057425445,0.0,0.749461607485868,0.143401001425261,0.0,       101P    260
0.754737663486052,0.138124945425077,0.0,0.760941649013667,           101P    261
0.133979574825565,0.0,0.767145634541281,0.129834204226052,0.0,       101P    262
0.774039133911736,0.126978823294599,0.0,0.78093263328219,            101P    263
0.124123442363147,0.0,0.788250733180596,0.122667781787634,0.0,       101P    264
0.795568833079003,0.121212121212121,0.0,0.803030303030303,           101P    265
0.121212121212121,0.0,0.810491772981604,0.121212121212121,0.0,       101P    266
0.81780987288001,0.122667781787634,0.0,0.825127972778416,            101P    267
0.124123442363147,0.0,0.832021472148871,0.126978823294599,0.0,       101P    268
0.838914971519325,0.129834204226052,0.0,0.84511895704694,            101P    269
0.133979574825565,0.0,0.851322942574555,0.138124945425077,0.0,       101P    270
0.856598998574739,0.143401001425261,0.0,0.861875054574922,           101P    271
0.148677057425445,0.0,0.866020425174435,0.15488104295306,0.0,        101P    272
0.870165795773948,0.161085028480675,0.0,0.873021176705401,           101P    273
0.167978527851129,0.0,0.875876557636853,0.174872027221584,0.0,       101P    274
0.877332218212366,0.18219012711999,0.0,0.878787878787879,            101P    275
0.189508227018397,0.0,0.878787878787879,0.196969696969697,0.0,       101P    276
0.878787878787879,0.204431166920997,0.0,0.877332218212366,           101P    277
0.211749266819404,0.0,0.875876557636853,0.21906736671781,0.0,        101P    278
0.873021176705401,0.225960866088264,0.0,0.870165795773948,           101P    279
0.232854365458719,0.0,0.866020425174435,0.239058350986333,0.0,       101P    280
0.861875054574922,0.245262336513949,0.0,0.856598998574739,           101P    281
0.250538392514132,0.0,0.851322942574555,0.255814448514316,0.0,       101P    282
0.84511895704694,0.259959819113829,0.0,0.838914971519325,            101P    283
0.264105189713342,0.0,0.832021472148871,0.266960570644794,0.0,       101P    284
0.825127972778416,0.269815951576247,0.0,0.81780987288001,            101P    285
0.27127161215176,0.0,0.810491772981604,0.272727272727273,0.0,        101P    286
0.795568833079003,0.272727272727273,0.0,0.0,1.0,0.0,0.0,1.0,0,0;     101P    287
100,0.0,-2.0,-2.0,-1.5,-2.0,-1.5,-2.0,0,0;                           103P    288
142,0,49,101,103,3,0,0;                                              105P    289
126,64,2,1,1,1,1,-0.03125,-0.03125,0.0,0.03125,0.03125,0.0625,       107P    290
0.0625,0.09375,0.09375,0.125,0.125,0.15625,0.15625,0.1875,           107P    291
0.1875,0.21875,0.21875,0.25,0.25,0.28125,0.28125,0.3125,0.3125,      107P    292
0.34375,0.34375,0.375,0.375,0.40625,0.40625,0.4375,0.4375,           107P    293
0.46875,0.46875,0.5,0.5,0.53125,0.53125,0.5625,0.5625,0.59375,       107P    294
0.59375,0.625,0.625,0.65625,0.65625,0.6875,0.6875,0.71875,           107P    295
0.71875,0.75,0.75,0.78125,0.78125,0.8125,0.8125,0.84375,0.84375,     107P    296
0.875,0.875,0.90625,0.90625,0.9375,0.9375,0.96875,0.96875,1.0,       107P    297
1.03125,1.03125,1.0,1.0,1.0,1.0,1.0,1.0,1.0,1.0,1.0,1.0,1.0,1.0,     107P    298
1.0,1.0,1.0,1.0,1.0,1.0,1.0,1.0,1.0,1.0,1.0,1.0,1.0,1.0,1.0,1.0,     107P    299
1.0,1.0,1.0,1.0,1.0,1.0,1.0,1.0,1.0,1.0,1.0,1.0,1.0,1.0,1.0,1.0,     107P    300
1.0,1.0,1.0,1.0,1.0,1.0,1.0,1.0,1.0,1.0,1.0,1.0,1.0,1.0,1.0,1.0,     107P    301
1.0,1.0,1.0,1.0,1.0,0.204431166920997,0.878787878787879,0.0,         107P    302
0.189508227018396,0.878787878787879,0.0,0.18219012711999,            107P    303
0.877332218212366,0.0,0.174872027221585,0.875876557636853,0.0,       107P    304
0.16797852785113,0.8730211767054,0.0,0.161085028480675,              107P    305
0.870165795773948,0.0,0.154881042953061,0.866020425174435,0.0,       107P    306
0.148677057425446,0.861875054574923,0.0,0.143401001425262,           107P    307
0.856598998574738,0.0,0.138124945425077,0.851322942574554,0.0,       107P    308
0.133979574825565,0.84511895704694,0.0,0.129834204226052,            107P    309
0.838914971519325,0.0,0.1269788232946,0.83202147214887,0.0,          107P    310
0.124123442363147,0.825127972778416,0.0,0.122667781787634,           107P    311
0.81780987288001,0.0,0.121212121212121,0.810491772981603,0.0,        107P    312
0.121212121212121,0.803030303030303,0.0,0.121212121212121,           107P    313
0.795568833079003,0.0,0.122667781787634,0.788250733180596,0.0,       107P    314
0.124123442363147,0.78093263328219,0.0,0.1269788232946,              107P    315
0.774039133911736,0.0,0.129834204226052,0.767145634541281,0.0,       107P    316
0.133979574825565,0.760941649013667,0.0,0.138124945425078,           107P    317
0.754737663486051,0.0,0.143401001425262,0.749461607485868,0.0,       107P    318
0.148677057425445,0.744185551485684,0.0,0.154881042953061,           107P    319
0.740040180886171,0.0,0.161085028480675,0.735894810286658,0.0,       107P    320
0.16797852785113,0.733039429355206,0.0,0.174872027221584,            107P    321
0.730184048423753,0.0,0.18219012711999,0.72872838784824,0.0,         107P    322
0.189508227018397,0.727272727272727,0.0,0.196969696969697,           107P    323
0.727272727272727,0.0,0.204431166920998,0.727272727272727,0.0,       107P    324
0.211749266819404,0.72872838784824,0.0,0.21906736671781,             107P    325
0.730184048423753,0.0,0.225960866088264,0.733039429355206,0.0,       107P    326
0.232854365458719,0.735894810286658,0.0,0.239058350986334,           107P    327
0.740040180886171,0.0,0.245262336513948,0.744185551485684,0.0,       107P    328
0.250538392514132,0.749461607485868,0.0,0.255814448514316,           107P    329
0.754737663486052,0.0,0.259959819113829,0.760941649013667,0.0,       107P    330
0.264105189713342,0.767145634541282,0.0,0.266960570644795,           107P    331
0.774039133911736,0.0,0.269815951576247,0.78093263328219,0.0,        107P    332
0.27127161215176,0.788250733180596,0.0,0.272727272727273,            107P    333
0.795568833079003,0.0,0.272727272727273,0.803030303030303,0.0,       107P    334
0.272727272727273,0.810491772981603,0.0,0.27127161215176,            107P    335
0.81780987288001,0.0,0.269815951576247,0.825127972778416,0.0,        107P    336
0.266960570644795,0.83202147214887,0.0,0.264105189713342,            107P    337
0.838914971519324,0.0,0.259959819113829,0.84511895704694,0.0,        107P    338
0.255814448514316,0.851322942574555,0.0,0.250538392514132,           107P    339
0.856598998574738,0.0,0.245262336513948,0.861875054574923,0.0,       107P    340
0.239058350986334,0.866020425174435,0.0,0.232854365458719,           107P    341
0.870165795773948,0.0,0.225960866088264,0.8730211767054,0.0,         107P    342
0.21906736671781,0.875876557636853,0.0,0.211749266819404,            107P    343
0.877332218212366,0.0,0.204431166920997,0.878787878787879,0.0,       107P    344
0.189508227018396,0.878787878787879,0.0,0.0,1.0,0.0,0.0,1.0,0,0;     107P    345
100,0.0,2.0,2.0,2.5,2.0,2.5,2.0,0,0;                                 109P    346
142,0,49,107,109,3,0,0;                                              111P    347
126,64,2,1,1,1,1,-0.03125,-0.03125,0.0,0.03125,0.03125,0.0625,       113P    348
0.0625,0.09375,0.09375,0.125,0.125,0.15625,0.15625,0.1875,           113P    349
0.1875,0.21875,0.21875,0.25,0.25,0.28125,0.28125,0.3125,0.3125,      113P    350
0.34375,0.34375,0.375,0.375,0.40625,0.40625,0.4375,0.4375,           113P    351
0.46875,0.46875,0.5,0.5,0.53125,0.53125,0.5625,0.5625,0.59375,       113P    352
0.59375,0.625,0.625,0.65625,0.65625,0.6875,0.6875,0.71875,           113P    353
0.71875,0.75,0.75,0.78125,0.78125,0.8125,0.8125,0.84375,0.84375,     113P    354
0.875,0.875,0.90625,0.90625,0.9375,0.9375,0.96875,0.96875,1.0,       113P    355
1.03125,1.03125,1.0,1.0,1.0,1.0,1.0,1.0,1.0,1.0,1.0,1.0,1.0,1.0,     113P    356
1.0,1.0,1.0,1.0,1.0,1.0,1.0,1.0,1.0,1.0,1.0,1.0,1.0,1.0,1.0,1.0,     113P    357
1.0,1.0,1.0,1.0,1.0,1.0,1.0,1.0,1.0,1.0,1.0,1.0,1.0,1.0,1.0,1.0,     113P    358
1.0,1.0,1.0,1.0,1.0,1.0,1.0,1.0,1.0,1.0,1.0,1.0,1.0,1.0,1.0,1.0,     113P    359
1.0,1.0,1.0,1.0,1.0,0.810491772981603,0.878787878787879,0.0,         113P    360
0.795568833079003,0.878787878787879,0.0,0.788250733180596,           113P    361
0.877332218212366,0.0,0.78093263328219,0.875876557636853,0.0,        113P    362
0.774039133911736,0.8730211767054,0.0,0.767145634541281,             113P    363
0.870165795773948,0.0,0.760941649013667,0.866020425174435,0.0,       113P    364
0.754737663486052,0.861875054574922,0.0,0.749461607485868,           113P    365
0.856598998574738,0.0,0.744185551485684,0.851322942574554,0.0,       113P    366
0.740040180886171,0.845118957046939,0.0,0.735894810286658,           113P    367
0.838914971519325,0.0,0.733039429355206,0.83202147214887,0.0,        113P    368
0.730184048423753,0.825127972778416,0.0,0.72872838784824,            113P    369
0.81780987288001,0.0,0.727272727272727,0.810491772981603,0.0,        113P    370
0.727272727272727,0.803030303030303,0.0,0.727272727272727,           113P    371
0.795568833079003,0.0,0.72872838784824,0.788250733180596,0.0,        113P    372
0.730184048423753,0.78093263328219,0.0,0.733039429355206,            113P    373
0.774039133911736,0.0,0.735894810286658,0.767145634541281,0.0,       113P    374
0.740040180886171,0.760941649013666,0.0,0.744185551485684,           113P    375
0.754737663486052,0.0,0.749461607485868,0.749461607485868,0.0,       113P    376
0.754737663486052,0.744185551485683,0.0,0.760941649013667,           113P    377
0.740040180886171,0.0,0.767145634541282,0.735894810286658,0.0,       113P    378
0.774039133911736,0.733039429355205,0.0,0.78093263328219,            113P    379
0.730184048423753,0.0,0.788250733180596,0.72872838784824,0.0,        113P    380
0.795568833079003,0.727272727272727,0.0,0.803030303030303,           113P    381
0.727272727272727,0.0,0.810491772981603,0.727272727272727,0.0,       113P    382
0.81780987288001,0.72872838784824,0.0,0.825127972778416,             113P    383
0.730184048423753,0.0,0.83202147214887,0.733039429355206,0.0,        113P    384
0.838914971519325,0.735894810286658,0.0,0.84511895704694,            113P    385
0.740040180886171,0.0,0.851322942574554,0.744185551485683,0.0,       113P    386
0.856598998574738,0.749461607485868,0.0,0.861875054574923,           113P    387
0.754737663486052,0.0,0.866020425174435,0.760941649013666,0.0,       113P    388
0.870165795773948,0.767145634541281,0.0,0.8730211767054,             113P    389
0.774039133911736,0.0,0.875876557636853,0.78093263328219,0.0,        113P    390
0.877332218212366,0.788250733180596,0.0,0.878787878787879,           113P    391
0.795568833079002,0.0,0.878787878787879,0.803030303030303,0.0,       113P    392
0.878787878787879,0.810491772981604,0.0,0.877332218212366,           113P    393
0.81780987288001,0.0,0.875876557636853,0.825127972778416,0.0,        113P    394
0.8730211767054,0.83202147214887,0.0,0.870165795773948,              113P    395
0.838914971519325,0.0,0.866020425174435,0.845118957046939,0.0,       113P    396
0.861875054574923,0.851322942574554,0.0,0.856598998574738,           113P    397
0.856598998574738,0.0,0.851322942574554,0.861875054574922,0.0,       113P    398
0.84511895704694,0.866020425174435,0.0,0.838914971519325,            113P    399
0.870165795773948,0.0,0.83202147214887,0.8730211767054,0.0,          113P    400
0.825127972778416,0.875876557636853,0.0,0.81780987288001,            113P    401
0.877332218212366,0.0,0.810491772981603,0.878787878787879,0.0,       113P    402
0.795568833079003,0.878787878787879,0.0,0.0,1.0,0.0,0.0,1.0,0,0;     113P    403
100,0.0,2.0,-2.0,2.5,-2.0,2.5,-2.0,0,0;                              115P    404
142,0,49,113,115,3,0,0;                                              117P    405
144,49,1,5,87,93,99,105,111,117,0,0;                                 119P    406
128,1,1,1,1,0,0,1,0,0,0.0,0.0,1.0,1.0,0.0,0.0,1.0,1.0,1.0,1.0,       121P    407
1.0,1.0,3.3,-3.3,0.9,3.3,-1.1,0.9,1.1,-3.3,0.9,1.1,-1.1,0.9,0.0,     121P    408
1.0,0.0,1.0,0,0;                                                     121P    409
126,1,1,1,0,1,0,0.0,0.0,1.0,1.0,1.0,1.0,0.681818181818182,0.0,       123P    410
0.0,0.0,0.681818181818182,0.0,0.0,1.0,0.0,0.0,1.0,0,0;               123P    411
126,1,1,1,0,1,0,0.0,0.0,1.0,1.0,1.0,1.0,0.0,0.681818181818182,       125P    412
0.0,0.0,1.0,0.0,0.0,1.0,0.0,0.0,1.0,0,0;                             125P    413
126,1,1,1,0,1,0,0.0,0.0,1.0,1.0,1.0,1.0,0.0,1.0,0.0,                 127P    414
0.158320714259505,1.0,0.0,0.0,1.0,0.0,0.0,1.0,0,0;                   127P    415
126,8,2,1,0,1,0,0.0,0.0,0.0,0.25,0.25,0.5,0.5,0.75,0.75,1.0,1.0,     129P    416
1.0,1.0,1.0,1.0,1.0,1.0,1.0,1.0,1.0,1.0,0.158320714259506,1.0,       129P    417
0.0,0.212111071838887,0.855661182926339,0.0,0.295371404473841,       129P    418
0.726066377118942,0.0,0.378631737108797,0.596471571311544,0.0,       129P    419
0.487551654210171,0.48755165421017,0.0,0.596471571311544,            129P    420
0.378631737108796,0.0,0.726066377118944,0.295371404473841,0.0,       129P    421
0.855661182926342,0.212111071838886,0.0,1.0,0.158320714259505,       129P    422
0.0,0.0,1.0,0.0,0.0,1.0,0,0;                                         129P    423
126,1,1,1,0,1,0,0.0,0.0,1.0,1.0,1.0,1.0,1.0,0.158320714259505,       131P    424
0.0,1.0,0.0,0.0,0.0,1.0,0.0,0.0,1.0,0,0;                             131P    425
126,1,1,1,0,1,0,0.0,0.0,1.0,1.0,1.0,1.0,1.0,0.0,0.0,                 133P    426
0.681818181818182,0.0,0.0,0.0,1.0,0.0,0.0,1.0,0,0;                   133P    427
102,6,123,125,127,129,131,133,0,0;                                   135P    428
110,3.3,-1.8,0.9,1.8,-3.3,0.9,0,0;                                   137P    429
110,1.8,-3.3,0.9,1.1,-3.3,0.9,0,0;                                   139P    430
110,1.1,-3.3,0.9,1.1,-2.95169442862909,0.9,0,0;                      141P    431
100,0.9,-1.69701209606427E-016,0.0,-1.1,2.95169442862909,            143P    432
-2.95169442862909,1.1,0,0;                                           143P    433
110,2.95169442862909,-1.1,0.9,3.3,-1.1,0.9,0,0;                      145P    434
110,3.3,-1.1,0.9,3.3,-1.8,0.9,0,0;                                   147P    435
102,6,137,139,141,143,145,147,0,0;                                   149P    436
142,0,121,135,149,3,0,0;                                             151P    437
144,121,1,0,151,0,0;                                                 153P    438
128,1,1,1,1,0,0,1,0,0,0.0,0.0,1.0,1.0,0.0,0.0,1.0,1.0,1.0,1.0,       155P    439
1.0,1.0,3.3,-3.3,0.699999999999998,3.3,3.3,0.699999999999998,        155P    440
-3.3,-3.3,0.700000000000003,-3.3,3.3,0.700000000000003,0.0,1.0,      155P    441
0.0,1.0,0,0;                                                         155P    442
126,1,1,1,0,1,0,0.0,0.0,1.0,1.0,1.0,1.0,0.95737754085223,            157P    443
0.636363636363636,0.0,1.0,0.636363636363636,0.0,0.0,1.0,0.0,0.0,     157P    444
1.0,0,0;                                                             157P    445
126,1,1,1,0,1,0,0.0,0.0,1.0,1.0,1.0,1.0,1.0,0.636363636363636,       159P    446
0.0,1.0,0.363636363636364,0.0,0.0,1.0,0.0,0.0,1.0,0,0;               159P    447
126,1,1,1,0,1,0,0.0,0.0,1.0,1.0,1.0,1.0,1.0,0.363636363636364,       161P    448
0.0,0.95737754085223,0.363636363636364,0.0,0.0,1.0,0.0,0.0,1.0,      161P    449
0,0;                                                                 161P    450
126,16,2,1,0,1,0,0.0,0.0,0.0,0.125,0.125,0.25,0.25,0.375,0.375,      163P    451
0.5,0.5,0.625,0.625,0.75,0.75,0.875,0.875,1.0,1.0,1.0,1.0,1.0,       163P    452
1.0,1.0,1.0,1.0,1.0,1.0,1.0,1.0,1.0,1.0,1.0,1.0,1.0,1.0,1.0,         163P    453
0.95737754085223,0.363636363636364,0.0,0.948918195048102,            163P    454
0.335262855241553,0.0,0.937016891799374,0.308152423835062,0.0,       163P    455
0.925115588550645,0.281041992428572,0.0,0.909954827830671,           163P    456
0.255610361642169,0.0,0.894794067110697,0.230178730855765,0.0,       163P    457
0.876606330889697,0.206815880832288,0.0,0.858418594668696,           163P    458
0.18345303080881,0.0,0.837482781929943,0.162517218070057,0.0,        163P    459
0.816546969191191,0.141581405331304,0.0,0.793184119167713,           163P    460
0.123393669110303,0.0,0.769821269144235,0.105205932889303,0.0,       163P    461
0.744389638357832,0.0900451721693288,0.0,0.718958007571429,          163P    462
0.0748844114493549,0.0,0.691847576164938,0.0629831082006265,0.0,     163P    463
0.664737144758447,0.0510818049518981,0.0,0.636363636363636,          163P    464
0.0426224591477702,0.0,0.0,1.0,0.0,0.0,1.0,0,0;                      163P    465
126,1,1,1,0,1,0,0.0,0.0,1.0,1.0,1.0,1.0,0.636363636363636,           165P    466
0.0426224591477702,0.0,0.636363636363636,0.0,0.0,0.0,1.0,0.0,        165P    467
0.0,1.0,0,0;                                                         165P    468
126,1,1,1,0,1,0,0.0,0.0,1.0,1.0,1.0,1.0,0.636363636363636,0.0,       167P    469
0.0,0.363636363636364,0.0,0.0,0.0,1.0,0.0,0.0,1.0,0,0;               167P    470
126,1,1,1,0,1,0,0.0,0.0,1.0,1.0,1.0,1.0,0.363636363636364,0.0,       169P    471
0.0,0.363636363636364,0.0426224591477703,0.0,0.0,1.0,0.0,0.0,        169P    472
1.0,0,0;                                                             169P    473
126,16,2,1,0,1,0,0.0,0.0,0.0,0.125,0.125,0.25,0.25,0.375,0.375,      171P    474
0.5,0.5,0.625,0.625,0.75,0.75,0.875,0.875,1.0,1.0,1.0,1.0,1.0,       171P    475
1.0,1.0,1.0,1.0,1.0,1.0,1.0,1.0,1.0,1.0,1.0,1.0,1.0,1.0,1.0,         171P    476
0.363636363636364,0.0426224591477703,0.0,0.335262855241553,          171P    477
0.051081804951898,0.0,0.308152423835062,0.0629831082006265,0.0,      171P    478
0.281041992428571,0.074884411449355,0.0,0.255610361642168,           171P    479
0.0900451721693288,0.0,0.230178730855765,0.105205932889303,0.0,      171P    480
0.206815880832287,0.123393669110304,0.0,0.18345303080881,            171P    481
0.141581405331304,0.0,0.162517218070057,0.162517218070057,0.0,       171P    482
0.141581405331304,0.18345303080881,0.0,0.123393669110303,            171P    483
0.206815880832287,0.0,0.105205932889303,0.230178730855765,0.0,       171P    484
0.0900451721693286,0.255610361642168,0.0,0.0748844114493546,         171P    485
0.281041992428572,0.0,0.0629831082006263,0.308152423835062,0.0,      171P    486
0.051081804951898,0.335262855241553,0.0,0.0426224591477702,          171P    487
0.363636363636364,0.0,0.0,1.0,0.0,0.0,1.0,0,0;                       171P    488
126,1,1,1,0,1,0,0.0,0.0,1.0,1.0,1.0,1.0,0.0426224591477701,          173P    489
0.363636363636364,0.0,0.0,0.363636363636364,0.0,0.0,1.0,0.0,0.0,     173P    490
1.0,0,0;                                                             173P    491
126,1,1,1,0,1,0,0.0,0.0,1.0,1.0,1.0,1.0,0.0,0.363636363636364,       175P    492
0.0,0.0,0.636363636363636,0.0,0.0,1.0,0.0,0.0,1.0,0,0;               175P    493
126,1,1,1,0,1,0,0.0,0.0,1.0,1.0,1.0,1.0,0.0,0.636363636363636,       177P    494
0.0,0.0426224591477702,0.636363636363636,0.0,0.0,1.0,0.0,0.0,        177P    495
1.0,0,0;                                                             177P    496
126,16,2,1,0,1,0,0.0,0.0,0.0,0.125,0.125,0.25,0.25,0.375,0.375,      179P    497
0.5,0.5,0.625,0.625,0.75,0.75,0.875,0.875,1.0,1.0,1.0,1.0,1.0,       179P    498
1.0,1.0,1.0,1.0,1.0,1.0,1.0,1.0,1.0,1.0,1.0,1.0,1.0,1.0,1.0,         179P    499
0.0426224591477702,0.636363636363636,0.0,0.0510818049518977,         179P    500
0.664737144758446,0.0,0.0629831082006264,0.691847576164938,0.0,      179P    501
0.0748844114493547,0.718958007571428,0.0,0.0900451721693288,         179P    502
0.744389638357832,0.0,0.105205932889303,0.769821269144235,0.0,       179P    503
0.123393669110304,0.793184119167713,0.0,0.141581405331304,           179P    504
0.81654696919119,0.0,0.162517218070057,0.837482781929943,0.0,        179P    505
0.183453030808809,0.858418594668696,0.0,0.206815880832287,           179P    506
0.876606330889696,0.0,0.230178730855765,0.894794067110697,0.0,       179P    507
0.255610361642168,0.909954827830671,0.0,0.281041992428572,           179P    508
0.925115588550646,0.0,0.308152423835062,0.937016891799374,0.0,       179P    509
0.335262855241552,0.948918195048102,0.0,0.363636363636364,           179P    510
0.95737754085223,0.0,0.0,1.0,0.0,0.0,1.0,0,0;                        179P    511
126,1,1,1,0,1,0,0.0,0.0,1.0,1.0,1.0,1.0,0.363636363636364,           181P    512
0.95737754085223,0.0,0.363636363636364,1.0,0.0,0.0,1.0,0.0,0.0,      181P    513
1.0,0,0;                                                             181P    514
126,1,1,1,0,1,0,0.0,0.0,1.0,1.0,1.0,1.0,0.363636363636364,1.0,       183P    515
0.0,0.636363636363636,1.0,0.0,0.0,1.0,0.0,0.0,1.0,0,0;               183P    516
126,1,1,1,0,1,0,0.0,0.0,1.0,1.0,1.0,1.0,0.636363636363636,1.0,       185P    517
0.0,0.636363636363636,0.95737754085223,0.0,0.0,1.0,0.0,0.0,1.0,      185P    518
0,0;                                                                 185P    519
126,16,2,1,0,1,0,0.0,0.0,0.0,0.125,0.125,0.25,0.25,0.375,0.375,      187P    520
0.5,0.5,0.625,0.625,0.75,0.75,0.875,0.875,1.0,1.0,1.0,1.0,1.0,       187P    521
1.0,1.0,1.0,1.0,1.0,1.0,1.0,1.0,1.0,1.0,1.0,1.0,1.0,1.0,1.0,         187P    522
0.636363636363636,0.95737754085223,0.0,0.664737144758447,            187P    523
0.948918195048102,0.0,0.691847576164938,0.937016891799374,0.0,       187P    524
0.718958007571429,0.925115588550645,0.0,0.744389638357831,           187P    525
0.909954827830671,0.0,0.769821269144235,0.894794067110697,0.0,       187P    526
0.793184119167713,0.876606330889697,0.0,0.816546969191191,           187P    527
0.858418594668696,0.0,0.837482781929943,0.837482781929943,0.0,       187P    528
0.858418594668696,0.816546969191191,0.0,0.876606330889697,           187P    529
0.793184119167713,0.0,0.894794067110697,0.769821269144235,0.0,       187P    530
0.909954827830671,0.744389638357832,0.0,0.925115588550645,           187P    531
0.718958007571428,0.0,0.937016891799374,0.691847576164938,0.0,       187P    532
0.948918195048102,0.664737144758448,0.0,0.95737754085223,            187P    533
0.636363636363637,0.0,0.0,1.0,0.0,0.0,1.0,0,0;                       187P    534
102,16,157,159,161,163,165,167,169,171,173,175,177,179,181,183,      189P    535
185,187,0,0;                                                         189P    536
110,-0.9,3.01869176962472,0.700000000000002,-0.9,3.3,                191P    537
0.700000000000002,0,0;                                               191P    538
110,-0.9,3.3,0.700000000000002,0.899999999999999,3.3,0.7,0,0;        193P    539
110,0.899999999999999,3.3,0.7,0.899999999999999,                     195P    540
3.01869176962472,0.7,0,0;                                            195P    541
100,-0.7,0.0,0.0,0.899999999999998,-3.01869176962472,                197P    542
3.01869176962472,-0.899999999999999,0,0;                             197P    543
110,3.01869176962472,0.9,0.699999999999998,3.3,0.9,                  199P    544
0.699999999999998,0,0;                                               199P    545
110,3.3,0.9,0.7,3.3,-0.9,0.699999999999999,0,0;                      201P    546
110,3.3,-0.9,0.699999999999998,3.01869176962472,-0.9,                203P    547
0.699999999999998,0,0;                                               203P    548
100,-0.7,0.0,0.0,3.01869176962472,0.900000000000001,                 205P    549
0.899999999999998,3.01869176962472,0,0;                              205P    550
110,0.899999999999999,-3.01869176962472,0.7,0.899999999999999,       207P    551
-3.3,0.7,0,0;                                                        207P    552
110,0.899999999999999,-3.3,0.7,-0.9,-3.3,0.700000000000002,0,0;      209P    553
110,-0.9,-3.3,0.700000000000002,-0.9,-3.01869176962472,              211P    554
0.700000000000002,0,0;                                               211P    555
100,-0.7,0.0,0.0,-0.9,3.01869176962472,-3.01869176962472,0.9,0,      213P    556
0;                                                                   213P    557
110,-3.01869176962472,-0.9,0.700000000000003,-3.3,-0.9,              215P    558
0.700000000000003,0,0;                                               215P    559
110,-3.3,-0.9,0.699999999999999,-3.3,0.899999999999999,0.7,0,0;      217P    560
110,-3.3,0.9,0.700000000000003,-3.01869176962472,0.9,                219P    561
0.700000000000003,0,0;                                               219P    562
100,-0.7,0.0,0.0,-3.01869176962472,-0.899999999999998,               221P    563
-0.900000000000001,-3.01869176962472,0,0;                            221P    564
102,16,191,193,195,197,199,201,203,205,207,209,211,213,215,217,      223P    565
219,221,0,0;                                                         223P    566
142,0,155,189,223,3,0,0;                                             225P    567
144,155,1,0,225,0,0;                                                 227P    568
124,0.0,1.0,0.0,0.0,0.0,0.0,-1.0,0.0,-1.0,0.0,0.0,0.0,0,0;           229P    569
124,0.0,-1.0,0.0,0.0,0.0,0.0,1.0,0.0,-1.0,0.0,0.0,0.0,0,0;           231P    570
128,1,1,1,1,0,0,1,0,0,0.0,0.0,1.0,1.0,0.0,0.0,1.0,1.0,1.0,1.0,       233P    571
1.0,1.0,-2.7,-3.3,1.6,-2.7,-3.3,0.0,1.8,-3.3,1.6,1.8,-3.3,0.0,       233P    572
0.0,1.0,0.0,1.0,0,0;                                                 233P    573
126,1,1,1,0,1,0,0.0,0.0,1.0,1.0,1.0,1.0,0.0,0.355555555555556,       235P    574
0.0,0.0,0.0,0.0,0.0,1.0,0.0,0.0,1.0,0,0;                             235P    575
126,1,1,1,0,1,0,0.0,0.0,1.0,1.0,1.0,1.0,0.0,0.0,0.0,1.0,0.0,0.0,     237P    576
0.0,1.0,0.0,0.0,1.0,0,0;                                             237P    577
126,1,1,1,0,1,0,0.0,0.0,1.0,1.0,1.0,1.0,1.0,0.0,0.0,1.0,1.0,0.0,     239P    578
0.0,1.0,0.0,0.0,1.0,0,0;                                             239P    579
126,1,1,1,0,1,0,0.0,0.0,1.0,1.0,1.0,1.0,1.0,1.0,0.0,0.4375,1.0,      241P    580
0.0,0.0,1.0,0.0,0.0,1.0,0,0;                                         241P    581
126,1,1,1,0,1,0,0.0,0.0,1.0,1.0,1.0,1.0,0.4375,1.0,0.0,0.4375,       243P    582
0.844444444444444,0.0,0.0,1.0,0.0,0.0,1.0,0,0;                       243P    583
126,8,2,1,0,1,0,0.0,0.0,0.0,0.25,0.25,0.5,0.5,0.75,0.75,1.0,1.0,     245P    584
1.0,1.0,1.0,1.0,1.0,1.0,1.0,1.0,1.0,1.0,0.4375,                      245P    585
0.844444444444444,0.0,0.4375,0.840024169613785,0.0,                  245P    586
0.442257529218045,0.835940368169665,0.0,0.447015058436089,           245P    587
0.831856566725544,0.0,0.455805826175841,0.828730960418077,0.0,       245P    588
0.464596593915592,0.825605354110609,0.0,0.476082285477182,           245P    589
0.823913788166416,0.0,0.487567977038772,0.822222222222222,0.0,       245P    590
0.5,0.822222222222222,0.0,0.0,1.0,0.0,0.0,1.0,0,0;                   245P    591
126,8,2,1,0,1,0,0.0,0.0,0.0,0.25,0.25,0.5,0.5,0.75,0.75,1.0,1.0,     247P    592
1.0,1.0,1.0,1.0,1.0,1.0,1.0,1.0,1.0,1.0,0.5,0.822222222222222,       247P    593
0.0,0.512432022961228,0.822222222222222,0.0,0.523917714522818,       247P    594
0.820530656278028,0.0,0.535403406084407,0.818839090333835,0.0,       247P    595
0.544194173824159,0.815713484026367,0.0,0.552984941563911,           247P    596
0.8125878777189,0.0,0.557742470781955,0.808504076274779,0.0,         247P    597
0.5625,0.804420274830659,0.0,0.5625,0.8,0.0,0.0,1.0,0.0,0.0,1.0,     247P    598
0,0;                                                                 247P    599
126,1,1,1,0,1,0,0.0,0.0,1.0,1.0,1.0,1.0,0.5625,0.8,0.0,              249P    600
0.562499999999999,0.4,0.0,0.0,1.0,0.0,0.0,1.0,0,0;                   249P    601
126,8,2,1,0,1,0,0.0,0.0,0.0,0.25,0.25,0.5,0.5,0.75,0.75,1.0,1.0,     251P    602
1.0,1.0,1.0,1.0,1.0,1.0,1.0,1.0,1.0,1.0,0.562499999999999,0.4,       251P    603
0.0,0.562499999999999,0.395579725169341,0.0,0.557742470781955,       251P    604
0.39149592372522,0.0,0.55298494156391,0.3874121222811,0.0,           251P    605
0.544194173824158,0.384286515973632,0.0,0.535403406084407,           251P    606
0.381160909666165,0.0,0.523917714522817,0.379469343721971,0.0,       251P    607
0.512432022961228,0.377777777777778,0.0,0.499999999999999,           251P    608
0.377777777777778,0.0,0.0,1.0,0.0,0.0,1.0,0,0;                       251P    609
126,1,1,1,0,1,0,0.0,0.0,1.0,1.0,1.0,1.0,0.499999999999999,           253P    610
0.377777777777778,0.0,0.0625,0.377777777777778,0.0,0.0,1.0,0.0,      253P    611
0.0,1.0,0,0;                                                         253P    612
126,8,2,1,0,1,0,0.0,0.0,0.0,0.25,0.25,0.5,0.5,0.75,0.75,1.0,1.0,     255P    613
1.0,1.0,1.0,1.0,1.0,1.0,1.0,1.0,1.0,1.0,0.0625,                      255P    614
0.377777777777778,0.0,0.0500679770387716,0.377777777777778,0.0,      255P    615
0.0385822854771818,0.376086211833584,0.0,0.0270965939155922,         255P    616
0.37439464588939,0.0,0.0183058261758407,0.371269039581923,0.0,       255P    617
0.0095150584360894,0.368143433274456,0.0,0.00475752921804468,        255P    618
0.364059631830335,0.0,0.0,0.359975830386215,0.0,0.0,                 255P    619
0.355555555555556,0.0,0.0,1.0,0.0,0.0,1.0,0,0;                       255P    620
102,11,235,237,239,241,243,245,247,249,251,253,255,0,0;              257P    621
110,-1.1,-3.3,1.6,-2.7,-3.3,1.6,0,0;                                 259P    622
110,-2.7,-3.3,1.6,-2.7,-3.3,0.0,0,0;                                 261P    623
110,-2.7,-3.3,-6.67989163171283E-017,1.8,-3.3,                       263P    624
-1.66997290792821E-017,0,0;                                          263P    625
110,1.8,-3.3,0.0,1.8,-3.3,0.9,0,0;                                   265P    626
110,1.8,-3.3,0.9,1.1,-3.3,0.9,0,0;                                   267P    627
100,3.3,-0.8,1.1,-0.9,1.1,-0.800000000000001,0.999999999999999,      269P    628
0,0;                                                                 269P    629
100,-3.3,-0.8,-0.899999999999999,-0.800000000000001,                 271P    630
-0.999999999999999,-0.7,-0.899999999999999,0,0;                      271P    631
110,0.899999999999999,-3.3,0.7,-0.9,-3.3,0.700000000000002,0,0;      273P    632
100,-3.3,-0.800000000000001,0.9,-0.700000000000002,0.9,              275P    633
-0.800000000000001,1.0,0,0;                                          275P    634
110,-1.0,-3.3,0.800000000000001,-1.0,-3.3,1.5,0,0;                   277P    635
100,3.3,-1.5,-1.1,-1.5,-1.0,-1.6,-1.1,0,0;                           279P    636
102,11,259,261,263,265,267,269,271,273,275,277,279,0,0;              281P    637
142,0,233,257,281,3,0,0;                                             283P    638
144,233,1,0,283,0,0;                                                 285P    639
124,0.0,0.0,1.0,0.0,0.0,1.0,0.0,0.0,-1.0,0.0,0.0,0.0,0,0;            287P    640
124,0.0,0.0,-1.0,0.0,0.0,-1.0,0.0,0.0,-1.0,0.0,0.0,0.0,0,0;          289P    641
128,1,1,1,1,0,0,1,0,0,0.0,0.0,1.0,1.0,0.0,0.0,1.0,1.0,1.0,1.0,       291P    642
1.0,1.0,-3.3,-2.7,1.6,-3.3,2.7,1.6,-3.3,-2.7,0.0,-3.3,2.7,0.0,       291P    643
0.0,1.0,0.0,1.0,0,0;                                                 291P    644
126,1,1,1,0,1,0,0.0,0.0,1.0,1.0,1.0,1.0,1.0,1.0,0.0,1.0,0.0,0.0,     293P    645
0.0,1.0,0.0,0.0,1.0,0,0;                                             293P    646
126,1,1,1,0,1,0,0.0,0.0,1.0,1.0,1.0,1.0,1.0,0.0,0.0,                 295P    647
0.703703703703704,0.0,0.0,0.0,1.0,0.0,0.0,1.0,0,0;                   295P    648
126,8,2,1,0,1,0,0.0,0.0,0.0,0.25,0.25,0.5,0.5,0.75,0.75,1.0,1.0,     297P    649
1.0,1.0,1.0,1.0,1.0,1.0,1.0,1.0,1.0,1.0,0.703703703703704,0.0,       297P    650
0.0,0.700020141344821,0.0,0.0,0.696616973474721,                     297P    651
0.00475752921804457,0.0,0.69321380560462,0.0095150584360893,0.0,     297P    652
0.69060913368173,0.0183058261758408,0.0,0.688004461758841,           297P    653
0.0270965939155926,0.0,0.686594823472013,0.0385822854771819,0.0,     297P    654
0.685185185185185,0.0500679770387707,0.0,0.685185185185185,          297P    655
0.0625,0.0,0.0,1.0,0.0,0.0,1.0,0,0;                                  297P    656
126,1,1,1,0,1,0,0.0,0.0,1.0,1.0,1.0,1.0,0.685185185185185,           299P    657
0.0625,0.0,0.685185185185185,0.499999999999998,0.0,0.0,1.0,0.0,      299P    658
0.0,1.0,0,0;                                                         299P    659
126,8,2,1,0,1,0,0.0,0.0,0.0,0.25,0.25,0.5,0.5,0.75,0.75,1.0,1.0,     301P    660
1.0,1.0,1.0,1.0,1.0,1.0,1.0,1.0,1.0,1.0,0.685185185185185,           301P    661
0.499999999999998,0.0,0.685185185185185,0.512432022961226,0.0,       301P    662
0.683775546898357,0.523917714522816,0.0,0.682365908611529,           301P    663
0.535403406084405,0.0,0.67976123668864,0.544194173824157,0.0,        301P    664
0.67715656476575,0.552984941563909,0.0,0.67375339689565,             301P    665
0.557742470781953,0.0,0.670350229025549,0.562499999999998,0.0,       301P    666
0.666666666666667,0.562499999999998,0.0,0.0,1.0,0.0,0.0,1.0,0,0;     301P    667
126,1,1,1,0,1,0,0.0,0.0,1.0,1.0,1.0,1.0,0.666666666666667,           303P    668
0.5625,0.0,0.333333333333333,0.562500000000001,0.0,0.0,1.0,0.0,      303P    669
0.0,1.0,0,0;                                                         303P    670
126,8,2,1,0,1,0,0.0,0.0,0.0,0.25,0.25,0.5,0.5,0.75,0.75,1.0,1.0,     305P    671
1.0,1.0,1.0,1.0,1.0,1.0,1.0,1.0,1.0,1.0,0.333333333333333,           305P    672
0.562499999999998,0.0,0.329649770974451,0.562499999999998,0.0,       305P    673
0.32624660310435,0.557742470781953,0.0,0.32284343523425,             305P    674
0.552984941563909,0.0,0.32023876331136,0.544194173824157,0.0,        305P    675
0.317634091388471,0.535403406084405,0.0,0.316224453101643,           305P    676
0.523917714522816,0.0,0.314814814814815,0.512432022961226,0.0,       305P    677
0.314814814814815,0.499999999999998,0.0,0.0,1.0,0.0,0.0,1.0,0,0;     305P    678
126,1,1,1,0,1,0,0.0,0.0,1.0,1.0,1.0,1.0,0.314814814814815,           307P    679
0.499999999999998,0.0,0.314814814814815,0.0625,0.0,0.0,1.0,0.0,      307P    680
0.0,1.0,0,0;                                                         307P    681
126,8,2,1,0,1,0,0.0,0.0,0.0,0.25,0.25,0.5,0.5,0.75,0.75,1.0,1.0,     309P    682
1.0,1.0,1.0,1.0,1.0,1.0,1.0,1.0,1.0,1.0,0.314814814814815,           309P    683
0.0625,0.0,0.314814814814815,0.0500679770387716,0.0,                 309P    684
0.313405176527987,0.0385822854771819,0.0,0.311995538241159,          309P    685
0.0270965939155919,0.0,0.309390866318269,0.0183058261758408,0.0,     309P    686
0.30678619439538,0.00951505843608931,0.0,0.303383026525279,          309P    687
0.00475752921804457,0.0,0.299979858655179,0.0,0.0,                   309P    688
0.296296296296296,0.0,0.0,0.0,1.0,0.0,0.0,1.0,0,0;                   309P    689
126,1,1,1,0,1,0,0.0,0.0,1.0,1.0,1.0,1.0,0.296296296296296,0.0,       311P    690
0.0,0.0,0.0,0.0,0.0,1.0,0.0,0.0,1.0,0,0;                             311P    691
126,1,1,1,0,1,0,0.0,0.0,1.0,1.0,1.0,1.0,0.0,0.0,0.0,0.0,1.0,0.0,     313P    692
0.0,1.0,0.0,0.0,1.0,0,0;                                             313P    693
126,1,1,1,0,1,0,0.0,0.0,1.0,1.0,1.0,1.0,0.0,1.0,0.0,1.0,1.0,0.0,     315P    694
0.0,1.0,0.0,0.0,1.0,0,0;                                             315P    695
102,12,293,295,297,299,301,303,305,307,309,311,313,315,0,0;          317P    696
110,-3.3,2.7,0.0,-3.3,2.7,1.6,0,0;                                   319P    697
110,-3.3,2.7,1.6,-3.3,1.1,1.6,0,0;                                   321P    698
100,-3.3,-1.5,1.1,-1.6,1.1,-1.5,0.999999999999999,0,0;               323P    699
110,-3.3,0.999999999999999,1.5,-3.3,1.0,0.800000000000004,0,0;       325P    700
100,3.3,-0.800000000000003,-0.9,-0.800000000000004,-1.0,             327P    701
-0.700000000000004,-0.899999999999999,0,0;                           327P    702
110,-3.3,0.899999999999999,0.7,-3.3,-0.9,0.699999999999999,0,0;      329P    703
100,3.3,-0.800000000000003,0.9,-0.700000000000004,0.9,               331P    704
-0.800000000000004,1.0,0,0;                                          331P    705
110,-3.3,-1.0,0.800000000000003,-3.3,-1.0,1.5,0,0;                   333P    706
100,-3.3,-1.5,-1.1,-1.5,-1.0,-1.6,-1.1,0,0;                          335P    707
110,-3.3,-1.1,1.6,-3.3,-2.7,1.6,0,0;                                 337P    708
110,-3.3,-2.7,1.6,-3.3,-2.7,0.0,0,0;                                 339P    709
110,-3.3,-2.7,0.0,-3.3,2.7,0.0,0,0;                                  341P    710
102,12,319,321,323,325,327,329,331,333,335,337,339,341,0,0;          343P    711
142,0,291,317,343,3,0,0;                                             345P    712
144,291,1,0,345,0,0;                                                 347P    713
124,0.0,0.0,1.0,0.0,0.0,-1.0,0.0,0.0,1.0,0.0,0.0,0.0,0,0;            349P    714
124,0.0,0.0,-1.0,0.0,0.0,1.0,0.0,0.0,1.0,0.0,0.0,0.0,0,0;            351P    715
128,1,1,1,1,0,0,1,0,0,0.0,0.0,1.0,1.0,0.0,0.0,1.0,1.0,1.0,1.0,       353P    716
1.0,1.0,3.3,-1.8,0.0,3.3,1.8,0.0,3.3,-1.8,0.9,3.3,1.8,0.9,0.0,       353P    717
1.0,0.0,1.0,0,0;                                                     353P    718
126,8,2,1,0,1,0,0.0,0.0,0.0,0.25,0.25,0.5,0.5,0.75,0.75,1.0,1.0,     355P    719
1.0,1.0,1.0,1.0,1.0,1.0,1.0,1.0,1.0,1.0,0.75,0.777777777777776,      355P    720
0.0,0.755525343538324,0.777777777777776,0.0,0.760630095343475,       355P    721
0.786235607498744,0.0,0.765734847148626,0.794693437219712,0.0,       355P    722
0.76964185503296,0.810321468757049,0.0,0.773548862917294,            355P    723
0.825949500294385,0.0,0.775663320347536,0.846368507514989,0.0,       355P    724
0.777777777777778,0.866787514735593,0.0,0.777777777777778,           355P    725
0.888888888888889,0.0,0.0,1.0,0.0,0.0,1.0,0,0;                       355P    726
126,8,2,1,0,1,0,0.0,0.0,0.0,0.25,0.25,0.5,0.5,0.75,0.75,1.0,1.0,     357P    727
1.0,1.0,1.0,1.0,1.0,1.0,1.0,1.0,1.0,1.0,0.777777777777778,           357P    728
0.888888888888889,0.0,0.777777777777778,0.910990263042183,0.0,       357P    729
0.77989223520802,0.931409270262788,0.0,0.782006692638262,            357P    730
0.951828277483391,0.0,0.785913700522596,0.967456309020727,0.0,       357P    731
0.78982070840693,0.983084340558064,0.0,0.794925460212081,            357P    732
0.991542170279032,0.0,0.800030212017232,1.0,0.0,                     357P    733
0.805555555555555,1.0,0.0,0.0,1.0,0.0,0.0,1.0,0,0;                   357P    734
126,1,1,1,0,1,0,0.0,0.0,1.0,1.0,1.0,1.0,0.805555555555556,1.0,       359P    735
0.0,1.0,1.0,0.0,0.0,1.0,0.0,0.0,1.0,0,0;                             359P    736
126,1,1,1,0,1,0,0.0,0.0,1.0,1.0,1.0,1.0,1.0,1.0,0.0,1.0,0.0,0.0,     361P    737
0.0,1.0,0.0,0.0,1.0,0,0;                                             361P    738
126,1,1,1,0,1,0,0.0,0.0,1.0,1.0,1.0,1.0,1.0,0.0,0.0,0.0,0.0,0.0,     363P    739
0.0,1.0,0.0,0.0,1.0,0,0;                                             363P    740
126,1,1,1,0,1,0,0.0,0.0,1.0,1.0,1.0,1.0,0.0,0.0,0.0,0.0,1.0,0.0,     365P    741
0.0,1.0,0.0,0.0,1.0,0,0;                                             365P    742
126,1,1,1,0,1,0,0.0,0.0,1.0,1.0,1.0,1.0,0.0,1.0,0.0,                 367P    743
0.194444444444444,1.0,0.0,0.0,1.0,0.0,0.0,1.0,0,0;                   367P    744
126,8,2,1,0,1,0,0.0,0.0,0.0,0.25,0.25,0.5,0.5,0.75,0.75,1.0,1.0,     369P    745
1.0,1.0,1.0,1.0,1.0,1.0,1.0,1.0,1.0,1.0,0.194444444444444,1.0,       369P    746
0.0,0.199969787982768,1.0,0.0,0.205074539787919,                     369P    747
0.991542170279032,0.0,0.21017929159307,0.983084340558063,0.0,        369P    748
0.214086299477404,0.967456309020727,0.0,0.217993307361738,           369P    749
0.951828277483392,0.0,0.22010776479198,0.931409270262788,0.0,        369P    750
0.222222222222222,0.910990263042184,0.0,0.222222222222222,           369P    751
0.888888888888889,0.0,0.0,1.0,0.0,0.0,1.0,0,0;                       369P    752
126,8,2,1,0,1,0,0.0,0.0,0.0,0.25,0.25,0.5,0.5,0.75,0.75,1.0,1.0,     371P    753
1.0,1.0,1.0,1.0,1.0,1.0,1.0,1.0,1.0,1.0,0.222222222222222,           371P    754
0.888888888888889,0.0,0.222222222222222,0.866787514735593,0.0,       371P    755
0.224336679652464,0.846368507514989,0.0,0.226451137082706,           371P    756
0.825949500294385,0.0,0.23035814496704,0.810321468757049,0.0,        371P    757
0.234265152851374,0.794693437219712,0.0,0.239369904656525,           371P    758
0.786235607498744,0.0,0.244474656461676,0.777777777777775,0.0,       371P    759
0.25,0.777777777777775,0.0,0.0,1.0,0.0,0.0,1.0,0,0;                  371P    760
126,1,1,1,0,1,0,0.0,0.0,1.0,1.0,1.0,1.0,0.25,0.777777777777777,      373P    761
0.0,0.75,0.777777777777777,0.0,0.0,1.0,0.0,0.0,1.0,0,0;              373P    762
102,10,355,357,359,361,363,365,367,369,371,373,0,0;                  375P    763
100,3.3,0.799999999999998,-0.9,0.699999999999998,-0.9,0.8,-1.0,      377P    764
0,0;                                                                 377P    765
100,-3.3,0.8,1.1,0.8,1.0,0.9,1.1,0,0;                                379P    766
110,3.3,1.1,0.9,3.3,1.8,0.9,0,0;                                     381P    767
110,3.3,1.8,0.9,3.3,1.8,0.0,0,0;                                     383P    768
110,3.3,1.8,0.0,3.3,-1.8,0.0,0,0;                                    385P    769
110,3.3,-1.8,0.0,3.3,-1.8,0.9,0,0;                                   387P    770
110,3.3,-1.8,0.9,3.3,-1.1,0.9,0,0;                                   389P    771
100,-3.3,0.8,-1.1,0.9,-1.1,0.8,-1.0,0,0;                             391P    772
100,3.3,0.799999999999998,0.9,0.8,1.0,0.699999999999998,0.9,0,0;     393P    773
110,3.3,-0.9,0.699999999999999,3.3,0.9,0.7,0,0;                      395P    774
102,10,377,379,381,383,385,387,389,391,393,395,0,0;                  397P    775
142,0,353,375,397,3,0,0;                                             399P    776
144,353,1,0,399,0,0;                                                 401P    777
128,1,1,1,1,0,0,1,0,0,0.0,0.0,1.0,1.0,0.0,0.0,1.0,1.0,1.0,1.0,       403P    778
1.0,1.0,-2.7,3.3,1.6,1.8,3.3,1.6,-2.7,3.3,0.0,1.8,3.3,0.0,0.0,       403P    779
1.0,0.0,1.0,0,0;                                                     403P    780
126,1,1,1,0,1,0,0.0,0.0,1.0,1.0,1.0,1.0,1.0,1.0,0.0,1.0,0.4375,      405P    781
0.0,0.0,1.0,0.0,0.0,1.0,0,0;                                         405P    782
126,1,1,1,0,1,0,0.0,0.0,1.0,1.0,1.0,1.0,1.0,0.4375,0.0,              407P    783
0.844444444444444,0.4375,0.0,0.0,1.0,0.0,0.0,1.0,0,0;                407P    784
126,8,2,1,0,1,0,0.0,0.0,0.0,0.25,0.25,0.5,0.5,0.75,0.75,1.0,1.0,     409P    785
1.0,1.0,1.0,1.0,1.0,1.0,1.0,1.0,1.0,1.0,0.844444444444444,           409P    786
0.4375,0.0,0.840024169613785,0.4375,0.0,0.835940368169665,           409P    787
0.442257529218045,0.0,0.831856566725544,0.447015058436089,0.0,       409P    788
0.828730960418077,0.455805826175841,0.0,0.825605354110609,           409P    789
0.464596593915592,0.0,0.823913788166416,0.476082285477182,0.0,       409P    790
0.822222222222222,0.487567977038772,0.0,0.822222222222222,0.5,       409P    791
0.0,0.0,1.0,0.0,0.0,1.0,0,0;                                         409P    792
126,8,2,1,0,1,0,0.0,0.0,0.0,0.25,0.25,0.5,0.5,0.75,0.75,1.0,1.0,     411P    793
1.0,1.0,1.0,1.0,1.0,1.0,1.0,1.0,1.0,1.0,0.822222222222222,0.5,       411P    794
0.0,0.822222222222222,0.512432022961228,0.0,0.820530656278028,       411P    795
0.523917714522818,0.0,0.818839090333835,0.535403406084407,0.0,       411P    796
0.815713484026367,0.544194173824159,0.0,0.8125878777189,             411P    797
0.552984941563911,0.0,0.808504076274779,0.557742470781955,0.0,       411P    798
0.804420274830659,0.5625,0.0,0.8,0.5625,0.0,0.0,1.0,0.0,0.0,1.0,     411P    799
0,0;                                                                 411P    800
126,1,1,1,0,1,0,0.0,0.0,1.0,1.0,1.0,1.0,0.8,0.5625,0.0,0.4,          413P    801
0.562499999999999,0.0,0.0,1.0,0.0,0.0,1.0,0,0;                       413P    802
126,8,2,1,0,1,0,0.0,0.0,0.0,0.25,0.25,0.5,0.5,0.75,0.75,1.0,1.0,     415P    803
1.0,1.0,1.0,1.0,1.0,1.0,1.0,1.0,1.0,1.0,0.4,0.562499999999999,       415P    804
0.0,0.395579725169341,0.562499999999999,0.0,0.39149592372522,        415P    805
0.557742470781955,0.0,0.3874121222811,0.55298494156391,0.0,          415P    806
0.384286515973632,0.544194173824158,0.0,0.381160909666165,           415P    807
0.535403406084407,0.0,0.379469343721971,0.523917714522817,0.0,       415P    808
0.377777777777778,0.512432022961228,0.0,0.377777777777778,           415P    809
0.499999999999999,0.0,0.0,1.0,0.0,0.0,1.0,0,0;                       415P    810
126,1,1,1,0,1,0,0.0,0.0,1.0,1.0,1.0,1.0,0.377777777777778,           417P    811
0.499999999999999,0.0,0.377777777777778,0.0625,0.0,0.0,1.0,0.0,      417P    812
0.0,1.0,0,0;                                                         417P    813
126,8,2,1,0,1,0,0.0,0.0,0.0,0.25,0.25,0.5,0.5,0.75,0.75,1.0,1.0,     419P    814
1.0,1.0,1.0,1.0,1.0,1.0,1.0,1.0,1.0,1.0,0.377777777777778,           419P    815
0.0625,0.0,0.377777777777778,0.0500679770387716,0.0,                 419P    816
0.376086211833584,0.0385822854771818,0.0,0.37439464588939,           419P    817
0.0270965939155922,0.0,0.371269039581923,0.0183058261758407,0.0,     419P    818
0.368143433274456,0.0095150584360894,0.0,0.364059631830335,          419P    819
0.00475752921804468,0.0,0.359975830386215,0.0,0.0,                   419P    820
0.355555555555556,0.0,0.0,0.0,1.0,0.0,0.0,1.0,0,0;                   419P    821
126,1,1,1,0,1,0,0.0,0.0,1.0,1.0,1.0,1.0,0.355555555555556,0.0,       421P    822
0.0,0.0,0.0,0.0,0.0,1.0,0.0,0.0,1.0,0,0;                             421P    823
126,1,1,1,0,1,0,0.0,0.0,1.0,1.0,1.0,1.0,0.0,0.0,0.0,0.0,1.0,0.0,     423P    824
0.0,1.0,0.0,0.0,1.0,0,0;                                             423P    825
126,1,1,1,0,1,0,0.0,0.0,1.0,1.0,1.0,1.0,0.0,1.0,0.0,1.0,1.0,0.0,     425P    826
0.0,1.0,0.0,0.0,1.0,0,0;                                             425P    827
102,11,405,407,409,411,413,415,417,419,421,423,425,0,0;              427P    828
110,1.8,3.3,0.0,1.8,3.3,0.9,0,0;                                     429P    829
110,1.8,3.3,0.9,1.1,3.3,0.9,0,0;                                     431P    830
100,-3.3,-0.8,1.1,-0.9,1.1,-0.800000000000001,0.999999999999999,     433P    831
0,0;                                                                 433P    832
100,3.3,-0.8,-0.899999999999999,-0.800000000000001,                  435P    833
-0.999999999999999,-0.7,-0.899999999999999,0,0;                      435P    834
110,0.899999999999999,3.3,0.7,-0.9,3.3,0.700000000000002,0,0;        437P    835
100,3.3,-0.800000000000001,0.9,-0.700000000000002,0.9,               439P    836
-0.800000000000001,1.0,0,0;                                          439P    837
110,-1.0,3.3,0.800000000000001,-1.0,3.3,1.5,0,0;                     441P    838
100,-3.3,-1.5,-1.1,-1.5,-1.0,-1.6,-1.1,0,0;                          443P    839
110,-1.1,3.3,1.6,-2.7,3.3,1.6,0,0;                                   445P    840
110,-2.7,3.3,1.6,-2.7,3.3,0.0,0,0;                                   447P    841
110,-2.7,3.3,-6.67989163171283E-017,1.8,3.3,                         449P    842
-1.66997290792821E-017,0,0;                                          449P    843
102,11,429,431,433,435,437,439,441,443,445,447,449,0,0;              451P    844
142,0,403,427,451,3,0,0;                                             453P    845
144,403,1,0,453,0,0;                                                 455P    846
128,1,1,1,1,0,0,1,0,0,0.0,0.0,1.0,1.0,0.0,0.0,1.0,1.0,1.0,1.0,       457P    847
1.0,1.0,-1.0,2.98705540624877,0.800000000000001,-1.0,3.3,            457P    848
0.800000000000001,-1.0,2.98705540624877,1.5,-1.0,3.3,1.5,0.0,        457P    849
1.0,0.0,1.0,0,0;                                                     457P    850
128,1,3,1,3,0,0,0,0,0,0.0,0.0,1.0,1.0,0.0,0.0,0.0,0.0,1.0,1.0,       459P    851
1.0,1.0,1.0,1.0,0.917878091643861,0.917878091643861,                 459P    852
0.917878091643861,0.917878091643861,1.0,1.0,-0.882029740042314,      459P    853
-3.02399132566231,1.6900000000045,-0.882029740042314,                459P    854
-3.02399132566231,0.609999999994369,-1.93809414347523,               459P    855
-2.71596127169915,1.6900000000045,-1.93809414347523,                 459P    856
-2.71596127169915,0.609999999994369,-2.71596127169915,               459P    857
-1.93809414347523,1.6900000000045,-2.71596127169915,                 459P    858
-1.93809414347523,0.609999999994369,-3.02399132566231,               459P    859
-0.882029740042315,1.6900000000045,-3.02399132566231,                459P    860
-0.882029740042315,0.609999999994369,0.0,1.0,0.0,1.0,0,0;            459P    861
126,8,2,1,0,1,0,0.0,0.0,0.0,0.25,0.25,0.5,0.5,0.75,0.75,1.0,1.0,     461P    862
1.0,1.0,1.0,1.0,1.0,1.0,1.0,1.0,1.0,1.0,0.824074074070509,           461P    863
0.959387643677628,0.0,0.842932285743856,0.959387643677628,0.0,       461P    864
0.860292243036508,0.96213440429796,0.0,0.877338916016056,            461P    865
0.964831595843917,0.0,0.890291058568204,0.969761613713343,0.0,       461P    866
0.903023440490511,0.974607983350228,0.0,0.90987319425071,            461P    867
0.980883581505847,0.0,0.916666666662232,0.98710761589139,0.0,        461P    868
0.916666666662232,0.99381972700779,0.0,0.0,1.0,0.0,0.0,1.0,0,0;      461P    869
126,1,1,1,0,1,0,0.0,0.0,1.0,1.0,1.0,1.0,0.916666666662235,           463P    870
0.99381972700779,0.0,0.916666666662235,0.00618027299221041,0.0,      463P    871
0.0,1.0,0.0,0.0,1.0,0,0;                                             463P    872
126,8,2,1,0,1,0,0.0,0.0,0.0,0.25,0.25,0.5,0.5,0.75,0.75,1.0,1.0,     465P    873
1.0,1.0,1.0,1.0,1.0,1.0,1.0,1.0,1.0,1.0,0.916666666666667,           465P    874
0.0061802729926242,0.0,0.916666666666667,0.0129067298004161,0.0,     465P    875
0.909845194958743,0.0191420413163543,0.0,0.902984683597873,          465P    876
0.0254130378586355,0.0,0.890249068290982,0.0302543588327857,0.0,     465P    877
0.877283451081315,0.0351831128055918,0.0,0.860224616135485,          465P    878
0.0378762841108315,0.0,0.842894042263082,0.0406123563223689,0.0,     465P    879
0.824074074070509,0.0406123563223689,0.0,0.0,1.0,0.0,0.0,1.0,0,      465P    880
0;                                                                   465P    881
126,1,1,1,0,1,0,0.0,0.0,1.0,1.0,1.0,1.0,0.824074074070509,           467P    882
0.040612356322369,0.0,0.175925925928441,0.040612356322369,0.0,       467P    883
0.0,1.0,0.0,0.0,1.0,0,0;                                             467P    884
126,8,2,1,0,1,0,0.0,0.0,0.0,0.25,0.25,0.5,0.5,0.75,0.75,1.0,1.0,     469P    885
1.0,1.0,1.0,1.0,1.0,1.0,1.0,1.0,1.0,1.0,0.175925925928435,           469P    886
0.0406123563223578,0.0,0.156932875105824,0.0406123563223578,0.0,     469P    887
0.139477863672661,0.0433963757907396,0.0,0.122353747722679,          469P    888
0.0461276184694468,0.0,0.109403954102579,0.0511135980749859,0.0,     469P    889
0.0967476263152072,0.0559865863310229,0.0,0.0899810491304731,        469P    890
0.0622879296359647,0.0,0.0833333333367167,0.06847858382737,0.0,      469P    891
0.0833333333367167,0.0751594825126906,0.0,0.0,1.0,0.0,0.0,1.0,0,     469P    892
0;                                                                   469P    893
126,1,1,1,0,1,0,0.0,0.0,1.0,1.0,1.0,1.0,0.0833333333367163,          471P    894
0.0751594825126906,0.0,0.0833333333367167,0.924840517487309,0.0,     471P    895
0.0,1.0,0.0,0.0,1.0,0,0;                                             471P    896
126,8,2,1,0,1,0,0.0,0.0,0.0,0.25,0.25,0.5,0.5,0.75,0.75,1.0,1.0,     473P    897
1.0,1.0,1.0,1.0,1.0,1.0,1.0,1.0,1.0,1.0,0.0833333333333335,          473P    898
0.924840517487627,0.0,0.0833333333333335,0.931535660838205,0.0,      473P    899
0.0900084114264194,0.937737522089327,0.0,0.0967881548789255,         473P    900
0.944036628650223,0.0,0.109454273867174,0.948905761081638,0.0,       473P    901
0.122416373093912,0.953888674773092,0.0,0.139549077472864,           473P    902
0.956614969453901,0.0,0.156973242273795,0.959387643677631,0.0,       473P    903
0.175925925928441,0.959387643677631,0.0,0.0,1.0,0.0,0.0,1.0,0,0;     473P    904
126,1,1,1,0,1,0,0.0,0.0,1.0,1.0,1.0,1.0,0.175925925928441,           475P    905
0.959387643677631,0.0,0.824074074070507,0.959387643677631,0.0,       475P    906
0.0,1.0,0.0,0.0,1.0,0,0;                                             475P    907
102,8,461,463,465,467,469,471,473,475,0,0;                           477P    908
126,15,3,0,0,1,0,0.0,0.0,0.0,0.0,0.106838296200663,                  479P    909
0.106838296200663,0.106838296200663,0.320514206129917,               479P    910
0.320514206129917,0.320514206129917,0.544503262466552,               479P    911
0.544503262466552,0.544503262466552,0.772358087299012,               479P    912
0.772358087299012,0.772358087299012,1.0,1.0,1.0,1.0,1.0,1.0,1.0,     479P    913
1.0,1.0,1.0,1.0,1.0,1.0,1.0,1.0,1.0,1.0,1.0,1.0,1.0,                 479P    914
-2.98705540624878,-1.00000000000001,0.800000000000001,               479P    915
-2.98705540624878,-1.00000000000001,0.794236501279187,               479P    916
-2.9872238689837,-0.999497197504705,0.788449417434997,               479P    917
-2.98755500131908,-0.998506441688454,0.782781377933207,              479P    918
-2.98820946818479,-0.99654826127398,0.771578775073025,               479P    919
-2.98953018835881,-0.992594167518538,0.76059505358781,               479P    920
-2.99135541384022,-0.987062707272852,0.750805640543642,              479P    921
-2.99326785914163,-0.981266921894779,0.7405484327791,                479P    922
-2.99578916647379,-0.973567369090329,0.731281587426777,              479P    923
-2.99863185267661,-0.964731575161329,0.723777803907702,              479P    924
-3.00152488886674,-0.955739280626724,0.716141112505702,              479P    925
-3.00483404081205,-0.945306240343483,0.710092688188195,              479P    926
-3.00823550280313,-0.934354943088963,0.706086540446252,              479P    927
-3.0116352878312,-0.923409044960017,0.702082367784906,               479P    928
-3.01522290375362,-0.911634929838917,0.700000000000003,              479P    929
-3.01869176962472,-0.9,0.700000000000003,0.0,1.0,0.0,0.0,0.0,0,      479P    930
0;                                                                   479P    931
100,0.7,0.0,0.0,-3.01869176962472,-0.899999999999999,                481P    932
-0.900000000000001,-3.01869176962472,0,0;                            481P    933
126,15,3,0,0,1,0,0.0,0.0,0.0,0.0,0.173100685392375,                  483P    934
0.173100685392375,0.173100685392375,0.389702889168382,               483P    935
0.389702889168382,0.389702889168382,0.596179358510745,               483P    936
0.596179358510745,0.596179358510745,0.797936426693419,               483P    937
0.797936426693419,0.797936426693419,1.0,1.0,1.0,1.0,1.0,1.0,1.0,     483P    938
1.0,1.0,1.0,1.0,1.0,1.0,1.0,1.0,1.0,1.0,1.0,1.0,1.0,                 483P    939
-0.900000000001247,-3.0186917696245,0.699999999995213,               483P    940
-0.908892973472406,-3.01604039719735,0.699999999995324,              483P    941
-0.91784564884759,-3.01332705706942,0.70120386157639,                483P    942
-0.926425705516206,-3.01068686717148,0.703554771564528,              483P    943
-0.937110279344256,-3.0073990912308,0.706482312990127,               483P    944
-0.947460045172872,-3.00414927813589,0.711273074872695,              483P    945
-0.956669038951995,-3.00121381276154,0.71760691761891,               483P    946
-0.965452427196076,-2.99841401370875,0.723648033646493,              483P    947
-0.973415877901566,-2.99583182369561,0.731246360324319,              483P    948
-0.979916604654335,-2.99370396798393,0.739888966898559,              483P    949
-0.986267248399051,-2.99162523831585,0.748332040644946,              483P    950
-0.991377748609815,-2.98993028110878,0.757991010978292,              483P    951
-0.994789074196198,-2.98879485710543,0.768140442359826,              483P    952
-0.998203300503679,-2.98765846762743,0.778298504013964,-1.0,         483P    953
-2.98705540624877,0.789223426384344,-1.0,-2.98705540624877,          483P    954
0.800000000000001,0.0,1.0,0.0,0.0,0.0,0,0;                           483P    955
110,-1.0,-2.98705540624877,0.800000000000002,-1.0,                   485P    956
-2.98705540624877,1.5,0,0;                                           485P    957
126,15,3,0,0,1,0,0.0,0.0,0.0,0.0,0.100363553498595,                  487P    958
0.100363553498595,0.100363553498595,0.311149885059764,               487P    959
0.311149885059764,0.311149885059764,0.535038545189975,               487P    960
0.535038545189975,0.535038545189975,0.767788719167938,               487P    961
0.767788719167938,0.767788719167938,1.0,1.0,1.0,1.0,1.0,1.0,1.0,     487P    962
1.0,1.0,1.0,1.0,1.0,1.0,1.0,1.0,1.0,1.0,1.0,1.0,1.0,                 487P    963
-0.999999999999975,-2.9870554062488,1.50000000000001,                487P    964
-0.999999999999976,-2.9870554062488,1.50545418124144,                487P    965
-1.00044986536535,-2.98690491038281,1.5109284119624,                 487P    966
-1.00133765998425,-2.98660725417609,1.51630161533764,                487P    967
-1.00317968938636,-2.98598966597177,1.52745013819419,                487P    968
-1.0069952367532,-2.9847098509236,1.53840366711125,                  487P    969
-1.01237711642608,-2.98288326525475,1.54818952452755,                487P    970
-1.01808816720078,-2.98094496039971,1.55857391287797,                487P    971
-1.02573674987105,-2.97833014978551,1.56796957845789,                487P    972
-1.03451435915918,-2.97527814509727,1.57557533224318,                487P    973
-1.04363974975561,-2.97210521566192,1.58348243676251,                487P    974
-1.05426143060185,-2.96836182162565,1.58971030278392,                487P    975
-1.06535921231533,-2.96437341587305,1.59380839956308,                487P    976
-1.07644240367755,-2.96039025371259,1.59790110853834,                487P    977
-1.0883168388983,-2.95604836075947,1.6,-1.1,-2.95169442862909,       487P    978
1.6,0.0,1.0,0.0,0.0,0.0,0,0;                                         487P    979
100,-1.6,-3.01691039300314E-016,0.0,1.1,-2.95169442862909,           489P    980
2.95169442862909,-1.1,0,0;                                           489P    981
126,15,3,0,0,1,0,0.0,0.0,0.0,0.0,0.181410919315332,                  491P    982
0.181410919315332,0.181410919315332,0.395671498599257,               491P    983
0.395671498599257,0.395671498599257,0.599746070130721,               491P    984
0.599746070130721,0.599746070130721,0.79974099961589,                491P    985
0.79974099961589,0.79974099961589,1.0,1.0,1.0,1.0,1.0,1.0,1.0,       491P    986
1.0,1.0,1.0,1.0,1.0,1.0,1.0,1.0,1.0,1.0,1.0,1.0,1.0,                 491P    987
-2.95169442862957,-1.09999999999914,1.60000000000365,                491P    988
-2.95511140583862,-1.09083102491667,1.60000000000358,                491P    989
-2.95851347518904,-1.08156709892034,1.59871985689292,                491P    990
-2.96173276861127,-1.07267842680565,1.59619527866889,                491P    991
-2.96551997308579,-1.06222171646885,1.59322534312952,                491P    992
-2.96913791700269,-1.0520516811084,1.58844942843264,                 491P    993
-2.97232594951759,-1.04296617865796,1.58214099599545,                491P    994
-2.97536338783188,-1.03430985124641,1.57613055717515,                491P    995
-2.97808453875459,-1.02643015805088,1.56857767753897,                491P    996
-2.98028996604306,-1.01998613632885,1.55998151065466,                491P    997
-2.98245058448961,-1.01367304123142,1.5515599966755,                 491P    998
-2.9841701656567,-1.00858379166495,1.5419191419176,                  491P    999
-2.98531372764296,-1.00518751859863,1.53178983124388,                491P   1000
-2.98645813081027,-1.00178874730262,1.52165306965437,                491P   1001
-2.98705540624877,-1.0,1.51075245276458,-2.98705540624877,-1.0,      491P   1002
1.5,0.0,1.0,0.0,0.0,0.0,0,0;                                         491P   1003
110,-2.98705540624877,-1.0,1.5,-2.98705540624877,-1.0,               493P   1004
0.800000000000003,0,0;                                               493P   1005
102,8,479,481,483,485,487,489,491,493,0,0;                           495P   1006
142,0,459,477,495,3,0,0;                                             497P   1007
144,459,1,0,497,0,0;                                                 499P   1008
128,1,3,1,3,0,0,0,0,0,0.0,0.0,1.0,1.0,0.0,0.0,0.0,0.0,1.0,1.0,       501P   1009
1.0,1.0,1.0,1.0,0.917878091643861,0.917878091643861,                 501P   1010
0.917878091643861,0.917878091643861,1.0,1.0,-3.02399132566231,       501P   1011
0.882029740042314,1.6900000000045,-3.02399132566231,                 501P   1012
0.882029740042314,0.609999999994371,-2.71596127169915,               501P   1013
1.93809414347523,1.6900000000045,-2.71596127169915,                  501P   1014
1.93809414347523,0.609999999994371,-1.93809414347523,                501P   1015
2.71596127169915,1.6900000000045,-1.93809414347523,                  501P   1016
2.71596127169915,0.609999999994371,-0.882029740042314,               501P   1017
3.02399132566231,1.6900000000045,-0.882029740042314,                 501P   1018
3.02399132566231,0.609999999994371,0.0,1.0,0.0,1.0,0,0;              501P   1019
126,8,2,1,0,1,0,0.0,0.0,0.0,0.25,0.25,0.5,0.5,0.75,0.75,1.0,1.0,     503P   1020
1.0,1.0,1.0,1.0,1.0,1.0,1.0,1.0,1.0,1.0,0.0833333333333336,          503P   1021
0.924840517487627,0.0,0.0833333333333336,0.931535660838205,0.0,      503P   1022
0.0900084114264195,0.937737522089327,0.0,0.0967881548789257,         503P   1023
0.944036628650223,0.0,0.109454273867174,0.948905761081637,0.0,       503P   1024
0.122416373093912,0.953888674773091,0.0,0.139549077472864,           503P   1025
0.9566149694539,0.0,0.156973242273795,0.959387643677631,0.0,         503P   1026
0.175925925928441,0.959387643677631,0.0,0.0,1.0,0.0,0.0,1.0,0,0;     503P   1027
126,1,1,1,0,1,0,0.0,0.0,1.0,1.0,1.0,1.0,0.175925925928441,           505P   1028
0.959387643677631,0.0,0.82407407407051,0.959387643677631,0.0,        505P   1029
0.0,1.0,0.0,0.0,1.0,0,0;                                             505P   1030
126,8,2,1,0,1,0,0.0,0.0,0.0,0.25,0.25,0.5,0.5,0.75,0.75,1.0,1.0,     507P   1031
1.0,1.0,1.0,1.0,1.0,1.0,1.0,1.0,1.0,1.0,0.824074074070512,           507P   1032
0.959387643677628,0.0,0.842932285743859,0.959387643677628,0.0,       507P   1033
0.860292243036511,0.96213440429796,0.0,0.877338916016058,            507P   1034
0.964831595843917,0.0,0.890291058568207,0.969761613713343,0.0,       507P   1035
0.903023440490515,0.974607983350228,0.0,0.909873194250714,           507P   1036
0.980883581505847,0.0,0.916666666662235,0.98710761589139,0.0,        507P   1037
0.916666666662235,0.99381972700779,0.0,0.0,1.0,0.0,0.0,1.0,0,0;      507P   1038
126,1,1,1,0,1,0,0.0,0.0,1.0,1.0,1.0,1.0,0.916666666662236,           509P   1039
0.993819727007789,0.0,0.916666666662236,0.00618027299221002,0.0,     509P   1040
0.0,1.0,0.0,0.0,1.0,0,0;                                             509P   1041
126,8,2,1,0,1,0,0.0,0.0,0.0,0.25,0.25,0.5,0.5,0.75,0.75,1.0,1.0,     511P   1042
1.0,1.0,1.0,1.0,1.0,1.0,1.0,1.0,1.0,1.0,0.916666666666667,           511P   1043
0.00618027299262411,0.0,0.916666666666667,0.0129067298004159,        511P   1044
0.0,0.909845194958743,0.019142041316354,0.0,0.902984683597873,       511P   1045
0.0254130378586353,0.0,0.890249068290982,0.0302543588327857,0.0,     511P   1046
0.877283451081315,0.0351831128055917,0.0,0.860224616135485,          511P   1047
0.0378762841108314,0.0,0.842894042263081,0.040612356322369,0.0,      511P   1048
0.824074074070509,0.040612356322369,0.0,0.0,1.0,0.0,0.0,1.0,0,0;     511P   1049
126,1,1,1,0,1,0,0.0,0.0,1.0,1.0,1.0,1.0,0.824074074070509,           513P   1050
0.0406123563223688,0.0,0.175925925928442,0.0406123563223687,0.0,     513P   1051
0.0,1.0,0.0,0.0,1.0,0,0;                                             513P   1052
126,8,2,1,0,1,0,0.0,0.0,0.0,0.25,0.25,0.5,0.5,0.75,0.75,1.0,1.0,     515P   1053
1.0,1.0,1.0,1.0,1.0,1.0,1.0,1.0,1.0,1.0,0.175925925928436,           515P   1054
0.0406123563223574,0.0,0.156932875105826,0.0406123563223574,0.0,     515P   1055
0.139477863672662,0.0433963757907393,0.0,0.12235374772268,           515P   1056
0.0461276184694466,0.0,0.10940395410258,0.0511135980749856,0.0,      515P   1057
0.0967476263152082,0.0559865863310225,0.0,0.089981049130474,         515P   1058
0.0622879296359642,0.0,0.0833333333367173,0.0684785838273698,        515P   1059
0.0,0.0833333333367173,0.0751594825126904,0.0,0.0,1.0,0.0,0.0,       515P   1060
1.0,0,0;                                                             515P   1061
126,1,1,1,0,1,0,0.0,0.0,1.0,1.0,1.0,1.0,0.0833333333367173,          517P   1062
0.0751594825126904,0.0,0.0833333333367171,0.924840517487309,0.0,     517P   1063
0.0,1.0,0.0,0.0,1.0,0,0;                                             517P   1064
102,8,503,505,507,509,511,513,515,517,0,0;                           519P   1065
126,15,3,0,0,1,0,0.0,0.0,0.0,0.0,0.181410919315331,                  521P   1066
0.181410919315331,0.181410919315331,0.395671498599255,               521P   1067
0.395671498599255,0.395671498599255,0.599746070130719,               521P   1068
0.599746070130719,0.599746070130719,0.799740999615889,               521P   1069
0.799740999615889,0.799740999615889,1.0,1.0,1.0,1.0,1.0,1.0,1.0,     521P   1070
1.0,1.0,1.0,1.0,1.0,1.0,1.0,1.0,1.0,1.0,1.0,1.0,1.0,                 521P   1071
-1.09999999999914,2.95169442862957,1.60000000000365,                 521P   1072
-1.09083102491667,2.95511140583862,1.60000000000358,                 521P   1073
-1.08156709892034,2.95851347518904,1.59871985689292,                 521P   1074
-1.07267842680565,2.96173276861127,1.59619527866889,                 521P   1075
-1.06222171646885,2.96551997308579,1.59322534312952,                 521P   1076
-1.0520516811084,2.96913791700269,1.58844942843264,                  521P   1077
-1.04296617865796,2.97232594951759,1.58214099599545,                 521P   1078
-1.03430985124641,2.97536338783188,1.57613055717515,                 521P   1079
-1.02643015805088,2.97808453875459,1.56857767753897,                 521P   1080
-1.01998613632885,2.98028996604306,1.55998151065466,                 521P   1081
-1.01367304123142,2.98245058448961,1.5515599966755,                  521P   1082
-1.00858379166495,2.9841701656567,1.5419191419176,                   521P   1083
-1.00518751859863,2.98531372764296,1.53178983124388,                 521P   1084
-1.00178874730262,2.98645813081027,1.52165306965437,-1.0,            521P   1085
2.98705540624877,1.51075245276459,-1.0,2.98705540624877,1.5,0.0,     521P   1086
1.0,0.0,0.0,0.0,0,0;                                                 521P   1087
110,-1.0,2.98705540624877,1.5,-1.0,2.98705540624877,                 523P   1088
0.800000000000002,0,0;                                               523P   1089
126,15,3,0,0,1,0,0.0,0.0,0.0,0.0,0.10683829620066,                   525P   1090
0.10683829620066,0.10683829620066,0.320514206129913,                 525P   1091
0.320514206129913,0.320514206129913,0.544503262466552,               525P   1092
0.544503262466552,0.544503262466552,0.772358087299012,               525P   1093
0.772358087299012,0.772358087299012,1.0,1.0,1.0,1.0,1.0,1.0,1.0,     525P   1094
1.0,1.0,1.0,1.0,1.0,1.0,1.0,1.0,1.0,1.0,1.0,1.0,1.0,                 525P   1095
-1.00000000000001,2.98705540624878,0.8,-1.00000000000001,            525P   1096
2.98705540624878,0.794236501279186,-0.999497197504705,               525P   1097
2.9872238689837,0.788449417434996,-0.998506441688454,                525P   1098
2.98755500131908,0.782781377933205,-0.99654826127398,                525P   1099
2.98820946818479,0.771578775073024,-0.992594167518538,               525P   1100
2.98953018835881,0.760595053587809,-0.987062707272852,               525P   1101
2.99135541384022,0.750805640543641,-0.981266921894779,               525P   1102
2.99326785914163,0.740548432779099,-0.973567369090329,               525P   1103
2.99578916647379,0.731281587426775,-0.964731575161329,               525P   1104
2.99863185267661,0.723777803907701,-0.955739280626724,               525P   1105
3.00152488886674,0.716141112505701,-0.945306240343483,               525P   1106
3.00483404081206,0.710092688188193,-0.934354943088963,               525P   1107
3.00823550280313,0.70608654044625,-0.923409044960016,                525P   1108
3.0116352878312,0.702082367784904,-0.911634929838916,                525P   1109
3.01522290375362,0.700000000000002,-0.9,3.01869176962472,            525P   1110
0.700000000000002,0.0,1.0,0.0,0.0,0.0,0,0;                           525P   1111
100,0.7,0.0,0.0,-0.900000000000001,3.01869176962472,                 527P   1112
-3.01869176962472,0.899999999999999,0,0;                             527P   1113
126,15,3,0,0,1,0,0.0,0.0,0.0,0.0,0.173100685392375,                  529P   1114
0.173100685392375,0.173100685392375,0.389702889168381,               529P   1115
0.389702889168381,0.389702889168381,0.596179358510745,               529P   1116
0.596179358510745,0.596179358510745,0.79793642669342,                529P   1117
0.79793642669342,0.79793642669342,1.0,1.0,1.0,1.0,1.0,1.0,1.0,       529P   1118
1.0,1.0,1.0,1.0,1.0,1.0,1.0,1.0,1.0,1.0,1.0,1.0,1.0,                 529P   1119
-3.0186917696245,0.900000000001246,0.699999999995215,                529P   1120
-3.01604039719735,0.908892973472406,0.699999999995326,               529P   1121
-3.01332705706942,0.91784564884759,0.701203861576391,                529P   1122
-3.01068686717148,0.926425705516206,0.703554771564529,               529P   1123
-3.0073990912308,0.937110279344256,0.706482312990128,                529P   1124
-3.00414927813589,0.947460045172872,0.711273074872697,               529P   1125
-3.00121381276154,0.956669038951995,0.717606917618912,               529P   1126
-2.99841401370875,0.965452427196076,0.723648033646495,               529P   1127
-2.99583182369561,0.973415877901566,0.73124636032432,                529P   1128
-2.99370396798393,0.979916604654335,0.739888966898561,               529P   1129
-2.99162523831585,0.986267248399051,0.748332040644948,               529P   1130
-2.98993028110878,0.991377748609815,0.757991010978294,               529P   1131
-2.98879485710543,0.994789074196198,0.768140442359828,               529P   1132
-2.98765846762743,0.998203300503679,0.778298504013966,               529P   1133
-2.98705540624877,1.0,0.789223426384346,-2.98705540624877,1.0,       529P   1134
0.800000000000003,0.0,1.0,0.0,0.0,0.0,0,0;                           529P   1135
110,-2.98705540624877,0.999999999999999,0.800000000000003,           531P   1136
-2.98705540624877,0.999999999999999,1.5,0,0;                         531P   1137
126,15,3,0,0,1,0,0.0,0.0,0.0,0.0,0.100363553498604,                  533P   1138
0.100363553498604,0.100363553498604,0.311149885059773,               533P   1139
0.311149885059773,0.311149885059773,0.535038545189979,               533P   1140
0.535038545189979,0.535038545189979,0.767788719167944,               533P   1141
0.767788719167944,0.767788719167944,1.0,1.0,1.0,1.0,1.0,1.0,1.0,     533P   1142
1.0,1.0,1.0,1.0,1.0,1.0,1.0,1.0,1.0,1.0,1.0,1.0,1.0,                 533P   1143
-2.98705540624881,0.999999999999975,1.50000000000001,                533P   1144
-2.98705540624881,0.999999999999975,1.50545418124144,                533P   1145
-2.98690491038281,1.00044986536535,1.5109284119624,                  533P   1146
-2.98660725417609,1.00133765998425,1.51630161533764,                 533P   1147
-2.98598966597177,1.00317968938636,1.52745013819419,                 533P   1148
-2.9847098509236,1.0069952367532,1.53840366711125,                   533P   1149
-2.98288326525475,1.01237711642608,1.54818952452755,                 533P   1150
-2.98094496039971,1.01808816720078,1.55857391287797,                 533P   1151
-2.97833014978551,1.02573674987105,1.56796957845789,                 533P   1152
-2.97527814509727,1.03451435915918,1.57557533224318,                 533P   1153
-2.97210521566192,1.04363974975561,1.58348243676251,                 533P   1154
-2.96836182162565,1.05426143060185,1.58971030278392,                 533P   1155
-2.96437341587305,1.06535921231533,1.59380839956308,                 533P   1156
-2.96039025371259,1.07644240367755,1.59790110853834,                 533P   1157
-2.95604836075947,1.0883168388983,1.6,-2.95169442862909,1.1,1.6,     533P   1158
0.0,1.0,0.0,0.0,0.0,0,0;                                             533P   1159
100,-1.6,-3.01691039300314E-016,0.0,2.95169442862909,1.1,1.1,        535P   1160
2.95169442862909,0,0;                                                535P   1161
102,8,521,523,525,527,529,531,533,535,0,0;                           537P   1162
142,0,501,519,537,3,0,0;                                             539P   1163
144,501,1,0,539,0,0;                                                 541P   1164
128,1,1,1,1,0,0,1,0,0,0.0,0.0,1.0,1.0,0.0,0.0,1.0,1.0,1.0,1.0,       543P   1165
1.0,1.0,1.8,-3.3,0.9,1.8,-3.3,0.0,3.3,-1.8,0.9,3.3,-1.8,0.0,0.0,     543P   1166
1.0,0.0,1.0,0,0;                                                     543P   1167
128,1,1,1,1,0,0,1,0,0,0.0,0.0,1.0,1.0,0.0,0.0,1.0,1.0,1.0,1.0,       545P   1168
1.0,1.0,3.3,1.8,-1.66997290792821E-017,1.8,3.3,                      545P   1169
-1.66997290792821E-017,3.3,1.8,0.9,1.8,3.3,0.9,0.0,1.0,0.0,1.0,      545P   1170
0,0;                                                                 545P   1171
128,6,1,3,1,0,0,0,0,0,0.0,0.0,0.0,0.0,0.5,0.5,0.5,1.0,1.0,1.0,       547P   1172
1.0,0.0,0.0,1.0,1.0,1.0,0.333333333333333,0.333333333333333,1.0,     547P   1173
0.333333333333333,0.333333333333333,1.0,1.0,0.333333333333333,       547P   1174
0.333333333333333,1.0,0.333333333333333,0.333333333333333,1.0,       547P   1175
2.5,-2.0,-0.11,2.5,-1.0,-0.11,1.5,-1.0,-0.11,1.5,-2.0,-0.11,1.5,     547P   1176
-3.0,-0.11,2.5,-3.0,-0.11,2.5,-2.0,-0.11,2.5,-2.0,0.01,2.5,-1.0,     547P   1177
0.00999999999999999,1.5,-1.0,0.00999999999999999,1.5,-2.0,0.01,      547P   1178
1.5,-3.0,0.00999999999999999,2.5,-3.0,0.00999999999999999,2.5,       547P   1179
-2.0,0.01,0.0,1.0,0.0,1.0,0,0;                                       547P   1180
126,1,1,1,0,1,0,0.0,0.0,1.0,1.0,1.0,1.0,1.0,0.916666666666667,       549P   1181
0.0,0.0,0.916666666666667,0.0,0.0,1.0,0.0,0.0,1.0,0,0;               549P   1182
126,1,1,1,0,1,0,0.0,0.0,1.0,1.0,1.0,1.0,0.0,0.916666666666667,       551P   1183
0.0,0.0,0.0833333333333333,0.0,0.0,1.0,0.0,0.0,1.0,0,0;              551P   1184
126,1,1,1,0,1,0,0.0,0.0,1.0,1.0,1.0,1.0,0.0,0.0833333333333333,      553P   1185
0.0,1.0,0.0833333333333333,0.0,0.0,1.0,0.0,0.0,1.0,0,0;              553P   1186
126,1,1,1,0,1,0,0.0,0.0,1.0,1.0,1.0,1.0,1.0,0.0833333333333333,      555P   1187
0.0,1.0,0.916666666666667,0.0,0.0,1.0,0.0,0.0,1.0,0,0;               555P   1188
102,4,549,551,553,555,0,0;                                           557P   1189
100,0.0,2.0,2.0,2.5,2.0,2.5,2.0,0,0;                                 559P   1190
110,2.5,-2.0,-1.38777878078145E-017,2.5,-2.0,-0.1,0,0;               561P   1191
100,-0.1,2.0,-2.0,2.5,-2.0,2.5,-2.0,0,0;                             563P   1192
110,2.5,-2.0,-0.1,2.5,-2.0,-1.35525271560688E-017,0,0;               565P   1193
102,4,559,561,563,565,0,0;                                           567P   1194
142,0,547,557,567,3,0,0;                                             569P   1195
144,547,1,0,569,0,0;                                                 571P   1196
128,1,1,1,1,0,0,1,0,0,0.0,0.0,1.0,1.0,0.0,0.0,1.0,1.0,1.0,1.0,       573P   1197
1.0,1.0,1.494,-2.506,-0.1,1.494,-1.494,-0.1,2.506,-2.506,-0.1,       573P   1198
2.506,-1.494,-0.1,0.0,1.0,0.0,1.0,0,0;                               573P   1199
126,64,2,1,1,1,1,-0.03125,-0.03125,0.0,0.03125,0.03125,0.0625,       575P   1200
0.0625,0.09375,0.09375,0.125,0.125,0.15625,0.15625,0.1875,           575P   1201
0.1875,0.21875,0.21875,0.25,0.25,0.28125,0.28125,0.3125,0.3125,      575P   1202
0.34375,0.34375,0.375,0.375,0.40625,0.40625,0.4375,0.4375,           575P   1203
0.46875,0.46875,0.5,0.5,0.53125,0.53125,0.5625,0.5625,0.59375,       575P   1204
0.59375,0.625,0.625,0.65625,0.65625,0.6875,0.6875,0.71875,           575P   1205
0.71875,0.75,0.75,0.78125,0.78125,0.8125,0.8125,0.84375,0.84375,     575P   1206
0.875,0.875,0.90625,0.90625,0.9375,0.9375,0.96875,0.96875,1.0,       575P   1207
1.03125,1.03125,1.0,1.0,1.0,1.0,1.0,1.0,1.0,1.0,1.0,1.0,1.0,1.0,     575P   1208
1.0,1.0,1.0,1.0,1.0,1.0,1.0,1.0,1.0,1.0,1.0,1.0,1.0,1.0,1.0,1.0,     575P   1209
1.0,1.0,1.0,1.0,1.0,1.0,1.0,1.0,1.0,1.0,1.0,1.0,1.0,1.0,1.0,1.0,     575P   1210
1.0,1.0,1.0,1.0,1.0,1.0,1.0,1.0,1.0,1.0,1.0,1.0,1.0,1.0,1.0,1.0,     575P   1211
1.0,1.0,1.0,1.0,1.0,0.45133823944804,0.994071146245059,0.0,          575P   1212
0.548661760551959,0.994071146245059,0.0,0.596388499019826,           575P   1213
0.984577707709106,0.0,0.644115237487693,0.975084269173153,0.0,       575P   1214
0.689072842077614,0.956462219620201,0.0,0.734030446667533,           575P   1215
0.937840170067249,0.0,0.77449122184763,0.910805144418254,0.0,        575P   1216
0.814951997027726,0.883770118769258,0.0,0.849361057898492,           575P   1217
0.849361057898492,0.0,0.883770118769257,0.814951997027727,0.0,       575P   1218
0.910805144418254,0.774491221847629,0.0,0.93784017006725,            575P   1219
0.734030446667533,0.0,0.956462219620201,0.689072842077614,0.0,       575P   1220
0.975084269173153,0.644115237487693,0.0,0.984577707709106,           575P   1221
0.596388499019826,0.0,0.994071146245059,0.548661760551959,0.0,       575P   1222
0.994071146245059,0.5,0.0,0.994071146245059,0.451338239448041,       575P   1223
0.0,0.984577707709106,0.403611500980174,0.0,0.975084269173153,       575P   1224
0.355884762512307,0.0,0.956462219620201,0.310927157922386,0.0,       575P   1225
0.937840170067249,0.265969553332466,0.0,0.910805144418254,           575P   1226
0.225508778152371,0.0,0.883770118769258,0.185048002972274,0.0,       575P   1227
0.849361057898492,0.150638942101508,0.0,0.814951997027726,           575P   1228
0.116229881230742,0.0,0.77449122184763,0.0891948555817462,0.0,       575P   1229
0.734030446667534,0.0621598299327511,0.0,0.689072842077613,          575P   1230
0.043537780379799,0.0,0.644115237487693,0.0249157308268469,0.0,      575P   1231
0.596388499019827,0.0154222922908939,0.0,0.548661760551959,          575P   1232
0.00592885375494052,0.0,0.5,0.00592885375494052,0.0,                 575P   1233
0.451338239448041,0.00592885375494052,0.0,0.403611500980174,         575P   1234
0.0154222922908939,0.0,0.355884762512306,0.0249157308268472,0.0,     575P   1235
0.310927157922386,0.043537780379799,0.0,0.265969553332467,           575P   1236
0.0621598299327502,0.0,0.225508778152371,0.0891948555817462,0.0,     575P   1237
0.185048002972274,0.116229881230742,0.0,0.150638942101508,           575P   1238
0.150638942101508,0.0,0.116229881230742,0.185048002972274,0.0,       575P   1239
0.0891948555817464,0.22550877815237,0.0,0.0621598299327505,          575P   1240
0.265969553332467,0.0,0.043537780379799,0.310927157922386,0.0,       575P   1241
0.0249157308268471,0.355884762512306,0.0,0.0154222922908939,         575P   1242
0.403611500980173,0.0,0.00592885375494073,0.45133823944804,0.0,      575P   1243
0.00592885375494073,0.5,0.0,0.00592885375494073,                     575P   1244
0.54866176055196,0.0,0.0154222922908939,0.596388499019826,0.0,       575P   1245
0.0249157308268471,0.644115237487693,0.0,0.043537780379799,          575P   1246
0.689072842077614,0.0,0.062159829932751,0.734030446667534,0.0,       575P   1247
0.089194855581746,0.774491221847629,0.0,0.116229881230741,           575P   1248
0.814951997027725,0.0,0.150638942101508,0.849361057898492,0.0,       575P   1249
0.185048002972273,0.883770118769257,0.0,0.225508778152371,           575P   1250
0.910805144418254,0.0,0.265969553332468,0.93784017006725,0.0,        575P   1251
0.310927157922386,0.956462219620201,0.0,0.355884762512306,           575P   1252
0.975084269173153,0.0,0.403611500980174,0.984577707709106,0.0,       575P   1253
0.45133823944804,0.994071146245059,0.0,0.548661760551959,            575P   1254
0.994071146245059,0.0,0.0,1.0,0.0,0.0,1.0,0,0;                       575P   1255
100,-0.1,2.0,-2.0,2.5,-2.0,2.5,-2.0,0,0;                             577P   1256
142,0,573,575,577,3,0,0;                                             579P   1257
144,573,1,0,579,0,0;                                                 581P   1258
128,1,1,1,1,0,0,1,0,0,0.0,0.0,1.0,1.0,0.0,0.0,1.0,1.0,1.0,1.0,       583P   1259
1.0,1.0,-2.506,-2.506,-0.1,-2.506,-1.494,-0.1,-1.494,-2.506,         583P   1260
-0.1,-1.494,-1.494,-0.1,0.0,1.0,0.0,1.0,0,0;                         583P   1261
126,64,2,1,1,1,1,-0.03125,-0.03125,0.0,0.03125,0.03125,0.0625,       585P   1262
0.0625,0.09375,0.09375,0.125,0.125,0.15625,0.15625,0.1875,           585P   1263
0.1875,0.21875,0.21875,0.25,0.25,0.28125,0.28125,0.3125,0.3125,      585P   1264
0.34375,0.34375,0.375,0.375,0.40625,0.40625,0.4375,0.4375,           585P   1265
0.46875,0.46875,0.5,0.5,0.53125,0.53125,0.5625,0.5625,0.59375,       585P   1266
0.59375,0.625,0.625,0.65625,0.65625,0.6875,0.6875,0.71875,           585P   1267
0.71875,0.75,0.75,0.78125,0.78125,0.8125,0.8125,0.84375,0.84375,     585P   1268
0.875,0.875,0.90625,0.90625,0.9375,0.9375,0.96875,0.96875,1.0,       585P   1269
1.03125,1.03125,1.0,1.0,1.0,1.0,1.0,1.0,1.0,1.0,1.0,1.0,1.0,1.0,     585P   1270
1.0,1.0,1.0,1.0,1.0,1.0,1.0,1.0,1.0,1.0,1.0,1.0,1.0,1.0,1.0,1.0,     585P   1271
1.0,1.0,1.0,1.0,1.0,1.0,1.0,1.0,1.0,1.0,1.0,1.0,1.0,1.0,1.0,1.0,     585P   1272
1.0,1.0,1.0,1.0,1.0,1.0,1.0,1.0,1.0,1.0,1.0,1.0,1.0,1.0,1.0,1.0,     585P   1273
1.0,1.0,1.0,1.0,1.0,0.45133823944804,0.994071146245059,0.0,          585P   1274
0.548661760551959,0.994071146245059,0.0,0.596388499019826,           585P   1275
0.984577707709106,0.0,0.644115237487693,0.975084269173153,0.0,       585P   1276
0.689072842077614,0.956462219620201,0.0,0.734030446667533,           585P   1277
0.937840170067249,0.0,0.77449122184763,0.910805144418254,0.0,        585P   1278
0.814951997027726,0.883770118769258,0.0,0.849361057898492,           585P   1279
0.849361057898492,0.0,0.883770118769258,0.814951997027726,0.0,       585P   1280
0.910805144418254,0.77449122184763,0.0,0.937840170067249,            585P   1281
0.734030446667533,0.0,0.956462219620201,0.689072842077614,0.0,       585P   1282
0.975084269173153,0.644115237487693,0.0,0.984577707709106,           585P   1283
0.596388499019826,0.0,0.994071146245059,0.548661760551959,0.0,       585P   1284
0.994071146245059,0.5,0.0,0.994071146245059,0.451338239448041,       585P   1285
0.0,0.984577707709106,0.403611500980174,0.0,0.975084269173153,       585P   1286
0.355884762512307,0.0,0.956462219620201,0.310927157922386,0.0,       585P   1287
0.937840170067249,0.265969553332466,0.0,0.910805144418254,           585P   1288
0.225508778152371,0.0,0.883770118769258,0.185048002972274,0.0,       585P   1289
0.849361057898492,0.150638942101508,0.0,0.814951997027726,           585P   1290
0.116229881230742,0.0,0.77449122184763,0.0891948555817464,0.0,       585P   1291
0.734030446667533,0.0621598299327506,0.0,0.689072842077614,          585P   1292
0.043537780379799,0.0,0.644115237487693,0.0249157308268471,0.0,      585P   1293
0.596388499019826,0.0154222922908939,0.0,0.54866176055196,           585P   1294
0.00592885375494073,0.0,0.5,0.00592885375494073,0.0,                 585P   1295
0.45133823944804,0.00592885375494073,0.0,0.403611500980174,          585P   1296
0.0154222922908939,0.0,0.355884762512307,0.0249157308268471,0.0,     585P   1297
0.310927157922386,0.043537780379799,0.0,0.265969553332468,           585P   1298
0.0621598299327503,0.0,0.225508778152371,0.0891948555817464,0.0,     585P   1299
0.185048002972273,0.116229881230743,0.0,0.150638942101508,           585P   1300
0.150638942101508,0.0,0.116229881230743,0.185048002972273,0.0,       585P   1301
0.0891948555817464,0.225508778152371,0.0,0.0621598299327505,         585P   1302
0.265969553332467,0.0,0.043537780379799,0.310927157922386,0.0,       585P   1303
0.0249157308268471,0.355884762512307,0.0,0.0154222922908939,         585P   1304
0.403611500980174,0.0,0.00592885375494073,0.45133823944804,0.0,      585P   1305
0.00592885375494073,0.5,0.0,0.00592885375494073,                     585P   1306
0.54866176055196,0.0,0.0154222922908939,0.596388499019826,0.0,       585P   1307
0.0249157308268471,0.644115237487693,0.0,0.043537780379799,          585P   1308
0.689072842077614,0.0,0.062159829932751,0.734030446667534,0.0,       585P   1309
0.089194855581746,0.774491221847629,0.0,0.116229881230741,           585P   1310
0.814951997027725,0.0,0.150638942101508,0.849361057898492,0.0,       585P   1311
0.185048002972273,0.883770118769257,0.0,0.225508778152371,           585P   1312
0.910805144418254,0.0,0.265969553332468,0.93784017006725,0.0,        585P   1313
0.310927157922386,0.956462219620201,0.0,0.355884762512306,           585P   1314
0.975084269173153,0.0,0.403611500980174,0.984577707709106,0.0,       585P   1315
0.45133823944804,0.994071146245059,0.0,0.548661760551959,            585P   1316
0.994071146245059,0.0,0.0,1.0,0.0,0.0,1.0,0,0;                       585P   1317
100,-0.1,-2.0,-2.0,-1.5,-2.0,-1.5,-2.0,0,0;                          587P   1318
142,0,583,585,587,3,0,0;                                             589P   1319
144,583,1,0,589,0,0;                                                 591P   1320
128,6,1,3,1,0,0,0,0,0,0.0,0.0,0.0,0.0,0.5,0.5,0.5,1.0,1.0,1.0,       593P   1321
1.0,0.0,0.0,1.0,1.0,1.0,0.333333333333333,0.333333333333333,1.0,     593P   1322
0.333333333333333,0.333333333333333,1.0,1.0,0.333333333333333,       593P   1323
0.333333333333333,1.0,0.333333333333333,0.333333333333333,1.0,       593P   1324
-1.5,2.0,-0.11,-1.5,3.0,-0.11,-2.5,3.0,-0.11,-2.5,2.0,-0.11,         593P   1325
-2.5,1.0,-0.11,-1.5,1.0,-0.11,-1.5,2.0,-0.11,-1.5,2.0,0.01,-1.5,     593P   1326
3.0,0.00999999999999999,-2.5,3.0,0.00999999999999999,-2.5,2.0,       593P   1327
0.01,-2.5,1.0,0.00999999999999999,-1.5,1.0,0.00999999999999999,      593P   1328
-1.5,2.0,0.01,0.0,1.0,0.0,1.0,0,0;                                   593P   1329
126,1,1,1,0,1,0,0.0,0.0,1.0,1.0,1.0,1.0,1.0,0.916666666666667,       595P   1330
0.0,0.0,0.916666666666667,0.0,0.0,1.0,0.0,0.0,1.0,0,0;               595P   1331
126,1,1,1,0,1,0,0.0,0.0,1.0,1.0,1.0,1.0,0.0,0.916666666666667,       597P   1332
0.0,0.0,0.0833333333333333,0.0,0.0,1.0,0.0,0.0,1.0,0,0;              597P   1333
126,1,1,1,0,1,0,0.0,0.0,1.0,1.0,1.0,1.0,0.0,0.0833333333333333,      599P   1334
0.0,1.0,0.0833333333333333,0.0,0.0,1.0,0.0,0.0,1.0,0,0;              599P   1335
126,1,1,1,0,1,0,0.0,0.0,1.0,1.0,1.0,1.0,1.0,0.0833333333333333,      601P   1336
0.0,1.0,0.916666666666667,0.0,0.0,1.0,0.0,0.0,1.0,0,0;               601P   1337
102,4,595,597,599,601,0,0;                                           603P   1338
100,0.0,-2.0,-2.0,-1.5,-2.0,-1.5,-2.0,0,0;                           605P   1339
110,-1.5,2.0,-1.38777878078145E-017,-1.5,2.0,-0.1,0,0;               607P   1340
100,-0.1,-2.0,2.0,-1.5,2.0,-1.5,2.0,0,0;                             609P   1341
110,-1.5,2.0,-0.1,-1.5,2.0,-1.35525271560688E-017,0,0;               611P   1342
102,4,605,607,609,611,0,0;                                           613P   1343
142,0,593,603,613,3,0,0;                                             615P   1344
144,593,1,0,615,0,0;                                                 617P   1345
128,1,1,1,1,0,0,1,0,0,0.0,0.0,1.0,1.0,0.0,0.0,1.0,1.0,1.0,1.0,       619P   1346
1.0,1.0,-2.506,1.494,-0.1,-2.506,2.506,-0.1,-1.494,1.494,-0.1,       619P   1347
-1.494,2.506,-0.1,0.0,1.0,0.0,1.0,0,0;                               619P   1348
126,64,2,1,1,1,1,-0.03125,-0.03125,0.0,0.03125,0.03125,0.0625,       621P   1349
0.0625,0.09375,0.09375,0.125,0.125,0.15625,0.15625,0.1875,           621P   1350
0.1875,0.21875,0.21875,0.25,0.25,0.28125,0.28125,0.3125,0.3125,      621P   1351
0.34375,0.34375,0.375,0.375,0.40625,0.40625,0.4375,0.4375,           621P   1352
0.46875,0.46875,0.5,0.5,0.53125,0.53125,0.5625,0.5625,0.59375,       621P   1353
0.59375,0.625,0.625,0.65625,0.65625,0.6875,0.6875,0.71875,           621P   1354
0.71875,0.75,0.75,0.78125,0.78125,0.8125,0.8125,0.84375,0.84375,     621P   1355
0.875,0.875,0.90625,0.90625,0.9375,0.9375,0.96875,0.96875,1.0,       621P   1356
1.03125,1.03125,1.0,1.0,1.0,1.0,1.0,1.0,1.0,1.0,1.0,1.0,1.0,1.0,     621P   1357
1.0,1.0,1.0,1.0,1.0,1.0,1.0,1.0,1.0,1.0,1.0,1.0,1.0,1.0,1.0,1.0,     621P   1358
1.0,1.0,1.0,1.0,1.0,1.0,1.0,1.0,1.0,1.0,1.0,1.0,1.0,1.0,1.0,1.0,     621P   1359
1.0,1.0,1.0,1.0,1.0,1.0,1.0,1.0,1.0,1.0,1.0,1.0,1.0,1.0,1.0,1.0,     621P   1360
1.0,1.0,1.0,1.0,1.0,0.45133823944804,0.994071146245059,0.0,          621P   1361
0.548661760551959,0.994071146245059,0.0,0.596388499019826,           621P   1362
0.984577707709106,0.0,0.644115237487693,0.975084269173153,0.0,       621P   1363
0.689072842077614,0.956462219620201,0.0,0.734030446667533,           621P   1364
0.93784017006725,0.0,0.774491221847629,0.910805144418254,0.0,        621P   1365
0.814951997027727,0.883770118769257,0.0,0.849361057898492,           621P   1366
0.849361057898492,0.0,0.883770118769258,0.814951997027726,0.0,       621P   1367
0.910805144418254,0.77449122184763,0.0,0.937840170067249,            621P   1368
0.734030446667533,0.0,0.956462219620201,0.689072842077614,0.0,       621P   1369
0.975084269173153,0.644115237487693,0.0,0.984577707709106,           621P   1370
0.596388499019826,0.0,0.994071146245059,0.548661760551959,0.0,       621P   1371
0.994071146245059,0.5,0.0,0.994071146245059,0.451338239448038,       621P   1372
0.0,0.984577707709107,0.403611500980174,0.0,0.975084269173154,       621P   1373
0.355884762512309,0.0,0.956462219620201,0.310927157922386,0.0,       621P   1374
0.93784017006725,0.265969553332467,0.0,0.910805144418254,            621P   1375
0.225508778152371,0.0,0.883770118769257,0.185048002972273,0.0,       621P   1376
0.849361057898492,0.150638942101508,0.0,0.814951997027727,           621P   1377
0.116229881230743,0.0,0.774491221847629,0.0891948555817464,0.0,      621P   1378
0.734030446667533,0.0621598299327504,0.0,0.689072842077614,          621P   1379
0.043537780379799,0.0,0.644115237487693,0.0249157308268471,0.0,      621P   1380
0.596388499019826,0.0154222922908939,0.0,0.54866176055196,           621P   1381
0.00592885375494073,0.0,0.5,0.00592885375494073,0.0,                 621P   1382
0.451338239448041,0.00592885375494073,0.0,0.403611500980174,         621P   1383
0.0154222922908939,0.0,0.355884762512307,0.0249157308268471,0.0,     621P   1384
0.310927157922387,0.043537780379799,0.0,0.265969553332465,           621P   1385
0.0621598299327513,0.0,0.225508778152371,0.089194855581746,0.0,      621P   1386
0.185048002972273,0.116229881230742,0.0,0.150638942101508,           621P   1387
0.150638942101508,0.0,0.116229881230744,0.185048002972272,0.0,       621P   1388
0.0891948555817464,0.225508778152371,0.0,0.06215982993275,           621P   1389
0.265969553332468,0.0,0.043537780379799,0.310927157922386,0.0,       621P   1390
0.0249157308268473,0.355884762512306,0.0,0.0154222922908939,         621P   1391
0.403611500980174,0.0,0.00592885375494052,0.451338239448041,0.0,     621P   1392
0.00592885375494052,0.5,0.0,0.00592885375494052,                     621P   1393
0.548661760551959,0.0,0.0154222922908939,0.596388499019826,0.0,      621P   1394
0.0249157308268471,0.644115237487693,0.0,0.043537780379799,          621P   1395
0.689072842077614,0.0,0.0621598299327507,0.734030446667533,0.0,      621P   1396
0.0891948555817462,0.774491221847629,0.0,0.116229881230742,          621P   1397
0.814951997027726,0.0,0.150638942101508,0.849361057898492,0.0,       621P   1398
0.185048002972274,0.883770118769258,0.0,0.22550877815237,            621P   1399
0.910805144418254,0.0,0.265969553332467,0.937840170067249,0.0,       621P   1400
0.310927157922386,0.956462219620201,0.0,0.355884762512306,           621P   1401
0.975084269173153,0.0,0.403611500980174,0.984577707709106,0.0,       621P   1402
0.45133823944804,0.994071146245059,0.0,0.548661760551959,            621P   1403
0.994071146245059,0.0,0.0,1.0,0.0,0.0,1.0,0,0;                       621P   1404
100,-0.1,-2.0,2.0,-1.5,2.0,-1.5,2.0,0,0;                             623P   1405
142,0,619,621,623,3,0,0;                                             625P   1406
144,619,1,0,625,0,0;                                                 627P   1407
128,6,1,3,1,0,0,0,0,0,0.0,0.0,0.0,0.0,0.5,0.5,0.5,1.0,1.0,1.0,       629P   1408
1.0,0.0,0.0,1.0,1.0,1.0,0.333333333333333,0.333333333333333,1.0,     629P   1409
0.333333333333333,0.333333333333333,1.0,1.0,0.333333333333333,       629P   1410
0.333333333333333,1.0,0.333333333333333,0.333333333333333,1.0,       629P   1411
2.5,2.0,-0.11,2.5,3.0,-0.11,1.5,3.0,-0.11,1.5,2.0,-0.11,1.5,1.0,     629P   1412
-0.11,2.5,1.0,-0.11,2.5,2.0,-0.11,2.5,2.0,0.01,2.5,3.0,              629P   1413
0.00999999999999999,1.5,3.0,0.00999999999999999,1.5,2.0,0.01,        629P   1414
1.5,1.0,0.00999999999999999,2.5,1.0,0.00999999999999999,2.5,2.0,     629P   1415
0.01,0.0,1.0,0.0,1.0,0,0;                                            629P   1416
126,1,1,1,0,1,0,0.0,0.0,1.0,1.0,1.0,1.0,1.0,0.916666666666667,       631P   1417
0.0,0.0,0.916666666666667,0.0,0.0,1.0,0.0,0.0,1.0,0,0;               631P   1418
126,1,1,1,0,1,0,0.0,0.0,1.0,1.0,1.0,1.0,0.0,0.916666666666667,       633P   1419
0.0,0.0,0.0833333333333333,0.0,0.0,1.0,0.0,0.0,1.0,0,0;              633P   1420
126,1,1,1,0,1,0,0.0,0.0,1.0,1.0,1.0,1.0,0.0,0.0833333333333333,      635P   1421
0.0,1.0,0.0833333333333333,0.0,0.0,1.0,0.0,0.0,1.0,0,0;              635P   1422
126,1,1,1,0,1,0,0.0,0.0,1.0,1.0,1.0,1.0,1.0,0.0833333333333333,      637P   1423
0.0,1.0,0.916666666666667,0.0,0.0,1.0,0.0,0.0,1.0,0,0;               637P   1424
102,4,631,633,635,637,0,0;                                           639P   1425
100,0.0,2.0,-2.0,2.5,-2.0,2.5,-2.0,0,0;                              641P   1426
110,2.5,2.0,-1.38777878078145E-017,2.5,2.0,-0.1,0,0;                 643P   1427
100,-0.1,2.0,2.0,2.5,2.0,2.5,2.0,0,0;                                645P   1428
110,2.5,2.0,-0.1,2.5,2.0,-1.35525271560688E-017,0,0;                 647P   1429
102,4,641,643,645,647,0,0;                                           649P   1430
142,0,629,639,649,3,0,0;                                             651P   1431
144,629,1,0,651,0,0;                                                 653P   1432
128,1,1,1,1,0,0,1,0,0,0.0,0.0,1.0,1.0,0.0,0.0,1.0,1.0,1.0,1.0,       655P   1433
1.0,1.0,1.494,1.494,-0.1,1.494,2.506,-0.1,2.506,1.494,-0.1,          655P   1434
2.506,2.506,-0.1,0.0,1.0,0.0,1.0,0,0;                                655P   1435
126,64,2,1,1,1,1,-0.03125,-0.03125,0.0,0.03125,0.03125,0.0625,       657P   1436
0.0625,0.09375,0.09375,0.125,0.125,0.15625,0.15625,0.1875,           657P   1437
0.1875,0.21875,0.21875,0.25,0.25,0.28125,0.28125,0.3125,0.3125,      657P   1438
0.34375,0.34375,0.375,0.375,0.40625,0.40625,0.4375,0.4375,           657P   1439
0.46875,0.46875,0.5,0.5,0.53125,0.53125,0.5625,0.5625,0.59375,       657P   1440
0.59375,0.625,0.625,0.65625,0.65625,0.6875,0.6875,0.71875,           657P   1441
0.71875,0.75,0.75,0.78125,0.78125,0.8125,0.8125,0.84375,0.84375,     657P   1442
0.875,0.875,0.90625,0.90625,0.9375,0.9375,0.96875,0.96875,1.0,       657P   1443
1.03125,1.03125,1.0,1.0,1.0,1.0,1.0,1.0,1.0,1.0,1.0,1.0,1.0,1.0,     657P   1444
1.0,1.0,1.0,1.0,1.0,1.0,1.0,1.0,1.0,1.0,1.0,1.0,1.0,1.0,1.0,1.0,     657P   1445
1.0,1.0,1.0,1.0,1.0,1.0,1.0,1.0,1.0,1.0,1.0,1.0,1.0,1.0,1.0,1.0,     657P   1446
1.0,1.0,1.0,1.0,1.0,1.0,1.0,1.0,1.0,1.0,1.0,1.0,1.0,1.0,1.0,1.0,     657P   1447
1.0,1.0,1.0,1.0,1.0,0.451338239448039,0.994071146245059,0.0,         657P   1448
0.548661760551961,0.994071146245059,0.0,0.596388499019826,           657P   1449
0.984577707709106,0.0,0.644115237487695,0.975084269173153,0.0,       657P   1450
0.689072842077614,0.956462219620201,0.0,0.734030446667533,           657P   1451
0.93784017006725,0.0,0.77449122184763,0.910805144418254,0.0,         657P   1452
0.814951997027727,0.883770118769258,0.0,0.849361057898492,           657P   1453
0.849361057898492,0.0,0.883770118769258,0.814951997027727,0.0,       657P   1454
0.910805144418254,0.77449122184763,0.0,0.93784017006725,             657P   1455
0.734030446667533,0.0,0.956462219620201,0.689072842077614,0.0,       657P   1456
0.975084269173153,0.644115237487696,0.0,0.984577707709106,           657P   1457
0.596388499019826,0.0,0.994071146245059,0.548661760551961,0.0,       657P   1458
0.994071146245059,0.5,0.0,0.994071146245059,0.45133823944804,        657P   1459
0.0,0.984577707709106,0.403611500980174,0.0,0.975084269173153,       657P   1460
0.355884762512305,0.0,0.956462219620201,0.310927157922387,0.0,       657P   1461
0.93784017006725,0.265969553332467,0.0,0.910805144418254,            657P   1462
0.225508778152371,0.0,0.883770118769258,0.185048002972274,0.0,       657P   1463
0.849361057898492,0.150638942101508,0.0,0.814951997027726,           657P   1464
0.116229881230742,0.0,0.77449122184763,0.0891948555817465,0.0,       657P   1465
0.734030446667534,0.0621598299327511,0.0,0.689072842077614,          657P   1466
0.0435377803797993,0.0,0.644115237487695,0.0249157308268478,0.0,     657P   1467
0.596388499019826,0.0154222922908943,0.0,0.548661760551958,          657P   1468
0.00592885375494073,0.0,0.5,0.00592885375494073,0.0,                 657P   1469
0.451338239448043,0.00592885375494073,0.0,0.403611500980174,         657P   1470
0.0154222922908943,0.0,0.355884762512305,0.0249157308268478,0.0,     657P   1471
0.310927157922387,0.0435377803797991,0.0,0.265969553332467,          657P   1472
0.0621598299327507,0.0,0.225508778152371,0.0891948555817465,0.0,     657P   1473
0.185048002972274,0.116229881230742,0.0,0.150638942101508,           657P   1474
0.150638942101508,0.0,0.116229881230742,0.185048002972274,0.0,       657P   1475
0.0891948555817465,0.225508778152371,0.0,0.0621598299327509,         657P   1476
0.265969553332467,0.0,0.0435377803797993,0.310927157922386,0.0,      657P   1477
0.0249157308268478,0.355884762512306,0.0,0.0154222922908943,         657P   1478
0.403611500980174,0.0,0.00592885375494073,0.451338239448042,0.0,     657P   1479
0.00592885375494073,0.5,0.0,0.00592885375494073,                     657P   1480
0.548661760551958,0.0,0.0154222922908943,0.596388499019826,0.0,      657P   1481
0.0249157308268478,0.644115237487695,0.0,0.0435377803797993,         657P   1482
0.689072842077614,0.0,0.062159829932751,0.734030446667534,0.0,       657P   1483
0.0891948555817465,0.77449122184763,0.0,0.116229881230742,           657P   1484
0.814951997027726,0.0,0.150638942101508,0.849361057898492,0.0,       657P   1485
0.185048002972274,0.883770118769258,0.0,0.225508778152371,           657P   1486
0.910805144418254,0.0,0.265969553332466,0.937840170067249,0.0,       657P   1487
0.310927157922386,0.956462219620201,0.0,0.355884762512307,           657P   1488
0.975084269173153,0.0,0.403611500980174,0.984577707709106,0.0,       657P   1489
0.451338239448039,0.994071146245059,0.0,0.548661760551961,           657P   1490
0.994071146245059,0.0,0.0,1.0,0.0,0.0,1.0,0,0;                       657P   1491
100,-0.1,2.0,2.0,2.5,2.0,2.5,2.0,0,0;                                659P   1492
142,0,655,657,659,3,0,0;                                             661P   1493
144,655,1,0,661,0,0;                                                 663P   1494
128,6,1,3,1,0,0,0,0,0,0.0,0.0,0.0,0.0,0.5,0.5,0.5,1.0,1.0,1.0,       665P   1495
1.0,0.0,0.0,1.0,1.0,1.0,0.333333333333333,0.333333333333333,1.0,     665P   1496
0.333333333333333,0.333333333333333,1.0,1.0,0.333333333333333,       665P   1497
0.333333333333333,1.0,0.333333333333333,0.333333333333333,1.0,       665P   1498
-1.5,-2.0,-0.11,-1.5,-1.0,-0.11,-2.5,-1.0,-0.11,-2.5,-2.0,-0.11,     665P   1499
-2.5,-3.0,-0.11,-1.5,-3.0,-0.11,-1.5,-2.0,-0.11,-1.5,-2.0,0.01,      665P   1500
-1.5,-1.0,0.00999999999999999,-2.5,-1.0,0.00999999999999999,         665P   1501
-2.5,-2.0,0.01,-2.5,-3.0,0.00999999999999999,-1.5,-3.0,              665P   1502
0.00999999999999999,-1.5,-2.0,0.01,0.0,1.0,0.0,1.0,0,0;              665P   1503
126,1,1,1,0,1,0,0.0,0.0,1.0,1.0,1.0,1.0,1.0,0.916666666666667,       667P   1504
0.0,0.0,0.916666666666667,0.0,0.0,1.0,0.0,0.0,1.0,0,0;               667P   1505
126,1,1,1,0,1,0,0.0,0.0,1.0,1.0,1.0,1.0,0.0,0.916666666666667,       669P   1506
0.0,0.0,0.0833333333333333,0.0,0.0,1.0,0.0,0.0,1.0,0,0;              669P   1507
126,1,1,1,0,1,0,0.0,0.0,1.0,1.0,1.0,1.0,0.0,0.0833333333333333,      671P   1508
0.0,1.0,0.0833333333333333,0.0,0.0,1.0,0.0,0.0,1.0,0,0;              671P   1509
126,1,1,1,0,1,0,0.0,0.0,1.0,1.0,1.0,1.0,1.0,0.0833333333333333,      673P   1510
0.0,1.0,0.916666666666667,0.0,0.0,1.0,0.0,0.0,1.0,0,0;               673P   1511
102,4,667,669,671,673,0,0;                                           675P   1512
100,0.0,-2.0,2.0,-1.5,2.0,-1.5,2.0,0,0;                              677P   1513
110,-1.5,-2.0,-1.38777878078145E-017,-1.5,-2.0,-0.1,0,0;             679P   1514
100,-0.1,-2.0,-2.0,-1.5,-2.0,-1.5,-2.0,0,0;                          681P   1515
110,-1.5,-2.0,-0.1,-1.5,-2.0,-1.35525271560688E-017,0,0;             683P   1516
102,4,677,679,681,683,0,0;                                           685P   1517
142,0,665,675,685,3,0,0;                                             687P   1518
144,665,1,0,687,0,0;                                                 689P   1519
314,91.3725490196078,89.4102388036927,83.1357289997711,5HBrown,      691P   1520
0,0;                                                                 691P   1521
128,1,1,1,1,0,0,1,0,0,0.0,0.0,1.0,1.0,0.0,0.0,1.0,1.0,1.0,1.0,       693P   1522
1.0,1.0,1.0856,-0.25,-8.8703616955841E-016,3.5,-0.25,                693P   1523
1.20370621524202E-032,1.0856,0.25,-8.8703616955841E-016,3.5,         693P   1524
0.25,1.20370621524202E-032,0.0,1.0,0.0,1.0,0,0;                      693P   1525
126,1,1,1,0,1,0,0.0,0.0,1.0,1.0,1.0,1.0,1.0,1.0,0.0,                 695P   1526
0.109509609012591,1.0,0.0,0.0,1.0,0.0,0.0,1.0,0,0;                   695P   1527
126,8,2,1,0,1,0,0.0,0.0,0.0,0.25,0.25,0.5,0.5,0.75,0.75,1.0,1.0,     697P   1528
1.0,1.0,1.0,1.0,1.0,1.0,1.0,1.0,1.0,1.0,0.109509609012591,1.0,       697P   1529
0.0,0.0889131495009465,1.0,0.0,0.0698845021159407,                   697P   1530
0.961939766255643,0.0,0.0508558547309349,0.923879532511287,0.0,      697P   1531
0.0362919585418169,0.853553390593274,0.0,0.021728062352699,          697P   1532
0.783227248675261,0.0,0.0138461385322142,0.691341716182545,0.0,      697P   1533
0.0059642147117295,0.599456183689829,0.0,0.0059642147117295,0.5,     697P   1534
0.0,0.0,1.0,0.0,0.0,1.0,0,0;                                         697P   1535
126,8,2,1,0,1,0,0.0,0.0,0.0,0.25,0.25,0.5,0.5,0.75,0.75,1.0,1.0,     699P   1536
1.0,1.0,1.0,1.0,1.0,1.0,1.0,1.0,1.0,1.0,0.0059642147117295,0.5,      699P   1537
0.0,0.0059642147117295,0.400543816310171,0.0,0.0138461385322142,     699P   1538
0.308658283817455,0.0,0.021728062352699,0.216772751324739,0.0,       699P   1539
0.0362919585418169,0.146446609406726,0.0,0.0508558547309349,         699P   1540
0.0761204674887134,0.0,0.0698845021159407,0.0380602337443567,        699P   1541
0.0,0.0889131495009465,0.0,0.0,0.109509609012591,0.0,0.0,0.0,        699P   1542
1.0,0.0,0.0,1.0,0,0;                                                 699P   1543
126,1,1,1,0,1,0,0.0,0.0,1.0,1.0,1.0,1.0,0.109509609012591,0.0,       701P   1544
0.0,1.0,0.0,0.0,0.0,1.0,0.0,0.0,1.0,0,0;                             701P   1545
126,1,1,1,0,1,0,0.0,0.0,1.0,1.0,1.0,1.0,1.0,0.0,0.0,1.0,1.0,0.0,     703P   1546
0.0,1.0,0.0,0.0,1.0,0,0;                                             703P   1547
102,5,695,697,699,701,703,0,0;                                       705P   1548
110,3.5,0.25,0.0,1.35,0.25,-7.89897185450042E-016,0,0;               707P   1549
100,-1.28587913910472E-015,1.35,0.0,1.35,0.25,1.1,                   709P   1550
3.06161699786838E-017,0,0;                                           709P   1551
100,-1.28202852870667E-015,1.35,0.0,1.1,3.06161699786838E-017,       711P   1552
1.35,-0.25,0,0;                                                      711P   1553
110,1.35,-0.25,-2.17096478030667E-017,3.5,-0.25,                     713P   1554
2.22663054390427E-018,0,0;                                           713P   1555
110,3.5,-0.25,1.20370621524202E-032,3.5,0.25,                        715P   1556
1.20370621524202E-032,0,0;                                           715P   1557
102,5,707,709,711,713,715,0,0;                                       717P   1558
142,0,693,705,717,3,0,0;                                             719P   1559
144,693,1,0,719,0,0;                                                 721P   1560
128,1,1,1,1,0,0,1,0,0,0.0,0.0,1.0,1.0,0.0,0.0,1.0,1.0,1.0,1.0,       723P   1561
1.0,1.0,1.35,-0.25,-0.3018,3.5,-0.25,-0.3018,1.35,-0.25,0.0,3.5,     723P   1562
-0.25,0.0,0.0,1.0,0.0,1.0,0,0;                                       723P   1563
126,1,1,1,0,1,0,0.0,0.0,1.0,1.0,1.0,1.0,1.0,1.0,0.0,1.0,             725P   1564
0.00596421471172959,0.0,0.0,1.0,0.0,0.0,1.0,0,0;                     725P   1565
126,1,1,1,0,1,0,0.0,0.0,1.0,1.0,1.0,1.0,1.0,0.00596421471172959,     727P   1566
0.0,0.0,0.302794345040865,0.0,0.0,1.0,0.0,0.0,1.0,0,0;               727P   1567
126,1,1,1,0,1,0,0.0,0.0,1.0,1.0,1.0,1.0,0.0,0.302794345040865,       729P   1568
0.0,0.0,1.0,0.0,0.0,1.0,0.0,0.0,1.0,0,0;                             729P   1569
126,1,1,1,0,1,0,0.0,0.0,1.0,1.0,1.0,1.0,0.0,1.0,0.0,1.0,1.0,0.0,     731P   1570
0.0,1.0,0.0,0.0,1.0,0,0;                                             731P   1571
102,4,725,727,729,731,0,0;                                           733P   1572
110,3.5,-0.25,0.0,3.5,-0.25,-0.3,0,0;                                735P   1573
110,3.5,-0.25,-0.3,1.35,-0.25,-0.210416666666667,0,0;                737P   1574
110,1.35,-0.25,-0.210416666666667,1.35,-0.25,0.0,0,0;                739P   1575
110,1.35,-0.25,-2.17096478030667E-017,3.5,-0.25,                     741P   1576
2.22663054390427E-018,0,0;                                           741P   1577
102,4,735,737,739,741,0,0;                                           743P   1578
142,0,723,733,743,3,0,0;                                             745P   1579
144,723,1,0,745,0,0;                                                 747P   1580
128,1,1,1,1,0,0,1,0,0,0.0,0.0,1.0,1.0,0.0,0.0,1.0,1.0,1.0,1.0,       749P   1581
1.0,1.0,-3.5,0.25,1.20370621524202E-032,-1.35,0.25,                  749P   1582
1.20370621524202E-032,-3.5,0.25,-0.3018,-1.35,0.25,-0.3018,0.0,      749P   1583
1.0,0.0,1.0,0,0;                                                     749P   1584
126,1,1,1,0,1,0,0.0,0.0,1.0,1.0,1.0,1.0,0.0,0.0,0.0,0.0,             751P   1585
0.99403578528827,0.0,0.0,1.0,0.0,0.0,1.0,0,0;                        751P   1586
126,1,1,1,0,1,0,0.0,0.0,1.0,1.0,1.0,1.0,0.0,0.99403578528827,        753P   1587
0.0,1.0,0.697205654959135,0.0,0.0,1.0,0.0,0.0,1.0,0,0;               753P   1588
126,1,1,1,0,1,0,0.0,0.0,1.0,1.0,1.0,1.0,1.0,0.697205654959135,       755P   1589
0.0,1.0,0.0,0.0,0.0,1.0,0.0,0.0,1.0,0,0;                             755P   1590
126,1,1,1,0,1,0,0.0,0.0,1.0,1.0,1.0,1.0,1.0,0.0,0.0,0.0,0.0,0.0,     757P   1591
0.0,1.0,0.0,0.0,1.0,0,0;                                             757P   1592
102,4,751,753,755,757,0,0;                                           759P   1593
110,-3.5,0.25,1.20370621524202E-032,-3.5,0.25,-0.3,0,0;              761P   1594
110,-3.5,0.25,-0.3,-1.35,0.25,-0.210416666666667,0,0;                763P   1595
110,-1.35,0.25,-0.210416666666667,-1.35,0.25,                        765P   1596
1.20370621524202E-032,0,0;                                           765P   1597
110,-1.35,0.25,-7.89897185450042E-016,-3.5,0.25,                     767P   1598
1.20370621524202E-032,0,0;                                           767P   1599
102,4,761,763,765,767,0,0;                                           769P   1600
142,0,749,759,769,3,0,0;                                             771P   1601
144,749,1,0,771,0,0;                                                 773P   1602
128,1,1,1,1,0,0,1,0,0,0.0,0.0,1.0,1.0,0.0,0.0,1.0,1.0,1.0,1.0,       775P   1603
1.0,1.0,-1.0856,-0.25,-8.8703616955841E-016,-1.0856,0.25,            775P   1604
-8.8703616955841E-016,-3.5,-0.25,1.20370621524202E-032,-3.5,         775P   1605
0.25,1.20370621524202E-032,0.0,1.0,0.0,1.0,0,0;                      775P   1606
126,1,1,1,0,1,0,0.0,0.0,1.0,1.0,1.0,1.0,0.0,0.109509609012591,       777P   1607
0.0,0.0,1.0,0.0,0.0,1.0,0.0,0.0,1.0,0,0;                             777P   1608
126,1,1,1,0,1,0,0.0,0.0,1.0,1.0,1.0,1.0,0.0,1.0,0.0,1.0,1.0,0.0,     779P   1609
0.0,1.0,0.0,0.0,1.0,0,0;                                             779P   1610
126,1,1,1,0,1,0,0.0,0.0,1.0,1.0,1.0,1.0,1.0,1.0,0.0,1.0,             781P   1611
0.109509609012591,0.0,0.0,1.0,0.0,0.0,1.0,0,0;                       781P   1612
126,8,2,1,0,1,0,0.0,0.0,0.0,0.25,0.25,0.5,0.5,0.75,0.75,1.0,1.0,     783P   1613
1.0,1.0,1.0,1.0,1.0,1.0,1.0,1.0,1.0,1.0,1.0,0.109509609012591,       783P   1614
0.0,1.0,0.0889131495009465,0.0,0.961939766255643,                    783P   1615
0.0698845021159407,0.0,0.923879532511287,0.0508558547309349,0.0,     783P   1616
0.853553390593274,0.0362919585418169,0.0,0.783227248675261,          783P   1617
0.021728062352699,0.0,0.691341716182545,0.0138461385322142,0.0,      783P   1618
0.599456183689829,0.0059642147117295,0.0,0.5,0.0059642147117295,     783P   1619
0.0,0.0,1.0,0.0,0.0,1.0,0,0;                                         783P   1620
126,8,2,1,0,1,0,0.0,0.0,0.0,0.25,0.25,0.5,0.5,0.75,0.75,1.0,1.0,     785P   1621
1.0,1.0,1.0,1.0,1.0,1.0,1.0,1.0,1.0,1.0,0.5,0.0059642147117295,      785P   1622
0.0,0.400543816310171,0.0059642147117295,0.0,0.308658283817455,      785P   1623
0.0138461385322142,0.0,0.216772751324739,0.021728062352699,0.0,      785P   1624
0.146446609406726,0.0362919585418169,0.0,0.0761204674887134,         785P   1625
0.0508558547309349,0.0,0.0380602337443567,0.0698845021159407,        785P   1626
0.0,0.0,0.0889131495009465,0.0,0.0,0.109509609012591,0.0,0.0,        785P   1627
1.0,0.0,0.0,1.0,0,0;                                                 785P   1628
102,5,777,779,781,783,785,0,0;                                       787P   1629
110,-1.35,-0.25,-5.17691601457744E-017,-3.5,-0.25,                   789P   1630
-7.57054384927454E-017,0,0;                                          789P   1631
110,-3.5,-0.25,1.20370621524202E-032,-3.5,0.25,                      791P   1632
1.20370621524202E-032,0,0;                                           791P   1633
110,-3.5,0.25,0.0,-1.35,0.25,-7.89897185450042E-016,0,0;             793P   1634
100,1.28202852870667E-015,1.35,0.0,1.35,0.25,1.1,                    795P   1635
3.06161699786838E-017,0,0;                                           795P   1636
100,1.28587913910472E-015,1.35,0.0,1.1,3.06161699786838E-017,        797P   1637
1.35,-0.25,0,0;                                                      797P   1638
102,5,789,791,793,795,797,0,0;                                       799P   1639
142,0,775,787,799,3,0,0;                                             801P   1640
144,775,1,0,801,0,0;                                                 803P   1641
128,1,1,1,1,0,0,1,0,0,0.0,0.0,1.0,1.0,0.0,0.0,1.0,1.0,1.0,1.0,       805P   1642
1.0,1.0,-3.5,-0.25,1.20370621524202E-032,-3.5,-0.25,-0.3018,         805P   1643
-1.35,-0.25,1.20370621524202E-032,-1.35,-0.25,-0.3018,0.0,1.0,       805P   1644
0.0,1.0,0,0;                                                         805P   1645
126,1,1,1,0,1,0,0.0,0.0,1.0,1.0,1.0,1.0,0.99403578528827,0.0,        807P   1646
0.0,0.697205654959135,1.0,0.0,0.0,1.0,0.0,0.0,1.0,0,0;               807P   1647
126,1,1,1,0,1,0,0.0,0.0,1.0,1.0,1.0,1.0,0.697205654959135,1.0,       809P   1648
0.0,0.0,1.0,0.0,0.0,1.0,0.0,0.0,1.0,0,0;                             809P   1649
126,1,1,1,0,1,0,0.0,0.0,1.0,1.0,1.0,1.0,0.0,1.0,0.0,0.0,0.0,0.0,     811P   1650
0.0,1.0,0.0,0.0,1.0,0,0;                                             811P   1651
126,1,1,1,0,1,0,0.0,0.0,1.0,1.0,1.0,1.0,0.0,0.0,0.0,                 813P   1652
0.99403578528827,0.0,0.0,0.0,1.0,0.0,0.0,1.0,0,0;                    813P   1653
102,4,807,809,811,813,0,0;                                           815P   1654
110,-3.5,-0.25,-0.3,-1.35,-0.25,-0.210416666666667,0,0;              817P   1655
110,-1.35,-0.25,-0.210416666666667,-1.35,-0.25,                      819P   1656
1.20370621524202E-032,0,0;                                           819P   1657
110,-1.35,-0.25,-5.17691601457744E-017,-3.5,-0.25,                   821P   1658
-7.57054384927454E-017,0,0;                                          821P   1659
110,-3.5,-0.25,1.20370621524202E-032,-3.5,-0.25,-0.3,0,0;            823P   1660
102,4,817,819,821,823,0,0;                                           825P   1661
142,0,805,815,825,3,0,0;                                             827P   1662
144,805,1,0,827,0,0;                                                 829P   1663
128,1,1,1,1,0,0,1,0,0,0.0,0.0,1.0,1.0,0.0,0.0,1.0,1.0,1.0,1.0,       831P   1664
1.0,1.0,3.5,-0.25,1.20370621524202E-032,3.5,-0.25,-0.3,3.5,0.25,     831P   1665
1.20370621524202E-032,3.5,0.25,-0.3,0.0,1.0,0.0,1.0,0,0;             831P   1666
128,1,1,1,1,0,0,1,0,0,0.0,0.0,1.0,1.0,0.0,0.0,1.0,1.0,1.0,1.0,       833P   1667
1.0,1.0,-3.5,-0.25,1.20370621524202E-032,-3.5,0.25,                  833P   1668
1.20370621524202E-032,-3.5,-0.25,-0.3,-3.5,0.25,-0.3,0.0,1.0,        833P   1669
0.0,1.0,0,0;                                                         833P   1670
124,0.999133073092352,0.0,-0.0416305447121813,1.35641247833622,      835P   1671
0.0,-1.0,0.0,0.0,-0.0416305447121813,0.0,-0.999133073092352,         835P   1672
-0.0565171865973425,0,0;                                             835P   1673
124,-0.999133073092352,0.0,-0.0416305447121813,1.35641247833622,     837P   1674
0.0,1.0,0.0,0.0,0.0416305447121813,0.0,-0.999133073092352,           837P   1675
-0.0565171865973425,0,0;                                             837P   1676
128,1,1,1,1,0,0,1,0,0,0.0,0.0,1.0,1.0,0.0,0.0,1.0,1.0,1.0,1.0,       839P   1677
1.0,1.0,3.5,-0.25,-0.3,1.0856,-0.25,-0.1994,3.5,0.25,-0.3,           839P   1678
1.0856,0.25,-0.1994,0.0,1.0,0.0,1.0,0,0;                             839P   1679
126,8,2,1,0,1,0,0.0,0.0,0.0,0.25,0.25,0.5,0.5,0.75,0.75,1.0,1.0,     841P   1680
1.0,1.0,1.0,1.0,1.0,1.0,1.0,1.0,1.0,1.0,0.890490390987409,0.0,       841P   1681
0.0,0.911086850499053,0.0,0.0,0.930115497884059,                     841P   1682
0.0380602337443566,0.0,0.949144145269065,0.0761204674887132,0.0,     841P   1683
0.963708041458183,0.146446609406726,0.0,0.978271937647301,           841P   1684
0.216772751324738,0.0,0.986153861467786,0.308658283817455,0.0,       841P   1685
0.99403578528827,0.400543816310172,0.0,0.99403578528827,0.5,0.0,     841P   1686
0.0,1.0,0.0,0.0,1.0,0,0;                                             841P   1687
126,8,2,1,0,1,0,0.0,0.0,0.0,0.25,0.25,0.5,0.5,0.75,0.75,1.0,1.0,     843P   1688
1.0,1.0,1.0,1.0,1.0,1.0,1.0,1.0,1.0,1.0,0.99403578528827,0.5,        843P   1689
0.0,0.99403578528827,0.599456183689829,0.0,0.986153861467786,        843P   1690
0.691341716182545,0.0,0.978271937647301,0.783227248675261,0.0,       843P   1691
0.963708041458183,0.853553390593274,0.0,0.949144145269065,           843P   1692
0.923879532511286,0.0,0.930115497884059,0.961939766255643,0.0,       843P   1693
0.911086850499053,1.0,0.0,0.890490390987409,1.0,0.0,0.0,1.0,0.0,     843P   1694
0.0,1.0,0,0;                                                         843P   1695
126,1,1,1,0,1,0,0.0,0.0,1.0,1.0,1.0,1.0,0.890490390987409,1.0,       845P   1696
0.0,0.0,1.0,0.0,0.0,1.0,0.0,0.0,1.0,0,0;                             845P   1697
126,1,1,1,0,1,0,0.0,0.0,1.0,1.0,1.0,1.0,0.0,1.0,0.0,0.0,0.0,0.0,     847P   1698
0.0,1.0,0.0,0.0,1.0,0,0;                                             847P   1699
126,1,1,1,0,1,0,0.0,0.0,1.0,1.0,1.0,1.0,0.0,0.0,0.0,                 849P   1700
0.890490390987409,0.0,0.0,0.0,1.0,0.0,0.0,1.0,0,0;                   849P   1701
102,5,841,843,845,847,849,0,0;                                       851P   1702
104,0.998266897746967,0.0,1.0,0.0,0.0,-0.0625,0.154033015435071,     853P   1703
0.0,0.25,-0.250216919780506,3.06161699786838E-017,0,0;               853P   1704
104,0.998266897746967,0.0,1.0,0.0,0.0,-0.0625,0.154033015435071,     855P   1705
0.250216919780506,2.71050543121376E-017,0.0,0.25,0,0;                855P   1706
110,1.35,0.25,-0.210416666666667,3.5,0.25,-0.3,0,0;                  857P   1707
110,3.5,0.25,-0.3,3.5,-0.25,-0.3,0,0;                                859P   1708
110,3.5,-0.25,-0.3,1.35,-0.25,-0.210416666666667,0,0;                861P   1709
102,5,853,855,857,859,861,0,0;                                       863P   1710
142,0,839,851,863,3,0,0;                                             865P   1711
144,839,1,0,865,0,0;                                                 867P   1712
124,-0.999133073092352,0.0,-0.0416305447121813,                      869P   1713
-1.35641247833622,0.0,-1.0,0.0,0.0,-0.0416305447121813,0.0,          869P   1714
0.999133073092352,-0.0565171865973425,0,0;                           869P   1715
124,0.999133073092352,0.0,-0.0416305447121813,-1.35641247833622,     871P   1716
0.0,1.0,0.0,0.0,0.0416305447121813,0.0,0.999133073092352,            871P   1717
-0.0565171865973425,0,0;                                             871P   1718
128,1,1,1,1,0,0,1,0,0,0.0,0.0,1.0,1.0,0.0,0.0,1.0,1.0,1.0,1.0,       873P   1719
1.0,1.0,-3.5,-0.25,-0.3,-3.5,0.25,-0.3,-1.0856,-0.25,-0.1994,        873P   1720
-1.0856,0.25,-0.1994,0.0,1.0,0.0,1.0,0,0;                            873P   1721
126,1,1,1,0,1,0,0.0,0.0,1.0,1.0,1.0,1.0,1.0,0.0,0.0,0.0,0.0,0.0,     875P   1722
0.0,1.0,0.0,0.0,1.0,0,0;                                             875P   1723
126,1,1,1,0,1,0,0.0,0.0,1.0,1.0,1.0,1.0,0.0,0.0,0.0,0.0,             877P   1724
0.890490390987409,0.0,0.0,1.0,0.0,0.0,1.0,0,0;                       877P   1725
126,8,2,1,0,1,0,0.0,0.0,0.0,0.25,0.25,0.5,0.5,0.75,0.75,1.0,1.0,     879P   1726
1.0,1.0,1.0,1.0,1.0,1.0,1.0,1.0,1.0,1.0,0.0,0.890490390987409,       879P   1727
0.0,0.0,0.911086850499053,0.0,0.0380602337443566,                    879P   1728
0.930115497884059,0.0,0.0761204674887132,0.949144145269065,0.0,      879P   1729
0.146446609406726,0.963708041458183,0.0,0.216772751324739,           879P   1730
0.978271937647301,0.0,0.308658283817455,0.986153861467786,0.0,       879P   1731
0.400543816310171,0.99403578528827,0.0,0.5,0.99403578528827,0.0,     879P   1732
0.0,1.0,0.0,0.0,1.0,0,0;                                             879P   1733
126,8,2,1,0,1,0,0.0,0.0,0.0,0.25,0.25,0.5,0.5,0.75,0.75,1.0,1.0,     881P   1734
1.0,1.0,1.0,1.0,1.0,1.0,1.0,1.0,1.0,1.0,0.5,0.99403578528827,        881P   1735
0.0,0.599456183689828,0.99403578528827,0.0,0.691341716182545,        881P   1736
0.986153861467786,0.0,0.783227248675261,0.978271937647301,0.0,       881P   1737
0.853553390593274,0.963708041458183,0.0,0.923879532511287,           881P   1738
0.949144145269065,0.0,0.961939766255643,0.930115497884059,0.0,       881P   1739
1.0,0.911086850499053,0.0,1.0,0.890490390987409,0.0,0.0,1.0,0.0,     881P   1740
0.0,1.0,0,0;                                                         881P   1741
126,1,1,1,0,1,0,0.0,0.0,1.0,1.0,1.0,1.0,1.0,0.890490390987409,       883P   1742
0.0,1.0,0.0,0.0,0.0,1.0,0.0,0.0,1.0,0,0;                             883P   1743
102,5,875,877,879,881,883,0,0;                                       885P   1744
110,-3.5,0.25,-0.3,-3.5,-0.25,-0.3,0,0;                              887P   1745
110,-3.5,-0.25,-0.3,-1.35,-0.25,-0.210416666666667,0,0;              889P   1746
104,0.998266897746967,0.0,1.0,0.0,0.0,-0.0625,                       891P   1747
-0.154033015435071,0.0,0.25,-0.250216919780506,                      891P   1748
3.06161699786838E-017,0,0;                                           891P   1749
104,0.998266897746967,0.0,1.0,0.0,0.0,-0.0625,                       893P   1750
-0.154033015435071,0.250216919780506,2.71050543121376E-017,0.0,      893P   1751
0.25,0,0;                                                            893P   1752
110,-1.35,0.25,-0.210416666666667,-3.5,0.25,-0.3,0,0;                895P   1753
102,5,887,889,891,893,895,0,0;                                       897P   1754
142,0,873,885,897,3,0,0;                                             899P   1755
144,873,1,0,899,0,0;                                                 901P   1756
128,1,1,1,1,0,0,1,0,0,0.0,0.0,1.0,1.0,0.0,0.0,1.0,1.0,1.0,1.0,       903P   1757
1.0,1.0,1.35,0.25,-0.3018,1.35,0.25,0.0,3.5,0.25,-0.3018,3.5,        903P   1758
0.25,0.0,0.0,1.0,0.0,1.0,0,0;                                        903P   1759
126,1,1,1,0,1,0,0.0,0.0,1.0,1.0,1.0,1.0,0.00596421471172959,1.0,     905P   1760
0.0,0.302794345040865,0.0,0.0,0.0,1.0,0.0,0.0,1.0,0,0;               905P   1761
126,1,1,1,0,1,0,0.0,0.0,1.0,1.0,1.0,1.0,0.302794345040865,0.0,       907P   1762
0.0,1.0,0.0,0.0,0.0,1.0,0.0,0.0,1.0,0,0;                             907P   1763
126,1,1,1,0,1,0,0.0,0.0,1.0,1.0,1.0,1.0,1.0,0.0,0.0,1.0,1.0,0.0,     909P   1764
0.0,1.0,0.0,0.0,1.0,0,0;                                             909P   1765
126,1,1,1,0,1,0,0.0,0.0,1.0,1.0,1.0,1.0,1.0,1.0,0.0,                 911P   1766
0.00596421471172959,1.0,0.0,0.0,1.0,0.0,0.0,1.0,0,0;                 911P   1767
102,4,905,907,909,911,0,0;                                           913P   1768
110,3.5,0.25,-0.3,1.35,0.25,-0.210416666666667,0,0;                  915P   1769
110,1.35,0.25,-0.210416666666667,1.35,0.25,0.0,0,0;                  917P   1770
110,1.35,0.25,-7.89897185450042E-016,3.5,0.25,                       919P   1771
1.20370621524202E-032,0,0;                                           919P   1772
110,3.5,0.25,0.0,3.5,0.25,-0.3,0,0;                                  921P   1773
102,4,915,917,919,921,0,0;                                           923P   1774
142,0,903,913,923,3,0,0;                                             925P   1775
144,903,1,0,925,0,0;                                                 927P   1776
124,-0.999133073092352,0.0,0.0416305447121813,1.35641247833622,      929P   1777
0.0,-1.0,0.0,0.0,0.0416305447121813,0.0,0.999133073092352,           929P   1778
-0.0565171865973425,0,0;                                             929P   1779
128,3,1,3,1,0,0,0,0,0,0.0,0.0,0.0,0.0,1.0,1.0,1.0,1.0,0.0,0.0,       931P   1780
1.0,1.0,1.0,0.804737854124365,0.804737854124365,1.0,1.0,             931P   1781
0.804737854124365,0.804737854124365,1.0,1.35,0.25,                   931P   1782
-0.232847083333334,1.20355339059327,0.25,-0.232847083333334,1.1,     931P   1783
0.146446609406726,-0.232847083333334,1.1,3.06161699786838E-017,      931P   1784
-0.232847083333334,1.35,0.25,0.0211679166666667,                     931P   1785
1.20355339059327,0.25,0.0211679166666666,1.1,0.146446609406726,      931P   1786
0.0211679166666666,1.1,3.06161699786838E-017,0.0211679166666667,     931P   1787
0.0,1.0,0.0,1.0,0,0;                                                 931P   1788
126,6,2,1,0,1,0,0.0,0.0,0.0,0.25,0.25,0.5,0.5,1.0,1.0,1.0,1.0,       933P   1789
1.0,1.0,1.0,1.0,1.0,1.0,0.0,0.0883035122597749,0.0,                  933P   1790
0.12996444729146,0.0958406936264389,0.0,0.259891532474145,           933P   1791
0.103996623902013,0.0,0.379940166456416,0.111532452840687,0.0,       933P   1792
0.5,0.117300601555131,0.0,0.750000000000003,0.129311589210611,       933P   1793
0.0,1.0,0.129311589210611,0.0,0.0,1.0,0.0,0.0,1.0,0,0;               933P   1794
126,1,1,1,0,1,0,0.0,0.0,1.0,1.0,1.0,1.0,1.0,0.129311589210611,       935P   1795
0.0,1.0,0.916666666666667,0.0,0.0,1.0,0.0,0.0,1.0,0,0;               935P   1796
126,1,1,1,0,1,0,0.0,0.0,1.0,1.0,1.0,1.0,1.0,0.916666666666663,       937P   1797
0.0,0.0,0.916666666666664,0.0,0.0,1.0,0.0,0.0,1.0,0,0;               937P   1798
126,1,1,1,0,1,0,0.0,0.0,1.0,1.0,1.0,1.0,0.0,0.916666666666664,       939P   1799
0.0,0.0,0.0883035122597747,0.0,0.0,1.0,0.0,0.0,1.0,0,0;              939P   1800
102,4,933,935,937,939,0,0;                                           941P   1801
104,0.998266897746967,0.0,1.0,0.0,0.0,-0.0625,                       943P   1802
-0.154033015435071,0.0,-0.25,0.250216919780507,                      943P   1803
-6.12323399573677E-017,0,0;                                          943P   1804
110,1.1,0.0,-0.2,1.1,0.0,-3.04931861011548E-017,0,0;                 945P   1805
100,1.28587913910472E-015,1.35,0.0,1.1,3.06161699786838E-017,        947P   1806
1.35,-0.25,0,0;                                                      947P   1807
110,1.35,0.25,-8.04911692853238E-016,1.35,0.25,                      949P   1808
-0.210416666666667,0,0;                                              949P   1809
102,4,943,945,947,949,0,0;                                           951P   1810
142,0,931,941,951,3,0,0;                                             953P   1811
144,931,1,0,953,0,0;                                                 955P   1812
124,0.999133073092352,0.0,0.0416305447121813,1.35641247833622,       957P   1813
0.0,1.0,0.0,0.0,-0.0416305447121813,0.0,0.999133073092352,           957P   1814
-0.0565171865973425,0,0;                                             957P   1815
128,3,1,3,1,0,0,0,0,0,0.0,0.0,0.0,0.0,1.0,1.0,1.0,1.0,0.0,0.0,       959P   1816
1.0,1.0,1.0,0.804737854124365,0.804737854124365,1.0,1.0,             959P   1817
0.804737854124365,0.804737854124365,1.0,1.35,-0.25,                  959P   1818
0.0211679166666667,1.20355339059327,-0.25,0.0211679166666667,        959P   1819
1.1,-0.146446609406726,0.0211679166666667,1.1,0.0,                   959P   1820
0.0211679166666667,1.35,-0.25,-0.232847083333334,                    959P   1821
1.20355339059327,-0.25,-0.232847083333334,1.1,                       959P   1822
-0.146446609406726,-0.232847083333334,1.1,0.0,                       959P   1823
-0.232847083333334,0.0,1.0,0.0,1.0,0,0;                              959P   1824
126,1,1,1,0,1,0,0.0,0.0,1.0,1.0,1.0,1.0,1.0,0.0833333333333333,      961P   1825
0.0,1.0,0.870688410789389,0.0,0.0,1.0,0.0,0.0,1.0,0,0;               961P   1826
126,6,2,1,0,1,0,0.0,0.0,0.0,0.5,0.5,0.75,0.75,1.0,1.0,1.0,1.0,       963P   1827
1.0,1.0,1.0,1.0,1.0,1.0,1.0,0.870688410789389,0.0,                   963P   1828
0.750000000000001,0.870688410789389,0.0,0.5,0.882699398444869,       963P   1829
0.0,0.403190537838644,0.887350507464684,0.0,0.259891532474145,       963P   1830
0.896003376097988,0.0,0.129945766237073,0.903849931919106,0.0,       963P   1831
0.0,0.911696487740225,0.0,0.0,1.0,0.0,0.0,1.0,0,0;                   963P   1832
126,1,1,1,0,1,0,0.0,0.0,1.0,1.0,1.0,1.0,0.0,0.911696487740225,       965P   1833
0.0,0.0,0.0833333333333334,0.0,0.0,1.0,0.0,0.0,1.0,0,0;              965P   1834
126,1,1,1,0,1,0,0.0,0.0,1.0,1.0,1.0,1.0,0.0,0.0833333333333363,      967P   1835
0.0,1.0,0.0833333333333367,0.0,0.0,1.0,0.0,0.0,1.0,0,0;              967P   1836
102,4,961,963,965,967,0,0;                                           969P   1837
110,1.1,0.0,-2.77555756156289E-017,1.1,0.0,-0.2,0,0;                 971P   1838
104,0.998266897746967,0.0,1.0,0.0,0.0,-0.0625,                       973P   1839
-0.154033015435071,-0.250216919780507,3.06161699786838E-017,0.0,     973P   1840
-0.25,0,0;                                                           973P   1841
110,1.35,-0.25,-0.210416666666667,1.35,-0.25,                        975P   1842
-2.71050543121376E-017,0,0;                                          975P   1843
100,1.28202852870667E-015,1.35,0.0,1.35,0.25,1.1,                    977P   1844
3.06161699786838E-017,0,0;                                           977P   1845
102,4,971,973,975,977,0,0;                                           979P   1846
142,0,959,969,979,3,0,0;                                             981P   1847
144,959,1,0,981,0,0;                                                 983P   1848
128,3,1,3,1,0,0,0,0,0,0.0,0.0,0.0,0.0,1.0,1.0,1.0,1.0,0.0,0.0,       985P   1849
1.0,1.0,1.0,0.804737854124365,0.804737854124365,1.0,1.0,             985P   1850
0.804737854124365,0.804737854124365,1.0,-1.1,                        985P   1851
3.06161699786838E-017,0.0211679166666666,-1.1,                       985P   1852
-0.146446609406726,0.0211679166666666,-1.20355339059327,-0.25,       985P   1853
0.0211679166666666,-1.35,-0.25,0.0211679166666666,-1.1,              985P   1854
3.06161699786838E-017,-0.232847083333334,-1.1,                       985P   1855
-0.146446609406726,-0.232847083333334,-1.20355339059327,-0.25,       985P   1856
-0.232847083333334,-1.35,-0.25,-0.232847083333334,0.0,1.0,0.0,       985P   1857
1.0,0,0;                                                             985P   1858
126,1,1,1,0,1,0,0.0,0.0,1.0,1.0,1.0,1.0,1.0,0.0833333333333333,      987P   1859
0.0,1.0,0.911696487740225,0.0,0.0,1.0,0.0,0.0,1.0,0,0;               987P   1860
126,6,2,1,0,1,0,0.0,0.0,0.0,0.25,0.25,0.5,0.5,1.0,1.0,1.0,1.0,       989P   1861
1.0,1.0,1.0,1.0,1.0,1.0,1.0,0.911696487740225,0.0,                   989P   1862
0.87003555270854,0.904159306373561,0.0,0.740108467525855,            989P   1863
0.896003376097987,0.0,0.620059833543585,0.888467547159313,0.0,       989P   1864
0.5,0.882699398444869,0.0,0.25,0.870688410789389,0.0,0.0,            989P   1865
0.870688410789389,0.0,0.0,1.0,0.0,0.0,1.0,0,0;                       989P   1866
126,1,1,1,0,1,0,0.0,0.0,1.0,1.0,1.0,1.0,0.0,0.870688410789389,       991P   1867
0.0,0.0,0.0833333333333334,0.0,0.0,1.0,0.0,0.0,1.0,0,0;              991P   1868
126,1,1,1,0,1,0,0.0,0.0,1.0,1.0,1.0,1.0,0.0,0.0833333333333366,      993P   1869
0.0,1.0,0.0833333333333363,0.0,0.0,1.0,0.0,0.0,1.0,0,0;              993P   1870
102,4,987,989,991,993,0,0;                                           995P   1871
110,-1.35,-0.25,-5.55111512312578E-017,-1.35,-0.25,                  997P   1872
-0.210416666666667,0,0;                                              997P   1873
104,0.998266897746967,0.0,1.0,0.0,0.0,-0.0625,                       999P   1874
-0.154033015435071,0.0,0.25,-0.250216919780506,                      999P   1875
3.06161699786838E-017,0,0;                                           999P   1876
110,-1.1,0.0,-0.2,-1.1,0.0,-5.42101086242752E-017,0,0;              1001P   1877
100,1.28587913910472E-015,1.35,0.0,1.1,3.06161699786838E-017,       1003P   1878
1.35,-0.25,0,0;                                                     1003P   1879
102,4,997,999,1001,1003,0,0;                                        1005P   1880
142,0,985,995,1005,3,0,0;                                           1007P   1881
144,985,1,0,1007,0,0;                                               1009P   1882
128,3,1,3,1,0,0,0,0,0,0.0,0.0,0.0,0.0,1.0,1.0,1.0,1.0,0.0,0.0,      1011P   1883
1.0,1.0,1.0,0.804737854124365,0.804737854124365,1.0,1.0,            1011P   1884
0.804737854124365,0.804737854124365,1.0,-1.1,0.0,                   1011P   1885
-0.232847083333334,-1.1,0.146446609406726,-0.232847083333334,       1011P   1886
-1.20355339059327,0.25,-0.232847083333334,-1.35,0.25,               1011P   1887
-0.232847083333334,-1.1,0.0,0.0211679166666666,-1.1,                1011P   1888
0.146446609406726,0.0211679166666666,-1.20355339059327,0.25,        1011P   1889
0.0211679166666666,-1.35,0.25,0.0211679166666666,0.0,1.0,0.0,       1011P   1890
1.0,0,0;                                                            1011P   1891
126,6,2,1,0,1,0,0.0,0.0,0.0,0.5,0.5,0.75,0.75,1.0,1.0,1.0,1.0,      1013P   1892
1.0,1.0,1.0,1.0,1.0,1.0,0.0,0.129311589210611,0.0,                  1013P   1893
0.250000000000001,0.129311589210611,0.0,0.5,0.117300601555131,      1013P   1894
0.0,0.596809462161349,0.112649492535316,0.0,0.740108467525855,      1013P   1895
0.103996623902012,0.0,0.870054233762928,0.0961500680808936,0.0,     1013P   1896
1.0,0.0883035122597748,0.0,0.0,1.0,0.0,0.0,1.0,0,0;                 1013P   1897
126,1,1,1,0,1,0,0.0,0.0,1.0,1.0,1.0,1.0,1.0,0.0883035122597748,     1015P   1898
0.0,1.0,0.916666666666664,0.0,0.0,1.0,0.0,0.0,1.0,0,0;              1015P   1899
126,1,1,1,0,1,0,0.0,0.0,1.0,1.0,1.0,1.0,1.0,0.916666666666664,      1017P   1900
0.0,0.0,0.916666666666664,0.0,0.0,1.0,0.0,0.0,1.0,0,0;              1017P   1901
126,1,1,1,0,1,0,0.0,0.0,1.0,1.0,1.0,1.0,0.0,0.916666666666667,      1019P   1902
0.0,0.0,0.129311589210611,0.0,0.0,1.0,0.0,0.0,1.0,0,0;              1019P   1903
102,4,1013,1015,1017,1019,0,0;                                      1021P   1904
104,0.998266897746967,0.0,1.0,0.0,0.0,-0.0625,                      1023P   1905
-0.154033015435071,0.250216919780506,0.0,0.0,0.25,0,0;              1023P   1906
110,-1.35,0.25,-0.210416666666667,-1.35,0.25,                       1025P   1907
-7.86046575051991E-016,0,0;                                         1025P   1908
100,1.28202852870667E-015,1.35,0.0,1.35,0.25,1.1,                   1027P   1909
3.06161699786838E-017,0,0;                                          1027P   1910
110,-1.1,0.0,-5.55111512312578E-017,-1.1,0.0,-0.2,0,0;              1029P   1911
102,4,1023,1025,1027,1029,0,0;                                      1031P   1912
142,0,1011,1021,1031,3,0,0;                                         1033P   1913
144,1011,1,0,1033,0,0;                                              1035P   1914
128,6,1,3,1,0,0,0,0,0,0.0,0.0,0.0,0.0,0.5,0.5,0.5,1.0,1.0,1.0,      1037P   1915
1.0,0.0,0.0,1.0,1.0,1.0,0.333333333333333,0.333333333333333,1.0,    1037P   1916
0.333333333333333,0.333333333333333,1.0,1.0,0.333333333333333,      1037P   1917
0.333333333333333,1.0,0.333333333333333,0.333333333333333,1.0,      1037P   1918
-3.15,0.0,5.750839202169,-3.15,6.3,5.750839202169,3.15,6.3,         1037P   1919
5.750839202169,3.15,3.85763741731416E-016,5.750839202169,3.15,      1037P   1920
-6.3,5.750839202169,-3.15,-6.3,5.750839202169,-3.15,0.0,            1037P   1921
5.750839202169,-3.15,0.0,1.54076877614096,-3.15,6.3,                1037P   1922
1.54076877614096,3.15,6.3,1.54076877614096,3.15,                    1037P   1923
3.85763741731416E-016,1.54076877614096,3.15,-6.3,                   1037P   1924
1.54076877614096,-3.15,-6.3,1.54076877614096,-3.15,0.0,             1037P   1925
1.54076877614096,0.0,1.0,0.0,1.0,0,0;                               1037P   1926
126,1,1,1,0,1,0,0.0,0.0,1.0,1.0,1.0,1.0,0.0,0.0833333333333334,     1039P   1927
0.0,1.0,0.0833333333333334,0.0,0.0,1.0,0.0,0.0,1.0,0,0;             1039P   1928
126,1,1,1,0,1,0,0.0,0.0,1.0,1.0,1.0,1.0,1.0,0.0833333333333334,     1041P   1929
0.0,1.0,0.916666666666667,0.0,0.0,1.0,0.0,0.0,1.0,0,0;              1041P   1930
126,1,1,1,0,1,0,0.0,0.0,1.0,1.0,1.0,1.0,1.0,0.916666666666667,      1043P   1931
0.0,0.5,0.916666666666667,0.0,0.0,1.0,0.0,0.0,1.0,0,0;              1043P   1932
126,1,1,1,0,1,0,0.0,0.0,1.0,1.0,1.0,1.0,0.5,0.916666666666667,      1045P   1933
0.0,0.0,0.916666666666667,0.0,0.0,1.0,0.0,0.0,1.0,0,0;              1045P   1934
126,1,1,1,0,1,0,0.0,0.0,1.0,1.0,1.0,1.0,0.0,0.916666666666667,      1047P   1935
0.0,0.0,0.0833333333333334,0.0,0.0,1.0,0.0,0.0,1.0,0,0;             1047P   1936
102,5,1039,1041,1043,1045,1047,0,0;                                 1049P   1937
100,-5.4,0.0,0.0,3.15,0.0,3.15,-7.71527483462833E-016,0,0;          1051P   1938
110,-3.15,0.0,5.4,-3.15,0.0,1.89160797830996,0,0;                   1053P   1939
100,1.89160797830996,0.0,0.0,-3.15,3.85763741731416E-016,3.15,      1055P   1940
-7.71527483462833E-016,0,0;                                         1055P   1941
100,1.89160797830996,0.0,0.0,3.15,3.85763741731416E-016,-3.15,      1057P   1942
3.85763741731416E-016,0,0;                                          1057P   1943
110,-3.15,0.0,1.89160797830996,-3.15,0.0,5.4,0,0;                   1059P   1944
102,5,1051,1053,1055,1057,1059,0,0;                                 1061P   1945
142,0,1037,1049,1061,3,0,0;                                         1063P   1946
144,1037,1,0,1063,0,0;                                              1065P   1947
128,6,1,3,1,0,0,0,0,0,0.0,0.0,0.0,0.0,0.5,0.5,0.5,1.0,1.0,1.0,      1067P   1948
1.0,0.0,0.0,1.0,1.0,1.0,0.333333333333333,0.333333333333333,1.0,    1067P   1949
0.333333333333333,0.333333333333333,1.0,1.0,0.333333333333333,      1067P   1950
0.333333333333333,1.0,0.333333333333333,0.333333333333333,1.0,      1067P   1951
-3.14999999999923,0.0,0.709231223859185,-3.14999999999923,          1067P   1952
6.29999999999846,0.709231223859185,3.14999999999923,                1067P   1953
6.29999999999846,0.709231223859185,3.14999999999923,                1067P   1954
3.85763741731322E-016,0.709231223859185,3.14999999999923,           1067P   1955
-6.29999999999846,0.709231223859185,-3.14999999999923,              1067P   1956
-6.29999999999846,0.709231223859185,-3.14999999999923,0.0,          1067P   1957
0.709231223859185,-3.14999999999923,0.0,0.699160797830983,          1067P   1958
-3.14999999999923,6.29999999999846,0.699160797830983,               1067P   1959
3.14999999999923,6.29999999999846,0.699160797830983,                1067P   1960
3.14999999999923,3.85763741731322E-016,0.699160797830983,           1067P   1961
3.14999999999923,-6.29999999999846,0.699160797830983,               1067P   1962
-3.14999999999923,-6.29999999999846,0.699160797830983,              1067P   1963
-3.14999999999923,0.0,0.699160797830983,0.0,1.0,0.0,1.0,0,0;        1067P   1964
126,1,1,1,0,1,0,0.0,0.0,1.0,1.0,1.0,1.0,1.0,0.916666666666667,      1069P   1965
0.0,0.0,0.916666666666667,0.0,0.0,1.0,0.0,0.0,1.0,0,0;              1069P   1966
126,1,1,1,0,1,0,0.0,0.0,1.0,1.0,1.0,1.0,0.0,0.916666666666667,      1071P   1967
0.0,0.0,0.0833333333333333,0.0,0.0,1.0,0.0,0.0,1.0,0,0;             1071P   1968
126,1,1,1,0,1,0,0.0,0.0,1.0,1.0,1.0,1.0,0.0,0.0833333333333333,     1073P   1969
0.0,0.5,0.0833333333333334,0.0,0.0,1.0,0.0,0.0,1.0,0,0;             1073P   1970
126,1,1,1,0,1,0,0.0,0.0,1.0,1.0,1.0,1.0,0.5,0.0833333333333334,     1075P   1971
0.0,1.0,0.0833333333333333,0.0,0.0,1.0,0.0,0.0,1.0,0,0;             1075P   1972
126,1,1,1,0,1,0,0.0,0.0,1.0,1.0,1.0,1.0,1.0,0.0833333333333333,     1077P   1973
0.0,1.0,0.916666666666667,0.0,0.0,1.0,0.0,0.0,1.0,0,0;              1077P   1974
102,5,1069,1071,1073,1075,1077,0,0;                                 1079P   1975
100,0.7,0.0,0.0,3.15,0.0,3.15,-7.71527483462833E-016,0,0;           1081P   1976
110,-3.14999999999923,0.0,0.7,-3.14999999999923,0.0,                1083P   1977
0.708392021690168,0,0;                                              1083P   1978
100,-0.708392021690168,0.0,0.0,-3.14999999999923,                   1085P   1979
3.85763741731322E-016,3.14999999999923,-7.71527483462644E-016,0,    1085P   1980
0;                                                                  1085P   1981
100,-0.708392021690168,0.0,0.0,3.14999999999923,0.0,                1087P   1982
-3.14999999999923,3.85763741731322E-016,0,0;                        1087P   1983
110,-3.14999999999923,0.0,0.708392021690168,-3.14999999999923,      1089P   1984
0.0,0.7,0,0;                                                        1089P   1985
102,5,1081,1083,1085,1087,1089,0,0;                                 1091P   1986
142,0,1067,1079,1091,3,0,0;                                         1093P   1987
144,1067,1,0,1093,0,0;                                              1095P   1988
128,1,1,1,1,0,0,1,0,0,0.0,0.0,1.0,1.0,0.0,0.0,1.0,1.0,1.0,1.0,      1097P   1989
1.0,1.0,-3.1878,-3.1878,0.7,-3.1878,3.1878,0.7,3.1878,-3.1878,      1097P   1990
0.7,3.1878,3.1878,0.7,0.0,1.0,0.0,1.0,0,0;                          1097P   1991
126,64,2,1,1,1,1,-0.03125,-0.03125,0.0,0.03125,0.03125,0.0625,      1099P   1992
0.0625,0.09375,0.09375,0.125,0.125,0.15625,0.15625,0.1875,          1099P   1993
0.1875,0.21875,0.21875,0.25,0.25,0.28125,0.28125,0.3125,0.3125,     1099P   1994
0.34375,0.34375,0.375,0.375,0.40625,0.40625,0.4375,0.4375,          1099P   1995
0.46875,0.46875,0.5,0.5,0.53125,0.53125,0.5625,0.5625,0.59375,      1099P   1996
0.59375,0.625,0.625,0.65625,0.65625,0.6875,0.6875,0.71875,          1099P   1997
0.71875,0.75,0.75,0.78125,0.78125,0.8125,0.8125,0.84375,0.84375,    1099P   1998
0.875,0.875,0.90625,0.90625,0.9375,0.9375,0.96875,0.96875,1.0,      1099P   1999
1.03125,1.03125,1.0,1.0,1.0,1.0,1.0,1.0,1.0,1.0,1.0,1.0,1.0,1.0,    1099P   2000
1.0,1.0,1.0,1.0,1.0,1.0,1.0,1.0,1.0,1.0,1.0,1.0,1.0,1.0,1.0,1.0,    1099P   2001
1.0,1.0,1.0,1.0,1.0,1.0,1.0,1.0,1.0,1.0,1.0,1.0,1.0,1.0,1.0,1.0,    1099P   2002
1.0,1.0,1.0,1.0,1.0,1.0,1.0,1.0,1.0,1.0,1.0,1.0,1.0,1.0,1.0,1.0,    1099P   2003
1.0,1.0,1.0,1.0,1.0,0.548661760551959,0.00592885375494079,0.0,      1099P   2004
0.451338239448041,0.00592885375494079,0.0,0.403611500980174,        1099P   2005
0.0154222922908941,0.0,0.355884762512306,0.0249157308268475,0.0,    1099P   2006
0.310927157922386,0.0435377803797992,0.0,0.265969553332467,         1099P   2007
0.0621598299327508,0.0,0.22550877815237,0.0891948555817464,0.0,     1099P   2008
0.185048002972274,0.116229881230742,0.0,0.150638942101508,          1099P   2009
0.150638942101508,0.0,0.116229881230742,0.185048002972274,0.0,      1099P   2010
0.0891948555817463,0.225508778152371,0.0,0.0621598299327504,        1099P   2011
0.265969553332467,0.0,0.043537780379799,0.310927157922386,0.0,      1099P   2012
0.0249157308268475,0.355884762512306,0.0,0.0154222922908941,        1099P   2013
0.403611500980174,0.0,0.00592885375494079,0.451338239448041,0.0,    1099P   2014
0.00592885375494079,0.5,0.0,0.00592885375494079,                    1099P   2015
0.548661760551959,0.0,0.0154222922908941,0.596388499019826,0.0,     1099P   2016
0.0249157308268475,0.644115237487694,0.0,0.0435377803797992,        1099P   2017
0.689072842077614,0.0,0.0621598299327508,0.734030446667533,0.0,     1099P   2018
0.0891948555817464,0.77449122184763,0.0,0.116229881230742,          1099P   2019
0.814951997027726,0.0,0.150638942101508,0.849361057898492,0.0,      1099P   2020
0.185048002972274,0.883770118769257,0.0,0.225508778152371,          1099P   2021
0.910805144418254,0.0,0.265969553332467,0.93784017006725,0.0,       1099P   2022
0.310927157922387,0.956462219620201,0.0,0.355884762512306,          1099P   2023
0.975084269173153,0.0,0.403611500980174,0.984577707709106,0.0,      1099P   2024
0.451338239448041,0.994071146245059,0.0,0.5,0.994071146245059,      1099P   2025
0.0,0.548661760551959,0.994071146245059,0.0,0.596388499019826,      1099P   2026
0.984577707709106,0.0,0.644115237487694,0.975084269173153,0.0,      1099P   2027
0.689072842077614,0.956462219620201,0.0,0.734030446667533,          1099P   2028
0.937840170067249,0.0,0.77449122184763,0.910805144418254,0.0,       1099P   2029
0.814951997027725,0.883770118769258,0.0,0.849361057898492,          1099P   2030
0.849361057898492,0.0,0.883770118769258,0.814951997027726,0.0,      1099P   2031
0.910805144418254,0.774491221847629,0.0,0.937840170067249,          1099P   2032
0.734030446667533,0.0,0.956462219620201,0.689072842077613,0.0,      1099P   2033
0.975084269173153,0.644115237487694,0.0,0.984577707709106,          1099P   2034
0.596388499019826,0.0,0.994071146245059,0.548661760551959,0.0,      1099P   2035
0.994071146245059,0.5,0.0,0.994071146245059,0.451338239448041,      1099P   2036
0.0,0.984577707709106,0.403611500980174,0.0,0.975084269173153,      1099P   2037
0.355884762512306,0.0,0.956462219620201,0.310927157922386,0.0,      1099P   2038
0.937840170067249,0.265969553332467,0.0,0.910805144418254,          1099P   2039
0.22550877815237,0.0,0.883770118769258,0.185048002972274,0.0,       1099P   2040
0.849361057898492,0.150638942101508,0.0,0.814951997027726,          1099P   2041
0.116229881230742,0.0,0.77449122184763,0.0891948555817464,0.0,      1099P   2042
0.734030446667533,0.0621598299327506,0.0,0.689072842077614,         1099P   2043
0.043537780379799,0.0,0.644115237487694,0.0249157308268474,0.0,     1099P   2044
0.596388499019826,0.0154222922908941,0.0,0.548661760551959,         1099P   2045
0.00592885375494079,0.0,0.451338239448041,0.00592885375494079,      1099P   2046
0.0,0.0,1.0,0.0,0.0,1.0,0,0;                                        1099P   2047
100,0.7,0.0,0.0,3.15,0.0,3.15,-7.71527483462833E-016,0,0;           1101P   2048
142,0,1097,1099,1101,3,0,0;                                         1103P   2049
144,1097,1,0,1103,0,0;                                              1105P   2050
128,3,1,3,1,0,0,0,0,0,0.0,0.0,0.0,0.0,1.0,1.0,1.0,1.0,0.0,0.0,      1107P   2051
1.0,1.0,1.0,0.804737854124365,0.804737854124365,1.0,1.0,            1107P   2052
0.804737854124365,0.804737854124365,1.0,-3.3,2.7,1.76,-3.3,         1107P   2053
3.05147186257614,1.76,-3.05147186257614,3.3,1.76,-2.7,3.3,1.76,     1107P   2054
-3.3,2.7,-0.16,-3.3,3.05147186257614,-0.16,-3.05147186257614,       1107P   2055
3.3,-0.16,-2.7,3.3,-0.16,0.0,1.0,0.0,1.0,0,0;                       1107P   2056
126,1,1,1,0,1,0,0.0,0.0,1.0,1.0,1.0,1.0,0.0,0.0833333333333334,     1109P   2057
0.0,1.0,0.0833333333333333,0.0,0.0,1.0,0.0,0.0,1.0,0,0;             1109P   2058
126,1,1,1,0,1,0,0.0,0.0,1.0,1.0,1.0,1.0,1.0,0.0833333333333333,     1111P   2059
0.0,1.0,0.916666666666667,0.0,0.0,1.0,0.0,0.0,1.0,0,0;              1111P   2060
126,1,1,1,0,1,0,0.0,0.0,1.0,1.0,1.0,1.0,1.0,0.916666666666667,      1113P   2061
0.0,0.0,0.916666666666667,0.0,0.0,1.0,0.0,0.0,1.0,0,0;              1113P   2062
126,1,1,1,0,1,0,0.0,0.0,1.0,1.0,1.0,1.0,0.0,0.916666666666667,      1115P   2063
0.0,0.0,0.0833333333333334,0.0,0.0,1.0,0.0,0.0,1.0,0,0;             1115P   2064
102,4,1109,1111,1113,1115,0,0;                                      1117P   2065
100,-1.6,2.7,2.7,3.3,2.7,2.7,3.3,0,0;                               1119P   2066
110,-2.7,3.3,1.6,-2.7,3.3,-1.0842021724855E-016,0,0;                1121P   2067
100,3.00595123427077E-017,-2.7,2.7,-2.7,3.3,-3.3,2.7,0,0;           1123P   2068
110,-3.3,2.7,-2.22044604925031E-016,-3.3,2.7,1.6,0,0;               1125P   2069
102,4,1119,1121,1123,1125,0,0;                                      1127P   2070
142,0,1107,1117,1127,3,0,0;                                         1129P   2071
144,1107,1,0,1129,0,0;                                              1131P   2072
128,3,1,3,1,0,0,0,0,0,0.0,0.0,0.0,0.0,1.0,1.0,1.0,1.0,0.0,0.0,      1133P   2073
1.0,1.0,1.0,0.804737854124365,0.804737854124365,1.0,1.0,            1133P   2074
0.804737854124365,0.804737854124365,1.0,-1.1,-3.33503954047991,     1133P   2075
1.6,-1.04142135623731,-3.33503954047991,1.6,-1.0,                   1133P   2076
-3.33503954047991,1.55857864376269,-1.0,-3.33503954047991,1.5,      1133P   2077
-1.1,-2.91456505472095,1.6,-1.04142135623731,-2.91456505472095,     1133P   2078
1.6,-1.0,-2.91456505472095,1.55857864376269,-1.0,                   1133P   2079
-2.91456505472095,1.5,0.0,1.0,0.0,1.0,0,0;                          1133P   2080
126,1,1,1,0,1,0,0.0,0.0,1.0,1.0,1.0,1.0,0.0,0.0833333333333331,     1135P   2081
0.0,1.0,0.0833333333333331,0.0,0.0,1.0,0.0,0.0,1.0,0,0;             1135P   2082
126,1,1,1,0,1,0,0.0,0.0,1.0,1.0,1.0,1.0,1.0,0.0833333333333331,     1137P   2083
0.0,1.0,0.827598691518765,0.0,0.0,1.0,0.0,0.0,1.0,0,0;              1137P   2084
126,8,2,1,0,1,0,0.0,0.0,0.0,0.25,0.25,0.5,0.5,0.75,0.75,1.0,1.0,    1139P   2085
1.0,1.0,1.0,1.0,1.0,1.0,1.0,1.0,1.0,1.0,1.0,0.827598691518681,      1139P   2086
0.0,0.860472801664709,0.827598691518681,0.0,0.732658352492395,      1139P   2087
0.834055613403676,0.0,0.615482548719767,0.839975092904395,0.0,      1139P   2088
0.490249407948292,0.852247046611857,0.0,0.390242187358628,          1139P   2089
0.862047040239166,0.0,0.252692271958926,0.879352078705916,0.0,      1139P   2090
0.126311279392896,0.895251964441693,0.0,0.0,0.911696487740225,      1139P   2091
0.0,0.0,1.0,0.0,0.0,1.0,0,0;                                        1139P   2092
126,1,1,1,0,1,0,0.0,0.0,1.0,1.0,1.0,1.0,0.0,0.911696487740225,      1141P   2093
0.0,0.0,0.0833333333333331,0.0,0.0,1.0,0.0,0.0,1.0,0,0;             1141P   2094
102,4,1135,1137,1139,1141,0,0;                                      1143P   2095
100,-3.3,-1.5,1.1,-1.6,1.1,-1.5,1.0,0,0;                            1145P   2096
110,-1.0,-3.3,1.5,-1.0,-2.98705540624877,1.5,0,0;                   1147P   2097
126,15,3,0,0,1,0,0.0,0.0,0.0,0.0,0.10036355349862,                  1149P   2098
0.10036355349862,0.10036355349862,0.311149885059783,                1149P   2099
0.311149885059783,0.311149885059783,0.535038545189988,              1149P   2100
0.535038545189988,0.535038545189988,0.767788719167945,              1149P   2101
0.767788719167945,0.767788719167945,1.0,1.0,1.0,1.0,1.0,1.0,1.0,    1149P   2102
1.0,1.0,1.0,1.0,1.0,1.0,1.0,1.0,1.0,1.0,1.0,1.0,1.0,                1149P   2103
-0.999999999999975,-2.9870554062488,1.50000000000001,               1149P   2104
-0.999999999999976,-2.9870554062488,1.50545418124144,               1149P   2105
-1.00044986536535,-2.98690491038281,1.5109284119624,                1149P   2106
-1.00133765998425,-2.98660725417609,1.51630161533764,               1149P   2107
-1.00317968938636,-2.98598966597177,1.52745013819419,               1149P   2108
-1.0069952367532,-2.9847098509236,1.53840366711125,                 1149P   2109
-1.01237711642608,-2.98288326525475,1.54818952452755,               1149P   2110
-1.01808816720078,-2.98094496039971,1.55857391287797,               1149P   2111
-1.02573674987105,-2.97833014978551,1.56796957845789,               1149P   2112
-1.03451435915918,-2.97527814509727,1.57557533224318,               1149P   2113
-1.04363974975561,-2.97210521566192,1.58348243676251,               1149P   2114
-1.05426143060185,-2.96836182162565,1.58971030278392,               1149P   2115
-1.06535921231533,-2.96437341587305,1.59380839956308,               1149P   2116
-1.07644240367755,-2.96039025371259,1.59790110853834,               1149P   2117
-1.0883168388983,-2.95604836075947,1.6,-1.1,-2.95169442862909,      1149P   2118
1.6,0.0,1.0,0.0,0.0,0.0,0,0;                                        1149P   2119
110,-1.1,-2.95169442862909,1.6,-1.1,-3.3,1.6,0,0;                   1151P   2120
102,4,1145,1147,1149,1151,0,0;                                      1153P   2121
142,0,1133,1143,1153,3,0,0;                                         1155P   2122
144,1133,1,0,1155,0,0;                                              1157P   2123
128,3,1,3,1,0,0,0,0,0,0.0,0.0,0.0,0.0,1.0,1.0,1.0,1.0,0.0,0.0,      1159P   2124
1.0,1.0,1.0,0.804737854124365,0.804737854124365,1.0,1.0,            1159P   2125
0.804737854124365,0.804737854124365,1.0,-1.1,2.91456505472095,      1159P   2126
1.6,-1.04142135623731,2.91456505472095,1.6,-1.0,                    1159P   2127
2.91456505472095,1.55857864376269,-1.0,2.91456505472095,1.5,        1159P   2128
-1.1,3.33503954047991,1.6,-1.04142135623731,3.33503954047991,       1159P   2129
1.6,-1.0,3.33503954047991,1.55857864376269,-1.0,                    1159P   2130
3.33503954047991,1.5,0.0,1.0,0.0,1.0,0,0;                           1159P   2131
126,8,2,1,0,1,0,0.0,0.0,0.0,0.25,0.25,0.5,0.5,0.75,0.75,1.0,1.0,    1161P   2132
1.0,1.0,1.0,1.0,1.0,1.0,1.0,1.0,1.0,1.0,0.0,0.0883035122609174,     1161P   2133
0.0,0.126637919370378,0.104176563051181,0.0,0.253191224804184,      1161P   2134
0.120710686784411,0.0,0.37022161204195,0.136000646193247,0.0,       1161P   2135
0.490720792726899,0.147799126998643,0.0,0.615960373526371,          1161P   2136
0.160061756352131,0.0,0.733182026805818,0.165970813085278,0.0,      1161P   2137
0.860747784888931,0.172401308481235,0.0,1.0,0.172401308481235,      1161P   2138
0.0,0.0,1.0,0.0,0.0,1.0,0,0;                                        1161P   2139
126,1,1,1,0,1,0,0.0,0.0,1.0,1.0,1.0,1.0,1.0,0.172401308481234,      1163P   2140
0.0,1.0,0.916666666666666,0.0,0.0,1.0,0.0,0.0,1.0,0,0;              1163P   2141
126,1,1,1,0,1,0,0.0,0.0,1.0,1.0,1.0,1.0,1.0,0.916666666666666,      1165P   2142
0.0,0.0,0.916666666666666,0.0,0.0,1.0,0.0,0.0,1.0,0,0;              1165P   2143
126,1,1,1,0,1,0,0.0,0.0,1.0,1.0,1.0,1.0,0.0,0.916666666666666,      1167P   2144
0.0,0.0,0.0883035122597746,0.0,0.0,1.0,0.0,0.0,1.0,0,0;             1167P   2145
102,4,1161,1163,1165,1167,0,0;                                      1169P   2146
126,15,3,0,0,1,0,0.0,0.0,0.0,0.0,0.181410919317003,                 1171P   2147
0.181410919317003,0.181410919317003,0.395671498600489,              1171P   2148
0.395671498600489,0.395671498600489,0.599746070131536,              1171P   2149
0.599746070131536,0.599746070131536,0.799740999616297,              1171P   2150
0.799740999616297,0.799740999616297,1.0,1.0,1.0,1.0,1.0,1.0,1.0,    1171P   2151
1.0,1.0,1.0,1.0,1.0,1.0,1.0,1.0,1.0,1.0,1.0,1.0,1.0,                1171P   2152
-1.09999999999914,2.95169442862957,1.60000000000365,                1171P   2153
-1.09083102491667,2.95511140583862,1.60000000000358,                1171P   2154
-1.08156709892034,2.95851347518904,1.59871985689292,                1171P   2155
-1.07267842680565,2.96173276861127,1.59619527866889,                1171P   2156
-1.06222171646885,2.96551997308579,1.59322534312952,                1171P   2157
-1.0520516811084,2.96913791700269,1.58844942843264,                 1171P   2158
-1.04296617865796,2.97232594951759,1.58214099599545,                1171P   2159
-1.03430985124641,2.97536338783188,1.57613055717515,                1171P   2160
-1.02643015805088,2.97808453875459,1.56857767753897,                1171P   2161
-1.01998613632885,2.98028996604306,1.55998151065466,                1171P   2162
-1.01367304123142,2.98245058448961,1.5515599966755,                 1171P   2163
-1.00858379166495,2.9841701656567,1.5419191419176,                  1171P   2164
-1.00518751859863,2.98531372764296,1.53178983124388,                1171P   2165
-1.00178874730262,2.98645813081027,1.52165306965437,-1.0,           1171P   2166
2.98705540624877,1.51075245276459,-1.0,2.98705540624877,1.5,0.0,    1171P   2167
1.0,0.0,0.0,0.0,0,0;                                                1171P   2168
110,-1.0,2.98705540624877,1.5,-1.0,3.3,1.5,0,0;                     1173P   2169
100,-3.3,-1.5,-1.1,-1.5,-1.0,-1.6,-1.1,0,0;                         1175P   2170
110,-1.1,3.3,1.6,-1.1,2.95169442862909,1.6,0,0;                     1177P   2171
102,4,1171,1173,1175,1177,0,0;                                      1179P   2172
142,0,1159,1169,1179,3,0,0;                                         1181P   2173
144,1159,1,0,1181,0,0;                                              1183P   2174
128,1,3,1,3,0,0,0,0,0,0.0,0.0,1.0,1.0,0.0,0.0,0.0,0.0,1.0,1.0,      1185P   2175
1.0,1.0,1.0,1.0,0.804737854124363,0.804737854124363,                1185P   2176
0.804737854124363,0.804737854124363,1.0,1.0,0.899999999999999,      1185P   2177
-2.95369551255488,0.7,0.899999999999999,-3.33148222613137,0.7,      1185P   2178
0.95857864376269,-2.95369551255488,0.7,0.95857864376269,            1185P   2179
-3.33148222613137,0.7,0.999999999999999,-2.95369551255488,          1185P   2180
0.74142135623731,0.999999999999999,-3.33148222613137,               1185P   2181
0.74142135623731,0.999999999999999,-2.95369551255488,               1185P   2182
0.800000000000001,0.999999999999999,-3.33148222613137,              1185P   2183
0.800000000000001,0.0,1.0,0.0,1.0,0,0;                              1185P   2184
126,8,2,1,0,1,0,0.0,0.0,0.0,0.25,0.25,0.5,0.5,0.75,0.75,1.0,1.0,    1187P   2185
1.0,1.0,1.0,1.0,1.0,1.0,1.0,1.0,1.0,1.0,0.17204484629572,0.0,       1187P   2186
0.0,0.164004437956894,0.0720420477398014,0.0,0.141696332019636,     1187P   2187
0.255337973279611,0.0,0.123446875450571,0.40528575646808,0.0,       1187P   2188
0.114533771131116,0.49310063065106,0.0,0.101548588912891,           1187P   2189
0.621034973374676,0.0,0.0953327682529991,0.734348516888751,0.0,     1187P   2190
0.0883035122598105,0.862490873053444,0.0,0.0883035122598105,1.0,    1187P   2191
0.0,0.0,1.0,0.0,0.0,1.0,0,0;                                        1187P   2192
126,1,1,1,0,1,0,0.0,0.0,1.0,1.0,1.0,1.0,0.0883035122597749,1.0,     1189P   2193
0.0,0.916666666666667,1.0,0.0,0.0,1.0,0.0,0.0,1.0,0,0;              1189P   2194
126,1,1,1,0,1,0,0.0,0.0,1.0,1.0,1.0,1.0,0.916666666666667,1.0,      1191P   2195
0.0,0.916666666666667,0.0,0.0,0.0,1.0,0.0,0.0,1.0,0,0;              1191P   2196
126,1,1,1,0,1,0,0.0,0.0,1.0,1.0,1.0,1.0,0.916666666666667,0.0,      1193P   2197
0.0,0.172044846295723,0.0,0.0,0.0,1.0,0.0,0.0,1.0,0,0;              1193P   2198
102,4,1187,1189,1191,1193,0,0;                                      1195P   2199
126,15,3,0,0,1,0,0.0,0.0,0.0,0.0,0.227641912700986,                 1197P   2200
0.227641912700986,0.227641912700986,0.455496737533444,              1197P   2201
0.455496737533444,0.455496737533444,0.679485793870078,              1197P   2202
0.679485793870078,0.679485793870078,0.893161703799332,              1197P   2203
0.893161703799332,0.893161703799332,1.0,1.0,1.0,1.0,1.0,1.0,1.0,    1197P   2204
1.0,1.0,1.0,1.0,1.0,1.0,1.0,1.0,1.0,1.0,1.0,1.0,1.0,                1197P   2205
0.899999999999999,-3.01869176962472,0.7,0.911634929838915,          1197P   2206
-3.01522290375362,0.7,0.923409044960015,-3.0116352878312,           1197P   2207
0.702082367784903,0.934354943088961,-3.00823550280313,              1197P   2208
0.706086540446249,0.945306240343482,-3.00483404081206,              1197P   2209
0.710092688188192,0.955739280626723,-3.00152488886674,              1197P   2210
0.716141112505699,0.964731575161328,-2.99863185267661,              1197P   2211
0.723777803907699,0.973567369090328,-2.99578916647379,              1197P   2212
0.731281587426774,0.981266921894778,-2.99326785914163,              1197P   2213
0.740548432779097,0.987062707272851,-2.99135541384022,              1197P   2214
0.750805640543639,0.992594167518537,-2.98953018835881,              1197P   2215
0.760595053587807,0.996548261273979,-2.98820946818479,              1197P   2216
0.771578775073022,0.998506441688453,-2.98755500131908,              1197P   2217
0.782781377933204,0.999497197504704,-2.9872238689837,               1197P   2218
0.788449417434994,1.00000000000001,-2.98705540624878,               1197P   2219
0.794236501279184,1.00000000000001,-2.98705540624878,               1197P   2220
0.799999999999997,0.0,1.0,0.0,0.0,0.0,0,0;                          1197P   2221
110,0.999999999999999,-2.98705540624877,0.799999999999999,          1199P   2222
0.999999999999999,-3.3,0.799999999999999,0,0;                       1199P   2223
100,-3.3,-0.8,-0.899999999999999,-0.800000000000001,                1201P   2224
-0.999999999999999,-0.7,-0.899999999999999,0,0;                     1201P   2225
110,0.899999999999999,-3.3,0.7,0.899999999999999,                   1203P   2226
-3.01869176962472,0.7,0,0;                                          1203P   2227
102,4,1197,1199,1201,1203,0,0;                                      1205P   2228
142,0,1185,1195,1205,3,0,0;                                         1207P   2229
144,1185,1,0,1207,0,0;                                              1209P   2230
128,3,1,3,1,0,0,0,0,0,0.0,0.0,0.0,0.0,1.0,1.0,1.0,1.0,0.0,0.0,      1211P   2231
1.0,1.0,1.0,0.804737854124364,0.804737854124364,1.0,1.0,            1211P   2232
0.804737854124364,0.804737854124364,1.0,0.999999999999999,          1211P   2233
2.91456505472095,0.799999999999999,0.999999999999999,               1211P   2234
2.91456505472095,0.85857864376269,1.04142135623731,                 1211P   2235
2.91456505472095,0.9,1.1,2.91456505472095,0.9,0.999999999999999,    1211P   2236
3.33503954047991,0.799999999999999,0.999999999999999,               1211P   2237
3.33503954047991,0.85857864376269,1.04142135623731,                 1211P   2238
3.33503954047991,0.9,1.1,3.33503954047991,0.9,0.0,1.0,0.0,1.0,0,    1211P   2239
0;                                                                  1211P   2240
126,8,2,1,0,1,0,0.0,0.0,0.0,0.25,0.25,0.5,0.5,0.75,0.75,1.0,1.0,    1213P   2241
1.0,1.0,1.0,1.0,1.0,1.0,1.0,1.0,1.0,1.0,0.0,0.172401308481319,      1213P   2242
0.0,0.139527198335287,0.172401308481319,0.0,0.267341647507618,      1213P   2243
0.165944386596323,0.0,0.38451745128026,0.160024907095602,0.0,       1213P   2244
0.509750592051712,0.147752953388142,0.0,0.609757812641277,          1213P   2245
0.137952959760843,0.0,0.747307728041075,0.120647921294081,0.0,      1213P   2246
0.873688720607104,0.104748035558303,0.0,1.0,0.0883035122597756,     1213P   2247
0.0,0.0,1.0,0.0,0.0,1.0,0,0;                                        1213P   2248
126,1,1,1,0,1,0,0.0,0.0,1.0,1.0,1.0,1.0,1.0,0.0883035122597746,     1215P   2249
0.0,1.0,0.916666666666666,0.0,0.0,1.0,0.0,0.0,1.0,0,0;              1215P   2250
126,1,1,1,0,1,0,0.0,0.0,1.0,1.0,1.0,1.0,1.0,0.916666666666666,      1217P   2251
0.0,0.0,0.916666666666666,0.0,0.0,1.0,0.0,0.0,1.0,0,0;              1217P   2252
126,1,1,1,0,1,0,0.0,0.0,1.0,1.0,1.0,1.0,0.0,0.916666666666666,      1219P   2253
0.0,0.0,0.172401308481227,0.0,0.0,1.0,0.0,0.0,1.0,0,0;              1219P   2254
102,4,1213,1215,1217,1219,0,0;                                      1221P   2255
126,15,3,0,0,1,0,0.0,0.0,0.0,0.0,0.100363553498625,                 1223P   2256
0.100363553498625,0.100363553498625,0.311149885059788,              1223P   2257
0.311149885059788,0.311149885059788,0.535038545189989,              1223P   2258
0.535038545189989,0.535038545189989,0.767788719167946,              1223P   2259
0.767788719167946,0.767788719167946,1.0,1.0,1.0,1.0,1.0,1.0,1.0,    1223P   2260
1.0,1.0,1.0,1.0,1.0,1.0,1.0,1.0,1.0,1.0,1.0,1.0,1.0,                1223P   2261
0.999999999999975,2.98705540624881,0.800000000000007,               1223P   2262
0.999999999999975,2.98705540624881,0.805454181241444,               1223P   2263
1.00044986536535,2.98690491038281,0.810928411962401,                1223P   2264
1.00133765998425,2.98660725417609,0.816301615337642,                1223P   2265
1.00317968938636,2.98598966597177,0.827450138194187,                1223P   2266
1.0069952367532,2.9847098509236,0.838403667111252,                  1223P   2267
1.01237711642608,2.98288326525475,0.848189524527554,                1223P   2268
1.01808816720078,2.98094496039971,0.858573912877971,                1223P   2269
1.02573674987105,2.97833014978551,0.867969578457886,                1223P   2270
1.03451435915918,2.97527814509727,0.875575332243178,                1223P   2271
1.04363974975561,2.97210521566192,0.883482436762514,                1223P   2272
1.05426143060185,2.96836182162565,0.889710302783917,                1223P   2273
1.06535921231533,2.96437341587305,0.893808399563077,                1223P   2274
1.07644240367755,2.96039025371259,0.89790110853834,                 1223P   2275
1.0883168388983,2.95604836075947,0.9,1.1,2.95169442862909,0.9,      1223P   2276
0.0,1.0,0.0,0.0,0.0,0,0;                                            1223P   2277
110,1.1,2.95169442862909,0.9,1.1,3.3,0.9,0,0;                       1225P   2278
100,-3.3,-0.8,1.1,-0.9,1.1,-0.799999999999999,0.999999999999999,    1227P   2279
0,0;                                                                1227P   2280
110,0.999999999999999,3.3,0.799999999999999,0.999999999999999,      1229P   2281
2.98705540624877,0.799999999999999,0,0;                             1229P   2282
102,4,1223,1225,1227,1229,0,0;                                      1231P   2283
142,0,1211,1221,1231,3,0,0;                                         1233P   2284
144,1211,1,0,1233,0,0;                                              1235P   2285
128,1,3,1,3,0,0,0,0,0,0.0,0.0,1.0,1.0,0.0,0.0,0.0,0.0,1.0,1.0,      1237P   2286
1.0,1.0,1.0,1.0,0.804737854124365,0.804737854124365,                1237P   2287
0.804737854124365,0.804737854124365,1.0,1.0,-1.0,                   1237P   2288
3.33148222613137,0.800000000000001,-1.0,2.95369551255489,           1237P   2289
0.800000000000001,-1.0,3.33148222613137,0.741421356237311,-1.0,     1237P   2290
2.95369551255489,0.741421356237311,-0.95857864376269,               1237P   2291
3.33148222613137,0.700000000000002,-0.95857864376269,               1237P   2292
2.95369551255489,0.700000000000002,-0.9,3.33148222613137,           1237P   2293
0.700000000000002,-0.9,2.95369551255489,0.700000000000002,0.0,      1237P   2294
1.0,0.0,1.0,0,0;                                                    1237P   2295
126,1,1,1,0,1,0,0.0,0.0,1.0,1.0,1.0,1.0,0.911696487740224,0.0,      1239P   2296
0.0,0.0833333333333322,0.0,0.0,0.0,1.0,0.0,0.0,1.0,0,0;             1239P   2297
126,1,1,1,0,1,0,0.0,0.0,1.0,1.0,1.0,1.0,0.0833333333333322,0.0,     1241P   2298
0.0,0.0833333333333322,1.0,0.0,0.0,1.0,0.0,0.0,1.0,0,0;             1241P   2299
126,1,1,1,0,1,0,0.0,0.0,1.0,1.0,1.0,1.0,0.0833333333333322,1.0,     1243P   2300
0.0,0.827955153704288,1.0,0.0,0.0,1.0,0.0,0.0,1.0,0,0;              1243P   2301
126,8,2,1,0,1,0,0.0,0.0,0.0,0.25,0.25,0.5,0.5,0.75,0.75,1.0,1.0,    1245P   2302
1.0,1.0,1.0,1.0,1.0,1.0,1.0,1.0,1.0,1.0,0.827955153704288,1.0,      1245P   2303
0.0,0.835995562043123,0.92795795226011,0.0,0.858303667980371,       1245P   2304
0.74466202672039,0.0,0.876553124549463,0.594714243531704,0.0,       1245P   2305
0.885466228868895,0.506899369348946,0.0,0.89845141108711,           1245P   2306
0.378965026625427,0.0,0.904667231747008,0.265651483111252,0.0,      1245P   2307
0.9116964877402,0.137509126946513,0.0,0.9116964877402,0.0,0.0,      1245P   2308
0.0,1.0,0.0,0.0,1.0,0,0;                                            1245P   2309
102,4,1239,1241,1243,1245,0,0;                                      1247P   2310
110,-1.0,2.98705540624877,0.800000000000001,-1.0,3.3,               1249P   2311
0.800000000000001,0,0;                                              1249P   2312
100,-3.3,-0.800000000000001,-0.9,-0.800000000000002,-1.0,           1251P   2313
-0.700000000000002,-0.9,0,0;                                        1251P   2314
110,-0.9,3.3,0.700000000000002,-0.9,3.01869176962472,               1253P   2315
0.700000000000002,0,0;                                              1253P   2316
126,15,3,0,0,1,0,0.0,0.0,0.0,0.0,0.227641912700988,                 1255P   2317
0.227641912700988,0.227641912700988,0.455496737533447,              1255P   2318
0.455496737533447,0.455496737533447,0.679485793870084,              1255P   2319
0.679485793870084,0.679485793870084,0.893161703799337,              1255P   2320
0.893161703799337,0.893161703799337,1.0,1.0,1.0,1.0,1.0,1.0,1.0,    1255P   2321
1.0,1.0,1.0,1.0,1.0,1.0,1.0,1.0,1.0,1.0,1.0,1.0,1.0,-0.9,           1255P   2322
3.01869176962472,0.700000000000002,-0.911634929838916,              1255P   2323
3.01522290375362,0.700000000000002,-0.923409044960016,              1255P   2324
3.0116352878312,0.702082367784904,-0.934354943088963,               1255P   2325
3.00823550280313,0.70608654044625,-0.945306240343483,               1255P   2326
3.00483404081206,0.710092688188193,-0.955739280626724,              1255P   2327
3.00152488886674,0.716141112505701,-0.964731575161329,              1255P   2328
2.99863185267661,0.723777803907701,-0.973567369090329,              1255P   2329
2.99578916647379,0.731281587426775,-0.981266921894779,              1255P   2330
2.99326785914163,0.740548432779099,-0.987062707272852,              1255P   2331
2.99135541384022,0.750805640543641,-0.992594167518538,              1255P   2332
2.98953018835881,0.760595053587809,-0.99654826127398,               1255P   2333
2.98820946818479,0.771578775073024,-0.998506441688454,              1255P   2334
2.98755500131908,0.782781377933205,-0.999497197504705,              1255P   2335
2.9872238689837,0.788449417434996,-1.00000000000001,                1255P   2336
2.98705540624878,0.794236501279186,-1.00000000000001,               1255P   2337
2.98705540624878,0.8,0.0,1.0,0.0,0.0,0.0,0,0;                       1255P   2338
102,4,1249,1251,1253,1255,0,0;                                      1257P   2339
142,0,1237,1247,1257,3,0,0;                                         1259P   2340
144,1237,1,0,1259,0,0;                                              1261P   2341
128,1,3,1,3,0,0,0,0,0,0.0,0.0,1.0,1.0,0.0,0.0,0.0,0.0,1.0,1.0,      1263P   2342
1.0,1.0,1.0,1.0,0.804737854124365,0.804737854124365,                1263P   2343
0.804737854124365,0.804737854124365,1.0,1.0,-1.0,                   1263P   2344
-2.95369551255489,0.800000000000001,-1.0,-3.33148222613137,         1263P   2345
0.800000000000001,-1.0,-2.95369551255489,0.741421356237311,-1.0,    1263P   2346
-3.33148222613137,0.741421356237311,-0.95857864376269,              1263P   2347
-2.95369551255489,0.700000000000002,-0.95857864376269,              1263P   2348
-3.33148222613137,0.700000000000002,-0.9,-2.95369551255489,         1263P   2349
0.700000000000002,-0.9,-3.33148222613137,0.700000000000002,0.0,     1263P   2350
1.0,0.0,1.0,0,0;                                                    1263P   2351
126,1,1,1,0,1,0,0.0,0.0,1.0,1.0,1.0,1.0,0.916666666666667,0.0,      1265P   2352
0.0,0.0883035122597747,0.0,0.0,0.0,1.0,0.0,0.0,1.0,0,0;             1265P   2353
126,8,2,1,0,1,0,0.0,0.0,0.0,0.25,0.25,0.5,0.5,0.75,0.75,1.0,1.0,    1267P   2354
1.0,1.0,1.0,1.0,1.0,1.0,1.0,1.0,1.0,1.0,0.0883035122597747,0.0,     1267P   2355
0.0,0.0883035122597747,0.137254561568055,0.0,0.0953055330061372,    1267P   2356
0.265154494740086,0.0,0.101512923092504,0.378539588269193,0.0,      1267P   2357
0.114494049262963,0.506507903205249,0.0,0.123408880915508,          1267P   2358
0.594390569896447,0.0,0.141634893287298,0.744157192310506,0.0,      1267P   2359
0.164023363736202,0.928127527222553,0.0,0.17204484629515,1.0,       1267P   2360
0.0,0.0,1.0,0.0,0.0,1.0,0,0;                                        1267P   2361
126,1,1,1,0,1,0,0.0,0.0,1.0,1.0,1.0,1.0,0.172044846295711,1.0,      1269P   2362
0.0,0.916666666666667,1.0,0.0,0.0,1.0,0.0,0.0,1.0,0,0;              1269P   2363
126,1,1,1,0,1,0,0.0,0.0,1.0,1.0,1.0,1.0,0.916666666666667,1.0,      1271P   2364
0.0,0.916666666666667,0.0,0.0,0.0,1.0,0.0,0.0,1.0,0,0;              1271P   2365
102,4,1265,1267,1269,1271,0,0;                                      1273P   2366
110,-1.0,-3.3,0.800000000000001,-1.0,-2.98705540624877,             1275P   2367
0.800000000000001,0,0;                                              1275P   2368
126,15,3,0,0,1,0,0.0,0.0,0.0,0.0,0.20206357330658,                  1277P   2369
0.20206357330658,0.20206357330658,0.403820641489253,                1277P   2370
0.403820641489253,0.403820641489253,0.610297110831616,              1277P   2371
0.610297110831616,0.610297110831616,0.826899314607621,              1277P   2372
0.826899314607621,0.826899314607621,1.0,1.0,1.0,1.0,1.0,1.0,1.0,    1277P   2373
1.0,1.0,1.0,1.0,1.0,1.0,1.0,1.0,1.0,1.0,1.0,1.0,1.0,-1.0,           1277P   2374
-2.98705540624877,0.800000000000001,-1.0,-2.98705540624877,         1277P   2375
0.789223426384344,-0.998203300503679,-2.98765846762743,             1277P   2376
0.778298504013964,-0.994789074196198,-2.98879485710543,             1277P   2377
0.768140442359826,-0.991377748609815,-2.98993028110878,             1277P   2378
0.757991010978292,-0.986267248399051,-2.99162523831585,             1277P   2379
0.748332040644946,-0.979916604654335,-2.99370396798393,             1277P   2380
0.739888966898559,-0.973415877901566,-2.99583182369561,             1277P   2381
0.731246360324319,-0.965452427196076,-2.99841401370875,             1277P   2382
0.723648033646493,-0.956669038951995,-3.00121381276154,             1277P   2383
0.71760691761891,-0.947460045172872,-3.00414927813589,              1277P   2384
0.711273074872695,-0.937110279344256,-3.0073990912308,              1277P   2385
0.706482312990127,-0.926425705516206,-3.01068686717148,             1277P   2386
0.703554771564528,-0.91784564884759,-3.01332705706942,              1277P   2387
0.70120386157639,-0.908892973472406,-3.01604039719735,              1277P   2388
0.699999999995324,-0.900000000001247,-3.0186917696245,              1277P   2389
0.699999999995213,0.0,1.0,0.0,0.0,0.0,0,0;                          1277P   2390
110,-0.9,-3.01869176962472,0.700000000000002,-0.9,-3.3,             1279P   2391
0.700000000000002,0,0;                                              1279P   2392
100,-3.3,-0.800000000000001,0.9,-0.700000000000002,0.9,             1281P   2393
-0.800000000000001,1.0,0,0;                                         1281P   2394
102,4,1275,1277,1279,1281,0,0;                                      1283P   2395
142,0,1263,1273,1283,3,0,0;                                         1285P   2396
144,1263,1,0,1285,0,0;                                              1287P   2397
128,3,1,3,1,0,0,0,0,0,0.0,0.0,0.0,0.0,1.0,1.0,1.0,1.0,0.0,0.0,      1289P   2398
1.0,1.0,1.0,0.804737854124365,0.804737854124365,1.0,1.0,            1289P   2399
0.804737854124365,0.804737854124365,1.0,-3.3,-2.7,-0.16,-3.3,       1289P   2400
-3.05147186257614,-0.16,-3.05147186257614,-3.3,-0.16,-2.7,-3.3,     1289P   2401
-0.16,-3.3,-2.7,1.76,-3.3,-3.05147186257614,1.76,                   1289P   2402
-3.05147186257614,-3.3,1.76,-2.7,-3.3,1.76,0.0,1.0,0.0,1.0,0,0;     1289P   2403
126,1,1,1,0,1,0,0.0,0.0,1.0,1.0,1.0,1.0,1.0,0.916666666666667,      1291P   2404
0.0,0.0,0.916666666666667,0.0,0.0,1.0,0.0,0.0,1.0,0,0;              1291P   2405
126,1,1,1,0,1,0,0.0,0.0,1.0,1.0,1.0,1.0,0.0,0.916666666666667,      1293P   2406
0.0,0.0,0.0833333333333334,0.0,0.0,1.0,0.0,0.0,1.0,0,0;             1293P   2407
126,1,1,1,0,1,0,0.0,0.0,1.0,1.0,1.0,1.0,0.0,0.0833333333333333,     1295P   2408
0.0,1.0,0.0833333333333333,0.0,0.0,1.0,0.0,0.0,1.0,0,0;             1295P   2409
126,1,1,1,0,1,0,0.0,0.0,1.0,1.0,1.0,1.0,1.0,0.0833333333333333,     1297P   2410
0.0,1.0,0.916666666666667,0.0,0.0,1.0,0.0,0.0,1.0,0,0;              1297P   2411
102,4,1291,1293,1295,1297,0,0;                                      1299P   2412
100,-1.6,2.7,-2.7,2.7,-3.3,3.3,-2.7,0,0;                            1301P   2413
110,-3.3,-2.7,1.6,-3.3,-2.7,0.0,0,0;                                1303P   2414
100,-3.67394039744206E-017,-2.7,-2.7,-3.3,-2.7,-2.7,-3.3,0,0;       1305P   2415
110,-2.7,-3.3,0.0,-2.7,-3.3,1.6,0,0;                                1307P   2416
102,4,1301,1303,1305,1307,0,0;                                      1309P   2417
142,0,1289,1299,1309,3,0,0;                                         1311P   2418
144,1289,1,0,1311,0,0;                                              1313P   2419
128,1,3,1,3,0,0,0,0,0,0.0,0.0,1.0,1.0,0.0,0.0,0.0,0.0,1.0,1.0,      1315P   2420
1.0,1.0,1.0,1.0,0.804737854124363,0.804737854124363,                1315P   2421
0.804737854124363,0.804737854124363,1.0,1.0,0.899999999999999,      1315P   2422
3.33148222613137,0.7,0.899999999999999,2.95369551255488,0.7,        1315P   2423
0.95857864376269,3.33148222613137,0.7,0.95857864376269,             1315P   2424
2.95369551255488,0.7,0.999999999999999,3.33148222613137,            1315P   2425
0.74142135623731,0.999999999999999,2.95369551255488,                1315P   2426
0.74142135623731,0.999999999999999,3.33148222613137,                1315P   2427
0.800000000000001,0.999999999999999,2.95369551255488,               1315P   2428
0.800000000000001,0.0,1.0,0.0,1.0,0,0;                              1315P   2429
126,1,1,1,0,1,0,0.0,0.0,1.0,1.0,1.0,1.0,0.0833333333333333,0.0,     1317P   2430
0.0,0.0833333333333333,1.0,0.0,0.0,1.0,0.0,0.0,1.0,0,0;             1317P   2431
126,1,1,1,0,1,0,0.0,0.0,1.0,1.0,1.0,1.0,0.0833333333333333,1.0,     1319P   2432
0.0,0.911696487740223,1.0,0.0,0.0,1.0,0.0,0.0,1.0,0,0;              1319P   2433
126,8,2,1,0,1,0,0.0,0.0,0.0,0.25,0.25,0.5,0.5,0.75,0.75,1.0,1.0,    1321P   2434
1.0,1.0,1.0,1.0,1.0,1.0,1.0,1.0,1.0,1.0,0.911696487740223,1.0,      1321P   2435
0.0,0.911696487740223,0.862745438432151,0.0,0.904694466993848,      1321P   2436
0.734845505259892,0.0,0.898487076907479,0.621460411730747,0.0,      1321P   2437
0.885505950737025,0.493492096794737,0.0,0.876591119084489,          1321P   2438
0.405609430103627,0.0,0.858365106712689,0.255842807689487,0.0,      1321P   2439
0.835976636263788,0.0718724727774712,0.0,0.827955153704839,0.0,     1321P   2440
0.0,0.0,1.0,0.0,0.0,1.0,0,0;                                        1321P   2441
126,1,1,1,0,1,0,0.0,0.0,1.0,1.0,1.0,1.0,0.827955153704276,0.0,      1323P   2442
0.0,0.0833333333333333,0.0,0.0,0.0,1.0,0.0,0.0,1.0,0,0;             1323P   2443
102,4,1317,1319,1321,1323,0,0;                                      1325P   2444
100,-3.3,-0.8,0.899999999999999,-0.7,0.899999999999999,             1327P   2445
-0.800000000000001,0.999999999999999,0,0;                           1327P   2446
110,0.999999999999999,3.3,0.799999999999999,0.999999999999999,      1329P   2447
2.98705540624877,0.799999999999999,0,0;                             1329P   2448
126,15,3,0,0,1,0,0.0,0.0,0.0,0.0,0.202063573306574,                 1331P   2449
0.202063573306574,0.202063573306574,0.403820641489251,              1331P   2450
0.403820641489251,0.403820641489251,0.610297110831615,              1331P   2451
0.610297110831615,0.610297110831615,0.826899314607625,              1331P   2452
0.826899314607625,0.826899314607625,1.0,1.0,1.0,1.0,1.0,1.0,1.0,    1331P   2453
1.0,1.0,1.0,1.0,1.0,1.0,1.0,1.0,1.0,1.0,1.0,1.0,1.0,                1331P   2454
0.999999999999999,2.98705540624877,0.799999999999999,               1331P   2455
0.999999999999999,2.98705540624877,0.789223426384342,               1331P   2456
0.998203300503678,2.98765846762743,0.778298504013962,               1331P   2457
0.994789074196197,2.98879485710543,0.768140442359824,               1331P   2458
0.991377748609814,2.98993028110879,0.75799101097829,                1331P   2459
0.98626724839905,2.99162523831585,0.748332040644944,                1331P   2460
0.979916604654334,2.99370396798393,0.739888966898557,               1331P   2461
0.973415877901564,2.99583182369561,0.731246360324317,               1331P   2462
0.965452427196075,2.99841401370875,0.723648033646491,               1331P   2463
0.956669038951993,3.00121381276154,0.717606917618909,               1331P   2464
0.94746004517287,3.00414927813589,0.711273074872693,                1331P   2465
0.937110279344255,3.0073990912308,0.706482312990125,                1331P   2466
0.926425705516204,3.01068686717148,0.703554771564526,               1331P   2467
0.917845648847589,3.01332705706943,0.701203861576388,               1331P   2468
0.908892973472405,3.01604039719735,0.699999999995323,               1331P   2469
0.900000000001246,3.0186917696245,0.699999999995212,0.0,1.0,0.0,    1331P   2470
0.0,0.0,0,0;                                                        1331P   2471
110,0.899999999999999,3.01869176962472,0.7,0.899999999999999,       1333P   2472
3.3,0.7,0,0;                                                        1333P   2473
102,4,1327,1329,1331,1333,0,0;                                      1335P   2474
142,0,1315,1325,1335,3,0,0;                                         1337P   2475
144,1315,1,0,1337,0,0;                                              1339P   2476
128,3,1,3,1,0,0,0,0,0,0.0,0.0,0.0,0.0,1.0,1.0,1.0,1.0,0.0,0.0,      1341P   2477
1.0,1.0,1.0,0.804737854124364,0.804737854124364,1.0,1.0,            1341P   2478
0.804737854124364,0.804737854124364,1.0,0.999999999999999,          1341P   2479
-3.33503954047991,0.799999999999999,0.999999999999999,              1341P   2480
-3.33503954047991,0.85857864376269,1.04142135623731,                1341P   2481
-3.33503954047991,0.9,1.1,-3.33503954047991,0.9,                    1341P   2482
0.999999999999999,-2.91456505472095,0.799999999999999,              1341P   2483
0.999999999999999,-2.91456505472095,0.85857864376269,               1341P   2484
1.04142135623731,-2.91456505472095,0.9,1.1,-2.91456505472095,       1341P   2485
0.9,0.0,1.0,0.0,1.0,0,0;                                            1341P   2486
126,1,1,1,0,1,0,0.0,0.0,1.0,1.0,1.0,1.0,0.0,0.0833333333333331,     1343P   2487
0.0,1.0,0.0833333333333331,0.0,0.0,1.0,0.0,0.0,1.0,0,0;             1343P   2488
126,1,1,1,0,1,0,0.0,0.0,1.0,1.0,1.0,1.0,1.0,0.0833333333333331,     1345P   2489
0.0,1.0,0.911696487740225,0.0,0.0,1.0,0.0,0.0,1.0,0,0;              1345P   2490
126,8,2,1,0,1,0,0.0,0.0,0.0,0.25,0.25,0.5,0.5,0.75,0.75,1.0,1.0,    1347P   2491
1.0,1.0,1.0,1.0,1.0,1.0,1.0,1.0,1.0,1.0,1.0,0.911696487739083,      1347P   2492
0.0,0.873362080629625,0.895823436948818,0.0,0.746808775195821,      1347P   2493
0.879289313215585,0.0,0.629778387958273,0.863999353806774,0.0,      1347P   2494
0.509279207273111,0.852200873001356,0.0,0.38403962647361,           1347P   2495
0.839938243647866,0.0,0.266817973194199,0.834029186914721,0.0,      1347P   2496
0.139252215111309,0.827598691518774,0.0,0.0,0.827598691518774,      1347P   2497
0.0,0.0,1.0,0.0,0.0,1.0,0,0;                                        1347P   2498
126,1,1,1,0,1,0,0.0,0.0,1.0,1.0,1.0,1.0,0.0,0.827598691518774,      1349P   2499
0.0,0.0,0.0833333333333331,0.0,0.0,1.0,0.0,0.0,1.0,0,0;             1349P   2500
102,4,1343,1345,1347,1349,0,0;                                      1351P   2501
100,-3.3,-0.8,-1.1,-0.799999999999999,-0.999999999999999,-0.9,      1353P   2502
-1.1,0,0;                                                           1353P   2503
110,1.1,-3.3,0.9,1.1,-2.95169442862909,0.9,0,0;                     1355P   2504
126,15,3,0,0,1,0,0.0,0.0,0.0,0.0,0.181410919317002,                 1357P   2505
0.181410919317002,0.181410919317002,0.395671498600492,              1357P   2506
0.395671498600492,0.395671498600492,0.59974607013154,               1357P   2507
0.59974607013154,0.59974607013154,0.799740999616304,                1357P   2508
0.799740999616304,0.799740999616304,1.0,1.0,1.0,1.0,1.0,1.0,1.0,    1357P   2509
1.0,1.0,1.0,1.0,1.0,1.0,1.0,1.0,1.0,1.0,1.0,1.0,1.0,                1357P   2510
1.09999999999914,-2.95169442862957,0.900000000003654,               1357P   2511
1.09083102491667,-2.95511140583862,0.900000000003575,               1357P   2512
1.08156709892034,-2.95851347518904,0.898719856892922,               1357P   2513
1.07267842680565,-2.96173276861127,0.896195278668892,               1357P   2514
1.06222171646885,-2.96551997308579,0.893225343129515,               1357P   2515
1.0520516811084,-2.96913791700269,0.888449428432642,                1357P   2516
1.04296617865796,-2.97232594951759,0.882140995995446,               1357P   2517
1.03430985124641,-2.97536338783188,0.876130557175154,               1357P   2518
1.02643015805088,-2.97808453875459,0.868577677538967,               1357P   2519
1.01998613632885,-2.98028996604306,0.859981510654661,               1357P   2520
1.01367304123142,-2.98245058448961,0.851559996675503,               1357P   2521
1.00858379166495,-2.9841701656567,0.841919141917596,                1357P   2522
1.00518751859863,-2.98531372764296,0.831789831243884,               1357P   2523
1.00178874730262,-2.98645813081027,0.821653069654366,               1357P   2524
0.999999999999999,-2.98705540624877,0.810752452764585,              1357P   2525
0.999999999999999,-2.98705540624877,0.800000000000001,0.0,1.0,      1357P   2526
0.0,0.0,0.0,0,0;                                                    1357P   2527
110,0.999999999999999,-2.98705540624877,0.799999999999999,          1359P   2528
0.999999999999999,-3.3,0.799999999999999,0,0;                       1359P   2529
102,4,1353,1355,1357,1359,0,0;                                      1361P   2530
142,0,1341,1351,1361,3,0,0;                                         1363P   2531
144,1341,1,0,1363,0,0;                                              1365P   2532
128,6,3,3,3,0,0,0,0,0,0.0,0.0,0.0,0.0,0.5,0.5,0.5,1.0,1.0,1.0,      1367P   2533
1.0,0.0,0.0,0.0,0.0,1.0,1.0,1.0,1.0,1.0,0.333333333333333,          1367P   2534
0.333333333333333,1.0,0.333333333333333,0.333333333333333,1.0,      1367P   2535
0.378264634153316,0.126088211384439,0.126088211384439,              1367P   2536
0.378264634153316,0.126088211384439,0.126088211384439,              1367P   2537
0.378264634153316,0.378264634153316,0.126088211384439,              1367P   2538
0.126088211384439,0.378264634153316,0.126088211384439,              1367P   2539
0.126088211384439,0.378264634153316,1.0,0.333333333333333,          1367P   2540
0.333333333333333,1.0,0.333333333333333,0.333333333333333,1.0,      1367P   2541
-3.11630152438534,0.0,1.79886312024567,-3.11630152438534,           1367P   2542
6.23260304877067,1.79886312024567,3.11630152438534,                 1367P   2543
6.23260304877067,1.79886312024567,3.11630152438534,0.0,             1367P   2544
1.79886312024567,3.11630152438534,-6.23260304877067,                1367P   2545
1.79886312024567,-3.11630152438534,-6.23260304877067,               1367P   2546
1.79886312024567,-3.11630152438534,0.0,1.79886312024567,            1367P   2547
-2.2390870374137,0.0,1.73960680363625,-2.2390870374137,             1367P   2548
4.4781740748274,1.73960680363625,2.2390870374137,                   1367P   2549
4.4781740748274,1.73960680363625,2.2390870374137,0.0,               1367P   2550
1.73960680363625,2.2390870374137,-4.4781740748274,                  1367P   2551
1.73960680363625,-2.2390870374137,-4.4781740748274,                 1367P   2552
1.73960680363625,-2.2390870374137,0.0,1.73960680363625,             1367P   2553
-2.23908703741313,0.0,0.860393196364936,-2.23908703741313,          1367P   2554
4.47817407482625,0.860393196364936,2.23908703741313,                1367P   2555
4.47817407482625,0.860393196364936,2.23908703741313,0.0,            1367P   2556
0.860393196364936,2.23908703741313,-4.47817407482625,               1367P   2557
0.860393196364936,-2.23908703741313,-4.47817407482625,              1367P   2558
0.860393196364936,-2.23908703741313,0.0,0.860393196364936,          1367P   2559
-3.11630152438469,0.0,0.801136879754372,-3.11630152438469,          1367P   2560
6.23260304876938,0.801136879754371,3.11630152438469,                1367P   2561
6.23260304876938,0.801136879754371,3.11630152438469,0.0,            1367P   2562
0.801136879754372,3.11630152438469,-6.23260304876938,               1367P   2563
0.801136879754371,-3.11630152438469,-6.23260304876938,              1367P   2564
0.801136879754371,-3.11630152438469,0.0,0.801136879754372,0.0,      1367P   2565
1.0,0.0,1.0,0,0;                                                    1367P   2566
126,1,1,1,0,1,0,0.0,0.0,1.0,1.0,1.0,1.0,1.0,0.0479145289536297,     1369P   2567
0.0,0.0,0.0479145289536297,0.0,0.0,1.0,0.0,0.0,1.0,0,0;             1369P   2568
126,1,1,1,0,1,0,0.0,0.0,1.0,1.0,1.0,1.0,0.0,0.0479145289539958,     1371P   2569
0.0,0.0,0.95208547104601,0.0,0.0,1.0,0.0,0.0,1.0,0,0;               1371P   2570
126,1,1,1,0,1,0,0.0,0.0,1.0,1.0,1.0,1.0,0.0,0.95208547104637,       1373P   2571
0.0,0.5,0.95208547104637,0.0,0.0,1.0,0.0,0.0,1.0,0,0;               1373P   2572
126,1,1,1,0,1,0,0.0,0.0,1.0,1.0,1.0,1.0,0.5,0.95208547104637,       1375P   2573
0.0,1.0,0.95208547104637,0.0,0.0,1.0,0.0,0.0,1.0,0,0;               1375P   2574
126,1,1,1,0,1,0,0.0,0.0,1.0,1.0,1.0,1.0,1.0,0.95208547104601,       1377P   2575
0.0,1.0,0.0479145289539958,0.0,0.0,1.0,0.0,0.0,1.0,0,0;             1377P   2576
102,5,1369,1371,1373,1375,1377,0,0;                                 1379P   2577
100,1.7930066485915,0.0,0.0,3.06666666666669,0.0,                   1381P   2578
3.06666666666669,-7.51116703477049E-016,0,0;                        1381P   2579
100,0.0,-1.3,3.15,-1.79300664859157,3.06666666666627,               1383P   2580
-0.806993351408539,3.06666666666564,0,0;                            1383P   2581
100,-0.806993351408604,0.0,0.0,-3.06666666666605,                   1385P   2582
3.75558351738446E-016,3.06666666666605,-7.51116703476892E-016,0,    1385P   2583
0;                                                                  1385P   2584
100,-0.806993351408604,0.0,0.0,3.06666666666605,0.0,                1387P   2585
-3.06666666666605,3.75558351738446E-016,0,0;                        1387P   2586
100,0.0,-1.3,-3.15,-0.806993351408539,-3.06666666666564,            1389P   2587
-1.79300664859157,-3.06666666666627,0,0;                            1389P   2588
102,5,1381,1383,1385,1387,1389,0,0;                                 1391P   2589
142,0,1367,1379,1391,3,0,0;                                         1393P   2590
144,1367,1,0,1393,0,0;                                              1395P   2591
128,1,1,1,1,0,0,1,0,0,0.0,0.0,1.0,1.0,0.0,0.0,1.0,1.0,1.0,1.0,      1397P   2592
1.0,1.0,3.0866,-3.0866,5.5,3.0866,3.0866,5.5,-3.0866,-3.0866,       1397P   2593
5.5,-3.0866,3.0866,5.5,0.0,1.0,0.0,1.0,0,0;                         1397P   2594
126,64,2,1,1,1,1,-0.03125,-0.03125,0.0,0.03125,0.03125,0.0625,      1399P   2595
0.0625,0.09375,0.09375,0.125,0.125,0.15625,0.15625,0.1875,          1399P   2596
0.1875,0.21875,0.21875,0.25,0.25,0.28125,0.28125,0.3125,0.3125,     1399P   2597
0.34375,0.34375,0.375,0.375,0.40625,0.40625,0.4375,0.4375,          1399P   2598
0.46875,0.46875,0.5,0.5,0.53125,0.53125,0.5625,0.5625,0.59375,      1399P   2599
0.59375,0.625,0.625,0.65625,0.65625,0.6875,0.6875,0.71875,          1399P   2600
0.71875,0.75,0.75,0.78125,0.78125,0.8125,0.8125,0.84375,0.84375,    1399P   2601
0.875,0.875,0.90625,0.90625,0.9375,0.9375,0.96875,0.96875,1.0,      1399P   2602
1.03125,1.03125,1.0,1.0,1.0,1.0,1.0,1.0,1.0,1.0,1.0,1.0,1.0,1.0,    1399P   2603
1.0,1.0,1.0,1.0,1.0,1.0,1.0,1.0,1.0,1.0,1.0,1.0,1.0,1.0,1.0,1.0,    1399P   2604
1.0,1.0,1.0,1.0,1.0,1.0,1.0,1.0,1.0,1.0,1.0,1.0,1.0,1.0,1.0,1.0,    1399P   2605
1.0,1.0,1.0,1.0,1.0,1.0,1.0,1.0,1.0,1.0,1.0,1.0,1.0,1.0,1.0,1.0,    1399P   2606
1.0,1.0,1.0,1.0,1.0,0.451338239448041,0.994071146245059,0.0,        1399P   2607
0.548661760551959,0.994071146245059,0.0,0.596388499019826,          1399P   2608
0.984577707709106,0.0,0.644115237487694,0.975084269173153,0.0,      1399P   2609
0.689072842077614,0.956462219620201,0.0,0.734030446667533,          1399P   2610
0.937840170067249,0.0,0.77449122184763,0.910805144418254,0.0,       1399P   2611
0.814951997027726,0.883770118769257,0.0,0.849361057898492,          1399P   2612
0.849361057898492,0.0,0.883770118769258,0.814951997027726,0.0,      1399P   2613
0.910805144418254,0.77449122184763,0.0,0.937840170067249,           1399P   2614
0.734030446667533,0.0,0.956462219620201,0.689072842077614,0.0,      1399P   2615
0.975084269173153,0.644115237487694,0.0,0.984577707709106,          1399P   2616
0.596388499019826,0.0,0.994071146245059,0.548661760551959,0.0,      1399P   2617
0.994071146245059,0.5,0.0,0.994071146245059,0.451338239448041,      1399P   2618
0.0,0.984577707709106,0.403611500980174,0.0,0.975084269173153,      1399P   2619
0.355884762512307,0.0,0.956462219620201,0.310927157922387,0.0,      1399P   2620
0.937840170067249,0.265969553332467,0.0,0.910805144418254,          1399P   2621
0.225508778152371,0.0,0.883770118769258,0.185048002972274,0.0,      1399P   2622
0.849361057898492,0.150638942101508,0.0,0.814951997027726,          1399P   2623
0.116229881230742,0.0,0.77449122184763,0.0891948555817463,0.0,      1399P   2624
0.734030446667533,0.0621598299327508,0.0,0.689072842077614,         1399P   2625
0.043537780379799,0.0,0.644115237487694,0.0249157308268473,0.0,     1399P   2626
0.596388499019826,0.015422292290894,0.0,0.548661760551959,          1399P   2627
0.00592885375494073,0.0,0.5,0.00592885375494073,0.0,                1399P   2628
0.451338239448041,0.00592885375494073,0.0,0.403611500980174,        1399P   2629
0.015422292290894,0.0,0.355884762512306,0.0249157308268474,0.0,     1399P   2630
0.310927157922387,0.043537780379799,0.0,0.265969553332467,          1399P   2631
0.0621598299327507,0.0,0.225508778152371,0.0891948555817463,0.0,    1399P   2632
0.185048002972274,0.116229881230742,0.0,0.150638942101508,          1399P   2633
0.150638942101508,0.0,0.116229881230742,0.185048002972274,0.0,      1399P   2634
0.0891948555817464,0.22550877815237,0.0,0.0621598299327506,         1399P   2635
0.265969553332467,0.0,0.0435377803797991,0.310927157922386,0.0,     1399P   2636
0.0249157308268476,0.355884762512305,0.0,0.0154222922908941,        1399P   2637
0.403611500980174,0.0,0.00592885375494073,0.451338239448041,0.0,    1399P   2638
0.00592885375494073,0.5,0.0,0.00592885375494073,                    1399P   2639
0.548661760551959,0.0,0.015422292290894,0.596388499019826,0.0,      1399P   2640
0.0249157308268473,0.644115237487694,0.0,0.0435377803797991,        1399P   2641
0.689072842077614,0.0,0.0621598299327507,0.734030446667533,0.0,     1399P   2642
0.0891948555817463,0.774491221847629,0.0,0.116229881230742,         1399P   2643
0.814951997027726,0.0,0.150638942101508,0.849361057898492,0.0,      1399P   2644
0.185048002972274,0.883770118769258,0.0,0.22550877815237,           1399P   2645
0.910805144418254,0.0,0.265969553332467,0.937840170067249,0.0,      1399P   2646
0.310927157922386,0.956462219620201,0.0,0.355884762512306,          1399P   2647
0.975084269173153,0.0,0.403611500980174,0.984577707709106,0.0,      1399P   2648
0.451338239448041,0.994071146245059,0.0,0.548661760551959,          1399P   2649
0.994071146245059,0.0,0.0,1.0,0.0,0.0,1.0,0,0;                      1399P   2650
100,-5.5,0.0,0.0,3.05,0.0,3.05,-7.47034547479886E-016,0,0;          1401P   2651
142,0,1397,1399,1401,3,0,0;                                         1403P   2652
144,1397,1,0,1403,0,0;                                              1405P   2653
128,3,6,3,3,0,0,0,0,0,0.0,0.0,0.0,0.0,1.0,1.0,1.0,1.0,0.0,0.0,      1407P   2654
0.0,0.0,0.5,0.5,0.5,1.0,1.0,1.0,1.0,1.0,0.755320871117973,          1407P   2655
0.755320871117973,1.0,0.333333333333333,0.251773623705991,          1407P   2656
0.251773623705991,0.333333333333333,0.333333333333333,              1407P   2657
0.251773623705991,0.251773623705991,0.333333333333333,1.0,          1407P   2658
0.755320871117973,0.755320871117973,1.0,0.333333333333333,          1407P   2659
0.251773623705991,0.251773623705991,0.333333333333333,              1407P   2660
0.333333333333333,0.251773623705991,0.251773623705991,              1407P   2661
0.333333333333333,1.0,0.755320871117973,0.755320871117973,1.0,      1407P   2662
-3.1495004165278,0.0,5.39001665833532,-3.15632204227259,0.0,        1407P   2663
5.45800537652211,-3.10800537652211,0.0,5.50632204227258,            1407P   2664
-3.04001665833532,0.0,5.4995004165278,-3.1495004165278,             1407P   2665
6.29900083305561,5.39001665833532,-3.15632204227259,                1407P   2666
6.31264408454517,5.45800537652211,-3.10800537652211,                1407P   2667
6.21601075304423,5.50632204227258,-3.04001665833532,                1407P   2668
6.08003331667063,5.4995004165278,3.1495004165278,                   1407P   2669
6.29900083305561,5.39001665833532,3.15632204227259,                 1407P   2670
6.31264408454517,5.45800537652211,3.10800537652211,                 1407P   2671
6.21601075304423,5.50632204227258,3.04001665833532,                 1407P   2672
6.08003331667063,5.4995004165278,3.1495004165278,0.0,               1407P   2673
5.39001665833532,3.15632204227259,0.0,5.45800537652211,             1407P   2674
3.10800537652211,0.0,5.50632204227258,3.04001665833532,0.0,         1407P   2675
5.4995004165278,3.1495004165278,-6.29900083305561,                  1407P   2676
5.39001665833532,3.15632204227259,-6.31264408454517,                1407P   2677
5.45800537652211,3.10800537652211,-6.21601075304423,                1407P   2678
5.50632204227258,3.04001665833532,-6.08003331667063,                1407P   2679
5.4995004165278,-3.1495004165278,-6.29900083305561,                 1407P   2680
5.39001665833532,-3.15632204227259,-6.31264408454517,               1407P   2681
5.45800537652211,-3.10800537652211,-6.21601075304423,               1407P   2682
5.50632204227258,-3.04001665833532,-6.08003331667063,               1407P   2683
5.4995004165278,-3.1495004165278,0.0,5.39001665833532,              1407P   2684
-3.15632204227259,0.0,5.45800537652211,-3.10800537652211,0.0,       1407P   2685
5.50632204227258,-3.04001665833532,0.0,5.4995004165278,0.0,1.0,     1407P   2686
0.0,1.0,0,0;                                                        1407P   2687
126,1,1,1,0,1,0,0.0,0.0,1.0,1.0,1.0,1.0,0.0631414567137958,1.0,     1409P   2688
0.0,0.0631414567137958,0.0,0.0,0.0,1.0,0.0,0.0,1.0,0,0;             1409P   2689
126,1,1,1,0,1,0,0.0,0.0,1.0,1.0,1.0,1.0,0.0631414567137958,0.0,     1411P   2690
0.0,0.936858543286204,0.0,0.0,0.0,1.0,0.0,0.0,1.0,0,0;              1411P   2691
126,1,1,1,0,1,0,0.0,0.0,1.0,1.0,1.0,1.0,0.936858543286204,0.0,      1413P   2692
0.0,0.936858543286204,1.0,0.0,0.0,1.0,0.0,0.0,1.0,0,0;              1413P   2693
126,1,1,1,0,1,0,0.0,0.0,1.0,1.0,1.0,1.0,0.936858543286204,1.0,      1415P   2694
0.0,0.0631414567137958,1.0,0.0,0.0,1.0,0.0,0.0,1.0,0,0;             1415P   2695
102,4,1409,1411,1413,1415,0,0;                                      1417P   2696
100,5.4,0.0,0.0,3.15,0.0,3.15,-7.71527483462833E-016,0,0;           1419P   2697
100,0.0,-5.4,3.05,-5.40000000000002,3.15,-5.5,3.05000000000002,     1421P   2698
0,0;                                                                1421P   2699
100,-5.5,0.0,0.0,3.05,0.0,3.05,-7.47034547479886E-016,0,0;          1423P   2700
100,0.0,-5.4,-3.05,-5.5,-3.05000000000002,-5.40000000000002,        1425P   2701
-3.15,0,0;                                                          1425P   2702
102,4,1419,1421,1423,1425,0,0;                                      1427P   2703
142,0,1407,1417,1427,3,0,0;                                         1429P   2704
144,1407,1,0,1429,0,0;                                              1431P   2705
128,3,6,3,3,0,0,0,0,0,0.0,0.0,0.0,0.0,1.0,1.0,1.0,1.0,0.0,0.0,      1433P   2706
0.0,0.0,0.5,0.5,0.5,1.0,1.0,1.0,1.0,1.0,0.797003193790838,          1433P   2707
0.797003193790838,1.0,0.333333333333333,0.265667731263613,          1433P   2708
0.265667731263613,0.333333333333333,0.333333333333333,              1433P   2709
0.265667731263613,0.265667731263613,0.333333333333333,1.0,          1433P   2710
0.797003193790838,0.797003193790838,1.0,0.333333333333333,          1433P   2711
0.265667731263613,0.265667731263613,0.333333333333333,              1433P   2712
0.333333333333333,0.265667731263613,0.265667731263613,              1433P   2713
0.333333333333333,1.0,0.797003193790838,0.797003193790838,1.0,      1433P   2714
3.05673969512229,0.0,0.808164645739294,3.11670496828162,0.0,        1433P   2715
0.804113958860837,3.15550059759545,0.0,0.758210351209543,           1433P   2716
3.14950041652703,0.0,0.698408680025485,3.05673969512229,            1433P   2717
6.11347939024459,0.808164645739294,3.11670496828162,                1433P   2718
6.23340993656324,0.804113958860837,3.15550059759545,                1433P   2719
6.3110011951909,0.758210351209543,3.14950041652703,                 1433P   2720
6.29900083305407,0.698408680025485,-3.05673969512229,               1433P   2721
6.11347939024459,0.808164645739294,-3.11670496828162,               1433P   2722
6.23340993656324,0.804113958860837,-3.15550059759545,               1433P   2723
6.3110011951909,0.758210351209543,-3.14950041652703,                1433P   2724
6.29900083305407,0.698408680025485,-3.05673969512229,0.0,           1433P   2725
0.808164645739294,-3.11670496828162,0.0,0.804113958860837,          1433P   2726
-3.15550059759545,0.0,0.758210351209543,-3.14950041652703,0.0,      1433P   2727
0.698408680025485,-3.05673969512229,-6.11347939024459,              1433P   2728
0.808164645739294,-3.11670496828162,-6.23340993656324,              1433P   2729
0.804113958860837,-3.15550059759545,-6.3110011951909,               1433P   2730
0.758210351209543,-3.14950041652703,-6.29900083305407,              1433P   2731
0.698408680025485,3.05673969512229,-6.11347939024459,               1433P   2732
0.808164645739294,3.11670496828162,-6.23340993656324,               1433P   2733
0.804113958860837,3.15550059759545,-6.3110011951909,                1433P   2734
0.758210351209543,3.14950041652703,-6.29900083305407,               1433P   2735
0.698408680025485,3.05673969512229,0.0,0.808164645739294,           1433P   2736
3.11670496828162,0.0,0.804113958860837,3.15550059759545,0.0,        1433P   2737
0.758210351209543,3.14950041652703,0.0,0.698408680025485,0.0,       1433P   2738
1.0,0.0,1.0,0,0;                                                    1433P   2739
126,1,1,1,0,1,0,0.0,0.0,1.0,1.0,1.0,1.0,0.931800885697968,0.0,      1435P   2740
0.0,0.931800885697968,1.0,0.0,0.0,1.0,0.0,0.0,1.0,0,0;              1435P   2741
126,1,1,1,0,1,0,0.0,0.0,1.0,1.0,1.0,1.0,0.931800885697967,1.0,      1437P   2742
0.0,0.0681991142994073,1.0,0.0,0.0,1.0,0.0,0.0,1.0,0,0;             1437P   2743
126,1,1,1,0,1,0,0.0,0.0,1.0,1.0,1.0,1.0,0.0681991143020377,1.0,     1439P   2744
0.0,0.0681991143020377,0.0,0.0,0.0,1.0,0.0,0.0,1.0,0,0;             1439P   2745
126,1,1,1,0,1,0,0.0,0.0,1.0,1.0,1.0,1.0,0.0681991142994073,0.0,     1441P   2746
0.0,0.931800885697967,0.0,0.0,0.0,1.0,0.0,0.0,1.0,0,0;              1441P   2747
102,4,1435,1437,1439,1441,0,0;                                      1443P   2748
100,0.708392021690168,0.0,0.0,3.14999999999923,0.0,                 1445P   2749
3.14999999999923,-7.71527483462644E-016,0,0;                        1445P   2750
100,0.0,-0.708392021690168,3.04999999999923,-0.708392021690176,     1447P   2751
3.14999999999923,-0.806993351408538,3.06666666666565,0,0;           1447P   2752
100,-0.806993351408604,0.0,0.0,3.06666666666605,0.0,                1449P   2753
3.06666666666605,-7.51116703476892E-016,0,0;                        1449P   2754
100,0.0,-0.708392021690168,-3.04999999999923,-0.806993351408538,    1451P   2755
-3.06666666666565,-0.708392021690176,-3.14999999999923,0,0;         1451P   2756
102,4,1445,1447,1449,1451,0,0;                                      1453P   2757
142,0,1433,1443,1453,3,0,0;                                         1455P   2758
144,1433,1,0,1455,0,0;                                              1457P   2759
128,3,6,3,3,0,0,0,0,0,0.0,0.0,0.0,0.0,1.0,1.0,1.0,1.0,0.0,0.0,      1459P   2760
0.0,0.0,0.5,0.5,0.5,1.0,1.0,1.0,1.0,1.0,0.797003193790528,          1459P   2761
0.797003193790528,1.0,0.333333333333333,0.265667731263509,          1459P   2762
0.265667731263509,0.333333333333333,0.333333333333333,              1459P   2763
0.265667731263509,0.265667731263509,0.333333333333333,1.0,          1459P   2764
0.797003193790528,0.797003193790528,1.0,0.333333333333333,          1459P   2765
0.265667731263509,0.265667731263509,0.333333333333333,              1459P   2766
0.333333333333333,0.265667731263509,0.265667731263509,              1459P   2767
0.333333333333333,1.0,0.797003193790528,0.797003193790528,1.0,      1459P   2768
3.1495004165278,0.0,1.90159131997464,3.15550059759622,0.0,          1459P   2769
1.84178964879053,3.11670496828233,0.0,1.79588604113921,             1459P   2770
3.05673969512293,0.0,1.79183535426083,3.1495004165278,              1459P   2771
6.29900083305561,1.90159131997464,3.15550059759622,                 1459P   2772
6.31100119519245,1.84178964879053,3.11670496828233,                 1459P   2773
6.23340993656465,1.79588604113921,3.05673969512293,                 1459P   2774
6.11347939024587,1.79183535426083,-3.1495004165278,                 1459P   2775
6.29900083305561,1.90159131997464,-3.15550059759622,                1459P   2776
6.31100119519245,1.84178964879053,-3.11670496828233,                1459P   2777
6.23340993656465,1.79588604113921,-3.05673969512293,                1459P   2778
6.11347939024587,1.79183535426083,-3.1495004165278,0.0,             1459P   2779
1.90159131997464,-3.15550059759622,0.0,1.84178964879053,            1459P   2780
-3.11670496828233,0.0,1.79588604113921,-3.05673969512293,0.0,       1459P   2781
1.79183535426083,-3.1495004165278,-6.29900083305561,                1459P   2782
1.90159131997464,-3.15550059759622,-6.31100119519245,               1459P   2783
1.84178964879053,-3.11670496828233,-6.23340993656465,               1459P   2784
1.79588604113921,-3.05673969512293,-6.11347939024587,               1459P   2785
1.79183535426083,3.1495004165278,-6.29900083305561,                 1459P   2786
1.90159131997464,3.15550059759622,-6.31100119519245,                1459P   2787
1.84178964879053,3.11670496828233,-6.23340993656465,                1459P   2788
1.79588604113921,3.05673969512293,-6.11347939024587,                1459P   2789
1.79183535426083,3.1495004165278,0.0,1.90159131997464,              1459P   2790
3.15550059759622,0.0,1.84178964879053,3.11670496828233,0.0,         1459P   2791
1.79588604113921,3.05673969512293,0.0,1.79183535426083,0.0,1.0,     1459P   2792
0.0,1.0,0,0;                                                        1459P   2793
126,1,1,1,0,1,0,0.0,0.0,1.0,1.0,1.0,1.0,0.931800885698064,0.5,      1461P   2794
0.0,0.931800885698013,1.0,0.0,0.0,1.0,0.0,0.0,1.0,0,0;              1461P   2795
126,1,1,1,0,1,0,0.0,0.0,1.0,1.0,1.0,1.0,0.931800885700688,1.0,      1463P   2796
0.0,0.0681991143019881,1.0,0.0,0.0,1.0,0.0,0.0,1.0,0,0;             1463P   2797
126,1,1,1,0,1,0,0.0,0.0,1.0,1.0,1.0,1.0,0.0681991143019881,1.0,     1465P   2798
0.0,0.0681991143019881,0.0,0.0,0.0,1.0,0.0,0.0,1.0,0,0;             1465P   2799
126,1,1,1,0,1,0,0.0,0.0,1.0,1.0,1.0,1.0,0.0681991143019881,0.0,     1467P   2800
0.0,0.931800885700688,0.0,0.0,0.0,1.0,0.0,0.0,1.0,0,0;              1467P   2801
126,1,1,1,0,1,0,0.0,0.0,1.0,1.0,1.0,1.0,0.931800885698013,0.0,      1469P   2802
0.0,0.931800885698064,0.5,0.0,0.0,1.0,0.0,0.0,1.0,0,0;              1469P   2803
102,5,1461,1463,1465,1467,1469,0,0;                                 1471P   2804
100,1.7930066485915,0.0,0.0,3.06666666666669,0.0,                   1473P   2805
-3.06666666666669,3.75558351738524E-016,0,0;                        1473P   2806
100,0.0,-1.89160797830996,3.05,-1.79300664859157,                   1475P   2807
3.06666666666628,-1.89160797830995,3.15,0,0;                        1475P   2808
100,-1.89160797830996,0.0,0.0,3.15,0.0,3.15,                        1477P   2809
-7.71527483462833E-016,0,0;                                         1477P   2810
100,0.0,-1.89160797830996,-3.05,-1.89160797830995,-3.15,            1479P   2811
-1.79300664859157,-3.06666666666628,0,0;                            1479P   2812
100,1.7930066485915,0.0,0.0,-3.06666666666669,                      1481P   2813
3.75558351738524E-016,3.06666666666669,-7.51116703477049E-016,0,    1481P   2814
0;                                                                  1481P   2815
102,5,1473,1475,1477,1479,1481,0,0;                                 1483P   2816
142,0,1459,1471,1483,3,0,0;                                         1485P   2817
144,1459,1,0,1485,0,0;                                              1487P   2818
128,1,1,1,1,0,0,1,0,0,0.0,0.0,1.0,1.0,0.0,0.0,1.0,1.0,1.0,1.0,      1489P   2819
1.0,1.0,-3.05885,-2.64321439728222,5.501,-1.575,                    1489P   2820
-2.64321439728222,5.501,-3.05885,2.64321439728222,5.501,-1.575,     1489P   2821
2.64321439728222,5.501,0.0,1.0,0.0,1.0,0,0;                         1489P   2822
126,1,1,1,0,1,0,0.0,0.0,1.0,1.0,1.0,1.0,1.0,0.00592885375494067,    1491P   2823
0.0,1.0,0.994071146245059,0.0,0.0,1.0,0.0,0.0,1.0,0,0;              1491P   2824
126,32,2,1,0,1,0,0.0,0.0,0.0,0.0625,0.0625,0.125,0.125,0.1875,      1493P   2825
0.1875,0.25,0.25,0.3125,0.3125,0.375,0.375,0.4375,0.4375,0.5,       1493P   2826
0.5,0.5625,0.5625,0.625,0.625,0.6875,0.6875,0.75,0.75,0.8125,       1493P   2827
0.8125,0.875,0.875,0.9375,0.9375,1.0,1.0,1.0,1.0,1.0,1.0,1.0,       1493P   2828
1.0,1.0,1.0,1.0,1.0,1.0,1.0,1.0,1.0,1.0,1.0,1.0,1.0,1.0,1.0,1.0,    1493P   2829
1.0,1.0,1.0,1.0,1.0,1.0,1.0,1.0,1.0,1.0,1.0,1.0,1.0,1.0,            1493P   2830
0.994071146245059,0.0,0.886733383016959,0.974899552261641,0.0,      1493P   2831
0.783154908054839,0.951811285742835,0.0,0.679576433092719,          1493P   2832
0.92872301922403,0.0,0.587394600259428,0.902098915144027,0.0,       1493P   2833
0.495212767426137,0.875474811064023,0.0,0.415948092170467,          1493P   2834
0.845754027121467,0.0,0.336683416914796,0.81603324317891,0.0,       1493P   2835
0.271643349518063,0.783706016004447,0.0,0.20660328212133,           1493P   2836
0.751378788829983,0.0,0.156860641643727,0.716978347660054,0.0,      1493P   2837
0.107118001166125,0.682577906490124,0.0,0.073493279574298,          1493P   2838
0.646671677688868,0.0,0.0398685579824709,0.610765448887612,0.0,     1493P   2839
0.0229163863471002,0.573945696396005,0.0,0.00596421471172959,       1493P   2840
0.537125943904398,0.0,0.00596421471172959,0.5,0.0,                  1493P   2841
0.00596421471172959,0.462874056095602,0.0,0.0229163863470999,       1493P   2842
0.426054303603996,0.0,0.0398685579824703,0.389234551112389,0.0,     1493P   2843
0.073493279574298,0.353328322311132,0.0,0.107118001166125,          1493P   2844
0.317422093509876,0.0,0.156860641643727,0.283021652339946,0.0,      1493P   2845
0.20660328212133,0.248621211170016,0.0,0.271643349518062,           1493P   2846
0.216293983995554,0.0,0.336683416914795,0.183966756821091,0.0,      1493P   2847
0.415948092170467,0.154245972878534,0.0,0.495212767426138,          1493P   2848
0.124525188935977,0.0,0.587394600259429,0.0979010848559733,0.0,     1493P   2849
0.679576433092722,0.0712769807759695,0.0,0.78315490805484,          1493P   2850
0.0481887142571643,0.0,0.88673338301696,0.0251004477383587,0.0,     1493P   2851
1.0,0.00592885375494051,0.0,0.0,1.0,0.0,0.0,1.0,0,0;                1493P   2852
102,2,1491,1493,0,0;                                                1495P   2853
110,-1.575,-2.61187193407334,5.501,-1.575,2.61187193407334,         1497P   2854
5.501,0,0;                                                          1497P   2855
100,5.501,0.0,0.0,-1.575,2.61187193407334,-1.575,                   1499P   2856
-2.61187193407334,0,0;                                              1499P   2857
102,2,1497,1499,0,0;                                                1501P   2858
142,0,1489,1495,1501,3,0,0;                                         1503P   2859
144,1489,1,0,1503,0,0;                                              1505P   2860
128,3,1,3,1,0,0,0,0,0,0.0,0.0,0.0,0.0,1.0,1.0,1.0,1.0,0.0,0.0,      1507P   2861
1.0,1.0,1.0,0.6775956284153,0.6775956284153,1.0,1.0,                1507P   2862
0.6775956284153,0.6775956284153,1.0,-1.575,-2.61187193407334,       1507P   2863
5.5011,-3.77560483870968,-1.28487248369737,5.5011,                  1507P   2864
-3.77560483870968,1.28487248369737,5.5011,-1.575,                   1507P   2865
2.61187193407334,5.5011,-1.575,-2.61187193407334,5.4999,            1507P   2866
-3.77560483870968,-1.28487248369737,5.4999,-3.77560483870968,       1507P   2867
1.28487248369737,5.4999,-1.575,2.61187193407334,5.4999,0.0,1.0,     1507P   2868
0.0,1.0,0,0;                                                        1507P   2869
126,1,1,1,0,1,0,0.0,0.0,1.0,1.0,1.0,1.0,1.0,0.916666666666486,      1509P   2870
0.0,0.0,0.916666666666486,0.0,0.0,1.0,0.0,0.0,1.0,0,0;              1509P   2871
126,1,1,1,0,1,0,0.0,0.0,1.0,1.0,1.0,1.0,0.0,0.916666666666486,      1511P   2872
0.0,0.0,0.083333333333514,0.0,0.0,1.0,0.0,0.0,1.0,0,0;              1511P   2873
126,1,1,1,0,1,0,0.0,0.0,1.0,1.0,1.0,1.0,0.0,0.083333333333514,      1513P   2874
0.0,1.0,0.083333333333514,0.0,0.0,1.0,0.0,0.0,1.0,0,0;              1513P   2875
126,1,1,1,0,1,0,0.0,0.0,1.0,1.0,1.0,1.0,1.0,0.083333333333514,      1515P   2876
0.0,1.0,0.916666666666486,0.0,0.0,1.0,0.0,0.0,1.0,0,0;              1515P   2877
102,4,1509,1511,1513,1515,0,0;                                      1517P   2878
100,5.5,0.0,0.0,-1.575,2.61187193407334,-1.575,                     1519P   2879
-2.61187193407334,0,0;                                              1519P   2880
100,-5.501,0.0,0.0,-1.575,2.61187193407334,-1.575,                  1521P   2881
-2.61187193407334,0,0;                                              1521P   2882
102,2,1519,1521,0,0;                                                1523P   2883
142,0,1507,1517,1523,3,0,0;                                         1525P   2884
144,1507,1,0,1525,0,0;                                              1527P   2885
128,1,1,1,1,0,0,1,0,0,0.0,0.0,1.0,1.0,0.0,0.0,1.0,1.0,1.0,1.0,      1529P   2886
1.0,1.0,-1.575,2.61187193407334,5.5,-1.575,2.61187193407334,        1529P   2887
5.501,-1.575,-2.61187193407334,5.5,-1.575,-2.61187193407334,        1529P   2888
5.501,0.0,1.0,0.0,1.0,0,0;                                          1529P   2889
128,1,1,1,1,0,0,1,0,0,0.0,0.0,1.0,1.0,0.0,0.0,1.0,1.0,1.0,1.0,      1531P   2890
1.0,1.0,-3.05885,-2.64321439728222,5.5,-3.05885,                    1531P   2891
2.64321439728222,5.5,-1.575,-2.64321439728222,5.5,-1.575,           1531P   2892
2.64321439728222,5.5,0.0,1.0,0.0,1.0,0,0;                           1531P   2893
126,32,2,1,0,1,0,0.0,0.0,0.0,0.0625,0.0625,0.125,0.125,0.1875,      1533P   2894
0.1875,0.25,0.25,0.3125,0.3125,0.375,0.375,0.4375,0.4375,0.5,       1533P   2895
0.5,0.5625,0.5625,0.625,0.625,0.6875,0.6875,0.75,0.75,0.8125,       1533P   2896
0.8125,0.875,0.875,0.9375,0.9375,1.0,1.0,1.0,1.0,1.0,1.0,1.0,       1533P   2897
1.0,1.0,1.0,1.0,1.0,1.0,1.0,1.0,1.0,1.0,1.0,1.0,1.0,1.0,1.0,1.0,    1533P   2898
1.0,1.0,1.0,1.0,1.0,1.0,1.0,1.0,1.0,1.0,1.0,1.0,1.0,                1533P   2899
0.994071146245059,1.0,0.0,0.974899552261641,0.886733383016959,      1533P   2900
0.0,0.951811285742835,0.783154908054839,0.0,0.92872301922403,       1533P   2901
0.679576433092719,0.0,0.902098915144027,0.587394600259428,0.0,      1533P   2902
0.875474811064023,0.495212767426137,0.0,0.845754027121467,          1533P   2903
0.415948092170467,0.0,0.81603324317891,0.336683416914796,0.0,       1533P   2904
0.783706016004447,0.271643349518063,0.0,0.751378788829983,          1533P   2905
0.20660328212133,0.0,0.716978347660054,0.156860641643727,0.0,       1533P   2906
0.682577906490124,0.107118001166125,0.0,0.646671677688868,          1533P   2907
0.073493279574298,0.0,0.610765448887612,0.0398685579824709,0.0,     1533P   2908
0.573945696396005,0.0229163863471002,0.0,0.537125943904398,         1533P   2909
0.00596421471172959,0.0,0.5,0.00596421471172959,0.0,                1533P   2910
0.462874056095602,0.00596421471172959,0.0,0.426054303603996,        1533P   2911
0.0229163863470999,0.0,0.389234551112389,0.0398685579824703,0.0,    1533P   2912
0.353328322311132,0.073493279574298,0.0,0.317422093509876,          1533P   2913
0.107118001166125,0.0,0.283021652339946,0.156860641643727,0.0,      1533P   2914
0.248621211170016,0.20660328212133,0.0,0.216293983995554,           1533P   2915
0.271643349518062,0.0,0.183966756821091,0.336683416914795,0.0,      1533P   2916
0.154245972878534,0.415948092170467,0.0,0.124525188935977,          1533P   2917
0.495212767426138,0.0,0.0979010848559733,0.587394600259429,0.0,     1533P   2918
0.0712769807759695,0.679576433092722,0.0,0.0481887142571643,        1533P   2919
0.78315490805484,0.0,0.0251004477383587,0.88673338301696,0.0,       1533P   2920
0.00592885375494051,1.0,0.0,0.0,1.0,0.0,0.0,1.0,0,0;                1533P   2921
126,1,1,1,0,1,0,0.0,0.0,1.0,1.0,1.0,1.0,0.00592885375494067,1.0,    1535P   2922
0.0,0.994071146245059,1.0,0.0,0.0,1.0,0.0,0.0,1.0,0,0;              1535P   2923
102,2,1533,1535,0,0;                                                1537P   2924
100,5.5,0.0,0.0,-1.575,2.61187193407334,-1.575,                     1539P   2925
-2.61187193407334,0,0;                                              1539P   2926
110,-1.575,-2.61187193407334,5.5,-1.575,2.61187193407334,5.5,0,     1541P   2927
0;                                                                  1541P   2928
102,2,1539,1541,0,0;                                                1543P   2929
142,0,1531,1537,1543,3,0,0;                                         1545P   2930
144,1531,1,0,1545,0,0;                                              1547P   2931
128,1,1,1,1,0,0,1,0,0,0.0,0.0,1.0,1.0,0.0,0.0,1.0,1.0,1.0,1.0,      1549P   2932
1.0,1.0,0.506,-0.506,-0.03,-0.506,-0.506,-0.03,0.506,0.506,         1549P   2933
-0.03,-0.506,0.506,-0.03,0.0,1.0,0.0,1.0,0,0;                       1549P   2934
126,64,2,1,1,1,1,-0.03125,-0.03125,0.0,0.03125,0.03125,0.0625,      1551P   2935
0.0625,0.09375,0.09375,0.125,0.125,0.15625,0.15625,0.1875,          1551P   2936
0.1875,0.21875,0.21875,0.25,0.25,0.28125,0.28125,0.3125,0.3125,     1551P   2937
0.34375,0.34375,0.375,0.375,0.40625,0.40625,0.4375,0.4375,          1551P   2938
0.46875,0.46875,0.5,0.5,0.53125,0.53125,0.5625,0.5625,0.59375,      1551P   2939
0.59375,0.625,0.625,0.65625,0.65625,0.6875,0.6875,0.71875,          1551P   2940
0.71875,0.75,0.75,0.78125,0.78125,0.8125,0.8125,0.84375,0.84375,    1551P   2941
0.875,0.875,0.90625,0.90625,0.9375,0.9375,0.96875,0.96875,1.0,      1551P   2942
1.03125,1.03125,1.0,1.0,1.0,1.0,1.0,1.0,1.0,1.0,1.0,1.0,1.0,1.0,    1551P   2943
1.0,1.0,1.0,1.0,1.0,1.0,1.0,1.0,1.0,1.0,1.0,1.0,1.0,1.0,1.0,1.0,    1551P   2944
1.0,1.0,1.0,1.0,1.0,1.0,1.0,1.0,1.0,1.0,1.0,1.0,1.0,1.0,1.0,1.0,    1551P   2945
1.0,1.0,1.0,1.0,1.0,1.0,1.0,1.0,1.0,1.0,1.0,1.0,1.0,1.0,1.0,1.0,    1551P   2946
1.0,1.0,1.0,1.0,1.0,0.00592885375494073,0.548661760551959,0.0,      1551P   2947
0.00592885375494073,0.451338239448042,0.0,0.0154222922908941,       1551P   2948
0.403611500980174,0.0,0.0249157308268474,0.355884762512306,0.0,     1551P   2949
0.0435377803797991,0.310927157922387,0.0,0.0621598299327509,        1551P   2950
0.265969553332466,0.0,0.0891948555817464,0.22550877815237,0.0,      1551P   2951
0.116229881230742,0.185048002972274,0.0,0.150638942101508,          1551P   2952
0.150638942101508,0.0,0.185048002972274,0.116229881230742,0.0,      1551P   2953
0.22550877815237,0.0891948555817465,0.0,0.265969553332467,          1551P   2954
0.0621598299327508,0.0,0.310927157922386,0.0435377803797991,0.0,    1551P   2955
0.355884762512306,0.0249157308268474,0.0,0.403611500980174,         1551P   2956
0.0154222922908941,0.0,0.451338239448041,0.00592885375494073,       1551P   2957
0.0,0.5,0.00592885375494073,0.0,0.548661760551958,                  1551P   2958
0.00592885375494073,0.0,0.596388499019826,0.0154222922908941,       1551P   2959
0.0,0.644115237487693,0.0249157308268474,0.0,0.689072842077613,     1551P   2960
0.0435377803797991,0.0,0.734030446667534,0.062159829932751,0.0,     1551P   2961
0.774491221847629,0.0891948555817463,0.0,0.814951997027726,         1551P   2962
0.116229881230742,0.0,0.849361057898492,0.150638942101508,0.0,      1551P   2963
0.883770118769258,0.185048002972274,0.0,0.910805144418254,          1551P   2964
0.22550877815237,0.0,0.937840170067249,0.265969553332467,0.0,       1551P   2965
0.956462219620201,0.310927157922386,0.0,0.975084269173153,          1551P   2966
0.355884762512306,0.0,0.984577707709106,0.403611500980174,0.0,      1551P   2967
0.994071146245059,0.451338239448041,0.0,0.994071146245059,0.5,      1551P   2968
0.0,0.994071146245059,0.548661760551958,0.0,0.984577707709106,      1551P   2969
0.596388499019826,0.0,0.975084269173153,0.644115237487694,0.0,      1551P   2970
0.956462219620201,0.689072842077613,0.0,0.937840170067249,          1551P   2971
0.734030446667534,0.0,0.910805144418254,0.774491221847629,0.0,      1551P   2972
0.883770118769258,0.814951997027726,0.0,0.849361057898492,          1551P   2973
0.849361057898492,0.0,0.814951997027726,0.883770118769258,0.0,      1551P   2974
0.77449122184763,0.910805144418254,0.0,0.734030446667534,           1551P   2975
0.937840170067249,0.0,0.689072842077614,0.956462219620201,0.0,      1551P   2976
0.644115237487694,0.975084269173153,0.0,0.596388499019826,          1551P   2977
0.984577707709106,0.0,0.548661760551959,0.994071146245059,0.0,      1551P   2978
0.5,0.994071146245059,0.0,0.451338239448042,0.994071146245059,      1551P   2979
0.0,0.403611500980174,0.984577707709106,0.0,0.355884762512306,      1551P   2980
0.975084269173153,0.0,0.310927157922386,0.956462219620201,0.0,      1551P   2981
0.265969553332466,0.937840170067249,0.0,0.225508778152371,          1551P   2982
0.910805144418254,0.0,0.185048002972274,0.883770118769258,0.0,      1551P   2983
0.150638942101508,0.849361057898492,0.0,0.116229881230742,          1551P   2984
0.814951997027726,0.0,0.0891948555817465,0.77449122184763,0.0,      1551P   2985
0.0621598299327508,0.734030446667533,0.0,0.0435377803797992,        1551P   2986
0.689072842077614,0.0,0.0249157308268475,0.644115237487694,0.0,     1551P   2987
0.0154222922908941,0.596388499019826,0.0,0.00592885375494073,       1551P   2988
0.548661760551959,0.0,0.00592885375494073,0.451338239448042,0.0,    1551P   2989
0.0,1.0,0.0,0.0,1.0,0,0;                                            1551P   2990
100,0.03,0.0,0.0,0.5,0.0,0.5,-1.22464679914735E-016,0,0;            1553P   2991
142,0,1549,1551,1553,3,0,0;                                         1555P   2992
144,1549,1,0,1555,0,0;                                              1557P   2993
128,6,1,3,1,0,0,0,0,0,0.0,0.0,0.0,0.0,0.5,0.5,0.5,1.0,1.0,1.0,      1559P   2994
1.0,0.0,0.0,1.0,1.0,1.0,0.333333333333333,0.333333333333333,1.0,    1559P   2995
0.333333333333333,0.333333333333333,1.0,1.0,0.333333333333333,      1559P   2996
0.333333333333333,1.0,0.333333333333333,0.333333333333333,1.0,      1559P   2997
0.5,0.0,-0.033,0.5,1.0,-0.033,-0.5,1.0,-0.033,-0.5,                 1559P   2998
6.12323399573677E-017,-0.033,-0.5,-1.0,-0.033,0.5,-1.0,-0.033,      1559P   2999
0.5,0.0,-0.033,0.5,0.0,0.00300000000000001,0.5,1.0,                 1559P   3000
0.00300000000000001,-0.5,1.0,0.00300000000000001,-0.5,              1559P   3001
6.12323399573677E-017,0.00300000000000001,-0.5,-1.0,                1559P   3002
0.00300000000000001,0.5,-1.0,0.00300000000000001,0.5,0.0,           1559P   3003
0.00300000000000001,0.0,1.0,0.0,1.0,0,0;                            1559P   3004
126,1,1,1,0,1,0,0.0,0.0,1.0,1.0,1.0,1.0,1.0,0.916666666666667,      1561P   3005
0.0,0.0,0.916666666666667,0.0,0.0,1.0,0.0,0.0,1.0,0,0;              1561P   3006
126,1,1,1,0,1,0,0.0,0.0,1.0,1.0,1.0,1.0,0.0,0.916666666666667,      1563P   3007
0.0,0.0,0.0833333333333334,0.0,0.0,1.0,0.0,0.0,1.0,0,0;             1563P   3008
126,1,1,1,0,1,0,0.0,0.0,1.0,1.0,1.0,1.0,0.0,0.0833333333333334,     1565P   3009
0.0,1.0,0.0833333333333334,0.0,0.0,1.0,0.0,0.0,1.0,0,0;             1565P   3010
126,1,1,1,0,1,0,0.0,0.0,1.0,1.0,1.0,1.0,1.0,0.0833333333333334,     1567P   3011
0.0,1.0,0.916666666666667,0.0,0.0,1.0,0.0,0.0,1.0,0,0;              1567P   3012
102,4,1561,1563,1565,1567,0,0;                                      1569P   3013
100,0.0,0.0,0.0,0.5,6.12323399573677E-017,0.5,                      1571P   3014
-1.22464679914735E-016,0,0;                                         1571P   3015
110,0.5,0.0,0.0,0.5,0.0,-0.03,0,0;                                  1573P   3016
100,-0.03,0.0,0.0,0.5,0.0,0.5,-1.22464679914735E-016,0,0;           1575P   3017
110,0.5,0.0,-0.03,0.5,0.0,0.0,0,0;                                  1577P   3018
102,4,1571,1573,1575,1577,0,0;                                      1579P   3019
142,0,1559,1569,1579,3,0,0;                                         1581P   3020
144,1559,1,0,1581,0,0;                                              1583P   3021
128,1,1,1,1,0,0,1,0,0,0.0,0.0,1.0,1.0,0.0,0.0,1.0,1.0,1.0,1.0,      1585P   3022
1.0,1.0,3.3,1.1,0.9,3.3,3.3,0.9,1.1,1.1,0.9,1.1,3.3,0.9,0.0,1.0,    1585P   3023
0.0,1.0,0,0;                                                        1585P   3024
126,1,1,1,0,1,0,0.0,0.0,1.0,1.0,1.0,1.0,0.841679285740495,1.0,      1587P   3025
0.0,1.0,1.0,0.0,0.0,1.0,0.0,0.0,1.0,0,0;                            1587P   3026
126,1,1,1,0,1,0,0.0,0.0,1.0,1.0,1.0,1.0,1.0,1.0,0.0,1.0,            1589P   3027
0.681818181818182,0.0,0.0,1.0,0.0,0.0,1.0,0,0;                      1589P   3028
126,1,1,1,0,1,0,0.0,0.0,1.0,1.0,1.0,1.0,1.0,0.681818181818182,      1591P   3029
0.0,0.318181818181818,0.0,0.0,0.0,1.0,0.0,0.0,1.0,0,0;              1591P   3030
126,1,1,1,0,1,0,0.0,0.0,1.0,1.0,1.0,1.0,0.318181818181818,0.0,      1593P   3031
0.0,0.0,0.0,0.0,0.0,1.0,0.0,0.0,1.0,0,0;                            1593P   3032
126,1,1,1,0,1,0,0.0,0.0,1.0,1.0,1.0,1.0,0.0,0.0,0.0,0.0,            1595P   3033
0.158320714259505,0.0,0.0,1.0,0.0,0.0,1.0,0,0;                      1595P   3034
126,8,2,1,0,1,0,0.0,0.0,0.0,0.25,0.25,0.5,0.5,0.75,0.75,1.0,1.0,    1597P   3035
1.0,1.0,1.0,1.0,1.0,1.0,1.0,1.0,1.0,1.0,0.0,0.158320714259505,      1597P   3036
0.0,0.144338817073658,0.212111071838886,0.0,0.273933622881057,      1597P   3037
0.295371404473841,0.0,0.403528428688455,0.378631737108796,0.0,      1597P   3038
0.512448345789829,0.48755165421017,0.0,0.621368262891204,           1597P   3039
0.596471571311545,0.0,0.704628595526159,0.726066377118944,0.0,      1597P   3040
0.787888928161114,0.855661182926342,0.0,0.841679285740495,1.0,      1597P   3041
0.0,0.0,1.0,0.0,0.0,1.0,0,0;                                        1597P   3042
102,6,1587,1589,1591,1593,1595,1597,0,0;                            1599P   3043
110,1.1,2.95169442862909,0.9,1.1,3.3,0.9,0,0;                       1601P   3044
110,1.1,3.3,0.9,1.8,3.3,0.9,0,0;                                    1603P   3045
110,1.8,3.3,0.9,3.3,1.8,0.9,0,0;                                    1605P   3046
110,3.3,1.8,0.9,3.3,1.1,0.9,0,0;                                    1607P   3047
110,3.3,1.1,0.9,2.95169442862909,1.1,0.9,0,0;                       1609P   3048
100,0.9,-1.69701209606427E-016,0.0,-2.95169442862909,-1.1,-1.1,     1611P   3049
-2.95169442862909,0,0;                                              1611P   3050
102,6,1601,1603,1605,1607,1609,1611,0,0;                            1613P   3051
142,0,1585,1599,1613,3,0,0;                                         1615P   3052
144,1585,1,0,1615,0,0;                                              1617P   3053
128,1,1,1,1,0,0,1,0,0,0.0,0.0,1.0,1.0,0.0,0.0,1.0,1.0,1.0,1.0,      1619P   3054
1.0,1.0,-3.3,0.999999999999999,1.5,-3.3,1.0,0.800000000000003,      1619P   3055
-2.98705540624877,0.999999999999999,1.5,-2.98705540624877,1.0,      1619P   3056
0.800000000000003,0.0,1.0,0.0,1.0,0,0;                              1619P   3057
128,1,1,1,1,0,0,1,0,0,0.0,0.0,1.0,1.0,0.0,0.0,1.0,1.0,1.0,1.0,      1621P   3058
1.0,1.0,-3.3,-1.0,0.800000000000003,-3.3,-1.0,1.5,                  1621P   3059
-2.98705540624877,-1.0,0.800000000000003,-2.98705540624877,-1.0,    1621P   3060
1.5,0.0,1.0,0.0,1.0,0,0;                                            1621P   3061
128,1,1,1,1,0,0,1,0,0,0.0,0.0,1.0,1.0,0.0,0.0,1.0,1.0,1.0,1.0,      1623P   3062
1.0,1.0,-1.1,1.1,1.6,-1.1,3.3,1.6,-3.3,1.1,1.6,-3.3,3.3,1.6,0.0,    1623P   3063
1.0,0.0,1.0,0,0;                                                    1623P   3064
126,1,1,1,0,1,0,0.0,0.0,1.0,1.0,1.0,1.0,1.0,0.0,0.0,                1625P   3065
0.841679285740495,0.0,0.0,0.0,1.0,0.0,0.0,1.0,0,0;                  1625P   3066
126,8,2,1,0,1,0,0.0,0.0,0.0,0.25,0.25,0.5,0.5,0.75,0.75,1.0,1.0,    1627P   3067
1.0,1.0,1.0,1.0,1.0,1.0,1.0,1.0,1.0,1.0,0.841679285740495,0.0,      1627P   3068
0.0,0.787888928161114,0.144338817073658,0.0,0.704628595526159,      1627P   3069
0.273933622881057,0.0,0.621368262891205,0.403528428688454,0.0,      1627P   3070
0.51244834578983,0.512448345789829,0.0,0.403528428688455,           1627P   3071
0.621368262891204,0.0,0.273933622881056,0.704628595526159,0.0,      1627P   3072
0.144338817073659,0.787888928161114,0.0,0.0,0.841679285740495,      1627P   3073
0.0,0.0,1.0,0.0,0.0,1.0,0,0;                                        1627P   3074
126,1,1,1,0,1,0,0.0,0.0,1.0,1.0,1.0,1.0,0.0,0.841679285740495,      1629P   3075
0.0,0.0,1.0,0.0,0.0,1.0,0.0,0.0,1.0,0,0;                            1629P   3076
126,1,1,1,0,1,0,0.0,0.0,1.0,1.0,1.0,1.0,0.0,1.0,0.0,                1631P   3077
0.727272727272727,1.0,0.0,0.0,1.0,0.0,0.0,1.0,0,0;                  1631P   3078
126,16,2,1,0,1,0,0.0,0.0,0.0,0.125,0.125,0.25,0.25,0.375,0.375,     1633P   3079
0.5,0.5,0.625,0.625,0.75,0.75,0.875,0.875,1.0,1.0,1.0,1.0,1.0,      1633P   3080
1.0,1.0,1.0,1.0,1.0,1.0,1.0,1.0,1.0,1.0,1.0,1.0,1.0,1.0,1.0,        1633P   3081
0.727272727272727,1.0,0.0,0.754134019097409,1.0,0.0,                1633P   3082
0.780479178731672,0.994759621928154,0.0,0.806824338365934,          1633P   3083
0.989519243856308,0.0,0.83164093609957,0.979239872503078,0.0,       1633P   3084
0.856457533833206,0.968960501149849,0.0,0.878791881732619,          1633P   3085
0.954037166991603,0.0,0.901126229632032,0.939113832833357,0.0,      1633P   3086
0.920120031232695,0.920120031232695,0.0,0.939113832833357,          1633P   3087
0.901126229632033,0.0,0.954037166991603,0.878791881732619,0.0,      1633P   3088
0.968960501149849,0.856457533833205,0.0,0.979239872503078,          1633P   3089
0.83164093609957,0.0,0.989519243856308,0.806824338365934,0.0,       1633P   3090
0.994759621928154,0.780479178731672,0.0,1.0,0.754134019097409,      1633P   3091
0.0,1.0,0.727272727272727,0.0,0.0,1.0,0.0,0.0,1.0,0,0;              1633P   3092
126,1,1,1,0,1,0,0.0,0.0,1.0,1.0,1.0,1.0,1.0,0.727272727272727,      1635P   3093
0.0,1.0,0.0,0.0,0.0,1.0,0.0,0.0,1.0,0,0;                            1635P   3094
102,6,1625,1627,1629,1631,1633,1635,0,0;                            1637P   3095
110,-1.1,3.3,1.6,-1.1,2.95169442862909,1.6,0,0;                     1639P   3096
100,1.6,-3.01691039300314E-016,0.0,1.1,-2.95169442862909,           1641P   3097
2.95169442862909,-1.1,0,0;                                          1641P   3098
110,-2.95169442862909,1.1,1.6,-3.3,1.1,1.6,0,0;                     1643P   3099
110,-3.3,1.1,1.6,-3.3,2.7,1.6,0,0;                                  1645P   3100
100,-1.6,2.7,2.7,3.3,2.7,2.7,3.3,0,0;                               1647P   3101
110,-2.7,3.3,1.6,-1.1,3.3,1.6,0,0;                                  1649P   3102
102,6,1639,1641,1643,1645,1647,1649,0,0;                            1651P   3103
142,0,1623,1637,1651,3,0,0;                                         1653P   3104
144,1623,1,0,1653,0,0;                                              1655P   3105
128,1,3,1,3,0,0,0,0,0,0.0,0.0,1.0,1.0,0.0,0.0,0.0,0.0,1.0,1.0,      1657P   3106
1.0,1.0,1.0,1.0,0.917878091643861,0.917878091643861,                1657P   3107
0.917878091643861,0.917878091643861,1.0,1.0,3.02399132566231,       1657P   3108
-0.882029740042313,0.920000000004498,3.02399132566231,              1657P   3109
-0.882029740042313,0.679999999994366,2.71596127169915,              1657P   3110
-1.93809414347523,0.920000000004498,2.71596127169915,               1657P   3111
-1.93809414347523,0.679999999994366,1.93809414347523,               1657P   3112
-2.71596127169915,0.920000000004498,1.93809414347523,               1657P   3113
-2.71596127169915,0.679999999994366,0.882029740042312,              1657P   3114
-3.02399132566231,0.920000000004498,0.882029740042312,              1657P   3115
-3.02399132566231,0.679999999994366,0.0,1.0,0.0,1.0,0,0;            1657P   3116
126,8,2,1,0,1,0,0.0,0.0,0.0,0.25,0.25,0.5,0.5,0.75,0.75,1.0,1.0,    1659P   3117
1.0,1.0,1.0,1.0,1.0,1.0,1.0,1.0,1.0,1.0,0.083333333333334,          1659P   3118
0.924840517487626,0.0,0.0833333333340298,0.931535660838348,0.0,     1659P   3119
0.113371184751234,0.937737522089327,0.0,0.143880030286507,          1659P   3120
0.944036628650222,0.0,0.200877565731751,0.948905761081637,0.0,      1659P   3121
0.259207012250158,0.953888674773091,0.0,0.336304181952907,          1659P   3122
0.9566149694539,0.0,0.414712923554514,0.95938764367763,0.0,         1659P   3123
0.49999999999763,0.95938764367763,0.0,0.0,1.0,0.0,0.0,1.0,0,0;      1659P   3124
126,8,2,1,0,1,0,0.0,0.0,0.0,0.25,0.25,0.5,0.5,0.75,0.75,1.0,1.0,    1661P   3125
1.0,1.0,1.0,1.0,1.0,1.0,1.0,1.0,1.0,1.0,0.499999999997645,          1661P   3126
0.959387643677627,0.0,0.584861952524906,0.959387643677627,0.0,      1661P   3127
0.662981760339276,0.96213440429796,0.0,0.739691788744721,           1661P   3128
0.964831595843916,0.0,0.797976430227478,0.969761613713343,0.0,      1661P   3129
0.855272148875985,0.974607983350228,0.0,0.886096040795868,          1661P   3130
0.980883581505846,0.0,0.916666666646708,0.98710761589139,0.0,       1661P   3131
0.916666666646708,0.993819727007789,0.0,0.0,1.0,0.0,0.0,1.0,0,0;    1661P   3132
126,1,1,1,0,1,0,0.0,0.0,1.0,1.0,1.0,1.0,0.916666666646708,          1663P   3133
0.993819727007789,0.0,0.916666666646709,0.00618027299221091,0.0,    1663P   3134
0.0,1.0,0.0,0.0,1.0,0,0;                                            1663P   3135
126,8,2,1,0,1,0,0.0,0.0,0.0,0.25,0.25,0.5,0.5,0.75,0.75,1.0,1.0,    1665P   3136
1.0,1.0,1.0,1.0,1.0,1.0,1.0,1.0,1.0,1.0,0.916666666666666,          1665P   3137
0.00618027299262483,0.0,0.91666666666565,0.012906729800623,0.0,     1665P   3138
0.885970043982019,0.0191420413163547,0.0,0.855097742859118,         1665P   3139
0.0254130378586358,0.0,0.797787473979993,0.030254358832786,0.0,     1665P   3140
0.739442196538406,0.0351831128055921,0.0,0.662677439284691,         1665P   3141
0.0378762841108318,0.0,0.584689856861436,0.0406123563223696,0.0,    1665P   3142
0.49999999999764,0.0406123563223696,0.0,0.0,1.0,0.0,0.0,1.0,0,0;    1665P   3143
126,8,2,1,0,1,0,0.0,0.0,0.0,0.25,0.25,0.5,0.5,0.75,0.75,1.0,1.0,    1667P   3144
1.0,1.0,1.0,1.0,1.0,1.0,1.0,1.0,1.0,1.0,0.499999999997608,          1667P   3145
0.0406123563223582,0.0,0.414531271298667,0.0406123563223582,0.0,    1667P   3146
0.335983719852013,0.04339637579074,0.0,0.258925198079625,           1667P   3147
0.0461276184694473,0.0,0.200651126791088,0.0511135980749862,0.0,    1667P   3148
0.143697651749785,0.0559865863310234,0.0,0.113248054419482,         1667P   3149
0.062287929635965,0.0,0.0833333333485579,0.0684785838273708,0.0,    1667P   3150
0.0833333333485579,0.0751594825126911,0.0,0.0,1.0,0.0,0.0,1.0,0,    1667P   3151
0;                                                                  1667P   3152
126,1,1,1,0,1,0,0.0,0.0,1.0,1.0,1.0,1.0,0.0833333333485589,         1669P   3153
0.0751594825126909,0.0,0.0833333333485593,0.924840517487309,0.0,    1669P   3154
0.0,1.0,0.0,0.0,1.0,0,0;                                            1669P   3155
102,6,1659,1661,1663,1665,1667,1669,0,0;                            1671P   3156
126,15,3,0,0,1,0,0.0,0.0,0.0,0.0,0.181410919315326,                 1673P   3157
0.181410919315326,0.181410919315326,0.395671498599253,              1673P   3158
0.395671498599253,0.395671498599253,0.599746070130716,              1673P   3159
0.599746070130716,0.599746070130716,0.799740999615888,              1673P   3160
0.799740999615888,0.799740999615888,1.0,1.0,1.0,1.0,1.0,1.0,1.0,    1673P   3161
1.0,1.0,1.0,1.0,1.0,1.0,1.0,1.0,1.0,1.0,1.0,1.0,1.0,                1673P   3162
1.09999999999914,-2.95169442862957,0.900000000003654,               1673P   3163
1.09083102491667,-2.95511140583862,0.900000000003575,               1673P   3164
1.08156709892034,-2.95851347518904,0.898719856892922,               1673P   3165
1.07267842680565,-2.96173276861127,0.896195278668892,               1673P   3166
1.06222171646885,-2.96551997308579,0.893225343129515,               1673P   3167
1.0520516811084,-2.96913791700269,0.888449428432642,                1673P   3168
1.04296617865796,-2.97232594951759,0.882140995995446,               1673P   3169
1.03430985124641,-2.97536338783188,0.876130557175154,               1673P   3170
1.02643015805088,-2.97808453875459,0.868577677538967,               1673P   3171
1.01998613632885,-2.98028996604306,0.859981510654661,               1673P   3172
1.01367304123142,-2.98245058448961,0.851559996675503,               1673P   3173
1.00858379166495,-2.9841701656567,0.841919141917596,                1673P   3174
1.00518751859863,-2.98531372764296,0.831789831243884,               1673P   3175
1.00178874730262,-2.98645813081027,0.821653069654366,               1673P   3176
0.999999999999999,-2.98705540624877,0.810752452764585,              1673P   3177
0.999999999999999,-2.98705540624877,0.800000000000001,0.0,1.0,      1673P   3178
0.0,0.0,0.0,0,0;                                                    1673P   3179
126,15,3,0,0,1,0,0.0,0.0,0.0,0.0,0.106838296200658,                 1675P   3180
0.106838296200658,0.106838296200658,0.320514206129914,              1675P   3181
0.320514206129914,0.320514206129914,0.544503262466551,              1675P   3182
0.544503262466551,0.544503262466551,0.772358087299012,              1675P   3183
0.772358087299012,0.772358087299012,1.0,1.0,1.0,1.0,1.0,1.0,1.0,    1675P   3184
1.0,1.0,1.0,1.0,1.0,1.0,1.0,1.0,1.0,1.0,1.0,1.0,1.0,                1675P   3185
1.00000000000001,-2.98705540624878,0.799999999999997,               1675P   3186
1.00000000000001,-2.98705540624878,0.794236501279184,               1675P   3187
0.999497197504704,-2.9872238689837,0.788449417434994,               1675P   3188
0.998506441688453,-2.98755500131908,0.782781377933204,              1675P   3189
0.996548261273979,-2.98820946818479,0.771578775073022,              1675P   3190
0.992594167518537,-2.98953018835881,0.760595053587807,              1675P   3191
0.987062707272851,-2.99135541384022,0.750805640543639,              1675P   3192
0.981266921894778,-2.99326785914163,0.740548432779097,              1675P   3193
0.973567369090328,-2.99578916647379,0.731281587426774,              1675P   3194
0.964731575161328,-2.99863185267661,0.723777803907699,              1675P   3195
0.955739280626723,-3.00152488886674,0.716141112505699,              1675P   3196
0.945306240343482,-3.00483404081206,0.710092688188192,              1675P   3197
0.934354943088961,-3.00823550280313,0.706086540446249,              1675P   3198
0.923409044960015,-3.0116352878312,0.702082367784903,               1675P   3199
0.911634929838915,-3.01522290375362,0.7,0.899999999999999,          1675P   3200
-3.01869176962472,0.7,0.0,1.0,0.0,0.0,0.0,0,0;                      1675P   3201
100,0.7,0.0,0.0,0.899999999999998,-3.01869176962472,                1677P   3202
3.01869176962472,-0.900000000000002,0,0;                            1677P   3203
126,15,3,0,0,1,0,0.0,0.0,0.0,0.0,0.173100685392375,                 1679P   3204
0.173100685392375,0.173100685392375,0.389702889168381,              1679P   3205
0.389702889168381,0.389702889168381,0.596179358510746,              1679P   3206
0.596179358510746,0.596179358510746,0.797936426693421,              1679P   3207
0.797936426693421,0.797936426693421,1.0,1.0,1.0,1.0,1.0,1.0,1.0,    1679P   3208
1.0,1.0,1.0,1.0,1.0,1.0,1.0,1.0,1.0,1.0,1.0,1.0,1.0,                1679P   3209
3.0186917696245,-0.900000000001247,0.69999999999521,                1679P   3210
3.01604039719735,-0.908892973472406,0.699999999995321,              1679P   3211
3.01332705706942,-0.917845648847591,0.701203861576387,              1679P   3212
3.01068686717148,-0.926425705516206,0.703554771564524,              1679P   3213
3.0073990912308,-0.937110279344257,0.706482312990124,               1679P   3214
3.00414927813589,-0.947460045172872,0.711273074872692,              1679P   3215
3.00121381276154,-0.956669038951995,0.717606917618907,              1679P   3216
2.99841401370875,-0.965452427196077,0.72364803364649,               1679P   3217
2.99583182369561,-0.973415877901566,0.731246360324315,              1679P   3218
2.99370396798393,-0.979916604654336,0.739888966898556,              1679P   3219
2.99162523831585,-0.986267248399051,0.748332040644943,              1679P   3220
2.98993028110878,-0.991377748609816,0.757991010978289,              1679P   3221
2.98879485710543,-0.994789074196198,0.768140442359823,              1679P   3222
2.98765846762743,-0.99820330050368,0.778298504013961,               1679P   3223
2.98705540624877,-1.0,0.789223426384341,2.98705540624877,-1.0,      1679P   3224
0.799999999999998,0.0,1.0,0.0,0.0,0.0,0,0;                          1679P   3225
126,15,3,0,0,1,0,0.0,0.0,0.0,0.0,0.1003635534986,                   1681P   3226
0.1003635534986,0.1003635534986,0.311149885059769,                  1681P   3227
0.311149885059769,0.311149885059769,0.535038545189975,              1681P   3228
0.535038545189975,0.535038545189975,0.76778871916794,               1681P   3229
0.76778871916794,0.76778871916794,1.0,1.0,1.0,1.0,1.0,1.0,1.0,      1681P   3230
1.0,1.0,1.0,1.0,1.0,1.0,1.0,1.0,1.0,1.0,1.0,1.0,1.0,                1681P   3231
2.9870554062488,-0.999999999999976,0.800000000000006,               1681P   3232
2.9870554062488,-0.999999999999976,0.805454181241444,               1681P   3233
2.98690491038281,-1.00044986536535,0.810928411962401,               1681P   3234
2.98660725417609,-1.00133765998425,0.816301615337642,               1681P   3235
2.98598966597177,-1.00317968938636,0.827450138194187,               1681P   3236
2.9847098509236,-1.0069952367532,0.838403667111252,                 1681P   3237
2.98288326525475,-1.01237711642608,0.848189524527555,               1681P   3238
2.98094496039971,-1.01808816720078,0.858573912877972,               1681P   3239
2.97833014978551,-1.02573674987105,0.867969578457886,               1681P   3240
2.97527814509727,-1.03451435915918,0.875575332243178,               1681P   3241
2.97210521566192,-1.04363974975561,0.883482436762514,               1681P   3242
2.96836182162565,-1.05426143060185,0.889710302783917,               1681P   3243
2.96437341587305,-1.06535921231534,0.893808399563077,               1681P   3244
2.96039025371259,-1.07644240367755,0.89790110853834,                1681P   3245
2.95604836075947,-1.0883168388983,0.9,2.95169442862909,-1.1,0.9,    1681P   3246
0.0,1.0,0.0,0.0,0.0,0,0;                                            1681P   3247
100,-0.9,-1.69701209606427E-016,0.0,-2.95169442862909,-1.1,-1.1,    1683P   3248
-2.95169442862909,0,0;                                              1683P   3249
102,6,1673,1675,1677,1679,1681,1683,0,0;                            1685P   3250
142,0,1657,1671,1685,3,0,0;                                         1687P   3251
144,1657,1,0,1687,0,0;                                              1689P   3252
128,1,3,1,3,0,0,0,0,0,0.0,0.0,1.0,1.0,0.0,0.0,0.0,0.0,1.0,1.0,      1691P   3253
1.0,1.0,1.0,1.0,0.917878091643861,0.917878091643861,                1691P   3254
0.917878091643861,0.917878091643861,1.0,1.0,0.882029740042313,      1691P   3255
3.02399132566231,0.920000000004499,0.882029740042313,               1691P   3256
3.02399132566231,0.679999999994368,1.93809414347523,                1691P   3257
2.71596127169915,0.920000000004499,1.93809414347523,                1691P   3258
2.71596127169915,0.679999999994368,2.71596127169915,                1691P   3259
1.93809414347523,0.920000000004499,2.71596127169915,                1691P   3260
1.93809414347523,0.679999999994368,3.02399132566231,                1691P   3261
0.882029740042315,0.920000000004499,3.02399132566231,               1691P   3262
0.882029740042315,0.679999999994368,0.0,1.0,0.0,1.0,0,0;            1691P   3263
126,8,2,1,0,1,0,0.0,0.0,0.0,0.25,0.25,0.5,0.5,0.75,0.75,1.0,1.0,    1693P   3264
1.0,1.0,1.0,1.0,1.0,1.0,1.0,1.0,1.0,1.0,0.916666666666666,          1693P   3265
0.00618027299262399,0.0,0.91666666666565,0.0129067298006222,0.0,    1693P   3266
0.88597004398202,0.0191420413163537,0.0,0.855097742859121,          1693P   3267
0.0254130378586347,0.0,0.797787473979997,0.030254358832785,0.0,     1693P   3268
0.73944219653841,0.0351831128055911,0.0,0.662677439284701,          1693P   3269
0.0378762841108308,0.0,0.584689856861432,0.0406123563223692,0.0,    1693P   3270
0.499999999997642,0.0406123563223692,0.0,0.0,1.0,0.0,0.0,1.0,0,     1693P   3271
0;                                                                  1693P   3272
126,8,2,1,0,1,0,0.0,0.0,0.0,0.25,0.25,0.5,0.5,0.75,0.75,1.0,1.0,    1695P   3273
1.0,1.0,1.0,1.0,1.0,1.0,1.0,1.0,1.0,1.0,0.499999999997609,          1695P   3274
0.0406123563223576,0.0,0.414531271298666,0.0406123563223576,0.0,    1695P   3275
0.335983719852011,0.0433963757907395,0.0,0.258925198079625,         1695P   3276
0.0461276184694468,0.0,0.200651126791088,0.0511135980749858,0.0,    1695P   3277
0.143697651749787,0.0559865863310228,0.0,0.113248054419483,         1695P   3278
0.0622879296359646,0.0,0.0833333333485613,0.0684785838273701,       1695P   3279
0.0,0.0833333333485613,0.0751594825126905,0.0,0.0,1.0,0.0,0.0,      1695P   3280
1.0,0,0;                                                            1695P   3281
126,1,1,1,0,1,0,0.0,0.0,1.0,1.0,1.0,1.0,0.0833333333485604,         1697P   3282
0.0751594825126903,0.0,0.0833333333485595,0.924840517487309,0.0,    1697P   3283
0.0,1.0,0.0,0.0,1.0,0,0;                                            1697P   3284
126,8,2,1,0,1,0,0.0,0.0,0.0,0.25,0.25,0.5,0.5,0.75,0.75,1.0,1.0,    1699P   3285
1.0,1.0,1.0,1.0,1.0,1.0,1.0,1.0,1.0,1.0,0.0833333333333337,         1699P   3286
0.924840517487627,0.0,0.0833333333340295,0.931535660838349,0.0,     1699P   3287
0.113371184751235,0.937737522089327,0.0,0.143880030286509,          1699P   3288
0.944036628650222,0.0,0.200877565731757,0.948905761081637,0.0,      1699P   3289
0.259207012250164,0.953888674773092,0.0,0.336304181952919,          1699P   3290
0.956614969453901,0.0,0.414712923554534,0.959387643677631,0.0,      1699P   3291
0.499999999997638,0.959387643677631,0.0,0.0,1.0,0.0,0.0,1.0,0,0;    1699P   3292
126,8,2,1,0,1,0,0.0,0.0,0.0,0.25,0.25,0.5,0.5,0.75,0.75,1.0,1.0,    1701P   3293
1.0,1.0,1.0,1.0,1.0,1.0,1.0,1.0,1.0,1.0,0.499999999997651,          1701P   3294
0.959387643677628,0.0,0.58486195252492,0.959387643677628,0.0,       1701P   3295
0.66298176033929,0.96213440429796,0.0,0.739691788744737,            1701P   3296
0.964831595843917,0.0,0.797976430227493,0.969761613713343,0.0,      1701P   3297
0.855272148876001,0.974607983350228,0.0,0.886096040795883,          1701P   3298
0.980883581505847,0.0,0.916666666646723,0.98710761589139,0.0,       1701P   3299
0.916666666646723,0.99381972700779,0.0,0.0,1.0,0.0,0.0,1.0,0,0;     1701P   3300
126,1,1,1,0,1,0,0.0,0.0,1.0,1.0,1.0,1.0,0.916666666646716,          1703P   3301
0.99381972700779,0.0,0.916666666646716,0.00618027299220973,0.0,     1703P   3302
0.0,1.0,0.0,0.0,1.0,0,0;                                            1703P   3303
102,6,1693,1695,1697,1699,1701,1703,0,0;                            1705P   3304
126,15,3,0,0,1,0,0.0,0.0,0.0,0.0,0.173100685392371,                 1707P   3305
0.173100685392371,0.173100685392371,0.389702889168379,              1707P   3306
0.389702889168379,0.389702889168379,0.596179358510743,              1707P   3307
0.596179358510743,0.596179358510743,0.797936426693419,              1707P   3308
0.797936426693419,0.797936426693419,1.0,1.0,1.0,1.0,1.0,1.0,1.0,    1707P   3309
1.0,1.0,1.0,1.0,1.0,1.0,1.0,1.0,1.0,1.0,1.0,1.0,1.0,                1707P   3310
0.900000000001246,3.0186917696245,0.699999999995212,                1707P   3311
0.908892973472405,3.01604039719735,0.699999999995323,               1707P   3312
0.917845648847589,3.01332705706943,0.701203861576388,               1707P   3313
0.926425705516204,3.01068686717148,0.703554771564526,               1707P   3314
0.937110279344255,3.0073990912308,0.706482312990125,                1707P   3315
0.94746004517287,3.00414927813589,0.711273074872693,                1707P   3316
0.956669038951993,3.00121381276154,0.717606917618909,               1707P   3317
0.965452427196075,2.99841401370875,0.723648033646491,               1707P   3318
0.973415877901564,2.99583182369561,0.731246360324317,               1707P   3319
0.979916604654334,2.99370396798393,0.739888966898557,               1707P   3320
0.98626724839905,2.99162523831585,0.748332040644944,                1707P   3321
0.991377748609814,2.98993028110879,0.75799101097829,                1707P   3322
0.994789074196197,2.98879485710543,0.768140442359824,               1707P   3323
0.998203300503678,2.98765846762743,0.778298504013962,               1707P   3324
0.999999999999999,2.98705540624877,0.789223426384342,               1707P   3325
0.999999999999999,2.98705540624877,0.799999999999999,0.0,1.0,       1707P   3326
0.0,0.0,0.0,0,0;                                                    1707P   3327
126,15,3,0,0,1,0,0.0,0.0,0.0,0.0,0.100363553498594,                 1709P   3328
0.100363553498594,0.100363553498594,0.311149885059766,              1709P   3329
0.311149885059766,0.311149885059766,0.535038545189976,              1709P   3330
0.535038545189976,0.535038545189976,0.767788719167943,              1709P   3331
0.767788719167943,0.767788719167943,1.0,1.0,1.0,1.0,1.0,1.0,1.0,    1709P   3332
1.0,1.0,1.0,1.0,1.0,1.0,1.0,1.0,1.0,1.0,1.0,1.0,1.0,                1709P   3333
0.999999999999975,2.98705540624881,0.800000000000007,               1709P   3334
0.999999999999975,2.98705540624881,0.805454181241444,               1709P   3335
1.00044986536535,2.98690491038281,0.810928411962401,                1709P   3336
1.00133765998425,2.98660725417609,0.816301615337642,                1709P   3337
1.00317968938636,2.98598966597177,0.827450138194187,                1709P   3338
1.0069952367532,2.9847098509236,0.838403667111252,                  1709P   3339
1.01237711642608,2.98288326525475,0.848189524527554,                1709P   3340
1.01808816720078,2.98094496039971,0.858573912877971,                1709P   3341
1.02573674987105,2.97833014978551,0.867969578457886,                1709P   3342
1.03451435915918,2.97527814509727,0.875575332243178,                1709P   3343
1.04363974975561,2.97210521566192,0.883482436762514,                1709P   3344
1.05426143060185,2.96836182162565,0.889710302783917,                1709P   3345
1.06535921231533,2.96437341587305,0.893808399563077,                1709P   3346
1.07644240367755,2.96039025371259,0.89790110853834,                 1709P   3347
1.0883168388983,2.95604836075947,0.9,1.1,2.95169442862909,0.9,      1709P   3348
0.0,1.0,0.0,0.0,0.0,0,0;                                            1709P   3349
100,-0.9,-1.69701209606427E-016,0.0,-1.1,2.95169442862909,          1711P   3350
-2.95169442862909,1.1,0,0;                                          1711P   3351
126,15,3,0,0,1,0,0.0,0.0,0.0,0.0,0.181410919315333,                 1713P   3352
0.181410919315333,0.181410919315333,0.395671498599257,              1713P   3353
0.395671498599257,0.395671498599257,0.599746070130719,              1713P   3354
0.599746070130719,0.599746070130719,0.799740999615889,              1713P   3355
0.799740999615889,0.799740999615889,1.0,1.0,1.0,1.0,1.0,1.0,1.0,    1713P   3356
1.0,1.0,1.0,1.0,1.0,1.0,1.0,1.0,1.0,1.0,1.0,1.0,1.0,                1713P   3357
2.95169442862957,1.09999999999914,0.900000000003654,                1713P   3358
2.95511140583862,1.09083102491667,0.900000000003575,                1713P   3359
2.95851347518904,1.08156709892034,0.898719856892922,                1713P   3360
2.96173276861127,1.07267842680565,0.896195278668892,                1713P   3361
2.96551997308579,1.06222171646885,0.893225343129515,                1713P   3362
2.96913791700269,1.0520516811084,0.888449428432642,                 1713P   3363
2.97232594951759,1.04296617865796,0.882140995995446,                1713P   3364
2.97536338783188,1.03430985124641,0.876130557175154,                1713P   3365
2.97808453875459,1.02643015805088,0.868577677538967,                1713P   3366
2.98028996604306,1.01998613632885,0.859981510654661,                1713P   3367
2.98245058448961,1.01367304123142,0.851559996675503,                1713P   3368
2.9841701656567,1.00858379166495,0.841919141917596,                 1713P   3369
2.98531372764296,1.00518751859863,0.831789831243883,                1713P   3370
2.98645813081027,1.00178874730262,0.821653069654366,                1713P   3371
2.98705540624877,1.0,0.810752452764585,2.98705540624877,1.0,0.8,    1713P   3372
0.0,1.0,0.0,0.0,0.0,0,0;                                            1713P   3373
126,15,3,0,0,1,0,0.0,0.0,0.0,0.0,0.106838296200663,                 1715P   3374
0.106838296200663,0.106838296200663,0.320514206129917,              1715P   3375
0.320514206129917,0.320514206129917,0.544503262466554,              1715P   3376
0.544503262466554,0.544503262466554,0.772358087299014,              1715P   3377
0.772358087299014,0.772358087299014,1.0,1.0,1.0,1.0,1.0,1.0,1.0,    1715P   3378
1.0,1.0,1.0,1.0,1.0,1.0,1.0,1.0,1.0,1.0,1.0,1.0,1.0,                1715P   3379
2.98705540624878,1.00000000000001,0.799999999999997,                1715P   3380
2.98705540624878,1.00000000000001,0.794236501279183,                1715P   3381
2.9872238689837,0.999497197504705,0.788449417434992,                1715P   3382
2.98755500131908,0.998506441688454,0.782781377933202,               1715P   3383
2.98820946818479,0.99654826127398,0.771578775073021,                1715P   3384
2.98953018835881,0.992594167518538,0.760595053587805,               1715P   3385
2.99135541384022,0.987062707272852,0.750805640543638,               1715P   3386
2.99326785914163,0.981266921894779,0.740548432779096,               1715P   3387
2.99578916647379,0.973567369090329,0.731281587426772,               1715P   3388
2.99863185267661,0.964731575161329,0.723777803907697,               1715P   3389
3.00152488886674,0.955739280626724,0.716141112505698,               1715P   3390
3.00483404081206,0.945306240343483,0.71009268818819,                1715P   3391
3.00823550280313,0.934354943088962,0.706086540446247,               1715P   3392
3.0116352878312,0.923409044960016,0.702082367784901,                1715P   3393
3.01522290375362,0.911634929838916,0.699999999999998,               1715P   3394
3.01869176962472,0.9,0.699999999999998,0.0,1.0,0.0,0.0,0.0,0,0;     1715P   3395
100,0.7,0.0,0.0,3.01869176962472,0.899999999999998,                 1717P   3396
0.899999999999998,3.01869176962472,0,0;                             1717P   3397
102,6,1707,1709,1711,1713,1715,1717,0,0;                            1719P   3398
142,0,1691,1705,1719,3,0,0;                                         1721P   3399
144,1691,1,0,1721,0,0;                                              1723P   3400
128,1,3,1,3,0,0,0,0,0,0.0,0.0,1.0,1.0,0.0,0.0,0.0,0.0,1.0,1.0,      1725P   3401
1.0,1.0,1.0,1.0,0.80473785412436,0.80473785412436,                  1725P   3402
0.80473785412436,0.80473785412436,1.0,1.0,3.33148222613137,-0.9,    1725P   3403
0.699999999999998,2.95369551255489,-0.9,0.699999999999998,          1725P   3404
3.33148222613137,-0.958578643762692,0.699999999999998,              1725P   3405
2.95369551255489,-0.958578643762692,0.699999999999998,              1725P   3406
3.33148222613137,-1.0,0.741421356237309,2.95369551255489,-1.0,      1725P   3407
0.741421356237309,3.33148222613137,-1.0,0.8,2.95369551255489,       1725P   3408
-1.0,0.8,0.0,1.0,0.0,1.0,0,0;                                       1725P   3409
126,1,1,1,0,1,0,0.0,0.0,1.0,1.0,1.0,1.0,0.0833333333333333,1.0,     1727P   3410
0.0,0.911696487740225,1.0,0.0,0.0,1.0,0.0,0.0,1.0,0,0;              1727P   3411
126,8,2,1,0,1,0,0.0,0.0,0.0,0.25,0.25,0.5,0.5,0.75,0.75,1.0,1.0,    1729P   3412
1.0,1.0,1.0,1.0,1.0,1.0,1.0,1.0,1.0,1.0,0.911696487740225,1.0,      1729P   3413
0.0,0.911696487740225,0.862745438431969,0.0,0.904694466993861,      1729P   3414
0.734845505259901,0.0,0.89848707690749,0.621460411730739,0.0,       1729P   3415
0.885505950737038,0.493492096794742,0.0,0.876591119084489,          1729P   3416
0.405609430103505,0.0,0.858365106712703,0.255842807689488,0.0,      1729P   3417
0.835976636263778,0.0718724727772685,0.0,0.82795515370485,0.0,      1729P   3418
0.0,0.0,1.0,0.0,0.0,1.0,0,0;                                        1729P   3419
126,1,1,1,0,1,0,0.0,0.0,1.0,1.0,1.0,1.0,0.82795515370429,0.0,       1731P   3420
0.0,0.0833333333333333,0.0,0.0,0.0,1.0,0.0,0.0,1.0,0,0;             1731P   3421
126,1,1,1,0,1,0,0.0,0.0,1.0,1.0,1.0,1.0,0.0833333333333333,0.0,     1733P   3422
0.0,0.0833333333333333,1.0,0.0,0.0,1.0,0.0,0.0,1.0,0,0;             1733P   3423
102,4,1727,1729,1731,1733,0,0;                                      1735P   3424
110,3.3,-1.0,0.8,2.98705540624877,-1.0,0.8,0,0;                     1737P   3425
126,15,3,0,0,1,0,0.0,0.0,0.0,0.0,0.202063573306571,                 1739P   3426
0.202063573306571,0.202063573306571,0.403820641489247,              1739P   3427
0.403820641489247,0.403820641489247,0.610297110831612,              1739P   3428
0.610297110831612,0.610297110831612,0.826899314607619,              1739P   3429
0.826899314607619,0.826899314607619,1.0,1.0,1.0,1.0,1.0,1.0,1.0,    1739P   3430
1.0,1.0,1.0,1.0,1.0,1.0,1.0,1.0,1.0,1.0,1.0,1.0,1.0,                1739P   3431
2.98705540624877,-1.0,0.799999999999998,2.98705540624877,-1.0,      1739P   3432
0.789223426384341,2.98765846762743,-0.99820330050368,               1739P   3433
0.778298504013961,2.98879485710543,-0.994789074196198,              1739P   3434
0.768140442359823,2.98993028110878,-0.991377748609816,              1739P   3435
0.757991010978289,2.99162523831585,-0.986267248399051,              1739P   3436
0.748332040644943,2.99370396798393,-0.979916604654336,              1739P   3437
0.739888966898556,2.99583182369561,-0.973415877901566,              1739P   3438
0.731246360324315,2.99841401370875,-0.965452427196077,              1739P   3439
0.72364803364649,3.00121381276154,-0.956669038951995,               1739P   3440
0.717606917618907,3.00414927813589,-0.947460045172872,              1739P   3441
0.711273074872692,3.0073990912308,-0.937110279344257,               1739P   3442
0.706482312990124,3.01068686717148,-0.926425705516206,              1739P   3443
0.703554771564524,3.01332705706942,-0.917845648847591,              1739P   3444
0.701203861576387,3.01604039719735,-0.908892973472406,              1739P   3445
0.699999999995321,3.0186917696245,-0.900000000001247,               1739P   3446
0.69999999999521,0.0,1.0,0.0,0.0,0.0,0,0;                           1739P   3447
110,3.01869176962472,-0.9,0.699999999999998,3.3,-0.9,               1741P   3448
0.699999999999998,0,0;                                              1741P   3449
100,-3.3,0.799999999999998,-0.9,0.699999999999998,-0.9,0.8,-1.0,    1743P   3450
0,0;                                                                1743P   3451
102,4,1737,1739,1741,1743,0,0;                                      1745P   3452
142,0,1725,1735,1745,3,0,0;                                         1747P   3453
144,1725,1,0,1747,0,0;                                              1749P   3454
128,1,3,1,3,0,0,0,0,0,0.0,0.0,1.0,1.0,0.0,0.0,0.0,0.0,1.0,1.0,      1751P   3455
1.0,1.0,1.0,1.0,0.804737854124365,0.804737854124365,                1751P   3456
0.804737854124365,0.804737854124365,1.0,1.0,-2.95369551255489,      1751P   3457
-0.9,0.700000000000003,-3.33148222613137,-0.9,0.700000000000003,    1751P   3458
-2.95369551255489,-0.958578643762691,0.700000000000003,             1751P   3459
-3.33148222613137,-0.958578643762691,0.700000000000003,             1751P   3460
-2.95369551255489,-1.0,0.741421356237313,-3.33148222613137,-1.0,    1751P   3461
0.741421356237313,-2.95369551255489,-1.0,0.800000000000003,         1751P   3462
-3.33148222613137,-1.0,0.800000000000003,0.0,1.0,0.0,1.0,0,0;       1751P   3463
126,1,1,1,0,1,0,0.0,0.0,1.0,1.0,1.0,1.0,0.0883035122597728,1.0,     1753P   3464
0.0,0.916666666666667,1.0,0.0,0.0,1.0,0.0,0.0,1.0,0,0;              1753P   3465
126,1,1,1,0,1,0,0.0,0.0,1.0,1.0,1.0,1.0,0.916666666666667,1.0,      1755P   3466
0.0,0.916666666666667,0.0,0.0,0.0,1.0,0.0,0.0,1.0,0,0;              1755P   3467
126,1,1,1,0,1,0,0.0,0.0,1.0,1.0,1.0,1.0,0.916666666666669,0.0,      1757P   3468
0.0,0.172044846295709,0.0,0.0,0.0,1.0,0.0,0.0,1.0,0,0;              1757P   3469
126,8,2,1,0,1,0,0.0,0.0,0.0,0.25,0.25,0.5,0.5,0.75,0.75,1.0,1.0,    1759P   3470
1.0,1.0,1.0,1.0,1.0,1.0,1.0,1.0,1.0,1.0,0.172044846295709,0.0,      1759P   3471
0.0,0.164004437956859,0.0720420477400116,0.0,0.141696332019626,     1759P   3472
0.255337973279614,0.0,0.123446875450554,0.405285756468141,0.0,      1759P   3473
0.114533771131106,0.493100630651058,0.0,0.101548588912884,          1759P   3474
0.621034973374645,0.0,0.09533276825299,0.734348516888747,0.0,       1759P   3475
0.0883035122597969,0.862490873053511,0.0,0.0883035122597969,1.0,    1759P   3476
0.0,0.0,1.0,0.0,0.0,1.0,0,0;                                        1759P   3477
102,4,1753,1755,1757,1759,0,0;                                      1761P   3478
110,-2.98705540624877,-1.0,0.800000000000003,-3.3,-1.0,             1763P   3479
0.800000000000003,0,0;                                              1763P   3480
100,-3.3,-0.800000000000003,-0.9,-0.800000000000003,-1.0,           1765P   3481
-0.700000000000004,-0.9,0,0;                                        1765P   3482
110,-3.3,-0.9,0.700000000000003,-3.01869176962472,-0.9,             1767P   3483
0.700000000000003,0,0;                                              1767P   3484
126,15,3,0,0,1,0,0.0,0.0,0.0,0.0,0.227641912700987,                 1769P   3485
0.227641912700987,0.227641912700987,0.455496737533446,              1769P   3486
0.455496737533446,0.455496737533446,0.679485793870081,              1769P   3487
0.679485793870081,0.679485793870081,0.893161703799334,              1769P   3488
0.893161703799334,0.893161703799334,1.0,1.0,1.0,1.0,1.0,1.0,1.0,    1769P   3489
1.0,1.0,1.0,1.0,1.0,1.0,1.0,1.0,1.0,1.0,1.0,1.0,1.0,                1769P   3490
-3.01869176962472,-0.9,0.700000000000003,-3.01522290375362,         1769P   3491
-0.911634929838917,0.700000000000003,-3.0116352878312,              1769P   3492
-0.923409044960017,0.702082367784906,-3.00823550280313,             1769P   3493
-0.934354943088963,0.706086540446252,-3.00483404081205,             1769P   3494
-0.945306240343483,0.710092688188195,-3.00152488886674,             1769P   3495
-0.955739280626724,0.716141112505702,-2.99863185267661,             1769P   3496
-0.964731575161329,0.723777803907702,-2.99578916647379,             1769P   3497
-0.973567369090329,0.731281587426777,-2.99326785914163,             1769P   3498
-0.981266921894779,0.7405484327791,-2.99135541384022,               1769P   3499
-0.987062707272852,0.750805640543642,-2.98953018835881,             1769P   3500
-0.992594167518538,0.76059505358781,-2.98820946818479,              1769P   3501
-0.99654826127398,0.771578775073025,-2.98755500131908,              1769P   3502
-0.998506441688454,0.782781377933207,-2.9872238689837,              1769P   3503
-0.999497197504705,0.788449417434997,-2.98705540624878,             1769P   3504
-1.00000000000001,0.794236501279187,-2.98705540624878,              1769P   3505
-1.00000000000001,0.800000000000001,0.0,1.0,0.0,0.0,0.0,0,0;        1769P   3506
102,4,1763,1765,1767,1769,0,0;                                      1771P   3507
142,0,1751,1761,1771,3,0,0;                                         1773P   3508
144,1751,1,0,1773,0,0;                                              1775P   3509
128,3,1,3,1,0,0,0,0,0,0.0,0.0,0.0,0.0,1.0,1.0,1.0,1.0,0.0,0.0,      1777P   3510
1.0,1.0,1.0,0.804737854124365,0.804737854124365,1.0,1.0,            1777P   3511
0.804737854124365,0.804737854124365,1.0,3.33503954047991,-1.1,      1777P   3512
0.9,3.33503954047991,-1.04142135623731,0.9,3.33503954047991,        1777P   3513
-1.0,0.858578643762691,3.33503954047991,-1.0,0.8,                   1777P   3514
2.91456505472095,-1.1,0.9,2.91456505472095,-1.04142135623731,       1777P   3515
0.9,2.91456505472095,-1.0,0.858578643762691,2.91456505472095,       1777P   3516
-1.0,0.8,0.0,1.0,0.0,1.0,0,0;                                       1777P   3517
126,1,1,1,0,1,0,0.0,0.0,1.0,1.0,1.0,1.0,0.0,0.911696487740225,      1779P   3518
0.0,0.0,0.0833333333333331,0.0,0.0,1.0,0.0,0.0,1.0,0,0;             1779P   3519
126,1,1,1,0,1,0,0.0,0.0,1.0,1.0,1.0,1.0,0.0,0.0833333333333331,     1781P   3520
0.0,1.0,0.0833333333333331,0.0,0.0,1.0,0.0,0.0,1.0,0,0;             1781P   3521
126,1,1,1,0,1,0,0.0,0.0,1.0,1.0,1.0,1.0,1.0,0.0833333333333331,     1783P   3522
0.0,1.0,0.827598691518764,0.0,0.0,1.0,0.0,0.0,1.0,0,0;              1783P   3523
126,8,2,1,0,1,0,0.0,0.0,0.0,0.25,0.25,0.5,0.5,0.75,0.75,1.0,1.0,    1785P   3524
1.0,1.0,1.0,1.0,1.0,1.0,1.0,1.0,1.0,1.0,1.0,0.827598691518681,      1785P   3525
0.0,0.860472801664723,0.827598691518681,0.0,0.732658352492395,      1785P   3526
0.834055613403677,0.0,0.615482548719759,0.839975092904397,0.0,      1785P   3527
0.490249407948295,0.852247046611859,0.0,0.39024218735861,           1785P   3528
0.86204704023917,0.0,0.252692271958927,0.879352078705917,0.0,       1785P   3529
0.126311279392895,0.895251964441694,0.0,0.0,0.911696487740225,      1785P   3530
0.0,0.0,1.0,0.0,0.0,1.0,0,0;                                        1785P   3531
102,4,1779,1781,1783,1785,0,0;                                      1787P   3532
110,2.95169442862909,-1.1,0.9,3.3,-1.1,0.9,0,0;                     1789P   3533
100,-3.3,0.8,-1.1,0.9,-1.1,0.8,-1.0,0,0;                            1791P   3534
110,3.3,-1.0,0.8,2.98705540624877,-1.0,0.8,0,0;                     1793P   3535
126,15,3,0,0,1,0,0.0,0.0,0.0,0.0,0.10036355349862,                  1795P   3536
0.10036355349862,0.10036355349862,0.311149885059785,                1795P   3537
0.311149885059785,0.311149885059785,0.535038545189985,              1795P   3538
0.535038545189985,0.535038545189985,0.767788719167944,              1795P   3539
0.767788719167944,0.767788719167944,1.0,1.0,1.0,1.0,1.0,1.0,1.0,    1795P   3540
1.0,1.0,1.0,1.0,1.0,1.0,1.0,1.0,1.0,1.0,1.0,1.0,1.0,                1795P   3541
2.9870554062488,-0.999999999999976,0.800000000000006,               1795P   3542
2.9870554062488,-0.999999999999976,0.805454181241444,               1795P   3543
2.98690491038281,-1.00044986536535,0.810928411962401,               1795P   3544
2.98660725417609,-1.00133765998425,0.816301615337642,               1795P   3545
2.98598966597177,-1.00317968938636,0.827450138194187,               1795P   3546
2.9847098509236,-1.0069952367532,0.838403667111252,                 1795P   3547
2.98288326525475,-1.01237711642608,0.848189524527555,               1795P   3548
2.98094496039971,-1.01808816720078,0.858573912877972,               1795P   3549
2.97833014978551,-1.02573674987105,0.867969578457886,               1795P   3550
2.97527814509727,-1.03451435915918,0.875575332243178,               1795P   3551
2.97210521566192,-1.04363974975561,0.883482436762514,               1795P   3552
2.96836182162565,-1.05426143060185,0.889710302783917,               1795P   3553
2.96437341587305,-1.06535921231534,0.893808399563077,               1795P   3554
2.96039025371259,-1.07644240367755,0.89790110853834,                1795P   3555
2.95604836075947,-1.0883168388983,0.9,2.95169442862909,-1.1,0.9,    1795P   3556
0.0,1.0,0.0,0.0,0.0,0,0;                                            1795P   3557
102,4,1789,1791,1793,1795,0,0;                                      1797P   3558
142,0,1777,1787,1797,3,0,0;                                         1799P   3559
144,1777,1,0,1799,0,0;                                              1801P   3560
128,1,3,1,3,0,0,0,0,0,0.0,0.0,1.0,1.0,0.0,0.0,0.0,0.0,1.0,1.0,      1803P   3561
1.0,1.0,1.0,1.0,0.804737854124364,0.804737854124364,                1803P   3562
0.804737854124364,0.804737854124364,1.0,1.0,-2.95369551255489,      1803P   3563
1.0,0.800000000000003,-3.33148222613137,1.0,0.800000000000004,      1803P   3564
-2.95369551255489,1.0,0.741421356237313,-3.33148222613137,1.0,      1803P   3565
0.741421356237313,-2.95369551255489,0.95857864376269,               1803P   3566
0.700000000000003,-3.33148222613137,0.95857864376269,               1803P   3567
0.700000000000003,-2.95369551255489,0.899999999999999,              1803P   3568
0.700000000000003,-3.33148222613137,0.899999999999999,              1803P   3569
0.700000000000004,0.0,1.0,0.0,1.0,0,0;                              1803P   3570
126,1,1,1,0,1,0,0.0,0.0,1.0,1.0,1.0,1.0,0.172044846295707,1.0,      1805P   3571
0.0,0.916666666666667,1.0,0.0,0.0,1.0,0.0,0.0,1.0,0,0;              1805P   3572
126,1,1,1,0,1,0,0.0,0.0,1.0,1.0,1.0,1.0,0.916666666666667,1.0,      1807P   3573
0.0,0.916666666666667,0.0,0.0,0.0,1.0,0.0,0.0,1.0,0,0;              1807P   3574
126,1,1,1,0,1,0,0.0,0.0,1.0,1.0,1.0,1.0,0.916666666666669,0.0,      1809P   3575
0.0,0.0883035122597717,0.0,0.0,0.0,1.0,0.0,0.0,1.0,0,0;             1809P   3576
126,8,2,1,0,1,0,0.0,0.0,0.0,0.25,0.25,0.5,0.5,0.75,0.75,1.0,1.0,    1811P   3577
1.0,1.0,1.0,1.0,1.0,1.0,1.0,1.0,1.0,1.0,0.0883035122597728,0.0,     1811P   3578
0.0,0.0883035122597728,0.137254561568099,0.0,0.0953055330061329,    1811P   3579
0.265154494740086,0.0,0.1015129230925,0.378539588269202,0.0,        1811P   3580
0.114494049262958,0.50650790320525,0.0,0.123408880915499,           1811P   3581
0.594390569896398,0.0,0.141634893287295,0.744157192310506,0.0,      1811P   3582
0.164023363736204,0.92812752722259,0.0,0.172044846295147,1.0,       1811P   3583
0.0,0.0,1.0,0.0,0.0,1.0,0,0;                                        1811P   3584
102,4,1805,1807,1809,1811,0,0;                                      1813P   3585
110,-3.01869176962472,0.9,0.700000000000003,-3.3,0.9,               1815P   3586
0.700000000000003,0,0;                                              1815P   3587
100,-3.3,-0.800000000000003,0.9,-0.700000000000004,                 1817P   3588
0.899999999999999,-0.800000000000004,1.0,0,0;                       1817P   3589
110,-3.3,1.0,0.800000000000004,-2.98705540624877,1.0,               1819P   3590
0.800000000000003,0,0;                                              1819P   3591
126,15,3,0,0,1,0,0.0,0.0,0.0,0.0,0.20206357330658,                  1821P   3592
0.20206357330658,0.20206357330658,0.403820641489254,                1821P   3593
0.403820641489254,0.403820641489254,0.610297110831616,              1821P   3594
0.610297110831616,0.610297110831616,0.826899314607621,              1821P   3595
0.826899314607621,0.826899314607621,1.0,1.0,1.0,1.0,1.0,1.0,1.0,    1821P   3596
1.0,1.0,1.0,1.0,1.0,1.0,1.0,1.0,1.0,1.0,1.0,1.0,1.0,                1821P   3597
-2.98705540624877,1.0,0.800000000000003,-2.98705540624877,1.0,      1821P   3598
0.789223426384346,-2.98765846762743,0.998203300503679,              1821P   3599
0.778298504013966,-2.98879485710543,0.994789074196198,              1821P   3600
0.768140442359828,-2.98993028110878,0.991377748609815,              1821P   3601
0.757991010978294,-2.99162523831585,0.986267248399051,              1821P   3602
0.748332040644948,-2.99370396798393,0.979916604654335,              1821P   3603
0.739888966898561,-2.99583182369561,0.973415877901566,              1821P   3604
0.73124636032432,-2.99841401370875,0.965452427196076,               1821P   3605
0.723648033646495,-3.00121381276154,0.956669038951995,              1821P   3606
0.717606917618912,-3.00414927813589,0.947460045172872,              1821P   3607
0.711273074872697,-3.0073990912308,0.937110279344256,               1821P   3608
0.706482312990128,-3.01068686717148,0.926425705516206,              1821P   3609
0.703554771564529,-3.01332705706942,0.91784564884759,               1821P   3610
0.701203861576391,-3.01604039719735,0.908892973472406,              1821P   3611
0.699999999995326,-3.0186917696245,0.900000000001246,               1821P   3612
0.699999999995215,0.0,1.0,0.0,0.0,0.0,0,0;                          1821P   3613
102,4,1815,1817,1819,1821,0,0;                                      1823P   3614
142,0,1803,1813,1823,3,0,0;                                         1825P   3615
144,1803,1,0,1825,0,0;                                              1827P   3616
128,3,1,3,1,0,0,0,0,0,0.0,0.0,0.0,0.0,1.0,1.0,1.0,1.0,0.0,0.0,      1829P   3617
1.0,1.0,1.0,0.804737854124365,0.804737854124365,1.0,1.0,            1829P   3618
0.804737854124365,0.804737854124365,1.0,-3.33503954047991,-1.0,     1829P   3619
1.5,-3.33503954047991,-1.0,1.55857864376269,-3.33503954047991,      1829P   3620
-1.04142135623731,1.6,-3.33503954047991,-1.1,1.6,                   1829P   3621
-2.91456505472095,-1.0,1.5,-2.91456505472095,-1.0,                  1829P   3622
1.55857864376269,-2.91456505472095,-1.04142135623731,1.6,           1829P   3623
-2.91456505472095,-1.1,1.6,0.0,1.0,0.0,1.0,0,0;                     1829P   3624
126,8,2,1,0,1,0,0.0,0.0,0.0,0.25,0.25,0.5,0.5,0.75,0.75,1.0,1.0,    1831P   3625
1.0,1.0,1.0,1.0,1.0,1.0,1.0,1.0,1.0,1.0,1.0,0.911696487739082,      1831P   3626
0.0,0.873362080629625,0.895823436948818,0.0,0.746808775195817,      1831P   3627
0.879289313215585,0.0,0.629778387958317,0.863999353806781,0.0,      1831P   3628
0.509279207273098,0.852200873001358,0.0,0.384039626473531,          1831P   3629
0.839938243647861,0.0,0.266817973194185,0.83402918691472,0.0,       1831P   3630
0.139252215111125,0.827598691518765,0.0,0.0,0.827598691518765,      1831P   3631
0.0,0.0,1.0,0.0,0.0,1.0,0,0;                                        1831P   3632
126,1,1,1,0,1,0,0.0,0.0,1.0,1.0,1.0,1.0,0.0,0.827598691518765,      1833P   3633
0.0,0.0,0.0833333333333331,0.0,0.0,1.0,0.0,0.0,1.0,0,0;             1833P   3634
126,1,1,1,0,1,0,0.0,0.0,1.0,1.0,1.0,1.0,0.0,0.0833333333333331,     1835P   3635
0.0,1.0,0.0833333333333331,0.0,0.0,1.0,0.0,0.0,1.0,0,0;             1835P   3636
126,1,1,1,0,1,0,0.0,0.0,1.0,1.0,1.0,1.0,1.0,0.0833333333333331,     1837P   3637
0.0,1.0,0.911696487740225,0.0,0.0,1.0,0.0,0.0,1.0,0,0;              1837P   3638
102,4,1831,1833,1835,1837,0,0;                                      1839P   3639
126,15,3,0,0,1,0,0.0,0.0,0.0,0.0,0.181410919317001,                 1841P   3640
0.181410919317001,0.181410919317001,0.395671498600488,              1841P   3641
0.395671498600488,0.395671498600488,0.599746070131535,              1841P   3642
0.599746070131535,0.599746070131535,0.799740999616296,              1841P   3643
0.799740999616296,0.799740999616296,1.0,1.0,1.0,1.0,1.0,1.0,1.0,    1841P   3644
1.0,1.0,1.0,1.0,1.0,1.0,1.0,1.0,1.0,1.0,1.0,1.0,1.0,                1841P   3645
-2.95169442862957,-1.09999999999914,1.60000000000365,               1841P   3646
-2.95511140583862,-1.09083102491667,1.60000000000358,               1841P   3647
-2.95851347518904,-1.08156709892034,1.59871985689292,               1841P   3648
-2.96173276861127,-1.07267842680565,1.59619527866889,               1841P   3649
-2.96551997308579,-1.06222171646885,1.59322534312952,               1841P   3650
-2.96913791700269,-1.0520516811084,1.58844942843264,                1841P   3651
-2.97232594951759,-1.04296617865796,1.58214099599545,               1841P   3652
-2.97536338783188,-1.03430985124641,1.57613055717515,               1841P   3653
-2.97808453875459,-1.02643015805088,1.56857767753897,               1841P   3654
-2.98028996604306,-1.01998613632885,1.55998151065466,               1841P   3655
-2.98245058448961,-1.01367304123142,1.5515599966755,                1841P   3656
-2.9841701656567,-1.00858379166495,1.5419191419176,                 1841P   3657
-2.98531372764296,-1.00518751859863,1.53178983124388,               1841P   3658
-2.98645813081027,-1.00178874730262,1.52165306965437,               1841P   3659
-2.98705540624877,-1.0,1.51075245276458,-2.98705540624877,-1.0,     1841P   3660
1.5,0.0,1.0,0.0,0.0,0.0,0,0;                                        1841P   3661
110,-2.98705540624877,-1.0,1.5,-3.3,-1.0,1.5,0,0;                   1843P   3662
100,-3.3,-1.5,-1.1,-1.5,-1.0,-1.6,-1.1,0,0;                         1845P   3663
110,-3.3,-1.1,1.6,-2.95169442862909,-1.1,1.6,0,0;                   1847P   3664
102,4,1841,1843,1845,1847,0,0;                                      1849P   3665
142,0,1829,1839,1849,3,0,0;                                         1851P   3666
144,1829,1,0,1851,0,0;                                              1853P   3667
128,3,1,3,1,0,0,0,0,0,0.0,0.0,0.0,0.0,1.0,1.0,1.0,1.0,0.0,0.0,      1855P   3668
1.0,1.0,1.0,0.804737854124365,0.804737854124365,1.0,1.0,            1855P   3669
0.804737854124365,0.804737854124365,1.0,-3.33503954047991,1.1,      1855P   3670
1.6,-3.33503954047991,1.04142135623731,1.6,-3.33503954047991,       1855P   3671
0.999999999999999,1.55857864376269,-3.33503954047991,               1855P   3672
0.999999999999999,1.5,-2.91456505472095,1.1,1.6,                    1855P   3673
-2.91456505472095,1.04142135623731,1.6,-2.91456505472095,           1855P   3674
0.999999999999999,1.55857864376269,-2.91456505472095,               1855P   3675
0.999999999999999,1.5,0.0,1.0,0.0,1.0,0,0;                          1855P   3676
126,8,2,1,0,1,0,0.0,0.0,0.0,0.25,0.25,0.5,0.5,0.75,0.75,1.0,1.0,    1857P   3677
1.0,1.0,1.0,1.0,1.0,1.0,1.0,1.0,1.0,1.0,1.0,0.827598691518679,      1857P   3678
0.0,0.860472801664779,0.827598691518679,0.0,0.732658352492395,      1857P   3679
0.834055613403677,0.0,0.615482548719803,0.839975092904395,0.0,      1857P   3680
0.490249407948297,0.85224704661186,0.0,0.39024218735856,            1857P   3681
0.862047040239176,0.0,0.252692271958932,0.879352078705917,0.0,      1857P   3682
0.126311279392899,0.895251964441695,0.0,0.0,0.911696487740224,      1857P   3683
0.0,0.0,1.0,0.0,0.0,1.0,0,0;                                        1857P   3684
126,1,1,1,0,1,0,0.0,0.0,1.0,1.0,1.0,1.0,0.0,0.911696487740225,      1859P   3685
0.0,0.0,0.0833333333333349,0.0,0.0,1.0,0.0,0.0,1.0,0,0;             1859P   3686
126,1,1,1,0,1,0,0.0,0.0,1.0,1.0,1.0,1.0,0.0,0.0833333333333338,     1861P   3687
0.0,1.0,0.0833333333333338,0.0,0.0,1.0,0.0,0.0,1.0,0,0;             1861P   3688
126,1,1,1,0,1,0,0.0,0.0,1.0,1.0,1.0,1.0,1.0,0.0833333333333339,     1863P   3689
0.0,1.0,0.827598691518763,0.0,0.0,1.0,0.0,0.0,1.0,0,0;              1863P   3690
102,4,1857,1859,1861,1863,0,0;                                      1865P   3691
126,15,3,0,0,1,0,0.0,0.0,0.0,0.0,0.100363553498624,                 1867P   3692
0.100363553498624,0.100363553498624,0.311149885059787,              1867P   3693
0.311149885059787,0.311149885059787,0.535038545189987,              1867P   3694
0.535038545189987,0.535038545189987,0.767788719167946,              1867P   3695
0.767788719167946,0.767788719167946,1.0,1.0,1.0,1.0,1.0,1.0,1.0,    1867P   3696
1.0,1.0,1.0,1.0,1.0,1.0,1.0,1.0,1.0,1.0,1.0,1.0,1.0,                1867P   3697
-2.98705540624881,0.999999999999975,1.50000000000001,               1867P   3698
-2.98705540624881,0.999999999999975,1.50545418124144,               1867P   3699
-2.98690491038281,1.00044986536535,1.5109284119624,                 1867P   3700
-2.98660725417609,1.00133765998425,1.51630161533764,                1867P   3701
-2.98598966597177,1.00317968938636,1.52745013819419,                1867P   3702
-2.9847098509236,1.0069952367532,1.53840366711125,                  1867P   3703
-2.98288326525475,1.01237711642608,1.54818952452755,                1867P   3704
-2.98094496039971,1.01808816720078,1.55857391287797,                1867P   3705
-2.97833014978551,1.02573674987105,1.56796957845789,                1867P   3706
-2.97527814509727,1.03451435915918,1.57557533224318,                1867P   3707
-2.97210521566192,1.04363974975561,1.58348243676251,                1867P   3708
-2.96836182162565,1.05426143060185,1.58971030278392,                1867P   3709
-2.96437341587305,1.06535921231533,1.59380839956308,                1867P   3710
-2.96039025371259,1.07644240367755,1.59790110853834,                1867P   3711
-2.95604836075947,1.0883168388983,1.6,-2.95169442862909,1.1,1.6,    1867P   3712
0.0,1.0,0.0,0.0,0.0,0,0;                                            1867P   3713
110,-2.95169442862909,1.1,1.6,-3.3,1.1,1.6,0,0;                     1869P   3714
100,-3.3,-1.5,1.1,-1.6,1.1,-1.5,0.999999999999999,0,0;              1871P   3715
110,-3.3,0.999999999999999,1.5,-2.98705540624877,                   1873P   3716
0.999999999999999,1.5,0,0;                                          1873P   3717
102,4,1867,1869,1871,1873,0,0;                                      1875P   3718
142,0,1855,1865,1875,3,0,0;                                         1877P   3719
144,1855,1,0,1877,0,0;                                              1879P   3720
128,1,3,1,3,0,0,0,0,0,0.0,0.0,1.0,1.0,0.0,0.0,0.0,0.0,1.0,1.0,      1881P   3721
1.0,1.0,1.0,1.0,0.804737854124361,0.804737854124361,                1881P   3722
0.804737854124361,0.804737854124361,1.0,1.0,3.33148222613137,       1881P   3723
1.0,0.8,2.95369551255489,1.0,0.8,3.33148222613137,1.0,              1881P   3724
0.741421356237309,2.95369551255489,1.0,0.741421356237309,           1881P   3725
3.33148222613137,0.958578643762691,0.699999999999998,               1881P   3726
2.95369551255489,0.958578643762691,0.699999999999998,               1881P   3727
3.33148222613137,0.9,0.699999999999998,2.95369551255489,0.9,        1881P   3728
0.699999999999999,0.0,1.0,0.0,1.0,0,0;                              1881P   3729
126,1,1,1,0,1,0,0.0,0.0,1.0,1.0,1.0,1.0,0.0833333333333324,1.0,     1883P   3730
0.0,0.827955153704288,1.0,0.0,0.0,1.0,0.0,0.0,1.0,0,0;              1883P   3731
126,8,2,1,0,1,0,0.0,0.0,0.0,0.25,0.25,0.5,0.5,0.75,0.75,1.0,1.0,    1885P   3732
1.0,1.0,1.0,1.0,1.0,1.0,1.0,1.0,1.0,1.0,0.827955153704289,1.0,      1885P   3733
0.0,0.83599556204312,0.927957952260164,0.0,0.858303667980373,       1885P   3734
0.744662026720391,0.0,0.876553124549466,0.594714243531695,0.0,      1885P   3735
0.885466228868897,0.506899369348947,0.0,0.89845141108711,           1885P   3736
0.378965026625449,0.0,0.904667231747009,0.265651483111257,0.0,      1885P   3737
0.911696487740203,0.13750912694648,0.0,0.911696487740203,0.0,       1885P   3738
0.0,0.0,1.0,0.0,0.0,1.0,0,0;                                        1885P   3739
126,1,1,1,0,1,0,0.0,0.0,1.0,1.0,1.0,1.0,0.911696487740225,0.0,      1887P   3740
0.0,0.0833333333333324,0.0,0.0,0.0,1.0,0.0,0.0,1.0,0,0;             1887P   3741
126,1,1,1,0,1,0,0.0,0.0,1.0,1.0,1.0,1.0,0.0833333333333324,0.0,     1889P   3742
0.0,0.0833333333333324,1.0,0.0,0.0,1.0,0.0,0.0,1.0,0,0;             1889P   3743
102,4,1883,1885,1887,1889,0,0;                                      1891P   3744
110,3.3,0.9,0.699999999999998,3.01869176962472,0.9,                 1893P   3745
0.699999999999998,0,0;                                              1893P   3746
126,15,3,0,0,1,0,0.0,0.0,0.0,0.0,0.227641912700985,                 1895P   3747
0.227641912700985,0.227641912700985,0.455496737533442,              1895P   3748
0.455496737533442,0.455496737533442,0.679485793870075,              1895P   3749
0.679485793870075,0.679485793870075,0.893161703799326,              1895P   3750
0.893161703799326,0.893161703799326,1.0,1.0,1.0,1.0,1.0,1.0,1.0,    1895P   3751
1.0,1.0,1.0,1.0,1.0,1.0,1.0,1.0,1.0,1.0,1.0,1.0,1.0,                1895P   3752
3.01869176962472,0.9,0.699999999999998,3.01522290375362,            1895P   3753
0.911634929838916,0.699999999999998,3.0116352878312,                1895P   3754
0.923409044960016,0.702082367784901,3.00823550280313,               1895P   3755
0.934354943088962,0.706086540446247,3.00483404081206,               1895P   3756
0.945306240343483,0.71009268818819,3.00152488886674,                1895P   3757
0.955739280626724,0.716141112505698,2.99863185267661,               1895P   3758
0.964731575161329,0.723777803907697,2.99578916647379,               1895P   3759
0.973567369090329,0.731281587426772,2.99326785914163,               1895P   3760
0.981266921894779,0.740548432779096,2.99135541384022,               1895P   3761
0.987062707272852,0.750805640543638,2.98953018835881,               1895P   3762
0.992594167518538,0.760595053587805,2.98820946818479,               1895P   3763
0.99654826127398,0.771578775073021,2.98755500131908,                1895P   3764
0.998506441688454,0.782781377933202,2.9872238689837,                1895P   3765
0.999497197504705,0.788449417434992,2.98705540624878,               1895P   3766
1.00000000000001,0.794236501279183,2.98705540624878,                1895P   3767
1.00000000000001,0.799999999999997,0.0,1.0,0.0,0.0,0.0,0,0;         1895P   3768
110,2.98705540624877,1.0,0.8,3.3,1.0,0.8,0,0;                       1897P   3769
100,-3.3,0.799999999999998,0.9,0.8,1.0,0.699999999999998,0.9,0,     1899P   3770
0;                                                                  1899P   3771
102,4,1893,1895,1897,1899,0,0;                                      1901P   3772
142,0,1881,1891,1901,3,0,0;                                         1903P   3773
144,1881,1,0,1903,0,0;                                              1905P   3774
128,3,1,3,1,0,0,0,0,0,0.0,0.0,0.0,0.0,1.0,1.0,1.0,1.0,0.0,0.0,      1907P   3775
1.0,1.0,1.0,0.804737854124364,0.804737854124364,1.0,1.0,            1907P   3776
0.804737854124364,0.804737854124364,1.0,2.91456505472095,1.1,       1907P   3777
0.9,2.91456505472095,1.04142135623731,0.9,2.91456505472095,1.0,     1907P   3778
0.858578643762691,2.91456505472095,1.0,0.8,3.33503954047991,1.1,    1907P   3779
0.9,3.33503954047991,1.04142135623731,0.9,3.33503954047991,1.0,     1907P   3780
0.858578643762691,3.33503954047991,1.0,0.8,0.0,1.0,0.0,1.0,0,0;     1907P   3781
126,1,1,1,0,1,0,0.0,0.0,1.0,1.0,1.0,1.0,1.0,0.172401308481236,      1909P   3782
0.0,1.0,0.916666666666667,0.0,0.0,1.0,0.0,0.0,1.0,0,0;              1909P   3783
126,1,1,1,0,1,0,0.0,0.0,1.0,1.0,1.0,1.0,1.0,0.916666666666667,      1911P   3784
0.0,0.0,0.916666666666667,0.0,0.0,1.0,0.0,0.0,1.0,0,0;              1911P   3785
126,1,1,1,0,1,0,0.0,0.0,1.0,1.0,1.0,1.0,0.0,0.916666666666667,      1913P   3786
0.0,0.0,0.0883035122597746,0.0,0.0,1.0,0.0,0.0,1.0,0,0;             1913P   3787
126,8,2,1,0,1,0,0.0,0.0,0.0,0.25,0.25,0.5,0.5,0.75,0.75,1.0,1.0,    1915P   3788
1.0,1.0,1.0,1.0,1.0,1.0,1.0,1.0,1.0,1.0,0.0,0.0883035122609174,     1915P   3789
0.0,0.126637919370377,0.104176563051181,0.0,0.253191224804185,      1915P   3790
0.120710686784413,0.0,0.370221612041767,0.136000646193228,0.0,      1915P   3791
0.490720792726899,0.147799126998642,0.0,0.615960373526407,          1915P   3792
0.160061756352133,0.0,0.733182026805817,0.165970813085278,0.0,      1915P   3793
0.860747784888944,0.172401308481236,0.0,1.0,0.172401308481236,      1915P   3794
0.0,0.0,1.0,0.0,0.0,1.0,0,0;                                        1915P   3795
102,4,1909,1911,1913,1915,0,0;                                      1917P   3796
110,2.98705540624877,1.0,0.8,3.3,1.0,0.8,0,0;                       1919P   3797
100,-3.3,0.8,1.1,0.8,1.0,0.9,1.1,0,0;                               1921P   3798
110,3.3,1.1,0.9,2.95169442862909,1.1,0.9,0,0;                       1923P   3799
126,15,3,0,0,1,0,0.0,0.0,0.0,0.0,0.181410919317005,                 1925P   3800
0.181410919317005,0.181410919317005,0.395671498600492,              1925P   3801
0.395671498600492,0.395671498600492,0.599746070131536,              1925P   3802
0.599746070131536,0.599746070131536,0.799740999616297,              1925P   3803
0.799740999616297,0.799740999616297,1.0,1.0,1.0,1.0,1.0,1.0,1.0,    1925P   3804
1.0,1.0,1.0,1.0,1.0,1.0,1.0,1.0,1.0,1.0,1.0,1.0,1.0,                1925P   3805
2.95169442862957,1.09999999999914,0.900000000003654,                1925P   3806
2.95511140583862,1.09083102491667,0.900000000003575,                1925P   3807
2.95851347518904,1.08156709892034,0.898719856892922,                1925P   3808
2.96173276861127,1.07267842680565,0.896195278668892,                1925P   3809
2.96551997308579,1.06222171646885,0.893225343129515,                1925P   3810
2.96913791700269,1.0520516811084,0.888449428432642,                 1925P   3811
2.97232594951759,1.04296617865796,0.882140995995446,                1925P   3812
2.97536338783188,1.03430985124641,0.876130557175154,                1925P   3813
2.97808453875459,1.02643015805088,0.868577677538967,                1925P   3814
2.98028996604306,1.01998613632885,0.859981510654661,                1925P   3815
2.98245058448961,1.01367304123142,0.851559996675503,                1925P   3816
2.9841701656567,1.00858379166495,0.841919141917596,                 1925P   3817
2.98531372764296,1.00518751859863,0.831789831243883,                1925P   3818
2.98645813081027,1.00178874730262,0.821653069654366,                1925P   3819
2.98705540624877,1.0,0.810752452764585,2.98705540624877,1.0,0.8,    1925P   3820
0.0,1.0,0.0,0.0,0.0,0,0;                                            1925P   3821
102,4,1919,1921,1923,1925,0,0;                                      1927P   3822
142,0,1907,1917,1927,3,0,0;                                         1929P   3823
144,1907,1,0,1929,0,0;                                              1931P   3824
S      1G      7D   1932P   3824                                        T      1
